Id,CommentBody,CreatedDate,IsPublished,ParentId
00aegqeVV7P7bgGQ3G,The request was confirmed and routed to the appropriate queue.,2024-06-25T10:12:16Z,0,500Tnu0wBgU8NzLIW2
00apc1tvhzYIMC5AVW,Configuration details reviewed; follow-up information requested.,2021-03-07T04:31:23Z,1,500FuEZPTaNsDUoAM3
00aPdAaYyn7Z7vpAKT,Configuration details reviewed; follow-up information requested.,2022-04-02T01:49:53Z,1,500urOVL14ApOafY8L
00aXgCYeNHpAPTkIPP,Service team reproduced the issue in a synthetic test environment.,2021-06-16T15:27:45Z,1,500rQfSUaGaZ2ByY1E
00aC1diYn8K6Sj5YSU,Configuration details reviewed; follow-up information requested.,2025-04-28T21:53:26Z,1,500bY6xSiZB7CNJIIJ
00ahqlirJCvK9BZYHQ,Resolution steps shared and validation is pending.,2022-03-11T02:01:18Z,1,500IEqkwsVny63dQ0B
00aDdBxJPyxyzChQO2,The request was confirmed and routed to the appropriate queue.,2025-06-17T11:13:57Z,1,500TvBgkGMg0SsWAK9
00aFJI3lwWUFpElQA9,Resolution steps shared and validation is pending.,2026-05-05T16:29:24Z,1,500qiqpT7ybCR2nI86
00aN91AdlWJymdHAEM,Resolution steps shared and validation is pending.,2024-11-30T07:31:02Z,1,500YH0KPffLgtEjYQM
00amtpnXhJE79iXYR3,Service team reproduced the issue in a synthetic test environment.,2021-03-03T18:15:18Z,1,500zBoDReiWPinIQIK
00anCRpZjeX0JoKIUA,Service team reproduced the issue in a synthetic test environment.,2026-01-16T10:17:24Z,1,5007ln1a55ffqmbQSA
00aECwU4gQ5G7WcAI8,Service team reproduced the issue in a synthetic test environment.,2022-01-06T20:19:19Z,0,500vVrWMsYQA8PzQ5A
00aq744usCrfTHFY0V,Resolution steps shared and validation is pending.,2025-06-12T06:18:02Z,0,500dFuwOcGLVYhTIPA
00ab4Ge7xPn20wDAFG,Resolution steps shared and validation is pending.,2021-06-05T00:33:22Z,0,500JnRStY81eBchIF6
00aOyIMSsEMGPXCQGO,The request was confirmed and routed to the appropriate queue.,2025-11-28T10:19:46Z,1,500fRHd50Y3uv0mYDR
00aawZ8lndcuc2VY4N,The request was confirmed and routed to the appropriate queue.,2021-09-18T06:36:40Z,0,500Hw7SJvKNZJOdQML
00a7rU1ZchRvm52I2W,Resolution steps shared and validation is pending.,2022-11-17T12:23:33Z,1,500vzU9orpmzOe7QIA
00aTikjCIjQEy8aIX1,Service team reproduced the issue in a synthetic test environment.,2021-07-19T15:19:23Z,1,500U6QU4MM3pTOHYSD
00aYLmj1qGxLkVsAOL,Resolution steps shared and validation is pending.,2025-10-30T10:35:12Z,1,500pDeflY4PEucJYE9
00a9BNBAANVE9dWQC5,The request was confirmed and routed to the appropriate queue.,2025-04-10T01:26:17Z,1,5002HMBG4Pkc6j9I6H
00aSabNzDusIgLeQ3R,Resolution steps shared and validation is pending.,2022-01-01T16:18:50Z,1,500tkFKC6BhnvRVQZS
00aHctZo290B9SOQXB,The request was confirmed and routed to the appropriate queue.,2023-02-01T04:16:04Z,1,500ygJnVZKGhlhqQK3
00aHQxNQ4r7OVYPYD1,The request was confirmed and routed to the appropriate queue.,2025-10-09T12:02:30Z,0,500v65fLYJBbjH7ALV
00aNhEFkTHkxKsBIS8,The request was confirmed and routed to the appropriate queue.,2025-08-21T21:12:44Z,0,500vuP3uEWHgnPRY2G
00araD253xlFo0FQ14,Resolution steps shared and validation is pending.,2023-10-07T19:48:03Z,1,500a127rBupPs9BI5O
00aaX9ZiunMr5arA2C,The request was confirmed and routed to the appropriate queue.,2022-11-14T00:01:06Z,1,500P4cOwdsXmJNMYTT
00a6Pj9Xhmmo005IKL,Service team reproduced the issue in a synthetic test environment.,2024-12-17T22:32:19Z,1,500tVE4tpC6IZUCARK
00aW5yz7a9f4lVjIBZ,Configuration details reviewed; follow-up information requested.,2021-12-12T05:01:58Z,0,500DovPJjISIygKART
00aYOjUIYoeu5xwAQM,Configuration details reviewed; follow-up information requested.,2025-07-14T02:56:24Z,1,500RKC1W4BLVQdOI10
00aMY3TO5TGBrUyI4C,Configuration details reviewed; follow-up information requested.,2021-02-27T07:22:06Z,1,500n68PWt0j123qQET
00aOZjUUirPVaooY2A,The request was confirmed and routed to the appropriate queue.,2024-09-20T07:34:48Z,1,500RLO9KEGl756yYMY
00ab3V8neSDvkBKA7U,Resolution steps shared and validation is pending.,2025-12-03T23:07:43Z,1,500fDnY3KZ3pLfqAIJ
00axUmiZQI3zWUkQDW,Resolution steps shared and validation is pending.,2021-04-05T23:55:45Z,0,50005zMeCWTPYfOIAC
00auLsJCM2guWwUAIH,The request was confirmed and routed to the appropriate queue.,2022-05-21T04:44:20Z,1,500jgMtpntpZGF0QP3
00aPFtuSkNEbFYjYLJ,Resolution steps shared and validation is pending.,2022-01-10T08:08:59Z,1,500dQfEhXyoUO2BYKQ
00aoT8EFTv4tjCBYNL,Configuration details reviewed; follow-up information requested.,2026-05-05T18:47:59Z,1,500T8fnsM76JZHFABB
00agYXp0lXQPOg1QES,The request was confirmed and routed to the appropriate queue.,2022-03-14T23:26:51Z,0,500bP9gRVsCbFIVIXH
00a4mSIIlENivBsIBU,Resolution steps shared and validation is pending.,2021-09-10T17:01:25Z,1,5001XPeU0tP4mihQCG
00a0YQPCMkmWgODY6I,Resolution steps shared and validation is pending.,2023-02-24T15:54:17Z,0,500VHftT11JDDKwI1I
00azlGOGpownMHmQS3,The request was confirmed and routed to the appropriate queue.,2022-05-21T14:51:15Z,1,500ns9T0FrQIwmxYNY
00aOuPwfGoKlyNYY64,Configuration details reviewed; follow-up information requested.,2023-12-22T10:40:36Z,0,500Ly0TsCAAVG8xAQ9
00aWXimlV9wCieFIAP,Service team reproduced the issue in a synthetic test environment.,2026-03-02T07:33:52Z,1,500LjARtRIC1xNMYMW
00aEjsHVrucw2wmABW,Service team reproduced the issue in a synthetic test environment.,2024-12-01T16:58:11Z,1,500rQfSUaGaZ2ByY1E
00aAZHcydyOt8G4IMU,Resolution steps shared and validation is pending.,2021-05-27T16:00:50Z,1,500EcpcYPmSrTbZAQ1
00a4dbrJslGy6DqAZS,Configuration details reviewed; follow-up information requested.,2024-10-31T12:31:25Z,0,500QrZdTigUN5DeA8V
00a3JE31WISULWmASV,The request was confirmed and routed to the appropriate queue.,2022-06-12T21:59:48Z,1,5004gW2JczLKzRcY3O
00aiTE1nXxnhqbJQME,Resolution steps shared and validation is pending.,2025-01-06T15:26:17Z,1,500RnWF8t8knYwtQGA
00aZmhsrlvr0TAUQFM,The request was confirmed and routed to the appropriate queue.,2022-06-27T07:31:47Z,1,5001fwepBWA5a9AQZE
00aZAH1or8AMzbRIRO,The request was confirmed and routed to the appropriate queue.,2024-07-16T20:24:03Z,1,500WjBs24Je4s1oIAT
00a5aTdodS3kY9XAFH,The request was confirmed and routed to the appropriate queue.,2021-09-27T11:10:28Z,1,500JrskbqQsNJynIYM
00a84dYYYPS3MC2YD2,The request was confirmed and routed to the appropriate queue.,2024-08-09T06:42:14Z,0,500eNGxpxGf0ABlAIV
00alVOkwSohTINHIEF,Configuration details reviewed; follow-up information requested.,2021-05-22T03:18:28Z,1,500ZRMxHIAVd06mQ0A
00avB0yVctn2ngcQQM,Resolution steps shared and validation is pending.,2025-01-25T19:30:44Z,1,500Uoi69mnCRM7uA5N
00aA6BMF5vsg0G9IDV,Resolution steps shared and validation is pending.,2026-01-31T06:43:05Z,0,500HLRFdSU3mMZCQNL
00aXXlc5Po6FzEZYTO,The request was confirmed and routed to the appropriate queue.,2024-06-06T13:04:06Z,1,500TBzbSjeenGloI10
00aI81vwoTTmmdoI9U,Service team reproduced the issue in a synthetic test environment.,2024-08-27T19:09:31Z,1,500Hw7SJvKNZJOdQML
00a9LPYMWHtulpsATR,The request was confirmed and routed to the appropriate queue.,2024-04-23T23:38:42Z,1,500IchOixbzZjpyYJF
00a1dLGPJ3uurumY4F,Resolution steps shared and validation is pending.,2022-03-09T02:42:30Z,1,50034M0Qkp8qAeDAMQ
00aNl8TWw8bdwk2YTZ,The request was confirmed and routed to the appropriate queue.,2024-08-26T18:19:43Z,1,500Me0oQmkZxPLBIX9
00aV7IeI4SaVAsjAGV,Service team reproduced the issue in a synthetic test environment.,2025-05-13T09:34:37Z,1,500JtkMB5WCugndIG1
00axDz362zbS2cZYQF,Configuration details reviewed; follow-up information requested.,2021-03-30T13:13:58Z,0,500nG2Kvog4SWfQQ8Y
00aJR9Xs6pJzJCaQZ1,Service team reproduced the issue in a synthetic test environment.,2024-09-06T12:40:04Z,1,500NgsA537xChaRAYK
00aS6HLEnSyNhG5Y5C,The request was confirmed and routed to the appropriate queue.,2023-09-05T12:36:00Z,1,500vAzUDCasTJZ2QC1
00aBTkbAUioH4SuAOK,The request was confirmed and routed to the appropriate queue.,2024-07-13T12:08:17Z,1,5000T4dmhNDV5G2IVS
00a14TfirLG27hgI6E,The request was confirmed and routed to the appropriate queue.,2026-01-12T19:42:10Z,0,50092YKElatTcctI8P
00ai5MCJU6hd0EQY4W,Resolution steps shared and validation is pending.,2024-10-18T01:29:22Z,1,500OKm4mTExw32RQ22
00a1FNA529XGNkOY1F,Resolution steps shared and validation is pending.,2021-11-25T11:53:13Z,1,500b7WkeETd1S8pY8L
00aenKuM6TWRpEfIBP,Service team reproduced the issue in a synthetic test environment.,2025-03-25T01:49:36Z,0,5001K95RAvVhz68QGM
00adILVSzfr7jx4QR7,Configuration details reviewed; follow-up information requested.,2024-01-13T06:09:38Z,1,5007JOXzbbYag7mYFT
00aYWOxCLzdDijnQ5D,Configuration details reviewed; follow-up information requested.,2021-12-25T09:20:29Z,1,500Hw7SJvKNZJOdQML
00abC8dcNUfHwkkI0F,Configuration details reviewed; follow-up information requested.,2025-10-06T15:49:46Z,0,500vxI2VP0073thQU1
00aCvOC1GsYDsiPIWJ,Service team reproduced the issue in a synthetic test environment.,2023-03-05T06:30:43Z,1,500uHVRYq4lwSSHA52
00axoKR43ixf1JTI09,The request was confirmed and routed to the appropriate queue.,2025-01-26T18:49:11Z,0,5004Xr7X73UCVxEIZ5
00afIJekfubAtPCQSO,Configuration details reviewed; follow-up information requested.,2026-05-25T13:07:39Z,1,500qyVBGqKv8LVwIHK
00apsuu9IXnRMgEQDS,Resolution steps shared and validation is pending.,2022-05-03T06:22:11Z,1,500CNJrPpuwkswOYFU
00az3e6ibSZZHrXQ72,The request was confirmed and routed to the appropriate queue.,2025-05-04T07:07:09Z,1,500vRbILHYSs8bBQ8B
00anZ2qxVRJw6UnAV5,Service team reproduced the issue in a synthetic test environment.,2025-06-18T04:12:01Z,0,500f6iTmoGLWIdxQ0J
00aV3sb7jfVbA0KQCF,Resolution steps shared and validation is pending.,2025-07-06T07:57:50Z,1,500t4jsbNV1KJVxY0X
00aU7n9eGbR4JU9Q28,The request was confirmed and routed to the appropriate queue.,2025-03-16T04:13:38Z,1,500ajNRQhlomHhrAJO
00aYNYDas5JkDZvA6J,Configuration details reviewed; follow-up information requested.,2022-11-22T15:38:26Z,0,500bY6xSiZB7CNJIIJ
00aleeAfRJS7FOgAK5,The request was confirmed and routed to the appropriate queue.,2022-04-19T07:55:55Z,0,500vAzUDCasTJZ2QC1
00aryvaNugIQhR0AY0,Configuration details reviewed; follow-up information requested.,2023-05-16T11:01:30Z,1,5000AmTavF93w6TYMC
00atuHJntigVBazYGZ,Service team reproduced the issue in a synthetic test environment.,2021-11-16T09:30:26Z,0,500Yv70HUAYbnH7A78
00aeMk5cHOS5S2RIY6,The request was confirmed and routed to the appropriate queue.,2023-09-22T18:04:00Z,1,500K7JCNmOjtqguQ2C
00aArKcFgS3CzfSYVC,Service team reproduced the issue in a synthetic test environment.,2021-08-27T21:32:52Z,1,500vSq47Zw7G0eTYE1
00aYqz9U2zE7qHmQQ0,The request was confirmed and routed to the appropriate queue.,2022-02-22T10:06:42Z,1,500arcn3vx0KSUrIAY
00aTqPGBw4Kg7FlYEZ,Service team reproduced the issue in a synthetic test environment.,2023-06-30T01:41:32Z,1,500eUNz7RFVKPiAYT7
00a7qnsa1Hg8PbtAYR,The request was confirmed and routed to the appropriate queue.,2024-08-12T02:06:35Z,1,500seYnSbZ2zZ0SI7E
00aSV4ADKEaZTqjI69,Resolution steps shared and validation is pending.,2025-11-04T04:49:59Z,0,500KKTvtmkjo5hTQOJ
00aPdWhCzRK9BPXA4W,Resolution steps shared and validation is pending.,2023-10-26T12:13:51Z,1,500Yludj08C3bVCIBJ
00aAxj4KsFUkQRwQ66,Service team reproduced the issue in a synthetic test environment.,2024-05-21T06:45:02Z,0,500GjMu4PoQTpVBA95
00aXQXMHpbUvQPZI4P,The request was confirmed and routed to the appropriate queue.,2024-03-08T04:10:01Z,1,500BaE7YGeszcGSIH2
00aL9bTSkpVHM2GAL0,Configuration details reviewed; follow-up information requested.,2022-02-16T14:31:55Z,0,500R9lh0LMQ7f3oQZH
00aKpi4j8wuUfOzA5S,Service team reproduced the issue in a synthetic test environment.,2026-03-20T18:35:43Z,0,500LZaQe7jL2wqLYP4
00aokvWOZussT1TICF,Resolution steps shared and validation is pending.,2022-12-22T02:37:17Z,1,50092wxEAGkEgfaQ2X
00aw6IY7CQoSm0kQCL,Resolution steps shared and validation is pending.,2022-06-03T14:48:05Z,1,5003L0PqQNAlS7tYBO
00a14m09TGQz0CBILQ,Resolution steps shared and validation is pending.,2021-02-12T19:11:23Z,1,500mUguZVFCY48nQKL
00adHQB9dmFoobKY3L,The request was confirmed and routed to the appropriate queue.,2024-03-04T00:40:13Z,1,500fpoY7o3kn4WJAF9
00a8gbfCTs9Y4afI8V,The request was confirmed and routed to the appropriate queue.,2021-11-03T22:03:15Z,1,500ZOGVCoXICTYQI6D
00aJc8o8JkbaMU8Y76,Service team reproduced the issue in a synthetic test environment.,2023-08-22T09:51:04Z,0,500hUZOkAbYEx1oI8S
00apMLksDF7eeh4YWB,Service team reproduced the issue in a synthetic test environment.,2024-05-15T02:19:44Z,0,500TEBIDjxX7GLKIQJ
00aBxnUcphpkhFEQES,Service team reproduced the issue in a synthetic test environment.,2025-03-26T08:51:15Z,1,500L7DYTbWXQrqWQBW
00aeglTM44mmiYoAV4,Resolution steps shared and validation is pending.,2026-06-07T05:04:49Z,1,500QIhUkJEvnokuAN8
00aqo1voemwHiNFQNO,Configuration details reviewed; follow-up information requested.,2025-11-23T03:45:58Z,1,500O5gvrCqQXvWwASF
00aWSpXXw81LdcVIGB,Configuration details reviewed; follow-up information requested.,2026-01-22T03:59:16Z,0,500YL2IYRNnCGjNI8C
00aIQiycijmmifqQMV,Resolution steps shared and validation is pending.,2022-07-04T22:50:41Z,1,500TEBIDjxX7GLKIQJ
00aDf1EgCdSfbRzYAM,Service team reproduced the issue in a synthetic test environment.,2024-11-22T22:27:37Z,1,500xIEPgXvcjynGQDA
00azPyw6YXJZD4rQPN,Resolution steps shared and validation is pending.,2023-08-13T21:18:31Z,1,500Z721fQl3q6HcAHX
00aI3kcFCZYZ2WyIU3,Service team reproduced the issue in a synthetic test environment.,2024-10-26T01:05:56Z,1,500NWLWinePT09IAYU
00aTT6omLD1EscSY17,Resolution steps shared and validation is pending.,2024-01-22T05:07:47Z,1,500ca6PtAzZyz1iAY0
00a7tuqPMBtryvYIWW,Service team reproduced the issue in a synthetic test environment.,2021-12-26T17:46:26Z,1,5002XDFCJmebfw3AAS
00aFSKZdlbSn3LdA8M,Configuration details reviewed; follow-up information requested.,2024-05-24T04:33:40Z,1,500yLCPtbb2cZ2tYZI
00aInv7z3IPs2UpY2Q,Configuration details reviewed; follow-up information requested.,2021-03-11T06:55:09Z,1,5000T4dmhNDV5G2IVS
00a3xuzqU2TkXZUQNK,Resolution steps shared and validation is pending.,2021-02-15T00:46:10Z,0,500p4F3KOcy3l7fIMK
00aO21yTmkwcwFqYFS,Configuration details reviewed; follow-up information requested.,2023-07-04T07:26:46Z,1,500YL2IYRNnCGjNI8C
00aOjrLp2ALh0g2YIL,The request was confirmed and routed to the appropriate queue.,2022-12-18T07:52:29Z,0,500XNhi3V0ElIzdQH8
00aXA4FyW8saoluYE8,Resolution steps shared and validation is pending.,2024-04-14T02:40:36Z,0,500pYpwlQAH3zctATP
00a2kHTR3ZLO1QDIS1,Service team reproduced the issue in a synthetic test environment.,2024-08-29T16:45:57Z,0,500wlKMpR1v2tMrYE0
00aWYqhcaJILARhQ71,Resolution steps shared and validation is pending.,2023-06-22T01:23:28Z,0,500GgJkW7vbKVIIALK
00aGQXadtFxFkyDA1C,Resolution steps shared and validation is pending.,2023-12-03T20:25:15Z,1,500FcZS51dyBW26YJC
00aEjeJZtIx9qZxQST,Service team reproduced the issue in a synthetic test environment.,2022-05-13T08:09:34Z,0,500XQtPQMyoRri0QDD
00av0ifRIM4KAdBQRT,Configuration details reviewed; follow-up information requested.,2024-08-24T01:54:49Z,0,500YwdtfwmKiSJHI89
00aSNOByZFGrJ2vQ56,Service team reproduced the issue in a synthetic test environment.,2022-10-06T18:30:08Z,1,500kb60d7luaOXiQ4Y
00a2I4nO3uCpJIvQFN,Resolution steps shared and validation is pending.,2025-12-19T23:00:25Z,1,500WDfnDhythQYjIAW
00auyzzaaxq8zg0QCU,The request was confirmed and routed to the appropriate queue.,2024-07-27T20:11:55Z,1,500IehodnCNxkffIAR
00am4ioAfdGLbVLADB,Service team reproduced the issue in a synthetic test environment.,2023-03-12T12:02:41Z,0,500Agwt6OACTJknYYO
00aUxdgpNJvPQA7IKO,Configuration details reviewed; follow-up information requested.,2021-06-14T13:34:20Z,1,500VQ1NlGoJfTn8QUR
00a3NEN2esnBQuiIUG,Service team reproduced the issue in a synthetic test environment.,2024-07-02T03:05:09Z,1,500CznuhieOdNgvQIO
00ai8P2MFcoBg76I9V,The request was confirmed and routed to the appropriate queue.,2023-08-24T06:14:52Z,0,500UyCGgpnadxc9AYH
00aCv4ZhcgnjoqeA9S,Configuration details reviewed; follow-up information requested.,2022-10-16T15:47:26Z,0,500UQs98ThoZ6zzQU4
00amDt9qrg3X8YTQFX,The request was confirmed and routed to the appropriate queue.,2024-01-29T00:28:07Z,1,500Z721fQl3q6HcAHX
00acyawvCj1Kk8CY23,Configuration details reviewed; follow-up information requested.,2022-07-10T10:50:36Z,0,50092wxEAGkEgfaQ2X
00aCxiCYKxKC7tmQDE,The request was confirmed and routed to the appropriate queue.,2024-12-25T02:43:02Z,0,500dixPAY3tttHJY30
00aX8m8yH3I62i7I3U,Configuration details reviewed; follow-up information requested.,2026-05-25T19:48:00Z,1,500Q5LLkeV4Lqo7AEA
00aXYVVjFeLIFzOY8W,The request was confirmed and routed to the appropriate queue.,2026-06-09T09:36:41Z,1,500R53Zrp0iiKxcIXI
00aLzINX9YuzpfsYXX,Resolution steps shared and validation is pending.,2024-09-09T15:32:37Z,1,500aEstcaON9fMKI50
00at6W8kP3yX6hsA1Q,Configuration details reviewed; follow-up information requested.,2022-05-13T19:47:35Z,1,5006tht8RPNrpkjQ5J
00at7t57WKQyx6CA75,Configuration details reviewed; follow-up information requested.,2021-06-19T22:20:30Z,0,500upf4B7JlodnUQ7P
00a0FRekjaEjwODYYB,Service team reproduced the issue in a synthetic test environment.,2022-12-06T23:22:04Z,1,500vVrWMsYQA8PzQ5A
00ae0CKuviHLNw7YZ4,The request was confirmed and routed to the appropriate queue.,2022-08-19T18:41:44Z,1,5004gW2JczLKzRcY3O
00aJ5oXYxStDTdQANA,Service team reproduced the issue in a synthetic test environment.,2025-06-21T18:53:39Z,0,500aEzkl6GNgottIZ0
00aXKLCgUY8dIuwI8P,Configuration details reviewed; follow-up information requested.,2022-09-26T18:29:40Z,0,500vvxDwGzz6pTdA4U
00appkFnE9tdoiuY7Y,Configuration details reviewed; follow-up information requested.,2025-02-18T12:09:52Z,0,500LDTboYe4rtFuIC2
00anHHvSbIWwC1MY5A,The request was confirmed and routed to the appropriate queue.,2023-05-26T03:48:58Z,0,5002gGM9NTgZvxbIOF
00aUCOUbjL35HHzIA4,The request was confirmed and routed to the appropriate queue.,2024-09-25T12:33:25Z,1,500IkiyyqAYIpXDYBC
00atcD3VHw79nRCYNH,The request was confirmed and routed to the appropriate queue.,2022-03-19T02:58:44Z,0,500iKSTH1qOMCkpQ80
00a7FCwQJ3O95xuQG3,Service team reproduced the issue in a synthetic test environment.,2024-06-17T00:37:48Z,1,500x0MFV4BcajqbADH
00aZZWYACKEXSXUQAF,Service team reproduced the issue in a synthetic test environment.,2024-02-11T05:22:33Z,0,500HLRFdSU3mMZCQNL
00ajVjLG2r2tZ57Y2R,The request was confirmed and routed to the appropriate queue.,2025-08-29T02:46:11Z,1,5005xsTZYELfW6OYY9
00aOINQyvdln48PQ6E,The request was confirmed and routed to the appropriate queue.,2024-05-10T13:32:06Z,1,500EFgn1V53ORC6IEU
00aQjsZAAETmn2aQKS,Configuration details reviewed; follow-up information requested.,2025-06-08T02:13:56Z,1,5004Bk58CafHvtbY9T
00a9fzT5OkDY9HwADQ,Service team reproduced the issue in a synthetic test environment.,2026-05-24T02:56:15Z,1,500dzpRKQIDJWhdQL7
00ad6SYOswVs1k7AJ8,Service team reproduced the issue in a synthetic test environment.,2021-10-06T16:14:48Z,1,500qoufHBnN5MxAYZP
00aCKB21tHZ828IQ10,Resolution steps shared and validation is pending.,2025-08-31T03:13:14Z,1,500rl8YDBdAw2wbIRC
00aquHitBm7WbEdAYI,Configuration details reviewed; follow-up information requested.,2021-12-16T10:29:47Z,1,5005Nrq1RMv4mQvYLT
00arIYhb3nEQgKEAE8,The request was confirmed and routed to the appropriate queue.,2024-06-23T21:55:50Z,1,500RjGVw8Rs9gPwI34
00arMHqM8toEzz9I76,Configuration details reviewed; follow-up information requested.,2023-02-02T21:18:26Z,1,5001W3MIFKyYlEgISF
00a6uG7LefLMzEfYJJ,Configuration details reviewed; follow-up information requested.,2026-01-01T12:03:20Z,1,500Zmz94iab3HydQFG
00a5Lu5GKEaChpQISE,Service team reproduced the issue in a synthetic test environment.,2021-09-15T00:41:39Z,1,500H7XPgiRwdg57AWD
00aURioH19rVECbIIG,Service team reproduced the issue in a synthetic test environment.,2023-12-19T01:35:27Z,0,500xZVEk5M2JjLqYX5
00aMVTpluM87rVCY4S,Service team reproduced the issue in a synthetic test environment.,2022-02-06T01:37:15Z,1,500h1cpNAtR7olFI8W
00a1kRYyWUvYEHUY74,Configuration details reviewed; follow-up information requested.,2024-07-21T21:28:13Z,1,500bFfw1Tm54j6BYKK
00a7xY3XkQwpqVsA1Z,Service team reproduced the issue in a synthetic test environment.,2024-02-04T20:13:32Z,0,5000c9uDL5PwaPfIH3
00aDD4UEhZ88VpEAID,Service team reproduced the issue in a synthetic test environment.,2023-08-09T07:23:56Z,1,500eNGxpxGf0ABlAIV
00atQqSHZO36Rp4Y7U,Service team reproduced the issue in a synthetic test environment.,2021-05-05T01:37:05Z,0,500Hw7SJvKNZJOdQML
00aCvS7KU8YTJSTY85,Service team reproduced the issue in a synthetic test environment.,2021-06-09T01:28:23Z,1,500KOXJDdMZna1KQV6
00aKgqr6AJrjn2UIJN,The request was confirmed and routed to the appropriate queue.,2023-10-08T05:29:50Z,0,500i5mlYfMeiRpfQ8E
00aMw8uj3c3pVrXA6K,Resolution steps shared and validation is pending.,2024-07-20T13:17:53Z,1,500KHP8YYqDN4mzYEQ
00aV0IJKdyBxL8uYTM,Resolution steps shared and validation is pending.,2023-10-14T06:51:57Z,1,500hglr6dw0bLJSIS7
00aPRO0oQ32vVhJI7A,Configuration details reviewed; follow-up information requested.,2023-12-02T04:52:31Z,0,500FcZS51dyBW26YJC
00a2DkUAkfHy6F4YR5,The request was confirmed and routed to the appropriate queue.,2024-06-29T02:47:54Z,1,500Hw7SJvKNZJOdQML
00aTx7iNUfPkNK5IBB,The request was confirmed and routed to the appropriate queue.,2022-05-15T02:52:52Z,1,500z3tyzavzVcwKA3V
00arVQu2o2GRLnQYZE,Service team reproduced the issue in a synthetic test environment.,2022-04-16T02:47:47Z,1,500lae0fxldTnzmATH
00aj8umkKkH0Tj0Y1A,Service team reproduced the issue in a synthetic test environment.,2024-02-18T00:15:07Z,1,500cvTDLNXqYP0IIO2
00aij5MkrOWlKc1ISF,The request was confirmed and routed to the appropriate queue.,2021-10-02T13:15:50Z,0,500dyORSmI5SsNbYR1
00ajW7Egll8VLvZAS0,Resolution steps shared and validation is pending.,2023-03-21T05:56:29Z,1,500Hw7SJvKNZJOdQML
00aK7QGRDI9Xx0kAOA,The request was confirmed and routed to the appropriate queue.,2023-11-07T19:51:10Z,1,500Hw7SJvKNZJOdQML
00aUwHI5Tqq3ZrAI8N,Configuration details reviewed; follow-up information requested.,2026-06-27T04:53:29Z,1,500z9J1GrNydlrgQS9
00atJGj2RXmR8NvA8D,Resolution steps shared and validation is pending.,2023-02-07T05:36:39Z,0,500ADdIU2Xid0UkAG3
00aZKj3CkGpIWIyAWE,Resolution steps shared and validation is pending.,2024-11-13T22:41:21Z,0,500cjpvxa6eQiBkAJF
00a8dPxVVJcx1PKIYJ,Configuration details reviewed; follow-up information requested.,2025-01-16T16:58:23Z,1,5002EeDONYmke6mQ2K
00aBQMpcCzVpAOdQKC,Service team reproduced the issue in a synthetic test environment.,2024-01-10T04:34:13Z,1,500t6jOjED96xTfYOZ
00aHKkFusNbQTPnQS6,The request was confirmed and routed to the appropriate queue.,2023-11-27T14:11:54Z,1,500Cxea3n60DlKZQZ6
00aKKUxA2r19VR5Q7T,Configuration details reviewed; follow-up information requested.,2024-06-17T02:29:40Z,1,500UAkPb9Jwcx7MIPR
00arGaPRND6O7xbIYK,Service team reproduced the issue in a synthetic test environment.,2024-02-28T06:39:52Z,1,500Uoi69mnCRM7uA5N
00a2oS1h8o83k96QXK,Service team reproduced the issue in a synthetic test environment.,2024-05-18T21:37:53Z,0,500wWU0wFevpiyeAXZ
00atYygzfXEEJtqYHC,Configuration details reviewed; follow-up information requested.,2022-01-15T03:40:22Z,1,500kFTayCWUndjSILQ
00aKej3jglNCJ9KYOB,Configuration details reviewed; follow-up information requested.,2021-08-15T07:24:58Z,1,500QhsIuwwyFj96ISY
00asqPY7iSOsBlSQLB,Resolution steps shared and validation is pending.,2021-01-09T02:58:34Z,0,50048MuIq6OUL4OQDX
00awOdgpuJXj7FzYA3,Service team reproduced the issue in a synthetic test environment.,2021-07-23T04:07:23Z,1,500WDfnDhythQYjIAW
00a5GPHJOl9DWgoYG1,Resolution steps shared and validation is pending.,2023-10-26T23:24:25Z,1,500vu6VUNJWrtQDIZY
00aPkNs0UE0uN6eQGR,The request was confirmed and routed to the appropriate queue.,2022-05-11T23:41:36Z,1,5000hwGp7NMBWjhQBQ
00aTBjML49istbMQ97,Configuration details reviewed; follow-up information requested.,2025-03-12T16:44:54Z,1,500YRgN5f644QTnAEP
00atIPuuARpjmtdQIG,Resolution steps shared and validation is pending.,2026-06-30T01:51:13Z,1,500U0pTr4AJYN8ZYYA
00ajIpliZRftGdaAG1,The request was confirmed and routed to the appropriate queue.,2023-10-04T04:39:08Z,1,500NUAL8BEkd1aiY7E
00aC7UGND1nyvyEICA,Configuration details reviewed; follow-up information requested.,2024-05-10T17:01:50Z,1,500Ru3W8DfODpo0ACL
00aRAW7b20LGpplIM2,Configuration details reviewed; follow-up information requested.,2022-02-10T17:38:04Z,0,500diVCRZ1ZsXuZQOV
00ahMve4pdABHx7IEO,Configuration details reviewed; follow-up information requested.,2021-07-04T20:48:51Z,1,500qS6VEqnMUCuIYTW
00aahTiumki1mz8I17,Resolution steps shared and validation is pending.,2021-05-07T01:34:11Z,1,5001FeCP94gmARoAS9
00aTZzTwA96a7ZrAFH,The request was confirmed and routed to the appropriate queue.,2021-11-28T00:30:17Z,0,500GAXohj4zzlLlA6D
00aTXjs6VoM1FTDAA6,Configuration details reviewed; follow-up information requested.,2021-07-18T21:17:09Z,0,5002mJfbBffYDOtYUJ
00aS9hrOrzijci1IUP,Configuration details reviewed; follow-up information requested.,2024-05-10T02:59:10Z,1,500A5ZOUTr6H8cVIZY
00alqxtJD1vJlhBQ27,Resolution steps shared and validation is pending.,2023-12-08T12:42:44Z,0,500cfYlerRsKJ5aYD5
00aZUu31tnjHPRNIPH,The request was confirmed and routed to the appropriate queue.,2022-05-28T22:02:43Z,0,500Hw7SJvKNZJOdQML
00arTUPAvz2H0AZQCN,Configuration details reviewed; follow-up information requested.,2021-01-10T15:38:15Z,0,500cPrF5ywFtjUMINT
00am6ZyF6O47Jg2IFN,Service team reproduced the issue in a synthetic test environment.,2025-04-04T05:10:41Z,1,5000gDgPurqsZOPYM9
00awMe4jhHQPDmzYF3,Configuration details reviewed; follow-up information requested.,2025-01-12T03:39:35Z,1,500BVjE3HWVtV4kATA
00aVQas92UmMRQYYT0,The request was confirmed and routed to the appropriate queue.,2022-10-15T11:46:50Z,1,500XOSVsLRo5f9qQWP
00a63uzi3eXbvThAZY,Service team reproduced the issue in a synthetic test environment.,2024-07-02T12:11:49Z,1,500bP9gRVsCbFIVIXH
00akzMllsa2AiX3YMB,Resolution steps shared and validation is pending.,2021-08-15T09:00:04Z,1,500EZpKbv7PL6qCI35
00aDlKgYGGQRoslI9G,Resolution steps shared and validation is pending.,2024-08-01T04:49:54Z,0,500rVSkEgMXvK0EQD3
00aUXoCGOqnpqFdY4N,Resolution steps shared and validation is pending.,2026-02-15T07:24:53Z,1,500vYn49fMWJ2o2QWV
00aTvdXZGFvFmtAIJ2,Resolution steps shared and validation is pending.,2022-05-05T13:59:24Z,1,500Hw7SJvKNZJOdQML
00aXiYFFlvQjjZyY7Y,Configuration details reviewed; follow-up information requested.,2023-08-09T01:13:13Z,1,5005Mfi5ogTBt2xQI9
00au2zboMByOhS9YH0,Resolution steps shared and validation is pending.,2026-01-26T03:34:26Z,1,500x3IYigNxN8SMAN2
00azhK5q0pxuXauY03,Resolution steps shared and validation is pending.,2025-03-10T01:47:07Z,1,500GNVrc6gXTxd1QMP
00aTzb8QuTVuA9OYTB,Configuration details reviewed; follow-up information requested.,2023-01-07T13:53:42Z,1,5005MwTJIXGRoNWIEH
00axA9VhOd7FTz4AJ8,The request was confirmed and routed to the appropriate queue.,2024-01-23T01:13:34Z,1,500pYtWeO5Qc4xwQCB
00agDtdWe4qHOtYQ9G,The request was confirmed and routed to the appropriate queue.,2025-01-18T17:12:25Z,0,500HHw7Bd7chPRnY5F
00aTryl3KNOmenZIZ4,Service team reproduced the issue in a synthetic test environment.,2021-03-27T20:48:39Z,1,500CznuhieOdNgvQIO
00aL1NNhvR0rFqYIKR,Configuration details reviewed; follow-up information requested.,2026-06-05T18:14:38Z,1,500TX0AEaaytslNY7C
00a1vZB9xJ0pQzSAR7,Service team reproduced the issue in a synthetic test environment.,2025-01-19T12:50:44Z,0,500BDPmXkB07AiVYE0
00aMiheUrIcAcnuIUN,Resolution steps shared and validation is pending.,2026-04-01T15:07:06Z,1,500PHkPj5bCX2RXAT6
00anUMusbegGm5pI47,Configuration details reviewed; follow-up information requested.,2024-11-11T14:15:04Z,0,500XPEADVnUVNoJIXS
00aNV1iJn7X2vDrYLA,Configuration details reviewed; follow-up information requested.,2021-10-19T09:59:46Z,0,50045RkiIIBmJrRAF4
00amQj7K2uN7zUTQB3,Service team reproduced the issue in a synthetic test environment.,2024-01-26T14:32:22Z,0,500mO1VyTrgrDTKQNB
00aEKrFqKrI4c0bYQY,Service team reproduced the issue in a synthetic test environment.,2022-10-14T05:08:30Z,1,500pDeflY4PEucJYE9
00azlr78yqZ4uUuQKL,Service team reproduced the issue in a synthetic test environment.,2023-10-04T21:23:46Z,0,500WwhEqgNdIZhZIZ9
00aAxl5HCwpeb2TAW0,Configuration details reviewed; follow-up information requested.,2023-12-15T19:17:35Z,1,500GuI62eZFhJpLY2X
00aDa73ddlBtaD3A6I,Resolution steps shared and validation is pending.,2022-11-19T15:07:03Z,1,500wWU0wFevpiyeAXZ
00ahSx0JmQAVbaaQN8,The request was confirmed and routed to the appropriate queue.,2022-03-29T19:42:17Z,0,500OKm4mTExw32RQ22
00aCnkQm1s95x4VQ9D,Service team reproduced the issue in a synthetic test environment.,2023-01-23T03:19:25Z,1,500Hw7SJvKNZJOdQML
00a7eesWen1ECQMQDZ,The request was confirmed and routed to the appropriate queue.,2024-04-30T10:28:55Z,1,500B7REwwsfHoZBQXT
00atHvHPirahsbkQ4H,The request was confirmed and routed to the appropriate queue.,2023-08-01T16:12:45Z,0,500qJvG0IzKzdotYNP
00ah90nB4nndp8lYLO,Configuration details reviewed; follow-up information requested.,2022-12-29T16:17:35Z,1,500GAney4E4y98BIC2
00aN1xwD2UMhdOOQ9W,Service team reproduced the issue in a synthetic test environment.,2025-04-23T00:06:38Z,1,500KDrfEhfjA3A2I5A
00aEWmtVI0uevSzYJS,Configuration details reviewed; follow-up information requested.,2026-03-01T08:56:00Z,1,5000hwGp7NMBWjhQBQ
00aG59SpcTKLAuHA3Z,The request was confirmed and routed to the appropriate queue.,2024-08-16T22:15:01Z,0,500NWLWinePT09IAYU
00aLRgkl1Fosn74AVV,The request was confirmed and routed to the appropriate queue.,2025-08-29T20:05:35Z,1,500fONbhIlwfPzoYDQ
00aCyPgqbWTNes9QFM,Resolution steps shared and validation is pending.,2023-10-25T12:01:07Z,0,500olBqyVP8BTaDQAS
00aXDChD5JoEunJATW,Configuration details reviewed; follow-up information requested.,2021-03-10T19:04:28Z,1,500olUfvruc4FHYI3U
00aSLLtaDdimJR4A7Y,The request was confirmed and routed to the appropriate queue.,2021-12-17T12:45:55Z,1,500Akpd4RFTpIb5QNQ
00aZVwe7XCj0HlWYXS,Resolution steps shared and validation is pending.,2025-11-25T03:27:07Z,0,5001fwepBWA5a9AQZE
00agbnH2V7d0IMbYI6,The request was confirmed and routed to the appropriate queue.,2021-04-30T15:50:32Z,0,500tPaauITg7OnJAFY
00a3l7OSPTwI3OyYST,Configuration details reviewed; follow-up information requested.,2023-07-02T12:23:01Z,1,5003M4nlHoKgVCqYEX
00arBMbH5CAUsB8IQ5,Service team reproduced the issue in a synthetic test environment.,2024-05-13T13:27:37Z,1,500T4Ezsjyrc2dZYIW
00aHLpZ9PHq8FOrYPD,The request was confirmed and routed to the appropriate queue.,2023-01-26T04:09:45Z,0,5008GoAPykFpq7MAK8
00aYZ4uFfXiLLv6A3Y,Configuration details reviewed; follow-up information requested.,2022-06-04T00:04:06Z,0,500a127rBupPs9BI5O
00ayeKI9imrFaphI9X,Service team reproduced the issue in a synthetic test environment.,2022-01-02T12:25:11Z,1,5002XDFCJmebfw3AAS
00a2d0aUaXMnkBrABI,Configuration details reviewed; follow-up information requested.,2023-04-11T11:55:44Z,1,500RQAJewSnaAHRQOG
00aPlPLzK1m6T6HAC3,The request was confirmed and routed to the appropriate queue.,2023-06-14T07:25:47Z,1,500T4a7CdePHZOPY1K
00a6cSjMSZOkNITA2N,Service team reproduced the issue in a synthetic test environment.,2024-07-14T03:06:45Z,1,500xgIJyQuBAKh1IFA
00arFAXR323JrXXITZ,Configuration details reviewed; follow-up information requested.,2025-01-14T06:52:57Z,0,500dkzlzE9efN5NYEE
00aUNbE5DY5MDO6IZI,Service team reproduced the issue in a synthetic test environment.,2023-11-11T22:53:56Z,1,500kgLdRGYXr7X8YXH
00ayZbdxpRJTpDHQIW,Service team reproduced the issue in a synthetic test environment.,2022-09-03T07:55:38Z,1,5009Sci5xU9lLTqQCD
00aa1mZ1tFHKizOYOQ,Service team reproduced the issue in a synthetic test environment.,2024-02-17T23:39:01Z,1,500LZaQe7jL2wqLYP4
00a9fwwQSud9l6GARU,Service team reproduced the issue in a synthetic test environment.,2021-04-23T17:46:16Z,1,500Hw7SJvKNZJOdQML
00abjvwc1YhIkXHYOL,Service team reproduced the issue in a synthetic test environment.,2024-01-13T11:21:29Z,1,5009jZH2kJVWUyTQ9W
00aqVRW3uExw9XIIRX,Configuration details reviewed; follow-up information requested.,2024-10-25T16:54:41Z,1,5000gDgPurqsZOPYM9
00aYOSMg5Kt8lKdQWK,Resolution steps shared and validation is pending.,2024-02-17T02:00:16Z,1,500XG8Nn2qy03aLQN6
00a4fqXGExnINtAQBZ,Service team reproduced the issue in a synthetic test environment.,2022-05-04T22:46:18Z,1,500CpPcUfYURLpBIE4
00aZSODovZsN4TkQ4H,The request was confirmed and routed to the appropriate queue.,2023-09-21T07:35:30Z,1,5001WvXUUxPvpZYQ6O
00aY0YYP4UljdOwISB,Configuration details reviewed; follow-up information requested.,2023-08-28T18:37:05Z,1,500EC3ynyylpctaQ1H
00asop4OJHhkIyTQHD,Service team reproduced the issue in a synthetic test environment.,2025-10-19T14:24:11Z,1,500f7MU1nEZtkc4Y1I
00a9fhPyBtdB7xmQ0E,The request was confirmed and routed to the appropriate queue.,2024-02-28T15:34:39Z,1,500yz5x2f6xYJ9HIUU
00aFSHC5zMHIqArYF8,Service team reproduced the issue in a synthetic test environment.,2025-11-27T18:55:45Z,1,500lae0fxldTnzmATH
00awaC8RMOr2aHFQFO,Configuration details reviewed; follow-up information requested.,2026-02-15T23:43:26Z,1,500fCVl3rZASJIxY0D
00a6boMOfUk02MlQLG,Service team reproduced the issue in a synthetic test environment.,2025-02-22T22:20:36Z,1,500FveuVQlJ7lBaIJ0
00aQjMYqa0gMg1tIKV,The request was confirmed and routed to the appropriate queue.,2022-01-11T17:23:07Z,1,500JHfQRYrJ24rmYRZ
00arSak8pnQrGMGACN,Service team reproduced the issue in a synthetic test environment.,2023-01-20T08:54:18Z,1,500c2HUBkixO3d7A06
00aEiNK0hj8OS3SQL9,Configuration details reviewed; follow-up information requested.,2024-11-13T04:07:49Z,1,500UY0iDyPrNd7nYL6
00aZ5VtAdMuwFlwAN2,Service team reproduced the issue in a synthetic test environment.,2021-01-05T13:40:47Z,1,500yiwCKxznvfsMY48
00aDQBt68nnryBcYE6,Configuration details reviewed; follow-up information requested.,2023-05-30T11:53:57Z,1,500eGeYg7vdF3pGQ24
00aTD63zcjJuqF7IGF,Service team reproduced the issue in a synthetic test environment.,2024-12-24T11:50:33Z,1,500V0KgXGy0TI9QQCO
00aVqch4ijKBlQ0AUW,The request was confirmed and routed to the appropriate queue.,2023-12-03T16:10:47Z,1,500hlh6y3TV4E32AH7
00aJcpkivXam7swAZK,The request was confirmed and routed to the appropriate queue.,2021-03-20T20:14:25Z,1,5001evUzEUOZurMQAK
00a5BIKGttV4ymGIB2,The request was confirmed and routed to the appropriate queue.,2026-05-18T09:36:28Z,0,500SUu7hVvRZoOxAK6
00ac5n8D5RPpixFIWZ,Service team reproduced the issue in a synthetic test environment.,2022-06-13T21:38:11Z,1,500Vnp3pr645Q9OQRN
00a6Fy9EzNRlzg3I2P,The request was confirmed and routed to the appropriate queue.,2025-12-15T00:33:30Z,1,500ZM1r59AhsVkNYRG
00aBCvKHj3Ssd8dQEH,Service team reproduced the issue in a synthetic test environment.,2024-08-19T08:44:14Z,1,50053w0Trh73ahoARH
00aGgiaydKBiG1yIJA,Service team reproduced the issue in a synthetic test environment.,2024-09-08T05:23:21Z,1,5007Kxt7fLMtTQTIK3
00aYEwYRYpaH6alABG,The request was confirmed and routed to the appropriate queue.,2023-09-29T05:01:09Z,1,500EmaWlrSzyJZkAJE
00a38SbwSqIGMGmA7R,Resolution steps shared and validation is pending.,2025-05-31T21:22:14Z,1,500hglr6dw0bLJSIS7
00ahm0GTZbNq9REAKG,Configuration details reviewed; follow-up information requested.,2025-09-29T04:21:06Z,1,500XXZvm7Wy3xdvAPG
00aHF1yjfIEOrWfQ1X,Resolution steps shared and validation is pending.,2025-06-02T11:22:39Z,1,500RafztzOZoxWuAS2
00awCWsBlvzZT3GQ7P,The request was confirmed and routed to the appropriate queue.,2025-07-14T09:13:59Z,1,500Hw7SJvKNZJOdQML
00aSyamgW1FpgpOYSW,Resolution steps shared and validation is pending.,2023-05-07T20:38:56Z,1,5004vzb2DDyFgPrQ1S
00aY4Tp2feOxCzFI04,Configuration details reviewed; follow-up information requested.,2021-02-25T21:25:19Z,1,500MpPAKiuyFDGsYLX
00amwKaFLVUyHPDQDX,Service team reproduced the issue in a synthetic test environment.,2025-10-06T05:52:01Z,1,500VRm2dyxzqxj7A4E
00alwcWmnshmHvrYDO,Configuration details reviewed; follow-up information requested.,2023-01-27T16:18:43Z,1,5000GTIZNvy0PoqYNH
00auwqvCQpRsn2sQ0P,The request was confirmed and routed to the appropriate queue.,2025-11-29T13:46:04Z,0,500GKBDiHNlC4HfAT9
00apW8OuAU8JuLDYF9,Resolution steps shared and validation is pending.,2022-08-05T03:48:34Z,1,500r3PQvJ0ssdUeAQ7
00aOjvZj2V7jlA6YA2,Configuration details reviewed; follow-up information requested.,2023-02-01T16:15:56Z,1,500GK18fPSI878FIMN
00a6SjmYZ36ZeG3YJF,Service team reproduced the issue in a synthetic test environment.,2021-06-18T23:38:14Z,1,500IitS5tPLftPLYKE
00afwDNGDwc1EdEABF,Resolution steps shared and validation is pending.,2021-07-23T04:17:50Z,1,500lUPsfnSvotCdQOG
00am9SVdHy2dI9LY15,Service team reproduced the issue in a synthetic test environment.,2023-08-18T20:50:25Z,1,500upf4B7JlodnUQ7P
00a5L675Ler5GmwIHG,Service team reproduced the issue in a synthetic test environment.,2022-01-30T16:57:13Z,0,5002DiVb39vQQcpAEF
00aDdKo03Ttxld4Y86,Service team reproduced the issue in a synthetic test environment.,2023-10-03T16:11:20Z,1,5009Sci5xU9lLTqQCD
00azug8mDdaBvm8IKG,Service team reproduced the issue in a synthetic test environment.,2022-01-27T23:54:29Z,1,500TTBnCYv6QVT9ILH
00a9EO6G5l6HqYrI2J,Resolution steps shared and validation is pending.,2022-08-01T23:55:09Z,1,500p1gl1Q3LmJT4QX1
00auTBlrSWfSMcAAAC,Configuration details reviewed; follow-up information requested.,2022-10-24T03:36:08Z,1,500niTuyMQwyYIeYWL
00av7EzFw9jGgwEADL,Resolution steps shared and validation is pending.,2023-09-12T08:38:11Z,1,500d2dJUStTISfUQGQ
00aHThvqRKAnFeTY8N,Resolution steps shared and validation is pending.,2025-01-22T06:43:49Z,1,500IitS5tPLftPLYKE
00aRaciXpn9UNMvID7,Service team reproduced the issue in a synthetic test environment.,2021-09-09T14:14:18Z,1,500116hZZJz0O8MAJF
00aFlOf2tRWyDBHAJF,Resolution steps shared and validation is pending.,2023-02-21T08:41:30Z,1,500IEqkwsVny63dQ0B
00asH4tCz8305jhYOU,Service team reproduced the issue in a synthetic test environment.,2025-03-11T01:04:37Z,1,500OKm4mTExw32RQ22
00aJmwoin5rDUO2AGI,Resolution steps shared and validation is pending.,2022-05-22T10:20:25Z,1,500SScj3yV8x3uUI5K
00aCR6kOgYJcw93I05,Service team reproduced the issue in a synthetic test environment.,2026-04-05T20:22:41Z,0,500WjBs24Je4s1oIAT
00aR2qcdTU0AN4lQ0F,Resolution steps shared and validation is pending.,2022-09-23T19:14:42Z,0,500TEKAuJlT04J7AGN
00a0uW8a82OnwJxQL6,The request was confirmed and routed to the appropriate queue.,2022-07-07T00:25:04Z,1,500rSysuctFjlhkIMC
00a4cTMZQx3m90JA1E,Service team reproduced the issue in a synthetic test environment.,2023-12-24T21:42:53Z,1,500WDfnDhythQYjIAW
00aipA6XitXMrAIA2S,The request was confirmed and routed to the appropriate queue.,2024-11-11T07:16:39Z,1,500rJwX4GonKRO2Y2C
00axXyjVDyKkM1MAV8,The request was confirmed and routed to the appropriate queue.,2024-01-12T23:23:16Z,1,500GNVrc6gXTxd1QMP
00a7tvydkft4ow4Q8E,Service team reproduced the issue in a synthetic test environment.,2025-12-06T03:51:05Z,1,5005GHVtmCPkKRcA9X
00aBGQiHYtMARPrYLC,The request was confirmed and routed to the appropriate queue.,2021-12-05T12:48:58Z,0,500pOyjj6lv6DGUAD8
00aLKqWugomkSOfQ9Z,Service team reproduced the issue in a synthetic test environment.,2021-11-29T19:44:37Z,1,500QsMYz3qu842kY9E
00aD6mASiIJUf2GA71,Service team reproduced the issue in a synthetic test environment.,2022-06-22T22:03:05Z,1,500LOiNRGIhMk5AIVQ
00a2RpSyzjxZvEtAJA,Configuration details reviewed; follow-up information requested.,2026-01-09T05:26:59Z,0,500REMG5fk9yOgbAWP
00arl879QblLDlbAXS,Resolution steps shared and validation is pending.,2026-02-04T13:02:42Z,1,500QOGfoxxOjqwNQMJ
00azREexIjiv7ulAFL,Configuration details reviewed; follow-up information requested.,2024-11-25T08:32:48Z,0,500a4nI12nQqAM1YL3
00aEc2TCZfz55KoITH,Configuration details reviewed; follow-up information requested.,2024-06-02T05:26:11Z,1,500tPaauITg7OnJAFY
00aiERB6r6MkAq7A8D,The request was confirmed and routed to the appropriate queue.,2025-06-17T04:07:49Z,1,500a4hvM34RiUNLAMT
00aOC9jdO3C8rJkQKH,Configuration details reviewed; follow-up information requested.,2023-04-30T00:33:56Z,1,5008I5Gs9l2MWlAQ6U
00aypjz87etzgidQNE,The request was confirmed and routed to the appropriate queue.,2021-04-05T10:15:24Z,1,5005uYVP9jnQnMgAXC
00aJi1ueZXdMoyGQ3O,Configuration details reviewed; follow-up information requested.,2023-02-13T23:22:55Z,0,500bGqS1lsHSLAYY1R
00aPfic491C3rxYILV,Configuration details reviewed; follow-up information requested.,2023-09-19T15:49:51Z,0,500CzdFs2SZLr4MAAY
00aoMU9ThQlNSPvQLN,Configuration details reviewed; follow-up information requested.,2022-05-21T02:38:37Z,0,500Hw7SJvKNZJOdQML
00aDZTe7LTuwV24A5Z,Service team reproduced the issue in a synthetic test environment.,2023-07-01T00:52:11Z,1,500ymFiLrVuVTtpQ4S
00aoHGLdJUoWC6HQ83,Resolution steps shared and validation is pending.,2021-07-10T19:45:47Z,1,500mQNpfRDgOhQHYCQ
00a05hCNIGodhHnI3B,Configuration details reviewed; follow-up information requested.,2021-04-29T15:03:12Z,0,500h9P3mlO6anEqAP9
00al373uDAPDwWzIX7,Configuration details reviewed; follow-up information requested.,2025-12-26T22:09:08Z,1,500ZCw9v0liv795AFS
00awVF630UeLSUeY81,The request was confirmed and routed to the appropriate queue.,2022-10-03T07:39:44Z,1,500js2OEdZ8vqxpA5C
00ao9zjST3hAugUIKC,Service team reproduced the issue in a synthetic test environment.,2022-10-21T20:27:46Z,1,5006z872zAuER8KYO8
00a0nPjBQXNBFJaYDU,Resolution steps shared and validation is pending.,2022-08-24T16:48:29Z,1,500t8rXyziNQsw4Q8L
00aF1OOc0VQnBLYI8R,Resolution steps shared and validation is pending.,2021-06-16T08:42:31Z,0,500xpeNKuZknpwsIFM
00axEHIgzT2hFXnI1V,Service team reproduced the issue in a synthetic test environment.,2023-07-18T02:19:06Z,1,500AdKFqWiHH6rYIFD
00a3DwUtqATeqWZI7A,Resolution steps shared and validation is pending.,2022-05-07T01:32:38Z,1,500HnOXVnf4kE43ALC
00a8mwFQ2r0qK4VI6P,The request was confirmed and routed to the appropriate queue.,2024-01-27T15:59:35Z,1,500c0lCUHwglMPlQNP
00aDyGc1Oy09Hy2Y3T,Configuration details reviewed; follow-up information requested.,2021-06-22T13:19:32Z,1,50029wvxkccH32AIG8
00anOT2wWym5pnRACG,Configuration details reviewed; follow-up information requested.,2021-06-11T15:33:33Z,0,500uD77OeFRhW8tID3
00acmnh12ZnMtloIRJ,Configuration details reviewed; follow-up information requested.,2021-11-01T15:41:38Z,0,500jkyJJLp5kzngYT2
00a9QMEivdTqVuAYIP,Configuration details reviewed; follow-up information requested.,2025-05-21T08:29:40Z,1,500aQIdYV4WZEUIIOP
00ay6KwkYLEsoKEA8I,Resolution steps shared and validation is pending.,2023-05-21T17:37:15Z,1,5001W2d5GjZOAy6AWU
00aGCreWDpKw9n5AN6,Service team reproduced the issue in a synthetic test environment.,2024-05-08T02:47:57Z,0,500c3mbfu7TdAD0ACE
00aPO9IyeqhJ2YUITF,Service team reproduced the issue in a synthetic test environment.,2021-05-28T04:52:03Z,0,5006gsgcU1M6JQFI58
00agoMmkwisKio3QNM,Configuration details reviewed; follow-up information requested.,2025-12-25T09:52:28Z,1,500c2HUBkixO3d7A06
00aIKJ7i0sye2TqARN,Configuration details reviewed; follow-up information requested.,2022-08-09T09:56:57Z,0,500le93MnXTBI5UQR3
00aQjW50JAOIqdpA79,Resolution steps shared and validation is pending.,2023-01-23T04:50:32Z,1,500Hw7SJvKNZJOdQML
00aGBt9WwAV85CcYWS,The request was confirmed and routed to the appropriate queue.,2024-10-27T10:42:01Z,1,500Hw7SJvKNZJOdQML
00aaDPyh1fuq1k5IP9,The request was confirmed and routed to the appropriate queue.,2024-12-30T04:19:53Z,1,500D0Lu9SG9bRLwIFH
00aOHptgHnJPa5zA2A,The request was confirmed and routed to the appropriate queue.,2024-12-09T15:50:32Z,1,500VRm2dyxzqxj7A4E
00aXkQvHz4HB84AIQV,Resolution steps shared and validation is pending.,2025-11-27T15:23:48Z,1,500pSSbR8SSbMLyQGU
00aY7cBupyf2bd2QQ6,Configuration details reviewed; follow-up information requested.,2025-02-19T01:56:46Z,1,500IAVao4praZZ0YT7
00aJjrfL3UiuoafQWR,Service team reproduced the issue in a synthetic test environment.,2021-01-18T05:56:52Z,0,500Agwt6OACTJknYYO
00aiMHTvoGL99MeY2P,The request was confirmed and routed to the appropriate queue.,2021-04-21T13:00:10Z,1,500ihjP2LalSBqkI5M
00a8V5zqY97bfDuYPI,Configuration details reviewed; follow-up information requested.,2021-08-21T00:33:44Z,0,500EZnrltFyqJuiAOM
00aRDNOSCHdKTN2A6N,The request was confirmed and routed to the appropriate queue.,2024-04-04T07:06:51Z,0,500le93MnXTBI5UQR3
00a48lPMpsG5ObyAU4,Resolution steps shared and validation is pending.,2023-08-18T05:11:37Z,1,500oqEvdg0aLB9xA3L
00aVbgcl2EAei9hQ57,Service team reproduced the issue in a synthetic test environment.,2022-11-09T14:53:12Z,0,50015np2UZeK6gdQBE
00a93TJ3pOwUHseA6E,Service team reproduced the issue in a synthetic test environment.,2022-11-24T06:18:48Z,1,5005m0BJEL6JlpTI6G
00aOHNUKsIGohNWAVR,Resolution steps shared and validation is pending.,2023-11-30T17:24:25Z,0,500RqM4eFSLeOz4ARX
00a80ut8jlPrxdLQ3A,Service team reproduced the issue in a synthetic test environment.,2022-05-29T14:05:37Z,1,500pkZ4GpkZgdftI1Y
00a1SeN6Fs86xtxI0M,Service team reproduced the issue in a synthetic test environment.,2024-11-20T11:41:59Z,1,5006Vn1Zy1OCCBaQ8T
00a2UuBf8W0V7oxIJ1,Service team reproduced the issue in a synthetic test environment.,2021-09-04T12:10:54Z,0,500bDOJ9n7sfcP9QS3
00asvLUdZjg2UT4QJK,The request was confirmed and routed to the appropriate queue.,2024-06-05T13:47:14Z,1,500nG2Kvog4SWfQQ8Y
00aub93FNzgX0fHIO7,Service team reproduced the issue in a synthetic test environment.,2025-08-21T23:16:46Z,1,500FPWVMjL4e1w2ANC
00aDQZ1RqWriURiQHS,Configuration details reviewed; follow-up information requested.,2025-10-12T07:47:27Z,0,500DDhqgEcFz7ygQDI
00aZdzUoTC48VFHAZ6,The request was confirmed and routed to the appropriate queue.,2021-02-16T14:44:08Z,1,500y7pzzFPHKwWYQQ3
00a45p75sEU3IMmQZY,Configuration details reviewed; follow-up information requested.,2024-03-14T09:56:35Z,0,500vRTtt8EucL2LYCC
00a10zT0Hyw4LSfADO,Resolution steps shared and validation is pending.,2026-01-07T01:21:26Z,0,500ygJnVZKGhlhqQK3
00amjcZ9WZu7YPJASE,Service team reproduced the issue in a synthetic test environment.,2025-01-27T11:14:28Z,0,500txKqU01KpJABQQT
00ajIwilCLUB9ALA8A,The request was confirmed and routed to the appropriate queue.,2021-03-28T19:56:07Z,1,500kkcxllC5G3rrIXP
00a458lisZJp7n6YH2,The request was confirmed and routed to the appropriate queue.,2022-02-04T12:03:00Z,1,5001UsVgTiC8t7GI8B
00aM1eGH59ZD1IaIDJ,Resolution steps shared and validation is pending.,2021-01-22T00:43:44Z,1,500BztPCn9TJhYiI7T
00as8kU40EuhJgKAUB,The request was confirmed and routed to the appropriate queue.,2025-10-07T16:26:46Z,1,500aEzkl6GNgottIZ0
00aGvZW0kcXITqeQUS,The request was confirmed and routed to the appropriate queue.,2023-08-19T07:31:46Z,1,500ymFiLrVuVTtpQ4S
00agoGcHoJsjhVxYVR,Configuration details reviewed; follow-up information requested.,2022-02-04T12:01:22Z,0,5001XPeU0tP4mihQCG
00aPKKjECalzdjnA0L,Configuration details reviewed; follow-up information requested.,2022-08-19T15:29:27Z,0,500Hw7SJvKNZJOdQML
00auzbpGPdSP6gPQEZ,The request was confirmed and routed to the appropriate queue.,2024-06-28T21:00:48Z,1,5004vzb2DDyFgPrQ1S
00a2WrX6IPJxdHZADL,Service team reproduced the issue in a synthetic test environment.,2024-01-19T20:28:52Z,1,500zevWODphVLNCAQ3
00aWwGkqeRfUFTNQ4D,Service team reproduced the issue in a synthetic test environment.,2021-11-02T15:07:27Z,1,500GAney4E4y98BIC2
00a5r3x3r9OaJfbQSF,The request was confirmed and routed to the appropriate queue.,2021-07-18T19:42:56Z,0,500h1iVrQJaNFTgIHB
00a7E9kFkqaAoWqYW7,Service team reproduced the issue in a synthetic test environment.,2025-09-18T13:29:14Z,0,500qiqpT7ybCR2nI86
00aTMbiXDPCdHoxIHM,Service team reproduced the issue in a synthetic test environment.,2024-01-18T07:34:58Z,1,5003ERO0dHcMiCHYD9
00a3vTYOwpfEhkRA99,Resolution steps shared and validation is pending.,2024-06-04T07:13:25Z,0,500HnOXVnf4kE43ALC
00avEHXZngeNHHdYU0,Resolution steps shared and validation is pending.,2025-12-14T09:55:06Z,1,500zGlP1uCZIm3wQ0N
00aLWbyXRsDVhNuQD1,Resolution steps shared and validation is pending.,2024-06-01T01:13:30Z,1,5002Imccu5wPs56Q2N
00aVWucBF53bkz2IO5,Service team reproduced the issue in a synthetic test environment.,2026-02-04T20:38:47Z,0,500OQdlVcbShcGrIQT
00aHnX9SjSXBCNXAT6,Resolution steps shared and validation is pending.,2022-10-23T18:19:34Z,1,500XF6cAWWS2KmhQPQ
00aFpoilM7Z2pOSYM3,Resolution steps shared and validation is pending.,2025-09-07T16:20:06Z,1,500YYnF1V8XptMjIK9
00axxLvGnw4JoB4YBV,Configuration details reviewed; follow-up information requested.,2024-05-17T09:01:23Z,0,500vN71Gjhbk1IAQ3T
00awKEy5VUvOKEtAW6,Resolution steps shared and validation is pending.,2024-09-23T23:22:40Z,0,500aYOs4vphPc8VAAP
00aXkr8n13SGe2kAUQ,The request was confirmed and routed to the appropriate queue.,2021-05-03T20:48:38Z,0,500FW9RQrU7VWO0IVX
00a2MOO3KC1HW1NY8O,Resolution steps shared and validation is pending.,2024-12-10T10:16:41Z,1,5004Xr7X73UCVxEIZ5
00a384SxaitAwpxIGA,The request was confirmed and routed to the appropriate queue.,2024-06-11T13:27:41Z,1,500olBqyVP8BTaDQAS
00ao8ITR18JtUvbQU0,Resolution steps shared and validation is pending.,2025-04-16T11:23:31Z,0,500gcsfu3GgZEARYLC
00anjKYdPwc8mtKYIY,The request was confirmed and routed to the appropriate queue.,2022-10-04T15:13:56Z,1,500AJ1fElRBlPD7Q7P
00apccIUNkrx4zyIP1,Service team reproduced the issue in a synthetic test environment.,2022-09-11T09:47:13Z,1,5001ajTKj6LUBkwQAP
00a3m5S31KLfLC1IDO,Configuration details reviewed; follow-up information requested.,2026-03-11T17:31:23Z,0,500p1gl1Q3LmJT4QX1
00azt0m53AVaSqAAE0,Configuration details reviewed; follow-up information requested.,2024-04-30T18:12:27Z,1,500Hw7SJvKNZJOdQML
00aQVCWafKXImrUA6U,Resolution steps shared and validation is pending.,2023-05-19T12:34:57Z,1,500yArYD9MsIccsQ0B
00aXvREAiYJxzRSYS7,Service team reproduced the issue in a synthetic test environment.,2026-02-13T18:07:11Z,1,500pSSbR8SSbMLyQGU
00aWdRbjt49mud7IQ5,The request was confirmed and routed to the appropriate queue.,2025-01-13T11:31:51Z,1,50082e09MygsdhbQL7
00aIybUY8n9xGxqAZV,Configuration details reviewed; follow-up information requested.,2025-11-21T19:29:15Z,0,50015np2UZeK6gdQBE
00avzJivOQoCE4cAR2,The request was confirmed and routed to the appropriate queue.,2025-12-30T04:32:55Z,1,500UHEgkrAyA2KjALX
00ahDJ80dKApEZJIMW,Service team reproduced the issue in a synthetic test environment.,2024-06-11T06:55:30Z,0,500EjrP3jusC0CGQP2
00aI5DncEuLgUOIYC5,Resolution steps shared and validation is pending.,2024-07-19T12:41:55Z,0,500js2OEdZ8vqxpA5C
00aCj3fIRd1G2H9ARP,Service team reproduced the issue in a synthetic test environment.,2025-11-05T05:54:23Z,0,500ncCkmiFYQou9AEP
00afOgtlORaz3NdQ3K,Resolution steps shared and validation is pending.,2021-04-03T12:29:51Z,1,500zBoDReiWPinIQIK
00aBRAPEw97sBiMQ0A,Resolution steps shared and validation is pending.,2024-11-06T14:59:59Z,1,500b72LIg7U3mB2IUG
00aoe1B0YeuO8Z7I13,Resolution steps shared and validation is pending.,2021-06-08T18:07:38Z,0,500RhREh0xJz8d4IPP
00aIL3BrS0jwQGpAEB,Service team reproduced the issue in a synthetic test environment.,2022-02-27T00:55:15Z,0,500Wjg1Xq4jIwJ4IOW
00anIJUp2b5XtutAH8,The request was confirmed and routed to the appropriate queue.,2025-06-30T15:20:57Z,1,500nZv4NaPF6fZVQ4Y
00al5ZOlLztcYA7AHA,Configuration details reviewed; follow-up information requested.,2022-04-15T17:27:21Z,1,5004EeyBTvkL3fWA37
00aPD6gFwRJl9phY09,The request was confirmed and routed to the appropriate queue.,2021-01-02T13:53:03Z,1,500nZv4NaPF6fZVQ4Y
00aAzYZj2rzKmd8QOB,Service team reproduced the issue in a synthetic test environment.,2025-07-29T16:18:04Z,0,500BztPCn9TJhYiI7T
00a2HRUIEANMdWQYCF,Service team reproduced the issue in a synthetic test environment.,2023-09-26T10:33:50Z,1,500XF6cAWWS2KmhQPQ
00a17vKlJLeleVwICD,Resolution steps shared and validation is pending.,2022-01-29T02:06:46Z,1,5006DP8PZ84uhURQ6Q
00aauS6MA6EMiBBIXR,The request was confirmed and routed to the appropriate queue.,2023-05-02T21:40:12Z,0,500R3kcIliBLLjYYEU
00a4AEtGYhbfl2RQXF,The request was confirmed and routed to the appropriate queue.,2022-01-07T16:44:58Z,1,500cuTrR9CHfMNyI0N
00auGfxtmjaqJnVARJ,Resolution steps shared and validation is pending.,2023-05-25T01:04:31Z,1,5002gGM9NTgZvxbIOF
00a8gM3UfvQzovCI8D,Configuration details reviewed; follow-up information requested.,2025-02-10T08:41:55Z,0,500Xq9tyG1HDzz9Y3S
00a2Ew3cqeGhGI7Q8L,The request was confirmed and routed to the appropriate queue.,2023-06-15T05:06:53Z,1,500rVSkEgMXvK0EQD3
00aNDgjntqcGvSGQFB,Service team reproduced the issue in a synthetic test environment.,2025-11-07T12:43:51Z,1,500F5HG7TvzuS82ARR
00aqsEHL4LtIQjSQ85,The request was confirmed and routed to the appropriate queue.,2025-03-17T15:57:50Z,0,500arcn3vx0KSUrIAY
00a1ukzXkyte14EAP4,The request was confirmed and routed to the appropriate queue.,2021-03-04T21:46:07Z,1,500CVJ8gQ8BywNAYPA
00a9XgGK2LiWBmxQIH,The request was confirmed and routed to the appropriate queue.,2023-05-10T21:13:22Z,0,500kyzJ6uWdVKu5QKW
00agWlvGosknwK1IDY,The request was confirmed and routed to the appropriate queue.,2021-09-21T16:54:28Z,0,500vDhmP7CkzRSNALO
00apbT0R1nSLRk7YNR,Configuration details reviewed; follow-up information requested.,2024-04-17T01:54:37Z,0,500XYxlCRUiApWHYJN
00aYqFMu39QXvyPI1X,Service team reproduced the issue in a synthetic test environment.,2024-08-11T21:25:34Z,1,500m9EIOaUKBT1vI9Z
00awPMEquCTrDh1QZQ,Configuration details reviewed; follow-up information requested.,2025-06-06T01:47:07Z,1,500npokBLyF3MHVAFH
00ayJI0PxWNTSmNYKV,The request was confirmed and routed to the appropriate queue.,2023-02-08T06:53:02Z,0,500U7M4x0LcmmBOAC8
00auhKomJ4lFcwHQSR,The request was confirmed and routed to the appropriate queue.,2024-02-28T01:43:29Z,1,500Hw7SJvKNZJOdQML
00aH5vsBxQPvvaCIOX,Resolution steps shared and validation is pending.,2023-11-12T18:11:53Z,0,500n68PWt0j123qQET
00a7e7TBnKUySLwQ9O,Configuration details reviewed; follow-up information requested.,2021-07-28T10:16:41Z,1,500EFgn1V53ORC6IEU
00avlADrmXaGG2ZQKU,Service team reproduced the issue in a synthetic test environment.,2022-01-05T04:45:02Z,1,500iisI735q7cJQA2T
00apYPZIslAtqpJY2S,The request was confirmed and routed to the appropriate queue.,2022-10-24T12:24:59Z,1,500BVjE3HWVtV4kATA
00a4n1joM1rxwGtAIJ,Service team reproduced the issue in a synthetic test environment.,2022-08-12T15:03:13Z,1,500exlNou425EUSAOI
00auJjV6r5dSjxBIEN,Configuration details reviewed; follow-up information requested.,2025-04-19T07:31:18Z,0,500ZxlfiB6MEEfbAWE
00az1UBku7o7RM8QJ4,Configuration details reviewed; follow-up information requested.,2026-05-04T05:13:28Z,1,500mga2QUUOrpS5I40
00aXfAnSCHtuhY5ITR,The request was confirmed and routed to the appropriate queue.,2025-08-21T08:21:52Z,1,500GTzgezetfgClI7T
00a19azPwQMzn4ZQMI,Service team reproduced the issue in a synthetic test environment.,2024-09-20T15:35:26Z,1,500nJiwVn5vUKIrANU
00avD9QtlvM2YyRIMJ,Service team reproduced the issue in a synthetic test environment.,2026-02-06T21:33:34Z,1,500qHQiMMzPNqAXQI9
00aP3WJWR6fBYUYY3I,Configuration details reviewed; follow-up information requested.,2024-01-02T18:44:53Z,0,500IQfDDlnYFJPZI42
00aV2cqriXAVbirY85,Resolution steps shared and validation is pending.,2023-12-15T16:12:45Z,1,500F5hWHbNZAQMAIDL
00aMIRnhdfxSfuvA46,The request was confirmed and routed to the appropriate queue.,2026-05-09T04:22:34Z,1,500BnPg6KYQSlDCYOB
00a6xHQLVbcXKwJAFN,The request was confirmed and routed to the appropriate queue.,2022-12-10T20:24:04Z,0,5004NGWa8XnTmIYYV6
00a20vz48MEqWMTIO1,Resolution steps shared and validation is pending.,2025-10-25T16:35:54Z,1,500yqcKJ0m6zNqdAR8
00asLfybK0NYNGHAOZ,The request was confirmed and routed to the appropriate queue.,2025-08-20T05:14:23Z,1,500hGT4xb2LvRIWQWA
00amra8MHZX32xAIFA,Configuration details reviewed; follow-up information requested.,2021-12-25T05:44:20Z,1,500a4Fy2wDn9oS5IZA
00ajQdLrGtjoYBcQR4,Service team reproduced the issue in a synthetic test environment.,2025-10-25T07:49:17Z,1,500rJwX4GonKRO2Y2C
00aWNKLMpIXKTiMANZ,Configuration details reviewed; follow-up information requested.,2021-09-30T18:37:45Z,0,500xpeNKuZknpwsIFM
00aA7bxYPWi8Ai2AY1,Service team reproduced the issue in a synthetic test environment.,2024-01-30T07:16:21Z,1,500fDv9ff5fBjcII3R
00acZjT28GI9uifIJ5,Configuration details reviewed; follow-up information requested.,2024-11-23T23:37:03Z,1,500fONbhIlwfPzoYDQ
00aq9HhvsS8FKjwY3H,Resolution steps shared and validation is pending.,2023-05-12T01:16:06Z,0,500QnB4eG9LWCJrIWB
00aZhy2gZfikmN8AZ9,Resolution steps shared and validation is pending.,2024-05-01T23:43:40Z,1,500Hw7SJvKNZJOdQML
00aiV9tksfL3lFoA3K,Service team reproduced the issue in a synthetic test environment.,2025-11-05T08:42:37Z,1,500T9S5EC3IIjFCAKF
00ajHHcJLeYADHDAIL,Configuration details reviewed; follow-up information requested.,2022-03-28T12:07:12Z,1,500Hw7SJvKNZJOdQML
00a1rKeBQPRMt9DYZT,The request was confirmed and routed to the appropriate queue.,2024-07-29T01:51:50Z,1,500U7M4x0LcmmBOAC8
00asiVLPU7O9gXpAI8,Configuration details reviewed; follow-up information requested.,2023-09-04T04:36:56Z,0,500mdpvojmmtgIWAX6
00anbbk7vML6w26ACM,Resolution steps shared and validation is pending.,2022-03-28T01:04:11Z,1,500xaVUuf39F1arYAL
00az0UUUCL4Z8loYR6,Configuration details reviewed; follow-up information requested.,2026-04-17T20:30:42Z,1,500d0rFPGOsGDk2QHU
00aRH6BRYqmfh77Q6C,The request was confirmed and routed to the appropriate queue.,2021-03-15T08:51:15Z,0,500gYFvGE1ciiVQIF5
00ajJXrP1iYpmTqYUY,Service team reproduced the issue in a synthetic test environment.,2024-02-18T19:03:56Z,1,500tkm4OBlUkVIyAI1
00aRbV4z3Xra5cAQER,Resolution steps shared and validation is pending.,2025-07-30T11:00:31Z,1,5000hwGp7NMBWjhQBQ
00asxNOYgbMCmFqYKL,Resolution steps shared and validation is pending.,2022-06-09T00:30:01Z,0,500K5p6ty4lYQmAA3Q
00abeYHiRvVoKUIYK3,Configuration details reviewed; follow-up information requested.,2022-01-17T00:32:11Z,0,500veEvngOJlEVjYXS
00alnWIxSFDQBesA82,Configuration details reviewed; follow-up information requested.,2025-05-17T03:41:18Z,1,500DDXejpQH2tEIYAL
00ae9hKvJmc50mJQKN,Configuration details reviewed; follow-up information requested.,2024-01-20T06:41:16Z,1,500cuTrR9CHfMNyI0N
00aZiwSs4mMr64QI4G,Resolution steps shared and validation is pending.,2025-06-07T06:59:36Z,0,500DeDhrKk9DUtTYGB
00aJVv5tjgGDixxAX8,Service team reproduced the issue in a synthetic test environment.,2024-10-21T07:43:23Z,1,500F0YbV4759fjrIRZ
00aTpSgwTMFNmn4Q3C,Resolution steps shared and validation is pending.,2024-03-22T11:09:30Z,0,5001XPeU0tP4mihQCG
00akhRxp1irztXEQNS,Resolution steps shared and validation is pending.,2024-12-18T13:46:33Z,0,500qoufHBnN5MxAYZP
00aSiHff7vIp2gbIO8,The request was confirmed and routed to the appropriate queue.,2025-07-26T20:22:17Z,0,500yM8uUmQMDnjwIGB
00axxiv8TbYEjrZQ55,The request was confirmed and routed to the appropriate queue.,2024-04-28T00:06:14Z,0,500ajNRQhlomHhrAJO
00a6n8kxWhRb0J2IYX,Resolution steps shared and validation is pending.,2022-09-17T06:14:25Z,1,500WgqitdoODDQMI74
00a6C8DoQHiGEPmQ5Q,The request was confirmed and routed to the appropriate queue.,2021-06-03T14:21:01Z,1,500WV27zsktTMjNYSN
00aEzMX4SyUUgPrYT2,Configuration details reviewed; follow-up information requested.,2022-03-12T22:07:55Z,1,500olUfvruc4FHYI3U
00ay2VzL9gy1tWgA3B,The request was confirmed and routed to the appropriate queue.,2022-05-08T22:49:59Z,1,500e6bVSrhd4CaaIF4
00aGymGS5QzftIgYAY,The request was confirmed and routed to the appropriate queue.,2022-11-29T13:24:11Z,0,500vYn49fMWJ2o2QWV
00a6dDTRh5r1HEeA4Z,Service team reproduced the issue in a synthetic test environment.,2025-10-07T00:58:37Z,1,500Hw7SJvKNZJOdQML
00aqTLumnFuJcjNI2T,Configuration details reviewed; follow-up information requested.,2023-03-08T05:55:20Z,1,500NsIWvCysMQYrA1S
00aEWR7soDRrBONQDZ,Resolution steps shared and validation is pending.,2023-08-06T21:47:32Z,1,5002TabswvNJ5IUA5D
00a5oLFMX9YA6oGIZR,Resolution steps shared and validation is pending.,2024-01-24T12:48:13Z,1,5000c9uDL5PwaPfIH3
00aRoIajs4gt3fYY53,Configuration details reviewed; follow-up information requested.,2023-08-15T18:15:11Z,0,500Id94IPWEdmVBA0K
00aNL4vd50sRNd3QS3,The request was confirmed and routed to the appropriate queue.,2025-07-03T11:42:26Z,1,500YYnF1V8XptMjIK9
00aK9hZKj1uzh3eAGV,Resolution steps shared and validation is pending.,2022-01-20T02:34:16Z,0,500b2RmBNYambnCQ4P
00aM7wHpm5S6HCAYBE,Configuration details reviewed; follow-up information requested.,2022-01-24T18:43:20Z,0,500TTBnCYv6QVT9ILH
00arJ1PCZjSOLBTYZX,Resolution steps shared and validation is pending.,2021-01-25T18:59:31Z,1,500umSOWa0vtcMkAQP
00amw5RrtLmwZSfQLP,Configuration details reviewed; follow-up information requested.,2024-08-13T11:30:10Z,1,500jOHAbECUEihMQWA
00ab3JngirCfnayI50,The request was confirmed and routed to the appropriate queue.,2022-04-06T23:02:46Z,0,500EZnrltFyqJuiAOM
00agNk7TIR8YyjoI9Q,The request was confirmed and routed to the appropriate queue.,2025-05-01T20:36:31Z,1,500Hw7SJvKNZJOdQML
00a8nrqmGZzxY41Y9Y,The request was confirmed and routed to the appropriate queue.,2023-12-04T02:23:42Z,0,5009tx2DKWrTQF3YBM
00aQ7wTi7ZQ7LqFISN,Configuration details reviewed; follow-up information requested.,2024-09-09T06:43:12Z,1,500ykliBCXgWhYkISA
00aRkheQuKxzGAAQ65,Service team reproduced the issue in a synthetic test environment.,2026-04-15T19:15:17Z,1,500mGHqGh6WJEY2IQ1
00aZrDuFUEn14CiY0C,Configuration details reviewed; follow-up information requested.,2024-01-04T21:32:50Z,1,500UyCGgpnadxc9AYH
00ahWLkqOAIsGDsI5Y,Configuration details reviewed; follow-up information requested.,2024-04-15T15:57:05Z,1,500Qrid3t56ShrSA35
00arvc92TEdtpb1YLX,Resolution steps shared and validation is pending.,2023-10-05T17:10:02Z,0,500rFJjWwztqaajATL
00aSNWZbVAB7faKY42,Service team reproduced the issue in a synthetic test environment.,2022-06-16T21:15:22Z,1,500Ru3W8DfODpo0ACL
00a3jSoeCJEC5BqYT5,Resolution steps shared and validation is pending.,2023-12-27T12:14:31Z,1,5008DonfP0o2MK4IC9
00aPo4bxG9uKbzgYVT,Service team reproduced the issue in a synthetic test environment.,2022-08-08T20:01:44Z,1,500iKYD4RVnnLeaIJP
00asxLd5toGFKgEY2N,Resolution steps shared and validation is pending.,2024-12-03T14:41:43Z,1,500hJz2mqLHvGgzYC2
00aL4DPylmRLJAFAJ1,Service team reproduced the issue in a synthetic test environment.,2023-07-23T23:48:23Z,0,5000GTIZNvy0PoqYNH
00aMoF4khXByJk1IAI,Configuration details reviewed; follow-up information requested.,2025-08-24T01:38:27Z,0,500FwxmWZsObGJeQOY
00ag9GmKdU1leq0QX0,Resolution steps shared and validation is pending.,2026-01-31T07:56:10Z,1,500QhsIuwwyFj96ISY
00aAxou9bsCU68MA2Y,Configuration details reviewed; follow-up information requested.,2022-08-24T15:12:56Z,1,500VQ1NlGoJfTn8QUR
00alBKKYixWydA5AMR,Configuration details reviewed; follow-up information requested.,2021-11-26T03:02:49Z,1,5000ap8ug4n4oceYV2
00auARVWQ0AxvrcIEW,Resolution steps shared and validation is pending.,2021-11-12T19:39:44Z,0,500gSnomi34s0RNA7B
00aGyoQxwIASBdSISA,The request was confirmed and routed to the appropriate queue.,2023-11-10T21:46:21Z,0,500Q3HBMWyorPWfIMP
00aUuzy8eQnQHrOA4M,Service team reproduced the issue in a synthetic test environment.,2024-10-12T15:53:48Z,1,5000gDgPurqsZOPYM9
00a5ESssq3WiIqTQ8O,Resolution steps shared and validation is pending.,2026-01-08T00:05:17Z,1,500REMG5fk9yOgbAWP
00aay1qNCoaXnghAFI,Resolution steps shared and validation is pending.,2026-04-10T06:08:34Z,1,500N6kTOcyZU6YeQYE
00aTHNwZ2mHJaGGY6X,Configuration details reviewed; follow-up information requested.,2023-01-16T16:38:59Z,1,500SYw6JMuo34mTQ3S
00aZjUd81C5DWNyY91,The request was confirmed and routed to the appropriate queue.,2025-02-25T04:19:07Z,1,500QIhUkJEvnokuAN8
00aYaxBHBoFqKxiA7Y,Configuration details reviewed; follow-up information requested.,2024-09-15T06:47:08Z,1,5001KTvjdwKlysaQOJ
00ayYQd3Ck927pCY1S,Configuration details reviewed; follow-up information requested.,2026-02-27T12:22:01Z,1,500kgLdRGYXr7X8YXH
00aK7GiKQ8n0YYcY6L,Resolution steps shared and validation is pending.,2023-01-03T15:39:10Z,0,500KHP8YYqDN4mzYEQ
00alIHwNu1G9CtlI6I,Resolution steps shared and validation is pending.,2023-01-08T06:37:45Z,1,50040RONtSpADJ8Y9S
00aLY3RIvSKXFMzQHI,Configuration details reviewed; follow-up information requested.,2024-09-13T00:55:35Z,1,500XPEADVnUVNoJIXS
00aa1ZEAAx8GdWWQM0,Configuration details reviewed; follow-up information requested.,2021-11-09T15:59:38Z,1,5002TabswvNJ5IUA5D
00aeBiJLZpZCgswQOS,Service team reproduced the issue in a synthetic test environment.,2022-11-27T11:02:07Z,1,500CuK8lNjuuD6VYVO
00aQQBO7RiOvrYZADF,Resolution steps shared and validation is pending.,2021-05-18T15:02:51Z,1,500pUMD71RH57EdQIZ
00aSL87ApfwCGVhA60,Service team reproduced the issue in a synthetic test environment.,2023-12-16T18:16:13Z,1,500v65fLYJBbjH7ALV
00aFrEhXLNAwGcVA2Q,Configuration details reviewed; follow-up information requested.,2026-04-11T05:05:23Z,1,500eGVnSvt90kyUIXS
00ac2aoQq9LS2PgAEU,Service team reproduced the issue in a synthetic test environment.,2021-09-12T13:20:21Z,0,500hRGjE7ylNLtIY9Z
00aLNbpC3mGN0uwQMU,Resolution steps shared and validation is pending.,2021-04-03T17:52:05Z,1,500ExV0aQWUBak8A8N
00amHsj9aBAEYbUQD3,The request was confirmed and routed to the appropriate queue.,2025-05-16T15:03:28Z,0,500NAtZF4UI5ElkY92
00a2hExOBp6tzYAAZ0,The request was confirmed and routed to the appropriate queue.,2023-06-09T14:14:01Z,0,500oU7yPyOgCUIOA7N
00a0nxBNs32oUOZY7N,Configuration details reviewed; follow-up information requested.,2024-02-26T19:31:24Z,0,5007Kxt7fLMtTQTIK3
00aGfp6k0MF27YAYSJ,Resolution steps shared and validation is pending.,2024-06-23T19:39:41Z,1,500r3PQvJ0ssdUeAQ7
00aQQEaVfvGcFwmQ2Q,Service team reproduced the issue in a synthetic test environment.,2025-04-12T13:54:54Z,1,500hGT4xb2LvRIWQWA
00asDT6wNjfKQQSY06,Resolution steps shared and validation is pending.,2023-02-20T14:52:49Z,1,5000rFxaQI1WMv2QP4
00ak8zXzqa1iStuYRO,Configuration details reviewed; follow-up information requested.,2023-04-15T20:22:21Z,1,500Yludj08C3bVCIBJ
00aCoKvsBwPaxAQI56,Service team reproduced the issue in a synthetic test environment.,2024-10-23T08:41:58Z,1,500aR2pqXgWL9mNY5O
00ahZnTu4kC965OAC5,Resolution steps shared and validation is pending.,2023-08-28T16:52:31Z,1,500vskdTyidNdRWAKH
00aEhMm5uiRjfflI6G,Resolution steps shared and validation is pending.,2022-05-19T10:08:04Z,0,500Hw7SJvKNZJOdQML
00anwZrCsOmQ5wbYH2,Resolution steps shared and validation is pending.,2022-11-16T03:34:27Z,1,500cvTDLNXqYP0IIO2
00aWfHr6mrk5tdaYMX,Resolution steps shared and validation is pending.,2024-09-29T19:43:57Z,0,500rAj6bKD7dbPdQOQ
00amoU8WMoDnzwVAF0,Configuration details reviewed; follow-up information requested.,2023-12-27T13:57:42Z,1,500BztPCn9TJhYiI7T
00aFtUEc5zyEBTkAR2,The request was confirmed and routed to the appropriate queue.,2025-06-20T11:41:20Z,1,500fom5p6QTltMoQ8B
00aHUafpk33pnsIAAM,Service team reproduced the issue in a synthetic test environment.,2025-06-19T15:09:55Z,0,500selSdpl85TbuQCI
00aFyj5DcY9htjtY8M,Service team reproduced the issue in a synthetic test environment.,2022-01-06T21:35:36Z,1,500tVE4tpC6IZUCARK
00aFflqTo95XKeQADF,Service team reproduced the issue in a synthetic test environment.,2025-01-02T21:38:08Z,1,500HF2BeFGvzcbPAZJ
00aPTZo0VGQj4B5QWK,Service team reproduced the issue in a synthetic test environment.,2023-01-22T08:11:32Z,1,500uGrxKESC5uQIIZT
00aZko65mu1I6LiAX1,The request was confirmed and routed to the appropriate queue.,2025-06-04T01:33:14Z,1,500lh6xubYwms8cIH5
00a7srPAw2wovnjQMK,Service team reproduced the issue in a synthetic test environment.,2022-11-30T18:45:40Z,1,500U6QU4MM3pTOHYSD
00afwrdvaPyI3zBY7H,Service team reproduced the issue in a synthetic test environment.,2025-12-14T01:02:36Z,1,500aYOs4vphPc8VAAP
00aXcA3V1gBdoxvY41,The request was confirmed and routed to the appropriate queue.,2022-01-31T12:00:12Z,1,500T0uB6S89VOshI3B
00aI3zmY8Wd5QMUI43,The request was confirmed and routed to the appropriate queue.,2023-03-18T00:23:34Z,1,5001W2d5GjZOAy6AWU
00aSrsL9IIXZ3d0YZJ,Configuration details reviewed; follow-up information requested.,2025-10-18T00:48:15Z,1,5004Bk58CafHvtbY9T
00awFtBs8wR6jTQQE6,Resolution steps shared and validation is pending.,2025-10-18T00:05:22Z,1,500P67xIKZ1JdIXQB0
00a0a1kHj3mtItzQJ2,Resolution steps shared and validation is pending.,2026-01-14T02:13:17Z,0,500irg3eBCKlFLkYFE
00aKPGhp48JAfCvY1N,Resolution steps shared and validation is pending.,2026-01-28T11:56:03Z,0,500JMQN9tofZiKdYGX
00aX2T8qUnNFMlgIH4,Service team reproduced the issue in a synthetic test environment.,2025-03-17T14:39:04Z,0,500ykliBCXgWhYkISA
00aQ9BDjJvnMANnQX0,The request was confirmed and routed to the appropriate queue.,2021-01-25T23:06:04Z,1,500bPjUigRXR3HFIW2
00aKzU39Vw3SEPmIQS,Service team reproduced the issue in a synthetic test environment.,2022-12-06T12:43:07Z,1,500VJEFVDG1Q5fsA46
00a0YqUevp11Fz0IAM,Resolution steps shared and validation is pending.,2025-04-28T20:57:27Z,0,500tVJGu3ZYpHnPYYO
00a3YGEs7dlY1X2YWG,Service team reproduced the issue in a synthetic test environment.,2022-02-08T12:34:33Z,0,500Yv70HUAYbnH7A78
00aQZhCzokPqqaLAZO,Resolution steps shared and validation is pending.,2025-06-28T18:23:34Z,0,500pOyjj6lv6DGUAD8
00aWFMsaAC9QqI7QIL,Configuration details reviewed; follow-up information requested.,2023-08-30T23:34:32Z,1,500yArYD9MsIccsQ0B
00au3H7t3i5UzPpQR2,Resolution steps shared and validation is pending.,2023-10-11T09:22:13Z,1,500Hw7SJvKNZJOdQML
00aLH1DbzK7F3VMAKC,Resolution steps shared and validation is pending.,2021-06-19T04:35:20Z,1,500SScj3yV8x3uUI5K
00aD8YFiz6fnWUCAHS,Resolution steps shared and validation is pending.,2025-06-22T12:53:49Z,1,50005zMeCWTPYfOIAC
00aiFKUkyc88BmDIGD,Resolution steps shared and validation is pending.,2022-07-17T06:15:16Z,1,5001qkZ9Ml1MoIGICB
00a2MnbnZBu5RpqAWI,The request was confirmed and routed to the appropriate queue.,2022-04-20T07:39:49Z,1,5001WvXUUxPvpZYQ6O
00a0Vo4nJ13VUIpAGA,Service team reproduced the issue in a synthetic test environment.,2024-10-28T07:44:36Z,1,500x0MFV4BcajqbADH
00a7BH7HPIJ6lGIYCG,The request was confirmed and routed to the appropriate queue.,2026-04-07T12:59:38Z,0,500Qrid3t56ShrSA35
00aPQhDg4Bw5aytAF6,Service team reproduced the issue in a synthetic test environment.,2021-10-19T02:52:26Z,0,5000ap8ug4n4oceYV2
00aDOog4YfEQmMoIMV,Resolution steps shared and validation is pending.,2022-06-09T19:05:44Z,1,500TX0AEaaytslNY7C
00affFZ1eKDGPJ1AQ9,The request was confirmed and routed to the appropriate queue.,2021-01-01T16:23:40Z,1,500WpFotQdLvp0fQ55
00aVtzBca93GUywAGG,The request was confirmed and routed to the appropriate queue.,2023-04-09T02:53:12Z,1,500uEujDbzBKF3DI8G
00aF4VA3iKf5dljYAP,Configuration details reviewed; follow-up information requested.,2023-04-06T20:36:33Z,1,500Ei25eFGDp8yEAY1
00aCuKfIdQJaPlHI7E,Resolution steps shared and validation is pending.,2025-05-06T05:04:23Z,0,500T9S5EC3IIjFCAKF
00alEMDEjgliTe0Q5N,Configuration details reviewed; follow-up information requested.,2024-03-25T15:50:03Z,1,500IBZO1QFuNHArYXH
00aaoee8O0NiT46Y6W,Service team reproduced the issue in a synthetic test environment.,2022-09-29T05:18:06Z,1,500eGeYg7vdF3pGQ24
00alTr7FaiCDrInI6Z,Resolution steps shared and validation is pending.,2026-01-23T14:55:11Z,1,500UAkPb9Jwcx7MIPR
00auADYNE5gmIpMAO3,Resolution steps shared and validation is pending.,2025-01-14T01:45:17Z,1,500IXjfNQ6V3YxvYII
00asGLfid7GHay3A1H,Configuration details reviewed; follow-up information requested.,2026-06-01T00:31:12Z,1,500mXc2wlA3hfqYQHM
00aR7vQBELRz4OVY27,Configuration details reviewed; follow-up information requested.,2023-11-02T21:45:45Z,0,5000naMMQPzbBnVI42
00awFrejf7qNXFcI1J,Resolution steps shared and validation is pending.,2024-05-22T07:22:09Z,1,5000J5ItDEDSzzVAWB
00aV5oJkghXg4xII9D,Service team reproduced the issue in a synthetic test environment.,2023-10-19T13:38:18Z,1,500JHfQRYrJ24rmYRZ
00agyHx1M1nJuXzI23,Configuration details reviewed; follow-up information requested.,2021-08-28T15:53:11Z,0,500CnlwRWbnavbeIXT
00aA849HlcNl6yWQDU,Service team reproduced the issue in a synthetic test environment.,2021-08-03T09:12:00Z,0,500KSkWp2Z6pyAIQPU
00at2PSfWZxeBNdIZK,Configuration details reviewed; follow-up information requested.,2025-07-25T10:22:36Z,1,500EmaWlrSzyJZkAJE
00ayoLSLtABh6O4A2E,The request was confirmed and routed to the appropriate queue.,2025-02-28T22:37:53Z,1,500oYagPAPsWYf7IYE
00a29Y7P83Hv3ZCITH,Service team reproduced the issue in a synthetic test environment.,2025-07-27T14:26:22Z,1,500itQ1XxEWlQ8VQ8W
00a68Diaj2eZ3H0IWM,Resolution steps shared and validation is pending.,2021-03-27T00:17:39Z,1,500Zmz94iab3HydQFG
00aPdGyyVTht6P8QLD,Resolution steps shared and validation is pending.,2022-01-14T01:43:07Z,0,500ViLAl5AIEvZjY0H
00aRs2YjCR5QRQNII7,Service team reproduced the issue in a synthetic test environment.,2025-06-26T05:42:13Z,0,500QnB4eG9LWCJrIWB
00ayeO8r7Szvh9cISH,Service team reproduced the issue in a synthetic test environment.,2024-05-24T08:51:25Z,1,500B0jrdT3oMGJdA97
00aybkD4BLeVB80ICS,The request was confirmed and routed to the appropriate queue.,2022-09-30T00:56:18Z,1,500a71OgRKKcEaWIIJ
00aqaqIGnbAEUg9YTJ,Service team reproduced the issue in a synthetic test environment.,2023-02-03T23:27:53Z,1,500GCGb4idCYTY1YX3
00aCps5ZPnheXa2QAL,The request was confirmed and routed to the appropriate queue.,2022-05-02T00:53:53Z,0,500YzVpSEs6eJ2iIZT
00aCcGt22yi3gwHA0T,The request was confirmed and routed to the appropriate queue.,2025-01-23T00:15:00Z,1,500wHOcKX77GBiuI07
00aO63Bhx7F38apAWG,Configuration details reviewed; follow-up information requested.,2023-12-05T14:49:40Z,1,5007uZEhS9KLxw6IX6
00a9kPtqnXXDLb0AOB,The request was confirmed and routed to the appropriate queue.,2025-04-10T00:30:06Z,0,500ZxlfiB6MEEfbAWE
00aU6kqQ3ykVW74ARX,Resolution steps shared and validation is pending.,2025-03-25T08:01:45Z,0,500RnfoN2lbWnnpQOL
00aGyJ605oSo2ZqAUF,Resolution steps shared and validation is pending.,2023-04-30T12:36:41Z,1,500fEiBiByOicXOY0S
00aLA3vZw6Egjy0QL4,Configuration details reviewed; follow-up information requested.,2025-04-30T00:23:22Z,1,500eUNz7RFVKPiAYT7
00aJsZXaPZetfv5INH,Configuration details reviewed; follow-up information requested.,2024-03-19T20:16:00Z,1,50040RONtSpADJ8Y9S
00anZwMP2POzS0eIOP,Service team reproduced the issue in a synthetic test environment.,2023-12-25T20:49:28Z,1,500ESwqLiFcZoygYBZ
00ansIEhJ6mdYmoI4L,Service team reproduced the issue in a synthetic test environment.,2024-02-17T06:22:35Z,1,500HQhZBl5h71gPAOX
00aivfODFJumvkwAXE,The request was confirmed and routed to the appropriate queue.,2021-03-02T00:36:50Z,1,500FwJ43p85qBkvAP9
00aJYqpdcyaPEREYTP,Configuration details reviewed; follow-up information requested.,2024-08-16T18:04:43Z,0,500FZu4cAb7kHYbAXA
00aJZNhCCUQVq7dQYF,Resolution steps shared and validation is pending.,2024-08-19T22:56:41Z,0,500ZOGVCoXICTYQI6D
00a5HR7Y2siL9vAI9G,Service team reproduced the issue in a synthetic test environment.,2026-03-05T13:36:42Z,1,500ITVnfnbviQcrIUS
00aljJzOs9Vdm4lQFU,Resolution steps shared and validation is pending.,2024-10-25T13:50:02Z,1,500NUlbnTajFCVQQWU
00aThYZIymdWdJaYDR,Service team reproduced the issue in a synthetic test environment.,2022-09-25T15:01:34Z,1,500aYOs4vphPc8VAAP
00atRigbL8LXdrRAGD,The request was confirmed and routed to the appropriate queue.,2022-10-02T11:33:52Z,1,5005xsTZYELfW6OYY9
00alcWzDNlTi473QH4,The request was confirmed and routed to the appropriate queue.,2025-02-21T00:49:28Z,1,500Z8doQG1Q0Z80YQ1
00adYqarbgQ7ws0IQJ,Configuration details reviewed; follow-up information requested.,2025-07-07T22:21:42Z,1,500J8hE8oHvXzZCI2Z
00aMGauurs8SWcdINF,Resolution steps shared and validation is pending.,2021-05-31T22:20:50Z,1,500tr7Wi4gRqthQAZ5
00aVREswiqfAEyfA2S,Service team reproduced the issue in a synthetic test environment.,2024-12-07T05:41:40Z,0,500itQ1XxEWlQ8VQ8W
00a255eSrhNG8RXI3B,Resolution steps shared and validation is pending.,2022-12-22T17:29:21Z,1,500JFn21I7RcgEMQ29
00aif3pDwIpBktPIOC,Service team reproduced the issue in a synthetic test environment.,2025-09-12T17:03:53Z,0,500YgEPdDEwpjQaY8A
00atd2ODMvtlEjKQ52,Configuration details reviewed; follow-up information requested.,2026-05-08T08:32:43Z,1,500ofA9nvaaz8geICM
00a6Jy8sMyZ2LlpA28,The request was confirmed and routed to the appropriate queue.,2021-09-13T17:41:11Z,1,500V67XcAcy7mSIYNH
00aOSt5OGL9F0eHAZ2,Resolution steps shared and validation is pending.,2026-05-08T07:05:06Z,0,500Qy6IqUJFcqenQHT
00asCByLyKafaULA15,The request was confirmed and routed to the appropriate queue.,2022-06-12T13:22:25Z,1,500Hw7SJvKNZJOdQML
00aDX4RAQhoI1fhABG,Service team reproduced the issue in a synthetic test environment.,2023-10-09T02:07:59Z,0,5001fwepBWA5a9AQZE
00aAyM05QPcgM1tAS7,Configuration details reviewed; follow-up information requested.,2024-09-01T06:51:27Z,1,500HF2BeFGvzcbPAZJ
00a2RliDVYHsxYLQYD,Service team reproduced the issue in a synthetic test environment.,2023-04-23T21:28:56Z,0,500iisI735q7cJQA2T
00a1c2ZRDlS2hBGAEP,Configuration details reviewed; follow-up information requested.,2022-01-25T12:32:34Z,0,5005frWInn3urJ8Q51
00a7jfEfiY6Fb8GIRT,Resolution steps shared and validation is pending.,2025-09-03T03:31:52Z,1,500RnWF8t8knYwtQGA
00awrFg5wzlGA1dAOE,Service team reproduced the issue in a synthetic test environment.,2023-07-05T06:09:42Z,1,500eWiiglJTxVMEAPI
00aLBSUy5U5RHSqA9O,Service team reproduced the issue in a synthetic test environment.,2024-06-16T01:20:28Z,1,500m10IM25HkjX4QW8
00aeVRxD27BE8UhYRZ,Resolution steps shared and validation is pending.,2023-02-15T19:15:05Z,0,500r7uzZtpqvJsrYCO
00aU1dRZW2uyZnVIT0,Resolution steps shared and validation is pending.,2024-09-28T11:16:19Z,0,500YlshwJC78UxcAQ1
00akhETI897KGeaIYQ,Configuration details reviewed; follow-up information requested.,2023-10-02T21:53:42Z,0,500RdpOApDVFVF5YLB
00aukgLNA6PZFFhY5W,Configuration details reviewed; follow-up information requested.,2023-04-28T15:18:10Z,1,5004NGWa8XnTmIYYV6
00aMFmjbuW5gg6pYK3,Resolution steps shared and validation is pending.,2026-06-09T08:18:54Z,1,500J31tZUfuCDAdYLV
00az4UW7wzZqZKmYL7,Service team reproduced the issue in a synthetic test environment.,2024-01-16T00:53:54Z,1,500Hw7SJvKNZJOdQML
00aQmMauFaliESBYN8,Configuration details reviewed; follow-up information requested.,2021-08-15T13:14:01Z,0,500soCGkCTJ00RqYQ7
00a3mikIsat7ya9AZB,Service team reproduced the issue in a synthetic test environment.,2022-10-12T03:03:50Z,0,500exlNou425EUSAOI
00aDbmKOb52sJEUAWL,Resolution steps shared and validation is pending.,2021-10-04T00:43:12Z,1,500iAscHBsiiic4YYV
00aYq5Ued43syjbA0M,The request was confirmed and routed to the appropriate queue.,2026-04-15T05:26:10Z,1,500YH0KPffLgtEjYQM
00awvQzvoHpRVIQAHV,Resolution steps shared and validation is pending.,2024-11-07T16:14:27Z,0,500jOHAbECUEihMQWA
00alI3ZR6YqmcZ2A6P,Resolution steps shared and validation is pending.,2022-08-25T09:53:36Z,1,500GVowstbAZFcoQD1
00a10P3MH1QUbvNYHQ,Service team reproduced the issue in a synthetic test environment.,2024-11-01T05:18:58Z,1,500HMN8lHevbvi4IVH
00adqug2If3znOwIQK,Service team reproduced the issue in a synthetic test environment.,2022-01-27T15:40:47Z,1,500esz8JXCNHFa1YCI
00aHQ011wFTeYaKQ2J,The request was confirmed and routed to the appropriate queue.,2026-06-24T08:36:16Z,1,500qRbhaSLkySMzQ1K
00aBguCpkF7WLaSI89,Service team reproduced the issue in a synthetic test environment.,2022-12-03T20:34:15Z,0,500a0dVYeg4V0JuY8R
00aYASTt9djeMZ9ALP,The request was confirmed and routed to the appropriate queue.,2025-06-20T12:01:18Z,0,500MUe8HHkY6owUI52
00a1eioVBgOuBg2IZB,Service team reproduced the issue in a synthetic test environment.,2024-06-28T12:29:39Z,1,5008DonfP0o2MK4IC9
00apkOONgNgnNuGYS5,Configuration details reviewed; follow-up information requested.,2024-02-09T11:03:03Z,0,500A4czPWulz2tYQ6S
00a1MXjx5eFJAMqI0S,Configuration details reviewed; follow-up information requested.,2021-06-03T08:40:11Z,0,500xKU3e6ehqWGBI0V
00aqZcJHZgzVq1PICZ,Configuration details reviewed; follow-up information requested.,2023-09-20T06:43:00Z,1,500GVdPIc1H7onkY93
00a8njtAjobZLelAIF,Resolution steps shared and validation is pending.,2025-12-29T17:00:21Z,1,500Cxea3n60DlKZQZ6
00adght4LVYx34dYHQ,Resolution steps shared and validation is pending.,2022-12-18T15:37:57Z,0,5006frsbaaIxgiJAVR
00a61hMrd1LPHclQ9Z,Service team reproduced the issue in a synthetic test environment.,2023-03-26T05:15:20Z,1,500CA9jEFE27aLgARO
00aNlrCNuCOYxnCYOA,Configuration details reviewed; follow-up information requested.,2021-01-19T11:32:53Z,1,500LOiNRGIhMk5AIVQ
00a9iFSiEacyZVLQMT,Resolution steps shared and validation is pending.,2022-09-30T01:41:42Z,0,500BDSXWgJ1JrBkQAE
00a5IxFu9VwvxjeQK1,The request was confirmed and routed to the appropriate queue.,2021-08-06T22:12:43Z,1,500Hw7SJvKNZJOdQML
00aNYhHXb6Y2LjyISA,Configuration details reviewed; follow-up information requested.,2026-05-11T00:59:55Z,1,500qyVBGqKv8LVwIHK
00aqkCDkJsCixPPY9Q,Resolution steps shared and validation is pending.,2021-03-16T22:06:29Z,1,500HIQtRkooZbh1AEM
00aCVCWnWYqESaEQSR,Service team reproduced the issue in a synthetic test environment.,2021-09-19T22:39:03Z,1,500HoAsfKJ6oI5WINU
00azwB4QTZVx7cgANU,The request was confirmed and routed to the appropriate queue.,2025-11-02T22:32:48Z,1,500sSKvqYG1SW8LQI0
00aQRt5lR0CX2upIOY,The request was confirmed and routed to the appropriate queue.,2022-05-20T18:13:50Z,1,500DfnOuoQeTziHIOJ
00aUSqPpPVNlARuA9J,Service team reproduced the issue in a synthetic test environment.,2021-07-01T23:00:08Z,1,500G0qsgXfP13wLI5P
00aGqn9U4YaEnMTYI1,Configuration details reviewed; follow-up information requested.,2024-03-25T06:17:37Z,0,500J4iAdN9bfDmoQS2
00aQB2ryQiUEV1qQ0F,Configuration details reviewed; follow-up information requested.,2024-05-24T21:58:13Z,0,500Hw7SJvKNZJOdQML
00aqNLKgzjXNPMpI34,Configuration details reviewed; follow-up information requested.,2022-09-11T18:41:17Z,0,500UY0iDyPrNd7nYL6
00aThtZ7UWgfJyTITV,Configuration details reviewed; follow-up information requested.,2024-05-02T07:47:01Z,0,500o1BUd2osTGDBQEW
00aXsl9ln2mN9LRAVS,Service team reproduced the issue in a synthetic test environment.,2022-04-14T06:49:15Z,1,500ddaHBgHq4ad0AYI
00agIHNZQPTpMygAZ1,Service team reproduced the issue in a synthetic test environment.,2023-10-17T19:03:30Z,1,500x2qelGSNI3TlYCJ
00apPw9bGF1jkC0I7T,Resolution steps shared and validation is pending.,2025-02-24T18:36:17Z,1,5009vC9CFLQtCVhY0V
00ajRXnL0FHyWGYYKZ,Service team reproduced the issue in a synthetic test environment.,2022-10-31T16:19:54Z,1,500FAHnImTn01qkY6Y
00aUIMWBtwjR8YEAA3,The request was confirmed and routed to the appropriate queue.,2021-01-22T14:05:40Z,1,500FcZS51dyBW26YJC
00aDHVsqv1xFQLaYRB,Configuration details reviewed; follow-up information requested.,2025-09-06T19:12:06Z,1,500dQfEhXyoUO2BYKQ
00a8u523jP1PKFFIE4,Configuration details reviewed; follow-up information requested.,2023-12-22T11:14:10Z,0,500vRTtt8EucL2LYCC
00aGhnLTwy48QS8IYY,The request was confirmed and routed to the appropriate queue.,2021-03-18T15:19:01Z,0,500vRTtt8EucL2LYCC
00abrY84OQrssztQGP,Configuration details reviewed; follow-up information requested.,2021-11-05T09:03:43Z,1,500CY4z65I1VOzsI9Q
00a4gW4MS4S63vKIUA,Resolution steps shared and validation is pending.,2021-02-18T04:47:22Z,0,5001WvXUUxPvpZYQ6O
00aVuGQPCr2Zit3IRY,Service team reproduced the issue in a synthetic test environment.,2023-07-16T04:03:01Z,1,500Wjg1Xq4jIwJ4IOW
00aA5ykwN6FY6SeAP3,The request was confirmed and routed to the appropriate queue.,2022-12-07T23:34:18Z,1,500L8RD6xodX6alQUT
00aGsE2VJCK7c5FYSU,Configuration details reviewed; follow-up information requested.,2024-04-16T08:23:35Z,0,500RqM4eFSLeOz4ARX
00aBi6eKdrkAUCaYA1,The request was confirmed and routed to the appropriate queue.,2021-02-21T05:22:14Z,1,500Hw7SJvKNZJOdQML
00adIZcatyjlESCIMN,The request was confirmed and routed to the appropriate queue.,2025-03-12T19:33:26Z,1,500xaVUuf39F1arYAL
00aZnuiHoVnevpxQ02,The request was confirmed and routed to the appropriate queue.,2023-04-26T20:04:17Z,1,500hzj7G15Vpp6hQNR
00asRCG0A2vxL6QAT5,Service team reproduced the issue in a synthetic test environment.,2023-10-14T13:58:15Z,0,500CnlwRWbnavbeIXT
00aa5p5rp6VkMEFA1V,Service team reproduced the issue in a synthetic test environment.,2023-09-30T12:19:50Z,1,500zJhAufy6iKkuYRY
00aHpirKoaMeXJ6A26,Configuration details reviewed; follow-up information requested.,2022-10-10T02:32:47Z,1,500tox5KudndMuYQPL
00aJ4GFcsO922TYARF,Configuration details reviewed; follow-up information requested.,2022-12-16T11:52:11Z,1,500TyDPH2Ju5MGMI2J
00a9r5Rn42R6uE6YAJ,Configuration details reviewed; follow-up information requested.,2021-08-20T08:41:41Z,1,50029wvxkccH32AIG8
00aPnyFSHJN3YTbIM8,The request was confirmed and routed to the appropriate queue.,2022-08-02T04:57:39Z,1,5003eDSY7M83ZZoA6D
00aVnSfBSZKvsMRYS2,Configuration details reviewed; follow-up information requested.,2025-09-12T17:38:14Z,1,500J31tZUfuCDAdYLV
00ar5MfBY1j2bV4YAK,Configuration details reviewed; follow-up information requested.,2025-04-25T21:03:49Z,0,500Zad0BAbDKPjpYKF
00aNhUOdzkqdH4KQBD,Service team reproduced the issue in a synthetic test environment.,2021-10-29T14:56:06Z,1,5009vC9CFLQtCVhY0V
00asBYKpc7BhXrHYQJ,Resolution steps shared and validation is pending.,2023-07-19T14:12:47Z,1,500U0pTr4AJYN8ZYYA
00aV800h7QymUBqI5X,Configuration details reviewed; follow-up information requested.,2023-09-26T03:56:20Z,0,500VJEFVDG1Q5fsA46
00axEIwU7mDyxbAAF6,Service team reproduced the issue in a synthetic test environment.,2023-08-06T11:41:45Z,1,500ENv6KxdmpwPiI8Q
00anxxJ9uf4DeImYVD,Service team reproduced the issue in a synthetic test environment.,2024-06-03T19:07:00Z,1,500VovPZcTpUwzJISN
00aCkk18FFJQAU9Y6G,Configuration details reviewed; follow-up information requested.,2021-06-21T09:09:30Z,0,500IJ2MTV9PLDLoQ60
00a6eBcUSSiUtLXQ88,Resolution steps shared and validation is pending.,2023-11-24T03:03:43Z,0,5000naMMQPzbBnVI42
00aA0Aei6l6yJMeIKI,The request was confirmed and routed to the appropriate queue.,2023-07-07T17:46:42Z,1,500TTBnCYv6QVT9ILH
00axaToyRVqJGBZIOY,Resolution steps shared and validation is pending.,2023-12-28T16:47:28Z,1,500XG8Nn2qy03aLQN6
00aRyH7zL6If6uPI9E,Service team reproduced the issue in a synthetic test environment.,2022-11-24T11:53:23Z,1,500UWh5BiUDI0jfQJJ
00aHgyCGlYVoRzBIEC,Configuration details reviewed; follow-up information requested.,2024-07-01T22:01:17Z,1,500D8sFtF6iD9mhQQK
00aorqhxSOSdOvTYBQ,The request was confirmed and routed to the appropriate queue.,2025-05-31T11:06:24Z,1,500Hw7SJvKNZJOdQML
00a51HvayZyu6clYHB,Configuration details reviewed; follow-up information requested.,2021-07-19T16:42:27Z,0,500XQtPQMyoRri0QDD
00aKNfln2O3zNvCAS4,Configuration details reviewed; follow-up information requested.,2022-11-16T19:22:56Z,1,500fEiBiByOicXOY0S
00acWO8cVzYIbgYIP5,The request was confirmed and routed to the appropriate queue.,2024-12-05T04:17:11Z,0,500yFDPpvwtwDZOAGP
00aqjtqIIUoktdhAXP,The request was confirmed and routed to the appropriate queue.,2026-04-07T23:48:42Z,1,500uHVRYq4lwSSHA52
00aj7vGEcLowPchYMS,Service team reproduced the issue in a synthetic test environment.,2023-04-24T19:06:47Z,1,500ipNOxN4ItCsaAFX
00ayHvl5xGDEL4cA40,Configuration details reviewed; follow-up information requested.,2025-08-15T03:34:37Z,0,500yHlM1Nd0OdygQIV
00aL2Qqmvuu4rPkQ8I,Resolution steps shared and validation is pending.,2022-11-24T01:39:05Z,1,500FAHnImTn01qkY6Y
00anmtoeZKeRA19QBX,Service team reproduced the issue in a synthetic test environment.,2023-04-05T04:04:39Z,0,5007wHPZfbw2Ps1QKY
00anXvDRvnNl1ksAOK,The request was confirmed and routed to the appropriate queue.,2026-04-29T03:56:09Z,1,500HyWeaywE0DIsYJT
00aIb6Hgcd3jM4wAET,Configuration details reviewed; follow-up information requested.,2022-02-09T12:21:47Z,0,500hA6g5wEy6U3uIRO
00aL3gL1qw3OP1xI9X,Configuration details reviewed; follow-up information requested.,2023-03-18T12:02:48Z,0,500R3kcIliBLLjYYEU
00ae83ZvxKBtm36AH2,Configuration details reviewed; follow-up information requested.,2021-12-13T16:01:45Z,1,500e5bsj5smLRciYIU
00aUYWeSdFrsFmMYON,Configuration details reviewed; follow-up information requested.,2021-07-12T18:46:13Z,0,500RnWF8t8knYwtQGA
00aP5EzcQ5v46eEAZ7,Configuration details reviewed; follow-up information requested.,2026-06-07T12:09:58Z,0,500iKYD4RVnnLeaIJP
00awjHf4CumFfPkQJ6,The request was confirmed and routed to the appropriate queue.,2023-12-31T19:26:58Z,0,5000J5ItDEDSzzVAWB
00au2U5dNejKmLIQZN,Service team reproduced the issue in a synthetic test environment.,2021-06-22T15:26:42Z,1,500V819CJ8iL2PmIXG
00a0g6U4BMxbnv9Y41,Service team reproduced the issue in a synthetic test environment.,2023-12-13T11:35:52Z,1,500ysh7TvKL59AcQUD
00aVh7fAuWJmxGdYJQ,Service team reproduced the issue in a synthetic test environment.,2025-03-28T12:44:24Z,0,500q8X7KeMwFyWPYT1
00aXnSYcrvQEDllYPC,Service team reproduced the issue in a synthetic test environment.,2022-11-30T16:17:55Z,1,500qRbhaSLkySMzQ1K
00a2QqUcBTY8EHKQEW,The request was confirmed and routed to the appropriate queue.,2022-01-10T03:57:50Z,0,500sUAFmZspU5AvYGM
00ajL61PKLwyJdgY8T,Configuration details reviewed; follow-up information requested.,2024-08-19T14:07:21Z,1,500HMN8lHevbvi4IVH
00aROqSQ60tpxFiY9T,Service team reproduced the issue in a synthetic test environment.,2024-05-11T02:12:10Z,0,500wrSFAYQE4x47I6G
00aGkhjsjkyuWYcYU9,The request was confirmed and routed to the appropriate queue.,2021-07-17T17:37:55Z,1,500dVwAe4VX5ywsIKR
00aW2Cg6sp6xHlvYYS,Resolution steps shared and validation is pending.,2023-01-27T18:38:10Z,0,500RdpOApDVFVF5YLB
00a8wpTowQ7Qq0WING,Configuration details reviewed; follow-up information requested.,2022-07-24T23:55:43Z,1,500DovPJjISIygKART
00axl4gJLOhBooZYP8,Service team reproduced the issue in a synthetic test environment.,2026-02-28T14:16:58Z,1,500dzpRKQIDJWhdQL7
00a3z9fLjb5PqoqYQ0,The request was confirmed and routed to the appropriate queue.,2025-12-18T06:39:35Z,1,500ExV0aQWUBak8A8N
00ayFWSkCjJIvrCIER,Service team reproduced the issue in a synthetic test environment.,2025-10-20T07:04:51Z,1,500SScj3yV8x3uUI5K
00aIMGZFZXqNdbKAWC,Resolution steps shared and validation is pending.,2025-09-29T21:24:45Z,1,500aJvIczHCrt6KY7Q
00a7zlZBkB2DJ70ID6,Resolution steps shared and validation is pending.,2021-07-21T21:40:17Z,1,500xZVEk5M2JjLqYX5
00aggaQOv05SRSPYMX,Resolution steps shared and validation is pending.,2025-12-13T01:07:47Z,1,500snDSM5bS9NjnIXM
00aCt1bFjtUdVzPQYL,The request was confirmed and routed to the appropriate queue.,2021-01-25T03:40:31Z,1,500PHkPj5bCX2RXAT6
00adjSkxn9YOmzWIWO,The request was confirmed and routed to the appropriate queue.,2023-02-08T12:38:01Z,1,500BRP2yihMtoSuQFB
00aJewZT2tJ3zbHA1T,Resolution steps shared and validation is pending.,2022-06-30T02:38:48Z,0,500lYuV1meyGAOvYZK
00auTHbXHScfTeOAUP,Configuration details reviewed; follow-up information requested.,2025-12-30T12:58:42Z,1,500G7gkgGEJesUrI46
00a6fdAh3juelpwQ2U,Resolution steps shared and validation is pending.,2022-12-14T00:15:53Z,1,500Hw7SJvKNZJOdQML
00arE0gztuqkydBIUF,Resolution steps shared and validation is pending.,2022-12-16T12:54:59Z,0,500sV1cGk78RQolQL3
00awwPmEqIQUI6IYDW,Configuration details reviewed; follow-up information requested.,2022-03-30T03:22:22Z,1,500ymFiLrVuVTtpQ4S
00ar4dhYZLxXrdJQ26,Resolution steps shared and validation is pending.,2023-09-16T14:25:16Z,1,500RLO9KEGl756yYMY
00aNsY4jwJL7ezXARF,Configuration details reviewed; follow-up information requested.,2025-12-15T15:43:44Z,1,5000AmTavF93w6TYMC
00aDZiOaST8wgueAUZ,Service team reproduced the issue in a synthetic test environment.,2023-01-02T20:40:57Z,1,5005frWInn3urJ8Q51
00a9uGo8rFeijS9YTE,Resolution steps shared and validation is pending.,2026-04-29T10:48:59Z,0,500KFmwVhpg6GUuQPA
00aZakrCkGDCoPLQZY,Resolution steps shared and validation is pending.,2024-05-27T06:04:21Z,1,500DKupSluQAu1XQ46
00avjMKk4cPxH12Q5J,Service team reproduced the issue in a synthetic test environment.,2024-06-26T19:25:59Z,1,500A4czPWulz2tYQ6S
00aodMSFt4SUuI3AD7,Service team reproduced the issue in a synthetic test environment.,2023-07-21T09:40:10Z,1,50031d52dCe0pjjIBP
00aH1RP699MkkApIS2,The request was confirmed and routed to the appropriate queue.,2024-11-08T10:26:15Z,0,500BnPg6KYQSlDCYOB
00anSnLyLg1sZPcAH2,The request was confirmed and routed to the appropriate queue.,2024-10-14T07:46:09Z,0,500ITVnfnbviQcrIUS
00aZQrWP2HvOE0vY91,Resolution steps shared and validation is pending.,2022-07-28T22:29:36Z,1,500pWed3ZmkRKVXQHO
00afGJscfaHcofjIZ8,The request was confirmed and routed to the appropriate queue.,2022-10-20T20:24:52Z,1,500L8RD6xodX6alQUT
00aLfZmVYqJffldQI3,The request was confirmed and routed to the appropriate queue.,2024-11-22T11:17:17Z,1,500GfYY38QUbBufIME
00a3Y4T5MLbGooFA74,The request was confirmed and routed to the appropriate queue.,2026-02-11T18:41:38Z,1,5008DonfP0o2MK4IC9
00aztPLp0184uDWY5U,Service team reproduced the issue in a synthetic test environment.,2023-04-21T10:51:28Z,0,500DiO6O33gV4ipIFE
00aKC5fKzqPydr7YCX,Configuration details reviewed; follow-up information requested.,2022-12-31T07:51:46Z,1,500z9patbXEo9BBAM5
00a4yrXCSKSSRj6Y5Q,Service team reproduced the issue in a synthetic test environment.,2022-11-10T23:00:07Z,0,500BDSXWgJ1JrBkQAE
00aZdq0qBlafu5mQS9,Configuration details reviewed; follow-up information requested.,2022-12-04T08:20:39Z,1,500vmYNcsdkegUPQVR
00aKRcomGtZdn1nY9S,Resolution steps shared and validation is pending.,2025-12-08T15:03:36Z,1,500hRGjE7ylNLtIY9Z
00axlf3NWzujqQfIJ1,Service team reproduced the issue in a synthetic test environment.,2021-02-05T22:59:56Z,0,500K5p6ty4lYQmAA3Q
00aU968U1Mnr377QOL,The request was confirmed and routed to the appropriate queue.,2023-01-27T02:36:08Z,0,500js2OEdZ8vqxpA5C
00axkY10OQA8sddIT6,Resolution steps shared and validation is pending.,2023-01-14T08:03:26Z,1,500WRMObZm1dfKiAR6
00aY6OvVElSSDtxAGF,The request was confirmed and routed to the appropriate queue.,2021-12-05T10:42:17Z,1,500sV1cGk78RQolQL3
00aKynmbax5f2sZINZ,Service team reproduced the issue in a synthetic test environment.,2021-05-02T04:56:11Z,1,500T0uB6S89VOshI3B
00aZETuWFYJWtJ7AG4,The request was confirmed and routed to the appropriate queue.,2024-08-27T20:30:18Z,1,500V4go92yG7Kq6IIS
00aU8VHcI70JOszYW9,Configuration details reviewed; follow-up information requested.,2022-02-27T00:05:34Z,0,500diVCRZ1ZsXuZQOV
00aoup2kQqmYNWrQLP,Configuration details reviewed; follow-up information requested.,2026-06-03T13:12:35Z,1,5001tCleqyHnEMVAP9
00aAYZq56szmHE6QBV,Resolution steps shared and validation is pending.,2025-04-28T20:17:49Z,1,500nLKMXrkxNkIQIRS
00aKucN1jxF9Dp5Y52,Configuration details reviewed; follow-up information requested.,2022-04-11T02:55:55Z,1,5002tn2wcVtThWYIWP
00a20NhMkGP4yCrIXL,Service team reproduced the issue in a synthetic test environment.,2023-01-25T07:21:34Z,1,500idHJgkPNfXLCYWU
00a4foL7CoXAnyZQJN,Resolution steps shared and validation is pending.,2024-04-25T16:28:46Z,0,5003lj6vvYQPpFkQ6N
00aUR7QjOHB8p0QAO7,The request was confirmed and routed to the appropriate queue.,2024-07-29T03:43:58Z,0,500T8fnsM76JZHFABB
00aDDJBUguWmGNFY82,The request was confirmed and routed to the appropriate queue.,2024-04-26T18:32:09Z,1,500qoufHBnN5MxAYZP
00a1eBq0a556D86ABT,Service team reproduced the issue in a synthetic test environment.,2024-12-28T15:56:56Z,1,500b6I0K2tnTOeLQ4I
00acqs57y5lpdiZAW4,Resolution steps shared and validation is pending.,2024-09-05T17:02:02Z,1,500NUlbnTajFCVQQWU
00ae8pTTCAwsTPLQNJ,Service team reproduced the issue in a synthetic test environment.,2021-12-04T06:30:44Z,1,500ZCAbxyaSIdCcAUE
00aeDL6fRu7bNXWQB4,Service team reproduced the issue in a synthetic test environment.,2026-03-25T16:58:08Z,0,500P4cOwdsXmJNMYTT
00ax7vn6adazDqyQJC,Service team reproduced the issue in a synthetic test environment.,2024-10-22T21:00:09Z,0,500h3hAk4IdtkYtY8V
00aMVgN4SMZaz9XYXP,Configuration details reviewed; follow-up information requested.,2022-10-17T10:30:09Z,1,500dPsbFO6pKoQjQKF
00afBvznLqjH1LcYM6,The request was confirmed and routed to the appropriate queue.,2024-06-30T20:15:00Z,0,5004RTUcmyn1C9aYFG
00a8mvuy6y49KmjASM,Service team reproduced the issue in a synthetic test environment.,2022-05-29T22:31:14Z,0,500Ru3W8DfODpo0ACL
00aEOunShaseJFxIQM,Service team reproduced the issue in a synthetic test environment.,2023-04-22T04:22:06Z,1,500qS6VEqnMUCuIYTW
00a3Rc5bFoW7NjgQH7,Resolution steps shared and validation is pending.,2024-09-09T13:40:20Z,1,500VvwAta2p7TlsAZW
00ayz0qU9SZF9iTQW2,Service team reproduced the issue in a synthetic test environment.,2024-02-11T00:56:10Z,0,500KSkWp2Z6pyAIQPU
00a9RRbORdJOBEvQN2,Resolution steps shared and validation is pending.,2021-08-28T20:16:32Z,0,5006RSpluCHh6KjY1M
00aNCJqls3bobd0QRJ,Resolution steps shared and validation is pending.,2025-10-11T22:45:53Z,0,500UyCGgpnadxc9AYH
00a227vSmz866ibAB9,Service team reproduced the issue in a synthetic test environment.,2025-05-07T04:46:26Z,0,500CTTG5omi9arKIH6
00aBDzVGJRd0XlMYFI,The request was confirmed and routed to the appropriate queue.,2025-05-09T18:58:09Z,0,500mvKOG6XspVHMAJP
00aCkbYouaOcdQpIGD,The request was confirmed and routed to the appropriate queue.,2021-08-21T06:39:48Z,0,500uWrhgNEfKNcfYUD
00aHAGEZEr12zR7AKL,Resolution steps shared and validation is pending.,2023-07-23T00:04:03Z,0,5003ERO0dHcMiCHYD9
00aecOvSc1doA3lIYG,Configuration details reviewed; follow-up information requested.,2026-05-22T19:15:00Z,1,500Hw7SJvKNZJOdQML
00auwjtqCrh6elJY51,Configuration details reviewed; follow-up information requested.,2026-01-30T10:32:57Z,1,500tQWK6gNdRabuAIS
00afsh9kcAbyQuwIG1,Resolution steps shared and validation is pending.,2023-02-19T01:51:28Z,0,500Vnp3pr645Q9OQRN
00a74wZEDmxlVMkI2R,Resolution steps shared and validation is pending.,2023-10-03T00:54:09Z,1,500mga2QUUOrpS5I40
00aeKJuchFmzC3YIQ8,The request was confirmed and routed to the appropriate queue.,2025-05-10T04:06:49Z,1,500Hmn0FhVzKiRBQHV
00aFnrDUuX8jh10QDF,Resolution steps shared and validation is pending.,2023-05-24T14:33:33Z,1,500a71OgRKKcEaWIIJ
00anwxEoZCHiDkQYHF,The request was confirmed and routed to the appropriate queue.,2026-06-21T14:24:03Z,1,500REMG5fk9yOgbAWP
00aYyXPL8mXfPFNYO1,The request was confirmed and routed to the appropriate queue.,2025-10-11T07:52:45Z,0,500ZVQpHA3ZiT5SITD
00avM1Xqh8hBDoAAXY,Resolution steps shared and validation is pending.,2026-05-27T00:21:12Z,0,5001KTvjdwKlysaQOJ
00alRCN4e57Nt4OABE,Resolution steps shared and validation is pending.,2025-02-12T17:11:53Z,0,500xZVEk5M2JjLqYX5
00aOB2HVJr4GBGFI4M,Configuration details reviewed; follow-up information requested.,2021-10-09T00:19:28Z,0,500m3cvgzVg6aE4AIV
00aVoQIfpAm4FgpIP3,Configuration details reviewed; follow-up information requested.,2025-09-15T12:41:58Z,0,500yz5x2f6xYJ9HIUU
00axL8mbxppnDcEY4I,Service team reproduced the issue in a synthetic test environment.,2025-08-22T09:26:08Z,0,500YB0gdtVQmh9xYLE
00aNxZREmJKoqulQ9R,The request was confirmed and routed to the appropriate queue.,2025-04-09T11:28:40Z,1,500GhzMxQjRzvYsA0M
00aqw7cIJSkJbjkIVL,Resolution steps shared and validation is pending.,2023-06-30T21:01:54Z,1,500mvKOG6XspVHMAJP
00a7uPyoRX0emz8AE4,Service team reproduced the issue in a synthetic test environment.,2022-12-03T08:28:10Z,1,5003M4nlHoKgVCqYEX
00asi8eHy4PEnFII52,Service team reproduced the issue in a synthetic test environment.,2025-03-06T08:59:11Z,1,5001FeCP94gmARoAS9
00aPQHZh8tqBtGoA12,Service team reproduced the issue in a synthetic test environment.,2025-04-12T01:52:24Z,0,500Di08dpV5GHBpA6X
00azJ1Y3s4B7S9DAKA,Configuration details reviewed; follow-up information requested.,2022-10-04T00:32:21Z,0,500xPpIXrLrREcrI6V
00aJ9mk3hVwanTCI7J,The request was confirmed and routed to the appropriate queue.,2022-03-11T09:09:07Z,1,500XPta7JdsylCjIRJ
00aOeKNJmTObfAlA95,Configuration details reviewed; follow-up information requested.,2021-06-09T06:10:50Z,0,500xIf1mAZoffVHAQG
00aFsewCql6RTegQCB,Resolution steps shared and validation is pending.,2024-10-08T04:43:48Z,1,500mvKOG6XspVHMAJP
00aubVQE1N3K8RHQZQ,Resolution steps shared and validation is pending.,2023-04-07T03:37:30Z,1,5005m0BJEL6JlpTI6G
00aPLO78Ih8Z1y0ANW,Service team reproduced the issue in a synthetic test environment.,2025-12-13T20:54:39Z,1,500F0YbV4759fjrIRZ
00aEiHoFvKCYoLbAHC,The request was confirmed and routed to the appropriate queue.,2023-11-22T10:51:55Z,1,500rEvwAoOVLPTgQ85
00aZSL684AtLtRSYMW,Service team reproduced the issue in a synthetic test environment.,2024-08-12T23:16:03Z,0,5009jZH2kJVWUyTQ9W
00a9fkGqIhPBR8TAGQ,The request was confirmed and routed to the appropriate queue.,2025-03-27T14:20:34Z,1,500r3PQvJ0ssdUeAQ7
00a8QLfndr44WINIV2,The request was confirmed and routed to the appropriate queue.,2024-03-17T22:09:31Z,1,5003L0PqQNAlS7tYBO
00aRNZPzBmIeWqhY5W,Configuration details reviewed; follow-up information requested.,2023-10-30T12:12:12Z,1,500AdKFqWiHH6rYIFD
00aCkNORZjHPaqSYV3,Configuration details reviewed; follow-up information requested.,2023-05-27T00:41:03Z,1,500rAj6bKD7dbPdQOQ
00aGLkFKsRTr20DYVC,Service team reproduced the issue in a synthetic test environment.,2023-05-21T02:52:13Z,1,500u9M7NNlGigQeATJ
00amSYPFEJ9QmzrQA0,Configuration details reviewed; follow-up information requested.,2026-02-11T21:07:04Z,1,500NUAL8BEkd1aiY7E
00aOCZCFgSuIgLHYPQ,Service team reproduced the issue in a synthetic test environment.,2021-03-30T13:58:08Z,1,500SQ3j5dYUVffpAZE
00alwEpsEuneE4QQME,Resolution steps shared and validation is pending.,2023-06-19T14:47:38Z,1,500bhkxDOvAdKVOYAL
00akXJZrHQBFxm8YLP,Service team reproduced the issue in a synthetic test environment.,2022-01-15T08:16:18Z,0,500pZOK68deVgzzIO6
00aWXyHuqCQLH6XI1D,The request was confirmed and routed to the appropriate queue.,2023-05-16T22:49:52Z,1,500DeDhrKk9DUtTYGB
00a3ItYQvpGqMLuQY1,The request was confirmed and routed to the appropriate queue.,2024-09-14T03:51:23Z,1,500selSdpl85TbuQCI
00aWnL9EfXAg6QJI1V,Configuration details reviewed; follow-up information requested.,2025-10-16T04:48:28Z,1,500iKSTH1qOMCkpQ80
00aG3zqWt2jeDPbAMT,The request was confirmed and routed to the appropriate queue.,2023-06-27T06:16:16Z,1,500hglr6dw0bLJSIS7
00assPRp8SprXRqYEN,The request was confirmed and routed to the appropriate queue.,2021-08-23T02:31:41Z,1,500AK7DcYGk0xvXATU
00aOINufASjICYGIF3,Service team reproduced the issue in a synthetic test environment.,2021-06-12T22:24:50Z,1,500h3hAk4IdtkYtY8V
00a2gpt9qO3Mpb1YB3,Service team reproduced the issue in a synthetic test environment.,2021-02-16T11:03:54Z,1,500UfWaEO0N9XrDQ0W
00a4uYNvmoY4unVY3L,Resolution steps shared and validation is pending.,2026-05-05T02:58:36Z,0,500ns9T0FrQIwmxYNY
00aBNlJl7WsEr1IQLW,The request was confirmed and routed to the appropriate queue.,2022-06-13T17:49:50Z,1,500RnfoN2lbWnnpQOL
00a37J6B3XMDyzAYIP,The request was confirmed and routed to the appropriate queue.,2023-05-08T23:12:04Z,0,500AGRcKgP8VojqI8N
00aCXXAU2Z2OneKYA5,The request was confirmed and routed to the appropriate queue.,2022-07-25T05:46:33Z,1,5000LLLlS2CX2hDYWN
00aTM2teA5DRNXKQYA,The request was confirmed and routed to the appropriate queue.,2025-12-03T19:25:16Z,0,500Hw7SJvKNZJOdQML
00a6nXlsh9Hv9KTQDB,Configuration details reviewed; follow-up information requested.,2021-12-24T21:15:26Z,1,500NUlbnTajFCVQQWU
00aUA8KJ0eB8TwPIF8,The request was confirmed and routed to the appropriate queue.,2021-02-15T10:49:25Z,1,500kVbaQMhwKwq3YX2
00a09pTTfBTJGN4A2U,Resolution steps shared and validation is pending.,2021-12-22T07:37:17Z,1,500m3cvgzVg6aE4AIV
00a8NHLdd23Vf8CAG4,Service team reproduced the issue in a synthetic test environment.,2022-08-27T18:28:01Z,0,500XYxlCRUiApWHYJN
00ap6XZaYJsfeXxI6N,Configuration details reviewed; follow-up information requested.,2022-05-08T12:40:50Z,1,500cVyzQ1FVfWyAA43
00a1f5hQEjJGqnvII1,Resolution steps shared and validation is pending.,2022-01-25T06:49:22Z,1,500Do4EzCdJyKKZYHJ
00anvCLAkyBCmNKI38,Configuration details reviewed; follow-up information requested.,2022-08-26T22:47:13Z,1,500Hw7SJvKNZJOdQML
00ascCWmdsY6OqIYQP,Configuration details reviewed; follow-up information requested.,2021-06-12T02:10:33Z,0,500Ec2s6hT0RE2kI11
00aRaRm2Iz3uzmYQMH,Configuration details reviewed; follow-up information requested.,2026-03-15T17:35:08Z,1,500f6iTmoGLWIdxQ0J
00aEfA5V9A0wZ1GI8C,Service team reproduced the issue in a synthetic test environment.,2024-12-14T23:23:03Z,1,500fEiBiByOicXOY0S
00awHeBO5j4CjbxYA8,The request was confirmed and routed to the appropriate queue.,2023-12-17T05:31:46Z,1,500EcpcYPmSrTbZAQ1
00aOLePWAOsW2BQIR4,Resolution steps shared and validation is pending.,2023-10-22T09:49:51Z,1,50045RkiIIBmJrRAF4
00aXyXL9UfnDW9XYUW,Resolution steps shared and validation is pending.,2023-01-28T21:41:27Z,0,500Hw7SJvKNZJOdQML
00aTxzCeTq7PvR7A38,Resolution steps shared and validation is pending.,2023-07-21T11:59:16Z,1,500snDSM5bS9NjnIXM
00a3wXJT6pSlWgpA0P,Resolution steps shared and validation is pending.,2024-10-15T01:59:11Z,0,500Hw7SJvKNZJOdQML
00a6P8UVkqSrvXsI0V,Configuration details reviewed; follow-up information requested.,2021-11-17T07:35:39Z,0,50004XAfgMq47v9Q2H
00aOyvbJSnfDhUsAJQ,The request was confirmed and routed to the appropriate queue.,2023-03-05T02:24:15Z,1,50034M0Qkp8qAeDAMQ
00ah1TOIwoQPGFsA8B,The request was confirmed and routed to the appropriate queue.,2024-06-06T12:16:39Z,1,500YzVpSEs6eJ2iIZT
00a9M6XUDkR384DYUF,The request was confirmed and routed to the appropriate queue.,2021-05-31T05:05:08Z,0,500683omSa9TBEGI3N
00aJDblIchqTlWJI1A,Configuration details reviewed; follow-up information requested.,2022-04-24T04:12:44Z,1,500s2exaSH65VpgY4G
00aNAcTfx5gtpKMY0N,Configuration details reviewed; follow-up information requested.,2022-10-02T10:37:07Z,1,500EZpKbv7PL6qCI35
00acXdS7hLO72qBY7I,The request was confirmed and routed to the appropriate queue.,2025-12-26T15:39:47Z,1,5006k1RoD5DB8ghQON
00af2C9fULIbKSmY8F,Resolution steps shared and validation is pending.,2022-02-01T04:23:54Z,0,500GhzMxQjRzvYsA0M
00as4EgR9bzYEQAQ5M,Resolution steps shared and validation is pending.,2026-02-25T11:43:39Z,0,500tPaauITg7OnJAFY
00aL275mSzWxBK1Q60,Configuration details reviewed; follow-up information requested.,2025-11-25T18:51:01Z,0,500dksyk0wtyGnSISG
00arRt71S9UkC9MAUI,Configuration details reviewed; follow-up information requested.,2023-01-23T00:18:56Z,1,500xPpIXrLrREcrI6V
00aSdYengMMBQK9QZ3,Resolution steps shared and validation is pending.,2025-11-30T13:50:16Z,0,500FwxmWZsObGJeQOY
00af46yPihh9yhkI4M,Resolution steps shared and validation is pending.,2022-06-09T03:57:48Z,1,500xIEPgXvcjynGQDA
00a0NEhuAeN7SR2AMC,Configuration details reviewed; follow-up information requested.,2025-09-06T21:58:52Z,1,500CVJ8gQ8BywNAYPA
00aqRQe3CTHEOvtY2K,Configuration details reviewed; follow-up information requested.,2023-01-29T20:50:11Z,1,500956v3Rv1cd8RQAB
00a1MYi5bxtsta3A20,Service team reproduced the issue in a synthetic test environment.,2021-07-04T16:36:35Z,0,500gcsfu3GgZEARYLC
00aBs3Gh6ZowJqmY6W,The request was confirmed and routed to the appropriate queue.,2025-01-24T00:04:17Z,0,500GgJkW7vbKVIIALK
00aNZjTOmTv5uDTAYO,Service team reproduced the issue in a synthetic test environment.,2026-06-04T04:21:17Z,1,5002DiVb39vQQcpAEF
00aqXHZA78s3xOQYVB,The request was confirmed and routed to the appropriate queue.,2022-02-04T01:16:36Z,0,5000ap8ug4n4oceYV2
00aO4oXZe8uU96uI7E,Configuration details reviewed; follow-up information requested.,2024-10-26T15:21:01Z,1,500soCGkCTJ00RqYQ7
00ajVEDkAvlvOocAPA,Configuration details reviewed; follow-up information requested.,2025-12-23T22:54:01Z,1,500kb60d7luaOXiQ4Y
00aj4WgqIF5HP0EI13,The request was confirmed and routed to the appropriate queue.,2025-02-04T08:17:53Z,1,500wrP3FKWu1E6MYGA
00apo4XbuCvchl8AAI,Configuration details reviewed; follow-up information requested.,2022-06-22T04:24:33Z,0,500IDUWB178DUSaI57
00a4L0ZQ3NvkJ48QDA,The request was confirmed and routed to the appropriate queue.,2022-04-15T19:33:27Z,1,500a0dVYeg4V0JuY8R
00aoSN8feVNVB0JAC4,Configuration details reviewed; follow-up information requested.,2021-12-06T16:55:20Z,1,500TdBOhJ7viHWcI5D
00aZFbOiMUxcfqiYS4,Configuration details reviewed; follow-up information requested.,2023-06-26T02:18:34Z,1,500BgFwbAr2AAYXI1L
00abTgy3H2heiZ0IPU,Resolution steps shared and validation is pending.,2024-08-15T03:57:56Z,1,500hdr8mwsCxsHBACC
00apTmoqK0Fpe3kQNV,Service team reproduced the issue in a synthetic test environment.,2026-05-17T15:16:17Z,1,5004oqEjOSkdMZwYPQ
00azUqdlOnOdOTTIUC,Service team reproduced the issue in a synthetic test environment.,2025-08-07T11:26:08Z,1,500r7RumNvkE7SNYW4
00artPxGnQS1VkDYV4,Service team reproduced the issue in a synthetic test environment.,2022-10-04T21:17:58Z,0,500BR4YiHWLO708Q2T
00aqAW156VOOBzlI26,Configuration details reviewed; follow-up information requested.,2023-11-20T23:41:07Z,1,500OXrUts4WagJvY8T
00a9w3FH5GqUW7eYO6,Service team reproduced the issue in a synthetic test environment.,2026-01-13T15:35:16Z,0,500EESYs3YePtRPYZP
00aK03oyUT0QsQ0YI6,Resolution steps shared and validation is pending.,2024-11-06T19:13:39Z,1,500J4iAdN9bfDmoQS2
00aASi9gStr7iI4Q72,Configuration details reviewed; follow-up information requested.,2021-03-15T19:16:36Z,1,500ENv6KxdmpwPiI8Q
00ajgtGdspkYchaQGN,Resolution steps shared and validation is pending.,2024-03-28T00:44:09Z,0,500LoWeWjYvqDNfIN4
00aPPN7zkxPQfLTYGO,The request was confirmed and routed to the appropriate queue.,2021-04-19T12:48:08Z,1,5008I5Gs9l2MWlAQ6U
00aqnz6KoFdp7PrAX8,Service team reproduced the issue in a synthetic test environment.,2023-07-26T06:01:35Z,0,500d0rFPGOsGDk2QHU
00aFLCul9cmYTyYQHA,Service team reproduced the issue in a synthetic test environment.,2022-02-10T01:20:54Z,0,500x3IYigNxN8SMAN2
00aaLTUtBG40IYmY5Q,Resolution steps shared and validation is pending.,2025-12-09T11:28:51Z,1,500VkFwvlFwzyrnYGK
00a0oXR1FZ5srq1YU8,The request was confirmed and routed to the appropriate queue.,2025-09-20T12:56:23Z,1,500SsTpbNzXXrUiI5B
00aSWJNmcJ40dlwY9P,The request was confirmed and routed to the appropriate queue.,2023-12-10T10:48:11Z,0,500KIzabk7LTGtEA55
00atfgGGua1rXrYQXD,Service team reproduced the issue in a synthetic test environment.,2024-07-23T00:42:33Z,1,500cuTrR9CHfMNyI0N
00autLx3S6zaKViY90,Resolution steps shared and validation is pending.,2026-03-06T08:46:28Z,1,5007Oa5OdaQvslbYGF
00aZflh3lG9ugxGQGH,The request was confirmed and routed to the appropriate queue.,2021-02-18T17:15:43Z,1,500Di08dpV5GHBpA6X
00aK1wNlkwb7lw4QZF,The request was confirmed and routed to the appropriate queue.,2021-07-19T18:23:13Z,0,500ZTi5dNbBFgzeAVC
00aF3RZ9FLygchaQRU,The request was confirmed and routed to the appropriate queue.,2021-10-18T03:10:06Z,1,500GuNcTbtgI0EPY5Q
00avqfOLESuNHfsIYB,Service team reproduced the issue in a synthetic test environment.,2024-11-10T14:51:47Z,1,500X7i7qKHlXs6uI1D
00anKV5T3fiHSoxI75,Service team reproduced the issue in a synthetic test environment.,2023-05-07T16:25:09Z,1,500D8sFtF6iD9mhQQK
00awjJIzvohUKimAWW,Resolution steps shared and validation is pending.,2026-03-04T04:31:16Z,1,50031d52dCe0pjjIBP
00apcBzb10toUbLYWZ,Configuration details reviewed; follow-up information requested.,2023-07-12T14:29:58Z,0,500OaIRwD2VvNVuAGV
00a3Xgp4DUReC1jY5T,Resolution steps shared and validation is pending.,2024-03-15T22:56:32Z,1,500o1BUd2osTGDBQEW
00aPpQWjXhU8dAxIW8,The request was confirmed and routed to the appropriate queue.,2022-01-13T12:32:15Z,0,500Hmn0FhVzKiRBQHV
00axy6pqdIMkw3GAPR,Resolution steps shared and validation is pending.,2023-08-15T18:35:08Z,1,500vLM8O4lxkOE4QVS
00a0ADAaAyqizIZINK,Resolution steps shared and validation is pending.,2022-01-16T13:56:36Z,1,500kFTayCWUndjSILQ
00aHi4eB28K4NjWYTJ,Resolution steps shared and validation is pending.,2025-06-27T07:31:32Z,1,500QOGfoxxOjqwNQMJ
00aNmcAm9bUhNv7QY5,Service team reproduced the issue in a synthetic test environment.,2023-01-24T22:52:31Z,1,500V819CJ8iL2PmIXG
00aTa340S4yyfC0IJU,Configuration details reviewed; follow-up information requested.,2025-04-25T11:24:15Z,1,500EmaWlrSzyJZkAJE
00agikgZUdYaqewQGY,Service team reproduced the issue in a synthetic test environment.,2021-09-05T14:08:29Z,0,5006gsgcU1M6JQFI58
00avIR0ORtDDzNDITP,Resolution steps shared and validation is pending.,2024-10-02T17:59:00Z,0,500hlh6y3TV4E32AH7
00aahDIMsHPN1HEAZV,Service team reproduced the issue in a synthetic test environment.,2024-10-16T09:45:08Z,1,5004RTUcmyn1C9aYFG
00aDoN3VZlvS00KAN4,The request was confirmed and routed to the appropriate queue.,2023-12-21T21:48:05Z,1,500HQhZBl5h71gPAOX
00a7CRNShVOkjlMYXC,Resolution steps shared and validation is pending.,2022-01-20T13:03:32Z,1,500HyWeaywE0DIsYJT
00aZHdzQEA42hh9AIQ,Configuration details reviewed; follow-up information requested.,2025-06-29T06:43:41Z,1,500eF0O9iaVOrTHIIS
00au2pzIm7ZTH5vYRP,Resolution steps shared and validation is pending.,2025-12-14T07:02:22Z,1,5005D7aBCKhqawSIWH
00ailVcoyF4vxWLA12,Service team reproduced the issue in a synthetic test environment.,2021-02-01T02:09:52Z,1,500xIf1mAZoffVHAQG
00aGWIrL8Rv3veiQ1H,Configuration details reviewed; follow-up information requested.,2023-10-14T17:28:28Z,1,500lPi2ZIJ1AdrIADN
00aYK1l4frOyTVjITC,Configuration details reviewed; follow-up information requested.,2026-01-19T08:09:09Z,1,500txKqU01KpJABQQT
00awF56FTQQPadaY9H,Service team reproduced the issue in a synthetic test environment.,2026-01-02T04:36:37Z,0,500vYn49fMWJ2o2QWV
00aW2W6GOTBrR5dIIY,The request was confirmed and routed to the appropriate queue.,2023-07-19T03:34:08Z,1,500DB0rOBmMKpFNAE7
00aHrqqkzeHIKGZIRJ,Resolution steps shared and validation is pending.,2022-12-04T17:08:48Z,0,500Hw7SJvKNZJOdQML
00a3ILBPsps3d3TQLL,Resolution steps shared and validation is pending.,2021-03-19T22:14:44Z,1,500Hw7SJvKNZJOdQML
00acfGf99AG4y6zY4Y,Service team reproduced the issue in a synthetic test environment.,2026-06-16T05:50:41Z,1,500BR4YiHWLO708Q2T
00ase4rPJgNp9ksIWI,The request was confirmed and routed to the appropriate queue.,2023-04-06T05:51:00Z,1,5003mvP7hlvPUUvAOY
00aF6PMyGDVP5cDART,Resolution steps shared and validation is pending.,2024-03-09T21:24:39Z,1,500h1iVrQJaNFTgIHB
00aMmu8PoSWTTzJY5Y,Configuration details reviewed; follow-up information requested.,2023-11-13T04:48:06Z,1,500GuI62eZFhJpLY2X
00a6RXa33C9adU9IPM,The request was confirmed and routed to the appropriate queue.,2024-02-22T14:25:32Z,1,500yM8uUmQMDnjwIGB
00atJ98JzO7s1QAQ1Y,Service team reproduced the issue in a synthetic test environment.,2023-10-10T13:50:48Z,0,500urOVL14ApOafY8L
00aO1Qoxav6wEdEIHU,Configuration details reviewed; follow-up information requested.,2021-01-22T19:03:04Z,0,500ddaHBgHq4ad0AYI
00aBnorck9957EoIPJ,Service team reproduced the issue in a synthetic test environment.,2023-03-29T06:15:43Z,0,500uamw81N0xbx2I05
00aTBNaTEKSFzHjAH3,Service team reproduced the issue in a synthetic test environment.,2023-07-13T03:45:01Z,1,500qHQiMMzPNqAXQI9
00auyZ1zslX4s5KAYY,The request was confirmed and routed to the appropriate queue.,2022-05-25T06:54:07Z,0,500CuK8lNjuuD6VYVO
00amAKNhzwB46agADN,Configuration details reviewed; follow-up information requested.,2021-10-24T13:22:59Z,0,500Jbb1z4DvXwSeQEI
00av4EhB7rV0qshYAP,The request was confirmed and routed to the appropriate queue.,2024-09-07T01:04:03Z,1,500FPWVMjL4e1w2ANC
00a9NN22DvyT8A9QIJ,Resolution steps shared and validation is pending.,2023-06-21T14:45:44Z,0,500Hw7SJvKNZJOdQML
00a1FX08DzJLTfxI2D,The request was confirmed and routed to the appropriate queue.,2022-02-04T12:44:40Z,0,500EyGqdiPuwMlaYFW
00aYu7lv936iSVFISX,Service team reproduced the issue in a synthetic test environment.,2023-10-21T18:56:18Z,1,500rEvwAoOVLPTgQ85
00amdZ1Kg4vUbXMI8C,Configuration details reviewed; follow-up information requested.,2021-07-07T12:57:19Z,1,5001K95RAvVhz68QGM
00aKyNhHF0RqEG8QV8,Configuration details reviewed; follow-up information requested.,2021-08-25T23:46:11Z,1,500c0lCUHwglMPlQNP
00aUxBroMECd6pVYXL,Resolution steps shared and validation is pending.,2022-03-16T11:47:01Z,1,500BbUYPdaojxjDIEE
00a4HNK5P1fJpJjAMD,Service team reproduced the issue in a synthetic test environment.,2023-01-19T05:21:08Z,1,500dTu8BFh2caGpYAH
00aGeQ7Jm8SFoM6I3U,Resolution steps shared and validation is pending.,2024-08-29T13:50:43Z,1,500mD7NhfmjdXu5IY5
00aRxImjH3txYgsQD5,Resolution steps shared and validation is pending.,2021-09-11T15:00:12Z,1,5009tx2DKWrTQF3YBM
00aPf0QddyMndYEY0T,The request was confirmed and routed to the appropriate queue.,2025-06-21T10:28:01Z,0,500thXmztRDfqhQIDZ
00aEI0icaKyHsfEINQ,Service team reproduced the issue in a synthetic test environment.,2025-07-08T03:58:55Z,1,500UQs98ThoZ6zzQU4
00awTE5mNmwPmNoQMU,Service team reproduced the issue in a synthetic test environment.,2022-09-24T20:13:39Z,1,500Ff5Qmxl6vmDAA18
00aH31ZKSisJhsQATM,The request was confirmed and routed to the appropriate queue.,2024-05-24T05:53:29Z,1,5005Mfi5ogTBt2xQI9
00aVhC49pY80ONwA2Z,The request was confirmed and routed to the appropriate queue.,2023-08-10T00:33:16Z,0,500Ikaf5tm5NsfcYXC
00aEdigFhfvKC18IKV,Resolution steps shared and validation is pending.,2021-12-20T11:18:29Z,1,500b72LIg7U3mB2IUG
00atCNeUsR9RHADI5B,Configuration details reviewed; follow-up information requested.,2022-02-07T19:53:29Z,0,500P67xIKZ1JdIXQB0
00ay8bkKJcMPrjLI0F,Configuration details reviewed; follow-up information requested.,2026-03-16T21:13:40Z,1,500YbisLFITYQL0AJC
00a6ZMTUiyOCDLZAGA,Service team reproduced the issue in a synthetic test environment.,2023-01-06T05:41:53Z,1,500dBMrIIAZJSILYWT
00a5NRlyJp4sTMpYX6,The request was confirmed and routed to the appropriate queue.,2024-08-21T13:00:42Z,0,500LDTboYe4rtFuIC2
00ak2Lu0UV4nWrSQQX,Configuration details reviewed; follow-up information requested.,2021-01-20T16:37:11Z,1,500Me0oQmkZxPLBIX9
00aUDQr39ufskQrYF9,Configuration details reviewed; follow-up information requested.,2024-01-13T17:50:22Z,0,5007OjmmGg2h8LbQXE
00aFPmm1hiPVaxlAM3,Resolution steps shared and validation is pending.,2022-09-13T23:39:19Z,0,500Hw7SJvKNZJOdQML
00aSe3j3DK26yf7YFJ,Service team reproduced the issue in a synthetic test environment.,2024-06-27T16:00:50Z,0,500bSTr2uvWMzLoA4R
00ajPenUFnfQ1wJASR,The request was confirmed and routed to the appropriate queue.,2022-10-15T01:52:49Z,0,500BDPmXkB07AiVYE0
00aEC2LLy0peWvPYLL,Resolution steps shared and validation is pending.,2026-04-07T18:04:17Z,1,500UeND2PDU2n95AXY
00anSv8skBpQpDfYD3,Service team reproduced the issue in a synthetic test environment.,2024-09-16T06:02:55Z,0,5000CIbieWj9NXEYRI
00aqTaWtcHojguUA54,Configuration details reviewed; follow-up information requested.,2021-07-12T05:49:10Z,0,500qkwnqrFJy7ICI80
00a2mR6hfwSaFTVQ51,Configuration details reviewed; follow-up information requested.,2024-09-08T03:26:16Z,1,500p4F3KOcy3l7fIMK
00aznHMZTq8PtObYGN,The request was confirmed and routed to the appropriate queue.,2021-04-15T05:04:36Z,1,500hFt97rLaWuKOQIR
00aWAbLSXP7F8eZI4C,The request was confirmed and routed to the appropriate queue.,2025-01-07T16:53:22Z,0,5003eDSY7M83ZZoA6D
00aJES9ohBf3YqBQAS,The request was confirmed and routed to the appropriate queue.,2026-04-11T10:29:30Z,1,500F5hWHbNZAQMAIDL
00agVyNzxqLqrDsICN,Service team reproduced the issue in a synthetic test environment.,2021-10-09T03:40:20Z,1,500vN71Gjhbk1IAQ3T
00aqIqs7EElinhkIRZ,Resolution steps shared and validation is pending.,2023-09-17T13:24:05Z,1,500IchOixbzZjpyYJF
00azZg3q5E1EF0qAOR,Service team reproduced the issue in a synthetic test environment.,2024-12-31T18:28:19Z,1,5001xnBvuQMhtlFQ4B
00aHPrwCI9EzBKUYVP,Resolution steps shared and validation is pending.,2024-02-06T07:45:29Z,1,500wC2OCnzBw0LtIQT
00aMc9AEfDVEEGeQY3,Service team reproduced the issue in a synthetic test environment.,2022-09-12T12:40:32Z,1,500ESwqLiFcZoygYBZ
00ayoQTE2taG3OoIKP,Configuration details reviewed; follow-up information requested.,2025-05-26T07:51:53Z,1,500WgqitdoODDQMI74
00aSpqrapUwY6y0Y99,The request was confirmed and routed to the appropriate queue.,2026-01-03T00:10:14Z,1,500YB0gdtVQmh9xYLE
00anRzKv3MZdiYFQT1,Service team reproduced the issue in a synthetic test environment.,2024-12-15T14:21:57Z,0,500zAnvh5sLYRAyAOT
00aU9CMxSaqCrV9IBT,Configuration details reviewed; follow-up information requested.,2024-12-10T12:47:58Z,1,500PxOODxJW6yiDARM
00aDfF8yw6A6vHIAB2,The request was confirmed and routed to the appropriate queue.,2023-01-14T14:07:58Z,1,500HAUiNGgesUmTQV5
00aGzACqM8s7UKVY20,Service team reproduced the issue in a synthetic test environment.,2025-01-15T03:47:45Z,1,500qogdK2fwH7kqI9G
00a6zAsnLYqxNmtQAY,Configuration details reviewed; follow-up information requested.,2021-05-04T01:14:02Z,1,500KSkWp2Z6pyAIQPU
00ag8gYRy3ljR4aAAF,Configuration details reviewed; follow-up information requested.,2025-10-23T06:04:20Z,1,500i6KSoLAnIGUUA1M
00aH30usbso57K6QSF,Resolution steps shared and validation is pending.,2024-07-16T08:39:41Z,1,500Ld2euG6B3wz8IVR
00awGIzoUh48XFzY9L,The request was confirmed and routed to the appropriate queue.,2024-06-10T10:53:41Z,1,500GAXohj4zzlLlA6D
00ajPV1uARpeIVcQ7L,Resolution steps shared and validation is pending.,2023-09-01T02:02:59Z,1,500nLKMXrkxNkIQIRS
00a5yb3nwsqG7ZeYY3,Service team reproduced the issue in a synthetic test environment.,2022-02-23T00:12:01Z,1,500z9patbXEo9BBAM5
00adEfBHkNDC6Y6YN3,Service team reproduced the issue in a synthetic test environment.,2026-02-16T03:51:42Z,1,500m10IM25HkjX4QW8
00aXSgo0bsUkwmoAR7,Resolution steps shared and validation is pending.,2025-12-25T14:21:10Z,0,500eYiCbBvt0ZaXAOG
00aPxHTNXoIAQdyYA2,Configuration details reviewed; follow-up information requested.,2022-01-12T02:16:13Z,0,500bhkxDOvAdKVOYAL
00aV4vJAnpmcbhqQL3,Service team reproduced the issue in a synthetic test environment.,2025-07-16T08:51:28Z,1,500Hw7SJvKNZJOdQML
00a7hbvdx6hF8oAYY0,The request was confirmed and routed to the appropriate queue.,2025-03-28T12:05:34Z,1,500snDSM5bS9NjnIXM
00a1VF5gNgdOmXJQ48,Resolution steps shared and validation is pending.,2025-12-11T01:17:02Z,1,500RnfoN2lbWnnpQOL
00aTb6TXmBwvvymACE,The request was confirmed and routed to the appropriate queue.,2026-04-15T13:56:11Z,0,500KlfHPJPR2mBuIQP
00a1brm7GLv8BzXANP,The request was confirmed and routed to the appropriate queue.,2022-04-04T14:31:15Z,0,500DKupSluQAu1XQ46
00aIOWHWPZ2I0m1Q2O,The request was confirmed and routed to the appropriate queue.,2021-03-20T00:06:47Z,0,500sPSvPjJHQS8cYP4
00abpz0bfcVj5lBYMX,Configuration details reviewed; follow-up information requested.,2021-12-04T05:24:10Z,1,500Z721fQl3q6HcAHX
00a7MYqvul2fOfkIFV,The request was confirmed and routed to the appropriate queue.,2025-08-29T10:10:38Z,0,500r7uzZtpqvJsrYCO
00a7DvFyRC8EU20YMH,Resolution steps shared and validation is pending.,2024-03-17T23:35:53Z,0,500TEKAuJlT04J7AGN
00ax4nbpfVjp6cQQAY,The request was confirmed and routed to the appropriate queue.,2021-12-19T18:16:41Z,1,500jOHAbECUEihMQWA
00aAIGEEQfb8iYEQ4Y,Service team reproduced the issue in a synthetic test environment.,2021-04-20T16:28:02Z,0,500eYIFFs8Ve4zGQ4K
00a0IlMYoGnKmq7YEQ,Service team reproduced the issue in a synthetic test environment.,2021-07-20T06:04:31Z,1,500Kh1ApvMAi60GY7M
00aiS5d1EZGUsmgYBJ,Configuration details reviewed; follow-up information requested.,2025-11-08T20:50:38Z,1,500dPsbFO6pKoQjQKF
00au6qlBpFKyxYRI2J,Resolution steps shared and validation is pending.,2025-08-19T05:26:36Z,0,500vRbILHYSs8bBQ8B
00aueekdKwF790GYB4,Configuration details reviewed; follow-up information requested.,2021-05-23T16:18:05Z,0,500bGqS1lsHSLAYY1R
00az2Ka5FAqSoBfYYI,Resolution steps shared and validation is pending.,2026-05-13T22:12:20Z,1,500IIM6G04AROAsQIA
00aZ6sVOAP0BRfFQIJ,Resolution steps shared and validation is pending.,2024-08-12T22:10:51Z,1,500cuTrR9CHfMNyI0N
00as2rx8FWhgJpwQZI,Configuration details reviewed; follow-up information requested.,2025-07-10T14:27:50Z,1,5004gW2JczLKzRcY3O
00asXI3VXBHjVjyACB,Service team reproduced the issue in a synthetic test environment.,2021-04-27T21:49:20Z,0,500Hw7SJvKNZJOdQML
00aUY2I0nqSc6YAI0M,Resolution steps shared and validation is pending.,2024-11-11T14:02:18Z,1,500SI8Z49B4NVbLI27
00ao4CcGl3MC4gaAKV,Resolution steps shared and validation is pending.,2024-12-13T23:01:54Z,1,5005uYVP9jnQnMgAXC
00azE75X3FCVNhNQBT,The request was confirmed and routed to the appropriate queue.,2023-09-20T17:30:27Z,1,500xTDrwBUzM89NITN
00aDG5bUQ8OxSbLAAB,Service team reproduced the issue in a synthetic test environment.,2023-08-26T10:53:42Z,1,500vuP3uEWHgnPRY2G
00aKWZX593rdy03IB9,Configuration details reviewed; follow-up information requested.,2025-11-25T08:26:19Z,1,500vu6VUNJWrtQDIZY
00aAWE9SnE6yzeqQHO,The request was confirmed and routed to the appropriate queue.,2024-11-19T02:49:47Z,0,500pkZ4GpkZgdftI1Y
00aKyjxQpPxLRCSQBK,Service team reproduced the issue in a synthetic test environment.,2021-02-06T15:14:49Z,1,500OaIRwD2VvNVuAGV
00aUPZggyTHaEAfINL,Service team reproduced the issue in a synthetic test environment.,2025-09-22T04:25:18Z,1,500XYxlCRUiApWHYJN
00aqVkkxiTahB63QAO,Service team reproduced the issue in a synthetic test environment.,2023-01-13T08:46:35Z,0,500xaVUuf39F1arYAL
00acdiANrMxFAN9ASC,The request was confirmed and routed to the appropriate queue.,2025-11-12T13:18:31Z,1,500QtKxBwleAp0QYDZ
00aVvhqyM4nBqmDQQJ,The request was confirmed and routed to the appropriate queue.,2025-11-22T13:31:03Z,0,500GjMu4PoQTpVBA95
00a9ZbCXu0QO6OzYIR,Resolution steps shared and validation is pending.,2021-02-17T22:59:57Z,1,500b6I0K2tnTOeLQ4I
00a7VkNQRoADasBYTE,Resolution steps shared and validation is pending.,2021-07-24T13:32:15Z,1,500Qy6IqUJFcqenQHT
00aZIXGFFuBfx7DQCF,Resolution steps shared and validation is pending.,2023-04-18T05:00:25Z,0,5001W3MIFKyYlEgISF
00aFZYhNpoI6kPKAA4,Resolution steps shared and validation is pending.,2022-06-06T20:37:11Z,1,500kVbaQMhwKwq3YX2
00azFqayvTcaZIOASE,Configuration details reviewed; follow-up information requested.,2021-05-18T14:59:03Z,1,5001Q3uCrtfCjCdAND
00awtc8kyYXEpsyIH8,The request was confirmed and routed to the appropriate queue.,2021-07-29T18:33:40Z,1,500GfYY38QUbBufIME
00aAtLnSnumPVXzYZE,Resolution steps shared and validation is pending.,2024-08-07T20:41:33Z,0,50082e09MygsdhbQL7
00alFGdAryFOg1EA69,Configuration details reviewed; follow-up information requested.,2021-06-13T23:22:14Z,0,500c3mbfu7TdAD0ACE
00aEd4q0trkpTcaAA6,Resolution steps shared and validation is pending.,2025-12-28T04:16:55Z,1,500q3hLY7WPJ1k6A7P
00aQ65fvqBAdQjSY8O,The request was confirmed and routed to the appropriate queue.,2025-09-07T18:40:48Z,0,500ei0YjkMFUpR3YFB
00a4GD6bIVikzvpAWU,Resolution steps shared and validation is pending.,2026-03-23T19:40:21Z,1,500f7MU1nEZtkc4Y1I
00afx7EFpzqmtAzAJS,Configuration details reviewed; follow-up information requested.,2026-03-29T12:46:21Z,1,500KlfHPJPR2mBuIQP
00aSpVNLbmqALsiY8L,Service team reproduced the issue in a synthetic test environment.,2026-04-14T14:36:42Z,1,500xgIJyQuBAKh1IFA
00aKh5f3A01MpbpICU,The request was confirmed and routed to the appropriate queue.,2021-12-13T11:55:18Z,0,500xPpIXrLrREcrI6V
00atBVFG1fut0WcY6O,The request was confirmed and routed to the appropriate queue.,2025-02-28T17:52:01Z,1,500oYagPAPsWYf7IYE
00aVafL4t7g2KrsY2M,The request was confirmed and routed to the appropriate queue.,2025-12-28T18:50:51Z,1,500jCRtZi8zpysEQB9
00axjn5g5CdT5g1QOI,The request was confirmed and routed to the appropriate queue.,2021-04-29T09:00:35Z,0,500Nozw5KRaEH6FI7Y
00aUljx5YORKEVDYE0,Resolution steps shared and validation is pending.,2025-03-30T05:09:52Z,1,500CTTG5omi9arKIH6
00ahSEr7Nr5gGDxA9Z,Service team reproduced the issue in a synthetic test environment.,2024-06-11T08:57:00Z,1,500rl8YDBdAw2wbIRC
00aErhkHSJxCjEtACD,Configuration details reviewed; follow-up information requested.,2025-02-27T15:29:18Z,1,500i6KSoLAnIGUUA1M
00a6SFY7IzXMNsQAQ7,Service team reproduced the issue in a synthetic test environment.,2023-07-01T04:22:58Z,1,500eGVnSvt90kyUIXS
00aKuJyZ2O6Cu5dQAZ,Service team reproduced the issue in a synthetic test environment.,2021-01-15T17:06:39Z,1,500Hw7SJvKNZJOdQML
00aWeSoNZuUhjgBI02,Service team reproduced the issue in a synthetic test environment.,2023-08-24T10:28:42Z,0,500RRYEc9T8FCZBATT
00aAFpoqnXQIJ47ANQ,Configuration details reviewed; follow-up information requested.,2023-02-09T23:44:19Z,1,500VvwAta2p7TlsAZW
00aRPdp8qFy1EXwIQ2,The request was confirmed and routed to the appropriate queue.,2021-07-14T03:32:40Z,1,500nG2Kvog4SWfQQ8Y
00atjBXlpsx1mAIY6H,Service team reproduced the issue in a synthetic test environment.,2023-11-08T11:20:17Z,0,500zGlP1uCZIm3wQ0N
00aHUVqxnGcJ52RAMT,The request was confirmed and routed to the appropriate queue.,2021-07-02T02:34:02Z,1,500TljeVPSUGV3KYXZ
00austVhtUpNJTYYLX,Service team reproduced the issue in a synthetic test environment.,2026-04-30T16:41:00Z,1,500XnB1Zq9kVWIlQ76
00a2oGIU4JUNogDQO0,Configuration details reviewed; follow-up information requested.,2024-09-25T02:30:20Z,1,500kyzJ6uWdVKu5QKW
00azBufIvla0ZRYY8W,The request was confirmed and routed to the appropriate queue.,2022-04-13T15:27:13Z,1,50092YKElatTcctI8P
00aHHSaPYSxk9TpYPR,Resolution steps shared and validation is pending.,2023-12-20T17:55:01Z,1,5003BgMHJdZb52wIPO
00afNKzXrsKb5RhYRK,Service team reproduced the issue in a synthetic test environment.,2022-09-02T19:49:00Z,0,5002TabswvNJ5IUA5D
00a0EzkbCexIDcvAUK,Service team reproduced the issue in a synthetic test environment.,2022-11-21T01:18:27Z,1,500ViLAl5AIEvZjY0H
00aETuq60BUPGelAQJ,Resolution steps shared and validation is pending.,2024-12-13T07:28:49Z,1,500nJiwVn5vUKIrANU
00aCGorUf27EmkfAR6,Service team reproduced the issue in a synthetic test environment.,2024-09-04T01:52:49Z,1,500UY0iDyPrNd7nYL6
00ayO3e7EfhD9qVYX8,Service team reproduced the issue in a synthetic test environment.,2025-04-05T01:22:30Z,1,500cuTrR9CHfMNyI0N
00ai1KrNBXk07xpQSX,Resolution steps shared and validation is pending.,2026-01-20T02:41:30Z,1,500QQqdqyfSOtsKIXM
00ah6nXe9D3iWzwA5Z,Service team reproduced the issue in a synthetic test environment.,2026-02-20T22:02:35Z,0,500umSOWa0vtcMkAQP
00ay0yv3liW1LBiQF5,Service team reproduced the issue in a synthetic test environment.,2023-04-26T00:45:15Z,1,500XOSVsLRo5f9qQWP
00alFZqXnWev9W8IW8,Configuration details reviewed; follow-up information requested.,2021-03-09T21:05:00Z,0,500PpVOPD0v35KzYXS
00aTDaf1PCxN5QvQ52,Configuration details reviewed; follow-up information requested.,2022-01-16T00:14:07Z,1,500WpFotQdLvp0fQ55
00acLim02ejYMbEAT0,The request was confirmed and routed to the appropriate queue.,2021-03-04T07:53:32Z,0,500ESKxMKGSyjNEAOV
00ayf3a4X6Mz5yIQI0,The request was confirmed and routed to the appropriate queue.,2021-07-05T10:24:01Z,1,500bPjUigRXR3HFIW2
00aQXI6zjC7my4ZIIQ,Service team reproduced the issue in a synthetic test environment.,2025-02-04T13:47:59Z,1,500Do4EzCdJyKKZYHJ
00anTkRYC6LKy8MQ1G,Service team reproduced the issue in a synthetic test environment.,2021-05-14T03:27:36Z,0,500MA39xoeoWTMnY6I
00abDvNRIF5HK1JIE9,Resolution steps shared and validation is pending.,2021-03-13T20:32:44Z,1,500Hw7SJvKNZJOdQML
00aXKTpXShn4VZUQ86,Service team reproduced the issue in a synthetic test environment.,2021-12-07T02:17:38Z,1,500dksyk0wtyGnSISG
00aYT7TjL1t10WvQPL,Resolution steps shared and validation is pending.,2021-07-01T09:19:10Z,1,500ihjP2LalSBqkI5M
00aRtTo7IjNwlDBA6M,Configuration details reviewed; follow-up information requested.,2022-04-23T01:09:36Z,0,50048MuIq6OUL4OQDX
00aqDNQzY9JzW1uYYX,The request was confirmed and routed to the appropriate queue.,2025-09-20T13:45:01Z,1,500TX0AEaaytslNY7C
00ahr4Qa3jyJugqQBK,Resolution steps shared and validation is pending.,2025-03-22T03:52:28Z,1,500JFn21I7RcgEMQ29
00aw8q67CL19pgTQ6K,Resolution steps shared and validation is pending.,2023-03-28T10:42:10Z,1,500WCW6WhG5a741IQG
00afZpjkQSnzx1nYVU,Resolution steps shared and validation is pending.,2024-07-25T09:58:19Z,1,500mXc2wlA3hfqYQHM
00acOujjAXo6rnoQX2,The request was confirmed and routed to the appropriate queue.,2026-02-21T01:59:30Z,1,500hlh6y3TV4E32AH7
00adMgtHjqmBDEhYBC,Configuration details reviewed; follow-up information requested.,2023-10-17T10:19:28Z,0,5009vC9CFLQtCVhY0V
00aZqcmnQD3pfLjAZU,Service team reproduced the issue in a synthetic test environment.,2026-05-22T13:07:46Z,0,500EphqXh8ZAWCLQ7V
00afYwktq0YWChIA59,Resolution steps shared and validation is pending.,2021-08-09T02:40:25Z,0,500cuTrR9CHfMNyI0N
00a5BNZZ7Y2jlYlQQ3,Configuration details reviewed; follow-up information requested.,2026-06-15T00:35:21Z,1,500P4cOwdsXmJNMYTT
00aCQB55837yN4bQ9J,Configuration details reviewed; follow-up information requested.,2023-06-17T10:25:09Z,1,500d2dJUStTISfUQGQ
00auUYEUAKC25TKIRD,Configuration details reviewed; follow-up information requested.,2025-05-05T13:23:33Z,1,500RQAJewSnaAHRQOG
00aPo2Ge79tmPFIQJ1,Resolution steps shared and validation is pending.,2023-03-07T01:35:52Z,1,500eGeYg7vdF3pGQ24
00aPObc9mLXP2gXATN,The request was confirmed and routed to the appropriate queue.,2025-05-07T14:11:20Z,0,500Drb31096vtTgYQ6
00aVC18eNp0ZwmdA4R,Configuration details reviewed; follow-up information requested.,2022-10-13T19:35:12Z,1,5003KIU7PyImBcqYF4
00aAaYjCfv1XTPSYCI,Resolution steps shared and validation is pending.,2022-08-06T16:43:43Z,1,500kN5f5Z5JiQpPQL3
00aCuvBMpTMw0s6AOG,The request was confirmed and routed to the appropriate queue.,2026-03-22T06:06:04Z,0,500RqM4eFSLeOz4ARX
00afVhEixhzhhHLY9K,Configuration details reviewed; follow-up information requested.,2025-10-31T18:34:43Z,1,500K7JCNmOjtqguQ2C
00a0cNkOGVNJIYjIBD,Configuration details reviewed; follow-up information requested.,2021-12-13T19:18:26Z,0,500OKtfsSr7b4GxQYV
00aPJRMhx8xu102QR5,Service team reproduced the issue in a synthetic test environment.,2022-09-09T04:49:17Z,1,500z9J1GrNydlrgQS9
00aVLRlbgwty1tSYLO,Service team reproduced the issue in a synthetic test environment.,2025-01-05T01:23:43Z,1,500tQWK6gNdRabuAIS
00arghDm2P8agrzYGL,Configuration details reviewed; follow-up information requested.,2025-03-09T04:18:17Z,0,500XPta7JdsylCjIRJ
00abXz03PIa0O80AHD,Service team reproduced the issue in a synthetic test environment.,2022-06-16T15:57:05Z,1,500CNJrPpuwkswOYFU
00a0jzs1HV3NWRnQ3N,The request was confirmed and routed to the appropriate queue.,2024-07-01T02:11:04Z,0,5007wHPZfbw2Ps1QKY
00agLYd48kuB1vuQ05,Configuration details reviewed; follow-up information requested.,2022-06-30T13:50:30Z,1,5008GoAPykFpq7MAK8
00a9kIVkKY2sbvpI84,Configuration details reviewed; follow-up information requested.,2022-02-10T20:31:53Z,1,500oU7yPyOgCUIOA7N
00azN0FvzEzwPA0IOL,The request was confirmed and routed to the appropriate queue.,2022-02-26T05:20:25Z,1,500z3tyzavzVcwKA3V
00ahEV929azlQ5rAS3,Resolution steps shared and validation is pending.,2021-06-05T22:36:07Z,0,500uEujDbzBKF3DI8G
00arjllsZxZ3K22AIQ,Configuration details reviewed; follow-up information requested.,2026-01-11T00:12:28Z,1,500dVwAe4VX5ywsIKR
00a2u1ZhNCU1nQ7YBA,The request was confirmed and routed to the appropriate queue.,2023-08-02T08:54:57Z,0,500bFfw1Tm54j6BYKK
00agLcLGMGryxuJY3R,Configuration details reviewed; follow-up information requested.,2025-04-18T11:46:45Z,1,5003zubED8ztMOGYU2
00aSy1sE1mqmoiyYKT,Configuration details reviewed; follow-up information requested.,2024-07-01T12:28:35Z,1,500gZ3wgH4dbCkZQE2
00a0tcs07QQP2TjYTE,Service team reproduced the issue in a synthetic test environment.,2024-05-20T07:31:55Z,1,500ZRMxHIAVd06mQ0A
00agu2YJh8zklDbIYE,The request was confirmed and routed to the appropriate queue.,2021-01-25T16:08:48Z,1,500ZCw9v0liv795AFS
00ambJonKwXcqDtA24,Configuration details reviewed; follow-up information requested.,2026-05-13T13:52:43Z,0,500IJ2MTV9PLDLoQ60
00aevSuIk7l4DO0ARI,The request was confirmed and routed to the appropriate queue.,2026-06-13T01:37:09Z,1,500vkMFqAxqJn8JY69
00aX6BYTilYbnGuILC,Configuration details reviewed; follow-up information requested.,2023-12-27T14:16:20Z,1,5005eyhMNKzlXA6IQ1
00aELCDmZHIav5XYDJ,Configuration details reviewed; follow-up information requested.,2026-01-15T04:20:05Z,1,500qogdK2fwH7kqI9G
00aJcJsJkmhsKAaAIX,The request was confirmed and routed to the appropriate queue.,2023-04-30T08:22:23Z,1,500uEujDbzBKF3DI8G
00ayqBNk5tDO902YKK,Service team reproduced the issue in a synthetic test environment.,2025-08-09T14:48:56Z,1,5004EeyBTvkL3fWA37
00aD03zcsVTjHyqIPE,The request was confirmed and routed to the appropriate queue.,2022-03-21T02:02:48Z,1,500cPrF5ywFtjUMINT
00aWYEuNSzmKFX5IMA,Resolution steps shared and validation is pending.,2026-05-03T05:15:37Z,1,500Hw7SJvKNZJOdQML
00atBs0jMvCOCzJAMR,Service team reproduced the issue in a synthetic test environment.,2021-08-15T17:29:46Z,1,500FveuVQlJ7lBaIJ0
00aNk53m7P3ymBtYFX,Service team reproduced the issue in a synthetic test environment.,2021-06-26T22:20:41Z,1,500Zad0BAbDKPjpYKF
00aBI3r6tur1vFpQLL,The request was confirmed and routed to the appropriate queue.,2024-10-07T00:57:05Z,1,500tx3cFL3UEFT6AKA
00aeRLnYI8Aw5ajIRM,Configuration details reviewed; follow-up information requested.,2024-10-25T09:02:50Z,0,500DB0rOBmMKpFNAE7
00atkCxibbCAIwTIOA,Configuration details reviewed; follow-up information requested.,2022-07-14T04:17:37Z,1,500ZCAbxyaSIdCcAUE
00aOUXm0ou8FyCPQI7,Resolution steps shared and validation is pending.,2025-05-21T19:41:43Z,1,500eCkmJvZHa8lYIZJ
00aHs4AHfISvvOsAD6,Service team reproduced the issue in a synthetic test environment.,2021-10-18T18:29:29Z,0,500dVwAe4VX5ywsIKR
00a3j6MJsBgN1NKA5I,Configuration details reviewed; follow-up information requested.,2023-11-15T14:44:34Z,1,500xIf1mAZoffVHAQG
00aTgngC8L4k4EuYRF,The request was confirmed and routed to the appropriate queue.,2026-04-22T07:15:53Z,1,500bSTr2uvWMzLoA4R
00aWpiYFOHmda7mYYO,The request was confirmed and routed to the appropriate queue.,2023-08-01T07:32:42Z,1,500oqEvdg0aLB9xA3L
00asSEHw14dL1edQZ1,The request was confirmed and routed to the appropriate queue.,2024-01-10T16:48:16Z,0,500ns4nWp71pJXqI60
00aWtZd8S8TWiJiAVH,Configuration details reviewed; follow-up information requested.,2023-01-26T06:14:59Z,1,500hJz2mqLHvGgzYC2
00aDMJCSalXFDJ9Y7S,Configuration details reviewed; follow-up information requested.,2026-03-03T13:53:36Z,1,5007OjmmGg2h8LbQXE
00awhd0i1QzdBiyAFL,Service team reproduced the issue in a synthetic test environment.,2023-04-27T15:14:35Z,0,500Ty4n7OfgW9C7Y0O
00a0DKyjQ15X1q0I5N,The request was confirmed and routed to the appropriate queue.,2026-04-16T11:33:17Z,1,500XPEADVnUVNoJIXS
00aiDclOtaOHT9ZAEK,Service team reproduced the issue in a synthetic test environment.,2025-03-27T19:12:51Z,1,500GAney4E4y98BIC2
00am4tk3ZC0pQMFQW6,The request was confirmed and routed to the appropriate queue.,2022-11-13T10:07:00Z,0,500P13Hxb7ONz8cAHT
00az8mrnC1b2XcoQD5,The request was confirmed and routed to the appropriate queue.,2024-10-31T14:43:39Z,1,500jvMgLSOwcSO6APC
00a1qysQuCz5hqeQJY,Service team reproduced the issue in a synthetic test environment.,2022-12-12T16:04:36Z,1,500BgFwbAr2AAYXI1L
00a7wGLfkecNaJeYRT,Resolution steps shared and validation is pending.,2025-07-17T15:58:42Z,1,500a71OgRKKcEaWIIJ
00aVtoRunF0dS9BQIU,The request was confirmed and routed to the appropriate queue.,2024-01-13T03:31:06Z,0,500Z8doQG1Q0Z80YQ1
00aX9VSRLIroYRyI2J,Resolution steps shared and validation is pending.,2021-09-11T01:57:52Z,1,500jEjktmLXpwkYATP
00avJSQdhm2uTNFAG5,The request was confirmed and routed to the appropriate queue.,2026-02-18T06:14:02Z,1,500EphqXh8ZAWCLQ7V
00aIs0Zyi14bmP7YKA,Resolution steps shared and validation is pending.,2026-06-26T00:29:00Z,1,500thXmztRDfqhQIDZ
00aYtcogj8dqNUmAEZ,Configuration details reviewed; follow-up information requested.,2023-01-26T16:13:58Z,1,500cTH3qVRmxZ60Y4Z
00ayWGEMQ2wV4i2IHY,Resolution steps shared and validation is pending.,2024-10-10T00:50:47Z,1,500Jbb1z4DvXwSeQEI
00ad9FSQenTzDtLIXS,Service team reproduced the issue in a synthetic test environment.,2025-04-13T12:59:45Z,1,500cuTrR9CHfMNyI0N
00aU1naEFZSPOhUYRH,Configuration details reviewed; follow-up information requested.,2024-01-13T07:41:48Z,1,500qiqpT7ybCR2nI86
00af7F8B2cy6f0LQ50,Service team reproduced the issue in a synthetic test environment.,2021-11-01T05:01:15Z,1,500RafztzOZoxWuAS2
00aUS5v5y4NLMPvQA9,Service team reproduced the issue in a synthetic test environment.,2021-05-19T13:51:40Z,1,500DfnOuoQeTziHIOJ
00a1kaaPefqAEqvAWL,Configuration details reviewed; follow-up information requested.,2026-06-04T19:59:21Z,1,500vmYNcsdkegUPQVR
00ap5iTkWZBTEpDI1F,Resolution steps shared and validation is pending.,2022-01-30T08:43:57Z,1,500zAnvh5sLYRAyAOT
00aLCwqOLoN8ksLQ3X,Configuration details reviewed; follow-up information requested.,2021-02-18T16:32:55Z,0,500drjrv3ZCp0g7AY6
00a8O5X9ZX2A1KGA01,The request was confirmed and routed to the appropriate queue.,2024-02-26T20:22:35Z,1,500Vnp3pr645Q9OQRN
00aOlNfuyRSDg3EQQ0,Service team reproduced the issue in a synthetic test environment.,2022-10-11T21:47:26Z,0,500a4Fy2wDn9oS5IZA
00aXgV1vn47gqlHQXW,Resolution steps shared and validation is pending.,2025-10-04T18:24:55Z,1,500JT7BbPf1QZ3FANO
00aVwjrjwLFQd0pYX5,Configuration details reviewed; follow-up information requested.,2024-06-22T23:20:09Z,1,500T4Ezsjyrc2dZYIW
00ahKba7LEybKpPQ36,The request was confirmed and routed to the appropriate queue.,2021-10-20T01:25:07Z,1,500tI568VQPFHh8YA9
00aiIv4NRNehCndIAN,Resolution steps shared and validation is pending.,2021-01-31T16:34:04Z,1,500b2RmBNYambnCQ4P
00aZ8SRu4Hdcps5YZB,The request was confirmed and routed to the appropriate queue.,2023-01-19T10:10:13Z,1,500EFgn1V53ORC6IEU
00aiLt1j1NR29T0IPT,The request was confirmed and routed to the appropriate queue.,2024-05-12T13:38:06Z,1,500tVJGu3ZYpHnPYYO
00axt18Lqvfej5gQQ4,Resolution steps shared and validation is pending.,2023-01-13T10:20:53Z,1,5002p0P9oa1UoH0ITL
00aHDlf4Q4Ppy70APE,Service team reproduced the issue in a synthetic test environment.,2026-01-28T03:48:19Z,1,500eYIFFs8Ve4zGQ4K
00aamurhRyHm2avQLL,The request was confirmed and routed to the appropriate queue.,2022-12-15T04:30:00Z,1,500Wo6lDf8BrKHrAXR
00aWVKScLaRD3mpQL0,The request was confirmed and routed to the appropriate queue.,2021-11-22T11:00:14Z,1,500kcJyrB1wNiHeAAH
00a1geOcMcnT57TARV,Configuration details reviewed; follow-up information requested.,2025-02-23T07:10:31Z,1,500YwdtfwmKiSJHI89
00ac9gbi1QMDDJLQZM,The request was confirmed and routed to the appropriate queue.,2025-05-21T18:28:03Z,0,500i5mlYfMeiRpfQ8E
00aQsibo7hDCvtDA4R,Service team reproduced the issue in a synthetic test environment.,2024-12-26T00:05:34Z,0,500li8k7bHARxF0IGV
00a2CMO51QvAhV5A61,The request was confirmed and routed to the appropriate queue.,2021-04-23T16:14:36Z,1,500etI5dTOGadVTA66
00aH87ReobvMltIA66,The request was confirmed and routed to the appropriate queue.,2025-09-05T03:11:59Z,1,500Ty4n7OfgW9C7Y0O
00awREnTPzJhqp9YDJ,Configuration details reviewed; follow-up information requested.,2025-06-28T23:11:47Z,1,500k3gaNr4uYhnRIBN
00aaoi8jEDaJHACYW6,Configuration details reviewed; follow-up information requested.,2024-11-15T01:10:17Z,1,5000T4dmhNDV5G2IVS
00aMLDp3PiYGRnJA3U,Service team reproduced the issue in a synthetic test environment.,2024-12-30T06:41:44Z,1,500urOVL14ApOafY8L
00aY8oY6XmyI0d8Y90,Service team reproduced the issue in a synthetic test environment.,2024-02-03T16:29:48Z,1,500ekVDQ0IrYBQHANI
00a9zasgIuDXahzQ0R,Resolution steps shared and validation is pending.,2025-09-02T08:17:29Z,1,500d0rFPGOsGDk2QHU
00aOwvikLlm1uFKATQ,The request was confirmed and routed to the appropriate queue.,2021-11-30T21:01:38Z,1,500GdEPJOXtOsmsYOT
00aABS3HXXhEAAPI1O,Service team reproduced the issue in a synthetic test environment.,2024-01-11T15:50:38Z,1,500LH7yJYIecLMMAKM
00ay1PgZz7VwfRQY8Q,Service team reproduced the issue in a synthetic test environment.,2025-08-05T09:02:17Z,0,500BbUYPdaojxjDIEE
00a0OWngN9HWH15IBT,Resolution steps shared and validation is pending.,2021-03-08T00:25:01Z,0,500yHlM1Nd0OdygQIV
00aacP10ZAGaB7bYRL,Resolution steps shared and validation is pending.,2021-08-11T07:50:18Z,1,500a4hvM34RiUNLAMT
00a5gYf5vhjuAmyQWV,Configuration details reviewed; follow-up information requested.,2023-03-21T18:23:15Z,0,500hzj7G15Vpp6hQNR
00an6GKqWxh6Kd9AUH,Configuration details reviewed; follow-up information requested.,2023-09-26T22:47:29Z,1,500FAHnImTn01qkY6Y
00apULTlxXMzvMCQF7,Resolution steps shared and validation is pending.,2021-09-06T02:31:27Z,1,500Hw7SJvKNZJOdQML
00aJO7nVDDiXEgCQR4,Configuration details reviewed; follow-up information requested.,2023-01-23T19:34:58Z,1,500rVheELr7NrpGY4X
00arBvlQnPQjJygQ8E,Configuration details reviewed; follow-up information requested.,2022-10-16T15:26:05Z,1,5002gGM9NTgZvxbIOF
00asHSjgy8BkeWnA23,Service team reproduced the issue in a synthetic test environment.,2025-04-01T04:33:48Z,1,500lYtP86Wm2D81AZ1
00ajccvNrBaWj1pQPG,Resolution steps shared and validation is pending.,2021-08-10T03:17:17Z,1,500Yludj08C3bVCIBJ
00a7pYD34K5HhSyYTJ,Configuration details reviewed; follow-up information requested.,2022-12-21T05:25:48Z,1,500EphqXh8ZAWCLQ7V
00aJesMs7rhhEuyQYI,Service team reproduced the issue in a synthetic test environment.,2023-12-25T01:26:39Z,1,500iAscHBsiiic4YYV
00aPaZXo94QNugOQZH,Service team reproduced the issue in a synthetic test environment.,2022-07-06T10:46:12Z,1,500V67XcAcy7mSIYNH
00apjTBXxFXJgvyY3C,Resolution steps shared and validation is pending.,2026-03-02T21:17:05Z,1,500rVheELr7NrpGY4X
00aoEK40jahgaBrAMM,Resolution steps shared and validation is pending.,2022-08-10T23:00:42Z,1,500gcsfu3GgZEARYLC
00aHsI0RKycAATZY1D,Resolution steps shared and validation is pending.,2025-05-08T03:47:24Z,0,500h9P3mlO6anEqAP9
00aMHJHOQMaLIBcQ46,Resolution steps shared and validation is pending.,2023-01-08T23:05:24Z,1,500aEstcaON9fMKI50
00aoRLVOqWdc8yrYLX,The request was confirmed and routed to the appropriate queue.,2023-07-09T02:56:46Z,1,500A5ZOUTr6H8cVIZY
00avKIP8wxk3m99IRM,Resolution steps shared and validation is pending.,2023-09-29T08:36:25Z,0,500lPi2ZIJ1AdrIADN
00apZu6xnNlmWATIO6,Resolution steps shared and validation is pending.,2021-01-11T21:43:40Z,1,500wqGkEOjbAd4jA0X
00aDAFDu85k4JIJYK5,Resolution steps shared and validation is pending.,2021-12-12T22:30:23Z,1,500dBMrIIAZJSILYWT
00agtpkD7rMdZ2VQCA,The request was confirmed and routed to the appropriate queue.,2025-07-12T07:26:56Z,1,500u9M7NNlGigQeATJ
00asLPKRdOOEoDHYLI,The request was confirmed and routed to the appropriate queue.,2025-04-23T21:37:10Z,0,500NAtZF4UI5ElkY92
00abTJaQ2xR7wzxIZK,Service team reproduced the issue in a synthetic test environment.,2025-12-14T02:51:51Z,0,500B7REwwsfHoZBQXT
00adccm14fulq3oQ0E,Resolution steps shared and validation is pending.,2025-12-08T10:20:10Z,1,500WpFotQdLvp0fQ55
00a106lfYfcwIb5Y7A,Service team reproduced the issue in a synthetic test environment.,2023-08-25T14:03:09Z,1,500zevWODphVLNCAQ3
00aCAD61whdNgXtQW7,Configuration details reviewed; follow-up information requested.,2023-07-23T00:29:54Z,0,500fDv9ff5fBjcII3R
00a7U4rhibog9ZwY1F,The request was confirmed and routed to the appropriate queue.,2026-06-17T00:59:00Z,0,500wrSFAYQE4x47I6G
00aoo3NsTr1lYqqIYE,The request was confirmed and routed to the appropriate queue.,2021-04-12T01:23:19Z,1,5004msFDuf1jZvLAYQ
00a8NWZLUCIbUJlYJ9,Service team reproduced the issue in a synthetic test environment.,2025-10-07T20:49:13Z,1,500IIM6G04AROAsQIA
00a7l0iy2HqfddOQEV,The request was confirmed and routed to the appropriate queue.,2023-09-01T07:08:49Z,1,500jkyJJLp5kzngYT2
00ahb9T9K7Iqzx6IOJ,Configuration details reviewed; follow-up information requested.,2026-06-29T02:53:32Z,1,500SsTpbNzXXrUiI5B
00aUylkmHyqGyIvQQ0,Service team reproduced the issue in a synthetic test environment.,2022-02-09T06:11:18Z,1,500PxOODxJW6yiDARM
00auTreyy9jjyO8YBN,Configuration details reviewed; follow-up information requested.,2023-07-24T02:05:42Z,1,500zKd9dtTYyYrnIXK
00aR1FSftE0ROrpYA1,Resolution steps shared and validation is pending.,2024-03-29T00:13:25Z,1,5003mvP7hlvPUUvAOY
00aNiEGka1CnnQFA94,Configuration details reviewed; follow-up information requested.,2023-06-27T01:57:21Z,1,500nTrtzxvkUCF1AET
00afDEt4kVc94cSYHO,Configuration details reviewed; follow-up information requested.,2024-08-02T10:00:16Z,1,500NEVyLkJ4I0gYQVO
00aPJYlDxLA5GQ4QOH,Resolution steps shared and validation is pending.,2022-04-03T02:10:27Z,1,500vVrWMsYQA8PzQ5A
00af8uy8XlojjvFIQ5,Configuration details reviewed; follow-up information requested.,2024-04-11T01:14:38Z,1,500KDrfEhfjA3A2I5A
00aDSfkvMXZS1K2Q9P,Resolution steps shared and validation is pending.,2022-11-12T10:05:42Z,1,500drjrv3ZCp0g7AY6
00aA9Uo0SGwj7NPQK4,The request was confirmed and routed to the appropriate queue.,2024-05-09T12:38:09Z,0,500hRGjE7ylNLtIY9Z
00apIu1AKDTNzS2AGF,Service team reproduced the issue in a synthetic test environment.,2025-04-22T14:46:04Z,1,500yiwCKxznvfsMY48
00as0quPLiKvSzEQEF,Resolution steps shared and validation is pending.,2026-06-22T22:08:13Z,0,5001Lex7Iy15ktqIGP
00aeaNcR3q3ejOTQYI,Configuration details reviewed; follow-up information requested.,2023-08-14T16:27:34Z,1,500T0uB6S89VOshI3B
00aojlAiQIgJedeAO6,Resolution steps shared and validation is pending.,2025-11-28T13:11:29Z,1,500pOfFvMHOlWASAWR
00acXFyWFHMQbbNQ61,The request was confirmed and routed to the appropriate queue.,2021-12-03T23:40:54Z,1,500ysh7TvKL59AcQUD
00ajcI7wYGWZppxASG,Resolution steps shared and validation is pending.,2024-09-23T11:53:50Z,1,5007Oa5OdaQvslbYGF
00a6Ej12ON2WdBTAAG,The request was confirmed and routed to the appropriate queue.,2025-01-13T17:31:01Z,1,500tox5KudndMuYQPL
00aXtFAE1SzowZLQWK,Configuration details reviewed; follow-up information requested.,2021-06-08T08:00:13Z,1,5009XLnXFS2Uo21IBL
00aP69K1uyrgCUpQG5,Service team reproduced the issue in a synthetic test environment.,2022-09-18T16:46:52Z,1,5007ln1a55ffqmbQSA
00aBfuOZ4P0ZB7uIU8,Configuration details reviewed; follow-up information requested.,2025-01-08T07:50:54Z,1,500ZrL4B8Nv7cN2ADI
00aHs0z0PrTeLxYIX5,Service team reproduced the issue in a synthetic test environment.,2022-12-21T10:04:54Z,1,500zSOziuF7jhDaYM0
00aII4DR1nJL1iIA57,The request was confirmed and routed to the appropriate queue.,2023-04-19T03:39:54Z,1,500lYuV1meyGAOvYZK
00a8yaFqcmZn5tcQBF,Configuration details reviewed; follow-up information requested.,2023-12-18T03:12:23Z,1,500CA9jEFE27aLgARO
00aAr4aL0hcG6wHIDX,Resolution steps shared and validation is pending.,2025-09-20T18:15:17Z,0,500yLDUNP9UcwtFID2
00aN9sO7Z6C51EbY6V,The request was confirmed and routed to the appropriate queue.,2025-06-06T01:53:32Z,1,50004XAfgMq47v9Q2H
00aPLcOVRM5L9YnY1T,Service team reproduced the issue in a synthetic test environment.,2022-07-28T21:30:28Z,1,500qJvG0IzKzdotYNP
00ax2KlTBvrvqQvYVH,Configuration details reviewed; follow-up information requested.,2023-12-21T22:52:21Z,1,500dixPAY3tttHJY30
00akXywLvDNccS8YWG,Resolution steps shared and validation is pending.,2024-05-15T16:49:17Z,0,500EcpcYPmSrTbZAQ1
00aZIzSa9M4P84EYWZ,Configuration details reviewed; follow-up information requested.,2022-03-05T16:50:36Z,1,500J8hE8oHvXzZCI2Z
00abLn6YWU5w6DrYET,Configuration details reviewed; follow-up information requested.,2024-01-04T23:22:38Z,1,500xKU3e6ehqWGBI0V
00aw6abfsXUz8uGIYR,Service team reproduced the issue in a synthetic test environment.,2022-11-14T19:50:21Z,1,500TEBIDjxX7GLKIQJ
00aUzMXC7FsG44uAJU,Resolution steps shared and validation is pending.,2022-01-08T04:50:55Z,1,5000naMMQPzbBnVI42
00a1nFB3EupYvGEI3B,The request was confirmed and routed to the appropriate queue.,2022-10-03T08:09:23Z,1,500lJ3YQ6I7I8yZIKO
00aob2lOKvcufx2IGB,The request was confirmed and routed to the appropriate queue.,2022-06-19T05:01:02Z,0,500vAzUDCasTJZ2QC1
00a7Oz866mi069eQWG,The request was confirmed and routed to the appropriate queue.,2022-01-01T16:02:48Z,1,500lPi2ZIJ1AdrIADN
00aRKGvoaef1Mc8Y8L,Configuration details reviewed; follow-up information requested.,2024-01-11T18:03:30Z,0,500pYtWeO5Qc4xwQCB
00a2sj8xSrHtb7vQ12,Configuration details reviewed; follow-up information requested.,2023-06-02T22:51:49Z,1,500npyDXoXCVvMGIW4
00aqKiBgYVJg5C3I5O,The request was confirmed and routed to the appropriate queue.,2026-04-07T07:07:10Z,0,500xIf1mAZoffVHAQG
00ap8oKrpdMUwMXAXJ,The request was confirmed and routed to the appropriate queue.,2022-03-11T08:16:48Z,0,500KIzabk7LTGtEA55
00ajmQJT3xs33XBID0,Configuration details reviewed; follow-up information requested.,2023-09-04T01:59:33Z,0,500wDhDPIHQ7OHJAVF
00a3ThHwAx9neHNQMR,Resolution steps shared and validation is pending.,2024-06-08T12:37:08Z,0,500VkFwvlFwzyrnYGK
00aOx81DIZ86bUBQYX,The request was confirmed and routed to the appropriate queue.,2026-02-01T06:32:49Z,1,5006tht8RPNrpkjQ5J
00a43aJLvfgS5oRIAY,Configuration details reviewed; follow-up information requested.,2023-06-14T02:22:33Z,1,5006RSpluCHh6KjY1M
00aSRQQT1NuHUwiY85,Resolution steps shared and validation is pending.,2023-02-05T08:00:05Z,1,500yLCPtbb2cZ2tYZI
00ab7SKLlbuNtv6IA5,Service team reproduced the issue in a synthetic test environment.,2024-06-07T03:46:48Z,1,5003BgMHJdZb52wIPO
00a5CcTbp2S0sD7IA9,The request was confirmed and routed to the appropriate queue.,2021-12-21T15:22:42Z,1,50092YKElatTcctI8P
00amAcRscZux0EpQ3E,Service team reproduced the issue in a synthetic test environment.,2021-12-16T20:38:21Z,1,5006DP8PZ84uhURQ6Q
00a52yOLGLjN5gYYOX,The request was confirmed and routed to the appropriate queue.,2026-06-01T16:24:02Z,1,500RPAL6Z22QU7SI7G
00abEc7YG1G0MTMQD8,The request was confirmed and routed to the appropriate queue.,2021-05-03T20:58:29Z,1,500Hw7SJvKNZJOdQML
00aCiOE7sLKAteBADP,Configuration details reviewed; follow-up information requested.,2022-06-25T08:16:33Z,1,500Hw7SJvKNZJOdQML
00a3FiS0ZSEapj9AU2,The request was confirmed and routed to the appropriate queue.,2025-10-20T05:03:29Z,1,500k3gaNr4uYhnRIBN
00aJUFbQiCwmjFmAY7,The request was confirmed and routed to the appropriate queue.,2024-03-08T19:40:31Z,1,500HoAsfKJ6oI5WINU
00alL3jd64av0NmY1V,The request was confirmed and routed to the appropriate queue.,2026-06-28T04:35:53Z,1,500IitS5tPLftPLYKE
00aec5gnybCqfRAIS2,Configuration details reviewed; follow-up information requested.,2022-04-16T10:35:57Z,0,500hFt97rLaWuKOQIR
00a1ewTtbfk3iOXIUA,The request was confirmed and routed to the appropriate queue.,2021-05-27T18:47:42Z,1,5001W2d5GjZOAy6AWU
00a6jELLPOczWMUI0M,Resolution steps shared and validation is pending.,2022-06-02T23:13:41Z,1,500lUPsfnSvotCdQOG
00aMrmsUcvsCqLFI6H,Service team reproduced the issue in a synthetic test environment.,2023-03-21T12:28:15Z,0,500t8rXyziNQsw4Q8L
00aX4ZYDda6NGPAYBB,Configuration details reviewed; follow-up information requested.,2022-03-22T18:37:48Z,1,500DDhqgEcFz7ygQDI
00aCR2ZFA2ecZlvY6D,Resolution steps shared and validation is pending.,2026-02-25T18:45:33Z,1,5008GoAPykFpq7MAK8
00akcvZ1iLWqgruIBJ,Service team reproduced the issue in a synthetic test environment.,2024-04-13T12:42:21Z,1,500WwoQEHLNM82VAU2
00a22YWbSv5oeL0AIR,Service team reproduced the issue in a synthetic test environment.,2024-06-22T00:43:29Z,1,5006wmmp8q37lPGIME
00aBJmbIQB1KDXXQIV,Configuration details reviewed; follow-up information requested.,2024-10-03T09:41:20Z,1,500jCRtZi8zpysEQB9
00aNN2VJaEUkHUTYXT,Configuration details reviewed; follow-up information requested.,2024-07-28T12:42:58Z,1,500cfYlerRsKJ5aYD5
00aufHMpfBkJI4qA6O,Configuration details reviewed; follow-up information requested.,2022-06-21T06:38:46Z,0,500wrP3FKWu1E6MYGA
00awCQG6JjONTDhIUV,Configuration details reviewed; follow-up information requested.,2023-07-29T04:05:24Z,1,500QrZdTigUN5DeA8V
00a5O6XN7WiXF3cIKD,The request was confirmed and routed to the appropriate queue.,2021-01-30T19:08:16Z,1,500116hZZJz0O8MAJF
00aOhDTat7eq6SbYP1,Service team reproduced the issue in a synthetic test environment.,2024-02-23T22:57:03Z,1,500Hw7SJvKNZJOdQML
00aGCTMoxnbkmI8YSF,Configuration details reviewed; follow-up information requested.,2022-04-24T23:45:14Z,0,5006DP8PZ84uhURQ6Q
00afgysbVXx3oWTAQU,Service team reproduced the issue in a synthetic test environment.,2025-08-13T00:30:51Z,1,500Q3HBMWyorPWfIMP
00ahANarn40wGolQ99,Service team reproduced the issue in a synthetic test environment.,2024-01-17T10:51:14Z,1,500956v3Rv1cd8RQAB
00af0LFCSdlKUSpI8B,Service team reproduced the issue in a synthetic test environment.,2022-01-31T04:53:16Z,1,500L7DYTbWXQrqWQBW
00ayPxcEGUqutzAAK1,Service team reproduced the issue in a synthetic test environment.,2024-09-05T02:20:14Z,1,500GVdPIc1H7onkY93
00aVEsOmggBPT9LIWZ,Configuration details reviewed; follow-up information requested.,2021-02-20T04:17:36Z,0,500bSTr2uvWMzLoA4R
00a3ILKy6o1IX3bQIC,Service team reproduced the issue in a synthetic test environment.,2025-01-24T20:39:09Z,1,500vSq47Zw7G0eTYE1
00arU8rUIb48zMZAUB,The request was confirmed and routed to the appropriate queue.,2021-02-06T00:05:57Z,1,5002HMBG4Pkc6j9I6H
00aXfCSU6S71t3GQGA,The request was confirmed and routed to the appropriate queue.,2025-10-27T16:24:30Z,1,500ei0YjkMFUpR3YFB
00a1Wny8ROKZyFvAW1,Service team reproduced the issue in a synthetic test environment.,2025-04-28T11:40:55Z,1,500bDOJ9n7sfcP9QS3
00aMAsufgBvve8fY0Q,Service team reproduced the issue in a synthetic test environment.,2025-10-05T15:31:42Z,1,5000Q3Sf27RswV3I92
00aWmvBW4XFaVLiI8G,Resolution steps shared and validation is pending.,2021-09-08T19:09:02Z,1,500NEVyLkJ4I0gYQVO
00a6EE3pWzEfCx2Y30,Resolution steps shared and validation is pending.,2021-06-14T15:21:28Z,1,500TBzbSjeenGloI10
00ax71rDixvGRAcIQZ,Service team reproduced the issue in a synthetic test environment.,2025-11-18T15:31:40Z,1,500YYnF1V8XptMjIK9
00af8SH3ioSXstAQ5V,Resolution steps shared and validation is pending.,2023-12-10T16:00:15Z,0,500rSysuctFjlhkIMC
00aapdLoMRT4k4oA9J,Service team reproduced the issue in a synthetic test environment.,2026-03-19T21:16:08Z,1,500V4go92yG7Kq6IIS
00atyZvWeTdPV12AMO,Resolution steps shared and validation is pending.,2025-07-17T07:40:51Z,0,500IKm34zqGHGqFQM6
00ajvPaPwGeglNlYM7,Service team reproduced the issue in a synthetic test environment.,2021-05-09T10:04:23Z,1,500DJsOe8JaNsf8Y8N
00aDmsx4YCLcuB0Q94,Service team reproduced the issue in a synthetic test environment.,2024-12-09T01:11:35Z,1,500P13Hxb7ONz8cAHT
00awOXLcLXISzWZQ61,Configuration details reviewed; follow-up information requested.,2021-12-31T04:47:41Z,0,50048MuIq6OUL4OQDX
00aK4hXVSGLDmgsIS1,Service team reproduced the issue in a synthetic test environment.,2026-01-20T03:31:03Z,1,500xgIJyQuBAKh1IFA
00aYFIt65YuLyh6AJD,Configuration details reviewed; follow-up information requested.,2023-02-13T02:10:30Z,1,500drjrv3ZCp0g7AY6
00ab4LjOetVDzeWQ4R,The request was confirmed and routed to the appropriate queue.,2026-05-11T08:36:28Z,0,500npokBLyF3MHVAFH
00am6jhpwmlN2dgY6A,The request was confirmed and routed to the appropriate queue.,2023-02-16T09:38:36Z,1,500xH6PMRxNjCeUQE0
00amGRO30Rec3uMI08,Service team reproduced the issue in a synthetic test environment.,2024-06-26T12:38:01Z,0,500Q5LLkeV4Lqo7AEA
00agucBN8GnHVpvQWD,Configuration details reviewed; follow-up information requested.,2024-02-28T04:32:15Z,0,500WRMObZm1dfKiAR6
00aLpT64wfelxAAA10,Service team reproduced the issue in a synthetic test environment.,2024-10-03T19:11:40Z,1,500eGVnSvt90kyUIXS
00ab3cWINTrsU5dIFE,Service team reproduced the issue in a synthetic test environment.,2021-03-04T14:24:09Z,0,500FW9RQrU7VWO0IVX
00a3pW3WbOEIk80Q2C,Service team reproduced the issue in a synthetic test environment.,2023-02-22T16:04:21Z,0,500Iz8ne2XtnmoHAH3
00alp56HjpTSxU5AI5,Service team reproduced the issue in a synthetic test environment.,2022-12-30T09:01:04Z,1,500niTuyMQwyYIeYWL
00amANtQAScQPEVQRT,Resolution steps shared and validation is pending.,2023-01-24T01:27:20Z,1,5004msFDuf1jZvLAYQ
00aQ1ZamSmjiK5yI6V,Configuration details reviewed; follow-up information requested.,2023-08-13T22:10:42Z,1,5006wmmp8q37lPGIME
00aQN20zShcmUf6QDR,The request was confirmed and routed to the appropriate queue.,2024-04-26T18:05:03Z,0,500SsTpbNzXXrUiI5B
00aBMHlhMso0k3RAHJ,Configuration details reviewed; follow-up information requested.,2023-07-21T18:30:53Z,1,500etI5dTOGadVTA66
00amN6IlofGufTFAKU,Configuration details reviewed; follow-up information requested.,2022-12-15T21:14:00Z,1,500P67xIKZ1JdIXQB0
00aFVoTcYwyhze2Y1N,The request was confirmed and routed to the appropriate queue.,2024-09-18T11:58:28Z,1,500f7MU1nEZtkc4Y1I
00aOnI2ux8hXJ12A5E,Resolution steps shared and validation is pending.,2024-02-06T12:59:51Z,1,500WjBs24Je4s1oIAT
00a8gF9w5Sr9lwdQBL,Resolution steps shared and validation is pending.,2022-07-31T09:38:09Z,1,500VHftT11JDDKwI1I
00aKAWTO51YcBFfAUB,The request was confirmed and routed to the appropriate queue.,2024-09-29T22:58:12Z,0,500q3hLY7WPJ1k6A7P
00aO6IDYkbyTKKXQR7,Configuration details reviewed; follow-up information requested.,2021-04-19T14:28:35Z,0,500fgCCsu6Vp8eYA27
00azCulSjmhlLdLAFX,Configuration details reviewed; follow-up information requested.,2024-09-24T03:20:04Z,1,5005eyhMNKzlXA6IQ1
00aqNxItHrHqPEeYL4,Configuration details reviewed; follow-up information requested.,2024-09-08T04:22:27Z,1,500FuEZPTaNsDUoAM3
00aT0J66xLqQJ3gIVK,The request was confirmed and routed to the appropriate queue.,2025-06-08T14:01:10Z,0,500B29udewV1T9qQ6Q
00aUSwUWDp5NT77YJY,The request was confirmed and routed to the appropriate queue.,2022-05-02T08:19:00Z,0,500LBuiLGS6E1O0AEG
00adD8KCFwf15IcASV,Service team reproduced the issue in a synthetic test environment.,2024-02-23T07:53:10Z,1,500QtKxBwleAp0QYDZ
00aw0HTQf1nkc7XQKJ,Resolution steps shared and validation is pending.,2023-07-14T13:14:01Z,0,500jgMtpntpZGF0QP3
00aki4YMfFhuUyGIC1,Service team reproduced the issue in a synthetic test environment.,2023-09-23T07:18:45Z,1,500G0qsgXfP13wLI5P
00a15nVk4nNqfB4I5F,The request was confirmed and routed to the appropriate queue.,2025-09-19T15:52:58Z,0,500Hw7SJvKNZJOdQML
00aDjtI1SB8SuEyQH6,Service team reproduced the issue in a synthetic test environment.,2026-05-25T22:33:10Z,1,500bGqS1lsHSLAYY1R
00anSaiNdbPbXSqQ0F,Configuration details reviewed; follow-up information requested.,2024-07-11T11:39:43Z,1,500KOXJDdMZna1KQV6
00aGCr5YhaUJnGhI31,Resolution steps shared and validation is pending.,2023-08-21T01:11:20Z,1,500ZrL4B8Nv7cN2ADI
00arGnYJvR1wbu0IV8,Service team reproduced the issue in a synthetic test environment.,2022-12-15T08:38:44Z,1,500hdr8mwsCxsHBACC
00arK4VDlk39uP0I5U,The request was confirmed and routed to the appropriate queue.,2021-06-07T05:13:22Z,0,500ELtjTqFMK8hRI8H
00a0nOKQedmmkzpI9V,The request was confirmed and routed to the appropriate queue.,2021-04-18T21:13:55Z,1,500KKTvtmkjo5hTQOJ
00aSOnA4cInxTzqIYY,The request was confirmed and routed to the appropriate queue.,2025-12-03T12:48:51Z,1,500BVjE3HWVtV4kATA
00aF1K0Z87cb0d5YBI,Service team reproduced the issue in a synthetic test environment.,2025-03-13T14:08:47Z,1,50025Bq5SGCYkr5QZW
00aQ67n1VUlUuwgA5D,The request was confirmed and routed to the appropriate queue.,2021-12-20T11:20:02Z,1,500aQIdYV4WZEUIIOP
00aWyH2gdGkzxduQMZ,Service team reproduced the issue in a synthetic test environment.,2022-03-01T10:53:04Z,1,500dyORSmI5SsNbYR1
00a4SKucLK0HiFkYDT,Configuration details reviewed; follow-up information requested.,2023-11-30T06:52:26Z,1,500Ws8sfg8dezGkY1J
00a3aZJIDc3dkvMINB,Resolution steps shared and validation is pending.,2021-04-28T00:53:23Z,1,500ncCkmiFYQou9AEP
00a5ulDIWP2dJUUAIQ,The request was confirmed and routed to the appropriate queue.,2025-05-15T01:18:15Z,1,500A4czPWulz2tYQ6S
00aD42n2LADpUhsQYJ,Resolution steps shared and validation is pending.,2025-02-27T18:20:20Z,1,5008I5Gs9l2MWlAQ6U
00adkOU9gmsCcMvQJI,Resolution steps shared and validation is pending.,2023-05-01T13:07:55Z,1,500sSKvqYG1SW8LQI0
00apCicXW0mOUoiA1S,Configuration details reviewed; follow-up information requested.,2025-07-09T14:00:19Z,1,500h9P3mlO6anEqAP9
00abHXddaPujGjQQSQ,Resolution steps shared and validation is pending.,2022-02-15T11:45:00Z,1,500ajNRQhlomHhrAJO
00aq8UwH0r24V21A8G,Resolution steps shared and validation is pending.,2024-12-26T13:40:02Z,1,500Qrid3t56ShrSA35
00a9asrBJiEqTdiAJZ,Resolution steps shared and validation is pending.,2025-12-15T19:48:31Z,0,5007wHPZfbw2Ps1QKY
00aUgrOow9UcCoMIWF,The request was confirmed and routed to the appropriate queue.,2022-04-22T16:09:47Z,1,500JrskbqQsNJynIYM
00a5Z3UoFj1Htw3IBU,The request was confirmed and routed to the appropriate queue.,2025-08-18T00:04:55Z,0,500lYtP86Wm2D81AZ1
00aQ84vyB2RhtihY3T,The request was confirmed and routed to the appropriate queue.,2024-07-17T16:56:48Z,1,500RhREh0xJz8d4IPP
00a8Ra2koiYMSHOISO,Service team reproduced the issue in a synthetic test environment.,2025-05-06T10:21:11Z,1,500xTDrwBUzM89NITN
00a8hkWEfrHyG3aAUI,Resolution steps shared and validation is pending.,2023-11-14T05:38:21Z,1,500bDOJ9n7sfcP9QS3
00aEluB0oude0lzYFY,Service team reproduced the issue in a synthetic test environment.,2024-01-07T12:55:52Z,1,500zSOziuF7jhDaYM0
00aRe9agC7dY6YqI33,The request was confirmed and routed to the appropriate queue.,2022-08-02T12:29:09Z,0,500cuTrR9CHfMNyI0N
00aZcODIrYNJyACQKS,Service team reproduced the issue in a synthetic test environment.,2026-06-16T06:22:10Z,1,500niTuyMQwyYIeYWL
00aQ9WIXMqNhtTPQ61,The request was confirmed and routed to the appropriate queue.,2022-05-31T07:54:38Z,0,500Hw7SJvKNZJOdQML
00aXYCUInojr5DEAF8,Service team reproduced the issue in a synthetic test environment.,2021-06-18T11:21:05Z,1,500s2exaSH65VpgY4G
00aaS8ayX6mSG0bA1E,Service team reproduced the issue in a synthetic test environment.,2026-02-16T02:28:13Z,1,500Z2pve6h9I2gFYMF
00avtHj4eH5SgQHQOF,The request was confirmed and routed to the appropriate queue.,2023-12-28T02:51:16Z,0,5005F2jefrsJyhHQWC
00aigtN9vrIN5CuIP4,Service team reproduced the issue in a synthetic test environment.,2024-05-05T19:16:35Z,1,500SYw6JMuo34mTQ3S
00aDQxr5cinphhTIAT,Configuration details reviewed; follow-up information requested.,2025-02-24T10:50:37Z,1,500u9M7NNlGigQeATJ
00akSS5J6u39SMhAZE,Service team reproduced the issue in a synthetic test environment.,2022-10-21T21:02:33Z,1,500wrSFAYQE4x47I6G
00aiCr1GSFgSCY0YHA,Resolution steps shared and validation is pending.,2025-06-21T20:39:13Z,1,500GVowstbAZFcoQD1
00anzal9TcPy9I2QI4,Resolution steps shared and validation is pending.,2021-10-13T04:13:37Z,0,500VHftT11JDDKwI1I
00aMNL40L0n9ShvY73,Service team reproduced the issue in a synthetic test environment.,2026-05-09T17:06:11Z,0,500NEVyLkJ4I0gYQVO
00aV4axN1mRFlP9IWU,The request was confirmed and routed to the appropriate queue.,2024-07-06T01:41:19Z,1,500lh6xubYwms8cIH5
00aLuvfEL3X4MzyIGU,The request was confirmed and routed to the appropriate queue.,2022-08-24T14:13:37Z,1,500sHwuaRlPXH3qYHL
00aSJI77TUlLVuKIKA,Service team reproduced the issue in a synthetic test environment.,2022-10-06T04:24:00Z,1,500exlNou425EUSAOI
00aA1sOZyrCrMFQIBB,Resolution steps shared and validation is pending.,2022-02-24T12:00:39Z,1,500Hw7SJvKNZJOdQML
00aAsPnPwkkNQwCY73,The request was confirmed and routed to the appropriate queue.,2024-10-14T14:05:46Z,0,500Nozw5KRaEH6FI7Y
00aQIL79rWjB5peQ3U,The request was confirmed and routed to the appropriate queue.,2022-07-09T17:23:26Z,1,500Tnu0wBgU8NzLIW2
00a2glHf8nHIuIfIEX,Resolution steps shared and validation is pending.,2023-09-05T04:34:30Z,1,500QJYjhvMY87JIQ1M
00a35avlxs3KxPjA5Y,Configuration details reviewed; follow-up information requested.,2021-02-16T22:43:59Z,1,500AJ1fElRBlPD7Q7P
00aNZ5cQGNBpEz3A45,Configuration details reviewed; follow-up information requested.,2026-06-03T00:38:50Z,0,5005F2jefrsJyhHQWC
00aykq09460azGbYNU,Configuration details reviewed; follow-up information requested.,2023-03-04T15:44:10Z,1,500SJ2riZfXrsgyQQU
00aybqB4VS0oR9oQMS,The request was confirmed and routed to the appropriate queue.,2024-11-06T00:38:28Z,1,500GhzMxQjRzvYsA0M
00atWwI86tVdSHlILF,Resolution steps shared and validation is pending.,2026-02-20T19:35:50Z,1,5002EeDONYmke6mQ2K
00as5D9n4vGxFPcYZE,The request was confirmed and routed to the appropriate queue.,2022-06-28T15:28:48Z,1,500Hw7SJvKNZJOdQML
00ahpFdJaiXnvdXAZ2,The request was confirmed and routed to the appropriate queue.,2023-05-07T11:46:39Z,1,5006gsgcU1M6JQFI58
00arVawHP304OU9QN1,Resolution steps shared and validation is pending.,2024-05-20T19:53:43Z,1,500dkzlzE9efN5NYEE
00aaoiej02vVBpmIC7,Resolution steps shared and validation is pending.,2025-03-06T21:01:40Z,1,500O5gvrCqQXvWwASF
00aTccu2KkalMI0QHC,The request was confirmed and routed to the appropriate queue.,2025-02-23T15:49:36Z,1,500QQqdqyfSOtsKIXM
00a8wfTYUdlkekAYXC,Resolution steps shared and validation is pending.,2021-06-30T05:36:33Z,0,500irg3eBCKlFLkYFE
00aHECNZN82HMUaAFI,Service team reproduced the issue in a synthetic test environment.,2022-05-28T13:10:33Z,1,500PpVOPD0v35KzYXS
00afgweV3KW5mv0AB2,Resolution steps shared and validation is pending.,2022-09-15T11:05:41Z,0,500yfURx4lmQui7QT7
00aux65uKdxxSRzICA,Service team reproduced the issue in a synthetic test environment.,2025-02-16T03:44:37Z,1,500lYtP86Wm2D81AZ1
00aK2MUO3tyAc7RY0B,Resolution steps shared and validation is pending.,2022-11-20T00:34:37Z,0,500pZOK68deVgzzIO6
00aiGxqA3R0EyqSAD5,Service team reproduced the issue in a synthetic test environment.,2024-03-20T06:43:11Z,1,500s6SZGPcoRjobA9H
00aqujBFQTC7zR5Y55,The request was confirmed and routed to the appropriate queue.,2021-03-07T11:08:00Z,1,500tr7Wi4gRqthQAZ5
00aY2k5WgqPnlWKAIE,Resolution steps shared and validation is pending.,2022-12-13T17:34:54Z,0,500EyGqdiPuwMlaYFW
00aQ0uhR7QbFa7XQYA,Resolution steps shared and validation is pending.,2024-12-22T03:43:17Z,1,500CzdFs2SZLr4MAAY
00aUZDFNChKxgawI91,Configuration details reviewed; follow-up information requested.,2022-09-19T16:48:15Z,1,500eUNz7RFVKPiAYT7
00a5fRXIvDC7QFiYJL,Configuration details reviewed; follow-up information requested.,2021-09-19T00:41:25Z,1,500Au5QZtHKKVq2Y6P
00aRusgG5EGTa24IF9,Service team reproduced the issue in a synthetic test environment.,2023-11-19T23:27:43Z,1,50077C3c6mOHdLkY9E
00asWGYJqkjIyEwIV6,Resolution steps shared and validation is pending.,2021-10-25T01:06:56Z,1,5009adQbYg3oH0UYON
00aSKbLuON0mLcsYU3,The request was confirmed and routed to the appropriate queue.,2025-03-10T09:53:36Z,1,500XFR2SKkC0jLPQ78
00aes6vBut99fYNQ7T,Configuration details reviewed; follow-up information requested.,2024-12-19T05:00:28Z,1,500Hw7SJvKNZJOdQML
00aruRPoeX0wUPPYWV,Service team reproduced the issue in a synthetic test environment.,2023-11-09T20:29:55Z,0,5001qkZ9Ml1MoIGICB
00aMYqWcCA33qgCYEW,Service team reproduced the issue in a synthetic test environment.,2026-01-11T20:14:28Z,1,500pYtWeO5Qc4xwQCB
00aefHlDMLFdDgMA76,Resolution steps shared and validation is pending.,2024-08-08T09:15:11Z,1,5005uYVP9jnQnMgAXC
00aZ1dKfNxFhUv8YQY,Configuration details reviewed; follow-up information requested.,2022-03-27T14:25:02Z,1,500wlKMpR1v2tMrYE0
00axeQRDDwJ7FnbQUC,The request was confirmed and routed to the appropriate queue.,2024-01-31T16:28:39Z,1,500x3IYigNxN8SMAN2
00a9Skb5rlG9bNWI63,The request was confirmed and routed to the appropriate queue.,2024-09-02T17:59:54Z,1,500ns4nWp71pJXqI60
00aydHtC0CSrY2KI7J,Resolution steps shared and validation is pending.,2022-10-22T01:16:57Z,1,500UeND2PDU2n95AXY
00aNx0l2H96a7H3II5,The request was confirmed and routed to the appropriate queue.,2023-09-20T16:19:58Z,0,500LjARtRIC1xNMYMW
00aAQZRDqedsksbA2T,Configuration details reviewed; follow-up information requested.,2023-04-20T21:37:05Z,1,5000rFxaQI1WMv2QP4
00aiLvI8Ymd2H1oA04,Service team reproduced the issue in a synthetic test environment.,2022-01-16T14:50:56Z,1,500PzHIuYovItHzY2J
00a7fy6WHUXgnfHYM5,Configuration details reviewed; follow-up information requested.,2021-09-05T05:09:25Z,1,500Hw7SJvKNZJOdQML
00aZuGKDOAxeQUJA8B,Configuration details reviewed; follow-up information requested.,2021-07-29T20:52:11Z,0,500vmYNcsdkegUPQVR
00afIWR2b17gOLzAOZ,Service team reproduced the issue in a synthetic test environment.,2025-09-19T03:45:17Z,1,500NgsA537xChaRAYK
00auZK6o17HKK4XICT,Resolution steps shared and validation is pending.,2021-12-04T11:48:02Z,1,500yz5x2f6xYJ9HIUU
00aaxSBOHvbZJWIQYN,Resolution steps shared and validation is pending.,2021-07-09T04:06:33Z,0,500OQdlVcbShcGrIQT
00a4yG5eehOiNo3AZ1,The request was confirmed and routed to the appropriate queue.,2025-04-22T21:44:44Z,1,500lov61kdylROrQK7
00azOmYWKRqa7xiIA6,Configuration details reviewed; follow-up information requested.,2022-08-08T23:23:57Z,1,500k3y0yKzjAL5YQWX
00aRqUz9Z43RxanY95,The request was confirmed and routed to the appropriate queue.,2024-03-06T02:19:37Z,0,500aR2pqXgWL9mNY5O
00aAOWuhOVFlx13AFK,Resolution steps shared and validation is pending.,2024-06-13T19:07:07Z,1,500mfulwZIcIIP3AW8
00aF2Rpmt1us826QZW,Resolution steps shared and validation is pending.,2022-06-11T14:08:50Z,1,500eYIFFs8Ve4zGQ4K
00aTOdoWMrHp8aRQXX,Service team reproduced the issue in a synthetic test environment.,2021-02-26T13:34:15Z,1,500aEzkl6GNgottIZ0
00avTwcPL34GVDKA06,Service team reproduced the issue in a synthetic test environment.,2021-06-09T14:52:03Z,0,500GK18fPSI878FIMN
00aNJ3QlXDN2pzpAFQ,Resolution steps shared and validation is pending.,2022-07-18T03:11:29Z,1,500ueXjeyP3YeZnYJF
00aMIjf26V2VqMqYEO,The request was confirmed and routed to the appropriate queue.,2025-03-04T23:10:24Z,0,500iKSTH1qOMCkpQ80
00aYp9Q8hRFDZoEIXC,Service team reproduced the issue in a synthetic test environment.,2021-01-11T07:24:50Z,1,500QhsIuwwyFj96ISY
00aJCIJ8ZNsi3JqA5V,Configuration details reviewed; follow-up information requested.,2021-02-28T07:57:55Z,0,500cvTDLNXqYP0IIO2
00ajDlntbAKAHGYAB4,Service team reproduced the issue in a synthetic test environment.,2024-06-21T16:29:56Z,1,5005frWInn3urJ8Q51
00aNHDt94hnU88GY7Z,The request was confirmed and routed to the appropriate queue.,2023-06-03T12:57:31Z,0,500Qy6IqUJFcqenQHT
00ajuIGyW1zsmmQAXV,Resolution steps shared and validation is pending.,2022-01-28T07:46:11Z,1,500V67XcAcy7mSIYNH
00azj3IVRx4curPY3Z,Configuration details reviewed; follow-up information requested.,2022-10-22T12:53:54Z,1,500Ei25eFGDp8yEAY1
00abOtXGGsEBelhAKJ,The request was confirmed and routed to the appropriate queue.,2025-09-16T08:48:33Z,1,5007JOXzbbYag7mYFT
00aFtX9zMIkepwdQLX,The request was confirmed and routed to the appropriate queue.,2022-09-23T08:26:09Z,1,500i7oO3YL9dHNpAKM
00alTGNVlBgmRC8IDF,Configuration details reviewed; follow-up information requested.,2025-04-23T23:44:01Z,1,500hFt97rLaWuKOQIR
00azY0X89l4C3nsYFO,Service team reproduced the issue in a synthetic test environment.,2022-09-17T09:18:28Z,1,500pDeflY4PEucJYE9
00aDYdWCdiq6cEkIYX,The request was confirmed and routed to the appropriate queue.,2024-06-28T14:54:35Z,1,500SJ2riZfXrsgyQQU
00anCG3QUtWmFjlAK7,The request was confirmed and routed to the appropriate queue.,2022-09-06T20:00:37Z,0,500BDSXWgJ1JrBkQAE
00aEOX1q5aInB6AI7C,The request was confirmed and routed to the appropriate queue.,2025-02-02T06:07:16Z,1,500UeND2PDU2n95AXY
00a5g1gIP0mdUtRYJH,The request was confirmed and routed to the appropriate queue.,2022-03-18T00:51:50Z,1,500uq6VSoCl3YfgQWQ
00aMMycPra0PQvSYAO,The request was confirmed and routed to the appropriate queue.,2024-10-26T05:54:40Z,1,5006tht8RPNrpkjQ5J
00azxfAGlMwPbxVA84,The request was confirmed and routed to the appropriate queue.,2021-10-17T16:47:28Z,0,500BRP2yihMtoSuQFB
00ahKiqw0uu53b4QAY,Resolution steps shared and validation is pending.,2025-02-28T14:36:17Z,1,500xuH9PGOisfDpISK
00ap1L45sh7M44iQDU,The request was confirmed and routed to the appropriate queue.,2026-05-28T06:22:31Z,1,500eYiCbBvt0ZaXAOG
00aRNHUdDtwfSHOIW2,The request was confirmed and routed to the appropriate queue.,2025-03-03T10:43:23Z,1,500AK7DcYGk0xvXATU
00a9pS7PWuQaRdhQ0C,Service team reproduced the issue in a synthetic test environment.,2021-02-21T10:33:16Z,1,500pOfFvMHOlWASAWR
00anLZR7LFpuJXQYQF,Service team reproduced the issue in a synthetic test environment.,2023-10-01T19:36:54Z,0,5009XLnXFS2Uo21IBL
00a7RiZc69moaaCQ2T,Service team reproduced the issue in a synthetic test environment.,2022-03-09T16:21:33Z,1,500WCPentHx7NkUQ94
00aZ7iAkac0hQrRQVV,Service team reproduced the issue in a synthetic test environment.,2025-05-27T06:46:46Z,1,500ADdIU2Xid0UkAG3
00apJB6qF6dE6H9ITE,Service team reproduced the issue in a synthetic test environment.,2024-09-11T18:22:02Z,1,500H7XPgiRwdg57AWD
00a0FpV5iTcOsgdAPD,Resolution steps shared and validation is pending.,2026-06-14T19:29:03Z,1,500FPWVMjL4e1w2ANC
00a5lu0rBamsSPQQD2,The request was confirmed and routed to the appropriate queue.,2024-09-07T02:57:51Z,1,500fw8KWTpYGN9fA3F
00agM28Vt8nI0pYYM6,The request was confirmed and routed to the appropriate queue.,2024-06-05T22:54:36Z,1,500bhea7CYLwgq4QD1
00aFg5T5QG72V4FQYJ,Resolution steps shared and validation is pending.,2022-12-06T16:37:24Z,1,500Hw7SJvKNZJOdQML
00aX7L3X0pzEgCqQ0U,The request was confirmed and routed to the appropriate queue.,2024-02-12T06:32:58Z,1,500ihjP2LalSBqkI5M
00addboIBk05WrbANN,Resolution steps shared and validation is pending.,2022-11-05T23:49:02Z,1,500CTTG5omi9arKIH6
00afNtrU0ceJ9hyYHG,Resolution steps shared and validation is pending.,2021-10-16T17:20:22Z,1,5002tn2wcVtThWYIWP
00aI9oVrniUCjc0QYL,Configuration details reviewed; follow-up information requested.,2023-03-07T23:58:51Z,1,500fgCCsu6Vp8eYA27
00aVKdd1Q3Q3fXCYW8,Configuration details reviewed; follow-up information requested.,2025-12-17T08:10:36Z,0,500vzU9orpmzOe7QIA
00aOP9A6nbP7qS2AJ3,Configuration details reviewed; follow-up information requested.,2022-01-19T18:33:29Z,1,500T4a7CdePHZOPY1K
00aCWaIxcgVMUpqYQV,Service team reproduced the issue in a synthetic test environment.,2024-12-06T18:32:50Z,0,500IQfDDlnYFJPZI42
00ab2ZekoXB7rj8QVQ,Resolution steps shared and validation is pending.,2021-08-06T02:17:20Z,1,500seYnSbZ2zZ0SI7E
00aXPEaoElBu7NGIER,The request was confirmed and routed to the appropriate queue.,2026-06-28T20:22:23Z,1,500fw8KWTpYGN9fA3F
00aYC9aLN1oPF5hAJ5,Service team reproduced the issue in a synthetic test environment.,2023-11-16T18:03:09Z,1,500irg3eBCKlFLkYFE
00aIB6BAh7p1J3dQ73,The request was confirmed and routed to the appropriate queue.,2023-06-12T20:55:37Z,1,500ZM1r59AhsVkNYRG
00an4Ho8IfsHDteA8E,Configuration details reviewed; follow-up information requested.,2024-02-26T12:28:41Z,0,500RKC1W4BLVQdOI10
00avAHvm7e49IaKYYL,Resolution steps shared and validation is pending.,2021-04-08T12:01:39Z,1,500cuTrR9CHfMNyI0N
00a7X93WVUl1NNlIEV,Configuration details reviewed; follow-up information requested.,2022-11-23T06:48:37Z,0,5009Y4Hkt9I8SpYIR3
00aunvlCsfVI2P2QEW,Service team reproduced the issue in a synthetic test environment.,2025-02-23T03:49:24Z,0,500SQ3j5dYUVffpAZE
00a2Qyf78mnnWQGYJE,The request was confirmed and routed to the appropriate queue.,2022-03-20T00:05:02Z,0,500WdhCnYxuzgyFY1W
00ax6ZhT6z9K8KsYDJ,Resolution steps shared and validation is pending.,2023-07-31T15:08:43Z,1,500xH6PMRxNjCeUQE0
00a1ZvQEDmYGhrqIZZ,Resolution steps shared and validation is pending.,2024-11-22T23:33:12Z,0,500x2qelGSNI3TlYCJ
00aC6bzht8FZ7ETYWF,Resolution steps shared and validation is pending.,2026-02-26T16:10:08Z,0,500HLRFdSU3mMZCQNL
00ahdZFWaIxt6OfQ02,Configuration details reviewed; follow-up information requested.,2023-04-03T00:05:27Z,1,500o1BUd2osTGDBQEW
00ajx5R9z7R2KgiYR8,Configuration details reviewed; follow-up information requested.,2021-12-17T23:03:59Z,1,500TvBgkGMg0SsWAK9
00abr2vRwT4GgUCA4M,Service team reproduced the issue in a synthetic test environment.,2022-03-27T00:53:44Z,1,500qEz9MHAcs83lQ4W
00aY2aXTV1jcUnwI50,Resolution steps shared and validation is pending.,2024-07-02T11:22:24Z,1,500vN71Gjhbk1IAQ3T
00aBRR4KTO9ZOtdYSZ,Resolution steps shared and validation is pending.,2024-11-02T12:19:26Z,1,500vLM8O4lxkOE4QVS
00aMXY1eTPll34kYMM,Service team reproduced the issue in a synthetic test environment.,2026-02-15T20:30:36Z,1,500tQWK6gNdRabuAIS
00aBcH0VXZMwZ7FIRZ,Service team reproduced the issue in a synthetic test environment.,2022-02-11T13:29:29Z,1,500N6kTOcyZU6YeQYE
00a29GUv1FKg62kYSI,The request was confirmed and routed to the appropriate queue.,2024-06-13T16:40:30Z,1,500uSdjQ54aL8WqIRY
00aT4dT0ncUg4a2YTG,The request was confirmed and routed to the appropriate queue.,2023-07-10T00:00:47Z,0,500ZTi5dNbBFgzeAVC
00a8S31QS4boZOQIYA,The request was confirmed and routed to the appropriate queue.,2022-10-16T14:55:24Z,1,5009Y4Hkt9I8SpYIR3
00arEBVFHCzR0tVATD,The request was confirmed and routed to the appropriate queue.,2024-05-26T13:18:28Z,1,500bY6xSiZB7CNJIIJ
00azraVS9kci6CuQWW,The request was confirmed and routed to the appropriate queue.,2022-03-22T08:46:52Z,1,500HHw7Bd7chPRnY5F
00aTWDnufm01jeCQ3B,Service team reproduced the issue in a synthetic test environment.,2026-01-29T20:59:04Z,1,500Hw7SJvKNZJOdQML
00abraDqjcDjnz3A13,The request was confirmed and routed to the appropriate queue.,2023-02-23T11:09:33Z,1,500pWed3ZmkRKVXQHO
00aW09sVuj8BvbrAVQ,Configuration details reviewed; follow-up information requested.,2025-04-18T17:46:11Z,0,5009jZH2kJVWUyTQ9W
00aze1oxB69k8pQISQ,Configuration details reviewed; follow-up information requested.,2021-06-10T01:49:03Z,1,500q3NMOwGfjHfKY4Q
00aBgtbhrkW4xArAFB,Configuration details reviewed; follow-up information requested.,2026-04-09T13:01:45Z,1,500BR4YiHWLO708Q2T
00aWSPuhbK727YgIMT,Resolution steps shared and validation is pending.,2022-03-11T04:15:20Z,1,500t4jsbNV1KJVxY0X
00aMPAPDW8oMlJyA7W,Service team reproduced the issue in a synthetic test environment.,2026-06-10T10:00:46Z,0,500eaeUW9xgX1wUYAG
00aGlll2I14Qbs3Q8Q,Configuration details reviewed; follow-up information requested.,2021-08-12T03:33:50Z,1,5000GTIZNvy0PoqYNH
00aOCJqDjHWwa96Y86,The request was confirmed and routed to the appropriate queue.,2025-10-10T23:39:36Z,1,500cVyzQ1FVfWyAA43
00agzqiPCtOjoNlIEV,Service team reproduced the issue in a synthetic test environment.,2025-04-14T11:16:38Z,1,500Hw7SJvKNZJOdQML
00ak1t1Wq5JGTijIR9,The request was confirmed and routed to the appropriate queue.,2023-05-23T01:34:13Z,1,500XG8Nn2qy03aLQN6
00a8uR7QmH03FEeYMG,Resolution steps shared and validation is pending.,2024-09-18T22:06:40Z,1,500R9lh0LMQ7f3oQZH
00a5TLAEivyryRXIFK,Configuration details reviewed; follow-up information requested.,2026-04-22T11:02:51Z,1,5001Lex7Iy15ktqIGP
00aCDPs6pZXDPpnIEX,The request was confirmed and routed to the appropriate queue.,2022-08-30T21:04:40Z,0,5006Vn1Zy1OCCBaQ8T
00avOFKy2KH6fbpI6F,Resolution steps shared and validation is pending.,2021-12-10T04:40:53Z,0,500Hw7SJvKNZJOdQML
00amHQdysQXfPG5YCN,The request was confirmed and routed to the appropriate queue.,2024-07-20T19:35:52Z,0,500pWed3ZmkRKVXQHO
00asEjibN6Fm4ovYR2,Configuration details reviewed; follow-up information requested.,2026-04-11T13:00:05Z,0,5009Y4Hkt9I8SpYIR3
00av4VgJqDYRl6DQK3,The request was confirmed and routed to the appropriate queue.,2025-02-17T04:20:57Z,0,500rVSkEgMXvK0EQD3
00avhi5D86EjJgeAH1,Service team reproduced the issue in a synthetic test environment.,2022-03-13T10:13:14Z,1,500A5ZOUTr6H8cVIZY
00aZBfMrIWTs34GIJA,Service team reproduced the issue in a synthetic test environment.,2023-08-25T13:13:01Z,1,50053w0Trh73ahoARH
00aUxJKbpvumelvQ4A,Configuration details reviewed; follow-up information requested.,2024-07-31T08:26:40Z,1,500G7gkgGEJesUrI46
00aIDbIu6ICTv7vQ7T,Service team reproduced the issue in a synthetic test environment.,2022-03-05T18:31:58Z,1,500YzVpSEs6eJ2iIZT
00a5gKJWFvdUimHYJQ,Configuration details reviewed; follow-up information requested.,2023-05-02T17:15:58Z,1,500mO1VyTrgrDTKQNB
00aeegtuPVMLtowAZ5,Resolution steps shared and validation is pending.,2024-08-27T14:39:17Z,1,500Xvl03edwo0wrAXA
00atQRUjyotCJ8mI7Z,Service team reproduced the issue in a synthetic test environment.,2023-11-26T13:38:30Z,0,500cVyzQ1FVfWyAA43
00adx6VULC4Pih6YJE,Service team reproduced the issue in a synthetic test environment.,2025-07-27T08:14:04Z,1,500tVE4tpC6IZUCARK
00aXx5ismGKoTlkIR9,Resolution steps shared and validation is pending.,2023-07-13T05:52:24Z,1,500YbisLFITYQL0AJC
00a03jHQWRp0CS1IYH,Configuration details reviewed; follow-up information requested.,2024-06-01T00:11:44Z,1,500iisI735q7cJQA2T
00aVWcDf71kyXmMYWA,The request was confirmed and routed to the appropriate queue.,2024-01-23T09:32:02Z,0,500Me0oQmkZxPLBIX9
00ayRsDjmfTQvEgY0X,Service team reproduced the issue in a synthetic test environment.,2022-07-07T04:59:54Z,1,500ELtjTqFMK8hRI8H
00a1LtpSKmDxeLcIJW,Configuration details reviewed; follow-up information requested.,2022-08-11T08:39:15Z,0,500JnRStY81eBchIF6
00ab9Zjn6gmLtI1YGM,The request was confirmed and routed to the appropriate queue.,2025-10-19T21:14:08Z,0,500XnB1Zq9kVWIlQ76
00a5zteXcxEUm0MY8A,The request was confirmed and routed to the appropriate queue.,2022-12-21T11:06:16Z,0,500MpPAKiuyFDGsYLX
00az93jMS7KfdI9Q4Y,Service team reproduced the issue in a synthetic test environment.,2025-03-30T05:48:37Z,1,500HeJJGrQP1LTDINA
00alRcQElCR0tAUQD8,Resolution steps shared and validation is pending.,2024-10-27T00:39:16Z,1,500vkMFqAxqJn8JY69
00a58QKqInCDaS3I16,Resolution steps shared and validation is pending.,2021-12-08T21:22:00Z,1,500GjMu4PoQTpVBA95
00aJpdXlHX9jwEgQRN,Service team reproduced the issue in a synthetic test environment.,2026-06-18T23:46:39Z,1,500hA6g5wEy6U3uIRO
00afZ8Q35Qt1wpnY0Q,Service team reproduced the issue in a synthetic test environment.,2022-08-03T07:11:16Z,1,500VvwAta2p7TlsAZW
00a3X9yUag38zEkYNL,The request was confirmed and routed to the appropriate queue.,2024-09-08T10:47:50Z,1,500q3NMOwGfjHfKY4Q
00an39OaLkR9S5hYVI,Configuration details reviewed; follow-up information requested.,2023-08-21T03:44:14Z,1,500HAUiNGgesUmTQV5
00a7DwddFDSmIs3YK7,Resolution steps shared and validation is pending.,2023-02-21T20:37:10Z,1,500BJxUwiJNDWvQAVB
00aUpUCwYFF911YYEG,Service team reproduced the issue in a synthetic test environment.,2023-06-09T22:44:10Z,0,500WCPentHx7NkUQ94
00a1l4jrVE4hPmDANZ,The request was confirmed and routed to the appropriate queue.,2025-04-22T22:03:42Z,1,500YB0gdtVQmh9xYLE
00aX2h7qoyrojqDAW7,Service team reproduced the issue in a synthetic test environment.,2026-02-16T20:35:42Z,0,500aQIdYV4WZEUIIOP
00aBzrKc0XyBcs0AJJ,The request was confirmed and routed to the appropriate queue.,2021-10-04T21:14:35Z,1,500Kb5rfMj62v5uQSH
00aGgffGdcZ0WXhQTI,The request was confirmed and routed to the appropriate queue.,2022-03-26T08:04:34Z,1,500rjq4CLXeW59ZYWP
00aBo3qt80WLDnEQZN,Configuration details reviewed; follow-up information requested.,2022-10-05T20:27:48Z,0,500gSnomi34s0RNA7B
00alXOrQzOA7jLBQSN,Configuration details reviewed; follow-up information requested.,2025-04-30T11:49:30Z,1,500Iz8ne2XtnmoHAH3
00avSOGkgJlDpTrISP,Resolution steps shared and validation is pending.,2024-03-31T19:19:33Z,1,5009GP3FpsOYeWcA8D
00aHk8qn7rFJ3oCIJ3,Configuration details reviewed; follow-up information requested.,2024-12-27T21:30:17Z,0,500e5bsj5smLRciYIU
00aPmVevDfotGq5QJS,Configuration details reviewed; follow-up information requested.,2025-09-29T03:54:40Z,1,500NsIWvCysMQYrA1S
00aQKcMZwOgkQmfYLB,The request was confirmed and routed to the appropriate queue.,2023-07-03T10:47:15Z,0,500MA39xoeoWTMnY6I
00aleuEA10nQ0uFQ3X,The request was confirmed and routed to the appropriate queue.,2021-03-04T14:16:03Z,1,500DfnOuoQeTziHIOJ
00aNfyj03AE5uz3A4Q,Configuration details reviewed; follow-up information requested.,2021-06-21T08:07:10Z,1,500rPZWhdpA4PU9AQW
00afr0sioMbFFSXAGZ,Configuration details reviewed; follow-up information requested.,2025-02-04T23:58:14Z,0,5002ppcl23ACCs8Y7P
00aoflQwWGHUCiMIX4,Configuration details reviewed; follow-up information requested.,2025-06-12T05:28:33Z,1,500dyORSmI5SsNbYR1
00a8diXjfZbX4jBQGC,Service team reproduced the issue in a synthetic test environment.,2025-04-20T20:02:21Z,1,500mUguZVFCY48nQKL
00aBAzc1G2Pc8okQ4R,Resolution steps shared and validation is pending.,2025-10-07T20:37:49Z,1,500Hw7SJvKNZJOdQML
00aEKVCO6tYNbOmQIK,The request was confirmed and routed to the appropriate queue.,2025-12-27T23:40:11Z,1,500YbisLFITYQL0AJC
00aNVfUHRYz4IAhA7D,Service team reproduced the issue in a synthetic test environment.,2023-10-27T23:21:01Z,1,500qx1YgGnSjkhRQEE
00a3O9xVVGYDMxAIK3,Service team reproduced the issue in a synthetic test environment.,2025-09-29T12:49:22Z,0,500mGHqGh6WJEY2IQ1
00aDfIDHZIpuaM9IYF,Resolution steps shared and validation is pending.,2022-10-24T06:58:35Z,0,500ZxlfiB6MEEfbAWE
00aRssB2f6vHldPAJA,Resolution steps shared and validation is pending.,2025-01-08T12:18:31Z,0,500TljeVPSUGV3KYXZ
00anOqLlaO6iBWkACZ,Service team reproduced the issue in a synthetic test environment.,2022-11-25T16:20:48Z,0,500lUPsfnSvotCdQOG
00afn6m1tAnmIsUYWY,The request was confirmed and routed to the appropriate queue.,2026-05-02T23:50:31Z,1,500VdBmEktE1FejQZQ
00aZe2SuJHZJFvpI7J,Configuration details reviewed; follow-up information requested.,2023-01-13T09:43:00Z,1,500idHJgkPNfXLCYWU
00aNEgb4JmsEbcKAF9,Configuration details reviewed; follow-up information requested.,2024-10-17T12:20:11Z,1,500bPjUigRXR3HFIW2
00aLVvAmB5ysk4JQZY,The request was confirmed and routed to the appropriate queue.,2024-06-16T10:07:56Z,1,5002mJfbBffYDOtYUJ
00a9rCkHom2yExCQMR,The request was confirmed and routed to the appropriate queue.,2021-12-19T23:53:07Z,1,500FwJ43p85qBkvAP9
00aRUYKqgmSVRG3YAP,Resolution steps shared and validation is pending.,2022-05-23T14:15:04Z,1,500JMQN9tofZiKdYGX
00asAX2q2wGI1urQNF,Service team reproduced the issue in a synthetic test environment.,2022-11-08T23:35:17Z,1,500GCGb4idCYTY1YX3
00aB3B3YDqTkkRbQ0G,Resolution steps shared and validation is pending.,2026-01-04T15:20:17Z,1,500itQ1XxEWlQ8VQ8W
00aUBBWyoUeq3nbIE1,Configuration details reviewed; follow-up information requested.,2021-01-16T16:16:20Z,1,500zKd9dtTYyYrnIXK
00apy3vNpX6oJToID7,The request was confirmed and routed to the appropriate queue.,2024-10-31T23:36:07Z,1,5004Bk58CafHvtbY9T
00aoTt1rergYB4lALT,Configuration details reviewed; follow-up information requested.,2023-09-22T07:42:18Z,1,500Feu92jpJlXk3I4M
00aA2XLryNAVuw8QY2,Configuration details reviewed; follow-up information requested.,2022-03-28T19:28:07Z,1,500aJvIczHCrt6KY7Q
00aSu0DETrDRMZLQDJ,The request was confirmed and routed to the appropriate queue.,2021-09-02T09:59:11Z,0,5001W3MIFKyYlEgISF
00abmH8vc4RjBNKA7M,Service team reproduced the issue in a synthetic test environment.,2022-01-14T17:03:39Z,0,500nLKMXrkxNkIQIRS
00aJQVpUOrzqspEQ5K,Configuration details reviewed; follow-up information requested.,2025-03-18T05:36:43Z,1,5009GP3FpsOYeWcA8D
00aT7x5ZqPyGlu6IO9,The request was confirmed and routed to the appropriate queue.,2026-02-07T16:31:43Z,0,500qx1YgGnSjkhRQEE
00aCrAS9M9OX9qUQNF,Resolution steps shared and validation is pending.,2024-05-13T16:22:30Z,1,500GgJkW7vbKVIIALK
00adEeDDXkkBa9kAZ2,Resolution steps shared and validation is pending.,2022-03-06T12:21:10Z,0,5002Imccu5wPs56Q2N
00anNuUz5tvQ4hxQF7,Resolution steps shared and validation is pending.,2024-04-21T11:21:28Z,1,500XFR2SKkC0jLPQ78
00awY97Uu1z8AiRA0H,Resolution steps shared and validation is pending.,2025-01-27T08:18:56Z,0,500ca6PtAzZyz1iAY0
00aWHwfjsBCx3CTAFE,Resolution steps shared and validation is pending.,2026-06-19T14:00:22Z,1,500Ly0TsCAAVG8xAQ9
00agNOD1foIxSlsQWQ,Resolution steps shared and validation is pending.,2025-04-22T13:47:43Z,1,500jCRtZi8zpysEQB9
00affk3fwV4JP5dQ1R,Resolution steps shared and validation is pending.,2024-06-21T00:35:14Z,1,500li8k7bHARxF0IGV
00aOq7x1jdxNUcPAJK,Configuration details reviewed; follow-up information requested.,2021-07-22T14:04:08Z,1,500vvxDwGzz6pTdA4U
00ac23X0Pt5LpnoQBV,Configuration details reviewed; follow-up information requested.,2022-03-21T20:42:58Z,1,500tkm4OBlUkVIyAI1
00aOzsjDj18QjFjYRH,Resolution steps shared and validation is pending.,2021-05-14T06:55:28Z,0,500aEstcaON9fMKI50
00aw3jFlV928JgqYWJ,Service team reproduced the issue in a synthetic test environment.,2022-12-16T19:10:02Z,1,500iKYD4RVnnLeaIJP
00afyi2Ved6FUNxQYO,Service team reproduced the issue in a synthetic test environment.,2023-08-06T00:52:18Z,0,500b2RmBNYambnCQ4P
00a2ItiGUJrgMyuATE,Service team reproduced the issue in a synthetic test environment.,2023-05-16T11:38:55Z,1,5001Q3uCrtfCjCdAND
00abyovlFX5t3y0A46,The request was confirmed and routed to the appropriate queue.,2023-02-21T10:59:25Z,1,500DeDhrKk9DUtTYGB
00akhBUKcIg1bz8QP3,Configuration details reviewed; follow-up information requested.,2022-03-15T15:52:04Z,1,500Hw7SJvKNZJOdQML
00aiBRrxmBVRK9mI7E,The request was confirmed and routed to the appropriate queue.,2022-12-31T05:04:53Z,1,5007JOXzbbYag7mYFT
00aYGZ2WgiQ9LOBYHM,The request was confirmed and routed to the appropriate queue.,2024-01-19T00:23:08Z,1,500nMyyLkKbea2uQK5
00aXqzFYVKnmtR0AW5,Resolution steps shared and validation is pending.,2022-11-02T21:53:06Z,1,500sUAFmZspU5AvYGM
00aS8SPTpnC4u67YRC,The request was confirmed and routed to the appropriate queue.,2023-11-01T16:17:17Z,0,500sUAFmZspU5AvYGM
00apiLxXHkQIgigQYN,The request was confirmed and routed to the appropriate queue.,2025-10-11T00:31:21Z,1,500oqEvdg0aLB9xA3L
00avNSsZdAkqTVJY3J,Service team reproduced the issue in a synthetic test environment.,2026-05-06T12:49:17Z,1,500yqcKJ0m6zNqdAR8
00asrlBoSyAW9ZeI41,The request was confirmed and routed to the appropriate queue.,2026-04-21T21:44:02Z,0,500npyDXoXCVvMGIW4
00aFOZYjnyPv9wYIAI,Resolution steps shared and validation is pending.,2024-08-24T21:49:59Z,1,500cuTrR9CHfMNyI0N
00a09ePuQcShRRbIUT,Resolution steps shared and validation is pending.,2022-04-15T08:01:13Z,1,5007ln1a55ffqmbQSA
00aAjYtFcJ9hjnVY3M,Resolution steps shared and validation is pending.,2024-04-22T11:36:03Z,1,500vRbILHYSs8bBQ8B
00awEaszTRaxTlZY7R,The request was confirmed and routed to the appropriate queue.,2021-07-05T06:14:17Z,0,500QOGfoxxOjqwNQMJ
00aIjjH0pwqMr3lA85,Resolution steps shared and validation is pending.,2024-12-22T08:06:51Z,1,500jgMtpntpZGF0QP3
00a2m7mnLusHwpbQQI,Service team reproduced the issue in a synthetic test environment.,2026-04-26T22:52:19Z,0,500eF0O9iaVOrTHIIS
00aXkp7gfq3h6JsAD8,The request was confirmed and routed to the appropriate queue.,2025-11-13T12:08:20Z,1,5002p0P9oa1UoH0ITL
00aU0lPmeTIRwsNISN,Service team reproduced the issue in a synthetic test environment.,2021-05-27T23:51:31Z,0,5001Lex7Iy15ktqIGP
00aAkBMfcGvOXn4ASF,The request was confirmed and routed to the appropriate queue.,2023-06-28T03:52:12Z,1,500CA9jEFE27aLgARO
00at9zZL87nZZgHQFS,The request was confirmed and routed to the appropriate queue.,2025-06-11T23:47:18Z,1,500Hw7SJvKNZJOdQML
00aKueqF4xDzOYkQ4H,The request was confirmed and routed to the appropriate queue.,2023-02-02T18:02:41Z,1,500WwhEqgNdIZhZIZ9
00aK1TxEDAsDtJWIXZ,Configuration details reviewed; follow-up information requested.,2024-09-01T12:57:30Z,1,500hUZOkAbYEx1oI8S
00avMlFqO5CSHJHQWF,The request was confirmed and routed to the appropriate queue.,2021-01-09T04:28:49Z,1,500tx3cFL3UEFT6AKA
00a0djQcOtCeEKhAUB,Resolution steps shared and validation is pending.,2022-02-08T04:58:19Z,1,500D0Lu9SG9bRLwIFH
00a8DVyWdukpFSaA3M,Configuration details reviewed; follow-up information requested.,2026-02-02T01:41:58Z,1,500683omSa9TBEGI3N
00aT3OQTbQYak4rA03,Configuration details reviewed; follow-up information requested.,2023-10-29T03:03:16Z,1,500PpVOPD0v35KzYXS
00aG8h7K4DMIqOHQSI,Resolution steps shared and validation is pending.,2025-04-02T06:14:29Z,1,50077C3c6mOHdLkY9E
00aEvSqjabITgKdY4D,Resolution steps shared and validation is pending.,2022-11-07T04:12:04Z,1,500yFDPpvwtwDZOAGP
00aoTjpJKSpzf8KYG0,Service team reproduced the issue in a synthetic test environment.,2022-11-24T19:21:25Z,0,5005GHVtmCPkKRcA9X
00aLXbqfFUVHtGfIQC,The request was confirmed and routed to the appropriate queue.,2023-10-11T07:04:32Z,1,500GK18fPSI878FIMN
00aZYQh7T64TWgsA9R,Resolution steps shared and validation is pending.,2024-06-06T16:12:05Z,0,500thXmztRDfqhQIDZ
00aK0D3UoLL8DnSAT6,Service team reproduced the issue in a synthetic test environment.,2021-12-02T07:02:03Z,1,500F5HG7TvzuS82ARR
00at5oKvIjJWGuPI1L,Configuration details reviewed; follow-up information requested.,2025-02-14T21:20:08Z,0,500aJvIczHCrt6KY7Q
00abSJvNz7YZVMEYBY,Configuration details reviewed; follow-up information requested.,2021-12-21T07:48:43Z,1,500YlshwJC78UxcAQ1
00a2fyYqcfY3tXGYHN,Resolution steps shared and validation is pending.,2022-07-15T02:02:26Z,1,500V0KgXGy0TI9QQCO
00aIVADr3G1hEDLQAI,The request was confirmed and routed to the appropriate queue.,2024-02-19T12:13:54Z,0,500DDXejpQH2tEIYAL
00a4QBKUGpEdhKNI92,Resolution steps shared and validation is pending.,2025-04-09T06:46:51Z,0,500Uoi69mnCRM7uA5N
00a5WQkIUPKtCnuQ5E,Service team reproduced the issue in a synthetic test environment.,2022-05-14T18:43:51Z,1,500UAkPb9Jwcx7MIPR
00avVi9MAKOqiByIXI,The request was confirmed and routed to the appropriate queue.,2021-12-13T15:04:06Z,1,500Do4EzCdJyKKZYHJ
00aRHqF4eNfO6fxYTI,The request was confirmed and routed to the appropriate queue.,2024-12-29T21:28:44Z,0,500q9W6Xj9YD7VtIWB
00a8LmcamJfzLQhQ85,Configuration details reviewed; follow-up information requested.,2022-08-31T20:15:01Z,1,500e6bVSrhd4CaaIF4
00avvffbIeqWRr6Q2B,Service team reproduced the issue in a synthetic test environment.,2024-08-16T03:26:34Z,0,500O5gvrCqQXvWwASF
00aPv225eEFaXoWYYF,Configuration details reviewed; follow-up information requested.,2026-03-07T23:41:17Z,1,500dPsbFO6pKoQjQKF
00a6HukzVcfDmblAB5,Configuration details reviewed; follow-up information requested.,2022-10-10T16:25:54Z,1,500HnOXVnf4kE43ALC
00aMmm1LdtgYh3JIOK,Configuration details reviewed; follow-up information requested.,2024-05-16T21:47:13Z,1,500kkcxllC5G3rrIXP
00aYrXbM4vbPpIGQS5,Configuration details reviewed; follow-up information requested.,2023-07-23T21:56:42Z,0,500cjpvxa6eQiBkAJF
00a5CK7GyhaXTDqQSU,The request was confirmed and routed to the appropriate queue.,2023-01-03T13:11:30Z,1,500dBMrIIAZJSILYWT
00a8zQTSliWdVeWQFX,The request was confirmed and routed to the appropriate queue.,2021-01-14T17:22:29Z,1,500JHfQRYrJ24rmYRZ
00a7Qm9uq4Or5RkACV,Resolution steps shared and validation is pending.,2023-03-09T14:30:32Z,1,500tkFKC6BhnvRVQZS
00a9DBuMQaForGuIVY,Resolution steps shared and validation is pending.,2021-09-22T01:29:55Z,0,500UfWaEO0N9XrDQ0W
00agxXCRZQiQHarIV9,Service team reproduced the issue in a synthetic test environment.,2021-01-14T01:47:08Z,1,500vskdTyidNdRWAKH
00aS7kF1W3I7TDRI1Z,Configuration details reviewed; follow-up information requested.,2026-04-25T04:24:54Z,1,500yLDUNP9UcwtFID2
00alVOJ8ZeIO0inISR,Configuration details reviewed; follow-up information requested.,2022-08-05T06:00:28Z,1,50040RONtSpADJ8Y9S
00aUoVs5VI4SRjlIL8,Configuration details reviewed; follow-up information requested.,2023-05-08T23:04:42Z,1,500sFPzn8KcRzkIISJ
00at6u4cFvVkmnDIFV,Configuration details reviewed; follow-up information requested.,2025-02-14T05:36:46Z,0,500veEvngOJlEVjYXS
00aPHwJ4TCuK0jHYF1,Configuration details reviewed; follow-up information requested.,2024-12-20T08:03:49Z,0,500vDhmP7CkzRSNALO
00aGUcTjx6GAKTaYGB,Resolution steps shared and validation is pending.,2021-07-07T14:17:34Z,0,500KDrfEhfjA3A2I5A
00aJ8iBIt311VcWI2M,The request was confirmed and routed to the appropriate queue.,2022-02-10T18:07:08Z,0,50005zMeCWTPYfOIAC
00a8ijJYIHHH5svAGL,Service team reproduced the issue in a synthetic test environment.,2022-05-01T03:29:33Z,1,500uD77OeFRhW8tID3
00a04A78qHlO169AMY,Service team reproduced the issue in a synthetic test environment.,2021-12-22T16:59:28Z,0,500L7DYTbWXQrqWQBW
00at2YXL8Lq2m4ZALN,Service team reproduced the issue in a synthetic test environment.,2021-09-20T19:25:29Z,0,500Ikaf5tm5NsfcYXC
00azDah80d3XcUFI5G,Resolution steps shared and validation is pending.,2025-12-27T20:58:24Z,1,500B0jrdT3oMGJdA97
00a2oWCHmCim9KWI9X,Resolution steps shared and validation is pending.,2023-03-18T02:06:53Z,0,50029wvxkccH32AIG8
00aWErleJS2c5W4QDT,The request was confirmed and routed to the appropriate queue.,2023-09-08T02:34:17Z,1,500SI8Z49B4NVbLI27
00a7vhCu9vFk5uRYEE,The request was confirmed and routed to the appropriate queue.,2022-01-10T12:48:37Z,1,500OKBdf1a1r68sACK
00aU98pxKXPj4o0I3Z,The request was confirmed and routed to the appropriate queue.,2023-10-03T01:28:58Z,1,500XOSVsLRo5f9qQWP
00aFIdY7XGITqlVYYW,Configuration details reviewed; follow-up information requested.,2021-06-23T18:38:02Z,1,500R53Zrp0iiKxcIXI
00altXuNPNryk5uQZS,Service team reproduced the issue in a synthetic test environment.,2026-01-30T10:36:04Z,1,500OKBdf1a1r68sACK
00aBSkssbmNS4ApQ0F,Service team reproduced the issue in a synthetic test environment.,2025-05-11T20:23:55Z,1,500sHwuaRlPXH3qYHL
00ajYNu00tLrN3dYJN,Configuration details reviewed; follow-up information requested.,2023-10-19T21:15:20Z,1,500RKC1W4BLVQdOI10
00aBTxhWEzjeTGhA0C,Configuration details reviewed; follow-up information requested.,2021-02-11T14:29:59Z,1,500qkwnqrFJy7ICI80
00aLwuxTFeuKb8EAUS,Resolution steps shared and validation is pending.,2021-10-28T14:03:08Z,1,500OKtfsSr7b4GxQYV
00aTB24GfH9hMeHI1T,The request was confirmed and routed to the appropriate queue.,2026-06-09T18:45:46Z,0,500MUe8HHkY6owUI52
00aXu5cnBGstZu3QW5,Service team reproduced the issue in a synthetic test environment.,2023-12-22T17:25:40Z,0,500HeJJGrQP1LTDINA
00aqftJeWTYHMGmIKP,The request was confirmed and routed to the appropriate queue.,2023-06-16T11:48:42Z,1,500gZ3wgH4dbCkZQE2
00aUH8SOHCvMwM1QIT,Resolution steps shared and validation is pending.,2022-07-07T17:40:33Z,1,500eF0O9iaVOrTHIIS
00aMHyDqdzqnBnGQ3O,Configuration details reviewed; follow-up information requested.,2022-04-04T01:58:41Z,1,500Ws8sfg8dezGkY1J
00a7QoEERVXJlFMIFI,The request was confirmed and routed to the appropriate queue.,2024-06-29T08:08:52Z,1,500a4Fy2wDn9oS5IZA
00aTfgDIWn3RUOZI2U,Service team reproduced the issue in a synthetic test environment.,2022-12-08T16:18:31Z,1,500YgEPdDEwpjQaY8A
00aDjlzfraEUERDQON,Configuration details reviewed; follow-up information requested.,2023-06-02T04:58:39Z,0,500RRYEc9T8FCZBATT
00ayr3XaZdAj7kAQHH,Service team reproduced the issue in a synthetic test environment.,2025-08-07T14:40:38Z,1,500OaIRwD2VvNVuAGV
00aCKGxyluM8wZQQBS,Configuration details reviewed; follow-up information requested.,2023-09-30T22:54:01Z,0,500IFO3HYj33kcoI2K
00aUg6dQraHaHulI43,Resolution steps shared and validation is pending.,2022-06-15T06:46:30Z,1,5001q1q2yxY5rVAAXE
00a597J0rbSCUUOQ7S,The request was confirmed and routed to the appropriate queue.,2024-01-01T15:21:41Z,1,500Di08dpV5GHBpA6X
00aHi8WVr2hoFMjQLF,The request was confirmed and routed to the appropriate queue.,2021-08-13T22:37:38Z,1,500zBoDReiWPinIQIK
00aIXkz0hm8bJg8IOH,Configuration details reviewed; follow-up information requested.,2022-12-20T16:18:06Z,1,500G0szbsafdGexYPU
00agXbrOBJGKDfNI47,Resolution steps shared and validation is pending.,2023-08-09T04:06:33Z,1,500k3gaNr4uYhnRIBN
00aCFDlkrWPEDpOI7D,Resolution steps shared and validation is pending.,2023-06-09T03:00:02Z,1,500r7RumNvkE7SNYW4
00aLyRJM6KTi9haIPN,Service team reproduced the issue in a synthetic test environment.,2022-08-05T03:10:52Z,1,500nTrtzxvkUCF1AET
00aeVAuUCShXypwQJC,The request was confirmed and routed to the appropriate queue.,2022-10-09T06:27:16Z,1,500Dxo4d4uokvvoQB3
00a1g0wHvMQc9IVAW4,The request was confirmed and routed to the appropriate queue.,2021-10-04T12:39:39Z,0,500Wjg1Xq4jIwJ4IOW
00aBg04oxXxUZWZIHU,Service team reproduced the issue in a synthetic test environment.,2024-09-22T03:13:46Z,1,500zywDtN3whoqGIXV
00asQemWt5Py5DBITH,Service team reproduced the issue in a synthetic test environment.,2022-08-13T13:08:42Z,1,500ofA9nvaaz8geICM
00aUtot0fBeo2tSII9,The request was confirmed and routed to the appropriate queue.,2023-02-26T13:18:50Z,0,500nMyyLkKbea2uQK5
00aGgGEkcJMBtjuA5Z,The request was confirmed and routed to the appropriate queue.,2026-06-16T16:40:54Z,1,500WCW6WhG5a741IQG
00aOmmskqCVz3gxQQS,Service team reproduced the issue in a synthetic test environment.,2022-03-14T21:10:06Z,1,500cjpvxa6eQiBkAJF
00aXKytWUuuD0hDYY6,Configuration details reviewed; follow-up information requested.,2023-01-10T08:40:14Z,1,500LBuiLGS6E1O0AEG
00aJ85WI1wtSqP4I48,The request was confirmed and routed to the appropriate queue.,2022-05-20T06:23:12Z,1,500EESYs3YePtRPYZP
00ajlae9vJrBqc5Y6M,Service team reproduced the issue in a synthetic test environment.,2022-09-26T13:26:34Z,1,500sFPzn8KcRzkIISJ
00ac95824MNGCgRQGV,Configuration details reviewed; follow-up information requested.,2022-08-14T10:20:03Z,0,5000Q3Sf27RswV3I92
00aSI89HhRmUayyQFL,The request was confirmed and routed to the appropriate queue.,2026-05-18T18:05:51Z,1,500WgqitdoODDQMI74
00aO65wr8HAlwkTYMN,Service team reproduced the issue in a synthetic test environment.,2021-09-03T22:57:47Z,0,500Ikaf5tm5NsfcYXC
00aUb8TJlMCfyDHQHV,Service team reproduced the issue in a synthetic test environment.,2026-04-28T15:02:32Z,0,500IBZO1QFuNHArYXH
00aFWvRUnHA9wW4IPI,Service team reproduced the issue in a synthetic test environment.,2021-07-07T01:46:37Z,1,50034SsWgyrvUrhAFH
00afIiYzEtWWRSTQSX,The request was confirmed and routed to the appropriate queue.,2025-07-27T07:59:01Z,1,500DiO6O33gV4ipIFE
00adeSbWK9pQkwGIQK,Resolution steps shared and validation is pending.,2023-06-16T03:44:36Z,1,500ddaHBgHq4ad0AYI
00adY83OKERAshFI3N,The request was confirmed and routed to the appropriate queue.,2021-01-16T09:27:10Z,0,500Hw7SJvKNZJOdQML
00an3MCRm2V0558IEC,Service team reproduced the issue in a synthetic test environment.,2022-02-14T20:13:59Z,0,500HHw7Bd7chPRnY5F
00acJsV1RlHcVxiQ7Q,Resolution steps shared and validation is pending.,2022-08-18T15:33:40Z,1,5005Nrq1RMv4mQvYLT
00a5YsNSMn4m9h9QBC,Configuration details reviewed; follow-up information requested.,2026-01-31T11:02:34Z,1,500vxI2VP0073thQU1
00anCeYP4aBX1YRI42,Resolution steps shared and validation is pending.,2025-12-13T09:30:08Z,1,5006z872zAuER8KYO8
00auMbLvZy6ltKZYYL,The request was confirmed and routed to the appropriate queue.,2023-10-04T15:53:24Z,0,500lov61kdylROrQK7
00ayx8qlvJWaExtI6J,The request was confirmed and routed to the appropriate queue.,2025-05-31T19:36:47Z,1,500Hw7SJvKNZJOdQML
00amtPwT1E44Ig9AM8,Resolution steps shared and validation is pending.,2024-09-02T03:05:56Z,0,500vskdTyidNdRWAKH
00aunY8Fi4wIvEcQYF,The request was confirmed and routed to the appropriate queue.,2022-03-01T18:54:05Z,0,5001UsVgTiC8t7GI8B
00aHf1dcmMsREG2YMN,Configuration details reviewed; follow-up information requested.,2022-01-20T04:33:43Z,1,500lJ3YQ6I7I8yZIKO
00aIUnePyfyl7c2QGS,The request was confirmed and routed to the appropriate queue.,2025-06-17T18:59:37Z,1,500KhG5WscVCM6vYG2
00aBbXqsaw6bTAOINM,Resolution steps shared and validation is pending.,2025-11-10T11:44:06Z,1,500Id94IPWEdmVBA0K
00aNUvCRAPLfEVxISM,Service team reproduced the issue in a synthetic test environment.,2024-08-09T06:02:52Z,1,500zywDtN3whoqGIXV
00asja8yYJu5KU4IPC,Configuration details reviewed; follow-up information requested.,2021-01-31T18:19:47Z,1,5001tCleqyHnEMVAP9
00alnit1MCZp8jlQ9Y,Service team reproduced the issue in a synthetic test environment.,2026-04-19T15:43:41Z,0,500Gw5aMCxjXVNdQJJ
00aGjr0ZSgreWQyI31,The request was confirmed and routed to the appropriate queue.,2022-08-02T08:37:52Z,0,500WdhCnYxuzgyFY1W
00aIWjhpdQOgcnbQGM,The request was confirmed and routed to the appropriate queue.,2026-05-28T04:47:13Z,1,500wHOcKX77GBiuI07
00aGFI7ffkIh5TgAHX,Configuration details reviewed; follow-up information requested.,2025-12-16T14:34:27Z,0,5002tn2wcVtThWYIWP
00aT8DY3kXICcrbA7Y,The request was confirmed and routed to the appropriate queue.,2024-01-11T20:26:42Z,1,500cuTrR9CHfMNyI0N
00aqZ2shiHuoh2iA8V,Service team reproduced the issue in a synthetic test environment.,2023-11-04T17:32:23Z,1,5000CIbieWj9NXEYRI
00a1FBeP6HqdcWgI3I,Resolution steps shared and validation is pending.,2024-03-15T19:06:25Z,1,500Drb31096vtTgYQ6
00aNrolx3oTPp5XASZ,Service team reproduced the issue in a synthetic test environment.,2022-03-27T08:17:01Z,1,500mfulwZIcIIP3AW8
00aB4KXhQzzcfcsINZ,The request was confirmed and routed to the appropriate queue.,2026-06-24T06:32:36Z,1,500esz8JXCNHFa1YCI
00a5OYgDGGhtHsxYJD,Resolution steps shared and validation is pending.,2023-11-19T23:08:22Z,0,500dkzlzE9efN5NYEE
00aDVLgsioTSDuxAKW,Service team reproduced the issue in a synthetic test environment.,2023-03-06T03:47:01Z,1,500xpeNKuZknpwsIFM
00aUPaOC0qn6iLEYZT,The request was confirmed and routed to the appropriate queue.,2021-07-11T22:36:59Z,0,500uWrhgNEfKNcfYUD
00a57nDY60lGIvmA41,Configuration details reviewed; follow-up information requested.,2023-04-22T01:46:13Z,1,5001xnBvuQMhtlFQ4B
00aFmzPJM979xBHYY4,Resolution steps shared and validation is pending.,2022-10-25T07:32:32Z,1,500HQhZBl5h71gPAOX
00afo03Q7eWpOFUIL2,Service team reproduced the issue in a synthetic test environment.,2026-03-25T23:29:54Z,1,500EjrP3jusC0CGQP2
00aVrnuHvfYQEqjYQ7,The request was confirmed and routed to the appropriate queue.,2025-02-09T17:53:28Z,0,500BJxUwiJNDWvQAVB
00acATIGyVAAsRsADM,Resolution steps shared and validation is pending.,2022-03-25T09:36:34Z,0,500tP3u8Q7etwPmQIH
00axqTRXByegtKuACO,Configuration details reviewed; follow-up information requested.,2026-03-03T23:26:18Z,1,500GdEPJOXtOsmsYOT
00afpdpkuEHOmVrI5V,Resolution steps shared and validation is pending.,2022-05-25T22:29:08Z,1,500f6iTmoGLWIdxQ0J
00aIzYots9THGRYQNE,Configuration details reviewed; follow-up information requested.,2021-07-12T13:03:46Z,1,500i5mlYfMeiRpfQ8E
00ayXbND1qHCC1aQ2W,Resolution steps shared and validation is pending.,2024-07-21T06:51:53Z,1,500Tnu0wBgU8NzLIW2
00al9ZFv6Vy2ZcpIGF,Resolution steps shared and validation is pending.,2022-11-01T06:55:29Z,1,500mD7NhfmjdXu5IY5
00aTiEguLY68GXVA32,Resolution steps shared and validation is pending.,2022-07-21T12:19:04Z,0,500Hw7SJvKNZJOdQML
00ar4BoIVlngRu3Q3D,The request was confirmed and routed to the appropriate queue.,2022-06-24T14:12:24Z,1,500zSOziuF7jhDaYM0
00axcnfKaozWE68Q3K,Service team reproduced the issue in a synthetic test environment.,2022-09-27T16:17:12Z,0,500rjq4CLXeW59ZYWP
00aAjVoPohjUTzhIS1,Resolution steps shared and validation is pending.,2023-02-07T20:26:35Z,0,500V819CJ8iL2PmIXG
00adtqmgmvAlnZyIPV,The request was confirmed and routed to the appropriate queue.,2024-11-25T07:47:16Z,1,500SJGX79gKh20aQ48
00a88oKOezibfjQIE5,Service team reproduced the issue in a synthetic test environment.,2023-07-30T19:41:27Z,1,500uGrxKESC5uQIIZT
00aorJbUbVmcn4IAA1,Resolution steps shared and validation is pending.,2023-06-05T17:16:29Z,1,500pkZ4GpkZgdftI1Y
00alMjIizwophG8YRR,Service team reproduced the issue in a synthetic test environment.,2025-05-27T02:03:21Z,1,5007PId9UES9sstIYQ
00a9Q7AWJwFxZMuQFI,Resolution steps shared and validation is pending.,2024-07-09T20:50:06Z,1,500RjGVw8Rs9gPwI34
00awPu3H7SK7MVhIWK,Resolution steps shared and validation is pending.,2023-10-29T19:02:44Z,1,5007PId9UES9sstIYQ
00aoXrrf0pWusu2ILP,Resolution steps shared and validation is pending.,2025-08-16T00:02:24Z,1,5004oqEjOSkdMZwYPQ
00a1QP4qA8CYyO1A5N,The request was confirmed and routed to the appropriate queue.,2026-04-23T14:15:40Z,0,50092wxEAGkEgfaQ2X
00a3nQcRFD21Nb0YQV,Service team reproduced the issue in a synthetic test environment.,2022-04-15T21:34:53Z,0,500AGRcKgP8VojqI8N
00a67Q00fqS7w2yA1N,The request was confirmed and routed to the appropriate queue.,2023-12-25T17:28:09Z,0,500Kh1ApvMAi60GY7M
00aymgiVeGtDo7qI5P,Configuration details reviewed; follow-up information requested.,2021-05-14T06:14:58Z,1,500SUu7hVvRZoOxAK6
00aiS7qvYnlhsRLIFI,Configuration details reviewed; follow-up information requested.,2024-06-20T17:36:12Z,0,500e5TqEY2dT1qyQWP
00aErIMe77DbMUDQQJ,Service team reproduced the issue in a synthetic test environment.,2025-07-11T13:45:37Z,1,500sV1cGk78RQolQL3
00adU8me9N2K8oKAX4,Resolution steps shared and validation is pending.,2026-06-02T14:49:49Z,0,500yfURx4lmQui7QT7
00a1x0ZrW1hIIe1YLS,Service team reproduced the issue in a synthetic test environment.,2021-05-24T16:46:20Z,0,500xIEPgXvcjynGQDA
00ajkqKpZREqrVUITX,The request was confirmed and routed to the appropriate queue.,2021-02-27T17:52:27Z,1,500IAVao4praZZ0YT7
00a7vynv6mLO42yAGX,Configuration details reviewed; follow-up information requested.,2022-03-12T08:29:49Z,1,5002HMBG4Pkc6j9I6H
00a9SYPN61dE4bKYH3,Service team reproduced the issue in a synthetic test environment.,2024-01-10T07:49:40Z,1,500ZaTBZ3vfSf1cQVM
00alONv0Q43nDRQYQS,Service team reproduced the issue in a synthetic test environment.,2021-07-06T22:51:52Z,0,5003zubED8ztMOGYU2
00a5yaooQO5aNREYUR,Resolution steps shared and validation is pending.,2024-07-08T05:44:42Z,0,500jEjktmLXpwkYATP
00ahsmEiVTaxSeyYIT,The request was confirmed and routed to the appropriate queue.,2021-04-10T07:10:24Z,1,500tP3u8Q7etwPmQIH
00aXtD2UIS1yL9JIEY,Service team reproduced the issue in a synthetic test environment.,2021-07-08T14:10:14Z,1,500p1gl1Q3LmJT4QX1
00asnWzqnIut5ENI26,Service team reproduced the issue in a synthetic test environment.,2022-11-17T10:14:40Z,1,500dksyk0wtyGnSISG
00aRFUPATsMtkNRA8L,Resolution steps shared and validation is pending.,2025-11-22T10:11:08Z,1,500TljeVPSUGV3KYXZ
00a69saVv41LDmwA0Y,Service team reproduced the issue in a synthetic test environment.,2025-05-17T10:28:02Z,1,500J31tZUfuCDAdYLV
00adPsJjpS57yfiQVJ,Service team reproduced the issue in a synthetic test environment.,2025-03-30T02:49:51Z,0,500v65fLYJBbjH7ALV
00aLdAvigxVStxsIGK,The request was confirmed and routed to the appropriate queue.,2026-03-01T23:25:17Z,1,500rhFG9d3ANdi5I9U
00atSJVtaWTSYBxYQS,The request was confirmed and routed to the appropriate queue.,2023-05-06T09:04:00Z,1,500vu6VUNJWrtQDIZY
00a00iuFUH7hpcYQ5C,The request was confirmed and routed to the appropriate queue.,2022-10-24T19:49:35Z,1,500V4go92yG7Kq6IIS
00an30SthwMJLQ0IH3,The request was confirmed and routed to the appropriate queue.,2025-01-18T21:48:18Z,1,500qgAE0XNYKDfVA1W
00axearr8mkuRiQQW4,Configuration details reviewed; follow-up information requested.,2024-10-08T03:55:44Z,0,500gYFvGE1ciiVQIF5
00a2pXRAPQUrYuHIKR,Service team reproduced the issue in a synthetic test environment.,2024-05-16T16:13:19Z,1,5003L0PqQNAlS7tYBO
00aj4ep2a9CkbutQB8,Configuration details reviewed; follow-up information requested.,2023-02-15T20:09:58Z,1,500T9S5EC3IIjFCAKF
00aLoeLdaesD7RwAUQ,Service team reproduced the issue in a synthetic test environment.,2026-05-10T12:54:36Z,1,5005D7aBCKhqawSIWH
00ajhRvZgU0y5yqAYQ,The request was confirmed and routed to the appropriate queue.,2024-06-17T15:22:25Z,1,500soCGkCTJ00RqYQ7
00aV6Wcyij1M1kCADK,The request was confirmed and routed to the appropriate queue.,2022-11-21T21:25:16Z,0,500dFuwOcGLVYhTIPA
00aLwLzSIipgwkpYSG,Resolution steps shared and validation is pending.,2023-10-25T13:54:32Z,0,500zJhAufy6iKkuYRY
00aHmCHtRUBDoOpA7M,Service team reproduced the issue in a synthetic test environment.,2021-06-28T06:01:50Z,1,500JtkMB5WCugndIG1
00akji6cJTDcjP9QR7,Resolution steps shared and validation is pending.,2025-06-19T22:38:11Z,0,500IKm34zqGHGqFQM6
00a6Bq5GLTszkYgASB,Configuration details reviewed; follow-up information requested.,2022-08-13T05:44:39Z,0,500Feu92jpJlXk3I4M
00a4oRTA70uNHDDIEC,Configuration details reviewed; follow-up information requested.,2025-06-01T08:38:56Z,1,500fDnY3KZ3pLfqAIJ
00abJz8YHAMC7RhIG1,The request was confirmed and routed to the appropriate queue.,2023-09-05T17:15:28Z,1,500winzV3eSp2cAI2K
00aVaA5ImtDSkI7IR5,Resolution steps shared and validation is pending.,2023-05-28T22:09:10Z,0,500uSdjQ54aL8WqIRY
00aX7gh96hN33gfI3T,Resolution steps shared and validation is pending.,2021-12-30T23:38:48Z,0,500CY4z65I1VOzsI9Q
00aE7hd60GXi36VAPW,The request was confirmed and routed to the appropriate queue.,2023-09-05T14:24:51Z,1,500XXZvm7Wy3xdvAPG
00aD8wZopE0iZ6cA9Y,Configuration details reviewed; follow-up information requested.,2025-09-29T05:16:54Z,0,500sPSvPjJHQS8cYP4
00aaE9ud4HXYzJIA0E,The request was confirmed and routed to the appropriate queue.,2025-09-19T03:52:34Z,1,500z9J1GrNydlrgQS9
00as5qmexcP5nBbA4E,Resolution steps shared and validation is pending.,2022-04-01T04:42:36Z,1,500qx1YgGnSjkhRQEE
00aE7THlhI2juESA4O,Service team reproduced the issue in a synthetic test environment.,2024-04-11T19:44:58Z,1,5007OjmmGg2h8LbQXE
00akTHM4W7JiXIvILR,Service team reproduced the issue in a synthetic test environment.,2024-01-31T23:00:15Z,1,500fCVl3rZASJIxY0D
00aCbkX60Lfa02aI9X,Configuration details reviewed; follow-up information requested.,2021-03-02T04:49:55Z,1,500ITVnfnbviQcrIUS
00aMWgjK6fJL38BI4P,The request was confirmed and routed to the appropriate queue.,2025-02-15T19:51:38Z,1,5000LLLlS2CX2hDYWN
00apelkhAtcWjjRYJ5,Resolution steps shared and validation is pending.,2024-11-19T12:36:25Z,1,500qEz9MHAcs83lQ4W
00ard0P0AJlf29LQTA,Resolution steps shared and validation is pending.,2024-08-24T18:07:38Z,1,500eWiiglJTxVMEAPI
00ahoJs7Nbqclp1AI6,The request was confirmed and routed to the appropriate queue.,2024-10-19T13:53:27Z,1,500HyWeaywE0DIsYJT
00a5Beaiuv8SVXMYBI,Service team reproduced the issue in a synthetic test environment.,2025-03-30T17:38:17Z,1,5005Mfi5ogTBt2xQI9
00aJiqxBiJGyGjRIZ9,Resolution steps shared and validation is pending.,2023-07-26T01:09:11Z,1,500h1cpNAtR7olFI8W
00aiugRPBkuFdk0QO9,Service team reproduced the issue in a synthetic test environment.,2021-07-25T10:16:45Z,1,5007PId9UES9sstIYQ
00anrSYZ75MQohrYN7,Configuration details reviewed; follow-up information requested.,2022-03-04T21:36:58Z,1,50031d52dCe0pjjIBP
00auc4cihvRGa8gIFN,The request was confirmed and routed to the appropriate queue.,2026-06-19T19:07:22Z,0,5001evUzEUOZurMQAK
00a1RtkgRmPCa4qISS,Resolution steps shared and validation is pending.,2021-08-17T21:50:42Z,1,500Kb5rfMj62v5uQSH
00abeZGiqfsSp91ANF,Service team reproduced the issue in a synthetic test environment.,2024-12-22T19:44:24Z,1,500Wo6lDf8BrKHrAXR
00avlJxJINRsbk1YLU,Service team reproduced the issue in a synthetic test environment.,2021-09-21T07:39:59Z,1,500s6SZGPcoRjobA9H
00aPGt84KWDdTy4Y13,Configuration details reviewed; follow-up information requested.,2021-01-07T11:31:51Z,1,5005MwTJIXGRoNWIEH
00asC8jGga6pwzUITM,Configuration details reviewed; follow-up information requested.,2024-01-20T02:14:35Z,0,500rJwX4GonKRO2Y2C
00aeTojBWNkGFhBI38,The request was confirmed and routed to the appropriate queue.,2024-02-21T22:35:40Z,1,500Iz8ne2XtnmoHAH3
00aE2SxbkZn2auIYXZ,The request was confirmed and routed to the appropriate queue.,2022-05-21T08:14:17Z,0,500yArYD9MsIccsQ0B
00auNi3QWsVf8g3IHZ,Resolution steps shared and validation is pending.,2023-02-25T18:14:03Z,1,500TdBOhJ7viHWcI5D
00aIVL41fqrmnOiQ6C,Configuration details reviewed; follow-up information requested.,2025-12-30T00:09:52Z,1,500HIQtRkooZbh1AEM
00aSIhrwWdQ6VMUYR5,Service team reproduced the issue in a synthetic test environment.,2024-04-15T03:29:22Z,1,5009XLnXFS2Uo21IBL
00aHia7K1ablNwOYUA,Resolution steps shared and validation is pending.,2025-08-25T20:55:42Z,0,500B29udewV1T9qQ6Q
00aCycTHyFW9wUDY8W,Resolution steps shared and validation is pending.,2021-10-12T13:45:37Z,1,500TdBOhJ7viHWcI5D
00a1RzXC5WcRYB6YIS,Configuration details reviewed; follow-up information requested.,2021-05-20T01:04:23Z,1,500NWLWinePT09IAYU
00aN2N8pzSLOOPfAE1,The request was confirmed and routed to the appropriate queue.,2025-12-02T05:54:37Z,1,500cTH3qVRmxZ60Y4Z
00aMTjXsWiMj8sgA0G,Configuration details reviewed; follow-up information requested.,2025-10-31T17:24:52Z,1,500Hw7SJvKNZJOdQML
00a91ToDCU5kOtlQQ6,Service team reproduced the issue in a synthetic test environment.,2026-03-14T18:49:08Z,1,5001q1q2yxY5rVAAXE
00aG2q4g1jZnQZLQNQ,The request was confirmed and routed to the appropriate queue.,2023-02-01T00:39:12Z,1,500qkwnqrFJy7ICI80
00ar0WvIFsd688XI9R,Service team reproduced the issue in a synthetic test environment.,2022-10-14T18:34:24Z,1,500jEjktmLXpwkYATP
00akEnl6yPg5npRITU,Configuration details reviewed; follow-up information requested.,2022-09-20T03:43:24Z,1,5004RTUcmyn1C9aYFG
00aMExL1ebNZrg3Y4C,Service team reproduced the issue in a synthetic test environment.,2022-01-17T10:40:21Z,1,500e5TqEY2dT1qyQWP
00aLBvmpyIxMwfFQRP,The request was confirmed and routed to the appropriate queue.,2024-03-31T12:11:34Z,1,500m9EIOaUKBT1vI9Z
00ayFexIQnNrU6wYSQ,The request was confirmed and routed to the appropriate queue.,2024-09-03T15:52:22Z,1,500ca6PtAzZyz1iAY0
00aXNhEW2In0dEOA92,Configuration details reviewed; follow-up information requested.,2021-10-28T13:18:29Z,1,500xuH9PGOisfDpISK
00aXUYZoWPNI3ZyIZK,Service team reproduced the issue in a synthetic test environment.,2022-07-28T16:09:05Z,0,5006frsbaaIxgiJAVR
00ahth7nh0M9LSjI6I,Resolution steps shared and validation is pending.,2024-12-22T06:54:42Z,1,500jWT2a2EfIOVkYOJ
00aqAXEaVvv1Kw4IH5,Resolution steps shared and validation is pending.,2021-02-23T07:37:28Z,1,500EZnrltFyqJuiAOM
00alOz9mU2K9YxXYK3,The request was confirmed and routed to the appropriate queue.,2023-01-10T22:26:15Z,0,500Ec2s6hT0RE2kI11
00aE1ozF5XnpOQjYSA,Configuration details reviewed; follow-up information requested.,2026-02-28T00:01:17Z,0,500KhG5WscVCM6vYG2
00aXU6TEaTcm1PbAWS,The request was confirmed and routed to the appropriate queue.,2026-05-13T02:41:20Z,1,500fpoY7o3kn4WJAF9
00aEkHplLj15LqpAFB,Resolution steps shared and validation is pending.,2021-11-16T09:17:32Z,1,5001FeCP94gmARoAS9
00ardwAFSyCBqpaIWQ,Resolution steps shared and validation is pending.,2025-06-22T13:54:37Z,1,500ns9T0FrQIwmxYNY
00aPUiGk0lPYjyeIXP,The request was confirmed and routed to the appropriate queue.,2024-09-20T23:51:21Z,1,500aR2pqXgWL9mNY5O
00aiYEg2eDMEV6wIM4,Configuration details reviewed; follow-up information requested.,2022-02-21T13:53:22Z,1,500wC2OCnzBw0LtIQT
00aThPZ17ouN541A6E,Resolution steps shared and validation is pending.,2021-07-17T23:40:45Z,1,500KFmwVhpg6GUuQPA
00aKOjdtTj9XHvrIEL,Configuration details reviewed; follow-up information requested.,2026-05-16T09:59:14Z,1,500Akpd4RFTpIb5QNQ
00afhMyoqvuMNfUYIR,Configuration details reviewed; follow-up information requested.,2023-01-03T23:56:11Z,0,5003KIU7PyImBcqYF4
00a7nXxiEWaJJs2Y15,Service team reproduced the issue in a synthetic test environment.,2023-06-14T01:38:04Z,0,500zKd9dtTYyYrnIXK
00acaygxyj4aoZjAG9,Configuration details reviewed; follow-up information requested.,2024-05-26T22:16:06Z,1,500QJYjhvMY87JIQ1M
00aVvLrUrDLDNcRIF8,Resolution steps shared and validation is pending.,2024-06-01T17:37:55Z,0,500X7i7qKHlXs6uI1D
00aLWG9WvqrqSfHIF1,The request was confirmed and routed to the appropriate queue.,2023-02-09T05:02:12Z,1,500SI8Z49B4NVbLI27
00afmTD36S2EJG2I8J,The request was confirmed and routed to the appropriate queue.,2021-06-05T01:57:33Z,1,500AdKFqWiHH6rYIFD
00a2leGoxVPj8oVA14,Configuration details reviewed; follow-up information requested.,2023-02-03T14:43:54Z,1,500jWT2a2EfIOVkYOJ
00aDXSIMtLVVLLsQ6Q,The request was confirmed and routed to the appropriate queue.,2025-10-09T07:36:19Z,0,500WwoQEHLNM82VAU2
00a3tDT2vtsibBFAOB,Service team reproduced the issue in a synthetic test environment.,2025-10-21T01:26:56Z,1,500ekVDQ0IrYBQHANI
00aVT07d5nT1d2pA9G,The request was confirmed and routed to the appropriate queue.,2025-08-21T13:33:28Z,0,500B29udewV1T9qQ6Q
00a2xIHXjrqQDKzY93,Configuration details reviewed; follow-up information requested.,2024-07-06T00:53:31Z,0,500idHJgkPNfXLCYWU
00aG8uqHz3sjdSPQ95,Configuration details reviewed; follow-up information requested.,2023-03-21T18:55:06Z,0,500XNhi3V0ElIzdQH8
00aXXW1Won4xHGSY5S,Service team reproduced the issue in a synthetic test environment.,2025-03-11T20:04:47Z,1,5009adQbYg3oH0UYON
00a7WTdNJwPSgLdIKI,Resolution steps shared and validation is pending.,2024-02-03T13:21:39Z,0,500wqGkEOjbAd4jA0X
00aOPFyS7nl689XAZW,Service team reproduced the issue in a synthetic test environment.,2025-10-01T19:55:33Z,0,500Q3HBMWyorPWfIMP
00aAdIwMKIlqSvsI38,The request was confirmed and routed to the appropriate queue.,2026-03-01T15:32:49Z,1,500TEKAuJlT04J7AGN
00a14xKImJPKKidYFI,Service team reproduced the issue in a synthetic test environment.,2022-12-12T02:30:13Z,0,500xuzNIHX76OyXI5A
00aPZp4SprlhSJ2I0H,Service team reproduced the issue in a synthetic test environment.,2025-07-26T09:59:35Z,1,500ZVQpHA3ZiT5SITD
00aNhYiTIhHY6kYI7I,Configuration details reviewed; follow-up information requested.,2024-06-26T05:31:15Z,1,500XQtPQMyoRri0QDD
00a7bPewLLXEzENQHR,Configuration details reviewed; follow-up information requested.,2021-09-10T13:06:01Z,1,500k3y0yKzjAL5YQWX
00as4oYoBEDonjyYNF,Resolution steps shared and validation is pending.,2024-04-02T21:56:16Z,1,500MpPAKiuyFDGsYLX
00aM1JB9KpvBZMTAJV,Service team reproduced the issue in a synthetic test environment.,2025-12-07T00:11:05Z,1,500VovPZcTpUwzJISN
00amW3DULAFbffvYAC,Service team reproduced the issue in a synthetic test environment.,2023-06-24T05:15:47Z,0,500wqGkEOjbAd4jA0X
00aQM1as8Zmn7oGIHO,Configuration details reviewed; follow-up information requested.,2023-11-03T15:44:16Z,0,500CznuhieOdNgvQIO
00a818cvdIyd9CBQEZ,The request was confirmed and routed to the appropriate queue.,2023-12-03T14:46:13Z,0,500WCPentHx7NkUQ94
00ayXt2vYtnysMsQ91,Resolution steps shared and validation is pending.,2022-11-29T12:41:14Z,1,500WRMObZm1dfKiAR6
00aTuB6CqFwS18ZAYT,Resolution steps shared and validation is pending.,2025-10-13T23:25:36Z,1,500WV27zsktTMjNYSN
00aQwz7NlJGA8OvIRW,The request was confirmed and routed to the appropriate queue.,2023-12-23T21:55:33Z,1,500PzHIuYovItHzY2J
00afT5wKDFyQY7MYY3,Resolution steps shared and validation is pending.,2021-12-14T07:22:58Z,1,500UfWaEO0N9XrDQ0W
00aRBTdTifmfqe3YE1,The request was confirmed and routed to the appropriate queue.,2025-08-28T05:32:27Z,1,500Au5QZtHKKVq2Y6P
00a4w8wFvhlBzIMA48,The request was confirmed and routed to the appropriate queue.,2025-08-14T04:40:32Z,1,500LH7yJYIecLMMAKM
00ad6KzoYYLfm0UQB8,Configuration details reviewed; follow-up information requested.,2023-02-10T05:32:48Z,1,500Zmz94iab3HydQFG
00ayX8jLZxMlmPiIOI,Configuration details reviewed; follow-up information requested.,2025-03-24T19:51:50Z,0,500cuTrR9CHfMNyI0N
00ac4N8xBXkjl27AQI,The request was confirmed and routed to the appropriate queue.,2021-09-03T14:55:23Z,1,500pUMD71RH57EdQIZ
00akZAlTpXkhAMOYZQ,Configuration details reviewed; follow-up information requested.,2024-02-15T18:06:50Z,1,500Ld2euG6B3wz8IVR
00aAvHk58aYHueDA56,Configuration details reviewed; follow-up information requested.,2022-02-17T20:59:34Z,0,500hUZOkAbYEx1oI8S
00a3MqF4PCBC59YQQO,Service team reproduced the issue in a synthetic test environment.,2023-09-06T11:43:50Z,1,50034SsWgyrvUrhAFH
00anYr7Rm8sUdw8AY1,Service team reproduced the issue in a synthetic test environment.,2023-10-16T07:45:18Z,1,500F5HG7TvzuS82ARR
00aWUXHMuXcFxg8QGE,Service team reproduced the issue in a synthetic test environment.,2021-06-06T14:53:01Z,1,500BaE7YGeszcGSIH2
00aSf2eqUCOBT6tID6,Resolution steps shared and validation is pending.,2021-04-10T08:08:56Z,1,500xuzNIHX76OyXI5A
00ard0Zx9q6JJokYM9,The request was confirmed and routed to the appropriate queue.,2021-01-16T03:02:44Z,1,500mO1VyTrgrDTKQNB
00azFPlUZcnf2upIUZ,The request was confirmed and routed to the appropriate queue.,2023-07-09T14:45:24Z,0,500SJGX79gKh20aQ48
00aaCOPMPxm2HHdQOL,Service team reproduced the issue in a synthetic test environment.,2025-06-07T20:58:31Z,0,500uq6VSoCl3YfgQWQ
00azVeGL5BwaoIjQDL,Service team reproduced the issue in a synthetic test environment.,2022-09-11T13:04:20Z,1,500npyDXoXCVvMGIW4
00aBZ0edajpcFQkAAB,Resolution steps shared and validation is pending.,2023-03-26T08:56:25Z,1,5000rFxaQI1WMv2QP4
00a9HwLkoiMofeQY7B,The request was confirmed and routed to the appropriate queue.,2024-05-23T18:04:38Z,0,500GCGb4idCYTY1YX3
00axKzt7rPNvTTSA61,Resolution steps shared and validation is pending.,2025-04-18T20:31:02Z,1,5003ERO0dHcMiCHYD9
00aEPvdNiLXjRwIQOA,Service team reproduced the issue in a synthetic test environment.,2021-06-14T20:24:24Z,0,500DovPJjISIygKART
00aQDm3o94XkMESIZO,Service team reproduced the issue in a synthetic test environment.,2025-12-30T20:52:50Z,1,500i7oO3YL9dHNpAKM
00a0DKVxjajJ2JyI0B,Resolution steps shared and validation is pending.,2024-08-08T04:05:49Z,1,500Gw5aMCxjXVNdQJJ
00amjkmFCVG3zgRYTW,Configuration details reviewed; follow-up information requested.,2024-09-10T01:55:17Z,0,5001ajTKj6LUBkwQAP
00a7n7xaU73kc1PAN1,Service team reproduced the issue in a synthetic test environment.,2024-04-28T15:40:33Z,1,500Ei25eFGDp8yEAY1
00aFQ9J6UM8trI2IVL,Configuration details reviewed; follow-up information requested.,2022-01-20T12:46:21Z,1,500OXrUts4WagJvY8T
00aIOKNe2gqWah3A8J,Service team reproduced the issue in a synthetic test environment.,2022-05-18T06:22:10Z,0,500mQNpfRDgOhQHYCQ
00apWyOeHN8D7PiA9Y,Configuration details reviewed; follow-up information requested.,2024-03-24T19:58:04Z,1,500CZSmhnBMNmnDAYJ
00aWL8w29mGlSp6A59,The request was confirmed and routed to the appropriate queue.,2023-12-28T08:36:00Z,1,500IAVao4praZZ0YT7
00aJuvkY2wNmvmnQJS,Configuration details reviewed; follow-up information requested.,2024-03-19T12:32:58Z,0,5003mvP7hlvPUUvAOY
00aKxNCwsdYRQuAYCK,Configuration details reviewed; follow-up information requested.,2021-05-12T20:09:26Z,1,500Z2pve6h9I2gFYMF
00aqZ5ZBx5IuIvlYE9,Resolution steps shared and validation is pending.,2024-08-10T05:10:01Z,0,500HtaMrRgbq914QY9
00al28hqeJBx6ZZAUE,Service team reproduced the issue in a synthetic test environment.,2021-02-08T00:07:40Z,1,500uq6VSoCl3YfgQWQ
00aXe85p1pDo5x1AT0,The request was confirmed and routed to the appropriate queue.,2026-04-20T02:51:14Z,1,500bhea7CYLwgq4QD1
00apcW5r47ewcqXQDL,Resolution steps shared and validation is pending.,2021-09-09T14:46:35Z,1,5007uZEhS9KLxw6IX6
00amm3q8kYe2VbqY3S,Configuration details reviewed; follow-up information requested.,2022-11-29T02:58:45Z,0,5003zubED8ztMOGYU2
00a6KOxXTebDM0cA5T,Resolution steps shared and validation is pending.,2021-03-05T13:20:13Z,1,500rFJjWwztqaajATL
00aI9pbOUqVy6JHIZM,Resolution steps shared and validation is pending.,2025-05-05T05:50:41Z,0,500b7WkeETd1S8pY8L
00agWYDcWLXSB0GYUA,The request was confirmed and routed to the appropriate queue.,2023-10-19T05:02:29Z,1,500mD7NhfmjdXu5IY5
00atww9OvQWTcggQXR,The request was confirmed and routed to the appropriate queue.,2024-03-31T15:27:31Z,0,500t6jOjED96xTfYOZ
00a0l1XjZriqV77Y4V,Service team reproduced the issue in a synthetic test environment.,2021-07-09T13:33:13Z,1,500selSdpl85TbuQCI
00aPoaJc8vt4xshA2U,Resolution steps shared and validation is pending.,2023-10-23T21:27:47Z,0,500Dxo4d4uokvvoQB3
00agLL1YHIEEWqLYRI,Configuration details reviewed; follow-up information requested.,2025-03-29T20:03:00Z,1,500Hw7SJvKNZJOdQML
00aKbKOMaEx82tkIB6,Service team reproduced the issue in a synthetic test environment.,2024-06-08T04:32:21Z,1,500rAj6bKD7dbPdQOQ
00aETLwxY9L7goQIKA,Service team reproduced the issue in a synthetic test environment.,2024-11-21T11:11:00Z,1,5005m0BJEL6JlpTI6G
00a0yqMQRqETGceI5J,The request was confirmed and routed to the appropriate queue.,2023-10-31T10:52:48Z,1,500Hw7SJvKNZJOdQML
00aNfZJUCI1m0U7QI2,Resolution steps shared and validation is pending.,2024-01-28T04:49:20Z,0,500eWiiglJTxVMEAPI
00a8CRrQorIXl24A41,Resolution steps shared and validation is pending.,2025-02-06T20:26:59Z,1,500wHOcKX77GBiuI07
00aw4yuPUoqLvZMQ1M,Configuration details reviewed; follow-up information requested.,2024-11-05T15:40:39Z,1,500cfYlerRsKJ5aYD5
00a9rokNLqsJPLeQVS,Configuration details reviewed; follow-up information requested.,2022-09-22T11:52:30Z,1,500fRHd50Y3uv0mYDR
00aWqxYkbbC9FmTI4Z,The request was confirmed and routed to the appropriate queue.,2026-05-16T08:55:11Z,1,500EZpKbv7PL6qCI35
00aDHhyYs18TmTbA80,Resolution steps shared and validation is pending.,2025-06-11T05:13:39Z,1,500wrP3FKWu1E6MYGA
00aRINTAuXCRXq2QXK,Configuration details reviewed; follow-up information requested.,2022-09-30T05:16:21Z,1,500rhFG9d3ANdi5I9U
00aIdc95IWINvVrAUL,Configuration details reviewed; follow-up information requested.,2021-12-26T11:10:12Z,1,500CVJ8gQ8BywNAYPA
00a1yPCBsar8jyzQZ8,Configuration details reviewed; follow-up information requested.,2024-06-28T05:18:15Z,1,500EC3ynyylpctaQ1H
00aFSCsveoon13wATT,Configuration details reviewed; follow-up information requested.,2024-04-22T06:09:31Z,1,500dTu8BFh2caGpYAH
00ap5rxp3eyGGbOQDK,Resolution steps shared and validation is pending.,2022-12-17T23:21:49Z,1,500ZRMxHIAVd06mQ0A
00aqlrczYVVHgZYQ6T,Configuration details reviewed; follow-up information requested.,2022-05-01T23:16:40Z,1,500G0szbsafdGexYPU
00a537M9TaicXqCI5Y,Resolution steps shared and validation is pending.,2024-05-23T08:07:02Z,1,500zJhAufy6iKkuYRY
00ad3aOO4Pvbrg4QKZ,The request was confirmed and routed to the appropriate queue.,2021-12-01T01:14:32Z,1,500VovPZcTpUwzJISN
00agH5V1HeIsfCcI1R,Service team reproduced the issue in a synthetic test environment.,2024-01-03T08:28:31Z,1,500GdEPJOXtOsmsYOT
00a7iyjGDDWBZXUAAI,Service team reproduced the issue in a synthetic test environment.,2023-07-27T10:03:20Z,1,500ueXjeyP3YeZnYJF
00ar4MLohSdGeP0AQC,Service team reproduced the issue in a synthetic test environment.,2021-08-15T21:57:45Z,1,50077C3c6mOHdLkY9E
00aBQ3tHH89vMy8A8G,Service team reproduced the issue in a synthetic test environment.,2025-10-01T14:01:19Z,1,500mga2QUUOrpS5I40
00aAl6kPLHFaQTJAPM,Service team reproduced the issue in a synthetic test environment.,2022-12-30T21:47:55Z,1,500qS6VEqnMUCuIYTW
00ap6rkEYei1o81YUO,Service team reproduced the issue in a synthetic test environment.,2025-10-09T18:44:21Z,1,500gSnomi34s0RNA7B
00axz9XZvwrrv6MADE,Configuration details reviewed; follow-up information requested.,2021-11-06T01:43:53Z,1,500JMQN9tofZiKdYGX
00af5QNS8Ys3UHmI8M,Service team reproduced the issue in a synthetic test environment.,2023-07-16T07:26:40Z,1,500fVCrqJ5TaiSdY42
00av4l1QD2VhxScA87,Configuration details reviewed; follow-up information requested.,2024-08-07T17:44:23Z,1,500Xvl03edwo0wrAXA
00auGfeyysbhbKOA7Y,Resolution steps shared and validation is pending.,2021-07-12T17:43:58Z,1,500Zad0BAbDKPjpYKF
00aoFMPSX2tXESuQL4,Resolution steps shared and validation is pending.,2025-12-20T15:15:51Z,1,500Hw7SJvKNZJOdQML
00ambURz3BSkPcmQI6,Service team reproduced the issue in a synthetic test environment.,2026-04-28T00:43:00Z,1,500BgFwbAr2AAYXI1L
00aMOOpSl7fqxyNA38,Service team reproduced the issue in a synthetic test environment.,2023-09-04T20:51:30Z,1,500olBqyVP8BTaDQAS
00a1oMrtyi2SUUeY8D,Service team reproduced the issue in a synthetic test environment.,2022-02-10T09:56:25Z,1,500Au5QZtHKKVq2Y6P
00axw47GGXwKh28IBM,Configuration details reviewed; follow-up information requested.,2021-05-30T21:22:28Z,0,500SQ3j5dYUVffpAZE
00a9pOlnDlw79x0I8E,The request was confirmed and routed to the appropriate queue.,2023-04-28T09:26:59Z,1,500GKBDiHNlC4HfAT9
00a1CG5HeK4Q90YIOH,The request was confirmed and routed to the appropriate queue.,2021-08-01T11:01:35Z,1,500JtkMB5WCugndIG1
00aCyjgaRsGHHYjIE3,Configuration details reviewed; follow-up information requested.,2026-05-11T18:47:40Z,1,500qJvG0IzKzdotYNP
00axrUddotqt2SnQGF,Service team reproduced the issue in a synthetic test environment.,2025-04-28T18:31:11Z,1,500vDhmP7CkzRSNALO
00aC4DPvE724VsvAI1,Resolution steps shared and validation is pending.,2025-06-30T00:54:18Z,1,500QrZdTigUN5DeA8V
00aQdf0dGHKd17mQK7,Configuration details reviewed; follow-up information requested.,2021-06-21T20:09:56Z,1,500s2exaSH65VpgY4G
00a2wPuqjTU4sfAAO4,The request was confirmed and routed to the appropriate queue.,2024-07-11T19:00:34Z,1,500fpoY7o3kn4WJAF9
00avQoo2awKuTHkIYK,The request was confirmed and routed to the appropriate queue.,2025-04-14T20:55:29Z,1,500WCW6WhG5a741IQG
00awTWZ1QX8D9CFI1R,Configuration details reviewed; follow-up information requested.,2024-10-15T19:11:09Z,1,500WwhEqgNdIZhZIZ9
00aWLhw5j5Nf78IQEP,Service team reproduced the issue in a synthetic test environment.,2022-12-09T17:16:34Z,0,5005eyhMNKzlXA6IQ1
00aaiF93wv7dEg6YTK,Configuration details reviewed; follow-up information requested.,2022-01-06T19:42:57Z,1,500CZSmhnBMNmnDAYJ
00ad6LpljddiKssIE1,Configuration details reviewed; follow-up information requested.,2022-03-30T18:33:35Z,1,500IFO3HYj33kcoI2K
00aiKQdJVg0QS7CAES,Service team reproduced the issue in a synthetic test environment.,2022-03-04T14:50:47Z,1,500uGrxKESC5uQIIZT
00aVCbnuMJJ2qUSQ2X,Resolution steps shared and validation is pending.,2026-01-27T22:16:03Z,0,500CZSmhnBMNmnDAYJ
00aS5yHx22Q4dz0IFN,Configuration details reviewed; follow-up information requested.,2025-04-15T23:51:00Z,1,500Hw7SJvKNZJOdQML
00abPQIhDPwFmhPQIB,Resolution steps shared and validation is pending.,2025-05-26T04:06:53Z,1,500Hw7SJvKNZJOdQML
00awGYyRiYY9oMDQRC,Resolution steps shared and validation is pending.,2024-08-29T17:21:44Z,1,500YlshwJC78UxcAQ1
00a5jXTWBLMUveGYFA,Service team reproduced the issue in a synthetic test environment.,2022-01-28T14:34:42Z,1,500Ty4n7OfgW9C7Y0O
00avfNOfdPeNPzlAFM,Resolution steps shared and validation is pending.,2024-12-25T03:26:05Z,1,500kN5f5Z5JiQpPQL3
00a75bigKfN3nQwYMG,The request was confirmed and routed to the appropriate queue.,2025-02-22T23:48:34Z,1,500m9EIOaUKBT1vI9Z
00asd74OOV1rllOAI8,Resolution steps shared and validation is pending.,2025-08-22T08:00:22Z,1,5007uZEhS9KLxw6IX6
00azqlNAXXyPBVUYTQ,Resolution steps shared and validation is pending.,2023-01-20T06:46:29Z,0,500dg5orV5DxfsnIE4
00atscNvsn6akFPIYZ,The request was confirmed and routed to the appropriate queue.,2022-11-08T20:36:30Z,0,500VdBmEktE1FejQZQ
00aVvUoKEXKrmhwIN3,Service team reproduced the issue in a synthetic test environment.,2022-04-23T12:13:32Z,1,50082e09MygsdhbQL7
00aBJTTSjnzfkWtIMN,The request was confirmed and routed to the appropriate queue.,2022-12-05T14:13:08Z,1,500JT7BbPf1QZ3FANO
00aTmqTXl0wyNL9QSP,Configuration details reviewed; follow-up information requested.,2022-11-03T09:23:26Z,0,500FZu4cAb7kHYbAXA
00aByq0qcfZc4w8IQE,The request was confirmed and routed to the appropriate queue.,2024-06-16T05:43:02Z,0,500npokBLyF3MHVAFH
00anC5XHo55mw3gYDK,Resolution steps shared and validation is pending.,2026-06-14T10:41:01Z,1,5000LLLlS2CX2hDYWN
00aKXnKeVGfDJHpI7R,Resolution steps shared and validation is pending.,2025-08-04T07:29:52Z,1,500uamw81N0xbx2I05
00adT9NDdjImNiFYLL,Resolution steps shared and validation is pending.,2021-11-12T15:48:50Z,1,500ZaTBZ3vfSf1cQVM
00aRPPGcCJ7ltQgASK,Configuration details reviewed; follow-up information requested.,2022-03-25T03:12:38Z,0,500ADdIU2Xid0UkAG3
00aFoXZ9SHTAo7nAW1,Configuration details reviewed; follow-up information requested.,2022-06-16T11:10:00Z,0,500tI568VQPFHh8YA9
00ap1Dw4RObTd4XQS0,The request was confirmed and routed to the appropriate queue.,2023-06-30T03:09:22Z,0,500mdpvojmmtgIWAX6
00aroUYaBkWMh8eQHN,Configuration details reviewed; follow-up information requested.,2025-05-05T21:01:50Z,1,500ipNOxN4ItCsaAFX
00aGiL363tQkN2lIIJ,Configuration details reviewed; follow-up information requested.,2023-05-24T03:21:19Z,1,500winzV3eSp2cAI2K
00aiqbQ8XKeV1DkIY9,Service team reproduced the issue in a synthetic test environment.,2021-04-04T22:13:04Z,1,500Hw7SJvKNZJOdQML
00atyZi4It9YMUTI6X,Configuration details reviewed; follow-up information requested.,2021-03-26T05:31:01Z,0,500MA39xoeoWTMnY6I
00aGTiKfJuxUHa0IW3,Resolution steps shared and validation is pending.,2023-02-05T16:50:43Z,1,500fVCrqJ5TaiSdY42
00aZZ6VQKgX1axXIT5,Service team reproduced the issue in a synthetic test environment.,2022-03-01T20:33:45Z,0,5007Oa5OdaQvslbYGF
00acdqiG9JtPxzhIT7,Service team reproduced the issue in a synthetic test environment.,2026-05-01T11:25:14Z,0,500yfURx4lmQui7QT7
00aW24kRBz2OYxgICI,The request was confirmed and routed to the appropriate queue.,2021-10-01T19:44:22Z,1,500q9W6Xj9YD7VtIWB
00a2or8s4N7uo4jQHE,The request was confirmed and routed to the appropriate queue.,2024-12-21T13:08:18Z,1,500Ff5Qmxl6vmDAA18
00au10Lqr6UTGleQZY,The request was confirmed and routed to the appropriate queue.,2022-07-24T04:36:07Z,1,500IDUWB178DUSaI57
00aAHXCVo3xOKd4QV7,The request was confirmed and routed to the appropriate queue.,2022-06-24T19:21:55Z,1,500H7XPgiRwdg57AWD
00a5EIS88l9wYbTIYQ,Service team reproduced the issue in a synthetic test environment.,2025-12-25T15:51:04Z,1,500c3mbfu7TdAD0ACE
00am8STwnRlwOz7QRN,Configuration details reviewed; follow-up information requested.,2024-01-25T10:44:12Z,0,500Hw7SJvKNZJOdQML
00awGssh5oONZeKA5G,Service team reproduced the issue in a synthetic test environment.,2021-05-26T00:48:40Z,1,500jvMgLSOwcSO6APC
00aZn77TSSq9JYsIP8,Service team reproduced the issue in a synthetic test environment.,2021-10-10T03:50:09Z,1,500i6KSoLAnIGUUA1M
00a7OPQ8vfoJFvmAPN,Resolution steps shared and validation is pending.,2025-04-26T14:52:24Z,0,500fom5p6QTltMoQ8B
00a4RlWLow3xSZGIDF,Resolution steps shared and validation is pending.,2026-04-19T09:43:42Z,1,500qEz9MHAcs83lQ4W
00aD527sn3E3G32IMN,The request was confirmed and routed to the appropriate queue.,2021-08-05T15:48:45Z,1,500RPAL6Z22QU7SI7G
00aGwgQKpbVq2lyQ3Y,Resolution steps shared and validation is pending.,2025-11-14T12:45:35Z,1,5006k1RoD5DB8ghQON
00ab2cmlYmLnue4YZ5,Resolution steps shared and validation is pending.,2022-05-10T18:29:45Z,1,500ZCAbxyaSIdCcAUE
00aXgm3ZFF5tm5EQUB,Resolution steps shared and validation is pending.,2026-05-08T11:18:51Z,1,500eaeUW9xgX1wUYAG
00ah0nGkBjmieJCQE6,Resolution steps shared and validation is pending.,2021-08-25T05:21:04Z,1,500Xvl03edwo0wrAXA
00aKf5Zxe8VerniAS5,The request was confirmed and routed to the appropriate queue.,2023-06-22T04:50:32Z,0,500GTzgezetfgClI7T
00ac8KQYp1PawG2AE1,Resolution steps shared and validation is pending.,2022-05-26T16:39:46Z,1,500HtaMrRgbq914QY9
00aboYp0xE5MgbhYHH,Resolution steps shared and validation is pending.,2025-05-11T07:42:55Z,1,500oYagPAPsWYf7IYE
00aBdBgd92oZNnKA82,Configuration details reviewed; follow-up information requested.,2026-04-15T03:52:57Z,1,500XFR2SKkC0jLPQ78
00aSTFrl2oN5KwhASF,Resolution steps shared and validation is pending.,2025-07-22T17:20:48Z,1,500CpPcUfYURLpBIE4
00ajekFovJFMm7cI86,Configuration details reviewed; follow-up information requested.,2021-09-19T22:51:43Z,1,5004Xr7X73UCVxEIZ5
00aA2cwsYmqZrD4Y6R,Service team reproduced the issue in a synthetic test environment.,2025-11-01T08:08:10Z,1,500kVbaQMhwKwq3YX2
00aNJQYjK5tA1O7Q9R,Service team reproduced the issue in a synthetic test environment.,2023-07-14T14:49:53Z,1,500GuNcTbtgI0EPY5Q
00aGGgZrtuENdQFQEI,The request was confirmed and routed to the appropriate queue.,2022-09-25T20:58:55Z,0,500HF2BeFGvzcbPAZJ
00ab8ew3w9PGa8oAHI,Resolution steps shared and validation is pending.,2026-04-09T18:32:30Z,0,500DJsOe8JaNsf8Y8N
00aO8N5tyrlpZ0cQ41,Configuration details reviewed; follow-up information requested.,2021-03-04T01:46:11Z,0,500Hw7SJvKNZJOdQML
00aOupvhAwKrcLTIN3,Service team reproduced the issue in a synthetic test environment.,2025-10-27T12:32:00Z,1,500rPZWhdpA4PU9AQW
00aTbyQQda05u5lI1I,The request was confirmed and routed to the appropriate queue.,2022-03-20T14:05:20Z,1,50025Bq5SGCYkr5QZW
00ayIjSLCgpMBFKQ2Z,The request was confirmed and routed to the appropriate queue.,2024-06-17T13:06:21Z,1,500BJxUwiJNDWvQAVB
00a8v5G0khLlxsnA5M,The request was confirmed and routed to the appropriate queue.,2021-09-03T19:49:42Z,1,500fRHd50Y3uv0mYDR
00aHTCRsmxxxGANYB4,Resolution steps shared and validation is pending.,2025-12-17T00:02:48Z,0,500BaE7YGeszcGSIH2
00aEbXOwjiD8hvPA5K,Service team reproduced the issue in a synthetic test environment.,2022-01-07T04:51:12Z,1,500Hw7SJvKNZJOdQML
00aaQClohjLne4ZQMN,Configuration details reviewed; follow-up information requested.,2022-03-23T16:55:25Z,0,500d2dJUStTISfUQGQ
00a1Jf5GgWv6mptAIK,Configuration details reviewed; follow-up information requested.,2026-03-14T01:03:31Z,1,5003lj6vvYQPpFkQ6N
00aH9vaC0zrt9NoA5U,Resolution steps shared and validation is pending.,2022-05-24T05:00:31Z,1,5002ppcl23ACCs8Y7P
00abCFdFMMMUTFMAX8,Resolution steps shared and validation is pending.,2024-12-11T23:51:32Z,1,500dg5orV5DxfsnIE4
00ax0KN2R0iRbWMYAZ,The request was confirmed and routed to the appropriate queue.,2025-05-10T00:53:55Z,1,500WdhCnYxuzgyFY1W
00aJYIOZDJCOcNAIX3,Service team reproduced the issue in a synthetic test environment.,2025-09-12T09:14:49Z,1,500Hw7SJvKNZJOdQML
00aMwfL51ob0RWLA7C,Resolution steps shared and validation is pending.,2022-05-27T00:47:14Z,1,500IkiyyqAYIpXDYBC
00a8oN1RFSFApUfAMK,Configuration details reviewed; follow-up information requested.,2024-02-15T07:53:48Z,1,500yM8uUmQMDnjwIGB
00aGeTiWEeU7dvLQKW,Resolution steps shared and validation is pending.,2024-04-20T13:17:02Z,0,5001K95RAvVhz68QGM
00au2Bgseza54O8Q6R,Configuration details reviewed; follow-up information requested.,2022-11-28T14:43:39Z,1,500OQdlVcbShcGrIQT
00a5sEQiD1jE5IQINM,The request was confirmed and routed to the appropriate queue.,2021-04-01T01:56:52Z,1,500r7uzZtpqvJsrYCO
00aOQdYExb3yQB2YQ3,Service team reproduced the issue in a synthetic test environment.,2021-05-27T19:59:19Z,1,500ESKxMKGSyjNEAOV
00aIKKWX0HEqslrYQ1,Configuration details reviewed; follow-up information requested.,2024-11-14T22:21:42Z,1,500rjq4CLXeW59ZYWP
00aedc8E7yerGDtYH1,Service team reproduced the issue in a synthetic test environment.,2026-04-13T15:46:38Z,0,500a4nI12nQqAM1YL3
00amB1T6AZo0PilY8C,Resolution steps shared and validation is pending.,2022-02-05T14:22:23Z,1,500QJYjhvMY87JIQ1M
00anvmOfXD0zvJPQA6,Configuration details reviewed; follow-up information requested.,2021-07-19T01:33:45Z,1,500GuNcTbtgI0EPY5Q
00aWbVpNcXUAEydAO6,The request was confirmed and routed to the appropriate queue.,2021-05-01T22:08:47Z,0,500QsMYz3qu842kY9E
00a5GfBrVug81otQ4R,Service team reproduced the issue in a synthetic test environment.,2025-01-29T14:21:40Z,0,500JnRStY81eBchIF6
00aKzjkI7jHBZO9QMM,Resolution steps shared and validation is pending.,2026-06-30T05:00:27Z,0,50053w0Trh73ahoARH
00aHHVJrhnolSo7YEJ,Service team reproduced the issue in a synthetic test environment.,2023-05-06T10:43:54Z,1,500qgAE0XNYKDfVA1W
00aAzlpZTUjpnPTA94,The request was confirmed and routed to the appropriate queue.,2023-01-09T05:49:11Z,0,500T4a7CdePHZOPY1K
00aTkAdZs4uRv3kQQR,Configuration details reviewed; follow-up information requested.,2022-02-20T22:06:47Z,1,500tkm4OBlUkVIyAI1
00a9DAOouoUyHWjQ8F,Service team reproduced the issue in a synthetic test environment.,2024-09-16T11:24:08Z,0,500wDhDPIHQ7OHJAVF
00a4ZwAzapPYkHMYEZ,Service team reproduced the issue in a synthetic test environment.,2024-12-30T03:48:15Z,0,500IXjfNQ6V3YxvYII
00ajs86H6dEaZLyIHA,Resolution steps shared and validation is pending.,2021-11-18T11:32:07Z,0,500UWh5BiUDI0jfQJJ
00axNzGtM7F11mSYBO,Configuration details reviewed; follow-up information requested.,2026-06-19T03:16:28Z,1,500Feu92jpJlXk3I4M
00apM3tIkG38VouYQY,Configuration details reviewed; follow-up information requested.,2021-05-26T12:54:20Z,1,500lJ3YQ6I7I8yZIKO
00aTWVu6wKdYYAtYP3,Service team reproduced the issue in a synthetic test environment.,2023-06-10T16:50:40Z,0,500AK7DcYGk0xvXATU
00acqfLgC4ucWgHA85,The request was confirmed and routed to the appropriate queue.,2024-06-02T16:09:10Z,1,500y7pzzFPHKwWYQQ3
00aAPIS8Zy4uqCJYMB,The request was confirmed and routed to the appropriate queue.,2023-08-05T12:07:22Z,1,500sHwuaRlPXH3qYHL
00aC6QP7guQcWocYJ3,Resolution steps shared and validation is pending.,2024-08-01T04:03:42Z,0,500jvMgLSOwcSO6APC
00aulOs2nxApsAlADN,Service team reproduced the issue in a synthetic test environment.,2022-05-23T03:49:42Z,1,500cuTrR9CHfMNyI0N
00aOrajcKDO5gmLAY1,The request was confirmed and routed to the appropriate queue.,2021-05-01T09:25:23Z,1,500IJ2MTV9PLDLoQ60
00aWqxhBsoua9umIWE,Resolution steps shared and validation is pending.,2021-07-05T17:57:27Z,1,500IDUWB178DUSaI57
00a93FSpSbLDNOqQZD,Service team reproduced the issue in a synthetic test environment.,2023-12-29T14:40:01Z,1,500RPAL6Z22QU7SI7G
00aixgycCu57w5PA8F,Resolution steps shared and validation is pending.,2023-01-23T20:02:21Z,1,500KOXJDdMZna1KQV6
