Id,FirstName,LastName,Name,Title,Department,Email,Phone,MailingStreet,MailingCity,MailingState,MailingPostalCode,MailingCountry,LeadSource,CreatedDate,HasOptedOutOfEmail,AccountId,ReportsToId
003eWhmT5dPzHuRQTV,Marie,Perry,Marie N. Perry,Account Director,Customer Success,marie.perry.4-534@example.invalid,+1-471-555-0103,402 Peterson Drives,Northhaven,WA,90340,United States,Outbound,2025-06-30T21:23:06Z,0,001pOXC8pNylRaRY5A,
003PoNXhoOeFYSSY1U,Juan,Vega,Juan T. Vega,Account Director,Procurement,juan.vega.6-7122@example.invalid,+1-671-555-0198,16475 Mitchell Fords,Northhaven,OR,52036,United States,Web,2022-05-29T22:00:04Z,0,001hgdJHI7bDrNzIKJ,
003NOqblprQXyXlIYB,Christine,Parrish,Christine S. Parrish,Product Manager,Procurement,christine.parrish.2-8368@example.invalid,+1-411-555-0158,537 Wilkerson Row,Willow Harbor,TX,41038,United States,Event,2026-03-20T22:40:16Z,0,001PFA4WC7yjw84AX1,
003bhOmeD1MNnZQY77,Jill,Banks,Jill T. Banks,Business Analyst,Sales,jill.banks.5-7483@example.invalid,+1-602-555-0177,784 Erin Crescent,Northhaven,CO,94399,United States,Partner Referral,2022-08-18T06:11:12Z,1,001WiF4egJw4fFCI62,
003RQmxBmgXrTwhQ30,Robert,Mullins,Robert J. Mullins,Solutions Architect,Engineering,robert.mullins.5-4739@example.invalid,+1-377-555-0142,4303 Christopher Oval,Cedar Crossing,TX,84481,United States,Outbound,2024-10-07T15:11:54Z,0,0012tOpQ4NIa7RbIUI,
003ULZuykuQw1WPQ9V,Dave,Gomez,Dave D. Gomez,Account Director,Engineering,dave.gomez.0-1099@example.invalid,+1-271-555-0124,93010 Carlos Bypass,Alder Bay,CO,29369,United States,Organic Search,2022-06-03T09:42:15Z,0,001G40EGKjt7p96I7T,
003F4dQMJB4LJ9AYF5,Lindsay,Oconnor,Lindsay J. Oconnor,Business Analyst,Operations,lindsay.oconnor.2-445@example.invalid,+1-307-555-0175,1333 Taylor Falls,Lake Briar,MA,31223,United States,Event,2025-10-20T14:18:01Z,0,001gQSNxeXgntf7YR3,
003IlcpXjWSwBK2QZW,Laura,Smith,Laura B. Smith,Business Analyst,Marketing,laura.smith.0-4193@example.invalid,+1-711-555-0143,98050 Breanna Parkway,Alder Bay,MA,17109,United States,Outbound,2021-06-24T15:10:51Z,0,,
003ehVb8mehm9CHABD,Teresa,Nguyen,Teresa H. Nguyen,Finance Manager,Finance,teresa.nguyen.1-1572@example.invalid,+1-411-555-0198,534 Anderson Rue,Summit Glen,CA,83357,United States,Web,2025-02-11T09:24:33Z,0,001IqN1uANorRv0AGO,
003tliMSFlGrNtvQRU,Michael,Cantrell,Michael J. Cantrell,Engineering Manager,Operations,michael.cantrell.2-0394@example.invalid,+1-905-555-0106,24118 Joseph Rapids,Willow Harbor,OR,88361,United States,Organic Search,2024-07-20T12:15:58Z,0,001JcZQ7uhRMVxxILW,
00378FREBNFG2GrIA7,Mary,Miles,Mary M. Miles,Solutions Architect,Customer Success,mary.miles.79-8853@example.invalid,+1-305-555-0112,280 Aguilar Drive,Alder Bay,OR,89453,United States,Outbound,2021-09-30T17:01:06Z,1,001GjfBhJ295BInY2G,
003N7npX1LNheCRIK8,Craig,Bonilla,Craig M. Bonilla,Engineering Manager,Sales,craig.bonilla.09-7954@example.invalid,+1-905-555-0176,73375 Hoover Well,Alder Bay,CO,28810,United States,Event,2023-08-27T17:54:26Z,1,0014BI0PTpGJAb4ICJ,
003OudIDdeswrwGIHG,Christina,Fisher,Christina M. Fisher,Customer Success Manager,Finance,christina.fisher.74-7639@example.invalid,+1-901-555-0193,6981 Lam Field,Summit Glen,OR,57053,United States,Event,2024-12-08T23:35:57Z,0,001iIp10CH2rdjrQCH,
003aSD3zjCWrWLuIV0,Robert,Arnold,Robert M. Arnold,Account Director,Engineering,robert.arnold.54-180@example.invalid,+1-317-555-0112,44369 Marshall Mills,Northhaven,NC,66116,United States,Partner Referral,2026-03-26T19:56:27Z,0,001Mpzq9x2yVI5HAED,
003XyMpRNkbfCV9IA3,Laura,Williamson,Laura J. Williamson,Engineering Manager,Engineering,laura.williamson.99-1392@example.invalid,+1-377-555-0142,7632 Patricia Wall,Willow Harbor,CA,66138,United States,Event,2024-04-13T01:16:52Z,0,001JcZQ7uhRMVxxILW,
003CSoanR8VB42SYF1,Rebecca,Daniel,Rebecca E. Daniel,Finance Manager,Finance,rebecca.daniel.73-8045@example.invalid,+1-412-555-0115,734 Jones Heights,Lake Briar,WA,16991,United States,Customer Referral,2025-01-18T20:52:29Z,0,001th7qwAjYM77cYBH,
003SImDSLssLILLIW0,Michele,Robinson,Michele J. Robinson,Engineering Manager,Procurement,michele.robinson.07-8857@example.invalid,+1-311-555-0156,8893 Robinson Mews,Summit Glen,CO,61483,United States,Partner Referral,2021-11-06T06:22:16Z,0,0011erzQJKIYYG5AUC,
003CScrbDxLMgj6INJ,Renee,Martinez,Renee A. Martinez,Solutions Architect,Engineering,renee.martinez.44-4134@example.invalid,+1-203-555-0123,5564 King Common,Summit Glen,MA,72711,United States,Organic Search,2025-06-17T01:00:57Z,0,001M2rDfuFzN9SZI6R,
003NhHrgE0ZeNJlY00,Kathy,Johns,Kathy E. Johns,Business Analyst,Procurement,kathy.johns.93-7809@example.invalid,+1-671-555-0123,99124 Beth Inlet,Cedar Crossing,MA,45179,United States,Organic Search,2026-03-15T14:43:34Z,0,001ZV3zN3f85rlSYDN,
003TIh2da6WFiNAIG9,Wendy,Cook,Wendy H. Cook,Business Analyst,Finance,wendy.cook.23-126@example.invalid,+1-413-555-0133,7262 Gilbert Plain,Summit Glen,CO,76358,United States,Event,2025-03-15T20:12:02Z,0,001Ql5gfswhLAUiIZH,
003bn4lVQmSeD2CAHI,Daniel,Lewis,Daniel T. Lewis,Product Manager,Procurement,daniel.lewis.67-6021@example.invalid,+1-371-555-0175,313 Freeman Trace,Alder Bay,WA,12169,United States,Customer Referral,2022-01-23T05:47:33Z,0,001LInXZfFVYqWIIEB,
003BxoQAfxO1TrZYEW,Marcus,Fernandez,Marcus J. Fernandez,Finance Manager,Finance,marcus.fernandez.34-0648@example.invalid,+1-301-555-0148,3135 Julia Track,Willow Harbor,WA,16539,United States,Web,2024-09-15T15:32:45Z,1,0019ojrY0cvCQ2UQ6L,
003xHCmVK9xzUW6IM8,Alicia,Lopez,Alicia A. Lopez,Finance Manager,Marketing,alicia.lopez.39-3781@example.invalid,+1-372-555-0138,477 Peterson Center,Alder Bay,MA,78509,United States,Outbound,2022-02-22T21:22:55Z,0,001EocC12jSBhyyIOU,
003fooOCsZU49mIIB0,Janet,Zuniga,Janet D. Zuniga,Engineering Manager,Customer Success,janet.zuniga.18-6647@example.invalid,+1-671-555-0177,9649 Chelsea Streets,Summit Glen,NC,66815,United States,Customer Referral,2023-04-08T04:51:28Z,0,001aJFstC9yWgafQNG,
003L5BUYiA6zPEpQB9,Joseph,Smith,Joseph C. Smith,Account Director,Engineering,joseph.smith.26-4409@example.invalid,+1-703-555-0193,24210 Laura Ranch,Alder Bay,NC,94913,United States,Outbound,2023-12-18T22:57:48Z,0,001j6nRokzRlCs1Y07,
003WuzwyGGrq7mkQSD,Cynthia,Smith,Cynthia S. Smith,Product Manager,Marketing,cynthia.smith.02-104@example.invalid,+1-275-555-0175,96717 Ortiz Islands,Cedar Crossing,CO,48952,United States,Web,2021-11-25T15:45:20Z,0,001jsWcaI2ueqNkQ4J,
003qY3nkL8ErnlyAK7,Reginald,Reyes,Reginald A. Reyes,Product Manager,Operations,reginald.reyes.90-3913@example.invalid,+1-412-555-0142,34824 Gilmore Oval,Northhaven,CO,91899,United States,Customer Referral,2024-06-21T09:21:29Z,0,001UhwyHPMFM5liAM5,
003xTz7yre8H4d2AIF,David,Murray,David P. Murray,Solutions Architect,Marketing,david.murray.27-4185@example.invalid,+1-607-555-0129,821 Barton Walk,Willow Harbor,CA,74274,United States,Customer Referral,2023-10-25T09:44:45Z,0,001M2rDfuFzN9SZI6R,
003JOs0QBioz86ZAAA,Fred,Banks,Fred J. Banks,Engineering Manager,Procurement,fred.banks.76-6281@example.invalid,+1-912-555-0144,6627 David Ramp,Cedar Crossing,NC,36371,United States,Customer Referral,2026-06-17T04:49:37Z,0,001tvKQbYklnB9tY2P,
003V7ltdITL7XlVA03,Tammy,Moore,Tammy R. Moore,Solutions Architect,Operations,tammy.moore.62-077@example.invalid,+1-715-555-0100,3161 Scott Square,Northhaven,NC,89550,United States,Event,2025-09-19T13:30:36Z,0,001zBr7D0amNm8PY72,
003ei96TNl9qwfTIKK,Anthony,Torres,Anthony J. Torres,Customer Success Manager,Customer Success,anthony.torres.43-3050@example.invalid,+1-371-555-0119,7407 Byrd Estate,Cedar Crossing,WA,65699,United States,Organic Search,2023-03-26T06:07:41Z,0,001TgK7Trt797foQCB,
003YImgl0PWXqu3A6A,Elizabeth,Townsend,Elizabeth M. Townsend,Business Analyst,Customer Success,elizabeth.townsend.79-2360@example.invalid,+1-675-555-0174,097 Parsons Forks,Summit Glen,MA,93116,United States,Web,2026-01-24T02:41:26Z,0,001X5lK5MbsgblUIV7,
003wxcMknbhQxSeY78,Martha,Thomas,Martha S. Thomas,Operations Lead,Finance,martha.thomas.61-8376@example.invalid,+1-275-555-0151,4517 Donald Fork,Cedar Crossing,TX,63497,United States,Partner Referral,2024-10-02T21:38:34Z,0,001JZ9Av5CClhiKIID,
0037xjEUbW6ICcUYZV,Wayne,Mason,Wayne R. Mason,Business Analyst,Customer Success,wayne.mason.28-7864@example.invalid,+1-602-555-0190,4612 Sophia Hollow,Summit Glen,WA,80690,United States,Organic Search,2025-03-17T12:43:50Z,0,0015fdr3n38vtS2Q4V,
003gekCFe076ACrQZB,Francisco,Collins,Francisco S. Collins,Customer Success Manager,Customer Success,francisco.collins.46-7997@example.invalid,+1-313-555-0159,3171 Darlene Ranch,Willow Harbor,CO,73120,United States,Outbound,2024-04-25T11:05:28Z,0,001Rc1LJzjoerNoYJJ,
003L2XFTdblnovFIX1,Virginia,Martin,Virginia J. Martin,Product Manager,Sales,virginia.martin.89-0205@example.invalid,+1-207-555-0193,95024 David Manor,Willow Harbor,WA,64799,United States,Outbound,2026-04-07T11:32:28Z,0,001MEVADdakhCHVYR3,
003Po8fzH5EDEzmQWJ,Vickie,Burch,Vickie N. Burch,Product Manager,Customer Success,vickie.burch.57-853@example.invalid,+1-272-555-0108,985 Vang Pines,Willow Harbor,OR,36835,United States,Outbound,2026-05-25T14:58:24Z,0,00134G8VQW0MQTYI8N,
003724XN1HXXGaOYRR,Tammy,Rodriguez,Tammy R. Rodriguez,Engineering Manager,Marketing,tammy.rodriguez.68-9742@example.invalid,+1-701-555-0154,098 Santiago Loop,Northhaven,NC,64920,United States,Event,2023-09-18T06:31:47Z,0,001OphrQTgtGmAPIMC,
0036GAztXD6NgynYLN,Thomas,Chavez,Thomas J. Chavez,Finance Manager,Engineering,thomas.chavez.64-6466@example.invalid,+1-917-555-0130,4550 Molly Port,Alder Bay,CO,17584,United States,Outbound,2024-07-10T03:26:34Z,0,001IQen5JJcxOzsYOT,
003Mu9tTXYgpE1bAC3,Kenneth,Kirby,Kenneth J. Kirby,Customer Success Manager,Engineering,kenneth.kirby.62-2022@example.invalid,+1-913-555-0105,156 Justin Springs,Summit Glen,TX,97263,United States,Outbound,2025-03-28T01:32:37Z,0,,
003iysWwHPTFrOxA25,Andrew,Gates,Andrew B. Gates,Product Manager,Engineering,andrew.gates.03-5140@example.invalid,+1-613-555-0158,1596 Mckinney Mall,Northhaven,CO,69807,United States,Partner Referral,2021-03-02T01:19:38Z,0,001iIp10CH2rdjrQCH,
003pDMezXbwJtrSY8M,Ryan,Barton,Ryan J. Barton,Solutions Architect,Customer Success,ryan.barton.48-1797@example.invalid,+1-915-555-0183,88355 Joel Drive,Alder Bay,CA,82729,United States,Customer Referral,2021-12-04T10:34:10Z,0,001BH0vNAlwEWFXALI,
003NmtdlMjbGHaXQSG,Jason,Gray,Jason L. Gray,Solutions Architect,Procurement,jason.gray.89-4326@example.invalid,+1-272-555-0170,0054 Deanna Walk,Summit Glen,WA,80782,United States,Partner Referral,2026-04-26T15:21:13Z,0,001oPLQgL6DtzXuQJ9,
003JT1QIxPg3Up0QZ6,Katrina,Jennings,Katrina J. Jennings,Operations Lead,Engineering,katrina.jennings.67-7492@example.invalid,+1-307-555-0106,255 Hughes Trail,Lake Briar,CO,53111,United States,Outbound,2025-07-18T04:52:25Z,0,001oiBORV4MFMZ7ID8,
003QcMefpBN7uCgA7D,Michelle,Smith,Michelle T. Smith,Customer Success Manager,Sales,michelle.smith.41-5258@example.invalid,+1-417-555-0134,2816 Smith Inlet,Lake Briar,TX,36848,United States,Outbound,2021-08-12T07:13:02Z,0,001X5lK5MbsgblUIV7,003PoNXhoOeFYSSY1U
003WGYnHKb8xmWCQY3,Susan,Lloyd,Susan M. Lloyd,Product Manager,Finance,susan.lloyd.86-4565@example.invalid,+1-471-555-0150,379 Goodwin Tunnel,Alder Bay,CO,93887,United States,Customer Referral,2021-07-02T11:06:38Z,0,001GikJVQQYFMgSI6M,
003I7TTUPpnXYJqAEE,Amy,Cohen,Amy B. Cohen,Business Analyst,Marketing,amy.cohen.92-0454@example.invalid,+1-917-555-0195,47826 Stacey Forges,Northhaven,CA,88567,United States,Partner Referral,2023-10-21T02:13:56Z,1,,
0033vIPXyATtwhCAEG,Larry,Lambert,Larry B. Lambert,Customer Success Manager,Customer Success,larry.lambert.73-6703@example.invalid,+1-771-555-0132,89861 Young Crossing,Summit Glen,OR,95368,United States,Organic Search,2023-03-28T05:33:45Z,0,001ZV3zN3f85rlSYDN,003IlcpXjWSwBK2QZW
003clJa1pOd8t9PISQ,Teresa,Hernandez,Teresa L. Hernandez,Engineering Manager,Engineering,teresa.hernandez.24-3712@example.invalid,+1-777-555-0140,1888 Peter Mountains,Alder Bay,WA,36515,United States,Web,2024-04-21T15:15:25Z,1,001lpuGrFmSTBnuY0M,
003tTdqCw3r025oI6L,Kelsey,Mendoza,Kelsey K. Mendoza,Business Analyst,Sales,kelsey.mendoza.80-2663@example.invalid,+1-403-555-0107,0430 Nina Island,Northhaven,CO,36880,United States,Outbound,2025-03-28T17:04:40Z,0,001Ql5gfswhLAUiIZH,
003jVRuaA1eyMjlAQ7,Anthony,Reynolds,Anthony S. Reynolds,Business Analyst,Engineering,anthony.reynolds.74-2131@example.invalid,+1-772-555-0159,284 Garcia Islands,Lake Briar,TX,87042,United States,Partner Referral,2025-06-16T21:29:32Z,1,001Yuy98mwACfhVANS,
003qZwo4RCko78uA4C,Jill,Jones,Jill M. Jones,Account Director,Finance,jill.jones.01-2406@example.invalid,+1-715-555-0133,55690 Erika Land,Cedar Crossing,CA,62894,United States,Web,2025-04-27T02:46:23Z,0,001XJBJ9looV3jVARS,
003ElZHDbgHbq2pARJ,Travis,Clarke,Travis J. Clarke,Finance Manager,Engineering,travis.clarke.54-672@example.invalid,+1-411-555-0172,3121 Thompson Station,Alder Bay,TX,42262,United States,Event,2025-02-16T03:57:01Z,0,001ue1J9V7XEwHtA5N,
003SEr5kv6qLws1Q0Z,Brian,Cross,Brian B. Cross,Solutions Architect,Customer Success,brian.cross.38-5728@example.invalid,+1-677-555-0132,7829 Cameron Locks,Summit Glen,CO,25864,United States,Event,2022-05-30T12:17:00Z,0,001xWEtTmi24vmPI8I,
003IJYZzBDflswfI3D,Casey,Hall,Casey M. Hall,Account Director,Engineering,casey.hall.26-1091@example.invalid,+1-305-555-0112,3584 John Roads,Northhaven,WA,90993,United States,Outbound,2024-03-19T18:23:15Z,0,001qn0PeVSegyj1AFD,
003VN4c3awd87rBYWB,Adam,Li,Adam W. Li,Business Analyst,Marketing,adam.li.16-7311@example.invalid,+1-902-555-0172,647 Haley Estate,Summit Glen,OR,75327,United States,Event,2022-05-13T16:46:55Z,0,0018MjZShtig55PAG6,003PoNXhoOeFYSSY1U
003hKEkfAwY1accID2,David,King,David P. King,Engineering Manager,Customer Success,david.king.21-3179@example.invalid,+1-277-555-0127,632 Peck Stravenue,Willow Harbor,TX,83063,United States,Organic Search,2022-08-27T20:56:35Z,0,001lpuGrFmSTBnuY0M,
003D7d3x3cWcUuRILQ,Angie,Becker,Angie T. Becker,Solutions Architect,Engineering,angie.becker.67-3910@example.invalid,+1-671-555-0146,2456 Williams Center,Northhaven,CA,27872,United States,Outbound,2025-11-15T19:00:51Z,0,0012n9SIy3FafTfYR5,003ehVb8mehm9CHABD
003uvIfIopZaMbyQ8S,Robert,Davis,Robert R. Davis,Engineering Manager,Marketing,robert.davis.63-2934@example.invalid,+1-717-555-0176,259 Martin Ridges,Cedar Crossing,NC,85781,United States,Outbound,2026-01-06T02:48:32Z,0,001b6p7wMuocXZFIKR,
003pbW5ABWvUkq2ILY,Denise,Martin,Denise K. Martin,Customer Success Manager,Operations,denise.martin.27-0432@example.invalid,+1-371-555-0109,962 Anthony Squares,Summit Glen,OR,49328,United States,Organic Search,2023-09-15T04:57:54Z,0,001jsWcaI2ueqNkQ4J,
00316suIFNRuCF5ARF,Jeremy,Newton,Jeremy M. Newton,Account Director,Procurement,jeremy.newton.21-4118@example.invalid,+1-915-555-0181,585 Bishop Fields,Lake Briar,WA,23991,United States,Customer Referral,2023-05-23T00:03:24Z,0,001MfuiALipgsrAIEL,
003uwa0GaixV5VQI3X,Erika,Marshall,Erika M. Marshall,Finance Manager,Engineering,erika.marshall.78-9397@example.invalid,+1-977-555-0147,473 Maria Groves,Alder Bay,TX,35860,United States,Organic Search,2023-05-23T10:38:49Z,0,001lpuGrFmSTBnuY0M,003NOqblprQXyXlIYB
003zaVLDO9Vk4P0IGZ,Jacob,Smith,Jacob C. Smith,Operations Lead,Procurement,jacob.smith.86-9234@example.invalid,+1-612-555-0126,19380 Robert Villages,Lake Briar,MA,61902,United States,Partner Referral,2023-09-06T18:07:21Z,0,001FifSg7G2gzZrY2M,
003i6XJ36Xc1DSjQ8W,Sherri,Byrd,Sherri K. Byrd,Product Manager,Marketing,sherri.byrd.38-1954@example.invalid,+1-607-555-0166,54932 Wilcox Passage,Lake Briar,NC,11166,United States,Organic Search,2024-12-31T21:09:50Z,0,001lpuGrFmSTBnuY0M,
003TzZeo9ark3IEAUI,Richard,Underwood,Richard C. Underwood,Customer Success Manager,Customer Success,richard.underwood.71-1516@example.invalid,+1-375-555-0141,5933 Timothy Motorway,Lake Briar,MA,34985,United States,Event,2021-08-12T23:19:55Z,0,001G40EGKjt7p96I7T,
003JgjsbJD2FrGMYS3,Abigail,Stevens,Abigail S. Stevens,Business Analyst,Customer Success,abigail.stevens.62-7758@example.invalid,+1-711-555-0157,713 Davis Pass,Willow Harbor,OR,90306,United States,Web,2023-01-30T01:38:03Z,0,001QAtek1IxiotWYQX,003ULZuykuQw1WPQ9V
003ftniDDEnnixkI5V,Jeffrey,Williams,Jeffrey B. Williams,Operations Lead,Engineering,jeffrey.williams.86-8892@example.invalid,+1-601-555-0111,65676 Miller Shore,Willow Harbor,CO,49308,United States,Customer Referral,2022-12-27T01:03:52Z,0,001GikJVQQYFMgSI6M,
003tAWyOTIA1gd2YAN,Paul,Mckenzie,Paul T. Mckenzie,Account Director,Procurement,paul.mckenzie.31-7969@example.invalid,+1-375-555-0167,9033 Craig Bypass,Lake Briar,TX,45539,United States,Event,2023-07-13T20:20:53Z,1,001X50Bqc5cThUtYIX,
0030O6AOuLKmcGDQ02,Stephanie,Lucas,Stephanie N. Lucas,Business Analyst,Procurement,stephanie.lucas.30-5033@example.invalid,+1-412-555-0184,268 Williams Key,Northhaven,NC,43895,United States,Event,2024-05-26T13:58:31Z,0,001vuI7W5NKUSqVAGG,
003tbTnmHnr2b9LI3C,Carla,Escobar,Carla T. Escobar,Account Director,Sales,carla.escobar.07-5737@example.invalid,+1-613-555-0163,75183 Joseph Spring,Cedar Crossing,TX,14610,United States,Partner Referral,2022-10-26T13:59:16Z,0,001ZX951OeRh6EHIOJ,
003OXM9PBNS93FRYE1,Kevin,Thompson,Kevin J. Thompson,Account Director,Procurement,kevin.thompson.97-3628@example.invalid,+1-301-555-0152,771 Gill Island,Summit Glen,TX,74578,United States,Partner Referral,2022-09-07T18:39:16Z,0,001xWEEO3zOAo9KY3S,
0032H8gQHROz6gcQPL,Renee,Clark,Renee M. Clark,Product Manager,Customer Success,renee.clark.81-4345@example.invalid,+1-907-555-0142,2287 Sabrina Plains,Northhaven,OR,78379,United States,Partner Referral,2021-09-16T21:09:01Z,0,001Ra45bI6XkX2bYRW,
003lLbwMYMbBCnNI1R,Joanna,Francis,Joanna N. Francis,Solutions Architect,Marketing,joanna.francis.37-1229@example.invalid,+1-977-555-0147,0862 Samantha Pine,Lake Briar,CO,31317,United States,Outbound,2025-05-05T05:32:34Z,0,001lY6NBb5ge9JhIW4,
0039qUKtgp4U7BXYVE,Paul,Webb,Paul M. Webb,Operations Lead,Procurement,paul.webb.45-7055@example.invalid,+1-403-555-0184,217 Newman Isle,Cedar Crossing,TX,32868,United States,Organic Search,2021-02-16T00:13:58Z,0,001lpuGrFmSTBnuY0M,
003JLliZnGL5ZqZIJ6,John,Patterson,John K. Patterson,Customer Success Manager,Engineering,john.patterson.26-7061@example.invalid,+1-412-555-0184,96856 Krystal Spurs,Summit Glen,TX,75116,United States,Partner Referral,2024-11-21T16:03:37Z,0,001gn26KfjMg4ZII8J,
003MzEjs92OIMruAGM,David,Cline,David K. Cline,Engineering Manager,Procurement,david.cline.70-3839@example.invalid,+1-412-555-0126,42626 Ward Course,Alder Bay,MA,16245,United States,Outbound,2021-12-17T02:36:13Z,0,001lppe6kqinEz1A7H,003pDMezXbwJtrSY8M
003NxsyUn0x5nr3AFS,Tammy,Beasley,Tammy J. Beasley,Operations Lead,Sales,tammy.beasley.21-3683@example.invalid,+1-311-555-0113,398 Gina Extension,Willow Harbor,MA,71262,United States,Organic Search,2021-06-06T05:19:54Z,0,001PygtS3FHgKj8Q8G,
003hNC8vMX8xq41YTF,Catherine,Rodriguez,Catherine T. Rodriguez,Engineering Manager,Sales,catherine.rodriguez.58-0637@example.invalid,+1-902-555-0156,657 Jordan View,Lake Briar,CO,33256,United States,Organic Search,2021-07-02T23:31:12Z,0,001zBr7D0amNm8PY72,
003OIgHSksq2tYtQRO,Ashley,Grimes,Ashley J. Grimes,Product Manager,Engineering,ashley.grimes.10-2207@example.invalid,+1-703-555-0137,167 Cynthia Garden,Willow Harbor,MA,71561,United States,Web,2022-12-11T15:30:33Z,0,001FzQ1Vu9hM4AsIVS,00378FREBNFG2GrIA7
003v3AeTxUKFhpoIZY,Sara,Turner,Sara J. Turner,Engineering Manager,Marketing,sara.turner.81-0414@example.invalid,+1-613-555-0135,43888 Sean Lock,Lake Briar,WA,59062,United States,Customer Referral,2025-04-10T05:43:58Z,0,0018MjZShtig55PAG6,003fooOCsZU49mIIB0
003NTUM7lbpHepMYAS,Edward,Garner,Edward M. Garner,Engineering Manager,Operations,edward.garner.49-7250@example.invalid,+1-711-555-0152,751 Williams Station,Summit Glen,CA,79331,United States,Web,2021-10-29T18:12:17Z,0,001CobSEZTi3dLCAGD,
003HYHpYDcI6KWiYKH,Linda,Murray,Linda S. Murray,Product Manager,Marketing,linda.murray.28-9456@example.invalid,+1-905-555-0137,334 Barbara Union,Willow Harbor,CA,30982,United States,Customer Referral,2021-09-22T17:07:25Z,0,001O8ZWUKMYoipYYQ7,
003vnNru6T0wI99Q7D,Angela,Harris,Angela T. Harris,Engineering Manager,Finance,angela.harris.89-8469@example.invalid,+1-905-555-0198,41252 Barnes Dam,Lake Briar,CO,21307,United States,Outbound,2026-06-26T15:40:21Z,0,001M2rDfuFzN9SZI6R,
003lesXU7uXxsjtYHT,Thomas,Bond,Thomas T. Bond,Finance Manager,Procurement,thomas.bond.68-7961@example.invalid,+1-917-555-0185,7219 Laura Forges,Lake Briar,NC,72316,United States,Outbound,2024-08-27T19:58:36Z,0,001iIp10CH2rdjrQCH,
003OaPUIKvnN4iaA44,Alexis,Martinez,Alexis A. Martinez,Business Analyst,Sales,alexis.martinez.06-9844@example.invalid,+1-671-555-0177,340 Baker Wall,Cedar Crossing,MA,72736,United States,Web,2025-12-28T14:41:37Z,0,0014WYoiYbOMlUgQDX,
003riqTghihOvVdAW3,Gerald,Johnston,Gerald J. Johnston,Product Manager,Sales,gerald.johnston.93-4608@example.invalid,+1-307-555-0133,8126 Victoria Way,Willow Harbor,CA,21445,United States,Organic Search,2023-07-10T15:13:10Z,0,0019laP52dnqWh3AF4,
003ObY6T5K3DWQxAUR,David,Malone,David B. Malone,Engineering Manager,Customer Success,david.malone.11-0468@example.invalid,+1-771-555-0121,175 Laura Locks,Willow Harbor,OR,64005,United States,Partner Referral,2022-05-06T05:43:16Z,0,001Ivgehi2RhpxmIXK,
003mEMCIgVZjU1eIQ1,Miranda,Mays,Miranda D. Mays,Finance Manager,Engineering,miranda.mays.84-0330@example.invalid,+1-607-555-0112,1541 Beck Run,Lake Briar,TX,51445,United States,Event,2023-01-09T10:46:40Z,0,001I4vmxErKOgEQQME,
003ilgtGMtANeRHA6L,Elizabeth,Hammond,Elizabeth I. Hammond,Operations Lead,Operations,elizabeth.hammond.91-861@example.invalid,+1-371-555-0177,1361 Dakota Land,Lake Briar,MA,48539,United States,Event,2026-04-19T15:30:03Z,0,,
003qZ2BFiYFEDWNAQ2,Sarah,Henderson,Sarah D. Henderson,Engineering Manager,Procurement,sarah.henderson.26-503@example.invalid,+1-602-555-0163,41389 Maxwell Spurs,Willow Harbor,MA,65339,United States,Customer Referral,2021-05-14T03:46:38Z,0,0014cziPpL6YtrlIIC,
003xbP0dhxqV4EcAVD,Sarah,Estrada,Sarah D. Estrada,Engineering Manager,Operations,sarah.estrada.96-560@example.invalid,+1-607-555-0114,658 Kathryn Trail,Lake Briar,CA,53728,United States,Event,2024-07-13T21:38:30Z,0,,
003m5pW1jukUWzjARJ,James,Hodges,James A. Hodges,Operations Lead,Operations,james.hodges.83-1378@example.invalid,+1-411-555-0192,9146 Brian Corners,Willow Harbor,CA,35292,United States,Partner Referral,2024-08-17T05:07:23Z,0,001FzQ1Vu9hM4AsIVS,
003mjuXxIT09fGrAAO,Christina,Williams,Christina C. Williams,Account Director,Marketing,christina.williams.08-4686@example.invalid,+1-773-555-0106,507 Michael Glens,Alder Bay,MA,80280,United States,Web,2023-04-25T10:11:14Z,0,001Y7WfxpecwwzUQ8R,
003SODNSvtrPK0MASP,Jennifer,Gonzales,Jennifer G. Gonzales,Finance Manager,Marketing,jennifer.gonzales.70-7178@example.invalid,+1-205-555-0176,518 Harry Unions,Lake Briar,OR,56162,United States,Event,2024-05-28T05:50:13Z,0,001pTLwbTFSx0AVIHA,
003xtccubI9QZ4nICT,Sandra,Ramirez,Sandra S. Ramirez,Operations Lead,Operations,sandra.ramirez.15-0254@example.invalid,+1-413-555-0133,0385 Stephanie Alley,Cedar Crossing,WA,43508,United States,Event,2022-10-13T11:01:59Z,0,001181P9BD1hpxgATH,003iysWwHPTFrOxA25
003gRqBMJvTLJeEYHS,Shelly,Alvarez,Shelly M. Alvarez,Engineering Manager,Customer Success,shelly.alvarez.98-8756@example.invalid,+1-901-555-0127,1990 Bates Curve,Lake Briar,MA,43542,United States,Event,2026-04-10T04:22:08Z,0,0016aFsydu36rL2Y22,
0034JXiziG8PDZeI0L,Zachary,Holt,Zachary J. Holt,Operations Lead,Engineering,zachary.holt.47-1486@example.invalid,+1-605-555-0140,4112 Mckenzie Square,Lake Briar,WA,91675,United States,Event,2023-10-14T02:05:03Z,0,001LPp2Ao8dIjdqYLB,
003Pb89KV8XsE6tAP2,Erin,Butler,Erin M. Butler,Customer Success Manager,Finance,erin.butler.45-431@example.invalid,+1-205-555-0176,23651 Lowery Club,Northhaven,WA,18020,United States,Customer Referral,2021-10-13T13:21:52Z,0,001Wabd306Y5T2XYBQ,
003LuzbfCV9oTQJYKS,Anthony,Hamilton,Anthony E. Hamilton,Business Analyst,Finance,anthony.hamilton.27-9779@example.invalid,+1-412-555-0184,347 Andrade Neck,Summit Glen,WA,38192,United States,Event,2021-01-25T18:11:17Z,0,001GJ2vwlaXONX0IFT,
0039kLvgxKq4hD9IUA,Samantha,Campbell,Samantha M. Campbell,Customer Success Manager,Engineering,samantha.campbell.94-7691@example.invalid,+1-915-555-0140,0785 Terri Courts,Cedar Crossing,CO,66237,United States,Web,2024-06-19T22:46:40Z,0,001GIi2sHi8hI1AQ7T,
003TohofzJbMpSnADD,Paul,Clark,Paul M. Clark,Customer Success Manager,Engineering,paul.clark.745-8099@example.invalid,+1-611-555-0186,8427 Christopher Fort,Northhaven,NC,23559,United States,Web,2022-06-21T00:28:31Z,0,,
003QkS7uNbXyaF3IH9,Alejandro,Lee,Alejandro A. Lee,Finance Manager,Engineering,alejandro.lee.020-1666@example.invalid,+1-473-555-0186,26752 Walker Radial,Cedar Crossing,TX,20737,United States,Organic Search,2023-06-05T15:24:31Z,0,001oPLQgL6DtzXuQJ9,
003SDpJKWpDC3n9Y54,Jeffrey,Buchanan,Jeffrey C. Buchanan,Solutions Architect,Marketing,jeffrey.buchanan.408-8255@example.invalid,+1-677-555-0132,55215 Smith Fords,Summit Glen,OR,59136,United States,Organic Search,2023-02-28T18:39:26Z,0,0013e2Rh2QW4yB5YBM,
003dl4F05Fdtn0bIN6,Robert,Sanders,Robert S. Sanders,Business Analyst,Sales,robert.sanders.414-6565@example.invalid,+1-902-555-0156,15262 Amy Course,Lake Briar,NC,88080,United States,Web,2025-12-02T17:33:35Z,0,001zKmRfZNU4LdqIBJ,
003pEPvom8yD6H1AJ3,Dean,Ross,Dean R. Ross,Account Director,Marketing,dean.ross.950-9155@example.invalid,+1-603-555-0146,720 Smith Corners,Summit Glen,NC,77959,United States,Outbound,2021-01-27T23:40:26Z,0,001OyqT9LtQtE0fYGU,00378FREBNFG2GrIA7
003AWiA5w6U96FlA3S,Stephen,Cannon,Stephen A. Cannon,Finance Manager,Procurement,stephen.cannon.394-0379@example.invalid,+1-701-555-0175,49021 Elizabeth Valley,Cedar Crossing,NC,33014,United States,Web,2022-12-03T18:38:53Z,1,001zBr7D0amNm8PY72,
003JiQDqPoDL4GoQTM,Dustin,Ward,Dustin J. Ward,Product Manager,Sales,dustin.ward.864-4604@example.invalid,+1-371-555-0119,2233 Brad Common,Alder Bay,NC,12000,United States,Event,2023-06-22T03:02:31Z,0,001Pv3IESUoMrhiAAG,
003HTQjXe9xMfTvYXH,Nancy,Hester,Nancy M. Hester,Product Manager,Operations,nancy.hester.893-8743@example.invalid,+1-771-555-0104,48564 Pena Ports,Northhaven,CO,31734,United States,Event,2024-02-07T21:08:10Z,0,001MEVADdakhCHVYR3,
0039R8Ib9TvdDA2IM7,Courtney,Mcintosh,Courtney D. Mcintosh,Solutions Architect,Engineering,courtney.mcintosh.549-614@example.invalid,+1-901-555-0193,137 Robin Lodge,Cedar Crossing,OR,12448,United States,Event,2024-08-02T05:11:32Z,0,001Cf0Zp88DAw7JQGL,
003qzCARVCTCEq1A2B,Mary,Barnes,Mary D. Barnes,Solutions Architect,Marketing,mary.barnes.358-7334@example.invalid,+1-607-555-0151,8610 Nathan Ranch,Cedar Crossing,WA,66984,United States,Outbound,2022-10-17T19:39:58Z,0,001yGC8xttQVvNRYNT,
003v3sWYUN3H1DbQ01,Monica,Rodriguez,Monica C. Rodriguez,Business Analyst,Finance,monica.rodriguez.160-5143@example.invalid,+1-372-555-0197,034 Marquez Station,Alder Bay,OR,57286,United States,Event,2024-12-27T07:08:05Z,0,001N2mO6ogfdaXBYDK,
0031SWb0wrPigO0ACL,Candace,Glenn,Candace L. Glenn,Customer Success Manager,Marketing,candace.glenn.310-9650@example.invalid,+1-405-555-0137,309 Guerrero Springs,Lake Briar,OR,50008,United States,Organic Search,2024-10-29T03:11:25Z,0,001PygtS3FHgKj8Q8G,
003jBHsfoVSp2QNAET,James,Franklin,James S. Franklin,Engineering Manager,Procurement,james.franklin.699-6147@example.invalid,+1-207-555-0193,1353 Fisher Isle,Cedar Crossing,TX,67186,United States,Event,2021-11-07T12:41:37Z,0,001ZX951OeRh6EHIOJ,
003Lf45AXPYWuMBI4W,Christian,Rogers,Christian A. Rogers,Business Analyst,Customer Success,christian.rogers.537-017@example.invalid,+1-701-555-0129,50074 Kathleen Extension,Cedar Crossing,CA,40893,United States,Web,2021-07-16T23:10:24Z,0,001tvKQbYklnB9tY2P,
003nurDHlWLAK27Q1Q,Brenda,Nielsen,Brenda N. Nielsen,Finance Manager,Finance,brenda.nielsen.325-3594@example.invalid,+1-275-555-0135,35421 Gordon Inlet,Willow Harbor,CA,62551,United States,Customer Referral,2021-05-11T00:34:57Z,0,001b1XyoVMftFmnY3Z,
003oDJykvTwdFELQMJ,Michael,Lynn,Michael J. Lynn,Solutions Architect,Procurement,michael.lynn.279-4098@example.invalid,+1-311-555-0161,489 Brittney Causeway,Summit Glen,TX,45575,United States,Outbound,2026-01-08T22:48:17Z,0,001kNqWPjavmloHAZ4,
003hmoqunCKif9HAEB,Melissa,Fleming,Melissa S. Fleming,Product Manager,Engineering,melissa.fleming.580-8838@example.invalid,+1-417-555-0134,73934 Michael Lodge,Summit Glen,CO,47440,United States,Web,2024-01-26T02:12:55Z,0,001zBr7D0amNm8PY72,
003LXhEispdgZafYFZ,Jeff,Johnson,Jeff S. Johnson,Engineering Manager,Finance,jeff.johnson.450-641@example.invalid,+1-973-555-0122,12045 Simmons Crescent,Summit Glen,OR,99580,United States,Event,2022-06-26T20:41:33Z,0,001PFA4WC7yjw84AX1,
003lXhGE5w4ApFpI4I,Joseph,Cox,Joseph E. Cox,Engineering Manager,Sales,joseph.cox.311-3858@example.invalid,+1-675-555-0107,212 Tina Vista,Northhaven,NC,80772,United States,Customer Referral,2025-05-01T16:15:25Z,0,001XuarHFEI17I9AWA,
0031xCMEyljPzCpIXV,Jessica,Mahoney,Jessica S. Mahoney,Finance Manager,Marketing,jessica.mahoney.691-9776@example.invalid,+1-205-555-0104,916 Timothy Shore,Alder Bay,TX,99460,United States,Event,2026-06-19T13:02:58Z,0,001n8Q7o6w0wrFoIIH,
003v1uWh8LtptelY46,Phillip,Martinez,Phillip L. Martinez,Engineering Manager,Procurement,phillip.martinez.044-6990@example.invalid,+1-215-555-0136,1775 Tina Summit,Northhaven,NC,26249,United States,Organic Search,2026-02-12T21:31:51Z,1,0016aFsydu36rL2Y22,
003THfCH0BCByVVQEX,Tammy,Schmidt,Tammy B. Schmidt,Business Analyst,Customer Success,tammy.schmidt.592-1190@example.invalid,+1-201-555-0147,05548 Park Cape,Summit Glen,CA,49762,United States,Organic Search,2025-07-27T11:54:09Z,0,001rLqfAY4OfLS1QF8,
0039pUtDj0qneGfACK,Brianna,Powers,Brianna S. Powers,Product Manager,Engineering,brianna.powers.096-5569@example.invalid,+1-915-555-0140,270 Angela Meadows,Lake Briar,CA,71943,United States,Partner Referral,2023-11-27T07:46:51Z,0,001oPLQgL6DtzXuQJ9,003ElZHDbgHbq2pARJ
0032TBXld6wZYzKAE6,Danny,English,Danny P. English,Product Manager,Finance,danny.english.645-9942@example.invalid,+1-472-555-0145,333 Parks Spring,Summit Glen,TX,58699,United States,Event,2023-01-06T06:35:09Z,0,001F0HyTq0ZVe9LIP9,
003rzl8QJiye2xyYHC,Jennifer,Dawson,Jennifer J. Dawson,Customer Success Manager,Procurement,jennifer.dawson.019-779@example.invalid,+1-317-555-0146,44204 Karen Bypass,Willow Harbor,MA,97029,United States,Customer Referral,2022-06-30T10:38:31Z,0,001ygA3FAG75gTTAXO,
003agNpSoIOsn4tQ6F,Rachel,Moore,Rachel J. Moore,Account Director,Procurement,rachel.moore.822-4551@example.invalid,+1-302-555-0190,933 Cole Springs,Northhaven,NC,84043,United States,Outbound,2024-10-13T20:31:38Z,1,001qn0PeVSegyj1AFD,
0030HLDqXoEEk2MIIW,Joseph,Dixon,Joseph S. Dixon,Customer Success Manager,Engineering,joseph.dixon.193-8367@example.invalid,+1-972-555-0173,81826 Davis Forges,Northhaven,WA,25062,United States,Customer Referral,2025-05-04T14:43:23Z,0,001qP46mGWsPnuOQ5R,
0037a7gULvkdSXjYNJ,Caitlin,Moss,Caitlin A. Moss,Solutions Architect,Marketing,caitlin.moss.908-5727@example.invalid,+1-703-555-0193,3581 Gary Trail,Willow Harbor,WA,65884,United States,Outbound,2023-04-09T16:34:23Z,0,001jIiXAhBEHXIPYQP,
003yq5gxHBGLn2EYLY,Brian,Williams,Brian D. Williams,Operations Lead,Engineering,brian.williams.033-4369@example.invalid,+1-615-555-0137,6650 Nunez Place,Summit Glen,WA,33151,United States,Organic Search,2024-01-04T17:18:42Z,1,0018MjZShtig55PAG6,
003vqUCLkTBvx0gI6V,Kevin,Thompson,Kevin J. Thompson,Finance Manager,Customer Success,kevin.thompson.960-7520@example.invalid,+1-201-555-0142,424 Bernard Branch,Lake Briar,OR,22425,United States,Web,2023-01-17T14:55:13Z,0,001HN4NjiBD6CXII3H,
003EXtBzfFLxFbpQ92,Angelica,Griffith,Angelica D. Griffith,Finance Manager,Customer Success,angelica.griffith.442-9525@example.invalid,+1-211-555-0129,41397 Howard Skyway,Alder Bay,OR,93981,United States,Customer Referral,2022-03-07T21:03:28Z,0,001tvKQbYklnB9tY2P,
003ORoNeSmxFDrPIIU,Connie,Williams,Connie M. Williams,Product Manager,Marketing,connie.williams.897-9855@example.invalid,+1-605-555-0156,4781 Debbie Common,Northhaven,CA,27987,United States,Outbound,2021-11-15T12:41:19Z,0,001B2d6s5HXqPpaQYB,
003gGTRmmL5eT6AQJR,Miguel,Stout,Miguel M. Stout,Operations Lead,Sales,miguel.stout.212-3742@example.invalid,+1-603-555-0120,94278 Randy Parkway,Alder Bay,WA,17545,United States,Organic Search,2025-08-09T11:51:03Z,0,001jsWcaI2ueqNkQ4J,
003tX2zwAt1G4xqQVK,Patrick,Boyd,Patrick C. Boyd,Product Manager,Sales,patrick.boyd.902-5942@example.invalid,+1-413-555-0117,0051 Davenport Greens,Northhaven,WA,56162,United States,Event,2023-04-30T04:54:26Z,0,001HPdcdRz4xhIHI7A,003F4dQMJB4LJ9AYF5
0037WNG7p57RSWoIFK,Maria,Lopez,Maria J. Lopez,Operations Lead,Procurement,maria.lopez.117-8672@example.invalid,+1-913-555-0134,59136 Cortez Orchard,Alder Bay,WA,28881,United States,Partner Referral,2024-12-26T00:08:42Z,0,,
003qq9md20qph9KQHA,Tony,Brown,Tony Z. Brown,Product Manager,Customer Success,tony.brown.387-2256@example.invalid,+1-371-555-0109,7236 Laura View,Summit Glen,CO,67426,United States,Event,2023-04-22T13:33:51Z,1,001yWq2JW5BZvvMQ0L,
003jGUbFYXqxnmyQ4F,Thomas,Smith,Thomas K. Smith,Solutions Architect,Marketing,thomas.smith.210-9819@example.invalid,+1-403-555-0107,811 Hopkins Rapids,Lake Briar,TX,42952,United States,Customer Referral,2026-05-17T22:52:42Z,0,001G40EGKjt7p96I7T,
003NoFKJ7oGwsLIA00,Kristin,Haley,Kristin D. Haley,Product Manager,Operations,kristin.haley.473-3132@example.invalid,+1-677-555-0159,098 April Lane,Alder Bay,NC,91020,United States,Organic Search,2025-11-25T01:22:55Z,0,001FUJDI7PYzDeCQBR,
003HaUhLuMHP0cLIAQ,Jeffery,Spencer,Jeffery T. Spencer,Engineering Manager,Sales,jeffery.spencer.273-7381@example.invalid,+1-973-555-0163,562 Julie Mission,Willow Harbor,OR,94981,United States,Customer Referral,2023-07-12T04:47:28Z,0,001ZX951OeRh6EHIOJ,
003B2rnKtJWVxnSYYD,Aaron,Gray,Aaron S. Gray,Finance Manager,Sales,aaron.gray.335-2996@example.invalid,+1-915-555-0119,77038 Lee Tunnel,Summit Glen,CO,77727,United States,Partner Referral,2024-01-20T23:40:26Z,0,001Ra45bI6XkX2bYRW,
003YTJCIn3uIH7vYYH,Susan,Turner,Susan B. Turner,Customer Success Manager,Operations,susan.turner.119-9580@example.invalid,+1-673-555-0186,76904 Richard Coves,Willow Harbor,TX,58704,United States,Web,2022-09-23T01:23:02Z,0,001zBr7D0amNm8PY72,
0038oFGKzJI7cNZIA6,Jamie,Vega,Jamie J. Vega,Business Analyst,Operations,jamie.vega.316-7134@example.invalid,+1-203-555-0147,43416 Jones Fall,Lake Briar,OR,29992,United States,Customer Referral,2022-12-13T02:42:04Z,0,001fNeki8j02ByQA5V,
003nGjJ6FIdbpauQRK,James,Baker,James T. Baker,Customer Success Manager,Customer Success,james.baker.475-9520@example.invalid,+1-407-555-0109,075 Vasquez Ports,Summit Glen,MA,75408,United States,Partner Referral,2023-11-15T05:10:09Z,0,001KKAmmyUimvp7AGR,
003cZrU6mBIImDmYUH,Kim,Young,Kim M. Young,Engineering Manager,Procurement,kim.young.494-8443@example.invalid,+1-412-555-0115,2843 Ruiz Ridge,Alder Bay,TX,56869,United States,Web,2022-04-05T14:23:10Z,0,001pUY9CVMaLCa4YQV,
003C6A2ICEcjkLfY4J,Elaine,Romero,Elaine B. Romero,Finance Manager,Marketing,elaine.romero.883-4510@example.invalid,+1-377-555-0107,270 Robert Dale,Cedar Crossing,CA,45307,United States,Organic Search,2026-01-25T01:13:15Z,0,001ZBID6zyXHdcLAAH,
003g1K9UetSUv00QXT,Tracey,Ware,Tracey J. Ware,Business Analyst,Sales,tracey.ware.265-0512@example.invalid,+1-205-555-0124,399 Tiffany Haven,Summit Glen,CA,74549,United States,Event,2023-12-11T10:03:40Z,1,,
003sgR2q9AxKS7HYS0,Jennifer,Robertson,Jennifer C. Robertson,Solutions Architect,Marketing,jennifer.robertson.862-1773@example.invalid,+1-603-555-0120,9876 Ivan Brooks,Lake Briar,OR,24388,United States,Organic Search,2023-04-14T23:59:01Z,0,001rpVRMvKUYUnZQWY,
003fSAmXpnSPtlRAEY,Mallory,Holland,Mallory K. Holland,Operations Lead,Procurement,mallory.holland.186-3579@example.invalid,+1-215-555-0108,4334 Sims Curve,Alder Bay,NC,48676,United States,Web,2023-12-19T07:59:59Z,0,001jsWcaI2ueqNkQ4J,
003x2qh3J4SQZafI4R,Michael,Russell,Michael A. Russell,Account Director,Operations,michael.russell.213-2467@example.invalid,+1-701-555-0164,4564 Kevin Alley,Willow Harbor,OR,64153,United States,Web,2021-02-27T04:32:58Z,0,0014BI0PTpGJAb4ICJ,
00314EqFS46qtYqQRH,Melissa,Thompson,Melissa V. Thompson,Product Manager,Finance,melissa.thompson.941-4467@example.invalid,+1-672-555-0139,63894 Wong Place,Northhaven,TX,34805,United States,Web,2021-06-09T14:13:30Z,0,001PuTTthcGKMiPQUX,
003P5wkEseSX8HFQQB,Thomas,Wong,Thomas J. Wong,Solutions Architect,Customer Success,thomas.wong.447-4437@example.invalid,+1-411-555-0186,12073 Fisher Turnpike,Northhaven,CO,53790,United States,Customer Referral,2023-12-29T17:27:31Z,0,001OyqT9LtQtE0fYGU,
003ZbsFp7oXia3iA34,Tina,Hardy,Tina T. Hardy,Solutions Architect,Sales,tina.hardy.877-9511@example.invalid,+1-403-555-0167,83764 Moore Stream,Lake Briar,WA,72070,United States,Web,2025-12-28T09:17:38Z,0,0018YzqdxvbgCoaYQU,
003n7DRKKJS9PqNQWE,Courtney,Harrison,Courtney J. Harrison,Operations Lead,Engineering,courtney.harrison.015-0754@example.invalid,+1-277-555-0112,792 Townsend Gateway,Cedar Crossing,TX,10503,United States,Partner Referral,2024-03-16T07:00:19Z,1,001ZIcBit9DhXpUAPA,
0038hWHctMZRS7QQEQ,Lorraine,Ford,Lorraine B. Ford,Solutions Architect,Marketing,lorraine.ford.244-0794@example.invalid,+1-211-555-0133,739 Amy Islands,Northhaven,CO,39638,United States,Partner Referral,2021-01-02T07:50:12Z,0,0016z7B3rnZB3aZYDJ,
003jKLgBBZgnjjrAVG,Thomas,Monroe,Thomas D. Monroe,Operations Lead,Customer Success,thomas.monroe.692-1746@example.invalid,+1-771-555-0184,6511 Bradley Curve,Willow Harbor,WA,15796,United States,Event,2022-10-09T17:27:35Z,0,001n8Q7o6w0wrFoIIH,
003K0CeYV3NA7yYQQN,Frances,Hayes,Frances E. Hayes,Solutions Architect,Marketing,frances.hayes.541-2194@example.invalid,+1-912-555-0117,650 Rice Street,Summit Glen,TX,57714,United States,Outbound,2021-08-29T22:37:41Z,0,001FvdsL8UlrHiPQB9,
003hqbH6MOp2WJZYXE,Carlos,Bray,Carlos M. Bray,Product Manager,Marketing,carlos.bray.387-9336@example.invalid,+1-977-555-0174,975 Pierce Islands,Summit Glen,OR,80733,United States,Event,2025-02-21T07:06:08Z,0,001vuI7W5NKUSqVAGG,
003eYKBdQULHzTsAGR,Shari,Li,Shari S. Li,Solutions Architect,Customer Success,shari.li.003-700@example.invalid,+1-603-555-0105,35048 Clinton Mount,Lake Briar,OR,49404,United States,Organic Search,2021-12-06T02:52:49Z,0,0018fHG08zFMfdsQ4N,
003iACK7CJakxp7YNX,Shari,Johnson,Shari J. Johnson,Finance Manager,Sales,shari.johnson.990-343@example.invalid,+1-607-555-0114,5661 Julie Vista,Willow Harbor,CA,31430,United States,Web,2024-01-02T19:22:27Z,0,001YbEX62vgcJCrQQH,
003eg96PxMSDqO5Y7O,Donna,Nichols,Donna D. Nichols,Operations Lead,Sales,donna.nichols.265-8125@example.invalid,+1-703-555-0137,1790 Baker Locks,Summit Glen,NC,93627,United States,Customer Referral,2023-05-29T14:34:54Z,0,001Jvw3QmMMOMA2IAG,
003nYsUJslzxbZDYVL,Gary,Young,Gary J. Young,Account Director,Procurement,gary.young.622-7536@example.invalid,+1-373-555-0124,55904 Vanessa Ridges,Cedar Crossing,CA,53935,United States,Web,2021-01-15T03:07:26Z,0,001Pv3IESUoMrhiAAG,
003AzIpHy1IQg5TITG,Joseph,Robinson,Joseph A. Robinson,Finance Manager,Sales,joseph.robinson.678-7156@example.invalid,+1-472-555-0187,38848 Dean Divide,Alder Bay,WA,42556,United States,Web,2022-08-22T04:05:46Z,0,001Ql5gfswhLAUiIZH,
0034U3thFskqOX8IGI,Christian,Sanchez,Christian N. Sanchez,Engineering Manager,Procurement,christian.sanchez.020-0793@example.invalid,+1-612-555-0123,8003 Cook Lock,Northhaven,CO,79791,United States,Outbound,2026-01-07T00:19:08Z,0,001kBV5ho7M1GOwA4E,
003KbhyQIJhcY5vI43,Felicia,Smith,Felicia G. Smith,Solutions Architect,Sales,felicia.smith.949-1274@example.invalid,+1-675-555-0107,64957 Jamie Dam,Summit Glen,CO,52843,United States,Partner Referral,2022-02-26T20:26:27Z,1,001JTximtecXZZ0IK7,
00300F7hDG51WfwQJX,Lisa,Key,Lisa S. Key,Account Director,Finance,lisa.key.859-7487@example.invalid,+1-207-555-0118,22099 Obrien Ridge,Lake Briar,MA,22286,United States,Web,2023-06-07T17:08:38Z,0,001ax6fYCGAkn42YO7,003i6XJ36Xc1DSjQ8W
003gzghdsTCV1cEANV,Nicholas,Watts,Nicholas A. Watts,Customer Success Manager,Marketing,nicholas.watts.902-3819@example.invalid,+1-371-555-0152,9757 Ronald Trail,Northhaven,WA,74639,United States,Partner Referral,2024-05-29T15:42:49Z,0,001o5vm8lqkBKW6I3B,
003gGNEby1fXhnOYTU,Tamara,Carey,Tamara S. Carey,Product Manager,Operations,tamara.carey.209-5958@example.invalid,+1-913-555-0103,082 Gallegos Mission,Northhaven,OR,27493,United States,Organic Search,2023-07-31T00:19:05Z,0,001ZX951OeRh6EHIOJ,003qzCARVCTCEq1A2B
003ymOdH07y8GqYQ0O,Kaitlyn,Mccarthy,Kaitlyn S. Mccarthy,Business Analyst,Procurement,kaitlyn.mccarthy.999-9569@example.invalid,+1-615-555-0137,926 Williams Extension,Cedar Crossing,CO,59112,United States,Organic Search,2021-07-23T04:35:21Z,0,001DvFcs2OCjLNHAFJ,
003bwABqXXNG7IWYIN,Denise,Wilson,Denise A. Wilson,Product Manager,Marketing,denise.wilson.812-5752@example.invalid,+1-712-555-0145,97339 Chavez Mills,Northhaven,CO,77125,United States,Customer Referral,2023-07-06T21:52:18Z,0,0014BI0PTpGJAb4ICJ,
003VxcdBObSgXOoYQB,John,Goodwin,John J. Goodwin,Engineering Manager,Operations,john.goodwin.380-5472@example.invalid,+1-307-555-0175,998 Tammy Summit,Lake Briar,WA,20032,United States,Web,2024-10-05T21:56:01Z,1,001MEVADdakhCHVYR3,
003XKM0H8L5psugA5G,Elizabeth,Fritz,Elizabeth A. Fritz,Operations Lead,Procurement,elizabeth.fritz.692-9987@example.invalid,+1-412-555-0134,469 Green Ports,Willow Harbor,CA,32012,United States,Outbound,2022-05-27T23:56:16Z,0,001mr80ElRqK1bZQVC,
003X7ywDdm75GXwAJZ,Michael,Garcia,Michael C. Garcia,Engineering Manager,Marketing,michael.garcia.453-839@example.invalid,+1-403-555-0181,303 King Cliff,Northhaven,CA,72723,United States,Organic Search,2021-03-04T16:31:58Z,0,001sAtRqmoa84s0IBV,
003IfAq7AIh0R7AI4U,Christine,Vaughn,Christine E. Vaughn,Account Director,Finance,christine.vaughn.550-8929@example.invalid,+1-671-555-0149,39551 Juan Burgs,Northhaven,WA,94283,United States,Web,2021-01-05T09:05:44Z,0,001HPdcdRz4xhIHI7A,
003dQtqeHPhJp2RQ4R,Darrell,Henderson,Darrell B. Henderson,Business Analyst,Finance,darrell.henderson.024-8423@example.invalid,+1-207-555-0193,17807 James Orchard,Willow Harbor,MA,45160,United States,Event,2021-05-23T13:59:46Z,0,0018YzqdxvbgCoaYQU,
0031Q3Evc7Xc9rbQI3,Crystal,Porter,Crystal C. Porter,Account Director,Finance,crystal.porter.976-0453@example.invalid,+1-917-555-0104,3533 Hill Island,Willow Harbor,TX,11480,United States,Partner Referral,2025-02-10T11:00:09Z,0,001ZBID6zyXHdcLAAH,003QcMefpBN7uCgA7D
003krPy3q8E0C1VAYI,Brian,Rodriguez,Brian D. Rodriguez,Business Analyst,Customer Success,brian.rodriguez.397-7113@example.invalid,+1-273-555-0170,016 Christopher Lock,Northhaven,OR,51951,United States,Customer Referral,2022-04-29T22:19:49Z,0,001FUJDI7PYzDeCQBR,
003TeKUaLxb9fsDI3M,Julie,Whitney,Julie J. Whitney,Product Manager,Sales,julie.whitney.533-4825@example.invalid,+1-907-555-0116,557 Johnson Mountains,Alder Bay,CA,76888,United States,Web,2021-07-13T20:58:37Z,0,001zC4hdWCH77CfYVC,
0034Q5SoLVHvbAqYI4,Joyce,Roth,Joyce M. Roth,Account Director,Engineering,joyce.roth.625-1252@example.invalid,+1-707-555-0194,96695 Gilbert Skyway,Lake Briar,NC,62221,United States,Organic Search,2021-04-03T07:43:44Z,0,,
00351FmNWfOHXptIUX,Travis,Walker,Travis C. Walker,Solutions Architect,Sales,travis.walker.851-213@example.invalid,+1-615-555-0137,022 Schmidt Loaf,Northhaven,CA,50319,United States,Event,2025-10-08T01:51:01Z,0,001EM3ljRRvtOqaQZO,
003y9exNLox3vl9I7U,Marie,Baxter,Marie J. Baxter,Finance Manager,Customer Success,marie.baxter.075-2861@example.invalid,+1-773-555-0150,1403 Park Lock,Willow Harbor,WA,66590,United States,Outbound,2022-10-02T06:03:11Z,0,001OXfC2jDKfDmwYPX,
003t2VnqoObcnsPY8S,Samantha,Kirk,Samantha E. Kirk,Finance Manager,Operations,samantha.kirk.713-9935@example.invalid,+1-771-555-0157,969 Shawn Manors,Alder Bay,NC,10149,United States,Partner Referral,2022-06-17T20:27:32Z,0,001GIi2sHi8hI1AQ7T,
003wLmgCk11X7nFIIH,Suzanne,Anderson,Suzanne T. Anderson,Account Director,Procurement,suzanne.anderson.250-1123@example.invalid,+1-675-555-0184,847 Alexandra Ridge,Summit Glen,CA,24474,United States,Organic Search,2023-01-15T15:35:44Z,0,0019ojrY0cvCQ2UQ6L,
0038gJHvjeY2Oe1A8W,Mary,Pierce,Mary A. Pierce,Product Manager,Marketing,mary.pierce.479-1273@example.invalid,+1-203-555-0126,049 Justin Corner,Alder Bay,MA,26231,United States,Organic Search,2024-05-28T19:43:37Z,0,001kIZzocnhLCvOQBW,
003bdtenrfz7uTcAWS,Tony,Wilkins,Tony B. Wilkins,Finance Manager,Operations,tony.wilkins.561-6661@example.invalid,+1-417-555-0150,92766 Donna Stream,Summit Glen,OR,81051,United States,Customer Referral,2024-06-05T01:20:22Z,0,0014BI0PTpGJAb4ICJ,
003bvE2J9FksLFEAKU,Kevin,Newman,Kevin S. Newman,Finance Manager,Finance,kevin.newman.597-535@example.invalid,+1-603-555-0198,018 Blanchard Meadows,Northhaven,CO,23264,United States,Customer Referral,2026-02-18T11:38:22Z,0,001aJFstC9yWgafQNG,
00349km3eFH1vq7AZK,William,Perez,William A. Perez,Product Manager,Marketing,william.perez.339-1478@example.invalid,+1-405-555-0133,3009 Brian Ranch,Willow Harbor,OR,44830,United States,Customer Referral,2023-07-07T06:40:56Z,0,001OphrQTgtGmAPIMC,
003yknTCKQ7DUgUYC8,Natalie,Schultz,Natalie W. Schultz,Product Manager,Customer Success,natalie.schultz.627-9938@example.invalid,+1-603-555-0106,4271 Krause Flats,Willow Harbor,MA,70091,United States,Partner Referral,2023-12-03T12:15:52Z,0,001Pv3IESUoMrhiAAG,
0037hhldh7dgr24A9I,Elizabeth,Warren,Elizabeth R. Warren,Operations Lead,Sales,elizabeth.warren.323-0724@example.invalid,+1-372-555-0151,2569 Zachary Trail,Lake Briar,NC,37901,United States,Partner Referral,2021-02-27T11:43:20Z,0,001j6nRokzRlCs1Y07,
003ZGqrnGM2bGAFY4D,Adam,Meyer,Adam W. Meyer,Finance Manager,Customer Success,adam.meyer.769-9466@example.invalid,+1-607-555-0121,4328 Tammy Shore,Cedar Crossing,CA,22320,United States,Event,2023-12-20T22:25:24Z,0,001Ivgehi2RhpxmIXK,
003vCvr6VLm8j3dQ1O,Brenda,Welch,Brenda K. Welch,Engineering Manager,Finance,brenda.welch.998-9044@example.invalid,+1-377-555-0158,05050 Wilson Valley,Willow Harbor,NC,52430,United States,Partner Referral,2021-04-06T17:38:47Z,0,001CAfL4eM9INwqAJY,
003Ib2geHHsVuzAQPF,Adam,Green,Adam E. Green,Product Manager,Marketing,adam.green.856-2081@example.invalid,+1-773-555-0115,17993 Linda Meadow,Alder Bay,MA,47447,United States,Web,2023-08-11T17:37:40Z,0,001N2mO6ogfdaXBYDK,
003brEV4p2S3vBCA3J,Tammie,Johnson,Tammie M. Johnson,Solutions Architect,Finance,tammie.johnson.970-0275@example.invalid,+1-377-555-0107,21962 Nichole Common,Cedar Crossing,TX,74607,United States,Web,2025-08-25T21:30:10Z,0,001XuarHFEI17I9AWA,003IlcpXjWSwBK2QZW
0039itNubm3uQOqYHJ,Michelle,Little,Michelle N. Little,Customer Success Manager,Finance,michelle.little.822-3375@example.invalid,+1-472-555-0155,83318 Christine Wall,Lake Briar,MA,19397,United States,Outbound,2022-01-24T01:12:48Z,0,0017zKMESrLRf4iY3C,
0037aesTgeKVdiSYBL,Alex,Gonzalez,Alex J. Gonzalez,Business Analyst,Marketing,alex.gonzalez.737-3358@example.invalid,+1-311-555-0128,220 Robertson Cliffs,Summit Glen,OR,31273,United States,Outbound,2024-03-29T13:22:59Z,0,001kIZzocnhLCvOQBW,003bn4lVQmSeD2CAHI
003fJVkLHH5nEXLAJL,Mary,Harris,Mary J. Harris,Account Director,Operations,mary.harris.355-7989@example.invalid,+1-417-555-0108,3543 Martinez Square,Northhaven,WA,94242,United States,Organic Search,2025-01-01T17:34:37Z,1,001zBr7D0amNm8PY72,
003e2xJz9AqKeBpQH9,Steven,Brooks,Steven R. Brooks,Engineering Manager,Procurement,steven.brooks.028-1515@example.invalid,+1-211-555-0119,3356 Patricia Ramp,Summit Glen,WA,96185,United States,Partner Referral,2023-08-11T09:40:13Z,0,001WHkVb04B78wfY3Q,
003vmqy5fND6SOaI5V,Kristopher,Mercer,Kristopher M. Mercer,Account Director,Sales,kristopher.mercer.880-347@example.invalid,+1-701-555-0113,107 Martin Mount,Willow Harbor,TX,69250,United States,Partner Referral,2023-09-02T22:34:51Z,1,001CWFhyR8QJd16AFG,
003o1twgPhDKJpDA65,Veronica,Montoya,Veronica M. Montoya,Business Analyst,Customer Success,veronica.montoya.957-9833@example.invalid,+1-705-555-0162,7905 Thompson Points,Alder Bay,WA,75710,United States,Partner Referral,2025-12-21T06:20:14Z,0,001BH0vNAlwEWFXALI,
0033iQfx5q3nOeFIHK,Mary,Cummings,Mary M. Cummings,Operations Lead,Operations,mary.cummings.672-6018@example.invalid,+1-405-555-0147,847 Marsh Square,Cedar Crossing,CO,42201,United States,Organic Search,2022-12-01T04:03:02Z,0,0017rl4CBbT95B0YG7,
003FnRw4OpFruhcA9O,Thomas,Kirby,Thomas D. Kirby,Engineering Manager,Customer Success,thomas.kirby.325-5073@example.invalid,+1-613-555-0129,0431 Monica Fort,Willow Harbor,CO,62433,United States,Event,2023-03-09T06:05:20Z,0,001GJ2vwlaXONX0IFT,003JT1QIxPg3Up0QZ6
003nPbAyKFB9ieCAE2,Melvin,Hatfield,Melvin M. Hatfield,Engineering Manager,Engineering,melvin.hatfield.811-6993@example.invalid,+1-973-555-0142,22310 Andrews Mill,Cedar Crossing,NC,24268,United States,Outbound,2025-02-19T23:13:14Z,0,001PuTTthcGKMiPQUX,
003A6QRPAj6fxpNQST,Brian,Schultz,Brian S. Schultz,Customer Success Manager,Operations,brian.schultz.712-4171@example.invalid,+1-611-555-0127,854 Kemp Throughway,Northhaven,MA,38587,United States,Event,2021-01-16T09:28:15Z,0,0016VNR5Nv4nAZ1IGT,
003RFA3C5PZtjYrIEF,Keith,King,Keith J. King,Product Manager,Operations,keith.king.885-1007@example.invalid,+1-201-555-0110,3018 Rhodes Corners,Summit Glen,WA,98938,United States,Outbound,2021-07-26T17:32:11Z,0,0013e2Rh2QW4yB5YBM,
003ynZAmhuHgXe5ALX,Samantha,Phillips,Samantha D. Phillips,Solutions Architect,Marketing,samantha.phillips.361-7136@example.invalid,+1-715-555-0106,662 Douglas Hollow,Willow Harbor,NC,22122,United States,Web,2023-11-18T03:06:36Z,0,0011JBrPJ5YTub6QBD,
0037msR43PqnhnzA2O,Michael,Phillips,Michael W. Phillips,Product Manager,Engineering,michael.phillips.192-3338@example.invalid,+1-412-555-0100,9478 Walker Turnpike,Willow Harbor,NC,78206,United States,Outbound,2021-03-12T05:07:58Z,0,001Ivgehi2RhpxmIXK,
003sa1sCOZNTWwDQEN,Joshua,Potter,Joshua C. Potter,Engineering Manager,Procurement,joshua.potter.006-7748@example.invalid,+1-372-555-0197,1589 Megan Estates,Willow Harbor,CA,90307,United States,Customer Referral,2026-01-17T06:05:15Z,0,001YrVA37VnfW7fIO3,
003n8HZt4NM6tD7IME,Peggy,Harper,Peggy D. Harper,Business Analyst,Engineering,peggy.harper.523-6615@example.invalid,+1-712-555-0145,518 Morrow Bridge,Lake Briar,CA,92813,United States,Organic Search,2022-10-21T07:47:49Z,0,001Z9FmqrbfBXeVI9A,
003BezGw71lXosXA9D,Autumn,Hawkins,Autumn A. Hawkins,Solutions Architect,Operations,autumn.hawkins.446-5603@example.invalid,+1-703-555-0137,79852 Johnson Via,Cedar Crossing,MA,22334,United States,Outbound,2022-11-16T02:42:39Z,0,001NlUpPvRS2wnzIYM,
003MDLNBmHL5yk4AHY,Cassie,Juarez,Cassie M. Juarez,Engineering Manager,Operations,cassie.juarez.371-3392@example.invalid,+1-201-555-0142,0140 Kimberly Rapids,Lake Briar,NC,33168,United States,Outbound,2025-01-23T13:30:25Z,0,001OphrQTgtGmAPIMC,003L5BUYiA6zPEpQB9
003lndG2IlBB4YnQI7,Jason,Cox,Jason A. Cox,Product Manager,Finance,jason.cox.707-1661@example.invalid,+1-473-555-0117,759 Scott Coves,Lake Briar,OR,20802,United States,Outbound,2025-03-27T16:18:30Z,0,001iIp10CH2rdjrQCH,
0035aGnJu9oBcVHILJ,Emily,Morrow,Emily T. Morrow,Business Analyst,Operations,emily.morrow.152-003@example.invalid,+1-475-555-0129,4631 Crosby Land,Lake Briar,WA,91848,United States,Partner Referral,2021-08-17T08:19:46Z,0,001iIp10CH2rdjrQCH,
003S8Hae4OtXDf0AMQ,Kimberly,Reeves,Kimberly B. Reeves,Business Analyst,Sales,kimberly.reeves.405-1532@example.invalid,+1-671-555-0198,7499 Avila Unions,Willow Harbor,CA,42627,United States,Organic Search,2022-04-22T13:54:49Z,0,001xCcjaWJxjfQtAJX,
003IDLAnjAhQBBjAVX,Amanda,Young,Amanda K. Young,Product Manager,Procurement,amanda.young.964-379@example.invalid,+1-615-555-0142,18773 Bates Overpass,Summit Glen,MA,31964,United States,Outbound,2021-11-11T16:54:23Z,0,001CobSEZTi3dLCAGD,003YTJCIn3uIH7vYYH
003WQXTOvKqXc2IQNR,James,Bell,James S. Bell,Account Director,Finance,james.bell.438-4257@example.invalid,+1-773-555-0165,788 Alvarez Walk,Willow Harbor,OR,11874,United States,Customer Referral,2026-02-09T06:59:58Z,0,0014BI0PTpGJAb4ICJ,
003Fv1MxeAi9aF5QZB,Andrew,Rodriguez,Andrew S. Rodriguez,Engineering Manager,Marketing,andrew.rodriguez.631-980@example.invalid,+1-313-555-0115,6503 Jimmy Inlet,Summit Glen,TX,87054,United States,Web,2022-05-16T23:58:43Z,0,001X5lK5MbsgblUIV7,
003Mq3yB1QMrWPSAUJ,Caroline,Hill,Caroline D. Hill,Operations Lead,Sales,caroline.hill.108-4867@example.invalid,+1-613-555-0187,357 Jackson Hills,Summit Glen,CO,77567,United States,Outbound,2025-09-11T09:02:28Z,0,001PUaO8FLbQ5tuY7R,
003FcpyE4mMX4QrYXE,Kevin,Mendez,Kevin T. Mendez,Engineering Manager,Finance,kevin.mendez.105-9314@example.invalid,+1-371-555-0119,48468 Gonzalez Locks,Lake Briar,CA,53526,United States,Event,2021-07-13T00:09:52Z,0,001CXiPlYrfwSgoQU2,
003h2HSFyhUtjZzA14,Thomas,Ramos,Thomas J. Ramos,Solutions Architect,Customer Success,thomas.ramos.669-3345@example.invalid,+1-313-555-0198,6651 Meghan Grove,Summit Glen,MA,46097,United States,Outbound,2025-05-29T11:54:33Z,0,001GIi2sHi8hI1AQ7T,
003DBpHSvQJQYzUQTK,Albert,Galvan,Albert L. Galvan,Operations Lead,Customer Success,albert.galvan.030-3383@example.invalid,+1-373-555-0124,70015 Camacho Lodge,Summit Glen,NC,57411,United States,Partner Referral,2022-08-08T00:27:56Z,1,001tvKQbYklnB9tY2P,
003zATlhm9CTfgLILK,Greg,Carlson,Greg B. Carlson,Customer Success Manager,Finance,greg.carlson.707-9398@example.invalid,+1-277-555-0178,47649 Tracy Landing,Alder Bay,MA,99024,United States,Customer Referral,2022-11-28T19:32:59Z,0,001x4qMeufUWlfdINO,
003r0I2bhEeFqk2QO8,Andrew,Harris,Andrew A. Harris,Product Manager,Customer Success,andrew.harris.188-6696@example.invalid,+1-205-555-0184,4134 Michele Estates,Willow Harbor,WA,82297,United States,Event,2022-04-26T01:02:30Z,0,001E8sva5lyIcGMIKX,
0031qlSTy5MPurRQ8O,Mark,Ortiz,Mark A. Ortiz,Business Analyst,Sales,mark.ortiz.775-031@example.invalid,+1-317-555-0185,272 Richard Road,Alder Bay,WA,33046,United States,Web,2022-07-09T04:10:22Z,0,0011JBrPJ5YTub6QBD,
003eZ2Th2GHWes2Q9R,Kimberly,Simpson,Kimberly B. Simpson,Product Manager,Operations,kimberly.simpson.706-8479@example.invalid,+1-715-555-0100,89317 Jose Walk,Northhaven,WA,14983,United States,Customer Referral,2025-11-30T10:54:51Z,0,001eh32w6Jnrn5JQ8S,
003GgaT6UTYdKeTIX1,Kimberly,Fletcher,Kimberly M. Fletcher,Account Director,Procurement,kimberly.fletcher.889-5431@example.invalid,+1-212-555-0141,3626 Anthony Greens,Summit Glen,CO,54759,United States,Outbound,2026-04-16T04:35:30Z,0,001IqN1uANorRv0AGO,
0031mbrTwc96BskYOY,Timothy,Jennings,Timothy T. Jennings,Account Director,Engineering,timothy.jennings.039-1531@example.invalid,+1-475-555-0183,900 Wagner Light,Cedar Crossing,MA,30402,United States,Web,2025-06-02T18:00:10Z,0,001IQen5JJcxOzsYOT,
003VTvmrlQmQQa0AKQ,Alan,Drake,Alan J. Drake,Operations Lead,Marketing,alan.drake.138-2564@example.invalid,+1-975-555-0182,5644 Black Mews,Cedar Crossing,WA,93640,United States,Customer Referral,2026-01-29T23:11:38Z,0,001FdhXK9A63y9AILQ,
0031Zvig8Nwe5gjY3U,Jacqueline,Anderson,Jacqueline W. Anderson,Account Director,Marketing,jacqueline.anderson.486-2185@example.invalid,+1-607-555-0166,15134 Mary Summit,Lake Briar,MA,38070,United States,Event,2023-01-31T01:28:18Z,0,001PygtS3FHgKj8Q8G,
003gEccA5slZCWYYJF,Brittney,Brown,Brittney C. Brown,Finance Manager,Procurement,brittney.brown.859-3432@example.invalid,+1-907-555-0175,9050 Nguyen Street,Cedar Crossing,NC,14106,United States,Web,2021-09-13T08:42:27Z,0,001PygtS3FHgKj8Q8G,
003nq2wdHMWRCBZI0X,Lisa,Warren,Lisa D. Warren,Operations Lead,Sales,lisa.warren.303-6904@example.invalid,+1-203-555-0133,4925 Marilyn Passage,Cedar Crossing,NC,49612,United States,Web,2022-04-02T16:21:17Z,0,001vuI7W5NKUSqVAGG,
003oViBvg6VZagCIGZ,Shirley,Rogers,Shirley A. Rogers,Account Director,Procurement,shirley.rogers.128-0973@example.invalid,+1-207-555-0193,4224 Alexandra Hill,Summit Glen,OR,14665,United States,Outbound,2025-05-04T15:48:20Z,0,001PUaO8FLbQ5tuY7R,
003bLWkwRTWbbXTA77,Jacqueline,Franklin,Jacqueline J. Franklin,Engineering Manager,Procurement,jacqueline.franklin.709-9579@example.invalid,+1-301-555-0148,7945 Jason Common,Willow Harbor,MA,72788,United States,Event,2021-08-30T09:23:55Z,0,001CAWJWrCJUDD2Q42,
003RXAjrIEuybuWI16,Kayla,Lewis,Kayla J. Lewis,Operations Lead,Operations,kayla.lewis.979-7923@example.invalid,+1-605-555-0140,03723 Wilkinson Walks,Alder Bay,TX,75632,United States,Web,2025-12-30T19:48:45Z,0,001j6nRokzRlCs1Y07,
0030A3IfpDdki9oAV6,Thomas,Mcdaniel,Thomas H. Mcdaniel,Product Manager,Operations,thomas.mcdaniel.048-247@example.invalid,+1-372-555-0179,998 Johnson Locks,Alder Bay,TX,30748,United States,Organic Search,2023-07-13T11:37:30Z,0,0012tOpQ4NIa7RbIUI,
003fHZG7YoVT0IdAH1,Kyle,Schmitt,Kyle L. Schmitt,Engineering Manager,Sales,kyle.schmitt.225-9396@example.invalid,+1-207-555-0193,83959 Anderson Hill,Lake Briar,CO,58213,United States,Outbound,2022-02-17T00:17:01Z,0,001Zk4o7YhsJVX1ID0,
003Sf5gZC0qTX4rIWP,Ashley,Ray,Ashley A. Ray,Engineering Manager,Engineering,ashley.ray.728-6535@example.invalid,+1-675-555-0184,54522 Lindsay Junction,Northhaven,OR,11603,United States,Event,2023-01-15T05:37:49Z,0,001oPLQgL6DtzXuQJ9,003bn4lVQmSeD2CAHI
003YbEwYRlGysxSIX7,Roberto,Guzman,Roberto A. Guzman,Business Analyst,Procurement,roberto.guzman.694-1081@example.invalid,+1-417-555-0108,35247 Oconnor Courts,Lake Briar,NC,10492,United States,Partner Referral,2022-12-17T13:51:41Z,0,001zBr7D0amNm8PY72,
003BpLOEBjhtrpuQWV,Bruce,Jones,Bruce C. Jones,Customer Success Manager,Procurement,bruce.jones.415-4768@example.invalid,+1-207-555-0118,6678 Acevedo Mills,Willow Harbor,TX,25144,United States,Web,2025-04-17T07:29:36Z,1,001DbG9gnZEl0ZPAAY,
003MuGPnDYbVNeZY97,Rebekah,Shaw,Rebekah B. Shaw,Product Manager,Finance,rebekah.shaw.436-3091@example.invalid,+1-417-555-0134,5048 Isabella Mission,Lake Briar,MA,44418,United States,Event,2021-01-21T10:25:36Z,0,001lUr971GtA6wXYCT,
003DmIhesMxMxM7IHY,Gerald,Moore,Gerald J. Moore,Product Manager,Marketing,gerald.moore.363-012@example.invalid,+1-407-555-0108,200 Allen Trail,Summit Glen,CA,91124,United States,Customer Referral,2021-07-01T09:09:01Z,1,001JpXNK6wAFLxqA39,
003v31Fe0m1GrkQAHW,Laurie,Simon,Laurie D. Simon,Engineering Manager,Marketing,laurie.simon.319-2831@example.invalid,+1-903-555-0139,926 Daniel Path,Lake Briar,NC,81270,United States,Outbound,2021-01-25T14:23:49Z,0,001Ql5gfswhLAUiIZH,
003MdXRgh3EJdXzIBA,Rick,Ferguson,Rick T. Ferguson,Customer Success Manager,Finance,rick.ferguson.521-2517@example.invalid,+1-472-555-0184,762 William Oval,Alder Bay,CA,48318,United States,Organic Search,2024-08-28T14:52:20Z,1,001PUaO8FLbQ5tuY7R,
003PaYsXugG26EiIWS,Matthew,Costa,Matthew K. Costa,Solutions Architect,Operations,matthew.costa.061-9686@example.invalid,+1-277-555-0121,4470 Douglas Radial,Willow Harbor,CO,90347,United States,Web,2022-10-02T06:09:41Z,0,001WiF4egJw4fFCI62,
003bOAPrmV9QHMqQJP,Denise,Rogers,Denise K. Rogers,Account Director,Marketing,denise.rogers.875-746@example.invalid,+1-272-555-0194,725 Lauren Shores,Willow Harbor,OR,54660,United States,Customer Referral,2023-03-08T09:58:42Z,0,001JX719udcxa4uA9H,003N7npX1LNheCRIK8
0033DSnrIL2u0KKA6S,Crystal,Nixon,Crystal D. Nixon,Solutions Architect,Sales,crystal.nixon.020-5721@example.invalid,+1-701-555-0150,18204 John Squares,Lake Briar,MA,24986,United States,Outbound,2021-01-07T21:17:47Z,0,001LDvrdIgxRUc4IID,0032H8gQHROz6gcQPL
003YDOcx3APUUSMI69,Audrey,Miller,Audrey R. Miller,Product Manager,Finance,audrey.miller.416-9660@example.invalid,+1-211-555-0119,209 White Station,Summit Glen,TX,58084,United States,Customer Referral,2025-02-05T00:18:42Z,0,001Pv3IESUoMrhiAAG,
003vzIhgcdGo6WyA8L,Jessica,Abbott,Jessica J. Abbott,Customer Success Manager,Operations,jessica.abbott.735-0188@example.invalid,+1-311-555-0128,70630 Spencer Radial,Northhaven,WA,29519,United States,Outbound,2025-12-13T15:17:52Z,0,001ZtdM0LykySWPIE4,
003Jy7SUOIQb9xzAPH,Ryan,Williams,Ryan J. Williams,Finance Manager,Finance,ryan.williams.022-6837@example.invalid,+1-702-555-0173,4946 Kirby Forest,Willow Harbor,CO,78051,United States,Web,2026-04-11T18:49:28Z,0,001ZIcBit9DhXpUAPA,
003JLuZitQGrdm0A3X,Alan,Martin,Alan E. Martin,Product Manager,Engineering,alan.martin.874-665@example.invalid,+1-711-555-0183,502 Chelsea Avenue,Northhaven,CA,59969,United States,Partner Referral,2023-04-12T11:59:20Z,0,001I5KBo2Mtskg9I6K,003L2XFTdblnovFIX1
003i6abiKGACMyCQ8A,Kevin,Rhodes,Kevin K. Rhodes,Engineering Manager,Customer Success,kevin.rhodes.966-6970@example.invalid,+1-205-555-0120,045 Christopher Ridges,Northhaven,OR,32688,United States,Organic Search,2021-10-01T19:27:24Z,0,001GikJVQQYFMgSI6M,003aSD3zjCWrWLuIV0
0030qCKFbVvqMmGQEI,Michael,Acevedo,Michael P. Acevedo,Solutions Architect,Finance,michael.acevedo.630-7152@example.invalid,+1-411-555-0145,49384 Melanie Brooks,Alder Bay,OR,88928,United States,Organic Search,2021-03-06T02:32:50Z,0,001kIZzocnhLCvOQBW,
003bm0o8sVuV4gZAAH,Leslie,Gardner,Leslie K. Gardner,Operations Lead,Engineering,leslie.gardner.196-1829@example.invalid,+1-417-555-0134,90361 James Isle,Alder Bay,OR,96183,United States,Customer Referral,2025-09-10T15:26:02Z,0,001eRJ4GILnQbQxQA2,
003qtdY5hxm0m4uAVE,Tina,Douglas,Tina W. Douglas,Business Analyst,Engineering,tina.douglas.483-3621@example.invalid,+1-902-555-0194,110 Nicholas Vista,Willow Harbor,OR,39039,United States,Organic Search,2023-12-16T00:09:07Z,0,001LDvrdIgxRUc4IID,003SImDSLssLILLIW0
0030bBuhufDcozbAA3,Jonathan,Thompson,Jonathan K. Thompson,Finance Manager,Marketing,jonathan.thompson.709-3287@example.invalid,+1-417-555-0135,078 Matthews Coves,Willow Harbor,CO,56312,United States,Customer Referral,2026-02-22T06:28:12Z,1,001Pv3IESUoMrhiAAG,
003pyMgXeUVg57PAM9,Elizabeth,Wilson,Elizabeth C. Wilson,Product Manager,Procurement,elizabeth.wilson.277-0069@example.invalid,+1-707-555-0116,227 Morrison Highway,Cedar Crossing,MA,42264,United States,Customer Referral,2024-10-27T20:13:20Z,0,001XuarHFEI17I9AWA,
003EJ4ahhuV0HGbIS4,Taylor,Phillips,Taylor S. Phillips,Finance Manager,Procurement,taylor.phillips.077-2826@example.invalid,+1-977-555-0119,70730 Heather Mountain,Cedar Crossing,TX,73931,United States,Partner Referral,2023-10-16T00:14:56Z,0,001g2MhymLdN59YQJG,
003ZyeA5eXuyMXKAUE,Daisy,Pacheco,Daisy N. Pacheco,Engineering Manager,Procurement,daisy.pacheco.341-1003@example.invalid,+1-471-555-0150,34234 Matthew Plaza,Summit Glen,MA,17509,United States,Outbound,2022-07-18T07:36:54Z,0,001oPLQgL6DtzXuQJ9,
003SCzJSSK6msjoI1S,Amy,Foley,Amy V. Foley,Account Director,Marketing,amy.foley.485-3267@example.invalid,+1-313-555-0159,5596 Samantha Track,Alder Bay,MA,53510,United States,Outbound,2024-02-23T03:15:25Z,0,001jIiXAhBEHXIPYQP,
003lsixWAOgTccTAGO,Raymond,Anderson,Raymond B. Anderson,Operations Lead,Marketing,raymond.anderson.400-3866@example.invalid,+1-777-555-0119,55877 Adams Locks,Willow Harbor,MA,70503,United States,Customer Referral,2023-11-16T07:42:37Z,0,001pUY9CVMaLCa4YQV,
003bcY4sN0Fe2UaAF8,Carla,Garrett,Carla E. Garrett,Account Director,Customer Success,carla.garrett.727-6398@example.invalid,+1-371-555-0171,6776 Richardson Parks,Alder Bay,TX,58586,United States,Organic Search,2025-07-20T07:35:02Z,0,001XOGQaJwZLxA8YV5,
003oE5sOWiwzhZzYG3,Ryan,Graham,Ryan T. Graham,Engineering Manager,Marketing,ryan.graham.588-6461@example.invalid,+1-411-555-0198,439 Yesenia Terrace,Summit Glen,TX,34099,United States,Partner Referral,2026-06-27T10:59:46Z,0,001hgdJHI7bDrNzIKJ,
003j49YzoPrHKs4QJ6,Anna,Butler,Anna A. Butler,Customer Success Manager,Finance,anna.butler.306-8994@example.invalid,+1-407-555-0108,637 Farrell Burgs,Cedar Crossing,CA,41008,United States,Organic Search,2022-02-04T22:45:48Z,1,001OR7GRtb417SOIE9,003YImgl0PWXqu3A6A
003iMhFEz9vvPp9AEG,John,Carter,John K. Carter,Customer Success Manager,Finance,john.carter.021-0739@example.invalid,+1-207-555-0118,1863 Rodriguez Port,Northhaven,CO,30687,United States,Event,2026-06-17T02:01:22Z,0,001ZV3zN3f85rlSYDN,
003NSNqWcJh2Q74I73,Andrew,Vazquez,Andrew S. Vazquez,Finance Manager,Engineering,andrew.vazquez.799-5049@example.invalid,+1-215-555-0169,28671 Friedman Way,Northhaven,CA,29205,United States,Web,2026-06-06T15:52:55Z,0,001mfVgWjeDJGGOY8D,
003YdFPC0xpo260IVZ,Tracy,Cabrera,Tracy K. Cabrera,Engineering Manager,Marketing,tracy.cabrera.428-6072@example.invalid,+1-313-555-0198,014 Reed Ville,Cedar Crossing,MA,88549,United States,Web,2025-11-03T23:48:40Z,0,0019ojrY0cvCQ2UQ6L,
003HJh6qZnCQjKgI20,Meghan,Henderson,Meghan S. Henderson,Customer Success Manager,Finance,meghan.henderson.172-6483@example.invalid,+1-317-555-0169,18567 Johnny Parkways,Alder Bay,TX,47330,United States,Outbound,2022-11-17T12:10:37Z,0,001CAfL4eM9INwqAJY,
003eOp0jJiRxzWgQND,Susan,Mcgee,Susan S. Mcgee,Account Director,Finance,susan.mcgee.799-9786@example.invalid,+1-375-555-0178,86210 Hernandez Knolls,Summit Glen,CO,56578,United States,Customer Referral,2025-12-27T01:45:02Z,0,001BH0vNAlwEWFXALI,
003WOAiVxN3PyWHA36,Jennifer,Hanson,Jennifer A. Hanson,Product Manager,Finance,jennifer.hanson.130-4492@example.invalid,+1-901-555-0141,13122 Robert Coves,Lake Briar,CA,94345,United States,Web,2026-03-27T00:31:00Z,0,0012iTFLPNf13nhYPM,
003xFiI7qMgIrtWQNK,Eileen,Miller,Eileen T. Miller,Product Manager,Procurement,eileen.miller.888-6751@example.invalid,+1-275-555-0104,0136 Saunders Parks,Summit Glen,WA,65689,United States,Web,2024-04-15T11:04:47Z,0,001DB4qra8rmNKiQ0K,
003j6lagqBOKu57YGY,Ashley,Baker,Ashley M. Baker,Account Director,Marketing,ashley.baker.112-9445@example.invalid,+1-777-555-0130,389 Jesse Ridges,Willow Harbor,NC,47898,United States,Web,2021-02-10T22:57:34Z,0,001smmPkB9oOSZnIQW,
003fgQdBHsToCSOINB,Sharon,Allen,Sharon K. Allen,Product Manager,Marketing,sharon.allen.599-5069@example.invalid,+1-417-555-0134,0355 Jamie Center,Willow Harbor,TX,67021,United States,Outbound,2023-06-22T13:59:16Z,0,001qP46mGWsPnuOQ5R,
003dJc5crNAzt7eYU5,Casey,Owen,Casey A. Owen,Customer Success Manager,Marketing,casey.owen.924-1235@example.invalid,+1-377-555-0158,7423 Roger Rest,Northhaven,NC,72705,United States,Customer Referral,2023-08-13T09:26:08Z,0,001Ekc6ysmrBHJMQF2,
003UTDUKVwA0KgvYYT,Erica,Obrien,Erica B. Obrien,Product Manager,Finance,erica.obrien.553-1471@example.invalid,+1-612-555-0176,7468 Jones Dale,Lake Briar,WA,51771,United States,Customer Referral,2025-04-27T18:55:49Z,0,001lpuGrFmSTBnuY0M,
0038bWsvs4EPsg1QFO,Patricia,Galloway,Patricia B. Galloway,Customer Success Manager,Operations,patricia.galloway.299-891@example.invalid,+1-377-555-0119,5066 John Bypass,Cedar Crossing,NC,61109,United States,Customer Referral,2021-04-09T05:56:50Z,0,001gQSNxeXgntf7YR3,
003rfb3cO7MmMYsI30,Sarah,Obrien,Sarah M. Obrien,Customer Success Manager,Marketing,sarah.obrien.560-145@example.invalid,+1-705-555-0100,4488 Willis Street,Cedar Crossing,CA,79078,United States,Organic Search,2022-05-13T22:56:06Z,0,001gQSNxeXgntf7YR3,
003f7viIaJ7mXTpYZ3,Thomas,Lynch,Thomas S. Lynch,Solutions Architect,Operations,thomas.lynch.584-8444@example.invalid,+1-973-555-0182,23728 Shannon Via,Northhaven,WA,38727,United States,Event,2025-10-26T08:34:00Z,0,001E8sva5lyIcGMIKX,
003K076t9EMOdrZIMF,Jeremy,Fox,Jeremy J. Fox,Solutions Architect,Operations,jeremy.fox.769-6964@example.invalid,+1-701-555-0113,00409 Collin Pike,Alder Bay,CO,20052,United States,Web,2021-01-09T20:26:06Z,0,001qwQ0uBTzXeScQCK,
003AxQSvDYVQI7RYJW,Michael,Bradley,Michael A. Bradley,Solutions Architect,Finance,michael.bradley.551-6398@example.invalid,+1-917-555-0175,57978 Keller Alley,Alder Bay,MA,55850,United States,Customer Referral,2022-10-19T01:23:18Z,0,001MfuiALipgsrAIEL,
003uN9wYtLPDV8CIDC,Christina,Waller,Christina J. Waller,Engineering Manager,Procurement,christina.waller.292-6631@example.invalid,+1-905-555-0166,48727 Timothy Plains,Lake Briar,OR,22774,United States,Outbound,2023-12-02T17:38:16Z,0,001ILvT4IDtyUZiY3D,
003EnB6opAJYaJfYMM,Jennifer,Johnson,Jennifer M. Johnson,Account Director,Procurement,jennifer.johnson.891-0187@example.invalid,+1-677-555-0159,686 Jeffrey Crescent,Alder Bay,TX,46881,United States,Customer Referral,2025-03-11T18:07:55Z,0,00152hx60eiLsO2QGQ,
0039xpQOmpynXbwAUX,Linda,Yang,Linda B. Yang,Finance Manager,Finance,linda.yang.226-3543@example.invalid,+1-701-555-0175,752 Hood Parks,Willow Harbor,CO,49730,United States,Event,2023-09-27T05:33:52Z,0,001lpuGrFmSTBnuY0M,003K0CeYV3NA7yYQQN
0034Mbf7P57GEUjYUK,David,Stout,David E. Stout,Customer Success Manager,Sales,david.stout.894-7234@example.invalid,+1-607-555-0112,27642 Amy Junction,Northhaven,TX,14418,United States,Web,2023-11-17T17:56:03Z,0,001ll0htSxmTlUFAHW,
003z0yFpL28dVEwAVS,Christine,Garcia,Christine A. Garcia,Product Manager,Marketing,christine.garcia.446-9750@example.invalid,+1-771-555-0157,33305 Erika Walks,Cedar Crossing,CA,77172,United States,Outbound,2026-06-01T09:47:49Z,0,001xWEEO3zOAo9KY3S,
003ZfzudGNIIQ3mYTT,Kim,Lee,Kim W. Lee,Operations Lead,Operations,kim.lee.827-2674@example.invalid,+1-211-555-0191,176 Chen Mills,Northhaven,OR,54933,United States,Event,2024-05-13T11:00:54Z,0,001Dr3VLTdygyPzIUT,
003koWoclygPITyIKQ,Noah,Todd,Noah M. Todd,Customer Success Manager,Procurement,noah.todd.672-6235@example.invalid,+1-372-555-0164,260 Hawkins Plain,Alder Bay,MA,35533,United States,Event,2022-02-25T09:10:51Z,0,001OXfC2jDKfDmwYPX,
003aHFhAFUFcM41YBE,Marie,Spencer,Marie S. Spencer,Customer Success Manager,Customer Success,marie.spencer.515-0814@example.invalid,+1-377-555-0158,11845 Rodney Shoals,Cedar Crossing,OR,65024,United States,Customer Referral,2021-05-30T02:18:36Z,0,001yU1qilS2HtnNQUW,
003o8Gbo8PQrVB9AF6,Michele,Malone,Michele M. Malone,Business Analyst,Customer Success,michele.malone.055-0510@example.invalid,+1-405-555-0197,2961 Green Run,Lake Briar,NC,90751,United States,Partner Referral,2023-12-29T17:23:50Z,0,001qP46mGWsPnuOQ5R,
003zvs8l0C9dJyOIX3,Briana,Cummings,Briana J. Cummings,Product Manager,Marketing,briana.cummings.389-5919@example.invalid,+1-205-555-0176,81861 Bowman Lake,Northhaven,CO,97570,United States,Customer Referral,2021-08-10T19:04:46Z,0,001ev39cBq0xejNIY0,
003yV84dOsc9TXNYUL,Christina,Allen,Christina H. Allen,Product Manager,Finance,christina.allen.983-5676@example.invalid,+1-711-555-0182,25625 Woods Crossroad,Willow Harbor,WA,12933,United States,Outbound,2021-09-18T15:08:05Z,1,001raw2VDD9p9udA5N,
003o3FXqVQP06VSINQ,Christina,Wilson,Christina M. Wilson,Product Manager,Engineering,christina.wilson.781-7101@example.invalid,+1-905-555-0176,46511 Jessica Course,Alder Bay,CO,88258,United States,Organic Search,2023-07-16T09:09:51Z,0,001rfSg90dRC6Q8Q6D,
00338Zpfu6vT22ZQ3O,Marcus,Osborn,Marcus A. Osborn,Engineering Manager,Customer Success,marcus.osborn.308-0045@example.invalid,+1-977-555-0117,890 Oconnell Spring,Willow Harbor,OR,97975,United States,Partner Referral,2022-07-08T01:52:36Z,0,001pUY9CVMaLCa4YQV,
0038MGXa74agJHTAYC,Laura,Brady,Laura D. Brady,Operations Lead,Operations,laura.brady.105-6638@example.invalid,+1-375-555-0178,705 Christina Isle,Lake Briar,TX,58198,United States,Organic Search,2021-01-24T03:18:55Z,0,001oiBORV4MFMZ7ID8,
003yrbLeuuGhniRI6Y,Ian,Peters,Ian M. Peters,Engineering Manager,Procurement,ian.peters.571-4694@example.invalid,+1-771-555-0110,1772 Michael Mews,Summit Glen,CO,43645,United States,Event,2025-06-03T11:30:55Z,0,001E8sva5lyIcGMIKX,0031Q3Evc7Xc9rbQI3
003z2MybJVMlLVKY2Q,Dennis,Chase,Dennis R. Chase,Customer Success Manager,Sales,dennis.chase.329-7494@example.invalid,+1-402-555-0124,8030 Jordan Ranch,Cedar Crossing,OR,81700,United States,Partner Referral,2023-01-11T01:13:50Z,0,001zKmRfZNU4LdqIBJ,
0037sCJ2VpZ2dhXAQ4,George,Klein,George K. Klein,Solutions Architect,Engineering,george.klein.048-868@example.invalid,+1-301-555-0108,43260 Christopher Center,Summit Glen,TX,69305,United States,Customer Referral,2023-09-03T16:50:45Z,0,001iIp10CH2rdjrQCH,
003vGOckut31KaAAX2,Brenda,Larson,Brenda T. Larson,Product Manager,Customer Success,brenda.larson.273-640@example.invalid,+1-715-555-0133,05347 Kerr Courts,Alder Bay,NC,55122,United States,Partner Referral,2025-04-24T10:52:36Z,0,,0032TBXld6wZYzKAE6
003Z9p3iLikiLHLY2Q,Jennifer,Johnson,Jennifer R. Johnson,Business Analyst,Operations,jennifer.johnson.534-9518@example.invalid,+1-412-555-0134,337 Charles Plains,Lake Briar,CA,43167,United States,Outbound,2021-11-11T20:03:50Z,0,001OPKDJQJag0BvIDS,003riqTghihOvVdAW3
003HplErVXQe6FnQI3,Natalie,Guerra,Natalie K. Guerra,Engineering Manager,Procurement,natalie.guerra.048-7135@example.invalid,+1-275-555-0111,036 Cohen Ways,Summit Glen,CA,20944,United States,Customer Referral,2026-02-23T15:24:37Z,0,001Pv3IESUoMrhiAAG,
0033kWpI3o5xgVEYRX,Veronica,Murphy,Veronica A. Murphy,Account Director,Engineering,veronica.murphy.076-5100@example.invalid,+1-313-555-0143,30834 Danielle Harbors,Summit Glen,TX,75055,United States,Outbound,2024-05-17T03:38:04Z,0,0011JBrPJ5YTub6QBD,
0038F3XT25bzrwRARW,Mark,Davis,Mark M. Davis,Solutions Architect,Finance,mark.davis.946-8512@example.invalid,+1-703-555-0136,916 Berg Roads,Northhaven,MA,65604,United States,Partner Referral,2022-10-05T09:01:27Z,0,001Ivgehi2RhpxmIXK,
003r34PQX5GrR3tYM1,Kristi,Cruz,Kristi S. Cruz,Business Analyst,Engineering,kristi.cruz.739-1079@example.invalid,+1-477-555-0186,9312 Ronald Motorway,Lake Briar,OR,88090,United States,Organic Search,2023-09-11T22:00:59Z,0,001g2MhymLdN59YQJG,
00362G093UmsakKI2O,Kathryn,Luna,Kathryn B. Luna,Business Analyst,Procurement,kathryn.luna.316-0959@example.invalid,+1-707-555-0118,724 Mendoza Gardens,Summit Glen,OR,38832,United States,Web,2022-12-19T18:04:21Z,0,001Ivgehi2RhpxmIXK,
003Jel62LGmuBhAQWI,Donna,Smith,Donna P. Smith,Product Manager,Customer Success,donna.smith.410-4960@example.invalid,+1-912-555-0116,172 Jeffrey Haven,Lake Briar,TX,27029,United States,Partner Referral,2024-07-01T08:37:42Z,0,0014WYoiYbOMlUgQDX,
003KQYscsqdESaeAKC,Tamara,Monroe,Tamara B. Monroe,Finance Manager,Engineering,tamara.monroe.850-7331@example.invalid,+1-672-555-0145,102 Luke Loaf,Northhaven,CO,86813,United States,Organic Search,2023-08-30T04:03:18Z,0,001qP46mGWsPnuOQ5R,
003jXyri6v4rvjpQPL,Michael,Reynolds,Michael J. Reynolds,Finance Manager,Operations,michael.reynolds.900-3174@example.invalid,+1-472-555-0116,61968 Jacqueline Freeway,Willow Harbor,CO,48356,United States,Web,2023-11-29T16:39:53Z,0,001Incobp7HHs7MAA7,003i6XJ36Xc1DSjQ8W
003IDgHrpz19j5jIA2,Thomas,Bell,Thomas K. Bell,Engineering Manager,Procurement,thomas.bell.069-1863@example.invalid,+1-373-555-0195,191 Monroe Ways,Willow Harbor,OR,71337,United States,Event,2026-02-22T07:35:32Z,0,0014xFF5q1fi7GwQMP,
003F1rvx1Cnjq7oQ76,Lauren,Carrillo,Lauren J. Carrillo,Product Manager,Procurement,lauren.carrillo.140-850@example.invalid,+1-707-555-0182,66784 Fletcher Manors,Alder Bay,CA,19215,United States,Customer Referral,2022-07-21T05:55:30Z,0,001WiF4egJw4fFCI62,
003nDBQCPPUVyeOA76,Carlos,Mckay,Carlos M. Mckay,Operations Lead,Procurement,carlos.mckay.523-6247@example.invalid,+1-672-555-0107,634 Dan Lake,Willow Harbor,CO,74425,United States,Organic Search,2026-01-27T02:09:13Z,0,0012Mm2CXMo3FSXAIK,
003sZMUXdL7Us8BY75,Theresa,Ruiz,Theresa M. Ruiz,Customer Success Manager,Finance,theresa.ruiz.311-4577@example.invalid,+1-973-555-0130,8356 Dickson Squares,Alder Bay,CO,25571,United States,Organic Search,2022-03-16T03:34:19Z,0,001KLzOHTO9BbVjAXJ,
003aMwKdhCyWygqQZE,Bobby,Thomas,Bobby R. Thomas,Operations Lead,Finance,bobby.thomas.030-589@example.invalid,+1-605-555-0121,4596 Pamela Trail,Northhaven,OR,63739,United States,Event,2022-07-16T15:58:47Z,0,001jIiXAhBEHXIPYQP,
003V70LfPwIXz1sII8,Rachael,Olson,Rachael K. Olson,Engineering Manager,Marketing,rachael.olson.927-2390@example.invalid,+1-613-555-0135,27474 Santos Dam,Lake Briar,WA,81435,United States,Partner Referral,2026-06-28T11:32:37Z,0,0018MjZShtig55PAG6,
003wcmib2CNW8pIYRI,Jeremy,Barry,Jeremy S. Barry,Operations Lead,Marketing,jeremy.barry.832-1160@example.invalid,+1-372-555-0167,1577 Rodriguez Falls,Cedar Crossing,OR,26918,United States,Event,2021-12-08T06:13:39Z,0,001Q3kntrifzyYWI62,
003KTlnkKDUBqWVAAT,Dustin,Lam,Dustin T. Lam,Product Manager,Finance,dustin.lam.531-2008@example.invalid,+1-613-555-0158,0567 Brian Ways,Alder Bay,CO,97747,United States,Partner Referral,2026-01-22T10:26:52Z,0,0014BI0PTpGJAb4ICJ,
003FoMGunubWUg2I6F,Desiree,Jones,Desiree V. Jones,Product Manager,Finance,desiree.jones.129-1303@example.invalid,+1-205-555-0151,65960 Christian Shores,Cedar Crossing,WA,15013,United States,Event,2024-05-20T18:46:00Z,1,001tvKQbYklnB9tY2P,
0032FektFlJgzkpQSC,Larry,Dominguez,Larry J. Dominguez,Solutions Architect,Finance,larry.dominguez.433-5308@example.invalid,+1-277-555-0121,68296 Michael Field,Northhaven,TX,43350,United States,Web,2025-04-01T20:59:28Z,0,,
003HWQXyBT2LZAIIEP,Matthew,Tucker,Matthew E. Tucker,Finance Manager,Operations,matthew.tucker.975-7462@example.invalid,+1-373-555-0124,4649 Wanda Valley,Willow Harbor,MA,47767,United States,Event,2025-08-29T20:22:13Z,0,001iIp10CH2rdjrQCH,
003ZX6Xj89YKwHlYI8,Veronica,Gonzales,Veronica C. Gonzales,Product Manager,Procurement,veronica.gonzales.782-1764@example.invalid,+1-901-555-0103,605 William Grove,Summit Glen,NC,41674,United States,Customer Referral,2024-07-14T06:41:59Z,1,001Hbp8pEhElgRqIO2,
003S8wRLfGomGFCAY7,Victoria,Fox,Victoria K. Fox,Business Analyst,Operations,victoria.fox.464-9799@example.invalid,+1-701-555-0150,626 Holmes Mews,Alder Bay,MA,10977,United States,Customer Referral,2023-01-05T11:53:32Z,0,001qdzVzEft9QHHY1E,
0039rAursrzORRxAHZ,Zachary,Weaver,Zachary J. Weaver,Solutions Architect,Finance,zachary.weaver.340-423@example.invalid,+1-777-555-0157,275 John Forges,Alder Bay,CO,58637,United States,Outbound,2021-03-26T19:51:21Z,0,001FzQ1Vu9hM4AsIVS,
003n9nNoJEKxdFMAXC,Thomas,Williams,Thomas B. Williams,Operations Lead,Finance,thomas.williams.521-9695@example.invalid,+1-477-555-0163,3617 Robert Oval,Summit Glen,CA,24338,United States,Event,2022-07-08T13:21:45Z,0,001DvaNwXLC9MqoIJ4,
003vULZsZiuwyrdQJ5,Gail,Allen,Gail B. Allen,Solutions Architect,Sales,gail.allen.566-7822@example.invalid,+1-711-555-0197,1390 April Trace,Summit Glen,OR,50536,United States,Outbound,2021-06-06T08:01:51Z,0,001K8KFXGzOosWAASK,
003fCQnNtVMBpvcI61,Kimberly,King,Kimberly S. King,Engineering Manager,Engineering,kimberly.king.255-6164@example.invalid,+1-701-555-0175,423 Hamilton Mission,Summit Glen,CA,68382,United States,Partner Referral,2023-06-14T04:29:10Z,0,001LDOa8tzZhi9lQLS,
003dPfEG6RDwEw1Y3I,Colleen,Moses,Colleen A. Moses,Business Analyst,Finance,colleen.moses.150-0529@example.invalid,+1-471-555-0150,6253 Jason Landing,Lake Briar,TX,26949,United States,Partner Referral,2026-04-22T10:35:29Z,1,001XOGQaJwZLxA8YV5,
003m51PQv9gnR31YU9,Kenneth,Thomas,Kenneth L. Thomas,Customer Success Manager,Finance,kenneth.thomas.127-8378@example.invalid,+1-701-555-0113,665 Gonzalez Causeway,Cedar Crossing,MA,91369,United States,Event,2023-03-23T15:33:47Z,0,001DvFcs2OCjLNHAFJ,
003k7MlNPkUKQTwI3K,Robert,Hernandez,Robert A. Hernandez,Account Director,Sales,robert.hernandez.305-6968@example.invalid,+1-412-555-0100,71644 Molina Locks,Willow Harbor,CA,83067,United States,Customer Referral,2026-06-03T04:33:39Z,0,001I4vmxErKOgEQQME,003SODNSvtrPK0MASP
003vlJeGey2MqXSAKZ,Victoria,Morton,Victoria R. Morton,Operations Lead,Marketing,victoria.morton.245-3816@example.invalid,+1-413-555-0111,8004 Daniel Hollow,Willow Harbor,WA,13071,United States,Outbound,2024-10-08T05:51:27Z,0,0013e2Rh2QW4yB5YBM,
003VxLK4q5IbfQiIBO,Michael,Morgan,Michael B. Morgan,Account Director,Marketing,michael.morgan.971-3780@example.invalid,+1-903-555-0128,8331 Teresa Circle,Alder Bay,MA,58801,United States,Outbound,2025-02-21T02:40:34Z,0,001Yuy98mwACfhVANS,
003dTvPAFLn5XhiYNG,Katherine,Buchanan,Katherine M. Buchanan,Finance Manager,Customer Success,katherine.buchanan.363-3811@example.invalid,+1-915-555-0178,6249 Dylan Wells,Northhaven,WA,78255,United States,Customer Referral,2025-09-18T22:48:42Z,0,001zBr7D0amNm8PY72,
003oKgva7KPF3cdQRG,Brian,Patrick,Brian J. Patrick,Account Director,Engineering,brian.patrick.933-2241@example.invalid,+1-907-555-0144,1066 Kelly Lodge,Alder Bay,MA,15100,United States,Web,2024-07-25T16:36:11Z,0,001aPvgDsUU73EoIG0,
0033QS3LikQqXBuIUW,Donna,Martinez,Donna L. Martinez,Operations Lead,Customer Success,donna.martinez.689-9854@example.invalid,+1-672-555-0133,47323 Walsh Squares,Willow Harbor,MA,33729,United States,Customer Referral,2024-03-12T03:09:58Z,1,001zBr7D0amNm8PY72,
003xOJfhbxtP2TZYJZ,Matthew,Downs,Matthew M. Downs,Product Manager,Procurement,matthew.downs.845-5493@example.invalid,+1-405-555-0154,09579 Tracy Gateway,Cedar Crossing,NC,40811,United States,Event,2021-07-27T09:16:40Z,0,001Mpzq9x2yVI5HAED,003L5BUYiA6zPEpQB9
003J6SQBqd1pRBMQ0G,Paul,Gonzalez,Paul C. Gonzalez,Customer Success Manager,Engineering,paul.gonzalez.523-9111@example.invalid,+1-377-555-0163,971 Jennings Stream,Alder Bay,CA,41975,United States,Partner Referral,2021-06-20T06:26:55Z,0,001dVg5Hd2ux7OeY11,
003tghLv7yAON2BY4Z,Jackie,Saunders,Jackie C. Saunders,Solutions Architect,Operations,jackie.saunders.277-6107@example.invalid,+1-473-555-0164,4430 Flowers Crossing,Cedar Crossing,WA,87536,United States,Partner Referral,2025-12-27T22:46:16Z,0,,
003UMEcKvJcUgurQ6P,Natasha,Zimmerman,Natasha S. Zimmerman,Solutions Architect,Operations,natasha.zimmerman.455-812@example.invalid,+1-413-555-0159,0650 John Keys,Summit Glen,NC,94314,United States,Partner Referral,2024-02-18T06:16:09Z,0,001JM45YOxOPMdeQIO,
003TjBUAQhuDTFpYUE,Robin,Wilkinson,Robin J. Wilkinson,Solutions Architect,Customer Success,robin.wilkinson.681-3738@example.invalid,+1-911-555-0179,9429 Shelton Islands,Lake Briar,OR,26749,United States,Web,2024-03-16T20:51:35Z,0,00152hx60eiLsO2QGQ,
003woNCXNVLDq9iIP3,Shawn,Bryan,Shawn A. Bryan,Business Analyst,Sales,shawn.bryan.696-7667@example.invalid,+1-405-555-0165,6670 Susan Manor,Northhaven,WA,15733,United States,Customer Referral,2021-07-25T21:51:49Z,0,001X50Bqc5cThUtYIX,
003HBVGQR6X79NxAFG,Gina,Mayer,Gina C. Mayer,Business Analyst,Customer Success,gina.mayer.528-8797@example.invalid,+1-417-555-0108,98038 Anna Park,Willow Harbor,NC,92179,United States,Outbound,2024-07-06T19:42:03Z,1,001ZV3zN3f85rlSYDN,
003mBsTTCT1n0dYAKW,Alexander,Brown,Alexander M. Brown,Business Analyst,Procurement,alexander.brown.204-717@example.invalid,+1-603-555-0105,760 Kevin Orchard,Alder Bay,TX,62802,United States,Outbound,2021-11-01T11:41:22Z,0,001JM45YOxOPMdeQIO,
003WOfZHVkwetIOQFH,Steven,King,Steven E. King,Account Director,Operations,steven.king.719-1857@example.invalid,+1-615-555-0135,5466 Steven Via,Northhaven,NC,50587,United States,Organic Search,2025-02-01T10:11:35Z,0,0011qafIoKOaGWeA3A,
003M4XLkZ8lJp7OY05,Erin,Harris,Erin B. Harris,Customer Success Manager,Finance,erin.harris.326-3326@example.invalid,+1-412-555-0117,681 Diana Knoll,Alder Bay,OR,91596,United States,Event,2025-04-11T09:39:21Z,0,001vXGsLaTZksTjQHC,
003DBYBnS0XPsYIA7H,Megan,Ford,Megan D. Ford,Product Manager,Customer Success,megan.ford.998-9656@example.invalid,+1-203-555-0175,231 Victor Springs,Cedar Crossing,CO,84571,United States,Event,2026-05-02T20:03:24Z,0,00134G8VQW0MQTYI8N,
003AbAd95wZqa6AAQ9,William,Chan,William W. Chan,Account Director,Engineering,william.chan.941-297@example.invalid,+1-212-555-0137,762 James Overpass,Alder Bay,MA,94791,United States,Outbound,2024-11-26T09:35:15Z,0,001Hbp8pEhElgRqIO2,
003i0AR5L1c0bdtIOV,Gabriel,Knox,Gabriel C. Knox,Product Manager,Finance,gabriel.knox.660-0905@example.invalid,+1-215-555-0116,97855 Laurie Mill,Northhaven,TX,92688,United States,Web,2023-10-04T07:38:07Z,0,001PUaO8FLbQ5tuY7R,
0038LGZLvsEDrffAG2,Christopher,Grant,Christopher R. Grant,Business Analyst,Sales,christopher.grant.031-4578@example.invalid,+1-211-555-0154,197 Delgado Bypass,Lake Briar,CA,17548,United States,Web,2026-04-26T04:19:37Z,0,0013e2Rh2QW4yB5YBM,
003VCiuiE6Fh61HYE7,Tamara,Price,Tamara J. Price,Operations Lead,Procurement,tamara.price.789-3686@example.invalid,+1-373-555-0124,356 Turner Vista,Northhaven,TX,58492,United States,Organic Search,2022-10-11T20:16:41Z,0,001GJ2vwlaXONX0IFT,
00310Bc9X27P5DIY78,Rachel,Rodriguez,Rachel A. Rodriguez,Solutions Architect,Customer Success,rachel.rodriguez.372-5690@example.invalid,+1-217-555-0186,33190 Robert Terrace,Northhaven,MA,39242,United States,Web,2023-01-30T01:58:44Z,0,001TBaHImIEtjplQN7,
003jPwvRLumV25vQ5Y,Darren,Gilmore,Darren T. Gilmore,Operations Lead,Procurement,darren.gilmore.799-2128@example.invalid,+1-717-555-0176,537 Pugh Tunnel,Cedar Crossing,NC,38753,United States,Customer Referral,2026-05-05T14:39:52Z,0,001MetGBUEn7phAIPH,
003EksnMRiNmAioI92,Kathryn,Smith,Kathryn S. Smith,Business Analyst,Marketing,kathryn.smith.022-6548@example.invalid,+1-377-555-0119,710 Huff Groves,Willow Harbor,TX,22760,United States,Partner Referral,2022-05-02T04:03:48Z,0,001evLCMHIsIpP4IS4,0031Q3Evc7Xc9rbQI3
003Ja3ZcU2GKYT0ASX,Ann,Taylor,Ann A. Taylor,Finance Manager,Customer Success,ann.taylor.372-9458@example.invalid,+1-913-555-0173,4930 Swanson Road,Cedar Crossing,CA,48183,United States,Organic Search,2022-07-24T01:01:54Z,0,001RUYGIDukMN3HIZS,003aSD3zjCWrWLuIV0
003NY4p4a4XHJvOQAQ,Trevor,Wu,Trevor S. Wu,Business Analyst,Sales,trevor.wu.421-128@example.invalid,+1-771-555-0104,94544 David Port,Willow Harbor,NC,58514,United States,Web,2021-01-17T05:26:05Z,1,001tvKQbYklnB9tY2P,
003IQdBwmh66yd6Y9Z,Antonio,Ferrell,Antonio E. Ferrell,Account Director,Operations,antonio.ferrell.240-4944@example.invalid,+1-403-555-0125,4723 Dylan River,Lake Briar,NC,69164,United States,Event,2022-11-26T07:00:38Z,0,001j6nRokzRlCs1Y07,
0032EAKca0kIqbpYN4,Angelica,Stephenson,Angelica P. Stephenson,Customer Success Manager,Finance,angelica.stephenson.492-2790@example.invalid,+1-611-555-0123,35956 Dawn Wells,Cedar Crossing,MA,13410,United States,Organic Search,2022-06-21T18:42:34Z,0,001Mpyhcy0YjCuyQPK,
003SWNfhuCMQYirAWK,Dominic,Diaz,Dominic J. Diaz,Business Analyst,Finance,dominic.diaz.829-2587@example.invalid,+1-271-555-0124,895 Nicholas Prairie,Willow Harbor,NC,64019,United States,Event,2022-02-16T16:59:55Z,0,001GikJVQQYFMgSI6M,
003xKpYjRI45OxiI97,Jermaine,Graham,Jermaine L. Graham,Engineering Manager,Finance,jermaine.graham.476-016@example.invalid,+1-411-555-0172,435 Lauren Lake,Lake Briar,WA,41406,United States,Partner Referral,2021-04-14T19:34:38Z,0,001SDonDyKHRDRwYPS,
0037J2EATpSjnO5IMQ,Jessica,Gregory,Jessica R. Gregory,Solutions Architect,Finance,jessica.gregory.225-9374@example.invalid,+1-375-555-0177,16682 Chen Trail,Northhaven,WA,17009,United States,Customer Referral,2021-09-23T07:32:40Z,0,001CXiPlYrfwSgoQU2,003HTQjXe9xMfTvYXH
003v5R0JIimNeViI1D,Sandra,Thomas,Sandra T. Thomas,Engineering Manager,Sales,sandra.thomas.025-5330@example.invalid,+1-277-555-0184,9991 Charles Knoll,Alder Bay,NC,74756,United States,Customer Referral,2021-01-18T11:30:38Z,0,001OphrQTgtGmAPIMC,
003Uur3UONedYwEIWY,Kevin,Miles,Kevin J. Miles,Business Analyst,Procurement,kevin.miles.022-2713@example.invalid,+1-377-555-0110,413 Snyder Causeway,Lake Briar,CO,21114,United States,Event,2022-10-19T03:41:27Z,0,001OphrQTgtGmAPIMC,
003SNyJjjgE6TBNYAD,Stephanie,Rios,Stephanie A. Rios,Business Analyst,Sales,stephanie.rios.252-116@example.invalid,+1-707-555-0182,13882 Carmen Canyon,Willow Harbor,WA,70341,United States,Organic Search,2022-03-20T19:52:20Z,0,001TZ4qzm6M8oduYTH,
003UX1oByehqzC6YKY,Nicole,Dominguez,Nicole D. Dominguez,Customer Success Manager,Customer Success,nicole.dominguez.555-710@example.invalid,+1-607-555-0134,15285 Chavez Street,Northhaven,MA,31707,United States,Customer Referral,2021-07-07T17:00:53Z,0,0015Cr2vcIsO2EGY08,
003E5uo4AoanZJdQ7G,Lauren,Thompson,Lauren L. Thompson,Customer Success Manager,Procurement,lauren.thompson.684-1569@example.invalid,+1-912-555-0117,18306 Travis Ridge,Willow Harbor,CO,28637,United States,Event,2026-02-02T10:13:43Z,0,001aRI7kJhlvTf0QY9,003eZ2Th2GHWes2Q9R
003Kfy1g8agKpoDIEI,Jonathan,Smith,Jonathan J. Smith,Engineering Manager,Marketing,jonathan.smith.747-680@example.invalid,+1-911-555-0182,46753 Wilson Mountain,Willow Harbor,CO,13895,United States,Event,2021-02-18T20:43:26Z,0,001uzPoKDHG07pVI82,
003euzwExYsJTIpY9B,Stephen,Russell,Stephen J. Russell,Engineering Manager,Finance,stephen.russell.583-5491@example.invalid,+1-675-555-0184,6640 Washington Forges,Alder Bay,TX,35520,United States,Partner Referral,2024-07-16T06:18:55Z,0,001UztNJY1B3mZVQ88,
003S8CPTh68SHogIQ8,Joseph,Davenport,Joseph L. Davenport,Solutions Architect,Procurement,joseph.davenport.517-9780@example.invalid,+1-972-555-0184,8328 Heath Forks,Northhaven,OR,39605,United States,Customer Referral,2022-11-06T15:58:40Z,0,0019ojrY0cvCQ2UQ6L,
003PHQWf7tlM4S2IWA,Kara,Miller,Kara C. Miller,Account Director,Finance,kara.miller.588-6519@example.invalid,+1-607-555-0189,166 Loretta Wells,Alder Bay,NC,99135,United States,Web,2025-10-19T07:00:14Z,0,001MfuiALipgsrAIEL,
003CYKyRRyyBLH5IV6,James,Baker,James T. Baker,Product Manager,Marketing,james.baker.486-495@example.invalid,+1-405-555-0197,976 Jordan Forges,Cedar Crossing,WA,94469,United States,Outbound,2024-07-23T09:15:18Z,0,001ZV3zN3f85rlSYDN,
0032uHaUbTrA8sxY8T,Stephanie,Perry,Stephanie D. Perry,Solutions Architect,Customer Success,stephanie.perry.953-9692@example.invalid,+1-307-555-0124,118 Jared Overpass,Alder Bay,CA,93852,United States,Customer Referral,2023-01-27T22:21:30Z,0,001X3Yql9lqICvlQUO,003dl4F05Fdtn0bIN6
003EpLPuIdH3ZkCY3G,Paul,Roberts,Paul E. Roberts,Engineering Manager,Sales,paul.roberts.630-1237@example.invalid,+1-772-555-0175,788 Samantha Manors,Alder Bay,WA,77723,United States,Web,2023-08-01T10:33:05Z,0,001gQSNxeXgntf7YR3,
003z2biclLyTGDCI9L,Timothy,Thompson,Timothy C. Thompson,Product Manager,Finance,timothy.thompson.596-7334@example.invalid,+1-701-555-0154,24839 Stone Glen,Lake Briar,TX,22792,United States,Web,2021-11-04T14:20:35Z,0,,
003dSg0GC4XZjusIU1,April,Johnson,April K. Johnson,Product Manager,Procurement,april.johnson.100-9269@example.invalid,+1-772-555-0175,792 Michael Points,Willow Harbor,TX,12335,United States,Web,2025-10-25T01:02:03Z,0,0019ojrY0cvCQ2UQ6L,
003YfmhijlAUdUoAE1,Ricky,Miller,Ricky R. Miller,Engineering Manager,Engineering,ricky.miller.719-8889@example.invalid,+1-411-555-0196,965 Levy Street,Alder Bay,OR,64439,United States,Customer Referral,2025-11-19T13:02:34Z,0,001RGWydjko0QMRY5C,
003lvWvQcg4JLhdIZT,Nicholas,Rodriguez,Nicholas S. Rodriguez,Business Analyst,Sales,nicholas.rodriguez.412-2470@example.invalid,+1-213-555-0159,754 Schmidt Rapids,Northhaven,NC,48823,United States,Web,2026-02-15T00:26:48Z,0,001MfuiALipgsrAIEL,
003pwCJpH7Tn6fKAUW,Jessica,Stevenson,Jessica S. Stevenson,Product Manager,Sales,jessica.stevenson.507-7458@example.invalid,+1-917-555-0174,65203 Ward Fields,Alder Bay,MA,23940,United States,Organic Search,2021-06-13T09:26:25Z,0,001oPLQgL6DtzXuQJ9,003e2xJz9AqKeBpQH9
003lvDZM4XkyQxVY3U,Cynthia,Dominguez,Cynthia D. Dominguez,Account Director,Engineering,cynthia.dominguez.788-981@example.invalid,+1-411-555-0196,810 Johnson Station,Summit Glen,MA,38637,United States,Outbound,2024-11-12T04:24:57Z,0,001vuI7W5NKUSqVAGG,
003GMInin0otKZgYVQ,Kristin,Hardy,Kristin R. Hardy,Finance Manager,Finance,kristin.hardy.813-6658@example.invalid,+1-201-555-0142,013 Jessica Corner,Lake Briar,MA,91138,United States,Customer Referral,2023-10-03T13:08:15Z,0,001pTLwbTFSx0AVIHA,
003LlpXLjbdvYlrQM4,Melissa,Keller,Melissa C. Keller,Engineering Manager,Marketing,melissa.keller.942-6747@example.invalid,+1-717-555-0110,57134 Julie Street,Northhaven,CA,35792,United States,Partner Referral,2024-05-17T23:33:08Z,0,001YbEX62vgcJCrQQH,
003Bl4Pp2ZDOQYhACV,Jason,Thompson,Jason N. Thompson,Product Manager,Procurement,jason.thompson.370-2737@example.invalid,+1-271-555-0185,720 Moore Port,Cedar Crossing,CO,33268,United States,Organic Search,2025-03-01T03:01:00Z,0,001GjfBhJ295BInY2G,
003aoagDhOVbqXCYUP,Lori,Moore,Lori L. Moore,Product Manager,Operations,lori.moore.857-058@example.invalid,+1-607-555-0112,50267 Rogers Courts,Cedar Crossing,WA,20859,United States,Customer Referral,2025-08-20T01:30:16Z,0,001kIZzocnhLCvOQBW,
003OLihz2AMqMbpQ43,Patricia,Franco,Patricia S. Franco,Account Director,Operations,patricia.franco.313-6195@example.invalid,+1-212-555-0177,9690 William Hills,Willow Harbor,TX,44300,United States,Partner Referral,2025-06-04T21:03:56Z,1,001Ts4G5LvwmAxUY42,
003aFddNQE90uBpQGN,Angelica,James,Angelica D. James,Solutions Architect,Engineering,angelica.james.608-3927@example.invalid,+1-312-555-0163,85072 Garcia Plaza,Summit Glen,CA,20345,United States,Outbound,2025-05-13T05:55:23Z,1,,
003VxLo3FH5P5RIAB7,Pedro,Zimmerman,Pedro A. Zimmerman,Solutions Architect,Engineering,pedro.zimmerman.882-7417@example.invalid,+1-607-555-0134,8099 Melendez Rue,Lake Briar,CO,92713,United States,Partner Referral,2022-10-12T10:57:48Z,0,001yFWO67SRy3CKA0S,
003gBl0zvJ8uI8jIJ4,Jeffrey,Cain,Jeffrey E. Cain,Product Manager,Engineering,jeffrey.cain.747-3912@example.invalid,+1-403-555-0167,98670 Valdez Skyway,Alder Bay,CA,56977,United States,Customer Referral,2022-02-27T22:23:07Z,0,001Ql5gfswhLAUiIZH,003gekCFe076ACrQZB
003eLdeO57k71MPAG9,Gavin,Wiggins,Gavin G. Wiggins,Product Manager,Finance,gavin.wiggins.651-6836@example.invalid,+1-777-555-0157,3161 Scott Square,Alder Bay,CO,12725,United States,Event,2024-06-18T07:49:14Z,0,001acV09mYJcIa6YCV,
003ACNKZsyvaiMyQHJ,Roy,Davis,Roy R. Davis,Finance Manager,Customer Success,roy.davis.570-7588@example.invalid,+1-771-555-0132,760 Campbell Crossing,Lake Briar,WA,24096,United States,Outbound,2022-10-18T13:00:43Z,0,00134kztbICJD2tYCZ,
003tmqZfelCT2roY1H,Connor,Riddle,Connor J. Riddle,Customer Success Manager,Operations,connor.riddle.380-4997@example.invalid,+1-401-555-0122,632 Amanda Crossroad,Cedar Crossing,TX,26947,United States,Partner Referral,2021-04-30T00:08:09Z,0,001f6ctaU1r6XIKQI2,
003OSDMabqDksLrQD8,William,Santos,William F. Santos,Solutions Architect,Operations,william.santos.145-7225@example.invalid,+1-271-555-0158,24161 Ashley Hollow,Northhaven,OR,54308,United States,Organic Search,2023-08-03T06:24:40Z,0,001FzQ1Vu9hM4AsIVS,
003z7ZbcBcDrjgLQK6,Teresa,Jones,Teresa D. Jones,Operations Lead,Sales,teresa.jones.288-6889@example.invalid,+1-317-555-0137,53194 Matthews Roads,Summit Glen,TX,73843,United States,Organic Search,2023-04-21T23:40:13Z,0,001yVmlwCnpWY0fA4W,
003VJY5ZQMlMUU0A18,Holly,Morton,Holly C. Morton,Engineering Manager,Procurement,holly.morton.925-3722@example.invalid,+1-902-555-0194,854 Potter Mission,Cedar Crossing,CA,62155,United States,Partner Referral,2022-02-10T01:13:11Z,0,001c7rzVaNFRVVTYG3,
003fxfNMWmD3J0XYFE,Leah,Haney,Leah A. Haney,Account Director,Sales,leah.haney.466-0472@example.invalid,+1-371-555-0109,686 Potter Manor,Cedar Crossing,OR,59102,United States,Event,2023-09-13T00:55:01Z,0,001mr80ElRqK1bZQVC,
003csjCNl69pveQAHU,Beth,Walker,Beth M. Walker,Operations Lead,Customer Success,beth.walker.882-2838@example.invalid,+1-413-555-0168,3093 Chelsea Parkway,Summit Glen,OR,35531,United States,Event,2024-05-28T17:15:20Z,0,001FzQ1Vu9hM4AsIVS,
003s6dF4hMdQPk0I7Y,Taylor,Kelly,Taylor T. Kelly,Solutions Architect,Procurement,taylor.kelly.565-1106@example.invalid,+1-775-555-0180,39773 Fritz Underpass,Northhaven,CA,55949,United States,Outbound,2021-07-03T15:33:06Z,0,001zBr7D0amNm8PY72,
003HyElyrwbdqT8QAZ,Allison,Craig,Allison S. Craig,Product Manager,Marketing,allison.craig.209-5644@example.invalid,+1-377-555-0119,056 Patterson Crossing,Northhaven,CA,57774,United States,Partner Referral,2026-04-12T13:34:13Z,1,0018YzqdxvbgCoaYQU,
003HNVZ0xqZOApDAML,Patricia,Chavez,Patricia L. Chavez,Customer Success Manager,Sales,patricia.chavez.179-1831@example.invalid,+1-205-555-0184,022 Johnson Land,Cedar Crossing,WA,97828,United States,Outbound,2022-10-11T11:37:52Z,0,0019laP52dnqWh3AF4,
003gXnNZoWXyNSKQQ3,Lisa,Anderson,Lisa M. Anderson,Solutions Architect,Marketing,lisa.anderson.416-8240@example.invalid,+1-473-555-0142,886 Montgomery Extension,Northhaven,MA,69614,United States,Outbound,2025-09-11T23:02:22Z,0,001OH94vlTF3MI8Y08,
0038mpZAjyw0zY6APK,Angelica,Hayden,Angelica S. Hayden,Operations Lead,Finance,angelica.hayden.320-6991@example.invalid,+1-913-555-0134,135 Stevens Route,Northhaven,CO,49580,United States,Event,2026-03-15T23:16:41Z,1,001Hbp8pEhElgRqIO2,
003aEeT2ZLB8w2iIML,Richard,Velez,Richard B. Velez,Solutions Architect,Customer Success,richard.velez.552-3356@example.invalid,+1-913-555-0173,233 Thompson Rest,Alder Bay,OR,46486,United States,Customer Referral,2022-09-21T10:17:26Z,0,001OH94vlTF3MI8Y08,
003dBXbwtimVUisYBF,Katie,Mendoza,Katie K. Mendoza,Finance Manager,Operations,katie.mendoza.473-9292@example.invalid,+1-417-555-0189,1731 Carmen Hills,Lake Briar,CA,56120,United States,Partner Referral,2024-11-10T18:25:57Z,0,001UFuHNhHx2c9ZQQ9,003724XN1HXXGaOYRR
003P39CqbvZ8qZ8Y7T,Deanna,White,Deanna J. White,Engineering Manager,Finance,deanna.white.631-9831@example.invalid,+1-317-555-0137,847 Tiffany Falls,Alder Bay,OR,83748,United States,Customer Referral,2021-01-18T16:08:04Z,0,001kpkteJ4XLaaYQTV,
003NyJkqUJYweXdQSA,Scott,Howard,Scott T. Howard,Solutions Architect,Finance,scott.howard.064-2308@example.invalid,+1-317-555-0195,52362 Chelsea Estate,Lake Briar,NC,46977,United States,Organic Search,2023-10-19T00:45:04Z,1,001E8sva5lyIcGMIKX,
003y4kBbZm52Aq6AZK,April,Whitehead,April E. Whitehead,Business Analyst,Sales,april.whitehead.181-3577@example.invalid,+1-672-555-0141,74033 Phillips Landing,Lake Briar,TX,91267,United States,Event,2024-01-03T14:00:25Z,0,001wOS4RTezb6AxY4U,
0036mmNusffWovpIGN,Donald,Miller,Donald T. Miller,Product Manager,Sales,donald.miller.493-0989@example.invalid,+1-377-555-0171,601 Danielle Harbor,Summit Glen,CO,41216,United States,Organic Search,2022-01-05T02:58:02Z,0,001Oil2EokU3tWpID9,
003ff2aZoi7NlHSI8P,Holly,Pittman,Holly J. Pittman,Engineering Manager,Engineering,holly.pittman.204-0556@example.invalid,+1-711-555-0182,55732 Mcdonald Mount,Alder Bay,WA,86090,United States,Event,2024-09-12T18:46:13Z,0,0018fHG08zFMfdsQ4N,
003HY3DOcAKhej8IEP,Dale,Tran,Dale S. Tran,Customer Success Manager,Operations,dale.tran.273-426@example.invalid,+1-917-555-0175,1191 Amanda Union,Northhaven,CO,91480,United States,Outbound,2024-08-05T00:28:28Z,0,001aJFstC9yWgafQNG,
0033RZYz99EE8hOQSW,Kristina,Rodriguez,Kristina C. Rodriguez,Engineering Manager,Operations,kristina.rodriguez.009-7053@example.invalid,+1-705-555-0100,56243 Patel Shoal,Northhaven,WA,41246,United States,Web,2024-02-25T05:31:15Z,0,001kpkteJ4XLaaYQTV,
003wQNNb4smiWBWACB,Raven,Pierce,Raven J. Pierce,Operations Lead,Procurement,raven.pierce.443-1823@example.invalid,+1-372-555-0164,64335 Derrick Mill,Cedar Crossing,CA,79789,United States,Event,2021-02-28T01:11:34Z,1,001I5KBo2Mtskg9I6K,
0031P042walvFE4QG5,Jacob,Vargas,Jacob J. Vargas,Operations Lead,Finance,jacob.vargas.050-9448@example.invalid,+1-701-555-0175,18574 Sierra Brook,Willow Harbor,NC,81203,United States,Event,2023-01-04T09:21:43Z,0,001X85qfzndbjPoIS1,
003x9vuXY519gdVI3G,David,Suarez,David A. Suarez,Solutions Architect,Marketing,david.suarez.418-9999@example.invalid,+1-603-555-0146,82270 Caitlyn Fords,Cedar Crossing,MA,79740,United States,Outbound,2021-02-11T07:45:47Z,0,001XOGQaJwZLxA8YV5,
003YpSLMz1fZOVbICU,Eric,Brown,Eric E. Brown,Finance Manager,Finance,eric.brown.849-259@example.invalid,+1-901-555-0141,0260 Farmer Stravenue,Cedar Crossing,TX,35228,United States,Outbound,2025-06-11T12:47:15Z,0,001DvaNwXLC9MqoIJ4,
0032O4jCbCRLa3iYMT,Adam,Lewis,Adam A. Lewis,Finance Manager,Finance,adam.lewis.068-2786@example.invalid,+1-405-555-0147,323 Linda Divide,Alder Bay,CO,13350,United States,Web,2021-10-16T00:50:33Z,0,001R0OuIWPEowdMYT2,
0034vRnbCAh1RiuA0A,Lori,Preston,Lori H. Preston,Business Analyst,Sales,lori.preston.443-0900@example.invalid,+1-311-555-0119,20203 Randy Branch,Willow Harbor,WA,69687,United States,Event,2023-10-03T04:50:00Z,0,001Pv3IESUoMrhiAAG,
003iyqX46RecmhLITB,Deanna,Frank,Deanna C. Frank,Account Director,Sales,deanna.frank.740-8266@example.invalid,+1-613-555-0135,8415 May Plains,Northhaven,TX,46781,United States,Event,2021-07-03T23:23:15Z,1,001gQSNxeXgntf7YR3,
003EKMaOcS9rfGcIZC,Nicholas,Salazar,Nicholas D. Salazar,Solutions Architect,Marketing,nicholas.salazar.739-6896@example.invalid,+1-671-555-0186,825 Craig Expressway,Alder Bay,MA,62266,United States,Customer Referral,2025-08-24T07:35:54Z,0,001wp2Q6PkIMrfFY6U,
003LD2kPtQRWQL7QDG,Keith,Patterson,Keith J. Patterson,Account Director,Finance,keith.patterson.638-3780@example.invalid,+1-705-555-0100,27236 Debbie Lock,Cedar Crossing,MA,21832,United States,Organic Search,2021-05-31T09:26:59Z,0,001OH94vlTF3MI8Y08,003VTvmrlQmQQa0AKQ
0031crtlbZFTq9oYI5,Caroline,Mata,Caroline S. Mata,Finance Manager,Marketing,caroline.mata.135-4161@example.invalid,+1-272-555-0194,1897 Chad Throughway,Lake Briar,MA,84327,United States,Customer Referral,2023-07-28T23:40:38Z,0,001qh75A7jHuE1EI0O,
0035mim4JQleOckQS9,Melinda,Castillo,Melinda S. Castillo,Customer Success Manager,Procurement,melinda.castillo.457-0040@example.invalid,+1-603-555-0116,448 Barnes Villages,Alder Bay,MA,98533,United States,Partner Referral,2025-09-15T18:38:11Z,0,001b1XyoVMftFmnY3Z,
003Rz96fwVmBsarYJ1,Lisa,Santiago,Lisa F. Santiago,Finance Manager,Procurement,lisa.santiago.859-2508@example.invalid,+1-905-555-0137,35996 Higgins Canyon,Willow Harbor,TX,66324,United States,Outbound,2026-01-12T22:27:11Z,1,001yU1qilS2HtnNQUW,
003m7VFEeDJ9mFKIXK,Alexis,Brady,Alexis C. Brady,Customer Success Manager,Finance,alexis.brady.813-7228@example.invalid,+1-972-555-0184,5347 Mark Square,Willow Harbor,TX,15127,United States,Partner Referral,2021-08-21T15:03:56Z,0,001BjMFM5mN692fQ0D,
003iReYiPlyNFRxI1V,Donald,Sanchez,Donald D. Sanchez,Engineering Manager,Procurement,donald.sanchez.659-8322@example.invalid,+1-217-555-0186,755 Huang Throughway,Cedar Crossing,OR,54367,United States,Customer Referral,2024-07-08T15:45:39Z,0,001qP46mGWsPnuOQ5R,
003oZR86kwXXZqKI7I,Mallory,Rose,Mallory S. Rose,Customer Success Manager,Sales,mallory.rose.593-8108@example.invalid,+1-315-555-0108,49915 Scott Canyon,Northhaven,OR,88287,United States,Outbound,2026-06-15T14:50:21Z,0,001UztNJY1B3mZVQ88,0031SWb0wrPigO0ACL
003jpIM5bWThTevA49,Susan,Davis,Susan K. Davis,Business Analyst,Finance,susan.davis.434-3251@example.invalid,+1-211-555-0154,969 Francis Squares,Summit Glen,TX,45738,United States,Event,2024-09-10T00:57:11Z,0,001rpVRMvKUYUnZQWY,003KbhyQIJhcY5vI43
003VFTZy2oG0jsrAS1,Anthony,Munoz,Anthony W. Munoz,Finance Manager,Marketing,anthony.munoz.272-4756@example.invalid,+1-915-555-0125,837 Andrews Center,Summit Glen,OR,58640,United States,Outbound,2024-05-07T06:21:21Z,0,001ULTfosWQTQf5QW1,
003XmWAResB9MTuI3O,Jeffrey,Glover,Jeffrey M. Glover,Account Director,Customer Success,jeffrey.glover.990-084@example.invalid,+1-315-555-0108,8453 Thomas Plains,Lake Briar,WA,81475,United States,Event,2025-03-21T21:52:16Z,1,001IQen5JJcxOzsYOT,
003ZFZpKSp7P73TY8Q,Tracy,Johnson,Tracy C. Johnson,Customer Success Manager,Sales,tracy.johnson.067-7624@example.invalid,+1-671-555-0149,9666 Taylor Junctions,Cedar Crossing,TX,76339,United States,Outbound,2021-12-24T03:12:44Z,0,001LDvrdIgxRUc4IID,003AWiA5w6U96FlA3S
003wPtZiQmPA7ykI74,Theresa,Anderson,Theresa K. Anderson,Engineering Manager,Marketing,theresa.anderson.638-857@example.invalid,+1-917-555-0188,005 Torres Union,Cedar Crossing,TX,51400,United States,Customer Referral,2022-03-19T18:43:09Z,0,001n8Q7o6w0wrFoIIH,
003vrwFdLqT9RU4YM9,John,Johnson,John L. Johnson,Operations Lead,Procurement,john.johnson.268-9664@example.invalid,+1-203-555-0162,4152 Rachel Parks,Cedar Crossing,OR,79385,United States,Outbound,2025-08-02T17:31:23Z,0,00180qOlX8UtZ7HQTK,
0039a9jUlFjz1IfYY3,Edwin,Williams,Edwin A. Williams,Operations Lead,Operations,edwin.williams.422-9039@example.invalid,+1-973-555-0163,988 Sherman Row,Alder Bay,NC,74428,United States,Event,2025-04-18T13:01:39Z,0,001gQSNxeXgntf7YR3,
003R8feqspattJPA37,Lauren,Johnston,Lauren C. Johnston,Product Manager,Engineering,lauren.johnston.948-6040@example.invalid,+1-277-555-0178,49982 Stevenson Place,Summit Glen,CO,95763,United States,Partner Referral,2021-03-17T07:42:16Z,0,001wZQxrqs61HJWYCI,
003966clXwIsEfbYTS,Kenneth,Mcdonald,Kenneth B. Mcdonald,Engineering Manager,Marketing,kenneth.mcdonald.873-9465@example.invalid,+1-613-555-0189,14035 Valerie Views,Northhaven,CA,37270,United States,Web,2023-12-14T23:57:36Z,0,001DbpAGYxaJeBJQYG,
003CvuHFadBlBDpI4U,William,Johnson,William C. Johnson,Solutions Architect,Operations,william.johnson.166-6492@example.invalid,+1-915-555-0125,2311 Erik Turnpike,Cedar Crossing,CA,46474,United States,Web,2025-09-21T11:08:05Z,0,001OofCnV7AgAXeQDE,
003x0VepNyTEttzY7F,Robert,Coleman,Robert R. Coleman,Engineering Manager,Sales,robert.coleman.255-2373@example.invalid,+1-401-555-0122,77113 Marissa Ferry,Northhaven,MA,28279,United States,Event,2026-01-03T02:43:39Z,0,0018YzqdxvbgCoaYQU,
003BYDDTfPjxly3ISX,Shannon,Colon,Shannon A. Colon,Product Manager,Engineering,shannon.colon.517-8094@example.invalid,+1-702-555-0179,8132 Matthew Stravenue,Alder Bay,WA,96660,United States,Partner Referral,2022-10-25T04:08:23Z,0,001gQSNxeXgntf7YR3,
003t60ZdAVywrDrQTA,Christina,Parker,Christina J. Parker,Business Analyst,Procurement,christina.parker.915-7240@example.invalid,+1-903-555-0103,69130 Andrew View,Lake Briar,OR,83801,United States,Organic Search,2021-02-11T20:20:09Z,0,001PUaO8FLbQ5tuY7R,
003CohFgmt36U9EYAA,Christopher,Meyer,Christopher M. Meyer,Engineering Manager,Finance,christopher.meyer.728-3004@example.invalid,+1-602-555-0153,4207 Page Plains,Willow Harbor,NC,36521,United States,Customer Referral,2024-04-14T10:04:09Z,0,0019ojrY0cvCQ2UQ6L,
003mYFAFR2j9W73QKR,Bethany,Holmes,Bethany M. Holmes,Customer Success Manager,Finance,bethany.holmes.083-4304@example.invalid,+1-271-555-0136,654 Philip Mountains,Alder Bay,WA,89606,United States,Organic Search,2025-01-28T05:11:35Z,0,001GbztdrMfr2gJYIG,
003fzPViYkMjgmEAZB,Brenda,Hines,Brenda B. Hines,Account Director,Engineering,brenda.hines.275-1893@example.invalid,+1-775-555-0167,26573 Kathryn Oval,Summit Glen,CO,93682,United States,Partner Referral,2024-11-07T19:26:23Z,0,0019laP52dnqWh3AF4,
0031Y6K7QqCYZANQHG,Victoria,Jackson,Victoria W. Jackson,Customer Success Manager,Marketing,victoria.jackson.889-0397@example.invalid,+1-417-555-0135,4182 Frank Crest,Willow Harbor,CA,64256,United States,Partner Referral,2026-01-08T19:40:38Z,0,001PygtS3FHgKj8Q8G,
003i3Fet9kkPOYUAJI,Jeremy,Wilkins,Jeremy A. Wilkins,Operations Lead,Operations,jeremy.wilkins.385-5227@example.invalid,+1-901-555-0169,79551 Jones Dale,Lake Briar,TX,78754,United States,Customer Referral,2025-06-12T05:49:36Z,0,001fvdIvl6mxqiIIBH,
003D3c4EiA0KVHYQ6Q,Mary,Allison,Mary K. Allison,Solutions Architect,Engineering,mary.allison.370-8758@example.invalid,+1-615-555-0137,03447 Morgan Groves,Northhaven,CO,77149,United States,Outbound,2024-10-01T20:21:44Z,0,001Ekc6ysmrBHJMQF2,
003mblP8ZcDU6VLAQU,Luke,Simmons,Luke C. Simmons,Engineering Manager,Engineering,luke.simmons.146-8375@example.invalid,+1-312-555-0180,1715 Andrew Crossroad,Lake Briar,NC,80059,United States,Partner Referral,2025-10-23T09:07:54Z,1,001lpuGrFmSTBnuY0M,
003hUPu3ZRXotU8YK5,Leslie,Higgins,Leslie R. Higgins,Product Manager,Finance,leslie.higgins.515-6008@example.invalid,+1-413-555-0163,06330 Paul Road,Northhaven,WA,62969,United States,Customer Referral,2024-08-07T15:26:04Z,0,,003aMwKdhCyWygqQZE
0031zBg6AMIS6xMQMH,Adam,Robertson,Adam C. Robertson,Account Director,Sales,adam.robertson.523-4886@example.invalid,+1-272-555-0113,26949 Hunter Heights,Cedar Crossing,CO,74050,United States,Outbound,2026-06-12T23:10:54Z,0,001LDvrdIgxRUc4IID,
003XwlOCCmKzlaJARA,Mary,Ford,Mary L. Ford,Operations Lead,Operations,mary.ford.925-2916@example.invalid,+1-907-555-0175,9194 Hayes Summit,Lake Briar,OR,76505,United States,Partner Referral,2024-03-30T08:10:20Z,0,001yQSD3rwvt3ZBAV9,
0039xwRHwigsnXFQBC,Mathew,Webster,Mathew M. Webster,Business Analyst,Sales,mathew.webster.202-7953@example.invalid,+1-307-555-0124,265 Ryan Viaduct,Northhaven,CA,99706,United States,Outbound,2024-03-14T12:44:44Z,0,001qxvOxGkxKlKoYCS,
0031mTVRNXQYf2KQP9,Tyler,Hendricks,Tyler D. Hendricks,Account Director,Procurement,tyler.hendricks.753-8845@example.invalid,+1-377-555-0188,70511 Mccarthy Rest,Cedar Crossing,CA,36476,United States,Customer Referral,2025-10-24T08:03:13Z,1,001ZX951OeRh6EHIOJ,
00338UX9kGNIwR6YNC,Jonathan,Davis,Jonathan M. Davis,Account Director,Engineering,jonathan.davis.543-417@example.invalid,+1-375-555-0177,35357 Peters Ports,Summit Glen,MA,38315,United States,Organic Search,2025-02-12T09:16:23Z,0,001kC1LlUdj8c3zY68,
003hNF3GvpEpAzWIEV,Julie,Lopez,Julie B. Lopez,Account Director,Engineering,julie.lopez.406-0774@example.invalid,+1-317-555-0131,42507 Jeffrey Alley,Willow Harbor,WA,47312,United States,Organic Search,2024-11-12T17:08:06Z,0,001veU1rKvNzbBRQ2J,
003SCZl72BVRDqoAU1,Christopher,Young,Christopher A. Young,Solutions Architect,Sales,christopher.young.348-6043@example.invalid,+1-411-555-0190,0443 Kenneth Burgs,Willow Harbor,TX,92243,United States,Event,2023-03-14T22:34:19Z,0,001ZV3zN3f85rlSYDN,
003iUnQWCcRw0K5QTM,Derek,Williams,Derek S. Williams,Engineering Manager,Marketing,derek.williams.661-7262@example.invalid,+1-701-555-0175,2568 Cristina Rue,Summit Glen,CA,96680,United States,Web,2024-12-02T04:05:09Z,0,0018fHG08zFMfdsQ4N,003ftniDDEnnixkI5V
003H9aCwChz4F49IW7,Catherine,Jackson,Catherine C. Jackson,Product Manager,Customer Success,catherine.jackson.302-9084@example.invalid,+1-407-555-0180,5176 Alicia Row,Willow Harbor,CA,64596,United States,Organic Search,2024-10-27T09:57:11Z,0,001jIiXAhBEHXIPYQP,
003yk45uhVocz3nACI,John,Montgomery,John A. Montgomery,Engineering Manager,Engineering,john.montgomery.403-7364@example.invalid,+1-302-555-0141,608 Vasquez Skyway,Summit Glen,CO,64466,United States,Event,2025-12-20T18:46:27Z,0,001JTximtecXZZ0IK7,003JiQDqPoDL4GoQTM
003QoedCHq98n2UIIB,Andrew,Peterson,Andrew J. Peterson,Finance Manager,Procurement,andrew.peterson.020-8220@example.invalid,+1-771-555-0132,5354 Wilson Heights,Cedar Crossing,CA,87766,United States,Customer Referral,2025-03-22T21:06:17Z,0,001J6hTar5vB37wAO0,
00315S4jsX1OtfpY8L,Jeremy,Jones,Jeremy T. Jones,Account Director,Operations,jeremy.jones.522-3353@example.invalid,+1-711-555-0144,53765 Joyce Rapids,Alder Bay,TX,10857,United States,Event,2023-03-29T20:13:45Z,0,001EocC12jSBhyyIOU,
0038WLh2RCqnhweAKI,Anne,Bradford,Anne S. Bradford,Product Manager,Operations,anne.bradford.883-0002@example.invalid,+1-613-555-0129,365 Joshua Shoal,Cedar Crossing,NC,76815,United States,Event,2024-12-31T13:56:38Z,0,001pTLwbTFSx0AVIHA,
003FQLn0e9xyU6lY7G,Danielle,Smith,Danielle L. Smith,Finance Manager,Customer Success,danielle.smith.318-884@example.invalid,+1-613-555-0163,231 Gregory Burgs,Cedar Crossing,OR,36564,United States,Event,2021-03-31T14:42:01Z,0,001zBr7D0amNm8PY72,
003ShRsGpj163ooYM7,Randy,Miller,Randy R. Miller,Operations Lead,Customer Success,randy.miller.838-1729@example.invalid,+1-475-555-0165,045 Carly Motorway,Lake Briar,CO,61887,United States,Web,2026-03-19T21:22:47Z,0,001jIiXAhBEHXIPYQP,
003uXPAjP3crKTbIVX,Leslie,Hardin,Leslie T. Hardin,Account Director,Finance,leslie.hardin.646-2637@example.invalid,+1-607-555-0116,778 Pamela Junctions,Summit Glen,NC,67103,United States,Event,2026-03-29T14:52:42Z,1,001x4qMeufUWlfdINO,
0035RXTHeKR415dQCL,Jamie,Robertson,Jamie S. Robertson,Solutions Architect,Marketing,jamie.robertson.659-7530@example.invalid,+1-607-555-0166,7155 Mills Viaduct,Cedar Crossing,CO,95196,United States,Event,2021-07-10T09:50:01Z,0,001Ql5gfswhLAUiIZH,003qZ2BFiYFEDWNAQ2
003ESTgxDCy4nkqAZF,Virginia,Day,Virginia D. Day,Customer Success Manager,Customer Success,virginia.day.210-3921@example.invalid,+1-675-555-0152,41321 Jon Crest,Alder Bay,CO,70892,United States,Partner Referral,2024-04-30T23:17:00Z,0,001OphrQTgtGmAPIMC,
003oSLGQJ5AwRqGIP5,Danny,King,Danny D. King,Account Director,Procurement,danny.king.836-5550@example.invalid,+1-675-555-0174,570 Johnson Oval,Willow Harbor,MA,58989,United States,Outbound,2024-08-03T21:37:20Z,0,001zC4hdWCH77CfYVC,
003Z9T6FmQw8X0gQT4,Alexander,Pierce,Alexander P. Pierce,Product Manager,Engineering,alexander.pierce.985-7469@example.invalid,+1-203-555-0123,968 Jon Crest,Summit Glen,TX,55663,United States,Partner Referral,2022-12-21T23:57:22Z,0,001zBr7D0amNm8PY72,003KbhyQIJhcY5vI43
003wXl7kXZ5nsO0YOX,Cindy,Henry,Cindy J. Henry,Finance Manager,Operations,cindy.henry.541-4274@example.invalid,+1-615-555-0135,12229 Samuel Lakes,Willow Harbor,CA,98937,United States,Partner Referral,2024-10-24T16:06:06Z,0,001t1tQX1aEupiNQXE,
003J4yyOE9K0GkNQ30,Craig,Higgins,Craig A. Higgins,Business Analyst,Operations,craig.higgins.510-761@example.invalid,+1-701-555-0129,92378 Grant Neck,Northhaven,NC,12893,United States,Organic Search,2024-03-06T21:21:01Z,0,001yU1qilS2HtnNQUW,003qY3nkL8ErnlyAK7
0037lrXnRl0lcElQ6Y,James,Ward,James N. Ward,Engineering Manager,Customer Success,james.ward.799-4248@example.invalid,+1-412-555-0115,73377 Lewis Extensions,Cedar Crossing,CO,31660,United States,Outbound,2024-04-14T03:55:55Z,0,001MEVADdakhCHVYR3,
003IVtxL9cpsBxAIBO,Adrian,Phillips,Adrian K. Phillips,Solutions Architect,Customer Success,adrian.phillips.669-3169@example.invalid,+1-707-555-0155,6035 Cole Villages,Northhaven,CA,45345,United States,Outbound,2023-10-07T17:58:41Z,0,001c7rzVaNFRVVTYG3,
003BTiZ59S3GTDuQID,Stephen,Sullivan,Stephen J. Sullivan,Engineering Manager,Engineering,stephen.sullivan.331-652@example.invalid,+1-407-555-0180,4895 Wyatt Mountains,Alder Bay,OR,50075,United States,Organic Search,2024-11-04T08:54:00Z,1,001pTLwbTFSx0AVIHA,
003bxpRo8OK401FQND,William,Bowers,William C. Bowers,Customer Success Manager,Operations,william.bowers.061-2334@example.invalid,+1-905-555-0106,58644 Santiago Field,Alder Bay,WA,79752,United States,Event,2022-10-26T04:24:10Z,0,001qP46mGWsPnuOQ5R,
003bSg0uOlqmDaVIBX,Laura,Schultz,Laura T. Schultz,Engineering Manager,Finance,laura.schultz.610-8181@example.invalid,+1-311-555-0135,497 Thomas Rest,Lake Briar,WA,12084,United States,Customer Referral,2021-06-15T05:27:25Z,1,00134kztbICJD2tYCZ,003jBHsfoVSp2QNAET
003mkJnCNNeHC7uQUC,Michael,Miller,Michael M. Miller,Engineering Manager,Procurement,michael.miller.230-0804@example.invalid,+1-412-555-0126,21500 Joshua Plaza,Lake Briar,OR,85908,United States,Web,2025-10-27T19:58:07Z,0,0018fHG08zFMfdsQ4N,
003ACPpJ6DQepVdYPY,Kim,Meyer,Kim T. Meyer,Customer Success Manager,Marketing,kim.meyer.955-2115@example.invalid,+1-975-555-0170,532 Harris Ridges,Summit Glen,CO,82145,United States,Customer Referral,2024-06-02T23:41:07Z,0,001MetGBUEn7phAIPH,
003wRVYftOCRzC1YGF,Cheryl,Walker,Cheryl C. Walker,Finance Manager,Customer Success,cheryl.walker.907-8185@example.invalid,+1-611-555-0123,16772 Jefferson Terrace,Northhaven,NC,40173,United States,Web,2026-02-05T18:56:40Z,0,0014BI0PTpGJAb4ICJ,
003uHEMhYY2BbchADE,Kayla,Fuller,Kayla A. Fuller,Operations Lead,Sales,kayla.fuller.041-7205@example.invalid,+1-402-555-0194,436 Yu Spur,Alder Bay,OR,48127,United States,Outbound,2021-10-01T19:29:41Z,0,001bEjr0cyFC7SBAXL,
0030xWcxrRWbioOIV0,Tiffany,Hartman,Tiffany E. Hartman,Customer Success Manager,Engineering,tiffany.hartman.853-6064@example.invalid,+1-603-555-0146,898 Meghan Light,Alder Bay,NC,36164,United States,Event,2024-05-29T09:43:10Z,0,001Ivgehi2RhpxmIXK,
003lHeTJz2Li1ufIFV,Mary,Neal,Mary C. Neal,Engineering Manager,Operations,mary.neal.039-8987@example.invalid,+1-371-555-0192,092 Kelley Manors,Summit Glen,OR,60083,United States,Customer Referral,2025-12-02T22:42:07Z,0,001Incobp7HHs7MAA7,
0037KVl27m7XTIfIGO,Sally,Turner,Sally R. Turner,Engineering Manager,Operations,sally.turner.846-4578@example.invalid,+1-305-555-0109,07223 Berry Harbors,Cedar Crossing,OR,79021,United States,Web,2024-10-24T00:32:00Z,0,001QQQWKHoHDF4bYVO,
003E19tq7w2fwiMA1S,Crystal,Mcdonald,Crystal V. Mcdonald,Engineering Manager,Sales,crystal.mcdonald.531-8393@example.invalid,+1-473-555-0141,2872 Jamie Rapid,Willow Harbor,MA,20544,United States,Outbound,2026-06-02T10:32:40Z,0,001DvFcs2OCjLNHAFJ,
0039NbehctfaYP7A9N,John,Maldonado,John K. Maldonado,Customer Success Manager,Finance,john.maldonado.785-3182@example.invalid,+1-301-555-0161,3726 John Drive,Willow Harbor,CA,32339,United States,Organic Search,2021-06-09T20:56:28Z,0,001kNqWPjavmloHAZ4,
003TYIKF3Ny96cVADR,Jordan,Holmes,Jordan K. Holmes,Customer Success Manager,Customer Success,jordan.holmes.690-8028@example.invalid,+1-305-555-0140,840 William Roads,Northhaven,MA,63193,United States,Organic Search,2024-06-23T16:09:10Z,1,001KKprsa8fDGWEQ2J,
0037uvO6ccJp6wGQR7,Vickie,Bauer,Vickie M. Bauer,Business Analyst,Customer Success,vickie.bauer.199-4257@example.invalid,+1-705-555-0162,19646 Bobby Hollow,Willow Harbor,TX,89567,United States,Organic Search,2022-04-01T00:44:51Z,0,001ClNAQA1Xn4fUINT,
003SsGIBufjqAdwY8V,Kim,King,Kim R. King,Customer Success Manager,Engineering,kim.king.488-6425@example.invalid,+1-317-555-0137,9574 Welch Islands,Willow Harbor,MA,46971,United States,Customer Referral,2024-07-15T11:39:38Z,0,001NRMSr13PD4ICIOI,
003lAaW56mi7TofAUG,Taylor,Greene,Taylor W. Greene,Account Director,Finance,taylor.greene.243-647@example.invalid,+1-675-555-0196,72188 Gutierrez Locks,Northhaven,WA,75617,United States,Partner Referral,2021-12-26T04:36:47Z,0,001LW8OXe6IEB5RAZR,
003VQEQW8tSDA0kQC4,Kristen,Smith,Kristen T. Smith,Operations Lead,Engineering,kristen.smith.839-575@example.invalid,+1-607-555-0129,43925 Carly Ramp,Alder Bay,MA,14562,United States,Organic Search,2021-11-26T05:24:26Z,0,001FzQ1Vu9hM4AsIVS,
003GjEXrzwZuWa4Q80,John,Bradley,John R. Bradley,Operations Lead,Marketing,john.bradley.446-1635@example.invalid,+1-201-555-0110,1091 Christina View,Cedar Crossing,TX,59838,United States,Outbound,2023-08-10T09:54:08Z,1,001Ivgehi2RhpxmIXK,
003wPWh5IPvXbdQADI,Shelly,Shannon,Shelly C. Shannon,Finance Manager,Marketing,shelly.shannon.434-6981@example.invalid,+1-973-555-0130,5844 Butler Freeway,Northhaven,CA,38682,United States,Web,2022-06-17T05:11:04Z,0,001Y94eVbSCMZThYRA,
003ME2lUfvHYzbSATW,Savannah,Bennett,Savannah D. Bennett,Customer Success Manager,Marketing,savannah.bennett.041-7845@example.invalid,+1-317-555-0131,70526 Michael Causeway,Alder Bay,WA,40109,United States,Organic Search,2021-09-24T18:41:59Z,0,001DvFcs2OCjLNHAFJ,
003LkvaYTpkYRA2AHT,Kim,Bishop,Kim K. Bishop,Business Analyst,Customer Success,kim.bishop.708-3941@example.invalid,+1-273-555-0189,2023 Krueger Flats,Northhaven,CO,78535,United States,Organic Search,2025-04-29T15:06:22Z,0,001WHkVb04B78wfY3Q,
003JnuXvNApvLnBAQA,Matthew,Garza,Matthew K. Garza,Account Director,Customer Success,matthew.garza.554-1901@example.invalid,+1-275-555-0133,079 Ryan Throughway,Summit Glen,TX,39068,United States,Event,2026-02-26T20:54:49Z,0,001gQSNxeXgntf7YR3,
003jpc9fvszuIGAAIH,Shane,Parrish,Shane J. Parrish,Business Analyst,Finance,shane.parrish.437-9122@example.invalid,+1-671-555-0146,303 Allen Alley,Willow Harbor,MA,91918,United States,Organic Search,2025-10-27T18:29:26Z,0,001FzQ1Vu9hM4AsIVS,003xtccubI9QZ4nICT
00385RBEQxE85WSI3T,Robert,Harper,Robert J. Harper,Business Analyst,Marketing,robert.harper.038-6123@example.invalid,+1-217-555-0186,1537 Cory Summit,Lake Briar,TX,99199,United States,Organic Search,2023-11-06T11:14:22Z,0,001ZmXb9rhCguMsYOS,
003UqSwyMQudmhRYY1,Stephanie,Waller,Stephanie A. Waller,Operations Lead,Marketing,stephanie.waller.363-3668@example.invalid,+1-973-555-0130,781 Contreras Harbors,Northhaven,CO,24651,United States,Partner Referral,2025-07-13T20:18:06Z,0,001wZQxrqs61HJWYCI,003P5wkEseSX8HFQQB
003lCYemZxvwZHNQO5,Caitlin,Rojas,Caitlin T. Rojas,Solutions Architect,Marketing,caitlin.rojas.026-6969@example.invalid,+1-611-555-0137,3239 Ayala Summit,Summit Glen,CO,51309,United States,Outbound,2024-12-28T18:03:08Z,0,001Y94eVbSCMZThYRA,
003Wi80dxTCsfYLI77,Jason,Dominguez,Jason V. Dominguez,Operations Lead,Operations,jason.dominguez.369-9731@example.invalid,+1-602-555-0116,851 Kristi Route,Lake Briar,NC,20101,United States,Partner Referral,2022-05-06T05:01:57Z,0,0016VNR5Nv4nAZ1IGT,
003aA33FS09arwRQXC,Brianna,Torres,Brianna T. Torres,Finance Manager,Sales,brianna.torres.722-5443@example.invalid,+1-702-555-0180,45212 Michael Court,Willow Harbor,NC,52805,United States,Web,2023-08-28T06:53:32Z,0,,
003leIPgXIm3JsrYHC,Margaret,Holland,Margaret R. Holland,Finance Manager,Finance,margaret.holland.056-8568@example.invalid,+1-673-555-0186,21190 Patricia Canyon,Northhaven,CO,13077,United States,Partner Referral,2025-01-07T23:27:14Z,0,001NRMSr13PD4ICIOI,
003x5swQIbocmF6Q6R,Robert,Wallace,Robert A. Wallace,Finance Manager,Operations,robert.wallace.746-2732@example.invalid,+1-771-555-0132,378 Brian Forest,Willow Harbor,CO,92374,United States,Event,2026-01-18T23:59:42Z,0,001U2E3Mrt3KZlKQE7,
003fTkz2cEqof3PI6K,Timothy,Herman,Timothy S. Herman,Finance Manager,Customer Success,timothy.herman.159-0192@example.invalid,+1-375-555-0177,33016 Tammy Harbor,Alder Bay,WA,91856,United States,Web,2022-11-08T07:45:31Z,0,001rayeK09xezjmQSY,
0036f1HRQb2n0VlQB5,William,Harris,William K. Harris,Account Director,Procurement,william.harris.238-844@example.invalid,+1-317-555-0185,377 Kim Glen,Willow Harbor,MA,12531,United States,Partner Referral,2023-02-19T01:25:16Z,0,001G40EGKjt7p96I7T,
003uIWWDu5XHBBvIH2,Edwin,Haas,Edwin J. Haas,Customer Success Manager,Procurement,edwin.haas.431-7224@example.invalid,+1-777-555-0186,476 Martin Forges,Cedar Crossing,CA,95752,United States,Customer Referral,2026-04-03T20:44:28Z,0,001kC1LlUdj8c3zY68,003mEMCIgVZjU1eIQ1
003GcXkVO0lvLZYAC3,Carla,Mays,Carla M. Mays,Finance Manager,Procurement,carla.mays.036-5991@example.invalid,+1-707-555-0118,899 Courtney Pines,Alder Bay,MA,34836,United States,Event,2023-08-06T17:33:41Z,1,00134kztbICJD2tYCZ,
003BhpE4doSQY7nIZN,James,Stewart,James C. Stewart,Solutions Architect,Engineering,james.stewart.638-0287@example.invalid,+1-611-555-0146,0557 Amanda Park,Alder Bay,NC,77408,United States,Outbound,2021-07-21T23:52:02Z,0,001dVg5Hd2ux7OeY11,
0039fhQQHYCvDQ1AFV,Joseph,Padilla,Joseph A. Padilla,Account Director,Customer Success,joseph.padilla.694-1214@example.invalid,+1-402-555-0124,614 Orozco Course,Lake Briar,NC,96586,United States,Outbound,2021-04-18T14:33:57Z,0,001b6p7wMuocXZFIKR,
003tOm2WIhfcWTNYLO,Jack,Morales,Jack F. Morales,Solutions Architect,Engineering,jack.morales.201-4104@example.invalid,+1-602-555-0163,904 George Estate,Cedar Crossing,WA,63033,United States,Organic Search,2024-11-16T05:38:02Z,0,001PygtS3FHgKj8Q8G,
003AJ3RqXmlhv7yQKP,Timothy,Dixon,Timothy K. Dixon,Operations Lead,Engineering,timothy.dixon.684-2254@example.invalid,+1-917-555-0130,82611 Jason Drives,Northhaven,OR,77706,United States,Partner Referral,2022-07-27T06:58:14Z,0,001WPEcjxhamiNXYYJ,
003TCFOwwx3mRARI3Z,Alex,Hester,Alex J. Hester,Product Manager,Sales,alex.hester.752-0792@example.invalid,+1-211-555-0180,36468 Ho Well,Northhaven,MA,47987,United States,Organic Search,2024-02-08T16:19:01Z,0,001Ee8rMt958Fh9Y0A,
003lbKNMHNjtdqRARC,William,Arnold,William C. Arnold,Account Director,Sales,william.arnold.767-1414@example.invalid,+1-972-555-0122,58814 Rivera Dale,Cedar Crossing,WA,53786,United States,Event,2025-09-15T08:22:49Z,0,001qb5RFrl2MvvDIYA,
003ZfVniOk7LmllIP3,Melissa,Bradley,Melissa J. Bradley,Business Analyst,Sales,melissa.bradley.627-7727@example.invalid,+1-772-555-0171,911 Timothy Valley,Northhaven,CO,92697,United States,Partner Referral,2023-04-23T22:33:02Z,0,001vuI7W5NKUSqVAGG,
003WU4Q6S7FReEGY2S,Raymond,Price,Raymond J. Price,Solutions Architect,Procurement,raymond.price.273-7923@example.invalid,+1-603-555-0120,8905 Harrison Parkways,Cedar Crossing,CO,30281,United States,Outbound,2023-02-10T14:46:05Z,0,001I9h4vN2Mpc08I26,
003wFfQ0Kj6gykpQR8,Laura,Carpenter,Laura S. Carpenter,Operations Lead,Procurement,laura.carpenter.856-9178@example.invalid,+1-672-555-0145,0542 Blair Plaza,Summit Glen,NC,30610,United States,Web,2025-02-06T18:16:55Z,0,0014RvX7ofOXrw9I9V,
003moatACR4H0qAI31,Danielle,Smith,Danielle M. Smith,Account Director,Customer Success,danielle.smith.207-0013@example.invalid,+1-975-555-0137,428 Jimenez Gateway,Northhaven,NC,52311,United States,Partner Referral,2022-07-23T22:19:04Z,0,001ZX951OeRh6EHIOJ,
00307lU2ygNrc41IAC,Anna,Hicks,Anna K. Hicks,Engineering Manager,Engineering,anna.hicks.410-0636@example.invalid,+1-211-555-0133,631 Yu Glen,Northhaven,TX,81459,United States,Customer Referral,2023-06-21T01:46:53Z,0,001JM45YOxOPMdeQIO,003gGNEby1fXhnOYTU
003Ah8zNtdSdttoAQ0,Tammy,Washington,Tammy N. Washington,Solutions Architect,Marketing,tammy.washington.610-7692@example.invalid,+1-203-555-0179,4898 Kelsey Street,Lake Briar,WA,36716,United States,Event,2023-07-31T03:30:31Z,1,001g2MhymLdN59YQJG,
003t3juN7QKh8rJYLV,Alejandro,Collins,Alejandro M. Collins,Customer Success Manager,Operations,alejandro.collins.823-878@example.invalid,+1-907-555-0175,21119 Fox Stravenue,Willow Harbor,MA,38919,United States,Partner Referral,2023-08-11T17:58:48Z,0,001e0UGOTVraqTKQN3,
0032cIJPDHioYkzYVI,John,Flynn,John P. Flynn,Product Manager,Procurement,john.flynn.629-8722@example.invalid,+1-417-555-0113,688 Alex Ferry,Summit Glen,CA,84136,United States,Outbound,2021-04-14T17:21:18Z,0,001Z9FmqrbfBXeVI9A,
003MZ9IgTI4vlS0YQW,Cynthia,Phillips,Cynthia M. Phillips,Engineering Manager,Finance,cynthia.phillips.608-6252@example.invalid,+1-702-555-0180,365 Anderson Centers,Summit Glen,CA,99055,United States,Organic Search,2026-05-14T22:14:56Z,0,001GikJVQQYFMgSI6M,
003VKA8bc2GBVyyY46,Paul,Bullock,Paul B. Bullock,Solutions Architect,Finance,paul.bullock.183-4898@example.invalid,+1-377-555-0142,6114 Heather Walks,Cedar Crossing,OR,44203,United States,Organic Search,2023-09-26T01:07:52Z,0,001iIp10CH2rdjrQCH,
003F7xNHwBJn7AfAYF,Matthew,Valencia,Matthew T. Valencia,Account Director,Marketing,matthew.valencia.421-2995@example.invalid,+1-213-555-0146,106 Gail Cliffs,Alder Bay,WA,41986,United States,Organic Search,2026-03-31T16:55:51Z,0,001j6nRokzRlCs1Y07,
003z4mCRo6uXiQXY1T,Christopher,Kennedy,Christopher A. Kennedy,Solutions Architect,Marketing,christopher.kennedy.583-1036@example.invalid,+1-601-555-0150,13480 Deleon Junctions,Northhaven,NC,60433,United States,Outbound,2024-09-19T19:29:10Z,0,001jsWcaI2ueqNkQ4J,
003ggMWzweopnRCAD7,Michael,Garcia,Michael E. Garcia,Solutions Architect,Procurement,michael.garcia.552-5591@example.invalid,+1-607-555-0105,4926 Wang Ports,Lake Briar,OR,83781,United States,Partner Referral,2025-10-24T05:27:45Z,0,001aJFstC9yWgafQNG,
003UUFIyuunUarnQRI,Jessica,Barnett,Jessica E. Barnett,Operations Lead,Procurement,jessica.barnett.393-1516@example.invalid,+1-712-555-0145,23426 Elliott Centers,Northhaven,NC,51274,United States,Partner Referral,2022-09-09T09:23:11Z,0,0010jBSxx9cNJfJI6H,
003WKurLGsYoo4UIV9,Hannah,Donovan,Hannah A. Donovan,Product Manager,Operations,hannah.donovan.549-8724@example.invalid,+1-615-555-0137,040 Choi Shore,Summit Glen,WA,60643,United States,Web,2026-04-11T11:21:10Z,1,001HPdcdRz4xhIHI7A,
003L4XbHIBSSKczQPN,Scott,Reed,Scott T. Reed,Customer Success Manager,Sales,scott.reed.253-2871@example.invalid,+1-612-555-0188,238 Duncan Terrace,Alder Bay,CO,31817,United States,Customer Referral,2024-08-05T09:15:41Z,0,00134kztbICJD2tYCZ,
003YF00aMIjSewVQZQ,Judy,Morgan,Judy E. Morgan,Engineering Manager,Marketing,judy.morgan.777-3531@example.invalid,+1-675-555-0196,95001 Rose Ridge,Lake Briar,WA,98702,United States,Organic Search,2026-04-26T10:45:31Z,0,001CobSEZTi3dLCAGD,
003CRDYjsTHsCzzYF5,Dakota,Hobbs,Dakota M. Hobbs,Engineering Manager,Procurement,dakota.hobbs.246-5228@example.invalid,+1-715-555-0118,726 Powers Ranch,Summit Glen,MA,99982,United States,Partner Referral,2025-07-28T05:17:40Z,0,001j6nRokzRlCs1Y07,003aHFhAFUFcM41YBE
003S0zQPftBY4rtA8O,Bradley,Romero,Bradley C. Romero,Account Director,Customer Success,bradley.romero.472-5768@example.invalid,+1-215-555-0136,3125 Espinoza Extension,Lake Briar,CA,27457,United States,Organic Search,2023-04-05T13:55:11Z,0,00134G8VQW0MQTYI8N,
003SAwddqNhSfnkI6X,Cole,Freeman,Cole C. Freeman,Account Director,Sales,cole.freeman.335-4841@example.invalid,+1-277-555-0184,6133 Jones Shores,Summit Glen,WA,69117,United States,Partner Referral,2025-05-05T10:47:54Z,0,001upirIJhb5AGBA5J,003ei96TNl9qwfTIKK
003ZKKiDE7DfEOBQUL,Jeffrey,Pena,Jeffrey J. Pena,Account Director,Operations,jeffrey.pena.002-4169@example.invalid,+1-275-555-0175,21021 Shannon Radial,Summit Glen,CO,30267,United States,Organic Search,2025-05-28T05:47:37Z,0,001X85qfzndbjPoIS1,003YDOcx3APUUSMI69
003IBQ2GjwtlGMmQUQ,Natasha,Hardy,Natasha M. Hardy,Customer Success Manager,Engineering,natasha.hardy.265-113@example.invalid,+1-711-555-0183,97079 Powell Crest,Northhaven,OR,56731,United States,Customer Referral,2026-04-17T05:06:55Z,0,001XZVDN3n2dRIsQB9,003hKEkfAwY1accID2
003GbHpcXDChULtAL9,Andrew,Patrick,Andrew J. Patrick,Business Analyst,Customer Success,andrew.patrick.218-9218@example.invalid,+1-902-555-0156,1469 Jessica Pike,Summit Glen,OR,10994,United States,Event,2026-02-10T23:02:03Z,0,,
003XazfCUUTO3t8YR8,Teresa,Jones,Teresa D. Jones,Operations Lead,Finance,teresa.jones.248-2941@example.invalid,+1-473-555-0141,386 Romero Highway,Cedar Crossing,CO,96413,United States,Event,2023-05-02T16:53:32Z,0,001lpuGrFmSTBnuY0M,
003Fv9D7yHrgEDIA6J,James,Turner,James C. Turner,Product Manager,Marketing,james.turner.184-144@example.invalid,+1-717-555-0143,4619 Jennifer Shore,Willow Harbor,WA,86003,United States,Organic Search,2022-12-14T00:29:39Z,0,0018MjZShtig55PAG6,003bOAPrmV9QHMqQJP
003SGC03Rx0oc1mA5F,Ashley,Hoffman,Ashley S. Hoffman,Product Manager,Finance,ashley.hoffman.606-3043@example.invalid,+1-471-555-0110,405 James River,Cedar Crossing,CA,68705,United States,Outbound,2023-10-26T17:50:31Z,0,001aJFstC9yWgafQNG,
003PIsnfE5YQMdlYVF,Justin,Austin,Justin K. Austin,Operations Lead,Sales,justin.austin.764-0002@example.invalid,+1-413-555-0133,289 Clarke Village,Alder Bay,MA,70743,United States,Event,2021-05-03T13:55:26Z,0,0014WYoiYbOMlUgQDX,
0035h3Lteqqq5apA6B,Matthew,Brown,Matthew P. Brown,Solutions Architect,Operations,matthew.brown.882-6369@example.invalid,+1-213-555-0172,186 Diaz Rue,Lake Briar,OR,75568,United States,Outbound,2022-03-12T10:43:32Z,0,001Pv3IESUoMrhiAAG,
003FD5dV6K3l93CAIJ,Lisa,Tran,Lisa C. Tran,Engineering Manager,Sales,lisa.tran.828-1910@example.invalid,+1-375-555-0143,15364 Mark Motorway,Northhaven,CA,79900,United States,Organic Search,2024-04-26T04:44:57Z,0,0014rAjCuliftUBIPG,
003gibM8EWLdfqIIMK,Christopher,Stewart,Christopher E. Stewart,Product Manager,Procurement,christopher.stewart.497-1086@example.invalid,+1-472-555-0108,05276 Heather Pine,Summit Glen,CO,29151,United States,Web,2022-10-02T21:42:25Z,0,0018MjZShtig55PAG6,0031mbrTwc96BskYOY
003he5vZFsM4U6hQ0K,Grant,Wilson,Grant R. Wilson,Engineering Manager,Sales,grant.wilson.377-3784@example.invalid,+1-611-555-0127,548 Quinn Manors,Lake Briar,CO,55540,United States,Partner Referral,2021-04-13T21:58:27Z,0,001JLvRCLNllmEyYER,
003Ng7z76ZQeANqQFO,Katherine,Huber,Katherine M. Huber,Solutions Architect,Marketing,katherine.huber.497-1191@example.invalid,+1-702-555-0180,313 Dawn Views,Alder Bay,OR,15331,United States,Outbound,2025-07-30T23:30:48Z,0,,
003IoCtpdAf1sHyQPE,Ryan,Elliott,Ryan W. Elliott,Account Director,Customer Success,ryan.elliott.191-9841@example.invalid,+1-371-555-0171,367 Ball Highway,Summit Glen,NC,63440,United States,Web,2025-05-11T23:36:36Z,0,001TOsnOw1hho3AAGT,
003o7FEndX2b9bnYIG,Luis,Ramos,Luis H. Ramos,Solutions Architect,Customer Success,luis.ramos.289-2365@example.invalid,+1-377-555-0107,106 Nicole Pike,Cedar Crossing,CO,66358,United States,Partner Referral,2021-01-13T12:29:44Z,0,001F0HyTq0ZVe9LIP9,
003unNnhg4TgV1tAY1,John,Fowler,John L. Fowler,Solutions Architect,Procurement,john.fowler.536-3626@example.invalid,+1-977-555-0119,2905 Christine Pass,Summit Glen,NC,40568,United States,Customer Referral,2024-09-13T08:42:10Z,0,001HPdcdRz4xhIHI7A,
0031ouue6VvMIHmY1K,Pamela,Caldwell,Pamela C. Caldwell,Customer Success Manager,Sales,pamela.caldwell.133-1141@example.invalid,+1-675-555-0152,936 Stephanie Street,Northhaven,MA,51608,United States,Outbound,2022-08-14T12:45:10Z,0,00134G8VQW0MQTYI8N,003966clXwIsEfbYTS
003kCsx65ghko6fQ8Z,Brenda,Bailey,Brenda K. Bailey,Operations Lead,Marketing,brenda.bailey.563-8892@example.invalid,+1-473-555-0186,3264 Sheri Ports,Cedar Crossing,OR,29301,United States,Partner Referral,2025-11-02T15:08:45Z,0,0018sCn7wzuyGKcIWS,
003IhTjEGYYSFfTY49,Hailey,Sullivan,Hailey M. Sullivan,Customer Success Manager,Customer Success,hailey.sullivan.997-7807@example.invalid,+1-411-555-0138,1375 Bethany Point,Summit Glen,WA,88003,United States,Customer Referral,2022-05-09T17:45:42Z,0,001qb5RFrl2MvvDIYA,
003PlK3agrpnnQZQG6,Luis,Bauer,Luis M. Bauer,Finance Manager,Finance,luis.bauer.151-1793@example.invalid,+1-373-555-0195,585 Joel Place,Lake Briar,MA,48759,United States,Outbound,2022-04-14T17:43:35Z,0,001oPLQgL6DtzXuQJ9,
003RD5gu5K35E72A7G,Kayla,Gonzales,Kayla H. Gonzales,Business Analyst,Engineering,kayla.gonzales.513-2915@example.invalid,+1-217-555-0135,74830 Rhonda Ports,Cedar Crossing,WA,60727,United States,Outbound,2021-09-05T18:41:43Z,0,001rayeK09xezjmQSY,
003QfTiTVMtfqu0IJ1,Karen,Roman,Karen B. Roman,Finance Manager,Marketing,karen.roman.877-5286@example.invalid,+1-975-555-0137,1220 Christina Bypass,Alder Bay,TX,83410,United States,Outbound,2023-11-10T10:22:19Z,1,001vuI7W5NKUSqVAGG,
003IijzTbFYVzxCICP,Michael,Smith,Michael A. Smith,Engineering Manager,Finance,michael.smith.249-5598@example.invalid,+1-307-555-0128,481 Kathy Haven,Cedar Crossing,CA,83728,United States,Event,2025-08-09T22:13:23Z,0,001wp2Q6PkIMrfFY6U,
003MBidwWTGRUHzYB4,Kaitlyn,Bailey,Kaitlyn T. Bailey,Operations Lead,Customer Success,kaitlyn.bailey.780-1256@example.invalid,+1-213-555-0135,03995 Kimberly Prairie,Willow Harbor,CO,39470,United States,Partner Referral,2023-12-31T10:16:37Z,0,001evLCMHIsIpP4IS4,
003T19eSxKbWHfVY9G,Tiffany,Kane,Tiffany C. Kane,Product Manager,Procurement,tiffany.kane.607-9172@example.invalid,+1-377-555-0107,740 Carol Circle,Lake Briar,WA,85236,United States,Organic Search,2021-09-09T05:39:36Z,0,001cnLEQk5pZMibQH2,
003S9VdAVGmZKDaQNA,Alyssa,Ortiz,Alyssa E. Ortiz,Customer Success Manager,Operations,alyssa.ortiz.767-0067@example.invalid,+1-903-555-0139,567 Richardson Turnpike,Summit Glen,OR,16557,United States,Outbound,2025-06-29T08:10:29Z,0,001mOakw0eBtWL3I8G,
003EwvbyLlUL57XQ7B,Andrew,Bryant,Andrew D. Bryant,Business Analyst,Customer Success,andrew.bryant.634-0337@example.invalid,+1-602-555-0152,683 Shannon Harbor,Summit Glen,NC,24580,United States,Partner Referral,2021-09-22T21:28:06Z,0,0017q85b1UbQ3zNQ8K,
003SSAgSVe7BHknAZP,Samuel,Sanchez,Samuel D. Sanchez,Operations Lead,Engineering,samuel.sanchez.572-6895@example.invalid,+1-205-555-0184,1045 Vasquez Flats,Northhaven,OR,21325,United States,Partner Referral,2026-02-21T16:40:28Z,0,001BjMFM5mN692fQ0D,
003p7B9c0wp3EAYAKN,Dan,Mason,Dan M. Mason,Account Director,Customer Success,dan.mason.379-1924@example.invalid,+1-711-555-0183,2159 Alicia Village,Willow Harbor,TX,94634,United States,Outbound,2026-03-10T06:05:18Z,0,001CAfL4eM9INwqAJY,
003gAT9CwfsSaNnIGT,Richard,Ford,Richard K. Ford,Business Analyst,Procurement,richard.ford.313-6526@example.invalid,+1-705-555-0162,493 Lori Port,Alder Bay,CA,43480,United States,Partner Referral,2025-09-14T23:11:58Z,1,,
003qK42NKkhUdqCYID,John,Ortega,John C. Ortega,Product Manager,Marketing,john.ortega.337-4166@example.invalid,+1-317-555-0169,716 Morrison Summit,Willow Harbor,NC,37062,United States,Event,2021-06-24T16:13:03Z,0,0014pV3Hc4QcEQfYGG,
0037M62rbyqrXEmYO4,Diana,Evans,Diana D. Evans,Customer Success Manager,Customer Success,diana.evans.884-1812@example.invalid,+1-907-555-0116,0142 Charles Shore,Alder Bay,MA,56008,United States,Web,2026-05-28T16:36:56Z,0,0012B0IsTb8G7BVAST,
00324SkSh22hkotYEY,Alicia,Morris,Alicia C. Morris,Product Manager,Sales,alicia.morris.484-6641@example.invalid,+1-607-555-0166,70889 Reilly Pass,Lake Briar,MA,21819,United States,Outbound,2021-02-01T16:09:03Z,0,001OH94vlTF3MI8Y08,
003kTdlZvxIFlRTQ4A,Crystal,Steele,Crystal A. Steele,Engineering Manager,Customer Success,crystal.steele.045-3652@example.invalid,+1-901-555-0114,1236 Kevin Lodge,Summit Glen,MA,76147,United States,Web,2024-09-09T21:34:08Z,0,001pTWz3tTkTLr9I1D,
003whK8AT5aVI5MAO9,Reginald,Mckay,Reginald B. Mckay,Business Analyst,Engineering,reginald.mckay.967-8608@example.invalid,+1-211-555-0129,0783 Tony Spring,Northhaven,NC,35580,United States,Customer Referral,2025-01-21T22:24:44Z,0,,
003j9lVzhHUQGwfIXA,Kelly,Newman,Kelly S. Newman,Business Analyst,Engineering,kelly.newman.733-6557@example.invalid,+1-705-555-0162,17028 Garcia Divide,Northhaven,CA,97256,United States,Outbound,2026-06-12T04:05:34Z,0,001IZMzpc9F1Z8oAA7,
00343LPiVMzOHpwQOI,Christopher,Herman,Christopher J. Herman,Product Manager,Procurement,christopher.herman.785-6456@example.invalid,+1-701-555-0186,14131 Michael Throughway,Cedar Crossing,CO,59293,United States,Organic Search,2021-04-18T07:12:16Z,0,001g2MhymLdN59YQJG,
003XCSqIckOHn4lIIS,Julian,Dalton,Julian S. Dalton,Operations Lead,Finance,julian.dalton.961-6482@example.invalid,+1-707-555-0199,4724 Christina Meadow,Lake Briar,OR,90866,United States,Organic Search,2024-01-13T09:22:03Z,1,00134G8VQW0MQTYI8N,
0036fgaibM8aK8xQCR,Heather,Walton,Heather J. Walton,Customer Success Manager,Operations,heather.walton.890-8125@example.invalid,+1-472-555-0116,214 Scott Loop,Northhaven,OR,18825,United States,Partner Referral,2022-08-08T17:30:28Z,0,001avRKkn0zGBkGQ4J,
003VmqiZ33dpcQtYHJ,Meredith,Lopez,Meredith A. Lopez,Finance Manager,Engineering,meredith.lopez.197-8069@example.invalid,+1-417-555-0110,450 David Dale,Northhaven,TX,58078,United States,Organic Search,2021-05-23T12:14:00Z,0,001Y7WfxpecwwzUQ8R,
003BKm8d8y3hFeJAQZ,Matthew,Roberts,Matthew L. Roberts,Business Analyst,Operations,matthew.roberts.386-8421@example.invalid,+1-777-555-0171,62189 Murphy Rapid,Summit Glen,CO,72323,United States,Partner Referral,2022-06-08T19:53:48Z,1,0018fHG08zFMfdsQ4N,
00315CDrgQ5tpKSQ2J,Nicholas,Owens,Nicholas N. Owens,Business Analyst,Marketing,nicholas.owens.937-4304@example.invalid,+1-411-555-0112,4204 Henderson Lakes,Summit Glen,CO,95120,United States,Outbound,2025-09-22T23:58:48Z,0,,
003qOJR4n4AfhN6QNV,Wayne,Rodriguez,Wayne B. Rodriguez,Finance Manager,Customer Success,wayne.rodriguez.406-1830@example.invalid,+1-302-555-0141,0165 Perez Center,Cedar Crossing,OR,18845,United States,Partner Referral,2021-09-23T10:04:27Z,0,001Onbk5O4QRQcvA7I,
003Y8771g12DY7uA93,John,Mathews,John R. Mathews,Product Manager,Sales,john.mathews.308-6084@example.invalid,+1-373-555-0137,488 Holder Avenue,Willow Harbor,CO,50807,United States,Event,2021-11-28T01:37:27Z,0,001oPLQgL6DtzXuQJ9,
003uJedNLsEUuOzAGV,Gary,Johnson,Gary C. Johnson,Operations Lead,Finance,gary.johnson.550-912@example.invalid,+1-915-555-0159,38848 Dean Divide,Lake Briar,OR,88822,United States,Partner Referral,2022-09-18T17:48:08Z,1,001kMbAjX61mcJnIFJ,0039R8Ib9TvdDA2IM7
003LlJq3Dr4OalLYX7,David,Jefferson,David T. Jefferson,Product Manager,Operations,david.jefferson.553-5801@example.invalid,+1-207-555-0145,3753 Reed Radial,Alder Bay,CO,42637,United States,Event,2026-06-26T14:35:49Z,0,001mr80ElRqK1bZQVC,003nPbAyKFB9ieCAE2
003D1HiqSb3yIm1QDF,Michael,Page,Michael S. Page,Business Analyst,Customer Success,michael.page.222-8321@example.invalid,+1-711-555-0144,547 Singh Ways,Cedar Crossing,WA,88246,United States,Partner Referral,2022-11-15T01:49:44Z,0,001N2mO6ogfdaXBYDK,
003Ds2YGIiay3SUYCI,Ruben,Robinson,Ruben K. Robinson,Product Manager,Marketing,ruben.robinson.267-8017@example.invalid,+1-213-555-0172,75080 Catherine Loaf,Alder Bay,WA,78597,United States,Organic Search,2026-01-22T10:19:16Z,0,001tvKQbYklnB9tY2P,
003mlM94OfMe2d3AIU,Emily,Cortez,Emily E. Cortez,Account Director,Sales,emily.cortez.348-9023@example.invalid,+1-777-555-0140,165 Joshua Glens,Cedar Crossing,WA,71619,United States,Event,2023-03-04T17:47:20Z,0,001kC1LlUdj8c3zY68,
003b8STE2U5AHGQQTD,Michael,Sandoval,Michael E. Sandoval,Account Director,Engineering,michael.sandoval.112-0989@example.invalid,+1-403-555-0125,969 Nicole Track,Lake Briar,CO,34337,United States,Web,2024-02-15T14:04:31Z,0,001wXq5LbckG7u9AEU,
0035heRF4LfS5QHQ5B,George,Holland,George H. Holland,Customer Success Manager,Procurement,george.holland.860-8241@example.invalid,+1-715-555-0108,397 Adrienne Freeway,Cedar Crossing,TX,57299,United States,Customer Referral,2025-05-22T15:53:53Z,1,001ZtdM0LykySWPIE4,003yq5gxHBGLn2EYLY
003yFJa6PAPJltMY99,Victoria,Pierce,Victoria T. Pierce,Product Manager,Operations,victoria.pierce.362-2441@example.invalid,+1-213-555-0191,01867 Gray Cape,Lake Briar,TX,29156,United States,Outbound,2024-12-18T10:50:36Z,0,001kBV5ho7M1GOwA4E,
003YlPvMmGA2YmCQGF,Elizabeth,Thompson,Elizabeth J. Thompson,Account Director,Procurement,elizabeth.thompson.054-6605@example.invalid,+1-773-555-0106,235 Ortiz Radial,Cedar Crossing,NC,73051,United States,Outbound,2023-09-06T11:51:50Z,0,0013e2Rh2QW4yB5YBM,003MDLNBmHL5yk4AHY
003BFSmgmXsM1wDQUO,Martha,Gilmore,Martha S. Gilmore,Finance Manager,Operations,martha.gilmore.589-2716@example.invalid,+1-615-555-0132,65411 Valerie Alley,Northhaven,WA,68512,United States,Customer Referral,2024-07-19T06:17:45Z,1,,
0039eRjyiv8I347AFD,James,Rich,James M. Rich,Customer Success Manager,Operations,james.rich.897-2123@example.invalid,+1-272-555-0170,0838 Grant Pike,Northhaven,OR,52569,United States,Web,2021-12-12T01:30:26Z,0,,003vlJeGey2MqXSAKZ
003USnXTdtUYl4AI7N,Matthew,Ward,Matthew B. Ward,Finance Manager,Engineering,matthew.ward.660-4634@example.invalid,+1-613-555-0135,7898 Omar Hollow,Lake Briar,NC,23102,United States,Organic Search,2022-08-08T21:10:52Z,0,001j6nRokzRlCs1Y07,0034Mbf7P57GEUjYUK
003MqzQMaSwikQPA9S,Karen,Mcintyre,Karen B. Mcintyre,Business Analyst,Customer Success,karen.mcintyre.894-1800@example.invalid,+1-201-555-0158,962 Adams Estates,Cedar Crossing,OR,89322,United States,Web,2025-12-21T17:21:23Z,0,001nyKCWKQ4K1MEQBJ,
00363itkVboZZ8tQLD,Amanda,Rogers,Amanda B. Rogers,Account Director,Operations,amanda.rogers.209-6798@example.invalid,+1-377-555-0105,25709 Sharon Causeway,Northhaven,WA,73162,United States,Web,2022-10-18T09:27:07Z,0,001Rc1LJzjoerNoYJJ,
003DG7Ix16qlS43IC6,Mark,Ward,Mark B. Ward,Product Manager,Operations,mark.ward.974-4908@example.invalid,+1-413-555-0103,61685 Timothy Circle,Willow Harbor,WA,53035,United States,Web,2023-07-13T08:06:15Z,0,001WiF4egJw4fFCI62,
0033VgRWoDPXOFpQ0C,Melissa,Benitez,Melissa A. Benitez,Finance Manager,Procurement,melissa.benitez.779-1584@example.invalid,+1-672-555-0139,71695 Adam Orchard,Cedar Crossing,TX,32992,United States,Event,2026-03-23T22:36:27Z,1,0019ojrY0cvCQ2UQ6L,
0032ArLNpNDWOqHYNC,Gary,Strong,Gary M. Strong,Solutions Architect,Operations,gary.strong.658-2713@example.invalid,+1-472-555-0145,98273 Shepherd Corner,Cedar Crossing,MA,97095,United States,Partner Referral,2024-08-15T18:20:30Z,0,0018c9GjM4ln0cnQIN,
003JKW34FpOgODTQ8R,Matthew,Alvarez,Matthew J. Alvarez,Finance Manager,Operations,matthew.alvarez.454-599@example.invalid,+1-405-555-0133,606 Lee Plaza,Cedar Crossing,MA,74575,United States,Outbound,2025-06-05T10:44:15Z,0,001PygtS3FHgKj8Q8G,
003LuPeALFLZz60QDO,John,Reese,John T. Reese,Operations Lead,Marketing,john.reese.930-9257@example.invalid,+1-601-555-0170,1562 Anne Stream,Cedar Crossing,TX,65968,United States,Partner Referral,2022-06-19T15:32:16Z,0,001yU1qilS2HtnNQUW,
0034An1iMdYixtaQ0I,Vanessa,Mendoza,Vanessa S. Mendoza,Solutions Architect,Sales,vanessa.mendoza.662-4381@example.invalid,+1-701-555-0164,760 Gary Burg,Northhaven,MA,56752,United States,Partner Referral,2023-03-26T07:25:40Z,0,0014pV3Hc4QcEQfYGG,
003fbppXXVC8449QNH,Mary,Cortez,Mary M. Cortez,Account Director,Procurement,mary.cortez.360-893@example.invalid,+1-912-555-0110,259 Alexander River,Cedar Crossing,TX,52758,United States,Outbound,2021-05-05T02:28:17Z,0,001rLqfAY4OfLS1QF8,003TzZeo9ark3IEAUI
003CBTA7ejmf7lHQB2,Tanner,Wells,Tanner C. Wells,Operations Lead,Marketing,tanner.wells.007-3607@example.invalid,+1-905-555-0116,104 Martinez Bypass,Cedar Crossing,WA,49247,United States,Partner Referral,2024-06-28T01:44:16Z,0,001xCcjaWJxjfQtAJX,
003L52iGUSEULYIQTF,Robert,Allen,Robert C. Allen,Product Manager,Procurement,robert.allen.896-4876@example.invalid,+1-601-555-0103,7990 Raymond Meadow,Cedar Crossing,MA,98673,United States,Customer Referral,2024-08-28T18:24:30Z,0,001UhwyHPMFM5liAM5,
003ytyzCkZV3bbPYVE,Christy,Chen,Christy C. Chen,Account Director,Engineering,christy.chen.486-6366@example.invalid,+1-903-555-0197,55032 Poole Cliffs,Lake Briar,NC,45694,United States,Web,2025-07-12T18:04:37Z,0,001QyXsd9TwobRQI3B,
00349RXX5ryqLh0IU2,Brianna,Franklin,Brianna A. Franklin,Solutions Architect,Sales,brianna.franklin.900-9739@example.invalid,+1-311-555-0140,90605 Adam Track,Northhaven,TX,43324,United States,Partner Referral,2023-04-22T07:49:48Z,0,001j6nRokzRlCs1Y07,
003qX9PyVBghmgsYYV,Carl,Pena,Carl S. Pena,Business Analyst,Operations,carl.pena.336-3721@example.invalid,+1-273-555-0189,964 Randall Fort,Cedar Crossing,OR,99141,United States,Organic Search,2025-01-07T13:54:34Z,1,001c7rzVaNFRVVTYG3,
0033SEdevRo9e7GIBC,Julie,Baker,Julie M. Baker,Product Manager,Marketing,julie.baker.082-4261@example.invalid,+1-912-555-0116,219 Carlos Pine,Northhaven,NC,72320,United States,Customer Referral,2025-10-03T06:57:38Z,1,001n8Q7o6w0wrFoIIH,00314EqFS46qtYqQRH
003zxHlxoplJHvQY0O,Kelly,Haley,Kelly R. Haley,Operations Lead,Operations,kelly.haley.490-8786@example.invalid,+1-212-555-0177,3789 Carlos Lane,Northhaven,CA,32884,United States,Organic Search,2022-03-14T01:47:57Z,0,0018MjZShtig55PAG6,
003VMcAQu6AgWg0YG4,Eric,Jackson,Eric R. Jackson,Finance Manager,Engineering,eric.jackson.600-6221@example.invalid,+1-475-555-0165,22041 Ramirez Harbors,Lake Briar,NC,26025,United States,Web,2026-06-21T03:47:45Z,0,001PygtS3FHgKj8Q8G,003JLliZnGL5ZqZIJ6
003sRiiIXTJElH8ILC,Michelle,Ford,Michelle R. Ford,Business Analyst,Finance,michelle.ford.992-7169@example.invalid,+1-771-555-0124,5213 Robbins Canyon,Alder Bay,CO,41682,United States,Event,2022-01-26T00:35:25Z,0,001R4mUDXDD6VZPI0I,
003Ot7H5C2LkErNYQ5,Charles,Cruz,Charles K. Cruz,Engineering Manager,Customer Success,charles.cruz.599-1795@example.invalid,+1-612-555-0105,61746 Michelle Estate,Northhaven,WA,63690,United States,Organic Search,2024-07-21T15:44:33Z,0,001YbEX62vgcJCrQQH,
0034nxjHgc0WFj9I5K,Jesus,Zuniga,Jesus K. Zuniga,Finance Manager,Finance,jesus.zuniga.770-1055@example.invalid,+1-372-555-0179,6706 Jackie Drives,Northhaven,WA,47335,United States,Partner Referral,2021-11-13T19:01:20Z,0,,003qZ2BFiYFEDWNAQ2
003YJKqTOuw9L5BY6V,Deanna,Ramsey,Deanna T. Ramsey,Operations Lead,Operations,deanna.ramsey.669-0589@example.invalid,+1-777-555-0192,62611 Schmitt Glens,Alder Bay,TX,38203,United States,Customer Referral,2024-02-05T14:54:24Z,0,001Ts4G5LvwmAxUY42,003m51PQv9gnR31YU9
003RGJ5ILsECVsWA8Q,Timothy,Townsend,Timothy P. Townsend,Solutions Architect,Finance,timothy.townsend.646-6270@example.invalid,+1-375-555-0177,532 Valentine Ferry,Northhaven,TX,14716,United States,Outbound,2024-10-04T09:07:54Z,0,001OyqT9LtQtE0fYGU,
0038KoaB9nxZsSwIJL,Ronald,Cherry,Ronald K. Cherry,Customer Success Manager,Engineering,ronald.cherry.405-5503@example.invalid,+1-907-555-0175,6945 Michael Garden,Alder Bay,WA,94381,United States,Partner Referral,2025-08-25T10:36:51Z,0,001lppe6kqinEz1A7H,
003bdNCgMfa7CoaYN8,Mark,Tyler,Mark J. Tyler,Engineering Manager,Procurement,mark.tyler.272-0149@example.invalid,+1-677-555-0127,2692 Buchanan Landing,Summit Glen,CA,53568,United States,Organic Search,2024-10-30T13:10:26Z,0,001OPCPaC5KbkUKAXY,003AWiA5w6U96FlA3S
003qYQ4UBYJNPzgA6W,Stephen,Scott,Stephen W. Scott,Engineering Manager,Procurement,stephen.scott.295-5581@example.invalid,+1-911-555-0182,4307 Robinson Trail,Northhaven,OR,38195,United States,Customer Referral,2024-09-16T00:02:35Z,0,0014xFF5q1fi7GwQMP,
003y6ePFePqAiqhAK6,Monica,Nguyen,Monica M. Nguyen,Account Director,Sales,monica.nguyen.782-8860@example.invalid,+1-917-555-0188,701 Lee Estates,Cedar Crossing,CA,36599,United States,Partner Referral,2024-11-17T00:23:29Z,0,001ZY5fWAv2Bxc1Q9C,
003nDXcQHq0OOuGIH5,Elizabeth,Ford,Elizabeth T. Ford,Operations Lead,Finance,elizabeth.ford.116-8480@example.invalid,+1-901-555-0127,5800 Samantha Orchard,Summit Glen,CO,42095,United States,Event,2022-11-12T21:39:23Z,0,001j6nRokzRlCs1Y07,003mjuXxIT09fGrAAO
003A3eY9NsoTs0hACH,Mary,Combs,Mary R. Combs,Customer Success Manager,Sales,mary.combs.488-9306@example.invalid,+1-471-555-0103,86209 Barbara Roads,Alder Bay,CO,29367,United States,Outbound,2024-11-10T00:17:27Z,0,001OR7GRtb417SOIE9,
0038hPjiyLY5KZaIZG,Brian,Holt,Brian L. Holt,Engineering Manager,Operations,brian.holt.809-7355@example.invalid,+1-973-555-0105,66185 Terrence Course,Lake Briar,NC,54608,United States,Organic Search,2025-10-19T03:01:44Z,0,001gn26KfjMg4ZII8J,
003V9OrTwPk7O33QQG,Madison,Anderson,Madison A. Anderson,Operations Lead,Procurement,madison.anderson.429-3904@example.invalid,+1-777-555-0186,6484 Mendoza Islands,Willow Harbor,NC,11147,United States,Outbound,2021-09-19T22:43:13Z,0,001aJFstC9yWgafQNG,
003BdmepSnncyxLQ9A,Michael,Wilson,Michael A. Wilson,Engineering Manager,Finance,michael.wilson.453-9475@example.invalid,+1-973-555-0145,535 Rachel Gardens,Alder Bay,CO,19168,United States,Partner Referral,2024-04-16T09:00:19Z,0,0013e2Rh2QW4yB5YBM,
003OnVQVbt2cOpYA2L,Kyle,Kerr,Kyle L. Kerr,Engineering Manager,Customer Success,kyle.kerr.936-6550@example.invalid,+1-705-555-0103,463 Sandoval Lights,Cedar Crossing,MA,44417,United States,Partner Referral,2025-03-19T22:02:43Z,1,001GvUdh6yZWB0wIIH,
003hCTxoAAKlB9rYEF,Heather,Franklin,Heather J. Franklin,Operations Lead,Engineering,heather.franklin.812-9062@example.invalid,+1-702-555-0119,535 Rachel Gardens,Willow Harbor,TX,86716,United States,Partner Referral,2022-09-17T07:37:19Z,0,001b9Ubd6IpdBJKANL,
003INnMnBh04sdGY8O,Jessica,Jones,Jessica J. Jones,Customer Success Manager,Sales,jessica.jones.014-9262@example.invalid,+1-613-555-0135,8752 Thomas Alley,Lake Briar,CA,28782,United States,Outbound,2023-04-28T17:58:31Z,0,001b1XyoVMftFmnY3Z,
003Hft4JMPdcICEALJ,Adrian,Bates,Adrian C. Bates,Operations Lead,Sales,adrian.bates.942-7090@example.invalid,+1-707-555-0199,760 Lewis Expressway,Northhaven,MA,90714,United States,Partner Referral,2021-04-03T07:28:29Z,0,001tvKQbYklnB9tY2P,
003MaS87mCEpggOQI5,Robert,Rollins,Robert J. Rollins,Business Analyst,Customer Success,robert.rollins.556-2746@example.invalid,+1-973-555-0105,5430 White Crossing,Willow Harbor,TX,67141,United States,Outbound,2023-07-02T16:27:48Z,0,001gDwR4bq40bkiQ0U,
003q1LR3e4U5b7BAQM,Michele,Mcdaniel,Michele R. Mcdaniel,Operations Lead,Finance,michele.mcdaniel.776-5466@example.invalid,+1-675-555-0152,676 Armstrong Ramp,Northhaven,TX,17678,United States,Customer Referral,2024-10-19T09:51:52Z,0,001sS1Mj9gSLRavQC2,
003Bc2Z6EJzXtrvYGW,Michael,Morrison,Michael M. Morrison,Account Director,Marketing,michael.morrison.237-8144@example.invalid,+1-312-555-0146,95296 Manuel Causeway,Summit Glen,WA,27997,United States,Partner Referral,2024-09-08T23:11:56Z,0,001cnLEQk5pZMibQH2,
003HrSEjdZAAENtY07,Taylor,Wells,Taylor S. Wells,Business Analyst,Engineering,taylor.wells.007-3371@example.invalid,+1-602-555-0152,3454 Mcgee Inlet,Lake Briar,CA,58497,United States,Customer Referral,2021-10-27T13:57:02Z,1,001E8sva5lyIcGMIKX,
003cQYFJhLOFpaDATG,Walter,Orozco,Walter B. Orozco,Account Director,Operations,walter.orozco.738-6414@example.invalid,+1-901-555-0169,586 Catherine Neck,Cedar Crossing,CA,68761,United States,Partner Referral,2022-07-10T02:44:08Z,0,001dbHSEev61SnuI4N,
003GjAG0PksZYGaY7O,Jeffery,Hunter,Jeffery M. Hunter,Engineering Manager,Engineering,jeffery.hunter.568-450@example.invalid,+1-675-555-0152,5579 Michele Crossroad,Alder Bay,TX,82879,United States,Partner Referral,2022-05-11T01:39:29Z,0,001NlUpPvRS2wnzIYM,
003iCB95EuODRoSQEP,Michelle,Gill,Michelle R. Gill,Operations Lead,Finance,michelle.gill.579-4150@example.invalid,+1-311-555-0140,963 Aguilar Road,Lake Briar,MA,18760,United States,Customer Referral,2022-11-06T19:42:08Z,0,001Rc1LJzjoerNoYJJ,0037sCJ2VpZ2dhXAQ4
003QfRPBunwS0dvYKE,Nichole,Carroll,Nichole A. Carroll,Business Analyst,Operations,nichole.carroll.029-0825@example.invalid,+1-412-555-0134,62203 Kyle Highway,Northhaven,MA,42976,United States,Organic Search,2021-07-05T09:13:49Z,0,001rpVRMvKUYUnZQWY,
003ZRmXunaCM7ErY90,Pamela,Burton,Pamela W. Burton,Account Director,Operations,pamela.burton.955-9540@example.invalid,+1-277-555-0121,1743 Kevin Ville,Alder Bay,CA,42860,United States,Outbound,2021-07-09T20:06:56Z,0,001jsWcaI2ueqNkQ4J,
003WuzASvVoY4Q6AXR,Kenneth,Crawford,Kenneth B. Crawford,Engineering Manager,Marketing,kenneth.crawford.121-0770@example.invalid,+1-277-555-0184,33030 James Lodge,Lake Briar,WA,86926,United States,Partner Referral,2025-03-02T01:19:19Z,0,001qP46mGWsPnuOQ5R,
003QphbEsCBXtPFY5A,Beth,Caldwell,Beth S. Caldwell,Solutions Architect,Sales,beth.caldwell.186-4837@example.invalid,+1-413-555-0163,472 Anthony Groves,Alder Bay,WA,67304,United States,Organic Search,2021-03-24T11:13:11Z,0,001FChipDL8FyVaQQG,
003fplOthROj938AQA,Julie,Wilson,Julie M. Wilson,Business Analyst,Sales,julie.wilson.598-5769@example.invalid,+1-275-555-0191,240 Ward Plains,Alder Bay,TX,79464,United States,Event,2024-06-16T21:19:56Z,0,001oPLQgL6DtzXuQJ9,
0030GZXNtmOHjBUQDS,Glen,Russell,Glen J. Russell,Engineering Manager,Marketing,glen.russell.147-7839@example.invalid,+1-472-555-0184,21211 David Mount,Willow Harbor,OR,49794,United States,Partner Referral,2023-07-06T14:57:52Z,0,001rfSg90dRC6Q8Q6D,
003lP94paVq8kfZAQ6,Ashley,Duncan,Ashley S. Duncan,Engineering Manager,Customer Success,ashley.duncan.198-4023@example.invalid,+1-615-555-0137,1712 Douglas Park,Alder Bay,CA,76809,United States,Web,2022-02-17T09:45:53Z,0,001iIp10CH2rdjrQCH,
003lYtLpji3oHtSQB1,Michael,Lewis,Michael A. Lewis,Engineering Manager,Finance,michael.lewis.058-9074@example.invalid,+1-211-555-0154,48878 Smith Mountain,Alder Bay,CA,57935,United States,Partner Referral,2022-06-21T08:26:32Z,0,001GIi2sHi8hI1AQ7T,
003NgFGSAt3xzoGAKH,Nancy,Turner,Nancy N. Turner,Finance Manager,Customer Success,nancy.turner.769-4918@example.invalid,+1-212-555-0160,25920 Miller Locks,Willow Harbor,CA,61683,United States,Organic Search,2022-08-23T10:28:57Z,0,001vuI7W5NKUSqVAGG,
003t8jpzMj1nP8TQM3,George,Jacobs,George K. Jacobs,Customer Success Manager,Marketing,george.jacobs.253-5895@example.invalid,+1-703-555-0193,420 Bennett Isle,Summit Glen,WA,56742,United States,Outbound,2025-01-09T05:16:21Z,0,,
003AEFK8qD0BZH4AK2,Shelley,Costa,Shelley C. Costa,Solutions Architect,Engineering,shelley.costa.560-2338@example.invalid,+1-912-555-0117,15481 Medina Ways,Lake Briar,OR,48455,United States,Partner Referral,2021-06-19T17:14:15Z,0,001gQSNxeXgntf7YR3,
003zlDJBeSE6i1PIZ5,Erika,Williams,Erika M. Williams,Finance Manager,Marketing,erika.williams.766-4801@example.invalid,+1-972-555-0122,3585 Little Haven,Alder Bay,WA,92349,United States,Partner Referral,2024-06-29T04:17:46Z,0,001wOS4RTezb6AxY4U,
00338EFCa6tmFcaIUK,Andrea,Compton,Andrea C. Compton,Business Analyst,Marketing,andrea.compton.848-3754@example.invalid,+1-377-555-0119,314 Pace Port,Summit Glen,TX,68747,United States,Event,2023-03-19T12:15:45Z,0,001th7qwAjYM77cYBH,
003LZozjaiYJPEfQK1,Gregory,Carr,Gregory F. Carr,Operations Lead,Procurement,gregory.carr.552-0311@example.invalid,+1-417-555-0135,3285 Amy Field,Willow Harbor,MA,27133,United States,Web,2021-09-09T15:17:36Z,1,001HPdcdRz4xhIHI7A,
003FAldOOXWMGCrI0H,Phillip,White,Phillip K. White,Operations Lead,Procurement,phillip.white.584-5030@example.invalid,+1-715-555-0133,389 Nunez Ford,Alder Bay,MA,23640,United States,Customer Referral,2024-07-11T00:18:06Z,0,001Ivgehi2RhpxmIXK,
003kXAoMVrqX9gjAZB,Jeffrey,Bennett,Jeffrey H. Bennett,Operations Lead,Procurement,jeffrey.bennett.045-7166@example.invalid,+1-403-555-0108,921 Michael Ferry,Summit Glen,OR,55398,United States,Outbound,2021-03-10T16:45:20Z,0,001LDvrdIgxRUc4IID,
0035XXulAeWBcYeIKT,Kenneth,Thomas,Kenneth J. Thomas,Customer Success Manager,Engineering,kenneth.thomas.870-5411@example.invalid,+1-212-555-0152,279 Huber Crescent,Lake Briar,NC,77284,United States,Partner Referral,2025-10-10T01:24:31Z,0,001tvKQbYklnB9tY2P,
003ohqLeQTb3jEkI4S,Billy,Bell,Billy J. Bell,Operations Lead,Sales,billy.bell.409-1608@example.invalid,+1-611-555-0143,9899 Matthew Fork,Lake Briar,WA,16889,United States,Partner Referral,2022-10-08T04:25:46Z,0,001GjfBhJ295BInY2G,
003F7FFpQhCYBgJAKA,Kathleen,Ballard,Kathleen K. Ballard,Solutions Architect,Customer Success,kathleen.ballard.043-1377@example.invalid,+1-701-555-0175,748 Jennings Vista,Summit Glen,CA,35331,United States,Customer Referral,2024-01-31T11:25:19Z,0,001iIp10CH2rdjrQCH,
003c7EQmeH2zJO1QIK,Daniel,Guerrero,Daniel N. Guerrero,Customer Success Manager,Customer Success,daniel.guerrero.608-5281@example.invalid,+1-915-555-0125,286 Mark Extension,Northhaven,OR,85591,United States,Customer Referral,2023-06-10T10:00:49Z,1,001ZX951OeRh6EHIOJ,
003Xe5rt4wZIpq2YTG,Julie,Caldwell,Julie M. Caldwell,Business Analyst,Marketing,julie.caldwell.314-0886@example.invalid,+1-603-555-0198,983 Mark Inlet,Alder Bay,WA,96537,United States,Event,2021-07-20T22:46:09Z,1,001Z9FmqrbfBXeVI9A,
003cZ1PwW33yisTY2K,Carolyn,Aguilar,Carolyn S. Aguilar,Engineering Manager,Procurement,carolyn.aguilar.930-7032@example.invalid,+1-403-555-0167,530 Hughes Court,Cedar Crossing,WA,68538,United States,Web,2021-05-03T22:01:55Z,0,001h3qGmTCLTLLkQZJ,
003aMP3YkGdWKoBIM1,Jeffrey,Norton,Jeffrey H. Norton,Finance Manager,Operations,jeffrey.norton.070-4123@example.invalid,+1-375-555-0169,103 Ellison Hollow,Alder Bay,CA,10638,United States,Outbound,2021-06-06T08:15:41Z,0,001ev39cBq0xejNIY0,003OIgHSksq2tYtQRO
0032bztYjov6Fs6Y0N,Wendy,Yates,Wendy T. Yates,Solutions Architect,Customer Success,wendy.yates.823-8440@example.invalid,+1-705-555-0179,21905 Jason Roads,Alder Bay,WA,40718,United States,Event,2022-01-20T15:24:19Z,0,001Ivgehi2RhpxmIXK,
003klJjRODG9dwwY68,Wendy,White,Wendy J. White,Solutions Architect,Sales,wendy.white.486-1946@example.invalid,+1-673-555-0185,24553 Gabriel Village,Willow Harbor,CO,48325,United States,Organic Search,2021-07-07T12:38:04Z,1,0014WYoiYbOMlUgQDX,003tliMSFlGrNtvQRU
003BSDCSkklvd9EAYG,Clifford,Garcia,Clifford T. Garcia,Customer Success Manager,Engineering,clifford.garcia.294-2434@example.invalid,+1-773-555-0189,425 Jennifer Island,Northhaven,TX,88797,United States,Customer Referral,2021-08-18T19:35:51Z,0,001DbG9gnZEl0ZPAAY,
003qg1kTD89dMrOQ79,Bryan,Rodriguez,Bryan T. Rodriguez,Operations Lead,Operations,bryan.rodriguez.261-8003@example.invalid,+1-701-555-0164,3524 Russo Street,Lake Briar,MA,80587,United States,Event,2023-07-26T09:16:57Z,0,001eMGa7Y6CNd3wIQE,
003mUgwQ9hiHh7fIOV,Brian,Randolph,Brian D. Randolph,Solutions Architect,Customer Success,brian.randolph.352-4350@example.invalid,+1-901-555-0127,926 William Parkways,Alder Bay,TX,54588,United States,Organic Search,2022-03-25T05:03:05Z,0,001PygtS3FHgKj8Q8G,003tliMSFlGrNtvQRU
003yoRJlL7kWDV0I1D,Wendy,Perry,Wendy B. Perry,Account Director,Marketing,wendy.perry.593-0255@example.invalid,+1-913-555-0134,378 Craig Port,Willow Harbor,OR,24787,United States,Web,2024-04-18T23:09:08Z,0,001DvFcs2OCjLNHAFJ,003uvIfIopZaMbyQ8S
0033OyTlO5QHrP3Y9O,Lisa,Salinas,Lisa B. Salinas,Solutions Architect,Operations,lisa.salinas.109-356@example.invalid,+1-613-555-0129,4509 Hannah Creek,Summit Glen,NC,72515,United States,Web,2024-12-22T01:12:24Z,0,001vYy7997Ekj5pAHO,
003MFEL7zy06OMDQY2,Susan,Stanley,Susan S. Stanley,Operations Lead,Operations,susan.stanley.409-5089@example.invalid,+1-712-555-0145,7595 Sonia Streets,Lake Briar,NC,31111,United States,Customer Referral,2022-05-01T04:35:25Z,0,001n3aMHCveux7aI17,003ei96TNl9qwfTIKK
0035o5gdXA6uoljY5G,Cody,Jones,Cody K. Jones,Operations Lead,Sales,cody.jones.552-0490@example.invalid,+1-917-555-0188,43672 Hendrix Cove,Alder Bay,NC,29359,United States,Partner Referral,2022-05-26T18:05:14Z,0,001EocC12jSBhyyIOU,
003GrhUwSUskHDNARO,Kayla,Banks,Kayla K. Banks,Finance Manager,Operations,kayla.banks.453-1864@example.invalid,+1-672-555-0193,86693 Madeline Landing,Lake Briar,NC,64520,United States,Web,2024-03-14T05:45:50Z,1,001lpuGrFmSTBnuY0M,
003P4MTvFelGRodQ08,Brandon,Hamilton,Brandon S. Hamilton,Finance Manager,Finance,brandon.hamilton.784-8864@example.invalid,+1-907-555-0168,551 Jennifer Canyon,Alder Bay,WA,80406,United States,Outbound,2024-02-16T03:09:25Z,0,001MT8Df5qbnGRWI8L,
003QUsbNgVxP4HJYE9,Daisy,Brown,Daisy C. Brown,Product Manager,Engineering,daisy.brown.475-3710@example.invalid,+1-211-555-0119,8969 Jason Garden,Lake Briar,MA,68958,United States,Outbound,2023-04-11T19:25:05Z,0,001t1tQX1aEupiNQXE,
003UtevdsYUcLJAQ8A,Tina,Reed,Tina L. Reed,Solutions Architect,Operations,tina.reed.042-6212@example.invalid,+1-211-555-0129,028 Thomas Falls,Alder Bay,OR,82068,United States,Outbound,2024-12-14T07:34:46Z,0,001vywMtDWYqGORIQP,
0034flqFUZ8tjbOQFU,Laurie,Davis,Laurie A. Davis,Finance Manager,Sales,laurie.davis.031-0411@example.invalid,+1-912-555-0101,58464 Theresa Crossing,Willow Harbor,MA,48960,United States,Partner Referral,2024-07-26T14:45:35Z,0,001ZmXb9rhCguMsYOS,
003m9HrWtv4UnT7IY5,Lee,Lopez,Lee P. Lopez,Product Manager,Customer Success,lee.lopez.700-9834@example.invalid,+1-417-555-0147,4909 Glen Plain,Willow Harbor,CO,75082,United States,Partner Referral,2026-04-03T00:13:53Z,0,001BH0vNAlwEWFXALI,
0039GuurGcl4vWqI7Q,Cody,White,Cody M. White,Operations Lead,Sales,cody.white.686-8223@example.invalid,+1-403-555-0107,0343 William Ford,Northhaven,CA,95951,United States,Outbound,2021-11-01T23:10:05Z,0,001jsWcaI2ueqNkQ4J,
003VtyW41eLCT25YCC,Christopher,Ashley,Christopher L. Ashley,Account Director,Finance,christopher.ashley.584-1858@example.invalid,+1-272-555-0187,62542 Sandra Cliff,Willow Harbor,NC,71393,United States,Outbound,2025-12-24T15:12:08Z,0,001F0HyTq0ZVe9LIP9,
003zu9kFOrpbJ8UYJH,Christine,Wise,Christine A. Wise,Account Director,Operations,christine.wise.948-9833@example.invalid,+1-417-555-0142,81097 Garcia Roads,Willow Harbor,OR,77204,United States,Web,2021-03-19T11:13:39Z,0,001vnn1W5RPN0LPYO8,
0030Yegg0yQ11T7IA4,Janet,Davis,Janet K. Davis,Solutions Architect,Engineering,janet.davis.883-4121@example.invalid,+1-212-555-0141,326 Daniel Village,Northhaven,OR,50175,United States,Outbound,2025-10-07T17:03:54Z,0,001IQen5JJcxOzsYOT,003xtccubI9QZ4nICT
003yvTWRfKD4Ni2Q67,Aaron,Warner,Aaron M. Warner,Business Analyst,Marketing,aaron.warner.953-0480@example.invalid,+1-907-555-0149,900 Marshall Rapids,Lake Briar,TX,38454,United States,Web,2025-10-13T03:03:34Z,1,0017FKGliyo6JRUQT3,
003e04AIBihHU6ZIAM,Tiffany,Irwin,Tiffany W. Irwin,Solutions Architect,Engineering,tiffany.irwin.169-4288@example.invalid,+1-771-555-0124,1672 David Unions,Alder Bay,MA,25055,United States,Organic Search,2021-08-15T02:42:48Z,0,00134kztbICJD2tYCZ,
003S0DpUcGyn83CIFX,Virginia,Cook,Virginia D. Cook,Finance Manager,Customer Success,virginia.cook.067-520@example.invalid,+1-275-555-0148,602 White Radial,Willow Harbor,OR,28303,United States,Partner Referral,2026-01-07T03:07:17Z,0,001wXq5LbckG7u9AEU,
003E08tir7fAxwfQKQ,Olivia,Davis,Olivia P. Davis,Business Analyst,Procurement,olivia.davis.165-2953@example.invalid,+1-601-555-0170,8024 Wilcox Knolls,Cedar Crossing,NC,28594,United States,Web,2022-01-10T17:36:46Z,0,001Ts4G5LvwmAxUY42,
003NyjlPDgcPxeNY4S,Maria,Smith,Maria R. Smith,Solutions Architect,Engineering,maria.smith.399-5125@example.invalid,+1-913-555-0173,844 Green Pass,Cedar Crossing,CA,66092,United States,Web,2024-04-08T16:53:32Z,0,0014RvX7ofOXrw9I9V,
003vtqpcbhIEl9sQ91,Shane,Baker,Shane D. Baker,Business Analyst,Operations,shane.baker.471-1259@example.invalid,+1-701-555-0164,3484 Nelson Canyon,Northhaven,WA,83510,United States,Customer Referral,2025-08-02T18:45:45Z,0,001b1XyoVMftFmnY3Z,
003NNQIxxg1LXB1IM6,Robert,Rogers,Robert R. Rogers,Product Manager,Sales,robert.rogers.360-0521@example.invalid,+1-411-555-0172,673 Cheryl Alley,Cedar Crossing,OR,55992,United States,Customer Referral,2025-10-15T00:42:57Z,0,001D3FX1GvU3G1mAKG,
003eIncKFdeGkIsYBS,Jeremiah,Summers,Jeremiah J. Summers,Engineering Manager,Operations,jeremiah.summers.963-1408@example.invalid,+1-671-555-0177,86746 Billy Brooks,Northhaven,NC,33084,United States,Event,2022-10-06T10:52:54Z,0,0017jTx407RLO7NAVA,
003FleqxJrSVsQzIBE,Carlos,Bates,Carlos B. Bates,Solutions Architect,Sales,carlos.bates.524-6673@example.invalid,+1-403-555-0108,53466 Sean Lane,Cedar Crossing,TX,26978,United States,Partner Referral,2021-06-13T11:50:53Z,0,001CAfL4eM9INwqAJY,
003KxmES9YIa9mhYTX,Bradley,Hancock,Bradley J. Hancock,Product Manager,Operations,bradley.hancock.578-2549@example.invalid,+1-302-555-0161,2085 Tyler Spurs,Summit Glen,WA,68073,United States,Event,2025-02-25T23:55:40Z,0,001zC4hdWCH77CfYVC,
003FXVaKVzp4mx5AGP,Mary,Mendez,Mary C. Mendez,Business Analyst,Marketing,mary.mendez.849-3602@example.invalid,+1-312-555-0101,612 Reed Brook,Cedar Crossing,WA,29102,United States,Event,2024-05-01T04:12:00Z,0,001Ivgehi2RhpxmIXK,
0034sReClnPK0KLY7F,Dominique,Harrison,Dominique M. Harrison,Business Analyst,Sales,dominique.harrison.847-2973@example.invalid,+1-401-555-0109,96151 Anthony Greens,Cedar Crossing,NC,26372,United States,Partner Referral,2025-07-09T12:07:51Z,0,001TZ4qzm6M8oduYTH,
003Lwk67BtSWKB4ICU,Derrick,Strong,Derrick J. Strong,Business Analyst,Customer Success,derrick.strong.336-4184@example.invalid,+1-603-555-0198,7347 Jordan Keys,Lake Briar,MA,33892,United States,Web,2022-12-30T12:34:29Z,0,001pUY9CVMaLCa4YQV,
003FQ9ftBps0FU6AJH,Jeremy,Reese,Jeremy S. Reese,Product Manager,Engineering,jeremy.reese.149-230@example.invalid,+1-472-555-0145,8494 Mcdonald Common,Cedar Crossing,WA,57759,United States,Web,2023-05-07T06:13:22Z,0,001rayeK09xezjmQSY,
003jPpwwDoAri1LIRC,Gary,Martinez,Gary G. Martinez,Product Manager,Customer Success,gary.martinez.963-0392@example.invalid,+1-311-555-0119,6495 Michael Ports,Lake Briar,CA,95461,United States,Outbound,2026-06-23T00:18:16Z,0,001wp2Q6PkIMrfFY6U,003gRqBMJvTLJeEYHS
003Vq9Ox7LeTk4GQP4,Laura,Williams,Laura P. Williams,Business Analyst,Customer Success,laura.williams.782-0961@example.invalid,+1-903-555-0139,948 Jennifer Pines,Summit Glen,CO,40912,United States,Event,2021-08-15T23:52:11Z,0,001tvKQbYklnB9tY2P,
003wXI8INfXqH4aIK3,Elizabeth,Reyes,Elizabeth R. Reyes,Account Director,Operations,elizabeth.reyes.904-1441@example.invalid,+1-977-555-0152,60498 Smith Garden,Cedar Crossing,MA,40999,United States,Event,2023-01-24T15:26:30Z,0,001h3qGmTCLTLLkQZJ,
003uvZvc1h4sYnSYKT,Heather,Rivera,Heather L. Rivera,Engineering Manager,Operations,heather.rivera.647-0839@example.invalid,+1-612-555-0105,1978 Williams Summit,Willow Harbor,WA,69528,United States,Web,2024-11-02T09:51:58Z,0,001IqN1uANorRv0AGO,
0034Oku3Bq8Qq3ZAJ9,Susan,Rice,Susan L. Rice,Solutions Architect,Finance,susan.rice.132-1690@example.invalid,+1-915-555-0125,780 Taylor Mountain,Cedar Crossing,CA,27126,United States,Partner Referral,2026-06-25T01:28:01Z,0,001b6L8DlV1y2PzQXZ,
0032YUBb1deGb5cQNC,Gail,Johnson,Gail F. Johnson,Engineering Manager,Finance,gail.johnson.712-4016@example.invalid,+1-615-555-0123,07681 Ian Heights,Summit Glen,CA,92194,United States,Web,2024-04-03T04:00:02Z,0,001n8Q7o6w0wrFoIIH,
003QtOXdXsP3do4QRR,David,Estrada,David C. Estrada,Business Analyst,Engineering,david.estrada.078-7944@example.invalid,+1-712-555-0133,6706 Fleming Knolls,Willow Harbor,WA,90265,United States,Outbound,2023-04-24T12:39:42Z,0,001lpuGrFmSTBnuY0M,
003cvhNN1iOTchhY1V,William,Gallegos,William C. Gallegos,Finance Manager,Operations,william.gallegos.341-2401@example.invalid,+1-203-555-0175,198 Becky Heights,Willow Harbor,MA,22474,United States,Web,2025-08-03T19:52:19Z,0,001IDl2DWYpmmF7QG7,
0032lndyeYiy5hjYYH,Felicia,Pierce,Felicia M. Pierce,Account Director,Marketing,felicia.pierce.057-923@example.invalid,+1-472-555-0108,39534 Clarence Islands,Cedar Crossing,CA,19603,United States,Web,2025-09-29T12:41:35Z,0,001PygtS3FHgKj8Q8G,
00368NY30vMuB89IPE,Nicole,Wyatt,Nicole M. Wyatt,Account Director,Procurement,nicole.wyatt.209-4096@example.invalid,+1-203-555-0133,781 Cox Drives,Summit Glen,WA,39592,United States,Event,2025-08-05T22:38:20Z,0,001ULTfosWQTQf5QW1,
003BjwAJYSVczytQH1,Eric,Williamson,Eric B. Williamson,Product Manager,Engineering,eric.williamson.878-2606@example.invalid,+1-412-555-0117,1564 Schmidt Row,Alder Bay,OR,66106,United States,Customer Referral,2024-03-21T13:58:29Z,0,001PygtS3FHgKj8Q8G,003KbhyQIJhcY5vI43
003ACcgNQk1gIu3YOT,Frank,Williams,Frank H. Williams,Customer Success Manager,Engineering,frank.williams.711-7208@example.invalid,+1-473-555-0117,2728 Shea Mission,Alder Bay,OR,55962,United States,Partner Referral,2026-04-27T17:48:10Z,0,001K0CnPI0KA5TEY6P,
003ahBVJMXU6GMJIVW,Kylie,Schaefer,Kylie J. Schaefer,Engineering Manager,Engineering,kylie.schaefer.830-4197@example.invalid,+1-403-555-0167,8790 Huang Square,Cedar Crossing,TX,26178,United States,Partner Referral,2025-06-01T12:47:54Z,0,001lUr971GtA6wXYCT,
003OYlRigytfHN6IEE,Donna,Thompson,Donna D. Thompson,Product Manager,Procurement,donna.thompson.065-8028@example.invalid,+1-613-555-0129,53567 Jillian Parkway,Summit Glen,WA,72628,United States,Web,2021-02-15T01:57:29Z,0,001aJFstC9yWgafQNG,
003z0SFUtDimbQwAKL,Kathleen,Fleming,Kathleen R. Fleming,Business Analyst,Engineering,kathleen.fleming.702-9056@example.invalid,+1-205-555-0120,271 Kathleen Village,Lake Briar,MA,48347,United States,Organic Search,2025-09-05T11:26:22Z,0,001CtKb9oj7o8JaYFV,
003FbR5EW5J2ZzlQZL,Marcus,King,Marcus H. King,Finance Manager,Customer Success,marcus.king.162-8224@example.invalid,+1-377-555-0171,69039 Jacob Falls,Lake Briar,CO,16553,United States,Web,2022-06-10T21:44:27Z,0,001vXGsLaTZksTjQHC,
003FXncODtG3z8xQ4F,Patricia,Miller,Patricia J. Miller,Product Manager,Finance,patricia.miller.469-8701@example.invalid,+1-907-555-0116,32672 Rangel Lane,Summit Glen,CA,41066,United States,Organic Search,2024-09-26T06:31:10Z,0,001vnn1W5RPN0LPYO8,
003CMYExvKPUP8QYBD,Alan,Le,Alan A. Le,Business Analyst,Sales,alan.le.657-0956@example.invalid,+1-203-555-0133,393 Steven Estate,Lake Briar,MA,94553,United States,Customer Referral,2022-12-14T21:56:14Z,0,001Ok5JQopT2gTPQYR,
003H343HFGYN1QVYZD,Nicole,Hill,Nicole L. Hill,Product Manager,Operations,nicole.hill.332-2995@example.invalid,+1-977-555-0117,97499 Johnson Stream,Alder Bay,MA,15116,United States,Outbound,2021-04-13T20:54:06Z,0,001IqTHPQDIx3azQWL,
003gNkaswBOnskIYPY,Matthew,Adams,Matthew R. Adams,Account Director,Customer Success,matthew.adams.431-5144@example.invalid,+1-402-555-0192,3904 Daniels Bypass,Summit Glen,OR,46537,United States,Customer Referral,2022-07-18T13:32:01Z,0,001gQSNxeXgntf7YR3,
0034TaI45K3dHDFQ7H,Logan,Brewer,Logan R. Brewer,Account Director,Customer Success,logan.brewer.879-8263@example.invalid,+1-401-555-0139,93332 Horn Lock,Summit Glen,OR,59687,United States,Web,2023-01-23T04:04:54Z,0,0015Cr2vcIsO2EGY08,
0038Zgs2fcZRNYDA5R,Devin,Brown,Devin D. Brown,Product Manager,Customer Success,devin.brown.148-4480@example.invalid,+1-312-555-0146,76317 Parker Landing,Cedar Crossing,TX,82940,United States,Event,2022-05-17T12:12:07Z,0,001ygA3FAG75gTTAXO,
003hSPH7e0S4NL9IKA,Yvonne,Snyder,Yvonne J. Snyder,Account Director,Sales,yvonne.snyder.655-9854@example.invalid,+1-613-555-0192,64752 King Cove,Summit Glen,MA,44013,United States,Organic Search,2022-06-20T23:18:52Z,0,001gcyiBi1aOx6uAJ7,
003BrfDsbhTP6dyICD,David,Reynolds,David A. Reynolds,Operations Lead,Engineering,david.reynolds.476-2056@example.invalid,+1-272-555-0194,19143 Zachary Mills,Cedar Crossing,OR,48803,United States,Organic Search,2022-08-18T08:21:59Z,0,0011Ah4A4sWSLAjA4O,
003TlE2gTeNBti5YYO,Brenda,Smith,Brenda B. Smith,Solutions Architect,Operations,brenda.smith.613-7806@example.invalid,+1-771-555-0124,7693 Nicole Throughway,Willow Harbor,CA,31401,United States,Organic Search,2023-05-29T07:07:10Z,0,001iIp10CH2rdjrQCH,
003Ix0q9MoDXB9bQ7A,Anna,Phillips,Anna M. Phillips,Account Director,Marketing,anna.phillips.737-980@example.invalid,+1-405-555-0165,2620 Sanders Crossroad,Cedar Crossing,MA,58949,United States,Event,2021-08-25T14:31:02Z,0,001ibK3DfU4t31gYAM,
003X8chf764IgBIA4W,Richard,Hernandez,Richard J. Hernandez,Business Analyst,Operations,richard.hernandez.722-4575@example.invalid,+1-272-555-0108,3942 Christopher Extension,Northhaven,CO,47474,United States,Organic Search,2024-03-09T19:21:47Z,1,001OphrQTgtGmAPIMC,
0035IgKC3CNNpIAALQ,Nicholas,Schwartz,Nicholas N. Schwartz,Operations Lead,Finance,nicholas.schwartz.650-1906@example.invalid,+1-611-555-0146,17400 Christina Causeway,Summit Glen,OR,11718,United States,Organic Search,2022-12-08T09:13:15Z,0,001mKhmK3YHBLkpIFQ,
003YQ6RFzqAJlhFI5Y,James,Vargas,James J. Vargas,Solutions Architect,Finance,james.vargas.324-1271@example.invalid,+1-417-555-0199,6160 Cantrell Ways,Cedar Crossing,WA,84018,United States,Partner Referral,2023-02-24T11:58:31Z,0,001PUaO8FLbQ5tuY7R,
003HQXKSm7Z4V96AEQ,Kyle,Fry,Kyle B. Fry,Engineering Manager,Finance,kyle.fry.485-2213@example.invalid,+1-673-555-0184,2316 Hill Viaduct,Alder Bay,CA,76861,United States,Event,2024-08-20T14:27:01Z,0,001IqN1uANorRv0AGO,
003AM0j9xq6cRbAYG5,Sophia,Ramos,Sophia A. Ramos,Customer Success Manager,Procurement,sophia.ramos.637-6007@example.invalid,+1-702-555-0152,79993 Kevin Falls,Cedar Crossing,MA,76642,United States,Outbound,2024-07-20T07:31:48Z,0,0016aFsydu36rL2Y22,
003Ms2NjBVHFa1qQ7F,Lacey,Santiago,Lacey L. Santiago,Finance Manager,Customer Success,lacey.santiago.284-9788@example.invalid,+1-413-555-0163,68904 Thompson Path,Willow Harbor,CA,59580,United States,Customer Referral,2022-06-29T00:59:27Z,0,001RUYGIDukMN3HIZS,0037WNG7p57RSWoIFK
003FIVmek07UaeQASM,Michelle,Andrews,Michelle D. Andrews,Operations Lead,Procurement,michelle.andrews.015-4272@example.invalid,+1-905-555-0172,6047 Mclaughlin Hill,Willow Harbor,TX,38803,United States,Partner Referral,2026-01-11T01:57:17Z,0,001CtKb9oj7o8JaYFV,
003Mo2pbJ8lREz8I4C,Katherine,Morgan,Katherine B. Morgan,Product Manager,Operations,katherine.morgan.682-4811@example.invalid,+1-305-555-0109,990 Edward Mountains,Cedar Crossing,OR,12487,United States,Outbound,2025-09-19T14:15:28Z,0,001CAfL4eM9INwqAJY,
0033wm8pc9kCfj6YPG,Thomas,Smith,Thomas G. Smith,Business Analyst,Engineering,thomas.smith.770-1360@example.invalid,+1-901-555-0141,3067 Amy Dale,Cedar Crossing,TX,86641,United States,Event,2024-12-09T16:19:17Z,0,0018MjZShtig55PAG6,
003pemL77BFlYIGAID,James,Smith,James R. Smith,Customer Success Manager,Operations,james.smith.173-2359@example.invalid,+1-417-555-0108,987 Johnson Vista,Willow Harbor,CO,23680,United States,Event,2024-07-27T09:46:12Z,0,001f3j7ZUJ5YxijYYQ,
003ICCOvVrZgKB9AAS,Julie,Kidd,Julie S. Kidd,Solutions Architect,Sales,julie.kidd.108-3864@example.invalid,+1-317-555-0146,90739 Katie Pass,Lake Briar,NC,93500,United States,Customer Referral,2023-02-02T19:58:19Z,0,001rayeK09xezjmQSY,
003twefy02aagUgIFC,Dawn,Mcmillan,Dawn R. Mcmillan,Solutions Architect,Customer Success,dawn.mcmillan.978-0867@example.invalid,+1-473-555-0142,98313 Turner Route,Summit Glen,WA,96514,United States,Partner Referral,2025-10-11T05:46:47Z,0,001Z9FmqrbfBXeVI9A,
003WigBg2Z3ycopYY4,Courtney,Wilkerson,Courtney D. Wilkerson,Finance Manager,Finance,courtney.wilkerson.788-4542@example.invalid,+1-312-555-0158,217 Robert Parkway,Northhaven,WA,80728,United States,Organic Search,2021-11-08T12:19:00Z,0,001PUaO8FLbQ5tuY7R,
003Askqgi8RnpSJYJS,Brendan,Bauer,Brendan M. Bauer,Solutions Architect,Sales,brendan.bauer.740-0156@example.invalid,+1-411-555-0196,70308 Zachary Way,Willow Harbor,OR,98519,United States,Outbound,2025-03-21T13:30:51Z,0,001We3no8uGmxSIY96,003cZrU6mBIImDmYUH
003zbuw2oHYZOX3QSK,Wendy,Chavez,Wendy C. Chavez,Engineering Manager,Procurement,wendy.chavez.216-0174@example.invalid,+1-405-555-0162,196 George Mountains,Cedar Crossing,CA,33772,United States,Customer Referral,2024-08-23T09:52:42Z,1,001iMYD4nOjTT4yIZO,
003C9BfHPwWWJ2mIXI,Jennifer,Beck,Jennifer E. Beck,Product Manager,Sales,jennifer.beck.266-1190@example.invalid,+1-417-555-0134,424 Diane Landing,Lake Briar,OR,96391,United States,Outbound,2021-08-03T10:57:25Z,0,,
0039nywwcoxMniGIIW,Dominique,Cruz,Dominique C. Cruz,Customer Success Manager,Procurement,dominique.cruz.070-6960@example.invalid,+1-417-555-0199,3652 Williams Knoll,Summit Glen,TX,92414,United States,Web,2024-11-29T04:30:06Z,0,001tvKQbYklnB9tY2P,
003CazuthmoYZmcAZN,Scott,Wyatt,Scott T. Wyatt,Engineering Manager,Marketing,scott.wyatt.980-6951@example.invalid,+1-973-555-0159,23606 Roman Rapids,Northhaven,NC,32985,United States,Event,2021-08-22T08:47:20Z,0,001o5vm8lqkBKW6I3B,
003mNOtye7GOV0vI6M,Caitlin,Bailey,Caitlin K. Bailey,Solutions Architect,Operations,caitlin.bailey.078-2242@example.invalid,+1-902-555-0139,1799 Thompson Key,Cedar Crossing,NC,60323,United States,Event,2024-04-09T17:04:12Z,0,001Pv3IESUoMrhiAAG,
003Fw5RxAPJU0ZdABZ,Michael,Hall,Michael T. Hall,Finance Manager,Engineering,michael.hall.943-6992@example.invalid,+1-317-555-0169,08493 Mark Rapids,Lake Briar,WA,99413,United States,Organic Search,2023-09-27T17:24:59Z,0,001KqKN8Jf0F9i9AKQ,003tTdqCw3r025oI6L
0039hOoEmV9URW8A6H,Kevin,Vazquez,Kevin A. Vazquez,Account Director,Engineering,kevin.vazquez.540-9038@example.invalid,+1-377-555-0163,89752 Anderson Ramp,Alder Bay,CA,29010,United States,Partner Referral,2023-11-02T03:24:35Z,0,001S3iMdhglkGGXA4V,003bwABqXXNG7IWYIN
0033urzOlaZivvjQG0,Jessica,Mcdonald,Jessica C. Mcdonald,Finance Manager,Sales,jessica.mcdonald.868-1507@example.invalid,+1-471-555-0171,94896 Rose Port,Alder Bay,OR,50582,United States,Web,2022-05-05T20:50:38Z,0,001oowXHzEaXod1YS1,
003nmblpeZJRycwAXV,Jeff,Lewis,Jeff J. Lewis,Operations Lead,Customer Success,jeff.lewis.069-243@example.invalid,+1-412-555-0142,53137 Jefferson Court,Summit Glen,WA,97399,United States,Event,2023-12-16T03:08:08Z,0,001M2rDfuFzN9SZI6R,
003dXGwafs3aJCkYNK,Brandon,Garcia,Brandon R. Garcia,Product Manager,Procurement,brandon.garcia.890-8733@example.invalid,+1-917-555-0130,2444 Mitchell Rest,Lake Briar,MA,16190,United States,Customer Referral,2021-03-24T02:52:04Z,0,00134kztbICJD2tYCZ,
003gaHetSumpaGFYRY,Cole,Marshall,Cole S. Marshall,Solutions Architect,Procurement,cole.marshall.351-7497@example.invalid,+1-673-555-0184,89514 Reyes Glens,Northhaven,CA,70084,United States,Outbound,2022-06-28T09:16:54Z,0,,
003x5J5qfrfDUisIUR,Roger,Edwards,Roger L. Edwards,Solutions Architect,Operations,roger.edwards.701-7751@example.invalid,+1-703-555-0113,93045 Wilson Harbor,Northhaven,WA,13465,United States,Outbound,2023-01-21T01:54:34Z,0,001CAfL4eM9INwqAJY,
003R3oAjKPJjXUrQC6,Christina,Reese,Christina B. Reese,Business Analyst,Procurement,christina.reese.818-9712@example.invalid,+1-711-555-0144,95164 Fletcher Ford,Northhaven,NC,96298,United States,Customer Referral,2025-11-16T01:38:43Z,0,001aJFstC9yWgafQNG,
003JvoXoFTycMnjQM5,Jim,Guzman,Jim A. Guzman,Finance Manager,Customer Success,jim.guzman.974-7124@example.invalid,+1-213-555-0199,13266 Cole Plain,Alder Bay,CA,60039,United States,Event,2021-11-23T03:43:02Z,0,0018YzqdxvbgCoaYQU,003JOs0QBioz86ZAAA
003CsTIhVIhic3fQ5Z,Amber,Dorsey,Amber K. Dorsey,Finance Manager,Sales,amber.dorsey.723-800@example.invalid,+1-915-555-0140,082 Christopher Terrace,Alder Bay,CA,85502,United States,Event,2023-01-18T18:39:44Z,0,,
003eOTdjGhUdoNPY55,Tyler,Schneider,Tyler S. Schneider,Solutions Architect,Marketing,tyler.schneider.785-4931@example.invalid,+1-671-555-0177,7870 Rebecca Path,Cedar Crossing,OR,78254,United States,Partner Referral,2024-10-12T07:36:54Z,0,001dVg5Hd2ux7OeY11,
003fd0beHfeDCJbIXV,Rachel,Reynolds,Rachel J. Reynolds,Account Director,Sales,rachel.reynolds.581-9153@example.invalid,+1-271-555-0150,302 Taylor Rest,Summit Glen,WA,99434,United States,Web,2021-01-16T00:04:02Z,0,0017zKMESrLRf4iY3C,
003Ec66kiJL5qvrYM5,Erica,Wong,Erica D. Wong,Product Manager,Operations,erica.wong.895-0203@example.invalid,+1-305-555-0149,4544 Bradley Heights,Cedar Crossing,NC,59081,United States,Customer Referral,2025-09-05T08:30:16Z,0,001PygtS3FHgKj8Q8G,
003PEqsLAqNvNCQY8Z,Lee,Martinez,Lee L. Martinez,Operations Lead,Engineering,lee.martinez.787-0412@example.invalid,+1-703-555-0112,0566 Jimmy Valleys,Willow Harbor,OR,68790,United States,Partner Referral,2025-08-22T02:39:09Z,0,001Y94eVbSCMZThYRA,003s6dF4hMdQPk0I7Y
003mndjN59quZqZITR,Stephanie,Alexander,Stephanie S. Alexander,Finance Manager,Procurement,stephanie.alexander.855-6330@example.invalid,+1-615-555-0132,16715 Brown Pine,Cedar Crossing,CA,88546,United States,Partner Referral,2024-09-13T22:43:27Z,0,,
003rUXg1SVGgePRARH,Michael,Murphy,Michael J. Murphy,Account Director,Customer Success,michael.murphy.638-9475@example.invalid,+1-417-555-0142,986 Brandt Hills,Cedar Crossing,NC,19470,United States,Event,2025-11-21T19:08:06Z,0,001CAWJWrCJUDD2Q42,
003oHuUxE0gFLemY0B,Douglas,Scott,Douglas D. Scott,Account Director,Operations,douglas.scott.123-691@example.invalid,+1-273-555-0189,192 Anthony Lake,Summit Glen,MA,78836,United States,Customer Referral,2026-02-02T16:26:34Z,0,001I4vmxErKOgEQQME,0031xCMEyljPzCpIXV
003aG67gGW72mULABV,Cynthia,Brown,Cynthia J. Brown,Engineering Manager,Operations,cynthia.brown.690-4421@example.invalid,+1-907-555-0198,3923 Pearson Cape,Northhaven,TX,33441,United States,Event,2022-03-24T03:16:58Z,0,0019laP52dnqWh3AF4,
003rYE4fkIb2TWUYHM,Kimberly,Wagner,Kimberly C. Wagner,Customer Success Manager,Customer Success,kimberly.wagner.103-4767@example.invalid,+1-405-555-0162,1545 Peggy Centers,Summit Glen,CO,92879,United States,Outbound,2024-06-18T08:39:45Z,0,001jIiXAhBEHXIPYQP,
003PD4hVwHFGKiKQAW,Albert,Conley,Albert J. Conley,Operations Lead,Operations,albert.conley.331-5856@example.invalid,+1-615-555-0132,806 Mcfarland Stream,Willow Harbor,MA,60661,United States,Organic Search,2021-04-28T23:00:32Z,0,001FUJDI7PYzDeCQBR,0032H8gQHROz6gcQPL
003AjonWbIWDnEWAIF,Brittany,Bowers,Brittany A. Bowers,Finance Manager,Engineering,brittany.bowers.459-1753@example.invalid,+1-602-555-0190,7625 Meagan Meadows,Summit Glen,WA,76545,United States,Web,2021-07-01T00:50:36Z,0,0019laP52dnqWh3AF4,
003mnukqvEC7ItTAVT,Robert,Wells,Robert A. Wells,Operations Lead,Operations,robert.wells.128-0214@example.invalid,+1-671-555-0131,149 Johnson Streets,Alder Bay,WA,80090,United States,Partner Referral,2022-09-08T00:16:36Z,0,0019ojrY0cvCQ2UQ6L,
003g60ZwWHHlrCMAY7,Charles,Becker,Charles J. Becker,Customer Success Manager,Engineering,charles.becker.449-0572@example.invalid,+1-272-555-0182,811 Gilbert Points,Lake Briar,OR,13047,United States,Outbound,2024-06-21T23:49:19Z,1,001Ql5gfswhLAUiIZH,
003ftagqbM4Nr19AO0,Rebecca,Solis,Rebecca R. Solis,Engineering Manager,Marketing,rebecca.solis.515-8380@example.invalid,+1-311-555-0128,870 Sandoval Vista,Cedar Crossing,WA,74578,United States,Outbound,2025-09-16T21:51:29Z,0,,
003MHeC1QqnXkp6QB5,Nicole,Pena,Nicole J. Pena,Product Manager,Customer Success,nicole.pena.035-0301@example.invalid,+1-477-555-0186,830 Moore Locks,Cedar Crossing,WA,22206,United States,Customer Referral,2021-02-19T11:08:51Z,0,001v3PBn9EDl48XQNP,
003PcLfD8joXRqdQ17,Vincent,Curry,Vincent R. Curry,Operations Lead,Operations,vincent.curry.636-711@example.invalid,+1-371-555-0192,47640 Brian Pine,Willow Harbor,CA,97519,United States,Partner Referral,2025-04-05T09:50:01Z,0,001BH0vNAlwEWFXALI,
003vfxo5FjdBEEDQJV,Kaitlyn,Brown,Kaitlyn B. Brown,Engineering Manager,Operations,kaitlyn.brown.965-3794@example.invalid,+1-473-555-0142,8608 Mary View,Lake Briar,OR,91788,United States,Organic Search,2026-02-03T01:42:04Z,0,001tL6I6V8CRe45IK4,
003qKzLKDHmOzrHA0E,David,Rowland,David O. Rowland,Operations Lead,Finance,david.rowland.248-1611@example.invalid,+1-412-555-0105,096 Madison Mountains,Cedar Crossing,OR,41409,United States,Event,2024-02-04T10:46:20Z,1,001ckBA83DHLBWZQQX,
003gSItjdJa0xcXQ3R,Andrea,Graves,Andrea K. Graves,Business Analyst,Procurement,andrea.graves.777-6426@example.invalid,+1-775-555-0142,3940 Silva Road,Summit Glen,TX,29340,United States,Web,2024-01-30T15:14:52Z,0,001FUJDI7PYzDeCQBR,
003pG37dZHpzjtZY7Y,Lisa,Brown,Lisa T. Brown,Operations Lead,Marketing,lisa.brown.265-3696@example.invalid,+1-213-555-0199,4867 Lynch Crescent,Cedar Crossing,OR,79225,United States,Organic Search,2021-01-31T01:27:36Z,0,001qP46mGWsPnuOQ5R,
003yKvQsyYokdltYAS,Christina,Pierce,Christina A. Pierce,Account Director,Engineering,christina.pierce.688-1774@example.invalid,+1-207-555-0193,7483 Melinda Mills,Cedar Crossing,OR,75253,United States,Partner Referral,2024-10-22T11:14:56Z,0,001XFpYyxD2bjtqY54,0039a9jUlFjz1IfYY3
003SAUYTcKjhBmTIQ8,Phillip,Green,Phillip C. Green,Engineering Manager,Procurement,phillip.green.807-3269@example.invalid,+1-311-555-0140,27237 Shannon Parkway,Northhaven,TX,25494,United States,Event,2023-10-19T22:45:35Z,0,001eE3A4cmn7G2gIHB,
003ZeCIf3GRvPUZY4J,Sherry,Castro,Sherry E. Castro,Solutions Architect,Customer Success,sherry.castro.964-6971@example.invalid,+1-917-555-0175,6755 Brittney Club,Alder Bay,CO,76921,United States,Outbound,2021-11-22T21:02:55Z,0,001cnLEQk5pZMibQH2,
003jf1t0MteutOBYJ6,Virginia,Morris,Virginia S. Morris,Finance Manager,Marketing,virginia.morris.523-7175@example.invalid,+1-301-555-0108,76123 Maldonado Falls,Lake Briar,OR,81651,United States,Outbound,2023-12-12T12:45:02Z,0,001PuTTthcGKMiPQUX,
003Z1g2p2sXZ4FTQBK,Mary,Hawkins,Mary R. Hawkins,Engineering Manager,Procurement,mary.hawkins.485-8756@example.invalid,+1-475-555-0187,826 Jeffrey Squares,Summit Glen,MA,12280,United States,Event,2024-01-13T17:51:07Z,0,0011JBrPJ5YTub6QBD,
003OopXSFvytwYZA6M,Andrew,Hogan,Andrew J. Hogan,Customer Success Manager,Operations,andrew.hogan.658-0368@example.invalid,+1-712-555-0145,057 Michael Row,Lake Briar,OR,95255,United States,Organic Search,2022-09-09T06:30:07Z,0,001b6L8DlV1y2PzQXZ,
003UYePqf1pUCDwAMQ,Lisa,Johnson,Lisa E. Johnson,Account Director,Customer Success,lisa.johnson.497-4514@example.invalid,+1-701-555-0175,68715 Fuentes Trail,Cedar Crossing,MA,13039,United States,Outbound,2025-05-03T00:09:28Z,1,001IQen5JJcxOzsYOT,
003EzAj1nQTB2JnYKF,Jessica,Carpenter,Jessica A. Carpenter,Product Manager,Engineering,jessica.carpenter.378-5342@example.invalid,+1-975-555-0113,16329 Castillo Trace,Alder Bay,NC,43947,United States,Web,2022-04-11T08:26:03Z,1,0012lorIPC5zJvCYYX,
003wwmT8CqM1GyoI9X,Jerome,Davis,Jerome A. Davis,Product Manager,Customer Success,jerome.davis.317-2166@example.invalid,+1-911-555-0100,32416 Jones Key,Willow Harbor,TX,49837,United States,Customer Referral,2021-05-05T09:56:41Z,0,00134G8VQW0MQTYI8N,
0033Nvtxx8lL6ByAJZ,Tyler,Henry,Tyler K. Henry,Product Manager,Finance,tyler.henry.588-5496@example.invalid,+1-405-555-0165,50221 Richard Plaza,Cedar Crossing,OR,44707,United States,Customer Referral,2024-08-15T23:12:27Z,0,001yU1qilS2HtnNQUW,
003Eiir1zfVRuSlIZ7,Lisa,Delgado,Lisa P. Delgado,Finance Manager,Engineering,lisa.delgado.901-8001@example.invalid,+1-677-555-0127,330 Roger Walk,Summit Glen,CO,80747,United States,Outbound,2023-11-03T23:05:47Z,0,001ELIrItgjWFxCQSW,
0033yxbDFKx09N1ASN,Luis,Johnson,Luis M. Johnson,Business Analyst,Finance,luis.johnson.260-0823@example.invalid,+1-975-555-0131,22234 Charles Fords,Summit Glen,CO,33753,United States,Outbound,2025-10-16T07:33:18Z,0,001aJFstC9yWgafQNG,
003OlL6SECNDtLKYVE,Christopher,Hayes,Christopher J. Hayes,Operations Lead,Customer Success,christopher.hayes.656-9869@example.invalid,+1-407-555-0163,5642 Li Creek,Summit Glen,NC,11784,United States,Partner Referral,2021-10-21T01:33:24Z,0,001Z9FmqrbfBXeVI9A,003Jy7SUOIQb9xzAPH
003QYJse9mNIwwVAVV,Stephanie,Fisher,Stephanie A. Fisher,Operations Lead,Marketing,stephanie.fisher.457-1172@example.invalid,+1-472-555-0187,502 Cooper Stream,Northhaven,NC,12397,United States,Event,2023-07-18T23:46:33Z,0,001JM45YOxOPMdeQIO,
003tdhd5gh39imtAD6,Nicholas,Goodwin,Nicholas C. Goodwin,Business Analyst,Engineering,nicholas.goodwin.396-2850@example.invalid,+1-307-555-0175,157 Carpenter Flat,Cedar Crossing,NC,81262,United States,Event,2021-03-23T11:25:34Z,0,001Ivgehi2RhpxmIXK,
003vxQYogxx6ijFY4J,Lisa,Smith,Lisa L. Smith,Business Analyst,Finance,lisa.smith.374-6755@example.invalid,+1-311-555-0140,1830 Shaw Circle,Lake Briar,TX,96673,United States,Web,2025-04-16T17:01:50Z,0,001OphrQTgtGmAPIMC,
003AoGknOz16FLIYMQ,Corey,Wolfe,Corey B. Wolfe,Solutions Architect,Finance,corey.wolfe.803-2197@example.invalid,+1-607-555-0114,7068 Douglas Meadow,Alder Bay,CA,54179,United States,Event,2023-03-16T06:47:51Z,0,001Q3kntrifzyYWI62,
003Yjg8jjdcN2R1Q3N,Stephanie,Pacheco,Stephanie C. Pacheco,Engineering Manager,Customer Success,stephanie.pacheco.892-3837@example.invalid,+1-615-555-0103,14206 Castillo Cove,Cedar Crossing,MA,65246,United States,Event,2021-08-20T13:10:17Z,0,001CQsu3nn5gAVpQ7B,0032EAKca0kIqbpYN4
003btzXZcImw2UuQZV,Brittany,Peterson,Brittany S. Peterson,Engineering Manager,Finance,brittany.peterson.011-8869@example.invalid,+1-405-555-0162,2019 Melissa Crescent,Summit Glen,CO,14758,United States,Event,2024-07-23T19:58:43Z,0,001PFA4WC7yjw84AX1,
003wj4aZ1eHyznPQLH,John,Bennett,John R. Bennett,Finance Manager,Sales,john.bennett.696-553@example.invalid,+1-715-555-0118,644 Patterson Avenue,Lake Briar,OR,78925,United States,Partner Referral,2022-11-20T20:14:24Z,0,001MPbzljMNLiv5QZV,
003LE0380pU39nnQCT,Ryan,Howell,Ryan N. Howell,Engineering Manager,Customer Success,ryan.howell.287-2894@example.invalid,+1-272-555-0113,52665 Hart Circles,Cedar Crossing,TX,86869,United States,Partner Referral,2024-11-27T13:19:59Z,0,001FzQ1Vu9hM4AsIVS,
003iXDfXVz3BdKQQVR,Tyler,Ryan,Tyler H. Ryan,Operations Lead,Engineering,tyler.ryan.076-6596@example.invalid,+1-611-555-0123,962 Adkins Drives,Lake Briar,MA,35468,United States,Outbound,2021-06-04T11:12:07Z,0,001aJFstC9yWgafQNG,
003EimXQejACmoNYOP,Judy,Gibson,Judy M. Gibson,Solutions Architect,Operations,judy.gibson.149-3853@example.invalid,+1-413-555-0108,61682 Cunningham Ramp,Summit Glen,WA,49060,United States,Event,2024-08-01T09:35:53Z,0,001yyUUvtYcXQSAY46,
0030tpEd8Opq0jbQ9C,Amanda,Simpson,Amanda J. Simpson,Product Manager,Engineering,amanda.simpson.022-5177@example.invalid,+1-703-555-0155,14896 Haley Station,Alder Bay,MA,97123,United States,Partner Referral,2026-02-14T13:06:26Z,0,0014BI0PTpGJAb4ICJ,
003O84dQbjv4L4iAPU,Kimberly,Jimenez,Kimberly V. Jimenez,Solutions Architect,Sales,kimberly.jimenez.842-1480@example.invalid,+1-211-555-0154,5633 Steve Summit,Cedar Crossing,WA,94316,United States,Partner Referral,2022-11-10T03:30:55Z,0,001MfuiALipgsrAIEL,
003alE5qF1WznFkQ0X,Travis,Durham,Travis J. Durham,Customer Success Manager,Finance,travis.durham.361-7471@example.invalid,+1-407-555-0180,01612 Glover Ports,Willow Harbor,CO,60137,United States,Outbound,2021-01-08T23:46:54Z,0,0012HZJseXkHHpVYJL,
003M1h4MwCZ6TwBIPK,Lisa,Marquez,Lisa K. Marquez,Solutions Architect,Finance,lisa.marquez.010-2996@example.invalid,+1-372-555-0151,16793 Charles Glen,Lake Briar,MA,75078,United States,Web,2021-05-08T21:55:59Z,0,001FzQ1Vu9hM4AsIVS,
003H0qotUrGLyvSY1X,Patricia,Adams,Patricia L. Adams,Engineering Manager,Marketing,patricia.adams.334-441@example.invalid,+1-203-555-0126,034 David Vista,Summit Glen,WA,72503,United States,Customer Referral,2024-09-04T16:46:53Z,0,001mC8KS3W25A4qI66,
003OaopeGXOMzCMIYX,Denise,Smith,Denise D. Smith,Solutions Architect,Customer Success,denise.smith.133-9209@example.invalid,+1-203-555-0123,1171 Natalie Tunnel,Summit Glen,TX,91830,United States,Organic Search,2026-04-06T12:02:38Z,0,001JTximtecXZZ0IK7,
003cY9Ue1pm5uCzQZI,Jeffrey,Jacobs,Jeffrey K. Jacobs,Business Analyst,Engineering,jeffrey.jacobs.651-0743@example.invalid,+1-473-555-0186,3913 Benjamin Route,Lake Briar,MA,43861,United States,Event,2025-10-31T05:48:58Z,0,001Xr4ot1oG2AteQ4O,
003A35ZnnYpTFfeYG4,Maria,Banks,Maria D. Banks,Engineering Manager,Sales,maria.banks.570-8595@example.invalid,+1-973-555-0145,8455 Yesenia Extensions,Cedar Crossing,OR,82107,United States,Organic Search,2022-02-27T08:59:46Z,0,001Ts4G5LvwmAxUY42,
0039FrVc7BjMYXxYOW,Patricia,Stevenson,Patricia F. Stevenson,Operations Lead,Customer Success,patricia.stevenson.191-5609@example.invalid,+1-317-555-0195,95675 Clark Lakes,Summit Glen,CO,42184,United States,Customer Referral,2026-06-19T07:50:14Z,0,001wXq5LbckG7u9AEU,
003m8THYf4oJQr4YY8,Michael,Harrison,Michael A. Harrison,Solutions Architect,Engineering,michael.harrison.817-9788@example.invalid,+1-777-555-0194,8624 Kristin Passage,Cedar Crossing,OR,40965,United States,Organic Search,2025-04-12T14:57:58Z,1,0019ojrY0cvCQ2UQ6L,
003bcFNWvsjSrWOYHB,Brittney,Mueller,Brittney G. Mueller,Business Analyst,Marketing,brittney.mueller.336-3519@example.invalid,+1-405-555-0165,222 Justin Plain,Willow Harbor,NC,38139,United States,Organic Search,2023-02-25T21:50:12Z,1,001i0JLXj0FG5G5YE0,
003h0ddRs4jXrgwQOI,Jasmine,Potts,Jasmine B. Potts,Solutions Architect,Finance,jasmine.potts.005-4021@example.invalid,+1-372-555-0197,892 Latasha Mews,Summit Glen,WA,14887,United States,Partner Referral,2023-10-20T06:59:33Z,0,001vuI7W5NKUSqVAGG,
003MSE2sPTBQUA2I1X,Vanessa,Novak,Vanessa P. Novak,Account Director,Procurement,vanessa.novak.988-4806@example.invalid,+1-371-555-0175,144 Peters Union,Northhaven,CA,98201,United States,Event,2026-03-03T14:10:22Z,0,001GjfBhJ295BInY2G,
003ako1JRaHiv3YI66,Monica,Lewis,Monica M. Lewis,Solutions Architect,Finance,monica.lewis.054-1537@example.invalid,+1-372-555-0164,55855 Mueller Ramp,Summit Glen,CO,78032,United States,Outbound,2023-02-05T12:04:13Z,0,0014BI0PTpGJAb4ICJ,
003Fkk9CMoROyBZIBL,Emily,Campos,Emily E. Campos,Finance Manager,Engineering,emily.campos.794-8374@example.invalid,+1-703-555-0136,4570 Raymond Divide,Summit Glen,TX,35823,United States,Organic Search,2022-12-28T00:26:15Z,0,001CtKb9oj7o8JaYFV,
003uH5OW5dswD39AOA,Megan,Richardson,Megan E. Richardson,Engineering Manager,Procurement,megan.richardson.012-8426@example.invalid,+1-411-555-0192,84232 Thompson Hollow,Northhaven,NC,89072,United States,Partner Referral,2024-02-06T21:25:14Z,0,001ev39cBq0xejNIY0,
003vQpw69dMhJp4Q6L,David,Cole,David C. Cole,Customer Success Manager,Operations,david.cole.104-9269@example.invalid,+1-405-555-0137,0333 Christine Junction,Cedar Crossing,CO,47871,United States,Web,2022-06-29T22:42:03Z,0,001jIiXAhBEHXIPYQP,
0035SIDZk9dE2gOYAS,Anna,Rose,Anna K. Rose,Account Director,Operations,anna.rose.613-018@example.invalid,+1-912-555-0116,41678 Rebecca Knolls,Alder Bay,MA,51715,United States,Web,2023-04-09T10:39:04Z,0,001tvKQbYklnB9tY2P,
003VeAU4dn6ftKoI3K,Laura,Howard,Laura B. Howard,Finance Manager,Marketing,laura.howard.835-3677@example.invalid,+1-703-555-0157,901 Dawn Forest,Willow Harbor,WA,22745,United States,Partner Referral,2022-05-12T02:51:28Z,0,001wXq5LbckG7u9AEU,
003QF6toA7RHoeqAUE,William,Stokes,William A. Stokes,Solutions Architect,Customer Success,william.stokes.131-4103@example.invalid,+1-672-555-0145,923 Justin Tunnel,Northhaven,MA,94838,United States,Outbound,2026-02-28T23:31:56Z,0,0014RvX7ofOXrw9I9V,
003ljgE2o5CJoOEI7M,David,Hamilton,David D. Hamilton,Business Analyst,Engineering,david.hamilton.574-8168@example.invalid,+1-973-555-0122,117 Patterson Manor,Lake Briar,OR,45689,United States,Outbound,2025-05-29T09:37:52Z,0,00134kztbICJD2tYCZ,
003CgiJvxFSJcNTYAN,Theresa,Cole,Theresa M. Cole,Engineering Manager,Finance,theresa.cole.854-3194@example.invalid,+1-907-555-0142,870 Soto Neck,Cedar Crossing,NC,82738,United States,Organic Search,2022-02-02T02:42:53Z,0,001l5eIYOAR8zRkI0D,
0035An2zeM4uG5PYCV,Martha,Ramos,Martha C. Ramos,Solutions Architect,Operations,martha.ramos.554-3506@example.invalid,+1-371-555-0177,37539 Morgan Squares,Summit Glen,TX,64496,United States,Outbound,2024-06-14T16:01:13Z,0,00144eZON6YVcQJIGY,
003VEOmavndCnS4I78,Isaac,Hernandez,Isaac A. Hernandez,Operations Lead,Operations,isaac.hernandez.408-9529@example.invalid,+1-611-555-0113,40652 Long Ferry,Summit Glen,NC,23423,United States,Event,2021-04-05T18:26:49Z,0,001oTVBgpJb5kxRYJO,
003beENa3yoUzDiADE,Michael,Miles,Michael L. Miles,Solutions Architect,Marketing,michael.miles.469-5102@example.invalid,+1-717-555-0176,451 Kurt Road,Lake Briar,NC,43559,United States,Customer Referral,2023-10-06T10:11:19Z,0,,
0035WoUvc1EFqOfYQA,Melissa,Bennett,Melissa J. Bennett,Solutions Architect,Engineering,melissa.bennett.657-9947@example.invalid,+1-311-555-0156,29146 Santana Ferry,Willow Harbor,WA,44379,United States,Web,2026-01-01T23:25:36Z,0,001BjMFM5mN692fQ0D,
00330qTtmPvhQiFIAB,Kimberly,Shea,Kimberly C. Shea,Finance Manager,Procurement,kimberly.shea.818-7534@example.invalid,+1-273-555-0152,233 Brewer Drives,Northhaven,OR,99393,United States,Outbound,2022-11-20T13:18:25Z,0,001MMbrZQQUkCyfI5Q,
003ZGTNinfvtpCnYAK,Jason,Green,Jason D. Green,Operations Lead,Finance,jason.green.073-2030@example.invalid,+1-901-555-0141,8333 Sweeney Spring,Cedar Crossing,OR,67073,United States,Outbound,2021-03-20T20:21:13Z,1,0011JBrPJ5YTub6QBD,
003rXK1SzUZaKFUYFN,Catherine,Smith,Catherine A. Smith,Solutions Architect,Customer Success,catherine.smith.880-8498@example.invalid,+1-412-555-0126,49519 Neil Views,Lake Briar,MA,64210,United States,Event,2024-10-14T11:01:55Z,1,001NlUpPvRS2wnzIYM,
003xT0psOvXkDTaQ8B,Jessica,Leonard,Jessica M. Leonard,Customer Success Manager,Finance,jessica.leonard.920-7985@example.invalid,+1-915-555-0159,513 Lee Roads,Lake Briar,OR,18510,United States,Customer Referral,2023-08-02T06:11:19Z,0,001qn0PeVSegyj1AFD,
0039KsQqeFBR56OYTG,Erik,Yang,Erik A. Yang,Customer Success Manager,Sales,erik.yang.525-6713@example.invalid,+1-707-555-0182,169 Timothy Cove,Summit Glen,OR,47971,United States,Customer Referral,2025-08-13T10:03:47Z,0,001FdhXK9A63y9AILQ,
003ZW1QyuDywdCOQIL,Dennis,Turner,Dennis T. Turner,Finance Manager,Customer Success,dennis.turner.058-3154@example.invalid,+1-775-555-0167,5819 Henderson Mill,Alder Bay,OR,25986,United States,Customer Referral,2023-09-13T09:55:45Z,0,001WHkVb04B78wfY3Q,
003sU1yP0UT4VvxQPE,Sarah,Thomas,Sarah T. Thomas,Operations Lead,Operations,sarah.thomas.264-8304@example.invalid,+1-473-555-0164,02853 Rachel Mountain,Alder Bay,OR,78872,United States,Outbound,2024-12-29T11:11:51Z,0,001rpVRMvKUYUnZQWY,
003x31iBq0IUpYUQN8,Jimmy,Francis,Jimmy S. Francis,Account Director,Customer Success,jimmy.francis.461-6809@example.invalid,+1-972-555-0122,3089 Martinez Stravenue,Alder Bay,NC,46108,United States,Customer Referral,2024-06-26T12:24:57Z,0,001t3ufNKZqVIffYHM,003BpLOEBjhtrpuQWV
003FahRecXEW6aWQ7N,Patrick,Reeves,Patrick R. Reeves,Customer Success Manager,Procurement,patrick.reeves.229-0637@example.invalid,+1-201-555-0142,07121 Margaret Stravenue,Cedar Crossing,CO,27191,United States,Customer Referral,2021-08-17T00:32:06Z,1,001Ekc6ysmrBHJMQF2,
0030LfI9bdZF3eQINR,David,Wall,David D. Wall,Account Director,Sales,david.wall.081-7695@example.invalid,+1-377-555-0110,7640 Warren Freeway,Summit Glen,TX,69868,United States,Web,2025-02-06T18:32:23Z,0,001JTximtecXZZ0IK7,
003oj6cOO7gvPVmYF4,Timothy,Hancock,Timothy T. Hancock,Account Director,Customer Success,timothy.hancock.612-0318@example.invalid,+1-473-555-0186,3601 Vasquez Route,Willow Harbor,NC,52478,United States,Web,2022-06-09T12:18:07Z,0,001b1XyoVMftFmnY3Z,
003ekyB4pNej2sIID3,Paul,Clark,Paul A. Clark,Business Analyst,Engineering,paul.clark.187-4001@example.invalid,+1-607-555-0114,8835 Kline Rapid,Willow Harbor,CA,87197,United States,Event,2025-08-02T12:24:41Z,0,001jIiXAhBEHXIPYQP,
003bJcoA58DEApFASK,Kimberly,Castillo,Kimberly S. Castillo,Engineering Manager,Customer Success,kimberly.castillo.097-4336@example.invalid,+1-907-555-0175,9272 Smith Valleys,Willow Harbor,WA,35216,United States,Event,2022-07-23T16:36:37Z,0,001uKtjv3QWz3nDQSN,
003ZUibBYGq8ojsIPW,Tracie,Francis,Tracie K. Francis,Finance Manager,Customer Success,tracie.francis.120-5791@example.invalid,+1-612-555-0123,335 Kirk Forge,Alder Bay,NC,27957,United States,Organic Search,2021-06-18T03:38:04Z,0,,
003btdNAK5mU4W3Y7C,Brenda,King,Brenda J. King,Engineering Manager,Customer Success,brenda.king.507-2362@example.invalid,+1-671-555-0110,54158 Colleen Causeway,Lake Briar,NC,64909,United States,Organic Search,2025-05-26T20:18:40Z,0,001b6YbqymKD3ZDA0A,
003XphXZchuD8T4Q16,Jessica,Reese,Jessica F. Reese,Operations Lead,Customer Success,jessica.reese.813-1207@example.invalid,+1-205-555-0184,3110 Becker Forest,Alder Bay,CO,80878,United States,Event,2022-01-21T17:42:50Z,0,001Cie8IUBvN1LAIXN,
003h7T0PrfOKwRwY44,Debra,Velazquez,Debra R. Velazquez,Operations Lead,Finance,debra.velazquez.980-7886@example.invalid,+1-975-555-0113,6718 Mendoza Ways,Lake Briar,TX,74085,United States,Outbound,2022-11-13T09:55:01Z,0,001ZV3zN3f85rlSYDN,
003WUKjpiHjQF2iIDL,Sharon,Hammond,Sharon A. Hammond,Finance Manager,Marketing,sharon.hammond.291-823@example.invalid,+1-972-555-0184,65228 Steven Prairie,Summit Glen,CO,47784,United States,Event,2022-02-22T13:52:35Z,0,001Yuy98mwACfhVANS,
003b0wqN0HfzPHVYA9,Angela,Jones,Angela M. Jones,Business Analyst,Procurement,angela.jones.177-8398@example.invalid,+1-902-555-0156,1716 Webb Prairie,Willow Harbor,TX,53344,United States,Partner Referral,2023-11-06T08:01:50Z,1,001WRBucYD7svO6IN5,
003TYE5PAcFh1z9APN,Richard,Rose,Richard T. Rose,Operations Lead,Sales,richard.rose.499-9529@example.invalid,+1-972-555-0122,287 Bailey Mountain,Alder Bay,OR,92006,United States,Partner Referral,2021-12-22T21:06:21Z,0,001jIiXAhBEHXIPYQP,
003myiDNlyhPnhDYE5,Elizabeth,White,Elizabeth M. White,Solutions Architect,Customer Success,elizabeth.white.097-7038@example.invalid,+1-901-555-0104,18062 Alexander Parks,Alder Bay,CA,78540,United States,Organic Search,2024-10-01T03:20:30Z,0,001qP46mGWsPnuOQ5R,
0037Z1wIgcENFXbIOW,Vanessa,Perkins,Vanessa E. Perkins,Solutions Architect,Finance,vanessa.perkins.479-5952@example.invalid,+1-603-555-0106,4068 Mccormick Lake,Cedar Crossing,CO,18402,United States,Web,2025-01-13T04:56:11Z,0,001z1doamdywpaZI4C,
003ETHkUVVKi5PSI55,Ashley,Meyer,Ashley J. Meyer,Customer Success Manager,Customer Success,ashley.meyer.494-2760@example.invalid,+1-311-555-0135,4853 Anthony Shore,Willow Harbor,CA,88627,United States,Web,2024-03-23T19:16:40Z,0,001tvKQbYklnB9tY2P,
003iPxRW4x8Atg0QMZ,Virginia,Powell,Virginia J. Powell,Customer Success Manager,Finance,virginia.powell.797-1538@example.invalid,+1-471-555-0171,5050 Amanda Locks,Willow Harbor,OR,81335,United States,Web,2024-04-15T03:27:07Z,0,001g2MhymLdN59YQJG,
003DguSTXMnFhemYKP,Jason,Rodriguez,Jason T. Rodriguez,Business Analyst,Customer Success,jason.rodriguez.583-3223@example.invalid,+1-611-555-0123,8515 Erica Spurs,Willow Harbor,CO,44439,United States,Outbound,2025-06-26T23:28:37Z,0,0012VwYreWt0DuEATR,
003THT0jpN9NJqQQ7P,Linda,Mclean,Linda R. Mclean,Business Analyst,Operations,linda.mclean.073-9689@example.invalid,+1-777-555-0119,2652 Montoya Drive,Lake Briar,NC,84666,United States,Organic Search,2022-11-22T02:02:28Z,0,001LDOa8tzZhi9lQLS,003XwlOCCmKzlaJARA
003PeSNpruY1vqZYLE,Diana,Gibson,Diana K. Gibson,Operations Lead,Engineering,diana.gibson.430-5992@example.invalid,+1-302-555-0190,1174 Poole Island,Lake Briar,OR,93921,United States,Partner Referral,2026-04-09T20:11:58Z,0,001v3PBn9EDl48XQNP,
0030lHU7dcnlxroI9E,Ashley,Palmer,Ashley G. Palmer,Solutions Architect,Customer Success,ashley.palmer.848-7444@example.invalid,+1-312-555-0101,84818 Myers Bridge,Willow Harbor,CA,75910,United States,Organic Search,2022-01-25T02:40:14Z,0,001DvFcs2OCjLNHAFJ,
003i9MWMtK9HnOPIMJ,Brittany,Harris,Brittany K. Harris,Solutions Architect,Engineering,brittany.harris.985-1567@example.invalid,+1-375-555-0177,88804 Horn Course,Summit Glen,CA,94844,United States,Event,2026-06-29T05:33:18Z,0,001n8Q7o6w0wrFoIIH,
00302pKvuwVGg8hYLK,Matthew,Marsh,Matthew K. Marsh,Operations Lead,Engineering,matthew.marsh.545-3332@example.invalid,+1-917-555-0106,9044 Paula Pike,Northhaven,MA,96364,United States,Outbound,2024-12-31T13:16:30Z,1,001FzQ1Vu9hM4AsIVS,
003aRX3YU6VR4QpQZC,Janet,King,Janet W. King,Account Director,Engineering,janet.king.975-1847@example.invalid,+1-905-555-0165,1732 Meagan Divide,Willow Harbor,CA,79481,United States,Outbound,2024-02-23T22:46:14Z,0,001qjNM8E6bbhfTQD0,
003cY6vpHkodggrI65,Jennifer,Brown,Jennifer J. Brown,Customer Success Manager,Finance,jennifer.brown.455-2070@example.invalid,+1-417-555-0150,5991 Boyer Centers,Summit Glen,OR,44227,United States,Outbound,2024-08-10T01:22:39Z,0,001QlR8r1Q5bRm4IG1,
003TKgXEWOfUh8KAEF,Courtney,Chan,Courtney T. Chan,Product Manager,Operations,courtney.chan.387-9041@example.invalid,+1-607-555-0114,040 Joshua Spur,Northhaven,WA,74721,United States,Web,2021-06-04T16:50:54Z,0,001EocC12jSBhyyIOU,
003km1KrLUTF6h7A5Y,Sara,Williams,Sara L. Williams,Business Analyst,Operations,sara.williams.874-6872@example.invalid,+1-703-555-0111,0184 Eduardo Courts,Alder Bay,TX,43877,United States,Outbound,2022-05-12T20:11:48Z,0,001FdhXK9A63y9AILQ,
003ywKk19lBskZGYHM,John,Burns,John W. Burns,Customer Success Manager,Marketing,john.burns.792-9949@example.invalid,+1-771-555-0184,947 Olson Cape,Cedar Crossing,NC,94083,United States,Partner Referral,2024-02-13T22:16:28Z,0,,
003Mqj2q9jdJsceAVN,Mary,Dixon,Mary C. Dixon,Account Director,Marketing,mary.dixon.966-4921@example.invalid,+1-777-555-0140,19194 Cox Lakes,Willow Harbor,TX,37656,United States,Organic Search,2021-01-11T03:03:53Z,0,001KQsenOWHB4fuQM5,003Mu9tTXYgpE1bAC3
003XJ6q8jXAFplJQJ8,Melissa,Ramos,Melissa L. Ramos,Account Director,Marketing,melissa.ramos.453-2111@example.invalid,+1-977-555-0177,7830 Cox Fords,Cedar Crossing,CA,88595,United States,Event,2023-10-15T01:15:30Z,0,001tvKQbYklnB9tY2P,
003gg89u20676IeIXS,Jacob,Cook,Jacob A. Cook,Business Analyst,Procurement,jacob.cook.443-896@example.invalid,+1-777-555-0124,17614 Connie Cove,Cedar Crossing,OR,69345,United States,Customer Referral,2022-04-17T15:43:54Z,0,001QMRyBoOV9ydJAFR,
003jEgISZnaybOTQW0,Tyler,Wilson,Tyler J. Wilson,Customer Success Manager,Operations,tyler.wilson.944-1109@example.invalid,+1-913-555-0128,379 Richard Forks,Summit Glen,WA,62347,United States,Partner Referral,2021-06-29T15:04:54Z,0,001XOGQaJwZLxA8YV5,003nurDHlWLAK27Q1Q
003UxhcN5TscpacAKO,Joshua,Rogers,Joshua T. Rogers,Operations Lead,Operations,joshua.rogers.708-6659@example.invalid,+1-711-555-0144,47183 Christopher Crescent,Willow Harbor,CA,33703,United States,Organic Search,2024-03-04T06:18:03Z,0,001j7iSsvqojgmCYMF,
003WmIGDtggahJ4Q7Y,Theresa,Cameron,Theresa W. Cameron,Product Manager,Customer Success,theresa.cameron.525-3403@example.invalid,+1-371-555-0175,8656 Black Court,Northhaven,MA,42056,United States,Outbound,2025-11-15T01:36:31Z,0,001oe7pgfo4kEYZIPF,
003sJ9MWI1R7WmOQOR,David,Goodman,David J. Goodman,Finance Manager,Customer Success,david.goodman.167-6253@example.invalid,+1-473-555-0177,78811 Alicia Spurs,Willow Harbor,WA,53386,United States,Event,2024-10-01T18:42:21Z,0,001v3PBn9EDl48XQNP,
003BfsclFccL7DZQHB,Richard,Moore,Richard M. Moore,Solutions Architect,Finance,richard.moore.785-8983@example.invalid,+1-405-555-0197,49037 Carolyn Summit,Alder Bay,MA,22292,United States,Partner Referral,2023-04-12T20:49:50Z,0,001kIZzocnhLCvOQBW,
003gVdH6EpnZ6WvA5M,Zachary,James,Zachary M. James,Business Analyst,Sales,zachary.james.888-4974@example.invalid,+1-371-555-0109,47621 Jasmine Lodge,Northhaven,CA,21067,United States,Partner Referral,2022-05-26T17:16:32Z,1,001yU1qilS2HtnNQUW,
003bzVWrBBrdQTCAC9,Diana,Le,Diana C. Le,Solutions Architect,Operations,diana.le.872-5591@example.invalid,+1-673-555-0186,590 Dominguez Inlet,Willow Harbor,WA,30007,United States,Partner Referral,2022-12-03T02:18:49Z,0,001OLEw0xIyryQpQ2X,
003IFvzrklwkIuSYHQ,John,Rangel,John R. Rangel,Operations Lead,Sales,john.rangel.158-2381@example.invalid,+1-373-555-0195,97367 Timothy Dale,Alder Bay,CA,20478,United States,Outbound,2025-02-05T23:42:52Z,0,001fPZTPr8lY6HWABF,
003jp8HgzxQgXoMYTO,Justin,Cochran,Justin T. Cochran,Business Analyst,Marketing,justin.cochran.925-0970@example.invalid,+1-301-555-0148,18144 Jackson Trace,Willow Harbor,NC,81898,United States,Web,2021-12-16T23:31:38Z,0,,
003DzmRdFInzuRyYV5,Phillip,Bradshaw,Phillip C. Bradshaw,Account Director,Sales,phillip.bradshaw.667-4644@example.invalid,+1-711-555-0197,137 Luis Village,Northhaven,MA,15806,United States,Organic Search,2025-10-04T05:09:41Z,0,,
003xx93G3HdGJQbIZE,William,Stephens,William K. Stephens,Customer Success Manager,Procurement,william.stephens.035-3525@example.invalid,+1-417-555-0199,37666 Greene Trail,Northhaven,WA,55146,United States,Event,2023-11-25T03:58:07Z,0,001YbEX62vgcJCrQQH,
003WndbV6wgUMEJQFL,Briana,Fernandez,Briana J. Fernandez,Solutions Architect,Operations,briana.fernandez.129-8859@example.invalid,+1-601-555-0180,34889 Stephanie Glens,Lake Briar,WA,27437,United States,Organic Search,2025-07-27T08:21:51Z,0,0019ojrY0cvCQ2UQ6L,
003WYrxIg3vAyEnAW2,Maria,Jackson,Maria M. Jackson,Operations Lead,Sales,maria.jackson.132-5633@example.invalid,+1-403-555-0179,3509 Martin Trace,Cedar Crossing,OR,77478,United States,Organic Search,2024-05-28T18:25:05Z,1,001RxHpen37aRbGQYJ,
003PyfsmoB4Y1LhQ8Z,Tina,Baker,Tina T. Baker,Engineering Manager,Operations,tina.baker.190-4261@example.invalid,+1-902-555-0156,542 Lewis Harbor,Alder Bay,MA,86454,United States,Organic Search,2025-08-17T23:16:41Z,0,001IQ2ziiojxbf8YX5,003sa1sCOZNTWwDQEN
003GOul1uSeAdI6IQH,Joseph,Foley,Joseph E. Foley,Finance Manager,Finance,joseph.foley.525-2194@example.invalid,+1-372-555-0143,715 Castillo Knolls,Lake Briar,NC,55209,United States,Partner Referral,2021-09-16T21:24:23Z,0,001Ekc6ysmrBHJMQF2,
003Hq23I188qWIQAOL,Janet,Wilcox,Janet B. Wilcox,Engineering Manager,Marketing,janet.wilcox.981-4312@example.invalid,+1-973-555-0105,5056 Vincent Ports,Northhaven,CO,24121,United States,Customer Referral,2024-04-03T20:26:24Z,0,001TZ4qzm6M8oduYTH,
003LBAW1Qwmk9A3QHR,Brittany,Berry,Brittany J. Berry,Finance Manager,Finance,brittany.berry.239-5329@example.invalid,+1-703-555-0113,762 Baxter Hollow,Summit Glen,MA,25032,United States,Outbound,2025-05-04T06:42:29Z,0,001yU1qilS2HtnNQUW,
0034UxgoEnj80foADM,Kelly,Greer,Kelly S. Greer,Product Manager,Procurement,kelly.greer.622-0162@example.invalid,+1-917-555-0159,304 Hernandez Ways,Willow Harbor,CO,12097,United States,Outbound,2024-04-02T09:39:22Z,0,001apZYag4darBdYRL,
003OeAYHBMeWG8UIKO,Keith,Clark,Keith C. Clark,Product Manager,Operations,keith.clark.656-6063@example.invalid,+1-902-555-0194,1091 Christina View,Willow Harbor,WA,95727,United States,Organic Search,2023-09-14T20:59:54Z,1,001FdhXK9A63y9AILQ,
003WEOptIkt5mefQFY,Mark,Gardner,Mark M. Gardner,Finance Manager,Sales,mark.gardner.903-5357@example.invalid,+1-601-555-0103,33576 Thomas Ville,Cedar Crossing,NC,30587,United States,Organic Search,2025-01-25T15:40:51Z,0,,003aA33FS09arwRQXC
0032Ii64oiCGtApICZ,Tracey,Howard,Tracey A. Howard,Engineering Manager,Sales,tracey.howard.355-3467@example.invalid,+1-677-555-0121,9443 Combs Station,Northhaven,TX,55808,United States,Outbound,2023-02-24T01:21:43Z,0,0012Mm2CXMo3FSXAIK,
003kRkF0RFLnScnQU0,Lisa,Lee,Lisa B. Lee,Business Analyst,Engineering,lisa.lee.985-2952@example.invalid,+1-701-555-0150,5341 Logan Mountains,Northhaven,CO,53515,United States,Outbound,2021-02-25T22:03:26Z,0,,
003vVAi8JpyW50gYY8,Brian,Fernandez,Brian G. Fernandez,Business Analyst,Customer Success,brian.fernandez.503-2336@example.invalid,+1-771-555-0184,32660 Michelle Camp,Cedar Crossing,CA,69300,United States,Partner Referral,2023-11-07T12:28:06Z,0,001mdSX3YnkEjM0IVS,
003L9uAYQt0cAHyIUX,Roberta,Fitzgerald,Roberta M. Fitzgerald,Customer Success Manager,Finance,roberta.fitzgerald.543-9427@example.invalid,+1-377-555-0188,6614 Ruiz Manors,Cedar Crossing,WA,19180,United States,Customer Referral,2025-03-06T23:34:12Z,0,0014BI0PTpGJAb4ICJ,
003XNoGMIPTvl16ANC,Ashley,Mccoy,Ashley K. Mccoy,Solutions Architect,Procurement,ashley.mccoy.536-3308@example.invalid,+1-912-555-0149,142 Heather Alley,Lake Briar,CA,33170,United States,Organic Search,2023-11-17T21:41:07Z,0,001iWJjSJhQ7PeuAR2,
003K1L30uxovYb9YN6,Kimberly,Edwards,Kimberly S. Edwards,Account Director,Customer Success,kimberly.edwards.688-5941@example.invalid,+1-702-555-0179,38914 Quinn Parkway,Summit Glen,OR,90994,United States,Customer Referral,2024-12-21T13:52:40Z,0,,
003mrfaqfU0KRpqY96,Kenneth,Arnold,Kenneth E. Arnold,Customer Success Manager,Engineering,kenneth.arnold.115-0034@example.invalid,+1-402-555-0100,31351 Alan Knoll,Northhaven,WA,80011,United States,Organic Search,2024-05-27T22:33:50Z,0,001ZV3zN3f85rlSYDN,
003jcLRXVtoXDhyQMP,Christopher,Turner,Christopher N. Turner,Account Director,Finance,christopher.turner.265-7695@example.invalid,+1-201-555-0148,167 Chang Fall,Cedar Crossing,OR,98263,United States,Customer Referral,2021-07-08T15:08:10Z,1,001WiF4egJw4fFCI62,
0033Qo4cfGxpEGdIZI,Katrina,Mcdaniel,Katrina J. Mcdaniel,Finance Manager,Marketing,katrina.mcdaniel.008-448@example.invalid,+1-777-555-0145,9730 Glenn Passage,Alder Bay,CA,33963,United States,Outbound,2026-03-18T19:30:11Z,0,001ViLIuvoOkEvIYR2,
003IDTX7DAlirrmQR1,Angela,Bradley,Angela S. Bradley,Operations Lead,Customer Success,angela.bradley.492-6757@example.invalid,+1-912-555-0117,10965 Alvarado Island,Lake Briar,WA,27452,United States,Event,2024-01-29T11:30:32Z,0,001BH0vNAlwEWFXALI,
003qn7flMREuZdfQMB,James,Roth,James J. Roth,Finance Manager,Operations,james.roth.298-1315@example.invalid,+1-607-555-0114,91061 Hendrix Light,Alder Bay,WA,77714,United States,Partner Referral,2024-07-23T03:29:38Z,0,001Hmzu237idVEDY59,
003VXTPtY3aCrHFQRI,Sheila,Walker,Sheila J. Walker,Customer Success Manager,Procurement,sheila.walker.108-9600@example.invalid,+1-675-555-0174,47910 Michael Forks,Northhaven,TX,46131,United States,Partner Referral,2026-04-09T05:26:29Z,0,001OLEw0xIyryQpQ2X,003fHZG7YoVT0IdAH1
003JbQZCTdhKJ1wI38,Christine,Chandler,Christine G. Chandler,Solutions Architect,Engineering,christine.chandler.801-8495@example.invalid,+1-273-555-0132,712 Davis Isle,Lake Briar,MA,44434,United States,Event,2021-08-07T02:16:58Z,0,001oowXHzEaXod1YS1,
0032F7FDXqADR62QRJ,Adam,Johnson,Adam S. Johnson,Solutions Architect,Operations,adam.johnson.022-234@example.invalid,+1-911-555-0100,7476 Williams Prairie,Northhaven,MA,51393,United States,Organic Search,2023-08-03T20:34:50Z,0,001kNqWPjavmloHAZ4,
003gEs8HBx1ehusI5A,Amanda,Jefferson,Amanda T. Jefferson,Operations Lead,Marketing,amanda.jefferson.473-4761@example.invalid,+1-307-555-0175,931 Pedro Center,Lake Briar,MA,96217,United States,Outbound,2026-01-09T11:02:11Z,0,001jsWcaI2ueqNkQ4J,
003Rjur06DsZI2JI4Y,Crystal,Sanchez,Crystal H. Sanchez,Finance Manager,Sales,crystal.sanchez.575-6840@example.invalid,+1-902-555-0172,953 Stephanie Port,Lake Briar,TX,66073,United States,Customer Referral,2022-04-25T14:51:19Z,0,001Z9FmqrbfBXeVI9A,
003FlAerSxK87n1YYX,Veronica,Perez,Veronica A. Perez,Solutions Architect,Procurement,veronica.perez.816-4358@example.invalid,+1-412-555-0180,67084 Briggs Pines,Summit Glen,TX,29146,United States,Customer Referral,2022-01-22T00:20:53Z,0,0014WYoiYbOMlUgQDX,
003IRcIztJ57xyuADT,Diane,Martinez,Diane R. Martinez,Operations Lead,Marketing,diane.martinez.396-897@example.invalid,+1-702-555-0152,6767 Cheryl Locks,Summit Glen,CO,89920,United States,Partner Referral,2026-03-28T11:29:03Z,0,001OLdGcwV4anrfQXZ,
003M9TF7aG1Fh3BYMG,Brent,Morris,Brent W. Morris,Account Director,Procurement,brent.morris.945-6174@example.invalid,+1-902-555-0155,14862 Wallace Trace,Summit Glen,MA,56100,United States,Partner Referral,2023-02-08T00:12:57Z,0,001NRMSr13PD4ICIOI,
003jtuSlBItisArQER,Ethan,Russell,Ethan M. Russell,Engineering Manager,Procurement,ethan.russell.450-6679@example.invalid,+1-412-555-0175,09358 Bruce Creek,Lake Briar,CO,22303,United States,Customer Referral,2023-01-23T04:44:46Z,0,001E8sva5lyIcGMIKX,
003WtxHC3dI8uAEQ9Y,Elizabeth,Chapman,Elizabeth M. Chapman,Business Analyst,Procurement,elizabeth.chapman.017-6840@example.invalid,+1-411-555-0138,18040 James Hills,Alder Bay,NC,82496,United States,Outbound,2026-05-21T16:08:25Z,0,001GikJVQQYFMgSI6M,
003qf4McL0zrGCBQZ8,Todd,Campos,Todd J. Campos,Product Manager,Sales,todd.campos.080-9532@example.invalid,+1-277-555-0127,7462 Taylor Roads,Lake Briar,OR,37195,United States,Partner Referral,2021-08-24T00:48:21Z,0,001GIi2sHi8hI1AQ7T,003Pb89KV8XsE6tAP2
003KIOhOaEZ8BhrI9A,Jessica,Price,Jessica B. Price,Engineering Manager,Customer Success,jessica.price.380-118@example.invalid,+1-675-555-0184,8212 White Green,Willow Harbor,CA,91452,United States,Partner Referral,2025-10-22T17:30:18Z,0,001gcyiBi1aOx6uAJ7,
003wvsZJc0jEbZ3I65,Christopher,Haynes,Christopher B. Haynes,Product Manager,Customer Success,christopher.haynes.337-0108@example.invalid,+1-211-555-0191,441 Munoz Expressway,Lake Briar,NC,34391,United States,Web,2026-03-20T19:38:34Z,0,001IQen5JJcxOzsYOT,
003FZkvCIGbyQfHAVS,Kevin,Deleon,Kevin V. Deleon,Finance Manager,Engineering,kevin.deleon.792-2226@example.invalid,+1-917-555-0130,4943 Walker Trafficway,Cedar Crossing,MA,78901,United States,Partner Referral,2024-09-05T18:47:52Z,0,001kC1LlUdj8c3zY68,
003lnLGBRaQPFvjQG3,Antonio,Montgomery,Antonio C. Montgomery,Finance Manager,Procurement,antonio.montgomery.073-619@example.invalid,+1-601-555-0104,01154 Gibson Forks,Summit Glen,CA,79204,United States,Organic Search,2025-06-24T13:52:41Z,0,001Ql5gfswhLAUiIZH,
003ZCblHtIil5CiY1A,April,Brennan,April A. Brennan,Account Director,Finance,april.brennan.575-8584@example.invalid,+1-372-555-0119,7395 John Drive,Cedar Crossing,CO,10471,United States,Customer Referral,2023-05-23T06:57:33Z,0,001iWJjSJhQ7PeuAR2,
003mJJARZUqZqP5Y2C,Timothy,Hinton,Timothy S. Hinton,Operations Lead,Marketing,timothy.hinton.462-0635@example.invalid,+1-673-555-0184,71469 Schultz Court,Willow Harbor,CO,34306,United States,Event,2026-01-03T06:08:06Z,0,001Pv3IESUoMrhiAAG,
003G3bKrK9jYeb2I6K,Nicole,Kidd,Nicole S. Kidd,Account Director,Marketing,nicole.kidd.291-0629@example.invalid,+1-913-555-0128,5900 Samuel Camp,Cedar Crossing,OR,74048,United States,Event,2022-05-23T18:09:52Z,0,0013e2Rh2QW4yB5YBM,
003W4GCkyKB1aeBIDX,Stephen,Benjamin,Stephen B. Benjamin,Finance Manager,Sales,stephen.benjamin.630-5079@example.invalid,+1-201-555-0166,53673 Suarez Underpass,Cedar Crossing,WA,47142,United States,Organic Search,2022-10-31T21:10:01Z,1,001wXq5LbckG7u9AEU,003SNyJjjgE6TBNYAD
003X4f6SR0QeptkAUS,Kimberly,Delgado,Kimberly K. Delgado,Customer Success Manager,Operations,kimberly.delgado.183-3178@example.invalid,+1-913-555-0103,2749 Ryan Vista,Summit Glen,TX,55057,United States,Partner Referral,2026-04-26T19:04:01Z,0,001JTximtecXZZ0IK7,003uXPAjP3crKTbIVX
003DGGaZmOdCBiTII5,Anthony,Fuentes,Anthony C. Fuentes,Finance Manager,Operations,anthony.fuentes.265-2903@example.invalid,+1-302-555-0161,252 Young Stream,Alder Bay,CA,20338,United States,Partner Referral,2021-06-12T08:53:36Z,0,001tvKQbYklnB9tY2P,
0036vHKb5O2nfy1YLK,Jose,Rios,Jose A. Rios,Solutions Architect,Operations,jose.rios.363-9135@example.invalid,+1-477-555-0181,925 Long Trace,Lake Briar,WA,84122,United States,Customer Referral,2024-11-12T14:36:49Z,0,001GIi2sHi8hI1AQ7T,
003CTAk4NcTPhsDQVS,Brandon,Sanchez,Brandon W. Sanchez,Solutions Architect,Finance,brandon.sanchez.136-8449@example.invalid,+1-675-555-0184,88193 Monroe Stravenue,Summit Glen,TX,72196,United States,Event,2024-06-03T12:30:36Z,0,001T48I5YauDsbqQZG,
003ZdwLfEyXoPUIAPL,Eric,Beltran,Eric R. Beltran,Operations Lead,Operations,eric.beltran.825-8500@example.invalid,+1-901-555-0157,87647 Williams Ports,Lake Briar,TX,35330,United States,Partner Referral,2023-12-20T12:40:03Z,0,,
003sdxYA1v45O0rI4L,Stephanie,Martinez,Stephanie D. Martinez,Solutions Architect,Finance,stephanie.martinez.041-3234@example.invalid,+1-372-555-0197,868 Diane Cove,Willow Harbor,OR,79779,United States,Outbound,2021-11-16T18:25:21Z,0,001LW8OXe6IEB5RAZR,
003uql3pJq5GjswANL,Daniel,Smith,Daniel K. Smith,Operations Lead,Finance,daniel.smith.157-7101@example.invalid,+1-375-555-0107,703 Anderson Via,Alder Bay,TX,91268,United States,Event,2024-06-30T05:25:57Z,0,001rvlO3y0uELfOAW4,
003XeNeElr8msePY20,Timothy,Hughes,Timothy J. Hughes,Account Director,Marketing,timothy.hughes.597-7120@example.invalid,+1-213-555-0159,93625 Richard Alley,Summit Glen,MA,95660,United States,Customer Referral,2023-10-07T18:28:28Z,0,001YrVA37VnfW7fIO3,003QkS7uNbXyaF3IH9
0035IrgAwJT31zLYVY,Jason,Bird,Jason C. Bird,Solutions Architect,Sales,jason.bird.342-726@example.invalid,+1-715-555-0106,106 West Unions,Summit Glen,MA,24444,United States,Web,2023-01-29T20:29:15Z,0,001s7ZyiePrkNHmYX9,
003qcbWFGoZQdQQIJ7,Carol,Jones,Carol J. Jones,Account Director,Customer Success,carol.jones.995-6066@example.invalid,+1-373-555-0142,35971 Hickman Common,Cedar Crossing,CA,32503,United States,Organic Search,2024-05-10T08:34:41Z,0,001Hmzu237idVEDY59,
003LboS3VToeM5lAFE,Bradley,Krause,Bradley A. Krause,Operations Lead,Marketing,bradley.krause.704-4980@example.invalid,+1-902-555-0157,6776 Albert Harbors,Cedar Crossing,NC,50882,United States,Event,2023-09-10T06:06:06Z,0,,
003rn9LQyie8Bi9QKZ,John,Lambert,John D. Lambert,Solutions Architect,Marketing,john.lambert.427-0121@example.invalid,+1-701-555-0113,8094 Swanson Forge,Summit Glen,WA,69597,United States,Web,2023-02-20T12:18:45Z,0,001UFuHNhHx2c9ZQQ9,
00311jogHN3a9H5QXX,Sheila,Reilly,Sheila J. Reilly,Engineering Manager,Operations,sheila.reilly.598-4646@example.invalid,+1-205-555-0120,4565 Hernandez Port,Lake Briar,WA,79025,United States,Partner Referral,2025-04-07T12:01:14Z,0,001KtASdr5CCsaYA3B,
003ehZ3DBIJah9fI53,Beth,Velasquez,Beth J. Velasquez,Finance Manager,Engineering,beth.velasquez.609-9478@example.invalid,+1-672-555-0107,709 Ware Motorway,Willow Harbor,WA,60166,United States,Web,2022-05-02T19:58:37Z,0,001TgK7Trt797foQCB,003JT1QIxPg3Up0QZ6
003WySQoonBYJ6tIT4,Christopher,Vaughn,Christopher P. Vaughn,Product Manager,Operations,christopher.vaughn.090-6922@example.invalid,+1-673-555-0185,243 Jesse Spur,Summit Glen,TX,46110,United States,Customer Referral,2022-09-27T00:20:37Z,0,0011Ah4A4sWSLAjA4O,
003P3d04rdXPYhwAN3,Ryan,Erickson,Ryan J. Erickson,Business Analyst,Sales,ryan.erickson.295-4498@example.invalid,+1-201-555-0147,652 Davis Parkways,Willow Harbor,OR,90198,United States,Customer Referral,2021-04-25T06:23:04Z,0,0012Mm2CXMo3FSXAIK,
003zNc6gtnWv8F6AD8,Jessica,Jones,Jessica M. Jones,Finance Manager,Procurement,jessica.jones.280-8373@example.invalid,+1-702-555-0180,53764 Michael Union,Alder Bay,WA,76332,United States,Outbound,2024-06-12T01:16:48Z,0,001RUYGIDukMN3HIZS,
003uwGp0ZUzZmWKILM,Michael,Mcfarland,Michael R. Mcfarland,Engineering Manager,Marketing,michael.mcfarland.204-8280@example.invalid,+1-912-555-0116,99287 Moore Path,Northhaven,MA,47253,United States,Web,2022-02-02T00:17:33Z,0,001FdhXK9A63y9AILQ,
003PL78eCf0J4yUI26,Makayla,Palmer,Makayla M. Palmer,Product Manager,Procurement,makayla.palmer.406-2933@example.invalid,+1-775-555-0167,51028 Collins Spur,Lake Briar,TX,10092,United States,Customer Referral,2021-03-31T10:49:26Z,0,001Ql5gfswhLAUiIZH,
003jAZnIL7oYfk0Y1U,Joshua,Salazar,Joshua S. Salazar,Engineering Manager,Finance,joshua.salazar.768-7381@example.invalid,+1-613-555-0189,5015 Richard Springs,Cedar Crossing,TX,84710,United States,Web,2026-01-16T22:49:01Z,0,001yU1qilS2HtnNQUW,
003dei9jRhmpBmNQKM,Diane,Blackwell,Diane C. Blackwell,Operations Lead,Finance,diane.blackwell.169-4696@example.invalid,+1-715-555-0118,45792 Dennis Oval,Summit Glen,MA,11808,United States,Web,2025-02-19T04:05:40Z,0,001wOS4RTezb6AxY4U,
003DY4Vr4QymuaUQLH,Tamara,Chung,Tamara P. Chung,Operations Lead,Marketing,tamara.chung.147-2679@example.invalid,+1-671-555-0131,29704 Karen Prairie,Lake Briar,MA,73796,United States,Web,2023-02-10T04:51:06Z,0,,
003URlnxMHsDiDPQ7H,Stephen,Williamson,Stephen P. Williamson,Product Manager,Marketing,stephen.williamson.631-4161@example.invalid,+1-471-555-0170,3962 Anderson Rapid,Lake Briar,MA,72663,United States,Organic Search,2023-06-07T01:08:30Z,0,001kaydhB78AJPJIWK,
003J1sCEAVcUhToYVZ,Matthew,Jenkins,Matthew S. Jenkins,Customer Success Manager,Procurement,matthew.jenkins.711-3009@example.invalid,+1-972-555-0130,5715 Goodwin Vista,Summit Glen,NC,25735,United States,Partner Referral,2024-08-08T14:23:33Z,0,001YbEX62vgcJCrQQH,
003qYU03V5Sc2hbYYW,Heather,Mueller,Heather K. Mueller,Product Manager,Marketing,heather.mueller.862-442@example.invalid,+1-612-555-0123,7376 Keith Expressway,Alder Bay,CA,65076,United States,Customer Referral,2025-09-14T13:49:52Z,0,0017q85b1UbQ3zNQ8K,
003G1xx6KqMl4esY76,Rebekah,Warner,Rebekah A. Warner,Engineering Manager,Marketing,rebekah.warner.601-9532@example.invalid,+1-417-555-0189,47569 Natasha Roads,Lake Briar,NC,30751,United States,Event,2023-12-30T08:03:44Z,0,001jIiXAhBEHXIPYQP,
003I3dWkbTjcuLqIU3,Michael,Hobbs,Michael K. Hobbs,Business Analyst,Finance,michael.hobbs.892-2382@example.invalid,+1-702-555-0121,62473 Nguyen Canyon,Lake Briar,CO,49959,United States,Web,2021-07-03T21:33:47Z,0,001tvKQbYklnB9tY2P,
003vV45qXUICoXaIVH,Diane,Carlson,Diane D. Carlson,Account Director,Sales,diane.carlson.223-4037@example.invalid,+1-317-555-0169,206 Clements Valleys,Willow Harbor,NC,85445,United States,Outbound,2021-07-04T06:15:48Z,0,,
0038UpwEk35ffeBQQI,James,Brown,James C. Brown,Solutions Architect,Finance,james.brown.565-4161@example.invalid,+1-777-555-0130,133 Sarah Fort,Summit Glen,NC,83538,United States,Partner Referral,2025-09-16T07:55:04Z,0,0016bs349lxRsmUQ0V,
0039HqdA25qDPmIIZ3,Charles,Zimmerman,Charles V. Zimmerman,Account Director,Finance,charles.zimmerman.252-9056@example.invalid,+1-773-555-0150,60232 Davis Burgs,Lake Briar,CO,37423,United States,Outbound,2021-09-20T09:53:07Z,0,001GNV0b9i7XYItYU8,
003ZxD9O5JnqIAYQDK,Patrick,Rich,Patrick C. Rich,Business Analyst,Operations,patrick.rich.566-2895@example.invalid,+1-701-555-0150,25380 Townsend Club,Alder Bay,NC,79782,United States,Outbound,2026-01-18T23:46:26Z,0,,
003ehyNoKXJL01LISB,Angela,Simmons,Angela R. Simmons,Account Director,Customer Success,angela.simmons.302-2187@example.invalid,+1-412-555-0126,3061 Anderson Walk,Willow Harbor,NC,20408,United States,Customer Referral,2025-02-13T18:45:22Z,0,0012tOpQ4NIa7RbIUI,0032bztYjov6Fs6Y0N
0039c0qERICaKo4AJ8,Charles,Parker,Charles M. Parker,Solutions Architect,Customer Success,charles.parker.968-0717@example.invalid,+1-972-555-0173,3360 Julie Ramp,Willow Harbor,TX,24165,United States,Organic Search,2025-04-13T11:06:10Z,0,001KInyPfEAkhgcQEO,
003azJSR2ragVkrYFE,Debbie,Thomas,Debbie R. Thomas,Business Analyst,Engineering,debbie.thomas.173-3174@example.invalid,+1-772-555-0171,8518 Cantu Ranch,Lake Briar,NC,45997,United States,Partner Referral,2024-01-08T02:57:24Z,0,001R0zWqbJMcj90A0M,
003A3LbzlfcExSZAU4,Edward,Baker,Edward C. Baker,Finance Manager,Procurement,edward.baker.363-365@example.invalid,+1-305-555-0183,8308 Brandon Locks,Cedar Crossing,NC,22344,United States,Outbound,2023-01-21T00:50:36Z,0,001I4vmxErKOgEQQME,
003ORvFViH7PX1BY83,Michael,Woods,Michael K. Woods,Product Manager,Procurement,michael.woods.452-4373@example.invalid,+1-375-555-0107,675 Miranda Junction,Alder Bay,CA,81544,United States,Outbound,2025-09-26T03:36:50Z,0,001PGT3RTshcjoGA36,
003qNb6gNlqzOn1YKL,Angela,Hawkins,Angela R. Hawkins,Solutions Architect,Engineering,angela.hawkins.728-7262@example.invalid,+1-405-555-0133,37773 Erica Courts,Lake Briar,OR,50389,United States,Outbound,2021-08-02T10:04:03Z,1,0012tOpQ4NIa7RbIUI,
003Y908VJePSb0tY5C,Anna,Thompson,Anna A. Thompson,Account Director,Engineering,anna.thompson.970-2372@example.invalid,+1-405-555-0197,54908 Elizabeth Radial,Cedar Crossing,NC,73510,United States,Web,2024-07-13T03:09:02Z,1,001LDvrdIgxRUc4IID,
003lXPa3gYjWd7LA7J,Kimberly,Anderson,Kimberly S. Anderson,Operations Lead,Sales,kimberly.anderson.758-2210@example.invalid,+1-777-555-0186,94930 Holt Station,Summit Glen,OR,60510,United States,Web,2021-02-21T11:12:54Z,0,001j6nRokzRlCs1Y07,
003fjlGN43BzzLPYAU,Brian,Lowe,Brian J. Lowe,Engineering Manager,Customer Success,brian.lowe.129-5244@example.invalid,+1-311-555-0100,23023 Williams Light,Northhaven,TX,82684,United States,Organic Search,2024-08-07T08:20:51Z,0,001yU1qilS2HtnNQUW,
003leEPt43cgbAaAT8,Shannon,Brennan,Shannon J. Brennan,Solutions Architect,Sales,shannon.brennan.685-6141@example.invalid,+1-712-555-0133,447 Brandy Light,Willow Harbor,MA,85393,United States,Customer Referral,2025-07-20T13:49:42Z,0,001HPdcdRz4xhIHI7A,
003UEs9CxdrpcbTA64,Shane,Rodriguez,Shane C. Rodriguez,Account Director,Customer Success,shane.rodriguez.976-9150@example.invalid,+1-777-555-0192,71450 Sherry Villages,Summit Glen,OR,55330,United States,Partner Referral,2026-05-12T00:02:37Z,0,001CXiPlYrfwSgoQU2,
003UkQPqonwNlX4A48,Willie,Hurst,Willie J. Hurst,Solutions Architect,Engineering,willie.hurst.106-8791@example.invalid,+1-271-555-0197,9247 Castro Skyway,Lake Briar,MA,53501,United States,Organic Search,2024-12-20T13:03:07Z,0,001Ts4G5LvwmAxUY42,
003kuYbSILmanGGQWO,Patricia,Wilkinson,Patricia D. Wilkinson,Business Analyst,Finance,patricia.wilkinson.135-4914@example.invalid,+1-917-555-0130,560 Sparks Valley,Northhaven,CO,34587,United States,Event,2023-05-15T14:10:58Z,0,001jIiXAhBEHXIPYQP,
003iAxSVh6VBSMnYJ1,Adam,Lee,Adam C. Lee,Finance Manager,Engineering,adam.lee.765-2731@example.invalid,+1-913-555-0101,4499 Smith Forks,Summit Glen,OR,72626,United States,Event,2023-05-31T01:32:09Z,1,001tGz7asrOtBm8A2Y,
003CZUOSe30hjeUI6P,David,Mcneil,David D. Mcneil,Product Manager,Customer Success,david.mcneil.472-4655@example.invalid,+1-707-555-0182,10896 Phillips Turnpike,Alder Bay,CO,19016,United States,Partner Referral,2024-07-26T05:18:53Z,0,001H9tfZGBr7JPsALI,
00366zbKzuwry7vYR9,William,Bates,William A. Bates,Customer Success Manager,Procurement,william.bates.563-6758@example.invalid,+1-305-555-0188,361 Vanessa Motorway,Lake Briar,MA,77406,United States,Event,2021-08-18T13:36:59Z,0,001j6nRokzRlCs1Y07,
003OGg9ZvpwA06oIKL,Luis,Jacobson,Luis R. Jacobson,Customer Success Manager,Operations,luis.jacobson.473-1859@example.invalid,+1-411-555-0158,9021 Mitchell Corners,Alder Bay,CA,51861,United States,Partner Referral,2025-04-22T16:24:06Z,0,00173EM2FNl8MMUQT9,
003TAuUJDToik1cQEG,Valerie,Robinson,Valerie R. Robinson,Business Analyst,Marketing,valerie.robinson.789-889@example.invalid,+1-771-555-0110,49992 Sims Keys,Alder Bay,MA,23317,United States,Organic Search,2023-04-07T20:15:28Z,0,001n8Q7o6w0wrFoIIH,
003LdfIBGK7EQ0gYSZ,Jeremy,Hicks,Jeremy B. Hicks,Finance Manager,Sales,jeremy.hicks.263-6895@example.invalid,+1-913-555-0103,8714 Vickie Garden,Cedar Crossing,WA,95617,United States,Outbound,2025-01-14T16:23:53Z,0,0017q85b1UbQ3zNQ8K,
0033XGztMNRMu6dQEB,Tina,Robinson,Tina A. Robinson,Product Manager,Procurement,tina.robinson.871-3129@example.invalid,+1-471-555-0103,893 Christensen Lock,Northhaven,OR,97028,United States,Partner Referral,2025-11-27T16:46:48Z,0,001lpuGrFmSTBnuY0M,
003y1knBdIDifuNYM6,Carolyn,Garcia,Carolyn M. Garcia,Account Director,Finance,carolyn.garcia.243-9715@example.invalid,+1-372-555-0119,255 Cassandra Walk,Lake Briar,CO,40568,United States,Event,2021-09-09T05:38:20Z,0,001uKtjv3QWz3nDQSN,
003ALU8RfKdcUlxQN4,Mariah,Campbell,Mariah M. Campbell,Engineering Manager,Sales,mariah.campbell.851-5122@example.invalid,+1-277-555-0127,08823 Wade Lane,Lake Briar,CO,45860,United States,Web,2023-07-03T10:31:58Z,0,001OphrQTgtGmAPIMC,
00376YCBgwVOAc2I8M,Ellen,Mayo,Ellen R. Mayo,Engineering Manager,Procurement,ellen.mayo.358-5924@example.invalid,+1-211-555-0191,18641 Cruz Route,Cedar Crossing,NC,79185,United States,Customer Referral,2025-08-10T12:00:55Z,0,001zC4hdWCH77CfYVC,
003VSx3gBhsvaiVQJK,Kevin,Reed,Kevin G. Reed,Business Analyst,Finance,kevin.reed.820-0939@example.invalid,+1-717-555-0110,193 Tiffany Dam,Alder Bay,TX,79413,United States,Web,2022-05-27T03:34:17Z,0,001i0JLXj0FG5G5YE0,
003JnvgUqZO7H4aIRV,Carolyn,Torres,Carolyn N. Torres,Engineering Manager,Marketing,carolyn.torres.614-4664@example.invalid,+1-901-555-0110,3686 Monica Crescent,Northhaven,MA,35710,United States,Web,2021-06-12T10:24:39Z,0,001qP46mGWsPnuOQ5R,
003xoJjqRuD6JQuINX,Brenda,Davis,Brenda C. Davis,Business Analyst,Engineering,brenda.davis.507-9427@example.invalid,+1-313-555-0130,463 Jackson Loop,Willow Harbor,CA,25328,United States,Partner Referral,2023-09-29T13:29:36Z,0,001GikJVQQYFMgSI6M,
003HFR6Z7w4dO5jINX,Cathy,Levy,Cathy Y. Levy,Finance Manager,Operations,cathy.levy.086-9042@example.invalid,+1-973-555-0105,247 Fleming Cliffs,Alder Bay,WA,72025,United States,Organic Search,2025-04-13T01:03:38Z,1,,
003YW7qNL2RKjOqYCD,Ana,Hodges,Ana S. Hodges,Product Manager,Engineering,ana.hodges.698-5547@example.invalid,+1-771-555-0175,08292 Gamble Points,Summit Glen,CO,52731,United States,Event,2022-12-11T02:25:12Z,0,001b6L8DlV1y2PzQXZ,003N7npX1LNheCRIK8
003AqyY2IfcYiBkQLX,David,Jimenez,David B. Jimenez,Solutions Architect,Procurement,david.jimenez.336-4903@example.invalid,+1-715-555-0108,428 King Spring,Alder Bay,OR,62190,United States,Web,2022-08-06T09:07:12Z,0,001JM45YOxOPMdeQIO,
003s4EbxYNRHqPbQ0W,Joseph,Murphy,Joseph J. Murphy,Account Director,Finance,joseph.murphy.029-1551@example.invalid,+1-311-555-0113,00360 Taylor Garden,Northhaven,WA,11208,United States,Organic Search,2022-03-18T19:27:16Z,1,001A42WSazTcqOlAN5,
003QrRvnnVKkSS9Y72,Courtney,Taylor,Courtney A. Taylor,Finance Manager,Sales,courtney.taylor.070-0932@example.invalid,+1-672-555-0141,6968 Acosta Inlet,Summit Glen,MA,60385,United States,Customer Referral,2025-12-09T00:52:30Z,0,001hY0bG1ZS5TO8AMZ,
003FKXxBgBiznkCAKK,Daniel,Wall,Daniel C. Wall,Engineering Manager,Marketing,daniel.wall.109-1971@example.invalid,+1-705-555-0194,176 Thomas Loop,Cedar Crossing,WA,94495,United States,Event,2022-10-18T12:31:40Z,0,0014BI0PTpGJAb4ICJ,
0034sgxTTPLTPi4Y9W,Molly,Fuller,Molly D. Fuller,Finance Manager,Marketing,molly.fuller.708-0277@example.invalid,+1-977-555-0147,058 Tracey Rue,Cedar Crossing,CA,70864,United States,Partner Referral,2024-11-22T10:50:43Z,0,001ZV3zN3f85rlSYDN,
003hcRo1zSO0VqJA87,Bill,Diaz,Bill L. Diaz,Operations Lead,Procurement,bill.diaz.284-3895@example.invalid,+1-702-555-0119,882 Williams Corner,Cedar Crossing,OR,63280,United States,Event,2022-10-22T06:35:56Z,0,001Q3kntrifzyYWI62,
003H2JskowFqPavQY6,Leah,Weber,Leah S. Weber,Finance Manager,Finance,leah.weber.902-7300@example.invalid,+1-373-555-0142,9205 Elliott Mills,Lake Briar,NC,18635,United States,Event,2024-04-06T16:14:03Z,0,001pTLwbTFSx0AVIHA,
003RIbSywAcBkQUAOJ,Wesley,Garcia,Wesley C. Garcia,Account Director,Marketing,wesley.garcia.358-6728@example.invalid,+1-301-555-0108,15221 James Station,Alder Bay,MA,31076,United States,Outbound,2022-10-04T22:02:32Z,0,001Ekc6ysmrBHJMQF2,
003974zjDXazCjRQDS,Amanda,Bruce,Amanda J. Bruce,Solutions Architect,Customer Success,amanda.bruce.436-5847@example.invalid,+1-375-555-0167,33878 Khan Drive,Alder Bay,MA,59808,United States,Customer Referral,2023-01-21T14:49:00Z,0,00134G8VQW0MQTYI8N,
003sl6OvCXMcsqyYYL,Sean,Brown,Sean M. Brown,Solutions Architect,Sales,sean.brown.495-8829@example.invalid,+1-905-555-0106,444 Melissa Cape,Summit Glen,WA,26860,United States,Web,2023-07-09T14:53:54Z,0,0013e2Rh2QW4yB5YBM,
003wnRXgnMlLVOyI8M,Angela,Jackson,Angela J. Jackson,Engineering Manager,Customer Success,angela.jackson.070-7278@example.invalid,+1-671-555-0123,907 Cox Walk,Willow Harbor,MA,44849,United States,Web,2023-03-26T11:20:19Z,0,001ViLIuvoOkEvIYR2,
003dsIJZJV6YL44ABX,Katie,Ross,Katie J. Ross,Engineering Manager,Customer Success,katie.ross.356-2637@example.invalid,+1-902-555-0194,07883 Silva Drive,Summit Glen,NC,85037,United States,Partner Referral,2025-09-30T14:44:53Z,0,001Pv3IESUoMrhiAAG,
0031u8vbGWa7ODyQZ7,Timothy,Gardner,Timothy K. Gardner,Solutions Architect,Operations,timothy.gardner.150-0499@example.invalid,+1-615-555-0123,55149 Moore Ranch,Willow Harbor,CO,17412,United States,Organic Search,2022-07-29T12:35:13Z,0,001ZIcBit9DhXpUAPA,
003pNoEJMAg1mnsABE,Emily,Dalton,Emily J. Dalton,Finance Manager,Marketing,emily.dalton.333-6001@example.invalid,+1-607-555-0114,4594 Lloyd Creek,Cedar Crossing,NC,43862,United States,Partner Referral,2024-04-23T00:53:05Z,0,001Hbp8pEhElgRqIO2,
003VZ9hJXxjtGw3QAM,Timothy,Gonzalez,Timothy B. Gonzalez,Engineering Manager,Sales,timothy.gonzalez.587-3210@example.invalid,+1-377-555-0142,45555 Williams Lodge,Lake Briar,OR,86814,United States,Web,2026-01-11T20:21:48Z,0,001ev39cBq0xejNIY0,
0031OgLshls4XrqQ85,Latasha,Pierce,Latasha A. Pierce,Customer Success Manager,Customer Success,latasha.pierce.159-2627@example.invalid,+1-775-555-0102,2690 Stacey Ferry,Summit Glen,NC,60970,United States,Partner Referral,2026-03-11T20:00:53Z,0,001DbG9gnZEl0ZPAAY,
003Szs6n0rNq7lJAF4,Veronica,Williams,Veronica Y. Williams,Business Analyst,Customer Success,veronica.williams.368-7925@example.invalid,+1-607-555-0114,76972 Patrick Stream,Willow Harbor,TX,17425,United States,Outbound,2021-01-29T20:43:19Z,0,001Hbp8pEhElgRqIO2,
0037e7NOADR9zLmY0O,Bryan,Prince,Bryan C. Prince,Finance Manager,Sales,bryan.prince.541-9643@example.invalid,+1-317-555-0174,28377 White Tunnel,Lake Briar,CO,78979,United States,Web,2026-03-07T12:48:18Z,0,001PNjrEBhT4URLAB1,
003Uip5BmdFyqkLATW,Daniel,Mendoza,Daniel T. Mendoza,Engineering Manager,Sales,daniel.mendoza.746-5828@example.invalid,+1-701-555-0113,2476 Megan Mall,Alder Bay,TX,73742,United States,Organic Search,2024-03-15T06:12:56Z,0,001CtKb9oj7o8JaYFV,
003y2706GnkVV3oIOY,Daniel,Curtis,Daniel M. Curtis,Account Director,Customer Success,daniel.curtis.013-6846@example.invalid,+1-675-555-0174,946 Mendoza Mount,Summit Glen,CA,83746,United States,Web,2025-10-30T15:03:40Z,0,001Mpyhcy0YjCuyQPK,003Ah8zNtdSdttoAQ0
0030twDYPhWNikGICO,Anita,Byrd,Anita J. Byrd,Account Director,Operations,anita.byrd.189-670@example.invalid,+1-473-555-0141,1860 Hughes Stravenue,Lake Briar,OR,35864,United States,Partner Referral,2022-02-24T13:16:04Z,0,001SpROmneVnpzUI6I,
003gRcPCRfTFTdUIA9,Maureen,Preston,Maureen J. Preston,Product Manager,Engineering,maureen.preston.841-3955@example.invalid,+1-917-555-0175,1601 Tiffany Point,Willow Harbor,CA,55550,United States,Customer Referral,2021-10-23T14:44:17Z,0,001qn0PeVSegyj1AFD,
003jNLVIbUUpiINITI,Rachel,Wilkinson,Rachel L. Wilkinson,Solutions Architect,Customer Success,rachel.wilkinson.553-3174@example.invalid,+1-911-555-0179,957 Chavez Drive,Cedar Crossing,MA,86067,United States,Organic Search,2026-06-16T11:36:15Z,0,001j6nRokzRlCs1Y07,003SODNSvtrPK0MASP
003mXPwW7YXcfbUIVM,Amanda,Stewart,Amanda S. Stewart,Account Director,Finance,amanda.stewart.050-7545@example.invalid,+1-475-555-0165,392 Christopher Spring,Alder Bay,NC,88363,United States,Customer Referral,2022-06-06T18:33:40Z,0,001OyqT9LtQtE0fYGU,
003qYH0SqftXW1aYMH,Patricia,Rodriguez,Patricia J. Rodriguez,Solutions Architect,Finance,patricia.rodriguez.291-4225@example.invalid,+1-771-555-0175,64153 Carter Underpass,Alder Bay,OR,38841,United States,Web,2025-07-18T23:58:27Z,0,001K8KFXGzOosWAASK,
003L5zIWnMKSK6oIXE,Megan,Leach,Megan J. Leach,Engineering Manager,Procurement,megan.leach.995-1428@example.invalid,+1-703-555-0112,74905 Gilbert Lock,Alder Bay,CO,49428,United States,Partner Referral,2025-02-05T07:15:19Z,0,001Y94eVbSCMZThYRA,
003Jimyj4FuxQX8Q32,Jessica,Willis,Jessica C. Willis,Account Director,Operations,jessica.willis.748-1542@example.invalid,+1-401-555-0122,2791 Rachel Course,Lake Briar,MA,99467,United States,Web,2025-04-16T11:03:44Z,0,001GikJVQQYFMgSI6M,
003KtHm7uBbpVUkQ0I,Rita,Stone,Rita K. Stone,Engineering Manager,Procurement,rita.stone.666-7743@example.invalid,+1-675-555-0107,4259 Bates Dale,Willow Harbor,CO,30065,United States,Event,2022-01-28T23:54:16Z,0,001EocC12jSBhyyIOU,
003PtC2ftYyo4EoAN5,Pamela,Garrison,Pamela L. Garrison,Engineering Manager,Sales,pamela.garrison.539-5924@example.invalid,+1-611-555-0146,8472 Jose Common,Northhaven,CA,36252,United States,Partner Referral,2022-09-25T22:20:33Z,0,001fPZTPr8lY6HWABF,
003wsC6L7LUvbrgAY7,Barbara,Boyd,Barbara M. Boyd,Solutions Architect,Sales,barbara.boyd.760-0720@example.invalid,+1-312-555-0158,4134 Darrell Ridge,Willow Harbor,OR,47506,United States,Web,2024-10-30T10:18:03Z,0,001Tn3lq2OpXiyaYCN,003m5pW1jukUWzjARJ
003M3eXH0NFA7aZQ76,Adam,Johnson,Adam P. Johnson,Account Director,Finance,adam.johnson.117-9452@example.invalid,+1-275-555-0133,65611 Ortiz Unions,Cedar Crossing,CO,55509,United States,Web,2024-07-21T07:49:37Z,0,001apZYag4darBdYRL,
003JvekNEObXCPCYL1,Yesenia,Mitchell,Yesenia L. Mitchell,Account Director,Operations,yesenia.mitchell.810-4109@example.invalid,+1-911-555-0179,72718 Reid Estates,Lake Briar,NC,77784,United States,Customer Referral,2023-01-05T20:21:27Z,0,001DbG9gnZEl0ZPAAY,
003Xe2mCTgwPkcDYHE,Jennifer,Miller,Jennifer C. Miller,Engineering Manager,Procurement,jennifer.miller.714-6214@example.invalid,+1-772-555-0159,586 Hall Meadows,Northhaven,CA,19217,United States,Web,2021-03-13T23:47:06Z,0,001qP46mGWsPnuOQ5R,
003bb73BlgqFrPkARI,John,Leon,John C. Leon,Account Director,Marketing,john.leon.509-6996@example.invalid,+1-715-555-0109,84705 Bradley Common,Northhaven,CA,11185,United States,Event,2021-09-15T05:54:15Z,1,001WHkVb04B78wfY3Q,
003MrOyeJlczlEjQEN,Maria,Pacheco,Maria R. Pacheco,Product Manager,Procurement,maria.pacheco.722-532@example.invalid,+1-702-555-0119,527 Allison Streets,Cedar Crossing,TX,13147,United States,Customer Referral,2025-09-01T15:30:05Z,0,001FU3HbNYKm95BYPF,
003xWEC3pwie7oEY82,Elizabeth,Irwin,Elizabeth M. Irwin,Account Director,Sales,elizabeth.irwin.199-8633@example.invalid,+1-277-555-0184,277 Brian Isle,Cedar Crossing,TX,85905,United States,Web,2026-04-25T09:51:20Z,0,001Yuy98mwACfhVANS,
0031mmXWm0C47qiIP5,Theresa,Floyd,Theresa G. Floyd,Customer Success Manager,Engineering,theresa.floyd.954-4081@example.invalid,+1-673-555-0184,3356 Patricia Ramp,Willow Harbor,CA,45307,United States,Partner Referral,2024-02-23T10:38:07Z,0,0013e2Rh2QW4yB5YBM,
003SzNkLgtmucDLITJ,Alan,Brooks,Alan K. Brooks,Business Analyst,Engineering,alan.brooks.649-5119@example.invalid,+1-973-555-0159,4689 Tina Underpass,Willow Harbor,NC,43009,United States,Outbound,2024-02-11T00:19:33Z,0,001aJFstC9yWgafQNG,
003GweaslhRRyCLI5I,Misty,Jones,Misty C. Jones,Finance Manager,Customer Success,misty.jones.244-392@example.invalid,+1-372-555-0143,32291 Justin Rapids,Alder Bay,TX,60071,United States,Event,2021-03-03T08:22:16Z,0,0018MjZShtig55PAG6,
003PVjht8so2oTdQOV,Nathaniel,Warren,Nathaniel C. Warren,Product Manager,Operations,nathaniel.warren.849-8556@example.invalid,+1-272-555-0113,20339 Heather Garden,Willow Harbor,CO,99999,United States,Partner Referral,2022-07-20T16:32:53Z,0,001LaewwyaBMECsIRO,
003x8TAB6P8rZeLQSO,Ana,Lewis,Ana N. Lewis,Product Manager,Procurement,ana.lewis.430-2764@example.invalid,+1-611-555-0127,27728 Jones Island,Northhaven,MA,94757,United States,Web,2021-10-08T13:57:18Z,1,001G40EGKjt7p96I7T,
003hjLablc3fpBEADF,Jill,Todd,Jill K. Todd,Product Manager,Procurement,jill.todd.631-3306@example.invalid,+1-771-555-0117,541 Claudia Estates,Willow Harbor,WA,38367,United States,Customer Referral,2025-12-03T17:19:29Z,0,001OR7GRtb417SOIE9,
003tGuzsxGZam6lYCX,Isaiah,Johnson,Isaiah A. Johnson,Operations Lead,Customer Success,isaiah.johnson.257-0999@example.invalid,+1-672-555-0107,9473 William Trail,Cedar Crossing,OR,25500,United States,Event,2024-05-05T04:43:42Z,0,001fvdIvl6mxqiIIBH,
003GZMiGhmxCKWdILH,Paul,Hall,Paul P. Hall,Business Analyst,Customer Success,paul.hall.672-0169@example.invalid,+1-901-555-0110,257 Aguilar Circle,Summit Glen,MA,19894,United States,Customer Referral,2023-02-28T08:55:53Z,0,001Qm6Qlk3KEL3HIOS,
0031VD9UKg8CI6sQCH,Steven,Sullivan,Steven A. Sullivan,Account Director,Engineering,steven.sullivan.788-3266@example.invalid,+1-672-555-0133,6861 Tristan Highway,Northhaven,NC,39064,United States,Customer Referral,2022-10-29T10:53:30Z,0,001yGC8xttQVvNRYNT,
003JcqTxNNlXh5TAU3,Ronald,Lee,Ronald K. Lee,Finance Manager,Sales,ronald.lee.378-7887@example.invalid,+1-217-555-0135,645 Jacob Views,Northhaven,TX,33735,United States,Outbound,2024-05-22T06:05:22Z,0,001LDOa8tzZhi9lQLS,
003y0u0DytJUnZuQ7T,Christina,Perez,Christina R. Perez,Engineering Manager,Customer Success,christina.perez.087-7400@example.invalid,+1-671-555-0149,03891 Pamela Underpass,Lake Briar,WA,67606,United States,Outbound,2021-10-18T06:34:46Z,0,001b1XyoVMftFmnY3Z,
00373EqRvAJ5BuGQVH,Olivia,Kirk,Olivia S. Kirk,Customer Success Manager,Engineering,olivia.kirk.037-2080@example.invalid,+1-773-555-0186,257 Jeremy Views,Lake Briar,OR,30739,United States,Event,2023-05-01T20:26:15Z,0,001E8sva5lyIcGMIKX,
003rKCQ5NwAa16AY52,Cristian,Decker,Cristian J. Decker,Account Director,Marketing,cristian.decker.989-3955@example.invalid,+1-477-555-0181,946 Sanders Rapids,Lake Briar,CA,43084,United States,Customer Referral,2021-01-18T16:04:11Z,0,001n8Q7o6w0wrFoIIH,
00308aR2Ghbld2lQJO,Jacqueline,Diaz,Jacqueline V. Diaz,Engineering Manager,Engineering,jacqueline.diaz.927-0417@example.invalid,+1-672-555-0107,5874 Keith Plains,Alder Bay,WA,19265,United States,Partner Referral,2021-04-22T12:37:25Z,0,001IqN1uANorRv0AGO,
0037NqTBwWjr1kjA00,David,Fisher,David D. Fisher,Product Manager,Marketing,david.fisher.718-5629@example.invalid,+1-417-555-0110,0348 Kimberly Freeway,Cedar Crossing,NC,11915,United States,Event,2021-01-03T00:57:32Z,0,001lpuGrFmSTBnuY0M,
003uqaPRAYt8PdlQOW,Gregory,Walker,Gregory M. Walker,Customer Success Manager,Sales,gregory.walker.324-6048@example.invalid,+1-975-555-0170,8674 Philip Overpass,Cedar Crossing,TX,30131,United States,Web,2023-06-05T13:47:26Z,0,001Hbp8pEhElgRqIO2,
003W4DKHKXcD4DQQF7,Kimberly,Bowman,Kimberly G. Bowman,Account Director,Customer Success,kimberly.bowman.197-257@example.invalid,+1-211-555-0133,361 Robert Light,Willow Harbor,NC,46557,United States,Organic Search,2023-03-22T15:42:36Z,0,001X85qfzndbjPoIS1,
003ZGOxuAsxdo1XY37,Kenneth,Simpson,Kenneth M. Simpson,Customer Success Manager,Engineering,kenneth.simpson.657-2221@example.invalid,+1-301-555-0108,0344 Campbell Junction,Willow Harbor,NC,71078,United States,Organic Search,2025-01-25T00:58:01Z,0,001dVg5Hd2ux7OeY11,003pbW5ABWvUkq2ILY
0030maLlgcjcNIaIGI,Kyle,Shelton,Kyle D. Shelton,Operations Lead,Marketing,kyle.shelton.2348-3136@example.invalid,+1-607-555-0151,736 Amanda Shoals,Cedar Crossing,NC,90800,United States,Partner Referral,2025-02-24T02:18:11Z,0,001Rc1LJzjoerNoYJJ,
0039vrHZDDIGaHJA4T,Sean,Jones,Sean N. Jones,Finance Manager,Procurement,sean.jones.6779-3293@example.invalid,+1-402-555-0194,77006 Lisa Ports,Summit Glen,WA,39543,United States,Web,2025-01-23T21:43:29Z,0,001ygA3FAG75gTTAXO,
003cuTGE1DhOEKZQCC,Diane,Rodriguez,Diane A. Rodriguez,Business Analyst,Customer Success,diane.rodriguez.0384-4869@example.invalid,+1-203-555-0147,01617 Joseph Mountain,Lake Briar,MA,13294,United States,Outbound,2023-12-25T07:49:03Z,0,001ZCfPCiKUOyBBA6I,
0035gxrGVtkkQj1QHZ,Richard,Hernandez,Richard C. Hernandez,Product Manager,Customer Success,richard.hernandez.8018-290@example.invalid,+1-413-555-0172,457 Crane Street,Lake Briar,CA,76557,United States,Event,2023-01-13T21:06:05Z,0,001cML7G0gkmAuyYXM,
003CMXQsLON96SmYIN,Brittany,Allison,Brittany J. Allison,Product Manager,Customer Success,brittany.allison.1962-6894@example.invalid,+1-772-555-0175,65647 Davis Corner,Cedar Crossing,NC,83710,United States,Organic Search,2026-05-20T05:06:11Z,1,001G40EGKjt7p96I7T,
003s8MYKvLvCt3ZAN8,Michael,Kennedy,Michael P. Kennedy,Engineering Manager,Customer Success,michael.kennedy.4698-6825@example.invalid,+1-775-555-0102,119 Bruce Ports,Northhaven,CA,95266,United States,Outbound,2022-10-31T11:25:37Z,0,001kBV5ho7M1GOwA4E,003sgR2q9AxKS7HYS0
003OFqZyd8wtIU4Q75,Brett,Sharp,Brett M. Sharp,Finance Manager,Sales,brett.sharp.8534-0799@example.invalid,+1-611-555-0127,21808 Kari Lodge,Cedar Crossing,OR,97768,United States,Web,2025-10-27T21:11:28Z,0,0012tOpQ4NIa7RbIUI,
0031pSvTZV7OfZtAV6,Tammy,Chapman,Tammy M. Chapman,Customer Success Manager,Marketing,tammy.chapman.6562-301@example.invalid,+1-972-555-0184,003 Smith Throughway,Lake Briar,TX,67932,United States,Outbound,2025-09-24T00:44:05Z,0,0014BI0PTpGJAb4ICJ,
00341xgP3uVuAHDI2M,Sabrina,Garcia,Sabrina D. Garcia,Finance Manager,Finance,sabrina.garcia.5602-350@example.invalid,+1-272-555-0108,674 Grimes Spur,Cedar Crossing,NC,73507,United States,Organic Search,2023-09-17T10:58:30Z,0,001IOGBmeiQlCpGYR9,
003GdAWYE90Z1GMIR7,Jamie,Reese,Jamie M. Reese,Account Director,Procurement,jamie.reese.7724-8428@example.invalid,+1-611-555-0186,03452 Bruce Mews,Cedar Crossing,MA,12327,United States,Event,2024-01-22T05:49:47Z,1,001iIp10CH2rdjrQCH,
003rCLXjA5zuMQ9YSM,Kyle,Blake,Kyle S. Blake,Engineering Manager,Operations,kyle.blake.3096-490@example.invalid,+1-905-555-0161,2247 Garner Land,Willow Harbor,TX,73776,United States,Organic Search,2024-01-10T13:29:22Z,0,001yFWO67SRy3CKA0S,
003auAiDxfCBSfzQ4P,Roberto,Kelly,Roberto J. Kelly,Finance Manager,Marketing,roberto.kelly.7648-7617@example.invalid,+1-311-555-0113,372 Tyler Fall,Cedar Crossing,OR,34278,United States,Partner Referral,2025-10-23T04:51:00Z,0,001jIiXAhBEHXIPYQP,
003wtSOSBtayTcfITC,Stephanie,Smith,Stephanie S. Smith,Account Director,Operations,stephanie.smith.1411-2446@example.invalid,+1-705-555-0147,18838 Richardson Roads,Alder Bay,WA,26798,United States,Customer Referral,2026-03-20T23:06:16Z,0,001ViLIuvoOkEvIYR2,
003MgDBGEmPiwO2IRE,Sharon,Long,Sharon L. Long,Customer Success Manager,Customer Success,sharon.long.1280-7992@example.invalid,+1-615-555-0123,215 Wade Plains,Willow Harbor,CO,81040,United States,Event,2024-07-07T11:05:26Z,0,001jIiXAhBEHXIPYQP,
003HBjDP3V2reIIAJN,Jo,Miller,Jo K. Miller,Finance Manager,Procurement,jo.miller.8176-1610@example.invalid,+1-311-555-0147,978 Erica Common,Cedar Crossing,MA,55571,United States,Event,2025-04-22T02:44:00Z,0,001mr80ElRqK1bZQVC,
003E4TKlgKMghLmAPL,Gregory,Carr,Gregory P. Carr,Finance Manager,Operations,gregory.carr.3691-4098@example.invalid,+1-375-555-0143,1499 Wright Points,Summit Glen,WA,60203,United States,Customer Referral,2022-11-02T16:06:41Z,1,001X5lK5MbsgblUIV7,
0034bSNcvxaJOubIRN,Kristen,Brown,Kristen H. Brown,Product Manager,Finance,kristen.brown.0193-8903@example.invalid,+1-715-555-0118,9594 James Port,Northhaven,WA,28337,United States,Outbound,2024-08-15T06:13:55Z,0,001ev39cBq0xejNIY0,
003znoESl5OADaOQ41,Kimberly,Harris,Kimberly D. Harris,Engineering Manager,Customer Success,kimberly.harris.3844-2605@example.invalid,+1-775-555-0142,56732 Stacey Ford,Summit Glen,CO,41173,United States,Partner Referral,2024-04-16T10:26:23Z,0,001gQSNxeXgntf7YR3,0038hWHctMZRS7QQEQ
0037F7ZQVrLuk6jA5E,Daniel,Rios,Daniel B. Rios,Product Manager,Customer Success,daniel.rios.4723-4656@example.invalid,+1-707-555-0155,264 Bradshaw Mission,Lake Briar,OR,14210,United States,Web,2023-10-29T06:46:23Z,0,0011erzQJKIYYG5AUC,
003WTy0tr2I5ravQWM,Brad,Hughes,Brad G. Hughes,Operations Lead,Engineering,brad.hughes.3232-1494@example.invalid,+1-317-555-0169,6944 Mcguire Spurs,Cedar Crossing,TX,98142,United States,Event,2021-06-05T09:08:46Z,1,001e0UGOTVraqTKQN3,
003hKMp9wdFG2xEAJ8,Jacob,Lee,Jacob J. Lee,Engineering Manager,Operations,jacob.lee.9249-8082@example.invalid,+1-673-555-0184,5096 Montgomery Parkway,Willow Harbor,TX,78193,United States,Partner Referral,2023-12-08T15:37:29Z,0,001Dr3VLTdygyPzIUT,
003hl7pZAG0UVWaIY9,Kevin,Simmons,Kevin S. Simmons,Engineering Manager,Engineering,kevin.simmons.6012-230@example.invalid,+1-612-555-0126,08803 Parrish Manor,Summit Glen,CO,32753,United States,Event,2026-06-30T10:46:44Z,0,0018haifivYezP7QUH,
003ejjJjH1rLLqkQHW,Lucas,Wilson,Lucas J. Wilson,Operations Lead,Engineering,lucas.wilson.2492-6487@example.invalid,+1-905-555-0161,8190 Kristin Hollow,Cedar Crossing,MA,73466,United States,Partner Referral,2023-11-22T10:00:26Z,1,001PuTTthcGKMiPQUX,
003PYALDHZwx2BLIUX,Jeff,Torres,Jeff J. Torres,Engineering Manager,Sales,jeff.torres.4828-5101@example.invalid,+1-915-555-0119,1815 Paul Shoal,Lake Briar,CO,38550,United States,Event,2026-01-28T14:36:05Z,0,001CAWJWrCJUDD2Q42,
0034AowUY4tLX6BIQL,Robert,Robinson,Robert A. Robinson,Business Analyst,Engineering,robert.robinson.5854-1635@example.invalid,+1-711-555-0153,80492 Jasmine Terrace,Willow Harbor,OR,19068,United States,Event,2022-11-28T23:09:37Z,0,001rpVRMvKUYUnZQWY,
003ybXYXVJHCNMSY3I,David,Adams,David S. Adams,Account Director,Procurement,david.adams.2860-8164@example.invalid,+1-373-555-0124,6274 Paul Coves,Willow Harbor,MA,62190,United States,Web,2024-09-14T17:45:26Z,0,001pZZmTYW0GRFkYE7,
003LuAM3iIsuJQIIS7,Taylor,Miller,Taylor H. Miller,Solutions Architect,Finance,taylor.miller.4355-3483@example.invalid,+1-973-555-0169,239 James Falls,Cedar Crossing,MA,44038,United States,Event,2024-04-20T14:32:03Z,0,001dbHSEev61SnuI4N,
003buvmdP5A3RUCAAL,Cheryl,Berry,Cheryl J. Berry,Customer Success Manager,Finance,cheryl.berry.3667-9721@example.invalid,+1-912-555-0116,2112 Megan Turnpike,Summit Glen,MA,25335,United States,Web,2025-09-12T06:03:30Z,0,001OH94vlTF3MI8Y08,
003PePWYVD4dIBvQ7F,Debbie,Khan,Debbie T. Khan,Business Analyst,Finance,debbie.khan.0150-5296@example.invalid,+1-305-555-0100,506 Brittany Valleys,Northhaven,MA,62617,United States,Web,2022-09-25T08:02:05Z,0,0016bs349lxRsmUQ0V,
003Ht34jK36d5TyIHL,Dawn,Ortega,Dawn C. Ortega,Finance Manager,Marketing,dawn.ortega.0912-6115@example.invalid,+1-207-555-0182,7625 Emily Road,Cedar Crossing,CA,63339,United States,Partner Referral,2024-04-16T08:38:01Z,0,001CobSEZTi3dLCAGD,
003nCnPWx4o3oqwAUD,Sharon,Mathews,Sharon S. Mathews,Finance Manager,Operations,sharon.mathews.8987-0993@example.invalid,+1-411-555-0158,6116 Taylor Stravenue,Lake Briar,TX,22434,United States,Event,2025-07-10T19:57:44Z,0,001mdSX3YnkEjM0IVS,
003xO6diFWGivMyQH5,Alicia,Estrada,Alicia D. Estrada,Solutions Architect,Engineering,alicia.estrada.5249-7353@example.invalid,+1-671-555-0123,2312 Hernandez Fall,Lake Briar,CO,75736,United States,Customer Referral,2023-10-04T14:55:26Z,0,001gDwR4bq40bkiQ0U,
003AVwbKQi2MEUgQ7M,Kelly,Rodgers,Kelly A. Rodgers,Operations Lead,Procurement,kelly.rodgers.0071-6115@example.invalid,+1-903-555-0125,31845 Smith Ridge,Lake Briar,WA,36068,United States,Partner Referral,2021-12-16T12:57:18Z,0,0017Pw79T9KgAdXIW1,
003EpjnKkzz0vR9I8W,George,Moody,George E. Moody,Business Analyst,Procurement,george.moody.2790-5396@example.invalid,+1-773-555-0186,779 Hannah Hollow,Summit Glen,CA,82309,United States,Event,2026-03-14T15:10:34Z,0,001mr80ElRqK1bZQVC,
003VD2JfbrBwCTuQPC,Michael,Bishop,Michael S. Bishop,Business Analyst,Engineering,michael.bishop.7388-5965@example.invalid,+1-611-555-0113,5263 Shaw Place,Willow Harbor,CA,78208,United States,Partner Referral,2025-05-01T17:07:45Z,0,001ZX951OeRh6EHIOJ,
003zCKLKBY2WayZIVA,Destiny,Carson,Destiny S. Carson,Solutions Architect,Marketing,destiny.carson.7597-4425@example.invalid,+1-301-555-0152,3882 Moore Greens,Summit Glen,NC,71639,United States,Web,2021-11-19T15:07:22Z,1,0012lorIPC5zJvCYYX,
003aOXN8maPyJ9cYND,Lauren,Clark,Lauren C. Clark,Engineering Manager,Customer Success,lauren.clark.6732-4182@example.invalid,+1-903-555-0128,262 Diane Bypass,Alder Bay,OR,54981,United States,Web,2024-10-15T19:10:06Z,0,0013e2Rh2QW4yB5YBM,
003WY4K47MBpHinAFL,Lori,Serrano,Lori L. Serrano,Product Manager,Engineering,lori.serrano.2515-7628@example.invalid,+1-411-555-0198,711 Perez Viaduct,Summit Glen,NC,63644,United States,Partner Referral,2022-11-24T15:55:33Z,0,,
003f49vfpd9cSwXA6F,James,Lowe,James D. Lowe,Account Director,Sales,james.lowe.8386-1977@example.invalid,+1-603-555-0198,21599 Victor Glens,Summit Glen,TX,74216,United States,Web,2022-03-21T01:20:37Z,0,001zOsseTV2G23QAKL,003Z9T6FmQw8X0gQT4
003yrrcpwda69qaQCT,Anthony,Davis,Anthony T. Davis,Operations Lead,Marketing,anthony.davis.6431-2350@example.invalid,+1-675-555-0196,14836 Collins Mountains,Summit Glen,CA,11535,United States,Outbound,2025-10-14T11:35:01Z,0,001GJ2vwlaXONX0IFT,
003OxXil7gvZrXfYIT,Jacob,Herring,Jacob R. Herring,Operations Lead,Sales,jacob.herring.1543-4650@example.invalid,+1-613-555-0135,7264 Carol Flat,Lake Briar,CA,63986,United States,Customer Referral,2021-07-02T06:11:11Z,0,001wHDsRuiwyR4oI2F,
003KlIgjM61nu5oI9V,David,Bruce,David R. Bruce,Operations Lead,Operations,david.bruce.5361-3957@example.invalid,+1-372-555-0193,498 Daniel Pike,Summit Glen,WA,62389,United States,Web,2021-04-24T09:33:46Z,0,001Ekc6ysmrBHJMQF2,
003eActERmhnk8VIOQ,David,Richardson,David D. Richardson,Account Director,Procurement,david.richardson.4963-2429@example.invalid,+1-901-555-0180,595 Rojas Viaduct,Summit Glen,CA,39322,United States,Partner Referral,2025-01-17T15:28:41Z,0,,
003A2OMzRZIRr5hIN8,Melissa,Garcia,Melissa J. Garcia,Business Analyst,Sales,melissa.garcia.1320-3480@example.invalid,+1-417-555-0189,9358 Jones Village,Willow Harbor,CA,46663,United States,Web,2024-12-11T01:56:31Z,0,001LInXZfFVYqWIIEB,
003jbE9pbXJbeuFYQZ,Angela,Castillo,Angela K. Castillo,Engineering Manager,Finance,angela.castillo.2830-3877@example.invalid,+1-771-555-0147,01113 Matthew Pine,Lake Briar,TX,81324,United States,Partner Referral,2025-11-01T08:38:04Z,0,001j6nRokzRlCs1Y07,
003Hy2nThrssNl4YZ3,Jennifer,Mitchell,Jennifer E. Mitchell,Customer Success Manager,Procurement,jennifer.mitchell.8625-9424@example.invalid,+1-771-555-0117,3806 Austin Ports,Northhaven,CO,75915,United States,Web,2025-06-03T10:28:10Z,0,001PygtS3FHgKj8Q8G,0039itNubm3uQOqYHJ
003nbABOCORgwMAA2H,Melinda,Gonzalez,Melinda W. Gonzalez,Account Director,Engineering,melinda.gonzalez.8538-1785@example.invalid,+1-972-555-0184,9715 Herman Mills,Northhaven,CA,28825,United States,Web,2022-11-15T09:03:28Z,0,0012Mm2CXMo3FSXAIK,
003BoOeoxrfoYPPAFM,Edward,Howard,Edward T. Howard,Finance Manager,Procurement,edward.howard.0985-9303@example.invalid,+1-301-555-0188,597 Shelly Parkway,Summit Glen,NC,18126,United States,Organic Search,2022-04-07T05:35:28Z,0,001zKmRfZNU4LdqIBJ,
003mvVQdkNBgEFkA0U,Sheri,Smith,Sheri R. Smith,Solutions Architect,Engineering,sheri.smith.6343-3545@example.invalid,+1-702-555-0179,669 Fuentes Roads,Alder Bay,TX,80143,United States,Outbound,2026-03-18T00:49:24Z,0,001oC8KT3LUvyYxQCY,
003M69rLXtRGFkEQHM,Frank,Johnson,Frank L. Johnson,Finance Manager,Customer Success,frank.johnson.3422-3716@example.invalid,+1-613-555-0117,896 Johns Row,Summit Glen,OR,84252,United States,Organic Search,2023-02-22T14:50:58Z,0,001lpuGrFmSTBnuY0M,
003m3ncht0KhZ0PATP,David,Cunningham,David M. Cunningham,Operations Lead,Sales,david.cunningham.3542-8448@example.invalid,+1-905-555-0116,4804 Thomas Mount,Lake Briar,TX,36702,United States,Customer Referral,2021-02-08T07:10:27Z,0,001j6nRokzRlCs1Y07,
003b3iuoUKBfLUAIJA,Justin,Mckay,Justin S. Mckay,Finance Manager,Operations,justin.mckay.9954-7342@example.invalid,+1-775-555-0180,6746 Holt Turnpike,Northhaven,WA,12920,United States,Web,2026-05-11T17:08:28Z,0,001qn0PeVSegyj1AFD,003VxLo3FH5P5RIAB7
003GbIbeZnYPlrDYFX,Tracy,Cochran,Tracy J. Cochran,Product Manager,Sales,tracy.cochran.3665-3343@example.invalid,+1-472-555-0187,8195 Peter Path,Summit Glen,OR,50074,United States,Event,2024-02-15T09:24:18Z,0,001gQSNxeXgntf7YR3,
0036IDX41NFUzcsQYY,Sean,Pham,Sean C. Pham,Finance Manager,Marketing,sean.pham.7929-8841@example.invalid,+1-603-555-0105,260 Kathleen Burgs,Lake Briar,CO,90125,United States,Outbound,2023-06-30T10:00:30Z,0,001zBr7D0amNm8PY72,003R8feqspattJPA37
003bPMP6TCGTRRJYGH,Calvin,Thomas,Calvin W. Thomas,Account Director,Operations,calvin.thomas.4125-8461@example.invalid,+1-413-555-0117,37687 Matthew Square,Northhaven,NC,24054,United States,Web,2024-02-05T18:14:24Z,0,0017q85b1UbQ3zNQ8K,003Wi80dxTCsfYLI77
0031V35M3k3BNNhQ3W,Michael,Osborne,Michael L. Osborne,Finance Manager,Procurement,michael.osborne.0923-8585@example.invalid,+1-602-555-0190,573 Spears Isle,Lake Briar,OR,79311,United States,Outbound,2021-11-09T13:42:02Z,0,001aJFstC9yWgafQNG,003Mq3yB1QMrWPSAUJ
003rg0dlaCQurMSITE,Mark,Gonzalez,Mark K. Gonzalez,Business Analyst,Customer Success,mark.gonzalez.0593-2651@example.invalid,+1-205-555-0159,0889 Barajas Radial,Alder Bay,CA,97382,United States,Customer Referral,2023-02-12T05:07:24Z,0,001BjMFM5mN692fQ0D,
003cDJscbZK0JtHQIR,Pamela,Mccarty,Pamela J. Mccarty,Product Manager,Customer Success,pamela.mccarty.7792-819@example.invalid,+1-772-555-0171,92356 Baker Alley,Northhaven,CA,20727,United States,Organic Search,2021-02-24T20:05:21Z,1,001DmIO5EqT4tawY4D,
0033jL15bG9xw8gI6S,Joshua,Patterson,Joshua L. Patterson,Business Analyst,Operations,joshua.patterson.3881-3381@example.invalid,+1-772-555-0168,31820 Mahoney Crossroad,Lake Briar,CA,61103,United States,Customer Referral,2026-04-06T23:26:25Z,0,001mOakw0eBtWL3I8G,0035heRF4LfS5QHQ5B
003rfuHfs51RYULQIE,Angela,Ortiz,Angela S. Ortiz,Engineering Manager,Engineering,angela.ortiz.7548-5202@example.invalid,+1-213-555-0140,3815 Amanda Oval,Summit Glen,MA,44958,United States,Partner Referral,2022-05-21T07:31:16Z,0,0012B0IsTb8G7BVAST,
003hVeHEc7g10BeA0G,Jennifer,Garcia,Jennifer A. Garcia,Finance Manager,Sales,jennifer.garcia.8688-8439@example.invalid,+1-903-555-0103,96954 Harmon Motorway,Willow Harbor,OR,92715,United States,Outbound,2026-06-29T03:04:39Z,0,001b6L8DlV1y2PzQXZ,
003mzxvYX0gylHyAXZ,Zachary,Villa,Zachary J. Villa,Customer Success Manager,Sales,zachary.villa.7998-407@example.invalid,+1-903-555-0179,9555 Micheal Isle,Northhaven,TX,17561,United States,Customer Referral,2024-05-05T04:08:19Z,0,001LDOa8tzZhi9lQLS,
003NgOuqAjnhAZhAIW,Amanda,Rodriguez,Amanda E. Rodriguez,Product Manager,Procurement,amanda.rodriguez.4988-8556@example.invalid,+1-671-555-0123,007 Jennifer Well,Cedar Crossing,CO,12840,United States,Web,2025-06-16T16:54:48Z,0,0012iTFLPNf13nhYPM,
003bbt6hwtwIcbjIHQ,Annette,Romero,Annette M. Romero,Finance Manager,Operations,annette.romero.9661-4274@example.invalid,+1-472-555-0157,27674 Nicholas Crossing,Cedar Crossing,CA,16008,United States,Web,2024-07-05T14:42:19Z,1,001Ivgehi2RhpxmIXK,
003haI7NPKn0gYsQ3M,Bryan,Patterson,Bryan B. Patterson,Business Analyst,Engineering,bryan.patterson.1647-4067@example.invalid,+1-407-555-0108,556 Susan Manors,Cedar Crossing,CA,58620,United States,Partner Referral,2022-08-14T21:59:41Z,0,001uaLZFmzUomVXQGA,
003qLZ2TMkz0uaGAT1,Michael,Baxter,Michael I. Baxter,Engineering Manager,Sales,michael.baxter.1305-5291@example.invalid,+1-903-555-0128,521 Aguilar Fork,Northhaven,WA,18955,United States,Outbound,2023-10-02T06:33:50Z,0,0018MjZShtig55PAG6,
0033EcjyMCIQqMfYEB,Jennifer,Walker,Jennifer E. Walker,Business Analyst,Sales,jennifer.walker.0790-5878@example.invalid,+1-615-555-0142,64009 Gina Street,Cedar Crossing,NC,30132,United States,Web,2023-09-23T20:01:50Z,0,001ViLIuvoOkEvIYR2,
003qkhTAuIqBM5uY7T,Colleen,Sullivan,Colleen A. Sullivan,Account Director,Procurement,colleen.sullivan.2847-8867@example.invalid,+1-215-555-0149,8167 Powell Summit,Cedar Crossing,OR,67056,United States,Web,2025-08-26T12:59:01Z,0,,
003ZPGB8XLIst9AA3J,Lauren,Fuentes,Lauren K. Fuentes,Product Manager,Operations,lauren.fuentes.0624-7742@example.invalid,+1-271-555-0185,9581 Wallace Walk,Cedar Crossing,NC,28073,United States,Web,2022-08-01T08:27:49Z,0,001aJFstC9yWgafQNG,
003q8mtebAQ72SHQV5,Paula,Thompson,Paula L. Thompson,Engineering Manager,Operations,paula.thompson.1611-3114@example.invalid,+1-773-555-0183,94026 Melanie Port,Northhaven,CO,43921,United States,Outbound,2023-11-20T19:38:50Z,0,001Pv3IESUoMrhiAAG,
003nDG4Edmka5a5A5U,Carolyn,Marshall,Carolyn J. Marshall,Finance Manager,Operations,carolyn.marshall.5073-9226@example.invalid,+1-902-555-0194,37840 Lowe Circles,Alder Bay,OR,64735,United States,Outbound,2023-11-06T07:34:52Z,0,001JTximtecXZZ0IK7,
003oeoe9jMRJtsFIXM,Paul,Johnson,Paul R. Johnson,Account Director,Finance,paul.johnson.3458-4143@example.invalid,+1-472-555-0116,67644 Lewis Mall,Lake Briar,MA,88266,United States,Customer Referral,2021-01-31T18:31:19Z,0,001ClNAQA1Xn4fUINT,
003TIkLDqdlv0iTQ35,Kayla,Carlson,Kayla R. Carlson,Customer Success Manager,Sales,kayla.carlson.8670-9183@example.invalid,+1-671-555-0176,98505 Brooks Courts,Alder Bay,OR,12072,United States,Customer Referral,2026-02-22T05:49:03Z,0,001E8sva5lyIcGMIKX,003koWoclygPITyIKQ
003dx26J2Qx1Z7sY2M,Jeffrey,Cole,Jeffrey C. Cole,Product Manager,Finance,jeffrey.cole.1184-4612@example.invalid,+1-773-555-0165,81060 Jill Overpass,Northhaven,TX,51794,United States,Event,2021-07-04T14:00:33Z,0,0018MjZShtig55PAG6,
003BJP3FKahyfw9I1W,Aaron,Christian,Aaron L. Christian,Solutions Architect,Procurement,aaron.christian.6130-7019@example.invalid,+1-312-555-0180,304 Courtney Neck,Lake Briar,CO,60632,United States,Outbound,2022-11-04T20:29:03Z,0,001K8KFXGzOosWAASK,
003JKepolzJF9SeICO,Emily,Robinson,Emily C. Robinson,Customer Success Manager,Engineering,emily.robinson.3083-4861@example.invalid,+1-305-555-0138,26665 Chase Extensions,Northhaven,NC,13636,United States,Web,2024-02-15T01:00:55Z,0,001yQSD3rwvt3ZBAV9,
0036XGXPXmg2ctwYTO,Christopher,Villarreal,Christopher J. Villarreal,Engineering Manager,Marketing,christopher.villarreal.1873-9840@example.invalid,+1-473-555-0177,6870 Riley Island,Summit Glen,MA,74808,United States,Event,2026-01-28T16:18:59Z,0,001OH94vlTF3MI8Y08,
003NTU3T0Co8c3eQAN,James,Smith,James N. Smith,Customer Success Manager,Customer Success,james.smith.7208-4350@example.invalid,+1-273-555-0189,516 Kennedy Centers,Northhaven,NC,23092,United States,Web,2024-01-02T17:52:11Z,0,001PuTTthcGKMiPQUX,
003pW8uDxULlS0bYO2,John,Mcbride,John B. Mcbride,Finance Manager,Operations,john.mcbride.8958-9550@example.invalid,+1-611-555-0132,334 Hampton Stream,Willow Harbor,CO,97784,United States,Organic Search,2021-07-26T12:02:36Z,0,001ZBID6zyXHdcLAAH,
003W4j2IQwOiUqBIH6,Justin,Sullivan,Justin A. Sullivan,Product Manager,Sales,justin.sullivan.6712-8703@example.invalid,+1-372-555-0118,217 Maria Summit,Summit Glen,TX,81521,United States,Web,2022-12-26T08:28:31Z,0,001j6nRokzRlCs1Y07,
003fXRtYH2J1xp9ADS,Jerry,Cabrera,Jerry R. Cabrera,Account Director,Marketing,jerry.cabrera.5338-8512@example.invalid,+1-913-555-0109,0591 Crane Freeway,Northhaven,WA,45956,United States,Customer Referral,2022-03-11T23:15:43Z,0,001oPLQgL6DtzXuQJ9,
003jz7dUwvbtlg8AP0,Ryan,Dillon,Ryan A. Dillon,Engineering Manager,Customer Success,ryan.dillon.2276-604@example.invalid,+1-412-555-0105,65452 Duncan Ville,Summit Glen,NC,23214,United States,Partner Referral,2024-08-28T12:52:39Z,0,0014rTJuxo1U1bKAZR,
003QUADnkYpJrMFIP1,Gregory,Kelly,Gregory M. Kelly,Account Director,Customer Success,gregory.kelly.4057-5869@example.invalid,+1-605-555-0156,611 Hunt Way,Lake Briar,OR,12882,United States,Partner Referral,2023-10-20T00:23:47Z,1,001WiF4egJw4fFCI62,0037a7gULvkdSXjYNJ
003xzGmpYUQ0eYhQMY,Mark,Hughes,Mark V. Hughes,Solutions Architect,Operations,mark.hughes.6620-9363@example.invalid,+1-475-555-0187,7014 Anderson Lights,Cedar Crossing,TX,98931,United States,Web,2026-05-19T11:58:32Z,0,001aJFstC9yWgafQNG,003pEPvom8yD6H1AJ3
003EGUHqPYObg5zQF1,David,Bailey,David J. Bailey,Engineering Manager,Operations,david.bailey.6275-3658@example.invalid,+1-372-555-0138,974 Michael Causeway,Northhaven,NC,39215,United States,Customer Referral,2024-10-15T08:35:08Z,0,001vXGsLaTZksTjQHC,003SEr5kv6qLws1Q0Z
0032TQrA3bO5liLQR5,Katelyn,Carson,Katelyn L. Carson,Engineering Manager,Procurement,katelyn.carson.1959-6781@example.invalid,+1-613-555-0192,56999 Walton Fall,Alder Bay,MA,24105,United States,Partner Referral,2025-06-22T15:42:11Z,0,001IQen5JJcxOzsYOT,
003MCgz28DRwInQIK4,Jeremy,Brooks,Jeremy L. Brooks,Business Analyst,Engineering,jeremy.brooks.4998-2402@example.invalid,+1-305-555-0149,87830 Davidson Pines,Alder Bay,MA,76847,United States,Organic Search,2023-03-13T00:07:58Z,0,001LDvrdIgxRUc4IID,
003V2PYcYPbGiyLQOZ,David,Santos,David S. Santos,Engineering Manager,Marketing,david.santos.9661-9534@example.invalid,+1-903-555-0103,1739 Lauren Dam,Cedar Crossing,CA,55596,United States,Partner Referral,2025-04-19T09:27:32Z,0,001iIp10CH2rdjrQCH,
003djr6W4eE60GAIFA,James,Long,James T. Long,Engineering Manager,Customer Success,james.long.7924-1487@example.invalid,+1-317-555-0195,535 Wesley Square,Willow Harbor,MA,99031,United States,Event,2022-03-24T10:11:35Z,1,001iIp10CH2rdjrQCH,
00343bIdpjNXmX0IFJ,Eric,Crawford,Eric S. Crawford,Operations Lead,Engineering,eric.crawford.9017-6095@example.invalid,+1-203-555-0175,0885 Smith Ports,Cedar Crossing,MA,52617,United States,Organic Search,2022-03-23T08:28:09Z,0,001zBr7D0amNm8PY72,003clJa1pOd8t9PISQ
003pADi54pkd8XiIH1,Albert,Walsh,Albert M. Walsh,Engineering Manager,Procurement,albert.walsh.5191-4032@example.invalid,+1-701-555-0129,132 Mike Islands,Lake Briar,WA,86802,United States,Event,2024-10-08T16:01:00Z,0,001DB4qra8rmNKiQ0K,
003ml0bxmMS45PeIRY,Laura,Villa,Laura B. Villa,Product Manager,Marketing,laura.villa.0586-0432@example.invalid,+1-912-555-0150,02135 Mcguire Road,Northhaven,CO,90819,United States,Organic Search,2022-09-29T06:56:47Z,0,001vuI7W5NKUSqVAGG,
003SxML7rauaYULISE,Omar,Brown,Omar C. Brown,Finance Manager,Operations,omar.brown.2738-4308@example.invalid,+1-205-555-0120,1635 Charles Roads,Lake Briar,CO,94893,United States,Event,2025-11-26T06:06:49Z,0,001yGC8xttQVvNRYNT,
003HaoRFTq4EvacIQV,Heather,Buckley,Heather D. Buckley,Operations Lead,Customer Success,heather.buckley.3318-0851@example.invalid,+1-411-555-0190,156 Arnold Mill,Cedar Crossing,OR,57185,United States,Web,2024-06-27T01:53:34Z,0,001zBr7D0amNm8PY72,
003epRpQJrSFaXzIDT,Casey,Bryant,Casey E. Bryant,Business Analyst,Finance,casey.bryant.4580-8687@example.invalid,+1-715-555-0108,13856 Beverly Haven,Alder Bay,OR,27653,United States,Customer Referral,2025-01-10T10:25:59Z,0,001oPLQgL6DtzXuQJ9,
0039kUTYqnZqDO3INU,Chelsea,Sanchez,Chelsea C. Sanchez,Customer Success Manager,Operations,chelsea.sanchez.6439-8192@example.invalid,+1-301-555-0152,136 Eaton Islands,Alder Bay,CO,79142,United States,Customer Referral,2026-02-14T07:32:59Z,0,001jIiXAhBEHXIPYQP,003iyqX46RecmhLITB
0032JIKjOQ4mN0cIK3,Joanna,Roman,Joanna M. Roman,Account Director,Sales,joanna.roman.5778-490@example.invalid,+1-207-555-0145,234 Amy Stravenue,Lake Briar,CA,69273,United States,Web,2022-01-22T12:28:56Z,0,00134G8VQW0MQTYI8N,
003mOaulT5tUPQNQYQ,Joanna,Rojas,Joanna T. Rojas,Engineering Manager,Marketing,joanna.rojas.1287-5516@example.invalid,+1-311-555-0128,987 Erickson Mountains,Lake Briar,NC,14601,United States,Event,2026-03-29T10:36:56Z,0,001lpuGrFmSTBnuY0M,
0037x3dE82ZCNg7QBQ,Cynthia,Murray,Cynthia J. Murray,Finance Manager,Engineering,cynthia.murray.4484-6032@example.invalid,+1-417-555-0199,54265 Mcclure Mews,Northhaven,NC,71826,United States,Web,2022-06-18T18:34:49Z,0,0010jBSxx9cNJfJI6H,
003rYLYNapF82OGY59,Kristin,Scott,Kristin C. Scott,Engineering Manager,Marketing,kristin.scott.0950-2140@example.invalid,+1-375-555-0167,0423 Mckee Motorway,Alder Bay,CO,65811,United States,Customer Referral,2025-06-16T07:48:44Z,0,0014xFF5q1fi7GwQMP,
0033EMqN6a7mGDGATV,Jamie,King,Jamie S. King,Finance Manager,Finance,jamie.king.8692-6811@example.invalid,+1-215-555-0116,494 Gonzalez Key,Willow Harbor,NC,86556,United States,Partner Referral,2022-02-02T20:48:37Z,0,001dVg5Hd2ux7OeY11,
0036LohQkeCB8QlQLX,Darlene,Figueroa,Darlene R. Figueroa,Customer Success Manager,Sales,darlene.figueroa.3845-8061@example.invalid,+1-377-555-0105,30591 Phillips Prairie,Alder Bay,TX,56327,United States,Outbound,2026-05-24T10:26:42Z,0,001yU1qilS2HtnNQUW,003J6SQBqd1pRBMQ0G
003LFHlF1ywatB0I75,Logan,Jackson,Logan J. Jackson,Product Manager,Finance,logan.jackson.0171-5237@example.invalid,+1-602-555-0163,2678 Oneill Canyon,Cedar Crossing,MA,60712,United States,Outbound,2024-09-14T08:35:23Z,0,001ZIcBit9DhXpUAPA,
003pqlMKQlhXNs9YWS,Kathleen,Nash,Kathleen C. Nash,Business Analyst,Finance,kathleen.nash.1859-9326@example.invalid,+1-205-555-0176,3114 John Cove,Lake Briar,WA,38256,United States,Web,2025-05-05T02:42:45Z,0,001CAfL4eM9INwqAJY,
003yaseL1v2yPSmYJM,Katie,Roberts,Katie E. Roberts,Business Analyst,Customer Success,katie.roberts.5098-9684@example.invalid,+1-411-555-0196,18241 Johnson Corners,Cedar Crossing,OR,71798,United States,Web,2021-10-30T19:37:48Z,0,001j6nRokzRlCs1Y07,
003dsxP6afpCoNXI3A,Raymond,Jensen,Raymond R. Jensen,Engineering Manager,Procurement,raymond.jensen.4366-8339@example.invalid,+1-602-555-0152,10651 Linda Hill,Northhaven,WA,92256,United States,Customer Referral,2021-02-24T12:39:32Z,0,001L6QQcpJ1qXB2Y62,
003jxwExgrHF5knA6Q,Mary,Hernandez,Mary W. Hernandez,Business Analyst,Customer Success,mary.hernandez.5190-6517@example.invalid,+1-413-555-0172,6189 Espinoza Vista,Northhaven,CA,50647,United States,Organic Search,2024-11-04T10:31:19Z,0,001dbHSEev61SnuI4N,
0032A6uRmKTbKt8ADF,Brandon,Jones,Brandon S. Jones,Business Analyst,Sales,brandon.jones.2040-9051@example.invalid,+1-412-555-0142,3045 Brenda Island,Alder Bay,TX,46165,United States,Event,2023-07-28T13:38:11Z,1,001aJFstC9yWgafQNG,
003Ht4wgdPJZaWfYV8,Kevin,Walters,Kevin M. Walters,Finance Manager,Procurement,kevin.walters.0383-8076@example.invalid,+1-272-555-0182,391 Allen Lock,Lake Briar,WA,72934,United States,Customer Referral,2022-03-18T04:12:08Z,0,001DB4qra8rmNKiQ0K,
0032Dq1RpC8fn19A4A,Daniel,Fuentes,Daniel N. Fuentes,Product Manager,Procurement,daniel.fuentes.7790-0644@example.invalid,+1-613-555-0192,420 Howard Run,Willow Harbor,WA,29621,United States,Partner Referral,2025-02-13T02:34:41Z,0,001qP46mGWsPnuOQ5R,003n7DRKKJS9PqNQWE
003UPSyYLjPGpp7YUF,John,Obrien,John P. Obrien,Engineering Manager,Sales,john.obrien.1857-6141@example.invalid,+1-205-555-0159,12461 Richardson Overpass,Summit Glen,OR,12069,United States,Organic Search,2021-08-23T20:05:26Z,0,0012lorIPC5zJvCYYX,
003A3TsDpn7ZAdDIQU,Scott,Fuentes,Scott D. Fuentes,Operations Lead,Procurement,scott.fuentes.3175-9181@example.invalid,+1-773-555-0150,33257 Heather Shoals,Lake Briar,MA,10208,United States,Event,2021-04-26T20:38:37Z,0,001IqN1uANorRv0AGO,003V70LfPwIXz1sII8
003UCatH93ztwEVQ2Q,Elaine,Williams,Elaine M. Williams,Operations Lead,Finance,elaine.williams.8143-1607@example.invalid,+1-605-555-0180,247 Justin Pines,Cedar Crossing,WA,54149,United States,Customer Referral,2026-05-16T09:54:10Z,0,001hgdJHI7bDrNzIKJ,
0039KYBF4fXQiHuAF4,Margaret,Miller,Margaret K. Miller,Business Analyst,Engineering,margaret.miller.1339-5386@example.invalid,+1-612-555-0188,74325 Shaffer Mountains,Alder Bay,TX,89676,United States,Partner Referral,2023-05-16T02:39:35Z,0,0018haifivYezP7QUH,
003KHRGIQ3LptrWQF1,Jennifer,Hill,Jennifer M. Hill,Business Analyst,Finance,jennifer.hill.1151-6472@example.invalid,+1-705-555-0194,00522 Tiffany Inlet,Cedar Crossing,WA,10159,United States,Outbound,2024-04-07T00:10:49Z,1,001ZX951OeRh6EHIOJ,
003qX52xHCrp5oWID2,Veronica,Stephens,Veronica M. Stephens,Product Manager,Sales,veronica.stephens.2401-0353@example.invalid,+1-702-555-0121,1845 Clark Track,Willow Harbor,NC,62049,United States,Organic Search,2025-09-28T03:51:03Z,0,001RPYkI2OuKjJ4ACQ,
003HPb1tGdryWM6YKT,Mary,Chambers,Mary R. Chambers,Solutions Architect,Operations,mary.chambers.0244-3930@example.invalid,+1-277-555-0178,528 Matthew Valley,Willow Harbor,CA,89432,United States,Partner Referral,2022-08-31T21:10:39Z,0,001OH94vlTF3MI8Y08,
003IjF3lsykS1tyI65,Joseph,Garner,Joseph S. Garner,Operations Lead,Customer Success,joseph.garner.8826-6275@example.invalid,+1-902-555-0172,04640 Ryan Lights,Lake Briar,CA,13961,United States,Outbound,2023-10-07T09:12:17Z,0,001CWFhyR8QJd16AFG,
003jCVZ4U8Q8pvqA2W,Rebecca,Lang,Rebecca S. Lang,Customer Success Manager,Procurement,rebecca.lang.6427-3761@example.invalid,+1-377-555-0171,0725 Pacheco Knoll,Willow Harbor,OR,27408,United States,Customer Referral,2023-05-18T08:26:45Z,0,001I4vmxErKOgEQQME,
003DGxJ8tFMKWT2Y2E,Mark,Stewart,Mark J. Stewart,Business Analyst,Operations,mark.stewart.3425-3466@example.invalid,+1-613-555-0163,943 Gould Drives,Northhaven,CO,36376,United States,Outbound,2022-01-07T22:42:28Z,0,001vuI7W5NKUSqVAGG,
003PBVebBHN0OZTY8C,Bradley,Mccoy,Bradley R. Mccoy,Engineering Manager,Operations,bradley.mccoy.2694-6339@example.invalid,+1-905-555-0137,2718 David Drive,Cedar Crossing,OR,43944,United States,Web,2025-02-01T11:19:28Z,0,001qn0PeVSegyj1AFD,
003OAkfyP4d2ErpYXI,Roy,Colon,Roy J. Colon,Product Manager,Marketing,roy.colon.1752-0470@example.invalid,+1-403-555-0125,05022 Benjamin Trail,Summit Glen,WA,49984,United States,Partner Referral,2024-05-17T06:21:58Z,0,001PuTTthcGKMiPQUX,
003FiLvx69wZlsWISP,Cynthia,Kim,Cynthia K. Kim,Product Manager,Engineering,cynthia.kim.0286-2866@example.invalid,+1-777-555-0158,396 Christopher Key,Willow Harbor,OR,77741,United States,Organic Search,2024-05-08T22:19:29Z,0,001W0PnXXJdO3tsYE6,
003D2L3UNfBXw3mAVU,Amy,Harris,Amy D. Harris,Engineering Manager,Engineering,amy.harris.8666-1394@example.invalid,+1-907-555-0198,831 Walker Shores,Northhaven,CA,16045,United States,Customer Referral,2023-12-11T06:42:04Z,0,,003whK8AT5aVI5MAO9
003dhbqvcOmeH61IVE,Calvin,Clark,Calvin D. Clark,Finance Manager,Procurement,calvin.clark.8225-4531@example.invalid,+1-317-555-0195,009 Thomas Extensions,Alder Bay,TX,30490,United States,Web,2025-08-27T19:40:16Z,0,0015V7rw9hGOgNCI3G,
003oIsSgZxdGepdYJG,Michael,Garrett,Michael M. Garrett,Finance Manager,Finance,michael.garrett.0918-0488@example.invalid,+1-412-555-0126,7903 James Viaduct,Lake Briar,OR,30001,United States,Event,2023-11-06T23:23:40Z,0,0013e2Rh2QW4yB5YBM,
0034NLRXc49Mr8gYJA,William,Grant,William K. Grant,Finance Manager,Operations,william.grant.4074-0081@example.invalid,+1-701-555-0154,850 Andrews Court,Cedar Crossing,TX,81082,United States,Partner Referral,2022-05-23T19:22:27Z,0,001O8ZWUKMYoipYYQ7,
003t59Q046U5DdBQBI,Michael,Williams,Michael A. Williams,Product Manager,Sales,michael.williams.5492-8376@example.invalid,+1-977-555-0174,17643 Jacobs Flats,Lake Briar,OR,74059,United States,Partner Referral,2025-06-07T04:31:10Z,0,001pQgd6VQUyLMzAY1,
00334AohxHZpdepQZO,Anne,Vaughn,Anne R. Vaughn,Business Analyst,Customer Success,anne.vaughn.9694-2079@example.invalid,+1-377-555-0110,87939 Medina Island,Summit Glen,NC,46618,United States,Web,2024-09-10T05:38:56Z,0,001Ivgehi2RhpxmIXK,
0038KaVYDLfphloIAC,John,Ware,John M. Ware,Engineering Manager,Procurement,john.ware.5076-7950@example.invalid,+1-215-555-0136,87569 Valerie Square,Summit Glen,OR,90455,United States,Outbound,2022-12-29T08:17:20Z,0,001YbEX62vgcJCrQQH,
003rYm1EAhfyJPyQ52,James,Wright,James M. Wright,Finance Manager,Operations,james.wright.8885-7312@example.invalid,+1-915-555-0178,959 Michael Divide,Cedar Crossing,CO,34805,United States,Outbound,2023-01-16T21:04:46Z,0,001MfuiALipgsrAIEL,
003cHlxZyg7q4QEQ61,Alan,Hernandez,Alan Z. Hernandez,Customer Success Manager,Sales,alan.hernandez.9686-087@example.invalid,+1-211-555-0180,499 Glenn Unions,Summit Glen,CA,22218,United States,Outbound,2024-07-12T03:32:30Z,0,,
003wYTI76UHoYx2AUY,Thomas,Newton,Thomas R. Newton,Solutions Architect,Finance,thomas.newton.3431-2163@example.invalid,+1-675-555-0174,63876 Nancy Knolls,Lake Briar,OR,32694,United States,Outbound,2025-04-13T10:45:59Z,0,001rZKhxAH83TVvA97,
003BWrIDgk0dlGWQ9O,Shawn,Holmes,Shawn M. Holmes,Finance Manager,Finance,shawn.holmes.3093-3891@example.invalid,+1-901-555-0110,49212 Jamie Forges,Summit Glen,OR,19660,United States,Partner Referral,2024-05-20T15:10:30Z,0,001ZmXb9rhCguMsYOS,
003Hpz0CVSGAGcLYJ1,Melissa,Johnson,Melissa M. Johnson,Product Manager,Procurement,melissa.johnson.1470-6574@example.invalid,+1-605-555-0180,6893 Patricia Locks,Alder Bay,OR,70055,United States,Web,2022-02-03T03:09:43Z,0,001t1tQX1aEupiNQXE,
003q26ti6YchLUPYR4,Kathryn,Thompson,Kathryn D. Thompson,Business Analyst,Sales,kathryn.thompson.9381-5256@example.invalid,+1-272-555-0170,2175 Karl Road,Summit Glen,CO,54579,United States,Web,2021-04-18T21:43:20Z,0,001cML7G0gkmAuyYXM,
003FVdzmg89BUslA0L,Jean,Perez,Jean J. Perez,Account Director,Finance,jean.perez.2915-9823@example.invalid,+1-905-555-0176,2466 Breanna Gardens,Summit Glen,MA,63338,United States,Event,2025-01-29T13:36:42Z,1,001iIp10CH2rdjrQCH,
003Lu3JnExBmnNjQOV,Damon,Humphrey,Damon J. Humphrey,Solutions Architect,Customer Success,damon.humphrey.7165-9564@example.invalid,+1-771-555-0104,5875 Anderson Highway,Cedar Crossing,CA,59091,United States,Web,2021-07-19T06:50:23Z,1,001TgK7Trt797foQCB,
003QOJOhhu8P4eCI1B,Jodi,Conner,Jodi J. Conner,Customer Success Manager,Marketing,jodi.conner.7227-0441@example.invalid,+1-613-555-0129,6963 Lindsey Plains,Cedar Crossing,CO,53144,United States,Customer Referral,2021-03-26T23:08:03Z,0,001z1doamdywpaZI4C,
003McLX0PRdk5x0IY7,Courtney,Cunningham,Courtney A. Cunningham,Operations Lead,Sales,courtney.cunningham.8104-5207@example.invalid,+1-301-555-0171,93684 Ryan Wall,Cedar Crossing,MA,25511,United States,Customer Referral,2025-08-22T19:34:23Z,0,001E8sva5lyIcGMIKX,
003IuK23eZcB1LhYG4,Leon,Chavez,Leon E. Chavez,Business Analyst,Engineering,leon.chavez.9366-8633@example.invalid,+1-917-555-0174,1904 Simon Light,Summit Glen,WA,26835,United States,Organic Search,2022-07-27T16:05:22Z,0,001zKmRfZNU4LdqIBJ,
003Jr5qtRIQeLp8AP6,Amber,Blair,Amber D. Blair,Customer Success Manager,Finance,amber.blair.2068-1016@example.invalid,+1-715-555-0118,40307 Edwards Walk,Alder Bay,WA,57656,United States,Web,2021-03-19T18:24:04Z,0,0013epV1eJk7y9fAC2,
003NaKmR8suQAnkI7R,John,Kim,John A. Kim,Operations Lead,Finance,john.kim.7562-6876@example.invalid,+1-777-555-0140,0431 Rebecca Bridge,Cedar Crossing,NC,80976,United States,Customer Referral,2023-07-12T12:37:35Z,0,001lpuGrFmSTBnuY0M,
003cXEiEfiPaRQlAUB,Joanna,Tyler,Joanna J. Tyler,Business Analyst,Engineering,joanna.tyler.9121-577@example.invalid,+1-472-555-0145,5481 Mcdonald Court,Summit Glen,WA,85245,United States,Organic Search,2022-07-17T19:15:18Z,0,001lppe6kqinEz1A7H,
003i7AX88RSjKygAO5,Jennifer,Williams,Jennifer M. Williams,Engineering Manager,Operations,jennifer.williams.5938-0214@example.invalid,+1-213-555-0146,9895 Patricia Valleys,Summit Glen,CA,27395,United States,Customer Referral,2024-05-19T09:02:03Z,0,001X5lK5MbsgblUIV7,
003h2qhaI8M0YeoIEQ,Chase,Aguirre,Chase N. Aguirre,Business Analyst,Sales,chase.aguirre.2068-9408@example.invalid,+1-215-555-0116,162 Arthur Squares,Cedar Crossing,CO,50757,United States,Customer Referral,2023-11-05T05:49:26Z,0,001OphrQTgtGmAPIMC,
003Cdzusz6ophyQQDH,Robin,Jones,Robin B. Jones,Business Analyst,Marketing,robin.jones.5433-6945@example.invalid,+1-773-555-0183,27683 Moore Pass,Northhaven,OR,78963,United States,Customer Referral,2024-02-15T07:03:34Z,0,0011JBrPJ5YTub6QBD,
003FTdCX8an6rHoAK5,Hunter,Dunlap,Hunter M. Dunlap,Operations Lead,Procurement,hunter.dunlap.3413-3257@example.invalid,+1-701-555-0157,7546 Arnold Crest,Alder Bay,NC,90893,United States,Event,2023-08-04T03:38:51Z,0,001iWJjSJhQ7PeuAR2,
003IVW7t4JubGXDYGE,Curtis,Crawford,Curtis R. Crawford,Product Manager,Finance,curtis.crawford.7776-1978@example.invalid,+1-307-555-0128,3518 Rodriguez Stream,Northhaven,OR,69341,United States,Web,2021-08-31T12:31:30Z,0,001TZ4qzm6M8oduYTH,
003Rn5IzNrgNB1jAWL,Joseph,Turner,Joseph M. Turner,Operations Lead,Marketing,joseph.turner.0718-569@example.invalid,+1-615-555-0103,494 Gonzalez Key,Lake Briar,NC,46336,United States,Partner Referral,2025-10-06T11:59:54Z,0,001OR7GRtb417SOIE9,
003UJMIOM9zfWh8QEM,Samantha,Singleton,Samantha K. Singleton,Engineering Manager,Operations,samantha.singleton.7336-1500@example.invalid,+1-312-555-0117,09222 Davis Greens,Alder Bay,OR,86555,United States,Event,2025-12-24T05:21:59Z,0,001G40EGKjt7p96I7T,
003QUdPFTL5lmb9I29,Brenda,Mclean,Brenda A. Mclean,Finance Manager,Customer Success,brenda.mclean.7688-6911@example.invalid,+1-711-555-0197,29821 Christine Flats,Lake Briar,NC,68710,United States,Outbound,2024-07-30T19:16:17Z,0,001B9D5LGsgGdbtAQA,
003PCL4YTi6151xAJR,Holly,Jackson,Holly T. Jackson,Finance Manager,Sales,holly.jackson.1391-8995@example.invalid,+1-902-555-0156,47679 Brent Mill,Alder Bay,TX,33747,United States,Outbound,2022-04-15T00:47:16Z,0,001aPvgDsUU73EoIG0,
003cysgt1k4G0pkYQY,Jason,Campos,Jason B. Campos,Finance Manager,Engineering,jason.campos.8885-9453@example.invalid,+1-403-555-0125,2972 James Terrace,Cedar Crossing,OR,68518,United States,Partner Referral,2022-10-02T06:29:24Z,1,001FzQ1Vu9hM4AsIVS,
003JWsXDkgeQfLNQQC,Lonnie,Steele,Lonnie V. Steele,Solutions Architect,Sales,lonnie.steele.8946-2583@example.invalid,+1-472-555-0116,1496 Amy Lane,Summit Glen,MA,90422,United States,Event,2021-12-16T19:44:14Z,0,001WPEcjxhamiNXYYJ,
003hOelU3VBYjk9QCL,Melissa,Rodriguez,Melissa R. Rodriguez,Product Manager,Marketing,melissa.rodriguez.9679-6118@example.invalid,+1-715-555-0108,4088 Heather Freeway,Lake Briar,OR,92158,United States,Customer Referral,2026-04-14T18:46:48Z,0,001Ivgehi2RhpxmIXK,
003gARJyTyhgduOYIS,Ann,Dominguez,Ann L. Dominguez,Business Analyst,Sales,ann.dominguez.8863-092@example.invalid,+1-372-555-0179,520 Courtney Garden,Summit Glen,CA,19730,United States,Web,2025-12-22T23:44:47Z,0,001BH0vNAlwEWFXALI,
003O90KueB8OSbmIGQ,Joseph,Lewis,Joseph M. Lewis,Business Analyst,Customer Success,joseph.lewis.4143-909@example.invalid,+1-701-555-0175,12959 Priscilla Gardens,Northhaven,TX,72566,United States,Customer Referral,2025-12-31T01:41:59Z,0,001ZBID6zyXHdcLAAH,
003XEACuOawdiiVA7I,Anthony,Cobb,Anthony M. Cobb,Customer Success Manager,Engineering,anthony.cobb.7267-2502@example.invalid,+1-213-555-0135,54746 Daniel Road,Alder Bay,NC,52040,United States,Organic Search,2025-03-15T03:11:39Z,0,001b9Ubd6IpdBJKANL,
003bBurZT3jFyReYX3,Caitlin,Terrell,Caitlin A. Terrell,Finance Manager,Procurement,caitlin.terrell.4859-1228@example.invalid,+1-477-555-0186,324 Amy Dam,Alder Bay,NC,82471,United States,Web,2025-01-23T16:53:14Z,0,001PUaO8FLbQ5tuY7R,
003axoHgSewH83KYNB,Cassandra,Morgan,Cassandra C. Morgan,Business Analyst,Procurement,cassandra.morgan.6575-1796@example.invalid,+1-913-555-0128,67811 Benitez Mountain,Northhaven,CO,65817,United States,Partner Referral,2025-04-22T08:46:25Z,0,001JTximtecXZZ0IK7,
003RBzG8mZhm79yAT0,William,Cooper,William J. Cooper,Business Analyst,Customer Success,william.cooper.2833-805@example.invalid,+1-213-555-0199,98410 Johnson Islands,Lake Briar,CO,48033,United States,Customer Referral,2025-02-15T05:35:55Z,0,001zC4hdWCH77CfYVC,
003XLYg95CtXxfyIBH,Curtis,Meyer,Curtis K. Meyer,Customer Success Manager,Customer Success,curtis.meyer.0875-6966@example.invalid,+1-607-555-0151,355 Christopher Estates,Northhaven,NC,12307,United States,Organic Search,2022-04-24T20:17:30Z,0,001vuI7W5NKUSqVAGG,
003RBWNCUkv2pnuA0M,Christopher,Castillo,Christopher M. Castillo,Engineering Manager,Sales,christopher.castillo.4632-3055@example.invalid,+1-371-555-0171,8019 Michael Fall,Summit Glen,CO,78277,United States,Event,2021-07-28T16:13:37Z,0,001GJ2vwlaXONX0IFT,003iysWwHPTFrOxA25
003bnG9NZhIv4hMIRQ,Michelle,Haas,Michelle G. Haas,Operations Lead,Marketing,michelle.haas.9068-4305@example.invalid,+1-313-555-0130,0790 Walters Plains,Cedar Crossing,CA,78802,United States,Customer Referral,2021-01-26T05:45:43Z,0,001181P9BD1hpxgATH,
003RrLQ3Ld9mOOhQUE,Eric,King,Eric C. King,Solutions Architect,Engineering,eric.king.3421-7363@example.invalid,+1-912-555-0150,217 Torres Club,Willow Harbor,OR,31912,United States,Event,2021-08-26T11:22:47Z,1,001IQen5JJcxOzsYOT,
003yupgGCl5JIUDAR4,Kelly,George,Kelly A. George,Operations Lead,Marketing,kelly.george.6140-2910@example.invalid,+1-973-555-0145,735 Thompson Mount,Lake Briar,NC,23570,United States,Organic Search,2023-03-16T14:36:09Z,0,001IqN1uANorRv0AGO,
003y3BNukyu5OKBID7,Michele,Gibbs,Michele J. Gibbs,Product Manager,Operations,michele.gibbs.8544-6202@example.invalid,+1-377-555-0171,3983 Sharp Lock,Summit Glen,NC,96122,United States,Partner Referral,2025-09-22T05:58:08Z,0,001X5lK5MbsgblUIV7,
0031WKDQQmUL5UJAK8,Luke,Mullen,Luke R. Mullen,Engineering Manager,Sales,luke.mullen.8864-4594@example.invalid,+1-705-555-0162,40142 Nicholas Spurs,Cedar Crossing,MA,32830,United States,Partner Referral,2021-10-30T06:49:20Z,0,001GikJVQQYFMgSI6M,
003nbJsiOyprhTwA1X,Wendy,Todd,Wendy J. Todd,Account Director,Sales,wendy.todd.5639-5596@example.invalid,+1-607-555-0169,43442 Chris Mountain,Alder Bay,WA,19311,United States,Organic Search,2021-05-23T06:30:54Z,0,001FU3HbNYKm95BYPF,
003NOck8O3rY4waYUN,Alexis,Davis,Alexis A. Davis,Engineering Manager,Finance,alexis.davis.5983-8937@example.invalid,+1-417-555-0183,4792 Guerrero Heights,Lake Briar,MA,12177,United States,Event,2025-11-14T11:07:45Z,0,001Hbp8pEhElgRqIO2,
003Xf90o9Yz48XaQFE,Christian,Francis,Christian A. Francis,Engineering Manager,Marketing,christian.francis.9869-458@example.invalid,+1-371-555-0157,9230 Rosario Via,Cedar Crossing,MA,14900,United States,Customer Referral,2022-01-03T07:48:11Z,0,001raw2VDD9p9udA5N,
003jfoRxJl46zPYQL2,Samuel,Kerr,Samuel L. Kerr,Product Manager,Procurement,samuel.kerr.2430-5217@example.invalid,+1-913-555-0128,9637 Lawson Valleys,Alder Bay,WA,41357,United States,Customer Referral,2022-03-26T18:50:14Z,0,001U9TwW1ZhV64GITA,
003xRAGl8SAXC36IS6,Lori,Price,Lori M. Price,Engineering Manager,Finance,lori.price.2678-7620@example.invalid,+1-275-555-0151,0272 Mccormick Wall,Lake Briar,CO,63427,United States,Event,2021-06-04T03:48:03Z,0,001vuI7W5NKUSqVAGG,
003kcsyj2Z2Oh2IQUI,Donna,Patel,Donna H. Patel,Product Manager,Operations,donna.patel.0811-6379@example.invalid,+1-307-555-0124,0737 John Vista,Alder Bay,WA,66905,United States,Web,2025-11-04T21:16:19Z,0,001CobSEZTi3dLCAGD,
003RkNOcuqO0tHhA2N,Holly,Wells,Holly D. Wells,Engineering Manager,Sales,holly.wells.3519-9280@example.invalid,+1-613-555-0158,0741 Miguel Forge,Lake Briar,CO,99103,United States,Outbound,2021-06-13T03:06:30Z,0,001d6L0YO7RdZlqYEZ,
00317cgK1sgvVNoIM1,Thomas,Powers,Thomas P. Powers,Operations Lead,Operations,thomas.powers.8968-2074@example.invalid,+1-307-555-0175,0751 Christopher Corners,Cedar Crossing,MA,36821,United States,Customer Referral,2025-01-07T21:44:49Z,0,001lpuGrFmSTBnuY0M,
003oylSB1JB6P0eQ9K,Brad,Salinas,Brad A. Salinas,Product Manager,Operations,brad.salinas.0219-8005@example.invalid,+1-215-555-0116,377 Johnson Mission,Lake Briar,NC,39302,United States,Customer Referral,2025-02-23T20:28:04Z,1,001H2ifRi7MnAnLIKL,
003iQyO82d4KMl0Y4B,Alison,Schneider,Alison D. Schneider,Customer Success Manager,Customer Success,alison.schneider.5487-9280@example.invalid,+1-917-555-0181,2279 Christine Port,Alder Bay,TX,20844,United States,Web,2026-02-15T14:33:39Z,0,,
003mmgdgzVnG7x9ING,Amanda,Martin,Amanda J. Martin,Business Analyst,Customer Success,amanda.martin.8346-9249@example.invalid,+1-607-555-0161,575 Mary Plains,Willow Harbor,NC,51835,United States,Organic Search,2022-10-22T14:52:38Z,0,001DbG9gnZEl0ZPAAY,
003k4Y5lXmxalZuIH3,Kyle,Meyer,Kyle S. Meyer,Solutions Architect,Sales,kyle.meyer.4201-0986@example.invalid,+1-307-555-0134,18978 Lopez Divide,Cedar Crossing,CO,26928,United States,Customer Referral,2022-06-22T01:08:47Z,0,0010APGD8asQ2PkIS9,
003suUemC5FOpHHATL,Jennifer,Woodard,Jennifer B. Woodard,Customer Success Manager,Finance,jennifer.woodard.9476-1815@example.invalid,+1-405-555-0165,436 Brown Falls,Cedar Crossing,OR,19365,United States,Outbound,2023-10-24T03:07:19Z,0,001cnLEQk5pZMibQH2,
003A5vqtN4Vl7EPIM5,Nicholas,Santiago,Nicholas M. Santiago,Account Director,Finance,nicholas.santiago.6796-9495@example.invalid,+1-602-555-0116,34819 Shaffer Square,Alder Bay,NC,34203,United States,Event,2022-08-02T08:25:16Z,0,001pCWrmUg2EHGPAG8,
003rOvdnZgTQcfAQ9W,Elizabeth,Carey,Elizabeth T. Carey,Finance Manager,Sales,elizabeth.carey.5002-685@example.invalid,+1-411-555-0145,4062 Smith Mill,Cedar Crossing,MA,34453,United States,Event,2021-05-31T05:41:46Z,0,001ClNAQA1Xn4fUINT,003wPtZiQmPA7ykI74
003bFL2NaSJfrCpQXU,Douglas,Cain,Douglas E. Cain,Engineering Manager,Marketing,douglas.cain.2609-2396@example.invalid,+1-901-555-0193,2520 Jeremy Union,Summit Glen,CA,20142,United States,Organic Search,2021-02-06T12:27:44Z,0,001GikJVQQYFMgSI6M,
003qYkR1iSyPINlQL0,Carol,Meyers,Carol S. Meyers,Account Director,Finance,carol.meyers.9240-8125@example.invalid,+1-311-555-0119,4464 Thomas Views,Cedar Crossing,WA,34217,United States,Outbound,2023-10-15T12:09:51Z,0,001IqTHPQDIx3azQWL,
003fMs2WmqbMFvAI9L,Samantha,Dougherty,Samantha E. Dougherty,Business Analyst,Procurement,samantha.dougherty.2006-2702@example.invalid,+1-603-555-0120,502 Brian Spurs,Cedar Crossing,MA,32724,United States,Event,2021-04-26T08:09:45Z,0,001aJFstC9yWgafQNG,00314EqFS46qtYqQRH
003FH7fLXLiKc8oQPL,Meredith,Munoz,Meredith C. Munoz,Engineering Manager,Customer Success,meredith.munoz.4566-6011@example.invalid,+1-907-555-0116,2832 Burns Parkway,Alder Bay,NC,84224,United States,Partner Referral,2024-02-06T04:05:42Z,1,001PuTTthcGKMiPQUX,003YDOcx3APUUSMI69
003V2keOpT4i59rYYR,Thomas,Thompson,Thomas L. Thompson,Business Analyst,Finance,thomas.thompson.1225-318@example.invalid,+1-305-555-0109,64605 Edwards Square,Cedar Crossing,OR,98722,United States,Outbound,2024-10-06T19:51:07Z,0,0019ojrY0cvCQ2UQ6L,
003vfnMzISQi4KMYKI,Jeanette,Nelson,Jeanette O. Nelson,Business Analyst,Procurement,jeanette.nelson.3879-1760@example.invalid,+1-902-555-0172,487 Stevenson Corner,Willow Harbor,CA,33990,United States,Outbound,2022-09-20T15:26:44Z,0,001iIp10CH2rdjrQCH,
0038kykNNnHKw2jIAK,Michael,Johnson,Michael M. Johnson,Customer Success Manager,Operations,michael.johnson.4280-7611@example.invalid,+1-311-555-0100,9017 Harris Coves,Northhaven,WA,59690,United States,Web,2023-08-25T17:10:19Z,0,001Ts4G5LvwmAxUY42,
003UAX9dkUBOih0AOO,Jenna,Smith,Jenna E. Smith,Solutions Architect,Finance,jenna.smith.2950-8670@example.invalid,+1-703-555-0111,2984 Aaron Hills,Summit Glen,CA,97603,United States,Customer Referral,2024-09-03T01:12:43Z,0,001MfuiALipgsrAIEL,003unNnhg4TgV1tAY1
003VtDmSNTLupDqAIS,Matthew,Jenkins,Matthew E. Jenkins,Business Analyst,Customer Success,matthew.jenkins.1927-3695@example.invalid,+1-372-555-0118,069 Wagner Loop,Willow Harbor,TX,37227,United States,Web,2022-03-11T19:56:28Z,0,001DLqMjZmJEMS7ID7,
003fyOha2wZud4VQJ2,Kimberly,Potter,Kimberly S. Potter,Customer Success Manager,Procurement,kimberly.potter.0203-8442@example.invalid,+1-611-555-0123,32659 Rogers Fields,Willow Harbor,TX,91764,United States,Outbound,2026-05-10T09:49:48Z,0,001XJBJ9looV3jVARS,
003psFZ8iduZzPjI3E,Shirley,Young,Shirley K. Young,Finance Manager,Sales,shirley.young.5977-640@example.invalid,+1-271-555-0185,305 Mason Point,Summit Glen,WA,25630,United States,Customer Referral,2022-11-14T23:07:07Z,0,0013e2Rh2QW4yB5YBM,00324SkSh22hkotYEY
003iTmW3vNbCgffI76,Judith,Johnson,Judith S. Johnson,Customer Success Manager,Procurement,judith.johnson.4549-0856@example.invalid,+1-777-555-0157,4913 Swanson Lodge,Northhaven,OR,28781,United States,Web,2023-11-14T03:20:38Z,0,0014BI0PTpGJAb4ICJ,
003pcEmGuYt84v7YMG,Michael,Bolton,Michael M. Bolton,Customer Success Manager,Engineering,michael.bolton.0040-9297@example.invalid,+1-613-555-0163,6138 Cooper Junctions,Alder Bay,CO,43733,United States,Web,2021-04-30T22:58:56Z,0,001kC1LlUdj8c3zY68,
003LDbBrYoGzhe2IYA,Curtis,Fitzpatrick,Curtis B. Fitzpatrick,Customer Success Manager,Procurement,curtis.fitzpatrick.0509-4884@example.invalid,+1-605-555-0156,0661 Powers Lodge,Lake Briar,MA,92259,United States,Event,2025-10-30T17:58:14Z,0,0019laP52dnqWh3AF4,
0031yNyCNxHHWDjAWI,Crystal,Miller,Crystal K. Miller,Account Director,Engineering,crystal.miller.6825-0247@example.invalid,+1-602-555-0177,2037 Kenneth Glen,Alder Bay,CA,80749,United States,Web,2022-07-25T00:53:14Z,1,0013zAV0Mvg9gCbIC6,
003ufuo0RMtrVfHQU5,Robert,Stevens,Robert D. Stevens,Solutions Architect,Customer Success,robert.stevens.3460-9280@example.invalid,+1-205-555-0139,909 Nelson Manors,Cedar Crossing,NC,15861,United States,Outbound,2025-04-15T16:39:22Z,0,001yU1qilS2HtnNQUW,
003BE7jcWkbZzB6Q3J,Tony,Clark,Tony N. Clark,Customer Success Manager,Operations,tony.clark.2235-1947@example.invalid,+1-705-555-0103,0146 Marilyn Rest,Northhaven,TX,82786,United States,Event,2021-04-21T14:42:23Z,0,001ZV3zN3f85rlSYDN,
003idSte6iYGpKBASN,Julia,Wood,Julia J. Wood,Engineering Manager,Sales,julia.wood.4427-3420@example.invalid,+1-772-555-0159,98596 Jones Forges,Willow Harbor,CO,30421,United States,Outbound,2023-08-20T15:51:08Z,0,001UFuHNhHx2c9ZQQ9,003KTlnkKDUBqWVAAT
003LtDyRa7YYs9EYDK,Aaron,Soto,Aaron R. Soto,Business Analyst,Marketing,aaron.soto.8925-1536@example.invalid,+1-413-555-0117,59799 Jessica Forks,Alder Bay,MA,43887,United States,Customer Referral,2022-01-15T09:26:51Z,0,00144eZON6YVcQJIGY,
003caJUum9ureexY5I,Susan,Wilson,Susan D. Wilson,Customer Success Manager,Customer Success,susan.wilson.4309-778@example.invalid,+1-377-555-0158,4308 William Lodge,Cedar Crossing,TX,99303,United States,Event,2026-04-29T06:08:40Z,0,0014BI0PTpGJAb4ICJ,
003sgF22DRFupF4IHR,James,Booker,James L. Booker,Solutions Architect,Engineering,james.booker.9394-8882@example.invalid,+1-671-555-0186,17860 Kim Mission,Willow Harbor,CO,66793,United States,Event,2025-08-22T00:26:36Z,0,001MetGBUEn7phAIPH,
003MhRwdKWCgfJ2Q47,Ryan,Ramirez,Ryan S. Ramirez,Finance Manager,Marketing,ryan.ramirez.6518-6567@example.invalid,+1-905-555-0198,92497 Nicholas Junctions,Alder Bay,CO,70847,United States,Event,2021-04-02T05:59:14Z,0,001j6nRokzRlCs1Y07,
003ElPSqGnL5349YXS,Eric,Hall,Eric R. Hall,Finance Manager,Customer Success,eric.hall.1065-9849@example.invalid,+1-411-555-0165,511 Leonard Meadows,Alder Bay,TX,64232,United States,Organic Search,2026-06-20T13:23:25Z,0,001tvKQbYklnB9tY2P,
003nS90mp63emBUYK4,Ashlee,Davis,Ashlee C. Davis,Finance Manager,Sales,ashlee.davis.4779-8548@example.invalid,+1-771-555-0121,027 Hicks Meadow,Summit Glen,WA,63094,United States,Partner Referral,2024-10-09T16:30:47Z,0,001cgzJWlSIy1t0I9S,
003D3ER60MaDukjI8L,Kristin,Griffin,Kristin W. Griffin,Engineering Manager,Operations,kristin.griffin.6926-2305@example.invalid,+1-772-555-0168,7826 Amanda Avenue,Northhaven,WA,97223,United States,Event,2021-01-30T10:48:22Z,0,001kBV5ho7M1GOwA4E,
003nIHFJyUuvLT9AUC,Mary,Adams,Mary L. Adams,Engineering Manager,Sales,mary.adams.6995-2447@example.invalid,+1-605-555-0121,7872 Rose Ports,Cedar Crossing,CA,91613,United States,Organic Search,2021-03-25T01:38:42Z,0,001raw2VDD9p9udA5N,
003DxTzriaBcycZQE2,Kimberly,Murphy,Kimberly M. Murphy,Business Analyst,Marketing,kimberly.murphy.4674-6355@example.invalid,+1-405-555-0154,258 Christopher Trafficway,Alder Bay,NC,87779,United States,Web,2022-07-13T03:57:49Z,0,001zBr7D0amNm8PY72,
003kzTeWiTEDz4SIFS,Alicia,Jackson,Alicia A. Jackson,Solutions Architect,Sales,alicia.jackson.2769-8364@example.invalid,+1-275-555-0135,50862 Solomon Island,Lake Briar,OR,16025,United States,Event,2022-06-14T21:38:49Z,0,001X5lK5MbsgblUIV7,003LlpXLjbdvYlrQM4
003x6BiZELPWp5FYJ9,Douglas,Lopez,Douglas L. Lopez,Engineering Manager,Engineering,douglas.lopez.2068-6503@example.invalid,+1-605-555-0140,2628 Joe Fords,Willow Harbor,CO,53811,United States,Web,2021-03-18T21:47:00Z,1,0014BI0PTpGJAb4ICJ,
0035YnOW4DxgYNkYW6,Steven,Brown,Steven S. Brown,Account Director,Engineering,steven.brown.9383-061@example.invalid,+1-672-555-0107,5414 Amanda Isle,Willow Harbor,CO,26284,United States,Partner Referral,2025-04-12T16:05:33Z,0,001vuI7W5NKUSqVAGG,
003efXBMJZqDwiVYYC,Caleb,Coleman,Caleb T. Coleman,Business Analyst,Finance,caleb.coleman.6484-4604@example.invalid,+1-217-555-0111,538 Regina Stravenue,Northhaven,TX,90959,United States,Web,2021-05-31T08:37:19Z,0,001rpVRMvKUYUnZQWY,003YdFPC0xpo260IVZ
003ahAqxGiFFa9nI0R,Jeremy,Davis,Jeremy K. Davis,Operations Lead,Engineering,jeremy.davis.5625-6511@example.invalid,+1-715-555-0133,0711 Gloria Throughway,Cedar Crossing,CA,81948,United States,Web,2022-03-21T03:54:38Z,0,001wXq5LbckG7u9AEU,
003dSuUEWQlJ0BVIYZ,Anthony,Thomas,Anthony K. Thomas,Solutions Architect,Operations,anthony.thomas.9755-4061@example.invalid,+1-703-555-0155,29824 Eric View,Northhaven,NC,91959,United States,Organic Search,2022-03-03T15:18:27Z,0,001ULaAYdBnWIytQCT,
003qmozeEguUgFnAND,Stephanie,Ingram,Stephanie T. Ingram,Customer Success Manager,Marketing,stephanie.ingram.0479-7978@example.invalid,+1-612-555-0111,24913 Allen Gateway,Lake Briar,OR,65092,United States,Outbound,2022-08-28T13:25:15Z,0,0019laP52dnqWh3AF4,
003GBf9PCF2onzTA4B,Kelly,Montgomery,Kelly A. Montgomery,Solutions Architect,Sales,kelly.montgomery.2481-3484@example.invalid,+1-977-555-0177,86414 Rios Village,Cedar Crossing,MA,91654,United States,Partner Referral,2026-01-06T09:14:22Z,0,,
003Wwbin3iqodkMA1G,Michael,Flores,Michael D. Flores,Account Director,Finance,michael.flores.4261-2507@example.invalid,+1-717-555-0143,90744 Ruiz Spurs,Cedar Crossing,TX,17246,United States,Customer Referral,2023-09-27T23:39:21Z,0,001iIp10CH2rdjrQCH,
003boDg564dd7DLYTL,John,Weiss,John A. Weiss,Account Director,Finance,john.weiss.7990-110@example.invalid,+1-671-555-0149,72366 Katrina Vista,Northhaven,CA,20934,United States,Event,2025-02-28T21:13:23Z,0,0018MjZShtig55PAG6,
003nJ2vEYsQQk0IQVH,Adam,Rodriguez,Adam W. Rodriguez,Solutions Architect,Operations,adam.rodriguez.1368-954@example.invalid,+1-773-555-0186,9577 Anderson Meadows,Willow Harbor,WA,24256,United States,Organic Search,2025-07-31T12:32:50Z,0,001oPLQgL6DtzXuQJ9,
003sw0o229boxY9IXX,Elizabeth,Cook,Elizabeth M. Cook,Customer Success Manager,Engineering,elizabeth.cook.1982-8845@example.invalid,+1-207-555-0193,539 Taylor Square,Cedar Crossing,NC,95265,United States,Outbound,2024-07-10T17:38:07Z,0,001Y94eVbSCMZThYRA,
0033NrBjLOpGBC0QBP,Daniel,Bryant,Daniel T. Bryant,Operations Lead,Procurement,daniel.bryant.0796-7626@example.invalid,+1-205-555-0176,096 Ferguson Rapids,Northhaven,CO,21394,United States,Organic Search,2025-08-31T04:52:18Z,0,001OphrQTgtGmAPIMC,
003p52UPTinQ0mzADQ,Kelsey,Hobbs,Kelsey A. Hobbs,Solutions Architect,Customer Success,kelsey.hobbs.2222-0950@example.invalid,+1-207-555-0118,041 Burch Island,Summit Glen,MA,87435,United States,Customer Referral,2021-05-13T05:52:03Z,0,001qD5B1fJ8KUKBIVO,
003jsjsu36S3FJ5A8A,Emily,Bradley,Emily C. Bradley,Account Director,Engineering,emily.bradley.3159-333@example.invalid,+1-773-555-0150,578 Cole Creek,Northhaven,CA,82008,United States,Event,2025-07-09T13:03:57Z,0,001CtKb9oj7o8JaYFV,003XmWAResB9MTuI3O
003ealrxc6ARozTI8G,Grace,Bailey,Grace F. Bailey,Customer Success Manager,Finance,grace.bailey.3719-5602@example.invalid,+1-311-555-0161,415 Liu Fields,Summit Glen,CO,88084,United States,Event,2023-05-22T23:57:41Z,0,001G40EGKjt7p96I7T,
0035zKQSU7yQEZNY2E,Audrey,Anthony,Audrey D. Anthony,Account Director,Operations,audrey.anthony.1527-7491@example.invalid,+1-907-555-0144,6023 Brent Manors,Willow Harbor,MA,17118,United States,Web,2023-04-21T02:29:55Z,1,001Ql5gfswhLAUiIZH,
003XFXXvSj5nZOYQQ2,Norma,Sandoval,Norma P. Sandoval,Business Analyst,Engineering,norma.sandoval.0407-4754@example.invalid,+1-973-555-0163,5475 Huff Squares,Alder Bay,OR,87832,United States,Outbound,2026-01-08T14:21:15Z,0,001Inbo5xzWKldwA1H,
0032hDmPJusspmVYKP,David,Brown,David W. Brown,Engineering Manager,Customer Success,david.brown.6333-1568@example.invalid,+1-607-555-0189,56004 James Courts,Willow Harbor,TX,76839,United States,Organic Search,2025-05-11T07:43:49Z,0,0014xFF5q1fi7GwQMP,
003i33mBoceePCfAJK,Jasmine,Taylor,Jasmine D. Taylor,Customer Success Manager,Customer Success,jasmine.taylor.8599-8949@example.invalid,+1-203-555-0147,176 Sanders Way,Willow Harbor,MA,44790,United States,Event,2024-08-08T07:48:18Z,0,001Hbp8pEhElgRqIO2,0031Zvig8Nwe5gjY3U
0032T44W9BLI5K3IK7,Patricia,Mcgee,Patricia B. Mcgee,Engineering Manager,Customer Success,patricia.mcgee.2795-8646@example.invalid,+1-717-555-0110,6782 Evelyn Mews,Cedar Crossing,MA,70325,United States,Partner Referral,2021-12-15T22:22:57Z,0,001JM45YOxOPMdeQIO,
0030CQhMZFP5vpIYI1,Rick,Miller,Rick E. Miller,Operations Lead,Marketing,rick.miller.4532-0820@example.invalid,+1-905-555-0116,4053 Joshua Road,Willow Harbor,OR,30056,United States,Organic Search,2022-03-21T19:29:32Z,0,0019ajAWDOEHbBzQ2L,
003Q14cSJBEmxA7ISF,Hannah,Martin,Hannah R. Martin,Finance Manager,Finance,hannah.martin.8510-3856@example.invalid,+1-411-555-0138,864 Cook Landing,Willow Harbor,WA,46651,United States,Event,2022-06-19T21:45:03Z,0,0014BI0PTpGJAb4ICJ,
003KGcWILZDhxjxYQE,Ryan,Powell,Ryan S. Powell,Finance Manager,Procurement,ryan.powell.4327-7430@example.invalid,+1-715-555-0109,8692 Wright Meadows,Willow Harbor,WA,36752,United States,Partner Referral,2023-05-25T18:58:19Z,0,001SDonDyKHRDRwYPS,
003zx5EOAde6p0gQGD,Kimberly,Jordan,Kimberly G. Jordan,Solutions Architect,Sales,kimberly.jordan.4490-088@example.invalid,+1-773-555-0106,4580 Claudia Park,Lake Briar,OR,65811,United States,Web,2021-06-05T09:04:02Z,0,001EM3ljRRvtOqaQZO,
003u64DMAtky5LJYER,Mercedes,Fleming,Mercedes T. Fleming,Customer Success Manager,Sales,mercedes.fleming.1615-6665@example.invalid,+1-213-555-0140,1988 Williams Ville,Cedar Crossing,TX,36510,United States,Organic Search,2022-06-30T08:30:48Z,1,0018fHG08zFMfdsQ4N,
003SiNJ0mE2Fz5qQP2,Eric,Shea,Eric V. Shea,Finance Manager,Finance,eric.shea.1450-8743@example.invalid,+1-912-555-0150,081 Smith Forge,Cedar Crossing,NC,15398,United States,Partner Referral,2021-10-12T20:03:20Z,0,001oPLQgL6DtzXuQJ9,
003nnVXCjUR28ayQTF,Alexa,Sosa,Alexa R. Sosa,Solutions Architect,Procurement,alexa.sosa.0526-1072@example.invalid,+1-475-555-0161,694 Johnson Dam,Cedar Crossing,CO,93506,United States,Customer Referral,2023-12-03T14:31:15Z,0,001lppe6kqinEz1A7H,
003cFniDk18INNVAMY,Melissa,Ramirez,Melissa D. Ramirez,Solutions Architect,Customer Success,melissa.ramirez.0061-2931@example.invalid,+1-771-555-0104,60920 Jeffrey Stream,Northhaven,CO,41798,United States,Partner Referral,2025-05-07T08:29:02Z,0,001rpVRMvKUYUnZQWY,
003tJXtlaXNJ12jYX3,Candice,Thomas,Candice S. Thomas,Account Director,Customer Success,candice.thomas.3241-4152@example.invalid,+1-773-555-0115,64508 Thomas Stream,Northhaven,TX,27582,United States,Partner Referral,2024-04-11T00:12:24Z,0,001I4vmxErKOgEQQME,
003qdimBqY1XKCvYO1,Heather,Hall,Heather J. Hall,Customer Success Manager,Operations,heather.hall.1998-7125@example.invalid,+1-901-555-0114,058 Barbara Inlet,Alder Bay,TX,71526,United States,Web,2025-05-23T19:39:31Z,0,001tqRaHFT1utFgIDH,
003yTjPUux1sOYvA9Z,Phillip,Smith,Phillip T. Smith,Customer Success Manager,Customer Success,phillip.smith.7584-2515@example.invalid,+1-473-555-0186,627 Barker Dam,Willow Harbor,CO,69912,United States,Customer Referral,2025-06-09T05:41:34Z,0,001vywMtDWYqGORIQP,
00392tLpbfit5wCYOW,Patrick,Smith,Patrick K. Smith,Operations Lead,Procurement,patrick.smith.2558-4419@example.invalid,+1-317-555-0131,62945 Dennis Lights,Lake Briar,CO,65461,United States,Organic Search,2021-04-22T20:07:33Z,0,001LDOa8tzZhi9lQLS,
003gsNxFrV3BYq7QRT,William,Atkins,William M. Atkins,Business Analyst,Operations,william.atkins.5437-9808@example.invalid,+1-405-555-0154,201 Dorothy Circle,Willow Harbor,MA,70829,United States,Partner Referral,2025-08-19T08:06:15Z,0,001Ql5gfswhLAUiIZH,
003hweUsQcqkcNAY8T,Paul,Ritter,Paul J. Ritter,Finance Manager,Customer Success,paul.ritter.5227-0668@example.invalid,+1-711-555-0143,392 Joseph Lake,Cedar Crossing,MA,62523,United States,Customer Referral,2025-10-23T16:50:51Z,0,001th7qwAjYM77cYBH,0038F3XT25bzrwRARW
003e5BCx9XKSAP3IU4,Jillian,Hayes,Jillian D. Hayes,Finance Manager,Procurement,jillian.hayes.8913-722@example.invalid,+1-705-555-0147,788 Thompson Tunnel,Lake Briar,TX,32539,United States,Organic Search,2026-05-23T00:14:36Z,0,001upirIJhb5AGBA5J,
003T79uOZSlLCuJY8B,Natasha,Mccarty,Natasha H. Mccarty,Operations Lead,Engineering,natasha.mccarty.2004-2081@example.invalid,+1-311-555-0147,67946 Newman Pine,Summit Glen,CA,66852,United States,Organic Search,2025-01-09T20:56:47Z,0,001UFuHNhHx2c9ZQQ9,
003eAg27jK9g0xBYR0,Ryan,Larson,Ryan A. Larson,Operations Lead,Sales,ryan.larson.3907-9022@example.invalid,+1-312-555-0180,7377 Taylor Spring,Northhaven,NC,10906,United States,Web,2022-10-18T12:34:27Z,0,001PuTTthcGKMiPQUX,
003nu1CVeRPGThMIOY,Caitlin,Marsh,Caitlin J. Marsh,Business Analyst,Engineering,caitlin.marsh.3916-6576@example.invalid,+1-301-555-0148,6906 Luis Islands,Summit Glen,NC,19546,United States,Partner Referral,2022-01-06T13:41:54Z,0,001OphrQTgtGmAPIMC,
003LXPOThKMlCoaYI4,James,Bradley,James W. Bradley,Solutions Architect,Finance,james.bradley.3950-7219@example.invalid,+1-707-555-0182,294 Melissa Key,Summit Glen,MA,85852,United States,Outbound,2023-01-14T13:36:26Z,0,001Ql5gfswhLAUiIZH,
003nGkRyMWyM2SMA66,Angela,Foster,Angela J. Foster,Solutions Architect,Engineering,angela.foster.6473-4614@example.invalid,+1-407-555-0163,04979 Jonathan Mountains,Cedar Crossing,WA,66401,United States,Outbound,2024-12-07T19:38:13Z,0,001LaewwyaBMECsIRO,
003LLMi7KHedKFpYTU,Sandra,Warren,Sandra M. Warren,Operations Lead,Engineering,sandra.warren.6320-1442@example.invalid,+1-272-555-0182,303 Michael Flat,Lake Briar,CA,22695,United States,Organic Search,2025-01-12T20:48:23Z,0,001Pv3IESUoMrhiAAG,
003ga46p12qyVlqA8Y,Benjamin,Williams,Benjamin D. Williams,Product Manager,Customer Success,benjamin.williams.0693-6537@example.invalid,+1-777-555-0171,4612 Davis Ridge,Summit Glen,WA,87456,United States,Organic Search,2025-09-13T14:03:06Z,0,,
003ABq7AEPasjoXYH0,Michelle,Tyler,Michelle M. Tyler,Account Director,Finance,michelle.tyler.5862-5314@example.invalid,+1-777-555-0119,62105 Paul Centers,Alder Bay,TX,24088,United States,Organic Search,2022-02-19T21:03:54Z,0,001DTfDp9zxDPNhAA2,
003H1yYI5SYtOjSAUN,Jeffrey,Wade,Jeffrey C. Wade,Product Manager,Sales,jeffrey.wade.9190-1980@example.invalid,+1-212-555-0141,55489 Thomas Falls,Cedar Crossing,CA,13824,United States,Partner Referral,2024-04-20T11:11:30Z,0,001ZBID6zyXHdcLAAH,
003b5App7BPEwpaYJM,Manuel,Chandler,Manuel S. Chandler,Solutions Architect,Procurement,manuel.chandler.7802-4416@example.invalid,+1-707-555-0199,0213 Chang Vista,Lake Briar,MA,17730,United States,Organic Search,2026-02-12T19:48:41Z,0,001Ra45bI6XkX2bYRW,
003ReEtxCHnsFE4Y27,Austin,Oconnor,Austin A. Oconnor,Customer Success Manager,Procurement,austin.oconnor.0406-493@example.invalid,+1-711-555-0152,85870 Lee Tunnel,Alder Bay,MA,32455,United States,Organic Search,2025-01-27T14:30:34Z,0,00134kztbICJD2tYCZ,
003MtjQuiO2V6tgARQ,Amy,Graham,Amy K. Graham,Customer Success Manager,Finance,amy.graham.5418-4870@example.invalid,+1-475-555-0187,5507 Penny Gardens,Summit Glen,NC,76482,United States,Partner Referral,2023-12-21T16:43:49Z,0,0016z7B3rnZB3aZYDJ,
003r8yPlhYWDqxxAG4,Michelle,Miller,Michelle E. Miller,Solutions Architect,Finance,michelle.miller.9239-7385@example.invalid,+1-317-555-0185,4761 Sean Valleys,Northhaven,TX,18323,United States,Event,2026-01-27T07:10:21Z,0,001xCcjaWJxjfQtAJX,
0039D7aXvRQGJqiITC,Scott,Garcia,Scott A. Garcia,Product Manager,Engineering,scott.garcia.2194-394@example.invalid,+1-672-555-0141,37438 Sanchez Island,Lake Briar,OR,10971,United States,Outbound,2023-11-23T23:55:35Z,0,001tvKQbYklnB9tY2P,003LlJq3Dr4OalLYX7
003OxU85sBPVXS0IYY,Jennifer,Hill,Jennifer D. Hill,Engineering Manager,Marketing,jennifer.hill.2641-0832@example.invalid,+1-471-555-0170,591 Scott Hills,Summit Glen,WA,29303,United States,Partner Referral,2022-04-13T02:13:10Z,0,001n8Q7o6w0wrFoIIH,
003GYNkXftXOoslYK3,David,Mejia,David L. Mejia,Solutions Architect,Engineering,david.mejia.9483-1013@example.invalid,+1-607-555-0112,95257 Woods Orchard,Summit Glen,TX,71017,United States,Organic Search,2024-05-01T23:06:49Z,0,0013e2Rh2QW4yB5YBM,
003hHNPTLKBHbAAYH3,Cindy,Mitchell,Cindy B. Mitchell,Customer Success Manager,Sales,cindy.mitchell.4082-9826@example.invalid,+1-301-555-0171,000 Lawrence Island,Willow Harbor,WA,30482,United States,Partner Referral,2021-01-05T04:38:44Z,0,00134kztbICJD2tYCZ,
00399IEKyDGSJm3QHD,Kenneth,Jones,Kenneth R. Jones,Business Analyst,Finance,kenneth.jones.0400-1230@example.invalid,+1-312-555-0101,55215 Smith Fords,Northhaven,WA,65926,United States,Event,2024-03-18T16:07:02Z,0,001UhwyHPMFM5liAM5,
003QBltyfxsedwvIDY,Raven,Jones,Raven A. Jones,Account Director,Procurement,raven.jones.6269-342@example.invalid,+1-777-555-0171,5335 Nancy Land,Lake Briar,CO,96826,United States,Customer Referral,2025-07-25T10:34:36Z,0,001ZBID6zyXHdcLAAH,
003Dz5d7asr4M7HIIG,Sara,Frazier,Sara E. Frazier,Product Manager,Operations,sara.frazier.4944-3588@example.invalid,+1-702-555-0173,3097 Robinson Row,Cedar Crossing,TX,49337,United States,Web,2026-05-26T16:40:12Z,0,001j6nRokzRlCs1Y07,003S8Hae4OtXDf0AMQ
003RFkT9hrPsRwsQDT,Curtis,Moore,Curtis R. Moore,Business Analyst,Sales,curtis.moore.6590-3264@example.invalid,+1-903-555-0179,010 Salazar Station,Willow Harbor,NC,74228,United States,Organic Search,2022-08-21T16:23:52Z,0,001FdhXK9A63y9AILQ,003S9VdAVGmZKDaQNA
003Jj7iLOhliCVOIT0,Janet,Obrien,Janet K. Obrien,Solutions Architect,Operations,janet.obrien.3465-2360@example.invalid,+1-205-555-0117,581 Lambert Parkways,Cedar Crossing,NC,53309,United States,Outbound,2021-02-05T17:49:32Z,0,001HPdcdRz4xhIHI7A,
003naiSe0wwO9xKQAJ,Sarah,Velez,Sarah J. Velez,Product Manager,Sales,sarah.velez.0030-0972@example.invalid,+1-271-555-0197,69672 Kimberly Place,Willow Harbor,MA,35645,United States,Event,2022-12-26T04:14:14Z,0,001oPLQgL6DtzXuQJ9,
003TzZb7WHFRbgHIUO,Richard,Hill,Richard S. Hill,Engineering Manager,Procurement,richard.hill.3529-5526@example.invalid,+1-702-555-0119,886 Montgomery Extension,Willow Harbor,OR,52478,United States,Customer Referral,2025-06-26T07:48:26Z,0,001f3j7ZUJ5YxijYYQ,
0034oLsDgUhHMnqY3Z,Shaun,Webb,Shaun A. Webb,Operations Lead,Customer Success,shaun.webb.5034-3122@example.invalid,+1-205-555-0176,3908 Schmidt Bypass,Northhaven,TX,39714,United States,Event,2025-08-30T13:36:09Z,0,001C3SilogoPTPGIWX,
003ZYrjQOc11mxoIVN,Devon,Anderson,Devon S. Anderson,Finance Manager,Engineering,devon.anderson.0989-6990@example.invalid,+1-377-555-0171,772 Rowland Hill,Northhaven,TX,67233,United States,Organic Search,2022-07-06T00:46:59Z,0,001mdSX3YnkEjM0IVS,
003CM9mmOrCSrVvYCN,Mackenzie,Murray,Mackenzie C. Murray,Business Analyst,Procurement,mackenzie.murray.0119-2265@example.invalid,+1-407-555-0180,04150 Moss Track,Willow Harbor,OR,48276,United States,Web,2026-03-03T12:28:26Z,1,001RGWydjko0QMRY5C,00316suIFNRuCF5ARF
003ZA8kUErDV4BPYPE,Marc,Rodriguez,Marc T. Rodriguez,Product Manager,Finance,marc.rodriguez.1526-2595@example.invalid,+1-372-555-0164,892 Connie Brooks,Willow Harbor,MA,43642,United States,Partner Referral,2022-05-07T23:39:21Z,0,001PygtS3FHgKj8Q8G,
003gSF57GAU1jxkAFI,Zachary,Jones,Zachary M. Jones,Finance Manager,Engineering,zachary.jones.9423-2415@example.invalid,+1-273-555-0189,170 Joe Circles,Northhaven,MA,40400,United States,Organic Search,2023-07-26T03:41:02Z,0,001O8ZWUKMYoipYYQ7,
003Vic5uKMJIlQrAZ7,Kevin,Gonzales,Kevin K. Gonzales,Finance Manager,Operations,kevin.gonzales.5356-1898@example.invalid,+1-671-555-0176,96170 Clark Parks,Cedar Crossing,OR,75514,United States,Event,2025-11-30T15:25:35Z,0,00142tCTlA12GP8QFU,
003iBfF1piSXCNjIF4,Brittany,Dean,Brittany J. Dean,Operations Lead,Engineering,brittany.dean.9409-2230@example.invalid,+1-612-555-0126,7312 Robinson Coves,Northhaven,CA,37212,United States,Organic Search,2023-05-23T08:35:57Z,0,001oPLQgL6DtzXuQJ9,
003HqAZbrKP9ifUAAB,Alexis,West,Alexis K. West,Operations Lead,Sales,alexis.west.3736-319@example.invalid,+1-405-555-0154,1604 Patrick Views,Northhaven,CO,78604,United States,Outbound,2022-02-12T00:35:09Z,0,001FU3HbNYKm95BYPF,
003LyTtz99flO3DYZ3,Brenda,Murray,Brenda H. Murray,Business Analyst,Finance,brenda.murray.1586-5178@example.invalid,+1-475-555-0187,8049 Poole Dale,Alder Bay,TX,64787,United States,Web,2024-08-14T02:03:47Z,0,001mr80ElRqK1bZQVC,
003Nte2NbHH78qtQ8Y,Matthew,Davies,Matthew N. Davies,Operations Lead,Marketing,matthew.davies.5680-2207@example.invalid,+1-201-555-0110,55561 Douglas Meadows,Summit Glen,NC,80087,United States,Partner Referral,2023-10-29T19:09:51Z,0,001Z9FmqrbfBXeVI9A,
003fyk5MA1CwLYWYGO,Louis,Vaughn,Louis K. Vaughn,Customer Success Manager,Customer Success,louis.vaughn.7959-633@example.invalid,+1-611-555-0137,1263 Kurt Square,Summit Glen,CA,67685,United States,Web,2022-05-12T12:24:31Z,0,001Pv3IESUoMrhiAAG,
003CdFzAkit5JdwQ55,John,Rosario,John M. Rosario,Account Director,Finance,john.rosario.7059-0489@example.invalid,+1-915-555-0178,6877 Silva Drive,Summit Glen,OR,16943,United States,Organic Search,2025-05-09T20:27:10Z,1,001yU1qilS2HtnNQUW,
003IyRNO6vqXiLiQD5,Abigail,Thomas,Abigail J. Thomas,Solutions Architect,Procurement,abigail.thomas.9312-2559@example.invalid,+1-615-555-0103,317 Carlson Junctions,Lake Briar,OR,16528,United States,Organic Search,2025-11-01T23:21:44Z,0,001wVfBSjnPjaamQPU,
003lOy06ccCq0IRQLW,Veronica,Oneal,Veronica S. Oneal,Account Director,Sales,veronica.oneal.9538-1507@example.invalid,+1-771-555-0110,388 Friedman Cliffs,Alder Bay,WA,76127,United States,Partner Referral,2022-01-28T14:47:27Z,1,001zBr7D0amNm8PY72,
003YFFhb8uDPABUQFZ,Sara,Smith,Sara J. Smith,Business Analyst,Marketing,sara.smith.5731-8945@example.invalid,+1-703-555-0112,6026 Lisa Inlet,Cedar Crossing,MA,74282,United States,Outbound,2023-03-01T15:48:45Z,0,00144eZON6YVcQJIGY,
003wXaj6lOoSXpCQZM,Daniel,Bruce,Daniel J. Bruce,Solutions Architect,Procurement,daniel.bruce.1153-5320@example.invalid,+1-977-555-0174,981 Anne Ridge,Alder Bay,OR,79002,United States,Event,2023-12-27T14:33:54Z,0,001UhwyHPMFM5liAM5,
003NZy0DJBVWtVaIFH,Steven,Carlson,Steven S. Carlson,Business Analyst,Marketing,steven.carlson.8031-9864@example.invalid,+1-612-555-0111,714 Beth Fields,Lake Briar,CA,32998,United States,Organic Search,2025-10-02T21:33:21Z,0,001aJFstC9yWgafQNG,
003a7v5rClLranGAZQ,Trevor,Pineda,Trevor M. Pineda,Account Director,Operations,trevor.pineda.9946-1529@example.invalid,+1-211-555-0141,152 Caitlin Views,Alder Bay,CA,85161,United States,Outbound,2024-09-04T10:00:38Z,0,001yU1qilS2HtnNQUW,
0039EBn5jJdV1XVA3C,Christina,Murray,Christina R. Murray,Operations Lead,Marketing,christina.murray.0002-047@example.invalid,+1-611-555-0132,7800 Cervantes Village,Willow Harbor,CA,72027,United States,Customer Referral,2024-05-04T04:04:51Z,0,001E8sva5lyIcGMIKX,
003iMpGGuHEEHp3AUB,David,Delgado,David R. Delgado,Business Analyst,Marketing,david.delgado.4281-814@example.invalid,+1-413-555-0159,31721 Laura Trafficway,Cedar Crossing,MA,53759,United States,Partner Referral,2022-01-10T15:38:25Z,0,001x87pLwsHhY3bAD8,
003ezCyox7B4VHNAOG,Mary,Rodriguez,Mary R. Rodriguez,Account Director,Operations,mary.rodriguez.7814-6344@example.invalid,+1-673-555-0184,62260 Chris Loaf,Alder Bay,OR,51117,United States,Web,2024-08-20T13:22:15Z,0,001kC1LlUdj8c3zY68,
003M5O0R3a9AHJ6IMN,Randall,Keller,Randall S. Keller,Product Manager,Marketing,randall.keller.5298-4968@example.invalid,+1-702-555-0119,405 Cassandra Route,Willow Harbor,TX,87283,United States,Organic Search,2026-02-22T22:57:30Z,0,0016VNR5Nv4nAZ1IGT,
003EITgQp4xDjA6IV9,Melanie,Mays,Melanie A. Mays,Customer Success Manager,Sales,melanie.mays.0968-2991@example.invalid,+1-377-555-0105,022 Mendoza Courts,Summit Glen,OR,11701,United States,Web,2021-11-23T17:31:23Z,0,0019ojrY0cvCQ2UQ6L,
003MLgsieZAuxJOYZR,Jeremy,Cross,Jeremy P. Cross,Operations Lead,Procurement,jeremy.cross.4655-5861@example.invalid,+1-471-555-0171,9975 Phillip Crossing,Alder Bay,CO,20911,United States,Customer Referral,2022-06-21T00:41:52Z,0,0012lorIPC5zJvCYYX,
003HBITmsdDovLfYDZ,Benjamin,Lopez,Benjamin R. Lopez,Customer Success Manager,Marketing,benjamin.lopez.6649-7717@example.invalid,+1-973-555-0182,7313 Jones Streets,Willow Harbor,TX,25122,United States,Customer Referral,2024-12-01T11:22:39Z,0,0014BI0PTpGJAb4ICJ,
003qM11BKXiW5sKYSU,Jason,Charles,Jason M. Charles,Operations Lead,Operations,jason.charles.3835-4825@example.invalid,+1-973-555-0159,30112 Lewis Forges,Lake Briar,TX,48662,United States,Organic Search,2022-03-29T00:30:54Z,0,,003Fv9D7yHrgEDIA6J
003Gql7cL20isNIQSH,Pamela,Trevino,Pamela G. Trevino,Operations Lead,Sales,pamela.trevino.0339-5899@example.invalid,+1-207-555-0118,4342 Horne Station,Cedar Crossing,OR,17177,United States,Partner Referral,2021-10-22T15:38:23Z,1,001b9Ubd6IpdBJKANL,0038mpZAjyw0zY6APK
003mz6nOplXbNe6IQ3,Pedro,Myers,Pedro J. Myers,Engineering Manager,Customer Success,pedro.myers.6560-8924@example.invalid,+1-205-555-0117,9234 Myers Drive,Cedar Crossing,CO,63317,United States,Web,2023-05-22T11:52:14Z,0,001jIiXAhBEHXIPYQP,
003091FMmumHlJoQPY,Jennifer,Diaz,Jennifer D. Diaz,Customer Success Manager,Engineering,jennifer.diaz.7909-9980@example.invalid,+1-305-555-0140,78907 Ray Spur,Lake Briar,CO,63154,United States,Organic Search,2026-03-10T16:10:48Z,0,,
0031Ubn5eHQFuLUQ0K,Rodney,Cooper,Rodney R. Cooper,Business Analyst,Procurement,rodney.cooper.6931-1903@example.invalid,+1-773-555-0165,8525 Charles Valleys,Summit Glen,MA,57431,United States,Web,2023-03-06T08:10:31Z,0,001ue1J9V7XEwHtA5N,
003o7AokIEksfBaIXM,Nicholas,Craig,Nicholas T. Craig,Business Analyst,Customer Success,nicholas.craig.9585-8362@example.invalid,+1-412-555-0166,7928 Alyssa Mission,Northhaven,MA,54500,United States,Organic Search,2024-04-23T09:22:56Z,0,0019laP52dnqWh3AF4,
0032S7prrnFKYtRQH3,Kyle,Rios,Kyle J. Rios,Engineering Manager,Procurement,kyle.rios.3481-0636@example.invalid,+1-473-555-0164,11217 Morrison Wells,Willow Harbor,MA,85390,United States,Customer Referral,2024-03-11T05:07:33Z,0,00144eZON6YVcQJIGY,
003XvRYlz7rGxdNQVF,James,Hendricks,James J. Hendricks,Customer Success Manager,Customer Success,james.hendricks.0367-5380@example.invalid,+1-471-555-0171,2773 James Run,Northhaven,CO,25242,United States,Outbound,2025-02-10T09:23:58Z,0,001XOGQaJwZLxA8YV5,
0039soCLiud9MJJQXY,Lindsey,Bennett,Lindsey J. Bennett,Customer Success Manager,Customer Success,lindsey.bennett.7426-6209@example.invalid,+1-672-555-0141,425 Tiffany Shore,Alder Bay,WA,30682,United States,Outbound,2023-03-25T07:18:08Z,0,001CXiPlYrfwSgoQU2,003VN4c3awd87rBYWB
003hcrYNRS9497iQ4P,Michael,Griffin,Michael D. Griffin,Customer Success Manager,Finance,michael.griffin.3341-7871@example.invalid,+1-271-555-0136,161 Brandy Corner,Lake Briar,TX,82522,United States,Outbound,2025-09-16T13:54:35Z,0,001ViLIuvoOkEvIYR2,
003FjGLi4SvOcnVI5Z,David,Jackson,David B. Jackson,Account Director,Customer Success,david.jackson.0617-6097@example.invalid,+1-707-555-0118,223 Rebecca Point,Summit Glen,MA,58258,United States,Event,2023-10-14T13:20:36Z,0,001f3j7ZUJ5YxijYYQ,
003nfijHXhEFiafAZN,Cynthia,Francis,Cynthia A. Francis,Business Analyst,Operations,cynthia.francis.4988-0031@example.invalid,+1-371-555-0109,68226 Zachary River,Summit Glen,WA,12136,United States,Partner Referral,2025-11-22T07:10:49Z,0,001E8sva5lyIcGMIKX,
003n1jeyVachCmzIYQ,Ricky,Ritter,Ricky J. Ritter,Account Director,Procurement,ricky.ritter.2352-3446@example.invalid,+1-705-555-0103,462 Kirby Island,Lake Briar,TX,38172,United States,Event,2023-05-24T05:00:29Z,0,001JM2vogN0dvJhQHI,
003snU4Vj0q5okhABH,Sarah,Chase,Sarah S. Chase,Product Manager,Operations,sarah.chase.4427-2696@example.invalid,+1-271-555-0124,84779 Suzanne Passage,Northhaven,CA,61973,United States,Organic Search,2022-07-10T14:15:13Z,0,001ZmXb9rhCguMsYOS,
003NVCFneVDrRD6IA1,Jason,Morris,Jason L. Morris,Finance Manager,Procurement,jason.morris.7647-7727@example.invalid,+1-412-555-0127,11916 Yolanda Ramp,Willow Harbor,TX,89625,United States,Partner Referral,2021-09-10T01:27:27Z,0,001b1XyoVMftFmnY3Z,
003v06DT8zY7JRnYCH,Danny,Parker,Danny J. Parker,Solutions Architect,Engineering,danny.parker.8374-8072@example.invalid,+1-672-555-0145,5820 Thomas Court,Summit Glen,WA,30013,United States,Event,2023-11-19T05:02:03Z,0,00134kztbICJD2tYCZ,
0033MLwhB5do4U0ITM,Kathryn,Perez,Kathryn M. Perez,Product Manager,Engineering,kathryn.perez.8070-8589@example.invalid,+1-775-555-0102,09578 Melanie Island,Alder Bay,CA,79366,United States,Outbound,2023-12-26T05:35:12Z,0,001M2rDfuFzN9SZI6R,
0033vK4kL9GicJvQ7E,Lisa,Banks,Lisa S. Banks,Product Manager,Finance,lisa.banks.3748-0536@example.invalid,+1-302-555-0141,567 Smith Turnpike,Summit Glen,CO,24877,United States,Partner Referral,2023-12-27T01:47:02Z,0,0017rl4CBbT95B0YG7,
003uBLlm8nqHeGWAPL,Catherine,Smith,Catherine G. Smith,Business Analyst,Finance,catherine.smith.7844-3241@example.invalid,+1-973-555-0142,4654 Smith Causeway,Alder Bay,MA,38628,United States,Outbound,2022-07-26T10:07:20Z,0,00134kztbICJD2tYCZ,
003HQll5QO7BepcYC2,Mallory,Phillips,Mallory J. Phillips,Account Director,Customer Success,mallory.phillips.9649-8782@example.invalid,+1-372-555-0193,7601 Alyssa Square,Summit Glen,MA,59355,United States,Customer Referral,2024-07-09T22:23:41Z,0,001iEyIVnkSiy8UIX8,
00385sanazmf8LuY2V,Stacie,Carney,Stacie M. Carney,Customer Success Manager,Sales,stacie.carney.5901-9025@example.invalid,+1-701-555-0129,74164 Avery Orchard,Willow Harbor,MA,44980,United States,Outbound,2022-09-20T02:22:21Z,0,001Q3kntrifzyYWI62,
003LnI9G4tD6Pl4QW5,Anthony,Monroe,Anthony A. Monroe,Solutions Architect,Finance,anthony.monroe.4011-8455@example.invalid,+1-315-555-0108,892 Vega Corner,Northhaven,CO,53550,United States,Outbound,2021-11-26T09:28:43Z,0,001ZV3zN3f85rlSYDN,
003xRKQzqPWoyqWIR0,Eugene,Jackson,Eugene D. Jackson,Account Director,Sales,eugene.jackson.6607-5404@example.invalid,+1-607-555-0169,465 Prince Freeway,Willow Harbor,CO,85254,United States,Outbound,2024-01-20T19:10:52Z,0,001pUY9CVMaLCa4YQV,
003MTyNPjIaSuHoQ81,Brian,Simmons,Brian A. Simmons,Business Analyst,Engineering,brian.simmons.4508-8538@example.invalid,+1-301-555-0161,716 Melanie Ports,Alder Bay,MA,72944,United States,Event,2024-06-29T12:05:54Z,1,0018fHG08zFMfdsQ4N,
003DFx9HNm88TcXICQ,Christine,Avery,Christine R. Avery,Finance Manager,Customer Success,christine.avery.4525-1541@example.invalid,+1-402-555-0194,0856 Flores Crescent,Willow Harbor,OR,12804,United States,Outbound,2024-07-13T05:40:14Z,0,001z1doamdywpaZI4C,
0031DHqKU2eEOyJIZZ,Dennis,Cruz,Dennis D. Cruz,Product Manager,Finance,dennis.cruz.4968-2613@example.invalid,+1-612-555-0188,4940 Ellis Islands,Summit Glen,TX,47101,United States,Web,2026-05-09T22:36:16Z,0,001j6nRokzRlCs1Y07,
0034KpBvPuOnjUDYVY,Kelly,Miller,Kelly J. Miller,Operations Lead,Procurement,kelly.miller.5248-594@example.invalid,+1-671-555-0131,728 Thomas Ports,Summit Glen,NC,22640,United States,Event,2022-06-27T21:52:05Z,0,001MfuiALipgsrAIEL,003vzIhgcdGo6WyA8L
0033i2FC262REKsQD3,Nicole,Fuentes,Nicole T. Fuentes,Finance Manager,Sales,nicole.fuentes.0276-8388@example.invalid,+1-305-555-0112,0079 Pham Meadows,Lake Briar,MA,38559,United States,Web,2024-06-30T01:24:52Z,0,0018MjZShtig55PAG6,
003XK7ODHYJdsLLAHD,James,Smith,James J. Smith,Account Director,Operations,james.smith.6398-6534@example.invalid,+1-201-555-0148,50169 Michael Ridge,Cedar Crossing,CO,98737,United States,Outbound,2021-03-12T21:53:47Z,1,001Yuy98mwACfhVANS,
0039FRof5ffyRlsI2Z,Mary,Cox,Mary J. Cox,Customer Success Manager,Marketing,mary.cox.4178-3765@example.invalid,+1-417-555-0189,69599 David Square,Lake Briar,CO,58421,United States,Partner Referral,2023-09-08T07:31:12Z,0,001kC1LlUdj8c3zY68,
003PRcXUmemAjU9YHV,Glenn,Johnson,Glenn M. Johnson,Finance Manager,Sales,glenn.johnson.2884-4149@example.invalid,+1-601-555-0150,65647 Davis Corner,Summit Glen,OR,67866,United States,Partner Referral,2024-03-16T20:47:13Z,0,001Ivgehi2RhpxmIXK,
003AfCEMto5KeOxAO8,David,Blake,David P. Blake,Solutions Architect,Engineering,david.blake.0022-8667@example.invalid,+1-603-555-0116,6694 Jay Highway,Alder Bay,WA,79973,United States,Web,2025-10-28T22:16:19Z,1,001XOGQaJwZLxA8YV5,003EJ4ahhuV0HGbIS4
003IBmBzmUIi5aPIF3,Kimberly,Brandt,Kimberly H. Brandt,Customer Success Manager,Operations,kimberly.brandt.7057-6926@example.invalid,+1-773-555-0150,0553 Roger River,Willow Harbor,MA,56129,United States,Partner Referral,2022-02-08T10:29:58Z,0,0011Ah4A4sWSLAjA4O,
0033wDEOI23iGYZAMA,Valerie,Lowe,Valerie M. Lowe,Finance Manager,Finance,valerie.lowe.0001-3440@example.invalid,+1-201-555-0158,8691 Kelly Mills,Alder Bay,CA,27356,United States,Event,2025-08-12T15:04:16Z,0,001I9h4vN2Mpc08I26,
003dHank2PqtZ4pI8H,Michele,Smith,Michele K. Smith,Operations Lead,Sales,michele.smith.3872-414@example.invalid,+1-401-555-0139,129 Wright Spurs,Cedar Crossing,NC,10392,United States,Event,2025-04-19T09:55:48Z,0,001FnvHY3QUJaFEYAN,
003YYy8HKNkF1eIQEM,Brett,Arellano,Brett D. Arellano,Finance Manager,Finance,brett.arellano.3318-7470@example.invalid,+1-771-555-0147,6731 Thomas Square,Alder Bay,NC,61609,United States,Outbound,2025-06-06T10:57:40Z,0,,
0038t9cyDEE518SYI5,David,Carter,David A. Carter,Operations Lead,Finance,david.carter.6898-7776@example.invalid,+1-472-555-0116,14926 Chase Union,Northhaven,NC,30634,United States,Organic Search,2026-04-11T07:32:30Z,0,001HHU7vcgZ8phtAW6,
003Mfp4ku7pOXLnYBE,Laura,Moore,Laura L. Moore,Engineering Manager,Procurement,laura.moore.3712-9471@example.invalid,+1-307-555-0134,004 Williams Island,Willow Harbor,NC,29455,United States,Customer Referral,2022-06-25T15:29:52Z,0,001WPEcjxhamiNXYYJ,
003MkeaqDigmSTCIHK,Henry,Michael,Henry N. Michael,Account Director,Marketing,henry.michael.9359-5282@example.invalid,+1-315-555-0116,0422 Morales Green,Alder Bay,TX,39867,United States,Outbound,2023-12-27T05:33:05Z,0,001rayeK09xezjmQSY,
003Rq9Z1UOXaGpIATR,Tara,Garcia,Tara L. Garcia,Finance Manager,Operations,tara.garcia.4818-3188@example.invalid,+1-373-555-0124,755 Williams Extension,Summit Glen,OR,92013,United States,Outbound,2021-12-19T13:27:09Z,0,001OR7GRtb417SOIE9,
003eBJrduqPYUKLQAZ,Renee,Lee,Renee T. Lee,Business Analyst,Engineering,renee.lee.4818-3728@example.invalid,+1-703-555-0136,51378 Krause Fall,Willow Harbor,WA,96383,United States,Customer Referral,2021-02-23T00:57:16Z,0,0016aFsydu36rL2Y22,
003VQmViyfNIhbhQ6A,Jasmine,Powell,Jasmine E. Powell,Finance Manager,Marketing,jasmine.powell.7804-9418@example.invalid,+1-672-555-0145,39766 Felicia Island,Northhaven,OR,45734,United States,Outbound,2023-04-03T03:59:28Z,0,,
003dKm7AQJwq1fVQLN,Gabriel,Wong,Gabriel J. Wong,Solutions Architect,Sales,gabriel.wong.3866-8297@example.invalid,+1-272-555-0113,86770 Patterson Curve,Cedar Crossing,TX,48810,United States,Partner Referral,2023-01-10T03:36:08Z,0,001OphrQTgtGmAPIMC,
0030KKuMuOgqfrFIK3,Dale,Andrews,Dale A. Andrews,Business Analyst,Engineering,dale.andrews.6045-6666@example.invalid,+1-772-555-0135,4089 George Trail,Northhaven,CO,18919,United States,Organic Search,2024-11-21T20:16:11Z,0,001Incobp7HHs7MAA7,
003C96Qq6KmhADJAOX,Gregory,Nguyen,Gregory S. Nguyen,Operations Lead,Customer Success,gregory.nguyen.2874-5084@example.invalid,+1-613-555-0129,2063 Brown Landing,Northhaven,OR,43068,United States,Partner Referral,2022-04-20T00:12:05Z,0,001Yuy98mwACfhVANS,
003dCFkX9dbaSbSYN7,Catherine,Rodriguez,Catherine T. Rodriguez,Engineering Manager,Finance,catherine.rodriguez.5914-7701@example.invalid,+1-902-555-0172,225 Ward Valley,Willow Harbor,OR,72184,United States,Organic Search,2024-06-03T02:53:45Z,0,001Pv3IESUoMrhiAAG,
0034JBacyRrWtHXY13,Matthew,Edwards,Matthew P. Edwards,Customer Success Manager,Sales,matthew.edwards.0754-548@example.invalid,+1-973-555-0159,46035 Smith Place,Willow Harbor,NC,38739,United States,Event,2022-03-14T04:15:29Z,0,0014WYoiYbOMlUgQDX,
003xMP3Q95vSqZ6Q9V,Anthony,Becker,Anthony J. Becker,Account Director,Sales,anthony.becker.6801-941@example.invalid,+1-901-555-0127,6451 Adam Trafficway,Cedar Crossing,CO,16389,United States,Partner Referral,2026-02-15T23:08:25Z,0,001MEVADdakhCHVYR3,
003sGE8qPep2Bn9AY8,Ashley,Phillips,Ashley K. Phillips,Solutions Architect,Customer Success,ashley.phillips.2770-0269@example.invalid,+1-917-555-0188,3205 Suzanne Lake,Cedar Crossing,MA,77333,United States,Organic Search,2022-09-03T15:01:45Z,0,001tvKQbYklnB9tY2P,0031SWb0wrPigO0ACL
003PjOdPb3SIRUrQQT,Deborah,Burgess,Deborah A. Burgess,Business Analyst,Engineering,deborah.burgess.5655-3906@example.invalid,+1-417-555-0113,07404 Jones Meadow,Willow Harbor,MA,33828,United States,Partner Referral,2021-12-08T00:22:25Z,0,001hgdJHI7bDrNzIKJ,
003SJyQYGz4dPYDY8D,David,Marsh,David C. Marsh,Account Director,Operations,david.marsh.0484-0678@example.invalid,+1-777-555-0171,6360 Miller Hollow,Northhaven,NC,45127,United States,Event,2025-12-27T06:52:07Z,0,001iWJjSJhQ7PeuAR2,
003IPrkiTSRDMIRAYU,James,Gentry,James T. Gentry,Business Analyst,Procurement,james.gentry.2952-6276@example.invalid,+1-917-555-0188,9456 Micheal Throughway,Northhaven,CA,16445,United States,Outbound,2025-07-03T09:46:15Z,1,001oPLQgL6DtzXuQJ9,
003KbRL6kUQ6YHhIGW,Erica,Smith,Erica T. Smith,Solutions Architect,Procurement,erica.smith.7166-9712@example.invalid,+1-212-555-0137,602 Johnson Stream,Northhaven,OR,42091,United States,Web,2025-08-29T16:54:56Z,1,001sS1Mj9gSLRavQC2,
003xxlGV9jlpBgRAMR,Jeffrey,Perry,Jeffrey R. Perry,Business Analyst,Finance,jeffrey.perry.6262-4847@example.invalid,+1-607-555-0189,053 Lee Centers,Alder Bay,CO,32372,United States,Customer Referral,2025-05-02T07:15:23Z,0,001wOS4RTezb6AxY4U,003AWiA5w6U96FlA3S
003x8fjgq3Azg0PQN3,Karen,Bridges,Karen A. Bridges,Finance Manager,Marketing,karen.bridges.0253-0179@example.invalid,+1-771-555-0104,168 Smith Lane,Alder Bay,CA,95353,United States,Outbound,2022-04-15T04:57:52Z,0,001CmyWD3JXNdXOAM9,
003u51IMmAMkN2vAOO,Laura,Schwartz,Laura L. Schwartz,Business Analyst,Engineering,laura.schwartz.7522-7723@example.invalid,+1-203-555-0199,41997 Smith Crossing,Alder Bay,NC,74288,United States,Customer Referral,2022-02-22T20:20:41Z,0,0014BI0PTpGJAb4ICJ,
003324Ml63ozCTwI31,Mary,Hodge,Mary J. Hodge,Product Manager,Sales,mary.hodge.9227-9237@example.invalid,+1-611-555-0123,260 Craig Cliff,Lake Briar,CO,90586,United States,Outbound,2024-01-07T12:58:52Z,0,001kC1LlUdj8c3zY68,
003GCiusFbMca93YBA,John,Miller,John M. Miller,Product Manager,Sales,john.miller.4905-7742@example.invalid,+1-317-555-0137,55781 Crystal Mill,Alder Bay,CA,70217,United States,Event,2024-08-30T04:45:38Z,0,001avRKkn0zGBkGQ4J,
003nQva0jGAkrqoION,Ryan,Martinez,Ryan C. Martinez,Business Analyst,Finance,ryan.martinez.9110-1580@example.invalid,+1-611-555-0113,8003 Cook Lock,Northhaven,NC,61073,United States,Customer Referral,2021-01-10T00:03:32Z,0,001yQSD3rwvt3ZBAV9,
0031mDngmYeD5xrIKU,Lisa,Ortega,Lisa A. Ortega,Product Manager,Marketing,lisa.ortega.1722-8446@example.invalid,+1-611-555-0186,766 Antonio Inlet,Lake Briar,NC,15809,United States,Event,2025-02-01T19:34:06Z,0,001TBaHImIEtjplQN7,
003uhAfHhn2QyORAOH,David,Conrad,David M. Conrad,Business Analyst,Sales,david.conrad.8797-2570@example.invalid,+1-913-555-0101,6729 Ashley Centers,Lake Briar,WA,84388,United States,Web,2025-12-11T10:04:45Z,0,001Ql5gfswhLAUiIZH,
003XbrEdLOM2NSFAD3,James,Wong,James P. Wong,Finance Manager,Engineering,james.wong.3183-5852@example.invalid,+1-902-555-0172,89862 Michael Glen,Cedar Crossing,WA,46639,United States,Outbound,2025-12-17T07:29:53Z,0,001Incobp7HHs7MAA7,
003q4mM8M5swTliYEV,Elizabeth,Mckenzie,Elizabeth E. Mckenzie,Finance Manager,Procurement,elizabeth.mckenzie.9490-5932@example.invalid,+1-917-555-0103,0600 Edgar Meadow,Cedar Crossing,NC,36301,United States,Event,2026-06-18T03:00:03Z,0,001ZX951OeRh6EHIOJ,
00308hejDMf87YtQXX,Jonathan,Zavala,Jonathan M. Zavala,Account Director,Customer Success,jonathan.zavala.1054-2313@example.invalid,+1-375-555-0177,00178 Dickerson Curve,Summit Glen,NC,35697,United States,Event,2023-05-01T08:31:20Z,0,001Ra45bI6XkX2bYRW,
003YG7WvbgStD9wY4U,Nancy,Richards,Nancy L. Richards,Operations Lead,Engineering,nancy.richards.1375-5849@example.invalid,+1-672-555-0107,611 Davis Skyway,Willow Harbor,NC,86116,United States,Web,2023-02-10T01:22:37Z,0,0013e2Rh2QW4yB5YBM,
0034aOXLvFz8KLpQIU,Karen,Smith,Karen J. Smith,Business Analyst,Engineering,karen.smith.6393-1616@example.invalid,+1-377-555-0158,7741 Wendy Bridge,Summit Glen,NC,13995,United States,Partner Referral,2025-03-16T14:07:33Z,0,001FHyBhLc8CzxgIVO,
003eWy6yqXeGgNqYTR,Megan,Ortiz,Megan L. Ortiz,Account Director,Procurement,megan.ortiz.9052-575@example.invalid,+1-973-555-0159,64303 Carrie Park,Alder Bay,MA,78358,United States,Event,2024-06-10T02:21:52Z,0,001tvKQbYklnB9tY2P,
003MnJVzYDGu7zUAKK,Jesus,Pace,Jesus A. Pace,Engineering Manager,Engineering,jesus.pace.0262-4075@example.invalid,+1-701-555-0150,67100 Hansen Highway,Willow Harbor,TX,75031,United States,Organic Search,2024-08-10T03:50:37Z,0,001FVBcrH6719XQAUS,
003z0M1XgsLnVmoIL2,Amanda,Shannon,Amanda J. Shannon,Operations Lead,Operations,amanda.shannon.3747-7775@example.invalid,+1-677-555-0159,915 Perez Springs,Cedar Crossing,MA,18689,United States,Partner Referral,2023-09-09T11:11:17Z,0,001R0OuIWPEowdMYT2,003SWNfhuCMQYirAWK
003AP1ZR1msFdc2ANA,Jonathan,Wilkerson,Jonathan B. Wilkerson,Business Analyst,Operations,jonathan.wilkerson.5185-4119@example.invalid,+1-912-555-0108,731 Alexandra Cliffs,Summit Glen,OR,90942,United States,Web,2023-06-27T20:27:29Z,0,001cvG5DjhEsIaIAD0,
003JAM2swJJbf8qALX,Curtis,Sanchez,Curtis B. Sanchez,Engineering Manager,Engineering,curtis.sanchez.6266-651@example.invalid,+1-471-555-0119,062 Barnett Ferry,Summit Glen,MA,40251,United States,Organic Search,2023-09-11T13:13:39Z,0,0014xFF5q1fi7GwQMP,
003hMDunMjNslIVQ8V,Zachary,Evans,Zachary W. Evans,Solutions Architect,Operations,zachary.evans.5853-238@example.invalid,+1-215-555-0149,399 Houston Fields,Alder Bay,CA,64109,United States,Customer Referral,2022-11-29T13:11:36Z,0,001OR7GRtb417SOIE9,
003TlrLp629bh61ACC,Ryan,Welch,Ryan C. Welch,Operations Lead,Operations,ryan.welch.8595-6304@example.invalid,+1-775-555-0142,527 Griffin Unions,Northhaven,NC,71496,United States,Partner Referral,2022-07-23T03:11:51Z,0,001HgM5pPhwEa9BAOB,
003kW1RmJgDMQSFQN7,Kimberly,Thomas,Kimberly K. Thomas,Finance Manager,Procurement,kimberly.thomas.9632-5911@example.invalid,+1-607-555-0161,021 Laurie Turnpike,Willow Harbor,CA,11198,United States,Outbound,2026-05-30T20:51:03Z,0,001aJFstC9yWgafQNG,
003cMX0lIecSIbxYI1,Jason,Henderson,Jason C. Henderson,Operations Lead,Operations,jason.henderson.1701-3496@example.invalid,+1-215-555-0116,6932 Schultz Views,Lake Briar,WA,66116,United States,Organic Search,2023-02-09T23:09:54Z,0,001t1tQX1aEupiNQXE,003aFddNQE90uBpQGN
003PyZ38dL1GKh6AD3,Maria,Chavez,Maria L. Chavez,Solutions Architect,Finance,maria.chavez.7159-5364@example.invalid,+1-215-555-0169,14449 Lamb Union,Lake Briar,OR,99527,United States,Partner Referral,2022-01-15T00:40:49Z,0,001kC1LlUdj8c3zY68,
003pf6ykyjk6JKTQTE,Billy,Evans,Billy S. Evans,Engineering Manager,Customer Success,billy.evans.6920-5084@example.invalid,+1-413-555-0103,51825 Debbie Crest,Alder Bay,OR,53835,United States,Web,2023-11-23T05:22:44Z,0,001vXGsLaTZksTjQHC,
003XGJBvjpTzhTrYE3,Christina,Johnson,Christina R. Johnson,Account Director,Operations,christina.johnson.1744-1666@example.invalid,+1-901-555-0180,26557 Benson Mountain,Cedar Crossing,OR,99266,United States,Event,2024-08-30T19:54:21Z,0,001OyqT9LtQtE0fYGU,
003WxfUdTj9cdJhYQK,Jeffrey,Martin,Jeffrey S. Martin,Customer Success Manager,Marketing,jeffrey.martin.0630-1268@example.invalid,+1-215-555-0116,14706 Mary Village,Lake Briar,WA,73185,United States,Event,2021-09-02T13:04:05Z,0,0018YzqdxvbgCoaYQU,003twefy02aagUgIFC
0032GNqrOy9A8LKAWC,Tina,Smith,Tina J. Smith,Product Manager,Procurement,tina.smith.1586-1365@example.invalid,+1-317-555-0169,9036 Brown Ports,Northhaven,CA,21244,United States,Organic Search,2025-09-04T17:31:16Z,0,,
003ISCtQkOpeoZuQVQ,Theresa,Cunningham,Theresa J. Cunningham,Engineering Manager,Customer Success,theresa.cunningham.9504-5474@example.invalid,+1-612-555-0126,22983 William Terrace,Alder Bay,OR,60104,United States,Customer Referral,2022-03-28T04:18:15Z,0,001D3FX1GvU3G1mAKG,
003YNoe4eDPx1jzIUC,Jennifer,Green,Jennifer D. Green,Customer Success Manager,Sales,jennifer.green.5832-1044@example.invalid,+1-975-555-0170,7595 Darrell Fields,Alder Bay,CO,80607,United States,Web,2026-05-24T14:39:03Z,0,001Tn3lq2OpXiyaYCN,0039xwRHwigsnXFQBC
0030sKrr59bnBWGQWV,Michelle,Tate,Michelle D. Tate,Solutions Architect,Operations,michelle.tate.3996-2389@example.invalid,+1-271-555-0185,1650 Santiago Expressway,Alder Bay,OR,20649,United States,Web,2026-04-13T19:17:02Z,1,0019ojrY0cvCQ2UQ6L,
003aOYRJR4o2kcUANS,Kim,Wall,Kim K. Wall,Solutions Architect,Engineering,kim.wall.5672-0186@example.invalid,+1-673-555-0186,449 Brown Key,Alder Bay,CA,59498,United States,Organic Search,2026-06-13T21:19:31Z,0,0014WYoiYbOMlUgQDX,
003VMr2dUUitVLPA5B,George,Choi,George T. Choi,Finance Manager,Procurement,george.choi.2993-0889@example.invalid,+1-413-555-0103,66611 Malone Spur,Northhaven,CO,26512,United States,Outbound,2025-02-16T11:25:38Z,0,001tvKQbYklnB9tY2P,
003exjZxGsG3qs1YQ1,John,White,John M. White,Customer Success Manager,Marketing,john.white.8598-4816@example.invalid,+1-913-555-0134,03031 Brown Turnpike,Lake Briar,MA,99273,United States,Outbound,2023-06-02T19:11:01Z,0,001t1tQX1aEupiNQXE,
003uOfZv356FfnVQEZ,Kaitlin,Horton,Kaitlin K. Horton,Product Manager,Customer Success,kaitlin.horton.2502-473@example.invalid,+1-771-555-0110,3349 Tonya Mills,Willow Harbor,WA,47321,United States,Outbound,2022-07-10T20:08:59Z,0,001wp2Q6PkIMrfFY6U,
003pBqFqI40OWUHYP1,Michele,Johnson,Michele J. Johnson,Finance Manager,Operations,michele.johnson.4830-3218@example.invalid,+1-603-555-0116,7694 Emily Land,Lake Briar,CO,55141,United States,Organic Search,2022-09-11T18:51:02Z,0,001FzQ1Vu9hM4AsIVS,
003J9IMbrQgAbruQPB,Shawn,Mitchell,Shawn A. Mitchell,Solutions Architect,Operations,shawn.mitchell.0015-5510@example.invalid,+1-477-555-0163,13957 Nguyen Mews,Lake Briar,WA,52612,United States,Partner Referral,2021-09-24T07:17:56Z,0,001I4vmxErKOgEQQME,
003o9UZEDhfqPufYGG,Natasha,Jackson,Natasha B. Jackson,Solutions Architect,Procurement,natasha.jackson.1693-0936@example.invalid,+1-217-555-0111,293 Johnson Meadow,Summit Glen,TX,40244,United States,Outbound,2021-09-18T02:17:59Z,0,001XuarHFEI17I9AWA,
003i7gno1I8wRe1YWE,Carol,Ruiz,Carol M. Ruiz,Product Manager,Engineering,carol.ruiz.6214-0618@example.invalid,+1-771-555-0157,70341 Pineda Mills,Lake Briar,WA,31165,United States,Event,2023-09-23T07:01:59Z,0,001yvWhfz01vDWFY3M,
003QcJzJHpRN9DHILH,Christina,Burns,Christina K. Burns,Business Analyst,Customer Success,christina.burns.9284-9407@example.invalid,+1-412-555-0115,239 Owen Isle,Lake Briar,WA,18350,United States,Customer Referral,2021-06-21T07:25:04Z,0,001KQsenOWHB4fuQM5,
003BiQogcR8V8aRIU5,Peter,Leon,Peter J. Leon,Operations Lead,Engineering,peter.leon.8531-5270@example.invalid,+1-671-555-0110,4299 Martinez Path,Northhaven,CA,49035,United States,Organic Search,2025-01-24T02:21:05Z,0,001LDvrdIgxRUc4IID,
003dN789cenjA2eA7H,Jamie,Roberts,Jamie B. Roberts,Solutions Architect,Operations,jamie.roberts.9234-5516@example.invalid,+1-707-555-0194,710 Robert Field,Lake Briar,WA,30799,United States,Event,2022-11-20T17:09:22Z,0,001HPdcdRz4xhIHI7A,
003QpUbKtwmcJ3HY8B,Timothy,Tyler,Timothy K. Tyler,Customer Success Manager,Operations,timothy.tyler.2449-8877@example.invalid,+1-375-555-0167,110 Garcia Ranch,Willow Harbor,TX,30741,United States,Organic Search,2021-11-17T05:41:02Z,0,001kgFF0qALhnGGYD4,003m5pW1jukUWzjARJ
003kVQfEiQ5cgNmQQT,Matthew,Gardner,Matthew M. Gardner,Engineering Manager,Operations,matthew.gardner.0656-1380@example.invalid,+1-271-555-0158,80438 Hale Cape,Willow Harbor,CA,55180,United States,Web,2023-05-01T01:42:19Z,0,001LDvrdIgxRUc4IID,
003ZbZQM8O4y5KxAWK,Miguel,Hampton,Miguel M. Hampton,Customer Success Manager,Sales,miguel.hampton.8677-2242@example.invalid,+1-675-555-0174,1715 Andrew Crossroad,Alder Bay,WA,84365,United States,Web,2021-06-05T09:56:11Z,0,001FzQ1Vu9hM4AsIVS,
003B3AJH3u2wz9VQGN,Megan,Barnett,Megan A. Barnett,Operations Lead,Procurement,megan.barnett.1897-7670@example.invalid,+1-903-555-0197,02312 Tracy Crescent,Northhaven,MA,63875,United States,Event,2021-05-10T11:01:45Z,0,0010APGD8asQ2PkIS9,
003BiVuwQpdIloXY64,Mary,Day,Mary R. Day,Finance Manager,Marketing,mary.day.3268-0951@example.invalid,+1-673-555-0184,2618 Alec Key,Willow Harbor,NC,88024,United States,Web,2025-08-03T12:40:07Z,0,001X50Bqc5cThUtYIX,
003UbXP6gpYAIOpQN5,Nicholas,Lopez,Nicholas J. Lopez,Product Manager,Marketing,nicholas.lopez.9952-4990@example.invalid,+1-375-555-0178,0146 Miller Squares,Cedar Crossing,NC,37923,United States,Outbound,2025-01-31T08:26:55Z,0,001Q3kntrifzyYWI62,
0032MowSse5t9c6AC4,Eugene,Alvarez,Eugene J. Alvarez,Operations Lead,Engineering,eugene.alvarez.8193-2088@example.invalid,+1-311-555-0193,461 Sanchez Wells,Lake Briar,CA,44026,United States,Customer Referral,2024-01-12T04:21:52Z,0,001CAfL4eM9INwqAJY,
003vhSWjBZZjMpbYDN,Adam,Thomas,Adam B. Thomas,Customer Success Manager,Sales,adam.thomas.2925-0726@example.invalid,+1-307-555-0189,90363 Castillo Flats,Cedar Crossing,NC,68001,United States,Web,2021-09-30T01:38:48Z,0,001sAtRqmoa84s0IBV,
0035UU5kxqtctGbQXY,Christopher,Park,Christopher T. Park,Product Manager,Operations,christopher.park.5175-0088@example.invalid,+1-212-555-0137,558 Price Summit,Summit Glen,MA,50792,United States,Partner Referral,2023-06-06T23:54:54Z,0,001FzQ1Vu9hM4AsIVS,
003rOIPj473iJlUIZ3,Ryan,Foley,Ryan D. Foley,Account Director,Procurement,ryan.foley.6325-9248@example.invalid,+1-475-555-0187,75192 Briggs Mountain,Lake Briar,CA,70191,United States,Customer Referral,2022-09-28T11:42:16Z,0,001zBr7D0amNm8PY72,
003ETYpQg3XrEGmQCG,Stephanie,Gordon,Stephanie C. Gordon,Engineering Manager,Finance,stephanie.gordon.9924-2600@example.invalid,+1-412-555-0166,36534 Bennett Hill,Alder Bay,OR,83734,United States,Outbound,2024-08-31T06:15:10Z,0,001PFA4WC7yjw84AX1,
003Wujln1WKKcf9YG0,Sierra,Rodriguez,Sierra C. Rodriguez,Solutions Architect,Marketing,sierra.rodriguez.6708-5180@example.invalid,+1-372-555-0118,69547 Terri Manors,Lake Briar,CO,59701,United States,Outbound,2022-08-06T13:58:02Z,1,001YbEX62vgcJCrQQH,
0033cD3226r2rt9AGL,Diane,Santos,Diane A. Santos,Operations Lead,Finance,diane.santos.8684-1556@example.invalid,+1-613-555-0189,36074 Travis Tunnel,Lake Briar,MA,88396,United States,Partner Referral,2024-08-09T23:23:29Z,0,0017rl4CBbT95B0YG7,
003luLZYr3inoErACO,Jessica,Stevens,Jessica W. Stevens,Operations Lead,Finance,jessica.stevens.3887-9985@example.invalid,+1-905-555-0161,402 Peterson Drives,Northhaven,CA,48971,United States,Customer Referral,2023-03-30T00:13:58Z,0,001Ql5gfswhLAUiIZH,
003LqLvVnacmmgpQXH,Chelsea,Cochran,Chelsea L. Cochran,Engineering Manager,Marketing,chelsea.cochran.4989-0939@example.invalid,+1-471-555-0103,9058 Spencer Plaza,Alder Bay,CA,31875,United States,Outbound,2022-04-15T10:27:37Z,0,001iIp10CH2rdjrQCH,
003HepsXEkhbwXKILC,Brandon,Sharp,Brandon T. Sharp,Account Director,Operations,brandon.sharp.4457-1397@example.invalid,+1-205-555-0124,7647 Reyes Isle,Cedar Crossing,CO,64499,United States,Web,2022-12-28T06:53:56Z,0,001MEVADdakhCHVYR3,
003hp4wXHyQ4ojAYPY,Isaac,Murphy,Isaac D. Murphy,Business Analyst,Operations,isaac.murphy.7344-3877@example.invalid,+1-417-555-0113,255 Alex Ferry,Cedar Crossing,NC,23606,United States,Event,2026-01-25T04:48:15Z,0,001Ivgehi2RhpxmIXK,
003AOWtLxMtVgZyY8N,Billy,Morales,Billy M. Morales,Account Director,Sales,billy.morales.9102-8474@example.invalid,+1-905-555-0116,677 Vargas Square,Lake Briar,MA,28804,United States,Event,2024-12-04T10:14:03Z,0,001Pv3IESUoMrhiAAG,
003y79c1yFgVZixIWN,Frances,Moore,Frances D. Moore,Solutions Architect,Finance,frances.moore.5133-5606@example.invalid,+1-671-555-0149,3155 Simpson Rest,Lake Briar,NC,10304,United States,Partner Referral,2021-01-05T02:50:54Z,0,001n8Q7o6w0wrFoIIH,
003XfSezXjrwOTzIKG,Miranda,Scott,Miranda J. Scott,Business Analyst,Operations,miranda.scott.2345-9332@example.invalid,+1-473-555-0117,1343 Patricia Locks,Lake Briar,CO,88976,United States,Event,2021-08-04T00:57:12Z,0,001ZV3zN3f85rlSYDN,0032FektFlJgzkpQSC
0037jnBtdUsdG9zAXN,Tammy,Wells,Tammy C. Wells,Solutions Architect,Customer Success,tammy.wells.3884-9144@example.invalid,+1-711-555-0162,013 Alicia Greens,Cedar Crossing,NC,63616,United States,Event,2021-04-16T19:33:20Z,0,001jIiXAhBEHXIPYQP,
0037h21RAA7seGXAJ8,Oscar,Padilla,Oscar R. Padilla,Business Analyst,Customer Success,oscar.padilla.5118-5453@example.invalid,+1-471-555-0170,5647 Caleb Courts,Summit Glen,OR,17114,United States,Partner Referral,2022-09-06T22:52:25Z,0,001mGDaaFm0faepARX,003Mq3yB1QMrWPSAUJ
003SBA1qSIqBF8LQK1,Rebecca,Finley,Rebecca L. Finley,Finance Manager,Engineering,rebecca.finley.9117-3320@example.invalid,+1-977-555-0117,0880 Prince Pass,Cedar Crossing,CO,39872,United States,Outbound,2025-03-16T08:12:48Z,0,0011Ah4A4sWSLAjA4O,
003orhMESBUHCmIQGP,Paul,Malone,Paul K. Malone,Engineering Manager,Sales,paul.malone.8238-3895@example.invalid,+1-412-555-0180,29380 Morgan Run,Alder Bay,CO,75805,United States,Customer Referral,2025-07-19T01:40:45Z,0,001F0HyTq0ZVe9LIP9,
003qbSlsfuiDcr6IHB,Michael,Henry,Michael L. Henry,Product Manager,Customer Success,michael.henry.6002-2351@example.invalid,+1-711-555-0182,181 Reed Fords,Willow Harbor,NC,23755,United States,Outbound,2021-06-12T02:58:46Z,0,001PuTTthcGKMiPQUX,
003yujoQjzFwfCEYKA,Tammy,Higgins,Tammy C. Higgins,Solutions Architect,Customer Success,tammy.higgins.8257-254@example.invalid,+1-901-555-0158,72648 Adam Square,Summit Glen,TX,66519,United States,Event,2025-07-05T04:30:32Z,1,001jIiXAhBEHXIPYQP,
003pWtyXQCzkq06YC0,Jeremy,Hardy,Jeremy K. Hardy,Account Director,Sales,jeremy.hardy.9201-498@example.invalid,+1-905-555-0176,95369 John Trail,Alder Bay,TX,71453,United States,Organic Search,2025-05-11T15:36:59Z,0,0017R1i3b17QyDUAUX,
0030r8E4AEdH4QfQ8V,Sylvia,Robbins,Sylvia J. Robbins,Account Director,Customer Success,sylvia.robbins.7433-8720@example.invalid,+1-271-555-0124,28044 Garcia Way,Alder Bay,CO,98135,United States,Outbound,2023-09-25T09:16:35Z,0,0017rl4CBbT95B0YG7,
00342wZNlNNCXqSYCP,Jason,Foley,Jason R. Foley,Account Director,Procurement,jason.foley.5581-7613@example.invalid,+1-203-555-0175,513 Grant Wall,Lake Briar,OR,57104,United States,Customer Referral,2025-06-24T18:52:13Z,0,001v3PBn9EDl48XQNP,
003SQ0EEK5XeHXIYY7,Amy,Green,Amy L. Green,Account Director,Finance,amy.green.7629-5440@example.invalid,+1-417-555-0147,945 Robert Plain,Northhaven,CA,41113,United States,Web,2022-01-25T02:16:47Z,0,001eRJ4GILnQbQxQA2,
003rYgrvc9K7YF1QGX,Anna,Hunt,Anna T. Hunt,Product Manager,Finance,anna.hunt.6330-9600@example.invalid,+1-472-555-0116,069 Wagner Loop,Cedar Crossing,CA,62231,United States,Customer Referral,2026-02-02T05:37:57Z,0,001wOS4RTezb6AxY4U,003f7viIaJ7mXTpYZ3
00379aqfJGg6fFGQSY,Deborah,Barron,Deborah C. Barron,Business Analyst,Finance,deborah.barron.5658-6175@example.invalid,+1-672-555-0139,881 Blake Stream,Lake Briar,CO,20306,United States,Customer Referral,2025-06-11T22:02:55Z,0,001wOS4RTezb6AxY4U,003whK8AT5aVI5MAO9
003fAmeIPr7yU3DIE7,Christopher,Williams,Christopher C. Williams,Product Manager,Operations,christopher.williams.7678-7507@example.invalid,+1-917-555-0181,707 Colleen Ford,Willow Harbor,TX,40774,United States,Web,2026-06-20T12:31:49Z,0,001HHU7vcgZ8phtAW6,
003g1jXJmFJ4W6mASA,Thomas,White,Thomas D. White,Operations Lead,Finance,thomas.white.1345-7521@example.invalid,+1-205-555-0105,705 Brown Junction,Summit Glen,OR,30645,United States,Customer Referral,2023-12-05T00:39:49Z,0,0018YzqdxvbgCoaYQU,
003ZHUE1WFG4FS9AMG,Duane,Burns,Duane A. Burns,Product Manager,Finance,duane.burns.4686-4396@example.invalid,+1-917-555-0193,9181 Lewis Trace,Cedar Crossing,TX,74394,United States,Customer Referral,2025-10-30T00:27:16Z,0,001g2MhymLdN59YQJG,
003ZmYiT3WtaExxAUI,Theodore,Andrade,Theodore M. Andrade,Business Analyst,Finance,theodore.andrade.3382-4665@example.invalid,+1-975-555-0137,187 Holmes Camp,Northhaven,OR,51012,United States,Organic Search,2022-06-06T04:08:02Z,0,001b6p7wMuocXZFIKR,
0033HOWp6qXzxCPIVG,Stephanie,Perkins,Stephanie A. Perkins,Engineering Manager,Operations,stephanie.perkins.4867-9939@example.invalid,+1-207-555-0145,21345 Guerra Rest,Willow Harbor,WA,84696,United States,Customer Referral,2021-01-11T16:25:16Z,0,001Hmzu237idVEDY59,
0035sERVyo56Od1QOG,Eric,Johnson,Eric J. Johnson,Engineering Manager,Marketing,eric.johnson.8410-5700@example.invalid,+1-973-555-0142,7959 Julia Stravenue,Alder Bay,OR,78636,United States,Organic Search,2021-02-26T05:24:01Z,1,0018MjZShtig55PAG6,
003fKL1ajAUvZsZQGZ,Mariah,Butler,Mariah P. Butler,Engineering Manager,Engineering,mariah.butler.0606-091@example.invalid,+1-311-555-0113,88269 Powell Harbors,Willow Harbor,TX,32971,United States,Partner Referral,2023-12-12T14:49:57Z,0,001LT9I3sxXG212YUI,
003XijlXXYNtjjrAZG,Dennis,Harvey,Dennis M. Harvey,Customer Success Manager,Marketing,dennis.harvey.7886-8458@example.invalid,+1-677-555-0132,4742 Brown Dam,Willow Harbor,WA,13129,United States,Partner Referral,2023-12-14T15:42:02Z,0,0011y3R0qW4167MAMP,
003SGHtfbjI2AH1A2F,Sarah,Brewer,Sarah D. Brewer,Engineering Manager,Operations,sarah.brewer.3394-2299@example.invalid,+1-315-555-0108,035 Mills Rapid,Northhaven,WA,27008,United States,Outbound,2021-11-01T06:16:36Z,0,001wp2Q6PkIMrfFY6U,
003Yiga9CLvf2dQYGF,Amber,Robertson,Amber J. Robertson,Product Manager,Finance,amber.robertson.7363-8521@example.invalid,+1-612-555-0111,6317 Jones Lodge,Cedar Crossing,TX,41471,United States,Outbound,2023-10-16T21:11:40Z,0,001qn0PeVSegyj1AFD,
003C5xjym5yCYp0YF4,James,Stanley,James V. Stanley,Engineering Manager,Procurement,james.stanley.1109-475@example.invalid,+1-205-555-0160,466 Lamb Harbor,Cedar Crossing,CA,96579,United States,Partner Referral,2021-07-07T09:50:58Z,0,001Ql5gfswhLAUiIZH,
003Sv4YREEIrw4eAD2,Donna,Mccormick,Donna C. Mccormick,Customer Success Manager,Marketing,donna.mccormick.6962-9942@example.invalid,+1-407-555-0163,920 Sanchez Lights,Lake Briar,TX,31941,United States,Web,2022-06-02T09:00:39Z,0,001G40EGKjt7p96I7T,
003u2f5oGPzB7zdA0X,Laura,Montes,Laura J. Montes,Finance Manager,Finance,laura.montes.1012-707@example.invalid,+1-311-555-0161,2768 Cherry Course,Northhaven,MA,64358,United States,Event,2022-10-24T08:14:22Z,0,001JTximtecXZZ0IK7,
003scAaVLxW1tCmYBX,Jacob,Robinson,Jacob G. Robinson,Solutions Architect,Customer Success,jacob.robinson.5541-0639@example.invalid,+1-203-555-0199,4103 Amanda Circles,Northhaven,WA,66110,United States,Web,2021-08-21T20:51:21Z,0,001pOXC8pNylRaRY5A,
003n4PysdqBrgwXIT1,Sarah,Guzman,Sarah C. Guzman,Engineering Manager,Operations,sarah.guzman.7675-4811@example.invalid,+1-602-555-0152,914 Margaret Forest,Cedar Crossing,WA,62994,United States,Web,2023-04-27T15:57:49Z,0,001IQen5JJcxOzsYOT,
0034SeMRhZnNA4bAKM,Darlene,Perry,Darlene T. Perry,Finance Manager,Procurement,darlene.perry.4317-1537@example.invalid,+1-375-555-0169,505 Elizabeth Center,Northhaven,CO,44337,United States,Event,2025-09-08T02:41:36Z,0,001CfmgfK8c5I6aQSB,003URlnxMHsDiDPQ7H
003WJK5erxpQqeGIBF,Susan,Sharp,Susan P. Sharp,Account Director,Marketing,susan.sharp.4751-8217@example.invalid,+1-973-555-0105,464 Tammy Ranch,Summit Glen,OR,43980,United States,Customer Referral,2022-11-17T05:29:11Z,0,001aJFstC9yWgafQNG,
003SSD819xSAeRJQQI,Sarah,Martinez,Sarah R. Martinez,Business Analyst,Engineering,sarah.martinez.7916-0333@example.invalid,+1-373-555-0142,3292 Thomas Isle,Cedar Crossing,MA,51956,United States,Web,2021-05-16T22:11:30Z,0,001aJFstC9yWgafQNG,0035aGnJu9oBcVHILJ
003S7osKdcBCR4WIF8,Tanya,Hale,Tanya J. Hale,Finance Manager,Marketing,tanya.hale.4577-7532@example.invalid,+1-601-555-0103,857 Schmidt Ferry,Summit Glen,TX,77102,United States,Customer Referral,2023-02-11T07:11:28Z,0,001RUYGIDukMN3HIZS,
003QtF6ypyXl9x7YZ2,Craig,Dawson,Craig A. Dawson,Finance Manager,Customer Success,craig.dawson.0772-1628@example.invalid,+1-311-555-0100,670 Rhonda Mission,Alder Bay,TX,67073,United States,Partner Referral,2022-12-05T17:11:40Z,0,001b9Ubd6IpdBJKANL,
00361SAboucdOJGQ94,William,Richardson,William M. Richardson,Account Director,Customer Success,william.richardson.1357-5349@example.invalid,+1-271-555-0150,92024 Summers Tunnel,Northhaven,MA,16542,United States,Customer Referral,2024-06-21T23:49:46Z,1,001PygtS3FHgKj8Q8G,
003uNABTA3HDsNTQ1G,Andrea,Fitzgerald,Andrea C. Fitzgerald,Operations Lead,Engineering,andrea.fitzgerald.8102-2514@example.invalid,+1-477-555-0181,79352 Peterson Lakes,Northhaven,TX,82886,United States,Event,2023-03-31T08:17:26Z,0,001kpkteJ4XLaaYQTV,00300F7hDG51WfwQJX
003IoHI3OjoF7EqQV7,Kristin,Gonzales,Kristin T. Gonzales,Finance Manager,Marketing,kristin.gonzales.8187-1847@example.invalid,+1-771-555-0110,604 Angela Shore,Willow Harbor,MA,70292,United States,Customer Referral,2024-12-23T23:34:35Z,0,001FU3HbNYKm95BYPF,
003LtDO7YzOyUhUA6A,Anna,Richards,Anna D. Richards,Account Director,Sales,anna.richards.0398-6069@example.invalid,+1-602-555-0190,00729 William Glens,Summit Glen,TX,87524,United States,Web,2021-08-24T08:31:01Z,0,001jIiXAhBEHXIPYQP,
003cVGsrffaguWrYD5,Matthew,Gomez,Matthew R. Gomez,Product Manager,Procurement,matthew.gomez.0273-193@example.invalid,+1-605-555-0121,109 Julia Orchard,Northhaven,CA,65303,United States,Web,2024-11-11T17:22:31Z,0,001rYkP9rcvMmHAQOV,0037msR43PqnhnzA2O
003nQPALgi7cRY6QP7,Ashley,Richards,Ashley J. Richards,Customer Success Manager,Customer Success,ashley.richards.6256-9567@example.invalid,+1-603-555-0146,5547 Harris Station,Lake Briar,OR,10501,United States,Customer Referral,2025-07-31T07:47:16Z,0,001CobSEZTi3dLCAGD,
003fsY9xmzLb2Z7A1O,Amy,Chan,Amy A. Chan,Solutions Architect,Engineering,amy.chan.8442-6523@example.invalid,+1-715-555-0106,80480 Gilmore Common,Cedar Crossing,CA,45561,United States,Partner Referral,2025-02-16T02:08:07Z,1,0012B0IsTb8G7BVAST,
0035lztNUBNMXswYOA,Dawn,Parker,Dawn T. Parker,Customer Success Manager,Finance,dawn.parker.0049-3183@example.invalid,+1-311-555-0135,3521 Hernandez Manor,Willow Harbor,WA,54136,United States,Organic Search,2022-05-16T09:24:21Z,0,001iIp10CH2rdjrQCH,
003nEEZpEHQMiNGIEO,Michael,Marsh,Michael E. Marsh,Account Director,Operations,michael.marsh.8797-4017@example.invalid,+1-212-555-0141,2577 Ryan Village,Cedar Crossing,TX,84062,United States,Event,2024-06-09T23:14:38Z,0,001CAfL4eM9INwqAJY,
003nUmR8FGkuy87IC1,Kenneth,Russell,Kenneth J. Russell,Operations Lead,Customer Success,kenneth.russell.1896-005@example.invalid,+1-711-555-0197,47725 Jones Course,Summit Glen,TX,82603,United States,Outbound,2024-03-31T13:02:01Z,0,001PUaO8FLbQ5tuY7R,
0039mhj999GyrjIQQT,Christopher,Mcknight,Christopher R. Mcknight,Engineering Manager,Customer Success,christopher.mcknight.6848-1497@example.invalid,+1-471-555-0171,834 Joshua Port,Northhaven,NC,91346,United States,Customer Referral,2025-05-22T04:41:55Z,0,001vuI7W5NKUSqVAGG,
003PDVgkuWRXxQKQ3C,Brittany,Cox,Brittany D. Cox,Account Director,Customer Success,brittany.cox.0241-1348@example.invalid,+1-305-555-0149,93268 Jessica Pike,Summit Glen,OR,71406,United States,Event,2021-10-14T15:11:19Z,0,001M2rDfuFzN9SZI6R,
003bP4h78jHiTfrIEC,Adrian,Payne,Adrian B. Payne,Business Analyst,Customer Success,adrian.payne.6718-1003@example.invalid,+1-272-555-0170,766 Joseph Glens,Lake Briar,OR,65853,United States,Customer Referral,2025-09-24T04:07:43Z,0,001iIp10CH2rdjrQCH,
003MU7FoAzObbaSY62,Linda,Vasquez,Linda D. Vasquez,Business Analyst,Procurement,linda.vasquez.4530-3480@example.invalid,+1-215-555-0108,705 Connie Knoll,Summit Glen,CO,74703,United States,Partner Referral,2024-10-10T04:52:30Z,0,001Y94eVbSCMZThYRA,003bm0o8sVuV4gZAAH
003iCPqm24S6ofqAV0,Lisa,French,Lisa R. French,Product Manager,Marketing,lisa.french.4380-2722@example.invalid,+1-411-555-0196,8224 Martinez Views,Cedar Crossing,WA,48822,United States,Organic Search,2022-12-07T21:33:08Z,0,001lpuGrFmSTBnuY0M,
003ZF9xUAEo40shYBY,Jason,Graham,Jason J. Graham,Business Analyst,Finance,jason.graham.7517-8688@example.invalid,+1-203-555-0126,8448 Emily Dale,Alder Bay,CO,77172,United States,Organic Search,2024-01-04T15:51:25Z,0,001M2rDfuFzN9SZI6R,
003YVTHuWfk5SBIQSH,George,Melendez,George D. Melendez,Customer Success Manager,Finance,george.melendez.6997-1694@example.invalid,+1-977-555-0119,922 Michelle Green,Alder Bay,OR,82157,United States,Outbound,2024-12-07T07:41:00Z,0,0017zKMESrLRf4iY3C,
003lkvZoDDt1xdhI3W,April,Williams,April D. Williams,Business Analyst,Sales,april.williams.4742-7120@example.invalid,+1-477-555-0177,059 Elizabeth Crest,Cedar Crossing,TX,72347,United States,Web,2024-01-23T01:12:01Z,0,001Tn3lq2OpXiyaYCN,
003FjmtOHkaXHV8ATV,Jessica,Pope,Jessica N. Pope,Account Director,Procurement,jessica.pope.6808-6459@example.invalid,+1-702-555-0180,976 Jackson Lakes,Summit Glen,WA,89190,United States,Web,2024-05-19T22:23:56Z,0,001wp2Q6PkIMrfFY6U,
003TRozbZoPm9luQBT,Brittany,Boyer,Brittany K. Boyer,Solutions Architect,Customer Success,brittany.boyer.8584-3115@example.invalid,+1-372-555-0151,638 Newman Grove,Summit Glen,OR,16710,United States,Organic Search,2021-05-26T11:40:02Z,0,001j6nRokzRlCs1Y07,
003iLR5JlCDCrUlAL8,Michelle,Griffin,Michelle M. Griffin,Customer Success Manager,Operations,michelle.griffin.0798-4890@example.invalid,+1-772-555-0135,753 Helen Drive,Alder Bay,WA,44742,United States,Event,2022-05-26T02:02:48Z,0,001DvFcs2OCjLNHAFJ,
003AjUK2cybvQvDQL1,Pamela,King,Pamela R. King,Account Director,Engineering,pamela.king.4560-7790@example.invalid,+1-607-555-0166,18917 William Junction,Willow Harbor,NC,30583,United States,Customer Referral,2026-01-15T14:06:54Z,0,001UztNJY1B3mZVQ88,
003QIFVHJDDUBNfQ79,Robin,Vaughn,Robin H. Vaughn,Business Analyst,Engineering,robin.vaughn.9542-0059@example.invalid,+1-375-555-0167,57529 Mark Viaduct,Cedar Crossing,CA,28161,United States,Web,2025-10-31T10:23:58Z,0,001pTLwbTFSx0AVIHA,
003LoNuaoskNTr2ASW,Sarah,Roberts,Sarah P. Roberts,Product Manager,Operations,sarah.roberts.1461-6463@example.invalid,+1-601-555-0111,25190 Kemp Mission,Northhaven,NC,99850,United States,Event,2023-09-14T16:45:55Z,0,001R0OuIWPEowdMYT2,
003pHHENHNnxmBcI4E,Jacob,Lopez,Jacob W. Lopez,Business Analyst,Sales,jacob.lopez.4211-1385@example.invalid,+1-477-555-0198,890 Michele Spring,Northhaven,OR,87214,United States,Partner Referral,2025-10-18T00:07:44Z,0,001MEVADdakhCHVYR3,
003zxGqpNH4Sri6A1L,Todd,Munoz,Todd J. Munoz,Engineering Manager,Engineering,todd.munoz.7802-5975@example.invalid,+1-605-555-0156,08292 Gamble Points,Northhaven,CA,43715,United States,Partner Referral,2025-12-27T22:55:31Z,0,001FdhXK9A63y9AILQ,
0038CYQ9JwDXB3qIT7,Melissa,Banks,Melissa C. Banks,Engineering Manager,Operations,melissa.banks.8368-9964@example.invalid,+1-902-555-0157,527 Griffin Unions,Cedar Crossing,MA,57287,United States,Event,2023-03-03T14:01:04Z,1,001oowXHzEaXod1YS1,003FXVaKVzp4mx5AGP
003VeMNXOn4b6m3YPM,Earl,Williams,Earl J. Williams,Account Director,Sales,earl.williams.3410-5295@example.invalid,+1-902-555-0157,8287 Cooper Mission,Willow Harbor,CA,10295,United States,Organic Search,2024-03-13T04:46:35Z,0,00134kztbICJD2tYCZ,
003cs17Zqym2FAgA08,Tiffany,Martinez,Tiffany C. Martinez,Finance Manager,Engineering,tiffany.martinez.8263-3686@example.invalid,+1-607-555-0121,453 Justin Road,Summit Glen,CA,40492,United States,Organic Search,2023-12-09T15:11:30Z,0,0017R1i3b17QyDUAUX,
003D2gb05w63m4BQ0B,Brandon,Holland,Brandon C. Holland,Account Director,Marketing,brandon.holland.3341-9362@example.invalid,+1-903-555-0103,138 Foley Lakes,Northhaven,TX,26176,United States,Organic Search,2022-06-26T08:55:18Z,0,001YrVA37VnfW7fIO3,
003m4IemrZC0LMwIX1,Elizabeth,Herman,Elizabeth W. Herman,Finance Manager,Marketing,elizabeth.herman.1088-8956@example.invalid,+1-677-555-0127,4360 Gardner Alley,Summit Glen,TX,32643,United States,Outbound,2025-10-10T00:46:19Z,0,001FdhXK9A63y9AILQ,
003ENBWzBF3YIoFYPD,Melanie,Lewis,Melanie K. Lewis,Account Director,Procurement,melanie.lewis.2191-1510@example.invalid,+1-901-555-0180,580 Lopez Turnpike,Northhaven,CO,74848,United States,Web,2022-06-17T20:18:52Z,0,001v3PBn9EDl48XQNP,
003Wl0ymrSzU42PQ9I,Justin,Green,Justin J. Green,Account Director,Engineering,justin.green.8657-3014@example.invalid,+1-471-555-0110,459 Medina Mills,Willow Harbor,CO,63618,United States,Customer Referral,2023-12-28T22:28:38Z,0,001g2MhymLdN59YQJG,
0033Ovu7A9ADGEqYAE,Brian,Nguyen,Brian S. Nguyen,Business Analyst,Sales,brian.nguyen.5353-076@example.invalid,+1-601-555-0103,232 Steele Centers,Summit Glen,MA,29960,United States,Event,2025-06-15T16:02:16Z,0,001GikJVQQYFMgSI6M,
003cWUYjziFUXOoIW9,Christina,Johnson,Christina E. Johnson,Finance Manager,Operations,christina.johnson.6949-4980@example.invalid,+1-315-555-0108,28106 Kimberly Walk,Alder Bay,WA,89220,United States,Event,2024-07-31T11:47:17Z,0,001OphrQTgtGmAPIMC,
003rN87YQtO4m2UQGR,Cheryl,Miller,Cheryl L. Miller,Product Manager,Marketing,cheryl.miller.8931-1279@example.invalid,+1-915-555-0181,143 Dickerson Court,Alder Bay,CA,64815,United States,Event,2022-06-14T07:26:56Z,0,001XFpYyxD2bjtqY54,003BdmepSnncyxLQ9A
003xHlcAk72CIMoQTZ,Jerome,Rodriguez,Jerome C. Rodriguez,Engineering Manager,Sales,jerome.rodriguez.9833-5425@example.invalid,+1-977-555-0117,39004 Douglas Rapids,Lake Briar,NC,58353,United States,Organic Search,2022-08-09T21:46:04Z,0,0012B0IsTb8G7BVAST,003ZfVniOk7LmllIP3
003XKRHTr0zxsX9I5B,Vanessa,Brown,Vanessa B. Brown,Solutions Architect,Marketing,vanessa.brown.9091-7201@example.invalid,+1-477-555-0177,99748 Riley Canyon,Willow Harbor,MA,38236,United States,Partner Referral,2022-08-11T23:53:28Z,0,001PUaO8FLbQ5tuY7R,
003i4p6APoWTcRLIO0,Angela,Rivera,Angela T. Rivera,Solutions Architect,Sales,angela.rivera.9455-1715@example.invalid,+1-907-555-0175,655 Debbie Islands,Lake Briar,OR,61208,United States,Customer Referral,2025-08-16T16:53:58Z,0,00175Cmy8DqQrAKINI,
0038m4S7TpRnSUYIZD,Michelle,Morgan,Michelle J. Morgan,Finance Manager,Procurement,michelle.morgan.0586-5783@example.invalid,+1-673-555-0184,63591 Megan Stravenue,Lake Briar,CA,50352,United States,Organic Search,2022-04-27T22:32:31Z,0,0016z7B3rnZB3aZYDJ,
0031XSf1bfZJESFIY3,David,Meyer,David V. Meyer,Account Director,Operations,david.meyer.9937-0211@example.invalid,+1-607-555-0121,20001 David Pine,Northhaven,CO,99999,United States,Partner Referral,2023-12-15T11:01:47Z,0,001s7ZyiePrkNHmYX9,
003yZ109lzITybEAHN,Christopher,Hamilton,Christopher B. Hamilton,Business Analyst,Customer Success,christopher.hamilton.3038-2651@example.invalid,+1-271-555-0136,0897 Carpenter Lake,Summit Glen,NC,84396,United States,Event,2022-02-16T11:52:59Z,0,001IqN1uANorRv0AGO,
003IATjwBrkrxicAUT,Katherine,Morris,Katherine S. Morris,Business Analyst,Customer Success,katherine.morris.9246-0214@example.invalid,+1-212-555-0137,45989 Zimmerman Way,Northhaven,TX,19071,United States,Outbound,2024-05-25T06:14:09Z,0,001PUaO8FLbQ5tuY7R,
0032vDjj6EPdDIQYFG,Tracy,Kelly,Tracy G. Kelly,Product Manager,Customer Success,tracy.kelly.8254-4349@example.invalid,+1-913-555-0128,59062 Maldonado Trail,Cedar Crossing,CO,59002,United States,Web,2023-12-07T01:06:50Z,0,001o5vm8lqkBKW6I3B,
003YBu3QGD5BRFXY2C,Daniel,Kennedy,Daniel F. Kennedy,Business Analyst,Procurement,daniel.kennedy.9790-6117@example.invalid,+1-601-555-0170,504 Stout Square,Willow Harbor,CA,28534,United States,Web,2021-09-16T09:40:48Z,0,001vuI7W5NKUSqVAGG,
003WEgjwl1vIvbnIIG,Tara,Hernandez,Tara V. Hernandez,Product Manager,Finance,tara.hernandez.2338-3087@example.invalid,+1-471-555-0103,82572 Hunter Square,Alder Bay,WA,22995,United States,Web,2025-06-09T11:06:09Z,0,001gn26KfjMg4ZII8J,
003KJ8FJo8XNZ6MQ3J,Jessica,Cunningham,Jessica J. Cunningham,Customer Success Manager,Customer Success,jessica.cunningham.0292-2913@example.invalid,+1-311-555-0135,9227 Julie Isle,Northhaven,OR,90131,United States,Organic Search,2024-10-16T22:47:51Z,1,,
003KqBug3b1B6QlQE9,Megan,Jordan,Megan J. Jordan,Solutions Architect,Engineering,megan.jordan.7507-3167@example.invalid,+1-907-555-0149,647 John Manors,Alder Bay,NC,91143,United States,Event,2024-01-13T10:06:34Z,0,001E8sva5lyIcGMIKX,
003S1Fiv96YBof2I20,Lauren,Smith,Lauren B. Smith,Customer Success Manager,Sales,lauren.smith.7342-626@example.invalid,+1-472-555-0187,6830 Allen Club,Cedar Crossing,CA,22516,United States,Organic Search,2024-06-27T15:35:18Z,0,001u2iK4bExNbRFYPR,
0032d55Lu3aGP4UY02,Michael,Gomez,Michael I. Gomez,Engineering Manager,Customer Success,michael.gomez.4964-4421@example.invalid,+1-972-555-0184,078 Jessica Street,Willow Harbor,MA,84031,United States,Partner Referral,2026-04-25T08:30:19Z,0,001j6nRokzRlCs1Y07,
003NMoHLkDWagobAIJ,Timothy,Cantrell,Timothy P. Cantrell,Product Manager,Customer Success,timothy.cantrell.2599-1086@example.invalid,+1-317-555-0137,9204 Allen Mall,Lake Briar,NC,91245,United States,Organic Search,2022-03-11T01:12:26Z,0,0014WYoiYbOMlUgQDX,
003glOPy3BD2di1YT6,Kevin,Miller,Kevin B. Miller,Solutions Architect,Marketing,kevin.miller.2590-2534@example.invalid,+1-913-555-0173,7514 Joseph Forks,Cedar Crossing,TX,78047,United States,Outbound,2025-05-23T04:34:50Z,0,001FU3HbNYKm95BYPF,
003CycifoifVIltQQU,Lisa,Reed,Lisa K. Reed,Product Manager,Customer Success,lisa.reed.7299-5981@example.invalid,+1-703-555-0136,627 Jonathan Terrace,Cedar Crossing,TX,63165,United States,Partner Referral,2023-03-25T09:37:48Z,0,0014WYoiYbOMlUgQDX,
003i57e7W8oxp9QYYL,Gerald,Smith,Gerald P. Smith,Operations Lead,Procurement,gerald.smith.2042-5147@example.invalid,+1-203-555-0147,2508 Flores Stream,Summit Glen,NC,29088,United States,Customer Referral,2022-01-24T22:13:52Z,0,001WHkVb04B78wfY3Q,
003RKx4RYpV8PObIGS,Michael,Tyler,Michael T. Tyler,Solutions Architect,Procurement,michael.tyler.5018-743@example.invalid,+1-275-555-0135,981 Mary Wall,Willow Harbor,OR,49580,United States,Web,2024-12-24T15:29:39Z,0,001OphrQTgtGmAPIMC,
003VtHtQNFfQs5iQNM,Karen,Martinez,Karen J. Martinez,Engineering Manager,Finance,karen.martinez.4368-0377@example.invalid,+1-771-555-0147,66427 Amanda Station,Lake Briar,NC,93832,United States,Outbound,2022-11-06T13:25:31Z,1,0019ojrY0cvCQ2UQ6L,003BezGw71lXosXA9D
0034B6n71XDATHeY83,Andrea,Duran,Andrea A. Duran,Solutions Architect,Operations,andrea.duran.6442-6762@example.invalid,+1-771-555-0104,67781 Trevor Pass,Lake Briar,CO,67852,United States,Customer Referral,2021-11-18T01:49:30Z,0,001n3aMHCveux7aI17,
003XFY8sQ1Ay3yuY27,Megan,Gomez,Megan N. Gomez,Solutions Architect,Finance,megan.gomez.8012-2973@example.invalid,+1-301-555-0161,95126 Brown Springs,Northhaven,MA,27178,United States,Customer Referral,2022-09-03T07:31:35Z,0,001yU1qilS2HtnNQUW,003ACcgNQk1gIu3YOT
003shmsKnerJ6VRAAV,Laura,Roman,Laura G. Roman,Account Director,Engineering,laura.roman.9650-357@example.invalid,+1-607-555-0129,39950 Myers Lodge,Summit Glen,MA,77888,United States,Event,2025-02-16T05:39:15Z,0,0012Mm2CXMo3FSXAIK,
0032sdfGmbW7lSzQIP,Christina,Bailey,Christina K. Bailey,Product Manager,Engineering,christina.bailey.7708-8673@example.invalid,+1-911-555-0179,6441 Hampton Vista,Lake Briar,TX,71504,United States,Partner Referral,2023-06-26T12:09:21Z,0,001iIp10CH2rdjrQCH,
003uHXEGxdBdOxnQGN,Michelle,Smith,Michelle C. Smith,Finance Manager,Customer Success,michelle.smith.9846-4873@example.invalid,+1-212-555-0137,9117 Gonzales Landing,Alder Bay,NC,80957,United States,Partner Referral,2023-10-28T02:15:57Z,0,0012lorIPC5zJvCYYX,
0030frhZtPJhLZwQAT,Frank,Boyd,Frank L. Boyd,Operations Lead,Finance,frank.boyd.7371-2372@example.invalid,+1-311-555-0100,8675 Kennedy Land,Lake Briar,WA,22547,United States,Outbound,2023-01-19T00:33:26Z,0,001b6p7wMuocXZFIKR,0037sCJ2VpZ2dhXAQ4
003a2EStO05FA7uA00,Kayla,Edwards,Kayla M. Edwards,Finance Manager,Customer Success,kayla.edwards.3426-7710@example.invalid,+1-615-555-0187,208 Melanie Glens,Cedar Crossing,TX,75867,United States,Event,2022-03-06T11:55:33Z,0,001qP46mGWsPnuOQ5R,
003CUxBouGmIlmgI8K,Amber,Williams,Amber A. Williams,Customer Success Manager,Customer Success,amber.williams.4161-5668@example.invalid,+1-615-555-0142,6162 Hannah Mountain,Summit Glen,CO,41365,United States,Event,2021-07-30T13:52:11Z,0,001dbHSEev61SnuI4N,
003D3vomlJS5FcPAGE,David,Hopkins,David A. Hopkins,Customer Success Manager,Engineering,david.hopkins.6622-4487@example.invalid,+1-413-555-0172,933 Krause Knoll,Northhaven,TX,96137,United States,Partner Referral,2024-12-28T05:45:53Z,1,001BAfwqbwr0TsUA0T,
0033S4zFH6f42hbINE,Kyle,Leach,Kyle J. Leach,Account Director,Finance,kyle.leach.7351-4451@example.invalid,+1-271-555-0197,9476 Daniel Stravenue,Alder Bay,CA,16906,United States,Partner Referral,2022-11-22T14:19:50Z,0,001aRI7kJhlvTf0QY9,003t2VnqoObcnsPY8S
003uOBaSCeKAG1DIYH,Carl,Reynolds,Carl N. Reynolds,Solutions Architect,Procurement,carl.reynolds.9043-8186@example.invalid,+1-412-555-0105,89601 Nicholas Meadow,Cedar Crossing,MA,72716,United States,Event,2021-10-06T06:00:17Z,0,001Pv3IESUoMrhiAAG,
003oM7VGwTEZl1CIPN,Ariel,Henderson,Ariel B. Henderson,Customer Success Manager,Engineering,ariel.henderson.0620-1019@example.invalid,+1-977-555-0174,46690 Yolanda Hill,Willow Harbor,OR,61513,United States,Customer Referral,2024-12-15T00:52:51Z,0,0010APGD8asQ2PkIS9,003FD5dV6K3l93CAIJ
003i2Cn7hctN1AWQYO,Daniel,Robbins,Daniel A. Robbins,Engineering Manager,Finance,daniel.robbins.5509-0578@example.invalid,+1-402-555-0192,786 Charles Circle,Cedar Crossing,CO,18169,United States,Customer Referral,2023-07-27T13:48:05Z,0,001HHU7vcgZ8phtAW6,003mjuXxIT09fGrAAO
003j2jAFojW9qjMQDM,Christopher,Robinson,Christopher G. Robinson,Solutions Architect,Engineering,christopher.robinson.8475-8682@example.invalid,+1-403-555-0184,15134 Mary Summit,Northhaven,TX,21695,United States,Outbound,2025-04-17T21:45:12Z,0,0018sCn7wzuyGKcIWS,003zaVLDO9Vk4P0IGZ
003UA5xXYG9MiJhQ1A,Julie,Rowe,Julie R. Rowe,Account Director,Operations,julie.rowe.9761-7168@example.invalid,+1-602-555-0153,3820 Brooke Views,Willow Harbor,MA,50959,United States,Outbound,2022-11-20T04:12:55Z,0,001OphrQTgtGmAPIMC,003ftniDDEnnixkI5V
003JUYidSURardvA0X,Richard,Benjamin,Richard L. Benjamin,Operations Lead,Customer Success,richard.benjamin.1085-2330@example.invalid,+1-271-555-0158,1632 Kim Station,Summit Glen,NC,72751,United States,Outbound,2026-05-12T18:48:12Z,0,001pTLwbTFSx0AVIHA,
003c1dg3F96dpopYZL,Brittany,Smith,Brittany C. Smith,Business Analyst,Sales,brittany.smith.9284-0362@example.invalid,+1-973-555-0182,640 Bryan Stream,Willow Harbor,NC,84468,United States,Partner Referral,2024-06-10T11:13:20Z,0,001zC4hdWCH77CfYVC,
003YIHp1TArqzm1QFV,Hector,Scott,Hector T. Scott,Customer Success Manager,Customer Success,hector.scott.9960-4031@example.invalid,+1-615-555-0135,1451 Shannon Shoals,Cedar Crossing,CO,24030,United States,Outbound,2023-04-16T23:27:03Z,0,001G40EGKjt7p96I7T,003YdFPC0xpo260IVZ
003jOQJspY5rCJrAQO,Angel,Carter,Angel S. Carter,Solutions Architect,Sales,angel.carter.6362-579@example.invalid,+1-417-555-0147,5364 Howard Causeway,Alder Bay,MA,16328,United States,Event,2021-12-31T19:42:57Z,0,001GjfBhJ295BInY2G,
003KSHCpaRzgzM8ADK,Christie,Mason,Christie G. Mason,Operations Lead,Engineering,christie.mason.8080-8832@example.invalid,+1-412-555-0166,2871 Hammond Path,Summit Glen,MA,17117,United States,Web,2025-08-20T05:24:49Z,0,001yVmlwCnpWY0fA4W,003VJY5ZQMlMUU0A18
00394wQRWKSVri5I25,Nancy,Alexander,Nancy B. Alexander,Finance Manager,Customer Success,nancy.alexander.7048-7820@example.invalid,+1-777-555-0158,6342 Martin Mill,Cedar Crossing,OR,90450,United States,Partner Referral,2026-06-20T05:50:07Z,0,001oPLQgL6DtzXuQJ9,
003Ko5fkzISRwyDIXS,Jennifer,Mccall,Jennifer T. Mccall,Business Analyst,Marketing,jennifer.mccall.4493-8084@example.invalid,+1-602-555-0190,31916 Perry Trail,Northhaven,OR,73829,United States,Customer Referral,2023-01-14T09:22:18Z,0,001CAfL4eM9INwqAJY,
003gZ0yj4Y8MCukIR4,Jason,Cantrell,Jason B. Cantrell,Engineering Manager,Finance,jason.cantrell.5280-8691@example.invalid,+1-272-555-0182,1489 Stevens Divide,Summit Glen,NC,26586,United States,Organic Search,2026-02-07T14:49:38Z,0,001b6L8DlV1y2PzQXZ,
003SNTAIPWCZnzoI9V,Luis,Sanders,Luis T. Sanders,Customer Success Manager,Marketing,luis.sanders.4580-2305@example.invalid,+1-703-555-0136,15582 Stacy Point,Cedar Crossing,CO,71693,United States,Web,2021-11-03T01:07:06Z,0,,
003YZpvgC5K9NR7Q9J,Johnathan,Hernandez,Johnathan T. Hernandez,Finance Manager,Procurement,johnathan.hernandez.8796-2635@example.invalid,+1-277-555-0127,35332 Antonio Estates,Summit Glen,NC,96866,United States,Outbound,2021-02-17T03:56:40Z,0,001rfSg90dRC6Q8Q6D,003yknTCKQ7DUgUYC8
0031zbyaheQNtduA6P,Daniel,Phillips,Daniel J. Phillips,Solutions Architect,Sales,daniel.phillips.1358-1219@example.invalid,+1-711-555-0197,3545 Ballard Way,Lake Briar,CA,96948,United States,Customer Referral,2021-08-12T08:15:06Z,0,001LInXZfFVYqWIIEB,
003dCwB44DHL6noALE,Sierra,Phillips,Sierra L. Phillips,Operations Lead,Marketing,sierra.phillips.7244-8482@example.invalid,+1-603-555-0146,042 Thomas Ridge,Lake Briar,CO,11217,United States,Web,2024-01-31T14:56:01Z,0,001Ts4G5LvwmAxUY42,
003EdqvrfithaEvY5M,Jason,Lee,Jason L. Lee,Customer Success Manager,Marketing,jason.lee.7644-2243@example.invalid,+1-413-555-0163,82998 Briana View,Cedar Crossing,MA,53009,United States,Partner Referral,2023-08-01T04:21:26Z,0,001jsWcaI2ueqNkQ4J,
003ar0bTD0EAavSI18,Jeremy,Mendoza,Jeremy B. Mendoza,Solutions Architect,Procurement,jeremy.mendoza.0478-9308@example.invalid,+1-212-555-0152,468 Christian Squares,Willow Harbor,WA,13213,United States,Partner Referral,2023-02-24T14:20:54Z,0,0019laP52dnqWh3AF4,
003UGv6TgrJ2iwnIYY,Christy,Chandler,Christy M. Chandler,Product Manager,Procurement,christy.chandler.2361-8855@example.invalid,+1-271-555-0150,091 Nicolas Circles,Willow Harbor,TX,21998,United States,Web,2024-03-04T10:56:35Z,0,001QKXzpetMVAmPQBV,
003Q4yaHT7fFyqtQED,Julia,Hill,Julia H. Hill,Finance Manager,Finance,julia.hill.8487-8849@example.invalid,+1-311-555-0156,4394 Welch Flat,Willow Harbor,WA,61421,United States,Partner Referral,2021-02-17T02:20:32Z,0,0013e2Rh2QW4yB5YBM,
003KMIv36mAkfsUY6C,Tracey,Hunter,Tracey A. Hunter,Solutions Architect,Marketing,tracey.hunter.6645-9668@example.invalid,+1-773-555-0150,0464 Morris Court,Alder Bay,OR,99032,United States,Partner Referral,2021-09-15T05:27:09Z,0,0011Ah4A4sWSLAjA4O,
003D0Bdf1C14kvBQQ7,Randall,Robinson,Randall J. Robinson,Solutions Architect,Procurement,randall.robinson.5321-472@example.invalid,+1-205-555-0159,7709 Moore Parkways,Summit Glen,OR,69730,United States,Partner Referral,2023-11-10T00:07:21Z,0,001vXGsLaTZksTjQHC,003xFiI7qMgIrtWQNK
003e0SfTKu9YWGpAJN,Timothy,Clark,Timothy M. Clark,Finance Manager,Marketing,timothy.clark.4076-0359@example.invalid,+1-905-555-0165,3120 Coffey Turnpike,Northhaven,MA,83112,United States,Outbound,2026-06-03T06:20:54Z,0,001lUr971GtA6wXYCT,
003VZ91E2HD5eLsYOI,Amy,Beard,Amy A. Beard,Finance Manager,Marketing,amy.beard.0309-5631@example.invalid,+1-771-555-0157,00485 Chandler Coves,Summit Glen,WA,69605,United States,Partner Referral,2022-02-13T21:23:56Z,0,001veU1rKvNzbBRQ2J,
003pcRlDe14IHILAL9,Katelyn,Shea,Katelyn R. Shea,Customer Success Manager,Finance,katelyn.shea.8017-6004@example.invalid,+1-777-555-0119,987 Bryan Ville,Cedar Crossing,WA,47043,United States,Outbound,2025-01-03T23:13:09Z,0,001ZIcBit9DhXpUAPA,
003hkqtZj39QBZ5I7S,Angela,Morales,Angela C. Morales,Finance Manager,Operations,angela.morales.5149-6002@example.invalid,+1-205-555-0120,001 Fred Fords,Lake Briar,OR,14511,United States,Event,2024-10-29T11:38:30Z,0,001vuI7W5NKUSqVAGG,
003Fz3E1XnVmgSjI0K,Blake,Williams,Blake B. Williams,Solutions Architect,Sales,blake.williams.7474-7823@example.invalid,+1-771-555-0110,28074 Lee Flats,Willow Harbor,WA,79866,United States,Organic Search,2021-03-29T19:58:00Z,0,001YbEX62vgcJCrQQH,
003g7AU7q2TNRQkY25,Laurie,Austin,Laurie M. Austin,Finance Manager,Engineering,laurie.austin.3890-2960@example.invalid,+1-701-555-0175,815 Rogers Plaza,Cedar Crossing,CO,51313,United States,Customer Referral,2026-04-16T05:34:07Z,0,001oPLQgL6DtzXuQJ9,
0038rexBEcSCxEDQ0Q,Karina,Roberts,Karina P. Roberts,Operations Lead,Marketing,karina.roberts.6748-8592@example.invalid,+1-711-555-0153,91726 Hampton Shoal,Willow Harbor,TX,76135,United States,Organic Search,2025-01-02T00:36:45Z,0,001WPEcjxhamiNXYYJ,003NSNqWcJh2Q74I73
0038V7IakFPVqzGYFB,Samantha,Martin,Samantha S. Martin,Operations Lead,Sales,samantha.martin.5342-6392@example.invalid,+1-915-555-0178,14644 Christopher Gateway,Lake Briar,WA,54706,United States,Organic Search,2022-08-09T17:00:36Z,0,001pTLwbTFSx0AVIHA,
003idhGDkUxRGS2AJB,Nicole,Ruiz,Nicole C. Ruiz,Product Manager,Engineering,nicole.ruiz.2934-6681@example.invalid,+1-402-555-0194,6964 Bryce Keys,Summit Glen,CA,63716,United States,Partner Referral,2024-05-13T09:42:36Z,0,001oPLQgL6DtzXuQJ9,
003OiBN34GSDT6gA97,David,Johnson,David P. Johnson,Solutions Architect,Finance,david.johnson.3630-346@example.invalid,+1-307-555-0128,522 Cody Divide,Alder Bay,CA,58025,United States,Web,2023-10-17T23:14:55Z,0,0014BI0PTpGJAb4ICJ,
0036bmqoQnfpwNgQ2A,David,Howard,David P. Howard,Engineering Manager,Operations,david.howard.8248-1176@example.invalid,+1-275-555-0104,744 Perkins Canyon,Summit Glen,WA,76360,United States,Customer Referral,2025-01-26T00:05:38Z,0,001CWFhyR8QJd16AFG,003x9vuXY519gdVI3G
003iGzeGq7EA63fI29,Nathaniel,Carter,Nathaniel J. Carter,Product Manager,Finance,nathaniel.carter.4623-368@example.invalid,+1-905-555-0176,2362 Morgan Pass,Lake Briar,WA,72721,United States,Web,2024-11-20T01:14:23Z,0,001ZmXb9rhCguMsYOS,
0035IMKESbbHIf2QVT,Joseph,Oliver,Joseph P. Oliver,Business Analyst,Procurement,joseph.oliver.8378-8943@example.invalid,+1-612-555-0176,424 Giles Mills,Lake Briar,NC,35457,United States,Web,2025-10-20T18:41:05Z,1,001TgK7Trt797foQCB,
0036ewYutDgEhRaY0N,Frank,Frazier,Frank J. Frazier,Operations Lead,Finance,frank.frazier.9203-1451@example.invalid,+1-615-555-0123,7845 Steven Freeway,Willow Harbor,CA,69866,United States,Web,2023-05-26T03:22:06Z,0,001MVhM44DqZNFnI35,
0031PbPhiAJ3AnlAQK,Carol,Martinez,Carol D. Martinez,Solutions Architect,Procurement,carol.martinez.2123-6113@example.invalid,+1-373-555-0137,0455 Anthony Brooks,Summit Glen,CO,89469,United States,Outbound,2022-04-16T19:51:26Z,0,001aRI7kJhlvTf0QY9,
003BxZ4Uth45BW7IYN,Luis,Burgess,Luis J. Burgess,Solutions Architect,Operations,luis.burgess.8131-4966@example.invalid,+1-412-555-0100,565 Sandra Lodge,Northhaven,CO,85722,United States,Web,2023-03-16T20:49:53Z,0,0016bs349lxRsmUQ0V,
003507nviaq9YjZANF,Molly,Brown,Molly J. Brown,Solutions Architect,Procurement,molly.brown.7991-8726@example.invalid,+1-613-555-0158,148 Barnes Road,Lake Briar,OR,22542,United States,Organic Search,2021-10-28T08:04:22Z,0,001ZX951OeRh6EHIOJ,
003hwzFQgXim37nIRE,Melanie,Ross,Melanie A. Ross,Product Manager,Operations,melanie.ross.2772-4049@example.invalid,+1-702-555-0180,445 Jeff Glen,Willow Harbor,NC,94948,United States,Customer Referral,2025-08-27T06:23:33Z,0,001JM45YOxOPMdeQIO,
003yVp6izS539etYWB,Daniel,Ortiz,Daniel T. Ortiz,Customer Success Manager,Engineering,daniel.ortiz.9735-5935@example.invalid,+1-412-555-0126,96058 Gomez Common,Cedar Crossing,TX,39628,United States,Outbound,2021-03-30T14:34:27Z,0,001wp2Q6PkIMrfFY6U,
0034EVtFHrdogVcQRN,Michael,Powell,Michael K. Powell,Account Director,Operations,michael.powell.5801-3511@example.invalid,+1-217-555-0174,2860 Todd Lock,Willow Harbor,CA,11303,United States,Web,2024-11-30T02:15:14Z,0,0014BI0PTpGJAb4ICJ,
003T3d2WiwNdnVdQCD,Brandon,Edwards,Brandon R. Edwards,Product Manager,Procurement,brandon.edwards.8827-9107@example.invalid,+1-707-555-0155,44806 Crystal Greens,Alder Bay,OR,27699,United States,Web,2025-01-31T23:30:26Z,0,001X5lK5MbsgblUIV7,
003I2WoSMJ9De4LAQW,Christopher,Brandt,Christopher R. Brandt,Customer Success Manager,Engineering,christopher.brandt.8716-8538@example.invalid,+1-371-555-0192,6169 Larry Skyway,Alder Bay,CO,55973,United States,Organic Search,2023-07-06T11:53:08Z,0,001d6L0YO7RdZlqYEZ,003M3eXH0NFA7aZQ76
003YGDgi4wpYkizA4I,Kim,Drake,Kim C. Drake,Solutions Architect,Procurement,kim.drake.2286-2142@example.invalid,+1-473-555-0186,2372 Sanders Grove,Summit Glen,CA,69835,United States,Customer Referral,2023-09-26T23:10:09Z,0,0014BI0PTpGJAb4ICJ,
003WzLfPfvskzvPQNP,Patricia,Morris,Patricia M. Morris,Operations Lead,Procurement,patricia.morris.7791-2148@example.invalid,+1-777-555-0186,272 Richard Highway,Lake Briar,CO,34807,United States,Event,2026-04-16T10:53:32Z,0,001rLqfAY4OfLS1QF8,0039eRjyiv8I347AFD
003BskLh21cVrRtYUX,Alexander,Franklin,Alexander S. Franklin,Finance Manager,Engineering,alexander.franklin.3294-2818@example.invalid,+1-477-555-0163,833 Williams Flats,Lake Briar,NC,88955,United States,Customer Referral,2023-10-12T23:41:29Z,0,,
003wMki5NXaC5XLQWK,Matthew,Brown,Matthew S. Brown,Engineering Manager,Customer Success,matthew.brown.0181-1789@example.invalid,+1-275-555-0148,93604 Russo River,Willow Harbor,WA,17559,United States,Web,2023-09-05T02:54:53Z,1,0012tOpQ4NIa7RbIUI,
003HvUWqBdPshygIG5,Patrick,Miranda,Patrick S. Miranda,Account Director,Marketing,patrick.miranda.3609-4473@example.invalid,+1-402-555-0124,6293 Shelby Street,Alder Bay,NC,49007,United States,Partner Referral,2023-09-15T14:43:28Z,1,001oPLQgL6DtzXuQJ9,
003M6FZ9rsV26aRAG1,Adrian,Cobb,Adrian R. Cobb,Product Manager,Engineering,adrian.cobb.0505-5555@example.invalid,+1-771-555-0110,2445 Jacob Lake,Willow Harbor,CA,29489,United States,Organic Search,2025-04-15T14:10:17Z,0,001BjMFM5mN692fQ0D,
003PqTNOtJn4TpHQUO,Gregory,Simmons,Gregory W. Simmons,Engineering Manager,Customer Success,gregory.simmons.6080-3959@example.invalid,+1-307-555-0175,16516 Amy Extensions,Lake Briar,CO,82272,United States,Partner Referral,2022-09-28T17:30:10Z,0,001j6nRokzRlCs1Y07,
003feWpK26aaSYyI7B,Amanda,Parker,Amanda A. Parker,Business Analyst,Customer Success,amanda.parker.4752-3810@example.invalid,+1-772-555-0171,191 Mcpherson Isle,Alder Bay,NC,10061,United States,Event,2025-10-24T05:54:25Z,0,001sAtRqmoa84s0IBV,003o1twgPhDKJpDA65
003PtuFiIM0PAx5YGL,Christina,Espinoza,Christina A. Espinoza,Product Manager,Procurement,christina.espinoza.9015-7884@example.invalid,+1-372-555-0143,4995 Melanie Freeway,Willow Harbor,WA,65597,United States,Customer Referral,2025-07-09T19:38:38Z,1,001paldePwcfVa7AJJ,
003GYnV08J7wbZUY7G,Leslie,Gardner,Leslie C. Gardner,Finance Manager,Finance,leslie.gardner.3812-0422@example.invalid,+1-772-555-0171,19738 Elizabeth Well,Summit Glen,MA,90751,United States,Web,2021-04-27T04:23:47Z,0,001qn0PeVSegyj1AFD,
003PqbGzdOWzt2KAYH,Adam,Davis,Adam A. Davis,Account Director,Finance,adam.davis.0722-8355@example.invalid,+1-377-555-0119,431 Mccarty Rapids,Summit Glen,OR,77885,United States,Web,2026-03-08T02:16:24Z,0,001LInXZfFVYqWIIEB,
003e9SO55KcgAKPQ5C,Chris,Montgomery,Chris J. Montgomery,Finance Manager,Operations,chris.montgomery.0350-483@example.invalid,+1-617-555-0181,945 Glenn Passage,Northhaven,MA,72483,United States,Customer Referral,2024-01-28T02:41:42Z,1,001FUJDI7PYzDeCQBR,
003BG6JQjrARVNaY8T,Carrie,Krueger,Carrie S. Krueger,Business Analyst,Operations,carrie.krueger.3221-4307@example.invalid,+1-607-555-0129,7461 Garcia Views,Summit Glen,CA,36898,United States,Event,2022-06-13T08:42:59Z,0,001cnLEQk5pZMibQH2,
003zYC4U9R4RXjeQVK,Rebecca,Klein,Rebecca R. Klein,Solutions Architect,Marketing,rebecca.klein.8236-3467@example.invalid,+1-972-555-0173,9729 Griffin Divide,Alder Bay,OR,33074,United States,Event,2026-05-04T06:40:44Z,0,0013e2Rh2QW4yB5YBM,
003w5XxoufbDRWEAC2,Christopher,Brown,Christopher S. Brown,Account Director,Engineering,christopher.brown.0178-9738@example.invalid,+1-472-555-0108,46161 Mccarthy Plains,Northhaven,OR,87133,United States,Organic Search,2024-08-20T08:29:37Z,0,001Jvw3QmMMOMA2IAG,
003KlL8x92ZcLhpI0V,Natasha,Padilla,Natasha D. Padilla,Business Analyst,Sales,natasha.padilla.7409-8133@example.invalid,+1-412-555-0142,038 Lucas Estates,Cedar Crossing,NC,62871,United States,Web,2026-01-07T21:38:21Z,0,001W0PnXXJdO3tsYE6,003S0DpUcGyn83CIFX
0036ZO11O9MlwGGARL,Andrew,Pierce,Andrew M. Pierce,Product Manager,Operations,andrew.pierce.4073-4164@example.invalid,+1-777-555-0157,922 Marquez Square,Alder Bay,OR,91090,United States,Partner Referral,2024-12-30T09:51:13Z,0,001tvKQbYklnB9tY2P,
003kx8Da65rG4utQA5,Rita,Myers,Rita A. Myers,Business Analyst,Finance,rita.myers.6105-6154@example.invalid,+1-777-555-0149,630 Padilla Pike,Summit Glen,CA,62915,United States,Web,2021-02-03T09:21:00Z,0,0011Ah4A4sWSLAjA4O,
003GdKhTzjSREBgY71,Adam,Gross,Adam D. Gross,Customer Success Manager,Finance,adam.gross.9432-1000@example.invalid,+1-417-555-0147,7404 Stacy Land,Summit Glen,MA,70146,United States,Customer Referral,2025-01-05T07:05:18Z,0,001veU1rKvNzbBRQ2J,
003Opp7EzYrmGuJICT,April,Garcia,April R. Garcia,Engineering Manager,Operations,april.garcia.9316-5228@example.invalid,+1-907-555-0116,1940 Jackson Union,Northhaven,MA,14783,United States,Partner Referral,2022-02-09T22:43:14Z,0,001glCFlySRS0fOQ6X,
003oU1JTOqxuCm1QUN,Donna,Ingram,Donna D. Ingram,Solutions Architect,Engineering,donna.ingram.5935-0117@example.invalid,+1-703-555-0113,05548 Park Cape,Summit Glen,NC,81124,United States,Organic Search,2022-06-26T17:52:11Z,0,001WiF4egJw4fFCI62,
0037Bsg2Pb6hce1Y60,Angelica,Chavez,Angelica P. Chavez,Business Analyst,Customer Success,angelica.chavez.6240-1881@example.invalid,+1-913-555-0101,501 Kevin Glens,Lake Briar,OR,22895,United States,Organic Search,2023-07-26T07:41:33Z,0,001PygtS3FHgKj8Q8G,003QfRPBunwS0dvYKE
003GZQSQ6TYGmpEANF,Christine,Ortega,Christine A. Ortega,Business Analyst,Finance,christine.ortega.2299-7006@example.invalid,+1-605-555-0180,3333 Wilkerson Way,Willow Harbor,NC,22702,United States,Partner Referral,2025-04-21T06:18:42Z,1,001qP46mGWsPnuOQ5R,
003plVd4vJoJbCjYVJ,John,Smith,John D. Smith,Engineering Manager,Customer Success,john.smith.9936-3993@example.invalid,+1-902-555-0157,341 Vega Streets,Alder Bay,OR,60486,United States,Web,2021-03-22T11:46:01Z,0,001Ivgehi2RhpxmIXK,
003NXZKYOFwb6QGYGI,Gabriel,Pennington,Gabriel G. Pennington,Account Director,Finance,gabriel.pennington.3030-3515@example.invalid,+1-377-555-0163,7811 Amy Circle,Alder Bay,WA,52695,United States,Customer Referral,2023-01-29T05:31:04Z,0,0012iTFLPNf13nhYPM,
003ZMBiyO8IXgHCQ3U,Michelle,Townsend,Michelle J. Townsend,Business Analyst,Customer Success,michelle.townsend.3141-4323@example.invalid,+1-411-555-0192,354 Benson Pike,Willow Harbor,NC,78792,United States,Customer Referral,2021-12-19T06:19:02Z,0,001PygtS3FHgKj8Q8G,003n9nNoJEKxdFMAXC
003YqooDEA6F92hACU,Stephen,Jackson,Stephen M. Jackson,Account Director,Procurement,stephen.jackson.7361-851@example.invalid,+1-973-555-0154,039 Wang Dam,Northhaven,CO,28008,United States,Outbound,2021-10-04T03:31:47Z,0,001JM45YOxOPMdeQIO,
003Oezkqulk6ewjQIA,Monique,Jones,Monique P. Jones,Solutions Architect,Engineering,monique.jones.4565-6357@example.invalid,+1-913-555-0109,923 Kelley Stream,Summit Glen,CO,34328,United States,Outbound,2022-08-16T17:06:09Z,0,0012lorIPC5zJvCYYX,
003kupt4Om476CLIIA,Elizabeth,Reilly,Elizabeth A. Reilly,Engineering Manager,Procurement,elizabeth.reilly.0433-4244@example.invalid,+1-715-555-0106,775 Dennis Tunnel,Northhaven,TX,62737,United States,Event,2025-07-06T22:24:13Z,0,0014xFF5q1fi7GwQMP,
003t69nGwXnU10oIEM,Rodney,Douglas,Rodney B. Douglas,Account Director,Finance,rodney.douglas.6930-0767@example.invalid,+1-911-555-0182,70079 Carrillo Shoal,Cedar Crossing,NC,29434,United States,Organic Search,2024-05-23T01:08:53Z,0,001BAfwqbwr0TsUA0T,
003q9AnRoEhLwgSQH8,Alex,Rowe,Alex D. Rowe,Business Analyst,Procurement,alex.rowe.9880-5461@example.invalid,+1-903-555-0139,956 Sanders Circles,Alder Bay,CA,79437,United States,Partner Referral,2023-09-03T10:52:52Z,0,0014xFF5q1fi7GwQMP,
003HetJKvxaCYFBY9Y,Melinda,Smith,Melinda N. Smith,Finance Manager,Engineering,melinda.smith.7045-416@example.invalid,+1-411-555-0158,557 Sharp Islands,Summit Glen,CA,64469,United States,Event,2025-05-30T08:21:01Z,0,001LDvrdIgxRUc4IID,
003YnlgXXJ3fs0AQB3,Maria,Wilson,Maria C. Wilson,Solutions Architect,Sales,maria.wilson.7172-4445@example.invalid,+1-905-555-0172,9795 Melanie Plains,Alder Bay,CA,47749,United States,Outbound,2021-02-03T22:22:07Z,0,001vuI7W5NKUSqVAGG,
003Gqj5HefvdveDABM,Ashley,Jones,Ashley S. Jones,Solutions Architect,Procurement,ashley.jones.0998-6601@example.invalid,+1-475-555-0183,23802 Baker Viaduct,Willow Harbor,OR,70388,United States,Partner Referral,2025-12-20T23:34:45Z,0,001b9Ubd6IpdBJKANL,
003VUrTw6K70lfQQSF,William,Martin,William B. Martin,Product Manager,Sales,william.martin.2128-0878@example.invalid,+1-603-555-0146,358 Duncan Road,Cedar Crossing,OR,67373,United States,Event,2024-04-21T16:22:21Z,0,001jsWcaI2ueqNkQ4J,
0039rEoLX65XSqVAZH,Johnny,Anderson,Johnny J. Anderson,Business Analyst,Sales,johnny.anderson.9142-9421@example.invalid,+1-311-555-0140,14963 Rodney Burg,Willow Harbor,NC,86558,United States,Organic Search,2024-08-11T09:19:32Z,0,0018wiQDxKxpFvLYGU,
0039gRxdPvbNjbfQD2,Carol,Mcclure,Carol T. Mcclure,Customer Success Manager,Customer Success,carol.mcclure.3103-9682@example.invalid,+1-601-555-0111,42084 Nancy Ferry,Northhaven,TX,66528,United States,Event,2022-10-24T05:02:27Z,0,001UFuHNhHx2c9ZQQ9,
003viysww6RaIvgAR3,Teresa,Watson,Teresa T. Watson,Engineering Manager,Marketing,teresa.watson.1300-4424@example.invalid,+1-271-555-0185,606 Rebekah Manors,Summit Glen,MA,68464,United States,Web,2026-04-14T00:07:00Z,0,0016z7B3rnZB3aZYDJ,003PaYsXugG26EiIWS
0039IYcMkc2rU2rIBM,Janice,Garcia,Janice M. Garcia,Business Analyst,Marketing,janice.garcia.1129-8969@example.invalid,+1-913-555-0134,156 Harper Mews,Alder Bay,CO,69084,United States,Customer Referral,2023-02-23T18:17:09Z,0,001rpVRMvKUYUnZQWY,
003Phi9zbJ7WeU2AYI,Miguel,Woods,Miguel B. Woods,Business Analyst,Finance,miguel.woods.4390-2261@example.invalid,+1-275-555-0166,438 Ho Shore,Summit Glen,CA,91889,United States,Organic Search,2021-05-30T23:30:11Z,0,001ygA3FAG75gTTAXO,003lesXU7uXxsjtYHT
003HfRHZstikM70IAV,James,Maxwell,James R. Maxwell,Finance Manager,Procurement,james.maxwell.1922-2829@example.invalid,+1-973-555-0169,33143 Joshua Roads,Summit Glen,WA,53936,United States,Organic Search,2023-05-06T08:56:35Z,0,001TgK7Trt797foQCB,
003rtUMibap5lyBYSD,Margaret,Graham,Margaret L. Graham,Account Director,Customer Success,margaret.graham.7197-5869@example.invalid,+1-911-555-0179,20448 Hopkins Stravenue,Willow Harbor,CO,59927,United States,Outbound,2023-07-03T23:27:22Z,0,001UFuHNhHx2c9ZQQ9,
0035SOW38y1od8zIJW,Sharon,Ellis,Sharon K. Ellis,Operations Lead,Customer Success,sharon.ellis.3775-6145@example.invalid,+1-602-555-0152,83137 Lowe Fords,Alder Bay,CA,51356,United States,Outbound,2025-10-03T21:19:21Z,0,001dbHSEev61SnuI4N,
003HWzfY8Kkbu7SA6F,Chelsea,Warner,Chelsea J. Warner,Product Manager,Engineering,chelsea.warner.6621-928@example.invalid,+1-613-555-0135,2979 Tran Heights,Summit Glen,MA,40128,United States,Event,2021-03-12T06:16:57Z,0,001X50Bqc5cThUtYIX,
003kxeIbYRarc1MYRV,Miranda,Thompson,Miranda R. Thompson,Engineering Manager,Operations,miranda.thompson.9580-8601@example.invalid,+1-915-555-0131,0113 Scott Rest,Lake Briar,CA,82385,United States,Web,2025-11-30T22:18:35Z,0,001vuI7W5NKUSqVAGG,
003ASaHRefQaSKZQ23,Jeremy,Vargas,Jeremy D. Vargas,Business Analyst,Procurement,jeremy.vargas.5290-4058@example.invalid,+1-673-555-0185,2175 Hall Glens,Lake Briar,WA,43439,United States,Outbound,2022-12-29T17:56:33Z,0,001b6L8DlV1y2PzQXZ,
003tg75f77ILFFoADI,Amanda,Mendoza,Amanda L. Mendoza,Product Manager,Finance,amanda.mendoza.5397-0567@example.invalid,+1-903-555-0197,78421 Sheila Courts,Summit Glen,WA,85264,United States,Web,2021-05-05T22:14:22Z,0,,
003bYmDBFVRb9zYI4J,Sarah,Haley,Sarah S. Haley,Solutions Architect,Engineering,sarah.haley.5934-749@example.invalid,+1-977-555-0126,38341 Keith Dam,Cedar Crossing,CO,17283,United States,Event,2023-08-09T05:25:08Z,0,001r2Zt5bJoZh5cI46,
003w3bFh9tGTwKJIHB,Alejandro,Carter,Alejandro K. Carter,Account Director,Customer Success,alejandro.carter.7735-5406@example.invalid,+1-975-555-0170,2108 Moon Field,Cedar Crossing,WA,44943,United States,Outbound,2025-03-12T21:49:35Z,0,0014BI0PTpGJAb4ICJ,
0031DLg0S7g7YETAC1,Karen,Winters,Karen A. Winters,Business Analyst,Procurement,karen.winters.8032-7419@example.invalid,+1-377-555-0163,942 Tyler Station,Willow Harbor,CA,61518,United States,Event,2023-09-20T21:32:42Z,1,001Ivgehi2RhpxmIXK,
003Sh09bvvT7XGaARZ,Leah,Marshall,Leah R. Marshall,Business Analyst,Customer Success,leah.marshall.9934-2325@example.invalid,+1-305-555-0188,00917 Daniel Fields,Summit Glen,OR,60795,United States,Outbound,2021-11-19T01:30:27Z,0,0011erzQJKIYYG5AUC,
003KE8zYLIMXkNaA5E,Heidi,Rivera,Heidi H. Rivera,Business Analyst,Marketing,heidi.rivera.3263-3538@example.invalid,+1-973-555-0154,1982 Hubbard Harbors,Willow Harbor,CO,48914,United States,Web,2025-07-10T03:44:59Z,0,001DTfDp9zxDPNhAA2,
003zZN7kTdFUNzWQF9,Amy,Thompson,Amy J. Thompson,Business Analyst,Customer Success,amy.thompson.1309-3954@example.invalid,+1-901-555-0169,0277 Brown Shores,Cedar Crossing,WA,80405,United States,Partner Referral,2025-07-31T01:43:46Z,0,001jIiXAhBEHXIPYQP,
003bjmexEjHdelBYO6,Christopher,Espinoza,Christopher D. Espinoza,Customer Success Manager,Finance,christopher.espinoza.3507-8448@example.invalid,+1-671-555-0131,3021 Brittany Club,Willow Harbor,TX,62472,United States,Web,2025-08-12T05:12:27Z,0,0014WYoiYbOMlUgQDX,
0032p8oun2P6EjWAXK,Kathleen,Howard,Kathleen N. Howard,Account Director,Finance,kathleen.howard.6207-7805@example.invalid,+1-702-555-0119,52292 Campbell Unions,Cedar Crossing,OR,53844,United States,Web,2022-10-27T01:56:55Z,0,0018MjZShtig55PAG6,
0039s3Fuj3bESMbIKS,Laurie,Rojas,Laurie R. Rojas,Engineering Manager,Marketing,laurie.rojas.0449-7097@example.invalid,+1-602-555-0153,6676 Gary Square,Cedar Crossing,CO,38759,United States,Web,2024-02-11T20:13:13Z,0,001OPCPaC5KbkUKAXY,
003Ebyf4RdrLjZzA2S,Benjamin,Alexander,Benjamin C. Alexander,Engineering Manager,Sales,benjamin.alexander.4231-0129@example.invalid,+1-701-555-0150,1960 Kelly Terrace,Cedar Crossing,TX,54454,United States,Customer Referral,2023-11-27T11:45:54Z,0,001AMEsWafm37CDYG9,
003y9k3H6fcFxwqAZR,Robert,Richard,Robert C. Richard,Business Analyst,Operations,robert.richard.1843-4225@example.invalid,+1-315-555-0108,3790 Monroe Burg,Alder Bay,CA,11497,United States,Organic Search,2024-10-21T02:59:41Z,0,001oPLQgL6DtzXuQJ9,
003uj6JdiPEpXDnQEW,Mark,Reed,Mark M. Reed,Operations Lead,Procurement,mark.reed.3794-9648@example.invalid,+1-902-555-0157,5684 Mercado Pines,Northhaven,MA,34909,United States,Event,2021-07-04T18:51:52Z,1,001KQsenOWHB4fuQM5,
0031s7LUXltdzj8IBZ,Shelia,Cook,Shelia S. Cook,Engineering Manager,Marketing,shelia.cook.4928-4234@example.invalid,+1-672-555-0167,999 Steven Extension,Northhaven,OR,63973,United States,Outbound,2025-03-16T22:07:56Z,0,001UztNJY1B3mZVQ88,003MBidwWTGRUHzYB4
003Tq49jYGnYlYbYDW,Vincent,Cooper,Vincent K. Cooper,Finance Manager,Customer Success,vincent.cooper.1274-5784@example.invalid,+1-771-555-0175,4197 Jennifer Village,Lake Briar,WA,56910,United States,Event,2022-04-23T19:51:53Z,0,0018haifivYezP7QUH,
003xcBn6fgJG8xkYE5,Brian,Espinoza,Brian J. Espinoza,Account Director,Finance,brian.espinoza.2001-8974@example.invalid,+1-205-555-0105,7908 Alvarez Square,Willow Harbor,TX,91118,United States,Event,2025-08-10T14:19:25Z,0,001IqN1uANorRv0AGO,
003cU8L4V0sTv4CYM8,Christopher,Scott,Christopher D. Scott,Solutions Architect,Operations,christopher.scott.6492-8051@example.invalid,+1-413-555-0111,325 James Way,Cedar Crossing,CA,30780,United States,Web,2024-08-05T01:35:17Z,0,0015fdr3n38vtS2Q4V,
003go4c3nStxcM3QTZ,Paul,Johnson,Paul R. Johnson,Customer Success Manager,Finance,paul.johnson.2482-4327@example.invalid,+1-412-555-0105,011 Jessica Port,Lake Briar,CA,76973,United States,Partner Referral,2024-02-27T02:40:27Z,0,,
0030e2mL8N1jKfuYES,Kristen,Kelly,Kristen M. Kelly,Account Director,Finance,kristen.kelly.1328-6947@example.invalid,+1-375-555-0112,1964 Rhonda Ramp,Cedar Crossing,OR,34536,United States,Partner Referral,2023-01-14T12:54:32Z,0,001wZQxrqs61HJWYCI,
003nb25tDIA7HSQIK8,Dennis,Jones,Dennis J. Jones,Product Manager,Engineering,dennis.jones.0043-5450@example.invalid,+1-901-555-0169,57595 Tonya Extension,Northhaven,TX,71201,United States,Outbound,2024-06-04T21:50:25Z,0,001aJFstC9yWgafQNG,
0034NCmMy0UiNHmQSI,Brooke,Jones,Brooke J. Jones,Solutions Architect,Finance,brooke.jones.4068-8447@example.invalid,+1-205-555-0117,676 Ramirez Path,Summit Glen,MA,21012,United States,Outbound,2021-07-19T05:30:57Z,0,001UFuHNhHx2c9ZQQ9,
003c7CDC0f01b8iY89,Rachel,Robertson,Rachel A. Robertson,Solutions Architect,Engineering,rachel.robertson.3057-5476@example.invalid,+1-313-555-0143,104 Martinez Mall,Cedar Crossing,CA,53961,United States,Organic Search,2025-05-03T15:25:35Z,0,0018MjZShtig55PAG6,
0039zPQ4xHnhcqGI7G,Kenneth,Salazar,Kenneth C. Salazar,Engineering Manager,Marketing,kenneth.salazar.4456-9102@example.invalid,+1-705-555-0147,3227 Simmons Islands,Summit Glen,WA,17611,United States,Outbound,2024-05-16T09:40:20Z,0,001qP46mGWsPnuOQ5R,
003P8SIJnQgB7lmILI,Eric,Hughes,Eric T. Hughes,Operations Lead,Operations,eric.hughes.6928-522@example.invalid,+1-311-555-0119,88232 Kevin Isle,Summit Glen,NC,53298,United States,Web,2024-01-05T06:26:53Z,0,00144eZON6YVcQJIGY,
003pRfElOlZFaFHQ2C,Deborah,Anderson,Deborah P. Anderson,Product Manager,Marketing,deborah.anderson.5057-0971@example.invalid,+1-413-555-0133,57701 Mcdowell Crescent,Summit Glen,TX,35706,United States,Partner Referral,2022-09-17T12:27:36Z,0,001Y94eVbSCMZThYRA,
003Jyxeap6vvFMFQUT,Kim,Davidson,Kim K. Davidson,Account Director,Operations,kim.davidson.8080-5287@example.invalid,+1-405-555-0165,750 Eaton Viaduct,Willow Harbor,OR,92177,United States,Customer Referral,2021-07-10T13:04:28Z,1,001KQsenOWHB4fuQM5,003S8wRLfGomGFCAY7
003dKp0K9sauzCCQXW,Kyle,Santos,Kyle T. Santos,Operations Lead,Engineering,kyle.santos.4842-7804@example.invalid,+1-775-555-0180,826 Sarah Well,Willow Harbor,OR,10777,United States,Event,2021-05-21T03:05:34Z,0,001Wabd306Y5T2XYBQ,
003BAhpAFoHtpVFAHE,Susan,Russo,Susan S. Russo,Operations Lead,Operations,susan.russo.5043-9452@example.invalid,+1-717-555-0143,06461 Shepard Parkways,Summit Glen,TX,18176,United States,Organic Search,2023-12-01T19:34:15Z,0,001mr80ElRqK1bZQVC,
003HkQ5HI74m9CBI69,Jerry,Green,Jerry C. Green,Engineering Manager,Marketing,jerry.green.2241-7202@example.invalid,+1-372-555-0138,45979 Jacob Union,Lake Briar,MA,63523,United States,Customer Referral,2021-10-05T23:04:19Z,0,001IGpX26HWSL0HQPY,
0033nvPqIBVsUj3Q2V,Eric,Smith,Eric E. Smith,Operations Lead,Procurement,eric.smith.5534-2549@example.invalid,+1-613-555-0129,866 Tiffany Meadows,Lake Briar,WA,86450,United States,Event,2024-02-02T12:45:36Z,0,001zC4hdWCH77CfYVC,
003sJSyYtqUzipCA70,Jesus,Hobbs,Jesus N. Hobbs,Solutions Architect,Finance,jesus.hobbs.5767-7125@example.invalid,+1-472-555-0184,287 Bailey Mountain,Lake Briar,MA,39636,United States,Organic Search,2022-09-14T07:53:17Z,0,001FzQ1Vu9hM4AsIVS,
003r5usRYFJKg66YET,Andrea,Smith,Andrea J. Smith,Finance Manager,Procurement,andrea.smith.7297-7302@example.invalid,+1-373-555-0124,45870 Jeffrey Court,Willow Harbor,WA,87042,United States,Event,2024-12-14T21:54:42Z,0,001XJBJ9looV3jVARS,
003ZDckJ3ln0ADXY1Q,Patrick,Olsen,Patrick R. Olsen,Solutions Architect,Engineering,patrick.olsen.3939-1790@example.invalid,+1-905-555-0137,35935 Robin Keys,Alder Bay,TX,84248,United States,Customer Referral,2024-03-31T03:08:35Z,0,001ZV3zN3f85rlSYDN,
003YKhyUZ3irYQMILZ,Diana,Robinson,Diana V. Robinson,Solutions Architect,Procurement,diana.robinson.1098-0364@example.invalid,+1-472-555-0187,7515 Randy Mill,Lake Briar,MA,62886,United States,Partner Referral,2022-06-23T00:29:56Z,0,001Fy7Iibsp9HpGQV5,
003KY5aV6QWmCdnYSA,Justin,Woodard,Justin C. Woodard,Business Analyst,Finance,justin.woodard.5065-7540@example.invalid,+1-271-555-0103,15685 Brandt Extension,Northhaven,OR,18841,United States,Partner Referral,2026-05-27T07:13:43Z,0,0012lorIPC5zJvCYYX,
003NJl2TkfPvKl4AUR,Brandi,Allen,Brandi N. Allen,Finance Manager,Sales,brandi.allen.6344-5249@example.invalid,+1-407-555-0108,398 Miller Skyway,Cedar Crossing,TX,32063,United States,Partner Referral,2023-02-24T13:44:01Z,0,001WRBucYD7svO6IN5,
003hR6TrgcBPOioAGZ,Lisa,Miller,Lisa R. Miller,Operations Lead,Finance,lisa.miller.5337-9810@example.invalid,+1-477-555-0181,3363 Marvin Street,Summit Glen,TX,36847,United States,Web,2025-11-20T04:44:51Z,0,,
003R375X0ukUtivI7U,Brian,Ray,Brian B. Ray,Finance Manager,Engineering,brian.ray.7859-5301@example.invalid,+1-703-555-0136,1068 Watson Wall,Summit Glen,WA,92065,United States,Web,2022-12-11T10:44:23Z,0,001O9pjOr1MPWQwQSK,
003lcwQRxprZpYMA25,Johnny,Hines,Johnny J. Hines,Solutions Architect,Operations,johnny.hines.3499-1465@example.invalid,+1-711-555-0183,208 Garcia Roads,Lake Briar,CA,63615,United States,Web,2026-02-04T11:19:23Z,0,001Z9FmqrbfBXeVI9A,
003wHhejZPlmq9eY75,Shawn,Harris,Shawn S. Harris,Finance Manager,Customer Success,shawn.harris.9959-8299@example.invalid,+1-272-555-0194,900 Wagner Light,Summit Glen,TX,75065,United States,Partner Referral,2021-05-28T03:03:59Z,0,001g6qzdBj5dugTI7C,
003DHT1BWwla1twQJQ,Tiffany,Barry,Tiffany L. Barry,Customer Success Manager,Engineering,tiffany.barry.4336-4826@example.invalid,+1-615-555-0142,175 Fisher Branch,Willow Harbor,MA,59508,United States,Organic Search,2021-01-06T08:38:15Z,0,001dVg5Hd2ux7OeY11,
003bnlV75OUk1OtQ61,Patricia,Turner,Patricia D. Turner,Solutions Architect,Customer Success,patricia.turner.0364-8769@example.invalid,+1-302-555-0141,749 Darrell Islands,Willow Harbor,CA,64988,United States,Event,2023-06-25T09:49:53Z,0,001lpuGrFmSTBnuY0M,
0034xXN6eTO5dm0ACL,Jason,Hurley,Jason W. Hurley,Customer Success Manager,Operations,jason.hurley.9804-0711@example.invalid,+1-915-555-0183,54836 Amanda Ways,Cedar Crossing,TX,47940,United States,Partner Referral,2024-01-30T08:59:23Z,0,001Y94eVbSCMZThYRA,
003oKqkfdIU5Q4AYTI,Christopher,Hooper,Christopher L. Hooper,Engineering Manager,Customer Success,christopher.hooper.5384-9826@example.invalid,+1-375-555-0112,212 Whitehead Pass,Alder Bay,WA,57651,United States,Partner Referral,2025-01-04T22:11:49Z,0,001TtyIW37HieQzYDX,
003JZjgTCA78gcOID9,Ronald,Reynolds,Ronald P. Reynolds,Solutions Architect,Procurement,ronald.reynolds.3523-5222@example.invalid,+1-403-555-0125,1341 Matthew Garden,Willow Harbor,TX,88465,United States,Web,2021-04-07T01:07:45Z,0,001Z9FmqrbfBXeVI9A,
003HSSb269E8Oy0QZZ,Michael,Mendez,Michael M. Mendez,Engineering Manager,Finance,michael.mendez.1026-811@example.invalid,+1-912-555-0101,7744 Arthur Street,Summit Glen,CO,47244,United States,Outbound,2026-01-25T10:30:30Z,0,001jwyJdAibi4NHILF,
003FFuUDgFan9kJQQ3,Alexander,Smith,Alexander D. Smith,Account Director,Procurement,alexander.smith.6208-0336@example.invalid,+1-703-555-0111,31066 Campbell Mews,Willow Harbor,CO,18795,United States,Web,2025-01-25T12:02:27Z,0,001YrVA37VnfW7fIO3,
003jCwMF4uHgpQMAU4,Molly,Black,Molly J. Black,Customer Success Manager,Procurement,molly.black.4428-1490@example.invalid,+1-671-555-0123,461 Sarah Radial,Summit Glen,MA,15694,United States,Customer Referral,2024-04-25T02:17:08Z,0,001OphrQTgtGmAPIMC,
003lfTCNDHmobXYIMN,Jenny,Kidd,Jenny T. Kidd,Solutions Architect,Sales,jenny.kidd.7653-2821@example.invalid,+1-372-555-0118,0305 Jose Court,Northhaven,WA,97443,United States,Partner Referral,2024-10-25T16:03:55Z,0,001OphrQTgtGmAPIMC,
003RrRSggJEjfUiQAM,Christian,Weaver,Christian S. Weaver,Business Analyst,Finance,christian.weaver.7176-0573@example.invalid,+1-375-555-0167,3868 Ross Divide,Alder Bay,OR,27317,United States,Organic Search,2023-03-16T02:17:40Z,0,001KQsenOWHB4fuQM5,
0036yjsLkZjdCzzQXA,Todd,Turner,Todd S. Turner,Account Director,Marketing,todd.turner.4038-4497@example.invalid,+1-417-555-0150,20085 Larry Tunnel,Northhaven,OR,82493,United States,Partner Referral,2026-01-09T16:13:53Z,0,001tvKQbYklnB9tY2P,
0037pt2i2v3DJPZI3U,Laura,Lee,Laura K. Lee,Operations Lead,Customer Success,laura.lee.5122-3758@example.invalid,+1-703-555-0137,762 Katherine Tunnel,Willow Harbor,NC,88426,United States,Partner Referral,2022-01-30T04:32:52Z,0,001ltvwfHnMcdhbAJS,
003LsUD2wMm9ppCAJV,Ashley,Gardner,Ashley A. Gardner,Customer Success Manager,Sales,ashley.gardner.6707-2822@example.invalid,+1-417-555-0158,40496 Cindy Manor,Cedar Crossing,NC,83662,United States,Customer Referral,2023-10-10T04:25:27Z,0,001oPLQgL6DtzXuQJ9,
003zxV94KopBRNGACG,Peter,Vasquez,Peter D. Vasquez,Account Director,Sales,peter.vasquez.0423-3459@example.invalid,+1-677-555-0121,1219 Melissa Shoal,Summit Glen,TX,21282,United States,Outbound,2022-10-21T07:21:47Z,0,001LW8OXe6IEB5RAZR,003IVW7t4JubGXDYGE
00308VEAr9FPYWAQP1,Caroline,Reed,Caroline V. Reed,Customer Success Manager,Finance,caroline.reed.1614-5800@example.invalid,+1-377-555-0107,6594 Donna Walk,Willow Harbor,CA,50571,United States,Organic Search,2025-03-31T05:39:00Z,1,001X85qfzndbjPoIS1,
003mobYQ1E3b7XKY94,Joseph,Holt,Joseph S. Holt,Product Manager,Operations,joseph.holt.5494-3006@example.invalid,+1-317-555-0146,785 Murphy Squares,Lake Briar,NC,35638,United States,Web,2023-05-20T07:31:13Z,0,001gQSNxeXgntf7YR3,
003p3cVUtyPUKjfQZW,Jessica,Moran,Jessica D. Moran,Finance Manager,Procurement,jessica.moran.6237-0517@example.invalid,+1-605-555-0143,50945 Ponce Rue,Summit Glen,TX,20871,United States,Customer Referral,2023-08-16T10:49:29Z,0,001LInXZfFVYqWIIEB,
003vxHLuLpe3BlRIW4,Stephanie,Christian,Stephanie D. Christian,Operations Lead,Engineering,stephanie.christian.1356-3832@example.invalid,+1-212-555-0160,9399 Salazar Rapids,Northhaven,TX,73852,United States,Partner Referral,2023-07-18T02:43:57Z,0,001yvWhfz01vDWFY3M,
003WBEmY2DvUC0JQHN,Adrienne,Palmer,Adrienne B. Palmer,Solutions Architect,Sales,adrienne.palmer.0707-2515@example.invalid,+1-701-555-0129,86816 White Divide,Willow Harbor,MA,91160,United States,Outbound,2022-06-01T06:03:10Z,0,,
003PzJgZJXIJcYaQX7,Amy,Bennett,Amy L. Bennett,Finance Manager,Marketing,amy.bennett.2919-3721@example.invalid,+1-413-555-0111,42995 Amber Mountain,Willow Harbor,WA,40336,United States,Organic Search,2021-01-17T08:29:55Z,0,001INTCL5X3OptCYRO,
003OTMP0M0wQz2IYJ7,David,George,David B. George,Engineering Manager,Operations,david.george.4928-6525@example.invalid,+1-603-555-0105,8993 Antonio Forge,Lake Briar,MA,91234,United States,Customer Referral,2022-10-26T06:48:49Z,0,001CXiPlYrfwSgoQU2,
003jS8ktpH4HOfdQWH,George,Sloan,George J. Sloan,Engineering Manager,Sales,george.sloan.5616-2801@example.invalid,+1-901-555-0157,94063 Bonilla Falls,Northhaven,CA,38258,United States,Customer Referral,2025-02-26T13:15:53Z,0,001Ivgehi2RhpxmIXK,003SAwddqNhSfnkI6X
003xDSL78d613FFY1F,Jane,Munoz,Jane J. Munoz,Customer Success Manager,Sales,jane.munoz.7022-6784@example.invalid,+1-211-555-0129,0514 Lance Throughway,Willow Harbor,MA,26339,United States,Outbound,2022-05-19T15:45:11Z,0,001MfuiALipgsrAIEL,
003JkkGDfJBiVsFAOO,Sandra,Anderson,Sandra S. Anderson,Engineering Manager,Engineering,sandra.anderson.7518-622@example.invalid,+1-707-555-0116,4615 Joel Bypass,Northhaven,WA,34674,United States,Customer Referral,2023-10-16T20:00:54Z,0,001e9z8TRFaUOARQMA,0035gxrGVtkkQj1QHZ
003w6LD3KiJSnn4IOS,Mary,Hill,Mary D. Hill,Business Analyst,Procurement,mary.hill.5273-0056@example.invalid,+1-313-555-0130,120 Peterson Avenue,Willow Harbor,WA,32352,United States,Partner Referral,2022-06-14T09:04:23Z,0,00134kztbICJD2tYCZ,
003h6Iim0ZjrGUtAMN,Amy,Rodriguez,Amy E. Rodriguez,Operations Lead,Customer Success,amy.rodriguez.2181-0578@example.invalid,+1-377-555-0110,894 Wang Field,Alder Bay,CO,38868,United States,Organic Search,2021-02-19T15:21:21Z,0,0014BI0PTpGJAb4ICJ,
003wtYbi0p2g5IYIYU,Derek,Hernandez,Derek D. Hernandez,Product Manager,Operations,derek.hernandez.2050-5079@example.invalid,+1-312-555-0101,740 Caleb Views,Cedar Crossing,NC,71837,United States,Customer Referral,2025-08-31T11:26:15Z,0,001kIZzocnhLCvOQBW,
003dXy6e6uwVbwDIP6,Paul,Boone,Paul K. Boone,Finance Manager,Finance,paul.boone.7971-0453@example.invalid,+1-477-555-0186,505 Lin Points,Willow Harbor,WA,23533,United States,Customer Referral,2022-02-07T03:14:08Z,0,001wXq5LbckG7u9AEU,
003S1qgUUuYtj54QWN,Paul,Mcintosh,Paul L. Mcintosh,Solutions Architect,Engineering,paul.mcintosh.4568-179@example.invalid,+1-371-555-0192,70548 Torres Mountains,Summit Glen,NC,52159,United States,Partner Referral,2023-09-26T06:37:39Z,0,001DTfDp9zxDPNhAA2,
003CPm2NIWJNvE5QZ4,Rebecca,Rogers,Rebecca D. Rogers,Finance Manager,Engineering,rebecca.rogers.8822-5956@example.invalid,+1-207-555-0145,50590 Schneider Square,Lake Briar,WA,98699,United States,Customer Referral,2025-08-09T13:43:24Z,0,001FU3HbNYKm95BYPF,
003sSslBwo3YQeYYLF,Richard,Patterson,Richard R. Patterson,Operations Lead,Operations,richard.patterson.7593-1596@example.invalid,+1-705-555-0100,27647 Regina Trafficway,Alder Bay,CO,33690,United States,Organic Search,2023-06-01T04:15:42Z,1,0014R82l1szA1XtIMF,003bvE2J9FksLFEAKU
003Sfo0oZl7n5NiQ10,Amy,Ball,Amy M. Ball,Account Director,Finance,amy.ball.4039-8584@example.invalid,+1-977-555-0152,034 Robinson Flat,Alder Bay,NC,90391,United States,Partner Referral,2026-02-12T12:12:44Z,0,001yU1qilS2HtnNQUW,
003x2oHeNblehlIYHK,Sally,Robinson,Sally L. Robinson,Account Director,Marketing,sally.robinson.4690-3940@example.invalid,+1-615-555-0103,15438 Gibson Coves,Cedar Crossing,TX,71883,United States,Organic Search,2024-02-12T07:41:56Z,0,001IQen5JJcxOzsYOT,
003AE1RNP3U6USlI82,Emily,Hensley,Emily D. Hensley,Account Director,Engineering,emily.hensley.0066-4348@example.invalid,+1-701-555-0157,06562 Myers Plain,Alder Bay,NC,88186,United States,Organic Search,2022-10-04T07:06:58Z,0,001W0PnXXJdO3tsYE6,
003nsgeIHO1g0nDAA9,Billy,Williams,Billy S. Williams,Business Analyst,Customer Success,billy.williams.5423-5403@example.invalid,+1-917-555-0130,6484 Alisha Lock,Lake Briar,MA,79684,United States,Organic Search,2021-07-31T18:01:07Z,0,001MfuiALipgsrAIEL,
0034zSxLgVmoVOHI64,Nicole,Key,Nicole B. Key,Solutions Architect,Finance,nicole.key.2038-1395@example.invalid,+1-473-555-0186,78473 Parker Village,Northhaven,MA,92354,United States,Organic Search,2025-06-04T00:35:57Z,0,001BAfwqbwr0TsUA0T,
003S8nQsC9va6ppY6P,Joseph,Parker,Joseph B. Parker,Finance Manager,Procurement,joseph.parker.2307-6113@example.invalid,+1-312-555-0180,574 Allison Inlet,Willow Harbor,CA,60129,United States,Event,2024-02-08T19:17:41Z,0,001DLqMjZmJEMS7ID7,
003941DNldvTfMlASO,Daniel,Lewis,Daniel E. Lewis,Engineering Manager,Engineering,daniel.lewis.2837-5093@example.invalid,+1-911-555-0182,5519 Keith Land,Alder Bay,CA,47145,United States,Outbound,2022-11-03T01:09:48Z,0,001jIiXAhBEHXIPYQP,
003ibyqKksVRVY7QU1,Travis,Salazar,Travis M. Salazar,Customer Success Manager,Finance,travis.salazar.7649-031@example.invalid,+1-207-555-0193,6914 Everett Coves,Willow Harbor,OR,83286,United States,Outbound,2021-03-06T18:52:42Z,0,001Hbp8pEhElgRqIO2,
003lyIzGtcVNDvnIK6,Sheila,Henderson,Sheila C. Henderson,Engineering Manager,Sales,sheila.henderson.2074-3288@example.invalid,+1-375-555-0167,571 Berger Cove,Northhaven,CO,13709,United States,Outbound,2024-05-26T03:21:16Z,1,001o5vm8lqkBKW6I3B,
003y9R3yE5mQtv4Q0K,Tara,Moreno,Tara T. Moreno,Engineering Manager,Customer Success,tara.moreno.5007-7930@example.invalid,+1-615-555-0123,240 Ward Plains,Willow Harbor,CA,10753,United States,Outbound,2023-10-21T08:47:18Z,0,0012B0IsTb8G7BVAST,
003qDAhzS4CmnANAEB,Jessica,Johnston,Jessica C. Johnston,Business Analyst,Finance,jessica.johnston.0497-403@example.invalid,+1-913-555-0105,816 Moreno Walks,Summit Glen,CO,55512,United States,Event,2022-10-26T17:53:21Z,0,0018haifivYezP7QUH,
003N1gJ47YdD0WKY7U,Thomas,Malone,Thomas S. Malone,Customer Success Manager,Marketing,thomas.malone.1972-1134@example.invalid,+1-271-555-0136,3300 Trevor View,Alder Bay,NC,30521,United States,Organic Search,2021-12-31T11:05:06Z,0,0014xFF5q1fi7GwQMP,
003ORY9JKXMEQh7IXH,Joseph,Johnson,Joseph M. Johnson,Customer Success Manager,Customer Success,joseph.johnson.6806-8703@example.invalid,+1-613-555-0187,52265 Lawrence Center,Lake Briar,CO,48084,United States,Customer Referral,2023-01-10T12:42:19Z,0,001I4vmxErKOgEQQME,
003MHRJNGKOBfCDQ8Z,Anna,Moody,Anna C. Moody,Product Manager,Marketing,anna.moody.8633-3788@example.invalid,+1-371-555-0177,51431 Carter Turnpike,Summit Glen,TX,23738,United States,Organic Search,2024-10-19T14:23:53Z,0,001Nq19y9hHnEHcAPQ,
003frNYz28OdxhIQXF,Debra,Smith,Debra C. Smith,Engineering Manager,Sales,debra.smith.3407-3331@example.invalid,+1-912-555-0116,57993 Bradshaw Hills,Cedar Crossing,TX,29620,United States,Customer Referral,2024-09-17T07:38:41Z,0,001FU3HbNYKm95BYPF,
003wSv7u4ZYJvO1IUE,Dennis,Stewart,Dennis J. Stewart,Operations Lead,Customer Success,dennis.stewart.4837-0604@example.invalid,+1-917-555-0195,67665 Brown Common,Alder Bay,NC,59643,United States,Partner Referral,2024-11-21T07:07:25Z,0,001g2MhymLdN59YQJG,
0039hNH0CIA8DWVYE1,Heather,Combs,Heather S. Combs,Product Manager,Finance,heather.combs.6378-3798@example.invalid,+1-715-555-0106,396 Anna Crossroad,Alder Bay,OR,41297,United States,Outbound,2022-04-07T21:27:11Z,0,001LDOa8tzZhi9lQLS,
003DzsGx5Fq1lXTIVL,Patricia,Hall,Patricia T. Hall,Business Analyst,Customer Success,patricia.hall.7908-411@example.invalid,+1-371-555-0111,7561 Amy Shores,Cedar Crossing,CO,96948,United States,Outbound,2023-11-23T23:15:21Z,0,001LDOa8tzZhi9lQLS,0031zBg6AMIS6xMQMH
003GoxKt2kxvt2uQJH,Chelsea,Perez,Chelsea H. Perez,Product Manager,Customer Success,chelsea.perez.7223-9646@example.invalid,+1-915-555-0181,2144 Harris Mountains,Lake Briar,TX,44551,United States,Outbound,2024-12-21T15:20:46Z,0,001aRI7kJhlvTf0QY9,
003daBHrJZWTu78QJK,Kari,Huerta,Kari F. Huerta,Account Director,Finance,kari.huerta.8268-5718@example.invalid,+1-201-555-0158,6903 Jennifer View,Willow Harbor,WA,70422,United States,Partner Referral,2023-09-16T09:01:19Z,0,001wp2Q6PkIMrfFY6U,
003SuS97kgzeiZsYFR,Danny,Meyer,Danny I. Meyer,Finance Manager,Procurement,danny.meyer.8260-6246@example.invalid,+1-901-555-0114,309 Hicks Common,Northhaven,CA,81036,United States,Event,2024-06-30T12:29:08Z,0,001PcZ9V15a5LqkQLE,
003EAApQ6DjAsfKYK5,Justin,Decker,Justin K. Decker,Engineering Manager,Finance,justin.decker.0084-1951@example.invalid,+1-602-555-0190,55175 Escobar Mission,Willow Harbor,WA,85716,United States,Organic Search,2026-01-12T21:25:02Z,0,001PygtS3FHgKj8Q8G,
003dI6f8FAWRsOlY5R,Mark,Fox,Mark R. Fox,Product Manager,Procurement,mark.fox.2843-2285@example.invalid,+1-305-555-0140,7396 Cohen Highway,Alder Bay,OR,21230,United States,Partner Referral,2024-02-04T23:36:34Z,0,001Ra45bI6XkX2bYRW,
0032DjvAUIKhn8RIQI,Andrew,Miranda,Andrew D. Miranda,Business Analyst,Sales,andrew.miranda.1832-9056@example.invalid,+1-703-555-0155,31494 Jackson Courts,Alder Bay,MA,85373,United States,Partner Referral,2026-06-01T21:36:39Z,1,001CobSEZTi3dLCAGD,003krPy3q8E0C1VAYI
003GHDRA5uyWzywQLQ,Amy,Horn,Amy R. Horn,Customer Success Manager,Finance,amy.horn.3379-6504@example.invalid,+1-412-555-0117,0508 Smith Common,Northhaven,CO,51406,United States,Event,2025-01-16T08:09:49Z,0,001b6L8DlV1y2PzQXZ,
003ZFwK8D99UlX4QPY,Jessica,Adams,Jessica G. Adams,Product Manager,Sales,jessica.adams.8734-536@example.invalid,+1-271-555-0197,81744 Michael Freeway,Alder Bay,OR,21935,United States,Outbound,2025-12-04T23:07:56Z,0,,
003FvRTfDSIkznUAKO,Daniel,Robinson,Daniel M. Robinson,Engineering Manager,Sales,daniel.robinson.7313-0256@example.invalid,+1-913-555-0103,0209 Matthews Bridge,Summit Glen,MA,24317,United States,Customer Referral,2023-05-03T20:20:34Z,0,0010WdqUBYu4EriIM6,
003VDpvTs8k4wU8Q5V,Heather,Burns,Heather A. Burns,Engineering Manager,Engineering,heather.burns.6906-643@example.invalid,+1-915-555-0119,43775 White Land,Northhaven,CO,20273,United States,Web,2026-02-15T06:04:33Z,0,001Ivp9E6TmWQvuQ35,
003RB5wkShZQjILYK9,Heather,Morris,Heather A. Morris,Engineering Manager,Sales,heather.morris.8633-8198@example.invalid,+1-403-555-0107,422 Douglas Flat,Lake Briar,CO,44798,United States,Organic Search,2026-06-08T01:21:56Z,0,001HUzAEaUc4liGY2K,
003bpliG0OQeBdQAX0,Annette,Wagner,Annette M. Wagner,Product Manager,Operations,annette.wagner.4381-9575@example.invalid,+1-315-555-0199,5228 Jason Islands,Lake Briar,WA,48957,United States,Partner Referral,2024-10-24T21:11:43Z,0,0016VNR5Nv4nAZ1IGT,
003mOkC58L5m0JSIM2,Nicole,Nielsen,Nicole J. Nielsen,Product Manager,Marketing,nicole.nielsen.0035-5940@example.invalid,+1-905-555-0172,4123 Marcus Canyon,Willow Harbor,CA,39320,United States,Outbound,2021-08-21T08:22:19Z,0,001zDxxuW7kQ4BrAGJ,003QfTiTVMtfqu0IJ1
003tvCM1fcuqQpjIHZ,Daniel,Johnson,Daniel L. Johnson,Solutions Architect,Sales,daniel.johnson.4791-695@example.invalid,+1-411-555-0165,4272 Jacob Well,Cedar Crossing,MA,68674,United States,Partner Referral,2025-06-06T03:45:58Z,0,001gJF3ven13WeWAFA,
003pC3VWabjXVkVY9F,David,King,David T. King,Customer Success Manager,Finance,david.king.8004-8432@example.invalid,+1-371-555-0186,32798 Lisa Village,Summit Glen,NC,54391,United States,Web,2024-07-28T14:25:59Z,0,001jIiXAhBEHXIPYQP,003EnB6opAJYaJfYMM
003E2BS0qDYocWEY1Z,Tiffany,Perez,Tiffany C. Perez,Customer Success Manager,Sales,tiffany.perez.8746-294@example.invalid,+1-611-555-0127,228 Knight Station,Cedar Crossing,CA,27267,United States,Organic Search,2026-01-19T15:41:45Z,0,001E8sva5lyIcGMIKX,0030A3IfpDdki9oAV6
003l2be5be0qao1QQC,Derek,Flores,Derek E. Flores,Business Analyst,Finance,derek.flores.4152-5420@example.invalid,+1-203-555-0126,47112 Derrick Forest,Lake Briar,CA,18935,United States,Customer Referral,2022-01-06T15:49:13Z,0,0012lorIPC5zJvCYYX,
003UB3aQqslZcKsQCF,Courtney,Villegas,Courtney H. Villegas,Engineering Manager,Operations,courtney.villegas.2043-3634@example.invalid,+1-917-555-0188,511 Susan Road,Northhaven,CA,89911,United States,Customer Referral,2024-06-22T23:36:35Z,0,00144eZON6YVcQJIGY,
003gceY71ZavIIHILB,Donna,Cole,Donna J. Cole,Solutions Architect,Marketing,donna.cole.5235-2662@example.invalid,+1-901-555-0158,4865 Nelson Burg,Lake Briar,NC,24661,United States,Outbound,2023-06-10T08:15:33Z,0,001b9Ubd6IpdBJKANL,003BxoQAfxO1TrZYEW
003IJxV7zNMr7FtARO,Donald,Holland,Donald P. Holland,Finance Manager,Procurement,donald.holland.2734-5529@example.invalid,+1-717-555-0113,91419 Kari Club,Lake Briar,OR,49968,United States,Organic Search,2025-12-17T02:32:38Z,0,001Q3kntrifzyYWI62,
003QN7E7foReTpiAH3,Jennifer,Tucker,Jennifer M. Tucker,Operations Lead,Sales,jennifer.tucker.7707-896@example.invalid,+1-203-555-0123,61693 Lamb Groves,Summit Glen,TX,64056,United States,Customer Referral,2023-11-07T02:33:03Z,0,001Yuy98mwACfhVANS,
003gZazPmf37RusA5F,Thomas,Harris,Thomas A. Harris,Business Analyst,Engineering,thomas.harris.5291-6928@example.invalid,+1-615-555-0137,58385 Leah Fort,Alder Bay,OR,11155,United States,Customer Referral,2021-06-21T16:20:21Z,0,001FzQ1Vu9hM4AsIVS,
0033jBp3Eue1ozkQ2D,Jessica,Cole,Jessica S. Cole,Engineering Manager,Procurement,jessica.cole.5967-3411@example.invalid,+1-475-555-0187,511 Fox Crest,Summit Glen,MA,22929,United States,Partner Referral,2023-07-29T05:26:44Z,1,001TBaHImIEtjplQN7,
003MZU0Q7PTeiKcYZF,Miguel,Rodriguez,Miguel M. Rodriguez,Product Manager,Sales,miguel.rodriguez.9677-6267@example.invalid,+1-472-555-0108,16766 Douglas Court,Willow Harbor,OR,61364,United States,Customer Referral,2023-03-13T13:23:21Z,0,0018VJzGTzgcunuQ03,
003qdJCDN2CBfoKYM1,Haley,Frank,Haley K. Frank,Finance Manager,Finance,haley.frank.8558-2123@example.invalid,+1-915-555-0140,802 Shelly Forge,Summit Glen,MA,63871,United States,Web,2023-01-26T10:23:18Z,0,001CWFhyR8QJd16AFG,003vqUCLkTBvx0gI6V
003rDfKHYUrhrwFYLU,William,Floyd,William T. Floyd,Operations Lead,Engineering,william.floyd.2321-0646@example.invalid,+1-211-555-0141,768 John Lake,Alder Bay,NC,30459,United States,Organic Search,2024-03-02T19:22:49Z,0,,003e2xJz9AqKeBpQH9
003J3V6xY1AaiyqQ8E,Diane,Lindsey,Diane T. Lindsey,Finance Manager,Finance,diane.lindsey.7609-129@example.invalid,+1-675-555-0152,181 Andrews Rapids,Alder Bay,TX,12014,United States,Outbound,2022-05-27T12:06:29Z,0,0015Cr2vcIsO2EGY08,
0034fy2wyBOoAgaIY1,Derek,Davis,Derek J. Davis,Operations Lead,Marketing,derek.davis.4529-525@example.invalid,+1-972-555-0184,9417 Michelle Cliff,Lake Briar,OR,21732,United States,Outbound,2026-06-08T08:39:27Z,0,0012Mm2CXMo3FSXAIK,
003n7bCDQPRuiOLQ4T,Sonya,Charles,Sonya J. Charles,Product Manager,Engineering,sonya.charles.9008-0710@example.invalid,+1-772-555-0168,26565 Vincent Square,Northhaven,OR,24724,United States,Organic Search,2022-08-05T14:02:01Z,0,001b6p7wMuocXZFIKR,
003CPutK1O7jLZvIIB,Carl,Joseph,Carl C. Joseph,Operations Lead,Marketing,carl.joseph.0146-2508@example.invalid,+1-372-555-0143,9262 Griffith Junction,Cedar Crossing,OR,74627,United States,Event,2022-02-27T01:23:53Z,0,00175Cmy8DqQrAKINI,
003IZ857cN9TrN1AUX,Jennifer,Dickerson,Jennifer M. Dickerson,Customer Success Manager,Sales,jennifer.dickerson.9383-9727@example.invalid,+1-203-555-0124,01339 Alec Bridge,Cedar Crossing,WA,50396,United States,Web,2022-12-19T23:59:38Z,0,001Ts4G5LvwmAxUY42,
003H5MSaG1GjBAEYHW,Jessica,Zhang,Jessica S. Zhang,Engineering Manager,Procurement,jessica.zhang.0821-5852@example.invalid,+1-711-555-0143,9904 Lee Rapids,Willow Harbor,CO,14892,United States,Outbound,2023-08-19T10:46:28Z,0,001Z9FmqrbfBXeVI9A,
0037DHIzOna6KtJY2L,Stephanie,Edwards,Stephanie N. Edwards,Product Manager,Engineering,stephanie.edwards.8723-0112@example.invalid,+1-377-555-0119,1775 Carla Stravenue,Willow Harbor,NC,21727,United States,Event,2026-05-13T16:57:29Z,0,001Y94eVbSCMZThYRA,
003WD8PWGAbenHRAM0,Benjamin,Edwards,Benjamin L. Edwards,Solutions Architect,Customer Success,benjamin.edwards.4544-2281@example.invalid,+1-777-555-0145,755 Marc Estates,Northhaven,CA,77514,United States,Organic Search,2023-12-13T18:19:08Z,0,001ZmXb9rhCguMsYOS,003DBpHSvQJQYzUQTK
003PoMytXiLLY9MQ9O,Autumn,Tucker,Autumn K. Tucker,Product Manager,Finance,autumn.tucker.4728-6115@example.invalid,+1-205-555-0184,49843 Amy Track,Northhaven,CO,13029,United States,Partner Referral,2022-04-18T04:41:41Z,0,0012tOpQ4NIa7RbIUI,
003YP7uuJj5v7HqAZ1,Janet,Boone,Janet C. Boone,Customer Success Manager,Customer Success,janet.boone.1200-9095@example.invalid,+1-901-555-0180,4684 Tamara Fall,Summit Glen,OR,73528,United States,Customer Referral,2026-06-03T01:10:14Z,0,001ue1J9V7XEwHtA5N,
003cMleyIGjmop4IOK,Daniel,Harmon,Daniel L. Harmon,Operations Lead,Operations,daniel.harmon.2408-9738@example.invalid,+1-902-555-0195,70995 Christopher Canyon,Alder Bay,TX,89683,United States,Web,2023-01-28T04:21:05Z,0,001FdhXK9A63y9AILQ,
003AqeEmcq020GRI24,Michele,Norton,Michele T. Norton,Product Manager,Sales,michele.norton.3442-4419@example.invalid,+1-311-555-0128,56630 Acosta Estate,Cedar Crossing,OR,59060,United States,Partner Referral,2024-07-17T10:08:38Z,0,0013e2Rh2QW4yB5YBM,
003NMwkyLIDXT1sAPB,Elizabeth,Graves,Elizabeth W. Graves,Operations Lead,Operations,elizabeth.graves.1933-1985@example.invalid,+1-912-555-0110,24893 Jeremy Mountain,Alder Bay,OR,97775,United States,Partner Referral,2025-06-01T13:04:52Z,1,0018wiQDxKxpFvLYGU,
003H94JbW5Sm6buY4W,James,Sanchez,James K. Sanchez,Account Director,Procurement,james.sanchez.9855-9243@example.invalid,+1-677-555-0159,70995 Christopher Canyon,Cedar Crossing,MA,11827,United States,Event,2024-02-28T21:24:48Z,0,001NlUpPvRS2wnzIYM,
0037W2ucLOs8FxjAB4,Paul,Freeman,Paul C. Freeman,Engineering Manager,Procurement,paul.freeman.3769-1742@example.invalid,+1-905-555-0176,4658 Rhodes Mill,Northhaven,WA,71430,United States,Outbound,2021-10-13T22:54:01Z,0,001EzVzzzPDO3QjIJG,
003Y5lqRcSEWJLHQDQ,Collin,Washington,Collin S. Washington,Finance Manager,Procurement,collin.washington.9418-1302@example.invalid,+1-777-555-0192,51187 Moreno Garden,Summit Glen,CO,49484,United States,Web,2024-03-19T20:08:35Z,0,001lpuGrFmSTBnuY0M,
003pnLQ548ddoLoANA,Andrea,Smith,Andrea T. Smith,Business Analyst,Marketing,andrea.smith.3146-2314@example.invalid,+1-707-555-0118,606 Kim Station,Willow Harbor,NC,45059,United States,Outbound,2024-05-20T12:58:53Z,0,0018fHG08zFMfdsQ4N,
003hYM21azNCP10ID1,Zachary,Meza,Zachary C. Meza,Product Manager,Sales,zachary.meza.6889-2401@example.invalid,+1-217-555-0174,3121 Mcclain Springs,Alder Bay,MA,24251,United States,Partner Referral,2025-11-15T05:20:41Z,0,0018MjZShtig55PAG6,
003XGVKQqD99OvfYE9,Thomas,Miles,Thomas R. Miles,Business Analyst,Customer Success,thomas.miles.1241-3891@example.invalid,+1-271-555-0185,55226 Miller Dale,Alder Bay,CA,53118,United States,Organic Search,2022-08-02T23:07:09Z,0,001MfuiALipgsrAIEL,
003eq87fLqVZtodA76,Donald,Barnes,Donald C. Barnes,Solutions Architect,Operations,donald.barnes.2059-1863@example.invalid,+1-375-555-0143,80021 Burke Center,Cedar Crossing,MA,43629,United States,Event,2021-11-18T10:24:47Z,1,001ue1J9V7XEwHtA5N,
003MsemLqVvmkjoAQI,Jennifer,Richardson,Jennifer C. Richardson,Account Director,Operations,jennifer.richardson.5877-2992@example.invalid,+1-317-555-0112,59808 Price Path,Alder Bay,NC,31638,United States,Organic Search,2026-05-02T16:28:44Z,0,001MfuiALipgsrAIEL,
0032GzHIi5eWKRVYVK,Michael,Reyes,Michael T. Reyes,Solutions Architect,Procurement,michael.reyes.6374-9741@example.invalid,+1-271-555-0136,090 Ross Via,Cedar Crossing,MA,63082,United States,Partner Referral,2021-12-07T18:12:33Z,0,00134kztbICJD2tYCZ,
003dhEq28R9SWrsYJD,Richard,Santiago,Richard K. Santiago,Operations Lead,Operations,richard.santiago.7514-0891@example.invalid,+1-711-555-0157,92749 Gina Views,Alder Bay,NC,75440,United States,Outbound,2025-11-16T20:12:42Z,0,0011y3R0qW4167MAMP,003ORoNeSmxFDrPIIU
003PxCKvFkXxGxeA2X,Isaiah,Mills,Isaiah J. Mills,Customer Success Manager,Operations,isaiah.mills.3418-947@example.invalid,+1-207-555-0145,87775 Christina Terrace,Willow Harbor,CA,78932,United States,Organic Search,2023-08-04T20:57:36Z,1,001K8KFXGzOosWAASK,
003o4TMGtqkbtDdIII,Timothy,Lewis,Timothy E. Lewis,Business Analyst,Marketing,timothy.lewis.7130-0589@example.invalid,+1-407-555-0180,543 Espinoza Orchard,Willow Harbor,OR,40989,United States,Event,2026-06-14T22:09:34Z,0,001e0UGOTVraqTKQN3,
003oOBOvrWV3r2WA8W,Sara,Gardner,Sara P. Gardner,Finance Manager,Finance,sara.gardner.5909-4700@example.invalid,+1-913-555-0105,983 Hannah Brooks,Lake Briar,CO,85074,United States,Outbound,2021-02-25T15:07:28Z,0,001qP46mGWsPnuOQ5R,
00395ee6wtRizZ7Y3P,Kristen,Thomas,Kristen B. Thomas,Account Director,Procurement,kristen.thomas.9164-4410@example.invalid,+1-702-555-0180,687 Dave Canyon,Lake Briar,MA,24228,United States,Event,2023-06-09T04:34:38Z,1,001veU1rKvNzbBRQ2J,
003HzCKayrm65wDY08,Karen,Cohen,Karen S. Cohen,Business Analyst,Operations,karen.cohen.8294-5108@example.invalid,+1-305-555-0109,5027 Catherine Loaf,Alder Bay,TX,95005,United States,Partner Referral,2026-04-18T22:06:42Z,0,001Pv3IESUoMrhiAAG,
003PG11g6TmXEpFQ1I,Alexandra,Johnson,Alexandra M. Johnson,Product Manager,Marketing,alexandra.johnson.9218-0340@example.invalid,+1-213-555-0159,356 Jacob Isle,Northhaven,TX,56323,United States,Event,2023-07-18T10:04:19Z,0,001QAtek1IxiotWYQX,
0036RMTwNUBJlvpA7C,Caroline,Allen,Caroline B. Allen,Engineering Manager,Operations,caroline.allen.0271-4270@example.invalid,+1-377-555-0110,89804 Reyes Vista,Lake Briar,CA,83303,United States,Event,2024-07-12T07:17:30Z,0,001GikJVQQYFMgSI6M,
003nOc6qmSvFg4kIR4,Ernest,Mendoza,Ernest E. Mendoza,Business Analyst,Engineering,ernest.mendoza.0808-4318@example.invalid,+1-477-555-0177,27316 John Keys,Willow Harbor,TX,19128,United States,Partner Referral,2026-03-20T20:48:30Z,0,,
003rTm7hZj8JtoNQBV,David,Schroeder,David N. Schroeder,Customer Success Manager,Finance,david.schroeder.8208-0581@example.invalid,+1-972-555-0130,469 Joshua Station,Willow Harbor,CO,66692,United States,Organic Search,2022-02-04T22:24:38Z,0,,
003Vov5oCX6NQVwQI1,Jessica,Wilson,Jessica S. Wilson,Account Director,Sales,jessica.wilson.7258-641@example.invalid,+1-275-555-0135,23345 Darrell Harbor,Cedar Crossing,MA,86528,United States,Partner Referral,2022-04-19T00:11:55Z,0,001MWcxAC2gFuxkIC7,
003Ke4WFdW0CoW8ASR,Matthew,Hancock,Matthew W. Hancock,Product Manager,Procurement,matthew.hancock.1952-9481@example.invalid,+1-905-555-0116,914 David Radial,Northhaven,NC,13252,United States,Partner Referral,2023-03-31T16:53:11Z,0,001I4vmxErKOgEQQME,
003C7qNoE31DHCjADX,Austin,Hudson,Austin K. Hudson,Operations Lead,Operations,austin.hudson.4441-0328@example.invalid,+1-912-555-0108,8501 Crystal Corners,Willow Harbor,OR,64431,United States,Event,2022-08-12T08:08:33Z,0,001avRKkn0zGBkGQ4J,
0038EXhLQedNJrZALZ,Elizabeth,Mendez,Elizabeth K. Mendez,Account Director,Marketing,elizabeth.mendez.2634-4015@example.invalid,+1-217-555-0174,0549 Miller Mountains,Willow Harbor,CO,30901,United States,Customer Referral,2026-01-20T12:32:58Z,1,0018MjZShtig55PAG6,
003cxU9UTk9dRNPQ35,Allen,Bell,Allen S. Bell,Customer Success Manager,Operations,allen.bell.1697-2706@example.invalid,+1-773-555-0189,18289 Michelle Squares,Cedar Crossing,OR,31591,United States,Customer Referral,2025-10-04T18:10:29Z,0,001Jp0rdHFWnaMvI7G,
0039cNQbl70skPvATU,Tanner,Miller,Tanner K. Miller,Product Manager,Procurement,tanner.miller.3896-9720@example.invalid,+1-711-555-0182,8634 Keller Union,Summit Glen,CA,43768,United States,Outbound,2026-03-28T20:07:37Z,0,001X5lK5MbsgblUIV7,
003arlaFzH4tmXDYDY,Maria,Tucker,Maria A. Tucker,Solutions Architect,Sales,maria.tucker.9596-2440@example.invalid,+1-473-555-0177,088 Cameron Highway,Cedar Crossing,CO,55143,United States,Organic Search,2023-01-26T11:56:25Z,0,001PygtS3FHgKj8Q8G,
003mOiCoYGhh0YQYIV,Sheryl,Moses,Sheryl R. Moses,Finance Manager,Finance,sheryl.moses.5204-9052@example.invalid,+1-701-555-0129,10340 Brian Overpass,Alder Bay,TX,40153,United States,Customer Referral,2026-05-24T07:13:48Z,0,001b1XyoVMftFmnY3Z,
003MaCiwke54RXLY0N,Tonya,Valdez,Tonya J. Valdez,Product Manager,Marketing,tonya.valdez.7727-0081@example.invalid,+1-375-555-0119,040 Clayton View,Willow Harbor,MA,60587,United States,Web,2026-01-09T11:02:09Z,0,001IQen5JJcxOzsYOT,00363itkVboZZ8tQLD
003t1CEwBUqc6XgYYE,Anthony,Jones,Anthony P. Jones,Account Director,Marketing,anthony.jones.6029-0870@example.invalid,+1-672-555-0145,158 Jamie Locks,Lake Briar,CA,41498,United States,Organic Search,2025-12-17T00:30:44Z,0,001b1XyoVMftFmnY3Z,
003i4LUEWFpNaoLQUC,Dwayne,Gentry,Dwayne K. Gentry,Finance Manager,Customer Success,dwayne.gentry.7366-7216@example.invalid,+1-411-555-0172,681 Nicholas Loop,Willow Harbor,CO,64093,United States,Customer Referral,2023-05-28T17:49:38Z,0,001FdhXK9A63y9AILQ,
0031jz69dwg1LYkI3M,Lisa,Valdez,Lisa M. Valdez,Product Manager,Finance,lisa.valdez.9013-4169@example.invalid,+1-205-555-0120,800 Flores Street,Willow Harbor,MA,35662,United States,Web,2025-08-24T19:18:22Z,0,0013e2Rh2QW4yB5YBM,
003VZgg2JnsRE6JIPN,Theresa,Little,Theresa P. Little,Account Director,Customer Success,theresa.little.8811-8216@example.invalid,+1-701-555-0164,0521 Cooley Fords,Summit Glen,MA,67960,United States,Customer Referral,2022-05-13T02:19:21Z,0,,
003YdRU4gZrocWZQU5,Natasha,Jimenez,Natasha J. Jimenez,Account Director,Engineering,natasha.jimenez.6906-5825@example.invalid,+1-215-555-0116,079 Marissa Spring,Summit Glen,CA,24892,United States,Web,2025-05-20T05:12:33Z,0,0012Sv7fgBrqn2tAX8,
003vQ4TTrgSzSH3IL3,Jeffrey,Garcia,Jeffrey H. Garcia,Operations Lead,Marketing,jeffrey.garcia.2558-2093@example.invalid,+1-413-555-0103,596 Jonathan Manors,Cedar Crossing,NC,12889,United States,Web,2023-06-01T01:14:22Z,0,001yVmlwCnpWY0fA4W,003aEeT2ZLB8w2iIML
003I7Bgv5zLxifTI9W,Scott,Carpenter,Scott A. Carpenter,Account Director,Procurement,scott.carpenter.3035-2022@example.invalid,+1-602-555-0145,6670 Erica River,Summit Glen,OR,36602,United States,Partner Referral,2022-09-20T12:24:26Z,0,001qwQ0uBTzXeScQCK,
003u7SfA0jopSvDAAB,Ann,Bryan,Ann R. Bryan,Product Manager,Marketing,ann.bryan.8616-9242@example.invalid,+1-975-555-0131,1173 Davis Orchard,Alder Bay,WA,18163,United States,Customer Referral,2021-10-06T23:19:37Z,0,001xCcjaWJxjfQtAJX,
003elJUuW9sVEkFI8Y,Julie,Stephenson,Julie T. Stephenson,Account Director,Operations,julie.stephenson.7402-6113@example.invalid,+1-717-555-0143,648 Cook Center,Willow Harbor,NC,72876,United States,Customer Referral,2024-10-10T01:26:55Z,0,001dUDfaBymF8HyAUN,
003UY2oCkarj96lQDX,Steve,Barnett,Steve S. Barnett,Product Manager,Procurement,steve.barnett.1880-0016@example.invalid,+1-615-555-0123,5244 Hill Prairie,Willow Harbor,CO,32399,United States,Outbound,2023-09-15T15:17:46Z,0,001OXfC2jDKfDmwYPX,
00314CUCIG5RktyYHD,Samantha,Miller,Samantha T. Miller,Business Analyst,Finance,samantha.miller.7406-844@example.invalid,+1-613-555-0117,1004 Michelle Meadow,Lake Briar,WA,69662,United States,Organic Search,2026-04-27T15:36:43Z,1,001tvKQbYklnB9tY2P,
0030KF1SawNrgsQI1O,Lisa,Bell,Lisa B. Bell,Account Director,Operations,lisa.bell.6034-9559@example.invalid,+1-472-555-0155,657 Daniel Square,Northhaven,NC,68257,United States,Event,2021-11-23T20:19:45Z,0,,003HY3DOcAKhej8IEP
003mUajdwv6lK8jIWY,Kyle,Gonzalez,Kyle H. Gonzalez,Operations Lead,Finance,kyle.gonzalez.4546-9050@example.invalid,+1-702-555-0180,1960 Oliver Corner,Northhaven,CA,25956,United States,Outbound,2021-05-22T02:15:06Z,0,001Ql5gfswhLAUiIZH,
003OeYdS2JreqvUACI,Charles,Colon,Charles C. Colon,Engineering Manager,Engineering,charles.colon.1638-3602@example.invalid,+1-403-555-0108,7168 Amanda Ridge,Willow Harbor,CO,14566,United States,Partner Referral,2022-10-13T08:23:14Z,0,001cnLEQk5pZMibQH2,
003MpYMZE7fF1T1AN0,Monica,Rodriguez,Monica L. Rodriguez,Business Analyst,Sales,monica.rodriguez.5210-416@example.invalid,+1-711-555-0157,78368 Eric Glen,Cedar Crossing,CA,58366,United States,Organic Search,2022-07-14T20:52:00Z,0,001hgdJHI7bDrNzIKJ,
003FvKS23VjSXt2YFC,Amanda,Williams,Amanda S. Williams,Solutions Architect,Engineering,amanda.williams.1154-1429@example.invalid,+1-475-555-0129,065 Katelyn Forge,Summit Glen,WA,65454,United States,Event,2022-04-03T11:18:48Z,0,001fNeki8j02ByQA5V,
0038M1l1Mhuj6b5ABN,Timothy,Craig,Timothy C. Craig,Product Manager,Marketing,timothy.craig.7043-2211@example.invalid,+1-702-555-0119,157 Rhonda Manors,Cedar Crossing,OR,46283,United States,Web,2021-05-01T09:56:28Z,0,001I9h4vN2Mpc08I26,
0034a0GDIMZmGWiARF,Mark,Ramos,Mark P. Ramos,Engineering Manager,Procurement,mark.ramos.7431-2807@example.invalid,+1-307-555-0128,305 Dunn Stream,Cedar Crossing,TX,11316,United States,Outbound,2022-06-12T11:30:28Z,0,001LW8OXe6IEB5RAZR,
003tAC8ufGTCRIuIRK,Paul,Jackson,Paul C. Jackson,Product Manager,Procurement,paul.jackson.3883-8087@example.invalid,+1-205-555-0176,4791 Brandon Estate,Cedar Crossing,MA,24488,United States,Outbound,2024-07-10T13:19:40Z,0,001v3PBn9EDl48XQNP,
003QeNMjcAOpLehYGJ,Erik,Green,Erik J. Green,Customer Success Manager,Sales,erik.green.3961-9368@example.invalid,+1-705-555-0179,432 Clarke Fort,Cedar Crossing,OR,37010,United States,Event,2025-11-10T09:53:09Z,0,001qh75A7jHuE1EI0O,
003bzqCPhHkdWt9INI,Lori,Gallegos,Lori T. Gallegos,Account Director,Sales,lori.gallegos.7279-8354@example.invalid,+1-605-555-0180,895 Stephanie Causeway,Northhaven,MA,75854,United States,Event,2025-05-21T05:43:01Z,0,001M2rDfuFzN9SZI6R,
003sQMLfrlldS2kIWH,Mark,Spencer,Mark M. Spencer,Customer Success Manager,Procurement,mark.spencer.1063-8198@example.invalid,+1-411-555-0192,737 Heidi Ridges,Alder Bay,TX,64213,United States,Web,2023-01-19T20:10:32Z,0,00152hx60eiLsO2QGQ,
0030wi3NB6tDt7SAY9,Erin,Shannon,Erin M. Shannon,Operations Lead,Operations,erin.shannon.6269-5819@example.invalid,+1-471-555-0150,94770 Taylor Corners,Willow Harbor,TX,68076,United States,Customer Referral,2025-06-10T16:51:59Z,0,001Y94eVbSCMZThYRA,
003MEjVAfauJUovQYI,James,White,James J. White,Account Director,Customer Success,james.white.5562-7087@example.invalid,+1-672-555-0107,43870 Rodriguez Junctions,Cedar Crossing,CO,80784,United States,Partner Referral,2021-04-13T16:19:51Z,0,001vywMtDWYqGORIQP,
003KN79fSFd3oQ6IVK,Chase,Perez,Chase A. Perez,Solutions Architect,Engineering,chase.perez.1419-0653@example.invalid,+1-217-555-0186,4001 Pamela Views,Cedar Crossing,TX,88026,United States,Web,2025-01-24T17:45:30Z,0,001EM3ljRRvtOqaQZO,
003xYHNKI2NMB4pI5P,Joyce,Giles,Joyce E. Giles,Engineering Manager,Marketing,joyce.giles.6268-0104@example.invalid,+1-403-555-0176,69803 Richardson Station,Lake Briar,OR,34883,United States,Customer Referral,2021-01-24T09:28:15Z,0,001FChipDL8FyVaQQG,
0032VBuNKmD8rJ2QHH,Christopher,Joseph,Christopher E. Joseph,Engineering Manager,Marketing,christopher.joseph.8606-1383@example.invalid,+1-903-555-0197,0307 Smith Port,Summit Glen,MA,40943,United States,Partner Referral,2024-11-13T04:16:44Z,0,001TgK7Trt797foQCB,
003hzvSfhLntALrY81,Lori,Sims,Lori J. Sims,Customer Success Manager,Sales,lori.sims.0746-0358@example.invalid,+1-702-555-0173,8393 Alicia Ways,Willow Harbor,NC,85036,United States,Organic Search,2024-08-02T05:15:01Z,0,001I5KBo2Mtskg9I6K,
003GUNSX3EktllXAU6,Kenneth,Turner,Kenneth J. Turner,Account Director,Sales,kenneth.turner.5913-3177@example.invalid,+1-917-555-0193,817 Anderson Stravenue,Summit Glen,NC,52996,United States,Outbound,2021-05-16T00:40:41Z,0,001lpuGrFmSTBnuY0M,
003Ih3fsy9c65GTQ1R,Michael,Taylor,Michael S. Taylor,Business Analyst,Finance,michael.taylor.3398-2391@example.invalid,+1-412-555-0115,004 Linda Key,Alder Bay,TX,46340,United States,Organic Search,2024-10-06T03:46:12Z,0,001Q3kntrifzyYWI62,
0033befOPPr0xxPY1E,Norma,Potts,Norma N. Potts,Customer Success Manager,Sales,norma.potts.5217-9578@example.invalid,+1-911-555-0100,449 Jackson Summit,Northhaven,NC,95678,United States,Web,2024-08-21T06:21:36Z,1,001qD5B1fJ8KUKBIVO,
0039ldFG08cbPoeY3V,Christopher,Lewis,Christopher D. Lewis,Finance Manager,Sales,christopher.lewis.7251-7367@example.invalid,+1-907-555-0198,15799 Smith Key,Summit Glen,TX,79605,United States,Outbound,2025-03-09T17:47:30Z,1,001zBr7D0amNm8PY72,
0038PZTOzpYnmw1A52,Victoria,Mata,Victoria J. Mata,Business Analyst,Engineering,victoria.mata.0014-6122@example.invalid,+1-412-555-0180,352 Smith Mountain,Cedar Crossing,TX,10570,United States,Web,2025-05-03T18:16:23Z,0,001I4vmxErKOgEQQME,
003scPfyTFeoUBaYWY,James,Flores,James A. Flores,Business Analyst,Customer Success,james.flores.5867-0360@example.invalid,+1-917-555-0175,304 Ruiz Inlet,Lake Briar,CA,79874,United States,Outbound,2022-12-16T00:04:12Z,0,001Ql5gfswhLAUiIZH,
003ivx8Uf855JuuQL9,Jason,Chapman,Jason R. Chapman,Finance Manager,Finance,jason.chapman.1345-1339@example.invalid,+1-205-555-0120,9215 Lori Ways,Cedar Crossing,OR,22328,United States,Customer Referral,2022-09-02T19:22:29Z,0,001F4OLdqq7HlXbIGG,
003TdS3ORzLYItLQPH,Bethany,Baker,Bethany M. Baker,Customer Success Manager,Marketing,bethany.baker.8023-0615@example.invalid,+1-601-555-0111,5741 Stacy Terrace,Northhaven,CA,54479,United States,Partner Referral,2023-06-10T14:44:43Z,0,0012haS0btkfmnOAWP,003r0I2bhEeFqk2QO8
003Y8RksK1iCHfGQ48,Stephanie,Rosales,Stephanie T. Rosales,Product Manager,Procurement,stephanie.rosales.6667-7546@example.invalid,+1-372-555-0118,20345 Holt Crossing,Alder Bay,OR,81289,United States,Event,2023-09-23T15:13:31Z,0,001UFuHNhHx2c9ZQQ9,
003V36CaJrk07gQA07,Rebecca,Mills,Rebecca R. Mills,Business Analyst,Procurement,rebecca.mills.9908-2579@example.invalid,+1-913-555-0105,519 Sims Estate,Willow Harbor,TX,75725,United States,Organic Search,2022-04-16T00:39:33Z,0,001zKmRfZNU4LdqIBJ,
003M3ZXseoHu6DcQVR,Sierra,Mendez,Sierra L. Mendez,Account Director,Customer Success,sierra.mendez.8565-4238@example.invalid,+1-412-555-0142,52049 Clayton Mall,Northhaven,NC,32196,United States,Partner Referral,2021-12-07T19:23:36Z,0,001Ivgehi2RhpxmIXK,
003DnDlPXrvzmkCIGX,James,Gibbs,James L. Gibbs,Engineering Manager,Customer Success,james.gibbs.6687-6440@example.invalid,+1-711-555-0152,076 Kelly Mountains,Lake Briar,CA,90481,United States,Event,2026-06-29T10:00:46Z,0,001EocC12jSBhyyIOU,
0036M9oi3OkmErTIEE,Jessica,Watson,Jessica K. Watson,Business Analyst,Procurement,jessica.watson.9249-847@example.invalid,+1-275-555-0111,77006 Lisa Ports,Lake Briar,MA,31311,United States,Web,2025-10-16T10:49:49Z,0,001UMQhTkv1ASD0YIT,
003sDS35Jf3ROfQIKF,Charles,Bell,Charles R. Bell,Finance Manager,Procurement,charles.bell.4348-2115@example.invalid,+1-901-555-0193,478 Angela Drive,Willow Harbor,CA,23411,United States,Web,2023-01-02T12:12:57Z,0,001dUDfaBymF8HyAUN,
003sJmomW2uj4hfICJ,Amy,Anderson,Amy T. Anderson,Solutions Architect,Procurement,amy.anderson.7421-7793@example.invalid,+1-901-555-0180,071 James Prairie,Cedar Crossing,TX,45958,United States,Organic Search,2026-02-25T12:36:22Z,0,0014pV3Hc4QcEQfYGG,
003TCsH1Z5Gye8pQMH,Amy,Jordan,Amy A. Jordan,Customer Success Manager,Marketing,amy.jordan.6265-0437@example.invalid,+1-203-555-0162,3097 John Ridge,Northhaven,WA,31404,United States,Outbound,2021-05-12T15:17:31Z,0,0019ojrY0cvCQ2UQ6L,
003PBsusls9B0IbA36,David,Blanchard,David M. Blanchard,Product Manager,Engineering,david.blanchard.5861-2930@example.invalid,+1-273-555-0152,0681 Davis Corners,Summit Glen,MA,19860,United States,Organic Search,2021-01-03T19:05:02Z,0,001xgiokWA1Zg0iAN4,
003JIxQoODFL9M0IVQ,Charles,Edwards,Charles J. Edwards,Account Director,Procurement,charles.edwards.0808-2648@example.invalid,+1-311-555-0113,1499 Cooper Run,Alder Bay,WA,69012,United States,Customer Referral,2022-03-10T03:54:19Z,0,0018MjZShtig55PAG6,
003RjFwodbP5EfaADS,Lisa,Davis,Lisa E. Davis,Engineering Manager,Procurement,lisa.davis.4429-9398@example.invalid,+1-671-555-0176,08989 Andrew Port,Northhaven,TX,76972,United States,Organic Search,2023-01-18T12:46:51Z,0,001R0OuIWPEowdMYT2,
003OlXRcERc0Fn1QKQ,Amber,Rice,Amber J. Rice,Business Analyst,Marketing,amber.rice.0515-404@example.invalid,+1-915-555-0125,09773 Vazquez Hill,Lake Briar,WA,49681,United States,Organic Search,2021-11-28T16:30:22Z,0,001jKBzUVUKDjFLYTU,
003ov34WJpeW8frIIQ,Eric,Owens,Eric W. Owens,Account Director,Sales,eric.owens.2645-6681@example.invalid,+1-477-555-0198,5644 Jason Corners,Alder Bay,NC,44583,United States,Partner Referral,2025-07-22T23:10:08Z,0,001PUaO8FLbQ5tuY7R,
003T85cJjM9kvNXI4T,Kyle,Marquez,Kyle M. Marquez,Solutions Architect,Customer Success,kyle.marquez.0399-1847@example.invalid,+1-273-555-0170,450 Rasmussen Via,Summit Glen,OR,66658,United States,Partner Referral,2023-01-20T23:22:15Z,0,001qP46mGWsPnuOQ5R,
003Q9gnyJ2qjiJxQ4D,Emily,Shields,Emily L. Shields,Finance Manager,Procurement,emily.shields.9461-6964@example.invalid,+1-977-555-0152,2854 Navarro Bypass,Cedar Crossing,WA,10493,United States,Web,2022-07-16T08:49:38Z,0,001ZmXb9rhCguMsYOS,
003uJwtjEr9zwIHQ67,Kenneth,Arroyo,Kenneth T. Arroyo,Operations Lead,Procurement,kenneth.arroyo.9180-9013@example.invalid,+1-417-555-0150,9939 Wells Points,Alder Bay,NC,37280,United States,Partner Referral,2024-12-05T02:53:05Z,1,001EocC12jSBhyyIOU,
003mS2nvRXjg1y7Y8L,Haley,Meyer,Haley H. Meyer,Account Director,Engineering,haley.meyer.2135-8469@example.invalid,+1-205-555-0176,1569 Dennis Crescent,Summit Glen,CA,19583,United States,Customer Referral,2022-11-24T16:22:49Z,0,00134G8VQW0MQTYI8N,
003S3Xzjr6c05vhYJG,Paul,Miller,Paul D. Miller,Engineering Manager,Procurement,paul.miller.3561-5521@example.invalid,+1-701-555-0186,427 Henry Ville,Cedar Crossing,CO,80036,United States,Partner Referral,2021-08-20T00:30:46Z,0,001ViLIuvoOkEvIYR2,
003OZDLPzTkmS9yYFU,Jill,Ortiz,Jill W. Ortiz,Product Manager,Marketing,jill.ortiz.4270-2141@example.invalid,+1-972-555-0122,41716 Turner Plaza,Summit Glen,NC,24901,United States,Event,2025-03-24T16:00:00Z,0,001ZtdM0LykySWPIE4,00338Zpfu6vT22ZQ3O
003BRwu2sKtgDFJIUG,Daniel,Davidson,Daniel B. Davidson,Customer Success Manager,Marketing,daniel.davidson.4941-2959@example.invalid,+1-902-555-0195,201 Burnett Mountain,Willow Harbor,WA,60651,United States,Partner Referral,2021-10-18T06:35:10Z,0,001S6Q42Y1rkKzpYHW,
003vv2AWpD90lRhAG2,Paul,Bradford,Paul A. Bradford,Business Analyst,Procurement,paul.bradford.9475-0667@example.invalid,+1-217-555-0174,92785 Adams Fields,Cedar Crossing,OR,24800,United States,Partner Referral,2025-12-03T23:49:57Z,0,001zBr7D0amNm8PY72,
0038Ac6Q3XvdQcQY62,Larry,Stone,Larry K. Stone,Product Manager,Operations,larry.stone.6208-1408@example.invalid,+1-607-555-0134,18708 Mcmahon Garden,Lake Briar,WA,64362,United States,Customer Referral,2021-11-10T18:51:38Z,0,0012Mm2CXMo3FSXAIK,
003lKSKPlBrHJCNA9T,Andre,Hernandez,Andre M. Hernandez,Operations Lead,Procurement,andre.hernandez.1605-0270@example.invalid,+1-602-555-0163,86816 White Divide,Summit Glen,CA,95231,United States,Partner Referral,2025-09-11T01:06:26Z,0,001MPbzljMNLiv5QZV,003Z9p3iLikiLHLY2Q
003iQ2CWiPsjRiHA3A,Margaret,Joseph,Margaret D. Joseph,Account Director,Operations,margaret.joseph.5381-0983@example.invalid,+1-917-555-0103,78362 Arnold Stravenue,Summit Glen,OR,23394,United States,Customer Referral,2023-02-09T23:40:47Z,0,001Z9FmqrbfBXeVI9A,
003OWd5IYnLefvxA6Z,Benjamin,Nguyen,Benjamin J. Nguyen,Solutions Architect,Finance,benjamin.nguyen.0969-4220@example.invalid,+1-275-555-0175,00029 Herrera Manor,Summit Glen,MA,95198,United States,Outbound,2021-03-02T09:27:22Z,0,001OLEw0xIyryQpQ2X,
003O1DPI7Ashi5WA7I,Veronica,Thompson,Veronica J. Thompson,Business Analyst,Customer Success,veronica.thompson.2641-0777@example.invalid,+1-712-555-0124,22327 Jeremiah Green,Alder Bay,OR,39082,United States,Customer Referral,2022-02-01T05:38:44Z,0,001oPLQgL6DtzXuQJ9,
00326JyUQWWPNukIQF,Patrick,Carter,Patrick C. Carter,Solutions Architect,Operations,patrick.carter.3381-7370@example.invalid,+1-915-555-0131,710 Katie Locks,Lake Briar,CA,12449,United States,Customer Referral,2025-03-13T00:39:36Z,0,001PuTTthcGKMiPQUX,
003h5OqMJqaaRmmIQ8,Dana,Moody,Dana M. Moody,Account Director,Customer Success,dana.moody.4398-9382@example.invalid,+1-371-555-0192,25973 Jeffery Glen,Willow Harbor,WA,51493,United States,Event,2022-02-01T20:18:08Z,0,001UOxBH2bj2wUdQNQ,
0032JMj0nM8q7ONY8A,Brianna,Knight,Brianna B. Knight,Finance Manager,Customer Success,brianna.knight.1537-8718@example.invalid,+1-413-555-0108,57333 Forbes Parkway,Northhaven,CA,52374,United States,Event,2023-08-28T07:03:52Z,1,001ULaAYdBnWIytQCT,
003ow8WYNE6EwSDIHI,Amber,Rios,Amber V. Rios,Operations Lead,Operations,amber.rios.2259-2502@example.invalid,+1-405-555-0197,952 Jose Dale,Northhaven,CA,66184,United States,Organic Search,2024-02-05T01:37:10Z,0,001OphrQTgtGmAPIMC,
0032UyKmMuogGHjQS5,Victoria,Wall,Victoria R. Wall,Business Analyst,Marketing,victoria.wall.1803-5734@example.invalid,+1-475-555-0187,06744 Holt Turnpike,Summit Glen,MA,72664,United States,Outbound,2023-11-26T11:23:56Z,0,,
003UoYktL4YwcwJYJX,Elizabeth,Murphy,Elizabeth E. Murphy,Business Analyst,Finance,elizabeth.murphy.9266-5898@example.invalid,+1-677-555-0121,39303 James Land,Cedar Crossing,CO,81702,United States,Organic Search,2024-04-10T16:13:36Z,1,001mC8KS3W25A4qI66,
003dV7hH70niauTQ84,Michael,Davis,Michael K. Davis,Solutions Architect,Customer Success,michael.davis.8919-7997@example.invalid,+1-671-555-0149,928 Nicole Squares,Willow Harbor,NC,14103,United States,Organic Search,2025-02-10T17:54:24Z,1,001JM45YOxOPMdeQIO,
003qUFiLV5JK3fZQ5Q,Bridget,Foley,Bridget H. Foley,Solutions Architect,Procurement,bridget.foley.3746-8707@example.invalid,+1-901-555-0110,6986 Nelson Harbor,Willow Harbor,OR,60363,United States,Web,2025-04-27T05:56:23Z,0,001E8sva5lyIcGMIKX,
003CrWnoDeTyHhVYCB,John,Lamb,John K. Lamb,Customer Success Manager,Finance,john.lamb.3221-9859@example.invalid,+1-375-555-0119,22727 Moore Spur,Summit Glen,MA,26119,United States,Outbound,2021-06-27T13:00:18Z,0,,
003yzyyLfiyTPJdYUU,Kara,Michael,Kara J. Michael,Finance Manager,Procurement,kara.michael.8375-2686@example.invalid,+1-712-555-0145,984 Johnson Field,Summit Glen,OR,95067,United States,Partner Referral,2023-01-03T01:47:44Z,0,001DvFcs2OCjLNHAFJ,
003f4ot3tLycXfwQM5,Heather,Hudson,Heather D. Hudson,Business Analyst,Engineering,heather.hudson.0097-1052@example.invalid,+1-211-555-0119,0539 Robin Plains,Summit Glen,MA,82489,United States,Outbound,2021-05-18T14:03:40Z,0,0014xFF5q1fi7GwQMP,
003EDWvVYj5gAejIMY,Mary,Coleman,Mary K. Coleman,Business Analyst,Marketing,mary.coleman.6432-820@example.invalid,+1-613-555-0129,93392 Thomas Well,Lake Briar,WA,60159,United States,Outbound,2025-12-24T00:18:52Z,0,001LDvrdIgxRUc4IID,
003W8Rp9vqSfwteQQD,Brian,Sandoval,Brian C. Sandoval,Business Analyst,Marketing,brian.sandoval.0203-5938@example.invalid,+1-772-555-0175,420 Martinez Mountains,Lake Briar,CO,92748,United States,Outbound,2023-02-06T03:17:40Z,0,,
003N8cUHZZGDBheYUK,Jordan,Bennett,Jordan P. Bennett,Operations Lead,Marketing,jordan.bennett.8294-0008@example.invalid,+1-203-555-0175,26358 Michael Neck,Willow Harbor,CA,97977,United States,Organic Search,2024-07-07T21:54:55Z,0,001Hbp8pEhElgRqIO2,
003BWjAPrAVIkmPAUL,Richard,Mendoza,Richard B. Mendoza,Customer Success Manager,Marketing,richard.mendoza.2172-5578@example.invalid,+1-407-555-0109,20918 Vincent Run,Summit Glen,CA,24596,United States,Customer Referral,2021-03-20T05:28:55Z,1,001Ekc6ysmrBHJMQF2,
003C3Xb79dagQlHQJL,Donna,Powell,Donna J. Powell,Customer Success Manager,Procurement,donna.powell.7543-2462@example.invalid,+1-907-555-0144,196 Elliott Walks,Alder Bay,CA,37206,United States,Customer Referral,2021-02-28T10:40:26Z,0,001jsWcaI2ueqNkQ4J,
003bou0dAYXn7MIQQ7,Joshua,Jordan,Joshua M. Jordan,Business Analyst,Engineering,joshua.jordan.3031-6322@example.invalid,+1-617-555-0181,2879 Martin Way,Alder Bay,NC,24871,United States,Outbound,2023-02-10T03:23:15Z,0,001cnLEQk5pZMibQH2,
003td4GzVupmvlzANX,Jennifer,Owen,Jennifer T. Owen,Operations Lead,Finance,jennifer.owen.1947-4825@example.invalid,+1-607-555-0129,7723 Alexander Oval,Summit Glen,OR,46624,United States,Event,2023-07-30T10:58:35Z,0,001NRMSr13PD4ICIOI,
003XbH1YbwlcchBYEO,Robin,Pratt,Robin D. Pratt,Engineering Manager,Marketing,robin.pratt.0062-7642@example.invalid,+1-205-555-0184,036 Justin Shores,Northhaven,CO,81825,United States,Event,2025-10-06T10:50:26Z,0,0016z7B3rnZB3aZYDJ,
003ItLjSHOaUKtzI6L,Donna,Shaffer,Donna G. Shaffer,Customer Success Manager,Operations,donna.shaffer.0935-9549@example.invalid,+1-403-555-0176,51174 Lopez Road,Lake Briar,WA,94162,United States,Web,2024-03-22T14:11:09Z,0,001jIiXAhBEHXIPYQP,
003Y2cRuE4UwAjvQEK,Cody,Robinson,Cody J. Robinson,Finance Manager,Engineering,cody.robinson.4540-0879@example.invalid,+1-901-555-0114,7961 Robert Causeway,Northhaven,NC,28261,United States,Outbound,2024-11-11T18:33:44Z,0,001XJBJ9looV3jVARS,
003GdT3yQACSzyuQ5O,Kyle,Flores,Kyle E. Flores,Solutions Architect,Customer Success,kyle.flores.9503-0499@example.invalid,+1-203-555-0126,21778 Carter Mountain,Alder Bay,CO,13887,United States,Customer Referral,2021-04-13T20:52:51Z,0,001zBr7D0amNm8PY72,003A3LbzlfcExSZAU4
003Z7i47cIIFP47YOK,Samantha,Copeland,Samantha T. Copeland,Account Director,Customer Success,samantha.copeland.5640-8441@example.invalid,+1-405-555-0154,562 Morales Throughway,Willow Harbor,NC,52734,United States,Event,2021-01-15T12:02:29Z,0,,
003ruHWzIQwM2ygQ4L,Christopher,Baker,Christopher D. Baker,Engineering Manager,Operations,christopher.baker.0646-5161@example.invalid,+1-402-555-0100,33149 Debra Knolls,Northhaven,CO,67606,United States,Event,2024-01-25T09:19:03Z,0,001kpkteJ4XLaaYQTV,
003bl7ZTq6k6vEDAIG,Erin,Rose,Erin M. Rose,Solutions Architect,Procurement,erin.rose.8097-8395@example.invalid,+1-275-555-0175,66617 William Pass,Northhaven,NC,57871,United States,Event,2024-05-29T07:59:05Z,0,001KQsenOWHB4fuQM5,
0030pSnQNIb5d0oYHX,William,Johnson,William J. Johnson,Solutions Architect,Operations,william.johnson.7490-3502@example.invalid,+1-703-555-0113,3759 Theresa Cliffs,Summit Glen,TX,62016,United States,Partner Referral,2021-07-24T11:11:39Z,0,001mmu9iYNsqBnfYFC,
003xBwIhy1a5i6GY0X,Tim,Burnett,Tim A. Burnett,Product Manager,Procurement,tim.burnett.0740-2806@example.invalid,+1-213-555-0159,649 Tony Islands,Willow Harbor,OR,22614,United States,Outbound,2021-12-05T22:11:21Z,0,001ILvT4IDtyUZiY3D,003aMwKdhCyWygqQZE
003jGoziqs6ionMIIC,Brent,Gibbs,Brent C. Gibbs,Customer Success Manager,Operations,brent.gibbs.9032-698@example.invalid,+1-973-555-0105,668 Samantha Field,Lake Briar,CO,59899,United States,Web,2025-11-22T17:11:56Z,0,001PFA4WC7yjw84AX1,
003Q0SstLMecNDnIT6,Allison,Lucero,Allison J. Lucero,Solutions Architect,Engineering,allison.lucero.0649-5632@example.invalid,+1-907-555-0149,9530 Kim Loaf,Summit Glen,WA,75873,United States,Outbound,2025-01-21T22:23:57Z,0,001Hbp8pEhElgRqIO2,
003a9cEVwuIOhZ2IHZ,Randy,Townsend,Randy J. Townsend,Operations Lead,Procurement,randy.townsend.0525-3609@example.invalid,+1-405-555-0165,604 Carl Courts,Willow Harbor,NC,47102,United States,Web,2022-08-31T01:08:22Z,0,001b6L8DlV1y2PzQXZ,003VKA8bc2GBVyyY46
003XjSGqmjbqgdEIPG,Alfred,Arias,Alfred A. Arias,Product Manager,Customer Success,alfred.arias.5405-4965@example.invalid,+1-912-555-0149,1056 Lewis Street,Lake Briar,TX,96618,United States,Web,2024-07-12T20:49:35Z,0,0011qafIoKOaGWeA3A,
003pLHDBsvaSNsGQ3J,Carlos,Smith,Carlos J. Smith,Account Director,Finance,carlos.smith.9246-8246@example.invalid,+1-772-555-0168,0048 Heidi Spur,Summit Glen,TX,25609,United States,Customer Referral,2021-01-04T00:48:51Z,0,001v3PBn9EDl48XQNP,
0035C9BC1LiVcS9A0B,Nicole,Taylor,Nicole M. Taylor,Operations Lead,Marketing,nicole.taylor.2921-3114@example.invalid,+1-275-555-0148,3230 Jordan Loop,Willow Harbor,CO,45756,United States,Customer Referral,2021-09-19T01:32:57Z,0,001ExSAKzk0AhqsIN2,
0030I2EUZyu1ilxAN0,Erin,Johnson,Erin E. Johnson,Finance Manager,Marketing,erin.johnson.3164-5188@example.invalid,+1-903-555-0125,98099 Lori Canyon,Willow Harbor,MA,36211,United States,Customer Referral,2025-08-26T12:34:46Z,0,001ZIcBit9DhXpUAPA,
003lSqIBuJLGR6JY56,Regina,Long,Regina K. Long,Customer Success Manager,Engineering,regina.long.8593-835@example.invalid,+1-411-555-0198,92775 Christopher Fords,Summit Glen,OR,72307,United States,Event,2021-12-24T12:14:18Z,0,001Hbp8pEhElgRqIO2,
003SD9eL8pHK3z8IX5,Kimberly,Williams,Kimberly D. Williams,Finance Manager,Engineering,kimberly.williams.9865-0227@example.invalid,+1-602-555-0153,1420 Elizabeth Motorway,Lake Briar,CA,38193,United States,Event,2022-11-24T21:07:05Z,0,0012lorIPC5zJvCYYX,
003NVY7EuWqQ3GgQ1R,Eric,Johnson,Eric M. Johnson,Finance Manager,Operations,eric.johnson.7460-2187@example.invalid,+1-912-555-0144,6306 Bray Knolls,Summit Glen,TX,92049,United States,Event,2023-07-24T16:40:32Z,0,001xCcjaWJxjfQtAJX,
003cpBqn1eJeytcAFM,Jeffrey,Foley,Jeffrey C. Foley,Business Analyst,Sales,jeffrey.foley.1317-701@example.invalid,+1-777-555-0157,429 Ricky Mountain,Cedar Crossing,TX,27508,United States,Web,2022-09-03T12:27:25Z,0,001lpuGrFmSTBnuY0M,
003UCqQkPR1i6xLQQO,Heather,Allen,Heather A. Allen,Business Analyst,Operations,heather.allen.7513-2757@example.invalid,+1-703-555-0113,890 Tony Street,Northhaven,MA,34695,United States,Organic Search,2021-11-28T14:54:05Z,1,001e0UGOTVraqTKQN3,
003A5xFu6Tp1zzlIZE,Cameron,Boyer,Cameron D. Boyer,Finance Manager,Engineering,cameron.boyer.0189-1245@example.invalid,+1-312-555-0163,54352 Walter Turnpike,Willow Harbor,TX,98033,United States,Customer Referral,2025-05-07T22:06:38Z,0,001PygtS3FHgKj8Q8G,0031zBg6AMIS6xMQMH
003LQrMtLHt5wQEYE4,Theresa,Phillips,Theresa K. Phillips,Finance Manager,Customer Success,theresa.phillips.9316-6052@example.invalid,+1-307-555-0106,34899 Mark Station,Cedar Crossing,OR,57714,United States,Partner Referral,2026-04-06T15:43:26Z,0,001We3no8uGmxSIY96,
003lIfkY1hRgKm4YUT,Tanner,Martin,Tanner R. Martin,Engineering Manager,Operations,tanner.martin.1152-0470@example.invalid,+1-771-555-0157,4459 Daniel Coves,Alder Bay,WA,68554,United States,Partner Referral,2025-11-20T00:34:14Z,0,001PygtS3FHgKj8Q8G,
003lZRttcGpB1etYSU,Bradley,Cohen,Bradley J. Cohen,Engineering Manager,Sales,bradley.cohen.2375-2675@example.invalid,+1-611-555-0186,5394 Kimberly Village,Lake Briar,TX,49702,United States,Organic Search,2024-10-18T05:16:16Z,0,001Ivgehi2RhpxmIXK,
003bUNcpcDfbmERAX3,Tonya,Lewis,Tonya T. Lewis,Customer Success Manager,Engineering,tonya.lewis.4037-3644@example.invalid,+1-672-555-0107,66725 Shane Fields,Lake Briar,WA,72139,United States,Outbound,2025-09-03T13:23:58Z,0,001FzQ1Vu9hM4AsIVS,
003dgi6puTJVuS7QB6,Michael,Cohen,Michael J. Cohen,Product Manager,Procurement,michael.cohen.0976-6059@example.invalid,+1-412-555-0142,542 Steve Garden,Willow Harbor,TX,30611,United States,Event,2023-05-30T00:53:57Z,0,001ev39cBq0xejNIY0,
003WGGhN9vqGYtMIBS,Jeffery,Johnson,Jeffery W. Johnson,Operations Lead,Procurement,jeffery.johnson.2912-6383@example.invalid,+1-605-555-0156,471 Sarah Branch,Alder Bay,CO,35547,United States,Customer Referral,2026-05-05T18:29:14Z,0,001IZMzpc9F1Z8oAA7,003VFTZy2oG0jsrAS1
003d3lc3YNC33PnQ9O,Jonathan,Harris,Jonathan J. Harris,Business Analyst,Operations,jonathan.harris.9017-2470@example.invalid,+1-611-555-0123,3500 Collin Shore,Willow Harbor,OR,86973,United States,Partner Referral,2023-10-29T07:25:43Z,0,001iIp10CH2rdjrQCH,
003g8C7MPRmlNHTYYN,Brian,Snyder,Brian H. Snyder,Finance Manager,Finance,brian.snyder.4610-6806@example.invalid,+1-672-555-0145,29677 Travis Island,Lake Briar,OR,80084,United States,Organic Search,2022-11-11T17:50:22Z,0,001TZ4qzm6M8oduYTH,
0036L1PV31AwH0EIFZ,Andrew,Williams,Andrew M. Williams,Account Director,Sales,andrew.williams.5148-3006@example.invalid,+1-472-555-0145,7054 Chad Spring,Northhaven,MA,41703,United States,Outbound,2025-09-28T19:34:49Z,0,001Ivgehi2RhpxmIXK,
003lB2NenmLqpSgANW,Thomas,Russo,Thomas J. Russo,Customer Success Manager,Customer Success,thomas.russo.5339-9314@example.invalid,+1-403-555-0176,334 Henderson Isle,Summit Glen,CA,80224,United States,Web,2021-06-01T22:17:57Z,0,001Ql5gfswhLAUiIZH,
003NlXAe6NaQRtvYDS,Michael,Gonzales,Michael T. Gonzales,Customer Success Manager,Finance,michael.gonzales.5865-8385@example.invalid,+1-771-555-0118,693 Nathan Expressway,Alder Bay,NC,45007,United States,Outbound,2025-12-10T19:28:16Z,0,001CtKb9oj7o8JaYFV,
0031hsI8yhK8t9wA42,Mark,Walsh,Mark R. Walsh,Account Director,Operations,mark.walsh.9641-0499@example.invalid,+1-771-555-0110,16944 Elizabeth Divide,Summit Glen,CA,13368,United States,Event,2023-07-29T07:56:37Z,0,001e5khOQO7raMEQ3D,
003RQpJS1rnZYjBAQ9,Gerald,Lane,Gerald M. Lane,Product Manager,Sales,gerald.lane.5417-9717@example.invalid,+1-702-555-0173,4261 Anderson Mills,Cedar Crossing,OR,24598,United States,Customer Referral,2025-09-21T15:24:27Z,0,001RGWydjko0QMRY5C,
003KNJslKRqzwuIIK3,Alexandra,Martinez,Alexandra T. Martinez,Engineering Manager,Procurement,alexandra.martinez.8503-1044@example.invalid,+1-211-555-0154,924 Johnson Trace,Northhaven,MA,64803,United States,Event,2022-07-20T09:28:41Z,0,001IQen5JJcxOzsYOT,
0030VnwN9BYQ14jQG1,Chelsea,Johnson,Chelsea J. Johnson,Business Analyst,Marketing,chelsea.johnson.1270-4522@example.invalid,+1-607-555-0166,54064 Julie Pines,Alder Bay,CA,73666,United States,Organic Search,2022-08-23T23:49:55Z,0,001RiZCg1UERbAvQWO,
003s9U7a1ig8ZgrYE3,Kristen,Villa,Kristen J. Villa,Finance Manager,Engineering,kristen.villa.7840-2047@example.invalid,+1-205-555-0151,2723 Taylor Groves,Northhaven,NC,35700,United States,Organic Search,2024-12-12T02:39:54Z,0,001KqKN8Jf0F9i9AKQ,
003D0r5zC0keCSRAML,Stacey,Whitaker,Stacey M. Whitaker,Account Director,Marketing,stacey.whitaker.3976-4198@example.invalid,+1-903-555-0179,8385 Sharp Crossing,Alder Bay,OR,82083,United States,Partner Referral,2021-10-25T02:22:29Z,0,0012n9SIy3FafTfYR5,
003RhpuylDoRqW2I9Z,Kurt,Spencer,Kurt D. Spencer,Solutions Architect,Marketing,kurt.spencer.4404-9424@example.invalid,+1-607-555-0116,38615 Koch Underpass,Willow Harbor,OR,47886,United States,Partner Referral,2025-06-19T22:48:16Z,0,001j6nRokzRlCs1Y07,
003y9SsEVdR3VdTAKG,Tonya,Garcia,Tonya O. Garcia,Operations Lead,Sales,tonya.garcia.1012-953@example.invalid,+1-907-555-0116,46545 Stewart Loaf,Summit Glen,TX,24788,United States,Customer Referral,2021-05-06T21:02:59Z,0,0011qafIoKOaGWeA3A,003IDLAnjAhQBBjAVX
003H3lQtDZhSet3AQI,Kristine,Phillips,Kristine K. Phillips,Solutions Architect,Procurement,kristine.phillips.9155-6201@example.invalid,+1-312-555-0117,793 Sharp Throughway,Lake Briar,CO,45421,United States,Web,2025-12-07T13:25:16Z,0,0017zKMESrLRf4iY3C,
003hhxZFiMZEnBvAAR,Justin,Palmer,Justin G. Palmer,Business Analyst,Marketing,justin.palmer.2624-0851@example.invalid,+1-915-555-0119,70457 Reeves Shore,Lake Briar,OR,79361,United States,Partner Referral,2022-12-27T01:26:07Z,1,001Ivgehi2RhpxmIXK,
003pYsDbFAb1cBrY8U,Sarah,Lutz,Sarah M. Lutz,Finance Manager,Customer Success,sarah.lutz.7145-5704@example.invalid,+1-917-555-0185,38003 Anna Village,Cedar Crossing,NC,24275,United States,Organic Search,2024-09-28T23:35:08Z,0,001CXiPlYrfwSgoQU2,
003PX6YsKg0weOKIQC,Marvin,Howard,Marvin S. Howard,Account Director,Finance,marvin.howard.9239-5481@example.invalid,+1-607-555-0103,92231 Paul Prairie,Willow Harbor,CO,73086,United States,Event,2024-07-13T15:49:55Z,0,001qn0PeVSegyj1AFD,003hl7pZAG0UVWaIY9
003C5H0i3f2GJWUIBA,Natasha,Taylor,Natasha L. Taylor,Finance Manager,Finance,natasha.taylor.4689-3555@example.invalid,+1-901-555-0104,4108 Kurt Grove,Alder Bay,NC,63907,United States,Event,2024-03-26T00:33:25Z,0,001KKprsa8fDGWEQ2J,
003aKKU9yG3DomjI1Q,Johnny,Clark,Johnny J. Clark,Operations Lead,Marketing,johnny.clark.2250-7183@example.invalid,+1-275-555-0133,104 Joanne Mills,Northhaven,NC,15920,United States,Customer Referral,2024-12-04T05:28:49Z,0,001OH94vlTF3MI8Y08,00338Zpfu6vT22ZQ3O
0038Ax4M9YQiyOJIS1,Derrick,Ellison,Derrick R. Ellison,Solutions Architect,Procurement,derrick.ellison.5083-7446@example.invalid,+1-372-555-0179,961 Howe Roads,Lake Briar,WA,15354,United States,Partner Referral,2025-04-26T02:43:08Z,0,001mGDaaFm0faepARX,
003flXpFKtqP9t6Y13,Amanda,Adams,Amanda R. Adams,Solutions Architect,Finance,amanda.adams.0556-6624@example.invalid,+1-413-555-0103,17682 Kemp Island,Lake Briar,CA,99461,United States,Web,2021-04-16T06:44:14Z,0,001HMeyM0ISzwz5I0E,
003OFnWHVSdBBPsYSX,Amy,Mendoza,Amy M. Mendoza,Customer Success Manager,Engineering,amy.mendoza.8369-2536@example.invalid,+1-915-555-0178,87887 Mcfarland Lights,Lake Briar,TX,42531,United States,Customer Referral,2021-11-16T10:33:51Z,0,0014WYoiYbOMlUgQDX,
0030MirUUlJD0U1AIA,Amy,Barker,Amy S. Barker,Engineering Manager,Operations,amy.barker.8191-6838@example.invalid,+1-273-555-0132,8235 Samuel Mountain,Lake Briar,WA,90785,United States,Partner Referral,2024-09-02T06:26:26Z,0,001lpuGrFmSTBnuY0M,
003Yxy3ttOLHklxQ57,Cheryl,Proctor,Cheryl M. Proctor,Business Analyst,Sales,cheryl.proctor.7961-7446@example.invalid,+1-203-555-0199,3205 Suzanne Lake,Summit Glen,NC,18254,United States,Organic Search,2026-06-19T12:26:48Z,0,001wXq5LbckG7u9AEU,
0036pKyOJBgDLuPISS,Kevin,Mcgee,Kevin E. Mcgee,Product Manager,Marketing,kevin.mcgee.2121-9533@example.invalid,+1-672-555-0107,4643 Veronica Centers,Northhaven,CA,15767,United States,Outbound,2025-02-02T21:25:06Z,0,0011Ah4A4sWSLAjA4O,
003BPQtv5KTD3t6AGG,Jennifer,Martinez,Jennifer L. Martinez,Business Analyst,Finance,jennifer.martinez.0755-4651@example.invalid,+1-612-555-0176,437 John Cliff,Cedar Crossing,NC,81600,United States,Web,2022-12-02T22:21:01Z,1,001ue1J9V7XEwHtA5N,
003SIbEzrYGgsFcQ55,Jennifer,Hoffman,Jennifer A. Hoffman,Customer Success Manager,Customer Success,jennifer.hoffman.5994-8294@example.invalid,+1-472-555-0140,927 Jones Walks,Willow Harbor,TX,67657,United States,Partner Referral,2026-03-01T21:53:48Z,0,,
003IRksS65HO8wmQ1A,Victoria,Macdonald,Victoria H. Macdonald,Solutions Architect,Customer Success,victoria.macdonald.5694-0316@example.invalid,+1-272-555-0113,1601 Anna Unions,Northhaven,TX,97351,United States,Partner Referral,2023-06-09T14:03:24Z,0,001Ivgehi2RhpxmIXK,
003MCrDeRRKQ3U1YH6,Jamie,Garcia,Jamie A. Garcia,Solutions Architect,Operations,jamie.garcia.1630-3992@example.invalid,+1-915-555-0131,002 Berry Park,Alder Bay,NC,88197,United States,Event,2023-09-25T02:25:45Z,0,001Mpzq9x2yVI5HAED,
003gSDQC7SFWB75I3N,Christopher,Wall,Christopher S. Wall,Engineering Manager,Marketing,christopher.wall.4666-2427@example.invalid,+1-272-555-0170,49288 Jones Stravenue,Alder Bay,OR,85247,United States,Partner Referral,2025-06-27T03:46:26Z,0,0010jBSxx9cNJfJI6H,003EXtBzfFLxFbpQ92
003GELqJgeaQWHwIPZ,Katie,Gallagher,Katie C. Gallagher,Account Director,Marketing,katie.gallagher.6813-7308@example.invalid,+1-673-555-0186,9481 Strong Points,Cedar Crossing,MA,11837,United States,Organic Search,2024-06-16T22:29:33Z,1,001qn0PeVSegyj1AFD,
003zoXe7FbPdXtfACG,Kenneth,Rollins,Kenneth J. Rollins,Product Manager,Customer Success,kenneth.rollins.6514-1968@example.invalid,+1-412-555-0126,407 Brooks Ports,Alder Bay,MA,96563,United States,Partner Referral,2026-02-17T19:37:21Z,0,,
003N6NTfiZ2tKsyI15,William,Gates,William B. Gates,Operations Lead,Marketing,william.gates.5966-208@example.invalid,+1-373-555-0195,1958 Tracy Turnpike,Willow Harbor,NC,79132,United States,Event,2022-09-14T10:30:53Z,0,001NQ7pQIMyLteLAHE,
003o5fQYAEwn5eCYPQ,Jason,Paul,Jason K. Paul,Engineering Manager,Sales,jason.paul.1331-7606@example.invalid,+1-615-555-0135,74026 Cooper Islands,Summit Glen,OR,11248,United States,Customer Referral,2026-01-26T08:41:48Z,0,0019laP52dnqWh3AF4,
003duIT5I8wlyJdYN3,Jordan,Clark,Jordan N. Clark,Business Analyst,Procurement,jordan.clark.5854-4092@example.invalid,+1-975-555-0137,9099 Douglas Parks,Alder Bay,WA,66970,United States,Event,2023-09-21T10:48:00Z,0,001veU1rKvNzbBRQ2J,
003B1KkPXByFmUdI6V,Justin,Turner,Justin J. Turner,Operations Lead,Engineering,justin.turner.2121-4147@example.invalid,+1-905-555-0166,634 Rachel Crescent,Summit Glen,TX,75560,United States,Web,2023-04-22T05:13:00Z,0,0012tOpQ4NIa7RbIUI,
003f9w9hQtlxEGRQQM,Clifford,Parker,Clifford K. Parker,Account Director,Procurement,clifford.parker.7084-9374@example.invalid,+1-201-555-0148,5659 Wendy Brook,Alder Bay,TX,26415,United States,Outbound,2023-11-25T18:33:46Z,0,0013e2Rh2QW4yB5YBM,
