Id,Name,StageName,CloseDate,Type,LeadSource,NextStep,ForecastCategoryName,CurrencyIsoCode,Description,CreatedDate,IsClosed,IsWon,Probability,Amount,AccountId,CampaignId,Pricebook2Id,SyncedQuoteId
52tXl8ylcDz2RlRQ2J,Peregrine Hollow Keystone Global Collective - Adaptive Pioneer Hardware Foundation Nova New Business,Qualification,2027-06-18,New Customer,Outbound,Schedule review,Pipeline,USD,Synthetic opportunity generated from aggregate CRM structure only.,2026-06-19T06:50:55Z,0,0,20.0,39079.14,,701C5GBKeBniO3YY7J,01sQ4LtuJF9K1vlMFT,
711XnpU5BC0GELIQ7O,Oakmere Moonridge Coastal Partners - Dynamic Harbor Support Scale Zenith Renewal,Needs Analysis,2027-02-05,Existing Customer - Upgrade,Partner Referral,Finalize terms,Pipeline,USD,Synthetic opportunity generated from aggregate CRM structure only.,2025-12-24T04:45:01Z,0,0,35.0,779792.61,001JLvRCLNllmEyYER,,01sf902KvuoXgXtOGX,
816p3J8VmnEOsVcISX,Novacairn Redwood Summit Works - Integrated Compass Data Platform Ultimate Cobalt Renewal,Needs Analysis,2026-06-12,New Customer,Event,Finalize terms,Pipeline,USD,Synthetic opportunity generated from aggregate CRM structure only.,2025-12-07T18:24:30Z,0,0,35.0,921352.64,001AZHmNsDfQdrZQQD,,01sLoYtuPuiAhJSKZN,0Q02rF80Ujouh1x00J
0068jH15h6z8GI9IK4,Morrowfen Stonebridge Pacific Industries - Modular Summit Support Edge Pulse New Business,Closed Lost,2024-03-24,Existing Customer - Renewal,Customer Referral,Prepare proposal,Closed,USD,Synthetic opportunity generated from aggregate CRM structure only.,2023-05-24T14:42:53Z,1,0,0.0,1002839.98,001yVmlwCnpWY0fA4W,,01sf902KvuoXgXtOGX,0Q0CvjO8ZMb9ED1CN5
510jeTNS5V4arVzQ1Z,Latticebrook Bluecrest Lakeside Systems - Precision Lattice Data Platform Foundation Atlas Renewal,Value Proposition,2026-09-20,New Customer,Event,Prepare proposal,Best Case,USD,Synthetic opportunity generated from aggregate CRM structure only.,2025-12-05T01:36:03Z,0,0,50.0,324392.18,001LvVfPxnoy5b1YY0,,01sf902KvuoXgXtOGX,
00631F4ooCdwrqsY33,Kestrel Arc Clearpath Eastern Collective - Rapid Ember Support Scale Horizon Expansion,Needs Analysis,2026-08-12,Existing Customer - Renewal,Web,Confirm requirements,Pipeline,USD,Synthetic opportunity generated from aggregate CRM structure only.,2025-12-31T21:00:15Z,0,0,35.0,1702216.05,001oPLQgL6DtzXuQJ9,,01sf902KvuoXgXtOGX,
006X3pcjRcV8adCAO1,Juniper Vale Evergreen Western Logistics - Unified Vertex Hardware Ultimate Pulse Renewal,Value Proposition,2027-03-08,New Customer,Web,Finalize terms,Best Case,USD,Synthetic opportunity generated from aggregate CRM structure only.,2026-01-12T23:12:23Z,0,0,50.0,2341934.09,001G40EGKjt7p96I7T,701eYR0IxKvWggxING,01sQ4LtuJF9K1vlMFT,0Q0mEYzCyUumT5p08G
0065LAI2nJdsHUBYK1,Ivorypine Goldenleaf Regional Works - Adaptive Orbit Data Platform Essential Aurora Expansion,Needs Analysis,2027-01-13,New Customer,Organic Search,Confirm requirements,Pipeline,USD,Synthetic opportunity generated from aggregate CRM structure only.,2026-03-11T11:29:29Z,0,0,35.0,26197.7,0012Sv7fgBrqn2tAX8,701DNuvDGEm4hghY4U,01sLoYtuPuiAhJSKZN,
006ynW7PBgOdgXiISI,Harborlume Ironwood Lakeside Industries - Dynamic Foundry Advisory Premier Ion Renewal,Closed Won,2023-03-10,New Customer,Partner Referral,Prepare proposal,Closed,USD,Synthetic opportunity generated from aggregate CRM structure only.,2022-12-21T02:09:11Z,1,1,100.0,1259431.74,001N2mO6ogfdaXBYDK,,01sLoYtuPuiAhJSKZN,0Q0pTESXUksp8qRKR8
006lsVcb21ouqEAQD7,Glimmerforge Keystone Eastern Systems - Integrated Beacon Advisory Select Solstice Expansion,Closed Won,2026-02-11,New Customer,Organic Search,Finalize terms,Closed,USD,Synthetic opportunity generated from aggregate CRM structure only.,2025-06-22T10:47:33Z,1,1,100.0,1773350.08,001Ql5gfswhLAUiIZH,701C5GBKeBniO3YY7J,01sf902KvuoXgXtOGX,0Q0p0qInI3rvKx0KZ0
006YGSDbGRzAnXnQUP,Fablecrest Moonridge Western Analytics - Modular Pioneer Training Vertex Aurora New Business,Closed Won,2025-04-02,Existing Customer - Upgrade,Outbound,Confirm requirements,Closed,USD,Synthetic opportunity generated from aggregate CRM structure only.,2024-07-16T00:04:04Z,1,1,100.0,1575333.97,001NlUpPvRS2wnzIYM,701PnzYm01TO5qEICN,01sLoYtuPuiAhJSKZN,
006s5Wcsq3nRg2iY3U,Evertrail Redwood Regional Logistics - Precision Harbor Data Platform Essential Meridian Expansion,Needs Analysis,2026-06-12,Existing Customer - Upgrade,Partner Referral,Schedule review,Pipeline,USD,Synthetic opportunity generated from aggregate CRM structure only.,2025-02-04T22:22:33Z,0,0,35.0,134183.17,0018sCn7wzuyGKcIWS,,01sf902KvuoXgXtOGX,
006jkB0rX83XBLBQ0M,Deltora Stonebridge Lakeside Works - Rapid Compass Hardware Premier Vector New Business,Value Proposition,2027-05-17,Existing Customer - Renewal,Partner Referral,Finalize terms,Best Case,USD,Synthetic opportunity generated from aggregate CRM structure only.,2025-12-18T14:59:52Z,0,0,50.0,765708.11,0011y3R0qW4167MAMP,7014Mb0gQuVkT1cIP4,01sLoYtuPuiAhJSKZN,
0065Qxa1qeTLEEUACK,Cinderquill Bluecrest Frontier Industries - Unified Summit Data Platform Select Cascade Renewal,Closed Won,2022-07-18,Existing Customer - Renewal,Outbound,Confirm requirements,Closed,USD,Synthetic opportunity generated from aggregate CRM structure only.,2021-12-10T06:12:27Z,1,1,100.0,1508213.66,001JZ9Av5CClhiKIID,,01sLoYtuPuiAhJSKZN,0Q0zm9qo7s9wdYKSCU
006lIGLX4BHWuZhIDK,Brindlewave Clearpath Worldwide Partners - Adaptive Lattice Advisory Core Nova Expansion,Needs Analysis,2027-02-22,New Customer,Partner Referral,Schedule review,Pipeline,USD,Synthetic opportunity generated from aggregate CRM structure only.,2026-06-22T18:13:48Z,0,0,35.0,1183707.04,001JX719udcxa4uA9H,701qSlEpW8tT5lJI6V,01sf902KvuoXgXtOGX,0Q0hzIf0QO9xXQ90HW
520XJrk2Cut9UV0QB6,Avenlo Evergreen Southern Analytics - Dynamic Ember Cloud Service Enterprise Zenith Expansion,Needs Analysis,2027-02-06,Existing Customer - Renewal,Web,Prepare proposal,Pipeline,USD,Synthetic opportunity generated from aggregate CRM structure only.,2026-03-02T18:43:00Z,0,0,35.0,1592975.02,00134kztbICJD2tYCZ,,01sLoYtuPuiAhJSKZN,0Q0VOT6DEeMaocfS08
006lZoIVAKFfXeOA5D,Rivermark Farpoint Northern Logistics - Elastic Vertex Data Platform Professional Cobalt Expansion,Value Proposition,2026-05-17,Existing Customer - Renewal,Customer Referral,Finalize terms,Best Case,USD,Synthetic opportunity generated from aggregate CRM structure only.,2026-02-05T16:18:49Z,0,0,50.0,980316.05,001QMRyBoOV9ydJAFR,7014xC7ldfv7uGYYZO,01sLoYtuPuiAhJSKZN,
80iq1Bh2MseHsg3YUS,Quarrylight Highland Frontier Works - Modular Orbit Training Standard Nova Expansion,Value Proposition,2026-06-05,New Customer,Organic Search,Confirm requirements,Best Case,USD,Synthetic opportunity generated from aggregate CRM structure only.,2025-03-16T14:54:34Z,0,0,50.0,1514375.3,001FVBcrH6719XQAUS,,01sQ4LtuJF9K1vlMFT,0Q0TAijfr0Pe18ZCWN
006NeJlsYNuod3eAS2,Peregrine Hollow Juniper Worldwide Collective - Precision Foundry Data Platform Core Atlas Renewal,Qualification,2026-10-29,Existing Customer - Renewal,Customer Referral,Prepare proposal,Pipeline,USD,Synthetic opportunity generated from aggregate CRM structure only.,2025-11-07T18:43:03Z,0,0,20.0,1913267.9,001qP46mGWsPnuOQ5R,701316oqPXGTr5DIOR,01sJqGPflRJqwqCPRW,0Q0gbrPmeCCIrBXKCK
711i5BYjcggdOQJADX,Oakmere Longview Southern Partners - Rapid Beacon Data Platform Enterprise Horizon Expansion,Qualification,2026-12-19,Existing Customer - Renewal,Event,Schedule review,Pipeline,USD,Synthetic opportunity generated from aggregate CRM structure only.,2026-03-17T11:00:07Z,0,0,20.0,938020.56,001LInXZfFVYqWIIEB,701eYR0IxKvWggxING,01sJqGPflRJqwqCPRW,0Q0vJGfZRVU17GBK8G
0061qThIuslKrF7IVW,Novacairn Northstar Northern Analytics - Unified Pioneer Cloud Service Professional Pulse Expansion,Value Proposition,2026-11-15,New Customer,Web,Finalize terms,Best Case,USD,Synthetic opportunity generated from aggregate CRM structure only.,2026-06-05T18:42:28Z,0,0,50.0,1047511.71,001wOS4RTezb6AxY4U,,01sf902KvuoXgXtOGX,
02tvRmJ3KgjkxLBYSA,Morrowfen Silverline Frontier Logistics - Adaptive Harbor Hardware Ultimate Atlas Expansion,Needs Analysis,2026-12-22,Existing Customer - Renewal,Organic Search,Finalize terms,Pipeline,USD,Synthetic opportunity generated from aggregate CRM structure only.,2026-04-20T11:36:53Z,0,0,35.0,38469.99,001a3aFjkJfo7TTICC,,01sf902KvuoXgXtOGX,0Q0GxBSDKnEyjqsK9F
82tnYx1ZtV6XFuRQMB,Latticebrook Westwind Worldwide Systems - Dynamic Compass Training Edge Ion Renewal,Negotiation/Review,2027-02-04,New Customer,Web,Confirm requirements,Commit,USD,Synthetic opportunity generated from aggregate CRM structure only.,2026-11-09T11:33:34Z,0,0,75.0,739143.42,001kaydhB78AJPJIWK,,01sQ4LtuJF9K1vlMFT,0Q0RmWc2MZ1vFPgSTX
5206qpXvNKeGgGLYN7,Kestrel Arc Brightwater Summit Collective - Elastic Summit Advisory Foundation Solstice Renewal,Qualification,2027-06-02,New Customer,Organic Search,Confirm requirements,Pipeline,USD,Synthetic opportunity generated from aggregate CRM structure only.,2026-04-20T05:03:22Z,0,0,20.0,2421936.03,001j6nRokzRlCs1Y07,,01sLoYtuPuiAhJSKZN,
006Cabd2xs6t4XgQVY,Juniper Vale Copperfield Pacific Partners - Modular Lattice Advisory Scale Aurora Expansion,Qualification,2027-06-09,Existing Customer - Upgrade,Event,Prepare proposal,Pipeline,USD,Synthetic opportunity generated from aggregate CRM structure only.,2026-11-13T20:09:36Z,0,0,20.0,2426438.18,00134G8VQW0MQTYI8N,7013ji5fs9KRMNZIMZ,01sLoYtuPuiAhJSKZN,0Q0HNUvcSID21N4KW8
7112i1Hr50yHeraQMN,Ivorypine Farpoint Global Analytics - Precision Ember Hardware Ultimate Ion Renewal,Closed Lost,2022-09-18,Existing Customer - Upgrade,Organic Search,Schedule review,Closed,USD,Synthetic opportunity generated from aggregate CRM structure only.,2022-07-09T00:33:57Z,1,0,0.0,1194850.89,001AZHmNsDfQdrZQQD,701fmMnRrUO2XdcI3Y,01sQ4LtuJF9K1vlMFT,0Q0vrlPFFWEc6vqKU0
816OkDXbVyllg8hYUU,Harborlume Highland Coastal Logistics - Quantum Vertex Cloud Service Edge Vector Expansion,Closed Lost,2025-09-15,New Customer,Partner Referral,Confirm requirements,Closed,USD,Synthetic opportunity generated from aggregate CRM structure only.,2024-10-04T19:59:51Z,1,0,0.0,213098.33,001OH94vlTF3MI8Y08,,01sQ4LtuJF9K1vlMFT,
0204HF7wVTuoVneYOB,Glimmerforge Juniper Summit Systems - Unified Orbit Data Platform Foundation Cascade New Business,Value Proposition,2027-05-31,Existing Customer - Upgrade,Event,Confirm requirements,Best Case,USD,Synthetic opportunity generated from aggregate CRM structure only.,2026-10-29T04:51:43Z,0,0,50.0,1896290.08,001aJFstC9yWgafQNG,701dvFZxXgmRnlIQM7,01sf902KvuoXgXtOGX,0Q0hATM9BhDPJMICVA
006NP7nicN4ZuyJIAI,Fablecrest Longview Pacific Collective - Adaptive Foundry Hardware Select Meridian Renewal,Qualification,2026-06-15,New Customer,Partner Referral,Schedule review,Pipeline,USD,Synthetic opportunity generated from aggregate CRM structure only.,2025-11-28T05:07:34Z,0,0,20.0,2448895.61,0016bs349lxRsmUQ0V,,01sQ4LtuJF9K1vlMFT,
006lj43LWcVxgCsY4L,Evertrail Northstar Global Partners - Dynamic Beacon Hardware Vertex Vector Renewal,Closed Won,2025-02-21,Existing Customer - Renewal,Event,Finalize terms,Closed,USD,Synthetic opportunity generated from aggregate CRM structure only.,2025-01-05T21:47:50Z,1,1,100.0,1305200.93,001FHyBhLc8CzxgIVO,,01sLoYtuPuiAhJSKZN,
52tXAevScYksrsQQ5B,Deltora Silverline Coastal Analytics - Elastic Pioneer Advisory Essential Cobalt Expansion,Value Proposition,2027-03-23,New Customer,Outbound,Prepare proposal,Best Case,USD,Synthetic opportunity generated from aggregate CRM structure only.,2026-11-25T18:09:26Z,0,0,50.0,1038660.62,001Ql5gfswhLAUiIZH,7010j7HiIFs5acMAA2,01sLoYtuPuiAhJSKZN,
816mvBBvLAo5nuTQ8Q,Cinderquill Westwind Summit Industries - Modular Harbor Advisory Premier Nova New Business,Closed Won,2023-04-14,Existing Customer - Renewal,Web,Prepare proposal,Closed,USD,Synthetic opportunity generated from aggregate CRM structure only.,2022-12-02T05:03:28Z,1,1,100.0,841258.86,001cnLEQk5pZMibQH2,,01sLoYtuPuiAhJSKZN,
52629MYorTUtV6CYEY,Brindlewave Brightwater Regional Systems - Precision Compass Hardware Select Zenith Renewal,Needs Analysis,2026-05-09,New Customer,Organic Search,Prepare proposal,Pipeline,USD,Synthetic opportunity generated from aggregate CRM structure only.,2026-03-02T17:47:27Z,0,0,35.0,482508.28,001gcyiBi1aOx6uAJ7,,01sf902KvuoXgXtOGX,
701NSbF00SUzh9SINY,Avenlo Copperfield Lakeside Collective - Quantum Summit Data Platform Vertex Cobalt Renewal,Needs Analysis,2026-05-28,Existing Customer - Upgrade,Partner Referral,Prepare proposal,Pipeline,USD,Synthetic opportunity generated from aggregate CRM structure only.,2025-12-02T10:07:53Z,0,0,35.0,2062828.8,001R0OuIWPEowdMYT2,,01sQ4LtuJF9K1vlMFT,
006MpWBGoNhmLKWYMH,Rivermark Evergreen Eastern Partners - Unified Lattice Support Essential Pulse Renewal,Closed Lost,2024-12-19,Existing Customer - Renewal,Event,Confirm requirements,Closed,USD,Synthetic opportunity generated from aggregate CRM structure only.,2024-08-16T12:49:58Z,1,0,0.0,1047855.52,001BAfwqbwr0TsUA0T,,01sLoYtuPuiAhJSKZN,0Q0tSOX5727ITrRS9A
006him88BidBWvgAE5,Quarrylight Goldenleaf Western Works - Adaptive Ember Training Professional Atlas Expansion,Closed Lost,2023-06-03,New Customer,Web,Schedule review,Closed,USD,Synthetic opportunity generated from aggregate CRM structure only.,2023-02-25T16:59:41Z,1,0,0.0,1471437.15,001N2mO6ogfdaXBYDK,,01sLoYtuPuiAhJSKZN,
006KLFzhTTzXvGNARK,Peregrine Hollow Ironwood Regional Industries - Connected Vertex Cloud Service Standard Horizon New Business,Negotiation/Review,2027-04-24,New Customer,Event,Prepare proposal,Commit,USD,Synthetic opportunity generated from aggregate CRM structure only.,2025-11-29T10:31:17Z,0,0,75.0,240530.23,001CobSEZTi3dLCAGD,701zPCT7q7BesAmYT9,01sQ4LtuJF9K1vlMFT,
00637kOJWWqJdXyIJE,Oakmere Keystone Lakeside Systems - Elastic Orbit Hardware Core Solstice New Business,Prospecting,2027-06-26,Existing Customer - Upgrade,Web,Confirm requirements,Pipeline,USD,Synthetic opportunity generated from aggregate CRM structure only.,2026-02-07T13:56:32Z,0,0,10.0,76161.31,001gQSNxeXgntf7YR3,701PnzYm01TO5qEICN,01sf902KvuoXgXtOGX,
006M94a2REWmCy0I1A,Novacairn Moonridge Eastern Collective - Modular Foundry Hardware Enterprise Aurora Expansion,Negotiation/Review,2026-09-29,Existing Customer - Renewal,Event,Confirm requirements,Commit,USD,Synthetic opportunity generated from aggregate CRM structure only.,2026-03-13T16:46:47Z,0,0,75.0,638124.87,001ue1J9V7XEwHtA5N,701dvFZxXgmRnlIQM7,01sQ4LtuJF9K1vlMFT,0Q0OoDzgp1xtWvx0K6
526DSTzK3o2GZhtAD3,Morrowfen Redwood Western Logistics - Precision Beacon Training Professional Ion New Business,Qualification,2026-10-06,Existing Customer - Renewal,Outbound,Confirm requirements,Pipeline,USD,Synthetic opportunity generated from aggregate CRM structure only.,2026-02-13T12:58:19Z,0,0,20.0,487269.25,001Pv3IESUoMrhiAAG,,01sJqGPflRJqwqCPRW,
720ny8nFJHudrPnARO,Latticebrook Stonebridge Regional Works - Quantum Pioneer Cloud Service Standard Solstice Renewal,Closed Lost,2023-01-09,Existing Customer - Upgrade,Organic Search,Confirm requirements,Closed,USD,Synthetic opportunity generated from aggregate CRM structure only.,2022-01-16T20:19:06Z,1,0,0.0,1485622.51,001yvWhfz01vDWFY3M,,01sLoYtuPuiAhJSKZN,
711igRXfJ6BhQOgAQ0,Kestrel Arc Bluecrest Northern Industries - Unified Harbor Hardware Core Cascade Expansion,Negotiation/Review,2026-09-04,Existing Customer - Upgrade,Partner Referral,Finalize terms,Commit,USD,Synthetic opportunity generated from aggregate CRM structure only.,2025-03-13T19:59:24Z,0,0,75.0,1483338.01,001Oil2EokU3tWpID9,701C5GBKeBniO3YY7J,01sLoYtuPuiAhJSKZN,
006W5QzGEBHphMsQSX,Juniper Vale Clearpath Frontier Systems - Adaptive Compass Hardware Foundation Meridian Expansion,Qualification,2027-07-01,Existing Customer - Renewal,Partner Referral,Finalize terms,Pipeline,USD,Synthetic opportunity generated from aggregate CRM structure only.,2026-10-23T09:18:52Z,0,0,20.0,1545921.07,001zOsseTV2G23QAKL,,01sQ4LtuJF9K1vlMFT,0Q0N6oYw6rm5TzGCMX
80iYCIChrIJKE2ZIAR,Ivorypine Evergreen Worldwide Analytics - Connected Summit Data Platform Scale Vector Renewal,Value Proposition,2027-04-24,Existing Customer - Renewal,Customer Referral,Schedule review,Best Case,USD,Synthetic opportunity generated from aggregate CRM structure only.,2026-04-12T19:02:47Z,0,0,50.0,1632577.72,001F0saAL86T3h5IUF,,01sLoYtuPuiAhJSKZN,0Q0e3whkFbwnD130MR
01t6KOBy3HBszRYIB8,Harborlume Goldenleaf Southern Logistics - Elastic Lattice Hardware Ultimate Cascade Expansion,Value Proposition,2027-05-30,New Customer,Customer Referral,Finalize terms,Best Case,USD,Synthetic opportunity generated from aggregate CRM structure only.,2026-09-14T13:12:43Z,0,0,50.0,2170197.93,001CWFhyR8QJd16AFG,,01sQ4LtuJF9K1vlMFT,
006xQi6si2wAxTTQRH,Glimmerforge Ironwood Northern Works - Modular Ember Data Platform Edge Nova Expansion,Closed Lost,2024-09-21,Existing Customer - Upgrade,Event,Schedule review,Closed,USD,Synthetic opportunity generated from aggregate CRM structure only.,2023-12-21T10:15:32Z,1,0,0.0,64263.24,001RiZCg1UERbAvQWO,701BP1P0a1hwEg9QVB,01sf902KvuoXgXtOGX,0Q03r2SFx60KrJVSX8
021eKdhMYbzXcloIFK,Fablecrest Keystone Frontier Industries - Open Vertex Support Foundation Zenith New Business,Negotiation/Review,2026-08-12,New Customer,Outbound,Finalize terms,Commit,USD,Synthetic opportunity generated from aggregate CRM structure only.,2026-02-09T03:39:54Z,0,0,75.0,482527.15,001aJFstC9yWgafQNG,7017jaJGBUyVDFxICV,01sf902KvuoXgXtOGX,
7109fVIumfYROxoYBY,Evertrail Moonridge Worldwide Partners - Quantum Orbit Support Scale Cobalt Expansion,Needs Analysis,2027-02-04,Existing Customer - Renewal,Web,Prepare proposal,Pipeline,USD,Synthetic opportunity generated from aggregate CRM structure only.,2026-09-13T11:00:04Z,0,0,35.0,618635.53,001BJaRoad36sorI41,7014Mb0gQuVkT1cIP4,01sLoYtuPuiAhJSKZN,0Q0ulUA9WgoXVNkCEJ
006u0pkDXbsoW04Y5Q,Deltora Redwood Southern Analytics - Unified Foundry Hardware Ultimate Nova Expansion,Closed Won,2025-06-19,New Customer,Outbound,Confirm requirements,Closed,USD,Synthetic opportunity generated from aggregate CRM structure only.,2025-05-10T23:25:02Z,1,1,100.0,2232410.79,001j6nRokzRlCs1Y07,,01sQ4LtuJF9K1vlMFT,0Q0QWgnFMhe9OJE0DY
006aMy7xqM18jiyILB,Cinderquill Stonebridge Northern Logistics - Adaptive Beacon Cloud Service Essential Atlas Renewal,Needs Analysis,2026-11-06,New Customer,Organic Search,Finalize terms,Pipeline,USD,Synthetic opportunity generated from aggregate CRM structure only.,2025-10-14T00:31:31Z,0,0,35.0,2041873.25,001Pv3IESUoMrhiAAG,,01sLoYtuPuiAhJSKZN,
826G52r1iX8Nnp4QKI,Brindlewave Bluecrest Global Works - Connected Pioneer Data Platform Premier Horizon New Business,Negotiation/Review,2026-05-30,Existing Customer - Upgrade,Organic Search,Schedule review,Commit,USD,Synthetic opportunity generated from aggregate CRM structure only.,2026-02-02T15:25:33Z,0,0,75.0,380384.14,001Y7WfxpecwwzUQ8R,,01sLoYtuPuiAhJSKZN,
006ogjCc9l3TpyyQ43,Avenlo Clearpath Coastal Industries - Elastic Harbor Cloud Service Select Pulse Renewal,Needs Analysis,2026-05-10,Existing Customer - Renewal,Web,Prepare proposal,Pipeline,USD,Synthetic opportunity generated from aggregate CRM structure only.,2025-10-03T02:05:03Z,0,0,35.0,1923370.56,001jIiXAhBEHXIPYQP,701VENsf4RdiXcPYUH,01sLoYtuPuiAhJSKZN,
006QLmXIFixvAu5AMB,Rivermark Copperfield Summit Partners - Modular Compass Support Vertex Atlas Expansion,Negotiation/Review,2026-08-28,Existing Customer - Upgrade,Organic Search,Confirm requirements,Commit,USD,Synthetic opportunity generated from aggregate CRM structure only.,2026-04-17T15:46:39Z,0,0,75.0,2314553.96,00175Cmy8DqQrAKINI,,01sLoYtuPuiAhJSKZN,
006shRlqZmnnyfUYE0,Quarrylight Farpoint Pacific Analytics - Open Summit Training Essential Ion Renewal,Prospecting,2026-06-16,Existing Customer - Renewal,Partner Referral,Schedule review,Pipeline,USD,Synthetic opportunity generated from aggregate CRM structure only.,2025-04-25T16:58:00Z,0,0,10.0,1875109.97,001H2ifRi7MnAnLIKL,,01sf902KvuoXgXtOGX,
006QJIXxGyVD2r0AHP,Peregrine Hollow Highland Global Logistics - Quantum Lattice Advisory Premier Solstice Renewal,Negotiation/Review,2026-06-01,New Customer,Organic Search,Confirm requirements,Commit,USD,Synthetic opportunity generated from aggregate CRM structure only.,2026-04-18T21:46:23Z,0,0,75.0,2292839.08,00195IoHhooLntmYBW,,01sLoYtuPuiAhJSKZN,
0069DzgJkCYuxnZQ6R,Oakmere Juniper Coastal Works - Unified Ember Cloud Service Select Aurora Renewal,Negotiation/Review,2027-04-16,Existing Customer - Renewal,Partner Referral,Confirm requirements,Commit,USD,Synthetic opportunity generated from aggregate CRM structure only.,2026-12-31T07:28:20Z,0,0,75.0,1686801.24,001oPLQgL6DtzXuQJ9,,01sf902KvuoXgXtOGX,
006MxZA0ciM6u3FIK9,Novacairn Longview Summit Collective - Virtual Vertex Data Platform Vertex Ion Expansion,Closed Lost,2024-05-09,Existing Customer - Renewal,Event,Schedule review,Closed,USD,Synthetic opportunity generated from aggregate CRM structure only.,2023-07-25T00:14:50Z,1,0,0.0,1994694.55,001gcyiBi1aOx6uAJ7,,01sf902KvuoXgXtOGX,
511eM2lrl9Ozn6fAVQ,Morrowfen Northstar Pacific Partners - Connected Orbit Cloud Service Enterprise Vector Renewal,Qualification,2027-06-20,Existing Customer - Upgrade,Partner Referral,Schedule review,Pipeline,USD,Synthetic opportunity generated from aggregate CRM structure only.,2027-01-26T00:36:56Z,0,0,20.0,459166.59,001oowXHzEaXod1YS1,,01sLoYtuPuiAhJSKZN,
006EtRoI6GdsomhQGU,Latticebrook Silverline Global Analytics - Elastic Foundry Advisory Professional Cascade New Business,Qualification,2026-06-15,Existing Customer - Upgrade,Outbound,Finalize terms,Pipeline,USD,Synthetic opportunity generated from aggregate CRM structure only.,2025-10-31T01:13:00Z,0,0,20.0,2076273.81,001QlR8r1Q5bRm4IG1,,01sLoYtuPuiAhJSKZN,0Q05WxYJHMxyl0MKSI
0068BP6NxX5OGuRQAS,Kestrel Arc Westwind Coastal Logistics - Modular Beacon Hardware Standard Meridian Expansion,Negotiation/Review,2026-06-09,Existing Customer - Upgrade,Outbound,Prepare proposal,Commit,USD,Synthetic opportunity generated from aggregate CRM structure only.,2025-09-09T15:35:46Z,0,0,75.0,908083.69,001PUaO8FLbQ5tuY7R,701sbAyLwajaBknIUK,01sLoYtuPuiAhJSKZN,
006jXupHEEjjTNyQJK,Juniper Vale Brightwater Western Systems - Open Pioneer Data Platform Core Zenith Renewal,Qualification,2027-02-11,Existing Customer - Upgrade,Organic Search,Finalize terms,Pipeline,USD,Synthetic opportunity generated from aggregate CRM structure only.,2026-05-11T20:15:18Z,0,0,20.0,1146005.62,001b1XyoVMftFmnY3Z,,01sf902KvuoXgXtOGX,0Q0LiSknugQeJpHKIV
00i6MIAyfWb51IPI7H,Ivorypine Copperfield Regional Collective - Quantum Harbor Data Platform Enterprise Cobalt Renewal,Value Proposition,2026-08-28,Existing Customer - Renewal,Organic Search,Prepare proposal,Best Case,USD,Synthetic opportunity generated from aggregate CRM structure only.,2025-09-10T03:59:11Z,0,0,50.0,375403.62,001iIp10CH2rdjrQCH,701316oqPXGTr5DIOR,01sLoYtuPuiAhJSKZN,
006tqZWnOum7PAJYX6,Harborlume Farpoint Lakeside Partners - Unified Compass Hardware Professional Nova New Business,Closed Lost,2025-07-18,Existing Customer - Upgrade,Customer Referral,Confirm requirements,Closed,USD,Synthetic opportunity generated from aggregate CRM structure only.,2024-09-13T10:15:13Z,1,0,0.0,542675.74,001E8sva5lyIcGMIKX,701HZkqvaYkvEU4AAJ,01sf902KvuoXgXtOGX,0Q0epgLQ8J3kG2XSQB
006jUzASlsTXfepI65,Glimmerforge Highland Eastern Analytics - Virtual Summit Advisory Standard Zenith Expansion,Closed Won,2026-03-03,Existing Customer - Renewal,Organic Search,Confirm requirements,Closed,USD,Synthetic opportunity generated from aggregate CRM structure only.,2025-12-17T15:33:59Z,1,1,100.0,2108017.27,001eMGa7Y6CNd3wIQE,,01sf902KvuoXgXtOGX,
006KHnkfpxHJjhvA9C,Fablecrest Juniper Western Industries - Connected Lattice Data Platform Edge Horizon Renewal,Qualification,2027-04-07,New Customer,Partner Referral,Prepare proposal,Pipeline,USD,Synthetic opportunity generated from aggregate CRM structure only.,2026-01-31T09:50:10Z,0,0,20.0,1967129.59,0018haifivYezP7QUH,,01sf902KvuoXgXtOGX,0Q0DOaHsink8nRmKJT
006cRnOVinK8gXHA0R,Evertrail Longview Regional Systems - Elastic Ember Cloud Service Foundation Pulse Expansion,Needs Analysis,2027-07-01,Existing Customer - Upgrade,Outbound,Prepare proposal,Pipeline,USD,Synthetic opportunity generated from aggregate CRM structure only.,2026-10-27T05:35:56Z,0,0,35.0,60127.15,001MetGBUEn7phAIPH,701AUDOzK5kG0AQQW3,01sQ4LtuJF9K1vlMFT,
006I9L295zXfyQJIBG,Deltora Northstar Lakeside Collective - Integrated Vertex Advisory Scale Atlas Expansion,Prospecting,2026-06-06,Existing Customer - Renewal,Event,Confirm requirements,Pipeline,USD,Synthetic opportunity generated from aggregate CRM structure only.,2026-04-02T05:07:28Z,0,0,10.0,723815.8,001IqN1uANorRv0AGO,701PvobyJwhiNxZY1C,01sQ4LtuJF9K1vlMFT,0Q0uH7lPSjWBPttC3P
006Hh9cMgbG5BskAGG,Cinderquill Silverline Eastern Partners - Open Orbit Support Ultimate Horizon Renewal,Closed Won,2024-06-03,Existing Customer - Upgrade,Outbound,Schedule review,Closed,USD,Synthetic opportunity generated from aggregate CRM structure only.,2024-01-28T04:35:27Z,1,1,100.0,63365.69,,,01sQ4LtuJF9K1vlMFT,
006Acu1Q2oIdoSzY9H,Brindlewave Westwind Western Works - Quantum Foundry Support Edge Solstice New Business,Needs Analysis,2026-08-05,Existing Customer - Renewal,Event,Prepare proposal,Pipeline,USD,Synthetic opportunity generated from aggregate CRM structure only.,2025-06-02T20:47:15Z,0,0,35.0,656424.97,001cnLEQk5pZMibQH2,7014xC7ldfv7uGYYZO,01sf902KvuoXgXtOGX,
006vnzDj98Z7AyiACT,Avenlo Brightwater Southern Industries - Unified Beacon Training Foundation Aurora Expansion,Closed Won,2023-01-09,Existing Customer - Upgrade,Organic Search,Finalize terms,Closed,USD,Synthetic opportunity generated from aggregate CRM structure only.,2022-08-22T11:35:51Z,1,1,100.0,520031.65,001Ql5gfswhLAUiIZH,,01sLoYtuPuiAhJSKZN,
006ptlKteEjaZoiA7P,Rivermark Clearpath Northern Systems - Virtual Pioneer Cloud Service Scale Ion New Business,Needs Analysis,2026-09-19,Existing Customer - Renewal,Customer Referral,Finalize terms,Pipeline,USD,Synthetic opportunity generated from aggregate CRM structure only.,2025-08-10T03:52:33Z,0,0,35.0,168222.21,001G40EGKjt7p96I7T,,01sQ4LtuJF9K1vlMFT,0Q0PZCQbTEUY634SB3
700bvDr39A6fiQ0Q2S,Quarrylight Evergreen Frontier Collective - Connected Harbor Support Vertex Solstice Renewal,Needs Analysis,2027-03-23,Existing Customer - Upgrade,Event,Confirm requirements,Pipeline,USD,Synthetic opportunity generated from aggregate CRM structure only.,2027-02-19T16:18:19Z,0,0,35.0,2008389.5,001wZQxrqs61HJWYCI,,01sLoYtuPuiAhJSKZN,0Q0zCchcmdY2wZg0Q4
0169bF3F2SUcb85AFS,Peregrine Hollow Goldenleaf Worldwide Logistics - Elastic Compass Hardware Essential Cascade Expansion,Prospecting,2027-05-11,Existing Customer - Upgrade,Customer Referral,Finalize terms,Pipeline,USD,Synthetic opportunity generated from aggregate CRM structure only.,2027-01-28T20:32:59Z,0,0,10.0,844339.0,001gQSNxeXgntf7YR3,701baEWnGlBqdzhA9Z,01sf902KvuoXgXtOGX,
006SGV5RVu30Y9nI2U,Oakmere Ironwood Southern Works - Integrated Summit Training Premier Meridian New Business,Value Proposition,2026-06-26,Existing Customer - Upgrade,Organic Search,Prepare proposal,Best Case,USD,Synthetic opportunity generated from aggregate CRM structure only.,2026-03-02T10:29:45Z,0,0,50.0,1437844.8,001jIiXAhBEHXIPYQP,,01sLoYtuPuiAhJSKZN,0Q0ftrGGMJvmTZT07V
006d6fduGhJlX7oIM3,Novacairn Keystone Northern Industries - Open Lattice Support Select Vector New Business,Qualification,2026-06-06,Existing Customer - Renewal,Customer Referral,Schedule review,Pipeline,USD,Synthetic opportunity generated from aggregate CRM structure only.,2025-10-13T21:20:15Z,0,0,20.0,2126767.75,001ZCfPCiKUOyBBA6I,,01sLoYtuPuiAhJSKZN,
70titUbXvNESuZzI2D,Morrowfen Moonridge Frontier Systems - Quantum Ember Cloud Service Vertex Cascade Expansion,Prospecting,2027-03-02,Existing Customer - Renewal,Customer Referral,Finalize terms,Pipeline,USD,Synthetic opportunity generated from aggregate CRM structure only.,2027-01-26T20:23:35Z,0,0,10.0,1871965.46,001G40EGKjt7p96I7T,,01sQ4LtuJF9K1vlMFT,
006NFKZcGneMUanYP4,Latticebrook Redwood Worldwide Analytics - Rapid Vertex Advisory Essential Nova Renewal,Value Proposition,2026-05-20,Existing Customer - Renewal,Organic Search,Schedule review,Best Case,USD,Synthetic opportunity generated from aggregate CRM structure only.,2025-02-13T20:16:24Z,0,0,50.0,1566169.18,001Z9FmqrbfBXeVI9A,701LVVOQQeQAPERQND,01sQ4LtuJF9K1vlMFT,
50i9BXiRVclFs7BAAD,Kestrel Arc Stonebridge Southern Logistics - Virtual Orbit Advisory Premier Zenith New Business,Closed Lost,2023-10-19,Existing Customer - Upgrade,Event,Prepare proposal,Closed,USD,Synthetic opportunity generated from aggregate CRM structure only.,2023-04-11T22:12:21Z,1,0,0.0,1289383.36,0014RvX7ofOXrw9I9V,,01sQ4LtuJF9K1vlMFT,0Q0pl68A87QZmejSRB
006Qp2KxEpiKOvuIDH,Juniper Vale Bluecrest Pacific Works - Connected Foundry Support Standard Cobalt New Business,Qualification,2026-11-06,New Customer,Outbound,Confirm requirements,Pipeline,USD,Synthetic opportunity generated from aggregate CRM structure only.,2025-05-27T05:22:24Z,0,0,20.0,11449.64,001Pv3IESUoMrhiAAG,701bmC3dSpPfuEkATE,01sQ4LtuJF9K1vlMFT,
006gxVBpOMV2bQRQK2,Ivorypine Clearpath Global Industries - Elastic Beacon Hardware Core Pulse Renewal,Closed Lost,2026-01-05,Existing Customer - Renewal,Outbound,Schedule review,Closed,USD,Synthetic opportunity generated from aggregate CRM structure only.,2025-04-13T08:32:30Z,1,0,0.0,1699348.84,001gQSNxeXgntf7YR3,,01sQ4LtuJF9K1vlMFT,
02tnP1UyY82cSyiIZD,Harborlume Evergreen Coastal Systems - Integrated Pioneer Hardware Enterprise Atlas Expansion,Qualification,2027-05-13,New Customer,Organic Search,Prepare proposal,Pipeline,USD,Synthetic opportunity generated from aggregate CRM structure only.,2026-11-12T10:04:09Z,0,0,20.0,1504045.2,001AZHmNsDfQdrZQQD,,01sQ4LtuJF9K1vlMFT,
02inFI2zQXHfDeCQAL,Glimmerforge Goldenleaf Summit Analytics - Open Harbor Hardware Professional Horizon Renewal,Negotiation/Review,2027-04-04,New Customer,Outbound,Finalize terms,Commit,USD,Synthetic opportunity generated from aggregate CRM structure only.,2026-11-06T19:57:36Z,0,0,75.0,686330.0,001lppe6kqinEz1A7H,7010j7HiIFs5acMAA2,01sf902KvuoXgXtOGX,0Q0Ejpsq00q35yFC5Y
006WvaNtm68arnbYH6,Fablecrest Ironwood Pacific Logistics - Quantum Compass Training Standard Pulse New Business,Qualification,2026-11-15,Existing Customer - Renewal,Customer Referral,Finalize terms,Pipeline,USD,Synthetic opportunity generated from aggregate CRM structure only.,2025-08-16T14:45:11Z,0,0,20.0,1111528.46,001mfVgWjeDJGGOY8D,701C5GBKeBniO3YY7J,01sQ4LtuJF9K1vlMFT,
80iqmPYFt3m6LFIYUR,Evertrail Keystone Global Works - Rapid Summit Advisory Core Aurora Expansion,Qualification,2027-03-28,Existing Customer - Renewal,Customer Referral,Prepare proposal,Pipeline,USD,Synthetic opportunity generated from aggregate CRM structure only.,2026-06-08T17:52:23Z,0,0,20.0,954518.39,001c7rzVaNFRVVTYG3,7014Mb0gQuVkT1cIP4,01sf902KvuoXgXtOGX,0Q0AMZKQWtjSNKZ0YN
016sr1kcWt26zHYY92,Deltora Moonridge Coastal Industries - Virtual Lattice Advisory Enterprise Ion Expansion,Qualification,2027-01-12,Existing Customer - Upgrade,Outbound,Prepare proposal,Pipeline,USD,Synthetic opportunity generated from aggregate CRM structure only.,2026-07-21T18:10:08Z,0,0,20.0,1737662.09,001S6Q42Y1rkKzpYHW,,01sf902KvuoXgXtOGX,
720yXQtdc9XGf19IEM,Cinderquill Redwood Summit Partners - Connected Ember Support Scale Solstice Expansion,Needs Analysis,2026-11-26,New Customer,Event,Schedule review,Pipeline,USD,Synthetic opportunity generated from aggregate CRM structure only.,2025-12-18T20:49:44Z,0,0,35.0,2242014.43,001UFuHNhHx2c9ZQQ9,,01sQ4LtuJF9K1vlMFT,
0061JpWE0yny1HrAOW,Brindlewave Stonebridge Pacific Analytics - Dynamic Vertex Support Ultimate Aurora New Business,Closed Won,2023-09-01,Existing Customer - Renewal,Organic Search,Schedule review,Closed,USD,Synthetic opportunity generated from aggregate CRM structure only.,2022-12-02T18:35:21Z,1,1,100.0,108538.96,001QQQWKHoHDF4bYVO,,01sLoYtuPuiAhJSKZN,0Q0Rl9EnZd9IQfBSIU
026fIXSnC4XbAqbAIC,Avenlo Bluecrest Lakeside Logistics - Integrated Orbit Training Edge Meridian New Business,Value Proposition,2027-05-30,Existing Customer - Renewal,Partner Referral,Prepare proposal,Best Case,USD,Synthetic opportunity generated from aggregate CRM structure only.,2025-12-16T16:11:51Z,0,0,50.0,901899.56,001jIiXAhBEHXIPYQP,701uy02vAEj9sQvINI,01sLoYtuPuiAhJSKZN,0Q0z8v1x3EforX5CNP
006YozIUxRA6MGqY9R,Rivermark Brightwater Eastern Works - Open Foundry Cloud Service Foundation Vector Renewal,Closed Won,2024-11-07,New Customer,Event,Prepare proposal,Closed,USD,Synthetic opportunity generated from aggregate CRM structure only.,2024-04-06T17:47:01Z,1,1,100.0,1873682.08,001aPvgDsUU73EoIG0,,01sf902KvuoXgXtOGX,
01i4IMardk5sqj4AS0,Quarrylight Copperfield Western Collective - Quantum Beacon Support Scale Cascade New Business,Closed Lost,2022-08-19,Existing Customer - Renewal,Event,Finalize terms,Closed,USD,Synthetic opportunity generated from aggregate CRM structure only.,2022-06-26T02:48:34Z,1,0,0.0,777324.32,001raw2VDD9p9udA5N,,01sLoYtuPuiAhJSKZN,0Q0UPhFaL8TwDb3K7G
801oHU9AvbVZ3maQ0U,Peregrine Hollow Farpoint Regional Partners - Rapid Pioneer Advisory Ultimate Meridian Expansion,Qualification,2026-12-18,Existing Customer - Renewal,Web,Confirm requirements,Pipeline,USD,Synthetic opportunity generated from aggregate CRM structure only.,2026-01-05T09:49:51Z,0,0,20.0,1717242.39,001SDonDyKHRDRwYPS,701HZkqvaYkvEU4AAJ,01sQ4LtuJF9K1vlMFT,0Q08mEWoBWrbPAjCDM
006rK6jEYClrWSIQM6,Oakmere Highland Lakeside Analytics - Virtual Harbor Support Edge Zenith Renewal,Closed Lost,2026-01-29,Existing Customer - Upgrade,Customer Referral,Prepare proposal,Closed,USD,Synthetic opportunity generated from aggregate CRM structure only.,2025-10-03T18:28:06Z,1,0,0.0,1474368.95,001mr80ElRqK1bZQVC,,01sLoYtuPuiAhJSKZN,
521n8wLYOIVQwnkA91,Novacairn Juniper Eastern Logistics - Connected Compass Data Platform Premier Cobalt New Business,Prospecting,2026-11-12,Existing Customer - Upgrade,Partner Referral,Prepare proposal,Pipeline,USD,Synthetic opportunity generated from aggregate CRM structure only.,2025-05-28T04:20:39Z,0,0,10.0,546147.06,001Oil2EokU3tWpID9,701fmMnRrUO2XdcI3Y,01sLoYtuPuiAhJSKZN,
826GsbDvVkiJJzTQA4,Morrowfen Longview Western Systems - Dynamic Summit Advisory Select Nova Expansion,Prospecting,2027-03-14,Existing Customer - Upgrade,Outbound,Finalize terms,Pipeline,USD,Synthetic opportunity generated from aggregate CRM structure only.,2026-09-24T16:45:27Z,0,0,10.0,2483350.06,001b9Ubd6IpdBJKANL,,01sQ4LtuJF9K1vlMFT,0Q01wbPaHeKmWVyKLX
820vqYOyZYDm1OzQZ2,Latticebrook Northstar Regional Collective - Integrated Lattice Data Platform Vertex Zenith Renewal,Qualification,2026-05-22,Existing Customer - Upgrade,Organic Search,Finalize terms,Pipeline,USD,Synthetic opportunity generated from aggregate CRM structure only.,2025-05-22T17:18:32Z,0,0,20.0,367415.2,001avRKkn0zGBkGQ4J,,01sf902KvuoXgXtOGX,0Q0Qi3iXKBROm1nSI9
71iAFTupKfJkisWA3O,Kestrel Arc Silverline Lakeside Partners - Open Ember Cloud Service Essential Horizon New Business,Closed Won,2025-03-10,Existing Customer - Renewal,Organic Search,Prepare proposal,Closed,USD,Synthetic opportunity generated from aggregate CRM structure only.,2024-05-03T20:01:18Z,1,1,100.0,637180.19,001ue1J9V7XEwHtA5N,,01sQ4LtuJF9K1vlMFT,0Q0meK77axnNP5JS26
51iBOICsBTqL8e5QBJ,Juniper Vale Westwind Eastern Analytics - Precision Vertex Hardware Premier Pulse Expansion,Prospecting,2027-06-12,Existing Customer - Upgrade,Outbound,Prepare proposal,Pipeline,USD,Synthetic opportunity generated from aggregate CRM structure only.,2026-12-14T15:04:36Z,0,0,10.0,1167350.43,001Cf0Zp88DAw7JQGL,,01sLoYtuPuiAhJSKZN,0Q0cAOERhNtemwQSB3
006rosvu0LndxfWIPI,Ivorypine Brightwater Worldwide Industries - Rapid Orbit Cloud Service Select Atlas New Business,Prospecting,2026-07-10,Existing Customer - Upgrade,Event,Confirm requirements,Pipeline,USD,Synthetic opportunity generated from aggregate CRM structure only.,2026-06-05T19:38:28Z,0,0,10.0,836036.64,001Z9FmqrbfBXeVI9A,,01sQ4LtuJF9K1vlMFT,0Q08b3eTeSqWpA2SVS
706fB7PFHD0iA3dQG3,Harborlume Copperfield Southern Systems - Virtual Foundry Cloud Service Vertex Horizon Expansion,Closed Lost,2022-12-09,Existing Customer - Upgrade,Partner Referral,Schedule review,Closed,USD,Synthetic opportunity generated from aggregate CRM structure only.,2022-05-08T01:50:56Z,1,0,0.0,506913.8,001T48I5YauDsbqQZG,,01sLoYtuPuiAhJSKZN,0Q0Dswpzij7pPUB0KD
51t4ISe2oquT5onIYK,Glimmerforge Farpoint Northern Collective - Connected Beacon Hardware Enterprise Solstice Renewal,Prospecting,2026-10-23,Existing Customer - Upgrade,Event,Confirm requirements,Pipeline,USD,Synthetic opportunity generated from aggregate CRM structure only.,2025-11-08T03:01:06Z,0,0,10.0,1711844.64,001Ql5gfswhLAUiIZH,701dYnYIqY2uFSNQNW,01sLoYtuPuiAhJSKZN,
0060fpWHPzBid9MQTD,Fablecrest Highland Frontier Partners - Dynamic Pioneer Training Professional Aurora Expansion,Needs Analysis,2027-06-13,New Customer,Event,Schedule review,Pipeline,USD,Synthetic opportunity generated from aggregate CRM structure only.,2027-02-23T00:40:55Z,0,0,35.0,338787.43,001qP46mGWsPnuOQ5R,701uy02vAEj9sQvINI,01sQ4LtuJF9K1vlMFT,
010zVx6chGDncbSYXH,Evertrail Juniper Worldwide Works - Integrated Harbor Data Platform Standard Ion Expansion,Negotiation/Review,2027-03-07,New Customer,Outbound,Prepare proposal,Commit,USD,Synthetic opportunity generated from aggregate CRM structure only.,2025-10-26T19:12:23Z,0,0,75.0,128687.96,001GJ2vwlaXONX0IFT,701DNuvDGEm4hghY4U,01sJqGPflRJqwqCPRW,
006Be7z49mqtSRmIKJ,Deltora Longview Southern Industries - Open Compass Data Platform Core Vector New Business,Value Proposition,2026-12-29,Existing Customer - Renewal,Partner Referral,Finalize terms,Best Case,USD,Synthetic opportunity generated from aggregate CRM structure only.,2025-08-30T20:50:27Z,0,0,50.0,663084.29,001jIiXAhBEHXIPYQP,,01sLoYtuPuiAhJSKZN,
521LJWbOWfnkT52I54,Cinderquill Northstar Northern Systems - Precision Summit Hardware Enterprise Cascade New Business,Negotiation/Review,2026-12-17,Existing Customer - Renewal,Event,Confirm requirements,Commit,USD,Synthetic opportunity generated from aggregate CRM structure only.,2026-04-19T03:54:52Z,0,0,75.0,1053859.02,001mfVgWjeDJGGOY8D,,01sf902KvuoXgXtOGX,
006csbwE77CaSuXQOW,Brindlewave Silverline Frontier Collective - Rapid Lattice Cloud Service Professional Meridian New Business,Prospecting,2027-01-28,New Customer,Organic Search,Schedule review,Pipeline,USD,Synthetic opportunity generated from aggregate CRM structure only.,2025-11-28T21:23:48Z,0,0,10.0,1787331.92,001cgzJWlSIy1t0I9S,,01sQ4LtuJF9K1vlMFT,
00t3IOqEP69BAS0AOG,Avenlo Westwind Worldwide Logistics - Virtual Ember Data Platform Standard Vector Renewal,Closed Lost,2023-04-03,New Customer,Organic Search,Confirm requirements,Closed,USD,Synthetic opportunity generated from aggregate CRM structure only.,2022-05-19T15:06:47Z,1,0,0.0,488172.03,001KLzOHTO9BbVjAXJ,,01sf902KvuoXgXtOGX,0Q0Zf3sYH6KXw0z0AK
006dj7ZLF2Zbd8yYIO,Rivermark Bluecrest Summit Works - Adaptive Vertex Data Platform Edge Cobalt New Business,Prospecting,2026-12-04,Existing Customer - Renewal,Event,Schedule review,Pipeline,USD,Synthetic opportunity generated from aggregate CRM structure only.,2025-09-30T21:50:43Z,0,0,10.0,262680.55,001A42WSazTcqOlAN5,7019g7m2YfxR5uxQ6M,01sf902KvuoXgXtOGX,
811H4d9tvIFq8siIC1,Quarrylight Clearpath Pacific Industries - Dynamic Orbit Advisory Foundation Nova Expansion,Value Proposition,2026-11-28,Existing Customer - Upgrade,Partner Referral,Prepare proposal,Best Case,USD,Synthetic opportunity generated from aggregate CRM structure only.,2026-10-13T15:09:17Z,0,0,50.0,775085.91,001Ivgehi2RhpxmIXK,701JAQrUVjwb0lkIRC,01sLoYtuPuiAhJSKZN,
006SuDVGLO3qOvkI56,Peregrine Hollow Evergreen Global Systems - Integrated Foundry Hardware Scale Zenith Renewal,Closed Lost,2025-09-03,Existing Customer - Upgrade,Partner Referral,Finalize terms,Closed,USD,Synthetic opportunity generated from aggregate CRM structure only.,2025-01-09T08:39:40Z,1,0,0.0,90488.51,001zBr7D0amNm8PY72,701baEWnGlBqdzhA9Z,01sf902KvuoXgXtOGX,0Q0jRbV6zVPKKleC4Z
006gSzmtsMbfcQ4YU9,Oakmere Goldenleaf Coastal Collective - Open Beacon Training Ultimate Cobalt Expansion,Needs Analysis,2026-06-06,New Customer,Event,Confirm requirements,Pipeline,USD,Synthetic opportunity generated from aggregate CRM structure only.,2025-07-23T13:36:59Z,0,0,35.0,1592184.3,001qP46mGWsPnuOQ5R,701DNuvDGEm4hghY4U,01sLoYtuPuiAhJSKZN,0Q0wtXoQ61eiEj6CST
006op3LuFUfeyZzYNT,Novacairn Ironwood Summit Logistics - Precision Pioneer Support Edge Pulse New Business,Prospecting,2027-05-16,New Customer,Organic Search,Finalize terms,Pipeline,USD,Synthetic opportunity generated from aggregate CRM structure only.,2026-07-24T08:47:55Z,0,0,10.0,2352440.65,001LDvrdIgxRUc4IID,701gBvIFprDgdfxY18,01sQ4LtuJF9K1vlMFT,
02tVu2sNbF2JB0fYO1,Morrowfen Keystone Pacific Works - Rapid Harbor Data Platform Foundation Atlas Expansion,Prospecting,2026-06-19,Existing Customer - Upgrade,Customer Referral,Confirm requirements,Pipeline,USD,Synthetic opportunity generated from aggregate CRM structure only.,2025-03-23T06:09:30Z,0,0,10.0,759223.66,001Ql5gfswhLAUiIZH,,01sf902KvuoXgXtOGX,
01tlu1AkkC5qbbuYPR,Latticebrook Moonridge Global Industries - Virtual Compass Cloud Service Scale Horizon New Business,Closed Lost,2022-09-20,New Customer,Customer Referral,Confirm requirements,Closed,USD,Synthetic opportunity generated from aggregate CRM structure only.,2021-11-05T16:01:23Z,1,0,0.0,585598.87,001PUaO8FLbQ5tuY7R,,01sQ4LtuJF9K1vlMFT,0Q0yWU5Wm53hjcJCBR
816wh1KMDhi7Fd9QP3,Kestrel Arc Redwood Coastal Systems - Adaptive Summit Data Platform Vertex Pulse Expansion,Closed Won,2023-04-06,Existing Customer - Upgrade,Web,Confirm requirements,Closed,USD,Synthetic opportunity generated from aggregate CRM structure only.,2022-10-19T04:18:02Z,1,1,100.0,1297646.98,001KInyPfEAkhgcQEO,7012gLtQpc999YmQNW,01sQ4LtuJF9K1vlMFT,
006PzrAE7P3PYMQQRR,Juniper Vale Stonebridge Summit Analytics - Dynamic Lattice Cloud Service Essential Aurora New Business,Needs Analysis,2026-05-17,Existing Customer - Renewal,Partner Referral,Finalize terms,Pipeline,USD,Synthetic opportunity generated from aggregate CRM structure only.,2025-08-09T10:46:26Z,0,0,35.0,2078388.13,001pTLwbTFSx0AVIHA,701uy02vAEj9sQvINI,01sLoYtuPuiAhJSKZN,0Q0Wgy7Vkbinj3iSN8
0001FxlgbKgn74EIC5,Ivorypine Bluecrest Regional Logistics - Integrated Ember Support Premier Ion Expansion,Value Proposition,2027-06-24,New Customer,Customer Referral,Confirm requirements,Best Case,USD,Synthetic opportunity generated from aggregate CRM structure only.,2026-01-27T03:50:22Z,0,0,50.0,610227.49,001yQSD3rwvt3ZBAV9,,01sQ4LtuJF9K1vlMFT,0Q0iF4OzkQF2IadCP6
006qj9ExS5EJYy0AVS,Harborlume Clearpath Lakeside Works - Modular Vertex Support Select Solstice Expansion,Needs Analysis,2027-03-27,Existing Customer - Upgrade,Organic Search,Finalize terms,Pipeline,USD,Synthetic opportunity generated from aggregate CRM structure only.,2026-03-26T08:19:24Z,0,0,35.0,1583197.48,001BH0vNAlwEWFXALI,,01sLoYtuPuiAhJSKZN,
006epgKBXTKg2ppIES,Glimmerforge Evergreen Eastern Industries - Precision Orbit Data Platform Vertex Aurora New Business,Closed Won,2025-07-16,New Customer,Web,Schedule review,Closed,USD,Synthetic opportunity generated from aggregate CRM structure only.,2025-04-22T20:31:27Z,1,1,100.0,2018709.44,001gcyiBi1aOx6uAJ7,701zPCT7q7BesAmYT9,01sQ4LtuJF9K1vlMFT,
001Ou3cLagv7VIiQYI,Fablecrest Goldenleaf Western Partners - Rapid Foundry Support Essential Meridian New Business,Qualification,2026-12-17,Existing Customer - Upgrade,Organic Search,Finalize terms,Pipeline,USD,Synthetic opportunity generated from aggregate CRM structure only.,2025-09-20T08:00:30Z,0,0,20.0,1817433.02,001kaydhB78AJPJIWK,,01sLoYtuPuiAhJSKZN,0Q0yXGCgWM0R2sDSJY
511rCYELNBcd4IvA18,Evertrail Ironwood Regional Analytics - Virtual Beacon Cloud Service Premier Vector Renewal,Negotiation/Review,2026-06-27,Existing Customer - Upgrade,Organic Search,Prepare proposal,Commit,USD,Synthetic opportunity generated from aggregate CRM structure only.,2026-01-19T15:53:15Z,0,0,75.0,2414394.83,001vXGsLaTZksTjQHC,701iu7etaRTqbMlANW,01sf902KvuoXgXtOGX,0Q0iEW2YCjJudQzCB4
5014Xk7FsInZnZWIT3,Deltora Keystone Lakeside Logistics - Adaptive Pioneer Hardware Standard Cascade Renewal,Value Proposition,2026-09-07,New Customer,Event,Confirm requirements,Best Case,USD,Synthetic opportunity generated from aggregate CRM structure only.,2026-07-09T05:04:42Z,0,0,50.0,587488.79,001uaLZFmzUomVXQGA,,01sLoYtuPuiAhJSKZN,0Q0jT5P4vGhnWTdC53
006UJVaDXAocwNzYU7,Cinderquill Moonridge Eastern Works - Dynamic Harbor Hardware Core Nova New Business,Closed Lost,2024-05-20,Existing Customer - Renewal,Event,Confirm requirements,Closed,USD,Synthetic opportunity generated from aggregate CRM structure only.,2023-09-01T04:25:16Z,1,0,0.0,632270.86,0019ojrY0cvCQ2UQ6L,,01sLoYtuPuiAhJSKZN,
006kz7Zjv3Y4k1FIXT,Brindlewave Redwood Western Collective - Integrated Compass Cloud Service Enterprise Zenith Renewal,Closed Lost,2023-10-05,Existing Customer - Upgrade,Organic Search,Schedule review,Closed,USD,Synthetic opportunity generated from aggregate CRM structure only.,2023-02-16T07:02:21Z,1,0,0.0,1004970.23,0010APGD8asQ2PkIS9,,01sLoYtuPuiAhJSKZN,0Q05IvbyD6EMZKe076
001v9B7cfK1SYjJIJ3,Avenlo Stonebridge Regional Partners - Modular Summit Advisory Professional Cobalt Renewal,Prospecting,2027-03-09,Existing Customer - Upgrade,Web,Prepare proposal,Pipeline,USD,Synthetic opportunity generated from aggregate CRM structure only.,2026-09-25T17:50:24Z,0,0,10.0,981157.15,001qn0PeVSegyj1AFD,,01sQ4LtuJF9K1vlMFT,
006Ep94OwRCxNuQAKC,Rivermark Westwind Lakeside Analytics - Precision Lattice Data Platform Standard Nova Expansion,Closed Lost,2025-01-16,Existing Customer - Renewal,Web,Schedule review,Closed,USD,Synthetic opportunity generated from aggregate CRM structure only.,2024-12-08T21:00:18Z,1,0,0.0,118710.33,001gcyiBi1aOx6uAJ7,701N6uFobcPgkYOQHR,01sQ4LtuJF9K1vlMFT,
006U1yV85DXdTDaQAZ,Quarrylight Brightwater Frontier Logistics - Rapid Ember Training Core Atlas Expansion,Qualification,2027-05-13,New Customer,Event,Finalize terms,Pipeline,USD,Synthetic opportunity generated from aggregate CRM structure only.,2026-11-27T08:31:02Z,0,0,20.0,2382887.98,001I5KBo2Mtskg9I6K,,01sQ4LtuJF9K1vlMFT,
726ubCp6MSaveepAVP,Peregrine Hollow Copperfield Worldwide Systems - Unified Vertex Data Platform Enterprise Horizon Renewal,Prospecting,2026-10-04,Existing Customer - Upgrade,Outbound,Prepare proposal,Pipeline,USD,Synthetic opportunity generated from aggregate CRM structure only.,2025-07-15T14:37:14Z,0,0,10.0,2226789.05,001OH94vlTF3MI8Y08,,01sLoYtuPuiAhJSKZN,
006H9RAn54z7V8xA3G,Oakmere Farpoint Southern Collective - Adaptive Orbit Cloud Service Scale Pulse New Business,Negotiation/Review,2027-01-11,Existing Customer - Upgrade,Outbound,Prepare proposal,Commit,USD,Synthetic opportunity generated from aggregate CRM structure only.,2025-09-11T10:06:35Z,0,0,75.0,85303.0,001R0OuIWPEowdMYT2,701Oiy0uiHpmTo7YI9,01sf902KvuoXgXtOGX,
821AbkiganEss7hYIQ,Novacairn Highland Northern Partners - Dynamic Foundry Data Platform Ultimate Atlas Renewal,Qualification,2027-05-19,New Customer,Organic Search,Confirm requirements,Pipeline,USD,Synthetic opportunity generated from aggregate CRM structure only.,2026-11-29T01:18:30Z,0,0,20.0,1701642.14,001PygtS3FHgKj8Q8G,7016JVvcTYMBRjjQNA,01sQ4LtuJF9K1vlMFT,
81tjXCdSMOR3xvtA79,Morrowfen Juniper Frontier Analytics - Integrated Beacon Support Edge Ion New Business,Needs Analysis,2026-07-11,Existing Customer - Renewal,Customer Referral,Schedule review,Pipeline,USD,Synthetic opportunity generated from aggregate CRM structure only.,2026-04-17T01:12:48Z,0,0,35.0,121115.46,001A42WSazTcqOlAN5,,01sQ4LtuJF9K1vlMFT,
006Jky45w8KTxYyQMX,Latticebrook Longview Worldwide Industries - Modular Pioneer Advisory Foundation Solstice Expansion,Negotiation/Review,2026-11-05,New Customer,Customer Referral,Confirm requirements,Commit,USD,Synthetic opportunity generated from aggregate CRM structure only.,2026-05-08T08:08:44Z,0,0,75.0,70374.36,001PygtS3FHgKj8Q8G,,01sf902KvuoXgXtOGX,
800agHx6nx1yxCcA1H,Kestrel Arc Northstar Southern Systems - Precision Harbor Cloud Service Scale Aurora New Business,Needs Analysis,2026-08-02,Existing Customer - Upgrade,Customer Referral,Prepare proposal,Pipeline,USD,Synthetic opportunity generated from aggregate CRM structure only.,2025-06-01T17:15:55Z,0,0,35.0,1067531.54,001pTLwbTFSx0AVIHA,,01sLoYtuPuiAhJSKZN,
006guMbKiDAobJoQWW,Juniper Vale Silverline Northern Collective - Rapid Compass Data Platform Ultimate Ion New Business,Qualification,2026-08-13,Existing Customer - Renewal,Partner Referral,Schedule review,Pipeline,USD,Synthetic opportunity generated from aggregate CRM structure only.,2026-02-14T11:42:30Z,0,0,20.0,1936918.29,001oPLQgL6DtzXuQJ9,,01sLoYtuPuiAhJSKZN,
0063VITrqRr1fHqALS,Ivorypine Westwind Frontier Partners - Unified Summit Data Platform Edge Vector Renewal,Value Proposition,2027-04-19,New Customer,Web,Schedule review,Best Case,USD,Synthetic opportunity generated from aggregate CRM structure only.,2026-05-29T23:37:14Z,0,0,50.0,1580679.63,001qn0PeVSegyj1AFD,,01sf902KvuoXgXtOGX,
810WEutgN41JOtwIBR,Harborlume Brightwater Coastal Analytics - Adaptive Lattice Cloud Service Premier Cascade Expansion,Value Proposition,2027-01-16,Existing Customer - Upgrade,Web,Finalize terms,Best Case,USD,Synthetic opportunity generated from aggregate CRM structure only.,2026-04-12T08:32:10Z,0,0,50.0,839684.32,001qP46mGWsPnuOQ5R,701AUP2DWX9vWyrQNF,01sf902KvuoXgXtOGX,
51tfA8ZEmE4BtVvAE8,Glimmerforge Copperfield Summit Industries - Dynamic Ember Training Select Meridian Expansion,Closed Lost,2023-10-05,Existing Customer - Renewal,Partner Referral,Confirm requirements,Closed,USD,Synthetic opportunity generated from aggregate CRM structure only.,2023-08-16T06:13:57Z,1,0,0.0,1680618.52,001b9Ubd6IpdBJKANL,,01sf902KvuoXgXtOGX,0Q0ZJcFcM9hiTAmS66
006Ef4IKqsUfvWHYN5,Fablecrest Farpoint Pacific Systems - Elastic Vertex Training Vertex Vector Expansion,Closed Won,2025-06-23,New Customer,Event,Finalize terms,Closed,USD,Synthetic opportunity generated from aggregate CRM structure only.,2024-09-19T18:39:45Z,1,1,100.0,2390797.95,001yvWhfz01vDWFY3M,,01sf902KvuoXgXtOGX,
006Y0BhG54aYCW5AHO,Evertrail Highland Global Collective - Modular Orbit Hardware Essential Cobalt New Business,Negotiation/Review,2026-12-07,Existing Customer - Upgrade,Partner Referral,Confirm requirements,Commit,USD,Synthetic opportunity generated from aggregate CRM structure only.,2026-03-25T11:40:14Z,0,0,75.0,14986.0,0015V7rw9hGOgNCI3G,,01sf902KvuoXgXtOGX,0Q0xRLdbe0xGSj2KXN
006csttRXTGIeDMA2L,Deltora Juniper Coastal Partners - Precision Foundry Data Platform Premier Nova Renewal,Closed Won,2023-01-14,Existing Customer - Renewal,Outbound,Confirm requirements,Closed,USD,Synthetic opportunity generated from aggregate CRM structure only.,2022-03-05T11:42:09Z,1,1,100.0,310093.16,0014BI0PTpGJAb4ICJ,,01sLoYtuPuiAhJSKZN,
810a0t8k1FUXv1cI0V,Cinderquill Longview Summit Works - Rapid Beacon Cloud Service Select Zenith New Business,Prospecting,2027-04-16,Existing Customer - Upgrade,Organic Search,Prepare proposal,Pipeline,USD,Synthetic opportunity generated from aggregate CRM structure only.,2026-09-08T07:10:33Z,0,0,10.0,1455916.11,001OH94vlTF3MI8Y08,,01sLoYtuPuiAhJSKZN,
006ImCBjL3nyFswYR6,Brindlewave Northstar Pacific Industries - Unified Pioneer Hardware Vertex Cobalt New Business,Needs Analysis,2027-06-18,Existing Customer - Upgrade,Outbound,Schedule review,Pipeline,USD,Synthetic opportunity generated from aggregate CRM structure only.,2026-02-15T05:08:22Z,0,0,35.0,1439202.14,001z1doamdywpaZI4C,701fkp1RoMk6AO1AXX,01sQ4LtuJF9K1vlMFT,
0105eysXdevNjxeY3F,Avenlo Silverline Global Systems - Adaptive Harbor Training Enterprise Pulse New Business,Closed Won,2023-05-07,Existing Customer - Upgrade,Event,Confirm requirements,Closed,USD,Synthetic opportunity generated from aggregate CRM structure only.,2022-10-07T18:16:25Z,1,1,100.0,410658.53,001e9z8TRFaUOARQMA,701uy02vAEj9sQvINI,01sQ4LtuJF9K1vlMFT,0Q0JZB9rTwcGs9ICLH
806zC066SkHg9tdYET,Rivermark Stonebridge Coastal Collective - Dynamic Compass Cloud Service Professional Atlas New Business,Value Proposition,2026-09-20,New Customer,Customer Referral,Finalize terms,Best Case,USD,Synthetic opportunity generated from aggregate CRM structure only.,2026-04-05T18:15:11Z,0,0,50.0,297993.54,001Pv3IESUoMrhiAAG,701OLah01F81qKCQ4B,01sLoYtuPuiAhJSKZN,0Q0HAMzZAXfoJEqSWJ
006mql2r5PjH1nTA61,Quarrylight Bluecrest Western Logistics - Elastic Summit Support Standard Horizon New Business,Qualification,2027-01-26,Existing Customer - Renewal,Outbound,Schedule review,Pipeline,USD,Synthetic opportunity generated from aggregate CRM structure only.,2025-12-18T11:00:09Z,0,0,20.0,636353.32,001g2MhymLdN59YQJG,,01sf902KvuoXgXtOGX,
006Z7PthfrMPBYoIQF,Peregrine Hollow Clearpath Regional Works - Modular Lattice Support Core Solstice Renewal,Negotiation/Review,2027-05-12,Existing Customer - Upgrade,Customer Referral,Prepare proposal,Commit,USD,Synthetic opportunity generated from aggregate CRM structure only.,2026-01-24T12:06:51Z,0,0,75.0,945722.99,001PFA4WC7yjw84AX1,701LVVOQQeQAPERQND,01sf902KvuoXgXtOGX,
706URexXAhKOqeCQCV,Oakmere Evergreen Lakeside Industries - Precision Ember Advisory Enterprise Aurora Renewal,Qualification,2027-01-06,Existing Customer - Upgrade,Partner Referral,Prepare proposal,Pipeline,USD,Synthetic opportunity generated from aggregate CRM structure only.,2026-10-09T13:12:06Z,0,0,20.0,822494.47,001a3aFjkJfo7TTICC,7017jaJGBUyVDFxICV,01sf902KvuoXgXtOGX,0Q06tDrJslSUdGz0W2
0065vnwB7nD8caDQ8D,Novacairn Goldenleaf Eastern Systems - Quantum Vertex Hardware Professional Ion New Business,Closed Lost,2024-10-13,Existing Customer - Upgrade,Organic Search,Finalize terms,Closed,USD,Synthetic opportunity generated from aggregate CRM structure only.,2024-04-15T17:04:53Z,1,0,0.0,1281888.59,001N2mO6ogfdaXBYDK,701qSlEpW8tT5lJI6V,01sf902KvuoXgXtOGX,
80tGXaVLkhJzqtaIJH,Morrowfen Ironwood Western Analytics - Unified Orbit Advisory Standard Solstice Expansion,Prospecting,2027-05-29,Existing Customer - Renewal,Customer Referral,Confirm requirements,Pipeline,USD,Synthetic opportunity generated from aggregate CRM structure only.,2026-07-23T07:31:40Z,0,0,10.0,1325173.42,0011y3R0qW4167MAMP,7016JVvcTYMBRjjQNA,01sf902KvuoXgXtOGX,
006904ZHBTcEf99ANN,Latticebrook Keystone Regional Logistics - Adaptive Foundry Advisory Edge Cascade Renewal,Value Proposition,2026-07-12,Existing Customer - Renewal,Event,Prepare proposal,Best Case,USD,Synthetic opportunity generated from aggregate CRM structure only.,2025-02-26T04:46:37Z,0,0,50.0,2133700.38,001WPEcjxhamiNXYYJ,,01sf902KvuoXgXtOGX,0Q09TO7ubJ4rVz8S47
006ZjnXTyzgUqNsYQQ,Kestrel Arc Moonridge Lakeside Works - Dynamic Beacon Hardware Foundation Meridian Renewal,Prospecting,2026-12-09,Existing Customer - Renewal,Customer Referral,Finalize terms,Pipeline,USD,Synthetic opportunity generated from aggregate CRM structure only.,2026-09-20T09:04:01Z,0,0,10.0,939476.5,001nyKCWKQ4K1MEQBJ,,01sQ4LtuJF9K1vlMFT,0Q0bVYx6uYYJxllCUD
006gznTwTPfHgsNQ6L,Juniper Vale Redwood Eastern Industries - Elastic Pioneer Cloud Service Scale Vector New Business,Qualification,2026-06-10,New Customer,Partner Referral,Prepare proposal,Pipeline,USD,Synthetic opportunity generated from aggregate CRM structure only.,2025-07-04T22:25:05Z,0,0,20.0,374541.28,001tqRaHFT1utFgIDH,,01sQ4LtuJF9K1vlMFT,0Q0HCLRVRHHWM2US4O
826krwx77MmAQbbQ3A,Ivorypine Stonebridge Western Partners - Modular Harbor Training Ultimate Cascade New Business,Needs Analysis,2026-11-21,New Customer,Partner Referral,Prepare proposal,Pipeline,USD,Synthetic opportunity generated from aggregate CRM structure only.,2025-08-13T22:37:18Z,0,0,35.0,1924271.04,0019ojrY0cvCQ2UQ6L,,01sLoYtuPuiAhJSKZN,
006ptBWxQBn6whtIPE,Harborlume Bluecrest Southern Analytics - Precision Compass Cloud Service Edge Nova New Business,Closed Lost,2022-12-06,New Customer,Customer Referral,Schedule review,Closed,USD,Synthetic opportunity generated from aggregate CRM structure only.,2022-07-12T17:27:06Z,1,0,0.0,1028618.69,00175Cmy8DqQrAKINI,,01sQ4LtuJF9K1vlMFT,
006S4eaNJURyQpNY57,Glimmerforge Clearpath Northern Logistics - Quantum Summit Advisory Foundation Zenith New Business,Prospecting,2027-03-26,New Customer,Partner Referral,Finalize terms,Pipeline,USD,Synthetic opportunity generated from aggregate CRM structure only.,2025-11-11T12:48:59Z,0,0,10.0,1515692.13,001DB4qra8rmNKiQ0K,,01sLoYtuPuiAhJSKZN,
006iB8yJVkN3iwLYL8,Fablecrest Evergreen Frontier Works - Unified Lattice Training Scale Cobalt Expansion,Closed Won,2022-11-04,Existing Customer - Renewal,Event,Confirm requirements,Closed,USD,Synthetic opportunity generated from aggregate CRM structure only.,2021-12-20T21:09:01Z,1,1,100.0,623197.14,001TtyIW37HieQzYDX,7019g7m2YfxR5uxQ6M,01sQ4LtuJF9K1vlMFT,0Q068NjzpA6MSeHS7S
000CQ9iBxBhpsC9QI8,Evertrail Goldenleaf Worldwide Collective - Adaptive Ember Advisory Vertex Nova Expansion,Prospecting,2027-05-02,Existing Customer - Upgrade,Event,Prepare proposal,Pipeline,USD,Synthetic opportunity generated from aggregate CRM structure only.,2026-08-21T23:03:22Z,0,0,10.0,968607.08,0015F3Mg4glglAzQRW,701BP1P0a1hwEg9QVB,01sQ4LtuJF9K1vlMFT,
00iQdjx4xLmOmbDYYY,Deltora Ironwood Southern Partners - Connected Vertex Cloud Service Essential Atlas Renewal,Needs Analysis,2026-06-28,New Customer,Customer Referral,Finalize terms,Pipeline,USD,Synthetic opportunity generated from aggregate CRM structure only.,2025-03-21T23:00:08Z,0,0,35.0,2453089.2,0018YzqdxvbgCoaYQU,,01sQ4LtuJF9K1vlMFT,0Q0J1Y6hbUUfoA80CS
81tp0rjFiQpPk6QI9L,Cinderquill Keystone Northern Analytics - Elastic Orbit Support Premier Horizon New Business,Closed Lost,2023-12-03,Existing Customer - Renewal,Outbound,Schedule review,Closed,USD,Synthetic opportunity generated from aggregate CRM structure only.,2023-05-17T17:58:11Z,1,0,0.0,831974.21,0019laP52dnqWh3AF4,,01sLoYtuPuiAhJSKZN,0Q0KOHRDKcK9A8kKKA
006UcoJCSG8nRUVASE,Brindlewave Moonridge Frontier Logistics - Modular Foundry Data Platform Select Pulse Renewal,Closed Lost,2025-02-15,Existing Customer - Upgrade,Outbound,Finalize terms,Closed,USD,Synthetic opportunity generated from aggregate CRM structure only.,2024-11-04T20:20:39Z,1,0,0.0,2186785.59,001Ql5gfswhLAUiIZH,,01sQ4LtuJF9K1vlMFT,
52tJCz8frqchjyuY71,Avenlo Redwood Worldwide Systems - Precision Beacon Training Vertex Atlas Expansion,Closed Won,2024-04-02,New Customer,Outbound,Confirm requirements,Closed,USD,Synthetic opportunity generated from aggregate CRM structure only.,2023-12-22T15:41:58Z,1,1,100.0,48476.35,001QMRyBoOV9ydJAFR,701dYnYIqY2uFSNQNW,01sf902KvuoXgXtOGX,
006dzHnAED6PNrzII8,Rivermark Silverline Southern Collective - Quantum Pioneer Training Essential Ion Expansion,Closed Lost,2023-06-11,Existing Customer - Renewal,Event,Confirm requirements,Closed,USD,Synthetic opportunity generated from aggregate CRM structure only.,2023-03-21T13:26:37Z,1,0,0.0,2258250.72,,,01sLoYtuPuiAhJSKZN,
006mHjfj2R0IoQ4A9W,Quarrylight Westwind Northern Partners - Unified Harbor Hardware Premier Solstice Expansion,Closed Lost,2023-11-14,Existing Customer - Renewal,Customer Referral,Prepare proposal,Closed,USD,Synthetic opportunity generated from aggregate CRM structure only.,2023-04-26T06:22:28Z,1,0,0.0,2117098.74,001IGpX26HWSL0HQPY,,01sQ4LtuJF9K1vlMFT,0Q0XVVjZaHI9eMrKNB
71iAW7GO0dwXsl4Q1S,Peregrine Hollow Brightwater Global Analytics - Adaptive Compass Support Standard Aurora New Business,Closed Lost,2024-05-02,Existing Customer - Renewal,Customer Referral,Prepare proposal,Closed,USD,Synthetic opportunity generated from aggregate CRM structure only.,2024-03-31T02:47:09Z,1,0,0.0,472055.58,001N2mO6ogfdaXBYDK,,01sf902KvuoXgXtOGX,0Q0D5YCZ2a7ovGV0D9
811AGzYwwbcrfyVQYD,Oakmere Copperfield Coastal Logistics - Connected Summit Advisory Core Meridian New Business,Closed Won,2023-12-29,Existing Customer - Upgrade,Outbound,Confirm requirements,Closed,USD,Synthetic opportunity generated from aggregate CRM structure only.,2023-11-10T10:04:49Z,1,1,100.0,1419694.67,001jIiXAhBEHXIPYQP,,01sf902KvuoXgXtOGX,
006RUyb5H5mlGxwAMW,Novacairn Farpoint Summit Systems - Elastic Lattice Data Platform Enterprise Vector Expansion,Negotiation/Review,2026-06-03,Existing Customer - Renewal,Event,Schedule review,Commit,USD,Synthetic opportunity generated from aggregate CRM structure only.,2025-02-02T20:34:19Z,0,0,75.0,1721444.82,00175Cmy8DqQrAKINI,,01sf902KvuoXgXtOGX,
81t4p4m3KTfbJKWYH1,Morrowfen Highland Pacific Collective - Modular Ember Support Professional Cascade New Business,Needs Analysis,2027-02-15,Existing Customer - Upgrade,Customer Referral,Confirm requirements,Pipeline,USD,Synthetic opportunity generated from aggregate CRM structure only.,2026-12-27T00:02:57Z,0,0,35.0,278824.12,001PFGdur2jMSzLAST,7017jaJGBUyVDFxICV,01sf902KvuoXgXtOGX,
006zsdrrV9V41dvA1L,Latticebrook Juniper Global Partners - Open Vertex Hardware Standard Meridian Renewal,Closed Won,2025-01-29,Existing Customer - Upgrade,Outbound,Schedule review,Closed,USD,Synthetic opportunity generated from aggregate CRM structure only.,2024-12-05T04:50:08Z,1,1,100.0,1738069.92,0014BI0PTpGJAb4ICJ,701AUDOzK5kG0AQQW3,01sf902KvuoXgXtOGX,
52tR0p53ylj7fAxAPB,Kestrel Arc Longview Coastal Analytics - Quantum Orbit Cloud Service Core Zenith New Business,Closed Won,2024-12-11,Existing Customer - Upgrade,Partner Referral,Finalize terms,Closed,USD,Synthetic opportunity generated from aggregate CRM structure only.,2024-08-06T21:52:27Z,1,1,100.0,2095430.51,001LW8OXe6IEB5RAZR,701fkp1RoMk6AO1AXX,01sLoYtuPuiAhJSKZN,0Q0u7FJ2KhbrvoTKMN
00696luqMdP6Wm4YX0,Juniper Vale Northstar Summit Industries - Unified Foundry Support Enterprise Cobalt New Business,Needs Analysis,2026-06-17,New Customer,Web,Schedule review,Pipeline,USD,Synthetic opportunity generated from aggregate CRM structure only.,2025-01-25T04:58:18Z,0,0,35.0,763538.55,001DTfDp9zxDPNhAA2,7013ji5fs9KRMNZIMZ,01sf902KvuoXgXtOGX,
01tP4esz3eZDbeDAWQ,Ivorypine Silverline Pacific Systems - Adaptive Beacon Training Scale Nova New Business,Value Proposition,2026-07-11,Existing Customer - Renewal,Web,Schedule review,Best Case,USD,Synthetic opportunity generated from aggregate CRM structure only.,2025-05-30T23:28:16Z,0,0,50.0,870399.16,001KKAmmyUimvp7AGR,,01sf902KvuoXgXtOGX,
006WAXAIbChcpk5AOP,Harborlume Westwind Global Collective - Connected Pioneer Training Ultimate Zenith Expansion,Value Proposition,2027-03-29,Existing Customer - Upgrade,Event,Confirm requirements,Best Case,USD,Synthetic opportunity generated from aggregate CRM structure only.,2026-01-03T13:37:03Z,0,0,50.0,1132249.57,001nrvjrS2WHC2oY9X,701baEWnGlBqdzhA9Z,01sQ4LtuJF9K1vlMFT,
01tQM5PnFWcp4iOYNC,Glimmerforge Brightwater Eastern Partners - Elastic Harbor Training Edge Horizon Renewal,Negotiation/Review,2026-09-16,Existing Customer - Renewal,Organic Search,Schedule review,Commit,USD,Synthetic opportunity generated from aggregate CRM structure only.,2025-09-26T20:42:07Z,0,0,75.0,2093005.83,001yvWhfz01vDWFY3M,,01sf902KvuoXgXtOGX,
006vIpHM2n19iepAAQ,Fablecrest Copperfield Western Works - Modular Compass Cloud Service Foundation Pulse New Business,Closed Lost,2022-11-07,Existing Customer - Upgrade,Web,Finalize terms,Closed,USD,Synthetic opportunity generated from aggregate CRM structure only.,2022-06-09T19:35:40Z,1,0,0.0,1355128.42,001kMbAjX61mcJnIFJ,,01sQ4LtuJF9K1vlMFT,
006gQcx3HZHS3GXQDZ,Evertrail Farpoint Regional Industries - Open Summit Hardware Scale Atlas New Business,Value Proposition,2027-06-30,Existing Customer - Renewal,Organic Search,Finalize terms,Best Case,USD,Synthetic opportunity generated from aggregate CRM structure only.,2027-01-20T23:04:41Z,0,0,50.0,1985004.38,001jsWcaI2ueqNkQ4J,701623KY8ROVX35IU0,01sQ4LtuJF9K1vlMFT,
006vGCyn0AMg1cGQ4U,Deltora Highland Lakeside Systems - Quantum Lattice Support Ultimate Horizon Expansion,Prospecting,2026-08-20,New Customer,Partner Referral,Prepare proposal,Pipeline,USD,Synthetic opportunity generated from aggregate CRM structure only.,2025-03-02T02:24:21Z,0,0,10.0,1741329.23,001gcyiBi1aOx6uAJ7,,01sf902KvuoXgXtOGX,
701KVmhUT7rFgheQTD,Cinderquill Juniper Eastern Collective - Unified Ember Advisory Edge Solstice New Business,Prospecting,2026-05-08,Existing Customer - Upgrade,Event,Prepare proposal,Pipeline,USD,Synthetic opportunity generated from aggregate CRM structure only.,2025-02-21T18:44:58Z,0,0,10.0,2329613.02,001G40EGKjt7p96I7T,,01sLoYtuPuiAhJSKZN,
7007XajoQqgjc5CIMK,Brindlewave Longview Western Logistics - Virtual Vertex Data Platform Foundation Aurora New Business,Closed Lost,2024-07-12,Existing Customer - Renewal,Organic Search,Finalize terms,Closed,USD,Synthetic opportunity generated from aggregate CRM structure only.,2024-03-30T19:32:20Z,1,0,0.0,489819.6,001yWq2JW5BZvvMQ0L,,01sf902KvuoXgXtOGX,
006Y1Mvf6qcOjkhILA,Avenlo Northstar Regional Works - Connected Orbit Training Select Ion Renewal,Prospecting,2027-05-14,Existing Customer - Upgrade,Web,Finalize terms,Pipeline,USD,Synthetic opportunity generated from aggregate CRM structure only.,2026-08-06T08:50:46Z,0,0,10.0,1664793.21,001aJFstC9yWgafQNG,,01sLoYtuPuiAhJSKZN,
00670pdY4IyRJcsANP,Rivermark Redwood Lakeside Industries - Elastic Foundry Advisory Vertex Solstice New Business,Negotiation/Review,2027-05-21,Existing Customer - Renewal,Web,Confirm requirements,Commit,USD,Synthetic opportunity generated from aggregate CRM structure only.,2026-02-17T01:52:26Z,0,0,75.0,622084.0,001EzVzzzPDO3QjIJG,,01sLoYtuPuiAhJSKZN,0Q0P9DBcLxtnAwEK3Y
70tgFgk04tdi6gGAPV,Quarrylight Stonebridge Eastern Systems - Modular Beacon Hardware Essential Cascade Expansion,Closed Won,2023-04-16,New Customer,Customer Referral,Schedule review,Closed,USD,Synthetic opportunity generated from aggregate CRM structure only.,2023-01-12T08:01:25Z,1,1,100.0,661028.8,001IQen5JJcxOzsYOT,,01sQ4LtuJF9K1vlMFT,
021EN8Fd1z1p8WxA9N,Peregrine Hollow Bluecrest Worldwide Analytics - Open Pioneer Training Premier Meridian New Business,Closed Won,2025-12-28,Existing Customer - Renewal,Customer Referral,Prepare proposal,Closed,USD,Synthetic opportunity generated from aggregate CRM structure only.,2025-11-09T21:17:31Z,1,1,100.0,1802150.1,001lpuGrFmSTBnuY0M,,01sQ4LtuJF9K1vlMFT,
710QHOzzxyhjTfEIID,Oakmere Clearpath Southern Logistics - Quantum Harbor Cloud Service Select Vector Renewal,Prospecting,2026-07-07,New Customer,Event,Prepare proposal,Pipeline,USD,Synthetic opportunity generated from aggregate CRM structure only.,2025-08-04T15:30:32Z,0,0,10.0,1605838.48,0014RvX7ofOXrw9I9V,,01sf902KvuoXgXtOGX,0Q0xHBkp2qYichaCRK
701jvlXiDrnHB8fQV6,Novacairn Evergreen Northern Works - Unified Compass Hardware Vertex Cascade Expansion,Needs Analysis,2027-05-11,Existing Customer - Upgrade,Event,Confirm requirements,Pipeline,USD,Synthetic opportunity generated from aggregate CRM structure only.,2026-09-14T14:47:32Z,0,0,35.0,2008786.38,001oPLQgL6DtzXuQJ9,,01sf902KvuoXgXtOGX,
00ixs5i8iJUUoBHYRD,Morrowfen Goldenleaf Frontier Industries - Virtual Summit Cloud Service Essential Nova New Business,Qualification,2026-06-17,New Customer,Organic Search,Prepare proposal,Pipeline,USD,Synthetic opportunity generated from aggregate CRM structure only.,2026-02-24T06:49:25Z,0,0,20.0,1854394.63,0013e2Rh2QW4yB5YBM,,01sQ4LtuJF9K1vlMFT,0Q0yIabzmYlP6BS0BT
006OHS32pgAomz6I24,Latticebrook Ironwood Worldwide Partners - Connected Lattice Cloud Service Professional Zenith Expansion,Closed Won,2022-11-08,Existing Customer - Renewal,Partner Referral,Confirm requirements,Closed,USD,Synthetic opportunity generated from aggregate CRM structure only.,2021-12-29T00:38:08Z,1,1,100.0,1304446.53,001xCcjaWJxjfQtAJX,701T7xJocH3zs1NQYF,01sf902KvuoXgXtOGX,
000ivHnEkBtiEjzAF1,Kestrel Arc Keystone Southern Analytics - Elastic Ember Data Platform Standard Cobalt Expansion,Closed Won,2024-07-24,Existing Customer - Upgrade,Web,Confirm requirements,Closed,USD,Synthetic opportunity generated from aggregate CRM structure only.,2023-11-25T07:47:44Z,1,1,100.0,1069631.34,001gcyiBi1aOx6uAJ7,,01sf902KvuoXgXtOGX,0Q0ue5xPGAonUay0EI
511VHg0pbxkr9bRQ1X,Juniper Vale Moonridge Northern Logistics - Integrated Vertex Advisory Core Pulse Expansion,Closed Won,2024-12-18,Existing Customer - Upgrade,Organic Search,Finalize terms,Closed,USD,Synthetic opportunity generated from aggregate CRM structure only.,2024-05-23T19:46:56Z,1,1,100.0,1404995.96,0018haifivYezP7QUH,,01sLoYtuPuiAhJSKZN,
006LBCI52h0sNhLQ5G,Ivorypine Redwood Frontier Works - Open Orbit Support Enterprise Atlas Expansion,Qualification,2027-03-31,New Customer,Outbound,Confirm requirements,Pipeline,USD,Synthetic opportunity generated from aggregate CRM structure only.,2026-01-26T09:32:48Z,0,0,20.0,1750600.37,001Hbp8pEhElgRqIO2,701WVcR9nBSbxB9QPQ,01sLoYtuPuiAhJSKZN,0Q0rwx1cSi2AR8x0L3
006VxHY3176jKROAY4,Harborlume Stonebridge Worldwide Collective - Quantum Foundry Advisory Professional Horizon Expansion,Qualification,2027-02-08,Existing Customer - Renewal,Event,Finalize terms,Pipeline,USD,Synthetic opportunity generated from aggregate CRM structure only.,2026-10-25T00:57:52Z,0,0,20.0,814287.45,001b1XyoVMftFmnY3Z,701baEWnGlBqdzhA9Z,01sf902KvuoXgXtOGX,0Q0K7AYHPdHbSa9CLK
006VeVYtHgOLIndQWI,Glimmerforge Bluecrest Summit Partners - Unified Beacon Cloud Service Standard Pulse Expansion,Closed Lost,2024-06-21,Existing Customer - Upgrade,Organic Search,Confirm requirements,Closed,USD,Synthetic opportunity generated from aggregate CRM structure only.,2023-10-04T17:31:41Z,1,0,0.0,1127894.61,001oPLQgL6DtzXuQJ9,,01sf902KvuoXgXtOGX,0Q0iZCQoDjJ1XHeKEJ
006aSAlPyrq3CVXAAG,Fablecrest Clearpath Pacific Analytics - Virtual Pioneer Cloud Service Core Aurora New Business,Needs Analysis,2027-01-19,New Customer,Outbound,Prepare proposal,Pipeline,USD,Synthetic opportunity generated from aggregate CRM structure only.,2026-10-27T22:22:01Z,0,0,35.0,1969167.6,001HPdcdRz4xhIHI7A,701h4U4oQAUQUQiIO5,01sQ4LtuJF9K1vlMFT,0Q0TZn5zeF5xxYjS1N
006QBKVSYZ25TFrIKU,Evertrail Evergreen Global Logistics - Connected Harbor Training Foundation Ion Renewal,Qualification,2026-09-17,Existing Customer - Upgrade,Customer Referral,Schedule review,Pipeline,USD,Synthetic opportunity generated from aggregate CRM structure only.,2025-12-19T03:51:10Z,0,0,20.0,249718.91,001iIp10CH2rdjrQCH,,01sQ4LtuJF9K1vlMFT,0Q0f3jwTJnac2rzCRF
0061SrMEnwCH7hEQ5W,Deltora Goldenleaf Coastal Works - Elastic Compass Advisory Scale Solstice New Business,Negotiation/Review,2027-02-08,Existing Customer - Upgrade,Partner Referral,Prepare proposal,Commit,USD,Synthetic opportunity generated from aggregate CRM structure only.,2025-08-18T15:11:32Z,0,0,75.0,874723.26,001oPLQgL6DtzXuQJ9,701OLah01F81qKCQ4B,01sLoYtuPuiAhJSKZN,
001XiuNt6euLMPwA7Z,Cinderquill Ironwood Summit Collective - Integrated Summit Hardware Ultimate Aurora New Business,Closed Won,2025-07-08,Existing Customer - Renewal,Web,Schedule review,Closed,USD,Synthetic opportunity generated from aggregate CRM structure only.,2025-03-05T10:18:17Z,1,1,100.0,367455.0,001Ok5JQopT2gTPQYR,,01sQ4LtuJF9K1vlMFT,0Q0P2NfqYLeVzg2KIV
700xlDDxmPozXu1YYY,Brindlewave Keystone Pacific Partners - Open Lattice Data Platform Edge Meridian Renewal,Closed Lost,2023-01-13,New Customer,Customer Referral,Confirm requirements,Closed,USD,Synthetic opportunity generated from aggregate CRM structure only.,2022-09-02T10:44:21Z,1,0,0.0,2400372.59,001YbEX62vgcJCrQQH,701623KY8ROVX35IU0,01sf902KvuoXgXtOGX,0Q0DnTxYpleVwzz04T
006mhSlReBaJdFdQUJ,Avenlo Moonridge Global Analytics - Quantum Ember Hardware Foundation Vector New Business,Negotiation/Review,2026-11-23,Existing Customer - Renewal,Partner Referral,Prepare proposal,Commit,USD,Synthetic opportunity generated from aggregate CRM structure only.,2026-01-12T20:26:47Z,0,0,75.0,1624337.33,001ll0htSxmTlUFAHW,,01sQ4LtuJF9K1vlMFT,0Q0qMeZJX99BFiGC4C
006f78C28OIfLG7Q38,Rivermark Northstar Coastal Logistics - Rapid Vertex Advisory Scale Cascade Renewal,Qualification,2026-09-21,Existing Customer - Upgrade,Customer Referral,Confirm requirements,Pipeline,USD,Synthetic opportunity generated from aggregate CRM structure only.,2025-06-29T12:49:29Z,0,0,20.0,831330.26,001GikJVQQYFMgSI6M,,01sQ4LtuJF9K1vlMFT,0Q0OVTgyZa7zmwf00G
526tiVAAPhLu2fXQKK,Quarrylight Silverline Summit Systems - Virtual Orbit Hardware Ultimate Meridian New Business,Needs Analysis,2026-07-22,Existing Customer - Upgrade,Organic Search,Schedule review,Pipeline,USD,Synthetic opportunity generated from aggregate CRM structure only.,2025-09-21T15:44:14Z,0,0,35.0,1183827.73,001WPEcjxhamiNXYYJ,,01sf902KvuoXgXtOGX,
006XthhGBQz1tjfQH9,Peregrine Hollow Westwind Pacific Collective - Connected Foundry Advisory Essential Zenith Expansion,Qualification,2027-03-14,Existing Customer - Renewal,Web,Prepare proposal,Pipeline,USD,Synthetic opportunity generated from aggregate CRM structure only.,2026-11-21T13:53:54Z,0,0,20.0,2210968.78,001ygA3FAG75gTTAXO,7017jaJGBUyVDFxICV,01sLoYtuPuiAhJSKZN,0Q0nWzptaAM7smpSIP
811XTE2Rky3URobQRZ,Oakmere Brightwater Lakeside Partners - Elastic Beacon Cloud Service Premier Cobalt New Business,Prospecting,2026-08-08,Existing Customer - Upgrade,Partner Referral,Confirm requirements,Pipeline,USD,Synthetic opportunity generated from aggregate CRM structure only.,2025-10-21T10:56:22Z,0,0,10.0,2014088.68,001ibK3DfU4t31gYAM,701uy02vAEj9sQvINI,01sf902KvuoXgXtOGX,0Q0jzI420v3WJBR0QU
816w3x3e88STxUPYSA,Novacairn Copperfield Eastern Analytics - Integrated Pioneer Hardware Select Nova New Business,Closed Won,2023-09-14,New Customer,Partner Referral,Confirm requirements,Closed,USD,Synthetic opportunity generated from aggregate CRM structure only.,2023-06-24T22:32:09Z,1,1,100.0,391898.29,001Oil2EokU3tWpID9,701WVcR9nBSbxB9QPQ,01sf902KvuoXgXtOGX,
001oL00mAodv6UcYFE,Morrowfen Farpoint Western Industries - Open Harbor Cloud Service Vertex Zenith New Business,Needs Analysis,2026-10-30,Existing Customer - Upgrade,Event,Schedule review,Pipeline,USD,Synthetic opportunity generated from aggregate CRM structure only.,2025-10-20T21:38:09Z,0,0,35.0,872686.96,001d6L0YO7RdZlqYEZ,,01sf902KvuoXgXtOGX,0Q09NaODXuktN51SGD
006b5HcI332GhHZI2T,Latticebrook Highland Regional Systems - Quantum Compass Cloud Service Essential Horizon Renewal,Qualification,2026-07-14,Existing Customer - Upgrade,Event,Finalize terms,Pipeline,USD,Synthetic opportunity generated from aggregate CRM structure only.,2026-01-14T01:15:22Z,0,0,20.0,780539.22,001gn26KfjMg4ZII8J,,01sLoYtuPuiAhJSKZN,
80iuvw8G1Gk2RsPQXY,Kestrel Arc Juniper Lakeside Collective - Rapid Summit Advisory Premier Pulse New Business,Qualification,2026-07-14,Existing Customer - Renewal,Event,Finalize terms,Pipeline,USD,Synthetic opportunity generated from aggregate CRM structure only.,2025-05-27T15:21:59Z,0,0,20.0,1549185.05,001Ra45bI6XkX2bYRW,701rMiZr5gPnYq4I3U,01sLoYtuPuiAhJSKZN,0Q0gAHM6apzVj3a0I6
006xYftB5canLbLQ58,Juniper Vale Longview Eastern Partners - Virtual Lattice Advisory Select Atlas Renewal,Value Proposition,2026-05-20,New Customer,Organic Search,Finalize terms,Best Case,USD,Synthetic opportunity generated from aggregate CRM structure only.,2025-01-16T22:06:07Z,0,0,50.0,2378745.69,001KqKN8Jf0F9i9AKQ,7019g7m2YfxR5uxQ6M,01sf902KvuoXgXtOGX,
80iif3zS8vL3LMDA9N,Ivorypine Northstar Western Works - Connected Ember Cloud Service Core Ion Renewal,Negotiation/Review,2026-09-01,New Customer,Partner Referral,Schedule review,Commit,USD,Synthetic opportunity generated from aggregate CRM structure only.,2025-05-11T15:26:52Z,0,0,75.0,1419639.24,001lpuGrFmSTBnuY0M,7014Mb0gQuVkT1cIP4,01sLoYtuPuiAhJSKZN,
006uOxJYDyQJ2U4QO8,Harborlume Silverline Regional Industries - Dynamic Vertex Support Enterprise Solstice Renewal,Value Proposition,2027-04-08,New Customer,Partner Referral,Confirm requirements,Best Case,USD,Synthetic opportunity generated from aggregate CRM structure only.,2025-10-16T14:53:16Z,0,0,50.0,2147866.47,0019ojrY0cvCQ2UQ6L,,01sQ4LtuJF9K1vlMFT,
006yxHGxKQ6sMc2Q8D,Glimmerforge Westwind Lakeside Systems - Integrated Orbit Cloud Service Professional Aurora Renewal,Closed Lost,2025-01-12,Existing Customer - Upgrade,Customer Referral,Confirm requirements,Closed,USD,Synthetic opportunity generated from aggregate CRM structure only.,2024-08-03T16:44:58Z,1,0,0.0,705783.68,001lUr971GtA6wXYCT,,01sf902KvuoXgXtOGX,0Q0G4A4r3uGEclOKER
006WonYZXAjQ90LQSO,Fablecrest Brightwater Frontier Collective - Open Foundry Advisory Standard Ion New Business,Negotiation/Review,2026-08-11,Existing Customer - Upgrade,Customer Referral,Schedule review,Commit,USD,Synthetic opportunity generated from aggregate CRM structure only.,2026-06-14T23:40:11Z,0,0,75.0,2018777.36,0018haifivYezP7QUH,,01sf902KvuoXgXtOGX,0Q0wunz6Pgkzdw3SAO
006iBddcNa259HfYWT,Evertrail Copperfield Worldwide Logistics - Quantum Beacon Hardware Core Vector Renewal,Prospecting,2027-05-29,New Customer,Outbound,Confirm requirements,Pipeline,USD,Synthetic opportunity generated from aggregate CRM structure only.,2026-09-27T05:38:03Z,0,0,10.0,2229870.82,001GJ2vwlaXONX0IFT,701HZkqvaYkvEU4AAJ,01sf902KvuoXgXtOGX,
011JxfixcCLvwAjYHP,Deltora Farpoint Southern Works - Rapid Pioneer Data Platform Enterprise Cascade Renewal,Prospecting,2027-05-27,Existing Customer - Renewal,Event,Prepare proposal,Pipeline,USD,Synthetic opportunity generated from aggregate CRM structure only.,2026-11-04T12:36:08Z,0,0,10.0,685327.65,001PFA4WC7yjw84AX1,,01sf902KvuoXgXtOGX,0Q0y0wn54qgGZ6mC1D
710cjvPbFrUQCs3I5D,Cinderquill Highland Northern Industries - Virtual Harbor Hardware Professional Meridian Renewal,Negotiation/Review,2027-06-28,Existing Customer - Renewal,Partner Referral,Prepare proposal,Commit,USD,Synthetic opportunity generated from aggregate CRM structure only.,2026-08-04T22:08:32Z,0,0,75.0,2276189.62,001Ee8rMt958Fh9Y0A,,01sLoYtuPuiAhJSKZN,
00671SdVpjtpgDaQPP,Brindlewave Juniper Frontier Systems - Connected Compass Cloud Service Ultimate Vector Renewal,Value Proposition,2026-07-05,New Customer,Partner Referral,Finalize terms,Best Case,USD,Synthetic opportunity generated from aggregate CRM structure only.,2025-05-03T04:53:02Z,0,0,50.0,2370332.19,001UFuHNhHx2c9ZQQ9,701fkp1RoMk6AO1AXX,01sLoYtuPuiAhJSKZN,
526F3l9AGlkv8pfIWP,Avenlo Longview Worldwide Analytics - Dynamic Summit Hardware Edge Cobalt Renewal,Closed Lost,2024-12-17,New Customer,Organic Search,Finalize terms,Closed,USD,Synthetic opportunity generated from aggregate CRM structure only.,2024-07-21T03:28:41Z,1,0,0.0,1277867.45,001oC8KT3LUvyYxQCY,,01sQ4LtuJF9K1vlMFT,
5011NNINPu91uTFIKD,Rivermark Moonridge Southern Logistics - Integrated Lattice Hardware Foundation Nova Expansion,Closed Won,2023-02-14,Existing Customer - Upgrade,Web,Prepare proposal,Closed,USD,Synthetic opportunity generated from aggregate CRM structure only.,2022-09-17T07:43:47Z,1,1,100.0,1829817.09,001UOxBH2bj2wUdQNQ,,01sQ4LtuJF9K1vlMFT,0Q0jiFmsGsBz53ASB9
72ttHoExhn8TD4pYOO,Quarrylight Redwood Northern Works - Open Ember Training Scale Zenith New Business,Qualification,2026-09-15,Existing Customer - Upgrade,Event,Schedule review,Pipeline,USD,Synthetic opportunity generated from aggregate CRM structure only.,2026-03-17T09:21:13Z,0,0,20.0,1508695.8,001tvKQbYklnB9tY2P,,01sLoYtuPuiAhJSKZN,0Q0nFeFvTQmmhWPKV8
001u1OOodfcF8MkAB6,Peregrine Hollow Stonebridge Frontier Industries - Precision Vertex Support Ultimate Cobalt Expansion,Value Proposition,2026-12-26,New Customer,Event,Schedule review,Best Case,USD,Synthetic opportunity generated from aggregate CRM structure only.,2026-04-23T00:38:17Z,0,0,50.0,1716259.14,0012tOpQ4NIa7RbIUI,,01sQ4LtuJF9K1vlMFT,
006GLbxrwfSO2q1QTV,Oakmere Bluecrest Coastal Systems - Rapid Orbit Data Platform Edge Pulse Expansion,Negotiation/Review,2027-03-15,Existing Customer - Renewal,Partner Referral,Schedule review,Commit,USD,Synthetic opportunity generated from aggregate CRM structure only.,2026-01-26T06:33:26Z,0,0,75.0,1364842.44,001S3iMdhglkGGXA4V,7017OD7USLqvwTSQ40,01sQ4LtuJF9K1vlMFT,0Q0ETQHN2FEBxkf0BE
0064bcL3jgpgPnnAG0,Novacairn Clearpath Summit Analytics - Virtual Foundry Support Foundation Atlas New Business,Qualification,2026-12-07,Existing Customer - Renewal,Web,Confirm requirements,Pipeline,USD,Synthetic opportunity generated from aggregate CRM structure only.,2026-02-09T09:10:51Z,0,0,20.0,596039.9,0019ojrY0cvCQ2UQ6L,701AUP2DWX9vWyrQNF,01sQ4LtuJF9K1vlMFT,
006uyPvdHXhpZOyQTO,Morrowfen Evergreen Pacific Logistics - Connected Beacon Support Select Horizon Expansion,Qualification,2027-03-12,New Customer,Event,Confirm requirements,Pipeline,USD,Synthetic opportunity generated from aggregate CRM structure only.,2026-05-15T14:04:43Z,0,0,20.0,1724669.12,0019ajAWDOEHbBzQ2L,701fkp1RoMk6AO1AXX,01sf902KvuoXgXtOGX,
020fW53Isoqztc4QVF,Latticebrook Goldenleaf Global Works - Dynamic Pioneer Advisory Vertex Pulse New Business,Prospecting,2026-08-29,New Customer,Customer Referral,Finalize terms,Pipeline,USD,Synthetic opportunity generated from aggregate CRM structure only.,2026-07-07T15:47:06Z,0,0,10.0,895114.46,001tL6I6V8CRe45IK4,,01sf902KvuoXgXtOGX,0Q04alv8xGYWgwY0ZH
006rOXi3qQ0tFMMA11,Kestrel Arc Ironwood Coastal Industries - Integrated Harbor Training Essential Aurora Expansion,Negotiation/Review,2027-02-13,New Customer,Event,Finalize terms,Commit,USD,Synthetic opportunity generated from aggregate CRM structure only.,2026-01-23T11:49:25Z,0,0,75.0,879056.7,0018MjZShtig55PAG6,,01sf902KvuoXgXtOGX,0Q00M3Ds3vpVb8sCM6
510XlKVyPMJxen7Q4V,Juniper Vale Keystone Summit Partners - Open Compass Data Platform Premier Ion New Business,Negotiation/Review,2026-06-11,Existing Customer - Upgrade,Web,Prepare proposal,Commit,USD,Synthetic opportunity generated from aggregate CRM structure only.,2025-02-22T18:50:12Z,0,0,75.0,799320.48,001oPLQgL6DtzXuQJ9,,01sf902KvuoXgXtOGX,
006fjS5Ew4iv3VmADQ,Ivorypine Moonridge Pacific Analytics - Precision Summit Hardware Select Solstice New Business,Value Proposition,2027-05-26,Existing Customer - Upgrade,Outbound,Schedule review,Best Case,USD,Synthetic opportunity generated from aggregate CRM structure only.,2025-12-08T12:27:49Z,0,0,50.0,781939.81,0019ojrY0cvCQ2UQ6L,,01sLoYtuPuiAhJSKZN,
00tK8p779q4DqJHYDL,Harborlume Redwood Global Logistics - Rapid Lattice Training Vertex Aurora Renewal,Needs Analysis,2026-11-04,Existing Customer - Upgrade,Web,Schedule review,Pipeline,USD,Synthetic opportunity generated from aggregate CRM structure only.,2025-07-25T01:41:03Z,0,0,35.0,1852595.89,001Mpyhcy0YjCuyQPK,,01sf902KvuoXgXtOGX,0Q0Syvnk7yk6ZRDCIS
006MqtgfWJWuZFmQ5Z,Glimmerforge Stonebridge Coastal Works - Virtual Ember Training Essential Meridian Expansion,Negotiation/Review,2027-05-13,Existing Customer - Upgrade,Customer Referral,Finalize terms,Commit,USD,Synthetic opportunity generated from aggregate CRM structure only.,2026-12-18T16:19:40Z,0,0,75.0,2087921.76,001rfSg90dRC6Q8Q6D,7014xC7ldfv7uGYYZO,01sf902KvuoXgXtOGX,
820k7BRYhy6wZm7IHH,Fablecrest Bluecrest Western Collective - Adaptive Vertex Support Professional Vector Renewal,Closed Lost,2024-10-18,Existing Customer - Upgrade,Outbound,Prepare proposal,Closed,USD,Synthetic opportunity generated from aggregate CRM structure only.,2024-08-13T13:13:43Z,1,0,0.0,2022547.66,001JiaHmTdr5UrJQQJ,,01sQ4LtuJF9K1vlMFT,0Q0UU79nW2ZEredKCT
006F3BVw3SjttvbAU1,Evertrail Clearpath Regional Partners - Dynamic Orbit Hardware Standard Cascade Renewal,Qualification,2026-07-14,Existing Customer - Renewal,Organic Search,Schedule review,Pipeline,USD,Synthetic opportunity generated from aggregate CRM structure only.,2025-03-10T07:29:04Z,0,0,20.0,2252524.98,001QMRyBoOV9ydJAFR,,01sLoYtuPuiAhJSKZN,
81tQaSgZobqPtS4Q5C,Deltora Evergreen Lakeside Analytics - Integrated Foundry Training Core Nova Renewal,Prospecting,2026-06-24,Existing Customer - Renewal,Outbound,Schedule review,Pipeline,USD,Synthetic opportunity generated from aggregate CRM structure only.,2025-02-06T09:56:03Z,0,0,10.0,1408395.88,001b6p7wMuocXZFIKR,701dvFZxXgmRnlIQM7,01sf902KvuoXgXtOGX,
006Fh33AMPqidSMY4Q,Cinderquill Goldenleaf Eastern Logistics - Open Beacon Advisory Enterprise Zenith New Business,Closed Lost,2023-05-09,Existing Customer - Renewal,Organic Search,Prepare proposal,Closed,USD,Synthetic opportunity generated from aggregate CRM structure only.,2022-05-15T09:04:08Z,1,0,0.0,1282202.9,001vXGsLaTZksTjQHC,,01sf902KvuoXgXtOGX,
006XOXtUBR5z1QYYWS,Brindlewave Ironwood Western Systems - Precision Pioneer Data Platform Professional Cobalt Expansion,Value Proposition,2026-08-08,New Customer,Partner Referral,Prepare proposal,Best Case,USD,Synthetic opportunity generated from aggregate CRM structure only.,2026-04-05T14:59:46Z,0,0,50.0,734340.1,001LDOa8tzZhi9lQLS,,01sQ4LtuJF9K1vlMFT,
010PIV2DESBupn5IVK,Avenlo Keystone Regional Collective - Rapid Harbor Data Platform Standard Nova Renewal,Value Proposition,2026-09-12,Existing Customer - Upgrade,Partner Referral,Confirm requirements,Best Case,USD,Synthetic opportunity generated from aggregate CRM structure only.,2025-05-13T18:48:59Z,0,0,50.0,605943.99,001Ql5gfswhLAUiIZH,7013ji5fs9KRMNZIMZ,01sQ4LtuJF9K1vlMFT,
006aHooveh85ybBYI8,Rivermark Longview Lakeside Partners - Virtual Compass Advisory Core Atlas Renewal,Prospecting,2027-02-10,Existing Customer - Renewal,Web,Finalize terms,Pipeline,USD,Synthetic opportunity generated from aggregate CRM structure only.,2026-07-06T23:51:36Z,0,0,10.0,816806.14,001PcZ9V15a5LqkQLE,,01sQ4LtuJF9K1vlMFT,
006qsnXQBpn0hBhYLB,Quarrylight Northstar Eastern Analytics - Adaptive Summit Support Foundation Horizon Renewal,Value Proposition,2027-05-11,New Customer,Web,Schedule review,Best Case,USD,Synthetic opportunity generated from aggregate CRM structure only.,2026-10-23T08:30:39Z,0,0,50.0,1200993.76,001RUYGIDukMN3HIZS,7017jaJGBUyVDFxICV,01sf902KvuoXgXtOGX,0Q0fgLO0ecXWEyKKKV
00648rOD1tDCPslQZY,Peregrine Hollow Silverline Western Industries - Dynamic Lattice Training Scale Pulse Expansion,Qualification,2026-12-13,Existing Customer - Renewal,Event,Confirm requirements,Pipeline,USD,Synthetic opportunity generated from aggregate CRM structure only.,2025-10-21T14:19:28Z,0,0,20.0,127852.31,001aJFstC9yWgafQNG,,01sLoYtuPuiAhJSKZN,
006FuZqMhzhbMBjIXF,Oakmere Westwind Regional Systems - Integrated Ember Training Ultimate Atlas Expansion,Prospecting,2026-07-10,Existing Customer - Renewal,Customer Referral,Prepare proposal,Pipeline,USD,Synthetic opportunity generated from aggregate CRM structure only.,2025-12-01T19:16:35Z,0,0,10.0,1466623.37,001DbG9gnZEl0ZPAAY,,01sQ4LtuJF9K1vlMFT,0Q0mQGE2Ohi2QPHK3T
006RBjkBi3QsCJ7YM1,Novacairn Brightwater Northern Collective - Modular Vertex Hardware Edge Ion Expansion,Negotiation/Review,2027-01-15,New Customer,Event,Prepare proposal,Commit,USD,Synthetic opportunity generated from aggregate CRM structure only.,2026-08-14T15:00:24Z,0,0,75.0,1309639.28,001Jp0rdHFWnaMvI7G,,01sQ4LtuJF9K1vlMFT,0Q0AIE4pQD1gsgL0QH
0064GRvbDOzL1bSAZ9,Morrowfen Copperfield Frontier Partners - Precision Orbit Support Foundation Solstice Expansion,Negotiation/Review,2026-10-23,Existing Customer - Upgrade,Outbound,Finalize terms,Commit,USD,Synthetic opportunity generated from aggregate CRM structure only.,2026-09-09T16:08:07Z,0,0,75.0,1207086.17,001XuarHFEI17I9AWA,,01sf902KvuoXgXtOGX,0Q0MYYymXClDujbSSP
00109Wkb6Ad98AMIR6,Latticebrook Farpoint Worldwide Works - Rapid Foundry Hardware Scale Aurora Renewal,Qualification,2027-04-29,New Customer,Organic Search,Schedule review,Pipeline,USD,Synthetic opportunity generated from aggregate CRM structure only.,2027-01-09T02:23:40Z,0,0,20.0,791295.35,001DvFcs2OCjLNHAFJ,701Dpaw66va6dUvYOQ,01sf902KvuoXgXtOGX,0Q04LjSZO9faFVFSAQ
800rZ13dombV64vARO,Kestrel Arc Highland Southern Industries - Virtual Beacon Training Ultimate Ion Renewal,Negotiation/Review,2027-05-10,Existing Customer - Upgrade,Web,Prepare proposal,Commit,USD,Synthetic opportunity generated from aggregate CRM structure only.,2026-03-26T08:25:34Z,0,0,75.0,773008.22,001M74hgC6aUyfWARU,,01sf902KvuoXgXtOGX,0Q0yUkarmfIj0BO0ZL
8109Mf3g1wQLaZVIXY,Juniper Vale Juniper Northern Systems - Adaptive Pioneer Advisory Essential Vector Renewal,Negotiation/Review,2027-01-02,New Customer,Partner Referral,Prepare proposal,Commit,USD,Synthetic opportunity generated from aggregate CRM structure only.,2026-04-18T10:18:04Z,0,0,75.0,2348069.79,001QMRyBoOV9ydJAFR,,01sLoYtuPuiAhJSKZN,0Q0TnyM8DwXuN9XSAA
02t5r4FiTCfOemwAZY,Ivorypine Longview Frontier Collective - Dynamic Harbor Cloud Service Premier Cascade New Business,Needs Analysis,2027-05-22,Existing Customer - Renewal,Partner Referral,Confirm requirements,Pipeline,USD,Synthetic opportunity generated from aggregate CRM structure only.,2026-04-03T08:57:27Z,0,0,35.0,259189.09,001yvWhfz01vDWFY3M,,01sf902KvuoXgXtOGX,
00iWWIiZJvnLomcIG5,Harborlume Northstar Worldwide Logistics - Integrated Compass Advisory Select Meridian Renewal,Value Proposition,2026-10-08,Existing Customer - Upgrade,Outbound,Finalize terms,Best Case,USD,Synthetic opportunity generated from aggregate CRM structure only.,2025-10-07T18:03:20Z,0,0,50.0,834951.33,001ZV3zN3f85rlSYDN,701DNuvDGEm4hghY4U,01sLoYtuPuiAhJSKZN,0Q00UNnqGnr2uKYST7
0065dFJTPLJ2lzxQYM,Glimmerforge Silverline Southern Works - Modular Summit Advisory Vertex Vector Expansion,Value Proposition,2026-09-16,New Customer,Customer Referral,Prepare proposal,Best Case,USD,Synthetic opportunity generated from aggregate CRM structure only.,2025-08-21T17:39:02Z,0,0,50.0,1299812.75,001oC8KT3LUvyYxQCY,,01sQ4LtuJF9K1vlMFT,
800Qiw8nw8drSeGAXC,Fablecrest Westwind Northern Industries - Precision Lattice Cloud Service Essential Cobalt Expansion,Needs Analysis,2027-04-26,Existing Customer - Upgrade,Outbound,Schedule review,Pipeline,USD,Synthetic opportunity generated from aggregate CRM structure only.,2026-10-08T07:23:03Z,0,0,35.0,2224965.32,001raw2VDD9p9udA5N,,01sf902KvuoXgXtOGX,
006fvC7r6Ji9oWJIDG,Evertrail Brightwater Global Systems - Rapid Ember Advisory Premier Nova New Business,Qualification,2026-07-31,Existing Customer - Upgrade,Outbound,Finalize terms,Pipeline,USD,Synthetic opportunity generated from aggregate CRM structure only.,2026-01-09T21:51:49Z,0,0,20.0,937061.61,001zDxxuW7kQ4BrAGJ,701bmC3dSpPfuEkATE,01sLoYtuPuiAhJSKZN,
000UXXuEihvqi7kY6R,Deltora Copperfield Coastal Collective - Unified Vertex Training Select Zenith Renewal,Prospecting,2026-12-03,Existing Customer - Renewal,Organic Search,Prepare proposal,Pipeline,USD,Synthetic opportunity generated from aggregate CRM structure only.,2025-08-22T22:35:26Z,0,0,10.0,1835155.68,0011qafIoKOaGWeA3A,701Oiy0uiHpmTo7YI9,01sQ4LtuJF9K1vlMFT,0Q0X5CAgsFXu97ZSPV
0069eIJaAD2ocYEA87,Cinderquill Farpoint Summit Logistics - Adaptive Orbit Training Core Horizon Expansion,Closed Won,2026-02-12,Existing Customer - Upgrade,Organic Search,Prepare proposal,Closed,USD,Synthetic opportunity generated from aggregate CRM structure only.,2025-12-26T03:42:23Z,1,1,100.0,2207202.75,001K0CnPI0KA5TEY6P,701AUDOzK5kG0AQQW3,01sQ4LtuJF9K1vlMFT,
006GSrvQlQlmjHSYXG,Brindlewave Highland Pacific Works - Dynamic Foundry Advisory Enterprise Pulse Renewal,Closed Won,2025-11-20,Existing Customer - Renewal,Customer Referral,Schedule review,Closed,USD,Synthetic opportunity generated from aggregate CRM structure only.,2025-09-21T01:57:01Z,1,1,100.0,2295097.06,001GNV0b9i7XYItYU8,701bmC3dSpPfuEkATE,01sQ4LtuJF9K1vlMFT,0Q0ugJD9EqVFb1QS3U
016nezGYukNi6QYIZM,Avenlo Juniper Global Industries - Integrated Beacon Training Professional Atlas Expansion,Needs Analysis,2026-09-10,New Customer,Organic Search,Schedule review,Pipeline,USD,Synthetic opportunity generated from aggregate CRM structure only.,2026-05-16T02:53:44Z,0,0,35.0,2012347.06,0018MjZShtig55PAG6,,01sf902KvuoXgXtOGX,
50695DFUmYVrjrtYWX,Rivermark Keystone Coastal Systems - Modular Pioneer Advisory Standard Horizon New Business,Qualification,2026-05-20,Existing Customer - Upgrade,Web,Confirm requirements,Pipeline,USD,Synthetic opportunity generated from aggregate CRM structure only.,2026-01-01T15:52:13Z,0,0,20.0,2208072.54,001oiBORV4MFMZ7ID8,,01sLoYtuPuiAhJSKZN,
510IQPDyR2DAOuCIPM,Quarrylight Moonridge Summit Analytics - Precision Harbor Support Core Solstice Renewal,Closed Won,2023-10-26,Existing Customer - Upgrade,Customer Referral,Finalize terms,Closed,USD,Synthetic opportunity generated from aggregate CRM structure only.,2023-06-07T02:51:53Z,1,1,100.0,1905202.88,001PygtS3FHgKj8Q8G,701PvobyJwhiNxZY1C,01sQ4LtuJF9K1vlMFT,
006oQSzJDjWvKoBY9W,Peregrine Hollow Redwood Pacific Logistics - Rapid Compass Hardware Enterprise Aurora Renewal,Closed Lost,2024-04-27,New Customer,Customer Referral,Confirm requirements,Closed,USD,Synthetic opportunity generated from aggregate CRM structure only.,2023-12-08T07:43:14Z,1,0,0.0,1108824.75,001OPKDJQJag0BvIDS,,01sQ4LtuJF9K1vlMFT,0Q0POzK087N5s5nKOY
00iSq8SPerfTgkuQ4M,Oakmere Stonebridge Global Works - Unified Summit Hardware Professional Ion New Business,Value Proposition,2027-02-17,Existing Customer - Upgrade,Web,Finalize terms,Best Case,USD,Synthetic opportunity generated from aggregate CRM structure only.,2026-02-11T01:27:34Z,0,0,50.0,619587.82,001WHkVb04B78wfY3Q,,01sQ4LtuJF9K1vlMFT,
82iagHzkTkAOFAFI1V,Novacairn Bluecrest Eastern Industries - Adaptive Lattice Support Ultimate Solstice Expansion,Needs Analysis,2026-11-16,New Customer,Partner Referral,Confirm requirements,Pipeline,USD,Synthetic opportunity generated from aggregate CRM structure only.,2026-02-02T15:30:10Z,0,0,35.0,1467827.84,001ZX951OeRh6EHIOJ,701s2qORj9Q5274YHM,01sLoYtuPuiAhJSKZN,
01tDPz19Km8C6IOYXR,Morrowfen Clearpath Western Partners - Dynamic Ember Hardware Edge Cascade Renewal,Closed Won,2025-06-16,Existing Customer - Renewal,Customer Referral,Confirm requirements,Closed,USD,Synthetic opportunity generated from aggregate CRM structure only.,2024-10-30T01:21:49Z,1,1,100.0,2457039.45,0014BI0PTpGJAb4ICJ,7019KuFdn10ijGjI2P,01sLoYtuPuiAhJSKZN,
0209iZ621bh0jciAXC,Latticebrook Evergreen Regional Analytics - Elastic Vertex Training Foundation Meridian Expansion,Closed Won,2022-10-12,Existing Customer - Renewal,Customer Referral,Confirm requirements,Closed,USD,Synthetic opportunity generated from aggregate CRM structure only.,2022-06-21T04:03:23Z,1,1,100.0,157028.56,001kNqWPjavmloHAZ4,,01sf902KvuoXgXtOGX,
006icyd7oXmbnsJQ85,Kestrel Arc Goldenleaf Lakeside Logistics - Modular Orbit Data Platform Scale Vector Renewal,Closed Won,2024-08-25,New Customer,Web,Confirm requirements,Closed,USD,Synthetic opportunity generated from aggregate CRM structure only.,2024-01-08T12:41:36Z,1,1,100.0,1051944.98,001avRKkn0zGBkGQ4J,,01sLoYtuPuiAhJSKZN,
0064Tm6PZkvXXjaQ4O,Juniper Vale Ironwood Eastern Works - Precision Foundry Data Platform Ultimate Cascade New Business,Needs Analysis,2026-05-04,Existing Customer - Renewal,Outbound,Schedule review,Pipeline,USD,Synthetic opportunity generated from aggregate CRM structure only.,2025-06-14T14:18:18Z,0,0,35.0,2027024.83,0014RvX7ofOXrw9I9V,7014Mb0gQuVkT1cIP4,01sQ4LtuJF9K1vlMFT,
006LfsPZOgeTmYBYKR,Ivorypine Keystone Western Collective - Rapid Beacon Cloud Service Edge Nova Renewal,Needs Analysis,2026-12-25,Existing Customer - Renewal,Organic Search,Schedule review,Pipeline,USD,Synthetic opportunity generated from aggregate CRM structure only.,2025-08-15T18:23:43Z,0,0,35.0,2439128.33,001A42WSazTcqOlAN5,,01sLoYtuPuiAhJSKZN,
006rm6acotUVy8XIRX,Harborlume Moonridge Regional Partners - Unified Pioneer Cloud Service Foundation Zenith Expansion,Value Proposition,2027-04-04,New Customer,Customer Referral,Finalize terms,Best Case,USD,Synthetic opportunity generated from aggregate CRM structure only.,2026-11-02T17:10:28Z,0,0,50.0,1330291.28,001avRKkn0zGBkGQ4J,7010j7HiIFs5acMAA2,01sQ4LtuJF9K1vlMFT,
006ZCsT1xiI0zuZYAP,Glimmerforge Redwood Lakeside Analytics - Adaptive Harbor Training Select Cobalt Expansion,Negotiation/Review,2027-06-20,Existing Customer - Renewal,Outbound,Schedule review,Commit,USD,Synthetic opportunity generated from aggregate CRM structure only.,2026-11-17T00:57:36Z,0,0,75.0,974073.95,001g2MhymLdN59YQJG,,01sQ4LtuJF9K1vlMFT,0Q0Y9plwmyECgSKS3R
006v1iBEiBlgil0IRL,Fablecrest Stonebridge Eastern Logistics - Dynamic Compass Advisory Vertex Nova Renewal,Closed Lost,2025-03-05,Existing Customer - Upgrade,Customer Referral,Schedule review,Closed,USD,Synthetic opportunity generated from aggregate CRM structure only.,2024-04-29T16:42:36Z,1,0,0.0,298328.11,001PFGdur2jMSzLAST,,01sf902KvuoXgXtOGX,
006DyTvQPKimCaHIY6,Evertrail Bluecrest Worldwide Systems - Elastic Summit Cloud Service Essential Atlas New Business,Qualification,2026-05-22,Existing Customer - Upgrade,Web,Prepare proposal,Pipeline,USD,Synthetic opportunity generated from aggregate CRM structure only.,2026-04-12T11:27:10Z,0,0,20.0,2068525.25,001zBr7D0amNm8PY72,,01sLoYtuPuiAhJSKZN,
010lqfRSNaweQEsI1C,Deltora Clearpath Southern Collective - Modular Lattice Hardware Premier Horizon Renewal,Closed Won,2025-03-29,Existing Customer - Upgrade,Outbound,Prepare proposal,Closed,USD,Synthetic opportunity generated from aggregate CRM structure only.,2024-10-27T17:20:08Z,1,1,100.0,1634274.32,0019ojrY0cvCQ2UQ6L,,01sLoYtuPuiAhJSKZN,
0061nKAThPxXHB6Q7G,Cinderquill Evergreen Northern Partners - Precision Ember Support Select Pulse Renewal,Value Proposition,2026-09-07,Existing Customer - Renewal,Web,Schedule review,Best Case,USD,Synthetic opportunity generated from aggregate CRM structure only.,2026-04-29T17:16:03Z,0,0,50.0,152861.68,001TZ4qzm6M8oduYTH,,01sf902KvuoXgXtOGX,0Q06D0TwLz52xUWSXF
006zBUca5P3GiXbQDW,Brindlewave Goldenleaf Frontier Analytics - Quantum Vertex Advisory Vertex Atlas Renewal,Prospecting,2027-04-11,New Customer,Partner Referral,Confirm requirements,Pipeline,USD,Synthetic opportunity generated from aggregate CRM structure only.,2026-10-17T02:24:48Z,0,0,10.0,852374.49,001JiaHmTdr5UrJQQJ,,01sf902KvuoXgXtOGX,
801rmDVqegLzveYA4W,Avenlo Ironwood Worldwide Industries - Unified Orbit Support Essential Ion Expansion,Prospecting,2027-02-05,Existing Customer - Upgrade,Event,Prepare proposal,Pipeline,USD,Synthetic opportunity generated from aggregate CRM structure only.,2026-08-05T22:09:12Z,0,0,10.0,2010709.82,001HPdcdRz4xhIHI7A,,01sf902KvuoXgXtOGX,
006OLd7bfB8DbX9QKZ,Rivermark Juniper Southern Systems - Adaptive Foundry Data Platform Professional Solstice Renewal,Value Proposition,2027-06-24,Existing Customer - Renewal,Organic Search,Schedule review,Best Case,USD,Synthetic opportunity generated from aggregate CRM structure only.,2026-09-16T22:50:33Z,0,0,50.0,425647.28,0012Mm2CXMo3FSXAIK,701Dpaw66va6dUvYOQ,01sLoYtuPuiAhJSKZN,
0061IIS0Mcc4usYIDW,Quarrylight Longview Northern Collective - Dynamic Beacon Cloud Service Standard Aurora New Business,Negotiation/Review,2027-01-26,New Customer,Outbound,Schedule review,Commit,USD,Synthetic opportunity generated from aggregate CRM structure only.,2026-03-19T09:06:18Z,0,0,75.0,360198.93,001YbEX62vgcJCrQQH,701PnzYm01TO5qEICN,01sLoYtuPuiAhJSKZN,
71i9FTNyZtivXqvA0X,Peregrine Hollow Northstar Frontier Partners - Elastic Pioneer Support Core Meridian New Business,Qualification,2026-06-16,New Customer,Partner Referral,Finalize terms,Pipeline,USD,Synthetic opportunity generated from aggregate CRM structure only.,2025-06-16T00:24:46Z,0,0,20.0,1226451.41,001Y7WfxpecwwzUQ8R,701VENsf4RdiXcPYUH,01sLoYtuPuiAhJSKZN,
006dbT5cOGDgHY6QVK,Oakmere Silverline Worldwide Works - Modular Harbor Cloud Service Enterprise Vector Renewal,Value Proposition,2026-05-11,New Customer,Event,Schedule review,Best Case,USD,Synthetic opportunity generated from aggregate CRM structure only.,2025-02-10T00:58:15Z,0,0,50.0,2341231.75,001ZIcBit9DhXpUAPA,,01sLoYtuPuiAhJSKZN,
80t37iypOi0vj92Q9J,Novacairn Westwind Southern Industries - Precision Compass Data Platform Professional Cascade Renewal,Needs Analysis,2027-04-26,New Customer,Web,Prepare proposal,Pipeline,USD,Synthetic opportunity generated from aggregate CRM structure only.,2026-05-20T04:31:31Z,0,0,35.0,1784453.93,001IqN1uANorRv0AGO,,01sQ4LtuJF9K1vlMFT,0Q0pqhMsi9IIy0302F
006uOtoSKqGQMgYYMN,Morrowfen Brightwater Pacific Systems - Quantum Summit Support Standard Meridian New Business,Qualification,2026-08-06,Existing Customer - Upgrade,Outbound,Confirm requirements,Pipeline,USD,Synthetic opportunity generated from aggregate CRM structure only.,2025-04-10T22:55:49Z,0,0,20.0,324014.45,001ue1J9V7XEwHtA5N,7014xC7ldfv7uGYYZO,01sf902KvuoXgXtOGX,
82tPtrVmmPDvG8BAW9,Latticebrook Copperfield Global Collective - Unified Lattice Support Core Zenith Expansion,Needs Analysis,2027-03-21,Existing Customer - Upgrade,Organic Search,Schedule review,Pipeline,USD,Synthetic opportunity generated from aggregate CRM structure only.,2027-01-16T05:34:37Z,0,0,35.0,2134579.15,001yVmlwCnpWY0fA4W,701316oqPXGTr5DIOR,01sQ4LtuJF9K1vlMFT,0Q0ZDMzt7GTuZXeKEX
006KY5EUmtFCLYFYIW,Kestrel Arc Farpoint Coastal Partners - Adaptive Ember Training Foundation Cobalt New Business,Value Proposition,2027-05-22,Existing Customer - Upgrade,Partner Referral,Finalize terms,Best Case,USD,Synthetic opportunity generated from aggregate CRM structure only.,2027-04-15T22:05:43Z,0,0,50.0,1609227.09,001LDOa8tzZhi9lQLS,,01sQ4LtuJF9K1vlMFT,
006E4scDKGSPsigIW3,Juniper Vale Highland Summit Works - Connected Vertex Support Scale Nova Renewal,Prospecting,2027-05-12,Existing Customer - Upgrade,Organic Search,Finalize terms,Pipeline,USD,Synthetic opportunity generated from aggregate CRM structure only.,2026-01-12T11:26:47Z,0,0,10.0,611753.17,001aJFstC9yWgafQNG,7019KuFdn10ijGjI2P,01sLoYtuPuiAhJSKZN,
506lz24Tb5X9TnaY3R,Ivorypine Juniper Pacific Industries - Elastic Orbit Advisory Ultimate Zenith Renewal,Value Proposition,2026-11-24,New Customer,Customer Referral,Finalize terms,Best Case,USD,Synthetic opportunity generated from aggregate CRM structure only.,2025-10-15T02:06:24Z,0,0,50.0,2244163.65,001CWFhyR8QJd16AFG,701JAQrUVjwb0lkIRC,01sQ4LtuJF9K1vlMFT,0Q0DZ5Aym0YuaV9SEN
806MNuDPlV5veZFQWY,Harborlume Longview Global Systems - Modular Foundry Support Edge Horizon Expansion,Needs Analysis,2026-08-27,New Customer,Partner Referral,Schedule review,Pipeline,USD,Synthetic opportunity generated from aggregate CRM structure only.,2025-11-14T09:04:02Z,0,0,35.0,734421.78,001vXGsLaTZksTjQHC,,01sLoYtuPuiAhJSKZN,
006uJMzED6Hs1DdYML,Glimmerforge Northstar Coastal Collective - Precision Beacon Data Platform Foundation Pulse Expansion,Qualification,2027-04-22,New Customer,Customer Referral,Confirm requirements,Pipeline,USD,Synthetic opportunity generated from aggregate CRM structure only.,2026-02-18T11:58:51Z,0,0,20.0,1333764.28,001sxFqtMp1pxP6AMV,,01sQ4LtuJF9K1vlMFT,
001pIL1pKCki17BQWN,Fablecrest Silverline Summit Logistics - Quantum Pioneer Advisory Scale Atlas Renewal,Qualification,2027-01-14,Existing Customer - Renewal,Partner Referral,Prepare proposal,Pipeline,USD,Synthetic opportunity generated from aggregate CRM structure only.,2026-08-16T14:01:05Z,0,0,20.0,1900853.69,001aJFstC9yWgafQNG,701623KY8ROVX35IU0,01sLoYtuPuiAhJSKZN,0Q0SisixZ88mouU0PN
006pCWNQf7rGJ3NYY8,Evertrail Westwind Pacific Works - Unified Harbor Advisory Ultimate Horizon Expansion,Needs Analysis,2026-09-27,Existing Customer - Upgrade,Customer Referral,Prepare proposal,Pipeline,USD,Synthetic opportunity generated from aggregate CRM structure only.,2025-08-12T11:19:01Z,0,0,35.0,1843967.42,001tvKQbYklnB9tY2P,,01sQ4LtuJF9K1vlMFT,
00634eQgMzvchwvI95,Deltora Brightwater Lakeside Industries - Adaptive Compass Hardware Essential Solstice Renewal,Negotiation/Review,2026-05-08,Existing Customer - Upgrade,Event,Schedule review,Commit,USD,Synthetic opportunity generated from aggregate CRM structure only.,2026-01-12T05:23:26Z,0,0,75.0,1223108.78,001Q3kntrifzyYWI62,,01sf902KvuoXgXtOGX,
006oCgHwGOQu57JQKC,Cinderquill Copperfield Eastern Systems - Connected Summit Hardware Premier Aurora Renewal,Value Proposition,2026-07-09,New Customer,Organic Search,Finalize terms,Best Case,USD,Synthetic opportunity generated from aggregate CRM structure only.,2025-02-10T16:47:28Z,0,0,50.0,1653432.24,001Ivgehi2RhpxmIXK,,01sQ4LtuJF9K1vlMFT,0Q0aMScNDXDhOfz074
52tZyxdG49iTgEvI74,Brindlewave Farpoint Western Analytics - Elastic Lattice Hardware Select Ion New Business,Closed Won,2025-02-09,Existing Customer - Renewal,Event,Finalize terms,Closed,USD,Synthetic opportunity generated from aggregate CRM structure only.,2024-12-28T16:36:03Z,1,1,100.0,1511363.37,001n3aMHCveux7aI17,,01sf902KvuoXgXtOGX,0Q0iHvR7oz0f6h10PR
0069xmhgA7X0fIbA1E,Avenlo Highland Regional Logistics - Modular Ember Cloud Service Vertex Solstice Expansion,Prospecting,2026-05-24,Existing Customer - Renewal,Outbound,Confirm requirements,Pipeline,USD,Synthetic opportunity generated from aggregate CRM structure only.,2025-04-12T09:20:00Z,0,0,10.0,1997717.38,0019ajAWDOEHbBzQ2L,,01sLoYtuPuiAhJSKZN,
006iXnW1biuwRwJIO3,Rivermark Ironwood Lakeside Works - Open Vertex Support Essential Cascade Renewal,Qualification,2026-06-15,Existing Customer - Upgrade,Partner Referral,Prepare proposal,Pipeline,USD,Synthetic opportunity generated from aggregate CRM structure only.,2025-06-01T12:33:44Z,0,0,20.0,1403706.4,001JcZQ7uhRMVxxILW,701BP1P0a1hwEg9QVB,01sQ4LtuJF9K1vlMFT,
71taZWt3ojFBqZHATH,Quarrylight Keystone Eastern Industries - Quantum Orbit Support Premier Meridian Expansion,Prospecting,2027-02-20,Existing Customer - Renewal,Web,Finalize terms,Pipeline,USD,Synthetic opportunity generated from aggregate CRM structure only.,2026-02-25T22:29:40Z,0,0,10.0,1231930.21,001Oil2EokU3tWpID9,,01sLoYtuPuiAhJSKZN,0Q0MY1IfxVBXb09SY3
7114KCSJqEfdNPZIN6,Peregrine Hollow Moonridge Western Partners - Unified Foundry Training Select Vector Expansion,Closed Lost,2024-09-08,Existing Customer - Upgrade,Outbound,Confirm requirements,Closed,USD,Synthetic opportunity generated from aggregate CRM structure only.,2023-11-24T13:43:04Z,1,0,0.0,24965.59,001Cf0Zp88DAw7JQGL,7017jaJGBUyVDFxICV,01sLoYtuPuiAhJSKZN,0Q09n9lCm4o7HM5K5W
8064auPFKn88uyxYHW,Oakmere Redwood Regional Analytics - Adaptive Beacon Hardware Core Cobalt Expansion,Qualification,2027-05-24,New Customer,Web,Finalize terms,Pipeline,USD,Synthetic opportunity generated from aggregate CRM structure only.,2026-05-25T01:21:11Z,0,0,20.0,2104801.61,001PcZ9V15a5LqkQLE,7014Mb0gQuVkT1cIP4,01sJqGPflRJqwqCPRW,
006XZtCLxdKwkPfIHW,Novacairn Stonebridge Lakeside Logistics - Connected Pioneer Hardware Enterprise Nova New Business,Closed Lost,2024-02-26,New Customer,Partner Referral,Finalize terms,Closed,USD,Synthetic opportunity generated from aggregate CRM structure only.,2023-03-08T19:18:35Z,1,0,0.0,2371512.83,001H8DiQNUTC9JGQA0,,01sf902KvuoXgXtOGX,
006apT08amon0XbYH3,Morrowfen Bluecrest Frontier Works - Elastic Harbor Hardware Professional Zenith Renewal,Prospecting,2027-06-29,New Customer,Outbound,Prepare proposal,Pipeline,USD,Synthetic opportunity generated from aggregate CRM structure only.,2027-03-23T21:39:37Z,0,0,10.0,2341751.7,001jIiXAhBEHXIPYQP,,01sf902KvuoXgXtOGX,
00iqFhLrcm84fnfY73,Latticebrook Clearpath Worldwide Collective - Modular Compass Advisory Standard Cobalt New Business,Qualification,2026-12-29,New Customer,Organic Search,Prepare proposal,Pipeline,USD,Synthetic opportunity generated from aggregate CRM structure only.,2025-11-15T08:26:48Z,0,0,20.0,1745543.67,001g2MhymLdN59YQJG,701zPCT7q7BesAmYT9,01sQ4LtuJF9K1vlMFT,0Q0IwlA6tTCeA0yS0W
800b4hPm6qk3M2KARE,Kestrel Arc Evergreen Southern Partners - Open Summit Advisory Core Pulse Renewal,Negotiation/Review,2026-11-20,Existing Customer - Upgrade,Partner Referral,Confirm requirements,Commit,USD,Synthetic opportunity generated from aggregate CRM structure only.,2026-08-17T04:41:38Z,0,0,75.0,969735.52,001lpuGrFmSTBnuY0M,,01sf902KvuoXgXtOGX,
006OTMiE4lXDcS1ARJ,Juniper Vale Goldenleaf Northern Analytics - Quantum Lattice Data Platform Enterprise Atlas Expansion,Closed Won,2025-11-10,New Customer,Event,Confirm requirements,Closed,USD,Synthetic opportunity generated from aggregate CRM structure only.,2025-07-02T17:26:25Z,1,1,100.0,563312.09,001ELIrItgjWFxCQSW,,01sLoYtuPuiAhJSKZN,0Q0L9QCIQeyyeBgCHQ
006pcNgR5DH4dO1YXM,Ivorypine Ironwood Frontier Logistics - Unified Ember Support Professional Horizon Expansion,Needs Analysis,2027-04-16,Existing Customer - Renewal,Organic Search,Confirm requirements,Pipeline,USD,Synthetic opportunity generated from aggregate CRM structure only.,2026-12-11T16:29:19Z,0,0,35.0,1125859.6,0014BI0PTpGJAb4ICJ,,01sLoYtuPuiAhJSKZN,0Q0nJrZyRUclBpFCFH
006mIdYenRt1MisQIC,Harborlume Keystone Worldwide Systems - Virtual Vertex Hardware Standard Pulse New Business,Value Proposition,2027-04-17,Existing Customer - Upgrade,Web,Prepare proposal,Best Case,USD,Synthetic opportunity generated from aggregate CRM structure only.,2025-11-03T07:46:30Z,0,0,50.0,497294.5,,,01sQ4LtuJF9K1vlMFT,
011B9Ic67Froq40Y1H,Glimmerforge Moonridge Southern Collective - Connected Orbit Hardware Edge Aurora New Business,Qualification,2026-10-18,Existing Customer - Renewal,Customer Referral,Prepare proposal,Pipeline,USD,Synthetic opportunity generated from aggregate CRM structure only.,2025-09-15T22:24:54Z,0,0,20.0,609451.87,0014pV3Hc4QcEQfYGG,7012gLtQpc999YmQNW,01sQ4LtuJF9K1vlMFT,0Q0kuKBtmyn5HEDK7W
0069XmIipc9u2YrIUP,Fablecrest Redwood Northern Partners - Elastic Foundry Advisory Foundation Ion Expansion,Needs Analysis,2026-09-27,Existing Customer - Upgrade,Customer Referral,Confirm requirements,Pipeline,USD,Synthetic opportunity generated from aggregate CRM structure only.,2025-06-29T20:35:09Z,0,0,35.0,344086.42,0013e2Rh2QW4yB5YBM,701AQ2IkwyckslOQQH,01sLoYtuPuiAhJSKZN,
511NIp2TtJoPLjwY55,Evertrail Stonebridge Frontier Analytics - Modular Beacon Training Scale Solstice Renewal,Prospecting,2027-06-30,Existing Customer - Upgrade,Customer Referral,Finalize terms,Pipeline,USD,Synthetic opportunity generated from aggregate CRM structure only.,2026-03-25T06:38:08Z,0,0,10.0,233127.29,001iIp10CH2rdjrQCH,,01sQ4LtuJF9K1vlMFT,
5261xjDdX1QGkqmIQC,Deltora Bluecrest Coastal Logistics - Open Pioneer Support Ultimate Aurora Expansion,Needs Analysis,2026-07-26,Existing Customer - Renewal,Partner Referral,Confirm requirements,Pipeline,USD,Synthetic opportunity generated from aggregate CRM structure only.,2026-01-26T13:36:01Z,0,0,35.0,674574.0,001PUaO8FLbQ5tuY7R,,01sLoYtuPuiAhJSKZN,
806StPGH4FF48KzY6G,Cinderquill Clearpath Summit Systems - Quantum Harbor Training Edge Meridian New Business,Qualification,2027-03-03,Existing Customer - Upgrade,Web,Finalize terms,Pipeline,USD,Synthetic opportunity generated from aggregate CRM structure only.,2026-01-29T00:44:17Z,0,0,20.0,258141.5,001ILvT4IDtyUZiY3D,701DNuvDGEm4hghY4U,01sQ4LtuJF9K1vlMFT,0Q0HUL2kP1RRNAACYY
006Fr4bKzYeqWb9ANS,Brindlewave Evergreen Pacific Collective - Unified Compass Data Platform Foundation Vector Expansion,Qualification,2026-10-18,Existing Customer - Upgrade,Organic Search,Confirm requirements,Pipeline,USD,Synthetic opportunity generated from aggregate CRM structure only.,2026-05-13T05:25:18Z,0,0,20.0,907408.85,001G40EGKjt7p96I7T,701bmC3dSpPfuEkATE,01sf902KvuoXgXtOGX,
006SLmqhCZd30S7AGE,Avenlo Goldenleaf Global Partners - Virtual Summit Support Scale Cascade New Business,Value Proposition,2026-11-17,New Customer,Organic Search,Schedule review,Best Case,USD,Synthetic opportunity generated from aggregate CRM structure only.,2026-08-21T08:36:15Z,0,0,50.0,874827.49,001mC8KS3W25A4qI66,,01sQ4LtuJF9K1vlMFT,
716J4BS1pykr2rsQCF,Rivermark Highland Coastal Analytics - Connected Lattice Advisory Vertex Meridian New Business,Prospecting,2026-09-07,Existing Customer - Upgrade,Web,Finalize terms,Pipeline,USD,Synthetic opportunity generated from aggregate CRM structure only.,2025-10-10T04:37:46Z,0,0,10.0,996642.16,001qP46mGWsPnuOQ5R,,01sLoYtuPuiAhJSKZN,0Q0x8py2WwWuEBe0GD
72ilBGasOCP9rvYIXO,Quarrylight Juniper Summit Industries - Elastic Ember Hardware Essential Zenith New Business,Negotiation/Review,2026-06-10,New Customer,Event,Finalize terms,Commit,USD,Synthetic opportunity generated from aggregate CRM structure only.,2025-01-12T22:44:10Z,0,0,75.0,298240.77,001aPvgDsUU73EoIG0,,01sf902KvuoXgXtOGX,
0060fyqkOBlBEsPIQ3,Peregrine Hollow Longview Pacific Systems - Integrated Vertex Training Premier Cobalt New Business,Closed Lost,2024-12-22,New Customer,Event,Finalize terms,Closed,USD,Synthetic opportunity generated from aggregate CRM structure only.,2024-02-13T00:05:12Z,1,0,0.0,357633.81,001r2Zt5bJoZh5cI46,,01sLoYtuPuiAhJSKZN,
706hqp8mxB71nrAAPD,Oakmere Northstar Global Collective - Open Orbit Support Select Nova Expansion,Negotiation/Review,2026-11-27,Existing Customer - Renewal,Customer Referral,Confirm requirements,Commit,USD,Synthetic opportunity generated from aggregate CRM structure only.,2025-12-31T22:38:47Z,0,0,75.0,1372693.62,001qn0PeVSegyj1AFD,701fmMnRrUO2XdcI3Y,01sQ4LtuJF9K1vlMFT,
021jvqwanvRq8PSQS3,Novacairn Silverline Coastal Partners - Quantum Foundry Data Platform Vertex Zenith New Business,Negotiation/Review,2026-08-24,Existing Customer - Upgrade,Event,Schedule review,Commit,USD,Synthetic opportunity generated from aggregate CRM structure only.,2025-11-28T22:08:53Z,0,0,75.0,2413889.92,001oC8KT3LUvyYxQCY,,01sQ4LtuJF9K1vlMFT,
006IKE6vB53gZVNYRJ,Morrowfen Westwind Summit Works - Unified Beacon Cloud Service Essential Horizon New Business,Closed Won,2025-03-04,Existing Customer - Renewal,Web,Confirm requirements,Closed,USD,Synthetic opportunity generated from aggregate CRM structure only.,2024-04-06T03:37:11Z,1,1,100.0,1538201.47,0016qNzHRpaK4VVIC7,,01sLoYtuPuiAhJSKZN,
006qMvQmhYA7gSZYT6,Latticebrook Brightwater Regional Industries - Virtual Pioneer Hardware Premier Pulse Expansion,Closed Won,2024-11-10,Existing Customer - Upgrade,Event,Schedule review,Closed,USD,Synthetic opportunity generated from aggregate CRM structure only.,2024-09-01T13:04:24Z,1,1,100.0,500983.93,001qP46mGWsPnuOQ5R,,01sQ4LtuJF9K1vlMFT,
006erXqFwh1NIFiQ26,Kestrel Arc Copperfield Lakeside Systems - Connected Harbor Training Standard Atlas Expansion,Prospecting,2026-08-19,Existing Customer - Renewal,Partner Referral,Finalize terms,Pipeline,USD,Synthetic opportunity generated from aggregate CRM structure only.,2026-06-01T00:08:50Z,0,0,10.0,470876.28,0011y3R0qW4167MAMP,,01sLoYtuPuiAhJSKZN,0Q0i5XvPtYVkIO4CWS
00662VA0cXhGFEFQRV,Juniper Vale Farpoint Eastern Collective - Elastic Compass Training Core Ion Renewal,Prospecting,2026-09-05,Existing Customer - Renewal,Outbound,Prepare proposal,Pipeline,USD,Synthetic opportunity generated from aggregate CRM structure only.,2025-08-05T06:40:03Z,0,0,10.0,1004462.41,001j6nRokzRlCs1Y07,701eYR0IxKvWggxING,01sLoYtuPuiAhJSKZN,0Q0rqitzigvVQnDC7W
006nNZWqxGEH725AZ4,Ivorypine Highland Western Logistics - Integrated Summit Hardware Enterprise Solstice Expansion,Negotiation/Review,2026-10-12,Existing Customer - Upgrade,Partner Referral,Schedule review,Commit,USD,Synthetic opportunity generated from aggregate CRM structure only.,2025-04-21T21:20:42Z,0,0,75.0,2131797.81,0014BI0PTpGJAb4ICJ,,01sLoYtuPuiAhJSKZN,
810ts46fmKDZIW9Y0M,Harborlume Juniper Regional Works - Open Lattice Advisory Professional Aurora New Business,Negotiation/Review,2026-05-28,Existing Customer - Renewal,Customer Referral,Finalize terms,Commit,USD,Synthetic opportunity generated from aggregate CRM structure only.,2025-06-12T02:34:03Z,0,0,75.0,1746714.67,001qn0PeVSegyj1AFD,,01sQ4LtuJF9K1vlMFT,0Q0KFreNkdPjOd2CEC
721GTQKklxSg6U2AAT,Glimmerforge Longview Lakeside Industries - Quantum Ember Hardware Standard Ion Expansion,Qualification,2026-09-09,Existing Customer - Upgrade,Outbound,Prepare proposal,Pipeline,USD,Synthetic opportunity generated from aggregate CRM structure only.,2026-07-21T12:32:16Z,0,0,20.0,2092384.21,001vXGsLaTZksTjQHC,701QvNzI8kZyr86YGN,01sf902KvuoXgXtOGX,0Q0mAQxdcqwXk4IKGA
51tCO1aeW2hjHWTY77,Fablecrest Northstar Eastern Systems - Rapid Vertex Cloud Service Core Vector Expansion,Closed Won,2024-08-27,Existing Customer - Upgrade,Organic Search,Schedule review,Closed,USD,Synthetic opportunity generated from aggregate CRM structure only.,2024-01-13T22:39:13Z,1,1,100.0,1137590.96,001mOakw0eBtWL3I8G,701AQ2IkwyckslOQQH,01sLoYtuPuiAhJSKZN,
51iB8VNbijPpetFIJJ,Evertrail Silverline Western Analytics - Virtual Orbit Support Enterprise Cascade Renewal,Negotiation/Review,2026-08-13,New Customer,Partner Referral,Finalize terms,Commit,USD,Synthetic opportunity generated from aggregate CRM structure only.,2025-11-05T03:57:07Z,0,0,75.0,69085.56,001YbEX62vgcJCrQQH,701GCHw920l26V2I77,01sf902KvuoXgXtOGX,
006jJ8ct8ZaHG4cYCD,Deltora Westwind Regional Logistics - Connected Foundry Support Scale Meridian Expansion,Prospecting,2026-05-17,Existing Customer - Renewal,Event,Schedule review,Pipeline,USD,Synthetic opportunity generated from aggregate CRM structure only.,2025-01-17T13:32:50Z,0,0,10.0,918674.8,001NRMSr13PD4ICIOI,701OLah01F81qKCQ4B,01sQ4LtuJF9K1vlMFT,0Q0TikzietfRKx00ZX
006x1v6emgXFNcTYVV,Cinderquill Brightwater Northern Works - Elastic Beacon Cloud Service Ultimate Vector New Business,Needs Analysis,2027-04-17,Existing Customer - Upgrade,Event,Confirm requirements,Pipeline,USD,Synthetic opportunity generated from aggregate CRM structure only.,2025-11-28T20:46:27Z,0,0,35.0,1764028.2,0017rl4CBbT95B0YG7,,01sQ4LtuJF9K1vlMFT,
006Gk0wSSsdxmmQIK9,Brindlewave Copperfield Frontier Industries - Integrated Pioneer Hardware Edge Cobalt Renewal,Closed Won,2024-11-08,Existing Customer - Upgrade,Outbound,Prepare proposal,Closed,USD,Synthetic opportunity generated from aggregate CRM structure only.,2024-08-11T16:05:31Z,1,1,100.0,874087.7,0014BI0PTpGJAb4ICJ,701s2qORj9Q5274YHM,01sLoYtuPuiAhJSKZN,
806CDzbo8Biuj6hIA4,Avenlo Farpoint Worldwide Partners - Open Harbor Data Platform Foundation Nova Expansion,Qualification,2027-04-26,New Customer,Event,Prepare proposal,Pipeline,USD,Synthetic opportunity generated from aggregate CRM structure only.,2026-11-05T04:41:57Z,0,0,20.0,1614493.65,001GJ2vwlaXONX0IFT,701LVVOQQeQAPERQND,01sf902KvuoXgXtOGX,0Q01UCb5nkxG6rwSL9
0064Fs0btYLsyeaI7G,Rivermark Goldenleaf Southern Analytics - Quantum Compass Support Scale Zenith Renewal,Value Proposition,2026-10-05,Existing Customer - Renewal,Web,Confirm requirements,Best Case,USD,Synthetic opportunity generated from aggregate CRM structure only.,2025-07-21T07:00:07Z,0,0,50.0,676704.09,001iIp10CH2rdjrQCH,,01sQ4LtuJF9K1vlMFT,
006gqMyJYjomeSSARY,Quarrylight Ironwood Northern Logistics - Rapid Summit Advisory Ultimate Cobalt Renewal,Prospecting,2026-07-19,Existing Customer - Renewal,Customer Referral,Schedule review,Pipeline,USD,Synthetic opportunity generated from aggregate CRM structure only.,2025-02-07T17:48:53Z,0,0,10.0,574076.8,001qP46mGWsPnuOQ5R,701qSlEpW8tT5lJI6V,01sLoYtuPuiAhJSKZN,0Q0CeJXAO7PQgVNCNT
726XxhQQHpOWQ3kAZ3,Peregrine Hollow Keystone Frontier Works - Virtual Lattice Support Edge Pulse Renewal,Negotiation/Review,2027-05-03,Existing Customer - Upgrade,Partner Referral,Prepare proposal,Commit,USD,Synthetic opportunity generated from aggregate CRM structure only.,2026-07-21T06:25:31Z,0,0,75.0,1840557.72,001PUaO8FLbQ5tuY7R,,01sLoYtuPuiAhJSKZN,
006ZNylqhQEimcZQR4,Oakmere Moonridge Worldwide Collective - Connected Ember Data Platform Premier Atlas Expansion,Closed Lost,2025-10-26,Existing Customer - Renewal,Partner Referral,Schedule review,Closed,USD,Synthetic opportunity generated from aggregate CRM structure only.,2025-07-21T17:37:00Z,1,0,0.0,513115.22,001X5lK5MbsgblUIV7,,01sQ4LtuJF9K1vlMFT,0Q0VZtSLJPhcOrLKOX
006aQnsPegkc0cyQ0Q,Novacairn Redwood Southern Partners - Dynamic Vertex Data Platform Select Horizon Renewal,Closed Won,2023-09-12,New Customer,Web,Prepare proposal,Closed,USD,Synthetic opportunity generated from aggregate CRM structure only.,2022-12-10T12:23:14Z,1,1,100.0,104752.36,001PygtS3FHgKj8Q8G,,01sQ4LtuJF9K1vlMFT,0Q0XxISAjikvcs40I5
006mE2kFhDmiduxIN9,Morrowfen Stonebridge Northern Analytics - Integrated Orbit Cloud Service Vertex Pulse Expansion,Negotiation/Review,2027-06-07,Existing Customer - Upgrade,Organic Search,Finalize terms,Commit,USD,Synthetic opportunity generated from aggregate CRM structure only.,2026-10-25T01:01:46Z,0,0,75.0,377375.95,001Z9FmqrbfBXeVI9A,701iu7etaRTqbMlANW,01sQ4LtuJF9K1vlMFT,0Q0T0mFklACf8q30AV
52i6MpVfctu2Rz1Q6W,Latticebrook Bluecrest Global Logistics - Open Foundry Data Platform Essential Aurora New Business,Needs Analysis,2026-07-31,New Customer,Partner Referral,Confirm requirements,Pipeline,USD,Synthetic opportunity generated from aggregate CRM structure only.,2025-08-18T14:55:01Z,0,0,35.0,684340.48,001Yuy98mwACfhVANS,,01sf902KvuoXgXtOGX,
006CcicnqotKbV7QA3,Kestrel Arc Clearpath Coastal Works - Quantum Beacon Support Premier Ion New Business,Value Proposition,2027-05-15,New Customer,Web,Schedule review,Best Case,USD,Synthetic opportunity generated from aggregate CRM structure only.,2026-11-23T06:43:02Z,0,0,50.0,610879.01,001e0UGOTVraqTKQN3,,01sQ4LtuJF9K1vlMFT,
006rQluERhDp0sWAAX,Juniper Vale Evergreen Summit Collective - Rapid Pioneer Hardware Select Solstice New Business,Qualification,2026-06-11,Existing Customer - Renewal,Customer Referral,Prepare proposal,Pipeline,USD,Synthetic opportunity generated from aggregate CRM structure only.,2026-02-02T04:05:03Z,0,0,20.0,464290.92,001DbpAGYxaJeBJQYG,701623KY8ROVX35IU0,01sQ4LtuJF9K1vlMFT,0Q01ow8Nd4YKgX9K7I
006uNNxsCDR2JbcI6P,Ivorypine Goldenleaf Pacific Partners - Virtual Harbor Cloud Service Vertex Aurora New Business,Needs Analysis,2027-02-08,New Customer,Partner Referral,Finalize terms,Pipeline,USD,Synthetic opportunity generated from aggregate CRM structure only.,2026-12-23T05:57:06Z,0,0,35.0,1985149.14,001LDOa8tzZhi9lQLS,,01sQ4LtuJF9K1vlMFT,
006r4qdkepshooRIAE,Harborlume Ironwood Global Analytics - Connected Compass Hardware Enterprise Meridian Expansion,Needs Analysis,2027-02-17,New Customer,Customer Referral,Prepare proposal,Pipeline,USD,Synthetic opportunity generated from aggregate CRM structure only.,2026-11-18T15:09:40Z,0,0,35.0,1359663.75,001eRJ4GILnQbQxQA2,,01sf902KvuoXgXtOGX,
006tG1bv8XHt2VHY2D,Glimmerforge Keystone Coastal Logistics - Dynamic Summit Hardware Professional Vector Expansion,Closed Lost,2022-09-12,Existing Customer - Upgrade,Outbound,Schedule review,Closed,USD,Synthetic opportunity generated from aggregate CRM structure only.,2021-10-29T15:21:52Z,1,0,0.0,2013807.29,001mfVgWjeDJGGOY8D,,01sLoYtuPuiAhJSKZN,0Q02Vr7TJT0JiSxS3L
70iwkmQsAhcABLFQQN,Fablecrest Moonridge Summit Systems - Integrated Lattice Data Platform Standard Cascade New Business,Qualification,2026-10-31,Existing Customer - Renewal,Organic Search,Finalize terms,Pipeline,USD,Synthetic opportunity generated from aggregate CRM structure only.,2026-09-21T05:57:31Z,0,0,20.0,2440138.07,001Cf0Zp88DAw7JQGL,,01sf902KvuoXgXtOGX,
516a0xBwxWMNkAxI3M,Evertrail Redwood Pacific Collective - Open Ember Cloud Service Core Nova New Business,Qualification,2026-09-16,Existing Customer - Renewal,Partner Referral,Finalize terms,Pipeline,USD,Synthetic opportunity generated from aggregate CRM structure only.,2026-07-28T07:10:21Z,0,0,20.0,1986130.28,001LDvrdIgxRUc4IID,,01sf902KvuoXgXtOGX,
51i2GeNDNtSqHb1QVK,Deltora Stonebridge Global Partners - Precision Vertex Support Enterprise Zenith New Business,Negotiation/Review,2027-03-25,New Customer,Event,Finalize terms,Commit,USD,Synthetic opportunity generated from aggregate CRM structure only.,2025-12-27T17:06:43Z,0,0,75.0,1074464.38,001iIp10CH2rdjrQCH,701PnzYm01TO5qEICN,01sf902KvuoXgXtOGX,
00tuIMF7s5oEPalQX0,Cinderquill Bluecrest Eastern Analytics - Rapid Orbit Advisory Professional Cobalt New Business,Qualification,2027-05-03,New Customer,Event,Schedule review,Pipeline,USD,Synthetic opportunity generated from aggregate CRM structure only.,2026-04-29T13:24:56Z,0,0,20.0,1891751.89,001IGpX26HWSL0HQPY,,01sQ4LtuJF9K1vlMFT,0Q031dJ3OXhuxUoSAT
006qYgHdEjOWzxkY14,Brindlewave Clearpath Western Industries - Virtual Foundry Cloud Service Standard Nova New Business,Negotiation/Review,2027-05-06,New Customer,Customer Referral,Prepare proposal,Commit,USD,Synthetic opportunity generated from aggregate CRM structure only.,2027-04-06T13:10:54Z,0,0,75.0,1801773.27,0018MjZShtig55PAG6,,01sQ4LtuJF9K1vlMFT,
006vwictXd2Vi6wY1J,Avenlo Evergreen Regional Systems - Connected Beacon Training Edge Atlas Expansion,Negotiation/Review,2026-09-17,New Customer,Event,Confirm requirements,Commit,USD,Synthetic opportunity generated from aggregate CRM structure only.,2025-09-20T22:47:57Z,0,0,75.0,456075.01,001PygtS3FHgKj8Q8G,,01sf902KvuoXgXtOGX,0Q0YMXDrHBamKMf0NL
80txT1CJqp3g7p2A0R,Rivermark Farpoint Lakeside Collective - Dynamic Pioneer Data Platform Foundation Horizon New Business,Needs Analysis,2026-10-15,Existing Customer - Upgrade,Event,Schedule review,Pipeline,USD,Synthetic opportunity generated from aggregate CRM structure only.,2026-01-09T18:29:28Z,0,0,35.0,748074.11,001EocC12jSBhyyIOU,,01sQ4LtuJF9K1vlMFT,0Q0bf8034IqTyb9CAZ
006pM2ppnCXFRtoIGL,Quarrylight Highland Eastern Partners - Integrated Harbor Advisory Scale Pulse Expansion,Value Proposition,2026-09-27,Existing Customer - Upgrade,Event,Prepare proposal,Best Case,USD,Synthetic opportunity generated from aggregate CRM structure only.,2026-05-06T04:36:24Z,0,0,50.0,474544.74,001zDxxuW7kQ4BrAGJ,,01sLoYtuPuiAhJSKZN,
711jyKmeift9k3zQ8Q,Peregrine Hollow Juniper Western Works - Open Compass Advisory Ultimate Atlas New Business,Closed Won,2023-03-07,New Customer,Outbound,Finalize terms,Closed,USD,Synthetic opportunity generated from aggregate CRM structure only.,2022-09-18T00:31:08Z,1,1,100.0,701276.66,001OphrQTgtGmAPIMC,,01sQ4LtuJF9K1vlMFT,
00iTrMmRyI0AC7FYOK,Oakmere Longview Regional Industries - Precision Summit Cloud Service Edge Ion Expansion,Qualification,2027-03-24,New Customer,Event,Schedule review,Pipeline,USD,Synthetic opportunity generated from aggregate CRM structure only.,2026-12-03T04:00:35Z,0,0,20.0,1911344.31,001mr80ElRqK1bZQVC,7019g7m2YfxR5uxQ6M,01sQ4LtuJF9K1vlMFT,
52ii6xLGKZevuFNI40,Novacairn Northstar Lakeside Systems - Rapid Lattice Hardware Foundation Solstice Expansion,Qualification,2026-10-11,New Customer,Customer Referral,Finalize terms,Pipeline,USD,Synthetic opportunity generated from aggregate CRM structure only.,2026-04-27T11:23:47Z,0,0,20.0,153578.19,001GjfBhJ295BInY2G,,01sLoYtuPuiAhJSKZN,
006o1Gh8JFy138SACI,Morrowfen Silverline Eastern Collective - Virtual Ember Hardware Scale Aurora Expansion,Closed Lost,2025-05-08,Existing Customer - Upgrade,Partner Referral,Prepare proposal,Closed,USD,Synthetic opportunity generated from aggregate CRM structure only.,2024-08-13T17:20:19Z,1,0,0.0,306468.22,0015fdr3n38vtS2Q4V,,01sQ4LtuJF9K1vlMFT,0Q0a5KtEAda2GOI0SQ
500oowxkxV4s3nnYH7,Latticebrook Westwind Western Logistics - Adaptive Vertex Support Vertex Ion Expansion,Qualification,2027-05-06,Existing Customer - Upgrade,Organic Search,Prepare proposal,Pipeline,USD,Synthetic opportunity generated from aggregate CRM structure only.,2026-05-28T20:48:19Z,0,0,20.0,1629799.91,001OphrQTgtGmAPIMC,,01sf902KvuoXgXtOGX,0Q0I5N1D5UcQmFeSP7
516ILgCqG997k7VQH4,Kestrel Arc Brightwater Southern Works - Dynamic Orbit Hardware Essential Vector Expansion,Closed Won,2024-11-08,New Customer,Partner Referral,Schedule review,Closed,USD,Synthetic opportunity generated from aggregate CRM structure only.,2023-12-09T00:21:12Z,1,1,100.0,1269276.92,001mXlpepzxHpk4I31,,01sQ4LtuJF9K1vlMFT,0Q0cdciOsA7jNqcSYS
82689KnIcbNAgyTA3V,Juniper Vale Copperfield Northern Industries - Integrated Foundry Advisory Premier Cascade Renewal,Negotiation/Review,2026-12-26,Existing Customer - Upgrade,Organic Search,Prepare proposal,Commit,USD,Synthetic opportunity generated from aggregate CRM structure only.,2025-09-26T12:55:59Z,0,0,75.0,2168378.09,001ev39cBq0xejNIY0,,01sQ4LtuJF9K1vlMFT,
006ZDdH46cCuqF0YRL,Ivorypine Farpoint Frontier Systems - Open Beacon Advisory Select Meridian New Business,Closed Won,2025-01-19,Existing Customer - Upgrade,Outbound,Prepare proposal,Closed,USD,Synthetic opportunity generated from aggregate CRM structure only.,2024-06-07T09:33:54Z,1,1,100.0,1041706.49,001N2mO6ogfdaXBYDK,,01sLoYtuPuiAhJSKZN,0Q0t8Q1c8Ar9fL3C3F
006suCA8Xg8hP7SQ38,Harborlume Highland Worldwide Analytics - Precision Pioneer Cloud Service Vertex Vector Expansion,Closed Lost,2026-05-02,Existing Customer - Renewal,Partner Referral,Confirm requirements,Closed,USD,Synthetic opportunity generated from aggregate CRM structure only.,2025-09-19T11:08:52Z,1,0,0.0,1225238.12,,,01sQ4LtuJF9K1vlMFT,
006GVAxgqybOs4oITE,Glimmerforge Juniper Southern Logistics - Rapid Harbor Data Platform Essential Cobalt Expansion,Value Proposition,2026-10-29,Existing Customer - Renewal,Event,Finalize terms,Best Case,USD,Synthetic opportunity generated from aggregate CRM structure only.,2026-06-25T14:30:06Z,0,0,50.0,1602381.34,001IqN1uANorRv0AGO,,01sLoYtuPuiAhJSKZN,
726hjCBUiRc6Z6NYQ4,Fablecrest Longview Northern Works - Virtual Compass Support Premier Nova New Business,Prospecting,2026-07-22,Existing Customer - Upgrade,Event,Confirm requirements,Pipeline,USD,Synthetic opportunity generated from aggregate CRM structure only.,2026-04-19T14:20:49Z,0,0,10.0,1333447.88,001IGpX26HWSL0HQPY,7016JVvcTYMBRjjQNA,01sLoYtuPuiAhJSKZN,
006y2sZomStbAjEI3Q,Evertrail Northstar Frontier Industries - Adaptive Summit Training Standard Zenith Expansion,Closed Lost,2023-05-08,Existing Customer - Upgrade,Customer Referral,Confirm requirements,Closed,USD,Synthetic opportunity generated from aggregate CRM structure only.,2022-07-11T15:02:22Z,1,0,0.0,191461.79,001HgM5pPhwEa9BAOB,,01sQ4LtuJF9K1vlMFT,
82iOhvqkdKvlv9JY22,Deltora Silverline Worldwide Partners - Dynamic Lattice Hardware Core Horizon Expansion,Prospecting,2026-12-08,New Customer,Customer Referral,Prepare proposal,Pipeline,USD,Synthetic opportunity generated from aggregate CRM structure only.,2026-10-27T07:15:51Z,0,0,10.0,566065.26,001zBr7D0amNm8PY72,,01sLoYtuPuiAhJSKZN,0Q0dnxwd976L0qgS1M
006bMtSUOvWBcYWA6F,Cinderquill Westwind Southern Analytics - Integrated Ember Hardware Enterprise Pulse Renewal,Qualification,2026-11-30,New Customer,Web,Schedule review,Pipeline,USD,Synthetic opportunity generated from aggregate CRM structure only.,2026-07-06T20:17:06Z,0,0,20.0,206143.6,001IqN1uANorRv0AGO,,01sf902KvuoXgXtOGX,0Q0iiZn7Ee64jPqCLO
006rv68Dcrw9aiCQPM,Brindlewave Brightwater Pacific Logistics - Modular Vertex Data Platform Professional Atlas Renewal,Value Proposition,2027-03-22,Existing Customer - Renewal,Web,Schedule review,Best Case,USD,Synthetic opportunity generated from aggregate CRM structure only.,2026-05-16T05:28:26Z,0,0,50.0,319817.54,0013e2Rh2QW4yB5YBM,701HZkqvaYkvEU4AAJ,01sf902KvuoXgXtOGX,
70181BSMex1BV2oY2A,Avenlo Copperfield Global Works - Precision Orbit Cloud Service Standard Horizon Renewal,Prospecting,2027-03-02,Existing Customer - Renewal,Event,Prepare proposal,Pipeline,USD,Synthetic opportunity generated from aggregate CRM structure only.,2026-04-25T13:46:22Z,0,0,10.0,476716.15,001GikJVQQYFMgSI6M,,01sf902KvuoXgXtOGX,
006x2VTXL3IMOIDAQR,Rivermark Evergreen Coastal Industries - Rapid Foundry Training Core Solstice Renewal,Closed Lost,2023-02-01,New Customer,Web,Schedule review,Closed,USD,Synthetic opportunity generated from aggregate CRM structure only.,2022-12-08T20:57:42Z,1,0,0.0,752440.29,001CXiPlYrfwSgoQU2,701T7xJocH3zs1NQYF,01sQ4LtuJF9K1vlMFT,0Q0Un0a7JNmC2MdS1Q
006aiNX03nrdnqiIMA,Quarrylight Goldenleaf Summit Partners - Virtual Beacon Training Enterprise Aurora Expansion,Closed Won,2022-11-01,New Customer,Customer Referral,Schedule review,Closed,USD,Synthetic opportunity generated from aggregate CRM structure only.,2022-05-09T07:51:16Z,1,1,100.0,2217360.77,001R4mUDXDD6VZPI0I,701v6UAElZEXzGdAI1,01sQ4LtuJF9K1vlMFT,0Q0jSwqy3IwqG8BCZX
8218gZMBYNXYLBNYM9,Peregrine Hollow Ironwood Pacific Analytics - Adaptive Pioneer Advisory Scale Ion New Business,Qualification,2027-05-04,Existing Customer - Renewal,Customer Referral,Schedule review,Pipeline,USD,Synthetic opportunity generated from aggregate CRM structure only.,2027-04-02T12:21:03Z,0,0,20.0,11639.29,001PygtS3FHgKj8Q8G,,01sQ4LtuJF9K1vlMFT,
006RPjJXIYKZH1yI8J,Oakmere Keystone Global Logistics - Dynamic Harbor Advisory Ultimate Solstice New Business,Closed Won,2025-04-02,Existing Customer - Upgrade,Partner Referral,Finalize terms,Closed,USD,Synthetic opportunity generated from aggregate CRM structure only.,2024-09-06T09:07:46Z,1,1,100.0,2297971.72,001eMGa7Y6CNd3wIQE,,01sLoYtuPuiAhJSKZN,
006jl2nL2xxcaxIYP5,Novacairn Moonridge Coastal Works - Integrated Compass Training Edge Cascade Expansion,Qualification,2026-06-25,Existing Customer - Upgrade,Organic Search,Finalize terms,Pipeline,USD,Synthetic opportunity generated from aggregate CRM structure only.,2025-04-27T08:46:06Z,0,0,20.0,1941292.58,001Ts4G5LvwmAxUY42,701LVVOQQeQAPERQND,01sLoYtuPuiAhJSKZN,
810bxkuzQPDh3uvAMF,Morrowfen Redwood Summit Collective - Modular Summit Data Platform Foundation Meridian Expansion,Negotiation/Review,2026-12-20,Existing Customer - Upgrade,Event,Finalize terms,Commit,USD,Synthetic opportunity generated from aggregate CRM structure only.,2026-05-01T04:04:05Z,0,0,75.0,1118111.34,001CtKb9oj7o8JaYFV,,01sLoYtuPuiAhJSKZN,
82t6myuARNIiQTlYD6,Latticebrook Stonebridge Pacific Partners - Precision Lattice Data Platform Scale Vector Expansion,Negotiation/Review,2026-08-15,New Customer,Outbound,Finalize terms,Commit,USD,Synthetic opportunity generated from aggregate CRM structure only.,2025-09-03T22:59:26Z,0,0,75.0,1099674.94,001lpuGrFmSTBnuY0M,,01sQ4LtuJF9K1vlMFT,
006OHNFTkrZ5IYrAI6,Kestrel Arc Bluecrest Lakeside Analytics - Rapid Ember Data Platform Ultimate Cascade Renewal,Needs Analysis,2026-11-09,New Customer,Partner Referral,Prepare proposal,Pipeline,USD,Synthetic opportunity generated from aggregate CRM structure only.,2026-04-15T10:02:05Z,0,0,35.0,1525011.41,001aJFstC9yWgafQNG,701VLxxgWX6Q4sRACQ,01sQ4LtuJF9K1vlMFT,
006k35NcfzPczydIXY,Juniper Vale Clearpath Eastern Logistics - Unified Vertex Cloud Service Edge Nova New Business,Negotiation/Review,2027-06-14,Existing Customer - Upgrade,Organic Search,Schedule review,Commit,USD,Synthetic opportunity generated from aggregate CRM structure only.,2026-12-29T21:35:57Z,0,0,75.0,827205.13,001hY0bG1ZS5TO8AMZ,,01sJqGPflRJqwqCPRW,
011uTS0O62cBIW1YEA,Ivorypine Evergreen Western Systems - Adaptive Orbit Data Platform Premier Zenith Renewal,Closed Lost,2026-03-29,Existing Customer - Upgrade,Organic Search,Finalize terms,Closed,USD,Synthetic opportunity generated from aggregate CRM structure only.,2025-08-09T18:04:27Z,1,0,0.0,2165367.6,001ax6fYCGAkn42YO7,,01sQ4LtuJF9K1vlMFT,
006dJLeUvWSQSn4Q9G,Harborlume Goldenleaf Regional Collective - Dynamic Foundry Training Select Cobalt Expansion,Qualification,2026-08-20,New Customer,Event,Confirm requirements,Pipeline,USD,Synthetic opportunity generated from aggregate CRM structure only.,2025-10-06T07:53:31Z,0,0,20.0,1840249.63,001PcZ9V15a5LqkQLE,,01sLoYtuPuiAhJSKZN,
006EHFu5Q7bkPO0IRL,Glimmerforge Ironwood Lakeside Partners - Integrated Beacon Data Platform Vertex Nova Expansion,Closed Won,2025-08-02,Existing Customer - Renewal,Customer Referral,Schedule review,Closed,USD,Synthetic opportunity generated from aggregate CRM structure only.,2025-05-05T20:10:42Z,1,1,100.0,2123965.75,001HPdcdRz4xhIHI7A,701316oqPXGTr5DIOR,01sf902KvuoXgXtOGX,
006Np88sonUPyRIYJU,Fablecrest Keystone Eastern Analytics - Modular Pioneer Training Essential Atlas Renewal,Closed Lost,2023-02-10,New Customer,Organic Search,Finalize terms,Closed,USD,Synthetic opportunity generated from aggregate CRM structure only.,2022-04-05T10:14:52Z,1,0,0.0,1218670.28,001Pv3IESUoMrhiAAG,,01sQ4LtuJF9K1vlMFT,
006ht8t2NwasA3vIGI,Evertrail Moonridge Western Industries - Precision Harbor Advisory Premier Horizon Expansion,Qualification,2026-07-23,Existing Customer - Upgrade,Web,Confirm requirements,Pipeline,USD,Synthetic opportunity generated from aggregate CRM structure only.,2026-04-11T09:21:06Z,0,0,20.0,2381664.43,0013e2Rh2QW4yB5YBM,,01sLoYtuPuiAhJSKZN,0Q0ijVToj8u3laq0G3
72ieRpFxOglko7jQAZ,Deltora Redwood Regional Systems - Rapid Compass Cloud Service Select Pulse New Business,Closed Won,2024-12-07,Existing Customer - Renewal,Customer Referral,Finalize terms,Closed,USD,Synthetic opportunity generated from aggregate CRM structure only.,2024-09-27T19:53:23Z,1,1,100.0,1788851.08,001tvKQbYklnB9tY2P,,01sLoYtuPuiAhJSKZN,
820Jb4ogspC9zPxY2T,Cinderquill Stonebridge Lakeside Collective - Unified Summit Data Platform Vertex Atlas New Business,Closed Won,2023-03-11,New Customer,Event,Prepare proposal,Closed,USD,Synthetic opportunity generated from aggregate CRM structure only.,2022-07-12T07:34:30Z,1,1,100.0,1948109.3,001YbEX62vgcJCrQQH,7012gLtQpc999YmQNW,01sf902KvuoXgXtOGX,
006TF68FDH8V1zoAAG,Brindlewave Bluecrest Frontier Partners - Adaptive Lattice Cloud Service Enterprise Ion New Business,Needs Analysis,2026-12-10,Existing Customer - Renewal,Customer Referral,Confirm requirements,Pipeline,USD,Synthetic opportunity generated from aggregate CRM structure only.,2026-03-05T18:36:52Z,0,0,35.0,2122961.54,001Ivgehi2RhpxmIXK,701GCHw920l26V2I77,01sf902KvuoXgXtOGX,
006X6zSnvlT5HHnAH1,Avenlo Clearpath Worldwide Works - Dynamic Ember Training Professional Solstice New Business,Closed Won,2023-04-30,Existing Customer - Renewal,Web,Confirm requirements,Closed,USD,Synthetic opportunity generated from aggregate CRM structure only.,2022-12-14T08:34:40Z,1,1,100.0,1191675.25,001zDxxuW7kQ4BrAGJ,,01sLoYtuPuiAhJSKZN,
0068gSothaRS3vYARU,Rivermark Copperfield Southern Industries - Elastic Vertex Cloud Service Standard Aurora Expansion,Qualification,2027-06-27,Existing Customer - Renewal,Outbound,Prepare proposal,Pipeline,USD,Synthetic opportunity generated from aggregate CRM structure only.,2027-01-22T19:11:10Z,0,0,20.0,2493932.85,001SDonDyKHRDRwYPS,7012gLtQpc999YmQNW,01sQ4LtuJF9K1vlMFT,
810AfXY7CkI2OtTAKH,Quarrylight Farpoint Northern Systems - Modular Orbit Support Core Meridian Expansion,Prospecting,2027-02-03,New Customer,Web,Finalize terms,Pipeline,USD,Synthetic opportunity generated from aggregate CRM structure only.,2026-02-28T08:57:58Z,0,0,10.0,2307442.67,0019ojrY0cvCQ2UQ6L,7014Mb0gQuVkT1cIP4,01sLoYtuPuiAhJSKZN,
026CvoPIjoSqqQcY7O,Peregrine Hollow Highland Frontier Collective - Precision Foundry Support Enterprise Vector Renewal,Closed Lost,2025-02-04,New Customer,Customer Referral,Confirm requirements,Closed,USD,Synthetic opportunity generated from aggregate CRM structure only.,2024-07-27T00:03:29Z,1,0,0.0,2073438.66,001Ql5gfswhLAUiIZH,,01sLoYtuPuiAhJSKZN,
006X6DKj6XkdUKXAAT,Oakmere Juniper Worldwide Logistics - Rapid Beacon Advisory Professional Cascade Expansion,Closed Lost,2022-09-17,Existing Customer - Renewal,Partner Referral,Schedule review,Closed,USD,Synthetic opportunity generated from aggregate CRM structure only.,2022-05-04T07:26:30Z,1,0,0.0,1030068.71,001LDvrdIgxRUc4IID,701sbAyLwajaBknIUK,01sLoYtuPuiAhJSKZN,
51iQD0tQCZ7I9awQN4,Novacairn Longview Southern Works - Unified Pioneer Data Platform Standard Meridian Expansion,Prospecting,2027-05-10,New Customer,Organic Search,Finalize terms,Pipeline,USD,Synthetic opportunity generated from aggregate CRM structure only.,2026-04-04T10:16:43Z,0,0,10.0,718415.36,001yWq2JW5BZvvMQ0L,,01sf902KvuoXgXtOGX,
006hkYeQWT3Dvx0QD1,Morrowfen Northstar Northern Industries - Adaptive Harbor Support Edge Zenith Renewal,Qualification,2026-10-28,Existing Customer - Renewal,Organic Search,Finalize terms,Pipeline,USD,Synthetic opportunity generated from aggregate CRM structure only.,2026-07-09T02:55:23Z,0,0,20.0,125520.57,001qP46mGWsPnuOQ5R,701dvFZxXgmRnlIQM7,01sf902KvuoXgXtOGX,
006oHxWmI8eINCNYAY,Latticebrook Silverline Frontier Systems - Dynamic Compass Cloud Service Foundation Cobalt Expansion,Closed Won,2024-11-12,New Customer,Organic Search,Schedule review,Closed,USD,Synthetic opportunity generated from aggregate CRM structure only.,2024-02-15T16:36:25Z,1,1,100.0,162249.56,001IGpX26HWSL0HQPY,,01sf902KvuoXgXtOGX,
506NpocNdGAATxXY9N,Kestrel Arc Westwind Worldwide Analytics - Elastic Summit Advisory Scale Nova New Business,Value Proposition,2026-11-21,New Customer,Web,Confirm requirements,Best Case,USD,Synthetic opportunity generated from aggregate CRM structure only.,2026-06-05T08:28:59Z,0,0,50.0,1329870.84,001n8Q7o6w0wrFoIIH,,01sQ4LtuJF9K1vlMFT,0Q019p0HTXvPZt5KGI
006xg6DrSgjRwccI6H,Juniper Vale Brightwater Summit Logistics - Modular Lattice Hardware Ultimate Zenith New Business,Needs Analysis,2026-09-16,New Customer,Outbound,Prepare proposal,Pipeline,USD,Synthetic opportunity generated from aggregate CRM structure only.,2026-01-02T06:56:44Z,0,0,35.0,1698706.98,001iIp10CH2rdjrQCH,701R6fz0H7ZafwQI8S,01sQ4LtuJF9K1vlMFT,0Q0R6d2nknOEHNlSIZ
006pCytKu9pfJZrYCI,Ivorypine Copperfield Pacific Works - Precision Ember Support Edge Horizon New Business,Qualification,2026-12-08,New Customer,Outbound,Finalize terms,Pipeline,USD,Synthetic opportunity generated from aggregate CRM structure only.,2025-07-05T17:12:31Z,0,0,20.0,560706.38,001yU1qilS2HtnNQUW,,01sQ4LtuJF9K1vlMFT,
716dsrZwA95n9ZUQTQ,Harborlume Farpoint Global Industries - Quantum Vertex Hardware Foundation Pulse New Business,Negotiation/Review,2026-11-01,Existing Customer - Renewal,Organic Search,Confirm requirements,Commit,USD,Synthetic opportunity generated from aggregate CRM structure only.,2026-05-13T05:21:27Z,0,0,75.0,1463822.47,001DB4qra8rmNKiQ0K,,01sLoYtuPuiAhJSKZN,0Q0Fp1L2RxipWJjCIH
006rNyqk5g1Hm0EAMQ,Glimmerforge Highland Coastal Systems - Unified Orbit Training Scale Atlas Renewal,Needs Analysis,2026-08-16,Existing Customer - Renewal,Event,Finalize terms,Pipeline,USD,Synthetic opportunity generated from aggregate CRM structure only.,2026-04-14T08:52:35Z,0,0,35.0,692103.53,001Icww3yjuP8HkA1Z,7016JVvcTYMBRjjQNA,01sf902KvuoXgXtOGX,0Q0JLg2B8qqE8CKKWO
80tIcH6603TxTUmY63,Fablecrest Juniper Summit Analytics - Adaptive Foundry Training Vertex Horizon Expansion,Closed Won,2023-12-15,New Customer,Outbound,Prepare proposal,Closed,USD,Synthetic opportunity generated from aggregate CRM structure only.,2023-07-31T00:48:48Z,1,1,100.0,505754.94,001oC8KT3LUvyYxQCY,,01sLoYtuPuiAhJSKZN,
72iluT5eN6NWsjpI9J,Evertrail Longview Pacific Logistics - Dynamic Beacon Training Essential Solstice Renewal,Value Proposition,2026-12-20,Existing Customer - Renewal,Partner Referral,Schedule review,Best Case,USD,Synthetic opportunity generated from aggregate CRM structure only.,2025-07-05T01:52:49Z,0,0,50.0,958024.86,001Oil2EokU3tWpID9,,01sf902KvuoXgXtOGX,
71tjE28RTCl2kE2I0Y,Deltora Northstar Global Works - Elastic Pioneer Training Premier Aurora Expansion,Prospecting,2027-04-26,New Customer,Event,Schedule review,Pipeline,USD,Synthetic opportunity generated from aggregate CRM structure only.,2026-08-14T06:20:37Z,0,0,10.0,2262214.36,001PUaO8FLbQ5tuY7R,701LVVOQQeQAPERQND,01sQ4LtuJF9K1vlMFT,
006rP5ZebLnGzFmQYQ,Cinderquill Silverline Coastal Industries - Modular Harbor Cloud Service Select Ion New Business,Needs Analysis,2026-05-05,New Customer,Event,Schedule review,Pipeline,USD,Synthetic opportunity generated from aggregate CRM structure only.,2025-12-26T00:02:09Z,0,0,35.0,485774.9,001DvFcs2OCjLNHAFJ,,01sQ4LtuJF9K1vlMFT,0Q0zm38qWpOO9Dg0G9
006Cm8Rn4HErLBzA3Y,Brindlewave Westwind Summit Partners - Precision Compass Cloud Service Vertex Solstice Renewal,Closed Won,2024-03-20,Existing Customer - Upgrade,Customer Referral,Confirm requirements,Closed,USD,Synthetic opportunity generated from aggregate CRM structure only.,2023-07-01T14:27:22Z,1,1,100.0,1053123.01,0012Mm2CXMo3FSXAIK,701Dpaw66va6dUvYOQ,01sLoYtuPuiAhJSKZN,
006CviPdHhKL0aMIBR,Avenlo Brightwater Regional Analytics - Quantum Summit Training Essential Cascade New Business,Negotiation/Review,2026-11-09,Existing Customer - Renewal,Partner Referral,Finalize terms,Commit,USD,Synthetic opportunity generated from aggregate CRM structure only.,2026-02-05T23:49:17Z,0,0,75.0,752467.44,0011y3R0qW4167MAMP,,01sQ4LtuJF9K1vlMFT,
010qLMB0uAjOAJMAKD,Rivermark Clearpath Lakeside Logistics - Unified Lattice Training Premier Meridian Expansion,Value Proposition,2026-11-01,New Customer,Outbound,Prepare proposal,Best Case,USD,Synthetic opportunity generated from aggregate CRM structure only.,2025-06-06T23:18:16Z,0,0,50.0,2150304.08,001Hmzu237idVEDY59,,01sf902KvuoXgXtOGX,
700iXISfEZtGIPpAWH,Quarrylight Evergreen Eastern Works - Adaptive Ember Cloud Service Standard Vector Expansion,Needs Analysis,2027-05-31,New Customer,Event,Finalize terms,Pipeline,USD,Synthetic opportunity generated from aggregate CRM structure only.,2026-04-26T19:22:04Z,0,0,35.0,2471196.18,001tvKQbYklnB9tY2P,,01sf902KvuoXgXtOGX,
006yDJdvo00qvdmALK,Peregrine Hollow Goldenleaf Western Collective - Connected Vertex Advisory Core Cobalt New Business,Closed Won,2025-04-30,Existing Customer - Upgrade,Partner Referral,Finalize terms,Closed,USD,Synthetic opportunity generated from aggregate CRM structure only.,2024-08-24T08:52:53Z,1,1,100.0,1883043.25,001ViLIuvoOkEvIYR2,,01sf902KvuoXgXtOGX,
50ivdAUc1oe0Sg0QG1,Oakmere Ironwood Regional Partners - Elastic Orbit Hardware Enterprise Nova Renewal,Closed Won,2025-06-18,New Customer,Organic Search,Prepare proposal,Closed,USD,Synthetic opportunity generated from aggregate CRM structure only.,2024-08-27T12:36:33Z,1,1,100.0,2271663.49,0014cziPpL6YtrlIIC,,01sf902KvuoXgXtOGX,0Q0y7vHDL9fCYOJ053
006jLFnU9ey4iUXI3U,Novacairn Keystone Lakeside Analytics - Modular Foundry Hardware Professional Zenith Renewal,Closed Won,2022-08-10,New Customer,Customer Referral,Prepare proposal,Closed,USD,Synthetic opportunity generated from aggregate CRM structure only.,2021-10-31T23:54:04Z,1,1,100.0,354289.74,001zBr7D0amNm8PY72,,01sf902KvuoXgXtOGX,0Q099CbrPC9DntnCZC
500J4QZrywq4trOABB,Morrowfen Moonridge Eastern Logistics - Precision Beacon Data Platform Standard Cobalt New Business,Qualification,2026-10-06,Existing Customer - Renewal,Partner Referral,Schedule review,Pipeline,USD,Synthetic opportunity generated from aggregate CRM structure only.,2026-09-04T13:53:24Z,0,0,20.0,152200.46,001I9h4vN2Mpc08I26,,01sLoYtuPuiAhJSKZN,
50iXmb70bfbD7KEAJ4,Latticebrook Redwood Western Systems - Quantum Pioneer Cloud Service Core Pulse New Business,Qualification,2027-02-05,Existing Customer - Upgrade,Customer Referral,Confirm requirements,Pipeline,USD,Synthetic opportunity generated from aggregate CRM structure only.,2026-09-29T06:36:02Z,0,0,20.0,1077340.72,001I9h4vN2Mpc08I26,701316oqPXGTr5DIOR,01sLoYtuPuiAhJSKZN,0Q0ZnWJoBSQu7UKC2J
5218LcM3skmx3BSQLQ,Kestrel Arc Stonebridge Regional Collective - Unified Harbor Advisory Enterprise Atlas New Business,Value Proposition,2026-11-26,Existing Customer - Renewal,Organic Search,Schedule review,Best Case,USD,Synthetic opportunity generated from aggregate CRM structure only.,2026-03-28T01:17:36Z,0,0,50.0,724630.42,001Ivgehi2RhpxmIXK,,01sQ4LtuJF9K1vlMFT,
81t5gLsXEkTMNZIYQY,Juniper Vale Bluecrest Northern Partners - Adaptive Compass Data Platform Scale Horizon Renewal,Needs Analysis,2026-10-10,New Customer,Outbound,Confirm requirements,Pipeline,USD,Synthetic opportunity generated from aggregate CRM structure only.,2026-08-29T02:39:31Z,0,0,35.0,2125655.9,001Oil2EokU3tWpID9,701s2qORj9Q5274YHM,01sQ4LtuJF9K1vlMFT,
00toCCSiPvzOx02AL7,Ivorypine Clearpath Frontier Analytics - Connected Summit Training Ultimate Pulse Renewal,Negotiation/Review,2026-10-19,Existing Customer - Upgrade,Customer Referral,Confirm requirements,Commit,USD,Synthetic opportunity generated from aggregate CRM structure only.,2026-03-06T12:54:22Z,0,0,75.0,1379112.22,001vXGsLaTZksTjQHC,701AUDOzK5kG0AQQW3,01sf902KvuoXgXtOGX,
720N6RfLbcjhIOAYHT,Harborlume Evergreen Worldwide Industries - Elastic Lattice Support Edge Aurora New Business,Prospecting,2026-11-18,New Customer,Organic Search,Finalize terms,Pipeline,USD,Synthetic opportunity generated from aggregate CRM structure only.,2026-07-15T21:32:29Z,0,0,10.0,1682360.5,001WHkVb04B78wfY3Q,,01sf902KvuoXgXtOGX,
006ANGcv4DBMLRtI6M,Glimmerforge Goldenleaf Southern Systems - Modular Ember Training Foundation Ion Expansion,Qualification,2026-11-15,Existing Customer - Upgrade,Customer Referral,Prepare proposal,Pipeline,USD,Synthetic opportunity generated from aggregate CRM structure only.,2025-11-21T20:36:19Z,0,0,20.0,926854.55,001iIp10CH2rdjrQCH,,01sQ4LtuJF9K1vlMFT,
5004SDmkvBBCJoKIVT,Fablecrest Ironwood Northern Collective - Open Vertex Advisory Scale Solstice Expansion,Closed Lost,2025-11-21,Existing Customer - Upgrade,Event,Confirm requirements,Closed,USD,Synthetic opportunity generated from aggregate CRM structure only.,2024-12-11T17:12:39Z,1,0,0.0,2389530.01,001t1tQX1aEupiNQXE,7013ji5fs9KRMNZIMZ,01sLoYtuPuiAhJSKZN,0Q0zR82YuOQtR0vKNF
0063DkcKAnI3LlGYDO,Evertrail Keystone Frontier Partners - Quantum Orbit Support Ultimate Aurora Renewal,Closed Won,2022-08-14,Existing Customer - Upgrade,Partner Referral,Schedule review,Closed,USD,Synthetic opportunity generated from aggregate CRM structure only.,2021-09-12T23:18:05Z,1,1,100.0,261679.47,001DLqMjZmJEMS7ID7,7013ji5fs9KRMNZIMZ,01sf902KvuoXgXtOGX,0Q0MEaaRkMXLlGB071
02tpaFf85ljoY7FYHM,Deltora Moonridge Worldwide Works - Unified Foundry Data Platform Edge Meridian Renewal,Needs Analysis,2026-08-28,Existing Customer - Renewal,Web,Prepare proposal,Pipeline,USD,Synthetic opportunity generated from aggregate CRM structure only.,2025-06-25T00:54:54Z,0,0,35.0,1019589.41,001dbHSEev61SnuI4N,,01sQ4LtuJF9K1vlMFT,0Q0nbr7kjYFCEvoKE6
80iQXdfBsFaTtLCI3R,Cinderquill Redwood Southern Industries - Adaptive Beacon Advisory Premier Vector Expansion,Value Proposition,2027-05-17,Existing Customer - Upgrade,Partner Referral,Finalize terms,Best Case,USD,Synthetic opportunity generated from aggregate CRM structure only.,2026-11-26T04:09:46Z,0,0,50.0,1354248.52,001IGpX26HWSL0HQPY,701PvobyJwhiNxZY1C,01sLoYtuPuiAhJSKZN,0Q0ayQ1wfFGXKWO0WA
810eNr2w9bo9QOsYDP,Brindlewave Stonebridge Northern Systems - Connected Pioneer Hardware Select Cascade Expansion,Negotiation/Review,2026-12-24,New Customer,Partner Referral,Schedule review,Commit,USD,Synthetic opportunity generated from aggregate CRM structure only.,2026-05-03T00:16:56Z,0,0,75.0,2231836.16,001FifSg7G2gzZrY2M,,01sf902KvuoXgXtOGX,0Q0Y3AOo6FVAR7dKPF
006WszjSMO6G9CjA99,Avenlo Bluecrest Global Collective - Elastic Harbor Data Platform Vertex Meridian Expansion,Value Proposition,2026-07-06,Existing Customer - Upgrade,Event,Prepare proposal,Best Case,USD,Synthetic opportunity generated from aggregate CRM structure only.,2026-02-27T14:19:18Z,0,0,50.0,1871424.25,001O8ZWUKMYoipYYQ7,,01sf902KvuoXgXtOGX,0Q0sH30FaI1KM5WKW4
006EACpXG2UwgJiQA9,Rivermark Brightwater Coastal Partners - Modular Compass Training Essential Zenith Expansion,Needs Analysis,2026-10-29,Existing Customer - Renewal,Organic Search,Confirm requirements,Pipeline,USD,Synthetic opportunity generated from aggregate CRM structure only.,2026-08-16T01:30:57Z,0,0,35.0,589597.04,001pOXC8pNylRaRY5A,701JAQrUVjwb0lkIRC,01sf902KvuoXgXtOGX,0Q0kwfVaYJ1x4rtKKS
010qrGV2IR04JXPIOG,Quarrylight Copperfield Summit Works - Open Summit Hardware Premier Cobalt Renewal,Closed Lost,2024-12-16,New Customer,Partner Referral,Prepare proposal,Closed,USD,Synthetic opportunity generated from aggregate CRM structure only.,2024-11-11T06:18:51Z,1,0,0.0,172033.59,001oPLQgL6DtzXuQJ9,,01sLoYtuPuiAhJSKZN,
001T62ckZCl2uOfAEE,Peregrine Hollow Farpoint Pacific Industries - Quantum Lattice Support Select Nova Renewal,Prospecting,2026-10-13,Existing Customer - Upgrade,Partner Referral,Prepare proposal,Pipeline,USD,Synthetic opportunity generated from aggregate CRM structure only.,2026-09-13T04:12:38Z,0,0,10.0,1171663.4,001pTWz3tTkTLr9I1D,701AQ2IkwyckslOQQH,01sLoYtuPuiAhJSKZN,
006Hek2NzkQMIgOYM0,Oakmere Highland Global Systems - Unified Ember Hardware Vertex Zenith New Business,Prospecting,2026-08-18,New Customer,Organic Search,Prepare proposal,Pipeline,USD,Synthetic opportunity generated from aggregate CRM structure only.,2026-03-10T18:31:52Z,0,0,10.0,304922.0,001EocC12jSBhyyIOU,,01sLoYtuPuiAhJSKZN,0Q0eunkrLQ6uWJPKUG
710ovmDHEhzjIAhYIQ,Novacairn Juniper Coastal Collective - Virtual Vertex Data Platform Essential Horizon New Business,Needs Analysis,2027-06-15,Existing Customer - Upgrade,Event,Schedule review,Pipeline,USD,Synthetic opportunity generated from aggregate CRM structure only.,2027-04-04T23:05:08Z,0,0,35.0,674740.58,001QAtek1IxiotWYQX,,01sf902KvuoXgXtOGX,0Q0qDHJ9114KGHH06G
80i0iR9lnVDyLhFARF,Morrowfen Longview Summit Logistics - Connected Orbit Advisory Professional Pulse Renewal,Qualification,2026-08-12,New Customer,Web,Finalize terms,Pipeline,USD,Synthetic opportunity generated from aggregate CRM structure only.,2026-01-21T13:50:45Z,0,0,20.0,2341731.76,001PygtS3FHgKj8Q8G,,01sLoYtuPuiAhJSKZN,0Q0qcDrjw777Ywt0TC
006Lxqd7zx3kqpLAYY,Latticebrook Northstar Pacific Works - Elastic Foundry Advisory Standard Atlas Renewal,Closed Won,2024-09-04,New Customer,Customer Referral,Confirm requirements,Closed,USD,Synthetic opportunity generated from aggregate CRM structure only.,2023-11-08T05:33:20Z,1,1,100.0,2403803.58,001CmyWD3JXNdXOAM9,,01sJqGPflRJqwqCPRW,0Q0Wh1fBkjq7aDZSLC
006rbw90vWBViXOAOH,Kestrel Arc Silverline Global Industries - Modular Beacon Cloud Service Core Ion Expansion,Closed Lost,2025-09-26,Existing Customer - Renewal,Customer Referral,Finalize terms,Closed,USD,Synthetic opportunity generated from aggregate CRM structure only.,2025-04-16T17:51:27Z,1,0,0.0,1192593.43,001aJFstC9yWgafQNG,701fkp1RoMk6AO1AXX,01sQ4LtuJF9K1vlMFT,0Q0UTszVo3FVphFC65
72iyqvttgO7N6EyABY,Juniper Vale Westwind Coastal Systems - Open Pioneer Data Platform Enterprise Solstice Expansion,Closed Won,2022-12-20,Existing Customer - Renewal,Organic Search,Finalize terms,Closed,USD,Synthetic opportunity generated from aggregate CRM structure only.,2022-09-14T05:59:25Z,1,1,100.0,2116560.05,001We3no8uGmxSIY96,7012gLtQpc999YmQNW,01sf902KvuoXgXtOGX,
510ByB59cMJw0tbYDV,Ivorypine Brightwater Western Analytics - Quantum Harbor Training Professional Aurora Renewal,Needs Analysis,2027-01-12,Existing Customer - Renewal,Outbound,Prepare proposal,Pipeline,USD,Synthetic opportunity generated from aggregate CRM structure only.,2025-12-27T04:36:45Z,0,0,35.0,849656.15,001e9z8TRFaUOARQMA,7017OD7USLqvwTSQ40,01sLoYtuPuiAhJSKZN,
526duQiMCinTMYoYWT,Harborlume Copperfield Regional Logistics - Unified Compass Advisory Standard Ion Renewal,Closed Lost,2022-07-14,Existing Customer - Upgrade,Organic Search,Prepare proposal,Closed,USD,Synthetic opportunity generated from aggregate CRM structure only.,2021-11-22T07:52:39Z,1,0,0.0,1031887.32,0016bs349lxRsmUQ0V,,01sJqGPflRJqwqCPRW,
001dY5a5BYEJgVKQN0,Glimmerforge Farpoint Lakeside Works - Virtual Summit Cloud Service Core Vector Expansion,Closed Won,2024-04-14,New Customer,Organic Search,Prepare proposal,Closed,USD,Synthetic opportunity generated from aggregate CRM structure only.,2023-04-20T22:29:36Z,1,1,100.0,1714840.66,001PNjrEBhT4URLAB1,,01sLoYtuPuiAhJSKZN,0Q0sdZ68XHxcVVLCJU
0062nPkjTHRCc4xAGA,Fablecrest Highland Eastern Industries - Connected Lattice Advisory Foundation Cascade Expansion,Needs Analysis,2026-05-09,Existing Customer - Renewal,Web,Finalize terms,Pipeline,USD,Synthetic opportunity generated from aggregate CRM structure only.,2025-06-12T19:29:55Z,0,0,35.0,1824466.68,001tqRaHFT1utFgIDH,,01sLoYtuPuiAhJSKZN,
006e5R6utcEk6nUA8A,Evertrail Juniper Western Partners - Elastic Ember Data Platform Scale Meridian Expansion,Closed Won,2024-03-03,Existing Customer - Renewal,Partner Referral,Finalize terms,Closed,USD,Synthetic opportunity generated from aggregate CRM structure only.,2023-09-08T19:02:30Z,1,1,100.0,2397137.26,0014RvX7ofOXrw9I9V,,01sLoYtuPuiAhJSKZN,
0062VPDsrhKxf5WI35,Deltora Longview Regional Analytics - Integrated Vertex Support Ultimate Vector New Business,Closed Won,2024-09-07,Existing Customer - Upgrade,Event,Schedule review,Closed,USD,Synthetic opportunity generated from aggregate CRM structure only.,2024-07-18T19:11:48Z,1,1,100.0,933261.98,001UMQhTkv1ASD0YIT,701VLxxgWX6Q4sRACQ,01sLoYtuPuiAhJSKZN,
02iiwT1Fv1xVhbaAQH,Cinderquill Northstar Lakeside Logistics - Open Orbit Training Edge Cobalt Expansion,Value Proposition,2027-04-10,Existing Customer - Renewal,Web,Finalize terms,Best Case,USD,Synthetic opportunity generated from aggregate CRM structure only.,2026-06-16T03:10:40Z,0,0,50.0,2034230.52,0014BI0PTpGJAb4ICJ,701HZkqvaYkvEU4AAJ,01sf902KvuoXgXtOGX,
0064cui7UE1lTH6YBI,Brindlewave Silverline Eastern Works - Quantum Foundry Training Foundation Nova Expansion,Negotiation/Review,2026-06-10,Existing Customer - Upgrade,Partner Referral,Finalize terms,Commit,USD,Synthetic opportunity generated from aggregate CRM structure only.,2025-06-01T06:02:51Z,0,0,75.0,528373.07,001mmu9iYNsqBnfYFC,,01sLoYtuPuiAhJSKZN,
0063UMWbJNdy3M0AT7,Avenlo Westwind Western Collective - Unified Beacon Hardware Scale Zenith Renewal,Value Proposition,2027-03-26,Existing Customer - Renewal,Event,Prepare proposal,Best Case,USD,Synthetic opportunity generated from aggregate CRM structure only.,2026-07-21T23:03:19Z,0,0,50.0,603260.14,001iIp10CH2rdjrQCH,701s2qORj9Q5274YHM,01sLoYtuPuiAhJSKZN,0Q0VIcMzBf1G7KMKZR
006MlJs2pvRBVo1YFB,Rivermark Bluecrest Southern Partners - Virtual Pioneer Data Platform Ultimate Cobalt Expansion,Closed Won,2023-09-26,Existing Customer - Upgrade,Web,Finalize terms,Closed,USD,Synthetic opportunity generated from aggregate CRM structure only.,2022-11-09T03:05:49Z,1,1,100.0,349349.03,001WHkVb04B78wfY3Q,,01sLoYtuPuiAhJSKZN,
0062uIIvmbCZQlnQEZ,Quarrylight Clearpath Northern Analytics - Connected Harbor Support Essential Pulse Renewal,Closed Won,2025-10-31,Existing Customer - Renewal,Event,Confirm requirements,Closed,USD,Synthetic opportunity generated from aggregate CRM structure only.,2025-05-26T08:44:18Z,1,1,100.0,1491860.36,001g2MhymLdN59YQJG,,01sf902KvuoXgXtOGX,0Q0QmhXXmkqUZOQKOP
006q3eJe87yNMSCYYR,Peregrine Hollow Evergreen Frontier Logistics - Elastic Compass Training Premier Atlas New Business,Value Proposition,2026-10-17,Existing Customer - Upgrade,Customer Referral,Schedule review,Best Case,USD,Synthetic opportunity generated from aggregate CRM structure only.,2025-06-16T01:02:19Z,0,0,50.0,1258242.31,001iIp10CH2rdjrQCH,,01sQ4LtuJF9K1vlMFT,
720o1Ib5COzz3xLY7Q,Oakmere Goldenleaf Worldwide Systems - Integrated Summit Hardware Select Horizon Renewal,Value Proposition,2027-06-30,New Customer,Partner Referral,Confirm requirements,Best Case,USD,Synthetic opportunity generated from aggregate CRM structure only.,2026-07-30T19:51:06Z,0,0,50.0,1302069.81,001XZVDN3n2dRIsQB9,,01sLoYtuPuiAhJSKZN,
510VO5MURhSxzZ6AYH,Novacairn Ironwood Southern Collective - Open Lattice Hardware Vertex Pulse Expansion,Value Proposition,2027-06-12,New Customer,Event,Prepare proposal,Best Case,USD,Synthetic opportunity generated from aggregate CRM structure only.,2027-02-27T04:36:11Z,0,0,50.0,1102261.31,001bEjr0cyFC7SBAXL,701316oqPXGTr5DIOR,01sLoYtuPuiAhJSKZN,
520tpdZF37z5lm2IER,Morrowfen Keystone Northern Partners - Quantum Ember Advisory Essential Aurora New Business,Value Proposition,2026-08-31,New Customer,Partner Referral,Prepare proposal,Best Case,USD,Synthetic opportunity generated from aggregate CRM structure only.,2025-12-04T11:21:10Z,0,0,50.0,1923820.48,0018wiQDxKxpFvLYGU,,01sLoYtuPuiAhJSKZN,0Q0T58eEma4pNAQSCN
516ITeboCOYMuDtATJ,Latticebrook Moonridge Frontier Analytics - Rapid Vertex Support Premier Ion Renewal,Prospecting,2027-02-19,New Customer,Web,Finalize terms,Pipeline,USD,Synthetic opportunity generated from aggregate CRM structure only.,2026-11-05T15:18:40Z,0,0,10.0,1980603.18,001H8DiQNUTC9JGQA0,,01sf902KvuoXgXtOGX,
0102fLtQLEL1WDgAOG,Kestrel Arc Redwood Worldwide Industries - Virtual Orbit Support Select Solstice Renewal,Negotiation/Review,2027-03-02,Existing Customer - Upgrade,Organic Search,Finalize terms,Commit,USD,Synthetic opportunity generated from aggregate CRM structure only.,2025-11-28T03:30:09Z,0,0,75.0,1321580.23,001OH94vlTF3MI8Y08,,01sQ4LtuJF9K1vlMFT,0Q0Z5UAJS4I2SCNSVR
006JBCuzYapF5eRQOG,Juniper Vale Stonebridge Southern Systems - Connected Foundry Training Core Cascade New Business,Negotiation/Review,2026-10-10,New Customer,Organic Search,Confirm requirements,Commit,USD,Synthetic opportunity generated from aggregate CRM structure only.,2026-01-28T06:31:51Z,0,0,75.0,1664499.55,0014WYoiYbOMlUgQDX,,01sQ4LtuJF9K1vlMFT,0Q03yKeuKE4313USVM
520EiWZmXvkDTyvYKR,Ivorypine Bluecrest Pacific Collective - Elastic Beacon Hardware Enterprise Meridian New Business,Negotiation/Review,2026-05-25,Existing Customer - Upgrade,Web,Finalize terms,Commit,USD,Synthetic opportunity generated from aggregate CRM structure only.,2025-09-09T11:30:39Z,0,0,75.0,1384283.58,001ygA3FAG75gTTAXO,,01sf902KvuoXgXtOGX,
7111gr5Czm59s4qQRS,Harborlume Clearpath Global Partners - Integrated Pioneer Cloud Service Professional Vector New Business,Closed Lost,2023-03-13,Existing Customer - Upgrade,Event,Finalize terms,Closed,USD,Synthetic opportunity generated from aggregate CRM structure only.,2023-02-03T20:05:09Z,1,0,0.0,2470056.03,0011y3R0qW4167MAMP,,01sf902KvuoXgXtOGX,
00tVYwg6Z9IS072YB0,Glimmerforge Evergreen Coastal Analytics - Open Harbor Cloud Service Standard Cascade Renewal,Needs Analysis,2027-05-29,Existing Customer - Renewal,Partner Referral,Prepare proposal,Pipeline,USD,Synthetic opportunity generated from aggregate CRM structure only.,2026-03-08T23:47:59Z,0,0,35.0,1852979.76,001s7ZyiePrkNHmYX9,,01sQ4LtuJF9K1vlMFT,
7009ndT7eooqEpOQ0X,Fablecrest Goldenleaf Summit Industries - Quantum Compass Training Core Nova Expansion,Value Proposition,2026-08-31,Existing Customer - Renewal,Organic Search,Prepare proposal,Best Case,USD,Synthetic opportunity generated from aggregate CRM structure only.,2026-04-22T15:14:53Z,0,0,50.0,1837466.6,001kMbAjX61mcJnIFJ,701PnzYm01TO5qEICN,01sJqGPflRJqwqCPRW,0Q0UjtZdD94JswBKT8
5263f6aPNLmUo00Q7F,Evertrail Ironwood Pacific Systems - Rapid Summit Advisory Enterprise Zenith New Business,Negotiation/Review,2026-10-27,New Customer,Organic Search,Finalize terms,Commit,USD,Synthetic opportunity generated from aggregate CRM structure only.,2026-03-24T13:58:41Z,0,0,75.0,2430150.63,001mdSX3YnkEjM0IVS,,01sf902KvuoXgXtOGX,
00672IAiff7MHPZYC1,Deltora Keystone Global Collective - Virtual Lattice Cloud Service Professional Cobalt New Business,Closed Won,2022-12-13,New Customer,Organic Search,Finalize terms,Closed,USD,Synthetic opportunity generated from aggregate CRM structure only.,2022-02-11T11:41:32Z,1,1,100.0,1103513.43,001lpuGrFmSTBnuY0M,,01sf902KvuoXgXtOGX,
006Jwsa3eFMG33rQAI,Cinderquill Moonridge Coastal Partners - Connected Ember Support Ultimate Nova Expansion,Closed Won,2024-09-23,Existing Customer - Renewal,Web,Prepare proposal,Closed,USD,Synthetic opportunity generated from aggregate CRM structure only.,2024-02-28T10:44:54Z,1,1,100.0,1160788.94,001ygA3FAG75gTTAXO,,01sLoYtuPuiAhJSKZN,
52tBxvqCScFZeiWA23,Brindlewave Redwood Summit Works - Dynamic Vertex Advisory Edge Atlas Expansion,Prospecting,2026-08-30,New Customer,Outbound,Prepare proposal,Pipeline,USD,Synthetic opportunity generated from aggregate CRM structure only.,2025-04-07T21:59:02Z,0,0,10.0,660431.64,001L6QQcpJ1qXB2Y62,701WVcR9nBSbxB9QPQ,01sQ4LtuJF9K1vlMFT,
726FMdiCT0tjq1BYP4,Avenlo Stonebridge Pacific Industries - Integrated Orbit Advisory Foundation Horizon Renewal,Qualification,2027-04-05,Existing Customer - Upgrade,Web,Finalize terms,Pipeline,USD,Synthetic opportunity generated from aggregate CRM structure only.,2025-12-10T19:32:19Z,0,0,20.0,470483.56,001ltvwfHnMcdhbAJS,701v6UAElZEXzGdAI1,01sQ4LtuJF9K1vlMFT,0Q0p6vY6JOyfUMBSP3
70ijdaOO2MtXavKYPA,Rivermark Westwind Global Systems - Open Foundry Hardware Scale Pulse New Business,Closed Lost,2025-04-30,Existing Customer - Upgrade,Web,Finalize terms,Closed,USD,Synthetic opportunity generated from aggregate CRM structure only.,2024-11-19T17:15:48Z,1,0,0.0,341313.56,001Y7WfxpecwwzUQ8R,,01sQ4LtuJF9K1vlMFT,
006MN9f5TYwzARnYPS,Quarrylight Brightwater Eastern Collective - Quantum Beacon Data Platform Ultimate Atlas New Business,Qualification,2026-11-01,Existing Customer - Renewal,Outbound,Confirm requirements,Pipeline,USD,Synthetic opportunity generated from aggregate CRM structure only.,2026-03-20T21:04:18Z,0,0,20.0,632636.75,001H8DiQNUTC9JGQA0,701T7xJocH3zs1NQYF,01sLoYtuPuiAhJSKZN,
006mJbO3g0fjtf8YEB,Peregrine Hollow Copperfield Western Logistics - Rapid Pioneer Training Edge Ion Expansion,Closed Won,2024-10-03,Existing Customer - Upgrade,Organic Search,Confirm requirements,Closed,USD,Synthetic opportunity generated from aggregate CRM structure only.,2023-10-07T16:54:51Z,1,1,100.0,1630331.05,0014RvX7ofOXrw9I9V,701v6UAElZEXzGdAI1,01sf902KvuoXgXtOGX,
70iGFDinNwlr4UmAGT,Oakmere Farpoint Regional Works - Virtual Harbor Training Foundation Solstice Renewal,Value Proposition,2026-05-29,Existing Customer - Upgrade,Organic Search,Finalize terms,Best Case,USD,Synthetic opportunity generated from aggregate CRM structure only.,2025-04-22T13:44:18Z,0,0,50.0,2281496.63,0019ojrY0cvCQ2UQ6L,7019g7m2YfxR5uxQ6M,01sQ4LtuJF9K1vlMFT,
02iFWsl2GCWGxyJQOV,Novacairn Highland Lakeside Industries - Connected Compass Data Platform Select Aurora New Business,Negotiation/Review,2026-05-30,New Customer,Web,Confirm requirements,Commit,USD,Synthetic opportunity generated from aggregate CRM structure only.,2025-09-26T02:19:59Z,0,0,75.0,87425.61,001g2MhymLdN59YQJG,701s2qORj9Q5274YHM,01sQ4LtuJF9K1vlMFT,
006FAqMhkGUPiYaY9D,Morrowfen Juniper Eastern Systems - Dynamic Summit Data Platform Vertex Ion Renewal,Value Proposition,2027-01-02,New Customer,Partner Referral,Prepare proposal,Best Case,USD,Synthetic opportunity generated from aggregate CRM structure only.,2026-07-09T20:53:09Z,0,0,50.0,1476528.97,001Y7WfxpecwwzUQ8R,701dvFZxXgmRnlIQM7,01sQ4LtuJF9K1vlMFT,0Q0wz9SX67qu8RbCIJ
006jSuSSPt43k1xAHM,Latticebrook Longview Western Analytics - Integrated Lattice Support Essential Vector New Business,Closed Lost,2023-01-07,Existing Customer - Upgrade,Customer Referral,Prepare proposal,Closed,USD,Synthetic opportunity generated from aggregate CRM structure only.,2022-08-15T10:16:04Z,1,0,0.0,1795848.82,001GvUdh6yZWB0wIIH,701N6uFobcPgkYOQHR,01sLoYtuPuiAhJSKZN,0Q00TeWB7YKmN49SI9
006ne2Lc3ezbmVgAEQ,Kestrel Arc Northstar Regional Logistics - Open Ember Cloud Service Premier Cascade New Business,Closed Won,2026-03-28,Existing Customer - Renewal,Partner Referral,Confirm requirements,Closed,USD,Synthetic opportunity generated from aggregate CRM structure only.,2026-01-14T09:07:44Z,1,1,100.0,853821.26,0018haifivYezP7QUH,701sbAyLwajaBknIUK,01sf902KvuoXgXtOGX,
82t020hrM2d0NJQA3Q,Juniper Vale Silverline Lakeside Works - Precision Vertex Data Platform Select Meridian Renewal,Needs Analysis,2026-06-22,Existing Customer - Upgrade,Event,Finalize terms,Pipeline,USD,Synthetic opportunity generated from aggregate CRM structure only.,2025-07-19T15:43:29Z,0,0,35.0,264003.61,001Ql5gfswhLAUiIZH,701PnzYm01TO5qEICN,01sLoYtuPuiAhJSKZN,0Q03Ac2haAeO1gq05E
821rutR1vVYYPv7Q11,Ivorypine Westwind Eastern Industries - Rapid Orbit Cloud Service Vertex Vector Expansion,Negotiation/Review,2026-08-29,Existing Customer - Upgrade,Event,Prepare proposal,Commit,USD,Synthetic opportunity generated from aggregate CRM structure only.,2025-05-22T17:36:54Z,0,0,75.0,1240121.47,0014cziPpL6YtrlIIC,701DNuvDGEm4hghY4U,01sLoYtuPuiAhJSKZN,
700ipkukY9AOYyQAL5,Harborlume Brightwater Worldwide Partners - Virtual Foundry Data Platform Essential Cobalt Renewal,Prospecting,2026-11-08,New Customer,Customer Referral,Schedule review,Pipeline,USD,Synthetic opportunity generated from aggregate CRM structure only.,2025-05-27T05:01:06Z,0,0,10.0,990014.09,001n8Q7o6w0wrFoIIH,,01sLoYtuPuiAhJSKZN,
006DFDfcGmVDqe5QAS,Glimmerforge Copperfield Southern Analytics - Connected Beacon Support Professional Nova Renewal,Closed Won,2025-01-24,Existing Customer - Upgrade,Organic Search,Confirm requirements,Closed,USD,Synthetic opportunity generated from aggregate CRM structure only.,2024-08-02T00:40:34Z,1,1,100.0,2141373.99,001AZHmNsDfQdrZQQD,,01sQ4LtuJF9K1vlMFT,0Q0dcsLVRm3AnC90CM
02t8iQSxWA6VYmhI6Y,Fablecrest Farpoint Northern Logistics - Dynamic Pioneer Training Standard Zenith Expansion,Prospecting,2027-06-11,Existing Customer - Renewal,Customer Referral,Prepare proposal,Pipeline,USD,Synthetic opportunity generated from aggregate CRM structure only.,2027-03-17T11:05:00Z,0,0,10.0,321366.08,001wZQxrqs61HJWYCI,,01sLoYtuPuiAhJSKZN,
006lUFzRC8ojheSYE5,Evertrail Highland Frontier Works - Integrated Harbor Advisory Core Horizon Expansion,Closed Lost,2023-10-08,Existing Customer - Renewal,Outbound,Confirm requirements,Closed,USD,Synthetic opportunity generated from aggregate CRM structure only.,2023-08-27T15:49:52Z,1,0,0.0,1833035.81,001NlUpPvRS2wnzIYM,,01sLoYtuPuiAhJSKZN,0Q053gcGLo01U2vSLY
006Cit730YdKuQBYML,Deltora Juniper Worldwide Collective - Open Compass Advisory Enterprise Pulse Renewal,Prospecting,2027-03-30,New Customer,Organic Search,Prepare proposal,Pipeline,USD,Synthetic opportunity generated from aggregate CRM structure only.,2027-01-14T01:18:27Z,0,0,10.0,1669225.93,001Y94eVbSCMZThYRA,701R6fz0H7ZafwQI8S,01sLoYtuPuiAhJSKZN,0Q0kSzhPvsMl0zcCYI
8107jXTv7ToTiDkQVJ,Cinderquill Longview Southern Partners - Precision Summit Hardware Professional Atlas New Business,Needs Analysis,2027-01-01,Existing Customer - Renewal,Organic Search,Finalize terms,Pipeline,USD,Synthetic opportunity generated from aggregate CRM structure only.,2026-10-21T13:04:37Z,0,0,35.0,12721.84,001mKhmK3YHBLkpIFQ,,01sQ4LtuJF9K1vlMFT,0Q0vWyIFBm0SgccKOX
80iWtir5PL9VOk7QNC,Brindlewave Northstar Northern Analytics - Rapid Lattice Training Standard Horizon Renewal,Closed Won,2022-12-17,Existing Customer - Renewal,Customer Referral,Confirm requirements,Closed,USD,Synthetic opportunity generated from aggregate CRM structure only.,2022-04-19T11:07:10Z,1,1,100.0,966711.27,0012VwYreWt0DuEATR,,01sLoYtuPuiAhJSKZN,0Q0rJQcwvRbk29pKUA
006ITobJW1wzwlKAY8,Avenlo Silverline Frontier Logistics - Virtual Ember Training Core Solstice Renewal,Closed Won,2026-04-05,New Customer,Web,Schedule review,Closed,USD,Synthetic opportunity generated from aggregate CRM structure only.,2025-10-07T11:32:07Z,1,1,100.0,1192733.98,001b1XyoVMftFmnY3Z,,01sf902KvuoXgXtOGX,
006Dmh0l7g7f8kRI56,Rivermark Stonebridge Worldwide Systems - Adaptive Vertex Data Platform Foundation Aurora Renewal,Prospecting,2027-03-28,New Customer,Organic Search,Confirm requirements,Pipeline,USD,Synthetic opportunity generated from aggregate CRM structure only.,2025-10-08T11:54:05Z,0,0,10.0,1000560.62,001LaewwyaBMECsIRO,701AQ2IkwyckslOQQH,01sQ4LtuJF9K1vlMFT,
006Hqn5ABJAtinGAOT,Quarrylight Bluecrest Summit Collective - Dynamic Orbit Hardware Scale Ion New Business,Qualification,2026-11-30,New Customer,Customer Referral,Confirm requirements,Pipeline,USD,Synthetic opportunity generated from aggregate CRM structure only.,2026-07-02T14:36:53Z,0,0,20.0,2282817.24,0013e2Rh2QW4yB5YBM,,01sf902KvuoXgXtOGX,
006b2uTzEH4AvHaYQB,Peregrine Hollow Clearpath Pacific Partners - Integrated Foundry Support Ultimate Solstice New Business,Negotiation/Review,2026-06-26,Existing Customer - Renewal,Outbound,Confirm requirements,Commit,USD,Synthetic opportunity generated from aggregate CRM structure only.,2025-09-30T09:39:20Z,0,0,75.0,2215086.62,001cgzJWlSIy1t0I9S,,01sLoYtuPuiAhJSKZN,
7110104sHd7nBOwQGT,Oakmere Evergreen Global Analytics - Open Beacon Data Platform Edge Cascade Expansion,Prospecting,2027-01-03,Existing Customer - Renewal,Event,Confirm requirements,Pipeline,USD,Synthetic opportunity generated from aggregate CRM structure only.,2026-10-03T18:17:16Z,0,0,10.0,1432059.15,001W0PnXXJdO3tsYE6,701fkp1RoMk6AO1AXX,01sf902KvuoXgXtOGX,0Q0rUNwMiAoynjFSUU
82i7bmCXUJrqN62YKI,Novacairn Goldenleaf Coastal Logistics - Precision Pioneer Cloud Service Foundation Meridian Renewal,Qualification,2026-08-02,New Customer,Customer Referral,Confirm requirements,Pipeline,USD,Synthetic opportunity generated from aggregate CRM structure only.,2025-05-18T12:57:01Z,0,0,20.0,946108.12,001tvKQbYklnB9tY2P,,01sf902KvuoXgXtOGX,0Q0E8UGiqtDfOHZ0OS
006oXaKvKPkU2ZqQFZ,Morrowfen Ironwood Summit Systems - Rapid Harbor Support Scale Vector New Business,Closed Won,2024-10-31,Existing Customer - Renewal,Event,Prepare proposal,Closed,USD,Synthetic opportunity generated from aggregate CRM structure only.,2024-03-09T02:05:08Z,1,1,100.0,1117003.35,001Yuy98mwACfhVANS,701Dpaw66va6dUvYOQ,01sQ4LtuJF9K1vlMFT,0Q0om3yFYMQPBBLKV0
506AofLThebLHyBA0Y,Latticebrook Keystone Pacific Collective - Virtual Compass Advisory Ultimate Cascade Renewal,Value Proposition,2026-05-11,Existing Customer - Upgrade,Web,Confirm requirements,Best Case,USD,Synthetic opportunity generated from aggregate CRM structure only.,2026-04-08T03:45:02Z,0,0,50.0,1439686.22,001BH0vNAlwEWFXALI,7010j7HiIFs5acMAA2,01sf902KvuoXgXtOGX,
006hxWshbpMkWxAI8T,Kestrel Arc Moonridge Global Partners - Adaptive Summit Cloud Service Essential Nova Expansion,Prospecting,2026-10-27,Existing Customer - Upgrade,Customer Referral,Confirm requirements,Pipeline,USD,Synthetic opportunity generated from aggregate CRM structure only.,2025-08-27T10:32:37Z,0,0,10.0,607088.67,001EM3ljRRvtOqaQZO,,01sf902KvuoXgXtOGX,0Q0Bw5KGy9t1d3JCVS
8113cJU5x4IyzgYQ3S,Juniper Vale Redwood Coastal Analytics - Dynamic Lattice Data Platform Premier Zenith New Business,Needs Analysis,2027-02-13,New Customer,Event,Prepare proposal,Pipeline,USD,Synthetic opportunity generated from aggregate CRM structure only.,2026-05-01T00:31:08Z,0,0,35.0,1092337.32,001Pv3IESUoMrhiAAG,,01sf902KvuoXgXtOGX,
006GeC2qtMs0yY3YZO,Ivorypine Stonebridge Summit Industries - Integrated Ember Hardware Select Cobalt Renewal,Qualification,2026-06-05,Existing Customer - Renewal,Partner Referral,Confirm requirements,Pipeline,USD,Synthetic opportunity generated from aggregate CRM structure only.,2025-11-25T01:02:52Z,0,0,20.0,1493753.96,001WdxdXyQuwjIfAY3,,01sLoYtuPuiAhJSKZN,0Q0RgsnW3dRLtvgK9Q
526oIi4wwv9ub5TYYU,Harborlume Bluecrest Regional Systems - Modular Vertex Data Platform Vertex Nova New Business,Needs Analysis,2026-10-02,Existing Customer - Upgrade,Outbound,Prepare proposal,Pipeline,USD,Synthetic opportunity generated from aggregate CRM structure only.,2026-06-08T14:07:42Z,0,0,35.0,2351443.41,001DmIO5EqT4tawY4D,701h4U4oQAUQUQiIO5,01sJqGPflRJqwqCPRW,
0065MMZsFYroY4RAAH,Glimmerforge Clearpath Lakeside Collective - Precision Orbit Data Platform Essential Atlas Renewal,Closed Lost,2023-04-21,Existing Customer - Renewal,Customer Referral,Prepare proposal,Closed,USD,Synthetic opportunity generated from aggregate CRM structure only.,2022-10-18T21:32:13Z,1,0,0.0,2304822.85,001Ee8rMt958Fh9Y0A,,01sJqGPflRJqwqCPRW,0Q0fbexjKcgom6u0OT
006NS7Cb71T2retY7N,Fablecrest Evergreen Eastern Partners - Rapid Foundry Support Premier Horizon Renewal,Closed Won,2022-10-21,Existing Customer - Renewal,Event,Schedule review,Closed,USD,Synthetic opportunity generated from aggregate CRM structure only.,2022-08-20T22:43:08Z,1,1,100.0,1720993.4,0014BI0PTpGJAb4ICJ,701gBvIFprDgdfxY18,01sLoYtuPuiAhJSKZN,
50iEs2J2gfUFvVYY9V,Evertrail Goldenleaf Western Works - Virtual Beacon Training Select Pulse Expansion,Value Proposition,2026-12-04,Existing Customer - Upgrade,Partner Referral,Schedule review,Best Case,USD,Synthetic opportunity generated from aggregate CRM structure only.,2026-02-18T13:09:22Z,0,0,50.0,339224.32,0012iTFLPNf13nhYPM,,01sLoYtuPuiAhJSKZN,
006YVkc7XZ08VkgAVR,Deltora Ironwood Regional Industries - Adaptive Pioneer Advisory Core Aurora Expansion,Prospecting,2026-05-25,Existing Customer - Renewal,Partner Referral,Schedule review,Pipeline,USD,Synthetic opportunity generated from aggregate CRM structure only.,2025-03-26T20:45:17Z,0,0,10.0,484624.37,001tvKQbYklnB9tY2P,,01sQ4LtuJF9K1vlMFT,0Q0jpDVL5jnOFKRC44
006SLkFaTQw6NfEAND,Cinderquill Keystone Lakeside Systems - Dynamic Harbor Cloud Service Enterprise Ion Expansion,Negotiation/Review,2026-07-18,Existing Customer - Upgrade,Web,Prepare proposal,Commit,USD,Synthetic opportunity generated from aggregate CRM structure only.,2025-06-21T14:25:52Z,0,0,75.0,1852635.02,001kNqWPjavmloHAZ4,7019KuFdn10ijGjI2P,01sLoYtuPuiAhJSKZN,0Q0MRs6RswnOlQx0NR
006vpE0ihQzQVVuQPF,Brindlewave Moonridge Eastern Collective - Integrated Compass Data Platform Professional Solstice Expansion,Closed Won,2024-01-18,Existing Customer - Renewal,Web,Prepare proposal,Closed,USD,Synthetic opportunity generated from aggregate CRM structure only.,2023-07-15T22:18:33Z,1,1,100.0,1160947.42,001Nq19y9hHnEHcAPQ,,01sf902KvuoXgXtOGX,0Q0F1bUkuVjIqwJ0B4
52i5pEXn6pAdR6eI4T,Avenlo Redwood Western Logistics - Modular Summit Cloud Service Standard Aurora New Business,Prospecting,2027-02-23,Existing Customer - Upgrade,Web,Confirm requirements,Pipeline,USD,Synthetic opportunity generated from aggregate CRM structure only.,2026-11-10T22:10:52Z,0,0,10.0,1857864.37,001H8DiQNUTC9JGQA0,,01sQ4LtuJF9K1vlMFT,0Q0jHgaDZxY2hGGSPS
811YmW81nAPrjTaIBR,Rivermark Silverline Regional Works - Precision Lattice Training Core Meridian Renewal,Closed Lost,2024-05-07,Existing Customer - Upgrade,Outbound,Finalize terms,Closed,USD,Synthetic opportunity generated from aggregate CRM structure only.,2023-12-05T21:56:06Z,1,0,0.0,1856243.96,001PFGdur2jMSzLAST,,01sf902KvuoXgXtOGX,0Q09DcCXGCDv6C3KC2
006TdqMQmMoUZ69I53,Quarrylight Westwind Lakeside Industries - Rapid Ember Cloud Service Enterprise Vector Expansion,Qualification,2027-03-07,New Customer,Outbound,Prepare proposal,Pipeline,USD,Synthetic opportunity generated from aggregate CRM structure only.,2026-12-28T02:17:52Z,0,0,20.0,1144902.99,001aPvgDsUU73EoIG0,,01sLoYtuPuiAhJSKZN,
701kaNmdBiDCvfPYHU,Peregrine Hollow Brightwater Frontier Systems - Unified Vertex Hardware Professional Cascade Expansion,Qualification,2026-12-04,Existing Customer - Upgrade,Organic Search,Prepare proposal,Pipeline,USD,Synthetic opportunity generated from aggregate CRM structure only.,2025-10-27T20:43:51Z,0,0,20.0,229695.99,001SDonDyKHRDRwYPS,,01sf902KvuoXgXtOGX,
006PcUQhx8X9vEHY3A,Oakmere Copperfield Worldwide Analytics - Adaptive Orbit Data Platform Ultimate Meridian Renewal,Prospecting,2026-09-03,Existing Customer - Upgrade,Web,Schedule review,Pipeline,USD,Synthetic opportunity generated from aggregate CRM structure only.,2026-07-07T04:15:59Z,0,0,10.0,752230.75,001aJFstC9yWgafQNG,,01sQ4LtuJF9K1vlMFT,
816NH1Uknj79qGbQHV,Novacairn Farpoint Southern Logistics - Dynamic Foundry Data Platform Edge Zenith Renewal,Closed Won,2023-10-04,Existing Customer - Upgrade,Event,Confirm requirements,Closed,USD,Synthetic opportunity generated from aggregate CRM structure only.,2022-10-29T07:54:00Z,1,1,100.0,1930293.98,001IqN1uANorRv0AGO,,01sQ4LtuJF9K1vlMFT,
500gXsW3KnVriomAIG,Morrowfen Highland Northern Works - Integrated Beacon Hardware Foundation Cobalt Renewal,Value Proposition,2026-11-29,Existing Customer - Renewal,Partner Referral,Finalize terms,Best Case,USD,Synthetic opportunity generated from aggregate CRM structure only.,2025-07-09T16:46:21Z,0,0,50.0,1982485.59,001tvKQbYklnB9tY2P,,01sf902KvuoXgXtOGX,
006WhXbCRPuW6KKAM3,Latticebrook Juniper Frontier Industries - Modular Pioneer Cloud Service Scale Nova New Business,Value Proposition,2027-04-02,Existing Customer - Renewal,Customer Referral,Prepare proposal,Best Case,USD,Synthetic opportunity generated from aggregate CRM structure only.,2026-05-30T17:08:48Z,0,0,50.0,2170038.44,0014rTJuxo1U1bKAZR,701baEWnGlBqdzhA9Z,01sf902KvuoXgXtOGX,0Q0W52PeeLUKYZrC6E
0064YSqu2p4Tof7Y6X,Kestrel Arc Longview Worldwide Partners - Precision Harbor Support Ultimate Zenith Renewal,Prospecting,2026-05-05,Existing Customer - Renewal,Event,Confirm requirements,Pipeline,USD,Synthetic opportunity generated from aggregate CRM structure only.,2025-09-14T23:38:30Z,0,0,10.0,403564.77,001jIiXAhBEHXIPYQP,,01sQ4LtuJF9K1vlMFT,
006jTbz26awzCq6QQS,Juniper Vale Northstar Southern Analytics - Rapid Compass Training Edge Horizon Renewal,Needs Analysis,2026-11-27,Existing Customer - Upgrade,Partner Referral,Confirm requirements,Pipeline,USD,Synthetic opportunity generated from aggregate CRM structure only.,2026-07-05T18:16:19Z,0,0,35.0,2083133.17,0018sCn7wzuyGKcIWS,701DNuvDGEm4hghY4U,01sf902KvuoXgXtOGX,
001oUkNbbCllH3CABZ,Ivorypine Silverline Northern Logistics - Unified Summit Data Platform Foundation Pulse Expansion,Needs Analysis,2026-09-02,New Customer,Web,Prepare proposal,Pipeline,USD,Synthetic opportunity generated from aggregate CRM structure only.,2025-12-30T00:33:21Z,0,0,35.0,2215229.79,001qP46mGWsPnuOQ5R,,01sLoYtuPuiAhJSKZN,0Q0q8jRYw1NHQ5iCEF
006a6Br7MTUA28eIPE,Harborlume Westwind Frontier Works - Adaptive Lattice Cloud Service Select Atlas New Business,Closed Lost,2024-02-06,Existing Customer - Upgrade,Customer Referral,Finalize terms,Closed,USD,Synthetic opportunity generated from aggregate CRM structure only.,2023-10-05T19:40:08Z,1,0,0.0,264053.59,001aJFstC9yWgafQNG,701N6uFobcPgkYOQHR,01sLoYtuPuiAhJSKZN,0Q0kqsvSB1QNWWKKI0
006s2a6knML0XkuIJB,Glimmerforge Brightwater Coastal Industries - Dynamic Ember Hardware Vertex Horizon Expansion,Qualification,2027-01-17,Existing Customer - Upgrade,Event,Schedule review,Pipeline,USD,Synthetic opportunity generated from aggregate CRM structure only.,2025-08-05T18:55:05Z,0,0,20.0,1947453.01,001I9h4vN2Mpc08I26,,01sLoYtuPuiAhJSKZN,
516CTNDrn4MyR19AT9,Fablecrest Copperfield Summit Partners - Elastic Vertex Advisory Essential Solstice Renewal,Needs Analysis,2027-06-22,Existing Customer - Upgrade,Partner Referral,Finalize terms,Pipeline,USD,Synthetic opportunity generated from aggregate CRM structure only.,2027-04-19T13:54:31Z,0,0,35.0,1401692.97,001vnn1W5RPN0LPYO8,701VLxxgWX6Q4sRACQ,01sQ4LtuJF9K1vlMFT,
006dwjmrpJrTWoZQ2M,Evertrail Farpoint Pacific Analytics - Modular Orbit Data Platform Premier Aurora Expansion,Negotiation/Review,2026-09-02,Existing Customer - Upgrade,Outbound,Finalize terms,Commit,USD,Synthetic opportunity generated from aggregate CRM structure only.,2025-06-20T22:08:13Z,0,0,75.0,349951.76,001PygtS3FHgKj8Q8G,,01sQ4LtuJF9K1vlMFT,0Q0fSlE75s1dUzcKZ9
006S3g4gCkOZWiLAUR,Deltora Highland Global Logistics - Precision Foundry Training Select Ion Expansion,Needs Analysis,2027-03-14,Existing Customer - Upgrade,Organic Search,Schedule review,Pipeline,USD,Synthetic opportunity generated from aggregate CRM structure only.,2026-06-14T10:12:02Z,0,0,35.0,528323.59,001TOsnOw1hho3AAGT,701GCHw920l26V2I77,01sf902KvuoXgXtOGX,0Q05iZ3SoHA77PaS6S
0062ATMtYv7jb75AW2,Cinderquill Juniper Coastal Works - Rapid Beacon Training Vertex Solstice New Business,Prospecting,2027-06-13,Existing Customer - Renewal,Event,Confirm requirements,Pipeline,USD,Synthetic opportunity generated from aggregate CRM structure only.,2027-03-28T14:36:39Z,0,0,10.0,427612.57,001h3qGmTCLTLLkQZJ,,01sf902KvuoXgXtOGX,0Q0ragTurCreqho093
020lTku3MQ6NixTI4K,Brindlewave Longview Summit Collective - Unified Pioneer Cloud Service Essential Cascade Renewal,Negotiation/Review,2026-05-24,Existing Customer - Upgrade,Outbound,Finalize terms,Commit,USD,Synthetic opportunity generated from aggregate CRM structure only.,2025-01-19T23:40:35Z,0,0,75.0,497421.67,001PygtS3FHgKj8Q8G,701zPCT7q7BesAmYT9,01sf902KvuoXgXtOGX,
720hP6w22xszes4Y51,Avenlo Northstar Pacific Partners - Adaptive Harbor Hardware Professional Meridian Renewal,Closed Lost,2023-08-09,Existing Customer - Renewal,Outbound,Prepare proposal,Closed,USD,Synthetic opportunity generated from aggregate CRM structure only.,2022-09-18T05:16:23Z,1,0,0.0,1673005.96,001yU1qilS2HtnNQUW,,01sLoYtuPuiAhJSKZN,
006w1L6sfek5symQ3C,Rivermark Redwood Global Analytics - Dynamic Compass Cloud Service Standard Vector Expansion,Needs Analysis,2026-10-03,Existing Customer - Upgrade,Event,Confirm requirements,Pipeline,USD,Synthetic opportunity generated from aggregate CRM structure only.,2025-09-05T21:23:26Z,0,0,35.0,1514585.84,0018haifivYezP7QUH,701baEWnGlBqdzhA9Z,01sf902KvuoXgXtOGX,
026rEFr5eyVWlSZY8X,Quarrylight Stonebridge Coastal Logistics - Elastic Summit Cloud Service Core Cobalt Renewal,Closed Won,2023-08-29,Existing Customer - Upgrade,Organic Search,Schedule review,Closed,USD,Synthetic opportunity generated from aggregate CRM structure only.,2023-06-27T17:03:31Z,1,1,100.0,1421496.92,001j6nRokzRlCs1Y07,,01sLoYtuPuiAhJSKZN,
006ErIOxrMEwQt4QIS,Peregrine Hollow Bluecrest Western Systems - Modular Lattice Hardware Enterprise Nova Expansion,Qualification,2026-11-27,New Customer,Partner Referral,Confirm requirements,Pipeline,USD,Synthetic opportunity generated from aggregate CRM structure only.,2026-05-23T21:26:30Z,0,0,20.0,1595637.43,001gQSNxeXgntf7YR3,,01sQ4LtuJF9K1vlMFT,
006lwvKYo99egSWY56,Oakmere Clearpath Regional Collective - Precision Ember Data Platform Professional Zenith Expansion,Negotiation/Review,2026-11-11,New Customer,Organic Search,Finalize terms,Commit,USD,Synthetic opportunity generated from aggregate CRM structure only.,2025-08-20T07:08:39Z,0,0,75.0,676454.59,001qP46mGWsPnuOQ5R,,01sQ4LtuJF9K1vlMFT,0Q0uPcnsIQRHCfTC91
716bgY3jb0aZys5AHA,Novacairn Evergreen Lakeside Partners - Quantum Vertex Hardware Standard Cobalt Renewal,Prospecting,2026-07-01,New Customer,Partner Referral,Finalize terms,Pipeline,USD,Synthetic opportunity generated from aggregate CRM structure only.,2025-02-04T13:47:48Z,0,0,10.0,1866870.88,001YbEX62vgcJCrQQH,,01sLoYtuPuiAhJSKZN,
006HVOMIrDYbxpHQ2F,Morrowfen Goldenleaf Eastern Analytics - Unified Orbit Training Core Pulse New Business,Qualification,2026-11-01,Existing Customer - Renewal,Event,Confirm requirements,Pipeline,USD,Synthetic opportunity generated from aggregate CRM structure only.,2026-01-22T06:23:09Z,0,0,20.0,2104274.7,001F0saAL86T3h5IUF,,01sLoYtuPuiAhJSKZN,0Q0DBrgv3wQJ55K0ME
006I1lRPeWsjOysYN7,Latticebrook Ironwood Western Industries - Adaptive Foundry Support Foundation Atlas Renewal,Needs Analysis,2027-04-21,Existing Customer - Upgrade,Event,Confirm requirements,Pipeline,USD,Synthetic opportunity generated from aggregate CRM structure only.,2026-11-04T08:35:05Z,0,0,35.0,1300852.46,001Pv3IESUoMrhiAAG,,01sQ4LtuJF9K1vlMFT,
521EDoVz30PXBNTALP,Kestrel Arc Keystone Regional Systems - Dynamic Beacon Data Platform Scale Horizon Renewal,Negotiation/Review,2026-09-13,Existing Customer - Upgrade,Event,Finalize terms,Commit,USD,Synthetic opportunity generated from aggregate CRM structure only.,2026-04-12T17:51:19Z,0,0,75.0,2261183.6,001xCcjaWJxjfQtAJX,,01sQ4LtuJF9K1vlMFT,
006UjOrr7j0yErBITV,Juniper Vale Moonridge Lakeside Collective - Elastic Pioneer Data Platform Ultimate Pulse Renewal,Negotiation/Review,2027-02-19,Existing Customer - Renewal,Partner Referral,Finalize terms,Commit,USD,Synthetic opportunity generated from aggregate CRM structure only.,2025-12-17T07:39:55Z,0,0,75.0,1660313.9,001yWq2JW5BZvvMQ0L,,01sLoYtuPuiAhJSKZN,
52tLaCdL9BDn6axIDS,Ivorypine Redwood Eastern Partners - Modular Harbor Data Platform Edge Aurora Expansion,Value Proposition,2026-09-29,New Customer,Web,Finalize terms,Best Case,USD,Synthetic opportunity generated from aggregate CRM structure only.,2025-06-07T08:31:08Z,0,0,50.0,2450529.26,001PFA4WC7yjw84AX1,701dYnYIqY2uFSNQNW,01sf902KvuoXgXtOGX,
006nxgHSQTd46Z3ICQ,Harborlume Stonebridge Western Works - Precision Compass Data Platform Foundation Ion Expansion,Value Proposition,2027-05-08,Existing Customer - Upgrade,Customer Referral,Prepare proposal,Best Case,USD,Synthetic opportunity generated from aggregate CRM structure only.,2026-02-23T09:56:02Z,0,0,50.0,1065243.77,0013e2Rh2QW4yB5YBM,,01sQ4LtuJF9K1vlMFT,0Q0FEJ8xt2A9PnZS3W
501XZ94f9Gshb4CASW,Glimmerforge Bluecrest Southern Industries - Quantum Summit Hardware Scale Solstice Renewal,Closed Lost,2024-12-08,New Customer,Partner Referral,Confirm requirements,Closed,USD,Synthetic opportunity generated from aggregate CRM structure only.,2024-02-09T04:10:37Z,1,0,0.0,94429.7,001PygtS3FHgKj8Q8G,701qSlEpW8tT5lJI6V,01sQ4LtuJF9K1vlMFT,0Q0ltYG5cOcJx34S24
026FFY5OeiKBXtzYT8,Fablecrest Clearpath Northern Systems - Unified Lattice Training Ultimate Aurora Renewal,Closed Won,2024-03-30,Existing Customer - Upgrade,Partner Referral,Prepare proposal,Closed,USD,Synthetic opportunity generated from aggregate CRM structure only.,2023-04-18T11:18:57Z,1,1,100.0,2161631.52,001I9h4vN2Mpc08I26,,01sf902KvuoXgXtOGX,0Q04XY99UdAH6FwKSR
006XWFtKReI7zccI1P,Evertrail Evergreen Frontier Collective - Adaptive Ember Hardware Essential Meridian Expansion,Prospecting,2026-09-09,Existing Customer - Renewal,Organic Search,Confirm requirements,Pipeline,USD,Synthetic opportunity generated from aggregate CRM structure only.,2025-09-30T03:45:22Z,0,0,10.0,1024447.11,001Yuy98mwACfhVANS,701LVVOQQeQAPERQND,01sf902KvuoXgXtOGX,
70iWEYFezjbj27aIL5,Deltora Goldenleaf Worldwide Logistics - Connected Vertex Support Premier Vector Renewal,Negotiation/Review,2026-06-07,Existing Customer - Renewal,Web,Prepare proposal,Commit,USD,Synthetic opportunity generated from aggregate CRM structure only.,2026-02-26T18:50:05Z,0,0,75.0,1735045.13,001tvKQbYklnB9tY2P,701VLxxgWX6Q4sRACQ,01sQ4LtuJF9K1vlMFT,
00tQfmtHVETDnOSQ5P,Cinderquill Ironwood Southern Works - Elastic Orbit Data Platform Select Cascade New Business,Value Proposition,2026-12-11,Existing Customer - Upgrade,Organic Search,Schedule review,Best Case,USD,Synthetic opportunity generated from aggregate CRM structure only.,2026-07-29T23:23:10Z,0,0,50.0,547399.17,001zDxxuW7kQ4BrAGJ,,01sf902KvuoXgXtOGX,
71tmh8IYtV6KefrAW8,Brindlewave Keystone Northern Industries - Modular Foundry Training Vertex Meridian Expansion,Value Proposition,2027-04-17,Existing Customer - Upgrade,Customer Referral,Confirm requirements,Best Case,USD,Synthetic opportunity generated from aggregate CRM structure only.,2026-10-03T00:17:40Z,0,0,50.0,788555.59,001tvKQbYklnB9tY2P,,01sLoYtuPuiAhJSKZN,0Q07q4HmrzMO0JHSHK
006mNZ7IR8DOFgbIXB,Avenlo Moonridge Frontier Systems - Precision Beacon Advisory Essential Zenith Renewal,Value Proposition,2026-12-03,New Customer,Outbound,Confirm requirements,Best Case,USD,Synthetic opportunity generated from aggregate CRM structure only.,2025-12-01T01:27:03Z,0,0,50.0,1557026.57,001KKAmmyUimvp7AGR,,01sLoYtuPuiAhJSKZN,
71039gZq2bNxatoQZ9,Rivermark Northstar Worldwide Analytics - Quantum Pioneer Data Platform Premier Cobalt Renewal,Closed Won,2025-04-15,Existing Customer - Renewal,Partner Referral,Prepare proposal,Closed,USD,Synthetic opportunity generated from aggregate CRM structure only.,2024-12-17T15:42:57Z,1,1,100.0,1808225.05,001iWJjSJhQ7PeuAR2,,01sQ4LtuJF9K1vlMFT,
720e1Bad6wwg7UDYVL,Quarrylight Silverline Southern Logistics - Unified Harbor Cloud Service Select Nova Renewal,Negotiation/Review,2026-10-17,Existing Customer - Upgrade,Customer Referral,Schedule review,Commit,USD,Synthetic opportunity generated from aggregate CRM structure only.,2025-07-04T10:03:06Z,0,0,75.0,1456285.7,001LDOa8tzZhi9lQLS,,01sf902KvuoXgXtOGX,
511HCHmbymadrvJIDX,Peregrine Hollow Westwind Northern Works - Adaptive Compass Cloud Service Core Atlas Expansion,Qualification,2026-11-08,Existing Customer - Upgrade,Event,Finalize terms,Pipeline,USD,Synthetic opportunity generated from aggregate CRM structure only.,2026-02-20T03:46:45Z,0,0,20.0,1517484.89,0014WYoiYbOMlUgQDX,,01sf902KvuoXgXtOGX,
01te3zIh35yJ4wEASP,Oakmere Brightwater Global Industries - Connected Summit Cloud Service Enterprise Horizon New Business,Closed Lost,2024-06-11,New Customer,Event,Finalize terms,Closed,USD,Synthetic opportunity generated from aggregate CRM structure only.,2024-02-28T08:01:48Z,1,0,0.0,533437.04,001kC1LlUdj8c3zY68,,01sLoYtuPuiAhJSKZN,
006ikjdqjcLZe2IQ8K,Novacairn Copperfield Coastal Systems - Elastic Lattice Advisory Professional Pulse Expansion,Negotiation/Review,2026-08-20,Existing Customer - Upgrade,Partner Referral,Confirm requirements,Commit,USD,Synthetic opportunity generated from aggregate CRM structure only.,2026-02-01T23:52:32Z,0,0,75.0,1922177.39,0011y3R0qW4167MAMP,701dYnYIqY2uFSNQNW,01sf902KvuoXgXtOGX,
0061a0N3TcwgYlmIJU,Morrowfen Farpoint Summit Analytics - Modular Ember Advisory Standard Atlas Expansion,Closed Lost,2025-11-17,Existing Customer - Upgrade,Customer Referral,Prepare proposal,Closed,USD,Synthetic opportunity generated from aggregate CRM structure only.,2025-01-25T15:42:05Z,1,0,0.0,1005941.68,0018MjZShtig55PAG6,7010j7HiIFs5acMAA2,01sQ4LtuJF9K1vlMFT,
826PiSLvhWW4Zp5I0S,Latticebrook Highland Pacific Logistics - Open Vertex Cloud Service Core Ion Renewal,Closed Lost,2023-02-20,Existing Customer - Renewal,Web,Finalize terms,Closed,USD,Synthetic opportunity generated from aggregate CRM structure only.,2022-12-08T19:31:51Z,1,0,0.0,1795422.27,001pCWrmUg2EHGPAG8,,01sf902KvuoXgXtOGX,0Q0Expxgzdpt8TsS49
006CHsqxiqjM02AIKO,Kestrel Arc Juniper Global Works - Quantum Orbit Advisory Enterprise Solstice Expansion,Needs Analysis,2026-09-08,New Customer,Customer Referral,Finalize terms,Pipeline,USD,Synthetic opportunity generated from aggregate CRM structure only.,2025-12-18T04:25:52Z,0,0,35.0,2173603.59,001GikJVQQYFMgSI6M,701sbAyLwajaBknIUK,01sQ4LtuJF9K1vlMFT,
006t6F5ojCBw3VQAU3,Juniper Vale Longview Coastal Industries - Unified Foundry Advisory Professional Aurora Renewal,Negotiation/Review,2026-09-16,New Customer,Web,Finalize terms,Commit,USD,Synthetic opportunity generated from aggregate CRM structure only.,2026-07-30T02:20:16Z,0,0,75.0,1011566.61,001dst7EZIkJP6gQAU,701dvFZxXgmRnlIQM7,01sf902KvuoXgXtOGX,0Q0dLMlymny0Yb6SAO
71t7Em0CjNehdJoY4T,Ivorypine Northstar Summit Partners - Adaptive Beacon Cloud Service Ultimate Ion Expansion,Prospecting,2026-11-19,Existing Customer - Renewal,Customer Referral,Confirm requirements,Pipeline,USD,Synthetic opportunity generated from aggregate CRM structure only.,2026-06-09T21:05:08Z,0,0,10.0,1184960.26,0011y3R0qW4167MAMP,,01sLoYtuPuiAhJSKZN,0Q0rShaMaqaRcjXKSX
80608LfI6eoL1PiYOU,Harborlume Silverline Pacific Analytics - Connected Pioneer Data Platform Edge Vector New Business,Closed Won,2025-11-15,Existing Customer - Renewal,Event,Confirm requirements,Closed,USD,Synthetic opportunity generated from aggregate CRM structure only.,2024-11-29T03:40:03Z,1,1,100.0,1191901.5,001R0OuIWPEowdMYT2,,01sQ4LtuJF9K1vlMFT,
526hrbbbEp7wldeA1B,Glimmerforge Westwind Global Logistics - Elastic Harbor Data Platform Foundation Cascade Renewal,Negotiation/Review,2027-05-30,Existing Customer - Renewal,Partner Referral,Schedule review,Commit,USD,Synthetic opportunity generated from aggregate CRM structure only.,2026-01-23T04:55:43Z,0,0,75.0,1084433.85,0016bs349lxRsmUQ0V,,01sf902KvuoXgXtOGX,0Q0r1zYECB8zGTdCHJ
006suguxvWSHIgCAVV,Fablecrest Brightwater Eastern Works - Modular Compass Hardware Scale Meridian Renewal,Value Proposition,2026-10-13,New Customer,Outbound,Schedule review,Best Case,USD,Synthetic opportunity generated from aggregate CRM structure only.,2026-02-08T22:50:26Z,0,0,50.0,1144072.97,,,01sf902KvuoXgXtOGX,
80tJLbrdX7xrvrIIWM,Evertrail Copperfield Western Collective - Open Summit Training Ultimate Vector Renewal,Closed Won,2026-04-23,Existing Customer - Upgrade,Customer Referral,Prepare proposal,Closed,USD,Synthetic opportunity generated from aggregate CRM structure only.,2026-02-19T06:34:11Z,1,1,100.0,45281.67,001gcyiBi1aOx6uAJ7,7010j7HiIFs5acMAA2,01sQ4LtuJF9K1vlMFT,0Q0WUYdJ2ptU1LTCEG
510sLRGTwjg2UWuQRF,Deltora Farpoint Regional Partners - Quantum Lattice Data Platform Edge Cobalt Expansion,Needs Analysis,2027-04-22,Existing Customer - Renewal,Event,Prepare proposal,Pipeline,USD,Synthetic opportunity generated from aggregate CRM structure only.,2026-07-27T02:43:08Z,0,0,35.0,297931.21,001IqN1uANorRv0AGO,701s2qORj9Q5274YHM,01sf902KvuoXgXtOGX,
006SZIt0xL80Y7MAPK,Cinderquill Highland Lakeside Analytics - Unified Ember Cloud Service Foundation Nova Renewal,Qualification,2026-05-18,New Customer,Organic Search,Prepare proposal,Pipeline,USD,Synthetic opportunity generated from aggregate CRM structure only.,2025-08-29T08:18:19Z,0,0,20.0,6834.07,001OyqT9LtQtE0fYGU,,01sf902KvuoXgXtOGX,
011HMYcl7buHdcYITP,Brindlewave Juniper Eastern Logistics - Virtual Vertex Data Platform Scale Zenith New Business,Closed Lost,2025-10-02,Existing Customer - Upgrade,Web,Finalize terms,Closed,USD,Synthetic opportunity generated from aggregate CRM structure only.,2025-04-10T05:03:57Z,1,0,0.0,979662.92,001PcZ9V15a5LqkQLE,,01sQ4LtuJF9K1vlMFT,
006a3u1vsSugaQcQ40,Avenlo Longview Western Systems - Connected Orbit Cloud Service Vertex Cobalt New Business,Closed Won,2023-08-26,Existing Customer - Renewal,Organic Search,Confirm requirements,Closed,USD,Synthetic opportunity generated from aggregate CRM structure only.,2023-04-29T16:25:18Z,1,1,100.0,355699.71,001b1XyoVMftFmnY3Z,,01sLoYtuPuiAhJSKZN,
006H5fFhSnXQnHSI4Z,Rivermark Moonridge Regional Collective - Elastic Foundry Training Essential Pulse Expansion,Closed Lost,2023-01-09,Existing Customer - Upgrade,Event,Prepare proposal,Closed,USD,Synthetic opportunity generated from aggregate CRM structure only.,2022-03-05T10:08:42Z,1,0,0.0,132652.28,001N2mO6ogfdaXBYDK,,01sLoYtuPuiAhJSKZN,0Q0aIOtmLkaenxS096
006CxP9McwtRCBxIQH,Quarrylight Redwood Lakeside Partners - Modular Beacon Training Premier Atlas Renewal,Closed Lost,2025-01-30,Existing Customer - Upgrade,Event,Confirm requirements,Closed,USD,Synthetic opportunity generated from aggregate CRM structure only.,2024-08-04T04:06:38Z,1,0,0.0,1032636.37,001OphrQTgtGmAPIMC,,01sQ4LtuJF9K1vlMFT,0Q0p4Sucx7HXtHQK7O
006J24dpSTYD3dmYA2,Peregrine Hollow Stonebridge Eastern Analytics - Open Pioneer Advisory Select Horizon Expansion,Closed Won,2024-03-08,New Customer,Partner Referral,Schedule review,Closed,USD,Synthetic opportunity generated from aggregate CRM structure only.,2024-01-18T23:35:40Z,1,1,100.0,1657579.08,001HUzAEaUc4liGY2K,701eYR0IxKvWggxING,01sLoYtuPuiAhJSKZN,0Q0C2pKorr5bXKUCGS
006XsivsENViwa6IDK,Oakmere Bluecrest Worldwide Industries - Quantum Harbor Hardware Vertex Pulse New Business,Closed Won,2023-12-30,New Customer,Web,Schedule review,Closed,USD,Synthetic opportunity generated from aggregate CRM structure only.,2023-02-04T05:27:36Z,1,1,100.0,408637.87,001DvaNwXLC9MqoIJ4,,01sf902KvuoXgXtOGX,0Q0zdWOaWHYp5gL0TH
006i7bfVpumQBSJAPA,Novacairn Clearpath Southern Systems - Unified Compass Cloud Service Essential Aurora Expansion,Prospecting,2026-08-12,Existing Customer - Renewal,Outbound,Finalize terms,Pipeline,USD,Synthetic opportunity generated from aggregate CRM structure only.,2026-02-16T03:45:47Z,0,0,10.0,345128.25,001Incobp7HHs7MAA7,701bmC3dSpPfuEkATE,01sLoYtuPuiAhJSKZN,
006heAy12n5PZdLIRF,Morrowfen Evergreen Northern Collective - Virtual Summit Training Premier Ion Expansion,Needs Analysis,2027-05-28,Existing Customer - Upgrade,Web,Prepare proposal,Pipeline,USD,Synthetic opportunity generated from aggregate CRM structure only.,2027-02-23T18:32:14Z,0,0,35.0,157840.61,001zC4hdWCH77CfYVC,701dvFZxXgmRnlIQM7,01sQ4LtuJF9K1vlMFT,
011BUAckshJmYB5IO7,Latticebrook Goldenleaf Frontier Partners - Connected Lattice Advisory Standard Solstice Expansion,Closed Won,2025-03-22,Existing Customer - Renewal,Outbound,Schedule review,Closed,USD,Synthetic opportunity generated from aggregate CRM structure only.,2024-09-04T07:40:55Z,1,1,100.0,1247751.7,001KQsenOWHB4fuQM5,7016JVvcTYMBRjjQNA,01sQ4LtuJF9K1vlMFT,
00trOSHMVDZuSPZYZA,Kestrel Arc Ironwood Worldwide Works - Elastic Ember Advisory Core Cascade Renewal,Negotiation/Review,2027-06-05,Existing Customer - Renewal,Customer Referral,Finalize terms,Commit,USD,Synthetic opportunity generated from aggregate CRM structure only.,2026-11-01T00:38:59Z,0,0,75.0,1419178.78,001Oil2EokU3tWpID9,,01sLoYtuPuiAhJSKZN,0Q0X0ejqu25IiAmKPQ
006FW7esflWhZJjQZQ,Juniper Vale Keystone Southern Industries - Integrated Vertex Support Enterprise Meridian Renewal,Needs Analysis,2027-01-27,Existing Customer - Renewal,Organic Search,Schedule review,Pipeline,USD,Synthetic opportunity generated from aggregate CRM structure only.,2026-05-28T19:13:22Z,0,0,35.0,1318423.37,001gcyiBi1aOx6uAJ7,701sbAyLwajaBknIUK,01sQ4LtuJF9K1vlMFT,
006jm2QtLYuPp0jI48,Ivorypine Moonridge Northern Systems - Open Orbit Cloud Service Professional Vector Renewal,Prospecting,2027-04-08,Existing Customer - Renewal,Customer Referral,Schedule review,Pipeline,USD,Synthetic opportunity generated from aggregate CRM structure only.,2026-06-13T12:57:00Z,0,0,10.0,1695139.92,00180qOlX8UtZ7HQTK,701JAQrUVjwb0lkIRC,01sf902KvuoXgXtOGX,
816ub6hPcL9xyf9IYI,Harborlume Redwood Frontier Collective - Quantum Foundry Advisory Standard Cascade New Business,Closed Won,2022-07-23,Existing Customer - Upgrade,Organic Search,Prepare proposal,Closed,USD,Synthetic opportunity generated from aggregate CRM structure only.,2021-08-21T12:55:30Z,1,1,100.0,943810.1,001mmu9iYNsqBnfYFC,,01sLoYtuPuiAhJSKZN,0Q0B10LiMLMMY2p0VU
006hmX0Uc4B42tCQG2,Glimmerforge Stonebridge Worldwide Logistics - Unified Beacon Advisory Core Nova Renewal,Negotiation/Review,2026-12-23,Existing Customer - Upgrade,Outbound,Schedule review,Commit,USD,Synthetic opportunity generated from aggregate CRM structure only.,2026-06-12T02:53:34Z,0,0,75.0,993760.15,001GikJVQQYFMgSI6M,701C5GBKeBniO3YY7J,01sQ4LtuJF9K1vlMFT,
006HyqoQZ8yzmH0QZN,Fablecrest Bluecrest Summit Works - Virtual Pioneer Hardware Enterprise Zenith Expansion,Value Proposition,2026-12-26,Existing Customer - Renewal,Event,Schedule review,Best Case,USD,Synthetic opportunity generated from aggregate CRM structure only.,2025-10-07T10:24:00Z,0,0,50.0,1917178.49,001LvVfPxnoy5b1YY0,,01sLoYtuPuiAhJSKZN,
006GRdo2dWTDRxlAUR,Evertrail Clearpath Pacific Industries - Connected Harbor Support Scale Cobalt New Business,Needs Analysis,2026-09-25,Existing Customer - Renewal,Outbound,Schedule review,Pipeline,USD,Synthetic opportunity generated from aggregate CRM structure only.,2025-07-05T16:22:49Z,0,0,35.0,767359.57,001OphrQTgtGmAPIMC,,01sQ4LtuJF9K1vlMFT,0Q0KMQHfFr2knzvCD5
700Uv4OBKSrHegvA8L,Deltora Evergreen Global Systems - Elastic Compass Cloud Service Ultimate Nova Renewal,Closed Lost,2024-06-11,Existing Customer - Upgrade,Organic Search,Finalize terms,Closed,USD,Synthetic opportunity generated from aggregate CRM structure only.,2023-09-03T16:57:52Z,1,0,0.0,909516.04,001t3ufNKZqVIffYHM,701bmC3dSpPfuEkATE,01sLoYtuPuiAhJSKZN,0Q0oHZrzXUcfmczK9H
81iem8YBW2vBl6sYXX,Cinderquill Goldenleaf Coastal Collective - Integrated Summit Hardware Edge Atlas New Business,Closed Lost,2023-01-16,Existing Customer - Upgrade,Outbound,Prepare proposal,Closed,USD,Synthetic opportunity generated from aggregate CRM structure only.,2022-05-24T11:04:13Z,1,0,0.0,831146.02,001OphrQTgtGmAPIMC,701qSlEpW8tT5lJI6V,01sf902KvuoXgXtOGX,
52iIvIepjT8Ijm2QIX,Brindlewave Ironwood Summit Logistics - Open Lattice Data Platform Foundation Horizon Renewal,Negotiation/Review,2027-03-27,Existing Customer - Renewal,Outbound,Schedule review,Commit,USD,Synthetic opportunity generated from aggregate CRM structure only.,2025-11-26T08:57:51Z,0,0,75.0,2461456.48,001TgK7Trt797foQCB,701fkp1RoMk6AO1AXX,01sf902KvuoXgXtOGX,0Q0VdLgkrMlUkZEKP6
52iz5dbic5ZsRkWAEP,Avenlo Keystone Pacific Works - Quantum Ember Hardware Scale Pulse Expansion,Closed Won,2024-08-28,New Customer,Web,Confirm requirements,Closed,USD,Synthetic opportunity generated from aggregate CRM structure only.,2024-02-03T12:13:52Z,1,1,100.0,1616125.26,001yyUUvtYcXQSAY46,,01sQ4LtuJF9K1vlMFT,
006mxnurp6XRsd0YOV,Rivermark Longview Global Industries - Rapid Vertex Cloud Service Ultimate Atlas Renewal,Closed Lost,2026-02-06,Existing Customer - Renewal,Web,Confirm requirements,Closed,USD,Synthetic opportunity generated from aggregate CRM structure only.,2025-03-16T12:59:07Z,1,0,0.0,1210600.83,001H8DiQNUTC9JGQA0,701iu7etaRTqbMlANW,01sLoYtuPuiAhJSKZN,0Q09u2coB4WnNDeKGD
52tF2Dlx5paG5c8Y5C,Quarrylight Northstar Coastal Systems - Virtual Orbit Cloud Service Edge Ion Renewal,Value Proposition,2027-01-31,Existing Customer - Renewal,Outbound,Finalize terms,Best Case,USD,Synthetic opportunity generated from aggregate CRM structure only.,2025-10-25T05:38:09Z,0,0,50.0,1573488.95,001SDonDyKHRDRwYPS,701dvFZxXgmRnlIQM7,01sLoYtuPuiAhJSKZN,
006QF36xLqgiy3aI03,Peregrine Hollow Silverline Summit Analytics - Connected Foundry Support Premier Solstice Renewal,Negotiation/Review,2026-05-30,New Customer,Customer Referral,Prepare proposal,Commit,USD,Synthetic opportunity generated from aggregate CRM structure only.,2025-08-14T22:59:05Z,0,0,75.0,1719644.43,001BH0vNAlwEWFXALI,,01sLoYtuPuiAhJSKZN,
006VrmPXxpzFyZbI41,Oakmere Westwind Pacific Logistics - Elastic Beacon Data Platform Select Aurora New Business,Prospecting,2027-04-19,Existing Customer - Upgrade,Partner Referral,Confirm requirements,Pipeline,USD,Synthetic opportunity generated from aggregate CRM structure only.,2027-02-23T04:30:05Z,0,0,10.0,986463.34,001WPEcjxhamiNXYYJ,7014xC7ldfv7uGYYZO,01sLoYtuPuiAhJSKZN,
821RcMhHKoORhOlIOO,Novacairn Brightwater Lakeside Works - Integrated Pioneer Support Vertex Ion New Business,Needs Analysis,2026-06-27,Existing Customer - Upgrade,Outbound,Finalize terms,Pipeline,USD,Synthetic opportunity generated from aggregate CRM structure only.,2025-05-16T08:20:59Z,0,0,35.0,1252845.49,001UMQhTkv1ASD0YIT,,01sQ4LtuJF9K1vlMFT,
006Aur0tlVRnqgSQFM,Morrowfen Copperfield Eastern Industries - Open Harbor Hardware Essential Vector Renewal,Needs Analysis,2027-03-21,Existing Customer - Renewal,Outbound,Schedule review,Pipeline,USD,Synthetic opportunity generated from aggregate CRM structure only.,2027-01-10T09:28:27Z,0,0,35.0,2483805.19,001zKmRfZNU4LdqIBJ,701Oiy0uiHpmTo7YI9,01sLoYtuPuiAhJSKZN,0Q0J3sSH3pdRRzBCFZ
006Dz4Suk7tSf7PYVV,Latticebrook Farpoint Western Partners - Quantum Compass Support Premier Cascade New Business,Closed Lost,2024-10-26,Existing Customer - Upgrade,Customer Referral,Confirm requirements,Closed,USD,Synthetic opportunity generated from aggregate CRM structure only.,2024-07-02T05:24:08Z,1,0,0.0,250199.91,001Ivgehi2RhpxmIXK,701AQ2IkwyckslOQQH,01sQ4LtuJF9K1vlMFT,
006gZrBar5LlFnRY4V,Kestrel Arc Highland Regional Analytics - Rapid Summit Support Select Meridian Expansion,Closed Lost,2024-02-09,Existing Customer - Renewal,Organic Search,Schedule review,Closed,USD,Synthetic opportunity generated from aggregate CRM structure only.,2023-05-19T04:43:23Z,1,0,0.0,1890127.95,001iEyIVnkSiy8UIX8,,01sf902KvuoXgXtOGX,0Q0pDpazMOgvZXxC96
006HRhq0OwdVcBnQ27,Juniper Vale Juniper Lakeside Logistics - Virtual Lattice Advisory Vertex Vector New Business,Prospecting,2027-01-21,Existing Customer - Renewal,Event,Confirm requirements,Pipeline,USD,Synthetic opportunity generated from aggregate CRM structure only.,2026-08-14T04:35:36Z,0,0,10.0,479426.95,001tvKQbYklnB9tY2P,701zPCT7q7BesAmYT9,01sLoYtuPuiAhJSKZN,
7212lBGld6d3jDdISJ,Ivorypine Longview Eastern Works - Connected Ember Advisory Enterprise Cobalt Expansion,Value Proposition,2027-01-30,Existing Customer - Upgrade,Partner Referral,Confirm requirements,Best Case,USD,Synthetic opportunity generated from aggregate CRM structure only.,2025-08-24T21:09:19Z,0,0,50.0,870023.29,001mmu9iYNsqBnfYFC,,01sLoYtuPuiAhJSKZN,
006N7rXHgE2rv1zYQ4,Harborlume Northstar Western Collective - Dynamic Vertex Cloud Service Professional Nova Renewal,Needs Analysis,2027-05-25,Existing Customer - Upgrade,Partner Referral,Schedule review,Pipeline,USD,Synthetic opportunity generated from aggregate CRM structure only.,2026-03-02T11:12:10Z,0,0,35.0,711044.06,0017jTx407RLO7NAVA,,01sf902KvuoXgXtOGX,0Q0mt4wkVLPw1viSD6
006XYm0ra9sX98MINR,Glimmerforge Silverline Regional Partners - Integrated Orbit Advisory Standard Zenith Expansion,Needs Analysis,2027-02-01,New Customer,Partner Referral,Prepare proposal,Pipeline,USD,Synthetic opportunity generated from aggregate CRM structure only.,2026-12-25T01:44:38Z,0,0,35.0,417885.38,001CmyWD3JXNdXOAM9,,01sQ4LtuJF9K1vlMFT,
006UaFyN5djtYHqQX0,Fablecrest Westwind Lakeside Analytics - Open Foundry Data Platform Core Horizon Expansion,Value Proposition,2026-05-29,Existing Customer - Renewal,Organic Search,Confirm requirements,Best Case,USD,Synthetic opportunity generated from aggregate CRM structure only.,2025-02-12T03:26:30Z,0,0,50.0,142764.02,001N2mO6ogfdaXBYDK,,01sQ4LtuJF9K1vlMFT,0Q0ogvDlrW3Bi2ACG2
8114TeEZP44D2r9AVD,Evertrail Brightwater Frontier Logistics - Quantum Beacon Hardware Enterprise Pulse Renewal,Closed Lost,2023-12-20,Existing Customer - Upgrade,Outbound,Confirm requirements,Closed,USD,Synthetic opportunity generated from aggregate CRM structure only.,2023-03-24T03:00:38Z,1,0,0.0,1147401.95,001eMGa7Y6CNd3wIQE,,01sf902KvuoXgXtOGX,0Q08sMMQ5EbPr2Y08K
006YhOzLG91OlV8A3Y,Deltora Copperfield Worldwide Systems - Rapid Pioneer Advisory Professional Atlas New Business,Prospecting,2027-04-02,Existing Customer - Upgrade,Organic Search,Confirm requirements,Pipeline,USD,Synthetic opportunity generated from aggregate CRM structure only.,2027-01-03T12:03:55Z,0,0,10.0,858415.56,001Incobp7HHs7MAA7,7017OD7USLqvwTSQ40,01sJqGPflRJqwqCPRW,
50iPSqDU866kdowA4R,Cinderquill Farpoint Southern Collective - Virtual Harbor Support Standard Horizon Expansion,Value Proposition,2027-06-02,New Customer,Outbound,Confirm requirements,Best Case,USD,Synthetic opportunity generated from aggregate CRM structure only.,2026-04-22T08:02:53Z,0,0,50.0,1168620.33,001OH94vlTF3MI8Y08,,01sf902KvuoXgXtOGX,
810i0zsC01BZNbxQ0V,Brindlewave Highland Northern Partners - Connected Compass Hardware Edge Solstice New Business,Qualification,2026-05-06,Existing Customer - Renewal,Organic Search,Prepare proposal,Pipeline,USD,Synthetic opportunity generated from aggregate CRM structure only.,2025-11-13T21:07:58Z,0,0,20.0,410410.68,001G40EGKjt7p96I7T,,01sLoYtuPuiAhJSKZN,
006QfDfXqSEXxGIQT3,Avenlo Juniper Frontier Analytics - Dynamic Summit Support Foundation Aurora Expansion,Prospecting,2026-12-26,Existing Customer - Renewal,Partner Referral,Prepare proposal,Pipeline,USD,Synthetic opportunity generated from aggregate CRM structure only.,2026-07-03T23:05:49Z,0,0,10.0,1818149.0,001yVmlwCnpWY0fA4W,,01sLoYtuPuiAhJSKZN,0Q0nDIuFLY1B3X9KCI
01iEa511wLJYEKAAFG,Rivermark Keystone Worldwide Industries - Integrated Lattice Cloud Service Scale Ion Renewal,Negotiation/Review,2026-11-24,Existing Customer - Upgrade,Organic Search,Finalize terms,Commit,USD,Synthetic opportunity generated from aggregate CRM structure only.,2026-04-07T04:28:17Z,0,0,75.0,1284434.98,001x4qMeufUWlfdINO,701R6fz0H7ZafwQI8S,01sQ4LtuJF9K1vlMFT,0Q0QUxDCblDXToOK9O
0060AhykALw8QCnQ2A,Quarrylight Moonridge Southern Systems - Open Ember Support Ultimate Solstice Expansion,Qualification,2026-08-13,Existing Customer - Renewal,Partner Referral,Finalize terms,Pipeline,USD,Synthetic opportunity generated from aggregate CRM structure only.,2026-02-06T06:51:57Z,0,0,20.0,523329.36,001Oil2EokU3tWpID9,,01sf902KvuoXgXtOGX,
01tehL51gEnarvLQGW,Peregrine Hollow Redwood Northern Collective - Precision Vertex Training Edge Cascade Renewal,Closed Won,2025-11-08,Existing Customer - Renewal,Web,Schedule review,Closed,USD,Synthetic opportunity generated from aggregate CRM structure only.,2025-03-12T05:28:51Z,1,1,100.0,325828.92,001jIiXAhBEHXIPYQP,,01sLoYtuPuiAhJSKZN,0Q0V6D1Mt9k8IX2KCA
501hQExXpzhYHxfAQC,Oakmere Stonebridge Frontier Partners - Rapid Orbit Support Foundation Meridian New Business,Closed Lost,2022-12-20,Existing Customer - Upgrade,Outbound,Confirm requirements,Closed,USD,Synthetic opportunity generated from aggregate CRM structure only.,2022-02-10T21:31:26Z,1,0,0.0,33058.7,001GikJVQQYFMgSI6M,701iu7etaRTqbMlANW,01sQ4LtuJF9K1vlMFT,
0062scKm4y13WyjQ8J,Novacairn Bluecrest Coastal Analytics - Virtual Foundry Data Platform Scale Vector Renewal,Negotiation/Review,2026-06-05,Existing Customer - Upgrade,Event,Schedule review,Commit,USD,Synthetic opportunity generated from aggregate CRM structure only.,2025-02-14T16:17:02Z,0,0,75.0,601451.8,001HPdcdRz4xhIHI7A,,01sLoYtuPuiAhJSKZN,0Q0RocLYsil3zUT0IS
711TqEY7BjKLTQuYL2,Morrowfen Clearpath Summit Industries - Connected Beacon Cloud Service Vertex Cascade New Business,Closed Won,2022-12-31,Existing Customer - Upgrade,Event,Finalize terms,Closed,USD,Synthetic opportunity generated from aggregate CRM structure only.,2022-04-17T04:20:38Z,1,1,100.0,188420.82,001tvKQbYklnB9tY2P,701R6fz0H7ZafwQI8S,01sLoYtuPuiAhJSKZN,
006kfWH3fHnKyijQ5P,Latticebrook Evergreen Pacific Systems - Dynamic Pioneer Support Essential Nova Expansion,Qualification,2027-05-22,New Customer,Event,Confirm requirements,Pipeline,USD,Synthetic opportunity generated from aggregate CRM structure only.,2027-03-26T21:08:22Z,0,0,20.0,2311227.31,001oPLQgL6DtzXuQJ9,701Oiy0uiHpmTo7YI9,01sf902KvuoXgXtOGX,0Q0TBb31IJhEJbvCJR
006tq8RMYIFHOkgYZN,Kestrel Arc Goldenleaf Global Collective - Integrated Harbor Training Premier Zenith Expansion,Value Proposition,2027-03-11,New Customer,Partner Referral,Schedule review,Best Case,USD,Synthetic opportunity generated from aggregate CRM structure only.,2026-03-16T06:04:41Z,0,0,50.0,1856548.95,001vYy7997Ekj5pAHO,,01sLoYtuPuiAhJSKZN,0Q0NUpyHzhU82tASGB
006RyCdltWyTMAZQRH,Juniper Vale Ironwood Coastal Partners - Open Compass Hardware Select Cobalt Renewal,Needs Analysis,2026-08-18,Existing Customer - Upgrade,Outbound,Prepare proposal,Pipeline,USD,Synthetic opportunity generated from aggregate CRM structure only.,2026-05-02T09:34:20Z,0,0,35.0,93736.24,001BH0vNAlwEWFXALI,701AUDOzK5kG0AQQW3,01sLoYtuPuiAhJSKZN,
006Qa9Yby9ozfEbQ9V,Ivorypine Keystone Summit Works - Precision Summit Hardware Vertex Nova Renewal,Qualification,2026-07-12,Existing Customer - Upgrade,Organic Search,Schedule review,Pipeline,USD,Synthetic opportunity generated from aggregate CRM structure only.,2026-01-10T08:59:05Z,0,0,20.0,2254926.76,001jsWcaI2ueqNkQ4J,701HZkqvaYkvEU4AAJ,01sLoYtuPuiAhJSKZN,
520LYGKOvaoDQUHYL8,Harborlume Moonridge Pacific Industries - Rapid Lattice Support Essential Atlas Renewal,Closed Lost,2023-12-31,Existing Customer - Upgrade,Event,Finalize terms,Closed,USD,Synthetic opportunity generated from aggregate CRM structure only.,2023-03-16T01:13:08Z,1,0,0.0,1202451.28,001yWq2JW5BZvvMQ0L,701AQ2IkwyckslOQQH,01sLoYtuPuiAhJSKZN,0Q0vbZ7Eul8bAglS0A
706yIwidypSznxrQ80,Glimmerforge Redwood Global Systems - Virtual Ember Cloud Service Premier Horizon Renewal,Closed Lost,2025-12-11,Existing Customer - Upgrade,Web,Prepare proposal,Closed,USD,Synthetic opportunity generated from aggregate CRM structure only.,2025-04-04T17:51:37Z,1,0,0.0,294222.76,001We3no8uGmxSIY96,,01sQ4LtuJF9K1vlMFT,0Q0XeAFRIrOMC9JSZC
50tn6JODXXb6WjIYGE,Fablecrest Stonebridge Coastal Collective - Adaptive Vertex Support Standard Pulse Renewal,Prospecting,2026-06-28,Existing Customer - Renewal,Customer Referral,Prepare proposal,Pipeline,USD,Synthetic opportunity generated from aggregate CRM structure only.,2026-04-07T19:47:05Z,0,0,10.0,1500643.11,001IGpX26HWSL0HQPY,,01sQ4LtuJF9K1vlMFT,0Q0uG5HGXenizkC0IM
006DdeC36MIzT7wIBL,Evertrail Bluecrest Western Logistics - Dynamic Orbit Data Platform Core Aurora New Business,Prospecting,2027-04-07,Existing Customer - Renewal,Customer Referral,Finalize terms,Pipeline,USD,Synthetic opportunity generated from aggregate CRM structure only.,2026-10-28T15:45:38Z,0,0,10.0,1077967.03,001IGpX26HWSL0HQPY,7014xC7ldfv7uGYYZO,01sf902KvuoXgXtOGX,0Q0GpItkHjiAN98CAH
510ilL9Y0sCGljGA02,Deltora Clearpath Regional Works - Integrated Foundry Cloud Service Enterprise Ion Renewal,Prospecting,2027-02-03,New Customer,Customer Referral,Schedule review,Pipeline,USD,Synthetic opportunity generated from aggregate CRM structure only.,2026-04-09T16:28:31Z,0,0,10.0,1310326.51,001G40EGKjt7p96I7T,,01sf902KvuoXgXtOGX,
006gFU6rJSegMz4QTC,Cinderquill Evergreen Lakeside Industries - Open Beacon Advisory Professional Solstice Expansion,Closed Won,2023-11-19,New Customer,Outbound,Prepare proposal,Closed,USD,Synthetic opportunity generated from aggregate CRM structure only.,2023-06-03T13:20:41Z,1,1,100.0,211397.96,001gQSNxeXgntf7YR3,,01sf902KvuoXgXtOGX,
006dKL0XzsLR04JI77,Brindlewave Goldenleaf Eastern Systems - Precision Pioneer Support Standard Aurora Renewal,Needs Analysis,2027-01-10,New Customer,Customer Referral,Confirm requirements,Pipeline,USD,Synthetic opportunity generated from aggregate CRM structure only.,2025-12-28T11:07:22Z,0,0,35.0,637855.01,001a3aFjkJfo7TTICC,701QvNzI8kZyr86YGN,01sf902KvuoXgXtOGX,0Q0Kfi2M620Hf8yKJQ
810m3Fxlapz7LJhI0X,Avenlo Ironwood Western Analytics - Rapid Harbor Training Core Meridian New Business,Closed Lost,2026-06-01,Existing Customer - Renewal,Organic Search,Prepare proposal,Closed,USD,Synthetic opportunity generated from aggregate CRM structure only.,2026-03-05T19:12:42Z,1,0,0.0,1661485.09,001QMRyBoOV9ydJAFR,,01sQ4LtuJF9K1vlMFT,
006ubW9e6pahLLXQUB,Rivermark Juniper Regional Logistics - Virtual Compass Cloud Service Enterprise Vector Expansion,Needs Analysis,2026-07-05,New Customer,Event,Schedule review,Pipeline,USD,Synthetic opportunity generated from aggregate CRM structure only.,2025-11-30T09:50:56Z,0,0,35.0,125494.13,001aJFstC9yWgafQNG,,01sLoYtuPuiAhJSKZN,
006HtvHcUBZ6fPDIS7,Quarrylight Longview Lakeside Works - Adaptive Summit Hardware Scale Cascade New Business,Needs Analysis,2027-02-25,Existing Customer - Upgrade,Partner Referral,Confirm requirements,Pipeline,USD,Synthetic opportunity generated from aggregate CRM structure only.,2026-06-04T08:11:29Z,0,0,35.0,156313.47,001qP46mGWsPnuOQ5R,7017OD7USLqvwTSQ40,01sf902KvuoXgXtOGX,0Q0yem9ZXJbdPgNSRZ
006XxKqy2Z2WptSYVC,Peregrine Hollow Northstar Eastern Industries - Dynamic Lattice Hardware Ultimate Meridian Renewal,Qualification,2027-04-04,Existing Customer - Upgrade,Outbound,Confirm requirements,Pipeline,USD,Synthetic opportunity generated from aggregate CRM structure only.,2026-05-17T07:27:06Z,0,0,20.0,2369982.02,001AZHmNsDfQdrZQQD,,01sf902KvuoXgXtOGX,0Q09S8aOOIUU4RrCHQ
006dAB04gfBwA9TQD2,Oakmere Silverline Western Partners - Integrated Ember Cloud Service Edge Zenith Renewal,Prospecting,2026-12-03,Existing Customer - Renewal,Organic Search,Finalize terms,Pipeline,USD,Synthetic opportunity generated from aggregate CRM structure only.,2026-03-10T06:47:12Z,0,0,10.0,1388065.99,0012HZJseXkHHpVYJL,,01sQ4LtuJF9K1vlMFT,0Q09bcEg0itJPRWK0P
006rBHwox1iD1pQQOC,Novacairn Westwind Regional Analytics - Modular Vertex Training Foundation Cobalt Renewal,Closed Lost,2023-05-13,Existing Customer - Renewal,Customer Referral,Confirm requirements,Closed,USD,Synthetic opportunity generated from aggregate CRM structure only.,2023-02-15T12:21:07Z,1,0,0.0,437780.1,001IGpX26HWSL0HQPY,,01sLoYtuPuiAhJSKZN,
006SdTYzJbX0DO7AI7,Morrowfen Brightwater Northern Logistics - Precision Orbit Cloud Service Scale Nova Renewal,Qualification,2027-05-26,Existing Customer - Upgrade,Customer Referral,Prepare proposal,Pipeline,USD,Synthetic opportunity generated from aggregate CRM structure only.,2026-07-28T13:14:31Z,0,0,20.0,387002.94,001zDxxuW7kQ4BrAGJ,701iu7etaRTqbMlANW,01sLoYtuPuiAhJSKZN,
5260ID9UWO3NsN8AI5,Latticebrook Copperfield Frontier Works - Rapid Foundry Training Ultimate Zenith Expansion,Closed Lost,2026-05-02,Existing Customer - Renewal,Web,Prepare proposal,Closed,USD,Synthetic opportunity generated from aggregate CRM structure only.,2025-07-16T09:50:25Z,1,0,0.0,694938.38,001a3aFjkJfo7TTICC,7013ji5fs9KRMNZIMZ,01sLoYtuPuiAhJSKZN,
006WEnTQNP1iD30YPN,Kestrel Arc Farpoint Worldwide Collective - Virtual Beacon Advisory Edge Horizon Renewal,Negotiation/Review,2027-02-25,New Customer,Web,Schedule review,Commit,USD,Synthetic opportunity generated from aggregate CRM structure only.,2026-01-14T02:37:39Z,0,0,75.0,2310923.36,001A42WSazTcqOlAN5,701qSlEpW8tT5lJI6V,01sf902KvuoXgXtOGX,
8168uwBtDwPU4BxQ5U,Juniper Vale Highland Southern Partners - Adaptive Pioneer Hardware Premier Pulse New Business,Negotiation/Review,2026-09-22,Existing Customer - Renewal,Organic Search,Finalize terms,Commit,USD,Synthetic opportunity generated from aggregate CRM structure only.,2026-02-16T04:23:04Z,0,0,75.0,525060.26,0017zKMESrLRf4iY3C,,01sLoYtuPuiAhJSKZN,0Q0rRB3mAHsNOQuSLF
500prBGPio0jxLPQI6,Ivorypine Juniper Northern Analytics - Dynamic Harbor Hardware Select Atlas Expansion,Qualification,2026-09-06,Existing Customer - Renewal,Web,Finalize terms,Pipeline,USD,Synthetic opportunity generated from aggregate CRM structure only.,2026-05-11T03:33:21Z,0,0,20.0,2439472.05,001zKmRfZNU4LdqIBJ,,01sLoYtuPuiAhJSKZN,
006rhMmkOulVFXkQR9,Harborlume Longview Frontier Logistics - Integrated Compass Hardware Vertex Horizon Expansion,Value Proposition,2026-10-21,Existing Customer - Renewal,Customer Referral,Confirm requirements,Best Case,USD,Synthetic opportunity generated from aggregate CRM structure only.,2026-06-17T16:46:07Z,0,0,50.0,904881.43,001OphrQTgtGmAPIMC,,01sQ4LtuJF9K1vlMFT,
0065QN8cBBDCpQCYJW,Glimmerforge Northstar Worldwide Systems - Modular Summit Data Platform Essential Solstice Renewal,Closed Lost,2022-09-16,New Customer,Web,Confirm requirements,Closed,USD,Synthetic opportunity generated from aggregate CRM structure only.,2022-02-09T12:55:36Z,1,0,0.0,2101020.99,001iIp10CH2rdjrQCH,701623KY8ROVX35IU0,01sf902KvuoXgXtOGX,0Q0tw0zbJe3oMjoST7
0062p80alOrYHQUATB,Fablecrest Silverline Southern Collective - Precision Lattice Training Premier Aurora Expansion,Value Proposition,2026-10-31,Existing Customer - Upgrade,Organic Search,Finalize terms,Best Case,USD,Synthetic opportunity generated from aggregate CRM structure only.,2025-09-24T16:57:55Z,0,0,50.0,2168163.33,001CAfL4eM9INwqAJY,,01sQ4LtuJF9K1vlMFT,0Q0Y06rG9vnItMWK7J
006TYKGV7Xfu4rjA9H,Evertrail Westwind Northern Partners - Rapid Ember Advisory Select Ion Expansion,Needs Analysis,2027-05-07,New Customer,Web,Finalize terms,Pipeline,USD,Synthetic opportunity generated from aggregate CRM structure only.,2025-12-12T20:21:15Z,0,0,35.0,1182264.69,001cgzJWlSIy1t0I9S,,01sQ4LtuJF9K1vlMFT,0Q0pQHkQj9Dgdf1KLM
006gN2cRh82e4A9IAZ,Deltora Brightwater Global Analytics - Unified Vertex Support Vertex Solstice New Business,Needs Analysis,2027-02-07,New Customer,Customer Referral,Schedule review,Pipeline,USD,Synthetic opportunity generated from aggregate CRM structure only.,2025-10-02T19:43:59Z,0,0,35.0,908708.2,001yauEEDknBCyrAL7,,01sQ4LtuJF9K1vlMFT,0Q0KIkNzP5mH57fCF1
821L2kXekYpaJdVIFT,Cinderquill Copperfield Coastal Logistics - Adaptive Orbit Cloud Service Enterprise Cascade New Business,Negotiation/Review,2027-03-05,Existing Customer - Renewal,Partner Referral,Schedule review,Commit,USD,Synthetic opportunity generated from aggregate CRM structure only.,2025-10-22T19:35:56Z,0,0,75.0,1818621.12,001tvKQbYklnB9tY2P,,01sf902KvuoXgXtOGX,0Q0peQqRczRsnOwK6X
8061Ihx6uLTSTMtIRE,Brindlewave Farpoint Summit Systems - Dynamic Foundry Support Professional Meridian Renewal,Closed Won,2026-01-21,Existing Customer - Renewal,Web,Prepare proposal,Closed,USD,Synthetic opportunity generated from aggregate CRM structure only.,2025-03-03T22:44:41Z,1,1,100.0,1143302.65,001SpROmneVnpzUI6I,,01sLoYtuPuiAhJSKZN,0Q01mWrvVFK1YqdKU9
006sWP46Zv43vDZYLD,Avenlo Highland Pacific Collective - Integrated Beacon Advisory Standard Vector New Business,Value Proposition,2026-12-07,Existing Customer - Upgrade,Event,Prepare proposal,Best Case,USD,Synthetic opportunity generated from aggregate CRM structure only.,2026-03-13T00:11:51Z,0,0,50.0,1056945.69,001Ql5gfswhLAUiIZH,,01sLoYtuPuiAhJSKZN,
006gAp3k0tp91QTQ8M,Rivermark Ironwood Global Partners - Modular Pioneer Training Core Cobalt Expansion,Qualification,2027-04-13,Existing Customer - Upgrade,Organic Search,Finalize terms,Pipeline,USD,Synthetic opportunity generated from aggregate CRM structure only.,2027-01-27T06:57:35Z,0,0,20.0,823978.99,001Ivgehi2RhpxmIXK,701AUDOzK5kG0AQQW3,01sQ4LtuJF9K1vlMFT,
0161X3H4nd77ebTQHG,Quarrylight Keystone Coastal Analytics - Precision Harbor Cloud Service Enterprise Nova Expansion,Closed Won,2023-02-25,Existing Customer - Renewal,Partner Referral,Confirm requirements,Closed,USD,Synthetic opportunity generated from aggregate CRM structure only.,2022-12-11T11:47:17Z,1,1,100.0,597769.7,001Z9FmqrbfBXeVI9A,,01sf902KvuoXgXtOGX,0Q0UYz9RwtjnssG0IJ
50itVUNBfDJtJUBIBR,Peregrine Hollow Moonridge Summit Industries - Rapid Compass Cloud Service Professional Zenith Expansion,Qualification,2026-10-23,Existing Customer - Upgrade,Customer Referral,Finalize terms,Pipeline,USD,Synthetic opportunity generated from aggregate CRM structure only.,2025-07-13T18:23:46Z,0,0,20.0,2466774.13,001kNqWPjavmloHAZ4,7014Mb0gQuVkT1cIP4,01sf902KvuoXgXtOGX,
50061TEvyTCbcFGA3Y,Oakmere Redwood Pacific Systems - Unified Summit Advisory Standard Cobalt New Business,Negotiation/Review,2026-12-06,Existing Customer - Renewal,Organic Search,Prepare proposal,Commit,USD,Synthetic opportunity generated from aggregate CRM structure only.,2026-10-30T07:59:43Z,0,0,75.0,988730.53,001Ivgehi2RhpxmIXK,,01sLoYtuPuiAhJSKZN,
006x2xe6kaSh69sAP8,Novacairn Stonebridge Global Collective - Adaptive Lattice Hardware Edge Pulse Expansion,Qualification,2026-10-11,Existing Customer - Upgrade,Event,Finalize terms,Pipeline,USD,Synthetic opportunity generated from aggregate CRM structure only.,2025-06-07T09:53:26Z,0,0,20.0,1774595.83,001wHDsRuiwyR4oI2F,701fmMnRrUO2XdcI3Y,01sLoYtuPuiAhJSKZN,0Q0SUDWIUVF0w0z07X
811XgwwZNuhL9tDQKC,Morrowfen Bluecrest Eastern Partners - Dynamic Ember Cloud Service Foundation Atlas New Business,Negotiation/Review,2026-05-15,New Customer,Partner Referral,Finalize terms,Commit,USD,Synthetic opportunity generated from aggregate CRM structure only.,2025-06-22T15:24:42Z,0,0,75.0,2330993.46,001G40EGKjt7p96I7T,701fmMnRrUO2XdcI3Y,01sf902KvuoXgXtOGX,
006kvwdfIVI9fRdA9N,Latticebrook Clearpath Western Works - Elastic Vertex Advisory Scale Horizon Expansion,Negotiation/Review,2026-05-06,Existing Customer - Renewal,Customer Referral,Confirm requirements,Commit,USD,Synthetic opportunity generated from aggregate CRM structure only.,2025-03-01T02:47:56Z,0,0,75.0,336171.98,001tvKQbYklnB9tY2P,,01sf902KvuoXgXtOGX,0Q0fFUdknRQ9ojC0CD
0066UKmNdtzZR9BQCL,Kestrel Arc Evergreen Regional Industries - Modular Orbit Training Ultimate Pulse Expansion,Prospecting,2026-06-26,New Customer,Partner Referral,Finalize terms,Pipeline,USD,Synthetic opportunity generated from aggregate CRM structure only.,2025-08-09T15:32:16Z,0,0,10.0,2215509.02,001Yuy98mwACfhVANS,701JAQrUVjwb0lkIRC,01sf902KvuoXgXtOGX,0Q0hej4l1TKrgjkSZG
70tPURsGhA2EuSIQ4H,Juniper Vale Goldenleaf Lakeside Systems - Precision Foundry Data Platform Edge Aurora Renewal,Closed Won,2025-05-04,Existing Customer - Upgrade,Outbound,Schedule review,Closed,USD,Synthetic opportunity generated from aggregate CRM structure only.,2024-11-24T18:05:11Z,1,1,100.0,1035039.35,001qwQ0uBTzXeScQCK,,01sLoYtuPuiAhJSKZN,0Q0FmIs9LzGPwIF049
711nKDDjsWx7USFADB,Ivorypine Ironwood Eastern Collective - Rapid Beacon Cloud Service Foundation Ion Renewal,Closed Lost,2023-08-30,New Customer,Event,Schedule review,Closed,USD,Synthetic opportunity generated from aggregate CRM structure only.,2023-05-09T22:42:11Z,1,0,0.0,374314.66,001eE3A4cmn7G2gIHB,,01sf902KvuoXgXtOGX,
006ODFKgTp4IK1CQCP,Harborlume Keystone Western Logistics - Unified Pioneer Hardware Scale Solstice Renewal,Qualification,2027-04-16,New Customer,Event,Confirm requirements,Pipeline,USD,Synthetic opportunity generated from aggregate CRM structure only.,2026-07-14T12:38:31Z,0,0,20.0,2301219.3,001G40EGKjt7p96I7T,,01sf902KvuoXgXtOGX,0Q0XDoUyDRbxiBQK2L
71tJjIveWMK8HThASC,Glimmerforge Moonridge Regional Works - Adaptive Harbor Hardware Vertex Aurora Renewal,Prospecting,2027-03-18,Existing Customer - Upgrade,Event,Schedule review,Pipeline,USD,Synthetic opportunity generated from aggregate CRM structure only.,2026-01-21T11:19:23Z,0,0,10.0,1189776.91,001LW8OXe6IEB5RAZR,,01sf902KvuoXgXtOGX,0Q0FuKMsrLOULTwSNJ
006u5VqjPMM6Mh1I2U,Fablecrest Redwood Lakeside Industries - Dynamic Compass Hardware Essential Meridian Expansion,Closed Won,2023-03-01,New Customer,Organic Search,Finalize terms,Closed,USD,Synthetic opportunity generated from aggregate CRM structure only.,2022-10-05T12:10:47Z,1,1,100.0,313854.13,0014WYoiYbOMlUgQDX,7012gLtQpc999YmQNW,01sQ4LtuJF9K1vlMFT,
006z2g61Ka8pT1mQFV,Evertrail Stonebridge Eastern Systems - Elastic Summit Support Premier Vector Renewal,Negotiation/Review,2026-12-26,New Customer,Outbound,Prepare proposal,Commit,USD,Synthetic opportunity generated from aggregate CRM structure only.,2026-04-23T08:23:13Z,0,0,75.0,1366091.23,001g2MhymLdN59YQJG,,01sQ4LtuJF9K1vlMFT,
006ovbeKWlewgCsQHL,Deltora Bluecrest Worldwide Analytics - Modular Lattice Data Platform Select Cascade Renewal,Qualification,2027-06-12,Existing Customer - Upgrade,Outbound,Schedule review,Pipeline,USD,Synthetic opportunity generated from aggregate CRM structure only.,2025-12-24T01:34:41Z,0,0,20.0,2410341.33,001MfuiALipgsrAIEL,,01sf902KvuoXgXtOGX,
0061JbupnVunqbdITT,Cinderquill Clearpath Southern Logistics - Precision Ember Advisory Vertex Meridian Renewal,Needs Analysis,2026-10-16,Existing Customer - Renewal,Web,Finalize terms,Pipeline,USD,Synthetic opportunity generated from aggregate CRM structure only.,2025-09-29T07:35:26Z,0,0,35.0,879457.71,001aPvgDsUU73EoIG0,,01sLoYtuPuiAhJSKZN,
006QHb4hjrlFHNuI4C,Brindlewave Evergreen Northern Works - Quantum Vertex Cloud Service Essential Zenith Expansion,Needs Analysis,2026-09-04,New Customer,Partner Referral,Prepare proposal,Pipeline,USD,Synthetic opportunity generated from aggregate CRM structure only.,2025-06-28T06:41:55Z,0,0,35.0,1682948.62,001veU1rKvNzbBRQ2J,,01sQ4LtuJF9K1vlMFT,0Q0ibIuFiHA1ay0CBU
5014PiktqOBH7FYYQX,Avenlo Goldenleaf Frontier Industries - Unified Orbit Cloud Service Premier Cobalt Expansion,Needs Analysis,2026-09-21,Existing Customer - Renewal,Partner Referral,Prepare proposal,Pipeline,USD,Synthetic opportunity generated from aggregate CRM structure only.,2026-02-17T01:57:57Z,0,0,35.0,886802.62,001QMRyBoOV9ydJAFR,,01sLoYtuPuiAhJSKZN,
006mQJj4tqLiSqfIOZ,Rivermark Highland Worldwide Partners - Adaptive Foundry Cloud Service Standard Nova Expansion,Closed Won,2024-12-04,New Customer,Organic Search,Prepare proposal,Closed,USD,Synthetic opportunity generated from aggregate CRM structure only.,2024-03-11T04:44:44Z,1,1,100.0,1902810.18,001gKEIo3A4yzmLATH,,01sLoYtuPuiAhJSKZN,0Q0qcMWLTLCgmsDC1G
721N1T1KDCjQ5RVIKZ,Quarrylight Juniper Southern Analytics - Dynamic Beacon Advisory Core Atlas New Business,Negotiation/Review,2027-06-24,Existing Customer - Upgrade,Customer Referral,Finalize terms,Commit,USD,Synthetic opportunity generated from aggregate CRM structure only.,2026-06-19T09:57:24Z,0,0,75.0,1648657.86,001mfVgWjeDJGGOY8D,701h4U4oQAUQUQiIO5,01sLoYtuPuiAhJSKZN,
52izos8oLQ3dD3sA0D,Peregrine Hollow Longview Northern Logistics - Elastic Pioneer Support Enterprise Horizon Expansion,Needs Analysis,2027-04-14,Existing Customer - Upgrade,Event,Finalize terms,Pipeline,USD,Synthetic opportunity generated from aggregate CRM structure only.,2027-02-15T07:47:05Z,0,0,35.0,488744.88,0011y3R0qW4167MAMP,,01sf902KvuoXgXtOGX,
716F22xLzwDVzuGA3J,Oakmere Northstar Frontier Works - Modular Harbor Training Professional Pulse New Business,Closed Won,2024-12-18,Existing Customer - Renewal,Partner Referral,Schedule review,Closed,USD,Synthetic opportunity generated from aggregate CRM structure only.,2024-06-13T17:44:42Z,1,1,100.0,279920.95,001GikJVQQYFMgSI6M,,01sLoYtuPuiAhJSKZN,
006EsCmrXMoQ2RDYVC,Novacairn Silverline Worldwide Collective - Precision Compass Training Standard Atlas New Business,Value Proposition,2027-06-05,Existing Customer - Renewal,Customer Referral,Prepare proposal,Best Case,USD,Synthetic opportunity generated from aggregate CRM structure only.,2026-11-05T00:56:37Z,0,0,50.0,2133165.7,001h3qGmTCLTLLkQZJ,,01sf902KvuoXgXtOGX,
701Ejd0faIkp4zwI6I,Morrowfen Westwind Southern Partners - Quantum Summit Advisory Core Ion Renewal,Value Proposition,2026-09-14,Existing Customer - Renewal,Outbound,Confirm requirements,Best Case,USD,Synthetic opportunity generated from aggregate CRM structure only.,2025-11-08T16:50:26Z,0,0,50.0,447613.6,001xWEtTmi24vmPI8I,,01sLoYtuPuiAhJSKZN,0Q0c91mhONbzR1yKHY
011v5nK9d2yAXLYIET,Latticebrook Brightwater Pacific Analytics - Unified Lattice Support Enterprise Solstice Renewal,Qualification,2027-02-19,Existing Customer - Upgrade,Web,Prepare proposal,Pipeline,USD,Synthetic opportunity generated from aggregate CRM structure only.,2025-10-06T07:16:04Z,0,0,20.0,742599.29,001mfVgWjeDJGGOY8D,701fmMnRrUO2XdcI3Y,01sLoYtuPuiAhJSKZN,
016646B4me1oKQSY7Y,Kestrel Arc Copperfield Global Logistics - Adaptive Ember Cloud Service Scale Aurora New Business,Needs Analysis,2027-02-07,Existing Customer - Upgrade,Web,Confirm requirements,Pipeline,USD,Synthetic opportunity generated from aggregate CRM structure only.,2026-02-18T19:54:01Z,0,0,35.0,562407.21,001PcZ9V15a5LqkQLE,,01sLoYtuPuiAhJSKZN,
000pvDVfdIPtBmlASO,Juniper Vale Farpoint Coastal Works - Connected Vertex Training Ultimate Ion Renewal,Closed Won,2024-01-20,Existing Customer - Upgrade,Customer Referral,Confirm requirements,Closed,USD,Synthetic opportunity generated from aggregate CRM structure only.,2023-05-03T05:15:19Z,1,1,100.0,268058.44,001OphrQTgtGmAPIMC,,01sLoYtuPuiAhJSKZN,0Q0hIgptICJZrr9CIS
006TQ9IAaUE9rbLQN4,Ivorypine Highland Summit Collective - Elastic Orbit Advisory Edge Vector New Business,Needs Analysis,2026-11-25,Existing Customer - Upgrade,Event,Schedule review,Pipeline,USD,Synthetic opportunity generated from aggregate CRM structure only.,2025-11-19T19:41:50Z,0,0,35.0,1642909.06,0019ojrY0cvCQ2UQ6L,701AQ2IkwyckslOQQH,01sf902KvuoXgXtOGX,
01t12GHQVKMd3OWIQ5,Harborlume Juniper Pacific Partners - Modular Foundry Support Foundation Cascade Expansion,Closed Won,2025-11-04,Existing Customer - Renewal,Organic Search,Confirm requirements,Closed,USD,Synthetic opportunity generated from aggregate CRM structure only.,2025-08-08T07:39:51Z,1,1,100.0,1277313.18,001Pv3IESUoMrhiAAG,,01sLoYtuPuiAhJSKZN,
006XCzJW4rLVIIJIY4,Glimmerforge Longview Global Analytics - Precision Beacon Data Platform Scale Meridian Renewal,Prospecting,2026-09-16,Existing Customer - Upgrade,Outbound,Prepare proposal,Pipeline,USD,Synthetic opportunity generated from aggregate CRM structure only.,2025-11-26T09:53:59Z,0,0,10.0,1377661.79,001gQSNxeXgntf7YR3,7019KuFdn10ijGjI2P,01sLoYtuPuiAhJSKZN,
51t70vLfkJeg9kRIV6,Fablecrest Northstar Coastal Logistics - Quantum Pioneer Advisory Ultimate Vector New Business,Closed Won,2026-03-29,Existing Customer - Renewal,Web,Prepare proposal,Closed,USD,Synthetic opportunity generated from aggregate CRM structure only.,2025-05-02T20:05:14Z,1,1,100.0,2018641.39,001qn0PeVSegyj1AFD,,01sQ4LtuJF9K1vlMFT,0Q0krkkNmXjW9EMS1N
006hynEucaTRl9hACY,Evertrail Silverline Summit Systems - Unified Harbor Support Edge Cobalt Expansion,Value Proposition,2027-04-10,New Customer,Outbound,Confirm requirements,Best Case,USD,Synthetic opportunity generated from aggregate CRM structure only.,2027-03-05T16:17:53Z,0,0,50.0,446199.89,001avRKkn0zGBkGQ4J,701uy02vAEj9sQvINI,01sf902KvuoXgXtOGX,
006G7lN7lAM26Y8Q8S,Deltora Westwind Pacific Collective - Adaptive Compass Advisory Premier Nova Expansion,Closed Lost,2022-08-29,Existing Customer - Upgrade,Partner Referral,Confirm requirements,Closed,USD,Synthetic opportunity generated from aggregate CRM structure only.,2022-02-03T05:03:19Z,1,0,0.0,1615055.6,001I9h4vN2Mpc08I26,701GCHw920l26V2I77,01sLoYtuPuiAhJSKZN,0Q0hKMVRyTgOMMR0FW
00619ntde9Mf8BfQ4P,Cinderquill Brightwater Lakeside Partners - Connected Summit Cloud Service Select Zenith Expansion,Closed Won,2022-12-01,New Customer,Web,Schedule review,Closed,USD,Synthetic opportunity generated from aggregate CRM structure only.,2022-02-08T21:03:00Z,1,1,100.0,413250.45,001wZQxrqs61HJWYCI,,01sLoYtuPuiAhJSKZN,
006jN2Dw7tUsqmqQBB,Brindlewave Copperfield Eastern Analytics - Elastic Lattice Hardware Vertex Cobalt Renewal,Closed Lost,2023-02-13,Existing Customer - Renewal,Partner Referral,Schedule review,Closed,USD,Synthetic opportunity generated from aggregate CRM structure only.,2022-07-08T06:31:15Z,1,0,0.0,1325666.97,001gcyiBi1aOx6uAJ7,,01sQ4LtuJF9K1vlMFT,0Q0D5EZPjKk0ufsKRL
006gQCGCiLbdaimACJ,Avenlo Farpoint Western Industries - Modular Ember Training Essential Pulse Renewal,Negotiation/Review,2027-06-04,Existing Customer - Upgrade,Outbound,Finalize terms,Commit,USD,Synthetic opportunity generated from aggregate CRM structure only.,2026-09-29T14:33:19Z,0,0,75.0,166214.83,001I9h4vN2Mpc08I26,,01sQ4LtuJF9K1vlMFT,
501DWuGTC7fBfPjICF,Rivermark Goldenleaf Regional Systems - Open Vertex Advisory Premier Atlas New Business,Prospecting,2026-09-14,New Customer,Outbound,Confirm requirements,Pipeline,USD,Synthetic opportunity generated from aggregate CRM structure only.,2026-05-24T23:16:28Z,0,0,10.0,552802.86,001DvFcs2OCjLNHAFJ,,01sf902KvuoXgXtOGX,
006mPenP4B930oZY5R,Quarrylight Ironwood Lakeside Collective - Quantum Orbit Hardware Select Horizon Renewal,Qualification,2027-05-13,Existing Customer - Renewal,Partner Referral,Prepare proposal,Pipeline,USD,Synthetic opportunity generated from aggregate CRM structure only.,2026-06-22T06:19:12Z,0,0,20.0,1149650.95,001Pv3IESUoMrhiAAG,,01sLoYtuPuiAhJSKZN,0Q0BoGwKH6f6ctF09U
006kJvBCEPcFuSJYSK,Peregrine Hollow Keystone Eastern Partners - Unified Foundry Support Vertex Pulse New Business,Needs Analysis,2026-11-04,Existing Customer - Renewal,Web,Prepare proposal,Pipeline,USD,Synthetic opportunity generated from aggregate CRM structure only.,2025-12-05T23:14:38Z,0,0,35.0,747021.09,001zDxxuW7kQ4BrAGJ,,01sf902KvuoXgXtOGX,
010sAkIXh4YIj8HQ3U,Oakmere Moonridge Western Works - Adaptive Beacon Cloud Service Enterprise Aurora New Business,Negotiation/Review,2026-10-21,New Customer,Organic Search,Finalize terms,Commit,USD,Synthetic opportunity generated from aggregate CRM structure only.,2026-04-24T01:16:05Z,0,0,75.0,229683.72,001Ql5gfswhLAUiIZH,,01sLoYtuPuiAhJSKZN,
01ihdqt5T7XgHBuABO,Novacairn Redwood Regional Industries - Connected Pioneer Data Platform Professional Ion New Business,Prospecting,2026-07-07,Existing Customer - Upgrade,Event,Schedule review,Pipeline,USD,Synthetic opportunity generated from aggregate CRM structure only.,2025-06-17T17:28:27Z,0,0,10.0,1247026.84,0011y3R0qW4167MAMP,701rMiZr5gPnYq4I3U,01sQ4LtuJF9K1vlMFT,0Q0C98ucUZzNUacS6N
821Oa65M3Z3hR4DQ9X,Morrowfen Stonebridge Lakeside Systems - Elastic Harbor Advisory Standard Solstice Expansion,Qualification,2026-10-27,Existing Customer - Renewal,Organic Search,Prepare proposal,Pipeline,USD,Synthetic opportunity generated from aggregate CRM structure only.,2026-05-16T19:03:49Z,0,0,20.0,1559034.32,001NlUpPvRS2wnzIYM,,01sf902KvuoXgXtOGX,
006wQoSVoPXEowHQLD,Latticebrook Bluecrest Frontier Collective - Modular Compass Training Core Cascade Renewal,Closed Won,2024-07-28,Existing Customer - Upgrade,Web,Prepare proposal,Closed,USD,Synthetic opportunity generated from aggregate CRM structure only.,2024-03-13T20:42:59Z,1,1,100.0,2439570.21,0019ajAWDOEHbBzQ2L,701VENsf4RdiXcPYUH,01sLoYtuPuiAhJSKZN,
006oe5NiExs3WD5AKN,Kestrel Arc Clearpath Worldwide Logistics - Open Summit Training Enterprise Meridian Expansion,Closed Lost,2025-03-11,Existing Customer - Upgrade,Customer Referral,Prepare proposal,Closed,USD,Synthetic opportunity generated from aggregate CRM structure only.,2024-06-14T20:44:42Z,1,0,0.0,1591095.04,0016bs349lxRsmUQ0V,,01sf902KvuoXgXtOGX,0Q02ontZe5i3G6000D
81iQSitxDjFggR0IUS,Juniper Vale Evergreen Southern Works - Quantum Lattice Cloud Service Professional Vector New Business,Negotiation/Review,2026-09-09,Existing Customer - Upgrade,Customer Referral,Finalize terms,Commit,USD,Synthetic opportunity generated from aggregate CRM structure only.,2026-07-06T20:18:42Z,0,0,75.0,1238194.69,001INTCL5X3OptCYRO,701uy02vAEj9sQvINI,01sQ4LtuJF9K1vlMFT,
006UV9djzHiFM1mIEZ,Ivorypine Goldenleaf Northern Industries - Unified Ember Cloud Service Standard Cascade Renewal,Value Proposition,2027-03-30,Existing Customer - Upgrade,Web,Confirm requirements,Best Case,USD,Synthetic opportunity generated from aggregate CRM structure only.,2026-11-29T21:59:31Z,0,0,50.0,980315.15,001aPvgDsUU73EoIG0,701C5GBKeBniO3YY7J,01sf902KvuoXgXtOGX,0Q0t8IxJXTcboya017
700RYj9OJ0tobSgYEL,Harborlume Ironwood Frontier Systems - Virtual Vertex Support Core Nova Renewal,Needs Analysis,2026-08-21,Existing Customer - Upgrade,Web,Finalize terms,Pipeline,USD,Synthetic opportunity generated from aggregate CRM structure only.,2025-11-05T16:07:55Z,0,0,35.0,1605350.84,001eMGa7Y6CNd3wIQE,,01sf902KvuoXgXtOGX,0Q0UtGh1z36LcZrK2I
0065Zsgcd6MtiskQ2V,Glimmerforge Keystone Worldwide Analytics - Connected Orbit Support Foundation Zenith New Business,Negotiation/Review,2026-12-17,New Customer,Outbound,Finalize terms,Commit,USD,Synthetic opportunity generated from aggregate CRM structure only.,2026-04-18T20:23:24Z,0,0,75.0,1791652.12,001h3qGmTCLTLLkQZJ,,01sLoYtuPuiAhJSKZN,
006256MqpWNIFykIC2,Fablecrest Moonridge Southern Logistics - Elastic Foundry Data Platform Scale Cobalt Expansion,Closed Won,2025-10-28,New Customer,Event,Confirm requirements,Closed,USD,Synthetic opportunity generated from aggregate CRM structure only.,2025-07-11T09:52:30Z,1,1,100.0,1278007.58,001eMGa7Y6CNd3wIQE,,01sLoYtuPuiAhJSKZN,
80is1gQgzowKZheA4X,Evertrail Redwood Northern Works - Modular Beacon Support Ultimate Nova New Business,Needs Analysis,2027-01-26,Existing Customer - Upgrade,Event,Confirm requirements,Pipeline,USD,Synthetic opportunity generated from aggregate CRM structure only.,2026-12-25T21:43:21Z,0,0,35.0,1435556.36,001RPYkI2OuKjJ4ACQ,701s2qORj9Q5274YHM,01sf902KvuoXgXtOGX,
820Xs6GAlVCwBRZY73,Deltora Stonebridge Frontier Industries - Open Pioneer Advisory Edge Atlas New Business,Prospecting,2026-12-25,New Customer,Customer Referral,Prepare proposal,Pipeline,USD,Synthetic opportunity generated from aggregate CRM structure only.,2026-09-02T15:30:28Z,0,0,10.0,891616.49,001s7ZyiePrkNHmYX9,,01sf902KvuoXgXtOGX,0Q0WZJmTzhPXz8nSFX
006lXt9BBa86wk1Y20,Cinderquill Bluecrest Coastal Systems - Quantum Harbor Training Foundation Horizon Expansion,Prospecting,2026-07-11,Existing Customer - Renewal,Organic Search,Prepare proposal,Pipeline,USD,Synthetic opportunity generated from aggregate CRM structure only.,2025-05-29T11:11:13Z,0,0,10.0,734728.13,0018MjZShtig55PAG6,,01sf902KvuoXgXtOGX,0Q048ENlQ6GD6XxSZP
71tPa9pj2CKPA1qQMG,Brindlewave Clearpath Summit Analytics - Unified Compass Advisory Scale Pulse Renewal,Closed Lost,2024-10-29,Existing Customer - Renewal,Web,Schedule review,Closed,USD,Synthetic opportunity generated from aggregate CRM structure only.,2024-01-25T18:35:55Z,1,0,0.0,1575945.72,001JLvRCLNllmEyYER,,01sQ4LtuJF9K1vlMFT,0Q0rajvnCXX58TxKEW
5067hMRFfzYtPfUQ1H,Avenlo Evergreen Pacific Logistics - Virtual Summit Support Ultimate Atlas Renewal,Closed Lost,2026-05-03,Existing Customer - Renewal,Outbound,Finalize terms,Closed,USD,Synthetic opportunity generated from aggregate CRM structure only.,2025-12-13T14:24:42Z,1,0,0.0,948549.97,001n8Q7o6w0wrFoIIH,,01sJqGPflRJqwqCPRW,
82itXwKAVNO8tSuYZE,Rivermark Farpoint Global Works - Connected Lattice Cloud Service Essential Ion Renewal,Value Proposition,2026-08-23,Existing Customer - Renewal,Customer Referral,Finalize terms,Best Case,USD,Synthetic opportunity generated from aggregate CRM structure only.,2026-03-05T22:48:31Z,0,0,50.0,954648.08,001UFuHNhHx2c9ZQQ9,,01sLoYtuPuiAhJSKZN,0Q0v8iFUgLnh54MKTI
70tTifvSS1FGMMJQ9A,Quarrylight Highland Coastal Industries - Elastic Ember Hardware Premier Solstice Renewal,Closed Lost,2024-01-21,Existing Customer - Renewal,Outbound,Prepare proposal,Closed,USD,Synthetic opportunity generated from aggregate CRM structure only.,2023-06-03T18:45:43Z,1,0,0.0,1557912.98,001kMbAjX61mcJnIFJ,701h4U4oQAUQUQiIO5,01sf902KvuoXgXtOGX,
501YRozXd6JsJZZI4L,Peregrine Hollow Juniper Summit Partners - Integrated Vertex Data Platform Select Aurora New Business,Closed Lost,2026-02-22,Existing Customer - Upgrade,Partner Referral,Finalize terms,Closed,USD,Synthetic opportunity generated from aggregate CRM structure only.,2025-02-24T17:25:57Z,1,0,0.0,282278.83,0014BI0PTpGJAb4ICJ,701baEWnGlBqdzhA9Z,01sf902KvuoXgXtOGX,0Q0fkG5fPr4ooYgC5K
006WLgG15MIpjcUI3B,Oakmere Longview Pacific Analytics - Open Orbit Hardware Vertex Ion Renewal,Prospecting,2026-11-27,Existing Customer - Renewal,Partner Referral,Confirm requirements,Pipeline,USD,Synthetic opportunity generated from aggregate CRM structure only.,2025-11-29T18:02:34Z,0,0,10.0,2381556.88,001GJ2vwlaXONX0IFT,,01sf902KvuoXgXtOGX,
820dkfx5MiN3Jf2AR6,Novacairn Northstar Global Logistics - Quantum Foundry Cloud Service Essential Vector New Business,Closed Lost,2025-03-29,Existing Customer - Upgrade,Organic Search,Confirm requirements,Closed,USD,Synthetic opportunity generated from aggregate CRM structure only.,2024-04-12T10:02:21Z,1,0,0.0,1568994.77,001Hbp8pEhElgRqIO2,,01sQ4LtuJF9K1vlMFT,0Q0rsmxnVvCvNzbC95
0063H6zpevnH9p6Q1Z,Morrowfen Silverline Coastal Works - Unified Beacon Hardware Premier Cascade New Business,Closed Won,2025-12-22,Existing Customer - Renewal,Organic Search,Prepare proposal,Closed,USD,Synthetic opportunity generated from aggregate CRM structure only.,2025-03-03T01:44:14Z,1,1,100.0,1945787.16,001evLCMHIsIpP4IS4,,01sLoYtuPuiAhJSKZN,
800IzBADA7mOjsmA4O,Latticebrook Westwind Summit Collective - Virtual Pioneer Cloud Service Select Meridian New Business,Closed Lost,2022-11-09,Existing Customer - Renewal,Partner Referral,Prepare proposal,Closed,USD,Synthetic opportunity generated from aggregate CRM structure only.,2022-01-19T01:32:11Z,1,0,0.0,1533734.38,001MfuiALipgsrAIEL,,01sQ4LtuJF9K1vlMFT,
006I26IftXOFWPTY7R,Kestrel Arc Brightwater Regional Partners - Connected Harbor Cloud Service Core Zenith Renewal,Closed Lost,2024-08-21,Existing Customer - Upgrade,Partner Referral,Finalize terms,Closed,USD,Synthetic opportunity generated from aggregate CRM structure only.,2023-08-25T15:48:41Z,1,0,0.0,1270229.71,001gcyiBi1aOx6uAJ7,701BP1P0a1hwEg9QVB,01sLoYtuPuiAhJSKZN,
006Ngp3eXn7oUtMIL0,Juniper Vale Copperfield Lakeside Analytics - Elastic Compass Training Enterprise Cobalt Renewal,Value Proposition,2027-02-01,Existing Customer - Upgrade,Outbound,Prepare proposal,Best Case,USD,Synthetic opportunity generated from aggregate CRM structure only.,2026-05-12T19:07:05Z,0,0,50.0,1150029.89,001OLEw0xIyryQpQ2X,7014xC7ldfv7uGYYZO,01sf902KvuoXgXtOGX,0Q0PV0qahZ57rBH0Y9
0068fahOWMaB4opQX9,Ivorypine Farpoint Eastern Logistics - Integrated Summit Advisory Professional Nova Renewal,Prospecting,2027-04-01,Existing Customer - Upgrade,Organic Search,Prepare proposal,Pipeline,USD,Synthetic opportunity generated from aggregate CRM structure only.,2026-08-03T22:47:50Z,0,0,10.0,2413180.64,001ZX951OeRh6EHIOJ,,01sQ4LtuJF9K1vlMFT,
006d9dEmMyNLU3LYH9,Harborlume Highland Western Systems - Open Lattice Support Standard Zenith Renewal,Prospecting,2026-10-07,Existing Customer - Renewal,Partner Referral,Finalize terms,Pipeline,USD,Synthetic opportunity generated from aggregate CRM structure only.,2025-11-05T23:28:05Z,0,0,10.0,257338.06,001kgFF0qALhnGGYD4,7019g7m2YfxR5uxQ6M,01sQ4LtuJF9K1vlMFT,
006Q7tlizjOAQTxA13,Glimmerforge Juniper Regional Collective - Quantum Ember Data Platform Core Horizon New Business,Negotiation/Review,2027-01-29,Existing Customer - Renewal,Event,Confirm requirements,Commit,USD,Synthetic opportunity generated from aggregate CRM structure only.,2026-09-15T17:55:33Z,0,0,75.0,2299494.33,001F4OLdqq7HlXbIGG,,01sQ4LtuJF9K1vlMFT,0Q0JpXz779eTULYKMN
006XzY78bXcZHCtAV8,Fablecrest Longview Lakeside Partners - Rapid Vertex Advisory Enterprise Pulse Expansion,Negotiation/Review,2026-07-11,Existing Customer - Renewal,Partner Referral,Prepare proposal,Commit,USD,Synthetic opportunity generated from aggregate CRM structure only.,2025-07-21T21:40:11Z,0,0,75.0,437579.06,0014BI0PTpGJAb4ICJ,,01sf902KvuoXgXtOGX,
0060H95JSZqDlOdA8N,Evertrail Northstar Eastern Analytics - Virtual Orbit Advisory Professional Atlas Renewal,Qualification,2026-08-29,New Customer,Organic Search,Confirm requirements,Pipeline,USD,Synthetic opportunity generated from aggregate CRM structure only.,2026-02-12T07:01:42Z,0,0,20.0,161337.03,001XZVDN3n2dRIsQB9,701Dpaw66va6dUvYOQ,01sf902KvuoXgXtOGX,
00txYFedtVRgVWeY2M,Deltora Silverline Western Industries - Connected Foundry Training Ultimate Horizon New Business,Prospecting,2027-05-22,New Customer,Partner Referral,Prepare proposal,Pipeline,USD,Synthetic opportunity generated from aggregate CRM structure only.,2027-04-14T11:11:07Z,0,0,10.0,209516.18,001MfuiALipgsrAIEL,701v6UAElZEXzGdAI1,01sf902KvuoXgXtOGX,
006BdpwW25JZjQsY6E,Cinderquill Westwind Regional Systems - Elastic Beacon Advisory Edge Solstice Expansion,Negotiation/Review,2026-08-30,Existing Customer - Renewal,Organic Search,Schedule review,Commit,USD,Synthetic opportunity generated from aggregate CRM structure only.,2026-02-21T05:40:37Z,0,0,75.0,1007111.82,001FUJDI7PYzDeCQBR,,01sf902KvuoXgXtOGX,
00686sa7ru4xCpeQW0,Brindlewave Brightwater Northern Collective - Integrated Pioneer Support Foundation Aurora Renewal,Prospecting,2026-12-18,Existing Customer - Renewal,Event,Confirm requirements,Pipeline,USD,Synthetic opportunity generated from aggregate CRM structure only.,2026-08-24T19:53:37Z,0,0,10.0,299720.0,001We3no8uGmxSIY96,701rMiZr5gPnYq4I3U,01sLoYtuPuiAhJSKZN,
50tDQAjXay993aYQ07,Avenlo Copperfield Frontier Partners - Open Harbor Training Scale Ion Renewal,Needs Analysis,2026-12-06,Existing Customer - Renewal,Event,Schedule review,Pipeline,USD,Synthetic opportunity generated from aggregate CRM structure only.,2025-08-10T03:39:35Z,0,0,35.0,1636622.79,001mr80ElRqK1bZQVC,701HZkqvaYkvEU4AAJ,01sJqGPflRJqwqCPRW,
511WEyoFdUjxapyIW9,Rivermark Evergreen Worldwide Works - Quantum Compass Data Platform Ultimate Solstice Expansion,Needs Analysis,2026-08-23,Existing Customer - Upgrade,Customer Referral,Schedule review,Pipeline,USD,Synthetic opportunity generated from aggregate CRM structure only.,2026-05-03T15:57:52Z,0,0,35.0,81920.52,001DvFcs2OCjLNHAFJ,701WVcR9nBSbxB9QPQ,01sf902KvuoXgXtOGX,
721T9noLs7XaVr3I9I,Quarrylight Goldenleaf Southern Industries - Rapid Summit Cloud Service Edge Cascade New Business,Value Proposition,2026-12-19,New Customer,Partner Referral,Confirm requirements,Best Case,USD,Synthetic opportunity generated from aggregate CRM structure only.,2026-03-19T07:49:49Z,0,0,50.0,1428607.63,001UhwyHPMFM5liAM5,,01sf902KvuoXgXtOGX,0Q0zw8FJP2ps1utCWE
006bSeYa8RGzU9LYYM,Peregrine Hollow Ironwood Northern Systems - Virtual Lattice Cloud Service Foundation Meridian New Business,Closed Lost,2024-11-15,New Customer,Organic Search,Schedule review,Closed,USD,Synthetic opportunity generated from aggregate CRM structure only.,2024-02-01T11:41:50Z,1,0,0.0,661301.7,001f6ctaU1r6XIKQI2,7019KuFdn10ijGjI2P,01sLoYtuPuiAhJSKZN,0Q0MfXBqOiI6fvFKCQ
810oLjx3DaEqk2RAWB,Oakmere Keystone Frontier Collective - Connected Ember Support Select Vector Renewal,Qualification,2027-06-15,Existing Customer - Upgrade,Organic Search,Finalize terms,Pipeline,USD,Synthetic opportunity generated from aggregate CRM structure only.,2026-04-27T14:20:40Z,0,0,20.0,1221456.56,001Y94eVbSCMZThYRA,,01sLoYtuPuiAhJSKZN,0Q001jlYpE5EUJe0UE
006qm2HuEhCudzjQIF,Novacairn Moonridge Worldwide Logistics - Dynamic Vertex Data Platform Vertex Cascade Renewal,Closed Won,2026-05-19,New Customer,Customer Referral,Finalize terms,Closed,USD,Synthetic opportunity generated from aggregate CRM structure only.,2026-02-28T05:06:03Z,1,1,100.0,1655119.37,0017R1i3b17QyDUAUX,,01sf902KvuoXgXtOGX,0Q0HrF0ItLvvvEt0NQ
70trphiT60GMX0jQVT,Morrowfen Redwood Southern Works - Integrated Orbit Cloud Service Essential Nova New Business,Closed Lost,2025-02-20,New Customer,Partner Referral,Prepare proposal,Closed,USD,Synthetic opportunity generated from aggregate CRM structure only.,2024-10-01T22:15:07Z,1,0,0.0,1759719.75,001aPvgDsUU73EoIG0,7012gLtQpc999YmQNW,01sQ4LtuJF9K1vlMFT,
816kfHeWqZTzwJoQFU,Latticebrook Stonebridge Northern Industries - Open Foundry Data Platform Premier Zenith New Business,Closed Lost,2025-06-30,Existing Customer - Upgrade,Event,Schedule review,Closed,USD,Synthetic opportunity generated from aggregate CRM structure only.,2024-12-01T03:35:33Z,1,0,0.0,805641.92,001N2mO6ogfdaXBYDK,,01sf902KvuoXgXtOGX,
00iMCI0FdSRMC2lYEN,Kestrel Arc Bluecrest Global Systems - Quantum Beacon Data Platform Select Cobalt New Business,Qualification,2026-12-13,Existing Customer - Upgrade,Event,Prepare proposal,Pipeline,USD,Synthetic opportunity generated from aggregate CRM structure only.,2025-11-02T06:12:31Z,0,0,20.0,1563821.32,001GjfBhJ295BInY2G,,01sf902KvuoXgXtOGX,0Q09s1lAI6rAVUMKOX
810y0lH3OXxqWsFIJT,Juniper Vale Clearpath Coastal Collective - Rapid Pioneer Advisory Vertex Nova Expansion,Closed Won,2023-08-22,Existing Customer - Renewal,Web,Finalize terms,Closed,USD,Synthetic opportunity generated from aggregate CRM structure only.,2022-09-23T16:16:17Z,1,1,100.0,101198.24,001b9Ubd6IpdBJKANL,701Dpaw66va6dUvYOQ,01sLoYtuPuiAhJSKZN,0Q0S5JeeWYF6fGNS7L
026xiH3u9M75ou6IW2,Ivorypine Evergreen Summit Logistics - Virtual Harbor Cloud Service Essential Atlas New Business,Negotiation/Review,2026-09-13,New Customer,Partner Referral,Confirm requirements,Commit,USD,Synthetic opportunity generated from aggregate CRM structure only.,2026-01-08T04:31:04Z,0,0,75.0,601884.65,001ZX951OeRh6EHIOJ,701623KY8ROVX35IU0,01sQ4LtuJF9K1vlMFT,
50inwhIHEWxsdO8YG0,Harborlume Goldenleaf Pacific Works - Connected Compass Data Platform Professional Horizon Expansion,Qualification,2026-10-02,New Customer,Customer Referral,Confirm requirements,Pipeline,USD,Synthetic opportunity generated from aggregate CRM structure only.,2025-06-30T17:35:16Z,0,0,20.0,501091.39,001TtyIW37HieQzYDX,701BP1P0a1hwEg9QVB,01sf902KvuoXgXtOGX,0Q03iGXyIzx1tgSSSQ
711dn2RBaHJNB4NIO3,Glimmerforge Ironwood Global Industries - Dynamic Summit Support Standard Pulse Renewal,Qualification,2026-11-13,Existing Customer - Upgrade,Customer Referral,Schedule review,Pipeline,USD,Synthetic opportunity generated from aggregate CRM structure only.,2026-09-29T15:54:19Z,0,0,20.0,1419704.45,,701baEWnGlBqdzhA9Z,01sf902KvuoXgXtOGX,
82iguBN6CwTjhOfY0A,Fablecrest Keystone Coastal Systems - Integrated Lattice Data Platform Core Aurora Renewal,Negotiation/Review,2027-03-19,Existing Customer - Renewal,Organic Search,Confirm requirements,Commit,USD,Synthetic opportunity generated from aggregate CRM structure only.,2026-02-05T05:17:10Z,0,0,75.0,995062.53,001H8DiQNUTC9JGQA0,,01sf902KvuoXgXtOGX,
510pZvpQ5rEerZiQIL,Evertrail Moonridge Summit Analytics - Open Ember Data Platform Enterprise Ion New Business,Qualification,2026-08-13,New Customer,Event,Finalize terms,Pipeline,USD,Synthetic opportunity generated from aggregate CRM structure only.,2025-08-17T18:24:54Z,0,0,20.0,416406.06,001Hbp8pEhElgRqIO2,701JHaYdXRA67thQMW,01sf902KvuoXgXtOGX,0Q09veOWS3PKpbq0WJ
006djs3y9H8Y08YYDX,Deltora Redwood Pacific Logistics - Precision Vertex Training Professional Solstice Expansion,Value Proposition,2027-02-23,Existing Customer - Upgrade,Event,Schedule review,Best Case,USD,Synthetic opportunity generated from aggregate CRM structure only.,2026-06-20T03:53:31Z,0,0,50.0,133687.81,001KqKN8Jf0F9i9AKQ,,01sLoYtuPuiAhJSKZN,0Q0J7ZzWaCwr6FmSPL
006fZQxsorL6CzhIVL,Cinderquill Stonebridge Global Works - Rapid Orbit Data Platform Standard Aurora New Business,Qualification,2027-02-26,Existing Customer - Renewal,Customer Referral,Finalize terms,Pipeline,USD,Synthetic opportunity generated from aggregate CRM structure only.,2026-02-13T22:49:43Z,0,0,20.0,1495012.63,001Ivp9E6TmWQvuQ35,701GCHw920l26V2I77,01sLoYtuPuiAhJSKZN,0Q0tKsrsijbjvj9016
0068U4Bp9qWzFmGIW3,Brindlewave Bluecrest Eastern Industries - Virtual Foundry Cloud Service Core Meridian New Business,Closed Won,2023-12-23,Existing Customer - Upgrade,Web,Prepare proposal,Closed,USD,Synthetic opportunity generated from aggregate CRM structure only.,2023-11-21T01:49:24Z,1,1,100.0,230215.29,001cnLEQk5pZMibQH2,701N6uFobcPgkYOQHR,01sQ4LtuJF9K1vlMFT,
006xchVFex2M36BY56,Avenlo Clearpath Western Partners - Connected Beacon Data Platform Foundation Vector Expansion,Prospecting,2026-12-23,Existing Customer - Upgrade,Web,Prepare proposal,Pipeline,USD,Synthetic opportunity generated from aggregate CRM structure only.,2026-01-01T05:55:31Z,0,0,10.0,736278.26,001zKmRfZNU4LdqIBJ,,01sLoYtuPuiAhJSKZN,0Q001f4lYOIev2nSFL
006ksFDjDwxcXhcYWX,Rivermark Copperfield Regional Analytics - Dynamic Pioneer Cloud Service Scale Cascade New Business,Value Proposition,2026-06-14,New Customer,Organic Search,Confirm requirements,Best Case,USD,Synthetic opportunity generated from aggregate CRM structure only.,2026-05-03T13:42:56Z,0,0,50.0,1769460.32,001BjMFM5mN692fQ0D,701fkp1RoMk6AO1AXX,01sLoYtuPuiAhJSKZN,
816hccitKK8hPHgQE6,Quarrylight Farpoint Lakeside Logistics - Integrated Harbor Data Platform Ultimate Meridian Expansion,Closed Lost,2024-01-22,Existing Customer - Renewal,Outbound,Schedule review,Closed,USD,Synthetic opportunity generated from aggregate CRM structure only.,2023-07-09T06:36:04Z,1,0,0.0,1989219.83,001UMQhTkv1ASD0YIT,,01sf902KvuoXgXtOGX,
006UfQksIL6BmcyABS,Peregrine Hollow Highland Eastern Works - Open Compass Support Edge Zenith New Business,Prospecting,2027-03-07,New Customer,Event,Prepare proposal,Pipeline,USD,Synthetic opportunity generated from aggregate CRM structure only.,2026-09-02T22:22:17Z,0,0,10.0,828827.92,001I9h4vN2Mpc08I26,,01sLoYtuPuiAhJSKZN,
006714F7uqDVIOWY93,Oakmere Juniper Western Collective - Precision Summit Cloud Service Foundation Cobalt Renewal,Closed Won,2023-10-06,New Customer,Outbound,Prepare proposal,Closed,USD,Synthetic opportunity generated from aggregate CRM structure only.,2023-08-03T17:04:26Z,1,1,100.0,906318.31,001kpkteJ4XLaaYQTV,,01sQ4LtuJF9K1vlMFT,0Q0XXOrVhYGVQLSK47
006fMmIfjg0R7PKQFA,Novacairn Longview Regional Partners - Rapid Lattice Advisory Scale Nova Renewal,Closed Lost,2024-11-20,New Customer,Outbound,Finalize terms,Closed,USD,Synthetic opportunity generated from aggregate CRM structure only.,2024-01-27T15:58:08Z,1,0,0.0,2234333.03,001j6nRokzRlCs1Y07,701T7xJocH3zs1NQYF,01sf902KvuoXgXtOGX,0Q0i2w59vAjZ2xWS6F
0060CrcLRUoFi5HALK,Morrowfen Northstar Lakeside Analytics - Virtual Ember Training Ultimate Zenith New Business,Needs Analysis,2026-06-30,Existing Customer - Renewal,Partner Referral,Schedule review,Pipeline,USD,Synthetic opportunity generated from aggregate CRM structure only.,2025-08-31T19:28:00Z,0,0,35.0,970317.14,001BH0vNAlwEWFXALI,,01sLoYtuPuiAhJSKZN,
006fLXXRmFzm5m5QSV,Latticebrook Silverline Eastern Logistics - Adaptive Vertex Advisory Essential Horizon Expansion,Value Proposition,2027-06-08,Existing Customer - Upgrade,Customer Referral,Confirm requirements,Best Case,USD,Synthetic opportunity generated from aggregate CRM structure only.,2026-09-19T00:32:04Z,0,0,50.0,2443698.24,001kC1LlUdj8c3zY68,,01sQ4LtuJF9K1vlMFT,0Q0ysc5XhvskVJAKD5
016UTIPsm3Q5yn8A5M,Kestrel Arc Westwind Western Systems - Dynamic Orbit Data Platform Premier Pulse Expansion,Closed Lost,2026-01-03,Existing Customer - Upgrade,Partner Referral,Schedule review,Closed,USD,Synthetic opportunity generated from aggregate CRM structure only.,2025-01-16T07:09:22Z,1,0,0.0,12924.2,0011y3R0qW4167MAMP,701fkp1RoMk6AO1AXX,01sf902KvuoXgXtOGX,
006Yu8cGnL42jpzIAY,Juniper Vale Brightwater Southern Collective - Integrated Foundry Advisory Select Atlas Expansion,Needs Analysis,2027-02-10,New Customer,Partner Referral,Prepare proposal,Pipeline,USD,Synthetic opportunity generated from aggregate CRM structure only.,2026-10-29T20:55:20Z,0,0,35.0,2126604.58,0011qafIoKOaGWeA3A,701JAQrUVjwb0lkIRC,01sLoYtuPuiAhJSKZN,
806oMmi8VuTjHdWQVR,Ivorypine Copperfield Northern Partners - Open Beacon Data Platform Vertex Horizon New Business,Value Proposition,2026-07-04,Existing Customer - Upgrade,Partner Referral,Schedule review,Best Case,USD,Synthetic opportunity generated from aggregate CRM structure only.,2026-03-13T11:00:40Z,0,0,50.0,1607529.15,001Hbp8pEhElgRqIO2,701v6UAElZEXzGdAI1,01sQ4LtuJF9K1vlMFT,0Q0UqSoou82irziSXE
006Eh6sjBrU6EvBYMR,Harborlume Farpoint Frontier Analytics - Precision Pioneer Support Essential Solstice Expansion,Closed Lost,2025-06-29,Existing Customer - Renewal,Customer Referral,Prepare proposal,Closed,USD,Synthetic opportunity generated from aggregate CRM structure only.,2024-08-18T14:19:42Z,1,0,0.0,410839.38,001Q3kntrifzyYWI62,,01sf902KvuoXgXtOGX,0Q0EyflYFXH8UE5C1D
7107w2YsFXTaBbMYJI,Glimmerforge Highland Worldwide Industries - Rapid Harbor Hardware Premier Aurora Renewal,Prospecting,2027-04-03,Existing Customer - Renewal,Organic Search,Confirm requirements,Pipeline,USD,Synthetic opportunity generated from aggregate CRM structure only.,2026-10-03T09:36:08Z,0,0,10.0,115709.14,001PUaO8FLbQ5tuY7R,701R6fz0H7ZafwQI8S,01sLoYtuPuiAhJSKZN,0Q0K8DRFY2ED7ye0KB
006wp0dTmUwCRKjYTY,Fablecrest Juniper Southern Systems - Virtual Compass Advisory Select Ion Expansion,Needs Analysis,2027-06-16,New Customer,Organic Search,Confirm requirements,Pipeline,USD,Synthetic opportunity generated from aggregate CRM structure only.,2026-03-13T16:46:40Z,0,0,35.0,1460504.63,001I9h4vN2Mpc08I26,701dYnYIqY2uFSNQNW,01sLoYtuPuiAhJSKZN,0Q0YycBaNU8hxrXSN7
006NogwlUPEtFtDQKV,Evertrail Longview Northern Collective - Adaptive Summit Advisory Core Vector Expansion,Prospecting,2027-05-30,Existing Customer - Upgrade,Outbound,Schedule review,Pipeline,USD,Synthetic opportunity generated from aggregate CRM structure only.,2026-12-17T07:32:38Z,0,0,10.0,219302.55,001oPLQgL6DtzXuQJ9,701VENsf4RdiXcPYUH,01sLoYtuPuiAhJSKZN,0Q0Zdk04fYNKSSsKR1
72tXex0Rj4Ka2g5APC,Deltora Northstar Frontier Partners - Dynamic Lattice Support Enterprise Cascade New Business,Needs Analysis,2026-10-12,Existing Customer - Upgrade,Organic Search,Finalize terms,Pipeline,USD,Synthetic opportunity generated from aggregate CRM structure only.,2026-07-19T02:48:53Z,0,0,35.0,179225.94,001eMGa7Y6CNd3wIQE,,01sLoYtuPuiAhJSKZN,
510IBr8JRvyBOI0ADF,Cinderquill Silverline Worldwide Works - Integrated Ember Cloud Service Professional Meridian Expansion,Value Proposition,2026-10-23,Existing Customer - Upgrade,Customer Referral,Finalize terms,Best Case,USD,Synthetic opportunity generated from aggregate CRM structure only.,2025-06-25T19:24:03Z,0,0,50.0,277139.35,001IqN1uANorRv0AGO,701QvNzI8kZyr86YGN,01sQ4LtuJF9K1vlMFT,
006TZoK03XTSLqlQNH,Brindlewave Westwind Southern Industries - Modular Vertex Training Standard Vector Expansion,Value Proposition,2026-09-17,Existing Customer - Upgrade,Event,Prepare proposal,Best Case,USD,Synthetic opportunity generated from aggregate CRM structure only.,2025-07-21T14:26:39Z,0,0,50.0,841217.85,001yU1qilS2HtnNQUW,,01sf902KvuoXgXtOGX,
01t3Nq3JHhA4xigQ1N,Avenlo Brightwater Pacific Systems - Precision Orbit Data Platform Core Cobalt Expansion,Qualification,2027-01-18,Existing Customer - Upgrade,Partner Referral,Schedule review,Pipeline,USD,Synthetic opportunity generated from aggregate CRM structure only.,2026-08-19T01:31:39Z,0,0,20.0,1909308.66,001f3j7ZUJ5YxijYYQ,701623KY8ROVX35IU0,01sQ4LtuJF9K1vlMFT,0Q0kDpjmCkn1WQfC4U
02iyHkDSFwt3CjhYF8,Rivermark Clearpath Global Collective - Rapid Foundry Cloud Service Enterprise Nova New Business,Prospecting,2026-11-08,Existing Customer - Upgrade,Outbound,Schedule review,Pipeline,USD,Synthetic opportunity generated from aggregate CRM structure only.,2025-10-11T12:56:59Z,0,0,10.0,1558014.86,001h3qGmTCLTLLkQZJ,,01sLoYtuPuiAhJSKZN,
700Z8oS94ZFqXc5YGZ,Quarrylight Evergreen Coastal Partners - Virtual Beacon Advisory Professional Zenith New Business,Negotiation/Review,2027-03-05,Existing Customer - Renewal,Organic Search,Finalize terms,Commit,USD,Synthetic opportunity generated from aggregate CRM structure only.,2026-06-10T17:59:07Z,0,0,75.0,2244492.67,001LTm1VHVbNsV6I1D,701QvNzI8kZyr86YGN,01sLoYtuPuiAhJSKZN,
006WkS1a4JlN7O5QFJ,Peregrine Hollow Goldenleaf Summit Works - Adaptive Pioneer Cloud Service Ultimate Cobalt New Business,Qualification,2026-11-18,Existing Customer - Upgrade,Customer Referral,Schedule review,Pipeline,USD,Synthetic opportunity generated from aggregate CRM structure only.,2026-06-30T14:50:46Z,0,0,20.0,962729.48,0018MjZShtig55PAG6,,01sQ4LtuJF9K1vlMFT,0Q03OQDQB9OJfOUCQZ
006dYZQC8LGUICdQ6J,Oakmere Ironwood Pacific Industries - Dynamic Harbor Hardware Edge Pulse Renewal,Qualification,2026-05-11,Existing Customer - Renewal,Customer Referral,Prepare proposal,Pipeline,USD,Synthetic opportunity generated from aggregate CRM structure only.,2025-09-13T10:50:35Z,0,0,20.0,1223965.45,001aJFstC9yWgafQNG,701DNuvDGEm4hghY4U,01sQ4LtuJF9K1vlMFT,
51iOCTKsAi3opKsYHX,Novacairn Keystone Global Systems - Integrated Compass Advisory Foundation Atlas New Business,Closed Won,2024-12-08,New Customer,Organic Search,Prepare proposal,Closed,USD,Synthetic opportunity generated from aggregate CRM structure only.,2024-09-01T06:44:33Z,1,1,100.0,531436.34,001iIp10CH2rdjrQCH,,01sf902KvuoXgXtOGX,0Q0UAIBfvEXE9LTKC9
006t7dR1cWsHmILAD0,Morrowfen Moonridge Coastal Collective - Modular Summit Training Scale Horizon Renewal,Qualification,2027-03-30,Existing Customer - Renewal,Partner Referral,Schedule review,Pipeline,USD,Synthetic opportunity generated from aggregate CRM structure only.,2026-04-13T19:34:06Z,0,0,20.0,175641.01,001oPLQgL6DtzXuQJ9,,01sf902KvuoXgXtOGX,
81tdAGdH26F8088AZY,Latticebrook Redwood Summit Logistics - Precision Lattice Hardware Ultimate Pulse New Business,Closed Lost,2026-05-05,Existing Customer - Renewal,Partner Referral,Schedule review,Closed,USD,Synthetic opportunity generated from aggregate CRM structure only.,2025-06-27T09:22:45Z,1,0,0.0,1321420.14,001Yuy98mwACfhVANS,701LVVOQQeQAPERQND,01sLoYtuPuiAhJSKZN,
026pLi5YaivbPOPQG6,Kestrel Arc Stonebridge Pacific Works - Rapid Ember Data Platform Edge Aurora New Business,Value Proposition,2026-11-06,New Customer,Organic Search,Confirm requirements,Best Case,USD,Synthetic opportunity generated from aggregate CRM structure only.,2026-05-03T13:38:09Z,0,0,50.0,1372099.65,001EocC12jSBhyyIOU,,01sQ4LtuJF9K1vlMFT,
501iOamI6vFewPbYG5,Juniper Vale Bluecrest Lakeside Industries - Unified Vertex Data Platform Foundation Ion Expansion,Negotiation/Review,2027-06-03,Existing Customer - Upgrade,Event,Prepare proposal,Commit,USD,Synthetic opportunity generated from aggregate CRM structure only.,2026-01-06T07:21:59Z,0,0,75.0,1074680.75,001smmPkB9oOSZnIQW,701DNuvDGEm4hghY4U,01sQ4LtuJF9K1vlMFT,
006319GbuzsxrQrA92,Ivorypine Clearpath Eastern Systems - Adaptive Orbit Hardware Select Solstice Expansion,Closed Won,2023-12-24,New Customer,Event,Prepare proposal,Closed,USD,Synthetic opportunity generated from aggregate CRM structure only.,2023-08-13T15:29:38Z,1,1,100.0,1176432.53,001upirIJhb5AGBA5J,701WVcR9nBSbxB9QPQ,01sLoYtuPuiAhJSKZN,0Q0tPdnNeQUUN4yCOR
721L9PVNy9jMezEQVX,Harborlume Evergreen Western Analytics - Dynamic Foundry Data Platform Vertex Aurora Renewal,Closed Lost,2024-02-22,New Customer,Event,Prepare proposal,Closed,USD,Synthetic opportunity generated from aggregate CRM structure only.,2023-11-02T10:02:47Z,1,0,0.0,594111.29,001R0OuIWPEowdMYT2,,01sf902KvuoXgXtOGX,0Q0YbxFkntJskkYSW8
006cc1DGbPi4SQbA7P,Glimmerforge Goldenleaf Regional Logistics - Integrated Beacon Cloud Service Essential Meridian Expansion,Needs Analysis,2026-09-30,Existing Customer - Upgrade,Customer Referral,Confirm requirements,Pipeline,USD,Synthetic opportunity generated from aggregate CRM structure only.,2026-08-21T14:56:33Z,0,0,35.0,2438535.28,001Ivgehi2RhpxmIXK,701iu7etaRTqbMlANW,01sf902KvuoXgXtOGX,
01i4tbtlkIVqekKIQW,Fablecrest Ironwood Lakeside Works - Modular Pioneer Advisory Premier Vector New Business,Closed Lost,2024-02-01,Existing Customer - Upgrade,Customer Referral,Prepare proposal,Closed,USD,Synthetic opportunity generated from aggregate CRM structure only.,2023-08-18T02:30:40Z,1,0,0.0,1637171.35,001D3FX1GvU3G1mAKG,,01sf902KvuoXgXtOGX,
01tV4GKLLNYwoIMQAI,Evertrail Keystone Eastern Industries - Precision Harbor Advisory Select Cascade Expansion,Closed Lost,2026-06-18,New Customer,Event,Prepare proposal,Closed,USD,Synthetic opportunity generated from aggregate CRM structure only.,2025-08-14T01:48:28Z,1,0,0.0,98137.59,001j6nRokzRlCs1Y07,,01sQ4LtuJF9K1vlMFT,
51i9rNqdYClkr0zIFJ,Deltora Moonridge Western Partners - Rapid Compass Support Vertex Meridian Renewal,Closed Lost,2022-09-05,Existing Customer - Renewal,Customer Referral,Confirm requirements,Closed,USD,Synthetic opportunity generated from aggregate CRM structure only.,2022-02-24T22:29:21Z,1,0,0.0,1990589.49,0012tOpQ4NIa7RbIUI,701C5GBKeBniO3YY7J,01sLoYtuPuiAhJSKZN,0Q077DtUmxtLIpNCAN
720zTie0H1c7MkoADS,Cinderquill Redwood Regional Analytics - Unified Summit Support Essential Zenith Expansion,Prospecting,2026-07-07,Existing Customer - Upgrade,Customer Referral,Prepare proposal,Pipeline,USD,Synthetic opportunity generated from aggregate CRM structure only.,2026-03-25T22:53:37Z,0,0,10.0,1298562.43,001UMQhTkv1ASD0YIT,701VLxxgWX6Q4sRACQ,01sQ4LtuJF9K1vlMFT,0Q00aYdgWEQHsHE0IT
00iqIKwdqI55cMpA5R,Brindlewave Stonebridge Lakeside Logistics - Adaptive Lattice Support Professional Cobalt New Business,Qualification,2026-12-26,New Customer,Customer Referral,Prepare proposal,Pipeline,USD,Synthetic opportunity generated from aggregate CRM structure only.,2026-07-29T01:48:54Z,0,0,20.0,2087350.21,001b1XyoVMftFmnY3Z,,01sQ4LtuJF9K1vlMFT,
006Ei0yj8TqoL5gYUX,Avenlo Bluecrest Frontier Works - Dynamic Ember Cloud Service Standard Nova Renewal,Prospecting,2026-06-05,Existing Customer - Upgrade,Event,Schedule review,Pipeline,USD,Synthetic opportunity generated from aggregate CRM structure only.,2025-08-02T03:27:12Z,0,0,10.0,337964.68,001gJF3ven13WeWAFA,,01sQ4LtuJF9K1vlMFT,
006lWIsCXMguRQfQMM,Rivermark Brightwater Worldwide Collective - Elastic Vertex Cloud Service Core Atlas Expansion,Closed Lost,2025-03-15,Existing Customer - Renewal,Web,Prepare proposal,Closed,USD,Synthetic opportunity generated from aggregate CRM structure only.,2024-12-28T04:32:21Z,1,0,0.0,623762.13,001OPKDJQJag0BvIDS,701LVVOQQeQAPERQND,01sf902KvuoXgXtOGX,0Q0E8qObMX99MPBK0G
006ws5fxY6DVEQqYK8,Quarrylight Copperfield Southern Partners - Modular Orbit Data Platform Enterprise Horizon Renewal,Closed Lost,2023-06-30,Existing Customer - Renewal,Outbound,Schedule review,Closed,USD,Synthetic opportunity generated from aggregate CRM structure only.,2022-09-22T21:34:34Z,1,0,0.0,2280195.2,0018MjZShtig55PAG6,701sbAyLwajaBknIUK,01sLoYtuPuiAhJSKZN,
826CwRcjav3cDKmIJB,Peregrine Hollow Farpoint Northern Analytics - Precision Foundry Training Professional Pulse Renewal,Needs Analysis,2026-12-29,New Customer,Web,Schedule review,Pipeline,USD,Synthetic opportunity generated from aggregate CRM structure only.,2026-07-19T09:21:38Z,0,0,35.0,1133553.48,001vywMtDWYqGORIQP,701rMiZr5gPnYq4I3U,01sLoYtuPuiAhJSKZN,0Q0z0Exk2LWoq1uKYZ
006A4LBPr9HWFUiQYO,Oakmere Highland Frontier Logistics - Rapid Beacon Cloud Service Standard Atlas New Business,Needs Analysis,2027-03-23,Existing Customer - Renewal,Customer Referral,Prepare proposal,Pipeline,USD,Synthetic opportunity generated from aggregate CRM structure only.,2026-10-15T13:19:34Z,0,0,35.0,1025974.87,001mdSX3YnkEjM0IVS,,01sf902KvuoXgXtOGX,
50tFOmZ0XDIf1b5YML,Novacairn Juniper Worldwide Systems - Unified Pioneer Support Core Ion Expansion,Closed Won,2023-06-15,New Customer,Partner Referral,Prepare proposal,Closed,USD,Synthetic opportunity generated from aggregate CRM structure only.,2023-01-18T22:04:07Z,1,1,100.0,177881.24,0013e2Rh2QW4yB5YBM,,01sLoYtuPuiAhJSKZN,
51tB6jq7uWCBasGQN3,Morrowfen Longview Southern Collective - Adaptive Harbor Support Foundation Solstice Expansion,Closed Lost,2024-11-13,Existing Customer - Upgrade,Customer Referral,Confirm requirements,Closed,USD,Synthetic opportunity generated from aggregate CRM structure only.,2024-09-24T09:50:37Z,1,0,0.0,1226899.97,0011y3R0qW4167MAMP,,01sQ4LtuJF9K1vlMFT,0Q0JBPXvMVam8GqS8I
701gffawymfXeLpYMB,Latticebrook Northstar Northern Partners - Dynamic Compass Support Scale Aurora Expansion,Value Proposition,2027-02-17,Existing Customer - Upgrade,Partner Referral,Prepare proposal,Best Case,USD,Synthetic opportunity generated from aggregate CRM structure only.,2025-09-02T21:42:06Z,0,0,50.0,1785787.46,001YrVA37VnfW7fIO3,,01sQ4LtuJF9K1vlMFT,0Q0ZQgJwVDO6dPRCMO
00612D5ppLojAPLA4Y,Kestrel Arc Silverline Frontier Analytics - Elastic Summit Data Platform Ultimate Ion New Business,Closed Won,2024-02-18,Existing Customer - Renewal,Web,Confirm requirements,Closed,USD,Synthetic opportunity generated from aggregate CRM structure only.,2023-09-07T23:51:46Z,1,1,100.0,792076.24,001AZHmNsDfQdrZQQD,,01sLoYtuPuiAhJSKZN,
006MSXgE1lgC9kNIB0,Juniper Vale Westwind Worldwide Industries - Modular Lattice Hardware Edge Vector Expansion,Qualification,2026-07-13,Existing Customer - Renewal,Organic Search,Confirm requirements,Pipeline,USD,Synthetic opportunity generated from aggregate CRM structure only.,2026-04-28T05:16:25Z,0,0,20.0,1094854.27,001GikJVQQYFMgSI6M,,01sQ4LtuJF9K1vlMFT,
006TFOyaj6QflaUA0Q,Ivorypine Brightwater Summit Systems - Precision Ember Data Platform Foundation Cascade Expansion,Negotiation/Review,2026-09-19,New Customer,Organic Search,Schedule review,Commit,USD,Synthetic opportunity generated from aggregate CRM structure only.,2026-02-02T09:13:43Z,0,0,75.0,828917.74,001H8DiQNUTC9JGQA0,701BP1P0a1hwEg9QVB,01sQ4LtuJF9K1vlMFT,
006ciCmaANfGW2GAJ5,Harborlume Copperfield Pacific Collective - Quantum Vertex Hardware Scale Meridian New Business,Needs Analysis,2027-04-22,Existing Customer - Renewal,Outbound,Schedule review,Pipeline,USD,Synthetic opportunity generated from aggregate CRM structure only.,2026-08-17T07:48:10Z,0,0,35.0,733833.84,001x87pLwsHhY3bAD8,,01sQ4LtuJF9K1vlMFT,
006byrE50NITff0Q8R,Glimmerforge Farpoint Global Partners - Unified Orbit Hardware Ultimate Vector Renewal,Needs Analysis,2026-05-16,New Customer,Web,Schedule review,Pipeline,USD,Synthetic opportunity generated from aggregate CRM structure only.,2025-01-28T21:31:53Z,0,0,35.0,1891603.15,001s7ZyiePrkNHmYX9,,01sLoYtuPuiAhJSKZN,0Q0nQrmHsqTXO9pCJQ
0063SY6evRNlBraQYU,Fablecrest Highland Coastal Analytics - Adaptive Foundry Data Platform Essential Cobalt New Business,Value Proposition,2027-01-24,New Customer,Organic Search,Prepare proposal,Best Case,USD,Synthetic opportunity generated from aggregate CRM structure only.,2026-04-26T01:47:08Z,0,0,50.0,2330378.77,001ULaAYdBnWIytQCT,,01sf902KvuoXgXtOGX,0Q0qQO1xynrL6JYKE6
721CmA86MnDG5WjQIG,Evertrail Juniper Summit Industries - Dynamic Beacon Support Premier Nova New Business,Negotiation/Review,2026-11-29,Existing Customer - Renewal,Organic Search,Finalize terms,Commit,USD,Synthetic opportunity generated from aggregate CRM structure only.,2026-07-18T13:23:03Z,0,0,75.0,1392486.33,0016bs349lxRsmUQ0V,,01sQ4LtuJF9K1vlMFT,0Q0vJ5aXOwYkS2fCNH
006qUoAhHejrwEYAVO,Deltora Longview Pacific Systems - Elastic Pioneer Support Select Zenith New Business,Needs Analysis,2026-08-08,New Customer,Customer Referral,Schedule review,Pipeline,USD,Synthetic opportunity generated from aggregate CRM structure only.,2025-11-22T16:50:40Z,0,0,35.0,1488344.47,0011y3R0qW4167MAMP,,01sf902KvuoXgXtOGX,0Q0m475AnDZbF6Q03M
0061CSDCqAuemlFY07,Cinderquill Northstar Global Collective - Modular Harbor Training Vertex Cobalt Renewal,Closed Lost,2026-01-12,Existing Customer - Renewal,Organic Search,Prepare proposal,Closed,USD,Synthetic opportunity generated from aggregate CRM structure only.,2025-10-28T11:57:18Z,1,0,0.0,2468447.97,001tGz7asrOtBm8A2Y,701dYnYIqY2uFSNQNW,01sf902KvuoXgXtOGX,
00tvJH5KgpFjKEsYR9,Brindlewave Silverline Coastal Partners - Precision Compass Cloud Service Essential Pulse Renewal,Closed Won,2022-12-14,Existing Customer - Upgrade,Organic Search,Schedule review,Closed,USD,Synthetic opportunity generated from aggregate CRM structure only.,2021-12-20T04:50:55Z,1,1,100.0,2218788.53,001ue1J9V7XEwHtA5N,701sbAyLwajaBknIUK,01sf902KvuoXgXtOGX,
006BubWVijMlnF4AI9,Avenlo Westwind Summit Works - Quantum Summit Hardware Premier Atlas Expansion,Needs Analysis,2027-05-10,Existing Customer - Renewal,Organic Search,Schedule review,Pipeline,USD,Synthetic opportunity generated from aggregate CRM structure only.,2026-06-20T16:08:55Z,0,0,35.0,2084906.25,001GJ2vwlaXONX0IFT,701Oiy0uiHpmTo7YI9,01sLoYtuPuiAhJSKZN,
006jmtEA69nNprTQUT,Rivermark Bluecrest Regional Industries - Unified Lattice Advisory Select Horizon Expansion,Value Proposition,2027-02-24,New Customer,Organic Search,Finalize terms,Best Case,USD,Synthetic opportunity generated from aggregate CRM structure only.,2026-11-03T06:15:30Z,0,0,50.0,2014234.98,001KKAmmyUimvp7AGR,701BP1P0a1hwEg9QVB,01sLoYtuPuiAhJSKZN,
006K45NvXKh9aHIYHT,Quarrylight Clearpath Lakeside Systems - Adaptive Ember Advisory Core Solstice Expansion,Needs Analysis,2027-03-23,Existing Customer - Upgrade,Customer Referral,Schedule review,Pipeline,USD,Synthetic opportunity generated from aggregate CRM structure only.,2026-11-06T14:43:04Z,0,0,35.0,2037404.67,001Ivgehi2RhpxmIXK,,01sLoYtuPuiAhJSKZN,
006m9turukOLStrIV3,Peregrine Hollow Evergreen Eastern Collective - Connected Vertex Support Enterprise Aurora New Business,Closed Lost,2025-04-28,Existing Customer - Upgrade,Partner Referral,Prepare proposal,Closed,USD,Synthetic opportunity generated from aggregate CRM structure only.,2024-06-13T08:43:44Z,1,0,0.0,2146115.9,001Dr3VLTdygyPzIUT,701baEWnGlBqdzhA9Z,01sLoYtuPuiAhJSKZN,
006yj4hydQvfUkhAOJ,Oakmere Goldenleaf Western Logistics - Elastic Orbit Data Platform Professional Ion Renewal,Needs Analysis,2026-10-16,Existing Customer - Renewal,Customer Referral,Prepare proposal,Pipeline,USD,Synthetic opportunity generated from aggregate CRM structure only.,2026-01-14T11:00:11Z,0,0,35.0,193596.54,001lppe6kqinEz1A7H,,01sQ4LtuJF9K1vlMFT,0Q08FrlxYuPeyu2CCY
006Sio6cQBleCzfIPI,Novacairn Ironwood Regional Works - Modular Foundry Data Platform Standard Solstice Renewal,Closed Won,2025-01-16,Existing Customer - Renewal,Outbound,Prepare proposal,Closed,USD,Synthetic opportunity generated from aggregate CRM structure only.,2024-06-30T19:06:08Z,1,1,100.0,863033.79,001paldePwcfVa7AJJ,,01sLoYtuPuiAhJSKZN,
701EsLuEhnkDYlxYN5,Morrowfen Keystone Lakeside Industries - Precision Beacon Data Platform Core Cascade New Business,Closed Lost,2025-04-08,Existing Customer - Upgrade,Web,Confirm requirements,Closed,USD,Synthetic opportunity generated from aggregate CRM structure only.,2025-02-04T12:01:31Z,1,0,0.0,483593.98,001zBr7D0amNm8PY72,701h4U4oQAUQUQiIO5,01sf902KvuoXgXtOGX,0Q0KqnJM9EavfROK6Q
516FzeN3XsvCepCIJM,Latticebrook Moonridge Eastern Systems - Quantum Pioneer Training Enterprise Meridian New Business,Needs Analysis,2026-06-11,New Customer,Partner Referral,Confirm requirements,Pipeline,USD,Synthetic opportunity generated from aggregate CRM structure only.,2025-08-14T20:58:14Z,0,0,35.0,516235.62,001PygtS3FHgKj8Q8G,7019KuFdn10ijGjI2P,01sQ4LtuJF9K1vlMFT,
710o83hvzN5Li6qYSI,Kestrel Arc Redwood Western Analytics - Unified Harbor Advisory Professional Vector New Business,Value Proposition,2026-07-01,New Customer,Customer Referral,Confirm requirements,Best Case,USD,Synthetic opportunity generated from aggregate CRM structure only.,2026-02-21T03:59:43Z,0,0,50.0,733165.64,0013e2Rh2QW4yB5YBM,,01sf902KvuoXgXtOGX,0Q0VuBsd1iZSi2iCWS
720hs9nlVqpsZGJQN5,Juniper Vale Stonebridge Regional Logistics - Adaptive Compass Hardware Ultimate Cascade Expansion,Closed Won,2023-08-11,New Customer,Partner Referral,Finalize terms,Closed,USD,Synthetic opportunity generated from aggregate CRM structure only.,2023-02-20T20:20:13Z,1,1,100.0,2391015.83,001TtyIW37HieQzYDX,,01sf902KvuoXgXtOGX,
006cSgQgdiJ42DnI54,Ivorypine Bluecrest Northern Works - Connected Summit Training Edge Nova Expansion,Qualification,2027-06-24,New Customer,Outbound,Confirm requirements,Pipeline,USD,Synthetic opportunity generated from aggregate CRM structure only.,2027-01-15T19:25:51Z,0,0,20.0,664611.15,001kMbAjX61mcJnIFJ,701JHaYdXRA67thQMW,01sf902KvuoXgXtOGX,
506lE6RMDqvThysAOK,Harborlume Clearpath Frontier Industries - Elastic Lattice Cloud Service Foundation Zenith Renewal,Value Proposition,2026-08-21,Existing Customer - Renewal,Event,Confirm requirements,Best Case,USD,Synthetic opportunity generated from aggregate CRM structure only.,2025-12-26T01:58:32Z,0,0,50.0,245624.64,001G40EGKjt7p96I7T,701VENsf4RdiXcPYUH,01sf902KvuoXgXtOGX,0Q0770AHIZ570HASEZ
71t28amFa9oDUl7Q32,Glimmerforge Evergreen Worldwide Partners - Modular Ember Support Scale Cobalt New Business,Prospecting,2027-03-16,Existing Customer - Renewal,Web,Prepare proposal,Pipeline,USD,Synthetic opportunity generated from aggregate CRM structure only.,2025-11-08T20:04:37Z,0,0,10.0,1434514.27,001OphrQTgtGmAPIMC,701JHaYdXRA67thQMW,01sLoYtuPuiAhJSKZN,0Q0phuvf0lvXGzKKO1
006zOXPozGWvIdBYAC,Fablecrest Goldenleaf Southern Analytics - Open Vertex Cloud Service Ultimate Nova New Business,Closed Lost,2024-01-16,Existing Customer - Renewal,Outbound,Schedule review,Closed,USD,Synthetic opportunity generated from aggregate CRM structure only.,2023-06-12T06:53:36Z,1,0,0.0,1979346.62,0014BI0PTpGJAb4ICJ,,01sLoYtuPuiAhJSKZN,
720Uzbvln6QAcFJYPD,Evertrail Ironwood Northern Logistics - Quantum Orbit Hardware Edge Atlas Expansion,Closed Won,2023-12-05,New Customer,Organic Search,Schedule review,Closed,USD,Synthetic opportunity generated from aggregate CRM structure only.,2023-06-27T22:47:54Z,1,1,100.0,221416.66,001j6nRokzRlCs1Y07,,01sf902KvuoXgXtOGX,
80iFznLOYTxhHHUQ1L,Deltora Keystone Frontier Works - Unified Foundry Hardware Foundation Horizon Renewal,Needs Analysis,2027-03-24,Existing Customer - Renewal,Outbound,Schedule review,Pipeline,USD,Synthetic opportunity generated from aggregate CRM structure only.,2026-03-29T13:48:19Z,0,0,35.0,1313413.94,001F0saAL86T3h5IUF,701s2qORj9Q5274YHM,01sLoYtuPuiAhJSKZN,
511LnspktJO7jRfYPJ,Cinderquill Moonridge Worldwide Collective - Adaptive Beacon Training Select Pulse Renewal,Qualification,2027-05-02,New Customer,Organic Search,Schedule review,Pipeline,USD,Synthetic opportunity generated from aggregate CRM structure only.,2027-01-13T00:59:37Z,0,0,20.0,1323741.86,001oTVBgpJb5kxRYJO,,01sLoYtuPuiAhJSKZN,0Q0UAILMjEvMsBk08R
00620lO3NhEVNm4YMH,Brindlewave Redwood Southern Partners - Connected Pioneer Support Vertex Atlas Expansion,Qualification,2027-04-06,Existing Customer - Renewal,Event,Confirm requirements,Pipeline,USD,Synthetic opportunity generated from aggregate CRM structure only.,2027-02-07T09:56:26Z,0,0,20.0,19567.5,001Inbo5xzWKldwA1H,701OLah01F81qKCQ4B,01sf902KvuoXgXtOGX,
521Z8bPwg6uzfZEA99,Avenlo Stonebridge Northern Analytics - Elastic Harbor Training Essential Ion Renewal,Qualification,2027-03-10,Existing Customer - Renewal,Web,Confirm requirements,Pipeline,USD,Synthetic opportunity generated from aggregate CRM structure only.,2026-09-10T03:10:47Z,0,0,20.0,1769177.93,001aJFstC9yWgafQNG,701OLah01F81qKCQ4B,01sLoYtuPuiAhJSKZN,0Q0fACcUaLcdUtrKHM
80ii0Dr17V5WVEiYLE,Rivermark Westwind Frontier Logistics - Modular Compass Training Premier Solstice Renewal,Value Proposition,2026-11-20,Existing Customer - Renewal,Customer Referral,Schedule review,Best Case,USD,Synthetic opportunity generated from aggregate CRM structure only.,2026-01-23T16:54:27Z,0,0,50.0,754466.04,,701eYR0IxKvWggxING,01sLoYtuPuiAhJSKZN,
006kgVcS9mVhIeUAQH,Quarrylight Brightwater Coastal Works - Open Summit Advisory Select Aurora New Business,Negotiation/Review,2026-06-05,Existing Customer - Renewal,Customer Referral,Confirm requirements,Commit,USD,Synthetic opportunity generated from aggregate CRM structure only.,2025-06-11T20:58:52Z,0,0,75.0,265403.58,001yWq2JW5BZvvMQ0L,,01sLoYtuPuiAhJSKZN,0Q0FAZHxQMgafSg0UB
006hYnyfIrFM184I24,Peregrine Hollow Copperfield Summit Collective - Quantum Lattice Data Platform Vertex Ion Renewal,Negotiation/Review,2027-01-10,New Customer,Customer Referral,Confirm requirements,Commit,USD,Synthetic opportunity generated from aggregate CRM structure only.,2026-06-16T18:30:35Z,0,0,75.0,1086053.68,001Tn3lq2OpXiyaYCN,701R6fz0H7ZafwQI8S,01sf902KvuoXgXtOGX,0Q03fy3vjekvtY30BL
006HkjPVxbqd9kgQCU,Oakmere Farpoint Pacific Partners - Unified Ember Support Essential Vector New Business,Prospecting,2027-05-07,Existing Customer - Renewal,Outbound,Finalize terms,Pipeline,USD,Synthetic opportunity generated from aggregate CRM structure only.,2026-02-25T10:05:23Z,0,0,10.0,1205407.15,001yVmlwCnpWY0fA4W,,01sLoYtuPuiAhJSKZN,0Q0lv7lnAgjiRQQSYT
70iAIXv9JDYCOPBAXU,Novacairn Highland Global Analytics - Virtual Vertex Advisory Premier Cascade Renewal,Closed Won,2022-10-25,Existing Customer - Renewal,Outbound,Prepare proposal,Closed,USD,Synthetic opportunity generated from aggregate CRM structure only.,2021-12-23T06:57:16Z,1,1,100.0,25826.92,001LvVfPxnoy5b1YY0,,01sLoYtuPuiAhJSKZN,
02tVz3Af1pPpQWJIAJ,Morrowfen Juniper Coastal Logistics - Connected Orbit Hardware Standard Meridian New Business,Qualification,2027-03-27,Existing Customer - Upgrade,Outbound,Confirm requirements,Pipeline,USD,Synthetic opportunity generated from aggregate CRM structure only.,2027-01-05T14:33:39Z,0,0,20.0,2099402.82,001PcZ9V15a5LqkQLE,,01sf902KvuoXgXtOGX,
526gLd6SfX4QF0jAQ0,Latticebrook Longview Summit Systems - Elastic Foundry Hardware Core Zenith New Business,Value Proposition,2027-04-20,Existing Customer - Upgrade,Organic Search,Schedule review,Best Case,USD,Synthetic opportunity generated from aggregate CRM structure only.,2025-11-16T23:59:33Z,0,0,50.0,908243.76,001F0HyTq0ZVe9LIP9,701bmC3dSpPfuEkATE,01sQ4LtuJF9K1vlMFT,0Q0AUxojri3qAhQC33
006j9E323d5DOdfYF3,Kestrel Arc Northstar Pacific Collective - Modular Beacon Support Enterprise Cobalt Renewal,Qualification,2026-05-12,Existing Customer - Renewal,Customer Referral,Finalize terms,Pipeline,USD,Synthetic opportunity generated from aggregate CRM structure only.,2025-07-31T17:38:35Z,0,0,20.0,2057170.35,001e9z8TRFaUOARQMA,,01sJqGPflRJqwqCPRW,
80tiKSl4hJWjT5jA9G,Juniper Vale Silverline Global Partners - Open Pioneer Cloud Service Professional Nova New Business,Prospecting,2026-11-13,New Customer,Web,Prepare proposal,Pipeline,USD,Synthetic opportunity generated from aggregate CRM structure only.,2026-05-18T15:57:23Z,0,0,10.0,1953998.39,001GIi2sHi8hI1AQ7T,,01sf902KvuoXgXtOGX,0Q0hr6VdsYBljbWCIR
006V5Iuwc7kkdniY8R,Ivorypine Westwind Coastal Analytics - Quantum Harbor Data Platform Standard Zenith Renewal,Closed Lost,2025-10-29,Existing Customer - Upgrade,Event,Schedule review,Closed,USD,Synthetic opportunity generated from aggregate CRM structure only.,2025-08-02T01:17:24Z,1,0,0.0,1149085.8,001eMGa7Y6CNd3wIQE,,01sQ4LtuJF9K1vlMFT,
020CZweFplpAgAGALQ,Harborlume Brightwater Western Industries - Unified Compass Support Core Horizon New Business,Qualification,2027-04-02,Existing Customer - Renewal,Web,Prepare proposal,Pipeline,USD,Synthetic opportunity generated from aggregate CRM structure only.,2027-01-16T02:30:14Z,0,0,20.0,1956600.58,001Wabd306Y5T2XYBQ,701gBvIFprDgdfxY18,01sLoYtuPuiAhJSKZN,
726zLYBE4CZwDwiYXE,Glimmerforge Copperfield Regional Systems - Virtual Summit Cloud Service Enterprise Pulse Expansion,Value Proposition,2026-06-30,Existing Customer - Upgrade,Outbound,Schedule review,Best Case,USD,Synthetic opportunity generated from aggregate CRM structure only.,2025-09-10T19:06:57Z,0,0,50.0,1605889.41,001uzPoKDHG07pVI82,701sbAyLwajaBknIUK,01sQ4LtuJF9K1vlMFT,
716r3vXZV1fFbgCQPQ,Fablecrest Farpoint Lakeside Collective - Connected Lattice Hardware Scale Atlas Expansion,Qualification,2026-07-02,Existing Customer - Renewal,Organic Search,Confirm requirements,Pipeline,USD,Synthetic opportunity generated from aggregate CRM structure only.,2025-02-27T09:13:09Z,0,0,20.0,87613.48,0017rl4CBbT95B0YG7,701uy02vAEj9sQvINI,01sf902KvuoXgXtOGX,
006xJ6XiObowSlWQBY,Evertrail Highland Eastern Partners - Elastic Ember Hardware Ultimate Horizon New Business,Closed Lost,2022-10-17,New Customer,Event,Prepare proposal,Closed,USD,Synthetic opportunity generated from aggregate CRM structure only.,2022-09-15T15:00:50Z,1,0,0.0,217819.41,001mr80ElRqK1bZQVC,,01sf902KvuoXgXtOGX,
006Q10cwWo7txHUIAV,Deltora Juniper Western Works - Integrated Vertex Hardware Edge Solstice Expansion,Prospecting,2026-06-29,Existing Customer - Upgrade,Outbound,Confirm requirements,Pipeline,USD,Synthetic opportunity generated from aggregate CRM structure only.,2025-05-14T00:01:45Z,0,0,10.0,740596.26,001b9Ubd6IpdBJKANL,701623KY8ROVX35IU0,01sLoYtuPuiAhJSKZN,0Q0HroLYtT91osqSP4
801JUCFNcgzcvUuYSM,Cinderquill Longview Regional Industries - Open Orbit Cloud Service Foundation Aurora New Business,Negotiation/Review,2027-01-02,Existing Customer - Upgrade,Customer Referral,Finalize terms,Commit,USD,Synthetic opportunity generated from aggregate CRM structure only.,2026-04-11T09:04:11Z,0,0,75.0,266664.16,001GJ2vwlaXONX0IFT,,01sQ4LtuJF9K1vlMFT,
006sfIuTzJMiMVdAK8,Brindlewave Northstar Lakeside Systems - Quantum Foundry Data Platform Scale Ion Renewal,Closed Lost,2025-07-10,New Customer,Partner Referral,Finalize terms,Closed,USD,Synthetic opportunity generated from aggregate CRM structure only.,2024-12-11T01:54:08Z,1,0,0.0,806605.8,001Z9FmqrbfBXeVI9A,,01sLoYtuPuiAhJSKZN,0Q0KO6ns79eTJBKCUZ
006k9D7myVpRB2wYGP,Avenlo Silverline Eastern Collective - Unified Beacon Data Platform Ultimate Solstice Renewal,Prospecting,2027-05-01,Existing Customer - Renewal,Partner Referral,Prepare proposal,Pipeline,USD,Synthetic opportunity generated from aggregate CRM structure only.,2026-04-23T10:10:12Z,0,0,10.0,2138186.09,001JTximtecXZZ0IK7,701JHaYdXRA67thQMW,01sQ4LtuJF9K1vlMFT,
006TwSBQgUrVHYCY4S,Rivermark Stonebridge Western Logistics - Virtual Pioneer Support Edge Cascade New Business,Qualification,2026-11-17,New Customer,Event,Confirm requirements,Pipeline,USD,Synthetic opportunity generated from aggregate CRM structure only.,2026-03-09T21:07:20Z,0,0,20.0,343815.32,001GikJVQQYFMgSI6M,,01sQ4LtuJF9K1vlMFT,
800hJW9ycp2PBJaQNP,Quarrylight Bluecrest Southern Works - Connected Harbor Cloud Service Premier Meridian Expansion,Needs Analysis,2026-05-23,New Customer,Web,Schedule review,Pipeline,USD,Synthetic opportunity generated from aggregate CRM structure only.,2025-10-09T21:28:33Z,0,0,35.0,350304.09,0017Pw79T9KgAdXIW1,,01sQ4LtuJF9K1vlMFT,
516dKiq4krLu3B0YT2,Peregrine Hollow Clearpath Northern Industries - Elastic Compass Advisory Select Vector Expansion,Prospecting,2027-01-25,Existing Customer - Renewal,Customer Referral,Schedule review,Pipeline,USD,Synthetic opportunity generated from aggregate CRM structure only.,2025-09-14T22:26:30Z,0,0,10.0,1970150.84,001MEVADdakhCHVYR3,,01sQ4LtuJF9K1vlMFT,
52twUqMYL1d6Ai8AH2,Oakmere Evergreen Frontier Systems - Integrated Summit Data Platform Vertex Cascade Renewal,Negotiation/Review,2027-05-21,Existing Customer - Renewal,Customer Referral,Confirm requirements,Commit,USD,Synthetic opportunity generated from aggregate CRM structure only.,2026-02-25T07:26:53Z,0,0,75.0,898915.78,0019laP52dnqWh3AF4,,01sQ4LtuJF9K1vlMFT,
026HJzJ4zsmILV2Q8A,Novacairn Goldenleaf Worldwide Analytics - Open Lattice Cloud Service Essential Nova New Business,Needs Analysis,2026-08-08,Existing Customer - Upgrade,Outbound,Schedule review,Pipeline,USD,Synthetic opportunity generated from aggregate CRM structure only.,2026-01-25T18:52:20Z,0,0,35.0,1687892.51,001b6p7wMuocXZFIKR,,01sQ4LtuJF9K1vlMFT,0Q08QreXOfetYu9S00
006v4NgLKt1LzlOAPT,Morrowfen Ironwood Southern Logistics - Quantum Ember Support Premier Zenith New Business,Needs Analysis,2027-01-27,Existing Customer - Renewal,Event,Prepare proposal,Pipeline,USD,Synthetic opportunity generated from aggregate CRM structure only.,2025-09-13T12:10:46Z,0,0,35.0,252598.35,001JcZQ7uhRMVxxILW,,01sQ4LtuJF9K1vlMFT,0Q0X3jASRkYKjiIC1O
82i8o4KUZogEMCHAP6,Latticebrook Keystone Northern Works - Rapid Vertex Training Select Cobalt Expansion,Qualification,2026-05-19,Existing Customer - Renewal,Event,Confirm requirements,Pipeline,USD,Synthetic opportunity generated from aggregate CRM structure only.,2025-12-19T04:50:17Z,0,0,20.0,2221403.34,0012Sv7fgBrqn2tAX8,,01sQ4LtuJF9K1vlMFT,
506XjHG2raFLQItI0E,Kestrel Arc Moonridge Frontier Industries - Virtual Orbit Advisory Vertex Nova New Business,Negotiation/Review,2027-01-05,Existing Customer - Renewal,Outbound,Prepare proposal,Commit,USD,Synthetic opportunity generated from aggregate CRM structure only.,2025-12-11T18:36:52Z,0,0,75.0,1520144.16,0018MjZShtig55PAG6,,01sQ4LtuJF9K1vlMFT,0Q0RXyw91xw1y9QK5P
721nsMnwjgQDZK1A3R,Juniper Vale Redwood Worldwide Partners - Connected Foundry Hardware Enterprise Atlas Renewal,Qualification,2026-11-01,Existing Customer - Upgrade,Event,Prepare proposal,Pipeline,USD,Synthetic opportunity generated from aggregate CRM structure only.,2025-05-12T00:10:37Z,0,0,20.0,2424125.44,001OH94vlTF3MI8Y08,,01sLoYtuPuiAhJSKZN,
006y6TIUeR343JzI41,Ivorypine Stonebridge Southern Analytics - Elastic Beacon Advisory Professional Horizon New Business,Prospecting,2027-06-27,Existing Customer - Renewal,Outbound,Schedule review,Pipeline,USD,Synthetic opportunity generated from aggregate CRM structure only.,2027-01-08T06:15:59Z,0,0,10.0,860939.18,001RiZCg1UERbAvQWO,,01sLoYtuPuiAhJSKZN,
006hDDt2eLAw6J3I8D,Harborlume Bluecrest Pacific Logistics - Integrated Pioneer Training Standard Pulse New Business,Prospecting,2026-12-04,Existing Customer - Upgrade,Event,Prepare proposal,Pipeline,USD,Synthetic opportunity generated from aggregate CRM structure only.,2025-12-23T19:40:55Z,0,0,10.0,2113489.17,001LDvrdIgxRUc4IID,,01sQ4LtuJF9K1vlMFT,
006np06P018E9P5A4Q,Glimmerforge Clearpath Global Works - Open Harbor Cloud Service Core Aurora New Business,Negotiation/Review,2026-08-05,New Customer,Organic Search,Confirm requirements,Commit,USD,Synthetic opportunity generated from aggregate CRM structure only.,2026-01-22T10:13:47Z,0,0,75.0,1846878.87,001cnLEQk5pZMibQH2,,01sQ4LtuJF9K1vlMFT,
50tf4CWYq6976H4IP3,Fablecrest Evergreen Coastal Industries - Quantum Compass Cloud Service Enterprise Ion New Business,Closed Lost,2024-05-23,Existing Customer - Upgrade,Web,Confirm requirements,Closed,USD,Synthetic opportunity generated from aggregate CRM structure only.,2024-03-19T01:13:56Z,1,0,0.0,1804231.74,001IGpX26HWSL0HQPY,,01sQ4LtuJF9K1vlMFT,
5113O7OhVyVpRRPISJ,Evertrail Goldenleaf Summit Partners - Rapid Summit Support Professional Solstice Renewal,Closed Won,2025-11-08,Existing Customer - Renewal,Outbound,Finalize terms,Closed,USD,Synthetic opportunity generated from aggregate CRM structure only.,2025-01-29T23:05:32Z,1,1,100.0,856278.1,001KKprsa8fDGWEQ2J,701Oiy0uiHpmTo7YI9,01sf902KvuoXgXtOGX,0Q00snKw8IonG6SCHK
521RCi4InzDJlbwA0D,Deltora Ironwood Pacific Analytics - Virtual Lattice Training Standard Aurora Renewal,Value Proposition,2026-07-13,Existing Customer - Upgrade,Web,Confirm requirements,Best Case,USD,Synthetic opportunity generated from aggregate CRM structure only.,2025-07-06T12:28:40Z,0,0,50.0,2223054.62,001XJBJ9looV3jVARS,,01sLoYtuPuiAhJSKZN,0Q0oZuda9DsLElTSGD
0062XJlJw5xHNIxIQ3,Cinderquill Keystone Global Logistics - Connected Ember Training Edge Meridian Renewal,Closed Won,2023-08-22,Existing Customer - Renewal,Partner Referral,Prepare proposal,Closed,USD,Synthetic opportunity generated from aggregate CRM structure only.,2023-05-16T16:47:22Z,1,1,100.0,1856806.88,001UztNJY1B3mZVQ88,701C5GBKeBniO3YY7J,01sf902KvuoXgXtOGX,0Q0ndfIv8ui7j2R05X
500omxYi0hTQz5nAHP,Brindlewave Moonridge Coastal Works - Dynamic Vertex Training Foundation Vector New Business,Qualification,2027-06-21,Existing Customer - Upgrade,Event,Schedule review,Pipeline,USD,Synthetic opportunity generated from aggregate CRM structure only.,2026-08-20T01:31:26Z,0,0,20.0,1824438.61,001qP46mGWsPnuOQ5R,,01sLoYtuPuiAhJSKZN,0Q0dnEo8wNO0TiWCW7
006iaDkq3CC7VlJI4X,Avenlo Redwood Summit Collective - Integrated Orbit Advisory Scale Cascade Expansion,Closed Won,2023-08-21,New Customer,Customer Referral,Confirm requirements,Closed,USD,Synthetic opportunity generated from aggregate CRM structure only.,2023-06-02T15:56:41Z,1,1,100.0,1344675.48,001jsWcaI2ueqNkQ4J,,01sf902KvuoXgXtOGX,
006l7f2kBpCZ7noI5Q,Rivermark Silverline Pacific Partners - Open Foundry Advisory Ultimate Meridian New Business,Closed Won,2024-11-04,Existing Customer - Renewal,Outbound,Confirm requirements,Closed,USD,Synthetic opportunity generated from aggregate CRM structure only.,2024-03-04T03:33:53Z,1,1,100.0,2396400.23,001pQgd6VQUyLMzAY1,701JHaYdXRA67thQMW,01sf902KvuoXgXtOGX,
010iCgrKVEMzbs7YKK,Quarrylight Westwind Global Analytics - Quantum Beacon Hardware Edge Zenith Expansion,Closed Won,2025-02-10,Existing Customer - Upgrade,Outbound,Finalize terms,Closed,USD,Synthetic opportunity generated from aggregate CRM structure only.,2024-09-13T03:27:20Z,1,1,100.0,2027508.73,001ZY5fWAv2Bxc1Q9C,701AUP2DWX9vWyrQNF,01sQ4LtuJF9K1vlMFT,0Q0wCd0sQZHXIMMKIW
006ooveUCrUvTtuANP,Peregrine Hollow Brightwater Eastern Logistics - Rapid Pioneer Advisory Foundation Cobalt New Business,Closed Lost,2025-07-08,New Customer,Partner Referral,Schedule review,Closed,USD,Synthetic opportunity generated from aggregate CRM structure only.,2024-12-25T16:00:49Z,1,0,0.0,2224461.96,001Fy7Iibsp9HpGQV5,,01sLoYtuPuiAhJSKZN,
006jG3jveNABFTNQFV,Oakmere Copperfield Western Systems - Virtual Harbor Support Scale Nova New Business,Prospecting,2027-06-10,New Customer,Outbound,Finalize terms,Pipeline,USD,Synthetic opportunity generated from aggregate CRM structure only.,2026-11-28T11:35:04Z,0,0,10.0,717075.6,0014RvX7ofOXrw9I9V,701dYnYIqY2uFSNQNW,01sLoYtuPuiAhJSKZN,
006LIvAGqTpl4QeAF6,Novacairn Farpoint Regional Collective - Connected Compass Data Platform Vertex Zenith Expansion,Value Proposition,2027-04-17,New Customer,Customer Referral,Finalize terms,Best Case,USD,Synthetic opportunity generated from aggregate CRM structure only.,2026-04-24T19:14:18Z,0,0,50.0,132323.61,001LDvrdIgxRUc4IID,701eYR0IxKvWggxING,01sQ4LtuJF9K1vlMFT,
710O2UeQUVFxpr8ICS,Morrowfen Highland Lakeside Partners - Dynamic Summit Data Platform Essential Horizon Expansion,Closed Lost,2022-12-28,Existing Customer - Renewal,Web,Finalize terms,Closed,USD,Synthetic opportunity generated from aggregate CRM structure only.,2022-04-17T17:11:07Z,1,0,0.0,561781.23,001tqRaHFT1utFgIDH,701VLxxgWX6Q4sRACQ,01sf902KvuoXgXtOGX,
000drBgiK1yV65gYEN,Latticebrook Juniper Eastern Analytics - Integrated Lattice Cloud Service Premier Pulse Renewal,Prospecting,2026-09-19,Existing Customer - Upgrade,Event,Finalize terms,Pipeline,USD,Synthetic opportunity generated from aggregate CRM structure only.,2025-12-21T11:06:49Z,0,0,10.0,870943.55,001e5khOQO7raMEQ3D,701rMiZr5gPnYq4I3U,01sQ4LtuJF9K1vlMFT,0Q03uABJpPNzImcCTP
006J44vg6IfP7wMAY0,Kestrel Arc Longview Western Industries - Open Ember Data Platform Select Atlas Expansion,Prospecting,2026-06-07,New Customer,Web,Prepare proposal,Pipeline,USD,Synthetic opportunity generated from aggregate CRM structure only.,2026-01-21T04:57:24Z,0,0,10.0,1726937.47,001aJFstC9yWgafQNG,,01sQ4LtuJF9K1vlMFT,0Q0wOx2xodI5a5IC5R
006kl2qCb66wcFrYSY,Juniper Vale Northstar Regional Systems - Precision Vertex Advisory Vertex Horizon New Business,Negotiation/Review,2027-02-24,Existing Customer - Upgrade,Partner Referral,Prepare proposal,Commit,USD,Synthetic opportunity generated from aggregate CRM structure only.,2026-04-12T18:23:50Z,0,0,75.0,1383682.71,001n8Q7o6w0wrFoIIH,,01sLoYtuPuiAhJSKZN,0Q0Sd8fJrME6nAgKYW
006j7zGZCNsBw5SAG7,Ivorypine Silverline Lakeside Collective - Rapid Orbit Support Essential Solstice Expansion,Value Proposition,2026-11-14,Existing Customer - Upgrade,Organic Search,Schedule review,Best Case,USD,Synthetic opportunity generated from aggregate CRM structure only.,2025-11-28T18:29:49Z,0,0,50.0,1354565.88,0015Cr2vcIsO2EGY08,,01sf902KvuoXgXtOGX,0Q0dMsqp2JMW7P6CPL
006gjt1vtxvDs8hAMW,Harborlume Westwind Eastern Partners - Virtual Foundry Support Premier Aurora New Business,Prospecting,2027-06-06,Existing Customer - Upgrade,Organic Search,Prepare proposal,Pipeline,USD,Synthetic opportunity generated from aggregate CRM structure only.,2027-04-06T17:44:47Z,0,0,10.0,35129.45,,,01sQ4LtuJF9K1vlMFT,
5110ZOJX7nBAXF4YIM,Glimmerforge Brightwater Worldwide Works - Connected Beacon Support Standard Ion Renewal,Needs Analysis,2026-10-24,Existing Customer - Renewal,Partner Referral,Confirm requirements,Pipeline,USD,Synthetic opportunity generated from aggregate CRM structure only.,2026-03-10T15:31:39Z,0,0,35.0,1247904.33,001SDonDyKHRDRwYPS,,01sf902KvuoXgXtOGX,
01i0VEuLsNMmv1bI17,Fablecrest Copperfield Southern Industries - Dynamic Pioneer Advisory Core Vector Expansion,Needs Analysis,2027-05-31,Existing Customer - Renewal,Partner Referral,Prepare proposal,Pipeline,USD,Synthetic opportunity generated from aggregate CRM structure only.,2026-05-04T01:41:03Z,0,0,35.0,1546596.55,001vuI7W5NKUSqVAGG,701QvNzI8kZyr86YGN,01sQ4LtuJF9K1vlMFT,0Q0jiV5Puwp58coK0Z
006QS2qALHX7QOkYC7,Evertrail Farpoint Northern Systems - Integrated Harbor Training Enterprise Cascade Expansion,Negotiation/Review,2027-04-26,Existing Customer - Renewal,Web,Prepare proposal,Commit,USD,Synthetic opportunity generated from aggregate CRM structure only.,2026-02-19T09:47:31Z,0,0,75.0,1671322.03,001ExSAKzk0AhqsIN2,,01sLoYtuPuiAhJSKZN,0Q0m4ZHjLrTmBbcKID
00iA1KWe8K1vrY1ANF,Deltora Highland Frontier Collective - Open Compass Support Professional Meridian Expansion,Closed Won,2023-03-09,New Customer,Organic Search,Prepare proposal,Closed,USD,Synthetic opportunity generated from aggregate CRM structure only.,2022-11-06T13:47:20Z,1,1,100.0,1965244.72,,701AUP2DWX9vWyrQNF,01sf902KvuoXgXtOGX,
006rOCtK7elc3z2A5G,Cinderquill Juniper Worldwide Logistics - Precision Summit Training Standard Vector New Business,Needs Analysis,2027-03-22,New Customer,Web,Confirm requirements,Pipeline,USD,Synthetic opportunity generated from aggregate CRM structure only.,2026-02-02T05:16:30Z,0,0,35.0,1985497.77,001tqRaHFT1utFgIDH,701gBvIFprDgdfxY18,01sf902KvuoXgXtOGX,
826Zu6vzs07Yg80AR2,Brindlewave Longview Southern Works - Rapid Lattice Data Platform Core Cobalt New Business,Closed Won,2022-08-14,Existing Customer - Renewal,Customer Referral,Confirm requirements,Closed,USD,Synthetic opportunity generated from aggregate CRM structure only.,2022-01-09T17:33:10Z,1,1,100.0,249480.81,001LW8OXe6IEB5RAZR,,01sQ4LtuJF9K1vlMFT,0Q0ZgJdoTkoIsfhK4P
00tnwkWac5inb0BQGB,Avenlo Northstar Northern Industries - Virtual Ember Support Enterprise Nova Renewal,Closed Lost,2022-09-18,New Customer,Web,Finalize terms,Closed,USD,Synthetic opportunity generated from aggregate CRM structure only.,2021-10-04T17:35:56Z,1,0,0.0,2359555.51,001LDvrdIgxRUc4IID,701JAQrUVjwb0lkIRC,01sLoYtuPuiAhJSKZN,
006VqFLsQXSeznYAJW,Rivermark Redwood Frontier Systems - Adaptive Vertex Advisory Scale Zenith Renewal,Value Proposition,2027-01-08,New Customer,Partner Referral,Finalize terms,Best Case,USD,Synthetic opportunity generated from aggregate CRM structure only.,2025-07-23T06:28:15Z,0,0,50.0,1474185.59,001b1XyoVMftFmnY3Z,,01sLoYtuPuiAhJSKZN,0Q0cHfguvljTFfUSSB
006mAqCQLvoO5idYZI,Quarrylight Stonebridge Worldwide Analytics - Dynamic Orbit Training Ultimate Cobalt Expansion,Needs Analysis,2026-07-07,Existing Customer - Renewal,Outbound,Confirm requirements,Pipeline,USD,Synthetic opportunity generated from aggregate CRM structure only.,2026-04-14T13:02:55Z,0,0,35.0,601263.46,001tvKQbYklnB9tY2P,701QvNzI8kZyr86YGN,01sQ4LtuJF9K1vlMFT,
70iEKKsvpW0SHkqQH8,Peregrine Hollow Bluecrest Summit Logistics - Integrated Foundry Advisory Edge Pulse New Business,Needs Analysis,2026-12-22,Existing Customer - Upgrade,Outbound,Prepare proposal,Pipeline,USD,Synthetic opportunity generated from aggregate CRM structure only.,2026-05-23T00:08:40Z,0,0,35.0,678677.99,001Cie8IUBvN1LAIXN,,01sf902KvuoXgXtOGX,0Q0pmtC6S51uTKWSWP
52trC9q4k0rZZPwASJ,Oakmere Clearpath Pacific Works - Open Beacon Training Foundation Atlas Expansion,Closed Won,2025-09-24,New Customer,Event,Finalize terms,Closed,USD,Synthetic opportunity generated from aggregate CRM structure only.,2024-11-09T00:17:05Z,1,1,100.0,2009661.89,001Q3kntrifzyYWI62,,01sQ4LtuJF9K1vlMFT,
506n9vaxKoS4R8DIA7,Novacairn Evergreen Global Industries - Precision Pioneer Training Scale Horizon New Business,Closed Lost,2023-05-02,Existing Customer - Renewal,Organic Search,Finalize terms,Closed,USD,Synthetic opportunity generated from aggregate CRM structure only.,2022-08-04T11:05:41Z,1,0,0.0,487459.74,001Dr3VLTdygyPzIUT,7013ji5fs9KRMNZIMZ,01sLoYtuPuiAhJSKZN,0Q0JIvJcWiPGAX3SIU
521FiKnX1ihmKBmIQQ,Morrowfen Goldenleaf Coastal Systems - Rapid Harbor Data Platform Ultimate Pulse Expansion,Negotiation/Review,2027-02-23,New Customer,Organic Search,Confirm requirements,Commit,USD,Synthetic opportunity generated from aggregate CRM structure only.,2026-12-09T06:40:09Z,0,0,75.0,1195757.03,001mr80ElRqK1bZQVC,,01sLoYtuPuiAhJSKZN,
0061CLXK56PuWPGI83,Latticebrook Ironwood Summit Analytics - Virtual Compass Hardware Edge Aurora Renewal,Closed Won,2022-09-21,Existing Customer - Renewal,Customer Referral,Prepare proposal,Closed,USD,Synthetic opportunity generated from aggregate CRM structure only.,2022-08-19T12:34:39Z,1,1,100.0,543649.08,0012Mm2CXMo3FSXAIK,701VENsf4RdiXcPYUH,01sQ4LtuJF9K1vlMFT,
02txIRzPecvW8WyY13,Kestrel Arc Keystone Pacific Logistics - Adaptive Summit Hardware Premier Ion Expansion,Negotiation/Review,2026-07-21,Existing Customer - Upgrade,Event,Prepare proposal,Commit,USD,Synthetic opportunity generated from aggregate CRM structure only.,2025-10-23T21:00:28Z,0,0,75.0,1174224.52,001fvdIvl6mxqiIIBH,,01sQ4LtuJF9K1vlMFT,0Q0OyaC0zEQ93z7KO2
700HXReK0YYlpwkY13,Juniper Vale Moonridge Global Works - Dynamic Lattice Cloud Service Select Solstice Expansion,Closed Won,2025-02-05,Existing Customer - Upgrade,Web,Confirm requirements,Closed,USD,Synthetic opportunity generated from aggregate CRM structure only.,2024-06-21T05:24:45Z,1,1,100.0,2235852.54,001I9h4vN2Mpc08I26,,01sf902KvuoXgXtOGX,0Q0Fnfkg02ubBZRCI6
006YOuK8hP9dVcEIQW,Ivorypine Redwood Coastal Industries - Integrated Ember Hardware Vertex Aurora New Business,Closed Lost,2023-05-17,Existing Customer - Renewal,Outbound,Finalize terms,Closed,USD,Synthetic opportunity generated from aggregate CRM structure only.,2023-04-08T14:57:24Z,1,0,0.0,1426147.32,001yWq2JW5BZvvMQ0L,,01sf902KvuoXgXtOGX,
0201RQhzNnvKuiQY9G,Harborlume Stonebridge Summit Partners - Modular Vertex Advisory Essential Meridian New Business,Needs Analysis,2026-10-03,Existing Customer - Upgrade,Event,Schedule review,Pipeline,USD,Synthetic opportunity generated from aggregate CRM structure only.,2026-03-03T12:00:46Z,0,0,35.0,1775912.81,0018YzqdxvbgCoaYQU,,01sf902KvuoXgXtOGX,0Q0eMpVmjDGJSa70I4
520n6Vnw0BPEewZQVV,Glimmerforge Bluecrest Regional Analytics - Precision Orbit Support Premier Vector Expansion,Qualification,2026-10-04,Existing Customer - Renewal,Customer Referral,Confirm requirements,Pipeline,USD,Synthetic opportunity generated from aggregate CRM structure only.,2026-02-03T22:58:05Z,0,0,20.0,1812454.89,001Jvw3QmMMOMA2IAG,,01sLoYtuPuiAhJSKZN,
7101dUkY1U35qLtQLO,Fablecrest Clearpath Lakeside Logistics - Rapid Foundry Hardware Select Cascade Renewal,Needs Analysis,2027-06-05,New Customer,Customer Referral,Prepare proposal,Pipeline,USD,Synthetic opportunity generated from aggregate CRM structure only.,2026-11-23T12:38:21Z,0,0,35.0,314152.87,001pTWz3tTkTLr9I1D,701fmMnRrUO2XdcI3Y,01sf902KvuoXgXtOGX,
006qpKx4UmW1s7SIW0,Evertrail Evergreen Eastern Works - Virtual Beacon Hardware Vertex Meridian New Business,Prospecting,2026-05-16,Existing Customer - Renewal,Event,Schedule review,Pipeline,USD,Synthetic opportunity generated from aggregate CRM structure only.,2026-02-04T03:22:28Z,0,0,10.0,2449476.26,0018sCn7wzuyGKcIWS,701s2qORj9Q5274YHM,01sQ4LtuJF9K1vlMFT,0Q0JtgI8TxEW7FT0VJ
82t0unl7xiyuGiFIK4,Deltora Goldenleaf Western Collective - Adaptive Pioneer Training Enterprise Zenith Renewal,Value Proposition,2026-11-19,Existing Customer - Renewal,Event,Confirm requirements,Best Case,USD,Synthetic opportunity generated from aggregate CRM structure only.,2026-01-03T20:07:29Z,0,0,50.0,1250749.94,001oowXHzEaXod1YS1,701dYnYIqY2uFSNQNW,01sQ4LtuJF9K1vlMFT,0Q0vrCFXUCLZlTRKHT
006jVTcaXW3kr2OY5L,Cinderquill Ironwood Regional Partners - Dynamic Harbor Data Platform Professional Cobalt New Business,Qualification,2027-06-13,New Customer,Event,Prepare proposal,Pipeline,USD,Synthetic opportunity generated from aggregate CRM structure only.,2026-06-12T18:16:13Z,0,0,20.0,1965800.73,001kMbAjX61mcJnIFJ,701QvNzI8kZyr86YGN,01sQ4LtuJF9K1vlMFT,0Q0AMyhxubQsqLZS67
006sl2tkqG5qvNPACT,Brindlewave Keystone Lakeside Analytics - Integrated Compass Support Standard Nova Expansion,Negotiation/Review,2027-01-03,Existing Customer - Upgrade,Partner Referral,Finalize terms,Commit,USD,Synthetic opportunity generated from aggregate CRM structure only.,2026-03-12T04:00:56Z,0,0,75.0,1646810.7,001mdSX3YnkEjM0IVS,,01sLoYtuPuiAhJSKZN,
006Hkov20o4x3rpQGG,Avenlo Moonridge Eastern Logistics - Modular Summit Support Core Atlas New Business,Value Proposition,2026-05-31,New Customer,Partner Referral,Prepare proposal,Best Case,USD,Synthetic opportunity generated from aggregate CRM structure only.,2025-11-03T05:55:06Z,0,0,50.0,1354564.85,001F0saAL86T3h5IUF,,01sQ4LtuJF9K1vlMFT,0Q0V5mw76vnyd01SC3
50te6kBScamVZnPYW2,Rivermark Northstar Western Systems - Precision Lattice Hardware Enterprise Horizon Renewal,Qualification,2027-05-02,Existing Customer - Renewal,Web,Prepare proposal,Pipeline,USD,Synthetic opportunity generated from aggregate CRM structure only.,2025-12-14T20:00:31Z,0,0,20.0,2394937.0,001MetGBUEn7phAIPH,701gBvIFprDgdfxY18,01sJqGPflRJqwqCPRW,
51tHCyyA740NmEDIRA,Quarrylight Silverline Regional Collective - Rapid Ember Training Professional Pulse New Business,Qualification,2026-05-30,Existing Customer - Upgrade,Customer Referral,Confirm requirements,Pipeline,USD,Synthetic opportunity generated from aggregate CRM structure only.,2026-04-08T11:58:43Z,0,0,20.0,35183.82,001B2d6s5HXqPpaQYB,,01sLoYtuPuiAhJSKZN,
70izJscuGLLZ5kjAD2,Peregrine Hollow Westwind Lakeside Partners - Unified Vertex Support Standard Atlas Expansion,Closed Won,2025-07-11,Existing Customer - Upgrade,Outbound,Prepare proposal,Closed,USD,Synthetic opportunity generated from aggregate CRM structure only.,2025-03-10T01:49:11Z,1,1,100.0,2043809.7,001fNeki8j02ByQA5V,,01sf902KvuoXgXtOGX,0Q0MJKpLYxEvPuqSYN
02iS22kmtnTAmXQYS9,Oakmere Brightwater Frontier Analytics - Adaptive Orbit Training Edge Ion New Business,Prospecting,2027-06-13,Existing Customer - Upgrade,Organic Search,Confirm requirements,Pipeline,USD,Synthetic opportunity generated from aggregate CRM structure only.,2027-01-10T12:36:18Z,0,0,10.0,2251107.94,001YbEX62vgcJCrQQH,,01sLoYtuPuiAhJSKZN,0Q0mQrjHuC49gUNSCY
006Zosl5Kq5JxdeYKE,Novacairn Copperfield Worldwide Industries - Dynamic Foundry Hardware Foundation Solstice New Business,Value Proposition,2027-01-31,Existing Customer - Upgrade,Organic Search,Finalize terms,Best Case,USD,Synthetic opportunity generated from aggregate CRM structure only.,2026-04-02T04:16:18Z,0,0,50.0,1630539.0,001j6nRokzRlCs1Y07,,01sLoYtuPuiAhJSKZN,0Q0iSWDJ4jxqw01S06
006oDTeWZNzZTxRIV7,Morrowfen Farpoint Southern Systems - Integrated Beacon Support Scale Aurora Renewal,Negotiation/Review,2026-11-21,Existing Customer - Renewal,Web,Confirm requirements,Commit,USD,Synthetic opportunity generated from aggregate CRM structure only.,2025-06-10T02:22:50Z,0,0,75.0,1988966.97,001PcZ9V15a5LqkQLE,,01sQ4LtuJF9K1vlMFT,
80tobc4ke2BPPvLYSC,Latticebrook Highland Northern Collective - Modular Pioneer Cloud Service Ultimate Ion Expansion,Value Proposition,2026-06-01,Existing Customer - Renewal,Customer Referral,Schedule review,Best Case,USD,Synthetic opportunity generated from aggregate CRM structure only.,2026-03-27T06:17:15Z,0,0,50.0,1886934.0,001n3aMHCveux7aI17,701gBvIFprDgdfxY18,01sJqGPflRJqwqCPRW,
81tYw0ANPUQ2I6WQS2,Kestrel Arc Juniper Frontier Partners - Precision Harbor Hardware Edge Vector Renewal,Qualification,2027-06-06,Existing Customer - Renewal,Event,Finalize terms,Pipeline,USD,Synthetic opportunity generated from aggregate CRM structure only.,2026-07-19T08:45:58Z,0,0,20.0,1169614.9,001QMRyBoOV9ydJAFR,,01sQ4LtuJF9K1vlMFT,0Q0rtjx5a74yli4CKR
006XbSVM6Qu5YBiQFJ,Juniper Vale Longview Worldwide Works - Rapid Compass Hardware Foundation Cascade Expansion,Negotiation/Review,2026-10-30,Existing Customer - Upgrade,Web,Prepare proposal,Commit,USD,Synthetic opportunity generated from aggregate CRM structure only.,2026-09-27T07:59:10Z,0,0,75.0,384617.24,001I9h4vN2Mpc08I26,,01sf902KvuoXgXtOGX,0Q07Fc4xufJcwnWST7
816t9CkIbAJAzDnYH4,Ivorypine Northstar Southern Industries - Unified Summit Advisory Scale Meridian Expansion,Negotiation/Review,2026-08-17,New Customer,Organic Search,Prepare proposal,Commit,USD,Synthetic opportunity generated from aggregate CRM structure only.,2025-03-10T03:37:29Z,0,0,75.0,228007.9,001IZMzpc9F1Z8oAA7,,01sf902KvuoXgXtOGX,
00ijCBPeUz5Qky5IPL,Harborlume Silverline Northern Systems - Adaptive Lattice Support Vertex Vector Expansion,Needs Analysis,2026-11-28,Existing Customer - Upgrade,Customer Referral,Prepare proposal,Pipeline,USD,Synthetic opportunity generated from aggregate CRM structure only.,2026-06-17T14:36:29Z,0,0,35.0,136520.56,001nrvjrS2WHC2oY9X,701fmMnRrUO2XdcI3Y,01sQ4LtuJF9K1vlMFT,0Q0fpRwElkinY4p0U9
816jvzLq14lW3XrIBO,Glimmerforge Westwind Frontier Collective - Dynamic Ember Support Essential Cobalt Expansion,Negotiation/Review,2026-08-16,Existing Customer - Upgrade,Event,Prepare proposal,Commit,USD,Synthetic opportunity generated from aggregate CRM structure only.,2025-07-21T01:47:13Z,0,0,75.0,418783.42,0019laP52dnqWh3AF4,701VENsf4RdiXcPYUH,01sQ4LtuJF9K1vlMFT,
706mPS2KercmP4aQW9,Fablecrest Brightwater Coastal Partners - Elastic Vertex Support Premier Nova New Business,Closed Lost,2022-11-06,New Customer,Event,Finalize terms,Closed,USD,Synthetic opportunity generated from aggregate CRM structure only.,2022-08-14T02:03:27Z,1,0,0.0,1440727.56,001F0saAL86T3h5IUF,,01sLoYtuPuiAhJSKZN,0Q0ZdYC8U8e7BMVSWD
0064Lvs4DokvWevIOV,Evertrail Copperfield Summit Works - Modular Orbit Advisory Select Zenith Renewal,Value Proposition,2027-01-07,New Customer,Organic Search,Schedule review,Best Case,USD,Synthetic opportunity generated from aggregate CRM structure only.,2026-04-13T19:17:41Z,0,0,50.0,421702.58,001MfuiALipgsrAIEL,,01sQ4LtuJF9K1vlMFT,
701LeKI12QwaOr8IQU,Deltora Farpoint Pacific Industries - Precision Foundry Training Vertex Cobalt Expansion,Prospecting,2027-02-03,Existing Customer - Upgrade,Organic Search,Schedule review,Pipeline,USD,Synthetic opportunity generated from aggregate CRM structure only.,2026-06-16T21:50:01Z,0,0,10.0,1387607.11,001Ql5gfswhLAUiIZH,,01sf902KvuoXgXtOGX,0Q0z2xZLx5ovyTM0A7
02tVBbUlSe9jR1yAQL,Cinderquill Highland Global Systems - Rapid Beacon Advisory Essential Pulse New Business,Closed Lost,2023-10-17,New Customer,Partner Referral,Confirm requirements,Closed,USD,Synthetic opportunity generated from aggregate CRM structure only.,2023-06-04T03:20:29Z,1,0,0.0,657329.8,001oC8KT3LUvyYxQCY,,01sf902KvuoXgXtOGX,
0064shnbtdKckpMYPU,Brindlewave Juniper Coastal Collective - Unified Pioneer Cloud Service Premier Atlas Renewal,Value Proposition,2027-03-10,Existing Customer - Renewal,Event,Finalize terms,Best Case,USD,Synthetic opportunity generated from aggregate CRM structure only.,2027-02-05T15:28:26Z,0,0,50.0,590618.76,001OPKDJQJag0BvIDS,,01sLoYtuPuiAhJSKZN,0Q0jdtqFEelb9v2SKX
006hLA2JQUbQQsrY23,Avenlo Longview Summit Logistics - Adaptive Harbor Cloud Service Standard Horizon New Business,Closed Won,2023-01-05,Existing Customer - Upgrade,Event,Schedule review,Closed,USD,Synthetic opportunity generated from aggregate CRM structure only.,2022-07-25T13:41:14Z,1,1,100.0,813989.64,001yVmlwCnpWY0fA4W,701N6uFobcPgkYOQHR,01sLoYtuPuiAhJSKZN,0Q0Fb4kMYfgEOQUKOA
006AVkLKQ3mZ49YQCG,Rivermark Moonridge Pacific Works - Dynamic Compass Advisory Core Solstice New Business,Value Proposition,2027-02-27,Existing Customer - Renewal,Web,Finalize terms,Best Case,USD,Synthetic opportunity generated from aggregate CRM structure only.,2025-11-06T14:06:21Z,0,0,50.0,1258470.91,001KQsenOWHB4fuQM5,,01sLoYtuPuiAhJSKZN,0Q02hdBeoyoQ0pCCQ2
510IiJQoTkJO8rAY7C,Quarrylight Redwood Global Industries - Elastic Summit Support Enterprise Aurora New Business,Negotiation/Review,2026-05-20,Existing Customer - Renewal,Partner Referral,Prepare proposal,Commit,USD,Synthetic opportunity generated from aggregate CRM structure only.,2025-09-22T17:03:57Z,0,0,75.0,237508.06,001aPvgDsUU73EoIG0,,01sLoYtuPuiAhJSKZN,
500UJEy9vlaphnDYJN,Peregrine Hollow Stonebridge Coastal Systems - Modular Lattice Advisory Professional Ion Expansion,Prospecting,2027-01-24,Existing Customer - Renewal,Customer Referral,Finalize terms,Pipeline,USD,Synthetic opportunity generated from aggregate CRM structure only.,2025-12-16T16:07:47Z,0,0,10.0,191201.32,0013e2Rh2QW4yB5YBM,,01sf902KvuoXgXtOGX,
72tVidhjyDNNhDkQR5,Oakmere Bluecrest Western Analytics - Precision Ember Data Platform Standard Solstice Expansion,Negotiation/Review,2027-04-09,Existing Customer - Renewal,Outbound,Prepare proposal,Commit,USD,Synthetic opportunity generated from aggregate CRM structure only.,2027-02-22T16:43:50Z,0,0,75.0,252173.09,001rayeK09xezjmQSY,,01sQ4LtuJF9K1vlMFT,0Q0FEpsKxG1xV54K16
001b0M2T66D7YH8ILK,Novacairn Clearpath Regional Logistics - Quantum Vertex Hardware Core Cascade Expansion,Prospecting,2027-01-04,Existing Customer - Upgrade,Customer Referral,Confirm requirements,Pipeline,USD,Synthetic opportunity generated from aggregate CRM structure only.,2026-01-20T20:09:34Z,0,0,10.0,322350.85,001TtyIW37HieQzYDX,701N6uFobcPgkYOQHR,01sf902KvuoXgXtOGX,
0066TlkeOpACyLVIXO,Morrowfen Evergreen Lakeside Works - Unified Orbit Hardware Enterprise Meridian Expansion,Prospecting,2027-03-18,Existing Customer - Renewal,Web,Confirm requirements,Pipeline,USD,Synthetic opportunity generated from aggregate CRM structure only.,2026-03-09T00:01:22Z,0,0,10.0,2426802.32,001X3Yql9lqICvlQUO,701PvobyJwhiNxZY1C,01sQ4LtuJF9K1vlMFT,0Q0vWv3pvCfM0c30GO
006BVEigoTGsIGqQBA,Latticebrook Goldenleaf Eastern Industries - Adaptive Foundry Hardware Scale Vector New Business,Needs Analysis,2026-10-26,Existing Customer - Renewal,Event,Prepare proposal,Pipeline,USD,Synthetic opportunity generated from aggregate CRM structure only.,2025-06-28T10:37:10Z,0,0,35.0,239375.45,0012n9SIy3FafTfYR5,,01sQ4LtuJF9K1vlMFT,0Q0jnJX4oZfa6PeKJA
006YhxNORKKFK5QQ08,Kestrel Arc Ironwood Western Partners - Dynamic Beacon Advisory Ultimate Cascade Renewal,Needs Analysis,2026-05-29,New Customer,Outbound,Prepare proposal,Pipeline,USD,Synthetic opportunity generated from aggregate CRM structure only.,2025-08-03T23:38:38Z,0,0,35.0,657231.55,001IGpX26HWSL0HQPY,,01sf902KvuoXgXtOGX,
506u0LsPANexmkqA6E,Juniper Vale Keystone Regional Analytics - Elastic Pioneer Advisory Edge Nova Expansion,Qualification,2027-03-28,Existing Customer - Renewal,Event,Finalize terms,Pipeline,USD,Synthetic opportunity generated from aggregate CRM structure only.,2026-08-17T01:09:26Z,0,0,20.0,1893063.82,001oPLQgL6DtzXuQJ9,701OLah01F81qKCQ4B,01sQ4LtuJF9K1vlMFT,0Q002S9KM3x4tQRCEA
011Y8cRXbmQoZrAA1Z,Ivorypine Moonridge Lakeside Logistics - Modular Harbor Data Platform Foundation Zenith Expansion,Closed Won,2025-01-21,Existing Customer - Upgrade,Partner Referral,Confirm requirements,Closed,USD,Synthetic opportunity generated from aggregate CRM structure only.,2024-05-07T01:56:42Z,1,1,100.0,1517961.17,001jIiXAhBEHXIPYQP,,01sLoYtuPuiAhJSKZN,
006pBR74v5gs1KhALD,Harborlume Redwood Eastern Works - Precision Compass Hardware Scale Cobalt Renewal,Qualification,2027-02-08,Existing Customer - Upgrade,Outbound,Schedule review,Pipeline,USD,Synthetic opportunity generated from aggregate CRM structure only.,2025-11-21T00:58:13Z,0,0,20.0,1250830.08,001b1XyoVMftFmnY3Z,,01sLoYtuPuiAhJSKZN,
006LkG7YkK4tZdTQDQ,Glimmerforge Stonebridge Western Collective - Quantum Summit Support Ultimate Nova Expansion,Needs Analysis,2026-09-19,Existing Customer - Renewal,Customer Referral,Confirm requirements,Pipeline,USD,Synthetic opportunity generated from aggregate CRM structure only.,2026-02-21T05:16:00Z,0,0,35.0,124539.43,001ygA3FAG75gTTAXO,,01sQ4LtuJF9K1vlMFT,
006IsR4se1fnguyI74,Fablecrest Bluecrest Southern Partners - Unified Lattice Support Edge Atlas Expansion,Qualification,2026-05-20,Existing Customer - Renewal,Partner Referral,Prepare proposal,Pipeline,USD,Synthetic opportunity generated from aggregate CRM structure only.,2024-11-28T18:51:51Z,0,0,20.0,1641121.41,001D3FX1GvU3G1mAKG,701s2qORj9Q5274YHM,01sLoYtuPuiAhJSKZN,0Q0KLtkEPwjdaazSW0
01i9H3v1jwLj12rYWG,Evertrail Clearpath Northern Analytics - Adaptive Ember Training Premier Horizon New Business,Prospecting,2026-10-26,Existing Customer - Upgrade,Organic Search,Prepare proposal,Pipeline,USD,Synthetic opportunity generated from aggregate CRM structure only.,2025-10-02T18:53:14Z,0,0,10.0,1326761.64,001rfSg90dRC6Q8Q6D,701h4U4oQAUQUQiIO5,01sQ4LtuJF9K1vlMFT,
826g08vVGgEU6FqQUH,Deltora Evergreen Frontier Logistics - Connected Vertex Support Select Pulse Expansion,Negotiation/Review,2026-09-01,Existing Customer - Renewal,Organic Search,Schedule review,Commit,USD,Synthetic opportunity generated from aggregate CRM structure only.,2025-08-09T22:08:37Z,0,0,75.0,499697.61,001evLCMHIsIpP4IS4,,01sQ4LtuJF9K1vlMFT,0Q0TtURFDjdmM2dK3B
006yBJFsYTWJ5NEAQX,Cinderquill Goldenleaf Worldwide Systems - Elastic Orbit Support Vertex Atlas Renewal,Closed Won,2023-05-05,Existing Customer - Renewal,Event,Finalize terms,Closed,USD,Synthetic opportunity generated from aggregate CRM structure only.,2022-07-09T04:01:01Z,1,1,100.0,770773.07,001LDvrdIgxRUc4IID,701OLah01F81qKCQ4B,01sLoYtuPuiAhJSKZN,0Q0DNU1YicpRO4ZKQ3
006RKsWbGnLeT0ZAGB,Brindlewave Ironwood Southern Collective - Modular Foundry Advisory Essential Ion Expansion,Negotiation/Review,2026-12-30,Existing Customer - Renewal,Partner Referral,Confirm requirements,Commit,USD,Synthetic opportunity generated from aggregate CRM structure only.,2025-08-02T18:51:03Z,0,0,75.0,2388777.16,001CfmgfK8c5I6aQSB,701AQ2IkwyckslOQQH,01sLoYtuPuiAhJSKZN,0Q0wyQhXlHJzptuKWG
81t04RUKzfxWYDPA3Z,Avenlo Keystone Northern Partners - Precision Beacon Training Premier Solstice Renewal,Closed Lost,2023-03-11,Existing Customer - Upgrade,Customer Referral,Prepare proposal,Closed,USD,Synthetic opportunity generated from aggregate CRM structure only.,2022-04-15T01:25:06Z,1,0,0.0,1749465.11,001IqN1uANorRv0AGO,,01sf902KvuoXgXtOGX,
511ReMWzz0SO9AJA5T,Rivermark Longview Frontier Analytics - Quantum Pioneer Support Select Aurora New Business,Value Proposition,2027-05-30,New Customer,Customer Referral,Confirm requirements,Best Case,USD,Synthetic opportunity generated from aggregate CRM structure only.,2026-08-19T17:45:00Z,0,0,50.0,976626.73,001I5KBo2Mtskg9I6K,701C5GBKeBniO3YY7J,01sQ4LtuJF9K1vlMFT,0Q0QQLjRsi1fjgAS2F
006gH7QeDWucW7IIV6,Quarrylight Northstar Worldwide Industries - Unified Harbor Support Vertex Ion Expansion,Qualification,2027-04-19,New Customer,Customer Referral,Confirm requirements,Pipeline,USD,Synthetic opportunity generated from aggregate CRM structure only.,2025-11-07T11:15:42Z,0,0,20.0,1356923.2,001FChipDL8FyVaQQG,7017jaJGBUyVDFxICV,01sQ4LtuJF9K1vlMFT,0Q0owJeA1e8PyUQK0S
006w9QKnB15bM4ZYLI,Peregrine Hollow Silverline Southern Systems - Adaptive Compass Data Platform Enterprise Vector Expansion,Closed Won,2025-05-24,Existing Customer - Renewal,Customer Referral,Finalize terms,Closed,USD,Synthetic opportunity generated from aggregate CRM structure only.,2025-04-20T23:08:49Z,1,1,100.0,2073203.99,001Pv3IESUoMrhiAAG,,01sf902KvuoXgXtOGX,
0061NMs5MRG7sHyINX,Oakmere Westwind Northern Collective - Connected Summit Training Professional Cascade Expansion,Value Proposition,2027-01-19,Existing Customer - Renewal,Customer Referral,Finalize terms,Best Case,USD,Synthetic opportunity generated from aggregate CRM structure only.,2026-07-26T08:48:32Z,0,0,50.0,1305322.86,001Oil2EokU3tWpID9,,01sJqGPflRJqwqCPRW,
020HoV5X6OcTr3rI9R,Novacairn Brightwater Global Partners - Elastic Lattice Training Standard Meridian Expansion,Value Proposition,2027-04-12,Existing Customer - Renewal,Outbound,Confirm requirements,Best Case,USD,Synthetic opportunity generated from aggregate CRM structure only.,2026-09-24T12:31:31Z,0,0,50.0,1756604.22,001zKmRfZNU4LdqIBJ,,01sQ4LtuJF9K1vlMFT,0Q0L45wv4uoVsPUCTR
006e7avIrKKzHdeY3X,Morrowfen Copperfield Coastal Analytics - Modular Ember Training Core Zenith New Business,Closed Won,2024-06-16,New Customer,Outbound,Schedule review,Closed,USD,Synthetic opportunity generated from aggregate CRM structure only.,2024-03-20T04:16:58Z,1,1,100.0,2366054.27,001I4vmxErKOgEQQME,,01sf902KvuoXgXtOGX,
810lr4J58Bd4DPJYBN,Latticebrook Farpoint Summit Industries - Open Vertex Data Platform Enterprise Cobalt Renewal,Negotiation/Review,2026-09-20,Existing Customer - Renewal,Partner Referral,Prepare proposal,Commit,USD,Synthetic opportunity generated from aggregate CRM structure only.,2025-06-16T17:06:24Z,0,0,75.0,1548609.88,001jsWcaI2ueqNkQ4J,,01sLoYtuPuiAhJSKZN,
006uecDPCbj1JlDILS,Kestrel Arc Highland Pacific Systems - Quantum Orbit Support Professional Nova Renewal,Needs Analysis,2026-11-15,Existing Customer - Renewal,Web,Prepare proposal,Pipeline,USD,Synthetic opportunity generated from aggregate CRM structure only.,2026-03-09T04:23:35Z,0,0,35.0,2188963.4,0018MjZShtig55PAG6,701WVcR9nBSbxB9QPQ,01sLoYtuPuiAhJSKZN,0Q02v5kJAVySePpCQO
800dZy01aYi4hFRAGV,Juniper Vale Juniper Global Collective - Unified Foundry Training Standard Zenith Expansion,Value Proposition,2026-05-27,New Customer,Web,Finalize terms,Best Case,USD,Synthetic opportunity generated from aggregate CRM structure only.,2025-09-08T06:27:34Z,0,0,50.0,1314960.06,001K0CnPI0KA5TEY6P,,01sf902KvuoXgXtOGX,
0068CmpmhHtxNAzYJM,Ivorypine Longview Coastal Partners - Adaptive Beacon Training Edge Horizon Expansion,Needs Analysis,2026-11-03,New Customer,Outbound,Finalize terms,Pipeline,USD,Synthetic opportunity generated from aggregate CRM structure only.,2026-09-21T09:35:17Z,0,0,35.0,287327.71,001Ts4G5LvwmAxUY42,,01sQ4LtuJF9K1vlMFT,0Q0BmlJkdnDVxLV09X
006rta7h8frmuSIIQO,Harborlume Northstar Summit Works - Connected Pioneer Data Platform Foundation Pulse Renewal,Closed Won,2024-12-27,Existing Customer - Renewal,Web,Schedule review,Closed,USD,Synthetic opportunity generated from aggregate CRM structure only.,2024-05-09T22:37:05Z,1,1,100.0,2312362.96,001WHkVb04B78wfY3Q,,01sf902KvuoXgXtOGX,
010DZv25sVANCq3AQV,Glimmerforge Silverline Pacific Industries - Elastic Harbor Advisory Scale Atlas Renewal,Qualification,2027-05-17,Existing Customer - Renewal,Organic Search,Finalize terms,Pipeline,USD,Synthetic opportunity generated from aggregate CRM structure only.,2026-05-03T21:13:55Z,0,0,20.0,746985.5,001mwBw2aNzPGx6AUW,701iu7etaRTqbMlANW,01sf902KvuoXgXtOGX,0Q08HqPdFTOdyKSSL8
006kynHTMifB4FlA05,Fablecrest Westwind Global Systems - Modular Compass Hardware Ultimate Horizon Renewal,Closed Lost,2024-03-15,Existing Customer - Renewal,Partner Referral,Finalize terms,Closed,USD,Synthetic opportunity generated from aggregate CRM structure only.,2024-01-12T20:47:49Z,1,0,0.0,476291.29,001AZHmNsDfQdrZQQD,,01sf902KvuoXgXtOGX,
02627uJs3bLAI8fQEU,Evertrail Brightwater Eastern Collective - Open Summit Hardware Edge Solstice Expansion,Prospecting,2027-06-28,Existing Customer - Upgrade,Partner Referral,Finalize terms,Pipeline,USD,Synthetic opportunity generated from aggregate CRM structure only.,2026-04-10T00:39:57Z,0,0,10.0,2006623.73,001LDOa8tzZhi9lQLS,701iu7etaRTqbMlANW,01sJqGPflRJqwqCPRW,
006sgAjx3Z1zdpkQ0C,Deltora Copperfield Western Logistics - Quantum Lattice Support Foundation Aurora New Business,Negotiation/Review,2026-10-15,Existing Customer - Upgrade,Web,Prepare proposal,Commit,USD,Synthetic opportunity generated from aggregate CRM structure only.,2026-03-13T22:34:49Z,0,0,75.0,794376.8,001j6nRokzRlCs1Y07,7017OD7USLqvwTSQ40,01sQ4LtuJF9K1vlMFT,0Q0FSX4vclEG3WeCX5
006U5BVHBNFR4khYAY,Cinderquill Farpoint Regional Works - Unified Ember Hardware Scale Ion New Business,Value Proposition,2027-03-08,Existing Customer - Upgrade,Partner Referral,Finalize terms,Best Case,USD,Synthetic opportunity generated from aggregate CRM structure only.,2026-07-24T02:27:10Z,0,0,50.0,2104753.67,0013e2Rh2QW4yB5YBM,701gBvIFprDgdfxY18,01sQ4LtuJF9K1vlMFT,0Q06d5Zmh7HL9vZCVL
006a0sx0iWwziEqIJS,Brindlewave Highland Lakeside Industries - Virtual Vertex Cloud Service Ultimate Solstice New Business,Prospecting,2026-10-01,New Customer,Partner Referral,Prepare proposal,Pipeline,USD,Synthetic opportunity generated from aggregate CRM structure only.,2026-04-23T00:16:17Z,0,0,10.0,287885.59,001R0OuIWPEowdMYT2,,01sQ4LtuJF9K1vlMFT,0Q0Qllx2hTuoVA1CES
701ZKEVK2K8qBjzA6V,Avenlo Juniper Eastern Systems - Connected Orbit Support Essential Cascade Expansion,Prospecting,2027-06-08,Existing Customer - Renewal,Web,Finalize terms,Pipeline,USD,Synthetic opportunity generated from aggregate CRM structure only.,2027-05-04T13:42:00Z,0,0,10.0,711569.52,001sriFmgu6lhqcIL6,,01sf902KvuoXgXtOGX,0Q0s3IktVsBvZnkKMQ
82iSvD5Ndqnr40yICG,Rivermark Keystone Western Analytics - Elastic Foundry Cloud Service Premier Meridian New Business,Closed Lost,2024-04-25,Existing Customer - Renewal,Event,Schedule review,Closed,USD,Synthetic opportunity generated from aggregate CRM structure only.,2023-06-21T21:40:29Z,1,0,0.0,1018847.54,001NQ7pQIMyLteLAHE,,01sf902KvuoXgXtOGX,
711uY7MZQKn9iEyIYV,Quarrylight Moonridge Regional Logistics - Modular Beacon Training Select Vector Expansion,Needs Analysis,2026-12-26,New Customer,Organic Search,Confirm requirements,Pipeline,USD,Synthetic opportunity generated from aggregate CRM structure only.,2026-07-28T05:56:28Z,0,0,35.0,707879.3,001Z9FmqrbfBXeVI9A,,01sf902KvuoXgXtOGX,
006kf2nLFdad71sAIO,Peregrine Hollow Redwood Lakeside Works - Open Pioneer Advisory Vertex Cascade Renewal,Value Proposition,2026-10-25,New Customer,Outbound,Prepare proposal,Best Case,USD,Synthetic opportunity generated from aggregate CRM structure only.,2025-08-11T13:35:41Z,0,0,50.0,1107422.95,001iIp10CH2rdjrQCH,701PnzYm01TO5qEICN,01sLoYtuPuiAhJSKZN,0Q0RE4H8vPU2ZXqKRS
006XtESYCVu3r16QW7,Oakmere Stonebridge Eastern Industries - Quantum Harbor Support Essential Nova New Business,Closed Lost,2023-02-21,Existing Customer - Renewal,Outbound,Schedule review,Closed,USD,Synthetic opportunity generated from aggregate CRM structure only.,2022-07-07T03:50:32Z,1,0,0.0,651347.87,001ZmXb9rhCguMsYOS,701baEWnGlBqdzhA9Z,01sf902KvuoXgXtOGX,
701eBZTq7oipTE6QF6,Novacairn Bluecrest Worldwide Partners - Unified Compass Data Platform Premier Zenith Expansion,Closed Won,2023-12-12,New Customer,Organic Search,Schedule review,Closed,USD,Synthetic opportunity generated from aggregate CRM structure only.,2023-04-01T13:36:23Z,1,1,100.0,2355874.49,0011y3R0qW4167MAMP,,01sLoYtuPuiAhJSKZN,
50ixod6uEodIRyrITH,Morrowfen Clearpath Southern Analytics - Virtual Summit Hardware Select Cobalt New Business,Qualification,2027-05-19,New Customer,Outbound,Schedule review,Pipeline,USD,Synthetic opportunity generated from aggregate CRM structure only.,2026-04-17T15:57:46Z,0,0,20.0,1712862.32,001OphrQTgtGmAPIMC,701316oqPXGTr5DIOR,01sf902KvuoXgXtOGX,0Q056To98fEfHukKOE
006HWQRJdI9WoaxQYW,Latticebrook Evergreen Northern Logistics - Connected Lattice Hardware Core Pulse Renewal,Qualification,2026-07-24,Existing Customer - Upgrade,Customer Referral,Finalize terms,Pipeline,USD,Synthetic opportunity generated from aggregate CRM structure only.,2025-04-07T09:08:36Z,0,0,20.0,1668556.09,001Ql5gfswhLAUiIZH,701fmMnRrUO2XdcI3Y,01sQ4LtuJF9K1vlMFT,0Q0qpJxFTEbnPZlKDX
000ueRK1nJtbEd2QSK,Kestrel Arc Goldenleaf Frontier Works - Elastic Ember Advisory Enterprise Atlas New Business,Closed Lost,2022-09-10,Existing Customer - Renewal,Organic Search,Finalize terms,Closed,USD,Synthetic opportunity generated from aggregate CRM structure only.,2021-11-27T16:35:51Z,1,0,0.0,2017657.11,0016z7B3rnZB3aZYDJ,,01sLoYtuPuiAhJSKZN,0Q0sGrpXheBe1M1KDA
82tNIDzfrf5G07qIST,Juniper Vale Ironwood Worldwide Collective - Integrated Vertex Data Platform Professional Horizon New Business,Closed Lost,2023-11-28,New Customer,Customer Referral,Schedule review,Closed,USD,Synthetic opportunity generated from aggregate CRM structure only.,2023-01-11T05:15:14Z,1,0,0.0,2378254.63,001Onbk5O4QRQcvA7I,,01sLoYtuPuiAhJSKZN,0Q0GFJgTm6gATY2KA3
006cNnkix7us8rAIVI,Ivorypine Keystone Southern Partners - Open Orbit Cloud Service Standard Pulse New Business,Prospecting,2026-05-19,Existing Customer - Renewal,Web,Confirm requirements,Pipeline,USD,Synthetic opportunity generated from aggregate CRM structure only.,2025-07-15T12:55:09Z,0,0,10.0,1180441.73,001GbztdrMfr2gJYIG,,01sLoYtuPuiAhJSKZN,0Q0EQGtlyf4q1bjSMM
006lolrGmYQAjeDAYZ,Harborlume Moonridge Northern Analytics - Quantum Foundry Support Core Aurora New Business,Value Proposition,2027-02-10,New Customer,Organic Search,Confirm requirements,Best Case,USD,Synthetic opportunity generated from aggregate CRM structure only.,2026-05-22T16:45:06Z,0,0,50.0,930221.95,001kC1LlUdj8c3zY68,701JAQrUVjwb0lkIRC,01sQ4LtuJF9K1vlMFT,
521mpPKRTUMfQI3A1Q,Glimmerforge Redwood Frontier Logistics - Unified Beacon Training Enterprise Ion Expansion,Needs Analysis,2027-05-29,New Customer,Customer Referral,Confirm requirements,Pipeline,USD,Synthetic opportunity generated from aggregate CRM structure only.,2026-03-04T01:25:51Z,0,0,35.0,1804574.53,0016bs349lxRsmUQ0V,,01sf902KvuoXgXtOGX,
006VVINSw59pEgjQWQ,Fablecrest Stonebridge Worldwide Systems - Virtual Pioneer Cloud Service Professional Solstice Renewal,Needs Analysis,2027-05-18,Existing Customer - Upgrade,Web,Confirm requirements,Pipeline,USD,Synthetic opportunity generated from aggregate CRM structure only.,2026-10-22T13:09:55Z,0,0,35.0,69947.92,001qP46mGWsPnuOQ5R,,01sQ4LtuJF9K1vlMFT,
006BOsi2F2nXNcVIMM,Evertrail Bluecrest Summit Collective - Connected Harbor Support Ultimate Aurora Expansion,Prospecting,2026-09-12,Existing Customer - Upgrade,Outbound,Prepare proposal,Pipeline,USD,Synthetic opportunity generated from aggregate CRM structure only.,2025-05-03T07:49:13Z,0,0,10.0,1707078.34,001smmPkB9oOSZnIQW,,01sf902KvuoXgXtOGX,
511piM4yYXj8T3QYTT,Deltora Clearpath Pacific Partners - Elastic Compass Training Edge Meridian New Business,Prospecting,2027-02-07,Existing Customer - Upgrade,Organic Search,Finalize terms,Pipeline,USD,Synthetic opportunity generated from aggregate CRM structure only.,2025-10-08T16:08:30Z,0,0,10.0,1613703.83,001OPCPaC5KbkUKAXY,7019g7m2YfxR5uxQ6M,01sQ4LtuJF9K1vlMFT,
006US9BsmcxRtyEIMR,Cinderquill Evergreen Global Analytics - Integrated Summit Advisory Foundation Vector Expansion,Closed Lost,2022-12-01,New Customer,Organic Search,Prepare proposal,Closed,USD,Synthetic opportunity generated from aggregate CRM structure only.,2022-08-31T09:49:45Z,1,0,0.0,1022988.71,0014BI0PTpGJAb4ICJ,,01sLoYtuPuiAhJSKZN,
70t9ioE68Kz1UWuIGI,Brindlewave Goldenleaf Coastal Logistics - Open Lattice Training Scale Cascade Renewal,Closed Won,2025-10-07,Existing Customer - Renewal,Customer Referral,Finalize terms,Closed,USD,Synthetic opportunity generated from aggregate CRM structure only.,2025-08-21T22:18:57Z,1,1,100.0,2153649.72,001qP46mGWsPnuOQ5R,701AUP2DWX9vWyrQNF,01sLoYtuPuiAhJSKZN,0Q0oJ5bekb3TJOySV9
821IrhP5JDNTKeQQ08,Avenlo Ironwood Summit Systems - Quantum Ember Cloud Service Ultimate Meridian Expansion,Needs Analysis,2027-06-17,New Customer,Customer Referral,Confirm requirements,Pipeline,USD,Synthetic opportunity generated from aggregate CRM structure only.,2026-04-12T09:10:06Z,0,0,35.0,488218.84,001b9Ubd6IpdBJKANL,,01sQ4LtuJF9K1vlMFT,0Q0KfWeUQTo0pKA0PS
006sw08xSelUbaLYV9,Rivermark Juniper Pacific Collective - Rapid Vertex Cloud Service Edge Zenith New Business,Value Proposition,2026-09-22,New Customer,Web,Finalize terms,Best Case,USD,Synthetic opportunity generated from aggregate CRM structure only.,2025-08-16T12:35:24Z,0,0,50.0,480643.61,001PcZ9V15a5LqkQLE,,01sLoYtuPuiAhJSKZN,
006cwzBlJAteYuFALQ,Quarrylight Longview Global Partners - Virtual Orbit Data Platform Foundation Cobalt Renewal,Closed Won,2026-03-26,Existing Customer - Renewal,Customer Referral,Confirm requirements,Closed,USD,Synthetic opportunity generated from aggregate CRM structure only.,2025-07-06T14:04:22Z,1,1,100.0,1041041.88,001ue1J9V7XEwHtA5N,,01sLoYtuPuiAhJSKZN,0Q0ggsGTgN9CgU7CRF
006DT63lZ5HkzeVA0Z,Peregrine Hollow Northstar Coastal Analytics - Connected Foundry Data Platform Select Nova Renewal,Closed Won,2024-08-07,New Customer,Outbound,Confirm requirements,Closed,USD,Synthetic opportunity generated from aggregate CRM structure only.,2024-01-15T08:57:22Z,1,1,100.0,2465324.14,001PUaO8FLbQ5tuY7R,,01sLoYtuPuiAhJSKZN,0Q097XcAgU2O2T406W
01i66jB7YseiJuuA70,Oakmere Silverline Summit Industries - Elastic Beacon Hardware Vertex Zenith New Business,Qualification,2026-09-20,New Customer,Organic Search,Confirm requirements,Pipeline,USD,Synthetic opportunity generated from aggregate CRM structure only.,2025-11-13T06:43:26Z,0,0,20.0,1382867.56,001yWq2JW5BZvvMQ0L,,01sLoYtuPuiAhJSKZN,0Q0BfK6Un64rqXKCIH
70i2P36afSR1lZJQ9Y,Novacairn Westwind Pacific Systems - Integrated Pioneer Training Essential Horizon New Business,Value Proposition,2027-05-04,New Customer,Customer Referral,Prepare proposal,Best Case,USD,Synthetic opportunity generated from aggregate CRM structure only.,2026-07-19T12:12:34Z,0,0,50.0,1250080.9,001aPvgDsUU73EoIG0,701zPCT7q7BesAmYT9,01sQ4LtuJF9K1vlMFT,
710OWlhgQBz1dgiQSB,Morrowfen Brightwater Lakeside Collective - Open Harbor Hardware Premier Pulse Renewal,Value Proposition,2026-08-13,Existing Customer - Renewal,Outbound,Prepare proposal,Best Case,USD,Synthetic opportunity generated from aggregate CRM structure only.,2026-02-21T01:47:17Z,0,0,50.0,1098094.3,001PygtS3FHgKj8Q8G,701fmMnRrUO2XdcI3Y,01sQ4LtuJF9K1vlMFT,0Q015aCfWy2092103R
006Jx6kXJ3DTO86YO8,Latticebrook Copperfield Eastern Partners - Quantum Compass Cloud Service Select Atlas Renewal,Negotiation/Review,2026-12-18,Existing Customer - Renewal,Customer Referral,Prepare proposal,Commit,USD,Synthetic opportunity generated from aggregate CRM structure only.,2026-02-22T14:09:07Z,0,0,75.0,1373558.64,001UMQhTkv1ASD0YIT,7016JVvcTYMBRjjQNA,01sLoYtuPuiAhJSKZN,
5061EOOkyR9jRgBIJ8,Kestrel Arc Farpoint Western Works - Rapid Summit Hardware Vertex Horizon New Business,Needs Analysis,2027-06-22,New Customer,Customer Referral,Prepare proposal,Pipeline,USD,Synthetic opportunity generated from aggregate CRM structure only.,2027-05-09T10:56:14Z,0,0,35.0,547663.72,0013zAV0Mvg9gCbIC6,,01sLoYtuPuiAhJSKZN,0Q0wDW1im0CGtOtSUE
70615XF1CMiOFu0Q40,Juniper Vale Highland Regional Industries - Virtual Lattice Support Essential Solstice New Business,Value Proposition,2026-06-20,New Customer,Customer Referral,Finalize terms,Best Case,USD,Synthetic opportunity generated from aggregate CRM structure only.,2025-07-02T21:35:01Z,0,0,50.0,2461666.35,001Ivgehi2RhpxmIXK,,01sLoYtuPuiAhJSKZN,0Q0yp9v2BHQ1NEyK4G
526TlzauHPH30K4Y3Y,Ivorypine Juniper Lakeside Systems - Connected Ember Cloud Service Professional Aurora Renewal,Value Proposition,2026-10-22,Existing Customer - Renewal,Customer Referral,Finalize terms,Best Case,USD,Synthetic opportunity generated from aggregate CRM structure only.,2026-03-05T06:26:39Z,0,0,50.0,394895.89,0014BI0PTpGJAb4ICJ,,01sQ4LtuJF9K1vlMFT,
00631GIvihJzBLjIQL,Harborlume Longview Eastern Collective - Dynamic Vertex Advisory Standard Ion Expansion,Closed Lost,2024-08-19,New Customer,Organic Search,Schedule review,Closed,USD,Synthetic opportunity generated from aggregate CRM structure only.,2024-04-07T13:55:07Z,1,0,0.0,1267821.24,001GJ2vwlaXONX0IFT,,01sf902KvuoXgXtOGX,
0260N5i4vuk6s1OQ49,Glimmerforge Northstar Western Logistics - Integrated Orbit Advisory Core Vector Expansion,Prospecting,2026-09-20,Existing Customer - Renewal,Web,Confirm requirements,Pipeline,USD,Synthetic opportunity generated from aggregate CRM structure only.,2026-04-18T01:03:24Z,0,0,10.0,1785446.54,001ChwEVGrfK5bMI0W,,01sQ4LtuJF9K1vlMFT,0Q0a94k7qHPpc8QCTA
006mZYtoVDowKATI2L,Fablecrest Silverline Regional Works - Open Foundry Cloud Service Enterprise Cascade New Business,Prospecting,2027-05-10,Existing Customer - Renewal,Customer Referral,Prepare proposal,Pipeline,USD,Synthetic opportunity generated from aggregate CRM structure only.,2026-05-02T02:48:49Z,0,0,10.0,445748.62,001N2mO6ogfdaXBYDK,,01sf902KvuoXgXtOGX,0Q04mfyPZqm64McSJB
006vRmwy1MfWv3NIQ3,Evertrail Westwind Lakeside Industries - Quantum Beacon Advisory Professional Meridian Expansion,Needs Analysis,2027-02-05,New Customer,Partner Referral,Prepare proposal,Pipeline,USD,Synthetic opportunity generated from aggregate CRM structure only.,2026-12-20T19:50:23Z,0,0,35.0,898129.06,001FU3HbNYKm95BYPF,,01sLoYtuPuiAhJSKZN,0Q0oP1PgDKrS6K8SN9
51tuM1742jAp0UuY8E,Deltora Brightwater Frontier Systems - Rapid Pioneer Data Platform Standard Vector Expansion,Prospecting,2027-06-10,New Customer,Outbound,Prepare proposal,Pipeline,USD,Synthetic opportunity generated from aggregate CRM structure only.,2026-11-02T18:18:45Z,0,0,10.0,1034459.3,001H8DiQNUTC9JGQA0,7019KuFdn10ijGjI2P,01sLoYtuPuiAhJSKZN,
006gPmw4fi4K2HYI9X,Cinderquill Copperfield Worldwide Analytics - Virtual Harbor Advisory Core Cobalt Expansion,Negotiation/Review,2027-05-18,New Customer,Event,Confirm requirements,Commit,USD,Synthetic opportunity generated from aggregate CRM structure only.,2025-12-31T05:39:58Z,0,0,75.0,1251369.64,0018VJzGTzgcunuQ03,701fkp1RoMk6AO1AXX,01sf902KvuoXgXtOGX,
821qtottAAusQkeAPP,Brindlewave Farpoint Southern Logistics - Connected Compass Data Platform Foundation Nova New Business,Value Proposition,2026-05-11,Existing Customer - Upgrade,Event,Prepare proposal,Best Case,USD,Synthetic opportunity generated from aggregate CRM structure only.,2025-12-14T05:28:54Z,0,0,50.0,1344479.3,001G40EGKjt7p96I7T,,01sQ4LtuJF9K1vlMFT,
006Thn5SzoAO6IXQ7U,Avenlo Highland Northern Works - Dynamic Summit Cloud Service Scale Zenith Renewal,Value Proposition,2026-11-20,Existing Customer - Upgrade,Outbound,Schedule review,Best Case,USD,Synthetic opportunity generated from aggregate CRM structure only.,2025-12-29T16:05:07Z,0,0,50.0,943196.62,001kaydhB78AJPJIWK,,01sf902KvuoXgXtOGX,
0200uJY3Tu7ygdyIMF,Rivermark Ironwood Frontier Industries - Integrated Lattice Data Platform Ultimate Cobalt Expansion,Prospecting,2026-10-14,Existing Customer - Renewal,Organic Search,Prepare proposal,Pipeline,USD,Synthetic opportunity generated from aggregate CRM structure only.,2025-06-28T22:33:55Z,0,0,10.0,1012477.34,001Ql5gfswhLAUiIZH,,01sQ4LtuJF9K1vlMFT,0Q0aEjw842Iyo7gC3F
800vHqrvzyIHBSzYPY,Quarrylight Keystone Worldwide Partners - Open Ember Support Edge Pulse Renewal,Prospecting,2026-10-23,New Customer,Outbound,Prepare proposal,Pipeline,USD,Synthetic opportunity generated from aggregate CRM structure only.,2026-08-02T05:24:33Z,0,0,10.0,23789.11,001Oil2EokU3tWpID9,,01sLoYtuPuiAhJSKZN,0Q0gr9MX97t5BvMS6V
006RiaoIeqRgc7vAIO,Peregrine Hollow Moonridge Southern Analytics - Precision Vertex Data Platform Foundation Atlas Expansion,Prospecting,2026-07-11,Existing Customer - Renewal,Web,Confirm requirements,Pipeline,USD,Synthetic opportunity generated from aggregate CRM structure only.,2026-02-08T07:27:22Z,0,0,10.0,1330920.33,001KQsenOWHB4fuQM5,701GCHw920l26V2I77,01sJqGPflRJqwqCPRW,
006DBrwDdwHfBPgYBC,Oakmere Redwood Northern Logistics - Rapid Orbit Cloud Service Scale Horizon Expansion,Qualification,2026-06-07,Existing Customer - Upgrade,Outbound,Prepare proposal,Pipeline,USD,Synthetic opportunity generated from aggregate CRM structure only.,2025-06-12T06:02:35Z,0,0,20.0,340027.68,001dVg5Hd2ux7OeY11,,01sf902KvuoXgXtOGX,
006pgNnpMiimJ6RYBD,Novacairn Stonebridge Frontier Works - Virtual Foundry Cloud Service Ultimate Pulse Expansion,Needs Analysis,2027-05-08,New Customer,Outbound,Finalize terms,Pipeline,USD,Synthetic opportunity generated from aggregate CRM structure only.,2026-06-24T12:18:22Z,0,0,35.0,997681.02,001OR7GRtb417SOIE9,701rMiZr5gPnYq4I3U,01sQ4LtuJF9K1vlMFT,0Q0zZFwVbPLkq5k0HZ
006pjzRe97smM98AH1,Morrowfen Bluecrest Coastal Industries - Connected Beacon Support Essential Aurora Expansion,Value Proposition,2026-07-24,Existing Customer - Renewal,Outbound,Prepare proposal,Best Case,USD,Synthetic opportunity generated from aggregate CRM structure only.,2025-12-16T18:53:20Z,0,0,50.0,1790760.0,001MfuiALipgsrAIEL,,01sQ4LtuJF9K1vlMFT,0Q0qBDBq4pxzQTXSWS
006jUJjjbtHPUWlY8S,Latticebrook Clearpath Summit Partners - Dynamic Pioneer Support Premier Ion Renewal,Qualification,2027-05-16,Existing Customer - Upgrade,Outbound,Confirm requirements,Pipeline,USD,Synthetic opportunity generated from aggregate CRM structure only.,2027-03-03T05:09:53Z,0,0,20.0,639620.39,001hgdJHI7bDrNzIKJ,,01sLoYtuPuiAhJSKZN,
0064Z4XYdmVAuG8QC0,Kestrel Arc Evergreen Pacific Analytics - Integrated Harbor Support Select Solstice Expansion,Prospecting,2026-06-10,Existing Customer - Renewal,Customer Referral,Schedule review,Pipeline,USD,Synthetic opportunity generated from aggregate CRM structure only.,2025-08-13T13:11:58Z,0,0,10.0,2090472.23,001lY6NBb5ge9JhIW4,701v6UAElZEXzGdAI1,01sQ4LtuJF9K1vlMFT,0Q0hAucg4Cgfa0AKE1
521aHomGtEqto60Y0C,Juniper Vale Goldenleaf Global Logistics - Open Compass Advisory Vertex Aurora Renewal,Closed Lost,2022-10-30,Existing Customer - Renewal,Web,Confirm requirements,Closed,USD,Synthetic opportunity generated from aggregate CRM structure only.,2022-05-31T22:25:13Z,1,0,0.0,1323370.35,001GikJVQQYFMgSI6M,,01sLoYtuPuiAhJSKZN,
001kpNvHYOV8pLjIXE,Ivorypine Ironwood Coastal Works - Precision Summit Training Essential Meridian Expansion,Closed Lost,2023-07-27,Existing Customer - Upgrade,Event,Prepare proposal,Closed,USD,Synthetic opportunity generated from aggregate CRM structure only.,2023-03-20T21:59:30Z,1,0,0.0,277340.04,001Ql5gfswhLAUiIZH,,01sJqGPflRJqwqCPRW,
52iUP44Z1VvVcIYA8B,Harborlume Keystone Summit Collective - Rapid Lattice Support Premier Vector New Business,Needs Analysis,2027-05-03,New Customer,Partner Referral,Prepare proposal,Pipeline,USD,Synthetic opportunity generated from aggregate CRM structure only.,2026-02-05T01:55:16Z,0,0,35.0,913919.53,00175Cmy8DqQrAKINI,,01sLoYtuPuiAhJSKZN,
52iQJC7aKesEHpLQF6,Glimmerforge Moonridge Pacific Partners - Virtual Ember Support Select Cascade Expansion,Closed Won,2024-09-29,Existing Customer - Renewal,Event,Finalize terms,Closed,USD,Synthetic opportunity generated from aggregate CRM structure only.,2023-12-11T17:53:49Z,1,1,100.0,1879993.25,001I9h4vN2Mpc08I26,7010j7HiIFs5acMAA2,01sf902KvuoXgXtOGX,0Q0AleSdkJU5gvpCSG
01t3uWsUwc7lErWQGB,Fablecrest Redwood Global Analytics - Adaptive Vertex Hardware Core Nova Renewal,Prospecting,2026-05-10,Existing Customer - Renewal,Web,Schedule review,Pipeline,USD,Synthetic opportunity generated from aggregate CRM structure only.,2025-12-12T21:12:35Z,0,0,10.0,600310.9,001LDOa8tzZhi9lQLS,701VLxxgWX6Q4sRACQ,01sLoYtuPuiAhJSKZN,
006zMTUyq5lu55oIPX,Evertrail Stonebridge Coastal Logistics - Dynamic Orbit Advisory Enterprise Zenith Expansion,Qualification,2027-04-09,Existing Customer - Renewal,Web,Confirm requirements,Pipeline,USD,Synthetic opportunity generated from aggregate CRM structure only.,2026-11-08T00:34:59Z,0,0,20.0,2495498.62,001ZBID6zyXHdcLAAH,,01sLoYtuPuiAhJSKZN,
721mxsY8w8Gt5A5IW3,Deltora Bluecrest Western Systems - Integrated Foundry Data Platform Professional Cobalt Renewal,Negotiation/Review,2027-03-03,Existing Customer - Renewal,Web,Finalize terms,Commit,USD,Synthetic opportunity generated from aggregate CRM structure only.,2026-01-04T19:20:47Z,0,0,75.0,2416156.2,001j6nRokzRlCs1Y07,701gBvIFprDgdfxY18,01sLoYtuPuiAhJSKZN,0Q02Bk1De4HFYtjK6M
82tgcC3HxXNlBACYTF,Cinderquill Clearpath Regional Collective - Open Beacon Support Standard Nova Renewal,Closed Won,2024-10-01,New Customer,Partner Referral,Confirm requirements,Closed,USD,Synthetic opportunity generated from aggregate CRM structure only.,2024-02-06T19:56:21Z,1,1,100.0,406995.77,001UMQhTkv1ASD0YIT,,01sLoYtuPuiAhJSKZN,
52tUaFdzTaQV8k5QRV,Brindlewave Evergreen Lakeside Partners - Precision Pioneer Cloud Service Core Atlas Renewal,Closed Won,2024-05-24,Existing Customer - Renewal,Customer Referral,Prepare proposal,Closed,USD,Synthetic opportunity generated from aggregate CRM structure only.,2024-02-27T21:51:31Z,1,1,100.0,2473693.08,001tqRaHFT1utFgIDH,,01sQ4LtuJF9K1vlMFT,
0064s0qP79GoSXOIPG,Avenlo Goldenleaf Eastern Analytics - Rapid Harbor Advisory Enterprise Horizon Expansion,Needs Analysis,2026-08-15,Existing Customer - Renewal,Event,Finalize terms,Pipeline,USD,Synthetic opportunity generated from aggregate CRM structure only.,2025-10-27T05:23:22Z,0,0,35.0,1450502.4,001Oil2EokU3tWpID9,,01sf902KvuoXgXtOGX,
006XYNbHvhDXydkYO1,Rivermark Highland Western Industries - Virtual Compass Hardware Professional Pulse Expansion,Value Proposition,2026-07-02,Existing Customer - Upgrade,Event,Finalize terms,Best Case,USD,Synthetic opportunity generated from aggregate CRM structure only.,2025-08-26T03:39:13Z,0,0,50.0,1188902.73,001gcyiBi1aOx6uAJ7,7016JVvcTYMBRjjQNA,01sf902KvuoXgXtOGX,0Q0lwm2z5zNENx0C80
006dn506Oe2nfZjID2,Quarrylight Juniper Regional Systems - Adaptive Summit Cloud Service Ultimate Atlas Expansion,Negotiation/Review,2026-09-16,Existing Customer - Upgrade,Outbound,Prepare proposal,Commit,USD,Synthetic opportunity generated from aggregate CRM structure only.,2025-04-27T06:35:44Z,0,0,75.0,2030534.12,001smmPkB9oOSZnIQW,,01sJqGPflRJqwqCPRW,
51iAVy4Ie2g7YtTIOV,Peregrine Hollow Longview Lakeside Collective - Dynamic Lattice Support Edge Ion Expansion,Needs Analysis,2026-08-20,New Customer,Event,Finalize terms,Pipeline,USD,Synthetic opportunity generated from aggregate CRM structure only.,2026-02-01T10:18:45Z,0,0,35.0,1299523.79,001rYkP9rcvMmHAQOV,,01sQ4LtuJF9K1vlMFT,0Q0og8uNFZBVFn40V4
510zfYYMjTEzrHZQSO,Oakmere Northstar Eastern Partners - Integrated Ember Hardware Foundation Solstice Expansion,Qualification,2026-12-08,Existing Customer - Renewal,Customer Referral,Finalize terms,Pipeline,USD,Synthetic opportunity generated from aggregate CRM structure only.,2026-09-07T00:56:03Z,0,0,20.0,2297134.21,001Inbo5xzWKldwA1H,,01sQ4LtuJF9K1vlMFT,0Q0bxcNlfSVzt8PK0I
720d3DtIj9J361MI3P,Novacairn Silverline Western Works - Modular Vertex Data Platform Scale Aurora New Business,Prospecting,2026-12-04,Existing Customer - Upgrade,Customer Referral,Schedule review,Pipeline,USD,Synthetic opportunity generated from aggregate CRM structure only.,2026-02-23T18:28:31Z,0,0,10.0,1114387.84,001Oil2EokU3tWpID9,,01sLoYtuPuiAhJSKZN,
006Z3u7ppaB20gxQ0Y,Morrowfen Westwind Regional Industries - Precision Orbit Cloud Service Ultimate Ion Expansion,Closed Lost,2023-10-17,New Customer,Partner Referral,Confirm requirements,Closed,USD,Synthetic opportunity generated from aggregate CRM structure only.,2023-01-25T15:22:05Z,1,0,0.0,80312.05,001WHkVb04B78wfY3Q,7010j7HiIFs5acMAA2,01sLoYtuPuiAhJSKZN,
010EQOFvjlpqXRWYF9,Latticebrook Brightwater Northern Systems - Rapid Foundry Cloud Service Edge Vector Expansion,Negotiation/Review,2026-05-12,Existing Customer - Upgrade,Customer Referral,Confirm requirements,Commit,USD,Synthetic opportunity generated from aggregate CRM structure only.,2026-03-21T22:21:16Z,0,0,75.0,450627.87,001nrvjrS2WHC2oY9X,,01sf902KvuoXgXtOGX,
006t7Dewa6fykAyYN1,Kestrel Arc Copperfield Frontier Collective - Virtual Beacon Hardware Foundation Cascade New Business,Qualification,2026-07-22,New Customer,Customer Referral,Finalize terms,Pipeline,USD,Synthetic opportunity generated from aggregate CRM structure only.,2026-01-14T07:11:50Z,0,0,20.0,1217221.22,001Ivgehi2RhpxmIXK,,01sf902KvuoXgXtOGX,0Q0zqsc7p5ScokKSLP
500Q2cTozA6h6POIBP,Juniper Vale Farpoint Worldwide Logistics - Adaptive Pioneer Training Select Meridian Expansion,Value Proposition,2026-05-28,Existing Customer - Upgrade,Partner Referral,Confirm requirements,Best Case,USD,Synthetic opportunity generated from aggregate CRM structure only.,2025-10-25T16:54:23Z,0,0,50.0,1140460.28,001vnn1W5RPN0LPYO8,,01sf902KvuoXgXtOGX,
5118A3WWZEqspGMQ9H,Ivorypine Highland Southern Works - Dynamic Harbor Data Platform Vertex Vector New Business,Closed Lost,2024-03-28,New Customer,Customer Referral,Confirm requirements,Closed,USD,Synthetic opportunity generated from aggregate CRM structure only.,2023-09-13T07:56:01Z,1,0,0.0,1638262.3,001vnn1W5RPN0LPYO8,,01sLoYtuPuiAhJSKZN,
71iQQ8SGfolOwXNQYJ,Harborlume Juniper Northern Industries - Integrated Compass Cloud Service Essential Cobalt New Business,Closed Lost,2024-03-22,New Customer,Event,Confirm requirements,Closed,USD,Synthetic opportunity generated from aggregate CRM structure only.,2023-07-08T11:55:07Z,1,0,0.0,1244468.16,001Z9FmqrbfBXeVI9A,,01sQ4LtuJF9K1vlMFT,0Q0ryBSxtFWKlQoK9G
006vkQMxOuPNdbfIGH,Glimmerforge Longview Frontier Systems - Modular Summit Advisory Premier Nova Renewal,Prospecting,2026-12-19,Existing Customer - Renewal,Organic Search,Schedule review,Pipeline,USD,Synthetic opportunity generated from aggregate CRM structure only.,2026-03-28T16:26:52Z,0,0,10.0,1604828.61,001Wabd306Y5T2XYBQ,,01sLoYtuPuiAhJSKZN,
0062QxpaaZxZ9lmY5A,Fablecrest Northstar Worldwide Analytics - Precision Lattice Advisory Select Zenith New Business,Needs Analysis,2026-12-27,Existing Customer - Renewal,Event,Schedule review,Pipeline,USD,Synthetic opportunity generated from aggregate CRM structure only.,2026-03-10T01:16:35Z,0,0,35.0,1094883.81,001OH94vlTF3MI8Y08,,01sQ4LtuJF9K1vlMFT,
006Q6VmTNqPneLCYOP,Evertrail Silverline Southern Logistics - Rapid Ember Support Vertex Cobalt New Business,Prospecting,2027-04-11,Existing Customer - Renewal,Web,Confirm requirements,Pipeline,USD,Synthetic opportunity generated from aggregate CRM structure only.,2026-04-27T22:07:08Z,0,0,10.0,536812.06,001G40EGKjt7p96I7T,701dYnYIqY2uFSNQNW,01sf902KvuoXgXtOGX,0Q0tQKwKbYAIA6lC6I
521frQ5k77mkPylINK,Deltora Westwind Northern Works - Unified Vertex Training Essential Pulse Renewal,Closed Lost,2022-11-08,New Customer,Customer Referral,Confirm requirements,Closed,USD,Synthetic opportunity generated from aggregate CRM structure only.,2022-09-11T09:27:42Z,1,0,0.0,550085.05,001JM45YOxOPMdeQIO,7012gLtQpc999YmQNW,01sQ4LtuJF9K1vlMFT,0Q03I2URNaQKyERKZ0
801vGMBCN6szOwbYXA,Cinderquill Brightwater Global Industries - Adaptive Orbit Hardware Professional Atlas Expansion,Value Proposition,2027-01-15,New Customer,Partner Referral,Confirm requirements,Best Case,USD,Synthetic opportunity generated from aggregate CRM structure only.,2026-11-06T19:34:39Z,0,0,50.0,104230.13,001WPEcjxhamiNXYYJ,701Oiy0uiHpmTo7YI9,01sLoYtuPuiAhJSKZN,
01ipBE9FncIOp9LYNF,Brindlewave Copperfield Coastal Systems - Dynamic Foundry Hardware Standard Horizon Expansion,Closed Won,2022-12-09,Existing Customer - Renewal,Web,Schedule review,Closed,USD,Synthetic opportunity generated from aggregate CRM structure only.,2022-09-29T07:12:00Z,1,1,100.0,1561218.11,001Hbp8pEhElgRqIO2,,01sf902KvuoXgXtOGX,0Q0Qh64kpfYCaSpKXZ
806oZbrY2Wwhpt1IBF,Avenlo Farpoint Summit Analytics - Integrated Beacon Support Core Solstice Renewal,Closed Won,2024-02-24,Existing Customer - Renewal,Customer Referral,Schedule review,Closed,USD,Synthetic opportunity generated from aggregate CRM structure only.,2023-10-18T06:49:29Z,1,1,100.0,1860129.55,0019ojrY0cvCQ2UQ6L,701WVcR9nBSbxB9QPQ,01sQ4LtuJF9K1vlMFT,
50tcyEvbSDN8M4eYUK,Rivermark Goldenleaf Pacific Logistics - Modular Pioneer Hardware Enterprise Aurora Expansion,Value Proposition,2027-01-25,Existing Customer - Renewal,Event,Finalize terms,Best Case,USD,Synthetic opportunity generated from aggregate CRM structure only.,2026-03-27T03:31:28Z,0,0,50.0,20460.03,001OphrQTgtGmAPIMC,701rMiZr5gPnYq4I3U,01sf902KvuoXgXtOGX,0Q0yxpnhnfx3VHYSJQ
50iTnLuA85S8qYoQYM,Quarrylight Ironwood Global Works - Precision Harbor Data Platform Professional Ion Expansion,Needs Analysis,2026-05-08,Existing Customer - Upgrade,Customer Referral,Prepare proposal,Pipeline,USD,Synthetic opportunity generated from aggregate CRM structure only.,2024-11-18T05:22:34Z,0,0,35.0,1047546.6,001EocC12jSBhyyIOU,701Oiy0uiHpmTo7YI9,01sLoYtuPuiAhJSKZN,0Q09YnzdclGNSutCNU
8104BWEK6Vg8jxoQ0U,Peregrine Hollow Keystone Coastal Industries - Rapid Compass Support Standard Solstice Renewal,Closed Won,2023-03-21,Existing Customer - Renewal,Event,Confirm requirements,Closed,USD,Synthetic opportunity generated from aggregate CRM structure only.,2022-12-09T20:15:55Z,1,1,100.0,1283797.92,001jIiXAhBEHXIPYQP,701HZkqvaYkvEU4AAJ,01sLoYtuPuiAhJSKZN,
52tVa684KmyRYO8QUD,Oakmere Moonridge Summit Partners - Unified Summit Data Platform Core Cascade Renewal,Closed Won,2022-09-24,New Customer,Partner Referral,Prepare proposal,Closed,USD,Synthetic opportunity generated from aggregate CRM structure only.,2021-11-25T21:21:39Z,1,1,100.0,2181776.48,001AZHmNsDfQdrZQQD,7017OD7USLqvwTSQ40,01sLoYtuPuiAhJSKZN,
006t3RhL6YOQkosAYF,Novacairn Redwood Pacific Analytics - Adaptive Lattice Hardware Foundation Meridian New Business,Needs Analysis,2026-12-18,New Customer,Customer Referral,Prepare proposal,Pipeline,USD,Synthetic opportunity generated from aggregate CRM structure only.,2026-11-09T04:20:46Z,0,0,35.0,2481774.45,001Ql5gfswhLAUiIZH,,01sQ4LtuJF9K1vlMFT,0Q0cZ4huuUNLya309N
0067uJUcdvHi07VA0P,Morrowfen Stonebridge Global Logistics - Dynamic Ember Cloud Service Scale Vector Expansion,Closed Lost,2024-09-04,Existing Customer - Renewal,Outbound,Schedule review,Closed,USD,Synthetic opportunity generated from aggregate CRM structure only.,2023-10-16T17:30:24Z,1,0,0.0,2369283.79,0013e2Rh2QW4yB5YBM,,01sf902KvuoXgXtOGX,0Q0ws2he4rCTYdoSW4
72iIgR6vwZzvAVWID9,Latticebrook Bluecrest Eastern Works - Elastic Vertex Training Ultimate Cascade Renewal,Qualification,2026-07-08,New Customer,Web,Finalize terms,Pipeline,USD,Synthetic opportunity generated from aggregate CRM structure only.,2026-04-22T09:41:20Z,0,0,20.0,2187836.86,001H9tfZGBr7JPsALI,,01sLoYtuPuiAhJSKZN,0Q0SmoSjEMXdr380YT
516RbQ68qhnEwc2A7F,Kestrel Arc Clearpath Western Collective - Modular Orbit Advisory Edge Nova New Business,Qualification,2027-05-30,Existing Customer - Upgrade,Organic Search,Finalize terms,Pipeline,USD,Synthetic opportunity generated from aggregate CRM structure only.,2026-10-11T15:10:30Z,0,0,20.0,184244.16,001s7ZyiePrkNHmYX9,,01sQ4LtuJF9K1vlMFT,
81iIHdj0AoyTBidADX,Juniper Vale Evergreen Regional Partners - Precision Foundry Hardware Foundation Zenith Renewal,Prospecting,2026-05-28,Existing Customer - Upgrade,Partner Referral,Confirm requirements,Pipeline,USD,Synthetic opportunity generated from aggregate CRM structure only.,2025-05-12T06:59:18Z,0,0,10.0,839627.59,001wVfBSjnPjaamQPU,,01sQ4LtuJF9K1vlMFT,
0064QKBhy9YULwxI10,Ivorypine Goldenleaf Lakeside Analytics - Rapid Beacon Advisory Scale Cobalt Expansion,Prospecting,2027-04-02,Existing Customer - Upgrade,Organic Search,Prepare proposal,Pipeline,USD,Synthetic opportunity generated from aggregate CRM structure only.,2026-05-01T01:00:17Z,0,0,10.0,1719507.33,001AZHmNsDfQdrZQQD,,01sf902KvuoXgXtOGX,0Q0D42hMxeydmKKSYI
006hzSuTtzeIfSNQQM,Harborlume Ironwood Eastern Logistics - Unified Pioneer Data Platform Ultimate Nova Renewal,Needs Analysis,2026-08-10,Existing Customer - Renewal,Organic Search,Schedule review,Pipeline,USD,Synthetic opportunity generated from aggregate CRM structure only.,2026-01-02T18:56:59Z,0,0,35.0,425548.89,0011y3R0qW4167MAMP,,01sQ4LtuJF9K1vlMFT,0Q0c8edUhuw6xe9CGX
82iMTq96WLaRD1zAEY,Glimmerforge Keystone Western Systems - Adaptive Harbor Data Platform Essential Atlas New Business,Closed Lost,2024-03-21,New Customer,Customer Referral,Prepare proposal,Closed,USD,Synthetic opportunity generated from aggregate CRM structure only.,2023-09-14T16:35:03Z,1,0,0.0,125152.53,0018MjZShtig55PAG6,701JAQrUVjwb0lkIRC,01sQ4LtuJF9K1vlMFT,0Q0rHw3fqcaObyMSZ1
82iZkWaeuyP8zctA0X,Fablecrest Moonridge Regional Collective - Dynamic Compass Data Platform Premier Horizon Expansion,Needs Analysis,2027-06-26,Existing Customer - Upgrade,Outbound,Finalize terms,Pipeline,USD,Synthetic opportunity generated from aggregate CRM structure only.,2026-12-18T03:11:22Z,0,0,35.0,1682139.23,0018MjZShtig55PAG6,,01sQ4LtuJF9K1vlMFT,
52t7APNwtuwWW5fAQ6,Evertrail Redwood Lakeside Partners - Elastic Summit Data Platform Select Pulse Expansion,Needs Analysis,2027-06-10,Existing Customer - Upgrade,Event,Prepare proposal,Pipeline,USD,Synthetic opportunity generated from aggregate CRM structure only.,2026-07-24T15:45:51Z,0,0,35.0,518080.16,001ygA3FAG75gTTAXO,,01sQ4LtuJF9K1vlMFT,
80idHfxld1aKE4xQ8M,Deltora Stonebridge Eastern Analytics - Modular Lattice Support Vertex Atlas New Business,Closed Lost,2024-04-25,Existing Customer - Renewal,Event,Finalize terms,Closed,USD,Synthetic opportunity generated from aggregate CRM structure only.,2023-06-19T23:24:28Z,1,0,0.0,2444144.84,001j6nRokzRlCs1Y07,,01sf902KvuoXgXtOGX,
0114VX34JojdXVkQA0,Cinderquill Bluecrest Worldwide Industries - Precision Ember Advisory Essential Ion New Business,Prospecting,2027-02-25,Existing Customer - Upgrade,Web,Confirm requirements,Pipeline,USD,Synthetic opportunity generated from aggregate CRM structure only.,2026-12-27T02:01:55Z,0,0,10.0,416337.36,001R0OuIWPEowdMYT2,701zPCT7q7BesAmYT9,01sLoYtuPuiAhJSKZN,0Q0nPjNgxf9617aSOD
006zlCp7JHHsHxzYN9,Brindlewave Clearpath Southern Systems - Quantum Vertex Support Premier Solstice Renewal,Qualification,2027-03-08,Existing Customer - Renewal,Customer Referral,Finalize terms,Pipeline,USD,Synthetic opportunity generated from aggregate CRM structure only.,2026-07-10T11:18:57Z,0,0,20.0,1200235.23,001RxHpen37aRbGQYJ,701h4U4oQAUQUQiIO5,01sf902KvuoXgXtOGX,0Q0VtzH6N0beEhy0TA
52tU95rJYmkebocIIB,Avenlo Evergreen Northern Collective - Unified Orbit Data Platform Select Aurora Expansion,Needs Analysis,2026-11-06,New Customer,Customer Referral,Finalize terms,Pipeline,USD,Synthetic opportunity generated from aggregate CRM structure only.,2025-07-06T18:47:16Z,0,0,35.0,982657.37,0014BI0PTpGJAb4ICJ,,01sf902KvuoXgXtOGX,
01tdyvIgQpVTvgTYQH,Rivermark Farpoint Frontier Partners - Adaptive Foundry Training Core Meridian Expansion,Closed Lost,2024-07-25,Existing Customer - Renewal,Partner Referral,Finalize terms,Closed,USD,Synthetic opportunity generated from aggregate CRM structure only.,2023-11-02T00:19:00Z,1,0,0.0,2021571.28,001tvKQbYklnB9tY2P,,01sQ4LtuJF9K1vlMFT,0Q0VEfTULxhVA6zCTV
011rT8TLmm58O2vILC,Quarrylight Highland Worldwide Works - Dynamic Beacon Hardware Enterprise Vector Expansion,Closed Won,2023-07-27,Existing Customer - Upgrade,Organic Search,Finalize terms,Closed,USD,Synthetic opportunity generated from aggregate CRM structure only.,2023-06-22T00:24:40Z,1,1,100.0,947944.52,001jwyJdAibi4NHILF,701AUP2DWX9vWyrQNF,01sQ4LtuJF9K1vlMFT,
72iELLOBDcXDk49AIU,Peregrine Hollow Juniper Southern Industries - Elastic Pioneer Training Professional Cascade Renewal,Negotiation/Review,2027-03-27,Existing Customer - Renewal,Organic Search,Schedule review,Commit,USD,Synthetic opportunity generated from aggregate CRM structure only.,2027-02-12T22:36:19Z,0,0,75.0,1510298.18,001zKmRfZNU4LdqIBJ,,01sf902KvuoXgXtOGX,0Q0ZBH2v8u6BfOyK5S
50icrSiQzUGLCMkIXR,Oakmere Longview Northern Systems - Modular Harbor Advisory Standard Meridian Expansion,Negotiation/Review,2027-01-10,Existing Customer - Upgrade,Outbound,Prepare proposal,Commit,USD,Synthetic opportunity generated from aggregate CRM structure only.,2025-09-18T05:47:02Z,0,0,75.0,415523.37,001dUDfaBymF8HyAUN,,01sf902KvuoXgXtOGX,
006b0y2r0LCkLeoYVK,Novacairn Northstar Frontier Collective - Precision Compass Data Platform Core Zenith Renewal,Prospecting,2026-12-07,Existing Customer - Upgrade,Organic Search,Finalize terms,Pipeline,USD,Synthetic opportunity generated from aggregate CRM structure only.,2026-04-09T19:39:03Z,0,0,10.0,720842.31,001IqN1uANorRv0AGO,,01sQ4LtuJF9K1vlMFT,0Q0ECs8MpbNainO0HM
006pTiIGvFfuc6nIM4,Morrowfen Silverline Worldwide Logistics - Quantum Summit Hardware Enterprise Cobalt New Business,Prospecting,2026-10-06,New Customer,Partner Referral,Confirm requirements,Pipeline,USD,Synthetic opportunity generated from aggregate CRM structure only.,2025-11-03T22:54:40Z,0,0,10.0,1100440.71,001smmPkB9oOSZnIQW,,01sf902KvuoXgXtOGX,
801nfZnswQNLrZpYXQ,Latticebrook Westwind Southern Works - Unified Lattice Cloud Service Professional Nova Renewal,Negotiation/Review,2027-06-21,New Customer,Partner Referral,Schedule review,Commit,USD,Synthetic opportunity generated from aggregate CRM structure only.,2026-05-20T13:50:08Z,0,0,75.0,1498800.64,001LDOa8tzZhi9lQLS,,01sQ4LtuJF9K1vlMFT,
521ZnDKIAdpMn14Q88,Kestrel Arc Brightwater Pacific Industries - Adaptive Ember Training Ultimate Zenith Renewal,Negotiation/Review,2026-12-17,Existing Customer - Upgrade,Organic Search,Prepare proposal,Commit,USD,Synthetic opportunity generated from aggregate CRM structure only.,2026-03-22T12:54:48Z,0,0,75.0,1798279.99,001Ivgehi2RhpxmIXK,,01sf902KvuoXgXtOGX,0Q07kXKTvSTQrJ90XF
006Don2vq9WqhYJQIR,Juniper Vale Copperfield Global Systems - Connected Vertex Data Platform Edge Horizon Renewal,Needs Analysis,2027-05-24,Existing Customer - Upgrade,Outbound,Finalize terms,Pipeline,USD,Synthetic opportunity generated from aggregate CRM structure only.,2026-07-20T07:44:27Z,0,0,35.0,514715.5,001iIp10CH2rdjrQCH,,01sf902KvuoXgXtOGX,
006MgQnB3hrVK2oYP0,Ivorypine Farpoint Coastal Collective - Elastic Orbit Data Platform Foundation Pulse Expansion,Prospecting,2026-07-23,New Customer,Partner Referral,Confirm requirements,Pipeline,USD,Synthetic opportunity generated from aggregate CRM structure only.,2025-07-04T13:48:28Z,0,0,10.0,2173567.94,001kBV5ho7M1GOwA4E,,01sQ4LtuJF9K1vlMFT,
02tp6iXCgEYS9euITR,Harborlume Highland Summit Logistics - Modular Foundry Advisory Scale Atlas Expansion,Negotiation/Review,2027-01-01,New Customer,Web,Confirm requirements,Commit,USD,Synthetic opportunity generated from aggregate CRM structure only.,2026-12-01T14:20:24Z,0,0,75.0,2356608.75,001KQsenOWHB4fuQM5,,01sQ4LtuJF9K1vlMFT,
00iwYN6pyW67tzxYUM,Glimmerforge Juniper Pacific Works - Precision Beacon Hardware Ultimate Horizon Renewal,Prospecting,2027-02-25,Existing Customer - Upgrade,Outbound,Schedule review,Pipeline,USD,Synthetic opportunity generated from aggregate CRM structure only.,2026-08-11T08:08:42Z,0,0,10.0,2315651.61,001ULTfosWQTQf5QW1,,01sLoYtuPuiAhJSKZN,0Q0bHnHis9cFB18CZO
500bGsYyxmgR7AMIUZ,Fablecrest Longview Global Industries - Quantum Pioneer Training Edge Solstice Expansion,Needs Analysis,2027-05-14,New Customer,Customer Referral,Prepare proposal,Pipeline,USD,Synthetic opportunity generated from aggregate CRM structure only.,2027-03-13T05:38:18Z,0,0,35.0,483728.29,001pQgd6VQUyLMzAY1,701PnzYm01TO5qEICN,01sQ4LtuJF9K1vlMFT,
5168KK2y69MZusAA21,Evertrail Northstar Coastal Systems - Unified Harbor Hardware Foundation Aurora Renewal,Negotiation/Review,2026-09-29,Existing Customer - Renewal,Web,Prepare proposal,Commit,USD,Synthetic opportunity generated from aggregate CRM structure only.,2025-10-07T10:36:29Z,0,0,75.0,1594355.71,001yVmlwCnpWY0fA4W,,01sQ4LtuJF9K1vlMFT,0Q0eBDvu6tGJJDN0CK
006nhw8UIvDED2WYPB,Deltora Silverline Summit Analytics - Adaptive Compass Data Platform Select Ion New Business,Needs Analysis,2026-10-04,Existing Customer - Renewal,Event,Prepare proposal,Pipeline,USD,Synthetic opportunity generated from aggregate CRM structure only.,2025-12-23T21:43:56Z,0,0,35.0,158921.22,001lpuGrFmSTBnuY0M,701dvFZxXgmRnlIQM7,01sf902KvuoXgXtOGX,
006XyK3Usoqe1pXQ0H,Cinderquill Westwind Pacific Logistics - Connected Summit Training Vertex Solstice Expansion,Closed Won,2025-03-31,New Customer,Event,Schedule review,Closed,USD,Synthetic opportunity generated from aggregate CRM structure only.,2024-04-10T17:27:20Z,1,1,100.0,274430.4,001ygA3FAG75gTTAXO,701PvobyJwhiNxZY1C,01sLoYtuPuiAhJSKZN,
000xXneMwf8WkNFIAK,Brindlewave Brightwater Lakeside Works - Elastic Lattice Support Essential Cascade Expansion,Prospecting,2027-01-25,New Customer,Outbound,Finalize terms,Pipeline,USD,Synthetic opportunity generated from aggregate CRM structure only.,2026-05-08T08:09:04Z,0,0,10.0,1592925.29,001aJFstC9yWgafQNG,,01sf902KvuoXgXtOGX,
006TEP7ZCXwh54bQS2,Avenlo Copperfield Eastern Industries - Modular Ember Advisory Premier Meridian Renewal,Negotiation/Review,2027-03-08,Existing Customer - Renewal,Web,Schedule review,Commit,USD,Synthetic opportunity generated from aggregate CRM structure only.,2027-01-04T14:28:06Z,0,0,75.0,1467160.68,001ChwEVGrfK5bMI0W,701rMiZr5gPnYq4I3U,01sQ4LtuJF9K1vlMFT,
006REfX3KIDN125QRD,Rivermark Evergreen Western Partners - Open Vertex Support Select Vector New Business,Closed Won,2023-04-08,New Customer,Customer Referral,Schedule review,Closed,USD,Synthetic opportunity generated from aggregate CRM structure only.,2023-01-08T14:04:16Z,1,1,100.0,1284851.86,001IqN1uANorRv0AGO,,01sLoYtuPuiAhJSKZN,
026O6gOrGPqb83jYQ6,Quarrylight Goldenleaf Regional Analytics - Quantum Orbit Support Vertex Cascade Renewal,Closed Lost,2026-02-16,Existing Customer - Renewal,Customer Referral,Confirm requirements,Closed,USD,Synthetic opportunity generated from aggregate CRM structure only.,2025-05-10T05:07:29Z,1,0,0.0,1633264.09,001Ivgehi2RhpxmIXK,,01sQ4LtuJF9K1vlMFT,
006IyuLOnaLFZC2Y2R,Peregrine Hollow Ironwood Lakeside Logistics - Unified Foundry Cloud Service Essential Nova Renewal,Needs Analysis,2026-10-20,Existing Customer - Renewal,Event,Confirm requirements,Pipeline,USD,Synthetic opportunity generated from aggregate CRM structure only.,2026-06-25T17:46:24Z,0,0,35.0,943772.72,001cgzJWlSIy1t0I9S,,01sLoYtuPuiAhJSKZN,
800rB25qnUsPMDCAT8,Oakmere Keystone Eastern Works - Adaptive Beacon Cloud Service Professional Zenith New Business,Prospecting,2027-04-17,New Customer,Organic Search,Finalize terms,Pipeline,USD,Synthetic opportunity generated from aggregate CRM structure only.,2027-01-29T08:05:13Z,0,0,10.0,2128853.75,001pELio0Z9bDlQYUE,7019g7m2YfxR5uxQ6M,01sLoYtuPuiAhJSKZN,0Q0dyP9SpTcGVtD0DY
82tMiSqxHwS9URJYUW,Novacairn Moonridge Western Collective - Connected Pioneer Training Standard Cobalt Renewal,Negotiation/Review,2027-03-21,New Customer,Web,Schedule review,Commit,USD,Synthetic opportunity generated from aggregate CRM structure only.,2026-12-04T02:47:22Z,0,0,75.0,44643.92,001PygtS3FHgKj8Q8G,,01sf902KvuoXgXtOGX,
821aKcShneRXODHYYU,Morrowfen Redwood Regional Partners - Elastic Harbor Advisory Core Pulse New Business,Qualification,2027-05-28,Existing Customer - Renewal,Customer Referral,Prepare proposal,Pipeline,USD,Synthetic opportunity generated from aggregate CRM structure only.,2026-09-12T14:56:59Z,0,0,20.0,2157271.11,,,01sf902KvuoXgXtOGX,
006TpZ6irLYCj7PY6L,Latticebrook Stonebridge Lakeside Analytics - Modular Compass Cloud Service Enterprise Atlas Expansion,Value Proposition,2027-05-07,Existing Customer - Upgrade,Event,Prepare proposal,Best Case,USD,Synthetic opportunity generated from aggregate CRM structure only.,2027-03-24T00:56:04Z,0,0,50.0,502543.4,001181P9BD1hpxgATH,,01sLoYtuPuiAhJSKZN,0Q0d9egFWWUs1FpSI7
726U8oNm8SnQFZ6IES,Kestrel Arc Bluecrest Frontier Logistics - Open Summit Hardware Professional Horizon Renewal,Prospecting,2026-11-15,New Customer,Customer Referral,Finalize terms,Pipeline,USD,Synthetic opportunity generated from aggregate CRM structure only.,2025-09-03T16:00:26Z,0,0,10.0,2168177.9,001qxvOxGkxKlKoYCS,,01sf902KvuoXgXtOGX,0Q02vgyJ9bcmGXo0U5
006wLJAvWUecVT0IFQ,Juniper Vale Clearpath Worldwide Systems - Quantum Lattice Cloud Service Standard Pulse New Business,Closed Won,2023-07-15,Existing Customer - Upgrade,Event,Prepare proposal,Closed,USD,Synthetic opportunity generated from aggregate CRM structure only.,2023-03-31T17:56:50Z,1,1,100.0,1170669.81,001CQsu3nn5gAVpQ7B,701GCHw920l26V2I77,01sLoYtuPuiAhJSKZN,0Q0lBTDHaGB4OSZKED
82iXF0oc6XjtAQoADN,Ivorypine Evergreen Southern Collective - Unified Ember Cloud Service Core Aurora Expansion,Negotiation/Review,2026-09-12,New Customer,Organic Search,Confirm requirements,Commit,USD,Synthetic opportunity generated from aggregate CRM structure only.,2025-06-09T21:36:24Z,0,0,75.0,1541452.19,001yyUUvtYcXQSAY46,,01sLoYtuPuiAhJSKZN,0Q0wrDVORFFwbN7KRN
52ip3E0dMnTRXCNQ3H,Harborlume Goldenleaf Northern Partners - Virtual Vertex Training Enterprise Ion Renewal,Closed Lost,2026-03-27,New Customer,Customer Referral,Prepare proposal,Closed,USD,Synthetic opportunity generated from aggregate CRM structure only.,2026-01-12T18:32:35Z,1,0,0.0,517532.65,001Ekc6ysmrBHJMQF2,701JHaYdXRA67thQMW,01sf902KvuoXgXtOGX,0Q0128Hl0GNo0L00OO
006EDgmq5nsA2r7A84,Glimmerforge Ironwood Frontier Analytics - Connected Orbit Data Platform Scale Solstice New Business,Value Proposition,2027-01-28,Existing Customer - Renewal,Event,Prepare proposal,Best Case,USD,Synthetic opportunity generated from aggregate CRM structure only.,2026-10-05T12:21:43Z,0,0,50.0,849378.11,0014BI0PTpGJAb4ICJ,,01sQ4LtuJF9K1vlMFT,
006aA3yAV466PkYAKT,Fablecrest Keystone Worldwide Industries - Elastic Foundry Cloud Service Ultimate Aurora Expansion,Closed Won,2023-03-20,Existing Customer - Renewal,Web,Prepare proposal,Closed,USD,Synthetic opportunity generated from aggregate CRM structure only.,2022-12-19T01:26:07Z,1,1,100.0,989367.83,001cnLEQk5pZMibQH2,,01sQ4LtuJF9K1vlMFT,
006B0jdoc5Fc2l1QYJ,Evertrail Moonridge Southern Systems - Modular Beacon Cloud Service Edge Meridian Renewal,Closed Won,2022-07-18,New Customer,Web,Confirm requirements,Closed,USD,Synthetic opportunity generated from aggregate CRM structure only.,2022-05-04T04:36:36Z,1,1,100.0,2328142.34,001tqRaHFT1utFgIDH,,01sLoYtuPuiAhJSKZN,
52iDBZrSaR6YAuLAJY,Deltora Redwood Northern Collective - Open Pioneer Support Foundation Vector Renewal,Qualification,2027-05-01,New Customer,Outbound,Finalize terms,Pipeline,USD,Synthetic opportunity generated from aggregate CRM structure only.,2027-02-05T06:58:30Z,0,0,20.0,757088.92,001OLdGcwV4anrfQXZ,,01sQ4LtuJF9K1vlMFT,0Q01SSfyzxKPaXLCA0
820bVlsJKbrdccjYPJ,Cinderquill Stonebridge Frontier Partners - Quantum Harbor Advisory Scale Cascade Renewal,Closed Won,2024-06-29,Existing Customer - Upgrade,Outbound,Confirm requirements,Closed,USD,Synthetic opportunity generated from aggregate CRM structure only.,2023-11-12T14:28:41Z,1,1,100.0,265824.1,001RxHpen37aRbGQYJ,,01sLoYtuPuiAhJSKZN,
006S6mzKLmQ2kXXISO,Brindlewave Bluecrest Coastal Analytics - Unified Compass Advisory Ultimate Meridian Renewal,Closed Won,2024-10-18,Existing Customer - Renewal,Web,Finalize terms,Closed,USD,Synthetic opportunity generated from aggregate CRM structure only.,2024-01-16T21:44:32Z,1,1,100.0,1085333.34,001yvWhfz01vDWFY3M,,01sf902KvuoXgXtOGX,
51iauodXi8yLeTkQJF,Avenlo Clearpath Summit Industries - Virtual Summit Advisory Edge Zenith Renewal,Qualification,2026-05-19,Existing Customer - Renewal,Customer Referral,Confirm requirements,Pipeline,USD,Synthetic opportunity generated from aggregate CRM structure only.,2025-05-08T11:27:04Z,0,0,20.0,1248372.23,001TBaHImIEtjplQN7,,01sLoYtuPuiAhJSKZN,0Q03XRa4yt2sXjY01H
80ig0h44cCZ9guhILV,Rivermark Copperfield Pacific Systems - Connected Lattice Training Premier Cobalt Expansion,Closed Won,2025-06-03,Existing Customer - Upgrade,Partner Referral,Prepare proposal,Closed,USD,Synthetic opportunity generated from aggregate CRM structure only.,2025-02-05T17:05:15Z,1,1,100.0,2020839.34,001smmPkB9oOSZnIQW,,01sf902KvuoXgXtOGX,
006Y9nOjEpG1UpFYNC,Quarrylight Farpoint Global Collective - Elastic Ember Hardware Select Nova New Business,Qualification,2027-04-14,New Customer,Outbound,Finalize terms,Pipeline,USD,Synthetic opportunity generated from aggregate CRM structure only.,2026-06-02T13:01:17Z,0,0,20.0,334610.06,001iIp10CH2rdjrQCH,,01sf902KvuoXgXtOGX,
00i5NoS0FHkqTteQ5Q,Peregrine Hollow Highland Coastal Partners - Integrated Vertex Training Vertex Zenith Renewal,Negotiation/Review,2027-03-16,Existing Customer - Upgrade,Customer Referral,Finalize terms,Commit,USD,Synthetic opportunity generated from aggregate CRM structure only.,2026-06-22T07:57:31Z,0,0,75.0,1322354.84,001ZtdM0LykySWPIE4,,01sLoYtuPuiAhJSKZN,0Q0aLkGGZMhb7xUK10
006aXqvn24iiZUPQ5W,Oakmere Juniper Summit Works - Open Orbit Hardware Essential Horizon Expansion,Value Proposition,2027-05-23,Existing Customer - Renewal,Organic Search,Schedule review,Best Case,USD,Synthetic opportunity generated from aggregate CRM structure only.,2026-07-30T19:00:24Z,0,0,50.0,2208165.36,001PygtS3FHgKj8Q8G,,01sQ4LtuJF9K1vlMFT,
0062ZVXV6ftQ4OHYB2,Novacairn Longview Pacific Industries - Quantum Foundry Support Premier Pulse New Business,Negotiation/Review,2026-12-25,New Customer,Web,Confirm requirements,Commit,USD,Synthetic opportunity generated from aggregate CRM structure only.,2025-10-04T19:34:49Z,0,0,75.0,307482.22,001cML7G0gkmAuyYXM,,01sf902KvuoXgXtOGX,0Q0pb9DykhgsoD1K0D
0061jWV7qJi5snKIU8,Morrowfen Northstar Global Systems - Unified Beacon Hardware Select Atlas Expansion,Needs Analysis,2026-12-08,Existing Customer - Renewal,Organic Search,Schedule review,Pipeline,USD,Synthetic opportunity generated from aggregate CRM structure only.,2025-11-22T01:33:32Z,0,0,35.0,1374707.56,001G40EGKjt7p96I7T,701h4U4oQAUQUQiIO5,01sf902KvuoXgXtOGX,
01ianeLPVLfExBXYFP,Latticebrook Silverline Coastal Collective - Virtual Pioneer Support Vertex Horizon Expansion,Needs Analysis,2026-12-09,New Customer,Customer Referral,Schedule review,Pipeline,USD,Synthetic opportunity generated from aggregate CRM structure only.,2025-07-30T03:56:54Z,0,0,35.0,1266661.26,001MVhM44DqZNFnI35,,01sQ4LtuJF9K1vlMFT,0Q0dE81zWNDiYjcS9Q
006gFNKEbitHQ89QM5,Kestrel Arc Westwind Summit Logistics - Connected Harbor Hardware Enterprise Solstice Renewal,Qualification,2026-05-26,Existing Customer - Upgrade,Web,Finalize terms,Pipeline,USD,Synthetic opportunity generated from aggregate CRM structure only.,2025-04-18T03:02:37Z,0,0,20.0,602688.65,001gDwR4bq40bkiQ0U,,01sf902KvuoXgXtOGX,0Q0BoBFlFTnTladCHR
0068H5q0uIDtBo1YDL,Juniper Vale Brightwater Regional Works - Elastic Compass Support Professional Aurora Expansion,Closed Lost,2025-03-20,New Customer,Partner Referral,Confirm requirements,Closed,USD,Synthetic opportunity generated from aggregate CRM structure only.,2024-09-06T05:00:21Z,1,0,0.0,982581.83,001pOXC8pNylRaRY5A,701R6fz0H7ZafwQI8S,01sQ4LtuJF9K1vlMFT,0Q02YRUsvwh1C260R2
500wanHgIr5sM0KQUT,Ivorypine Copperfield Lakeside Industries - Integrated Summit Advisory Standard Ion New Business,Closed Lost,2023-10-04,New Customer,Customer Referral,Finalize terms,Closed,USD,Synthetic opportunity generated from aggregate CRM structure only.,2023-04-17T21:26:10Z,1,0,0.0,1739307.3,001Qm6Qlk3KEL3HIOS,,01sf902KvuoXgXtOGX,
821HVM9sxaI7UFEQ2J,Harborlume Farpoint Eastern Systems - Open Lattice Advisory Core Vector Expansion,Closed Lost,2023-05-15,Existing Customer - Renewal,Customer Referral,Schedule review,Closed,USD,Synthetic opportunity generated from aggregate CRM structure only.,2023-02-25T14:44:08Z,1,0,0.0,1910243.5,001MT8Df5qbnGRWI8L,701PvobyJwhiNxZY1C,01sf902KvuoXgXtOGX,
006OEaPoijxgVI3QDV,Glimmerforge Highland Western Analytics - Quantum Ember Data Platform Enterprise Cascade Expansion,Value Proposition,2027-03-21,New Customer,Event,Confirm requirements,Best Case,USD,Synthetic opportunity generated from aggregate CRM structure only.,2026-12-01T15:04:29Z,0,0,50.0,1124539.37,001OPKDJQJag0BvIDS,701T7xJocH3zs1NQYF,01sLoYtuPuiAhJSKZN,
006Gg9Kdp4Pmn5RQK4,Fablecrest Juniper Regional Logistics - Rapid Vertex Training Professional Meridian Renewal,Needs Analysis,2027-01-27,Existing Customer - Renewal,Organic Search,Confirm requirements,Pipeline,USD,Synthetic opportunity generated from aggregate CRM structure only.,2026-01-18T09:35:03Z,0,0,35.0,449168.86,001IGpX26HWSL0HQPY,7019g7m2YfxR5uxQ6M,01sLoYtuPuiAhJSKZN,0Q0OrKuhtn0YPfn0I2
006sc24BVlEk4t1IMI,Evertrail Longview Lakeside Works - Virtual Orbit Data Platform Standard Vector Expansion,Prospecting,2027-03-14,Existing Customer - Renewal,Event,Prepare proposal,Pipeline,USD,Synthetic opportunity generated from aggregate CRM structure only.,2025-10-30T01:39:41Z,0,0,10.0,178769.47,001Ql5gfswhLAUiIZH,701zPCT7q7BesAmYT9,01sLoYtuPuiAhJSKZN,
511wLKR6pa9CynzQH6,Deltora Northstar Eastern Industries - Connected Foundry Hardware Edge Cobalt New Business,Negotiation/Review,2027-03-06,Existing Customer - Renewal,Partner Referral,Schedule review,Commit,USD,Synthetic opportunity generated from aggregate CRM structure only.,2025-09-24T05:02:58Z,0,0,75.0,1802185.26,001UFuHNhHx2c9ZQQ9,7012gLtQpc999YmQNW,01sf902KvuoXgXtOGX,
0067BUNTMJSrk2II80,Cinderquill Silverline Western Partners - Elastic Beacon Cloud Service Foundation Nova Renewal,Closed Won,2024-02-29,Existing Customer - Upgrade,Customer Referral,Confirm requirements,Closed,USD,Synthetic opportunity generated from aggregate CRM structure only.,2023-08-15T04:24:27Z,1,1,100.0,1340532.0,001pTLwbTFSx0AVIHA,,01sf902KvuoXgXtOGX,
006wgWgkluiAo5JA81,Brindlewave Westwind Regional Analytics - Integrated Pioneer Cloud Service Scale Zenith Expansion,Prospecting,2027-04-25,Existing Customer - Upgrade,Partner Referral,Prepare proposal,Pipeline,USD,Synthetic opportunity generated from aggregate CRM structure only.,2026-07-09T10:43:44Z,0,0,10.0,894974.07,001kC1LlUdj8c3zY68,,01sQ4LtuJF9K1vlMFT,0Q0x7YTIgp6zbd6KKX
006ytc8Tzkm2B1FI7V,Avenlo Brightwater Northern Logistics - Open Harbor Cloud Service Ultimate Cobalt New Business,Closed Won,2026-02-10,Existing Customer - Upgrade,Customer Referral,Finalize terms,Closed,USD,Synthetic opportunity generated from aggregate CRM structure only.,2025-06-08T02:55:41Z,1,1,100.0,550737.27,001vXGsLaTZksTjQHC,701AQ2IkwyckslOQQH,01sQ4LtuJF9K1vlMFT,
81tHjA0goD8mPAOI4W,Rivermark Clearpath Frontier Works - Quantum Compass Training Edge Pulse Expansion,Closed Lost,2024-05-12,Existing Customer - Renewal,Organic Search,Finalize terms,Closed,USD,Synthetic opportunity generated from aggregate CRM structure only.,2023-07-07T07:03:25Z,1,0,0.0,2053756.37,001g2MhymLdN59YQJG,,01sQ4LtuJF9K1vlMFT,0Q0igmIzAlucj9CKJI
006GwwCwriCRa0eQH8,Quarrylight Evergreen Worldwide Collective - Rapid Summit Cloud Service Foundation Atlas Expansion,Prospecting,2027-03-16,New Customer,Event,Confirm requirements,Pipeline,USD,Synthetic opportunity generated from aggregate CRM structure only.,2026-12-17T00:17:44Z,0,0,10.0,1476840.73,001j6nRokzRlCs1Y07,,01sf902KvuoXgXtOGX,
5005yFgckE1ceDbIAC,Peregrine Hollow Goldenleaf Southern Partners - Virtual Lattice Advisory Scale Horizon New Business,Prospecting,2026-09-24,New Customer,Web,Confirm requirements,Pipeline,USD,Synthetic opportunity generated from aggregate CRM structure only.,2025-07-22T12:24:26Z,0,0,10.0,597865.63,001v16OKJFuZcV0QCS,,01sLoYtuPuiAhJSKZN,0Q0cXIo8bvnlEfkSBN
006ohHAdK4zP49EA8O,Oakmere Ironwood Northern Analytics - Connected Ember Training Vertex Pulse New Business,Qualification,2027-06-19,Existing Customer - Renewal,Organic Search,Confirm requirements,Pipeline,USD,Synthetic opportunity generated from aggregate CRM structure only.,2026-10-09T13:02:44Z,0,0,20.0,509135.55,001BH0vNAlwEWFXALI,701R6fz0H7ZafwQI8S,01sQ4LtuJF9K1vlMFT,0Q0CwlmVB7xquKWSKB
72ijgTuOQZfAKVfAUQ,Novacairn Keystone Frontier Logistics - Dynamic Vertex Cloud Service Essential Aurora New Business,Value Proposition,2026-06-10,Existing Customer - Renewal,Event,Schedule review,Best Case,USD,Synthetic opportunity generated from aggregate CRM structure only.,2025-11-29T19:51:33Z,0,0,50.0,1057906.19,001PygtS3FHgKj8Q8G,701AUP2DWX9vWyrQNF,01sJqGPflRJqwqCPRW,
521ZomOuXMlyxiZY73,Morrowfen Moonridge Worldwide Systems - Integrated Orbit Data Platform Premier Ion New Business,Closed Won,2024-12-14,Existing Customer - Upgrade,Organic Search,Finalize terms,Closed,USD,Synthetic opportunity generated from aggregate CRM structure only.,2024-05-01T05:38:09Z,1,1,100.0,1658726.4,001I9h4vN2Mpc08I26,,01sLoYtuPuiAhJSKZN,0Q0uj2w0kfXPrPYCLE
006VnpdoBIZCpspASY,Latticebrook Redwood Southern Collective - Open Foundry Support Select Solstice Expansion,Needs Analysis,2026-07-08,Existing Customer - Renewal,Partner Referral,Prepare proposal,Pipeline,USD,Synthetic opportunity generated from aggregate CRM structure only.,2025-12-23T15:05:38Z,0,0,35.0,2005371.74,001qP46mGWsPnuOQ5R,701bmC3dSpPfuEkATE,01sf902KvuoXgXtOGX,
016C2EooReZg2WZYG1,Kestrel Arc Stonebridge Northern Partners - Quantum Beacon Training Vertex Aurora New Business,Closed Won,2026-03-12,Existing Customer - Upgrade,Customer Referral,Confirm requirements,Closed,USD,Synthetic opportunity generated from aggregate CRM structure only.,2025-06-18T00:56:46Z,1,1,100.0,2025214.86,001j6nRokzRlCs1Y07,7017jaJGBUyVDFxICV,01sf902KvuoXgXtOGX,
006iEGXOA99sU47IVZ,Juniper Vale Bluecrest Global Analytics - Rapid Pioneer Hardware Essential Meridian Renewal,Prospecting,2027-06-03,New Customer,Outbound,Prepare proposal,Pipeline,USD,Synthetic opportunity generated from aggregate CRM structure only.,2027-04-14T11:40:47Z,0,0,10.0,313963.36,001fPZTPr8lY6HWABF,,01sf902KvuoXgXtOGX,0Q04ly4acUuNe520ZU
80ipodFX8s3DDUoAAB,Ivorypine Clearpath Coastal Logistics - Virtual Harbor Advisory Premier Vector Renewal,Prospecting,2026-10-24,Existing Customer - Upgrade,Web,Finalize terms,Pipeline,USD,Synthetic opportunity generated from aggregate CRM structure only.,2026-08-01T22:22:17Z,0,0,10.0,1307198.95,001U9TwW1ZhV64GITA,,01sLoYtuPuiAhJSKZN,
81t16BtiGlvXBS6YOP,Harborlume Evergreen Summit Systems - Connected Compass Support Standard Cascade Renewal,Value Proposition,2026-10-30,Existing Customer - Upgrade,Partner Referral,Finalize terms,Best Case,USD,Synthetic opportunity generated from aggregate CRM structure only.,2025-09-01T10:56:43Z,0,0,50.0,1110607.83,001sxFqtMp1pxP6AMV,701uy02vAEj9sQvINI,01sf902KvuoXgXtOGX,
006hof4HCVUVLzkYA3,Glimmerforge Goldenleaf Pacific Collective - Dynamic Summit Hardware Core Nova New Business,Closed Lost,2026-04-29,New Customer,Customer Referral,Confirm requirements,Closed,USD,Synthetic opportunity generated from aggregate CRM structure only.,2025-11-14T03:56:10Z,1,0,0.0,2494340.95,001CmyWD3JXNdXOAM9,,01sf902KvuoXgXtOGX,
00648DMi3Wm3z6WIO7,Fablecrest Ironwood Global Partners - Integrated Lattice Support Enterprise Zenith New Business,Closed Won,2025-11-30,Existing Customer - Upgrade,Web,Schedule review,Closed,USD,Synthetic opportunity generated from aggregate CRM structure only.,2025-01-26T18:55:21Z,1,1,100.0,1177376.98,001g2MhymLdN59YQJG,,01sLoYtuPuiAhJSKZN,0Q0otvPvsiVRdfwCLU
7212FIzCSBHKWJ1A02,Evertrail Keystone Coastal Analytics - Open Ember Data Platform Professional Cobalt Expansion,Closed Won,2024-04-13,Existing Customer - Upgrade,Event,Prepare proposal,Closed,USD,Synthetic opportunity generated from aggregate CRM structure only.,2024-01-10T21:26:41Z,1,1,100.0,1794898.09,0017rl4CBbT95B0YG7,,01sQ4LtuJF9K1vlMFT,
006dY4sNsWid2GRAPM,Deltora Moonridge Summit Industries - Precision Vertex Support Standard Nova Expansion,Value Proposition,2026-10-15,Existing Customer - Upgrade,Customer Referral,Confirm requirements,Best Case,USD,Synthetic opportunity generated from aggregate CRM structure only.,2026-07-19T22:09:11Z,0,0,50.0,2092757.68,0012Sv7fgBrqn2tAX8,701JHaYdXRA67thQMW,01sQ4LtuJF9K1vlMFT,
501bkOpDbyTdSMSQS1,Cinderquill Redwood Pacific Systems - Rapid Orbit Cloud Service Core Atlas New Business,Qualification,2026-12-26,New Customer,Customer Referral,Finalize terms,Pipeline,USD,Synthetic opportunity generated from aggregate CRM structure only.,2026-09-10T06:04:48Z,0,0,20.0,1021793.64,001pOXC8pNylRaRY5A,701AUDOzK5kG0AQQW3,01sf902KvuoXgXtOGX,
726XozNERgAAZDlIZ8,Brindlewave Stonebridge Global Collective - Virtual Foundry Support Enterprise Horizon Renewal,Negotiation/Review,2026-06-11,Existing Customer - Upgrade,Organic Search,Schedule review,Commit,USD,Synthetic opportunity generated from aggregate CRM structure only.,2025-04-14T11:28:37Z,0,0,75.0,1968188.49,001C3SilogoPTPGIWX,,01sLoYtuPuiAhJSKZN,
81tA5YbVu1uMoiMI5D,Avenlo Bluecrest Eastern Partners - Connected Beacon Support Scale Pulse Expansion,Closed Won,2023-12-20,New Customer,Web,Schedule review,Closed,USD,Synthetic opportunity generated from aggregate CRM structure only.,2023-08-26T11:53:06Z,1,1,100.0,890359.07,001Pv3IESUoMrhiAAG,701v6UAElZEXzGdAI1,01sJqGPflRJqwqCPRW,
006wQ7Ukj2LoQvbAU2,Rivermark Brightwater Western Works - Dynamic Pioneer Support Ultimate Atlas New Business,Qualification,2026-08-16,New Customer,Customer Referral,Finalize terms,Pipeline,USD,Synthetic opportunity generated from aggregate CRM structure only.,2025-12-14T11:36:07Z,0,0,20.0,1439294.56,001rvlO3y0uELfOAW4,,01sf902KvuoXgXtOGX,0Q0AEbT2apDp2dVKUG
726CAuE2OX9ciQtAAC,Quarrylight Copperfield Regional Industries - Integrated Harbor Cloud Service Edge Ion Renewal,Closed Lost,2026-02-09,New Customer,Partner Referral,Finalize terms,Closed,USD,Synthetic opportunity generated from aggregate CRM structure only.,2025-10-14T14:49:46Z,1,0,0.0,2271608.53,001LT9I3sxXG212YUI,701T7xJocH3zs1NQYF,01sLoYtuPuiAhJSKZN,
52th6NaZzpxGAvAY03,Peregrine Hollow Farpoint Lakeside Systems - Open Compass Cloud Service Foundation Solstice Renewal,Value Proposition,2026-05-06,Existing Customer - Upgrade,Customer Referral,Confirm requirements,Best Case,USD,Synthetic opportunity generated from aggregate CRM structure only.,2025-01-27T06:47:11Z,0,0,50.0,2385286.57,001F0saAL86T3h5IUF,7017OD7USLqvwTSQ40,01sLoYtuPuiAhJSKZN,0Q0ggUfHkhyuSY5CJ7
006hEzKERT2fiQWAH9,Oakmere Highland Eastern Collective - Precision Summit Data Platform Scale Aurora Expansion,Negotiation/Review,2026-05-14,Existing Customer - Upgrade,Organic Search,Finalize terms,Commit,USD,Synthetic opportunity generated from aggregate CRM structure only.,2025-10-12T18:04:29Z,0,0,75.0,1482012.54,001OPKDJQJag0BvIDS,7013ji5fs9KRMNZIMZ,01sf902KvuoXgXtOGX,0Q0ibLjAwd2jmCO00I
006rUY5OiC5YhNEA7B,Novacairn Juniper Western Logistics - Rapid Lattice Training Ultimate Ion Renewal,Negotiation/Review,2026-10-21,New Customer,Organic Search,Finalize terms,Commit,USD,Synthetic opportunity generated from aggregate CRM structure only.,2025-12-22T13:54:55Z,0,0,75.0,2467271.45,001FHyBhLc8CzxgIVO,,01sLoYtuPuiAhJSKZN,0Q0rJBOE4iLAyXdS3O
006ccAkWsnFcxaCAY0,Morrowfen Longview Regional Works - Virtual Ember Support Edge Vector New Business,Prospecting,2026-08-01,Existing Customer - Upgrade,Partner Referral,Schedule review,Pipeline,USD,Synthetic opportunity generated from aggregate CRM structure only.,2026-05-27T04:17:25Z,0,0,10.0,2080158.84,001MetGBUEn7phAIPH,701WVcR9nBSbxB9QPQ,01sQ4LtuJF9K1vlMFT,0Q0cFN38yUGB5XASG3
006Kb7zxzNgZlCmY62,Latticebrook Northstar Lakeside Industries - Adaptive Vertex Hardware Premier Cascade New Business,Value Proposition,2026-09-04,Existing Customer - Renewal,Customer Referral,Schedule review,Best Case,USD,Synthetic opportunity generated from aggregate CRM structure only.,2025-04-06T16:30:06Z,0,0,50.0,704582.13,001ZY5fWAv2Bxc1Q9C,,01sQ4LtuJF9K1vlMFT,
016Q4IB4dgbFOTrAV7,Kestrel Arc Silverline Eastern Systems - Dynamic Orbit Advisory Select Meridian Expansion,Value Proposition,2026-07-30,Existing Customer - Upgrade,Customer Referral,Finalize terms,Best Case,USD,Synthetic opportunity generated from aggregate CRM structure only.,2026-05-30T21:43:38Z,0,0,50.0,2404306.45,001Z9FmqrbfBXeVI9A,,01sf902KvuoXgXtOGX,0Q0rehZ6ywFiG0zCMY
72icO5RiRBZflxQYYM,Juniper Vale Westwind Western Analytics - Integrated Foundry Training Vertex Vector Renewal,Needs Analysis,2027-06-24,Existing Customer - Upgrade,Outbound,Confirm requirements,Pipeline,USD,Synthetic opportunity generated from aggregate CRM structure only.,2026-04-06T00:12:20Z,0,0,35.0,1895060.2,001OphrQTgtGmAPIMC,701AUP2DWX9vWyrQNF,01sLoYtuPuiAhJSKZN,0Q0UM5gKXmrvWB1KYY
006cKDAmVaeja9FQ08,Ivorypine Brightwater Southern Logistics - Open Beacon Training Essential Cobalt Renewal,Needs Analysis,2026-07-14,New Customer,Web,Schedule review,Pipeline,USD,Synthetic opportunity generated from aggregate CRM structure only.,2025-12-10T07:05:26Z,0,0,35.0,1970906.61,001gQSNxeXgntf7YR3,,01sQ4LtuJF9K1vlMFT,0Q0ndYLGrw18ZHhSLE
00iIXtwNrf2ood7QEH,Harborlume Copperfield Northern Works - Precision Pioneer Advisory Premier Nova Renewal,Closed Won,2024-10-18,New Customer,Outbound,Finalize terms,Closed,USD,Synthetic opportunity generated from aggregate CRM structure only.,2024-04-05T06:05:22Z,1,1,100.0,1472086.78,001EocC12jSBhyyIOU,,01sf902KvuoXgXtOGX,
006nvmOgHhSCkaAYYG,Glimmerforge Farpoint Frontier Industries - Rapid Harbor Support Select Zenith Expansion,Closed Lost,2022-07-29,Existing Customer - Renewal,Event,Finalize terms,Closed,USD,Synthetic opportunity generated from aggregate CRM structure only.,2021-11-27T19:17:33Z,1,0,0.0,1550768.29,001A42WSazTcqOlAN5,,01sQ4LtuJF9K1vlMFT,0Q0taYcTO7F6x7eCSG
006LCClSvJYXScBI8F,Fablecrest Highland Worldwide Partners - Virtual Compass Cloud Service Vertex Cobalt New Business,Needs Analysis,2026-06-01,Existing Customer - Upgrade,Event,Confirm requirements,Pipeline,USD,Synthetic opportunity generated from aggregate CRM structure only.,2025-01-15T00:02:34Z,0,0,35.0,1113508.66,001OphrQTgtGmAPIMC,,01sQ4LtuJF9K1vlMFT,0Q08pIlLEF4kWCAC38
811VQy3NZqgmmwwYEI,Evertrail Juniper Southern Analytics - Adaptive Summit Support Enterprise Pulse Renewal,Needs Analysis,2027-06-11,Existing Customer - Renewal,Event,Finalize terms,Pipeline,USD,Synthetic opportunity generated from aggregate CRM structure only.,2027-04-23T02:07:06Z,0,0,35.0,2332978.13,001MWcxAC2gFuxkIC7,,01sf902KvuoXgXtOGX,
006a5Tl3b6cYsnbYPA,Deltora Longview Northern Logistics - Dynamic Lattice Training Professional Atlas Expansion,Negotiation/Review,2026-12-10,Existing Customer - Renewal,Web,Prepare proposal,Commit,USD,Synthetic opportunity generated from aggregate CRM structure only.,2026-09-30T12:33:00Z,0,0,75.0,2346667.08,001Ivgehi2RhpxmIXK,701Dpaw66va6dUvYOQ,01sLoYtuPuiAhJSKZN,
006zBlVXRON0pu2IAG,Cinderquill Northstar Frontier Works - Integrated Ember Cloud Service Standard Horizon Renewal,Qualification,2026-09-23,Existing Customer - Upgrade,Partner Referral,Schedule review,Pipeline,USD,Synthetic opportunity generated from aggregate CRM structure only.,2026-07-08T23:09:24Z,0,0,20.0,1819631.73,001mfVgWjeDJGGOY8D,,01sQ4LtuJF9K1vlMFT,
516Cx2wqpjjPwLpIDO,Brindlewave Silverline Worldwide Collective - Modular Vertex Training Core Solstice Renewal,Qualification,2027-06-19,Existing Customer - Upgrade,Event,Schedule review,Pipeline,USD,Synthetic opportunity generated from aggregate CRM structure only.,2027-04-15T14:01:30Z,0,0,20.0,2212263.9,001oPLQgL6DtzXuQJ9,7019KuFdn10ijGjI2P,01sf902KvuoXgXtOGX,
006ZXiCJAluqaDxY2T,Avenlo Westwind Southern Partners - Precision Orbit Training Enterprise Aurora New Business,Needs Analysis,2027-03-10,Existing Customer - Renewal,Partner Referral,Prepare proposal,Pipeline,USD,Synthetic opportunity generated from aggregate CRM structure only.,2025-12-05T12:49:16Z,0,0,35.0,1679547.7,001qn0PeVSegyj1AFD,,01sf902KvuoXgXtOGX,0Q0ZD1wV0hDMELxK3U
006kAGeAabJUDUDIQL,Rivermark Bluecrest Pacific Analytics - Rapid Foundry Hardware Professional Ion New Business,Qualification,2026-08-12,New Customer,Web,Prepare proposal,Pipeline,USD,Synthetic opportunity generated from aggregate CRM structure only.,2026-01-24T23:10:29Z,0,0,20.0,1158501.93,0019ojrY0cvCQ2UQ6L,,01sQ4LtuJF9K1vlMFT,
80189GKnKw0VwCqQPJ,Quarrylight Clearpath Global Logistics - Virtual Beacon Advisory Standard Solstice Expansion,Needs Analysis,2026-11-10,New Customer,Event,Prepare proposal,Pipeline,USD,Synthetic opportunity generated from aggregate CRM structure only.,2026-07-01T06:30:41Z,0,0,35.0,860188.92,001jIiXAhBEHXIPYQP,,01sf902KvuoXgXtOGX,
516T1jyYjH3KRCII9F,Peregrine Hollow Evergreen Coastal Works - Adaptive Pioneer Data Platform Edge Cascade Expansion,Needs Analysis,2026-08-17,Existing Customer - Renewal,Web,Schedule review,Pipeline,USD,Synthetic opportunity generated from aggregate CRM structure only.,2026-06-11T01:42:45Z,0,0,35.0,2080890.74,0010jBSxx9cNJfJI6H,,01sf902KvuoXgXtOGX,
70t6zfJDK7qD6LOI8Q,Oakmere Goldenleaf Summit Collective - Dynamic Harbor Training Foundation Meridian New Business,Needs Analysis,2026-08-19,Existing Customer - Renewal,Customer Referral,Finalize terms,Pipeline,USD,Synthetic opportunity generated from aggregate CRM structure only.,2026-06-16T09:23:54Z,0,0,35.0,1264000.88,001GJ2vwlaXONX0IFT,,01sLoYtuPuiAhJSKZN,
71iJPUzw352cqhrI4P,Novacairn Ironwood Pacific Partners - Integrated Compass Training Scale Vector New Business,Prospecting,2027-04-09,Existing Customer - Renewal,Outbound,Schedule review,Pipeline,USD,Synthetic opportunity generated from aggregate CRM structure only.,2026-08-24T13:13:14Z,0,0,10.0,1610772.5,001gQSNxeXgntf7YR3,,01sf902KvuoXgXtOGX,
006KvgqOCDEtXcYI4R,Morrowfen Keystone Global Analytics - Modular Summit Cloud Service Ultimate Cascade Expansion,Qualification,2026-08-22,Existing Customer - Upgrade,Organic Search,Confirm requirements,Pipeline,USD,Synthetic opportunity generated from aggregate CRM structure only.,2026-06-02T13:34:05Z,0,0,20.0,2334116.04,001XFpYyxD2bjtqY54,,01sQ4LtuJF9K1vlMFT,0Q0OfDg8xIfn6V2KXN
021bXGgw3Tw5UXiIIS,Latticebrook Moonridge Coastal Logistics - Precision Lattice Advisory Edge Nova New Business,Negotiation/Review,2027-03-02,Existing Customer - Renewal,Organic Search,Schedule review,Commit,USD,Synthetic opportunity generated from aggregate CRM structure only.,2026-10-28T07:00:17Z,0,0,75.0,424935.66,001mfVgWjeDJGGOY8D,,01sQ4LtuJF9K1vlMFT,
000PVtknOKI3BHaY58,Kestrel Arc Redwood Summit Systems - Rapid Ember Training Foundation Zenith Renewal,Closed Won,2024-08-31,Existing Customer - Upgrade,Partner Referral,Schedule review,Closed,USD,Synthetic opportunity generated from aggregate CRM structure only.,2024-04-21T16:13:48Z,1,1,100.0,689507.89,001qD5B1fJ8KUKBIVO,,01sLoYtuPuiAhJSKZN,
00txp86s8wpYXDTQ8N,Juniper Vale Stonebridge Pacific Collective - Unified Vertex Training Scale Cobalt Renewal,Negotiation/Review,2026-09-24,Existing Customer - Upgrade,Organic Search,Prepare proposal,Commit,USD,Synthetic opportunity generated from aggregate CRM structure only.,2025-10-07T19:34:39Z,0,0,75.0,862418.81,001IGpX26HWSL0HQPY,701GCHw920l26V2I77,01sQ4LtuJF9K1vlMFT,
001ib7FXZt0jhJBYVP,Ivorypine Bluecrest Lakeside Partners - Adaptive Orbit Support Vertex Nova New Business,Closed Lost,2022-07-18,Existing Customer - Renewal,Event,Schedule review,Closed,USD,Synthetic opportunity generated from aggregate CRM structure only.,2021-10-09T02:31:12Z,1,0,0.0,343603.35,001WRBucYD7svO6IN5,701qSlEpW8tT5lJI6V,01sLoYtuPuiAhJSKZN,0Q0VaavVLaZAmfnKME
000wqpYfzH5iNPNYAV,Harborlume Clearpath Eastern Analytics - Dynamic Foundry Training Essential Atlas Expansion,Closed Lost,2023-06-11,Existing Customer - Renewal,Partner Referral,Confirm requirements,Closed,USD,Synthetic opportunity generated from aggregate CRM structure only.,2022-06-14T07:36:27Z,1,0,0.0,310793.56,0011JBrPJ5YTub6QBD,7017jaJGBUyVDFxICV,01sLoYtuPuiAhJSKZN,0Q0JSUfQ5AkkbmjSK3
021UsjaVO0HzQqsIX9,Glimmerforge Evergreen Western Industries - Integrated Beacon Cloud Service Premier Horizon New Business,Prospecting,2027-06-24,Existing Customer - Renewal,Event,Schedule review,Pipeline,USD,Synthetic opportunity generated from aggregate CRM structure only.,2026-03-16T23:13:45Z,0,0,10.0,1245839.94,001IDl2DWYpmmF7QG7,,01sf902KvuoXgXtOGX,0Q0lG4ANwIHTEZlS6G
006gB9wvQnV0b9WIDU,Fablecrest Goldenleaf Regional Systems - Modular Pioneer Advisory Select Pulse New Business,Prospecting,2026-06-10,Existing Customer - Upgrade,Web,Prepare proposal,Pipeline,USD,Synthetic opportunity generated from aggregate CRM structure only.,2025-09-29T02:01:37Z,0,0,10.0,1098190.65,001YbEX62vgcJCrQQH,,01sQ4LtuJF9K1vlMFT,0Q0pnoTO4S28rgmCN5
006bTA3vh2T3OWCYU1,Evertrail Ironwood Lakeside Collective - Precision Harbor Support Vertex Atlas Renewal,Closed Lost,2025-05-12,Existing Customer - Renewal,Web,Schedule review,Closed,USD,Synthetic opportunity generated from aggregate CRM structure only.,2024-08-21T04:21:02Z,1,0,0.0,1773161.69,001Ql5gfswhLAUiIZH,,01sf902KvuoXgXtOGX,
71tHROrc8FGINvpYXY,Deltora Keystone Eastern Partners - Rapid Compass Cloud Service Essential Ion Expansion,Closed Lost,2022-11-19,Existing Customer - Upgrade,Web,Prepare proposal,Closed,USD,Synthetic opportunity generated from aggregate CRM structure only.,2022-05-11T10:01:19Z,1,0,0.0,1356597.04,001KQsenOWHB4fuQM5,,01sf902KvuoXgXtOGX,
006WIBRSsOcAh4YA3G,Cinderquill Moonridge Western Works - Unified Summit Support Premier Solstice Expansion,Closed Lost,2026-04-25,New Customer,Partner Referral,Schedule review,Closed,USD,Synthetic opportunity generated from aggregate CRM structure only.,2025-07-23T18:05:23Z,1,0,0.0,1236032.27,0011erzQJKIYYG5AUC,701OLah01F81qKCQ4B,01sf902KvuoXgXtOGX,0Q0iVmamrEmWHwrKRV
00isjDp7DggNzxqQ1K,Brindlewave Redwood Regional Industries - Adaptive Lattice Training Standard Aurora Expansion,Needs Analysis,2027-01-28,Existing Customer - Renewal,Web,Confirm requirements,Pipeline,USD,Synthetic opportunity generated from aggregate CRM structure only.,2026-01-15T10:48:02Z,0,0,35.0,1912590.45,001yGC8xttQVvNRYNT,,01sQ4LtuJF9K1vlMFT,0Q0Vv1FzGanrCz007F
006nEs62kO0ZXqjYFL,Avenlo Stonebridge Lakeside Systems - Dynamic Ember Advisory Core Meridian New Business,Closed Lost,2026-05-02,New Customer,Outbound,Prepare proposal,Closed,USD,Synthetic opportunity generated from aggregate CRM structure only.,2026-03-13T11:23:58Z,1,0,0.0,593494.83,001zBr7D0amNm8PY72,,01sf902KvuoXgXtOGX,0Q01EiKaY48fotlSX3
816QSg0GF2pqQnfIKH,Rivermark Westwind Eastern Collective - Elastic Vertex Hardware Enterprise Vector Renewal,Qualification,2027-01-20,New Customer,Organic Search,Finalize terms,Pipeline,USD,Synthetic opportunity generated from aggregate CRM structure only.,2025-08-26T23:41:52Z,0,0,20.0,363065.09,001cnLEQk5pZMibQH2,,01sLoYtuPuiAhJSKZN,
006iWV30970o6cqI0H,Quarrylight Brightwater Worldwide Logistics - Modular Orbit Cloud Service Professional Cascade Expansion,Closed Won,2025-02-13,Existing Customer - Renewal,Outbound,Schedule review,Closed,USD,Synthetic opportunity generated from aggregate CRM structure only.,2024-11-25T20:47:48Z,1,1,100.0,2136776.77,001n3aMHCveux7aI17,,01sQ4LtuJF9K1vlMFT,0Q0JxI2OvSAaRWvCXW
52tPmQukA58S2sxYT9,Peregrine Hollow Copperfield Southern Works - Precision Foundry Cloud Service Standard Meridian New Business,Qualification,2027-02-28,New Customer,Partner Referral,Finalize terms,Pipeline,USD,Synthetic opportunity generated from aggregate CRM structure only.,2026-11-12T22:43:22Z,0,0,20.0,1641463.27,001iMYD4nOjTT4yIZO,,01sQ4LtuJF9K1vlMFT,
006rPsu3iav7FCLQ6P,Oakmere Farpoint Northern Industries - Rapid Beacon Advisory Core Zenith New Business,Negotiation/Review,2027-04-14,New Customer,Organic Search,Prepare proposal,Commit,USD,Synthetic opportunity generated from aggregate CRM structure only.,2026-03-19T14:28:23Z,0,0,75.0,2336211.07,001tvKQbYklnB9tY2P,,01sf902KvuoXgXtOGX,0Q0uQoMfQ45F1ZGSNJ
01iyRlIGRzmILgdI6F,Novacairn Highland Frontier Systems - Unified Pioneer Data Platform Enterprise Cobalt Expansion,Prospecting,2026-05-10,Existing Customer - Upgrade,Partner Referral,Prepare proposal,Pipeline,USD,Synthetic opportunity generated from aggregate CRM structure only.,2025-07-25T20:43:47Z,0,0,10.0,2435794.26,,701N6uFobcPgkYOQHR,01sQ4LtuJF9K1vlMFT,
511cHYiBkget9ekI13,Morrowfen Juniper Worldwide Analytics - Adaptive Harbor Advisory Scale Nova Expansion,Value Proposition,2026-07-17,Existing Customer - Renewal,Web,Prepare proposal,Best Case,USD,Synthetic opportunity generated from aggregate CRM structure only.,2025-01-31T05:11:04Z,0,0,50.0,327443.98,001I9h4vN2Mpc08I26,701eYR0IxKvWggxING,01sQ4LtuJF9K1vlMFT,
006DWcdP5R43VoTQK6,Latticebrook Longview Southern Logistics - Dynamic Compass Data Platform Ultimate Zenith Renewal,Value Proposition,2027-03-21,Existing Customer - Renewal,Organic Search,Finalize terms,Best Case,USD,Synthetic opportunity generated from aggregate CRM structure only.,2026-01-12T20:49:18Z,0,0,50.0,827885.34,001yQSD3rwvt3ZBAV9,7019KuFdn10ijGjI2P,01sQ4LtuJF9K1vlMFT,
006oAJsAbMdLn7iAI5,Kestrel Arc Northstar Northern Works - Elastic Summit Cloud Service Edge Horizon Expansion,Closed Won,2026-02-25,Existing Customer - Upgrade,Outbound,Schedule review,Closed,USD,Synthetic opportunity generated from aggregate CRM structure only.,2025-08-16T18:38:58Z,1,1,100.0,881537.56,001H8DiQNUTC9JGQA0,701uy02vAEj9sQvINI,01sQ4LtuJF9K1vlMFT,
006dQz5h9fiAJJaY20,Juniper Vale Silverline Frontier Industries - Modular Lattice Data Platform Foundation Pulse Expansion,Qualification,2026-09-07,Existing Customer - Renewal,Event,Confirm requirements,Pipeline,USD,Synthetic opportunity generated from aggregate CRM structure only.,2025-04-08T22:27:01Z,0,0,20.0,156451.94,001Y7WfxpecwwzUQ8R,701316oqPXGTr5DIOR,01sQ4LtuJF9K1vlMFT,
006pJUzbZ2p7iaMA19,Ivorypine Westwind Worldwide Partners - Precision Ember Advisory Scale Atlas New Business,Qualification,2026-08-19,Existing Customer - Upgrade,Partner Referral,Finalize terms,Pipeline,USD,Synthetic opportunity generated from aggregate CRM structure only.,2026-07-04T05:37:39Z,0,0,20.0,1237351.55,001mOakw0eBtWL3I8G,,01sJqGPflRJqwqCPRW,0Q0TXTKatpjJO0CKTE
8265muEYKejVy6OYFL,Harborlume Brightwater Summit Analytics - Quantum Vertex Advisory Ultimate Horizon Renewal,Qualification,2027-01-29,Existing Customer - Renewal,Partner Referral,Schedule review,Pipeline,USD,Synthetic opportunity generated from aggregate CRM structure only.,2026-09-24T04:02:04Z,0,0,20.0,1877904.93,001Oil2EokU3tWpID9,701AUDOzK5kG0AQQW3,01sf902KvuoXgXtOGX,
71iX3qS4baYggv7AN6,Glimmerforge Copperfield Pacific Logistics - Unified Orbit Support Edge Solstice Renewal,Needs Analysis,2026-10-26,Existing Customer - Upgrade,Event,Schedule review,Pipeline,USD,Synthetic opportunity generated from aggregate CRM structure only.,2025-12-03T10:36:36Z,0,0,35.0,151457.79,001MPbzljMNLiv5QZV,701h4U4oQAUQUQiIO5,01sQ4LtuJF9K1vlMFT,0Q0m8KCIKoA0B5LCO5
006S5NkRrXpEHq6AYE,Fablecrest Farpoint Global Works - Adaptive Foundry Support Premier Aurora Expansion,Needs Analysis,2026-06-20,Existing Customer - Renewal,Web,Prepare proposal,Pipeline,USD,Synthetic opportunity generated from aggregate CRM structure only.,2026-02-02T02:12:40Z,0,0,35.0,2465379.3,001WHkVb04B78wfY3Q,,01sQ4LtuJF9K1vlMFT,
720YuKlN0x1ulxYY2I,Evertrail Highland Coastal Industries - Dynamic Beacon Support Select Ion Renewal,Negotiation/Review,2027-01-24,Existing Customer - Renewal,Outbound,Finalize terms,Commit,USD,Synthetic opportunity generated from aggregate CRM structure only.,2026-10-23T12:57:25Z,0,0,75.0,166347.9,001OphrQTgtGmAPIMC,7019g7m2YfxR5uxQ6M,01sQ4LtuJF9K1vlMFT,0Q0ZFVNdd6z2crKS9S
00668gpDpvuiMm0YT0,Deltora Juniper Summit Partners - Elastic Pioneer Cloud Service Vertex Solstice New Business,Closed Won,2024-09-16,Existing Customer - Upgrade,Customer Referral,Confirm requirements,Closed,USD,Synthetic opportunity generated from aggregate CRM structure only.,2023-10-16T20:41:58Z,1,1,100.0,1307372.0,0018MjZShtig55PAG6,701OLah01F81qKCQ4B,01sQ4LtuJF9K1vlMFT,0Q0oLFhhXMReePx040
006nkFuAiubILPBQD0,Cinderquill Longview Pacific Analytics - Modular Harbor Advisory Essential Cascade New Business,Prospecting,2026-12-20,Existing Customer - Renewal,Organic Search,Confirm requirements,Pipeline,USD,Synthetic opportunity generated from aggregate CRM structure only.,2025-08-22T15:15:04Z,0,0,10.0,270656.68,001b1XyoVMftFmnY3Z,,01sQ4LtuJF9K1vlMFT,
7266OMC0nv5jUJ0IZL,Brindlewave Northstar Global Logistics - Precision Compass Advisory Premier Meridian New Business,Negotiation/Review,2027-01-19,Existing Customer - Upgrade,Event,Finalize terms,Commit,USD,Synthetic opportunity generated from aggregate CRM structure only.,2025-10-24T22:12:24Z,0,0,75.0,1804319.82,001PygtS3FHgKj8Q8G,,01sQ4LtuJF9K1vlMFT,
006i4xVpYvfU5aYY8O,Avenlo Silverline Coastal Works - Quantum Summit Data Platform Select Vector Renewal,Needs Analysis,2026-11-13,Existing Customer - Upgrade,Customer Referral,Confirm requirements,Pipeline,USD,Synthetic opportunity generated from aggregate CRM structure only.,2026-07-06T01:09:57Z,0,0,35.0,511621.76,0014BI0PTpGJAb4ICJ,701Oiy0uiHpmTo7YI9,01sf902KvuoXgXtOGX,
801mn7LPXOVniJyI2X,Rivermark Stonebridge Summit Collective - Unified Lattice Data Platform Vertex Cascade Expansion,Needs Analysis,2027-01-09,New Customer,Customer Referral,Schedule review,Pipeline,USD,Synthetic opportunity generated from aggregate CRM structure only.,2026-07-02T09:11:00Z,0,0,35.0,453883.22,001LvVfPxnoy5b1YY0,,01sLoYtuPuiAhJSKZN,
006Xr51ApbSx6A3ANN,Quarrylight Bluecrest Regional Partners - Adaptive Ember Support Enterprise Nova Renewal,Closed Won,2024-09-02,New Customer,Web,Finalize terms,Closed,USD,Synthetic opportunity generated from aggregate CRM structure only.,2024-04-05T02:37:05Z,1,1,100.0,2302370.07,0017q85b1UbQ3zNQ8K,,01sLoYtuPuiAhJSKZN,
72tZRFHUoL5umGkI3B,Peregrine Hollow Clearpath Lakeside Analytics - Connected Vertex Support Professional Zenith Renewal,Negotiation/Review,2026-07-16,Existing Customer - Renewal,Partner Referral,Schedule review,Commit,USD,Synthetic opportunity generated from aggregate CRM structure only.,2025-03-19T05:37:20Z,0,0,75.0,2476937.0,001yU1qilS2HtnNQUW,,01sQ4LtuJF9K1vlMFT,
01tD1mF9ntG1JYcYGZ,Oakmere Evergreen Eastern Logistics - Elastic Orbit Cloud Service Standard Cobalt Renewal,Value Proposition,2026-08-27,Existing Customer - Upgrade,Outbound,Schedule review,Best Case,USD,Synthetic opportunity generated from aggregate CRM structure only.,2025-03-16T01:02:24Z,0,0,50.0,1784026.25,0017rl4CBbT95B0YG7,7014Mb0gQuVkT1cIP4,01sLoYtuPuiAhJSKZN,0Q0keFXZmDgj6FeKC7
021PvkDEsMHKEpFADA,Novacairn Goldenleaf Western Systems - Modular Foundry Cloud Service Core Pulse Renewal,Prospecting,2027-06-03,Existing Customer - Upgrade,Partner Referral,Confirm requirements,Pipeline,USD,Synthetic opportunity generated from aggregate CRM structure only.,2026-01-17T05:48:22Z,0,0,10.0,2108887.47,001oPLQgL6DtzXuQJ9,701gBvIFprDgdfxY18,01sf902KvuoXgXtOGX,
7203OQNAvLWnbb3Q5E,Morrowfen Ironwood Regional Collective - Precision Beacon Data Platform Enterprise Atlas Expansion,Closed Won,2024-05-26,New Customer,Organic Search,Finalize terms,Closed,USD,Synthetic opportunity generated from aggregate CRM structure only.,2023-10-14T15:16:49Z,1,1,100.0,1782330.34,001iIp10CH2rdjrQCH,,01sf902KvuoXgXtOGX,
02tzRDIDIBwiHFNQ86,Latticebrook Keystone Lakeside Partners - Quantum Pioneer Data Platform Professional Horizon Renewal,Needs Analysis,2027-05-17,Existing Customer - Renewal,Customer Referral,Confirm requirements,Pipeline,USD,Synthetic opportunity generated from aggregate CRM structure only.,2026-10-04T03:19:41Z,0,0,35.0,160360.48,0014rAjCuliftUBIPG,,01sQ4LtuJF9K1vlMFT,0Q0wnYyBHc5VeP6CMD
006OqIWWEYdLNVbIVD,Kestrel Arc Moonridge Eastern Analytics - Unified Harbor Support Standard Pulse New Business,Closed Won,2025-12-28,Existing Customer - Upgrade,Organic Search,Prepare proposal,Closed,USD,Synthetic opportunity generated from aggregate CRM structure only.,2025-02-22T19:36:37Z,1,1,100.0,952864.41,001rfSg90dRC6Q8Q6D,7014xC7ldfv7uGYYZO,01sJqGPflRJqwqCPRW,
006DHwiYViYgP7ZARD,Juniper Vale Redwood Western Industries - Adaptive Compass Advisory Edge Aurora New Business,Value Proposition,2027-03-15,New Customer,Web,Schedule review,Best Case,USD,Synthetic opportunity generated from aggregate CRM structure only.,2025-12-31T13:52:49Z,0,0,50.0,861762.65,001OR7GRtb417SOIE9,701QvNzI8kZyr86YGN,01sLoYtuPuiAhJSKZN,
006vJK10atp9GkpASS,Ivorypine Stonebridge Regional Systems - Connected Summit Advisory Foundation Ion New Business,Value Proposition,2026-09-23,Existing Customer - Upgrade,Partner Referral,Confirm requirements,Best Case,USD,Synthetic opportunity generated from aggregate CRM structure only.,2025-12-08T06:54:42Z,0,0,50.0,1720825.9,001KInyPfEAkhgcQEO,,01sQ4LtuJF9K1vlMFT,
0067aXW9gWvw28fQH9,Harborlume Bluecrest Northern Collective - Elastic Lattice Training Scale Solstice New Business,Negotiation/Review,2027-03-08,Existing Customer - Renewal,Customer Referral,Prepare proposal,Commit,USD,Synthetic opportunity generated from aggregate CRM structure only.,2026-05-24T01:52:47Z,0,0,75.0,2093718.26,001HHU7vcgZ8phtAW6,701rMiZr5gPnYq4I3U,01sQ4LtuJF9K1vlMFT,0Q0dHK8cl5UBxSBCFI
006NQJiNJvwvLwnAR1,Glimmerforge Clearpath Frontier Partners - Modular Ember Data Platform Ultimate Aurora Renewal,Closed Lost,2024-05-14,New Customer,Partner Referral,Prepare proposal,Closed,USD,Synthetic opportunity generated from aggregate CRM structure only.,2024-03-22T21:50:36Z,1,0,0.0,1720066.95,001ZY5fWAv2Bxc1Q9C,,01sQ4LtuJF9K1vlMFT,
006OJDGBAhw96rhQVY,Fablecrest Evergreen Worldwide Works - Open Vertex Data Platform Edge Meridian Renewal,Closed Lost,2025-04-22,Existing Customer - Renewal,Customer Referral,Prepare proposal,Closed,USD,Synthetic opportunity generated from aggregate CRM structure only.,2024-08-08T12:10:39Z,1,0,0.0,2475531.85,001IPJgib6XfdIUAAZ,,01sLoYtuPuiAhJSKZN,
006lBYVFDwbaYhqI0M,Evertrail Goldenleaf Southern Industries - Quantum Orbit Data Platform Foundation Vector New Business,Closed Lost,2024-09-01,Existing Customer - Upgrade,Web,Prepare proposal,Closed,USD,Synthetic opportunity generated from aggregate CRM structure only.,2023-11-21T20:40:56Z,1,0,0.0,2165189.32,001DmIO5EqT4tawY4D,,01sQ4LtuJF9K1vlMFT,0Q0WC3BsOdZygtf0ZG
716abaFu5JRwcMCIE0,Deltora Ironwood Northern Systems - Unified Foundry Advisory Scale Cascade New Business,Value Proposition,2026-12-20,Existing Customer - Upgrade,Web,Schedule review,Best Case,USD,Synthetic opportunity generated from aggregate CRM structure only.,2025-11-10T20:51:34Z,0,0,50.0,595913.36,001JiaHmTdr5UrJQQJ,,01sQ4LtuJF9K1vlMFT,
006Vcdg7CRfFBoXYD1,Cinderquill Keystone Frontier Collective - Adaptive Beacon Support Vertex Meridian Expansion,Closed Lost,2026-03-13,Existing Customer - Renewal,Outbound,Confirm requirements,Closed,USD,Synthetic opportunity generated from aggregate CRM structure only.,2025-06-18T06:49:48Z,1,0,0.0,1633317.41,001OphrQTgtGmAPIMC,,01sf902KvuoXgXtOGX,
006eWEWXuAU9o6tY9T,Brindlewave Moonridge Worldwide Logistics - Connected Pioneer Training Essential Zenith Expansion,Needs Analysis,2026-06-30,New Customer,Organic Search,Finalize terms,Pipeline,USD,Synthetic opportunity generated from aggregate CRM structure only.,2025-10-27T12:09:01Z,0,0,35.0,540469.64,001mr80ElRqK1bZQVC,,01sLoYtuPuiAhJSKZN,
006wNYmybxjjNk5IFU,Avenlo Redwood Southern Works - Elastic Harbor Training Premier Cobalt Expansion,Value Proposition,2027-03-03,Existing Customer - Renewal,Organic Search,Confirm requirements,Best Case,USD,Synthetic opportunity generated from aggregate CRM structure only.,2026-05-06T04:32:20Z,0,0,50.0,1657797.96,001gcyiBi1aOx6uAJ7,,01sLoYtuPuiAhJSKZN,
006j4O7wvgZ0tltADF,Rivermark Silverline Northern Industries - Modular Compass Cloud Service Select Nova New Business,Prospecting,2027-01-27,New Customer,Customer Referral,Prepare proposal,Pipeline,USD,Synthetic opportunity generated from aggregate CRM structure only.,2026-11-15T11:35:06Z,0,0,10.0,2091703.9,001gQSNxeXgntf7YR3,701N6uFobcPgkYOQHR,01sQ4LtuJF9K1vlMFT,
726M3cS0So6xFBUAP5,Quarrylight Westwind Frontier Systems - Open Summit Advisory Vertex Zenith Renewal,Value Proposition,2026-10-31,Existing Customer - Renewal,Event,Confirm requirements,Best Case,USD,Synthetic opportunity generated from aggregate CRM structure only.,2026-01-21T02:32:24Z,0,0,50.0,131720.34,001oPLQgL6DtzXuQJ9,701LVVOQQeQAPERQND,01sQ4LtuJF9K1vlMFT,0Q0nZeutsmvpfsTKT6
501AfvHothHUh1WQ9N,Peregrine Hollow Brightwater Coastal Collective - Quantum Lattice Advisory Essential Horizon Renewal,Prospecting,2026-12-22,Existing Customer - Renewal,Event,Prepare proposal,Pipeline,USD,Synthetic opportunity generated from aggregate CRM structure only.,2026-04-18T05:49:39Z,0,0,10.0,642219.22,0018MjZShtig55PAG6,,01sf902KvuoXgXtOGX,
006VgjXEf7yEhSWQ2W,Oakmere Copperfield Summit Logistics - Unified Ember Advisory Premier Pulse Expansion,Value Proposition,2027-05-01,New Customer,Customer Referral,Finalize terms,Best Case,USD,Synthetic opportunity generated from aggregate CRM structure only.,2026-04-14T13:14:53Z,0,0,50.0,1638642.68,0012Mm2CXMo3FSXAIK,701iu7etaRTqbMlANW,01sLoYtuPuiAhJSKZN,0Q0PexNmEV3BMnAC2Z
006nnGvEDepIXmMIDB,Novacairn Farpoint Pacific Works - Virtual Vertex Training Select Atlas New Business,Value Proposition,2027-02-24,New Customer,Event,Confirm requirements,Best Case,USD,Synthetic opportunity generated from aggregate CRM structure only.,2026-01-17T04:59:48Z,0,0,50.0,1897223.95,001A42WSazTcqOlAN5,,01sf902KvuoXgXtOGX,
006CN4FCcpXFOdjYOC,Morrowfen Highland Global Industries - Connected Orbit Data Platform Core Ion Expansion,Closed Lost,2024-04-29,Existing Customer - Upgrade,Outbound,Schedule review,Closed,USD,Synthetic opportunity generated from aggregate CRM structure only.,2024-01-06T00:57:48Z,1,0,0.0,2353336.45,001JcZQ7uhRMVxxILW,701N6uFobcPgkYOQHR,01sLoYtuPuiAhJSKZN,0Q0XvaLlQZnFnTxCSA
006pFJpL7bJOER9YIK,Latticebrook Juniper Coastal Systems - Elastic Foundry Data Platform Enterprise Solstice Expansion,Closed Lost,2025-05-10,New Customer,Customer Referral,Prepare proposal,Closed,USD,Synthetic opportunity generated from aggregate CRM structure only.,2024-11-24T08:17:16Z,1,0,0.0,1859957.61,001tvKQbYklnB9tY2P,,01sQ4LtuJF9K1vlMFT,0Q0EMH4DhqmDyxbKNQ
006mkCMcB4KAGgUQ41,Kestrel Arc Longview Summit Analytics - Modular Beacon Cloud Service Professional Aurora Renewal,Qualification,2026-11-07,New Customer,Partner Referral,Confirm requirements,Pipeline,USD,Synthetic opportunity generated from aggregate CRM structure only.,2026-07-18T09:00:56Z,0,0,20.0,285047.01,001Ivgehi2RhpxmIXK,,01sf902KvuoXgXtOGX,
006mzWe58RdMo3xAFH,Juniper Vale Northstar Pacific Logistics - Open Pioneer Training Standard Ion Renewal,Value Proposition,2026-11-19,New Customer,Event,Confirm requirements,Best Case,USD,Synthetic opportunity generated from aggregate CRM structure only.,2026-02-11T13:11:50Z,0,0,50.0,2477555.51,001th7qwAjYM77cYBH,7016JVvcTYMBRjjQNA,01sf902KvuoXgXtOGX,
700aFWZ3nbrzjg8YUW,Ivorypine Silverline Global Works - Quantum Harbor Advisory Core Vector Expansion,Negotiation/Review,2026-07-27,New Customer,Web,Confirm requirements,Commit,USD,Synthetic opportunity generated from aggregate CRM structure only.,2025-05-24T14:20:14Z,0,0,75.0,82408.73,001eMGa7Y6CNd3wIQE,,01sQ4LtuJF9K1vlMFT,
706ThNDtIikLzwYIS4,Harborlume Westwind Coastal Industries - Unified Compass Training Enterprise Cascade New Business,Value Proposition,2026-05-31,New Customer,Web,Confirm requirements,Best Case,USD,Synthetic opportunity generated from aggregate CRM structure only.,2025-01-02T19:55:58Z,0,0,50.0,797056.69,001OPKDJQJag0BvIDS,,01sQ4LtuJF9K1vlMFT,0Q0RDdVj0fqoN3KC44
0066AMuIQTE5SLmQP2,Glimmerforge Brightwater Western Partners - Virtual Summit Cloud Service Professional Meridian Expansion,Prospecting,2027-02-14,New Customer,Customer Referral,Confirm requirements,Pipeline,USD,Synthetic opportunity generated from aggregate CRM structure only.,2026-06-10T21:37:33Z,0,0,10.0,2330535.16,001qb5RFrl2MvvDIYA,701T7xJocH3zs1NQYF,01sf902KvuoXgXtOGX,0Q0uE0UGYBQ9H96CK7
006qvENi2QSxhfgY96,Fablecrest Copperfield Regional Analytics - Connected Lattice Training Ultimate Vector Expansion,Qualification,2026-11-10,New Customer,Organic Search,Schedule review,Pipeline,USD,Synthetic opportunity generated from aggregate CRM structure only.,2025-06-11T08:57:29Z,0,0,20.0,2175991.98,001G40EGKjt7p96I7T,,01sLoYtuPuiAhJSKZN,
82iKI9N7Ofohz2WQLX,Evertrail Farpoint Lakeside Logistics - Elastic Ember Cloud Service Edge Cobalt New Business,Closed Won,2023-05-25,Existing Customer - Upgrade,Event,Confirm requirements,Closed,USD,Synthetic opportunity generated from aggregate CRM structure only.,2023-02-09T10:35:04Z,1,1,100.0,886113.16,001Ts4G5LvwmAxUY42,,01sLoYtuPuiAhJSKZN,
00194jd02fSe4ubYVT,Deltora Highland Eastern Works - Integrated Vertex Support Foundation Nova New Business,Closed Lost,2024-01-25,Existing Customer - Renewal,Web,Schedule review,Closed,USD,Synthetic opportunity generated from aggregate CRM structure only.,2023-01-27T12:16:35Z,1,0,0.0,1467092.4,001T48I5YauDsbqQZG,7010j7HiIFs5acMAA2,01sQ4LtuJF9K1vlMFT,
006AjJkIcXHvgtSARC,Cinderquill Juniper Western Collective - Open Orbit Cloud Service Scale Zenith New Business,Value Proposition,2027-05-25,Existing Customer - Renewal,Organic Search,Finalize terms,Best Case,USD,Synthetic opportunity generated from aggregate CRM structure only.,2027-02-10T01:22:57Z,0,0,50.0,1860477.41,001kaydhB78AJPJIWK,,01sf902KvuoXgXtOGX,
01665LIM3G7O2IEIRV,Brindlewave Longview Regional Partners - Quantum Foundry Cloud Service Ultimate Cobalt Renewal,Value Proposition,2026-05-27,New Customer,Partner Referral,Finalize terms,Best Case,USD,Synthetic opportunity generated from aggregate CRM structure only.,2026-02-04T14:48:24Z,0,0,50.0,1210006.36,001Hbp8pEhElgRqIO2,7017OD7USLqvwTSQ40,01sf902KvuoXgXtOGX,0Q0ViMJlR90Q47MSQM
006EJMe6nq0y8lIYL6,Avenlo Northstar Lakeside Analytics - Unified Beacon Support Edge Pulse Expansion,Value Proposition,2026-12-30,Existing Customer - Upgrade,Event,Schedule review,Best Case,USD,Synthetic opportunity generated from aggregate CRM structure only.,2026-02-25T03:20:33Z,0,0,50.0,2004244.43,001Jvw3QmMMOMA2IAG,,01sJqGPflRJqwqCPRW,
006OwjKiI3iGtZIQE2,Rivermark Redwood Eastern Logistics - Virtual Pioneer Training Foundation Atlas Renewal,Negotiation/Review,2026-06-12,Existing Customer - Renewal,Event,Finalize terms,Commit,USD,Synthetic opportunity generated from aggregate CRM structure only.,2026-05-08T19:51:50Z,0,0,75.0,712822.78,001g2MhymLdN59YQJG,,01sQ4LtuJF9K1vlMFT,0Q0qqrdKiTyy72P0FR
006RmQxRKNSn5fcIK7,Quarrylight Stonebridge Western Systems - Connected Harbor Data Platform Select Horizon Expansion,Closed Won,2023-02-25,Existing Customer - Upgrade,Event,Schedule review,Closed,USD,Synthetic opportunity generated from aggregate CRM structure only.,2022-12-12T03:32:25Z,1,1,100.0,1963441.04,001lpuGrFmSTBnuY0M,,01sf902KvuoXgXtOGX,0Q0Y6tabFrWGi7D04M
011EmMMoe4AiNxvI4S,Peregrine Hollow Bluecrest Southern Collective - Elastic Compass Training Vertex Pulse New Business,Negotiation/Review,2026-08-13,New Customer,Web,Finalize terms,Commit,USD,Synthetic opportunity generated from aggregate CRM structure only.,2025-02-28T06:03:02Z,0,0,75.0,2266336.78,001b9Ubd6IpdBJKANL,7010j7HiIFs5acMAA2,01sQ4LtuJF9K1vlMFT,0Q06xY0MhD10W2DS2A
006WbpAq9qY2un1YSC,Oakmere Clearpath Northern Partners - Integrated Summit Data Platform Essential Aurora New Business,Needs Analysis,2026-11-15,Existing Customer - Renewal,Customer Referral,Confirm requirements,Pipeline,USD,Synthetic opportunity generated from aggregate CRM structure only.,2026-09-15T11:07:33Z,0,0,35.0,69053.56,001pOXC8pNylRaRY5A,,01sQ4LtuJF9K1vlMFT,
006AhjwNWf11L56Y50,Novacairn Evergreen Frontier Analytics - Open Lattice Data Platform Premier Ion New Business,Qualification,2027-06-24,New Customer,Event,Confirm requirements,Pipeline,USD,Synthetic opportunity generated from aggregate CRM structure only.,2026-07-25T20:01:16Z,0,0,20.0,2031577.79,001LDOa8tzZhi9lQLS,7014xC7ldfv7uGYYZO,01sf902KvuoXgXtOGX,0Q0pqrxpZlRzfdu056
526spsRumdUQ8zFYUC,Morrowfen Goldenleaf Worldwide Industries - Quantum Ember Training Select Solstice Renewal,Closed Lost,2024-11-12,New Customer,Outbound,Finalize terms,Closed,USD,Synthetic opportunity generated from aggregate CRM structure only.,2024-01-16T22:57:31Z,1,0,0.0,1554656.15,001ckBA83DHLBWZQQX,7013ji5fs9KRMNZIMZ,01sf902KvuoXgXtOGX,0Q0E9sy1Lp28jvCCBB
006bTKPXwIZYQf0I05,Latticebrook Ironwood Southern Systems - Rapid Vertex Support Vertex Aurora New Business,Closed Won,2022-11-09,Existing Customer - Upgrade,Customer Referral,Schedule review,Closed,USD,Synthetic opportunity generated from aggregate CRM structure only.,2022-01-28T09:57:23Z,1,1,100.0,1556256.35,001aJFstC9yWgafQNG,701zPCT7q7BesAmYT9,01sf902KvuoXgXtOGX,
006i40zeIfRSBOZYW8,Kestrel Arc Keystone Northern Collective - Virtual Orbit Advisory Essential Meridian New Business,Qualification,2026-07-06,Existing Customer - Renewal,Outbound,Confirm requirements,Pipeline,USD,Synthetic opportunity generated from aggregate CRM structure only.,2025-02-14T17:44:55Z,0,0,20.0,732776.19,0018fHG08zFMfdsQ4N,701bmC3dSpPfuEkATE,01sLoYtuPuiAhJSKZN,0Q0bWHaVmzJr3ECK0O
0202YwTxfMWSyIKITV,Juniper Vale Moonridge Frontier Partners - Connected Foundry Hardware Professional Vector Expansion,Value Proposition,2027-01-12,Existing Customer - Renewal,Event,Prepare proposal,Best Case,USD,Synthetic opportunity generated from aggregate CRM structure only.,2025-07-22T01:53:05Z,0,0,50.0,2395054.82,001mfVgWjeDJGGOY8D,,01sf902KvuoXgXtOGX,
71iZ1906woYvO5yY9W,Ivorypine Redwood Worldwide Works - Elastic Beacon Advisory Standard Cascade Renewal,Needs Analysis,2027-04-17,Existing Customer - Upgrade,Outbound,Prepare proposal,Pipeline,USD,Synthetic opportunity generated from aggregate CRM structure only.,2026-04-21T04:43:05Z,0,0,35.0,2311994.6,001GikJVQQYFMgSI6M,701qSlEpW8tT5lJI6V,01sf902KvuoXgXtOGX,
006fPKoc4xFqcrcA4V,Harborlume Stonebridge Southern Industries - Integrated Pioneer Data Platform Core Nova Expansion,Needs Analysis,2026-07-19,Existing Customer - Upgrade,Partner Referral,Prepare proposal,Pipeline,USD,Synthetic opportunity generated from aggregate CRM structure only.,2025-07-15T21:54:15Z,0,0,35.0,2222925.43,001aJFstC9yWgafQNG,701JAQrUVjwb0lkIRC,01sQ4LtuJF9K1vlMFT,
0068LCGroma0otVQCZ,Glimmerforge Bluecrest Pacific Systems - Open Harbor Support Enterprise Zenith Expansion,Prospecting,2026-10-05,Existing Customer - Upgrade,Web,Schedule review,Pipeline,USD,Synthetic opportunity generated from aggregate CRM structure only.,2026-01-02T16:49:18Z,0,0,10.0,1688344.88,001Le6Z1bT7O20fIWC,,01sf902KvuoXgXtOGX,
0061UoLhoE9vnTnQ3L,Fablecrest Clearpath Global Collective - Quantum Compass Advisory Professional Cobalt Renewal,Closed Lost,2025-04-15,Existing Customer - Upgrade,Web,Schedule review,Closed,USD,Synthetic opportunity generated from aggregate CRM structure only.,2024-08-23T03:50:14Z,1,0,0.0,621238.33,001R0OuIWPEowdMYT2,,01sQ4LtuJF9K1vlMFT,
006S66EsU3sUtFGA9W,Evertrail Evergreen Coastal Partners - Rapid Summit Hardware Standard Nova Expansion,Needs Analysis,2027-02-13,Existing Customer - Renewal,Customer Referral,Schedule review,Pipeline,USD,Synthetic opportunity generated from aggregate CRM structure only.,2025-09-24T08:10:58Z,0,0,35.0,533412.25,001O9pjOr1MPWQwQSK,,01sLoYtuPuiAhJSKZN,0Q0nOsltH715Hy9KHU
016XNH4QZ7kxqA4YQL,Deltora Goldenleaf Summit Works - Virtual Lattice Advisory Core Atlas New Business,Closed Won,2025-09-07,Existing Customer - Upgrade,Organic Search,Prepare proposal,Closed,USD,Synthetic opportunity generated from aggregate CRM structure only.,2025-07-20T05:47:14Z,1,1,100.0,1632894.53,001Ts4G5LvwmAxUY42,,01sQ4LtuJF9K1vlMFT,
00tZLRdA6SIdImoI1T,Cinderquill Ironwood Pacific Industries - Connected Ember Hardware Foundation Horizon Renewal,Value Proposition,2026-12-08,Existing Customer - Upgrade,Partner Referral,Confirm requirements,Best Case,USD,Synthetic opportunity generated from aggregate CRM structure only.,2026-02-03T01:10:35Z,0,0,50.0,1243011.75,001I4vmxErKOgEQQME,701sbAyLwajaBknIUK,01sQ4LtuJF9K1vlMFT,
00632Bo1soYBvCPYRN,Brindlewave Keystone Global Systems - Dynamic Vertex Advisory Scale Pulse Expansion,Qualification,2026-09-04,Existing Customer - Renewal,Outbound,Schedule review,Pipeline,USD,Synthetic opportunity generated from aggregate CRM structure only.,2026-01-08T10:47:27Z,0,0,20.0,296080.71,001TtyIW37HieQzYDX,,01sLoYtuPuiAhJSKZN,
006HUswLQ6dv8goIE6,Avenlo Moonridge Coastal Collective - Integrated Orbit Cloud Service Ultimate Atlas Expansion,Needs Analysis,2026-10-28,New Customer,Web,Prepare proposal,Pipeline,USD,Synthetic opportunity generated from aggregate CRM structure only.,2026-03-16T06:59:45Z,0,0,35.0,2393896.95,001sAtRqmoa84s0IBV,,01sLoYtuPuiAhJSKZN,0Q0LsbjWA6rArCtSWW
500bA9JabGkX7DOYLZ,Rivermark Northstar Summit Logistics - Open Foundry Hardware Edge Ion Expansion,Prospecting,2027-06-27,Existing Customer - Upgrade,Event,Confirm requirements,Pipeline,USD,Synthetic opportunity generated from aggregate CRM structure only.,2027-02-27T18:09:50Z,0,0,10.0,850616.6,00144eZON6YVcQJIGY,,01sQ4LtuJF9K1vlMFT,
0065rza4huSvDFOYFJ,Quarrylight Silverline Pacific Works - Quantum Beacon Cloud Service Foundation Solstice Renewal,Negotiation/Review,2026-08-25,New Customer,Event,Finalize terms,Commit,USD,Synthetic opportunity generated from aggregate CRM structure only.,2026-06-03T16:37:03Z,0,0,75.0,2362854.23,001DvFcs2OCjLNHAFJ,,01sf902KvuoXgXtOGX,
0069FS87P3TelIHY31,Peregrine Hollow Westwind Global Industries - Rapid Pioneer Hardware Scale Aurora Expansion,Qualification,2026-07-10,Existing Customer - Upgrade,Web,Schedule review,Pipeline,USD,Synthetic opportunity generated from aggregate CRM structure only.,2025-02-20T21:30:32Z,0,0,20.0,1382878.65,001Pv3IESUoMrhiAAG,,01sLoYtuPuiAhJSKZN,
80tIwfuf51uL6FGQB6,Oakmere Brightwater Eastern Systems - Virtual Harbor Hardware Ultimate Ion New Business,Value Proposition,2027-02-20,Existing Customer - Renewal,Web,Confirm requirements,Best Case,USD,Synthetic opportunity generated from aggregate CRM structure only.,2026-07-16T00:29:18Z,0,0,50.0,1934211.04,0011y3R0qW4167MAMP,,01sf902KvuoXgXtOGX,
01tBe6YHqK3HBCaQ0M,Novacairn Copperfield Western Analytics - Connected Compass Advisory Essential Vector Renewal,Qualification,2027-01-27,New Customer,Web,Schedule review,Pipeline,USD,Synthetic opportunity generated from aggregate CRM structure only.,2025-09-29T04:22:18Z,0,0,20.0,2448193.24,001KKAmmyUimvp7AGR,,01sQ4LtuJF9K1vlMFT,
006jjkICVDTN6PqYR9,Morrowfen Farpoint Regional Logistics - Dynamic Summit Hardware Premier Cascade New Business,Negotiation/Review,2026-10-05,Existing Customer - Upgrade,Partner Referral,Finalize terms,Commit,USD,Synthetic opportunity generated from aggregate CRM structure only.,2026-05-05T17:34:41Z,0,0,75.0,1678201.41,001n8Q7o6w0wrFoIIH,701T7xJocH3zs1NQYF,01sQ4LtuJF9K1vlMFT,0Q00gUfP5MnAc6bSUP
72ik8dNleqayzEcQHA,Latticebrook Highland Lakeside Works - Integrated Lattice Training Select Meridian Expansion,Qualification,2026-12-10,Existing Customer - Upgrade,Organic Search,Confirm requirements,Pipeline,USD,Synthetic opportunity generated from aggregate CRM structure only.,2025-11-17T03:11:50Z,0,0,20.0,399518.65,001T48I5YauDsbqQZG,701623KY8ROVX35IU0,01sQ4LtuJF9K1vlMFT,
006cokd0oy31bp9YH0,Kestrel Arc Juniper Eastern Industries - Open Ember Cloud Service Vertex Vector New Business,Needs Analysis,2026-10-03,Existing Customer - Upgrade,Outbound,Schedule review,Pipeline,USD,Synthetic opportunity generated from aggregate CRM structure only.,2026-05-16T08:34:04Z,0,0,35.0,164505.77,001n8Q7o6w0wrFoIIH,701316oqPXGTr5DIOR,01sf902KvuoXgXtOGX,
706ILyC8RoCvI4iAL6,Juniper Vale Longview Western Partners - Precision Vertex Cloud Service Essential Cobalt New Business,Closed Won,2024-10-09,Existing Customer - Renewal,Customer Referral,Finalize terms,Closed,USD,Synthetic opportunity generated from aggregate CRM structure only.,2024-04-14T08:45:52Z,1,1,100.0,1713634.61,0014BI0PTpGJAb4ICJ,,01sLoYtuPuiAhJSKZN,0Q0zYjdxGGga55Z08D
006G8Xh0CODOy41Q3W,Ivorypine Northstar Regional Analytics - Rapid Orbit Hardware Premier Nova New Business,Negotiation/Review,2026-09-29,New Customer,Organic Search,Schedule review,Commit,USD,Synthetic opportunity generated from aggregate CRM structure only.,2026-07-26T22:59:35Z,0,0,75.0,1720622.95,0014xFF5q1fi7GwQMP,,01sf902KvuoXgXtOGX,
006IOh4OLmzOJyGA83,Harborlume Silverline Lakeside Logistics - Virtual Foundry Hardware Select Zenith Expansion,Negotiation/Review,2026-08-02,Existing Customer - Upgrade,Organic Search,Confirm requirements,Commit,USD,Synthetic opportunity generated from aggregate CRM structure only.,2025-08-07T03:31:05Z,0,0,75.0,1427914.48,001Q3kntrifzyYWI62,7016JVvcTYMBRjjQNA,01sQ4LtuJF9K1vlMFT,
006kC5VbUoxCiffYV3,Glimmerforge Westwind Eastern Works - Connected Beacon Hardware Core Horizon Expansion,Qualification,2026-12-27,New Customer,Organic Search,Prepare proposal,Pipeline,USD,Synthetic opportunity generated from aggregate CRM structure only.,2026-06-29T13:30:26Z,0,0,20.0,1351695.63,001DmIO5EqT4tawY4D,701JHaYdXRA67thQMW,01sQ4LtuJF9K1vlMFT,
001ubaEHL3G30ZJYB5,Fablecrest Brightwater Worldwide Collective - Dynamic Pioneer Support Enterprise Pulse Expansion,Value Proposition,2026-08-26,Existing Customer - Renewal,Customer Referral,Confirm requirements,Best Case,USD,Synthetic opportunity generated from aggregate CRM structure only.,2025-10-31T11:48:10Z,0,0,50.0,2439574.73,0018YzqdxvbgCoaYQU,,01sQ4LtuJF9K1vlMFT,
816DaGwevVKHATLIK3,Evertrail Copperfield Southern Partners - Integrated Harbor Support Professional Atlas New Business,Value Proposition,2027-06-22,Existing Customer - Upgrade,Partner Referral,Schedule review,Best Case,USD,Synthetic opportunity generated from aggregate CRM structure only.,2026-12-20T20:13:42Z,0,0,50.0,2433166.84,001MfuiALipgsrAIEL,701qSlEpW8tT5lJI6V,01sQ4LtuJF9K1vlMFT,
700nLoPgUoyjcN7Y8D,Deltora Farpoint Northern Analytics - Open Compass Hardware Standard Horizon Expansion,Needs Analysis,2026-07-06,Existing Customer - Upgrade,Organic Search,Schedule review,Pipeline,USD,Synthetic opportunity generated from aggregate CRM structure only.,2026-02-22T05:09:06Z,0,0,35.0,2430210.83,001G40EGKjt7p96I7T,,01sf902KvuoXgXtOGX,
5218kDGtvyPxwpRAE4,Cinderquill Highland Frontier Logistics - Precision Summit Data Platform Core Solstice Expansion,Closed Won,2026-01-11,Existing Customer - Renewal,Outbound,Prepare proposal,Closed,USD,Synthetic opportunity generated from aggregate CRM structure only.,2025-10-24T23:23:02Z,1,1,100.0,300875.32,001o5vm8lqkBKW6I3B,,01sf902KvuoXgXtOGX,0Q0d5Xsn8euYd9sKF1
51iReplUFZVxBL6YB6,Brindlewave Juniper Worldwide Systems - Rapid Lattice Support Enterprise Aurora Expansion,Needs Analysis,2026-12-14,Existing Customer - Upgrade,Web,Schedule review,Pipeline,USD,Synthetic opportunity generated from aggregate CRM structure only.,2026-08-27T09:13:35Z,0,0,35.0,27641.12,001kBV5ho7M1GOwA4E,,01sQ4LtuJF9K1vlMFT,
510u5Zwc07XQ5giQ7I,Avenlo Longview Southern Collective - Virtual Ember Data Platform Professional Ion Renewal,Negotiation/Review,2027-05-28,Existing Customer - Upgrade,Outbound,Schedule review,Commit,USD,Synthetic opportunity generated from aggregate CRM structure only.,2026-03-01T21:50:20Z,0,0,75.0,377187.06,001j6nRokzRlCs1Y07,,01sf902KvuoXgXtOGX,0Q08j4tDGnNMKFj0EC
006RDEKK5DqXkskAUM,Rivermark Moonridge Northern Partners - Adaptive Vertex Advisory Ultimate Solstice Renewal,Closed Lost,2025-07-18,New Customer,Partner Referral,Confirm requirements,Closed,USD,Synthetic opportunity generated from aggregate CRM structure only.,2024-09-30T10:33:43Z,1,0,0.0,1497769.91,001QMRyBoOV9ydJAFR,701JHaYdXRA67thQMW,01sLoYtuPuiAhJSKZN,
0061Ue1XaQ1ptTZIHJ,Quarrylight Redwood Frontier Analytics - Dynamic Orbit Advisory Edge Cascade New Business,Needs Analysis,2027-03-15,Existing Customer - Upgrade,Customer Referral,Confirm requirements,Pipeline,USD,Synthetic opportunity generated from aggregate CRM structure only.,2025-11-17T05:40:55Z,0,0,35.0,1535644.58,001mr80ElRqK1bZQVC,,01sLoYtuPuiAhJSKZN,
001UaIRIhbhJyYQQFB,Peregrine Hollow Stonebridge Worldwide Industries - Integrated Foundry Hardware Foundation Meridian New Business,Qualification,2026-07-18,Existing Customer - Renewal,Web,Confirm requirements,Pipeline,USD,Synthetic opportunity generated from aggregate CRM structure only.,2025-08-27T12:52:44Z,0,0,20.0,1304872.92,001uKtjv3QWz3nDQSN,,01sLoYtuPuiAhJSKZN,0Q0AL21To1LZ8BbSS7
82iSYQYHoA98FdPQOM,Oakmere Bluecrest Summit Systems - Open Beacon Advisory Scale Vector Expansion,Qualification,2026-07-22,New Customer,Partner Referral,Finalize terms,Pipeline,USD,Synthetic opportunity generated from aggregate CRM structure only.,2025-10-29T18:42:43Z,0,0,20.0,676364.63,001PcZ9V15a5LqkQLE,,01sQ4LtuJF9K1vlMFT,0Q0hQNnjnZiyKjg0OX
021E6l7PS6CcI0YY4H,Novacairn Clearpath Pacific Collective - Precision Pioneer Support Ultimate Cascade New Business,Prospecting,2027-02-23,Existing Customer - Renewal,Partner Referral,Confirm requirements,Pipeline,USD,Synthetic opportunity generated from aggregate CRM structure only.,2026-09-13T21:03:36Z,0,0,10.0,1289890.06,001LW8OXe6IEB5RAZR,,01sQ4LtuJF9K1vlMFT,0Q0SRiHeYzsLB9CCKF
0066DuiBGAmIFSQY8V,Morrowfen Evergreen Global Partners - Rapid Harbor Training Edge Nova Renewal,Prospecting,2027-02-10,New Customer,Partner Referral,Prepare proposal,Pipeline,USD,Synthetic opportunity generated from aggregate CRM structure only.,2025-09-11T05:00:00Z,0,0,10.0,2304857.16,001b9Ubd6IpdBJKANL,701eYR0IxKvWggxING,01sQ4LtuJF9K1vlMFT,0Q0UDqhL4GNa4NCCYH
52ijn69SPLo4ed5IRV,Latticebrook Goldenleaf Coastal Analytics - Virtual Compass Training Foundation Zenith Expansion,Qualification,2027-06-15,Existing Customer - Renewal,Customer Referral,Confirm requirements,Pipeline,USD,Synthetic opportunity generated from aggregate CRM structure only.,2026-07-24T10:02:23Z,0,0,20.0,376436.78,001G40EGKjt7p96I7T,701VENsf4RdiXcPYUH,01sf902KvuoXgXtOGX,0Q0Vzboemqnh1ZpK6X
006HQn08X5TuPmrAN8,Kestrel Arc Ironwood Summit Industries - Adaptive Summit Data Platform Select Cobalt Renewal,Prospecting,2027-03-17,New Customer,Customer Referral,Finalize terms,Pipeline,USD,Synthetic opportunity generated from aggregate CRM structure only.,2026-12-14T10:36:09Z,0,0,10.0,1724739.72,0014BI0PTpGJAb4ICJ,,01sLoYtuPuiAhJSKZN,
006v3y5DCRHiklgQI1,Juniper Vale Keystone Pacific Systems - Dynamic Lattice Support Vertex Nova Expansion,Value Proposition,2026-10-19,New Customer,Event,Schedule review,Best Case,USD,Synthetic opportunity generated from aggregate CRM structure only.,2025-11-28T21:09:36Z,0,0,50.0,1592011.96,001iWJjSJhQ7PeuAR2,,01sf902KvuoXgXtOGX,
026afXqJsqApMTbYMJ,Ivorypine Moonridge Global Collective - Integrated Ember Support Essential Atlas Renewal,Prospecting,2026-12-29,New Customer,Outbound,Schedule review,Pipeline,USD,Synthetic opportunity generated from aggregate CRM structure only.,2026-09-21T17:55:34Z,0,0,10.0,2052730.42,0014BI0PTpGJAb4ICJ,701bmC3dSpPfuEkATE,01sQ4LtuJF9K1vlMFT,0Q0rmEZMOc7NJtsSM6
006PpywtLUcBv3OAD9,Harborlume Redwood Coastal Partners - Modular Vertex Advisory Premier Horizon Expansion,Needs Analysis,2027-02-07,Existing Customer - Upgrade,Customer Referral,Schedule review,Pipeline,USD,Synthetic opportunity generated from aggregate CRM structure only.,2026-10-13T11:35:43Z,0,0,35.0,1088212.15,001PygtS3FHgKj8Q8G,,01sf902KvuoXgXtOGX,
006WGh02n41XCGAY2B,Glimmerforge Stonebridge Summit Works - Precision Orbit Training Select Pulse New Business,Closed Won,2025-03-16,New Customer,Outbound,Schedule review,Closed,USD,Synthetic opportunity generated from aggregate CRM structure only.,2024-09-04T07:41:09Z,1,1,100.0,1331841.46,0017rl4CBbT95B0YG7,,01sf902KvuoXgXtOGX,
006JTQBp51Wg4qTYD6,Fablecrest Bluecrest Regional Industries - Rapid Foundry Cloud Service Vertex Atlas Renewal,Qualification,2026-11-13,Existing Customer - Upgrade,Web,Confirm requirements,Pipeline,USD,Synthetic opportunity generated from aggregate CRM structure only.,2025-07-16T01:21:29Z,0,0,20.0,1634165.86,001paldePwcfVa7AJJ,701zPCT7q7BesAmYT9,01sf902KvuoXgXtOGX,0Q03AyWO4RVVONiCQQ
006qbKmy2UA4PO7Y8F,Evertrail Clearpath Lakeside Systems - Virtual Beacon Data Platform Essential Ion Expansion,Value Proposition,2027-06-06,New Customer,Event,Prepare proposal,Best Case,USD,Synthetic opportunity generated from aggregate CRM structure only.,2027-02-18T05:33:11Z,0,0,50.0,636985.15,001lpuGrFmSTBnuY0M,,01sQ4LtuJF9K1vlMFT,
006yjjkxIJr8JLMA8T,Deltora Evergreen Eastern Collective - Adaptive Pioneer Cloud Service Professional Solstice New Business,Needs Analysis,2026-11-24,Existing Customer - Upgrade,Partner Referral,Schedule review,Pipeline,USD,Synthetic opportunity generated from aggregate CRM structure only.,2026-07-01T01:12:08Z,0,0,35.0,1861838.0,001kBV5ho7M1GOwA4E,,01sQ4LtuJF9K1vlMFT,
52iSMK7oqeKqINBQ80,Cinderquill Goldenleaf Western Logistics - Dynamic Harbor Advisory Standard Aurora Expansion,Prospecting,2026-05-27,New Customer,Partner Referral,Schedule review,Pipeline,USD,Synthetic opportunity generated from aggregate CRM structure only.,2025-02-22T05:25:12Z,0,0,10.0,126294.63,001v3PBn9EDl48XQNP,,01sLoYtuPuiAhJSKZN,
006MMRYM6xOguWEQLD,Brindlewave Ironwood Regional Works - Integrated Compass Hardware Core Meridian Renewal,Closed Lost,2025-01-31,Existing Customer - Upgrade,Customer Referral,Prepare proposal,Closed,USD,Synthetic opportunity generated from aggregate CRM structure only.,2024-09-10T16:49:40Z,1,0,0.0,2236096.78,001Mpzq9x2yVI5HAED,701VENsf4RdiXcPYUH,01sQ4LtuJF9K1vlMFT,
006oKygqAo4BEx7Y25,Avenlo Keystone Lakeside Industries - Modular Summit Data Platform Enterprise Vector New Business,Negotiation/Review,2027-04-28,Existing Customer - Renewal,Outbound,Confirm requirements,Commit,USD,Synthetic opportunity generated from aggregate CRM structure only.,2025-12-30T01:36:36Z,0,0,75.0,1965339.26,001b1XyoVMftFmnY3Z,,01sf902KvuoXgXtOGX,
006dt5gzEooGwX4QWB,Rivermark Longview Eastern Systems - Precision Lattice Advisory Professional Cascade Expansion,Needs Analysis,2026-11-26,Existing Customer - Upgrade,Partner Referral,Schedule review,Pipeline,USD,Synthetic opportunity generated from aggregate CRM structure only.,2026-01-13T16:14:55Z,0,0,35.0,558227.95,0018MjZShtig55PAG6,701v6UAElZEXzGdAI1,01sLoYtuPuiAhJSKZN,0Q0cuYqMcwsESVJSCJ
801IgdaxLwOyiK2AHZ,Quarrylight Northstar Western Analytics - Rapid Ember Training Standard Meridian Expansion,Value Proposition,2026-08-25,Existing Customer - Renewal,Web,Schedule review,Best Case,USD,Synthetic opportunity generated from aggregate CRM structure only.,2026-04-25T22:12:56Z,0,0,50.0,484379.8,0016bs349lxRsmUQ0V,,01sLoYtuPuiAhJSKZN,
006Bzps5QObIsvZAF6,Peregrine Hollow Silverline Regional Logistics - Unified Vertex Advisory Core Zenith New Business,Closed Won,2025-09-23,New Customer,Organic Search,Finalize terms,Closed,USD,Synthetic opportunity generated from aggregate CRM structure only.,2025-02-16T08:42:30Z,1,1,100.0,634973.98,001PygtS3FHgKj8Q8G,7019KuFdn10ijGjI2P,01sLoYtuPuiAhJSKZN,
006aQoPPgaUNgRbYM8,Oakmere Westwind Lakeside Works - Adaptive Orbit Advisory Foundation Cobalt New Business,Negotiation/Review,2026-07-13,Existing Customer - Upgrade,Partner Referral,Prepare proposal,Commit,USD,Synthetic opportunity generated from aggregate CRM structure only.,2025-10-19T15:04:45Z,0,0,75.0,1716686.74,001QKXzpetMVAmPQBV,701PvobyJwhiNxZY1C,01sQ4LtuJF9K1vlMFT,0Q0wwcVbqY2JkZLS6W
006hRvTZ1BxAoSuASY,Novacairn Brightwater Frontier Industries - Dynamic Foundry Training Scale Nova Renewal,Negotiation/Review,2027-05-11,Existing Customer - Renewal,Customer Referral,Schedule review,Commit,USD,Synthetic opportunity generated from aggregate CRM structure only.,2026-10-10T01:00:43Z,0,0,75.0,2438071.39,001mfVgWjeDJGGOY8D,701gBvIFprDgdfxY18,01sQ4LtuJF9K1vlMFT,
02inHUqPyXgpf8GILT,Morrowfen Copperfield Worldwide Partners - Integrated Beacon Hardware Ultimate Zenith Expansion,Needs Analysis,2026-10-08,Existing Customer - Upgrade,Web,Schedule review,Pipeline,USD,Synthetic opportunity generated from aggregate CRM structure only.,2026-01-14T16:13:41Z,0,0,35.0,1106867.73,001b1XyoVMftFmnY3Z,,01sQ4LtuJF9K1vlMFT,0Q0VCHeHt6pPUR6CST
0068FKYj028bRBGQJH,Latticebrook Farpoint Southern Analytics - Modular Pioneer Data Platform Edge Horizon Expansion,Needs Analysis,2026-07-19,Existing Customer - Upgrade,Web,Prepare proposal,Pipeline,USD,Synthetic opportunity generated from aggregate CRM structure only.,2025-08-04T16:10:46Z,0,0,35.0,956855.62,0013e2Rh2QW4yB5YBM,701v6UAElZEXzGdAI1,01sf902KvuoXgXtOGX,
006dY7oWzVLeAQbYGM,Kestrel Arc Highland Northern Logistics - Precision Harbor Advisory Foundation Pulse Expansion,Needs Analysis,2027-03-20,Existing Customer - Renewal,Customer Referral,Prepare proposal,Pipeline,USD,Synthetic opportunity generated from aggregate CRM structure only.,2026-06-05T02:11:36Z,0,0,35.0,198046.15,001gn26KfjMg4ZII8J,701dvFZxXgmRnlIQM7,01sLoYtuPuiAhJSKZN,
7100lBvWE3n9gKlQP5,Juniper Vale Juniper Frontier Works - Rapid Compass Data Platform Scale Atlas Renewal,Negotiation/Review,2026-07-30,New Customer,Partner Referral,Finalize terms,Commit,USD,Synthetic opportunity generated from aggregate CRM structure only.,2025-11-26T20:33:03Z,0,0,75.0,821549.84,001oPLQgL6DtzXuQJ9,,01sLoYtuPuiAhJSKZN,0Q0kmhZDcGJKNzq0VG
006wYYi8zWX9AwWQDM,Ivorypine Longview Worldwide Collective - Unified Summit Cloud Service Ultimate Horizon Renewal,Qualification,2026-10-17,Existing Customer - Renewal,Organic Search,Schedule review,Pipeline,USD,Synthetic opportunity generated from aggregate CRM structure only.,2026-05-30T20:43:15Z,0,0,20.0,256903.6,001I4vmxErKOgEQQME,,01sQ4LtuJF9K1vlMFT,
71ixbCOpDdjLZznAQS,Harborlume Northstar Southern Partners - Adaptive Lattice Support Essential Solstice Renewal,Closed Lost,2026-04-08,Existing Customer - Upgrade,Customer Referral,Finalize terms,Closed,USD,Synthetic opportunity generated from aggregate CRM structure only.,2025-10-13T00:24:07Z,1,0,0.0,1739667.76,001wp2Q6PkIMrfFY6U,701Dpaw66va6dUvYOQ,01sQ4LtuJF9K1vlMFT,
006nMUK8FPcc8GGQ7U,Glimmerforge Silverline Northern Analytics - Dynamic Ember Hardware Premier Aurora Expansion,Needs Analysis,2027-02-13,New Customer,Web,Prepare proposal,Pipeline,USD,Synthetic opportunity generated from aggregate CRM structure only.,2026-07-17T14:16:05Z,0,0,35.0,2448821.15,001Ts4G5LvwmAxUY42,,01sf902KvuoXgXtOGX,
006Owc1p9VTkGyyYP2,Fablecrest Westwind Frontier Logistics - Elastic Vertex Cloud Service Select Ion Renewal,Needs Analysis,2027-04-22,New Customer,Organic Search,Prepare proposal,Pipeline,USD,Synthetic opportunity generated from aggregate CRM structure only.,2026-07-20T02:48:56Z,0,0,35.0,2357446.39,001pOXC8pNylRaRY5A,701PvobyJwhiNxZY1C,01sf902KvuoXgXtOGX,
50idFgBeIJEDPQXYQT,Evertrail Brightwater Coastal Works - Modular Orbit Hardware Vertex Solstice Renewal,Needs Analysis,2027-06-19,New Customer,Web,Schedule review,Pipeline,USD,Synthetic opportunity generated from aggregate CRM structure only.,2027-04-06T04:49:34Z,0,0,35.0,856925.07,001WPEcjxhamiNXYYJ,,01sf902KvuoXgXtOGX,
7265zp4YbtSmDykYMZ,Deltora Copperfield Summit Collective - Precision Foundry Advisory Essential Cascade Expansion,Value Proposition,2026-10-09,Existing Customer - Renewal,Partner Referral,Confirm requirements,Best Case,USD,Synthetic opportunity generated from aggregate CRM structure only.,2026-01-29T14:58:41Z,0,0,50.0,496414.5,001Oil2EokU3tWpID9,,01sf902KvuoXgXtOGX,
006TKuc6w3hFq6FYVL,Cinderquill Farpoint Pacific Partners - Rapid Beacon Support Premier Meridian Expansion,Needs Analysis,2026-08-06,New Customer,Web,Schedule review,Pipeline,USD,Synthetic opportunity generated from aggregate CRM structure only.,2025-09-16T22:05:50Z,0,0,35.0,1210420.61,001X85qfzndbjPoIS1,,01sf902KvuoXgXtOGX,0Q0wcGpg0JMIRXVC39
006TsCc1r4nTt7BIKI,Brindlewave Highland Global Analytics - Unified Pioneer Training Select Vector Renewal,Prospecting,2026-08-08,Existing Customer - Renewal,Web,Schedule review,Pipeline,USD,Synthetic opportunity generated from aggregate CRM structure only.,2026-04-06T08:51:28Z,0,0,10.0,1501812.77,001Ivgehi2RhpxmIXK,,01sQ4LtuJF9K1vlMFT,
006MFIjFJpX7c51Q7N,Avenlo Juniper Coastal Logistics - Adaptive Harbor Training Core Cobalt New Business,Qualification,2026-05-08,Existing Customer - Renewal,Web,Confirm requirements,Pipeline,USD,Synthetic opportunity generated from aggregate CRM structure only.,2025-07-21T22:41:17Z,0,0,20.0,391982.85,,701VLxxgWX6Q4sRACQ,01sLoYtuPuiAhJSKZN,
006WlMRhYiLZnZnQQ3,Rivermark Keystone Summit Systems - Dynamic Compass Support Enterprise Nova Expansion,Closed Lost,2022-07-27,New Customer,Outbound,Schedule review,Closed,USD,Synthetic opportunity generated from aggregate CRM structure only.,2022-01-23T19:24:15Z,1,0,0.0,2231035.71,001yQSD3rwvt3ZBAV9,701GCHw920l26V2I77,01sLoYtuPuiAhJSKZN,0Q09bJDHmNh7mXVKSW
51t5F1zRx4iucS9YLI,Quarrylight Moonridge Pacific Collective - Elastic Summit Support Professional Zenith Expansion,Value Proposition,2026-09-09,Existing Customer - Upgrade,Customer Referral,Finalize terms,Best Case,USD,Synthetic opportunity generated from aggregate CRM structure only.,2025-06-22T08:15:03Z,0,0,50.0,191894.82,0011y3R0qW4167MAMP,,01sQ4LtuJF9K1vlMFT,0Q0ebk0ZRUyMGVaSL2
006R02fd6G0psj7YVG,Peregrine Hollow Redwood Global Partners - Modular Lattice Support Standard Cobalt Expansion,Needs Analysis,2027-01-06,Existing Customer - Upgrade,Outbound,Prepare proposal,Pipeline,USD,Synthetic opportunity generated from aggregate CRM structure only.,2026-01-17T17:48:28Z,0,0,35.0,439662.13,0012iTFLPNf13nhYPM,,01sf902KvuoXgXtOGX,0Q0CcxUK85BvBY8KM2
0061pygj9yKmEGZI4D,Oakmere Stonebridge Coastal Analytics - Precision Ember Support Core Pulse Renewal,Qualification,2026-05-17,Existing Customer - Renewal,Partner Referral,Finalize terms,Pipeline,USD,Synthetic opportunity generated from aggregate CRM structure only.,2025-09-22T15:05:49Z,0,0,20.0,1629386.52,0019ojrY0cvCQ2UQ6L,,01sLoYtuPuiAhJSKZN,0Q0k545pCFANSte0AB
006pJXsG6hijxZrIT8,Novacairn Bluecrest Western Industries - Quantum Vertex Support Enterprise Atlas Expansion,Closed Won,2023-10-18,Existing Customer - Renewal,Event,Finalize terms,Closed,USD,Synthetic opportunity generated from aggregate CRM structure only.,2022-12-16T07:23:14Z,1,1,100.0,1047705.23,001Oil2EokU3tWpID9,,01sf902KvuoXgXtOGX,
006OKYDULBtLgtwQIC,Morrowfen Clearpath Regional Systems - Unified Orbit Advisory Professional Horizon Renewal,Prospecting,2026-05-30,New Customer,Customer Referral,Prepare proposal,Pipeline,USD,Synthetic opportunity generated from aggregate CRM structure only.,2026-04-04T15:23:04Z,0,0,10.0,1687071.37,001WPEcjxhamiNXYYJ,7016JVvcTYMBRjjQNA,01sLoYtuPuiAhJSKZN,
71tJO4I6W8tx8W3YAF,Latticebrook Evergreen Lakeside Collective - Adaptive Foundry Advisory Ultimate Pulse Renewal,Closed Won,2023-04-10,New Customer,Outbound,Schedule review,Closed,USD,Synthetic opportunity generated from aggregate CRM structure only.,2022-08-25T20:45:48Z,1,1,100.0,722554.56,001uaLZFmzUomVXQGA,701QvNzI8kZyr86YGN,01sf902KvuoXgXtOGX,
006aSHPcPh3QQb5ABZ,Kestrel Arc Goldenleaf Eastern Partners - Dynamic Beacon Hardware Edge Aurora Renewal,Needs Analysis,2026-06-29,Existing Customer - Upgrade,Customer Referral,Confirm requirements,Pipeline,USD,Synthetic opportunity generated from aggregate CRM structure only.,2025-01-28T20:07:54Z,0,0,35.0,2222716.22,0014WYoiYbOMlUgQDX,701PnzYm01TO5qEICN,01sQ4LtuJF9K1vlMFT,0Q0gILG8miecLXHC40
0061EDUAdQALRxAYF5,Juniper Vale Ironwood Western Works - Elastic Pioneer Hardware Foundation Ion New Business,Prospecting,2027-05-18,Existing Customer - Renewal,Event,Finalize terms,Pipeline,USD,Synthetic opportunity generated from aggregate CRM structure only.,2026-04-08T21:37:56Z,0,0,10.0,592369.41,001yFWO67SRy3CKA0S,701BP1P0a1hwEg9QVB,01sf902KvuoXgXtOGX,0Q0Ux2daVN7QMwKSKN
006hXCa80HjsTT5AOZ,Ivorypine Keystone Regional Industries - Modular Harbor Data Platform Scale Solstice Expansion,Qualification,2026-11-23,New Customer,Web,Confirm requirements,Pipeline,USD,Synthetic opportunity generated from aggregate CRM structure only.,2025-08-29T21:38:59Z,0,0,20.0,2045220.07,0018MjZShtig55PAG6,7014Mb0gQuVkT1cIP4,01sf902KvuoXgXtOGX,
820ublfModfHT3tAJO,Harborlume Moonridge Lakeside Systems - Precision Compass Data Platform Ultimate Aurora Expansion,Negotiation/Review,2026-07-07,Existing Customer - Renewal,Web,Finalize terms,Commit,USD,Synthetic opportunity generated from aggregate CRM structure only.,2026-01-09T15:26:54Z,0,0,75.0,1001497.79,001iIp10CH2rdjrQCH,701AUDOzK5kG0AQQW3,01sQ4LtuJF9K1vlMFT,0Q0ncQuOlbDAYZoK7O
510UTmIoMkdLeZsYYB,Glimmerforge Redwood Eastern Collective - Quantum Summit Advisory Edge Meridian New Business,Qualification,2026-06-26,Existing Customer - Renewal,Partner Referral,Schedule review,Pipeline,USD,Synthetic opportunity generated from aggregate CRM structure only.,2025-07-24T21:28:46Z,0,0,20.0,2280941.13,001Ivgehi2RhpxmIXK,7013ji5fs9KRMNZIMZ,01sLoYtuPuiAhJSKZN,0Q0ovyzuncmuxNiSHQ
006on51X9OjF6OlQ4N,Fablecrest Stonebridge Western Logistics - Unified Lattice Data Platform Foundation Vector Renewal,Closed Lost,2023-03-04,New Customer,Event,Confirm requirements,Closed,USD,Synthetic opportunity generated from aggregate CRM structure only.,2022-06-22T23:21:26Z,1,0,0.0,1395887.7,001pQgd6VQUyLMzAY1,,01sLoYtuPuiAhJSKZN,
006SGJN0R7LuvayYPY,Evertrail Bluecrest Southern Works - Adaptive Ember Hardware Select Cascade New Business,Qualification,2026-10-02,New Customer,Customer Referral,Prepare proposal,Pipeline,USD,Synthetic opportunity generated from aggregate CRM structure only.,2026-06-26T09:00:29Z,0,0,20.0,736099.92,0011y3R0qW4167MAMP,701AUP2DWX9vWyrQNF,01sLoYtuPuiAhJSKZN,
006g2tV35CFtIljI1T,Deltora Clearpath Northern Industries - Connected Vertex Support Vertex Meridian New Business,Closed Won,2024-01-03,New Customer,Web,Schedule review,Closed,USD,Synthetic opportunity generated from aggregate CRM structure only.,2023-09-23T18:14:32Z,1,1,100.0,945511.91,0013epV1eJk7y9fAC2,,01sLoYtuPuiAhJSKZN,0Q0sZJeMxm2CSAfK5T
00682pc98Lt7LCdAVA,Cinderquill Evergreen Frontier Systems - Elastic Orbit Support Essential Zenith Expansion,Negotiation/Review,2027-01-03,New Customer,Outbound,Finalize terms,Commit,USD,Synthetic opportunity generated from aggregate CRM structure only.,2025-11-06T11:20:41Z,0,0,75.0,687580.56,001wZQxrqs61HJWYCI,,01sQ4LtuJF9K1vlMFT,
006JwrGXNqeDpekA2Y,Brindlewave Goldenleaf Worldwide Analytics - Modular Foundry Advisory Premier Cobalt Expansion,Negotiation/Review,2027-04-07,New Customer,Organic Search,Prepare proposal,Commit,USD,Synthetic opportunity generated from aggregate CRM structure only.,2026-01-06T05:53:07Z,0,0,75.0,1574565.98,001GvUdh6yZWB0wIIH,,01sLoYtuPuiAhJSKZN,
006PA4qWVvMsIU2AVV,Avenlo Ironwood Southern Logistics - Precision Beacon Training Select Nova Renewal,Closed Won,2023-09-24,Existing Customer - Upgrade,Customer Referral,Schedule review,Closed,USD,Synthetic opportunity generated from aggregate CRM structure only.,2023-03-04T15:24:33Z,1,1,100.0,868991.44,001AMEsWafm37CDYG9,701LVVOQQeQAPERQND,01sf902KvuoXgXtOGX,0Q0WKWkSKrXD6L8CUL
006lYQhLRIMJVpCIGN,Rivermark Juniper Northern Works - Quantum Pioneer Cloud Service Vertex Zenith New Business,Value Proposition,2027-01-26,Existing Customer - Renewal,Event,Schedule review,Best Case,USD,Synthetic opportunity generated from aggregate CRM structure only.,2026-12-14T06:04:47Z,0,0,50.0,599381.58,001gn26KfjMg4ZII8J,,01sf902KvuoXgXtOGX,
006FaNUbs0YDJ0PIUC,Quarrylight Longview Frontier Industries - Unified Harbor Hardware Essential Horizon New Business,Needs Analysis,2027-04-05,Existing Customer - Renewal,Web,Prepare proposal,Pipeline,USD,Synthetic opportunity generated from aggregate CRM structure only.,2025-12-28T07:14:35Z,0,0,35.0,477304.31,001Oil2EokU3tWpID9,,01sLoYtuPuiAhJSKZN,
700AZ5Efb7g1SiiYI7,Peregrine Hollow Northstar Worldwide Partners - Adaptive Compass Hardware Professional Pulse Renewal,Prospecting,2026-08-04,Existing Customer - Upgrade,Web,Schedule review,Pipeline,USD,Synthetic opportunity generated from aggregate CRM structure only.,2025-07-20T08:48:53Z,0,0,10.0,1758544.01,001qP46mGWsPnuOQ5R,,01sQ4LtuJF9K1vlMFT,
700JRyKHqsq3xvxIRH,Oakmere Silverline Southern Analytics - Connected Summit Training Standard Atlas New Business,Value Proposition,2026-11-16,Existing Customer - Upgrade,Partner Referral,Confirm requirements,Best Case,USD,Synthetic opportunity generated from aggregate CRM structure only.,2026-01-09T05:43:11Z,0,0,50.0,751508.3,001tvKQbYklnB9tY2P,,01sQ4LtuJF9K1vlMFT,
006vG1ZO5JrIFxYAHH,Novacairn Westwind Northern Logistics - Elastic Lattice Cloud Service Core Ion Expansion,Prospecting,2026-07-22,Existing Customer - Upgrade,Customer Referral,Confirm requirements,Pipeline,USD,Synthetic opportunity generated from aggregate CRM structure only.,2025-11-30T14:09:45Z,0,0,10.0,1479863.09,001mmu9iYNsqBnfYFC,701623KY8ROVX35IU0,01sf902KvuoXgXtOGX,0Q01zwfI55KkypGSDT
520SPOH7ogwGGxIAHG,Morrowfen Brightwater Global Works - Modular Ember Advisory Enterprise Solstice Expansion,Needs Analysis,2027-04-22,New Customer,Event,Prepare proposal,Pipeline,USD,Synthetic opportunity generated from aggregate CRM structure only.,2026-10-25T12:22:08Z,0,0,35.0,1339357.57,001KInyPfEAkhgcQEO,,01sQ4LtuJF9K1vlMFT,
81ifOLG1ra92UnlQ70,Latticebrook Copperfield Coastal Industries - Open Vertex Training Professional Aurora Expansion,Prospecting,2027-04-16,New Customer,Outbound,Prepare proposal,Pipeline,USD,Synthetic opportunity generated from aggregate CRM structure only.,2026-11-07T06:06:35Z,0,0,10.0,1717768.64,0011y3R0qW4167MAMP,7017OD7USLqvwTSQ40,01sf902KvuoXgXtOGX,0Q0qD5Lqk045agHS2M
006ggqmpkoTzs3nAV5,Kestrel Arc Farpoint Summit Partners - Quantum Orbit Advisory Standard Ion Renewal,Closed Won,2026-05-01,New Customer,Customer Referral,Prepare proposal,Closed,USD,Synthetic opportunity generated from aggregate CRM structure only.,2025-12-26T05:56:31Z,1,1,100.0,1085255.0,001I9h4vN2Mpc08I26,,01sQ4LtuJF9K1vlMFT,0Q0Gy9PZqVEz6id0LN
006NVCfNB0cM3DJQ1W,Juniper Vale Highland Pacific Analytics - Unified Foundry Advisory Core Vector Renewal,Closed Lost,2025-09-14,New Customer,Organic Search,Schedule review,Closed,USD,Synthetic opportunity generated from aggregate CRM structure only.,2025-03-21T20:35:14Z,1,0,0.0,1550299.83,001Zk4o7YhsJVX1ID0,,01sf902KvuoXgXtOGX,0Q0Qpdr6zMclvBlKL7
501JqXNS4eKhs4SAD0,Ivorypine Juniper Global Logistics - Adaptive Beacon Hardware Foundation Cascade New Business,Needs Analysis,2026-05-28,Existing Customer - Upgrade,Partner Referral,Finalize terms,Pipeline,USD,Synthetic opportunity generated from aggregate CRM structure only.,2025-11-15T05:27:21Z,0,0,35.0,262604.78,001KQsenOWHB4fuQM5,,01sQ4LtuJF9K1vlMFT,
0066YDVwf0HoF8cQ3O,Harborlume Longview Coastal Works - Connected Pioneer Hardware Scale Meridian Expansion,Needs Analysis,2026-05-19,Existing Customer - Upgrade,Partner Referral,Prepare proposal,Pipeline,USD,Synthetic opportunity generated from aggregate CRM structure only.,2026-01-30T15:53:36Z,0,0,35.0,1594636.25,001GikJVQQYFMgSI6M,,01sQ4LtuJF9K1vlMFT,
006DNoRwygowZthYKS,Glimmerforge Northstar Summit Collective - Elastic Harbor Training Ultimate Vector Renewal,Negotiation/Review,2026-09-03,Existing Customer - Renewal,Event,Confirm requirements,Commit,USD,Synthetic opportunity generated from aggregate CRM structure only.,2025-09-11T14:31:44Z,0,0,75.0,2110154.57,001Ql5gfswhLAUiIZH,,01sLoYtuPuiAhJSKZN,0Q0LbFQ5kPijhFlCPU
006JJvNN1kdDKLSA6A,Fablecrest Silverline Pacific Partners - Modular Compass Cloud Service Edge Cobalt New Business,Needs Analysis,2027-04-27,Existing Customer - Renewal,Organic Search,Confirm requirements,Pipeline,USD,Synthetic opportunity generated from aggregate CRM structure only.,2027-02-26T12:31:00Z,0,0,35.0,1492536.15,001EocC12jSBhyyIOU,,01sf902KvuoXgXtOGX,0Q0QX7RUAWXSbYU0OE
71tT1GP2wDzYpuLIQ1,Evertrail Westwind Global Analytics - Open Summit Cloud Service Foundation Nova New Business,Needs Analysis,2026-05-18,Existing Customer - Upgrade,Customer Referral,Prepare proposal,Pipeline,USD,Synthetic opportunity generated from aggregate CRM structure only.,2025-10-03T14:20:07Z,0,0,35.0,681925.97,001HUzAEaUc4liGY2K,,01sLoYtuPuiAhJSKZN,
0067VUv74zEOEZ0I7M,Deltora Brightwater Eastern Logistics - Quantum Lattice Cloud Service Scale Zenith Renewal,Closed Won,2025-04-22,Existing Customer - Renewal,Organic Search,Finalize terms,Closed,USD,Synthetic opportunity generated from aggregate CRM structure only.,2024-11-13T22:40:45Z,1,1,100.0,13026.83,001b9Ubd6IpdBJKANL,,01sQ4LtuJF9K1vlMFT,0Q00U2vLpLV9L07STE
0067W3hllYjEz0iQX6,Cinderquill Copperfield Western Systems - Unified Ember Support Ultimate Cobalt New Business,Prospecting,2026-07-23,Existing Customer - Renewal,Web,Prepare proposal,Pipeline,USD,Synthetic opportunity generated from aggregate CRM structure only.,2026-01-12T19:44:09Z,0,0,10.0,595105.52,001B9D5LGsgGdbtAQA,701BP1P0a1hwEg9QVB,01sQ4LtuJF9K1vlMFT,0Q0ezpiHmnEbP2N09U
501Uyjtx5bzEAz1YRV,Brindlewave Farpoint Regional Collective - Virtual Vertex Data Platform Edge Pulse Expansion,Closed Won,2025-04-04,New Customer,Web,Schedule review,Closed,USD,Synthetic opportunity generated from aggregate CRM structure only.,2024-07-12T17:26:19Z,1,1,100.0,304472.94,001PygtS3FHgKj8Q8G,,01sLoYtuPuiAhJSKZN,0Q0XLd6HoAYOckUCX9
821PrCNGNjz4IXXAB7,Avenlo Highland Lakeside Partners - Connected Orbit Advisory Premier Atlas Renewal,Closed Won,2023-07-18,Existing Customer - Renewal,Web,Finalize terms,Closed,USD,Synthetic opportunity generated from aggregate CRM structure only.,2023-01-31T04:06:27Z,1,1,100.0,444960.22,001t1tQX1aEupiNQXE,701WVcR9nBSbxB9QPQ,01sQ4LtuJF9K1vlMFT,
810r9c2qkQvUR64IFG,Rivermark Ironwood Eastern Analytics - Elastic Foundry Cloud Service Select Horizon Expansion,Closed Lost,2025-11-15,Existing Customer - Upgrade,Web,Finalize terms,Closed,USD,Synthetic opportunity generated from aggregate CRM structure only.,2025-02-15T21:28:51Z,1,0,0.0,480623.42,001EM3ljRRvtOqaQZO,,01sQ4LtuJF9K1vlMFT,0Q0UaARlUQUkVZR0NF
006Ar9yFc3ERTHjYP3,Quarrylight Keystone Western Industries - Modular Beacon Advisory Vertex Pulse Expansion,Qualification,2026-05-09,Existing Customer - Upgrade,Event,Schedule review,Pipeline,USD,Synthetic opportunity generated from aggregate CRM structure only.,2025-04-16T01:18:51Z,0,0,20.0,296291.1,001UFuHNhHx2c9ZQQ9,701T7xJocH3zs1NQYF,01sf902KvuoXgXtOGX,0Q0oFdRFAPXMLmi0Y2
006DscWsaEEkMr2QBJ,Peregrine Hollow Moonridge Regional Systems - Open Pioneer Hardware Essential Aurora New Business,Prospecting,2027-04-30,New Customer,Event,Prepare proposal,Pipeline,USD,Synthetic opportunity generated from aggregate CRM structure only.,2026-10-24T20:45:53Z,0,0,10.0,1865673.81,001U2E3Mrt3KZlKQE7,,01sLoYtuPuiAhJSKZN,0Q0XS0AwhsKBxIhSV2
82idEJODYkTMfvdAZ5,Oakmere Redwood Lakeside Collective - Quantum Harbor Data Platform Premier Ion Renewal,Prospecting,2027-03-28,Existing Customer - Upgrade,Organic Search,Confirm requirements,Pipeline,USD,Synthetic opportunity generated from aggregate CRM structure only.,2025-10-21T18:52:48Z,0,0,10.0,2106590.47,001JpXNK6wAFLxqA39,701Dpaw66va6dUvYOQ,01sLoYtuPuiAhJSKZN,0Q03sEAL0Ko0W7CSVB
006PSznioDwlktwQX4,Novacairn Stonebridge Eastern Partners - Unified Compass Data Platform Select Solstice Expansion,Closed Won,2024-01-16,New Customer,Web,Finalize terms,Closed,USD,Synthetic opportunity generated from aggregate CRM structure only.,2023-09-15T17:06:29Z,1,1,100.0,870511.39,001J6hTar5vB37wAO0,,01sf902KvuoXgXtOGX,
0063MBvsaFF9mIAYGM,Morrowfen Bluecrest Worldwide Works - Virtual Summit Training Vertex Aurora New Business,Negotiation/Review,2026-05-20,Existing Customer - Upgrade,Web,Finalize terms,Commit,USD,Synthetic opportunity generated from aggregate CRM structure only.,2025-07-18T11:31:34Z,0,0,75.0,1731963.36,001UMQhTkv1ASD0YIT,,01sQ4LtuJF9K1vlMFT,
006IRDHZKx9cElBAN3,Latticebrook Clearpath Southern Industries - Connected Lattice Support Enterprise Meridian Renewal,Value Proposition,2027-05-21,Existing Customer - Upgrade,Organic Search,Schedule review,Best Case,USD,Synthetic opportunity generated from aggregate CRM structure only.,2026-12-27T06:14:53Z,0,0,50.0,1751442.51,001F4OLdqq7HlXbIGG,701R6fz0H7ZafwQI8S,01sQ4LtuJF9K1vlMFT,0Q09fHBRshtaMJ8K30
006O9D5UFe3NvkLYNF,Kestrel Arc Evergreen Northern Systems - Elastic Ember Data Platform Professional Vector Expansion,Prospecting,2026-11-17,Existing Customer - Upgrade,Event,Schedule review,Pipeline,USD,Synthetic opportunity generated from aggregate CRM structure only.,2025-12-11T15:02:07Z,0,0,10.0,1918808.61,001rpVRMvKUYUnZQWY,,01sJqGPflRJqwqCPRW,0Q0yAGrdn9ODGgMKSG
006sPuLpXoPN6D6Y7Y,Juniper Vale Goldenleaf Frontier Collective - Integrated Vertex Data Platform Standard Cascade Renewal,Closed Won,2023-03-24,Existing Customer - Renewal,Partner Referral,Finalize terms,Closed,USD,Synthetic opportunity generated from aggregate CRM structure only.,2023-01-05T05:14:46Z,1,1,100.0,560246.22,001Ivgehi2RhpxmIXK,701BP1P0a1hwEg9QVB,01sLoYtuPuiAhJSKZN,
72tcxdVCdzng8jjIGV,Ivorypine Ironwood Worldwide Logistics - Open Orbit Training Core Nova Renewal,Value Proposition,2027-02-09,Existing Customer - Upgrade,Organic Search,Confirm requirements,Best Case,USD,Synthetic opportunity generated from aggregate CRM structure only.,2026-04-20T04:32:27Z,0,0,50.0,1962487.63,001PcZ9V15a5LqkQLE,701PvobyJwhiNxZY1C,01sLoYtuPuiAhJSKZN,
006I4vrpcb8K4hJI70,Harborlume Keystone Southern Works - Quantum Foundry Cloud Service Enterprise Zenith New Business,Negotiation/Review,2026-06-03,New Customer,Outbound,Confirm requirements,Commit,USD,Synthetic opportunity generated from aggregate CRM structure only.,2025-03-28T10:56:12Z,0,0,75.0,711583.69,0013e2Rh2QW4yB5YBM,,01sf902KvuoXgXtOGX,
006aL3iOS5IjChvQNY,Glimmerforge Moonridge Northern Industries - Unified Beacon Support Professional Cobalt New Business,Closed Lost,2025-01-28,New Customer,Outbound,Finalize terms,Closed,USD,Synthetic opportunity generated from aggregate CRM structure only.,2024-09-20T15:05:30Z,1,0,0.0,1718847.38,001aJFstC9yWgafQNG,701VLxxgWX6Q4sRACQ,01sf902KvuoXgXtOGX,0Q0768R8cPflZwRKVG
80tIkHrltvUIWqOY13,Fablecrest Redwood Frontier Systems - Virtual Pioneer Advisory Standard Nova Expansion,Negotiation/Review,2026-08-11,Existing Customer - Renewal,Partner Referral,Confirm requirements,Commit,USD,Synthetic opportunity generated from aggregate CRM structure only.,2025-05-29T04:14:38Z,0,0,75.0,63654.74,001lpuGrFmSTBnuY0M,,01sLoYtuPuiAhJSKZN,
726LutHRC9ADmm5YST,Evertrail Stonebridge Worldwide Analytics - Connected Harbor Cloud Service Edge Atlas New Business,Value Proposition,2026-06-05,Existing Customer - Upgrade,Outbound,Confirm requirements,Best Case,USD,Synthetic opportunity generated from aggregate CRM structure only.,2025-05-18T18:21:52Z,0,0,50.0,565363.37,0013e2Rh2QW4yB5YBM,7017OD7USLqvwTSQ40,01sLoYtuPuiAhJSKZN,0Q0282oSGLaWLzgSOZ
0069sow6G4kNJ2VQCU,Deltora Bluecrest Summit Logistics - Elastic Compass Training Foundation Horizon Renewal,Negotiation/Review,2027-04-22,New Customer,Customer Referral,Finalize terms,Commit,USD,Synthetic opportunity generated from aggregate CRM structure only.,2027-01-04T03:15:32Z,0,0,75.0,1299587.96,001Ivgehi2RhpxmIXK,,01sf902KvuoXgXtOGX,0Q00duImV3RBs6W0E3
006mKMwUt7UnEV9YZQ,Cinderquill Clearpath Pacific Works - Integrated Summit Hardware Scale Pulse Expansion,Value Proposition,2026-07-24,Existing Customer - Upgrade,Outbound,Prepare proposal,Best Case,USD,Synthetic opportunity generated from aggregate CRM structure only.,2026-01-12T10:11:14Z,0,0,50.0,837891.79,0019ojrY0cvCQ2UQ6L,701Oiy0uiHpmTo7YI9,01sQ4LtuJF9K1vlMFT,
726itersoyHJxBSACS,Brindlewave Evergreen Global Industries - Open Lattice Cloud Service Ultimate Atlas Renewal,Needs Analysis,2027-02-11,New Customer,Web,Schedule review,Pipeline,USD,Synthetic opportunity generated from aggregate CRM structure only.,2026-06-11T02:02:41Z,0,0,35.0,2439677.46,001LDOa8tzZhi9lQLS,,01sLoYtuPuiAhJSKZN,
50tDPsuDagUalCrIV2,Avenlo Goldenleaf Coastal Systems - Quantum Ember Hardware Edge Ion New Business,Needs Analysis,2026-05-20,Existing Customer - Renewal,Partner Referral,Confirm requirements,Pipeline,USD,Synthetic opportunity generated from aggregate CRM structure only.,2025-03-26T11:46:45Z,0,0,35.0,252304.56,001IDl2DWYpmmF7QG7,701GCHw920l26V2I77,01sf902KvuoXgXtOGX,
52iJ6P9RGzERsxwADO,Rivermark Highland Summit Analytics - Rapid Vertex Cloud Service Foundation Solstice Expansion,Needs Analysis,2027-02-19,New Customer,Customer Referral,Prepare proposal,Pipeline,USD,Synthetic opportunity generated from aggregate CRM structure only.,2025-10-16T15:22:05Z,0,0,35.0,1386563.02,001Dr3VLTdygyPzIUT,,01sf902KvuoXgXtOGX,
5066pzgBEFe1MgMYXY,Quarrylight Juniper Pacific Logistics - Virtual Orbit Advisory Scale Aurora New Business,Negotiation/Review,2026-08-24,Existing Customer - Renewal,Web,Confirm requirements,Commit,USD,Synthetic opportunity generated from aggregate CRM structure only.,2026-07-25T10:46:18Z,0,0,75.0,774543.45,001ltWK4Hcf9TG4A1U,701R6fz0H7ZafwQI8S,01sQ4LtuJF9K1vlMFT,0Q0mXVESdAQVplx05H
006y6y6Yg6ct1lzQZO,Peregrine Hollow Longview Global Works - Connected Foundry Cloud Service Vertex Ion Renewal,Closed Lost,2022-11-03,New Customer,Customer Referral,Prepare proposal,Closed,USD,Synthetic opportunity generated from aggregate CRM structure only.,2022-05-30T08:17:49Z,1,0,0.0,1715921.21,001ZX951OeRh6EHIOJ,701eYR0IxKvWggxING,01sQ4LtuJF9K1vlMFT,0Q0CvlbyYE5FBnFKSU
800QbKDcVxtNcdnI6F,Oakmere Northstar Coastal Industries - Elastic Beacon Support Essential Vector Expansion,Value Proposition,2026-05-12,New Customer,Web,Finalize terms,Best Case,USD,Synthetic opportunity generated from aggregate CRM structure only.,2026-01-11T12:24:54Z,0,0,50.0,1394954.02,001M2rDfuFzN9SZI6R,,01sf902KvuoXgXtOGX,
700wA90FDeQiZ6wQI3,Novacairn Silverline Summit Partners - Integrated Pioneer Cloud Service Premier Cascade Expansion,Needs Analysis,2027-06-03,New Customer,Organic Search,Schedule review,Pipeline,USD,Synthetic opportunity generated from aggregate CRM structure only.,2026-04-03T02:17:53Z,0,0,35.0,1366716.43,001kC1LlUdj8c3zY68,701Dpaw66va6dUvYOQ,01sf902KvuoXgXtOGX,
006l2kCS4zGpaLLQ1Y,Morrowfen Westwind Pacific Analytics - Open Harbor Advisory Select Meridian Expansion,Closed Won,2022-09-19,Existing Customer - Renewal,Customer Referral,Finalize terms,Closed,USD,Synthetic opportunity generated from aggregate CRM structure only.,2021-12-27T06:45:19Z,1,1,100.0,2404196.64,001OH94vlTF3MI8Y08,,01sf902KvuoXgXtOGX,
006W5p2czSs2evdA30,Latticebrook Brightwater Lakeside Logistics - Quantum Compass Support Vertex Vector New Business,Needs Analysis,2026-07-28,New Customer,Partner Referral,Schedule review,Pipeline,USD,Synthetic opportunity generated from aggregate CRM structure only.,2025-08-12T06:40:29Z,0,0,35.0,2480962.07,001wXq5LbckG7u9AEU,701HZkqvaYkvEU4AAJ,01sQ4LtuJF9K1vlMFT,0Q0P48rnmOHK7L7SK8
006N4lxhWdYW3NoIQS,Kestrel Arc Copperfield Eastern Works - Rapid Summit Cloud Service Essential Cobalt Expansion,Qualification,2027-04-19,Existing Customer - Renewal,Partner Referral,Prepare proposal,Pipeline,USD,Synthetic opportunity generated from aggregate CRM structure only.,2026-02-12T22:38:53Z,0,0,20.0,704325.38,001n8Q7o6w0wrFoIIH,701DNuvDGEm4hghY4U,01sf902KvuoXgXtOGX,
006DNVYpZAeKKNsIZ8,Juniper Vale Farpoint Western Collective - Virtual Lattice Cloud Service Premier Nova Renewal,Negotiation/Review,2026-05-11,New Customer,Organic Search,Finalize terms,Commit,USD,Synthetic opportunity generated from aggregate CRM structure only.,2025-01-01T20:45:14Z,0,0,75.0,1455010.43,001yU1qilS2HtnNQUW,,01sQ4LtuJF9K1vlMFT,0Q01pHBezFLuVcmSQI
810Np4XhG7rD2G2QBP,Ivorypine Highland Regional Partners - Connected Ember Cloud Service Standard Zenith Renewal,Closed Lost,2023-11-25,Existing Customer - Renewal,Outbound,Prepare proposal,Closed,USD,Synthetic opportunity generated from aggregate CRM structure only.,2023-08-08T22:16:08Z,1,0,0.0,1667395.81,001Oil2EokU3tWpID9,,01sf902KvuoXgXtOGX,
006h7Obi7hFDVjtIW0,Harborlume Juniper Lakeside Analytics - Dynamic Vertex Advisory Core Horizon Renewal,Value Proposition,2027-02-25,New Customer,Customer Referral,Prepare proposal,Best Case,USD,Synthetic opportunity generated from aggregate CRM structure only.,2026-12-12T06:39:22Z,0,0,50.0,2223189.17,001AZHmNsDfQdrZQQD,,01sQ4LtuJF9K1vlMFT,0Q08QpA4H2lX0v4CHQ
50tUVaQsg0U3gCNQO8,Glimmerforge Longview Eastern Logistics - Integrated Orbit Hardware Enterprise Pulse New Business,Needs Analysis,2027-01-10,New Customer,Organic Search,Confirm requirements,Pipeline,USD,Synthetic opportunity generated from aggregate CRM structure only.,2026-10-05T18:34:48Z,0,0,35.0,1638660.37,001fKhtBtC9mApBYTV,,01sLoYtuPuiAhJSKZN,0Q0erkRAbcrQJx8CDH
006MqvQY1t1liwuIRM,Fablecrest Northstar Western Systems - Open Foundry Hardware Professional Atlas New Business,Needs Analysis,2026-12-16,Existing Customer - Upgrade,Organic Search,Prepare proposal,Pipeline,USD,Synthetic opportunity generated from aggregate CRM structure only.,2026-06-11T07:16:28Z,0,0,35.0,2443757.14,001IqTHPQDIx3azQWL,,01sf902KvuoXgXtOGX,0Q0cE1QFAmIO86FK1P
006vXKYr9ryB2hgI0B,Evertrail Silverline Regional Collective - Quantum Beacon Support Standard Horizon Expansion,Value Proposition,2026-09-19,New Customer,Web,Confirm requirements,Best Case,USD,Synthetic opportunity generated from aggregate CRM structure only.,2025-09-04T12:09:40Z,0,0,50.0,2298335.07,0014RvX7ofOXrw9I9V,,01sf902KvuoXgXtOGX,0Q0fKFsA473vmxP0KH
020Gm4fyvFYFOodYIU,Deltora Westwind Lakeside Partners - Rapid Pioneer Hardware Core Solstice New Business,Negotiation/Review,2027-01-24,Existing Customer - Renewal,Web,Prepare proposal,Commit,USD,Synthetic opportunity generated from aggregate CRM structure only.,2026-09-30T02:21:32Z,0,0,75.0,1020782.96,001tqRaHFT1utFgIDH,,01sLoYtuPuiAhJSKZN,0Q0Oo3nbsn4itGWKV5
506KFidge6NFupaQIL,Cinderquill Brightwater Frontier Analytics - Virtual Harbor Hardware Enterprise Aurora Expansion,Negotiation/Review,2026-05-30,Existing Customer - Upgrade,Customer Referral,Schedule review,Commit,USD,Synthetic opportunity generated from aggregate CRM structure only.,2025-11-09T20:57:59Z,0,0,75.0,1976158.62,001KHDCIGQaLLlIQRR,,01sQ4LtuJF9K1vlMFT,
72tGvZVTJcGCsPOQR7,Brindlewave Copperfield Worldwide Industries - Connected Compass Cloud Service Scale Ion Expansion,Needs Analysis,2027-05-29,Existing Customer - Renewal,Customer Referral,Finalize terms,Pipeline,USD,Synthetic opportunity generated from aggregate CRM structure only.,2026-04-18T04:06:18Z,0,0,35.0,1749298.73,001yU1qilS2HtnNQUW,,01sQ4LtuJF9K1vlMFT,0Q0XiZsPJn9KU32S4P
006wQ3UE0OqZ26MY56,Avenlo Farpoint Southern Systems - Dynamic Summit Advisory Ultimate Solstice New Business,Needs Analysis,2027-04-20,Existing Customer - Renewal,Partner Referral,Schedule review,Pipeline,USD,Synthetic opportunity generated from aggregate CRM structure only.,2026-01-22T00:24:16Z,0,0,35.0,600285.62,001LW8OXe6IEB5RAZR,,01sLoYtuPuiAhJSKZN,0Q08wQVAN5MyQ7ZS7Y
516BZpqi92HfMiEAXD,Rivermark Goldenleaf Northern Collective - Integrated Lattice Hardware Edge Cascade Renewal,Qualification,2026-10-28,Existing Customer - Upgrade,Outbound,Confirm requirements,Pipeline,USD,Synthetic opportunity generated from aggregate CRM structure only.,2026-02-21T06:49:58Z,0,0,20.0,844335.05,001qP46mGWsPnuOQ5R,,01sLoYtuPuiAhJSKZN,
006nJcY7QX4evvNIVR,Quarrylight Ironwood Frontier Partners - Open Ember Advisory Foundation Meridian Renewal,Qualification,2027-01-25,Existing Customer - Renewal,Event,Confirm requirements,Pipeline,USD,Synthetic opportunity generated from aggregate CRM structure only.,2026-11-30T05:15:28Z,0,0,20.0,5594.12,0012B0IsTb8G7BVAST,,01sQ4LtuJF9K1vlMFT,
006Yul1mxRT24JRI5V,Peregrine Hollow Keystone Worldwide Works - Precision Vertex Training Scale Vector Renewal,Needs Analysis,2026-05-13,New Customer,Outbound,Confirm requirements,Pipeline,USD,Synthetic opportunity generated from aggregate CRM structure only.,2025-03-20T14:36:16Z,0,0,35.0,564463.01,001b1XyoVMftFmnY3Z,701T7xJocH3zs1NQYF,01sf902KvuoXgXtOGX,
71tLlvJ88NTOkhhACY,Oakmere Moonridge Southern Industries - Rapid Orbit Hardware Ultimate Cascade New Business,Closed Won,2024-09-14,Existing Customer - Upgrade,Organic Search,Finalize terms,Closed,USD,Synthetic opportunity generated from aggregate CRM structure only.,2023-10-06T05:53:50Z,1,1,100.0,2046619.45,001j6nRokzRlCs1Y07,,01sQ4LtuJF9K1vlMFT,0Q0P3A86uMgxs6LKYH
006tqUW9HkxrJyGAJ8,Novacairn Redwood Northern Systems - Virtual Foundry Support Edge Nova Renewal,Negotiation/Review,2027-03-10,New Customer,Organic Search,Schedule review,Commit,USD,Synthetic opportunity generated from aggregate CRM structure only.,2026-04-08T22:59:25Z,0,0,75.0,387219.24,001cML7G0gkmAuyYXM,,01sf902KvuoXgXtOGX,
006zQjIW1wpr9UTY6I,Morrowfen Stonebridge Frontier Collective - Connected Beacon Cloud Service Premier Zenith New Business,Needs Analysis,2026-09-06,New Customer,Web,Confirm requirements,Pipeline,USD,Synthetic opportunity generated from aggregate CRM structure only.,2025-04-10T03:16:26Z,0,0,35.0,1743842.19,001SDonDyKHRDRwYPS,,01sQ4LtuJF9K1vlMFT,
