Id,Description,CurrencyIsoCode,CreatedDate,Quantity,UnitPrice,Discount,TotalPrice,PricebookEntryId,QuoteId
3DQVphSNnbiLdJSZX6,Synthetic quote line for Quantum Pioneer Data Platform Professional Atlas.,USD,2022-08-17T07:17:40Z,25.0,41603.18,5.0,988075.52,01uWAuUJGwgaQSUQWO,0Q0X3jASRkYKjiIC1O
0QLWzRT8vP1MpANW3K,Synthetic quote line for Unified Harbor Training Standard Horizon.,USD,2026-04-14T22:01:20Z,50.0,6040.53,0.0,302026.5,01uGR4Kmqn34CUgYEF,0Q0fbexjKcgom6u0OT
0QL1gBBKfakyXHXWBW,Synthetic quote line for Adaptive Compass Cloud Service Edge Solstice.,USD,2026-05-07T13:32:45Z,1.0,10933.96,20.0,8747.17,01u1UxX9MCMWUfpAI9,0Q0FHHURgZcUy7iSLU
0QLYTTW1bPL4QMLWEZ,Synthetic quote line for Connected Summit Advisory Foundation Aurora.,USD,2024-09-15T20:09:54Z,10.0,55601.63,15.0,472613.85,01ugTFHnbRbEb6pYO8,0Q01SSfyzxKPaXLCA0
0QLucEPSWEz8CNcWGU,Synthetic quote line for Elastic Lattice Advisory Scale Ion.,USD,2025-08-22T18:35:22Z,50.0,44785.94,20.0,1791437.6,01usZhoMVh5QFp5A8S,0Q0Rx0p5nT6L16Q0DC
0QLldUfPtQjDjzP4RH,Synthetic quote line for Modular Ember Advisory Ultimate Solstice.,USD,2022-04-14T17:24:07Z,2.0,46718.95,10.0,84094.11,01u1FKJlcYnIzS6INT,0Q0fBXDTQPi2ABQKZM
0QLxklyuXLd3L1z4UP,Synthetic quote line for Open Vertex Support Edge Cascade.,USD,2022-10-05T15:14:01Z,50.0,67189.72,0.0,3359486.0,01utRK4lisXcbROYBK,0Q0wrDVORFFwbN7KRN
0QLkqjcDp6f0NfyO1U,Synthetic quote line for Quantum Orbit Hardware Foundation Meridian.,USD,2025-04-11T06:45:12Z,5.0,51122.61,5.0,242832.4,01uc6d0PpSckL4kYOM,0Q0qD5Lqk045agHS2M
0QLjfSDuw25gxvjGZ2,Synthetic quote line for Unified Foundry Support Scale Vector.,USD,2021-07-21T00:37:33Z,50.0,63004.24,15.0,2677680.2,01upghMAFa2ixN1Q3E,0Q01wbPaHeKmWVyKLX
0QLWdEPx7F648ReWV9,Synthetic quote line for Adaptive Beacon Cloud Service Vertex Cascade.,USD,2026-05-14T14:53:18Z,25.0,18475.13,0.0,461878.25,01uArZ6TaDNtlP6YWR,0Q0Y384TIIUxJVTCLI
0QLWLzGrp1fNZnHO75,Synthetic quote line for Connected Pioneer Training Essential Nova.,USD,2022-04-23T00:49:31Z,50.0,12156.15,0.0,607807.5,01uDEI2EKNbkqFhA9H,0Q0768R8cPflZwRKVG
0QLGiMZze30o7iJWSR,Synthetic quote line for Elastic Harbor Support Premier Zenith.,USD,2024-11-27T21:02:34Z,25.0,7512.75,10.0,169036.88,01u2Byfa4IwUJDvQM7,0Q0oJ5bekb3TJOySV9
0QLunTkY25Lm034W0L,Synthetic quote line for Modular Compass Training Select Cobalt.,USD,2021-10-31T21:16:02Z,10.0,16067.11,0.0,160671.1,01uHhc7RdxJfGWFAN9,0Q0dRjUsNjbbMmBS2F
0QLeQWhEA0cY167W28,Synthetic quote line for Open Summit Hardware Vertex Nova.,USD,2024-03-18T14:39:08Z,1.0,39285.28,0.0,39285.28,01uZeDDEOhjxXGiIJ1,0Q02ZTYobN0uvc7C3Q
0QLCobPGhsjhJ9R456,Synthetic quote line for Quantum Lattice Data Platform Essential Atlas.,USD,2024-02-28T11:13:42Z,25.0,68655.61,0.0,1716390.25,01uC4cTc6DjS24HIO7,0Q0AdmHqDmN5xniCYH
0QLi4KzVWf3LdOOGRZ,Synthetic quote line for Unified Ember Data Platform Premier Horizon.,USD,2023-10-11T09:10:13Z,1.0,35527.41,20.0,28421.93,01uV1w6txw3ypc8QJ7,0Q0OrKuhtn0YPfn0I2
0QLsrmjE6uDC15yW9J,Synthetic quote line for Virtual Vertex Advisory Select Pulse.,USD,2023-12-10T17:53:16Z,2.0,51345.87,20.0,82153.39,01ue4CNRY8poPf7Y76,0Q0wY0Rj3GtYmEdCGL
0QLwrlSZicOUNl649H,Synthetic quote line for Connected Orbit Hardware Core Aurora.,USD,2021-12-31T13:19:41Z,1.0,65947.6,15.0,56055.46,01u1UxX9MCMWUfpAI9,0Q0KMQHfFr2knzvCD5
0QLKr1eV9wAGW4zWNR,Synthetic quote line for Elastic Foundry Advisory Enterprise Ion.,USD,2023-04-22T19:11:46Z,2.0,33410.55,5.0,63480.05,01u9wozxj76guXaYLT,0Q0p0qInI3rvKx0KZ0
0QLPYB1KMGTHTnxO8N,Synthetic quote line for Modular Beacon Advisory Professional Solstice.,USD,2024-05-17T07:07:32Z,5.0,6484.83,0.0,32424.15,01u1FKJlcYnIzS6INT,0Q0PLmZTPUQ7VAe02K
0QLfKrfpd38oFrL4LT,Synthetic quote line for Open Pioneer Cloud Service Standard Aurora.,USD,2024-06-20T06:24:26Z,25.0,34821.11,15.0,739948.59,01uXv4K6jjQLtG3AOR,0Q0J9ZkGpmVnC6CCSK
0QLA0Mwwf8BdCwLOLW,Synthetic quote line for Quantum Harbor Training Core Meridian.,USD,2024-04-29T09:26:48Z,5.0,70105.79,15.0,297949.61,01uGrmz54IceEqlY8F,0Q0meK77axnNP5JS26
0QLbrcdO6s5qS5hOPH,Synthetic quote line for Unified Compass Advisory Enterprise Vector.,USD,2024-06-26T18:47:20Z,1.0,15726.87,0.0,15726.87,01u9PAeyBtOJM9hIYV,0Q01FeHUnCNvjzg06F
0QL0XiegTPl2DxPGI8,Synthetic quote line for Virtual Summit Cloud Service Professional Cascade.,USD,2025-07-07T21:29:11Z,10.0,69723.59,0.0,697235.9,01uNzFjMXKixso0Y41,0Q0mkJ9TNtMdqvh0SO
0QLDKaSYNnZZNK744R,Synthetic quote line for Connected Lattice Training Ultimate Meridian.,USD,2025-03-26T11:32:06Z,2.0,72699.78,20.0,116319.65,01uRfvkN0HymA5HQXH,0Q0V6D1Mt9k8IX2KCA
0QLll9ushRpRjGDGHH,Synthetic quote line for Elastic Ember Data Platform Edge Zenith.,USD,2023-01-25T04:09:49Z,25.0,55834.16,5.0,1326061.3,01uDz0Z4yrKt05CQDN,0Q0QX7RUAWXSbYU0OE
6RNMezcXkvE9qlIRLH,Synthetic quote line for Integrated Vertex Data Platform Foundation Cobalt.,USD,2025-01-13T01:38:06Z,5.0,69989.71,20.0,279958.84,01ug1WoyI1CzpokA0D,0Q077DtUmxtLIpNCAN
0QLduGUHTWfmsIIOWX,Synthetic quote line for Open Orbit Cloud Service Scale Nova.,USD,2025-11-14T19:14:32Z,1.0,55132.85,5.0,52376.21,01uxfQF7gkFw7jVQWM,0Q05RZ6hvDdGMjYKVW
0QLqqljnk07sfpOOGC,Synthetic quote line for Quantum Foundry Support Ultimate Zenith.,USD,2024-11-27T05:22:55Z,25.0,51964.85,5.0,1234165.19,01u2Byfa4IwUJDvQM7,0Q0t9gpUJphE3SAKKE
0QLPFpiprq0MjHPW8B,Synthetic quote line for Unified Beacon Hardware Edge Horizon.,USD,2023-09-18T09:40:28Z,25.0,40398.28,0.0,1009957.0,01uJrQ9nOdWfBOnQ3P,0Q0Po5S2b8p7BQuSOR
0QLWpdjmsqvqPu3WHO,Synthetic quote line for Virtual Pioneer Hardware Foundation Pulse.,USD,2024-03-05T23:46:42Z,1.0,72324.08,15.0,61475.47,01ujBc1EruOtg57ANE,0Q0n4dpgInGEGY9SFD
0QLbQxOR068FoabWDA,Synthetic quote line for Connected Harbor Cloud Service Select Atlas.,USD,2023-05-28T19:38:11Z,25.0,28425.78,0.0,710644.5,01ukZSaar5kiB8EAE2,0Q07OW3WhOt9Z1B0D4
0QLwscEXs6QKj6EO7C,Synthetic quote line for Elastic Compass Cloud Service Vertex Horizon.,USD,2023-05-03T05:27:53Z,50.0,9345.09,20.0,373803.6,01uiOuapJc0w5rMI3Q,0Q0jiV5Puwp58coK0Z
0QL3kTu95y6OS7qWXZ,Synthetic quote line for Integrated Summit Data Platform Essential Solstice.,USD,2023-09-22T00:41:31Z,50.0,27204.86,20.0,1088194.4,01uAtGzObkdYuQCIKN,0Q0huuUNLya31HOCNW
0QLfnBSolBvHkSrGKI,Synthetic quote line for Open Lattice Support Premier Aurora.,USD,2022-07-21T09:13:19Z,25.0,25229.96,10.0,567674.1,01ukAydnh1wk2jaQU4,0Q0dyP9SpTcGVtD0DY
0QLhFw8EvXBglyF4AH,Synthetic quote line for Quantum Ember Cloud Service Select Ion.,USD,2023-12-14T15:00:05Z,5.0,19515.44,20.0,78061.76,01uplBWl2zlMr9dYKF,0Q0lwm2z5zNENx0C80
0QLXoCm34iiikVmG42,Synthetic quote line for Rapid Vertex Cloud Service Vertex Solstice.,USD,2025-01-26T11:59:23Z,50.0,49256.25,5.0,2339671.88,01uMA8zSZGWyKdiAKM,0Q0t8IxJXTcboya017
0QLy0E8jDKHDAcRWT6,Synthetic quote line for Virtual Orbit Support Essential Cascade.,USD,2023-02-26T04:43:38Z,2.0,20921.29,0.0,41842.58,01u4o4n5WjlYYKWQAM,0Q0NzNAgOrV51Bk0NW
0QLyAW8niflGeFfWWW,Synthetic quote line for Connected Foundry Data Platform Professional Meridian.,USD,2025-01-08T00:11:30Z,50.0,60830.23,0.0,3041511.5,01uoTx9HsbskBk7AKO,0Q00gUfP5MnAc6bSUP
0QLDB6liv41VhtOGLL,Synthetic quote line for Elastic Beacon Data Platform Standard Vector.,USD,2023-07-16T09:28:05Z,2.0,27347.06,15.0,46490.0,01up2y9M1x2zHlGIII,0Q0wOx2xodI5a5IC5R
0QLnnaw8JAtoO8gWMU,Synthetic quote line for Integrated Pioneer Cloud Service Core Cobalt.,USD,2021-11-01T10:46:30Z,5.0,26501.62,20.0,106006.48,01uPAnJ63RGP2cLIN8,0Q0yWU5Wm53hjcJCBR
0QLG78y9BETM3XbOW2,Synthetic quote line for Open Harbor Advisory Enterprise Nova.,USD,2022-02-12T11:10:02Z,25.0,2627.59,20.0,52551.8,01ueWs86Xwn1DjpQBT,0Q0kDpjmCkn1WQfC4U
0QLQbdC1qeunqxyWYT,Synthetic quote line for Quantum Compass Hardware Professional Zenith.,USD,2021-08-29T15:35:40Z,5.0,20365.57,0.0,101827.85,01um1cvKCov7rGbI2J,0Q0vKiY9lpsGulCKEX
0QLfAhNWiJztVqXO5A,Synthetic quote line for Rapid Summit Cloud Service Standard Cobalt.,USD,2026-06-30T05:02:56Z,5.0,20230.36,0.0,101151.8,01uG3ZGIn6X7JIYICW,0Q0PcqytlKC0zGpCAB
0QLMXjqtxowZUIRGFT,Synthetic quote line for Virtual Lattice Support Core Pulse.,USD,2021-04-20T20:39:45Z,2.0,38767.6,0.0,77535.2,01u6e7sGIJ0p16CAAZ,0Q0128Hl0GNo0L00OO
0QLB54PhmrxsxytGT0,Synthetic quote line for Connected Ember Data Platform Foundation Atlas.,USD,2025-05-07T13:04:52Z,25.0,7405.99,15.0,157377.29,01ulBbBBnCSMZE9IB4,0Q0J6tS2rSpvhkd0SW
0QLBvhgGVEO0PCuWZK,Synthetic quote line for Dynamic Vertex Data Platform Scale Horizon.,USD,2024-04-11T00:44:48Z,25.0,3706.35,5.0,88025.81,01uIvD4MeZzNUBsQBH,0Q0BOukp57bQn6GKQ4
0QLOrArI84GA0G44G2,Synthetic quote line for Integrated Orbit Cloud Service Ultimate Pulse.,USD,2024-07-10T00:47:46Z,10.0,5574.8,20.0,44598.4,01uGVgElwvBIbvwAMH,0Q0wOx2xodI5a5IC5R
0QL83I7H134ggwl490,Synthetic quote line for Open Foundry Data Platform Edge Aurora.,USD,2021-01-29T03:56:27Z,2.0,60244.44,15.0,102415.55,01uPr41KGxIVdDtIWK,0Q09RGQv74XKekVK9Q
0QL8hP1N2CDtT20GW3,Synthetic quote line for Quantum Beacon Cloud Service Foundation Ion.,USD,2023-12-27T05:19:13Z,10.0,64060.55,5.0,608575.22,01uDEI2EKNbkqFhA9H,0Q0y7vHDL9fCYOJ053
0QLeoN23xQBjYpqOJ3,Synthetic quote line for Rapid Pioneer Data Platform Scale Solstice.,USD,2021-12-03T11:42:06Z,2.0,14881.18,10.0,26786.12,01u4seYYJRPqsrIITT,0Q09bcEg0itJPRWK0P
0QLCp9GWgKygo41409,Synthetic quote line for Virtual Harbor Advisory Ultimate Aurora.,USD,2025-01-31T19:33:55Z,2.0,72115.23,20.0,115384.37,01uGVgElwvBIbvwAMH,0Q0XVVjZaHI9eMrKNB
0QLKOWvBW81xwthGEP,Synthetic quote line for Connected Compass Training Essential Meridian.,USD,2022-04-17T05:59:11Z,50.0,41967.38,15.0,1783613.65,01uBjAWyQlOs905YJ0,0Q0JfFQckhlCXz5S3F
0QLWAjQSSOvSa4P4F2,Synthetic quote line for Dynamic Summit Data Platform Premier Vector.,USD,2025-03-06T05:02:36Z,10.0,62305.08,20.0,498440.64,01usQT9Yxo9DMACALJ,0Q0yIabzmYlP6BS0BT
0QLlNFAZIc1ULC8G53,Synthetic quote line for Integrated Lattice Cloud Service Select Cascade.,USD,2021-05-09T03:01:03Z,10.0,1952.47,5.0,18548.47,01u2Byfa4IwUJDvQM7,0Q0mQrjHuC49gUNSCY
0QLsJlO8DW6TkvOW9F,Synthetic quote line for Open Ember Data Platform Vertex Meridian.,USD,2021-12-23T04:52:47Z,2.0,36257.36,0.0,72514.72,01uPjEJCuNdeQtlA0H,0Q0D42hMxeydmKKSYI
0QLsiDdp2gMJXpqGMF,Synthetic quote line for Precision Vertex Support Essential Zenith.,USD,2024-11-04T19:23:19Z,2.0,16876.33,5.0,32065.03,01uSlG3bhH5Uan4QP9,0Q06DqBLzEH4EI6SU9
0QLb7quZxDftZIqGQN,Synthetic quote line for Rapid Orbit Data Platform Premier Cobalt.,USD,2024-12-15T12:32:48Z,50.0,11093.43,20.0,443737.2,01uGodhB3HunRL0QTH,0Q0Vzboemqnh1ZpK6X
0QLCynm303JpFPI454,Synthetic quote line for Virtual Foundry Hardware Select Nova.,USD,2021-03-26T06:30:42Z,5.0,10826.59,15.0,46013.01,01uUZRnGcVQPMSeQKA,0Q002S9KM3x4tQRCEA
0QL3GMMDEJ6XSX7OOJ,Synthetic quote line for Connected Beacon Cloud Service Core Atlas.,USD,2021-04-17T10:58:54Z,1.0,7048.37,0.0,7048.37,01uZhc2xX0xLj39ATO,0Q0NzNAgOrV51Bk0NW
0QLbptgWiAVuWKSOBB,Synthetic quote line for Dynamic Pioneer Cloud Service Enterprise Horizon.,USD,2025-12-28T14:51:44Z,1.0,3501.44,5.0,3326.37,01u7Uyv4WpNyTbeIGF,0Q0xwQrnUqvONEsK63
0QLw4TJEjwtpCS7437,Synthetic quote line for Integrated Harbor Data Platform Professional Pulse.,USD,2025-12-28T04:44:30Z,50.0,58612.71,5.0,2784103.73,01ui8Bge7HlL1BoAM0,0Q0N9dcvlsHZEQfCTQ
0QL5SienV55APDXO31,Synthetic quote line for Open Compass Advisory Standard Atlas.,USD,2025-05-13T20:37:31Z,10.0,11161.85,5.0,106037.57,01u5h0NfrvehTSoIIR,0Q0inNaR5CLgOJCK1Z
3SYExJflHKINIfrVRJ,Synthetic quote line for Precision Summit Support Core Ion.,USD,2023-08-02T16:21:33Z,1.0,25069.64,15.0,21309.19,01uns3KdbblltJQYH1,0Q0BfK6Un64rqXKCIH
0QLmjQSa71aH8wFGHF,Synthetic quote line for Rapid Lattice Hardware Enterprise Solstice.,USD,2024-02-06T11:06:41Z,10.0,60567.96,10.0,545111.64,01u3p8CHYvz2rqmYEX,0Q0nZeutsmvpfsTKT6
0QL01DHPOsJAxhnGHG,Synthetic quote line for Virtual Ember Cloud Service Professional Aurora.,USD,2025-11-22T00:25:58Z,2.0,58873.6,0.0,117747.2,01uKb8LTdZrnOlTQ03,0Q0N9dcvlsHZEQfCTQ
0QLacCwu1d5CmE7OPY,Synthetic quote line for Adaptive Vertex Support Ultimate Ion.,USD,2021-11-26T05:35:10Z,2.0,8132.66,5.0,15452.05,01uDWoma98FCSDQIW6,0Q0RQlemjpomayu0ID
0QLMyxv3AB96x73OT7,Synthetic quote line for Dynamic Orbit Advisory Edge Vector.,USD,2022-09-20T17:00:19Z,25.0,44078.61,10.0,991768.72,01ujQGcX0dFFoJDAEI,0Q0HUL2kP1RRNAACYY
0QLgRFIXFFmmQZxO0L,Synthetic quote line for Integrated Foundry Data Platform Foundation Cascade.,USD,2024-11-13T03:06:14Z,10.0,55009.1,10.0,495081.9,01uSoqNuS1WuhQCQ4I,0Q0MGkeUYuEawN6K3A
2QGEnwjRsDpqQdpBCZ,Synthetic quote line for Open Beacon Advisory Scale Meridian.,USD,2026-06-12T21:06:00Z,25.0,38091.12,0.0,952278.0,01ulv13FN8KIvguIY4,0Q0TNX0lcQY9NqH0Z7
0QLTcWbeXaZKxrpGJY,Synthetic quote line for Precision Pioneer Advisory Ultimate Vector.,USD,2022-11-25T19:17:33Z,1.0,66548.81,10.0,59893.93,01uu63szSOLf3PQQ6M,0Q0S7BoiJANzRvtKZ3
0QL7ZA1MqQT309xGGJ,Synthetic quote line for Rapid Harbor Support Edge Cobalt.,USD,2025-08-10T09:35:40Z,25.0,9123.35,10.0,205275.38,01uhXHd7I7kUo5tYAE,0Q0P9SpTcGVtDY6CYD
0QLLZVatWaZqgYPG64,Synthetic quote line for Virtual Compass Support Foundation Nova.,USD,2021-06-17T20:35:34Z,25.0,39887.26,0.0,997181.5,01uE3I30HADotoeYGY,0Q0m4ZHjLrTmBbcKID
0QLH3cXiPekEbBFGJ4,Synthetic quote line for Adaptive Summit Cloud Service Select Zenith.,USD,2023-10-18T06:47:46Z,25.0,36219.0,0.0,905475.0,01u7rR41zLCTZsaY2B,0Q0VhSv6fUGwlnR038
0QLRnBM7UgxdyACOOV,Synthetic quote line for Dynamic Lattice Cloud Service Vertex Cobalt.,USD,2024-10-30T14:02:34Z,25.0,1634.56,0.0,40864.0,01uVTcsqzRQW04eAMD,0Q0K8dxs8PFfw6uCX3
0QLshUZY14n8J0VGP6,Synthetic quote line for Integrated Ember Data Platform Essential Pulse.,USD,2021-03-01T10:59:47Z,5.0,39612.69,10.0,178257.11,01ugMlB4PLTImgLQ9A,0Q0hrsDXMD8H92oKSJ
0QLgMN1JQwwPzMROIQ,Synthetic quote line for Modular Vertex Support Premier Atlas.,USD,2021-07-22T21:09:19Z,2.0,18990.87,0.0,37981.74,01uZvmxypRpoEQLYJL,0Q0YycBaNU8hxrXSN7
0QLJ51ah62lE6kKGKB,Synthetic quote line for Precision Orbit Hardware Select Horizon.,USD,2024-03-18T17:10:20Z,5.0,23993.93,0.0,119969.65,01utZ03Ty4wkdAWA1Q,0Q0uG5HGXenizkC0IM
0QLg5Ivw5PqUTGMGQR,Synthetic quote line for Rapid Foundry Data Platform Vertex Pulse.,USD,2021-12-25T10:54:28Z,50.0,53051.55,0.0,2652577.5,01uuzBHChBdZlrvQ8H,0Q02v5kJAVySePpCQO
0QLHwjwbL7tiMC6W8O,Synthetic quote line for Virtual Beacon Training Essential Aurora.,USD,2021-05-05T08:44:13Z,5.0,59791.03,0.0,298955.15,01unrr2qf22owZ1IKT,0Q0nDIuFLY1B3X9KCI
6DMHYy0p8ggxgPe2ME,Synthetic quote line for Adaptive Pioneer Cloud Service Professional Ion.,USD,2026-01-24T20:26:46Z,25.0,31770.63,0.0,794265.75,01uwSRPKbLes8ruYIZ,0Q0uPcnsIQRHCfTC91
0QL7oPZMSCE28i4G3D,Synthetic quote line for Dynamic Harbor Cloud Service Standard Solstice.,USD,2024-12-18T19:05:21Z,5.0,61875.28,5.0,293907.58,01uqINp8CtmB0C1QFE,0Q0iSWDJ4jxqw01S06
0QL6tPh6UiCcNGqWRN,Synthetic quote line for Integrated Compass Cloud Service Core Cascade.,USD,2021-10-12T14:10:30Z,5.0,56592.95,5.0,268816.51,01u8XnYHXYRns9gY34,0Q0ggsGTgN9CgU7CRF
0QL6lR4qacsdltAGEF,Synthetic quote line for Modular Summit Cloud Service Enterprise Meridian.,USD,2024-10-09T07:22:42Z,5.0,60270.74,20.0,241082.96,01uHHDjAknrlvi7Q92,0Q0vJGfZRVU17GBK8G
0QLV7vqZhiWT5yKO7A,Synthetic quote line for Precision Lattice Data Platform Professional Vector.,USD,2024-05-02T16:22:43Z,1.0,47903.36,10.0,43113.02,01uiUF9NOGQMVCOY9G,0Q0dcsLVRm3AnC90CM
0QL8gN7q5Pf7N3zO77,Synthetic quote line for Rapid Ember Data Platform Standard Cascade.,USD,2024-10-02T07:41:59Z,1.0,73054.22,15.0,62096.09,01ucZtNMVx0iGHIAK5,0Q0ayQ1wfFGXKWO0WA
0QLhMGskqvJBAAmWVR,Synthetic quote line for Unified Vertex Advisory Core Nova.,USD,2025-05-18T20:19:53Z,2.0,65963.4,15.0,112137.78,01uDWoma98FCSDQIW6,0Q0RXyw91xw1y9QK5P
0QLEVPSXsAOvWQ7OLZ,Synthetic quote line for Adaptive Orbit Training Foundation Zenith.,USD,2022-12-16T01:26:52Z,1.0,33091.64,10.0,29782.48,01u9usVZAaaGnwRYOD,0Q0zAlx3LcJGy2y0LU
0QLf8ENjmPMV6gGGS2,Synthetic quote line for Dynamic Foundry Data Platform Scale Cobalt.,USD,2025-12-15T19:18:27Z,10.0,28173.24,0.0,281732.4,01u1zQlV6qpL6i3IK5,0Q0MEaaRkMXLlGB071
0QLAXDwOLSj6forGU7,Synthetic quote line for Integrated Beacon Data Platform Ultimate Nova.,USD,2021-01-29T06:59:22Z,25.0,74298.69,0.0,1857467.25,01unrr2qf22owZ1IKT,0Q0NzNAgOrV51Bk0NW
0QLjZAjJuDJDb0FGIB,Synthetic quote line for Modular Pioneer Support Edge Atlas.,USD,2024-12-05T15:14:20Z,10.0,17921.77,5.0,170256.82,01u2t5lHsuF16GgAD7,0Q0nOsltH715Hy9KHU
0QLSWmdjtxIXTQbORM,Synthetic quote line for Precision Harbor Hardware Foundation Horizon.,USD,2024-05-12T01:31:12Z,1.0,45966.98,20.0,36773.58,01uKSnvPj2bLCV3AKV,0Q0zm9qo7s9wdYKSCU
0QLYx93f6fe47AGW51,Synthetic quote line for Rapid Compass Hardware Scale Pulse.,USD,2024-11-26T11:47:54Z,2.0,69421.18,10.0,124958.12,01uV1w6txw3ypc8QJ7,0Q0c91mhONbzR1yKHY
0QLH1HHPHPA8a1N42Q,Synthetic quote line for Unified Summit Data Platform Ultimate Atlas.,USD,2026-03-05T14:02:05Z,5.0,8453.44,15.0,35927.12,01uh03z6u8t52A7Q6A,0Q09bJDHmNh7mXVKSW
0QLb3WI3tkGLFMzOA2,Synthetic quote line for Adaptive Lattice Training Essential Ion.,USD,2022-04-02T08:23:44Z,50.0,31397.18,0.0,1569859.0,01uT2HYAu6kyAXCY0P,0Q0NzNAgOrV51Bk0NW
0QL6RGd7B5nC3ZzG5Q,Synthetic quote line for Dynamic Ember Cloud Service Premier Solstice.,USD,2022-11-18T12:27:25Z,5.0,46873.84,20.0,187495.36,01ugyZoUJ9GFuCSYMZ,0Q0EQ3Ik8wt03I9SRM
0QLUUTzjubH5t4JWY4,Synthetic quote line for Elastic Vertex Advisory Select Aurora.,USD,2022-12-27T14:24:00Z,10.0,69774.36,10.0,627969.24,01ualDWbU2nsHAyI4N,0Q07OW3WhOt9Z1B0D4
0QLCQbcWYcMUUFEWDD,Synthetic quote line for Modular Orbit Hardware Vertex Ion.,USD,2025-10-20T10:36:33Z,25.0,53794.35,20.0,1075887.0,01uzrOswHnzmYb6AU7,0Q0NzNAgOrV51Bk0NW
1SAyn0aeQ34yJ0cLLK,Synthetic quote line for Precision Foundry Advisory Essential Vector.,USD,2022-06-18T05:42:25Z,5.0,60239.86,0.0,301199.3,01ugMp6vnqPK29EAUZ,0Q0AleSdkJU5gvpCSG
0QLzREUOU2HOERTOQ6,Synthetic quote line for Rapid Beacon Support Premier Cascade.,USD,2023-05-09T19:15:22Z,25.0,22135.13,10.0,498040.42,01uCI9USaya88RGQFI,0Q0OrKuhtn0YPfn0I2
0QLluUcdU5pCQY6WRG,Synthetic quote line for Unified Pioneer Data Platform Select Meridian.,USD,2022-04-28T15:06:14Z,25.0,46446.59,20.0,928931.8,01uGjHftvnIV4BiIC2,0Q0AMGPGZ10TWwEC52
0QLs3wAbVYt0ChlGM5,Synthetic quote line for Adaptive Harbor Training Core Zenith.,USD,2024-02-15T08:59:12Z,10.0,19731.25,0.0,197312.5,01uCxEgI2mCiz8oIIS,0Q0JpXz779eTULYKMN
0QL0HpW8MguhzmgGA7,Synthetic quote line for Dynamic Compass Training Enterprise Cobalt.,USD,2023-05-01T15:16:57Z,50.0,980.99,10.0,44144.55,01uhY4N1qLtpcUtI0I,0Q0JpXz779eTULYKMN
0QLhplcwEt1MpQPW88,Synthetic quote line for Elastic Summit Support Professional Nova.,USD,2022-05-26T23:27:14Z,5.0,20871.12,10.0,93920.04,01u2sFPzvtowgnJIBF,0Q0wyQhXlHJzptuKWG
0QLLo92V0Dq6qSUO7T,Synthetic quote line for Modular Lattice Support Standard Zenith.,USD,2023-05-07T03:53:38Z,1.0,11428.48,10.0,10285.63,01uvpBeHAob5K44IMR,0Q0rkDBkhaxIlm1K62
0QLkRwAuas31inrGU7,Synthetic quote line for Precision Ember Cloud Service Core Horizon.,USD,2021-08-10T13:07:24Z,1.0,52327.2,0.0,52327.2,01uoIM45i0DJHHHQCS,0Q0igmIzAlucj9CKJI
0QL2jZouAwEHn4EGA0,Synthetic quote line for Quantum Vertex Cloud Service Enterprise Pulse.,USD,2021-11-13T18:40:17Z,50.0,44581.18,20.0,1783247.2,01updbdld2ODwuzQJB,0Q0LiSknugQeJpHKIV
0QLr6ZofNN3vEXKGDD,Synthetic quote line for Unified Orbit Hardware Professional Atlas.,USD,2025-08-24T18:28:19Z,5.0,69299.0,0.0,346495.0,01uYzEnqqkK0YYTAPN,0Q0bA1hoqefUUQV0KS
0QL4AV1p27w58WGWM4,Synthetic quote line for Adaptive Foundry Training Ultimate Horizon.,USD,2026-01-31T14:54:29Z,25.0,62554.79,5.0,1485676.26,01uIpwvxtQysDJ4AUU,0Q0Gy9PZqVEz6id0LN
0QLAJU0dLpXqps8OCH,Synthetic quote line for Dynamic Beacon Data Platform Edge Solstice.,USD,2025-09-15T20:31:49Z,5.0,13125.1,5.0,62344.22,01uoH2O7EWf3GABIQ7,0Q0rtjx5a74yli4CKR
0QLplFDQPTIZa5249N,Synthetic quote line for Elastic Pioneer Cloud Service Foundation Aurora.,USD,2023-06-19T09:58:04Z,50.0,3550.56,20.0,142022.4,01uvpBeHAob5K44IMR,0Q0iHvR7oz0f6h10PR
0QL0Wo3Kc68AXUS4NZ,Synthetic quote line for Modular Harbor Hardware Scale Ion.,USD,2024-06-16T10:21:49Z,10.0,51970.4,0.0,519704.0,01uWAuUJGwgaQSUQWO,0Q0urTkTlpIE61k0S8
0QLUPcqXMVSKZ3tO1X,Synthetic quote line for Precision Compass Advisory Ultimate Solstice.,USD,2025-04-01T07:01:02Z,2.0,69514.78,15.0,118175.13,01u8rtcKS4F2yn3IV4,0Q0MO0JHVuhUSXkSXG
0QLI0b7qftH0xIbG61,Synthetic quote line for Quantum Summit Hardware Edge Cascade.,USD,2023-09-29T05:11:02Z,50.0,16488.28,10.0,741972.6,01uGjhxtfIblWmiA3R,0Q0jHgaDZxY2hGGSPS
0QLJnB0ueBoAwNPOHI,Synthetic quote line for Unified Lattice Cloud Service Foundation Meridian.,USD,2023-10-16T01:42:04Z,5.0,37714.82,0.0,188574.1,01uplBWl2zlMr9dYKF,0Q0lG4ANwIHTEZlS6G
0QL7pWLFeR24i5WG06,Synthetic quote line for Adaptive Ember Advisory Select Vector.,USD,2022-04-10T22:21:22Z,5.0,38050.43,20.0,152201.72,01ueVT7VYwqgtswYUD,0Q0NzNAgOrV51Bk0NW
0QLji3UBeGDAdrhWNB,Synthetic quote line for Connected Vertex Hardware Vertex Cascade.,USD,2022-03-29T11:17:15Z,50.0,1419.78,15.0,60340.65,01upie39vTfAxetQMO,0Q0WidCcHnWg4fJCMU
0QLZFsG1R0EZmvLWPA,Synthetic quote line for Elastic Orbit Advisory Essential Nova.,USD,2022-02-09T07:57:09Z,10.0,46658.28,15.0,396595.38,01ua1baryg2Ruz5AMA,0Q0yXGCgWM0R2sDSJY
0QLNNmk4AkUD32hO9H,Synthetic quote line for Modular Foundry Hardware Premier Zenith.,USD,2022-06-29T06:58:28Z,2.0,35204.12,15.0,59847.0,01ubt6UAjtxypWLAKP,0Q0m4ZHjLrTmBbcKID
0QLfW88CwzeqS02OHD,Synthetic quote line for Precision Beacon Cloud Service Select Cobalt.,USD,2021-10-21T06:57:05Z,2.0,12439.48,20.0,19903.17,01uEzdznkNnOVwYYTK,0Q0aMScNDXDhOfz074
0QLZUeqacgQoHulWP0,Synthetic quote line for Quantum Pioneer Data Platform Vertex Nova.,USD,2021-07-14T04:22:30Z,25.0,55586.54,10.0,1250697.15,01urxQLoY7r3bGEAZO,0Q0JBPXvMVam8GqS8I
0QLv3UCx68ce92vGJP,Synthetic quote line for Unified Harbor Advisory Essential Atlas.,USD,2024-02-21T18:11:51Z,10.0,74923.95,20.0,599391.6,01utoYcksst2kIpYQM,0Q078PHd1D5ewDU0PU
0QLmPVmGF8vP1GIWQM,Synthetic quote line for Adaptive Compass Data Platform Professional Horizon.,USD,2021-07-23T09:17:32Z,25.0,25164.05,5.0,597646.19,01ugs5rUeguaTaQIXC,0Q0ZFVNdd6z2crKS9S
0QLVGU9f1k66B4cWZS,Synthetic quote line for Connected Summit Hardware Standard Pulse.,USD,2021-11-26T00:11:02Z,1.0,28391.88,20.0,22713.5,01uysnau0KhTkwBAAW,0Q0Fp1L2RxipWJjCIH
0QLpGnco72qSen4OR6,Synthetic quote line for Elastic Lattice Hardware Core Aurora.,USD,2025-07-26T07:44:18Z,1.0,38890.5,15.0,33056.92,01u2sFPzvtowgnJIBF,0Q0NzNAgOrV51Bk0NW
0QLfpOiKgc3kTu94Y6,Synthetic quote line for Modular Ember Training Enterprise Ion.,USD,2024-01-16T04:51:14Z,10.0,18588.36,10.0,167295.24,01ul6IP0ZbL6Ie6A0B,0Q0qQO1xynrL6JYKE6
0QLLyEJ67Ew92t4O0X,Synthetic quote line for Open Vertex Data Platform Professional Solstice.,USD,2023-01-20T03:15:43Z,25.0,55691.54,0.0,1392288.5,01uGrmz54IceEqlY8F,0Q0jiFmsGsBz53ASB9
0QLkEq4gum0r29H4F6,Synthetic quote line for Quantum Orbit Advisory Standard Aurora.,USD,2021-01-17T05:33:36Z,5.0,15538.22,20.0,62152.88,01uSuv7um4Jc91gAI2,0Q0MYYymXClDujbSSP
0QLnBnhtiybyspwOL4,Synthetic quote line for Unified Foundry Cloud Service Core Meridian.,USD,2023-10-10T23:25:47Z,5.0,43551.77,0.0,217758.85,01uBP89MPIG4q8LQF3,0Q0zm9qo7s9wdYKSCU
0QLPFofa8fKpMpFWKP,Synthetic quote line for Adaptive Beacon Support Foundation Vector.,USD,2024-12-07T01:32:50Z,25.0,24943.99,20.0,498879.8,01uUJWUbolIxMN4AVT,0Q0kzZZaSpxb2k0SSZ
0QLhVKi7pWLFeR24I5,Synthetic quote line for Connected Pioneer Training Scale Cascade.,USD,2022-09-13T18:09:06Z,10.0,54338.88,10.0,489049.92,01uutNMxPbJGXHWQCA,0Q09YxNUyEJ5ujuC5I
0QLT6b08TcBclwAWFL,Synthetic quote line for Elastic Harbor Advisory Ultimate Meridian.,USD,2022-02-05T13:00:00Z,50.0,38414.51,0.0,1920725.5,01u7oYKYE0XFYo9Y9Q,0Q0tKohAc4alP81S8K
0QLIyrMEZia40CgGB9,Synthetic quote line for Modular Compass Training Edge Zenith.,USD,2025-04-29T06:45:53Z,10.0,26995.39,0.0,269953.9,01uRbXQcs08wEzCINO,6R9qouX56ivZ9e4OXQ
0QLATcv9H1cV1YL4HV,Synthetic quote line for Open Summit Support Foundation Cobalt.,USD,2026-06-14T18:23:43Z,5.0,14852.82,15.0,63124.49,01uC4cTc6DjS24HIO7,0Q0otvPvsiVRdfwCLU
0QLycrEZzRoOtQAGQ2,Synthetic quote line for Quantum Lattice Cloud Service Scale Nova.,USD,2021-12-20T17:09:09Z,50.0,17054.55,20.0,682182.0,01uDz0Z4yrKt05CQDN,0Q0LiSknugQeJpHKIV
0QLNcTsFrfJS9juGX3,Synthetic quote line for Unified Ember Training Ultimate Zenith.,USD,2023-02-07T10:27:07Z,1.0,67392.61,0.0,67392.61,01uPjEJCuNdeQtlA0H,0Q0hr6VdsYBljbWCIR
0QLXO1bGJCdXThyW99,Synthetic quote line for Virtual Vertex Advisory Edge Horizon.,USD,2023-01-03T22:54:47Z,50.0,18297.65,0.0,914882.5,01unrr2qf22owZ1IKT,0Q0NzNAgOrV51Bk0NW
0QLb0ppc3mukQidOD0,Synthetic quote line for Connected Orbit Training Premier Pulse.,USD,2025-05-21T18:50:44Z,10.0,57373.57,5.0,545048.91,01uLSRYc2aueFNnYD1,0Q08j4tDGnNMKFj0EC
0QLlfRSGsN50GIf4DP,Synthetic quote line for Elastic Foundry Training Select Atlas.,USD,2022-08-07T23:03:20Z,25.0,2824.84,5.0,67089.95,01uYIe28XneaoiGQKT,0Q0wunz6Pgkzdw3SAO
0QLyQHTNPwKEne0WKC,Synthetic quote line for Modular Beacon Cloud Service Vertex Horizon.,USD,2021-06-25T17:33:06Z,2.0,20405.66,15.0,34689.62,01uj55A0pG7m4UZQ9N,0Q0GrvOafcWT3eDC4P
0QLJ4yOiuXMzxGs46O,Synthetic quote line for Open Pioneer Data Platform Essential Solstice.,USD,2022-05-02T21:21:51Z,10.0,62768.8,0.0,627688.0,01unrr2qf22owZ1IKT,0Q0EQGtlyf4q1bjSMM
0QLHqmYyzNN4IO24HS,Synthetic quote line for Quantum Harbor Hardware Premier Aurora.,USD,2023-07-28T16:50:13Z,2.0,64571.79,5.0,122686.4,01uPVCZ4KnFJ50BYAB,0Q0kzZZaSpxb2k0SSZ
0QLkzc3dvPXyQFjOHO,Synthetic quote line for Unified Compass Support Select Ion.,USD,2021-09-15T11:52:59Z,5.0,59991.03,20.0,239964.12,01u9aywL7bFTcXFIGN,0Q0n4dpgInGEGY9SFD
0QLqZ8hCXUcyQVhGFD,Synthetic quote line for Virtual Summit Training Vertex Solstice.,USD,2021-03-30T00:38:25Z,25.0,25152.1,0.0,628802.5,01uP7hA0q4EnjLrQBI,0Q01wbPaHeKmWVyKLX
0QLk6p4H6lcW9cwWG6,Synthetic quote line for Connected Lattice Cloud Service Enterprise Cascade.,USD,2023-02-24T17:57:50Z,2.0,53674.18,20.0,85878.69,01up2y9M1x2zHlGIII,0Q0jnJX4oZfa6PeKJA
0QLvmOVydw055rI4K6,Synthetic quote line for Elastic Ember Data Platform Professional Meridian.,USD,2021-01-20T04:32:26Z,1.0,4372.94,0.0,4372.94,01uG3ZGIn6X7JIYICW,0Q0RU9diFXU5f0ZKE7
0QLblILob79PwOsWTQ,Synthetic quote line for Integrated Vertex Data Platform Standard Vector.,USD,2021-04-09T18:00:48Z,1.0,41511.88,15.0,35285.1,01u0yZubnpdFfGaIV0,0Q0VuBsd1iZSi2iCWS
0QLkqvJBAAmrvrqOXI,Synthetic quote line for Open Orbit Data Platform Core Cobalt.,USD,2026-06-08T21:59:44Z,10.0,26229.55,0.0,262295.5,01uAFoB6gbzYkh5Y2C,0Q0DVxWmc1TcApa0MR
0QLmzkhl4zOoBdtGZ2,Synthetic quote line for Quantum Foundry Cloud Service Enterprise Nova.,USD,2024-07-31T06:21:42Z,5.0,58638.44,10.0,263872.98,01u7oYKYE0XFYo9Y9Q,0Q01ow8Nd4YKgX9K7I
0QLZcWoZOKGBTiQWVN,Synthetic quote line for Unified Beacon Hardware Professional Zenith.,USD,2025-09-30T12:53:01Z,10.0,15581.1,0.0,155811.0,01u9PAeyBtOJM9hIYV,0Q00aYdgWEQHsHE0IT
0QLyC2LIs66Ty0tOWL,Synthetic quote line for Virtual Pioneer Advisory Standard Cobalt.,USD,2024-08-05T19:23:30Z,50.0,23041.76,10.0,1036879.2,01uwpchl2gSzc8zISZ,0Q0SUDWIUVF0w0z07X
0QLOAdtXkxd2qzQWAM,Synthetic quote line for Connected Harbor Advisory Edge Pulse.,USD,2025-08-29T11:56:54Z,5.0,21397.86,0.0,106989.3,01ucauN3ZCRzObtAUR,0Q0mQGE2Ohi2QPHK3T
0QLrlEmbLO2RA9mWQZ,Synthetic quote line for Elastic Compass Data Platform Foundation Atlas.,USD,2022-04-08T10:38:58Z,2.0,32298.47,20.0,51677.55,01uutNMxPbJGXHWQCA,0Q0TE0152AxZ7zHSY1
0QLlVZIf7IMiRlyGPD,Synthetic quote line for Integrated Summit Training Scale Horizon.,USD,2021-07-06T21:27:03Z,10.0,5736.57,5.0,54497.41,01uBfZkj3n3q858ILS,0Q0tKohAc4alP81S8K
0QL8RHkIV9M0bH54SR,Synthetic quote line for Open Lattice Cloud Service Ultimate Pulse.,USD,2021-12-25T18:35:16Z,2.0,3591.41,10.0,6464.54,01uc6yIZPk12VrWI70,0Q0Zdk04fYNKSSsKR1
0QLWrwdycgTxdQbOA1,Synthetic quote line for Quantum Ember Data Platform Edge Aurora.,USD,2024-08-21T02:11:21Z,50.0,50532.44,5.0,2400290.9,01uBOscrjq0khZAIW5,0Q0HUL2kP1RRNAACYY
0QLfSwNLLGERoJtGIK,Synthetic quote line for Rapid Vertex Support Foundation Ion.,USD,2022-10-06T06:36:55Z,2.0,12153.84,20.0,19446.14,01um2SZhcNHxbHdAST,0Q00gUfP5MnAc6bSUP
0QLh6Mi2Bw1BK3WWMV,Synthetic quote line for Virtual Orbit Hardware Scale Solstice.,USD,2026-02-16T22:56:52Z,25.0,36139.31,0.0,903482.75,01uN61feCVWYDNvA39,0Q0nWq1AeQyRaksS45
0QLGlxbvbCifZM1417,Synthetic quote line for Connected Foundry Data Platform Vertex Aurora.,USD,2024-04-12T19:47:27Z,2.0,14429.99,15.0,24530.98,01uVCi0vuLYXEvJQLK,0Q0KbYAIA6lFxN90I3
0QLRrawgHcSPsFT43C,Synthetic quote line for Elastic Beacon Data Platform Essential Meridian.,USD,2025-05-21T19:35:56Z,2.0,1979.91,5.0,3761.83,01u7vqqvITrUHWRI8Z,0Q0UaARlUQUkVZR0NF
0QLkXAo4ZUHzGQ1GCE,Synthetic quote line for Integrated Pioneer Advisory Premier Vector.,USD,2024-04-11T16:24:21Z,2.0,35031.94,10.0,63057.49,01uqy7cd4gc1JX3I1T,0Q0Ux2daVN7QMwKSKN
0QLz0t7kuR5TN6SOTC,Synthetic quote line for Open Harbor Hardware Select Cascade.,USD,2025-05-14T23:45:20Z,5.0,35438.56,10.0,159473.52,01uSZGMqI3NxLQvINY,0Q0NzNAgOrV51Bk0NW
0QLsXFHsRC0fQ51OA2,Synthetic quote line for Quantum Compass Support Vertex Meridian.,USD,2022-04-26T17:02:08Z,50.0,47459.62,5.0,2254331.95,01u2t5lHsuF16GgAD7,0Q0erkRAbcrQJx8CDH
0QLbg5Ivw5PqUTGGQR,Synthetic quote line for Rapid Summit Cloud Service Essential Zenith.,USD,2024-06-29T16:09:39Z,50.0,9387.24,20.0,375489.6,01uLFcyTBDKmA8CAIK,0Q0Md16Mqnn37ymSSB
0QLuPaLfLgEr5gPOZ8,Synthetic quote line for Virtual Lattice Data Platform Premier Cobalt.,USD,2021-05-14T04:50:18Z,1.0,54084.99,10.0,48676.49,01usnDJaZ6DqB4DQ12,0Q0cjz9ylImsbZLK2G
0QL4cjKVaRv05Zz4UA,Synthetic quote line for Connected Ember Cloud Service Standard Nova.,USD,2022-02-15T00:31:47Z,1.0,30996.82,20.0,24797.46,01uLbKRe3aHzpFnIFF,0Q0vbZ7Eul8bAglS0A
0QLhG69fNas3fWOGR4,Synthetic quote line for Dynamic Vertex Hardware Core Atlas.,USD,2023-09-16T09:54:48Z,1.0,37637.86,10.0,33874.07,01uqINp8CtmB0C1QFE,0Q0BaMClS50D396S05
0QLrLAiJLrM8quI4FI,Synthetic quote line for Integrated Orbit Advisory Enterprise Horizon.,USD,2025-12-23T20:51:26Z,10.0,34476.13,0.0,344761.3,01uPVCZ4KnFJ50BYAB,0Q0dnEo8wNO0TiWCW7
0QLZIlz1s1ewy2hWL2,Synthetic quote line for Open Foundry Training Professional Pulse.,USD,2021-12-01T03:55:20Z,2.0,1996.88,10.0,3594.38,01uy1gvXsamZD7YI4O,0Q0taYcTO7F6x7eCSG
0QLpAqo8Sl9YRiQ4J0,Synthetic quote line for Quantum Beacon Cloud Service Standard Atlas.,USD,2025-08-30T05:44:16Z,50.0,23136.93,10.0,1041161.85,01uHJZb6IgfOSkGIL7,0Q0KWA9ii0tvvdzKI6
0QLUtjkZzijPDT5G98,Synthetic quote line for Rapid Pioneer Hardware Core Ion.,USD,2022-08-14T04:40:10Z,2.0,63742.53,15.0,108362.3,01uUFX0M1o16Q36YWC,0Q03I2URNaQKyERKZ0
0QLmTl7y5p8qXMRG0L,Synthetic quote line for Virtual Harbor Training Enterprise Solstice.,USD,2024-08-12T05:44:02Z,1.0,35256.06,0.0,35256.06,01u3gOonB8t78PPYKF,0Q0rHw3fqcaObyMSZ1
0QLuPB0oReq1mqJWZ1,Synthetic quote line for Connected Compass Training Scale Aurora.,USD,2023-03-15T07:32:27Z,10.0,61343.5,20.0,490748.0,01uWkF1MftLq7fOIP7,0Q0ViMJlR90Q47MSQM
0QLuQnUSbZFsG1R4MV,Synthetic quote line for Dynamic Summit Cloud Service Ultimate Ion.,USD,2024-08-04T16:21:23Z,25.0,60112.49,0.0,1502812.25,01uSKO64CBXbxbQIV6,0Q0NzNAgOrV51Bk0NW
0QLUO3JzE9bLWin4XD,Synthetic quote line for Integrated Lattice Cloud Service Edge Vector.,USD,2024-01-25T02:57:00Z,10.0,53481.41,0.0,534814.1,01uE3I30HADotoeYGY,0Q0yXGCgWM0R2sDSJY
0QLwzQbbSdSFD4W4CT,Synthetic quote line for Open Ember Cloud Service Foundation Cascade.,USD,2022-07-28T03:24:29Z,50.0,45386.51,10.0,2042392.95,01uBfZkj3n3q858ILS,0Q0KMQHfFr2knzvCD5
0QLlGL5L5N6AxIVORT,Synthetic quote line for Precision Vertex Advisory Scale Meridian.,USD,2023-05-18T05:59:40Z,10.0,73867.91,10.0,664811.19,01ukTN9SMFYWgwjAMQ,2Q7BsEZlxpzBqKOVC3
0QLpIvNz81ZnE4N47J,Synthetic quote line for Rapid Orbit Cloud Service Ultimate Vector.,USD,2025-01-11T06:23:34Z,2.0,22853.74,0.0,45707.48,01uqy7cd4gc1JX3I1T,0Q0s3IktVsBvZnkKMQ
0QLiG9P0XbZpNGDWMM,Synthetic quote line for Virtual Foundry Support Edge Cobalt.,USD,2024-11-03T02:15:48Z,10.0,31470.8,0.0,314708.0,01uXSQ5fKhH9J0rQIQ,0Q05XCxIoqei32IK3I
0QLJdAOIlGeRHe5WHX,Synthetic quote line for Connected Beacon Training Premier Nova.,USD,2021-06-12T01:35:55Z,5.0,23465.96,0.0,117329.8,01uybNfPLC9zk1iIPC,0Q0FmIs9LzGPwIF049
0QLpZrDTVdk8Js2OG3,Synthetic quote line for Dynamic Pioneer Training Select Zenith.,USD,2026-05-05T10:52:39Z,1.0,67952.27,10.0,61157.04,01uGodhB3HunRL0QTH,0Q0QmhXXmkqUZOQKOP
0QLdiTywDLsC3AWWFW,Synthetic quote line for Integrated Harbor Data Platform Vertex Cobalt.,USD,2025-06-07T07:30:13Z,25.0,51575.39,0.0,1289384.75,01ugqQiCAgGMwuDIJC,0Q00UNnqGnr2uKYST7
0QLaW5U8bP5eNpFWXK,Synthetic quote line for Open Compass Support Essential Pulse.,USD,2025-05-22T06:48:11Z,50.0,25125.12,10.0,1130630.4,01uRfvkN0HymA5HQXH,0Q0NzNAgOrV51Bk0NW
0QLKNFEhDrqZWRK4ZY,Synthetic quote line for Precision Summit Training Premier Atlas.,USD,2022-05-18T00:43:35Z,2.0,28253.11,0.0,56506.22,01uZhc2xX0xLj39ATO,0Q0aIOtmLkaenxS096
0QLLVnfmzI1WljX4RB,Synthetic quote line for Rapid Lattice Advisory Select Horizon.,USD,2022-03-26T07:27:36Z,5.0,5090.46,0.0,25452.3,01ul6IP0ZbL6Ie6A0B,0Q0Bw5KGy9t1d3JCVS
0QLigNgyn9RX6fYG20,Synthetic quote line for Virtual Ember Training Vertex Pulse.,USD,2026-01-22T18:17:45Z,1.0,36947.41,10.0,33252.67,01uM1GWov1Ae00HA3J,0Q0P3A86uMgxs6LKYH
0QLcws8SKHd6Yzp4Q6,Synthetic quote line for Adaptive Vertex Advisory Enterprise Aurora.,USD,2025-12-31T02:25:14Z,5.0,11494.27,5.0,54597.78,01uQ1lJHScxNZ6NAQB,0Q05WxYJHMxyl0MKSI
0QLj843jKeRf7CjOTY,Synthetic quote line for Dynamic Orbit Data Platform Professional Ion.,USD,2024-02-18T09:40:03Z,50.0,426.84,10.0,19207.8,01uD64o8c12CDa0Q5W,0Q0vJGfZRVU17GBK8G
0QLuXF7plFDQPTIG52,Synthetic quote line for Integrated Foundry Advisory Standard Solstice.,USD,2023-01-26T18:37:07Z,50.0,42856.88,0.0,2142844.0,01uC3YBvJB9JpTRQAJ,0Q0wDW1im0CGtOtSUE
0QL6fngaA4PKHk9W2F,Synthetic quote line for Open Beacon Data Platform Core Cascade.,USD,2024-05-10T15:45:09Z,50.0,32587.75,0.0,1629387.5,01u5n61zNTp1SMmQMW,0Q0Ec8zGpV5uWyKKZC
0QLetgyPdawXByPOP2,Synthetic quote line for Precision Pioneer Advisory Enterprise Meridian.,USD,2021-08-18T05:21:18Z,1.0,64881.34,5.0,61637.27,01u7Uyv4WpNyTbeIGF,0Q09NaODXuktN51SGD
0QLukTrOZKBXBiDW0U,Synthetic quote line for Rapid Harbor Training Professional Vector.,USD,2022-08-21T23:56:22Z,1.0,24629.12,5.0,23397.66,01uVCXqrgCKU3tcIXU,0Q06tDrJslSUdGz0W2
0QLwVGqBkXmbSOy422,Synthetic quote line for Virtual Compass Advisory Standard Cascade.,USD,2023-02-18T20:21:27Z,25.0,9192.74,0.0,229818.5,01uC4cTc6DjS24HIO7,0Q04bdePWjiwXNMKJH
0QL46dUUxVtKBC6W8F,Synthetic quote line for Adaptive Summit Support Edge Nova.,USD,2024-07-22T07:39:10Z,50.0,59381.13,15.0,2523698.02,01uIoxys3iRmSNgATK,0Q0AW9AD16vdxSGCFO
0QLkAdzlsreBq4IOAA,Synthetic quote line for Dynamic Lattice Hardware Foundation Zenith.,USD,2022-09-13T15:47:15Z,5.0,44887.37,0.0,224436.85,01uAtGzObkdYuQCIKN,0Q0770AHIZ570HASEZ
0QLziJqZcD4x4zq4X6,Synthetic quote line for Integrated Ember Data Platform Scale Cobalt.,USD,2024-06-21T04:31:26Z,2.0,57123.97,0.0,114247.94,01ukTN9SMFYWgwjAMQ,0Q0vu8atqOGlHjlCZX
0QLJVwKS77rB56K42B,Synthetic quote line for Modular Vertex Hardware Ultimate Nova.,USD,2024-04-19T07:00:03Z,1.0,26020.98,0.0,26020.98,01u5EtvZtLlKXRRYKN,2Q7BsEzLxPzbQK7VCG
0QL9SL0MNerVecdW2X,Synthetic quote line for Precision Orbit Training Edge Atlas.,USD,2022-09-25T11:30:34Z,5.0,70811.93,15.0,300950.7,01uHhc7RdxJfGWFAN9,0Q0KO6ns79eTJBKCUZ
0QLniXcSymH19zDO4U,Synthetic quote line for Rapid Foundry Hardware Foundation Horizon.,USD,2024-05-18T11:26:00Z,1.0,33344.49,5.0,31677.27,01uJbRaKkjlPvM3I63,0Q0LrFPjYj44cJT0OP
0QLebC6uOar1rbWW24,Synthetic quote line for Virtual Beacon Cloud Service Scale Pulse.,USD,2021-09-27T04:26:50Z,2.0,72452.21,20.0,115923.54,01uTcjJRAY8ghAAA79,0Q0cfwDYRUcaTbD0ZT
0QLylesLuoh5im846G,Synthetic quote line for Adaptive Pioneer Data Platform Vertex Atlas.,USD,2025-10-19T17:09:35Z,50.0,62503.89,20.0,2500155.6,01ut9jBZzSpsiCdICZ,0Q0MGkeUYuEawN6K3A
0QLYr5L01fsuiOf43N,Synthetic quote line for Dynamic Harbor Advisory Essential Ion.,USD,2021-12-29T11:41:49Z,1.0,37269.42,20.0,29815.54,01u5PaTy6Vk6uLCQ0J,0Q0UPhFaL8TwDb3K7G
0QLXTjfyUWEK2s7O27,Synthetic quote line for Integrated Compass Advisory Premier Solstice.,USD,2023-01-03T10:13:12Z,2.0,270.75,15.0,460.27,01ukgubfNSBfQYaIUA,0Q0UM5gKXmrvWB1KYY
0QLi44yGFWMdvjgGHE,Synthetic quote line for Modular Summit Data Platform Select Aurora.,USD,2023-12-06T20:21:37Z,50.0,42020.65,5.0,1995980.88,01uPr41KGxIVdDtIWK,0Q0wcGpg0JMIRXVC39
0QL38nX6fkwOuQ5GRH,Synthetic quote line for Precision Lattice Cloud Service Vertex Ion.,USD,2021-04-04T13:59:41Z,10.0,71907.4,0.0,719074.0,01uas3XHvt9KGjGY0M,0Q0ZD1wV0hDMELxK3U
0QLDP8ZW7OWkr3TWZ3,Synthetic quote line for Rapid Ember Support Essential Vector.,USD,2022-07-12T20:19:40Z,25.0,74856.64,10.0,1684274.4,01uYTScXXHBn0tLASI,0Q0V6D1Mt9k8IX2KCA
0QLzVqHxuOV7mfPW9M,Synthetic quote line for Unified Vertex Data Platform Premier Cascade.,USD,2022-04-29T01:23:16Z,25.0,33824.19,15.0,718764.04,01u9PAeyBtOJM9hIYV,0Q0jSwqy3IwqG8BCZX
0QLQSOk2u5UJkKr4HG,Synthetic quote line for Adaptive Orbit Training Standard Meridian.,USD,2025-06-28T22:39:19Z,2.0,64882.6,20.0,103812.16,01upkTzkJPJeHFlAAI,0Q0UtGh1z36LcZrK2I
0QLrQyZ02UP9Tyq4S5,Synthetic quote line for Dynamic Foundry Advisory Core Zenith.,USD,2021-01-31T16:57:39Z,1.0,187.12,10.0,168.41,01u4seYYJRPqsrIITT,0Q0a94k7qHPpc8QCTA
0QLYTQ6eEvIqdu1GRS,Synthetic quote line for Integrated Beacon Support Enterprise Cobalt.,USD,2024-02-08T09:39:59Z,10.0,15367.24,10.0,138305.16,01u1UxX9MCMWUfpAI9,0Q0uH7lPSjWBPttC3P
0QLGg5JDGqkbLis4F2,Synthetic quote line for Modular Pioneer Hardware Professional Nova.,USD,2022-09-06T18:56:23Z,25.0,38060.69,10.0,856365.53,01uDEI2EKNbkqFhA9H,0Q0Bo1VpHZBx25vK6J
0QLIvtHZqNf2Und4IC,Synthetic quote line for Precision Harbor Support Standard Zenith.,USD,2022-01-31T02:53:01Z,1.0,5371.84,0.0,5371.84,01uybNfPLC9zk1iIPC,0Q0JIvJcWiPGAX3SIU
0QLVY3yyYDkEVnJ4CQ,Synthetic quote line for Rapid Compass Data Platform Core Horizon.,USD,2021-02-08T04:57:37Z,2.0,70752.33,5.0,134429.43,01utx3xzWqOvLSGAHV,0Q0LbFQ5kPijhFlCPU
0QLZr1QUUJ7P0o2W3U,Synthetic quote line for Unified Summit Advisory Enterprise Pulse.,USD,2021-03-28T01:10:10Z,50.0,33151.29,10.0,1491808.05,01unzqchnBJvFvNARI,0Q0s67bDZqF2QbwS0Q
0QLBETM3XbkHw2MOQT,Synthetic quote line for Adaptive Lattice Hardware Scale Atlas.,USD,2023-01-30T22:53:27Z,25.0,71800.74,10.0,1615516.65,01uOyGLwPVbjwgxI0L,0Q0hATM9BhDPJMICVA
0QLHtd8yRHJsOvMWIZ,Synthetic quote line for Dynamic Ember Data Platform Ultimate Horizon.,USD,2024-08-10T03:33:33Z,2.0,22706.02,0.0,45412.04,01u3kSFhaBLMkghAZY,0Q09u2coB4WnNDeKGD
0QLNxpeBlpMMglNGGK,Synthetic quote line for Elastic Vertex Support Edge Solstice.,USD,2022-09-13T03:53:53Z,1.0,44604.29,0.0,44604.29,01uJgiJCNK3WVkDAPN,0Q0LsbjWA6rArCtSWW
0QLQQajebXxmHrWOKQ,Synthetic quote line for Modular Orbit Data Platform Foundation Aurora.,USD,2021-10-20T10:48:47Z,25.0,26608.02,15.0,565420.42,01uDWoma98FCSDQIW6,0Q0VA6zyQctEvZB0V8
0QLZqkjUf0vJ8dzOYQ,Synthetic quote line for Precision Foundry Training Scale Ion.,USD,2023-11-26T21:11:00Z,2.0,61696.37,0.0,123392.74,01uMigOkLBLlz7uYWX,0Q0lm9VdaankOwJKPS
0QLi6nRQVBe0u2D4LQ,Synthetic quote line for Rapid Beacon Training Ultimate Solstice.,USD,2023-03-17T05:44:32Z,5.0,54687.21,0.0,273436.05,01uExFr2ox1wODrIJA,0Q0knT7Rn8p9m2HCS0
0QLf3jzynhw3mLzO2R,Synthetic quote line for Unified Pioneer Hardware Edge Cascade.,USD,2021-01-31T09:43:06Z,25.0,8237.98,20.0,164759.6,01uvx1DwHkqf1eYI5G,0Q0QX7RUAWXSbYU0OE
0QL6ozptMseE0alGML,Synthetic quote line for Adaptive Harbor Data Platform Premier Meridian.,USD,2024-06-13T10:06:34Z,1.0,59036.52,0.0,59036.52,01uDWoma98FCSDQIW6,0Q0lBEdBj2sHTB9CGF
0QLuFRXESscdkioW20,Synthetic quote line for Dynamic Compass Support Select Vector.,USD,2024-08-29T16:14:07Z,25.0,64025.99,15.0,1360552.29,01uSuv7um4Jc91gAI2,0Q0Bo1VpHZBx25vK6J
0QLEX3HmRlMAUPjGH5,Synthetic quote line for Elastic Summit Training Vertex Cascade.,USD,2023-04-17T12:01:20Z,1.0,41695.31,15.0,35441.01,01ulT0vCqClLQ4gYDM,0Q0ZFVNdd6z2crKS9S
0QLqsOdm5wLjzouGFP,Synthetic quote line for Modular Lattice Data Platform Essential Nova.,USD,2021-05-11T03:17:53Z,10.0,31035.77,0.0,310357.7,01uwblHjttgt0qjYKB,0Q0XLd6HoAYOckUCX9
0QL9ght9pxzn27y4Q8,Synthetic quote line for Precision Ember Data Platform Premier Zenith.,USD,2021-12-29T13:05:09Z,25.0,46678.88,0.0,1166972.0,01u3p8CHYvz2rqmYEX,0Q0nfx3VHYVQUojS9N
0QLDEPIz8RHkIV94B5,Synthetic quote line for Quantum Vertex Hardware Select Cobalt.,USD,2024-01-15T14:46:09Z,2.0,55207.74,20.0,88332.38,01uJgiJCNK3WVkDAPN,0Q0roX4NnOlnIF8SO8
0QLUvUfP8kpDZhk4U6,Synthetic quote line for Unified Orbit Hardware Vertex Nova.,USD,2024-10-03T04:09:05Z,25.0,1852.27,10.0,41676.08,01u1v0qA9XAZC18ANO,0Q0ymny0Yb6KBoaSRH
0QLucfj7ucXznx5WR2,Synthetic quote line for Adaptive Foundry Advisory Enterprise Atlas.,USD,2025-05-12T10:51:48Z,10.0,59948.2,0.0,599482.0,01uGodhB3HunRL0QTH,0Q0TBb31IJhEJbvCJR
0QLNBtghvJ3H0co42I,Synthetic quote line for Dynamic Beacon Advisory Professional Horizon.,USD,2023-09-28T09:48:51Z,25.0,60068.48,0.0,1501712.0,01uKf9JD3b3I31TYQ4,0Q05NWXbA9zmfZJCHX
0QLlaCcJsCZWkjeO07,Synthetic quote line for Elastic Pioneer Advisory Standard Pulse.,USD,2023-01-02T08:45:04Z,25.0,55807.78,15.0,1185915.32,01uhXHd7I7kUo5tYAE,0Q0eunkrLQ6uWJPKUG
0QL5NsrmmzXkuh1GQH,Synthetic quote line for Modular Harbor Data Platform Core Aurora.,USD,2024-04-10T01:40:01Z,5.0,74832.44,20.0,299329.76,01u4o4n5WjlYYKWQAM,0Q0EM3JQEfh2I7SCMG
0QLSMfUvMFpnM1NW3X,Synthetic quote line for Precision Compass Advisory Enterprise Ion.,USD,2021-01-08T12:52:46Z,25.0,20211.92,20.0,404238.4,01uXnhv90KP987BQ3Y,0Q0yxpnhnfx3VHYSJQ
0QL8srK2z2auyypWI5,Synthetic quote line for Quantum Summit Cloud Service Professional Solstice.,USD,2021-09-24T20:40:02Z,5.0,12053.12,15.0,51225.76,01utx3xzWqOvLSGAHV,0Q0DBrgv3wQJ55K0ME
0QLwTCY8jdX0pNX4SH,Synthetic quote line for Unified Lattice Advisory Standard Aurora.,USD,2025-02-03T21:54:33Z,5.0,53393.19,0.0,266965.95,01uPjEJCuNdeQtlA0H,0Q0F1bUkuVjIqwJ0B4
0QLqhYxIiZcWoZOOSV,Synthetic quote line for Adaptive Ember Data Platform Edge Meridian.,USD,2022-02-16T19:47:15Z,25.0,22144.49,0.0,553612.25,01uEqUZBEAZR9UmY8R,0Q0cXIo8bvnlEfkSBN
0QLzU7WxgE5YsnSW7U,Synthetic quote line for Connected Vertex Support Foundation Vector.,USD,2022-09-03T14:00:30Z,5.0,18483.07,10.0,83173.82,01uDWoma98FCSDQIW6,0Q0aEjw842Iyo7gC3F
0QLOTHcbMOIfUqVWRF,Synthetic quote line for Elastic Orbit Cloud Service Scale Cascade.,USD,2026-03-13T00:03:45Z,5.0,72672.1,20.0,290688.4,01uimhbIoNlOrYnI66,0Q0xghMwOLhlU3oSBQ
0QLpIB8V14whsc9GUC,Synthetic quote line for Modular Foundry Data Platform Ultimate Meridian.,USD,2022-03-11T10:21:44Z,2.0,65220.12,15.0,110874.2,01u0ElwG1CqM4RlQXP,0Q0oiFXSupRotIy0NC
0QLi9OCeRkanajaWOV,Synthetic quote line for Precision Beacon Hardware Edge Zenith.,USD,2024-05-22T10:14:58Z,50.0,37231.88,5.0,1768514.3,01ui8Bge7HlL1BoAM0,0Q0Po5S2b8p7BQuSOR
0QLRHyVscr04lKLG3Q,Synthetic quote line for Quantum Pioneer Training Foundation Cobalt.,USD,2024-08-04T11:33:03Z,50.0,28956.22,20.0,1158248.8,01uG8I3LXJBT79WQUS,0Q0UU79nW2ZEredKCT
0QLMQ5rXCTKHgDZGOE,Synthetic quote line for Unified Harbor Hardware Scale Nova.,USD,2021-11-17T11:25:56Z,1.0,56590.54,0.0,56590.54,01upghMAFa2ixN1Q3E,0Q0TAijfr0Pe18ZCWN
0QLnxIocWUpj8VWO8F,Synthetic quote line for Adaptive Compass Training Vertex Zenith.,USD,2025-06-04T04:24:56Z,2.0,996.26,15.0,1693.64,01u6slvrn5euvbnQC8,0Q097XcAgU2O2T406W
0QLbCTRliL6NmtRWBW,Synthetic quote line for Connected Summit Training Essential Horizon.,USD,2021-01-07T19:31:29Z,1.0,57828.91,0.0,57828.91,01uhY4N1qLtpcUtI0I,0Q038IukLGClFFdCBW
0QL88lCXLPwyWYYOT2,Synthetic quote line for Elastic Lattice Hardware Premier Pulse.,USD,2023-10-14T12:04:51Z,10.0,34572.92,20.0,276583.36,01uqy7cd4gc1JX3I1T,0Q0peQqRczRsnOwK6X
0QLsSBg3T4cmmFmOC8,Synthetic quote line for Modular Ember Hardware Select Atlas.,USD,2021-04-05T00:17:56Z,25.0,72271.04,0.0,1806776.0,01uynmR1qubBiOaYYH,0Q0TE0152AxZ7zHSY1
0QLCm4nMPT3vTQPWX4,Synthetic quote line for Open Vertex Training Vertex Horizon.,USD,2022-10-25T19:18:07Z,2.0,36488.69,10.0,65679.64,01ucOVQYpxTA9fkYLG,0Q0SRiHeYzsLB9CCKF
0QLoQE9slUZvXtmWGC,Synthetic quote line for Quantum Orbit Cloud Service Essential Solstice.,USD,2025-07-01T06:04:23Z,2.0,48432.34,10.0,87178.21,01uoPNLXLbZVKlOIY9,0Q07iWq5twRXKQGKV9
0QLi8ll9ushRpRjGHH,Synthetic quote line for Unified Foundry Training Premier Aurora.,USD,2023-04-18T02:19:24Z,1.0,3085.43,0.0,3085.43,01ugC0Mkcri6dqvADO,0Q0Ss2B5J8Q1CkeCG3
0QLE29N66s7dlE54PC,Synthetic quote line for Adaptive Beacon Support Standard Ion.,USD,2021-04-14T17:36:44Z,2.0,44016.51,0.0,88033.02,01uh9FtSK3Gxm3GYFH,0Q0hKMVRyTgOMMR0FW
0QL5PJ51ah62lE6OFK,Synthetic quote line for Connected Pioneer Cloud Service Core Vector.,USD,2023-10-26T10:37:40Z,1.0,41320.18,10.0,37188.16,01uk7RIGqtW7TtTAU7,0Q0KqnJM9EavfROK6Q
0QLibbPtDuXZaC0GZT,Synthetic quote line for Elastic Harbor Cloud Service Enterprise Cascade.,USD,2026-05-08T06:51:57Z,2.0,68237.87,15.0,116004.38,01uZMsmMl304CKnIWL,0Q0HrF0ItLvvvEt0NQ
0QLs1Ubhfj4Wgpn4FV,Synthetic quote line for Modular Compass Training Professional Meridian.,USD,2026-02-25T11:03:20Z,50.0,62515.33,10.0,2813189.85,01u6KKbQZEsQD2mQJW,0Q0R2jh3bXqhib2KJ5
0QLqOgdNvnnAAjVWPO,Synthetic quote line for Open Summit Support Standard Vector.,USD,2024-11-25T17:34:11Z,50.0,63582.59,20.0,2543303.6,01uSoqNuS1WuhQCQ4I,0Q0Hacsniv0IkeyCBQ
0QLZyvIwz5j1u0rWWM,Synthetic quote line for Quantum Lattice Hardware Core Cobalt.,USD,2022-09-17T08:18:46Z,1.0,59647.07,10.0,53682.36,01uCI9USaya88RGQFI,0Q0v8iFUgLnh54MKTI
0QLaKOqSdZ6TuX0WP0,Synthetic quote line for Unified Ember Cloud Service Enterprise Nova.,USD,2023-07-13T21:25:06Z,50.0,24764.96,5.0,1176335.6,01uuCYF9n5XQYNiATY,0Q0iSWDJ4jxqw01S06
0QLlW3ORm7ahqWRGD8,Synthetic quote line for Virtual Vertex Hardware Professional Zenith.,USD,2025-11-14T11:22:28Z,5.0,59291.2,5.0,281633.2,01ul7MaOwG3jnK1Q60,0Q0izPwJfvl7eJlSHN
0QLxbx5FlR4Cq6vOQR,Synthetic quote line for Connected Orbit Support Ultimate Cobalt.,USD,2022-11-24T05:24:54Z,5.0,25794.99,0.0,128974.95,01uAtGzObkdYuQCIKN,0Q0Bw5KGy9t1d3JCVS
0QLRFm4trJ7cQOoW00,Synthetic quote line for Elastic Foundry Training Edge Pulse.,USD,2025-08-12T03:17:37Z,1.0,56312.03,15.0,47865.23,01uhMKIX1dZxo2KIIG,0Q03Lp9pernxHrOC2C
0QLcKOQwIT1IPYC4NR,Synthetic quote line for Modular Beacon Advisory Foundation Atlas.,USD,2023-09-10T07:47:12Z,25.0,22104.71,5.0,524986.86,01uQnxc3f6t4FGwYCY,0Q0wcGpg0JMIRXVC39
0QLHCFIT2rt10DFWQ9,Synthetic quote line for Open Pioneer Data Platform Scale Horizon.,USD,2024-01-05T12:02:19Z,50.0,2174.72,0.0,108736.0,01uDD0S1dJdEdBpAZS,0Q0eWR239YRmjYH0ZH
0QLrP21hZsdjrtJ492,Synthetic quote line for Quantum Harbor Data Platform Ultimate Pulse.,USD,2021-10-06T20:47:27Z,5.0,39116.28,20.0,156465.12,01uFQR9XJDjmBB5A31,0Q0yTkbWItVaa1tS8D
0QL4yzIdNUyBEmwOC0,Synthetic quote line for Unified Compass Support Edge Aurora.,USD,2021-07-22T00:07:02Z,25.0,71384.86,0.0,1784621.5,01uTQrHbd0TJOw2IXT,0Q0Fb4kMYfgEOQUKOA
0QL6LFN1WBgeOFVWRW,Synthetic quote line for Virtual Summit Advisory Foundation Ion.,USD,2023-05-29T18:46:48Z,2.0,23934.9,15.0,40689.33,01uBkydzyYz6EoPI8G,0Q0s3IktVsBvZnkKMQ
0QLrQsSth2ryujH4P9,Synthetic quote line for Connected Lattice Data Platform Select Solstice.,USD,2022-09-23T22:50:58Z,25.0,44486.35,5.0,1056550.81,01uXDDMmVGn5CclQUQ,0Q0dZqVEDo8STYTC2H
0QLdwPghEBfIQFKGIU,Synthetic quote line for Elastic Ember Advisory Vertex Aurora.,USD,2022-05-09T15:24:36Z,1.0,33938.27,0.0,33938.27,01uKb8LTdZrnOlTQ03,0Q0kmhZDcGJKNzq0VG
0QLu5nN2Y8eZjtT4S7,Synthetic quote line for Integrated Vertex Support Essential Meridian.,USD,2023-03-14T22:20:09Z,2.0,17273.56,0.0,34547.12,01uxoDAY3cwqITNA1G,0Q0rqitzigvVQnDC7W
0QLaYHQBAbcs2ggOGI,Synthetic quote line for Open Orbit Support Premier Vector.,USD,2022-10-13T13:44:53Z,2.0,46962.2,0.0,93924.4,01uYTScXXHBn0tLASI,0Q0nFeFvTQmmhWPKV8
0QLvPQ0jfyzPOPrGHN,Synthetic quote line for Quantum Foundry Training Select Cascade.,USD,2021-11-19T11:40:58Z,2.0,13111.12,15.0,22288.9,01uWCyTesvSdqwTYP4,0Q0VuBsd1iZSi2iCWS
0QLbvHuNU3IdD6rWNB,Synthetic quote line for Unified Beacon Training Vertex Meridian.,USD,2026-06-23T01:21:42Z,1.0,19530.31,20.0,15624.25,01umXfMNeJIQUlcIEX,0Q0wp21D6cAniejK6Q
0QLDRyPld90fLaVGS5,Synthetic quote line for Virtual Pioneer Support Essential Zenith.,USD,2023-12-28T20:33:57Z,2.0,51906.57,15.0,88241.17,01uZeDDEOhjxXGiIJ1,0Q05iZ3SoHA77PaS6S
0QLrJSgfP0rc2rQ4HE,Synthetic quote line for Connected Harbor Training Professional Cobalt.,USD,2023-12-10T05:18:22Z,25.0,25028.58,0.0,625714.5,01uwblHjttgt0qjYKB,0Q0DERIZkAyVBCT0BU
0QLgfbvtRyt7O3IW8L,Synthetic quote line for Elastic Compass Hardware Standard Nova.,USD,2026-05-30T03:41:24Z,5.0,34641.79,5.0,164548.5,01ubVTXfBaCb01jAQV,0Q0HCLRVRHHWM2US4O
0QLD0Nxxw9vjqy2WXR,Synthetic quote line for Integrated Summit Data Platform Core Atlas.,USD,2024-10-23T04:38:52Z,10.0,69168.1,0.0,691681.0,01uqTTvJvfJkLqZQBG,0Q0rehZ6ywFiG0zCMY
0QLSEue0DMXm7w1O41,Synthetic quote line for Open Lattice Hardware Enterprise Horizon.,USD,2023-02-24T09:32:32Z,2.0,41131.86,5.0,78150.53,01u3VcPWmfc83TAIIQ,0Q0RgsnW3dRLtvgK9Q
0QL1GOLqKPZhAkiGYE,Synthetic quote line for Quantum Ember Cloud Service Professional Pulse.,USD,2024-05-21T14:06:17Z,10.0,48588.73,20.0,388709.84,01uGjHftvnIV4BiIC2,0Q0TikzietfRKx00ZX
0QLGWSIzdUxo4QUGRG,Synthetic quote line for Rapid Vertex Training Standard Atlas.,USD,2021-08-12T22:22:18Z,50.0,12215.58,15.0,519162.15,01uHRSXfJkCx1mUQFK,0Q0tDT0bMdIPUCHCHR
0QLcaBeiBuZCzDHODG,Synthetic quote line for Virtual Orbit Hardware Core Ion.,USD,2022-02-08T22:16:33Z,50.0,28320.52,0.0,1416026.0,01uysnau0KhTkwBAAW,0Q0mlkcjN1wOxww0D5
0QLDFMQSSfD6pj1OOQ,Synthetic quote line for Connected Foundry Data Platform Foundation Solstice.,USD,2022-06-26T20:56:24Z,1.0,47189.02,10.0,42470.12,01u2t5lHsuF16GgAD7,0Q0XS0AwhsKBxIhSV2
0QLajjABnehRjG7GEJ,Synthetic quote line for Elastic Beacon Data Platform Scale Aurora.,USD,2026-04-18T19:23:03Z,25.0,50921.61,0.0,1273040.25,01uPjx1mFPjDpcgIRA,0Q0NUpyHzhU82tASGB
0QLPyobslqVjJa0GD7,Synthetic quote line for Integrated Pioneer Advisory Ultimate Ion.,USD,2022-11-08T14:11:05Z,10.0,62172.14,0.0,621721.4,01uz72Mh768cYm5IN8,0Q0dMFPH39Habr6KQ9
0QLXVbeQEyNHzahOT9,Synthetic quote line for Open Harbor Training Edge Vector.,USD,2025-09-02T19:08:07Z,10.0,44741.74,5.0,425046.53,01uFa5jdtbk2jvnIRL,0Q0ZdYC8U8e7BMVSWD
0QLgGpj6OxalCO9GT0,Synthetic quote line for Quantum Compass Advisory Foundation Cascade.,USD,2025-03-30T12:15:31Z,1.0,38778.16,5.0,36839.25,01uWCyTesvSdqwTYP4,0Q0I5N1D5UcQmFeSP7
0QL9R986YcVRZgj48M,Synthetic quote line for Rapid Summit Advisory Scale Meridian.,USD,2023-08-23T04:19:50Z,10.0,4049.24,10.0,36443.16,01uyQcPopC4io3SYBV,0Q0ibIuFiHA1ay0CBU
0QLaIvM7JHVGQ6O464,Synthetic quote line for Virtual Lattice Data Platform Ultimate Vector.,USD,2021-12-24T13:25:59Z,25.0,23377.16,20.0,467543.2,01u9aywL7bFTcXFIGN,0Q01ow8Nd4YKgX9K7I
0QLVZE0leQWhEA0G16,Synthetic quote line for Connected Ember Hardware Essential Cobalt.,USD,2024-05-31T18:11:56Z,50.0,55121.96,0.0,2756098.0,01uEQENe3mhON7SQTB,0Q0v8iFUgLnh54MKTI
0QLedw6pGTkr9FZWZA,Synthetic quote line for Dynamic Vertex Hardware Premier Nova.,USD,2021-07-03T21:05:21Z,2.0,35900.15,15.0,61030.25,01uIpwvxtQysDJ4AUU,0Q0zm38qWpOO9Dg0G9
0QLGt4s6bF4Ff7GWJM,Synthetic quote line for Integrated Orbit Cloud Service Select Zenith.,USD,2024-04-05T18:26:44Z,5.0,12961.08,0.0,64805.4,01uGm9aqZuKAd5vQXA,0Q0VIcMzBf1G7KMKZR
0QLUQPWKvOWdp86OS0,Synthetic quote line for Open Foundry Training Vertex Cobalt.,USD,2022-12-17T20:07:29Z,50.0,62536.3,0.0,3126815.0,01uHBgjwoocvy6ZI5L,0Q0Cihuqk3gA07sCVO
0QL8nZmjG7VG7PvGIA,Synthetic quote line for Quantum Beacon Support Essential Pulse.,USD,2026-01-27T04:51:25Z,25.0,60221.04,10.0,1354973.4,01uJgiJCNK3WVkDAPN,0Q0u6BfOygEK5sES8P
0QLeGuibgg4JAwMO3H,Synthetic quote line for Rapid Pioneer Cloud Service Premier Atlas.,USD,2021-07-30T08:43:42Z,25.0,50950.91,15.0,1082706.84,01uMskTW5szoxUUADQ,0Q0yxpnhnfx3VHYSJQ
0QLCGoKOVpOCqebOUL,Synthetic quote line for Virtual Harbor Advisory Select Horizon.,USD,2026-04-05T04:48:39Z,2.0,74687.51,0.0,149375.02,01u7oYKYE0XFYo9Y9Q,0Q0Gy9PZqVEz6id0LN
0QLy9INDWx5mtVdG3D,Synthetic quote line for Connected Compass Cloud Service Core Solstice.,USD,2022-10-18T23:50:28Z,5.0,70516.24,0.0,352581.2,01upPMDy80x6djaI5M,0Q0WC3BsOdZygtf0ZG
0QLZefMMhaWygqDGCC,Synthetic quote line for Dynamic Summit Training Enterprise Aurora.,USD,2021-07-26T08:27:35Z,2.0,16461.59,15.0,27984.7,01uCyKZmipXHx2mYRP,0Q0kN5kK9klCYWiK3T
0QLh9ooB6Ig8CmrGSW,Synthetic quote line for Integrated Lattice Advisory Professional Ion.,USD,2021-07-04T19:58:09Z,50.0,30780.23,5.0,1462060.93,01uM1GWov1Ae00HA3J,0Q0UU79nW2ZEredKCT
0QLOonQ3UnW84qx4HN,Synthetic quote line for Open Ember Hardware Standard Solstice.,USD,2022-10-22T17:15:13Z,25.0,4626.52,0.0,115663.0,01ul6IP0ZbL6Ie6A0B,0Q0FuKMsrLOULTwSNJ
0QLQyBh51ef7eeP4UA,Synthetic quote line for Precision Vertex Data Platform Core Cascade.,USD,2021-11-20T21:44:26Z,25.0,12971.75,5.0,308079.06,01uKb8LTdZrnOlTQ03,0Q0KuicpPYzkir4082
0QL4lzhH4TfzjJ24HA,Synthetic quote line for Rapid Orbit Support Enterprise Meridian.,USD,2023-02-23T11:05:20Z,5.0,38104.94,0.0,190524.7,01uKz1iBqRHCmlrY7E,0Q0eMpVmjDGJSa70I4
0QL9fb7quZxDftZW8Q,Synthetic quote line for Virtual Foundry Training Professional Vector.,USD,2026-04-05T21:49:06Z,5.0,34645.26,5.0,164564.99,01ueFoz0cEnrn7mI9X,0Q078PHd1D5ewDU0PU
0QLilXy05TTisU84LT,Synthetic quote line for Connected Beacon Advisory Ultimate Cascade.,USD,2025-05-25T23:42:34Z,25.0,34562.12,0.0,864053.0,01uJLl4lsfShoyiQNW,0Q0rsmxnVvCvNzbC95
0QLAJwKQYe7hWJxOBD,Synthetic quote line for Dynamic Pioneer Advisory Edge Nova.,USD,2025-09-29T03:31:48Z,5.0,52327.43,15.0,222391.58,01ut9jBZzSpsiCdICZ,0Q02TWMremL8JCW0C0
0QLnlmQohFyqFQwGGT,Synthetic quote line for Integrated Harbor Hardware Foundation Zenith.,USD,2022-03-06T11:00:30Z,25.0,27653.95,10.0,622213.88,01uqZXZ1URRWyWYYJH,0Q0j5HfaxrB7hcuCFT
0QL4A5PKFQGRAe2G5E,Synthetic quote line for Open Compass Hardware Scale Cobalt.,USD,2022-03-19T03:23:37Z,50.0,61101.02,15.0,2596793.35,01umtlnnNLY7p5OI4U,0Q0Sucx7HXtHQnX0O2
0QL646ISknp0D6mW2V,Synthetic quote line for Precision Summit Data Platform Ultimate Nova.,USD,2023-01-12T13:44:43Z,25.0,28253.06,0.0,706326.5,01uAtGzObkdYuQCIKN,0Q0uQoMfQ45F1ZGSNJ
0QLjeRBjEl1jYwjOCU,Synthetic quote line for Rapid Lattice Advisory Edge Atlas.,USD,2025-10-03T07:28:10Z,2.0,68714.13,5.0,130556.85,01uP7hA0q4EnjLrQBI,0Q0KFreNkdPjOd2CEC
0QLizilH4g8ljK5GO9,Synthetic quote line for Virtual Ember Data Platform Foundation Horizon.,USD,2025-12-13T02:41:59Z,1.0,30817.41,5.0,29276.54,01uDFeYaSqYs9sRIRH,0Q0iF4OzkQF2IadCP6
0QL7tkRwAuas31iORF,Synthetic quote line for Adaptive Vertex Advisory Select Pulse.,USD,2022-08-05T11:20:52Z,25.0,45827.43,10.0,1031117.18,01ul7MaOwG3jnK1Q60,0Q0jdtqFEelb9v2SKX
0QLrWU7SE0TK1jxWUO,Synthetic quote line for Dynamic Orbit Cloud Service Vertex Atlas.,USD,2021-03-28T10:01:53Z,50.0,39595.6,5.0,1880791.0,01uiOuapJc0w5rMI3Q,0Q08QreXOfetYu9S00
0QLqkfW1Wxwo20LG9P,Synthetic quote line for Integrated Foundry Training Essential Ion.,USD,2026-04-06T12:52:27Z,1.0,4007.23,0.0,4007.23,01uYPTzxMh3mfVBQKH,0Q0juWqVclxSVArCRT
0QLLvoYh8cOxsbFG9N,Synthetic quote line for Open Beacon Advisory Premier Solstice.,USD,2025-12-01T03:20:34Z,2.0,42701.18,20.0,68321.89,01uGjhxtfIblWmiA3R,0Q02mDjOvbItqbdKAO
0QLaxutD7kNxNUAWTW,Synthetic quote line for Precision Pioneer Advisory Select Aurora.,USD,2024-05-10T12:45:27Z,5.0,27417.8,0.0,137089.0,01uxm81ZRsM2DEwQVA,0Q0E8qObMX99MPBK0G
0QLinNRA04Ub40fW3H,Synthetic quote line for Rapid Harbor Support Vertex Ion.,USD,2024-07-14T08:20:20Z,1.0,9731.28,5.0,9244.72,01uPAnJ63RGP2cLIN8,0Q0ebk0ZRUyMGVaSL2
0QLHmnQmWelnzYnGDE,Synthetic quote line for Virtual Compass Data Platform Essential Vector.,USD,2024-08-07T21:11:53Z,2.0,13802.83,15.0,23464.81,01ulAUjRtN0XkWuANU,0Q0t8IxJXTcboya017
0QLZshAVKZ2pPFw4L2,Synthetic quote line for Adaptive Summit Cloud Service Professional Cascade.,USD,2026-03-22T02:33:00Z,5.0,52809.44,10.0,237642.48,01uFMIhPjil3hAVQJI,0Q0GFJgTm6gATY2KA3
0QLLNzehrZ0pq5LOAH,Synthetic quote line for Dynamic Lattice Cloud Service Standard Meridian.,USD,2025-07-18T20:37:00Z,2.0,23329.24,5.0,44325.56,01uPVg8XMauyV0HAZ6,0Q0t8Q1c8Ar9fL3C3F
0QL4MtQKZcFHvXIOKI,Synthetic quote line for Integrated Ember Advisory Core Zenith.,USD,2023-06-13T06:08:06Z,2.0,21139.44,20.0,33823.1,01uhKGrd4fvOOHBIHW,0Q0JLg2B8qqE8CKKWO
0QLzL5TSzd0TvU44AO,Synthetic quote line for Modular Vertex Hardware Enterprise Cobalt.,USD,2022-09-27T01:32:44Z,1.0,66534.62,5.0,63207.89,01up9L1rMMIROsoYKL,0Q0Ux2daVN7QMwKSKN
0QL0paC0r94lt3cG2C,Synthetic quote line for Precision Orbit Support Professional Nova.,USD,2023-01-06T11:40:19Z,10.0,60075.53,10.0,540679.77,01utAAud7huqvEmY3U,0Q01zwfI55KkypGSDT
0QLgyfEZNBx7oKu46I,Synthetic quote line for Rapid Foundry Training Standard Zenith.,USD,2022-11-15T08:08:39Z,1.0,54341.67,5.0,51624.59,01u3kSFhaBLMkghAZY,0Q06FXpAfIbgk0t0GH
0QLaKDfPIKKSJ0hGZW,Synthetic quote line for Virtual Beacon Data Platform Core Horizon.,USD,2023-05-11T13:50:11Z,2.0,25755.19,0.0,51510.38,01uHjqtdinrTUk6A6F,0Q0CJRpQXQTGlnfS4G
0QLXKObtjuMVXsu434,Synthetic quote line for Adaptive Pioneer Data Platform Foundation Pulse.,USD,2025-09-30T12:50:17Z,1.0,17408.71,10.0,15667.84,01udvlfkQgFBsWxQ5O,0Q0N9dcvlsHZEQfCTQ
0QLofwt8eBHB6m14QE,Synthetic quote line for Dynamic Harbor Advisory Scale Atlas.,USD,2021-06-09T12:47:15Z,5.0,72828.9,20.0,291315.6,01uV8i2ozj6njopYSE,0Q0Rl9EnZd9IQfBSIU
0QLqjaQBPaRIlnX4FB,Synthetic quote line for Integrated Compass Data Platform Ultimate Horizon.,USD,2022-08-02T11:48:58Z,5.0,47688.06,0.0,238440.3,01udvlfkQgFBsWxQ5O,0Q0SqSwIJpFphfF0SW
0QLMxlLR8tObHyWWY3,Synthetic quote line for Modular Summit Advisory Edge Solstice.,USD,2024-07-08T17:06:56Z,10.0,10018.16,15.0,85154.36,01ualDWbU2nsHAyI4N,0Q0phuvf0lvXGzKKO1
0QLB8zOJ88gIpdzOJS,Synthetic quote line for Precision Lattice Cloud Service Foundation Aurora.,USD,2024-11-02T13:48:38Z,2.0,70592.14,0.0,141184.28,01uGRqSyJsjiNj7YGL,0Q04H9Xn1U8FxBiSQP
0QLVfBcg4xBJ3sYO1S,Synthetic quote line for Rapid Ember Cloud Service Scale Ion.,USD,2025-09-05T18:03:37Z,10.0,16025.93,15.0,136220.4,01u6As0VOR8Qof4Y36,0Q08mEWoBWrbPAjCDM
0QLKNXV9TFYvbdFG0J,Synthetic quote line for Unified Vertex Training Ultimate Solstice.,USD,2022-04-05T05:10:18Z,5.0,30331.53,5.0,144074.77,01u07ivu2QA6dAiA8A,0Q0N6oYw6rm5TzGCMX
0QLoHjsLSS1ysBq4EC,Synthetic quote line for Adaptive Orbit Data Platform Essential Cascade.,USD,2025-09-09T23:30:36Z,50.0,17100.06,0.0,855003.0,01uFUzxKZQSFaPOQ1A,0Q0Fp1L2RxipWJjCIH
0QL40LHV0Ixw0wO4YW,Synthetic quote line for Dynamic Foundry Data Platform Premier Meridian.,USD,2021-06-16T09:26:23Z,50.0,45052.05,0.0,2252602.5,01u5GtifNDPLBQJQCC,0Q018KVHJ1WsQK2SVC
0QLZV2RShZU07DGG9G,Synthetic quote line for Integrated Beacon Advisory Select Vector.,USD,2025-02-07T22:15:48Z,10.0,42802.37,0.0,428023.7,01ukRCiZaAEu20RYNG,0Q0IIpXl660p1ABCN8
0QL2Wo1B4LpFGbfWPQ,Synthetic quote line for Modular Pioneer Data Platform Vertex Cascade.,USD,2022-10-18T10:43:48Z,50.0,31469.39,0.0,1573469.5,01ugqQiCAgGMwuDIJC,0Q07xHJqjuQHYEyS09
0QLFSXxJgU7S7DfWI4,Synthetic quote line for Precision Harbor Training Essential Nova.,USD,2024-01-28T19:04:40Z,50.0,10962.35,5.0,520711.62,01uRfvkN0HymA5HQXH,0Q0NzNAgOrV51Bk0NW
0QLh5hlkZsnyaihW4U,Synthetic quote line for Rapid Compass Cloud Service Premier Zenith.,USD,2023-10-18T08:11:06Z,2.0,47953.1,5.0,91110.89,01uM1GWov1Ae00HA3J,0Q08FrlxYuPeyu2CCY
0QL6ZgCMTHjmcWdWVB,Synthetic quote line for Unified Summit Training Select Cobalt.,USD,2023-12-29T00:02:34Z,25.0,22309.48,0.0,557737.0,01uQXPpS3qDSOckYL8,0Q0juWqVclxSVArCRT
0QLRfH9yb2CD3ZhW62,Synthetic quote line for Adaptive Lattice Support Core Pulse.,USD,2025-04-29T09:49:06Z,10.0,48034.24,5.0,456325.28,01u4GnyBkjhiE9TAMV,0Q0UTszVo3FVphFC65
0QL1W25OZYAcxzN4VY,Synthetic quote line for Dynamic Ember Data Platform Enterprise Atlas.,USD,2025-09-05T04:37:59Z,5.0,50557.94,0.0,252789.7,01uM996AjCjDpxAQ0G,0Q0dLMlymny0Yb6SAO
0QLHShrDRMvZXyAGL2,Synthetic quote line for Elastic Vertex Data Platform Professional Horizon.,USD,2021-05-20T04:06:06Z,25.0,50078.27,0.0,1251956.75,01ulAUjRtN0XkWuANU,0Q05EBerIIZidqZKFM
0QLrR6EwDsgQepFO75,Synthetic quote line for Modular Orbit Cloud Service Standard Pulse.,USD,2025-11-16T12:23:16Z,25.0,20564.75,15.0,437000.94,01uArZ6TaDNtlP6YWR,0Q0NzNAgOrV51Bk0NW
0QLhEcbrAWmXj2fO5L,Synthetic quote line for Precision Foundry Advisory Core Aurora.,USD,2024-08-17T09:45:39Z,25.0,50894.95,10.0,1145136.38,01uocAw17jHIHntY65,0Q0jpDVL5jnOFKRC44
0QLb0lYwx3nDwpQGU8,Synthetic quote line for Rapid Beacon Support Enterprise Ion.,USD,2021-02-19T03:40:42Z,25.0,7901.82,0.0,197545.5,01uGm9aqZuKAd5vQXA,0Q0HroLYtT91osqSP4
0QLjoAyJoGzPW6yOLH,Synthetic quote line for Unified Pioneer Training Professional Solstice.,USD,2024-05-07T09:06:46Z,25.0,631.45,0.0,15786.25,01uuc5fKtP4ShVVAPK,0Q0hATM9BhDPJMICVA
0QL6ShAhSc9m9hgG73,Synthetic quote line for Adaptive Harbor Data Platform Ultimate Aurora.,USD,2022-12-20T18:31:12Z,2.0,25248.03,5.0,47971.26,01u0LigxavQESk3IMW,0Q0zqsc7p5ScokKSLP
0QL44AEE3WtwmRVGW3,Synthetic quote line for Dynamic Compass Support Edge Meridian.,USD,2021-05-03T16:30:19Z,5.0,2471.97,15.0,10505.87,01uKbd2MFF1p4b2Y0X,0Q0dMFPH39Habr6KQ9
0QLH8I85UIWycrVGUT,Synthetic quote line for Elastic Summit Hardware Foundation Vector.,USD,2022-12-03T10:47:05Z,2.0,20193.08,15.0,34328.24,01uqINp8CtmB0C1QFE,0Q0x8py2WwWuEBe0GD
0QLxhkoo3L1Xb1BWGU,Synthetic quote line for Modular Lattice Data Platform Scale Cascade.,USD,2021-05-09T01:16:42Z,25.0,52263.41,10.0,1175926.73,01uBC3Af2aJPeifQON,0Q0C98ucUZzNUacS6N
0QLbpfLrzQeopuuO8Q,Synthetic quote line for Precision Ember Data Platform Ultimate Meridian.,USD,2021-04-17T22:29:49Z,10.0,54537.23,20.0,436297.84,01uchoxiqj7a2N5YGA,0Q0WZJmTzhPXz8nSFX
0QLJVXLLu1mPV4aGHK,Synthetic quote line for Quantum Vertex Cloud Service Edge Zenith.,USD,2021-09-08T08:43:37Z,50.0,50551.19,5.0,2401181.52,01uRfvkN0HymA5HQXH,0Q0Q8Ss903dKm3bK64
0QLsussWmG06QLXWV1,Synthetic quote line for Unified Orbit Advisory Foundation Cobalt.,USD,2023-11-04T09:29:57Z,25.0,11823.34,10.0,266025.15,01ucauN3ZCRzObtAUR,0Q0AW9AD16vdxSGCFO
0QLMATXgO3tghFFGLZ,Synthetic quote line for Adaptive Foundry Support Select Nova.,USD,2022-07-28T19:45:26Z,50.0,42982.84,15.0,1826770.7,01ugtNsaJdzD5xkYCW,0Q0bA1hoqefUUQV0KS
0QLewcYrwB1xc1n4V5,Synthetic quote line for Dynamic Beacon Cloud Service Vertex Zenith.,USD,2021-05-14T05:23:07Z,50.0,44427.95,10.0,1999257.75,01uZeDDEOhjxXGiIJ1,0Q0PcqytlKC0zGpCAB
0QLmUdBLjsqJyWTO1V,Synthetic quote line for Elastic Pioneer Hardware Essential Horizon.,USD,2022-12-14T00:39:18Z,25.0,9503.47,10.0,213828.07,01uSoqNuS1WuhQCQ4I,0Q0c1JZ9QKMMYsAKPN
0QLwwjIrwNX1yKQOEX,Synthetic quote line for Modular Harbor Support Premier Pulse.,USD,2021-08-30T01:25:15Z,1.0,62099.36,20.0,49679.49,01uAMgh5dwURjaMQRK,0Q04LjSZO9faFVFSAQ
0QLDwzcIzjhydQcONH,Synthetic quote line for Precision Compass Hardware Select Atlas.,USD,2023-01-20T04:07:54Z,2.0,60177.45,5.0,114337.15,01uu63szSOLf3PQQ6M,0Q03iGXyIzx1tgSSSQ
0QLGc6gYWINp3rmOKH,Synthetic quote line for Quantum Summit Support Vertex Horizon.,USD,2022-06-28T05:37:08Z,2.0,34971.65,20.0,55954.64,01u5n61zNTp1SMmQMW,0Q0KbtOcT8xr1SbS43
0QLoK7CII0bFxKWO1A,Synthetic quote line for Unified Lattice Cloud Service Essential Solstice.,USD,2024-02-05T03:02:26Z,25.0,15863.79,5.0,376765.01,01uPNiaL1uUi0GGYQH,0Q00aYdgWEQHsHE0IT
0QLpP2K4rMCYdRkO2G,Synthetic quote line for Adaptive Ember Data Platform Professional Aurora.,USD,2026-03-07T16:49:39Z,5.0,45170.41,5.0,214559.45,01uFt9b3ADxIGMFA8E,0Q06d5Zmh7HL9vZCVL
0QLyOqSJiOTIq264JZ,Synthetic quote line for Connected Vertex Training Standard Ion.,USD,2021-05-28T08:20:25Z,1.0,16786.38,0.0,16786.38,01u5h0NfrvehTSoIIR,0Q0OGxXiYRT4LZkCVU
0QLGy4ankdpDzWMO26,Synthetic quote line for Elastic Orbit Support Core Vector.,USD,2025-05-05T11:51:14Z,50.0,59839.84,15.0,2543193.2,01u8xZQQ01lrCVlYQL,0Q0LzzoMTZ7il160VL
0QLeffRips720QfWT7,Synthetic quote line for Modular Foundry Cloud Service Enterprise Cascade.,USD,2024-10-06T15:49:09Z,2.0,1326.57,5.0,2520.48,01uOyGLwPVbjwgxI0L,0Q0UYz9RwtjnssG0IJ
0QLrHZFVuxIFU3P44L,Synthetic quote line for Precision Beacon Support Professional Meridian.,USD,2024-03-22T00:28:00Z,1.0,13289.98,15.0,11296.48,01uiOuapJc0w5rMI3Q,0Q0lfflyr9bwOeAS26
0QLyIDNSutg5WwoGVZ,Synthetic quote line for Quantum Pioneer Support Standard Vector.,USD,2025-02-02T18:07:40Z,10.0,309.03,20.0,2472.24,01uTsGST0Vu9nmEQER,0Q0uY0pjoIEZJiX0L8
0QLcgrS6soaujFaWSC,Synthetic quote line for Unified Harbor Data Platform Core Cobalt.,USD,2026-02-01T08:30:57Z,5.0,64865.73,5.0,308112.22,01uoPNLXLbZVKlOIY9,0Q0xJcIYEjbKp2US6K
0QLDqQTYq6YazHvO0Y,Synthetic quote line for Adaptive Compass Advisory Foundation Nova.,USD,2023-07-28T03:35:49Z,1.0,59827.46,5.0,56836.09,01uXv4K6jjQLtG3AOR,0Q0zm38qWpOO9Dg0G9
0QL5MwWGv9PCeVEOIA,Synthetic quote line for Connected Summit Hardware Scale Zenith.,USD,2022-03-29T06:05:14Z,1.0,48658.58,0.0,48658.58,01uHm9hkqn3nP7NIX9,0Q0oP1PgDKrS6K8SN9
0QLyQ7IBcMDlI9CW3M,Synthetic quote line for Elastic Lattice Cloud Service Ultimate Cobalt.,USD,2026-04-21T02:49:04Z,2.0,8467.53,0.0,16935.06,01uLSRYc2aueFNnYD1,0Q0TjA6BxVt78KYCIL
0QLN9naRguTjgqoO82,Synthetic quote line for Modular Ember Support Edge Pulse.,USD,2022-05-12T11:48:54Z,5.0,70678.92,0.0,353394.6,01utx3xzWqOvLSGAHV,0Q0cuYqMcwsESVJSCJ
0QLLTbD0ZzZsmLTWG3,Synthetic quote line for Open Vertex Support Foundation Atlas.,USD,2025-12-24T20:03:00Z,50.0,61052.51,0.0,3052625.5,01uDD0S1dJdEdBpAZS,0Q0zmiO2KgWWro1CMT
0QLroqJ35769qxb418,Synthetic quote line for Quantum Orbit Data Platform Scale Horizon.,USD,2022-11-13T08:01:39Z,2.0,71509.85,0.0,143019.7,01utx3xzWqOvLSGAHV,0Q001jlYpE5EUJe0UE
0QL8ZT7FYOruBhBGJS,Synthetic quote line for Unified Foundry Advisory Ultimate Pulse.,USD,2021-06-15T06:39:50Z,25.0,51899.48,0.0,1297487.0,01uUuCDlyVaOtj6A5E,0Q03I2URNaQKyERKZ0
0QLfnkSRcANmxY6OFA,Synthetic quote line for Adaptive Beacon Training Essential Aurora.,USD,2021-02-07T06:50:52Z,25.0,14614.43,20.0,292288.6,01ui8Bge7HlL1BoAM0,0Q0LPPWgwFNhwgrC3M
0QLYJI7WqXv8rSy49E,Synthetic quote line for Connected Pioneer Cloud Service Premier Ion.,USD,2021-03-16T07:09:21Z,10.0,12313.71,0.0,123137.1,01uArZ6TaDNtlP6YWR,0Q0KO6ns79eTJBKCUZ
0QLLeDYFfPwkOOhOHV,Synthetic quote line for Elastic Harbor Advisory Select Solstice.,USD,2024-12-17T05:39:50Z,25.0,43473.27,20.0,869465.4,01u8mL9qFdT1EHNIM9,0Q0zw8FJP2ps1utCWE
0QLnf5r2VzVFytZ42A,Synthetic quote line for Modular Compass Advisory Vertex Aurora.,USD,2024-09-10T00:01:13Z,1.0,5830.59,20.0,4664.47,01ubVTXfBaCb01jAQV,0Q0KFreNkdPjOd2CEC
0QLcziwKAs1y5J4OUN,Synthetic quote line for Open Summit Training Essential Meridian.,USD,2025-02-19T13:35:46Z,50.0,22619.21,15.0,961316.42,01u2rujAAFZGq71AIQ,0Q0uIOmt219w2I1KA4
0QLruC9SCKxKyjX44P,Synthetic quote line for Quantum Lattice Support Premier Vector.,USD,2021-08-26T08:20:57Z,1.0,23045.41,0.0,23045.41,01ua3TAVCFZjGSRAIX,0Q0yWU5Wm53hjcJCBR
0QLapiBiXRybYLgORY,Synthetic quote line for Unified Ember Support Select Cascade.,USD,2024-04-06T21:49:57Z,5.0,33613.02,10.0,151258.59,01uG1oGHfFaPv7cAYC,0Q09p5PXcAtMNa30VI
0QL8TcBclwAtPflGSR,Synthetic quote line for Virtual Vertex Hardware Vertex Meridian.,USD,2021-02-09T12:42:53Z,25.0,4996.84,20.0,99936.8,01u5n61zNTp1SMmQMW,0Q0z0Exk2LWoq1uKYZ
0QL6uAqtWShJyQh4M7,Synthetic quote line for Connected Orbit Data Platform Enterprise Zenith.,USD,2022-08-27T02:55:18Z,10.0,21742.21,0.0,217422.1,01ufpSNxKRDyqRXQ14,0Q0TAijfr0Pe18ZCWN
0QLqvP14CrFYTVDGLV,Synthetic quote line for Elastic Foundry Data Platform Professional Cobalt.,USD,2026-04-19T18:08:54Z,25.0,55107.4,0.0,1377685.0,01uwrxBxGfjEpqeIX1,0Q0VaavVLaZAmfnKME
0QLllGupeawFhiSOL9,Synthetic quote line for Modular Beacon Training Standard Nova.,USD,2024-10-17T10:25:49Z,5.0,17523.64,0.0,87618.2,01ugMp6vnqPK29EAUZ,0Q0fGnHVuRwxOIU0NW
0QL7ECaLNcH0FeiOY7,Synthetic quote line for Open Pioneer Support Core Atlas.,USD,2021-03-27T07:00:16Z,50.0,15052.87,0.0,752643.5,01u0ElwG1CqM4RlQXP,0Q0knT7Rn8p9m2HCS0
0QLjXRq7FhGsumw4WB,Synthetic quote line for Quantum Harbor Hardware Enterprise Horizon.,USD,2025-03-18T11:22:11Z,1.0,27774.51,10.0,24997.06,01u4D6LQD1fDHRvQMG,0Q0uHTB3zqgpml1KUW
0QLGaIc5opcaiw24X0,Synthetic quote line for Unified Compass Training Professional Pulse.,USD,2023-08-20T20:22:56Z,10.0,33364.83,20.0,266918.64,01uKR3EllytN4EsQIZ,0Q0vI8f27dGbelg05M
0QLm6UrtnZLoXdW4WJ,Synthetic quote line for Virtual Summit Advisory Standard Atlas.,USD,2025-05-28T00:10:59Z,5.0,55757.6,15.0,236969.8,01u1sr1soSTDcCMQ43,0Q0kmhZDcGJKNzq0VG
0QLZWaRaSQpWljSORT,Synthetic quote line for Connected Lattice Training Edge Ion.,USD,2023-03-09T14:22:47Z,1.0,71061.99,15.0,60402.69,01uvM9JQrsP7yGYQ83,0Q0EMH4DhqmDyxbKNQ
0QLgZu2KVGjRRTHOLH,Synthetic quote line for Elastic Ember Hardware Foundation Solstice.,USD,2024-08-31T03:20:38Z,1.0,26491.47,20.0,21193.18,01u9usVZAaaGnwRYOD,0Q0wrDVORFFwbN7KRN
0QLgcdVXjW4MdiQ4WC,Synthetic quote line for Integrated Vertex Data Platform Scale Aurora.,USD,2024-05-14T06:33:41Z,25.0,28786.96,0.0,719674.0,01u2uWEH3Jb5lDlIVZ,0Q0bf8034IqTyb9CAZ
0QLPl9QwcHZcJQzOUM,Synthetic quote line for Open Orbit Training Ultimate Ion.,USD,2026-05-14T14:16:50Z,25.0,46865.29,0.0,1171632.25,01uV1w6txw3ypc8QJ7,0Q0inNaR5CLgOJCK1Z
0QLYpPq6qHgWZ8ZO29,Synthetic quote line for Quantum Foundry Hardware Edge Vector.,USD,2025-09-01T21:55:00Z,2.0,30378.25,5.0,57718.67,01uGrmz54IceEqlY8F,0Q0oiFXSupRotIy0NC
0QLdzuVqkZL8u1XW6W,Synthetic quote line for Unified Beacon Hardware Foundation Cascade.,USD,2023-02-01T12:36:39Z,2.0,29078.17,15.0,49432.89,01uOceKBCLhfBYFQ99,0Q0zw8FJP2ps1utCWE
0QLENFHWgd4qn6N4BU,Synthetic quote line for Virtual Pioneer Hardware Scale Meridian.,USD,2024-02-09T11:14:26Z,2.0,6549.01,5.0,12443.12,01usZhoMVh5QFp5A8S,0Q0dE81zWNDiYjcS9Q
0QLFq8OwtqqTlfJW3Y,Synthetic quote line for Connected Harbor Data Platform Vertex Vector.,USD,2024-10-28T04:50:26Z,1.0,61218.39,5.0,58157.47,01uhY4N1qLtpcUtI0I,0Q0tDT0bMdIPUCHCHR
0QLwKb1lQfVkmKr40A,Synthetic quote line for Elastic Compass Advisory Essential Cobalt.,USD,2022-08-26T15:01:54Z,2.0,38209.65,0.0,76419.3,01uPZWdNvBe5hqLIIQ,0Q0S7BoiJANzRvtKZ3
0QLv4QgXUC61FysOU3,Synthetic quote line for Integrated Summit Advisory Premier Nova.,USD,2024-02-19T04:16:35Z,10.0,60443.15,5.0,574209.92,01ucktmDnpi6SA2IM7,0Q0WC3BsOdZygtf0ZG
0QLPw1sjSoejXIxGLF,Synthetic quote line for Open Lattice Training Select Zenith.,USD,2025-01-31T17:21:14Z,25.0,11996.6,0.0,299915.0,01uWiKh2xAB4kqIYBW,0Q07Fc4xufJcwnWST7
0QLniN3X2US1eQVGVX,Synthetic quote line for Quantum Ember Advisory Vertex Cobalt.,USD,2024-02-13T10:12:30Z,10.0,17217.33,15.0,146347.31,01u7oYKYE0XFYo9Y9Q,0Q0EMH4DhqmDyxbKNQ
0QLSgmTPY2WF5qaO1J,Synthetic quote line for Rapid Vertex Advisory Essential Pulse.,USD,2021-03-15T18:42:12Z,5.0,74823.33,0.0,374116.65,01uUJWUbolIxMN4AVT,0Q0JSUfQ5AkkbmjSK3
0QLODSysQwgeKg4OYF,Synthetic quote line for Virtual Orbit Hardware Premier Atlas.,USD,2023-03-01T11:23:03Z,5.0,58824.36,15.0,250003.53,01uSuv7um4Jc91gAI2,0Q0uBweF6czST5lC01
0QLIWZdT7X0KdA7WTC,Synthetic quote line for Connected Foundry Training Standard Horizon.,USD,2023-01-19T09:17:03Z,10.0,46962.24,0.0,469622.4,01ubQogH4f43vxaA17,0Q04mfyPZqm64McSJB
0QLy2acP92vE1WUWZ2,Synthetic quote line for Elastic Beacon Advisory Core Solstice.,USD,2024-03-06T11:39:24Z,50.0,43905.15,0.0,2195257.5,01utoYcksst2kIpYQM,0Q07q4HmrzMO0JHSHK
0QLX90jalv8nU0u44C,Synthetic quote line for Integrated Pioneer Data Platform Enterprise Aurora.,USD,2025-07-16T23:46:39Z,25.0,4777.78,15.0,101527.82,01uc6yIZPk12VrWI70,0Q0LbFQ5kPijhFlCPU
0QLTFCp0uT409XjWVH,Synthetic quote line for Open Harbor Cloud Service Professional Ion.,USD,2025-09-25T11:52:50Z,1.0,39748.06,0.0,39748.06,01uocAw17jHIHntY65,0Q0ugJD9EqVFb1QS3U
0QL1OgjuYaNovVi4UE,Synthetic quote line for Quantum Compass Advisory Standard Solstice.,USD,2023-10-30T21:20:45Z,2.0,3857.65,10.0,6943.77,01ujwTES8hRA7BmARX,0Q01wbPaHeKmWVyKLX
0QLZtjAzd4MAEZN4GO,Synthetic quote line for Rapid Summit Cloud Service Core Cascade.,USD,2024-01-07T07:24:19Z,10.0,9799.67,20.0,78397.36,01uIhNDsbACKJwOQAK,0Q0LmIcqJQVEOumSEE
0QL81qH8MjvlCTMOUC,Synthetic quote line for Virtual Lattice Hardware Enterprise Meridian.,USD,2024-12-14T06:04:28Z,2.0,43115.06,15.0,73295.6,01uG3ZGIn6X7JIYICW,0Q05cqnVjWasYbU042
0QLxTPSU7xCjh8r411,Synthetic quote line for Connected Ember Support Scale Vector.,USD,2024-05-05T18:44:56Z,10.0,49350.81,15.0,419481.88,01uKf9JD3b3I31TYQ4,0Q0OOnGs9zyiwFn0BU
0QLlEHp3JwC4jFOGEB,Synthetic quote line for Dynamic Vertex Advisory Ultimate Cascade.,USD,2026-04-01T09:07:13Z,10.0,21570.23,15.0,183346.95,01uGVgElwvBIbvwAMH,0Q02xIN8hMbQugIK7L
0QLQrW0hiHcjN3y4FE,Synthetic quote line for Integrated Orbit Cloud Service Edge Nova.,USD,2021-01-21T10:44:41Z,5.0,32311.17,10.0,145400.26,01uMKVRBOsHCfA1Y65,0Q0m475AnDZbF6Q03M
0QLnLayRAGtE3Ij4U1,Synthetic quote line for Open Foundry Support Foundation Zenith.,USD,2023-12-18T22:21:08Z,10.0,55885.39,20.0,447083.12,01u6i9Nw76KxTuIYF4,0Q0aMaqaRcjXRlsS1Z
0QLmNMSw3rJg9JuGG7,Synthetic quote line for Quantum Beacon Data Platform Scale Cobalt.,USD,2024-07-21T08:02:43Z,50.0,28667.44,0.0,1433372.0,01uGQQh5RW001gyILZ,0Q0VtzH6N0beEhy0TA
0QLzF2EU2SXJhPz46R,Synthetic quote line for Rapid Pioneer Cloud Service Ultimate Nova.,USD,2025-03-03T07:23:51Z,5.0,56312.01,20.0,225248.04,01uoH2O7EWf3GABIQ7,0Q0TtURFDjdmM2dK3B
0QLb3UQyIbzq8QNGU9,Synthetic quote line for Virtual Harbor Advisory Edge Atlas.,USD,2022-10-08T19:13:55Z,1.0,368.16,0.0,368.16,01umqAw1yoGjRKZYO5,0Q0NzNAgOrV51Bk0NW
0QLW3V7wzTNeEt0G9S,Synthetic quote line for Connected Compass Support Premier Horizon.,USD,2025-02-27T15:43:03Z,10.0,61842.57,5.0,587504.41,01uqhMa2zt9ioK1IJ8,0Q0vI8f27dGbelg05M
0QLL9gdJg7mjLjoWFW,Synthetic quote line for Dynamic Summit Cloud Service Select Pulse.,USD,2025-09-29T15:09:26Z,2.0,18933.58,15.0,32187.09,01u4GnyBkjhiE9TAMV,0Q0NRqy38HV4NCaCKY
0QLHOedwkNsOEe6OXA,Synthetic quote line for Integrated Lattice Training Vertex Atlas.,USD,2025-06-04T13:29:55Z,25.0,23274.15,10.0,523668.38,01u5PaTy6Vk6uLCQ0J,0Q03XRa4yt2sXjY01H
0QLxj8A9PCUVJAH4WY,Synthetic quote line for Open Ember Support Essential Ion.,USD,2021-02-07T15:07:28Z,10.0,19421.08,0.0,194210.8,01ueuC03ppiyMNNAY1,0Q00PaHAP9INWjZ0UK
0QLlBfeeT3m4OXXGXI,Synthetic quote line for Precision Vertex Cloud Service Premier Solstice.,USD,2021-08-15T20:55:35Z,5.0,44805.12,0.0,224025.6,01uWstmQaRboDKWIU3,6R9qouX56ivZ9e4OXQ
0QLlScS7Lg6Jg98OV6,Synthetic quote line for Rapid Orbit Hardware Select Aurora.,USD,2023-12-05T22:45:29Z,1.0,46892.51,20.0,37514.01,01uAMyCLLNMmR5bA3S,0Q0FuKMsrLOULTwSNJ
0QLyGpstnibiCIaG3F,Synthetic quote line for Virtual Foundry Cloud Service Vertex Ion.,USD,2023-01-16T21:26:17Z,5.0,378.6,10.0,1703.7,01uxGUu3X0m16ejI17,0Q0ZJcFcM9hiTAmS66
0QLwlBMGQOv3JK6WGU,Synthetic quote line for Connected Beacon Hardware Enterprise Vector.,USD,2022-05-10T18:51:25Z,2.0,12193.44,20.0,19509.5,01ualDWbU2nsHAyI4N,0Q0ayQ1wfFGXKWO0WA
0QLqhDOUKouqNpN4VL,Synthetic quote line for Dynamic Pioneer Training Professional Cascade.,USD,2022-10-19T18:42:25Z,1.0,14095.16,0.0,14095.16,01uGRqSyJsjiNj7YGL,0Q0DNU1YicpRO4ZKQ3
0QL8fwfXzaZZirxG08,Synthetic quote line for Integrated Harbor Support Standard Meridian.,USD,2022-01-09T22:05:05Z,5.0,44742.08,10.0,201339.36,01uE6z8KW68KSVPQCU,0Q0yXGCgWM0R2sDSJY
0QL2htaE9MBCeUm4QH,Synthetic quote line for Open Compass Advisory Core Zenith.,USD,2023-10-05T07:32:45Z,2.0,37576.08,0.0,75152.16,01ugJ9Is01cBYy5ASF,0Q07Fc4xufJcwnWST7
0QLrqu99RrxuUz6OHW,Synthetic quote line for Precision Summit Hardware Enterprise Cobalt.,USD,2022-08-04T05:01:39Z,25.0,11041.27,15.0,234626.99,01uilnVKVTyQFssII1,0Q0Y9plwmyECgSKS3R
0QLpfLr7MLGPXm44MA,Synthetic quote line for Rapid Lattice Data Platform Professional Nova.,USD,2024-04-25T15:05:04Z,1.0,2656.33,0.0,2656.33,01u4dHsHv8wA4sGY7I,0Q031dJ3OXhuxUoSAT
0QLReHav6VHk9JBGMC,Synthetic quote line for Virtual Ember Support Standard Zenith.,USD,2021-04-30T03:55:59Z,25.0,24661.16,5.0,585702.55,01umtlnnNLY7p5OI4U,0Q07kXKTvSTQrJ90XF
0QL7mZVKhIt7Vme4HR,Synthetic quote line for Adaptive Vertex Advisory Edge Horizon.,USD,2022-01-08T06:27:11Z,10.0,42306.74,0.0,423067.4,01uw91RYAhA1FFjAKB,0Q0V5mw76vnyd01SC3
0QLkcovvmgBPGkuO3P,Synthetic quote line for Dynamic Orbit Data Platform Foundation Pulse.,USD,2022-03-06T15:43:56Z,2.0,8395.26,10.0,15111.47,01uXemgmbGBj031YMF,0Q0VaavVLaZAmfnKME
0QL7kerH79cAM5gWYH,Synthetic quote line for Integrated Foundry Hardware Scale Atlas.,USD,2022-05-15T23:58:49Z,5.0,48802.77,10.0,219612.46,01uDWoma98FCSDQIW6,0Q01FeHUnCNvjzg06F
0QLx6r9ghubLwPc4J1,Synthetic quote line for Open Beacon Cloud Service Ultimate Horizon.,USD,2021-03-20T23:47:32Z,5.0,61622.24,15.0,261894.52,01uMA8zSZGWyKdiAKM,0Q0XiC1pEczfBNzKCI
0QLyzVoXtk0lKlYOCC,Synthetic quote line for Precision Pioneer Support Edge Solstice.,USD,2026-05-17T18:20:39Z,1.0,18377.32,0.0,18377.32,01uFU41MzP3ypS9IHI,0Q0tXYBmqHuHWHZK6S
0QLxgGsUjg70ifJWZ7,Synthetic quote line for Rapid Harbor Hardware Foundation Aurora.,USD,2024-03-18T01:55:01Z,25.0,38022.39,20.0,760447.8,01uNQaEFCEthyrFQ6R,0Q0z7TWfbjcCsCnK5N
0QLosp1RItCYLNcGHV,Synthetic quote line for Virtual Compass Support Scale Ion.,USD,2022-01-12T07:20:09Z,10.0,42755.51,5.0,406177.35,01usZhoMVh5QFp5A8S,0Q0ugJD9EqVFb1QS3U
0QLHMYtZCP98lKwWSS,Synthetic quote line for Adaptive Summit Hardware Vertex Solstice.,USD,2021-08-29T13:27:11Z,2.0,26301.62,10.0,47342.92,01uYTScXXHBn0tLASI,0Q0zCchcmdY2wZg0Q4
0QLz59NjjvYrOmiGLV,Synthetic quote line for Dynamic Lattice Training Essential Cascade.,USD,2021-10-22T01:23:11Z,25.0,73126.6,5.0,1736756.75,01uSsMXVfpNjdvRIDT,0Q0CAVDuASKgONQCAT
0QLDeUARLQpXBBFG87,Synthetic quote line for Integrated Ember Data Platform Premier Meridian.,USD,2025-01-31T15:45:06Z,5.0,40600.45,20.0,162401.8,01u0ewzsyx2Y9q7A7T,0Q0Bo1VpHZBx25vK6J
0QLMgS3AX3MGMsB47S,Synthetic quote line for Modular Vertex Hardware Select Vector.,USD,2025-04-30T07:22:36Z,10.0,24162.33,0.0,241623.3,01uSsMXVfpNjdvRIDT,0Q0UqSoou82irziSXE
0QLoW9CIqKqV1xoGW5,Synthetic quote line for Precision Orbit Hardware Vertex Cascade.,USD,2021-05-07T16:01:46Z,2.0,52317.44,0.0,104634.88,01uqhMa2zt9ioK1IJ8,0Q00VlqGKVDZVkkCNO
0QL4lu2S6EAjmlgGXH,Synthetic quote line for Rapid Foundry Support Essential Nova.,USD,2024-07-26T15:59:13Z,50.0,32510.12,10.0,1462955.4,01u4seYYJRPqsrIITT,0Q0OVTgyZa7zmwf00G
0QLwfstaBBxmLWrOWL,Synthetic quote line for Virtual Beacon Hardware Premier Zenith.,USD,2022-11-18T04:45:39Z,50.0,4099.5,20.0,163980.0,01uhY4N1qLtpcUtI0I,0Q0DEiOK8fAzTj6SEE
0QLSVsBwYqYaRH0G4R,Synthetic quote line for Adaptive Pioneer Cloud Service Standard Cobalt.,USD,2021-04-30T05:34:21Z,5.0,15168.55,10.0,68258.48,01uV8i2ozj6njopYSE,0Q03Lp9pernxHrOC2C
0QLvelk3NmLQTrqG9G,Synthetic quote line for Dynamic Harbor Training Core Pulse.,USD,2022-09-07T22:14:04Z,25.0,60351.69,0.0,1508792.25,01uGTFnbU5d3q8sQ0M,0Q0zdWOaWHYp5gL0TH
0QL72c4LPo6WZzV4TO,Synthetic quote line for Integrated Compass Data Platform Enterprise Atlas.,USD,2022-07-24T11:49:52Z,2.0,4864.33,15.0,8269.36,01u7Uyv4WpNyTbeIGF,0Q0zdWOaWHYp5gL0TH
0QLRZvu0voaQjfjWC7,Synthetic quote line for Modular Summit Data Platform Professional Horizon.,USD,2026-06-10T19:45:50Z,10.0,67114.94,10.0,604034.46,01uSlG3bhH5Uan4QP9,0Q0NzNAgOrV51Bk0NW
0QLDAYhAHjhogHtW1J,Synthetic quote line for Precision Lattice Data Platform Standard Pulse.,USD,2026-02-04T17:46:46Z,50.0,43269.22,10.0,1947114.9,01uNS7Gn3OHWheDQAH,0Q0yTkbWItVaa1tS8D
0QLgPUHQxg6k8ByOB0,Synthetic quote line for Rapid Ember Cloud Service Core Aurora.,USD,2023-05-12T07:20:07Z,25.0,13632.32,15.0,289686.8,01uoTx9HsbskBk7AKO,0Q0vWv3pvCfM0c30GO
0QLS7C9a2ImvE8zG7D,Synthetic quote line for Unified Vertex Cloud Service Enterprise Ion.,USD,2024-03-17T06:25:58Z,25.0,4245.07,15.0,90207.74,01uQ1lJHScxNZ6NAQB,0Q0lBTDHaGB4OSZKED
0QLiJzBz9xE52WRGGC,Synthetic quote line for Adaptive Orbit Hardware Scale Solstice.,USD,2022-12-31T23:32:50Z,10.0,71528.65,0.0,715286.5,01u410XzXyDchg8YH3,0Q0ysc5XhvskVJAKD5
0QLRh3FQcmW63va429,Synthetic quote line for Dynamic Foundry Training Ultimate Aurora.,USD,2024-07-30T05:12:47Z,1.0,29641.41,15.0,25195.2,01uuCYF9n5XQYNiATY,0Q0NzNAgOrV51Bk0NW
0QLllsPayJgtKVSWFX,Synthetic quote line for Integrated Beacon Data Platform Edge Meridian.,USD,2022-10-02T20:06:00Z,2.0,61067.68,10.0,109921.82,01ugTFHnbRbEb6pYO8,0Q0XS6b9XHN0e1wCS1
0QLiGGA9BKhdpUp49P,Synthetic quote line for Modular Pioneer Support Foundation Vector.,USD,2025-04-07T11:23:39Z,50.0,62002.87,5.0,2945136.32,01uIhUuersJ2EvwQDF,0Q099CbrPC9DntnCZC
0QLn5pFl0ByPnOqOQG,Synthetic quote line for Precision Harbor Hardware Scale Cascade.,USD,2022-09-07T04:25:25Z,2.0,9465.24,0.0,18930.48,01usZCrPjaKjueRQYO,0Q0J3sSH3pdRRzBCFZ
0QLfhGDo5n8xfP8GK6,Synthetic quote line for Rapid Compass Hardware Ultimate Meridian.,USD,2024-10-27T05:12:22Z,25.0,19673.72,15.0,418066.55,01uj3kuLiyvZJ6VIQZ,0Q08fCWXEfgm36P00G
0QLPcSDoppRfXt3WOO,Synthetic quote line for Unified Summit Data Platform Edge Zenith.,USD,2025-08-17T07:51:34Z,10.0,19797.44,20.0,158379.52,01ustgU8gN8B7oLI0K,0Q0nkE1RYn1oFLUKDI
0QLHFHYGM3Gc2XNOY8,Synthetic quote line for Adaptive Lattice Data Platform Premier Cobalt.,USD,2022-02-08T22:08:46Z,50.0,73265.85,15.0,3113798.63,01uy1gvXsamZD7YI4O,0Q0iWSxadODDzqj0PN
0QLsrJN3dKosM904DD,Synthetic quote line for Dynamic Ember Cloud Service Select Nova.,USD,2021-04-17T14:39:37Z,10.0,31607.17,0.0,316071.7,01upghMAFa2ixN1Q3E,0Q0Un0a7JNmC2MdS1Q
0QLWNNwi1RLxtCb4P1,Synthetic quote line for Elastic Vertex Advisory Vertex Zenith.,USD,2025-05-29T15:49:12Z,50.0,26365.83,0.0,1318291.5,01u7HDlBEYd20cLA7R,0Q0hej4l1TKrgjkSZG
0QLzHwWAkBLlst1OGA,Synthetic quote line for Modular Orbit Support Essential Horizon.,USD,2023-08-05T00:21:52Z,10.0,74289.42,15.0,631460.07,01uGodhB3HunRL0QTH,0Q04mfyPZqm64McSJB
0QLCfEGOCJcVVmQOUG,Synthetic quote line for Precision Foundry Training Premier Pulse.,USD,2021-05-20T15:04:25Z,2.0,47754.97,15.0,81183.45,01ucZtNMVx0iGHIAK5,0Q0pvpPNgeHQciJKEN
0QLgcBy8j7ZIawqW8T,Synthetic quote line for Rapid Beacon Hardware Select Atlas.,USD,2025-01-24T01:35:00Z,5.0,58125.46,15.0,247033.2,01uR2nl29IkqYErYC1,0Q0KOHRDKcK9A8kKKA
0QLcMxInh8rSLtv4KB,Synthetic quote line for Unified Pioneer Hardware Vertex Horizon.,USD,2025-12-19T06:56:23Z,25.0,18097.59,5.0,429817.76,01upghMAFa2ixN1Q3E,0Q06N0beEhy2tAaCXH
0QLwlBkTocReX3sOLJ,Synthetic quote line for Adaptive Harbor Advisory Enterprise Solstice.,USD,2025-04-05T07:01:30Z,25.0,57529.82,10.0,1294420.95,01ueVT7VYwqgtswYUD,0Q0lBTDHaGB4OSZKED
0QLQcncjqtzyMPD4ZB,Synthetic quote line for Dynamic Compass Cloud Service Professional Aurora.,USD,2022-02-05T03:36:05Z,10.0,15013.06,5.0,142624.07,01uEQENe3mhON7SQTB,0Q0uHTB3zqgpml1KUW
0QLh0RQcffRXcdC4ZU,Synthetic quote line for Elastic Summit Hardware Standard Ion.,USD,2021-03-17T06:26:05Z,50.0,32618.7,0.0,1630935.0,01uDEI2EKNbkqFhA9H,0Q0VhSv6fUGwlnR038
0QL1KF9nJnB0ueBWWI,Synthetic quote line for Modular Lattice Training Core Vector.,USD,2022-10-19T21:25:29Z,2.0,64081.37,10.0,115346.47,01usQT9Yxo9DMACALJ,0Q09fHBRshtaMJ8K30
0QLBtrnV7vqZhiW4YI,Synthetic quote line for Precision Ember Advisory Enterprise Cascade.,USD,2021-05-15T00:20:41Z,2.0,68156.98,15.0,115866.87,01uHhc7RdxJfGWFAN9,0Q0wrDVORFFwbN7KRN
0QL5wtJzpk7RhZd4GA,Synthetic quote line for Quantum Vertex Support Professional Meridian.,USD,2025-07-29T06:59:38Z,1.0,60139.12,10.0,54125.21,01updbdld2ODwuzQJB,0Q0ragTurCreqho093
0QLiRr5OaiqJiPXOJK,Synthetic quote line for Unified Orbit Cloud Service Standard Vector.,USD,2022-05-07T04:40:01Z,5.0,69007.27,0.0,345036.35,01u0PY5mOZa2bYtQ4X,0Q0oFdRFAPXMLmi0Y2
0QLtFNot6ujsyvD4I2,Synthetic quote line for Adaptive Foundry Advisory Edge Cobalt.,USD,2023-05-30T17:50:29Z,25.0,50672.0,0.0,1266800.0,01usnDJaZ6DqB4DQ12,0Q0KqkXFOLXpnMNC9U
0QL6wEj5KF6VItiW0K,Synthetic quote line for Dynamic Beacon Advisory Foundation Nova.,USD,2024-11-24T03:27:44Z,2.0,45284.68,10.0,81512.42,01uR2nl29IkqYErYC1,0Q0zm9qo7s9wdYKSCU
0QLMYKlo2Yy0LFzWEC,Synthetic quote line for Elastic Pioneer Cloud Service Scale Zenith.,USD,2025-04-10T18:17:54Z,10.0,21784.91,10.0,196064.19,01uSKO64CBXbxbQIV6,0Q0fACcUaLcdUtrKHM
0QL0NBDiJISuY99GYZ,Synthetic quote line for Modular Harbor Advisory Ultimate Cobalt.,USD,2022-11-27T16:15:44Z,2.0,39986.23,10.0,71975.21,01uzaJG6CPZmbqtY31,0Q0fGnHVuRwxOIU0NW
0QLUO3YwJDDG64RGZ7,Synthetic quote line for Precision Compass Cloud Service Edge Pulse.,USD,2023-10-10T18:35:31Z,1.0,1247.62,15.0,1060.48,01uBjAWyQlOs905YJ0,0Q0r2uhHCkM0LSF0N6
0QLSFr0pglv53QCWFD,Synthetic quote line for Quantum Summit Hardware Foundation Atlas.,USD,2021-06-18T04:12:40Z,25.0,66733.71,10.0,1501508.48,01uKSnvPj2bLCV3AKV,0Q0NzNAgOrV51Bk0NW
0QLmtdRfWfZVsF9GD8,Synthetic quote line for Unified Lattice Hardware Scale Horizon.,USD,2024-08-25T10:01:14Z,50.0,34905.37,10.0,1570741.65,01ubUfoM4bMvoiHY9B,0Q0KCzT8v9vjlH6SIF
0QLdHApCLvwhd85OSC,Synthetic quote line for Adaptive Ember Training Vertex Pulse.,USD,2022-10-27T01:29:09Z,25.0,15805.4,15.0,335864.75,01uMigOkLBLlz7uYWX,0Q00snKw8IonG6SCHK
0QLHDiohzhYqiwSGS6,Synthetic quote line for Connected Vertex Hardware Essential Aurora.,USD,2025-05-15T06:36:24Z,1.0,47436.1,0.0,47436.1,01uZsFs27d24nGzYS0,0Q0hzIf0QO9xXQ90HW
0QLOOBbSTXKrzsrOJ6,Synthetic quote line for Elastic Orbit Hardware Premier Ion.,USD,2024-05-07T11:12:38Z,25.0,28498.45,5.0,676838.19,01uUMrULsydQHm5QR2,0Q0ibLjAwd2jmCO00I
0QLshZ8QKmq6ygZGDZ,Synthetic quote line for Modular Foundry Hardware Select Solstice.,USD,2021-06-27T12:55:18Z,5.0,63471.36,15.0,269753.28,01ua1baryg2Ruz5AMA,0Q09u2coB4WnNDeKGD
0QLZWn6FIiAVTDLOZ9,Synthetic quote line for Precision Beacon Support Vertex Aurora.,USD,2024-12-16T08:40:47Z,25.0,35420.6,15.0,752687.75,01ubrNCJ74CTRg1IFI,0Q0AdmHqDmN5xniCYH
0QLFz0Ct3o98VlYG6D,Synthetic quote line for Quantum Pioneer Advisory Essential Meridian.,USD,2025-05-19T01:57:55Z,5.0,63331.04,15.0,269156.92,01u2Byfa4IwUJDvQM7,0Q0oHZrzXUcfmczK9H
0QLnbwrb7tvJDYuOE2,Synthetic quote line for Unified Harbor Cloud Service Premier Vector.,USD,2023-04-11T05:32:32Z,5.0,35277.66,0.0,176388.3,01uhXHd7I7kUo5tYAE,0Q0erkRAbcrQJx8CDH
0QLexnlWJMqBb29WLH,Synthetic quote line for Adaptive Compass Cloud Service Standard Cascade.,USD,2022-04-09T14:45:08Z,2.0,60382.48,5.0,114726.71,01uAMgh5dwURjaMQRK,0Q0J6tS2rSpvhkd0SW
0QLk6l8N9D6IbFVO41,Synthetic quote line for Connected Summit Cloud Service Core Nova.,USD,2021-10-24T22:13:09Z,1.0,8319.7,15.0,7071.75,01us0nQj7OIYAggYNV,0Q0Erlrn4rvZofpSF5
0QLGieSaPduQqWWOJ0,Synthetic quote line for Elastic Lattice Advisory Enterprise Zenith.,USD,2024-03-28T19:49:05Z,1.0,65627.55,10.0,59064.8,01uHRSXfJkCx1mUQFK,0Q0c8edUhuw6xe9CGX
0QL2SWmdjtxIXTQGKR,Synthetic quote line for Modular Ember Advisory Professional Cobalt.,USD,2022-08-27T04:53:06Z,50.0,33360.99,20.0,1334439.6,01uDD0S1dJdEdBpAZS,0Q06xY0MhD10W2DS2A
0QLeY3rwuJD3AVAGPQ,Synthetic quote line for Open Vertex Training Standard Nova.,USD,2024-12-22T20:42:50Z,25.0,54123.83,10.0,1217786.18,01umXfMNeJIQUlcIEX,0Q0ZBH2v8u6BfOyK5S
0QLeMN2oKHjhq0iGYA,Synthetic quote line for Quantum Orbit Advisory Core Atlas.,USD,2025-06-05T07:02:27Z,10.0,41266.24,15.0,350763.04,01ubt6UAjtxypWLAKP,0Q0zVmV1aeIDehh09S
0QLNmDqMTJG5J4t4X8,Synthetic quote line for Unified Foundry Advisory Enterprise Horizon.,USD,2025-06-18T21:48:19Z,1.0,73451.46,20.0,58761.17,01ujwTES8hRA7BmARX,0Q0ezpiHmnEbP2N09U
0QLdKrFYsDrxzCUO7O,Synthetic quote line for Adaptive Beacon Support Scale Pulse.,USD,2024-06-26T20:14:27Z,2.0,9633.95,10.0,17341.11,01uQ1lJHScxNZ6NAQB,0Q0kSzhPvsMl0zcCYI
0QL4f9g8Orp0ZZM45I,Synthetic quote line for Connected Pioneer Training Ultimate Atlas.,USD,2022-06-13T02:51:34Z,2.0,66098.67,0.0,132197.34,01umTuXQdudoFUAA13,0Q0hAucg4Cgfa0AKE1
0QLJg5cbLyBNhb34HU,Synthetic quote line for Elastic Harbor Hardware Edge Ion.,USD,2022-07-05T00:02:23Z,25.0,2772.84,0.0,69321.0,01uDDVqednLwAxPIMH,0Q0rajvnCXX58TxKEW
0QLmSEVyNMbNGR44V9,Synthetic quote line for Modular Compass Hardware Foundation Solstice.,USD,2021-09-25T15:36:40Z,50.0,26875.1,20.0,1075004.0,01uC4cTc6DjS24HIO7,0Q0wDW1im0CGtOtSUE
0QLtOiMaSJNJ5vD4YI,Synthetic quote line for Open Summit Data Platform Scale Aurora.,USD,2024-05-10T19:01:09Z,25.0,73065.38,0.0,1826634.5,01uZhc2xX0xLj39ATO,0Q0ovyzuncmuxNiSHQ
0QLn7J6COwLx9rjW2R,Synthetic quote line for Quantum Lattice Advisory Ultimate Ion.,USD,2025-10-16T17:03:28Z,5.0,15293.59,0.0,76467.95,01uSKO64CBXbxbQIV6,0Q0fZBPx0zHJ3meKZT
0QLcd9HHNJi3EXg4WB,Synthetic quote line for Unified Ember Hardware Edge Vector.,USD,2022-10-20T01:03:33Z,50.0,35790.23,10.0,1610560.35,01ulT0vCqClLQ4gYDM,0Q0JBPXvMVam8GqS8I
0QL4QBLOUUnapl0OH3,Synthetic quote line for Virtual Vertex Training Foundation Cascade.,USD,2021-07-06T17:01:56Z,50.0,26337.82,0.0,1316891.0,01uFe45oNKIEsMCASS,0Q0MfXBqOiI6fvFKCQ
0QLYuD9NvUhot2J4GC,Synthetic quote line for Connected Orbit Cloud Service Select Meridian.,USD,2023-12-01T06:34:35Z,2.0,52811.13,20.0,84497.81,01uyJSOTpJrkmcvA2N,0Q0FSX4vclEG3WeCX5
0QLq2t4k2oQJfS2ODA,Synthetic quote line for Elastic Foundry Cloud Service Vertex Vector.,USD,2023-05-09T03:53:05Z,50.0,6382.04,15.0,271236.7,01ug1WoyI1CzpokA0D,0Q0DR1wXpDs1mTSSWZ
0QLLCYHZjjxmrb3WWY,Synthetic quote line for Modular Beacon Support Essential Cobalt.,USD,2022-08-27T15:07:35Z,2.0,26628.41,20.0,42605.46,01uSoqNuS1WuhQCQ4I,0Q0Ra17sLiv6TBPCIL
0QLUgNVjNZi2LoUGMM,Synthetic quote line for Open Pioneer Training Premier Nova.,USD,2022-12-07T23:43:39Z,50.0,42672.21,20.0,1706888.4,01uNQaEFCEthyrFQ6R,0Q0PLmZTPUQ7VAe02K
0QLbjuAn1VOQFcAWOM,Synthetic quote line for Quantum Harbor Hardware Select Zenith.,USD,2026-01-06T20:53:44Z,5.0,48404.78,20.0,193619.12,01ukTN9SMFYWgwjAMQ,0Q0S5JeeWYF6fGNS7L
0QLigftJPsXXg11WT4,Synthetic quote line for Unified Compass Cloud Service Vertex Cobalt.,USD,2023-12-19T16:05:56Z,25.0,47822.52,0.0,1195563.0,01u5EtvZtLlKXRRYKN,0Q0SvqcVjYevkwwCE8
0QLrsngbe7tioUyWUO,Synthetic quote line for Virtual Summit Cloud Service Essential Pulse.,USD,2022-08-17T14:13:39Z,1.0,30346.05,5.0,28828.75,01uw2MTNHcr0mB8YU6,0Q08j4tDGnNMKFj0EC
0QLLopZaNNmk4Ak42H,Synthetic quote line for Connected Lattice Training Professional Atlas.,USD,2023-04-11T00:36:56Z,2.0,56123.2,5.0,106634.08,01uu63szSOLf3PQQ6M,0Q0iVmamrEmWHwrKRV
0QLyogfhl1XZhLV43T,Synthetic quote line for Elastic Ember Hardware Standard Horizon.,USD,2026-05-16T20:58:44Z,10.0,27343.39,0.0,273433.9,01u5lAQdtIRbdv3AQF,0Q0Tm8xEMqr9GldSAZ
0QLUVxVXMSVqvyfWNB,Synthetic quote line for Integrated Vertex Training Core Solstice.,USD,2024-06-30T11:24:37Z,5.0,69489.61,0.0,347448.05,01uHFWUTMgyHoQZYYJ,0Q0XDoUyDRbxiBQK2L
0QLvwCPipBM1CA64RS,Synthetic quote line for Open Orbit Hardware Enterprise Aurora.,USD,2023-01-20T03:00:50Z,50.0,71868.3,20.0,2874732.0,01uc6d0PpSckL4kYOM,0Q0D42hMxeydmKKSYI
0QLKtWOUoyebLo5W2F,Synthetic quote line for Quantum Foundry Training Professional Ion.,USD,2022-08-17T17:09:59Z,2.0,70754.46,0.0,141508.92,01uJz3Pv66JPasuITX,0Q0eJw2obwPjuIHCFP
0QLicARkmP5PD38WLG,Synthetic quote line for Unified Beacon Cloud Service Standard Solstice.,USD,2026-05-07T06:32:24Z,50.0,1283.87,10.0,57774.15,01uqhMa2zt9ioK1IJ8,0Q0BmlJkdnDVxLV09X
0QLEKxg6NbiX7jbG6A,Synthetic quote line for Virtual Pioneer Hardware Core Cascade.,USD,2022-12-30T16:57:43Z,25.0,1778.3,5.0,42234.62,01u4o4n5WjlYYKWQAM,0Q0sGrpXheBe1M1KDA
0QLx7b42sUyvCN14LU,Synthetic quote line for Connected Harbor Advisory Foundation Meridian.,USD,2023-06-04T14:24:53Z,1.0,66383.56,0.0,66383.56,01ul4xwXCBS1OStY9K,0Q0a5KtEAda2GOI0SQ
0QLyaVNOQRGuY4cG7C,Synthetic quote line for Elastic Compass Training Scale Vector.,USD,2024-10-02T14:25:53Z,2.0,63131.39,5.0,119949.64,01uPVg8XMauyV0HAZ6,0Q0XLd6HoAYOckUCX9
0QLSxX0tB7XXAMM4IM,Synthetic quote line for Integrated Summit Advisory Ultimate Cascade.,USD,2021-04-25T23:56:54Z,50.0,34065.81,0.0,1703290.5,01uaFYxfwV9fYylQFX,0Q0qDmygmbQSIY5SKM
0QLQPgmQilHNFR64GY,Synthetic quote line for Open Lattice Support Edge Nova.,USD,2021-10-12T06:15:03Z,50.0,3464.89,10.0,155920.05,01uw9PVgWwT4QAvAVE,0Q0otvPvsiVRdfwCLU
0QLbQd1Y4g4hjPUGGC,Synthetic quote line for Quantum Ember Training Foundation Zenith.,USD,2024-02-01T13:50:14Z,5.0,58765.98,15.0,249755.42,01uT2HYAu6kyAXCY0P,0Q02Bk1De4HFYtjK6M
0QLzMHh3WnINegHGSB,Synthetic quote line for Rapid Vertex Cloud Service Scale Cobalt.,USD,2022-06-02T01:49:58Z,25.0,38348.09,15.0,814896.91,01uDDVqednLwAxPIMH,0Q01pHBezFLuVcmSQI
0QLccKceO6huNl5W4G,Synthetic quote line for Virtual Orbit Cloud Service Ultimate Nova.,USD,2024-09-03T15:15:54Z,25.0,5029.35,20.0,100587.0,01utHXQKP7wXfxpIGW,0Q0qBDBq4pxzQTXSWS
0QL2YZJfNDBFeHnO8P,Synthetic quote line for Connected Foundry Data Platform Essential Atlas.,USD,2022-01-25T04:16:33Z,2.0,49188.2,15.0,83619.94,01uOyGLwPVbjwgxI0L,0Q0CvjO8ZMb9ED1CN5
0QLygi9ANqrgOqMG2L,Synthetic quote line for Elastic Beacon Advisory Premier Horizon.,USD,2023-08-27T22:41:45Z,25.0,74503.36,0.0,1862584.0,01uPNiaL1uUi0GGYQH,0Q0QYXNSL4zn7su0XN
0QLwq9gMxOuDO9Z44Y,Synthetic quote line for Integrated Pioneer Training Select Pulse.,USD,2022-03-17T21:35:16Z,1.0,22210.28,20.0,17768.22,01uNQaEFCEthyrFQ6R,0Q0L9pqz2qjgOwySZN
0QLMReEOiqzjj4M4O9,Synthetic quote line for Open Harbor Training Vertex Atlas.,USD,2024-05-10T04:57:41Z,10.0,64778.43,0.0,647784.3,01uXO1QlNf8dW1AYOF,0Q0uE0UGYBQ9H96CK7
0QLtqb3pRXlps9JOS5,Synthetic quote line for Quantum Compass Data Platform Essential Ion.,USD,2023-10-19T22:42:08Z,2.0,31626.98,20.0,50603.17,01u45XrA1cIlNlaAJY,0Q0R6d2nknOEHNlSIZ
0QLNwq2o204S9o24AH,Synthetic quote line for Rapid Summit Advisory Premier Solstice.,USD,2026-03-14T08:15:49Z,5.0,65971.77,20.0,263887.08,01uZsFs27d24nGzYS0,0Q09S8aOOIUU4RrCHQ
0QLYBNFlRtr5LxbOEP,Synthetic quote line for Virtual Lattice Data Platform Select Aurora.,USD,2024-11-15T00:31:12Z,5.0,19518.07,5.0,92710.83,01uiMwcdOMsv2euIUY,0Q0FDOCLI2Cr0egSE7
0QLIRXjeGI7rA1c4FG,Synthetic quote line for Connected Ember Hardware Core Meridian.,USD,2022-07-21T10:26:04Z,25.0,10644.0,15.0,226185.0,01uNzFjMXKixso0Y41,0Q0KLtkEPwjdaazSW0
0QLk0EnydeNZ0MD4M1,Synthetic quote line for Dynamic Vertex Advisory Enterprise Vector.,USD,2023-09-26T08:24:33Z,1.0,41506.84,10.0,37356.16,01utqmPyaUkwSFLI56,0Q03iGXyIzx1tgSSSQ
0QLGzgF9e8ddIJ2OO9,Synthetic quote line for Integrated Orbit Data Platform Professional Cascade.,USD,2024-03-01T09:08:04Z,50.0,33287.28,15.0,1414709.4,01uicVYWLcfmsN3AQY,0Q002S9KM3x4tQRCEA
0QLGtptPsmrpW3nGSA,Synthetic quote line for Open Foundry Training Standard Meridian.,USD,2021-12-19T10:57:33Z,25.0,14424.14,10.0,324543.15,01uxoDAY3cwqITNA1G,0Q0kir7Qx1ddhWwSCB
0QLU14MGPaTMQJQOUJ,Synthetic quote line for Quantum Beacon Advisory Core Zenith.,USD,2024-05-19T17:19:57Z,25.0,26452.58,20.0,529051.6,01uqy7cd4gc1JX3I1T,0Q0iTuuzrhT9hemKLT
0QLwSXnzTyICpbuO6V,Synthetic quote line for Rapid Pioneer Data Platform Enterprise Cobalt.,USD,2022-01-20T00:00:23Z,10.0,31078.88,0.0,310788.8,01uPAnJ63RGP2cLIN8,0Q0wCd0sQZHXIMMKIW
0QLkGabHEgsvG8WGXY,Synthetic quote line for Virtual Harbor Hardware Professional Nova.,USD,2025-12-17T09:32:57Z,25.0,62737.18,10.0,1411586.55,01ucZtNMVx0iGHIAK5,0Q0NzNAgOrV51Bk0NW
0QL0dR8NUq8wmmWODY,Synthetic quote line for Connected Compass Advisory Ultimate Zenith.,USD,2021-01-02T23:16:16Z,1.0,55135.14,0.0,55135.14,01updbdld2ODwuzQJB,0Q0kwfVaYJ1x4rtKKS
0QLwCRpeCESpJ8fG92,Synthetic quote line for Dynamic Summit Hardware Edge Horizon.,USD,2021-01-29T14:13:38Z,50.0,54531.73,0.0,2726586.5,01u1FKJlcYnIzS6INT,0Q0vhDoJ2SkI1n3KCA
0QLDggTvL21AsVJGK7,Synthetic quote line for Integrated Lattice Support Foundation Pulse.,USD,2022-02-15T08:27:33Z,5.0,21106.79,10.0,94980.56,01ucHEPS0QvaxktQ3H,0Q0DjbC149GqaRdSBD
0QLe5QCD2SoJC1ZOLS,Synthetic quote line for Open Ember Advisory Scale Atlas.,USD,2021-11-20T04:35:59Z,50.0,21465.55,0.0,1073277.5,01uCH4lcp0440QvAQZ,0Q0s6xOyuSmEz1lS8D
0QLcAW9nTRTtyRQ4J8,Synthetic quote line for Precision Vertex Cloud Service Ultimate Horizon.,USD,2024-07-13T12:35:50Z,1.0,3976.39,15.0,3379.93,01uybNfPLC9zk1iIPC,0Q0jeV2raaWTpPcKYC
0QLI30cSzdIuQPyWHS,Synthetic quote line for Rapid Orbit Data Platform Edge Solstice.,USD,2024-02-01T04:09:22Z,1.0,36391.75,10.0,32752.58,01ugyZoUJ9GFuCSYMZ,0Q0MEaaRkMXLlGB071
0QLptvHo1IzB92JO86,Synthetic quote line for Virtual Foundry Hardware Foundation Aurora.,USD,2024-09-24T05:04:02Z,1.0,65029.89,0.0,65029.89,01uSCBxTDtONjgwIFS,0Q0fiAd8nW66eHx0NO
0QLoabchPzewZ4sG5S,Synthetic quote line for Connected Beacon Training Select Ion.,USD,2022-09-06T08:27:47Z,2.0,58192.88,20.0,93108.61,01uNDoooteqfAz7AMT,0Q0urTkTlpIE61k0S8
0QLoo4moCYdVgyJ4PZ,Synthetic quote line for Dynamic Pioneer Training Vertex Solstice.,USD,2022-07-03T15:58:11Z,1.0,61710.34,20.0,49368.27,01uXnhv90KP987BQ3Y,0Q0tQKwKbYAIA6lC6I
0QLbn1yD6vmjDB8OEL,Synthetic quote line for Integrated Harbor Advisory Essential Cascade.,USD,2025-01-01T03:10:44Z,5.0,7501.86,0.0,37509.3,01uDiBAAE5g7Vm3QK9,0Q0fh4MD18INK7sKVK
0QLIsTD7Jc2p36YGSA,Synthetic quote line for Open Compass Data Platform Premier Meridian.,USD,2021-10-09T06:18:38Z,5.0,13436.35,0.0,67181.75,01uIhUuersJ2EvwQDF,0Q0s6xOyuSmEz1lS8D
0QLOneTlUpWQKlGGRH,Synthetic quote line for Precision Summit Training Select Vector.,USD,2025-12-08T00:52:54Z,5.0,16812.37,10.0,75655.66,01uZMsmMl304CKnIWL,0Q0EyflYFXH8UE5C1D
0QLHnYlvm2pCawMOPN,Synthetic quote line for Rapid Lattice Training Vertex Cascade.,USD,2025-04-07T07:23:38Z,25.0,30507.71,5.0,724558.11,01uQ3sPvOW1wcPjYG3,0Q0Dswpzij7pPUB0KD
0QL9nya431Qs9loG6S,Synthetic quote line for Virtual Ember Hardware Essential Nova.,USD,2024-04-05T18:13:53Z,10.0,11911.76,10.0,107205.84,01ul7MaOwG3jnK1Q60,0Q02rF80Ujouh1x00J
0QLcfZK7UujulAFWLZ,Synthetic quote line for Adaptive Vertex Cloud Service Professional Zenith.,USD,2026-01-13T04:11:21Z,50.0,73240.95,15.0,3112740.38,01uwSRPKbLes8ruYIZ,0Q068NjzpA6MSeHS7S
0QLuhUuE310Mjan4V1,Synthetic quote line for Dynamic Orbit Cloud Service Standard Cobalt.,USD,2025-12-09T17:45:12Z,50.0,26162.46,15.0,1111904.55,01uiOuapJc0w5rMI3Q,0Q0ZDMzt7GTuZXeKEX
0QLo23GLx3iYXNo4FB,Synthetic quote line for Integrated Foundry Advisory Core Pulse.,USD,2026-02-06T12:46:32Z,5.0,48236.63,15.0,205005.68,01uMNJLwpZuTDndQVS,0Q0IwlA6tTCeA0yS0W
0QLxysCKulNsPoVG1H,Synthetic quote line for Open Beacon Cloud Service Enterprise Atlas.,USD,2025-08-24T10:44:54Z,25.0,23020.99,20.0,460419.8,01u9WIty0rhJQOoANZ,0Q0qopVehbtl5xFKBC
0QL1YFyOhKmArHzO5E,Synthetic quote line for Precision Pioneer Training Professional Horizon.,USD,2024-01-20T12:18:52Z,50.0,66161.4,10.0,2977263.0,01ug1WoyI1CzpokA0D,0Q0Oo3nbsn4itGWKV5
0QLU38iPy5RvbX0W0H,Synthetic quote line for Rapid Harbor Data Platform Standard Pulse.,USD,2026-03-05T04:54:29Z,2.0,6134.17,15.0,10428.09,01uJA14v6nMxBHKI3Q,0Q053gcGLo01U2vSLY
0QLhZl1P15UIU2BGGD,Synthetic quote line for Virtual Compass Support Core Aurora.,USD,2022-07-18T21:44:54Z,2.0,37263.49,0.0,74526.98,01uqpR2yiWbBNPvQ1F,0Q0cjz9ylImsbZLK2G
0QLJDO2GD0DJt9mWRB,Synthetic quote line for Adaptive Summit Hardware Foundation Ion.,USD,2023-03-13T17:25:15Z,1.0,74690.87,15.0,63487.24,01umXfMNeJIQUlcIEX,0Q03UeCZM9xdaSlCEJ
0QLwChHAmZHriFOWCT,Synthetic quote line for Dynamic Lattice Data Platform Scale Solstice.,USD,2021-03-14T17:46:46Z,5.0,55284.1,5.0,262599.47,01uXudy9Iv0rweWYS2,0Q0Kfi2M620Hf8yKJQ
0QLIVM7vp1BOlaJ4TZ,Synthetic quote line for Integrated Ember Training Ultimate Aurora.,USD,2026-02-22T21:36:58Z,5.0,60365.7,15.0,256554.23,01uizFG7tdRUqr4QN5,0Q0ZDMzt7GTuZXeKEX
0QL3BtReHX3x05fW8R,Synthetic quote line for Modular Vertex Cloud Service Edge Meridian.,USD,2026-02-26T01:17:24Z,25.0,61158.44,20.0,1223168.8,01ugqQiCAgGMwuDIJC,0Q0vbZ7Eul8bAglS0A
0QL85z62IQuksuyOW5,Synthetic quote line for Precision Orbit Cloud Service Foundation Vector.,USD,2025-05-18T19:08:24Z,5.0,40687.72,0.0,203438.6,01uh9FtSK3Gxm3GYFH,0Q0ayQ1wfFGXKWO0WA
0QLfFcPbGE7lVNkG4F,Synthetic quote line for Rapid Foundry Cloud Service Scale Cascade.,USD,2021-07-17T02:21:39Z,10.0,31665.08,15.0,269153.18,01uw9PVgWwT4QAvAVE,0Q0NzNAgOrV51Bk0NW
0QLGtFj7qgYsYlaGAS,Synthetic quote line for Virtual Beacon Training Ultimate Meridian.,USD,2024-04-29T16:57:15Z,1.0,70677.07,0.0,70677.07,01utRK4lisXcbROYBK,0Q0FARlzLRS9CrbKQ5
0QLV1XSQy7uoRSXWDT,Synthetic quote line for Adaptive Pioneer Advisory Essential Zenith.,USD,2024-01-03T02:50:06Z,2.0,14163.26,5.0,26910.19,01uysnau0KhTkwBAAW,0Q0HkoEJeOteLBp029
0QLyTMeUDZXyQucOLD,Synthetic quote line for Dynamic Harbor Hardware Premier Cobalt.,USD,2026-05-22T20:50:51Z,2.0,201.95,20.0,323.12,01uJ9W9eav2tkigQWN,0Q0fbexjKcgom6u0OT
0QLg8NgW7uG3k6vGN9,Synthetic quote line for Integrated Compass Support Select Nova.,USD,2021-06-11T00:46:19Z,5.0,50529.31,20.0,202117.24,01uV1w6txw3ypc8QJ7,0Q0z8v1x3EforX5CNP
0QL3a2QQCdOFxBjOE1,Synthetic quote line for Modular Summit Support Vertex Zenith.,USD,2021-10-05T03:18:08Z,1.0,37406.0,0.0,37406.0,01uy1gvXsamZD7YI4O,0Q0UGMAbr29tyLtC59
0QL1whqhJRoTt4IOO7,Synthetic quote line for Precision Lattice Cloud Service Essential Horizon.,USD,2025-03-12T13:16:05Z,2.0,74391.28,20.0,119026.05,01uizFG7tdRUqr4QN5,0Q0UGMAbr29tyLtC59
0QLU4S6hpWShvA749M,Synthetic quote line for Rapid Ember Cloud Service Premier Pulse.,USD,2022-09-17T02:32:45Z,50.0,2014.01,20.0,80560.4,01uIc2nFLK8VdniQBX,0Q0JtgI8TxEW7FT0VJ
0QLY1BilJzbbicMW1O,Synthetic quote line for Unified Vertex Training Select Atlas.,USD,2026-03-31T22:03:21Z,25.0,32297.77,5.0,767072.04,01uEREA0V9nHhc8A84,0Q0jnJX4oZfa6PeKJA
0QLzXJT9x85MwlXWNV,Synthetic quote line for Adaptive Orbit Data Platform Core Ion.,USD,2026-01-13T22:33:47Z,50.0,44127.61,15.0,1875423.43,01uz72Mh768cYm5IN8,0Q0DhiYfpW9VJH3SER
0QLowSfibFS3jW0GY7,Synthetic quote line for Dynamic Foundry Advisory Enterprise Solstice.,USD,2026-04-08T08:35:11Z,1.0,58569.0,5.0,55640.55,01ucOVQYpxTA9fkYLG,0Q018KVHJ1WsQK2SVC
0QL4Nrx2yl32h2eW4K,Synthetic quote line for Integrated Beacon Data Platform Professional Aurora.,USD,2025-04-14T10:01:42Z,50.0,34953.82,0.0,1747691.0,01uAFoB6gbzYkh5Y2C,0Q0yJd3L9smlopjCDR
0QLphsidiB4vPGQWS2,Synthetic quote line for Modular Pioneer Advisory Standard Ion.,USD,2024-03-05T00:10:06Z,1.0,17067.42,5.0,16214.05,01uBOscrjq0khZAIW5,0Q0wz9SX67qu8RbCIJ
0QLFTDChQE5L5ur4NW,Synthetic quote line for Precision Harbor Cloud Service Core Vector.,USD,2024-04-02T05:19:29Z,2.0,12070.18,0.0,24140.36,01uPVg8XMauyV0HAZ6,0Q0LzzoMTZ7il160VL
0QLKxkOlEZoA8ErONS,Synthetic quote line for Rapid Compass Training Enterprise Cascade.,USD,2025-07-25T04:05:12Z,50.0,4291.52,0.0,214576.0,01umqAw1yoGjRKZYO5,0Q0jeV2raaWTpPcKYC
0QLvmF1RwyCiXHu4YF,Synthetic quote line for Unified Summit Training Professional Meridian.,USD,2022-08-12T13:15:25Z,2.0,30145.06,0.0,60290.12,01u3FvJM2hx0UgmYAS,0Q0IRnOwcKqf4dvS73
0QLSXiAx6rrSjrxGSP,Synthetic quote line for Adaptive Lattice Hardware Ultimate Vector.,USD,2025-04-28T09:08:35Z,25.0,22749.17,10.0,511856.33,01u1sr1soSTDcCMQ43,0Q0ZnWJoBSQu7UKC2J
0QLEQdxtON1e7B2O4C,Synthetic quote line for Dynamic Ember Training Edge Cobalt.,USD,2025-08-01T20:45:56Z,25.0,1816.49,20.0,36329.8,01udgTvVhmyD0afAZM,0Q0MO0JHVuhUSXkSXG
0QLiBwAIsInm51w41S,Synthetic quote line for Elastic Vertex Training Foundation Nova.,USD,2024-05-31T17:07:14Z,2.0,54737.61,20.0,87580.18,01uqy7cd4gc1JX3I1T,0Q0fKFsA473vmxP0KH
0QLIdrr7lB7pEyVOB3,Synthetic quote line for Modular Orbit Cloud Service Scale Zenith.,USD,2022-07-18T05:41:34Z,50.0,63630.08,10.0,2863353.6,01upkTzkJPJeHFlAAI,0Q0fBXDTQPi2ABQKZM
0QLAhrVcUcHgCGk4JU,Synthetic quote line for Precision Foundry Hardware Ultimate Cobalt.,USD,2022-07-09T07:04:28Z,10.0,31914.57,10.0,287231.13,01ulT0vCqClLQ4gYDM,0Q0iWSxadODDzqj0PN
0QLTRoBunEpfBOsGZD,Synthetic quote line for Rapid Beacon Support Edge Pulse.,USD,2023-02-10T09:32:19Z,2.0,30102.65,15.0,51174.51,01utAAud7huqvEmY3U,0Q0tQVHLHCGyeoVSM9
0QLht7YuO4tKg3cWEK,Synthetic quote line for Unified Pioneer Hardware Foundation Atlas.,USD,2025-05-24T22:22:46Z,2.0,2809.85,5.0,5338.71,01upxnXBNqcskQpY34,0Q0xwQrnUqvONEsK63
0QLdgKm6XKWX9svGRE,Synthetic quote line for Adaptive Harbor Hardware Select Horizon.,USD,2026-06-17T12:49:44Z,2.0,35157.95,10.0,63284.31,01uHhc7RdxJfGWFAN9,0Q0rwx1cSi2AR8x0L3
0QLcQqZsAwCzRxVGNL,Synthetic quote line for Dynamic Compass Training Vertex Pulse.,USD,2024-02-20T10:29:26Z,25.0,19601.66,10.0,441037.35,01ulVeriDBY0fFFAK3,0Q0OyaC0zEQ93z7KO2
0QLj0kv4LXVR2SoW5Z,Synthetic quote line for Elastic Summit Training Essential Aurora.,USD,2025-04-01T07:55:59Z,5.0,16086.3,0.0,80431.5,01uy1gvXsamZD7YI4O,0Q0PZCQbTEUY634SB3
0QLCm8yWmVc7ca8WLH,Synthetic quote line for Modular Lattice Data Platform Premier Ion.,USD,2022-09-10T16:16:44Z,25.0,10507.44,20.0,210148.8,01ulwZIpMmZ5fTrY04,0Q0NIMETEJ99btQCDZ
0QLfFcphnrKvrMq4KE,Synthetic quote line for Precision Ember Hardware Select Solstice.,USD,2023-08-04T02:26:11Z,25.0,10417.64,15.0,221374.85,01uSKO64CBXbxbQIV6,0Q0izPwJfvl7eJlSHN
0QLQFTpr2XidtlaGK3,Synthetic quote line for Quantum Vertex Support Vertex Aurora.,USD,2023-03-18T20:05:23Z,2.0,38156.03,5.0,72496.46,01u9PAeyBtOJM9hIYV,0Q0AMGPGZ10TWwEC52
0QLkFYnMqgxJcdROTY,Synthetic quote line for Unified Orbit Cloud Service Essential Meridian.,USD,2022-04-23T02:06:57Z,2.0,50051.03,10.0,90091.85,01uPjEJCuNdeQtlA0H,0Q0ue5xPGAonUay0EI
0QLujCag1nt8wN14R1,Synthetic quote line for Adaptive Foundry Cloud Service Professional Vector.,USD,2021-03-06T06:15:30Z,50.0,41251.3,15.0,1753180.25,01uoUHUXFK8KV8SIAZ,0Q0phuvf0lvXGzKKO1
0QLtr7gA35mvOGZGDS,Synthetic quote line for Dynamic Beacon Hardware Standard Cascade.,USD,2024-01-01T16:18:11Z,25.0,36444.11,0.0,911102.75,01uUMrULsydQHm5QR2,0Q0jQ1NrQmx998pSRH
0QLb5RP8X3bORtjGL8,Synthetic quote line for Elastic Pioneer Training Core Nova.,USD,2023-01-19T22:34:57Z,1.0,39564.62,20.0,31651.7,01uSKO64CBXbxbQIV6,0Q0ptU1LTWUH8NeKAT
0QLQcTcyEUdpNWMOFC,Synthetic quote line for Modular Harbor Hardware Enterprise Zenith.,USD,2021-03-21T01:48:50Z,50.0,6378.88,15.0,271102.4,01u1rZvt4FcsUzWAJ2,0Q0i0quaZNhJjLB0ZX
0QLE6ycnQlScWYKOTS,Synthetic quote line for Precision Compass Training Professional Cobalt.,USD,2025-01-31T02:15:18Z,10.0,24069.79,20.0,192558.32,01utRK4lisXcbROYBK,0Q0KbtOcT8xr1SbS43
0QLRgCnXaPLefe7WHS,Synthetic quote line for Quantum Summit Advisory Standard Nova.,USD,2025-08-10T07:05:48Z,10.0,68237.86,0.0,682378.6,01ujQGcX0dFFoJDAEI,0Q0rwsIm6cRBb9tCGQ
0QLrE1h6bBYvwH2ORK,Synthetic quote line for Unified Lattice Support Core Atlas.,USD,2024-09-22T07:05:57Z,2.0,55821.41,20.0,89314.26,01uoPNLXLbZVKlOIY9,0Q01pHBezFLuVcmSQI
0QLq8ScoWJrQ17H4EO,Synthetic quote line for Adaptive Ember Data Platform Foundation Horizon.,USD,2021-03-29T02:24:10Z,50.0,49502.55,0.0,2475127.5,01u1rZvt4FcsUzWAJ2,0Q0cuYqMcwsESVJSCJ
0QL1ZiPsCJKvoRUW75,Synthetic quote line for Connected Vertex Training Scale Pulse.,USD,2026-05-31T06:55:20Z,50.0,51272.61,0.0,2563630.5,01unEtrRFE14yvMADK,0Q0lBTDHaGB4OSZKED
0QLukXMMDPOeLR5WGI,Synthetic quote line for Elastic Orbit Hardware Ultimate Atlas.,USD,2023-08-31T09:40:58Z,10.0,19500.93,10.0,175508.37,01uh03z6u8t52A7Q6A,0Q0NzNAgOrV51Bk0NW
0QLrXqGMzfWUohdG7E,Synthetic quote line for Modular Foundry Training Edge Ion.,USD,2025-03-18T14:23:11Z,5.0,72966.05,10.0,328347.23,01uGjhxtfIblWmiA3R,0Q06N0beEhy2tAaCXH
0QLEw39gfGj5mqZGKV,Synthetic quote line for Precision Beacon Support Foundation Solstice.,USD,2023-08-15T10:26:51Z,50.0,54688.12,15.0,2324245.1,01uj55A0pG7m4UZQ9N,0Q0MYYymXClDujbSSP
0QL61nuNEpsfRSNOYO,Synthetic quote line for Quantum Pioneer Cloud Service Scale Aurora.,USD,2026-03-04T17:52:19Z,1.0,59635.31,5.0,56653.54,01uzIgnyrtIIw55YLX,0Q0W52PeeLUKYZrC6E
0QL9amN5tq7u2bjG4U,Synthetic quote line for Unified Harbor Training Ultimate Ion.,USD,2021-10-13T04:12:14Z,25.0,51917.96,10.0,1168154.1,01ucinPPWhO38beQCE,0Q0XvwTEPEjFQry0PI
0QLC15VG8gTjuM7OXY,Synthetic quote line for Adaptive Compass Training Essential Vector.,USD,2023-09-19T04:31:41Z,50.0,31400.6,20.0,1256024.0,01uvcwTUKOnzB3VQFV,0Q0sH30FaI1KM5WKW4
0QLt6XbeoI1dQZEW45,Synthetic quote line for Connected Summit Hardware Premier Cascade.,USD,2024-09-19T01:36:18Z,1.0,50064.96,15.0,42555.22,01ublUFS5DlQKuoAT4,0Q0OOnGs9zyiwFn0BU
0QLW3t3cN7qGNXTOQE,Synthetic quote line for Elastic Lattice Cloud Service Select Meridian.,USD,2025-05-29T14:23:33Z,1.0,1434.43,0.0,1434.43,01uPNiaL1uUi0GGYQH,0Q0wwcVbqY2JkZLS6W
0QLghHA0EjCxMdj4LZ,Synthetic quote line for Modular Ember Advisory Vertex Vector.,USD,2021-09-09T02:30:11Z,5.0,47265.46,0.0,236327.3,01uZsFs27d24nGzYS0,0Q0UtGh1z36LcZrK2I
0QLG0Vb5nWPuETGOCV,Synthetic quote line for Open Vertex Support Essential Cobalt.,USD,2021-11-27T13:58:30Z,50.0,50133.03,15.0,2130653.77,01uP9JzeHn3INcfAW3,0Q08QpA4H2lX0v4CHQ
0QLBd6u8dFKKgB8O79,Synthetic quote line for Quantum Orbit Data Platform Premier Nova.,USD,2025-08-25T14:23:17Z,2.0,44802.66,0.0,89605.32,01um1cvKCov7rGbI2J,0Q0qqrdKiTyy72P0FR
0QL5OGkEUZvMy6rGSS,Synthetic quote line for Unified Foundry Advisory Select Zenith.,USD,2026-05-08T18:52:21Z,5.0,17594.23,15.0,74775.48,01uIc2nFLK8VdniQBX,0Q0XiZsPJn9KU32S4P
0QL2cp4hs7EnLUcWB1,Synthetic quote line for Adaptive Beacon Support Core Horizon.,USD,2025-05-25T20:45:01Z,50.0,59769.32,5.0,2839042.7,01uAMgh5dwURjaMQRK,0Q0qDmygmbQSIY5SKM
0QLQaUE4JSxF1dVWS5,Synthetic quote line for Connected Pioneer Support Enterprise Pulse.,USD,2022-06-18T05:32:02Z,1.0,14403.68,10.0,12963.31,01uuCYF9n5XQYNiATY,0Q0Bo5e2cWqkypk0IU
0QLuUVBX4aEdRSYGIC,Synthetic quote line for Elastic Harbor Advisory Professional Atlas.,USD,2024-04-23T18:12:12Z,25.0,73473.45,0.0,1836836.25,01uc6d0PpSckL4kYOM,0Q0uWDMaonVdJbP0AN
0QL9ZmnaQXQUpo5GRM,Synthetic quote line for Modular Compass Advisory Standard Horizon.,USD,2024-02-25T09:08:17Z,2.0,4928.33,20.0,7885.33,01u2uWEH3Jb5lDlIVZ,0Q0HbYNBsNabBHt0KI
0QLq1DS2e5jxMVGWIK,Synthetic quote line for Open Summit Support Core Solstice.,USD,2021-09-15T04:44:27Z,50.0,63372.91,20.0,2534916.4,01uBP89MPIG4q8LQF3,0Q0NzNAgOrV51Bk0NW
0QLieePhJhyYI1UOSW,Synthetic quote line for Quantum Lattice Hardware Enterprise Aurora.,USD,2025-06-09T02:29:39Z,2.0,14057.07,5.0,26708.43,01uIc2nFLK8VdniQBX,0Q0wz9SX67qu8RbCIJ
0QLZNdh3aswxi8jW8A,Synthetic quote line for Unified Ember Advisory Professional Ion.,USD,2022-10-07T05:49:54Z,10.0,68503.55,20.0,548028.4,01utnhicIg18uk8QEJ,0Q0EmBIsxHFlhwbK2I
0QLSj8Gx6NqUoFe4XP,Synthetic quote line for Virtual Vertex Training Standard Solstice.,USD,2022-05-19T07:34:19Z,10.0,46142.51,10.0,415282.59,01uz72Mh768cYm5IN8,0Q0TuKLI4W4NlNqC0Q
0QLGcWGwCGLsNBZWTY,Synthetic quote line for Connected Orbit Data Platform Edge Cascade.,USD,2023-12-03T05:32:01Z,10.0,51348.92,15.0,436465.82,01uT2HYAu6kyAXCY0P,0Q0zCchcmdY2wZg0Q4
0QLxBB7f1Ix7nV44WW,Synthetic quote line for Elastic Foundry Cloud Service Foundation Meridian.,USD,2024-05-18T22:28:53Z,1.0,55623.44,5.0,52842.27,01uXO1QlNf8dW1AYOF,0Q0STQrJ9T1WCxfCNI
0QLarVDI1QcSWLU450,Synthetic quote line for Modular Beacon Advisory Scale Vector.,USD,2023-03-10T05:34:18Z,2.0,5801.93,5.0,11023.67,01uiOuapJc0w5rMI3Q,0Q0SZeJropB8VbSSGY
0QLasAZGavq7IOqWO2,Synthetic quote line for Open Pioneer Cloud Service Ultimate Cascade.,USD,2022-11-16T16:44:13Z,5.0,50595.61,5.0,240329.15,01uMNJLwpZuTDndQVS,0Q0pKorr5bXKUTbKSZ
0QLR0Vil7pixKOnO1S,Synthetic quote line for Quantum Harbor Training Edge Nova.,USD,2022-01-20T03:38:37Z,1.0,11877.79,0.0,11877.79,01ufpSNxKRDyqRXQ14,0Q07pwLAoNR7zJZKAW
0QLut7TWeO0fcpMW2X,Synthetic quote line for Unified Compass Advisory Foundation Zenith.,USD,2025-12-01T06:17:00Z,5.0,11714.34,15.0,49785.94,01uC3YBvJB9JpTRQAJ,0Q0nQrmHsqTXO9pCJQ
0QL93xWDaxzcNHxWRM,Synthetic quote line for Virtual Summit Support Scale Cobalt.,USD,2025-11-09T02:55:18Z,10.0,30387.61,5.0,288682.29,01u0ewzsyx2Y9q7A7T,0Q0iEW2YCjJudQzCB4
0QL1c5s7lPIsL4J4FU,Synthetic quote line for Connected Lattice Cloud Service Vertex Nova.,USD,2023-03-12T21:06:08Z,5.0,11954.59,5.0,56784.3,01ulWu2LkZaEwOTA7G,0Q0ghU4cCrhbIrJKEB
0QL7K4pRBZ9IlYh43O,Synthetic quote line for Elastic Ember Support Essential Atlas.,USD,2021-08-02T20:40:02Z,5.0,58664.38,5.0,278655.8,01u07ivu2QA6dAiA8A,0Q0POzK087N5s5nKOY
0QLKZpTEJuOlrSIOTC,Synthetic quote line for Integrated Vertex Support Premier Horizon.,USD,2026-05-21T15:00:42Z,5.0,7008.66,15.0,29786.81,01uMA8zSZGWyKdiAKM,0Q0UtGh1z36LcZrK2I
0QLjQrHH9Ydmrn1WZ7,Synthetic quote line for Open Orbit Hardware Select Pulse.,USD,2025-11-10T00:30:21Z,25.0,11978.61,0.0,299465.25,01uQnxc3f6t4FGwYCY,0Q0L29wHXXJDlS8SDL
0QLvqb07O4K6jsAGAL,Synthetic quote line for Quantum Foundry Data Platform Vertex Atlas.,USD,2021-10-01T06:57:14Z,2.0,71380.19,0.0,142760.38,01ulWu2LkZaEwOTA7G,0Q0tPdnNeQUUN4yCOR
0QLlNemXyzIsSAnWRF,Synthetic quote line for Unified Beacon Data Platform Essential Ion.,USD,2025-01-31T21:35:20Z,10.0,23065.32,15.0,196055.22,01uaFYxfwV9fYylQFX,0Q0yem9ZXJbdPgNSRZ
0QLM5oimZO51bVnWF2,Synthetic quote line for Virtual Pioneer Training Premier Solstice.,USD,2024-07-16T14:16:50Z,25.0,17121.75,5.0,406641.56,01uqINp8CtmB0C1QFE,0Q0Ra17sLiv6TBPCIL
0QLL1a6jKZuMRKw490,Synthetic quote line for Connected Harbor Cloud Service Standard Aurora.,USD,2021-01-11T14:48:37Z,25.0,61524.11,10.0,1384292.48,01uwrxBxGfjEpqeIX1,0Q0dRjUsNjbbMmBS2F
0QLxrIIG7l22jROG6F,Synthetic quote line for Elastic Compass Support Core Meridian.,USD,2024-03-02T21:42:36Z,10.0,966.02,0.0,9660.2,01u5h0NfrvehTSoIIR,0Q0282oSGLaWLzgSOZ
0QLltbrcdO6s5qS4HY,Synthetic quote line for Integrated Summit Advisory Enterprise Vector.,USD,2024-04-09T18:06:08Z,10.0,1173.78,0.0,11737.8,01uOgtH6Q9DN1ajABO,0Q0peQqRczRsnOwK6X
0QLYCEPY27riXQjOF8,Synthetic quote line for Open Lattice Cloud Service Professional Cascade.,USD,2024-03-08T22:39:39Z,5.0,53407.13,15.0,226980.3,01uNzFjMXKixso0Y41,0Q0NzNAgOrV51Bk0NW
0QL8m0ZZn98YXAQGSH,Synthetic quote line for Quantum Ember Hardware Standard Meridian.,USD,2025-10-07T13:41:57Z,5.0,455.91,10.0,2051.6,01uGrmz54IceEqlY8F,0Q0FEJ8xt2A9PnZS3W
0QLG8Yzy3ab9jFOOUQ,Synthetic quote line for Rapid Vertex Advisory Core Zenith.,USD,2021-11-10T01:33:05Z,2.0,57239.54,0.0,114479.08,01uMKVRBOsHCfA1Y65,0Q0W52PeeLUKYZrC6E
0QL0JB8sR6gwkxe4WF,Synthetic quote line for Virtual Orbit Data Platform Enterprise Cobalt.,USD,2023-08-28T01:33:56Z,50.0,18877.28,0.0,943864.0,01ujd1o0ubadWBpIPM,0Q0wtXoQ61eiEj6CST
0QLm8qwHTCvO2ByW37,Synthetic quote line for Connected Foundry Support Scale Nova.,USD,2024-08-13T17:01:30Z,2.0,17393.73,0.0,34787.46,01ugqQiCAgGMwuDIJC,0Q0i5XvPtYVkIO4CWS
0QL3ra9linENb5nOHJ,Synthetic quote line for Elastic Beacon Support Ultimate Zenith.,USD,2022-03-13T17:48:45Z,1.0,53399.15,10.0,48059.24,01ue4CNRY8poPf7Y76,0Q0jSwqy3IwqG8BCZX
0QL5DnuZTqYqGvL423,Synthetic quote line for Integrated Pioneer Data Platform Edge Horizon.,USD,2024-07-05T12:39:57Z,1.0,31131.1,0.0,31131.1,01u3p8CHYvz2rqmYEX,0Q0ezpiHmnEbP2N09U
0QLJ71jcmTQgndWW2A,Synthetic quote line for Open Harbor Advisory Foundation Pulse.,USD,2021-11-22T17:00:54Z,1.0,5935.63,5.0,5638.85,01uBjAWyQlOs905YJ0,0Q0rUNwMiAoynjFSUU
0QLeE6zjeYpS6kO4SZ,Synthetic quote line for Quantum Compass Hardware Scale Atlas.,USD,2022-06-30T17:50:02Z,25.0,43499.47,15.0,924363.74,01uoIM45i0DJHHHQCS,0Q07OoQp5k2Z0tdCO8
0QLyBf7GJ9vmfNG4U2,Synthetic quote line for Rapid Summit Support Ultimate Horizon.,USD,2023-07-27T21:15:14Z,2.0,13009.0,0.0,26018.0,01uYMWfQTnkD5qnAVB,0Q00snKw8IonG6SCHK
0QLNWbCULDdcCpnOOK,Synthetic quote line for Virtual Lattice Cloud Service Edge Solstice.,USD,2022-01-06T04:22:41Z,10.0,56486.33,0.0,564863.3,01ukgubfNSBfQYaIUA,0Q0mlkcjN1wOxww0D5
0QLAf8JTqYb0k1J4P3,Synthetic quote line for Connected Ember Training Premier Aurora.,USD,2023-10-30T07:35:05Z,25.0,50293.3,20.0,1005866.0,01uPr41KGxIVdDtIWK,0Q0VhSv6fUGwlnR038
0QLqDY4Gg44KsrQ425,Synthetic quote line for Dynamic Vertex Data Platform Select Ion.,USD,2022-05-20T21:46:57Z,2.0,36926.14,0.0,73852.28,01uFa5jdtbk2jvnIRL,0Q0rRB3mAHsNOQuSLF
0QLbfCAPXI9NIQpGLH,Synthetic quote line for Integrated Orbit Advisory Vertex Solstice.,USD,2024-01-27T14:45:00Z,5.0,42064.43,15.0,178773.83,01uva7ba3Azj8ILI8T,0Q097XcAgU2O2T406W
0QLW3S9fQxLyE7lW6A,Synthetic quote line for Open Foundry Advisory Essential Cascade.,USD,2025-07-28T10:25:22Z,5.0,43566.65,20.0,174266.6,01uy1gvXsamZD7YI4O,0Q0pjNYYxgSZIEgKIK
0QLOemnX1cdYSHMGI5,Synthetic quote line for Quantum Beacon Advisory Premier Meridian.,USD,2023-01-21T05:07:55Z,5.0,33959.09,10.0,152815.9,01uHm9hkqn3nP7NIX9,0Q0KbYAIA6lFxN90I3
0QL3twDuAZbpoZR4F8,Synthetic quote line for Rapid Pioneer Advisory Select Vector.,USD,2023-02-15T06:05:13Z,10.0,49702.19,5.0,472170.8,01uAMgh5dwURjaMQRK,0Q0MEaaRkMXLlGB071
0QL3HxLrMidlkQFGUO,Synthetic quote line for Virtual Harbor Data Platform Vertex Cascade.,USD,2025-01-04T21:08:11Z,5.0,64041.07,5.0,304195.08,01u0ElwG1CqM4RlQXP,0Q0krkkNmXjW9EMS1N
0QLkZhbKfdd6XSvW4S,Synthetic quote line for Connected Compass Advisory Enterprise Nova.,USD,2024-06-09T06:41:18Z,50.0,74195.45,0.0,3709772.5,01uWSegLyaCVEZHYIA,0Q0KWA9ii0tvvdzKI6
0QLfQeI7Sh4tnDl426,Synthetic quote line for Dynamic Summit Cloud Service Professional Zenith.,USD,2024-04-17T02:02:08Z,5.0,50709.94,0.0,253549.7,01ukIj63kOHlcIZYNQ,0Q0WKWkSKrXD6L8CUL
0QLd7xGuTeArr3hO7J,Synthetic quote line for Integrated Lattice Training Standard Cobalt.,USD,2021-02-06T15:02:17Z,50.0,62132.52,5.0,2951294.7,01ubrNCJ74CTRg1IFI,0Q0dnEo8wNO0TiWCW7
0QLoGnpOhpzlncpGQK,Synthetic quote line for Open Ember Training Core Pulse.,USD,2023-01-31T11:36:04Z,5.0,15744.39,0.0,78721.95,01u0PY5mOZa2bYtQ4X,0Q09YxNUyEJ5ujuC5I
0QLIQYlKH0LXod0OFV,Synthetic quote line for Precision Vertex Cloud Service Enterprise Atlas.,USD,2026-06-01T16:03:44Z,10.0,4527.34,10.0,40746.06,01uLfz5iHhz1ThCASO,0Q0ws2he4rCTYdoSW4
0QL8ltUoPeW1JnMOD5,Synthetic quote line for Rapid Orbit Advisory Professional Horizon.,USD,2023-01-13T18:57:52Z,2.0,63615.97,5.0,120870.34,01u6i9Nw76KxTuIYF4,0Q0L29wHXXJDlS8SDL
0QLbpj89st6sQ28WFX,Synthetic quote line for Virtual Foundry Hardware Standard Pulse.,USD,2021-05-17T19:47:31Z,50.0,50965.61,0.0,2548280.5,01u4PmvaoJjErBdQDS,0Q03OQDQB9OJfOUCQZ
0QLykl4qGqmBR6AGG2,Synthetic quote line for Connected Beacon Training Edge Aurora.,USD,2021-12-29T21:14:57Z,1.0,39433.33,10.0,35490.0,01ukTN9SMFYWgwjAMQ,0Q0DBrgv3wQJ55K0ME
0QLFZQCM9w10xEgWUQ,Synthetic quote line for Dynamic Pioneer Hardware Foundation Ion.,USD,2021-05-15T03:37:06Z,5.0,49282.8,15.0,209451.9,01u4PmvaoJjErBdQDS,0Q0UqSoou82irziSXE
0QLSfCFUkx1DtY34LD,Synthetic quote line for Integrated Harbor Hardware Scale Solstice.,USD,2025-02-20T12:49:42Z,25.0,27888.46,0.0,697211.5,01ugC0Mkcri6dqvADO,0Q0KOHRDKcK9A8kKKA
0QLIInIwxqqljnk47S,Synthetic quote line for Open Compass Advisory Ultimate Aurora.,USD,2024-05-04T14:06:39Z,5.0,48732.43,5.0,231479.04,01uUZRnGcVQPMSeQKA,0Q0om3yFYMQPBBLKV0
0QLSnlbtUKAiUAx4DG,Synthetic quote line for Precision Summit Advisory Edge Meridian.,USD,2023-06-19T18:43:24Z,2.0,74838.05,0.0,149676.1,01ueyJe4gsnNiPnIDF,0Q0J7ZzWaCwr6FmSPL
0QLl84A4Y9u6m1hWA0,Synthetic quote line for Rapid Lattice Support Foundation Vector.,USD,2024-04-12T07:41:49Z,25.0,27348.71,20.0,546974.2,01uFa5jdtbk2jvnIRL,0Q0NzNAgOrV51Bk0NW
0QLls2Gd7PNdVElOAY,Synthetic quote line for Virtual Ember Data Platform Scale Cascade.,USD,2025-12-09T04:02:09Z,50.0,49080.02,20.0,1963200.8,01uhKGrd4fvOOHBIHW,0Q0lG4ANwIHTEZlS6G
0QLlgKZhqSTj8Ce4BL,Synthetic quote line for Adaptive Vertex Advisory Vertex Meridian.,USD,2021-01-21T14:40:24Z,10.0,384.07,20.0,3072.56,01ucktmDnpi6SA2IM7,0Q0wnYyBHc5VeP6CMD
0QLYOdEZoLZYDfXWBN,Synthetic quote line for Dynamic Orbit Hardware Essential Zenith.,USD,2025-05-30T19:42:56Z,2.0,6637.67,10.0,11947.81,01uab9grZJH19BsQO9,0Q0jPVK66jVRYpxKPX
0QLIK6aRqD1imZFGUL,Synthetic quote line for Integrated Foundry Support Premier Cobalt.,USD,2026-01-29T10:53:17Z,1.0,23433.0,15.0,19918.05,01ueJTA7gnZDnyqQ5J,0Q0XS6b9XHN0e1wCS1
0QLvnbri16EXN72WM0,Synthetic quote line for Open Beacon Cloud Service Select Nova.,USD,2022-06-16T07:37:16Z,2.0,74110.03,5.0,140809.06,01uoKAmIlDksj0cYMV,0Q0zqsc7p5ScokKSLP
0QLHT8df2tuF2tzWZK,Synthetic quote line for Precision Pioneer Support Vertex Zenith.,USD,2021-07-29T03:27:50Z,10.0,55492.04,15.0,471682.34,01uOtZP5pu0xo2OY25,0Q0ZAvuWYohc6rKCM7
0QL28hAnuYAVFX0WCS,Synthetic quote line for Rapid Harbor Data Platform Essential Horizon.,USD,2025-02-09T21:35:23Z,5.0,70150.04,5.0,333212.69,01usTKqZT4hGB8iYI3,0Q0I2URNaQKyERn0H6
0QL0Qp79cEu2DfwOE1,Synthetic quote line for Virtual Compass Advisory Premier Pulse.,USD,2022-09-24T00:05:38Z,1.0,32935.24,15.0,27994.95,01ujQGcX0dFFoJDAEI,0Q00VGkpu7RC9T0C88
0QL4T15oFvdps3QWLG,Synthetic quote line for Adaptive Summit Hardware Standard Atlas.,USD,2024-03-08T02:58:42Z,5.0,23714.58,5.0,112644.26,01uHm9hkqn3nP7NIX9,0Q0Ec8zGpV5uWyKKZC
0QLWSmwYmvoPS5GGNG,Synthetic quote line for Dynamic Lattice Cloud Service Core Ion.,USD,2024-04-14T20:12:14Z,5.0,44018.02,15.0,187076.58,01uuCYF9n5XQYNiATY,0Q0mkJ9TNtMdqvh0SO
0QLFLHy4EQFTT77GJJ,Synthetic quote line for Integrated Ember Training Enterprise Solstice.,USD,2021-06-01T20:40:11Z,25.0,46121.42,5.0,1095383.72,01uVCXqrgCKU3tcIXU,0Q02vgyJ9bcmGXo0U5
0QLlVDQhKS2uEWX4W8,Synthetic quote line for Modular Vertex Hardware Professional Aurora.,USD,2025-07-02T21:15:35Z,5.0,15757.77,15.0,66970.52,01uvx1DwHkqf1eYI5G,0Q09RGQv74XKekVK9Q
0QLOegmjpskcQVGWWG,Synthetic quote line for Precision Orbit Support Standard Ion.,USD,2021-03-07T09:34:18Z,1.0,35134.4,0.0,35134.4,01uxm81ZRsM2DEwQVA,0Q0yUkarmfIj0BO0ZL
0QLA82AG8o2hCEFWYJ,Synthetic quote line for Rapid Foundry Training Core Vector.,USD,2024-07-19T05:48:16Z,1.0,67741.96,10.0,60967.76,01uxk0teK1EA1ZrAAD,0Q0Tm8xEMqr9GldSAZ
0QLADVU9TRa4uPIGS0,Synthetic quote line for Virtual Beacon Training Enterprise Cascade.,USD,2024-09-30T17:12:42Z,10.0,41171.8,0.0,411718.0,01umtlnnNLY7p5OI4U,0Q0JfFQckhlCXz5S3F
0QLbCwTjSwHyfVaGLH,Synthetic quote line for Adaptive Pioneer Hardware Scale Meridian.,USD,2023-09-29T04:04:57Z,2.0,72318.01,5.0,137404.22,01ulrUP6PcHgsyjA5X,0Q0E8qObMX99MPBK0G
0QL1bNJu8nkSgBP4CG,Synthetic quote line for Dynamic Harbor Hardware Ultimate Vector.,USD,2023-05-29T13:25:20Z,25.0,26948.02,5.0,640015.47,01uHFWUTMgyHoQZYYJ,0Q0Fnfkg02ubBZRCI6
0QLSc7lpAXKj7sjGFC,Synthetic quote line for Integrated Compass Data Platform Edge Cobalt.,USD,2024-03-30T15:18:03Z,5.0,13586.35,10.0,61138.58,01u9usVZAaaGnwRYOD,0Q0X0ejqu25IiAmKPQ
0QLyc3aIYR52bdvG1H,Synthetic quote line for Modular Summit Training Foundation Nova.,USD,2026-04-22T15:25:59Z,50.0,68239.84,0.0,3411992.0,01uKb8LTdZrnOlTQ03,0Q0UwVfpQI3lbJDCCV
0QL5sgxBwlcdyMEGTM,Synthetic quote line for Precision Lattice Data Platform Scale Zenith.,USD,2022-05-21T21:05:10Z,50.0,39370.68,5.0,1870107.3,01u9WIty0rhJQOoANZ,0Q0AleSdkJU5gvpCSG
0QLPqsz5pvDh9MbWSY,Synthetic quote line for Rapid Ember Training Ultimate Cobalt.,USD,2025-12-27T18:04:11Z,5.0,14174.01,5.0,67326.55,01uZMsmMl304CKnIWL,0Q0LxUE5MbpHyVUSIX
0QLKws0cFAFJp0UWL7,Synthetic quote line for Unified Vertex Data Platform Edge Pulse.,USD,2021-05-18T14:39:06Z,2.0,8888.48,10.0,15999.26,01uH8TVOR6V1BHxIUX,0Q0gbrPmeCCIrBXKCK
0QLWBvVevgFmLTZOOR,Synthetic quote line for Adaptive Orbit Hardware Premier Atlas.,USD,2021-10-21T08:38:29Z,2.0,20167.52,15.0,34284.78,01u71cjEwFj03mAIM3,0Q0gr9MX97t5BvMS6V
0QL5ur5HkEBeZG8GG4,Synthetic quote line for Dynamic Foundry Cloud Service Select Horizon.,USD,2022-12-20T02:36:30Z,5.0,53621.05,5.0,254699.99,01uTcjJRAY8ghAAA79,0Q0t9gpUJphE3SAKKE
0QLwEttYqTYfVty4ZI,Synthetic quote line for Integrated Beacon Support Vertex Pulse.,USD,2023-08-28T01:11:46Z,50.0,59931.28,10.0,2696907.6,01uEzdznkNnOVwYYTK,0Q0R2jh3bXqhib2KJ5
0QLNmIlh0fFUEcUO4J,Synthetic quote line for Modular Pioneer Cloud Service Essential Aurora.,USD,2025-03-31T08:17:47Z,2.0,34675.41,0.0,69350.82,01uva7ba3Azj8ILI8T,0Q0fACcUaLcdUtrKHM
0QL390EfyzJMfdNG9L,Synthetic quote line for Precision Harbor Cloud Service Premier Ion.,USD,2024-12-21T21:53:55Z,1.0,24164.28,0.0,24164.28,01uen5Cpi1qkPs2QED,0Q02Bk1De4HFYtjK6M
0QLAE7LDyFZYuzF4Q8,Synthetic quote line for Rapid Compass Support Select Solstice.,USD,2023-04-15T04:35:49Z,1.0,13652.0,10.0,12286.8,01uoUHUXFK8KV8SIAZ,0Q09u2coB4WnNDeKGD
0QLzl4owXJTN4QCGS3,Synthetic quote line for Unified Summit Data Platform Vertex Aurora.,USD,2023-07-21T12:53:24Z,5.0,26159.44,0.0,130797.2,01uuCYF9n5XQYNiATY,0Q0bHnHis9cFB18CZO
0QLyH3ZBZrWA0mA4RP,Synthetic quote line for Adaptive Lattice Cloud Service Enterprise Meridian.,USD,2023-06-29T20:10:49Z,50.0,25339.6,10.0,1140282.0,01uKSnvPj2bLCV3AKV,0Q0NzNAgOrV51Bk0NW
0QLv5EQCtr9M6tPGP6,Synthetic quote line for Dynamic Ember Hardware Professional Vector.,USD,2021-10-11T06:13:07Z,25.0,14361.43,5.0,341083.96,01uynmR1qubBiOaYYH,0Q0p0qInI3rvKx0KZ0
0QLLANu4lXPQ9srG75,Synthetic quote line for Elastic Vertex Training Standard Cascade.,USD,2022-07-17T06:39:02Z,2.0,32178.97,0.0,64357.94,01uXvQ0FyxMqlTyA6U,0Q0BOukp57bQn6GKQ4
0QL45FVjlgLxsp2GD1,Synthetic quote line for Modular Orbit Training Core Nova.,USD,2022-10-25T03:04:12Z,50.0,19197.68,10.0,863895.6,01ulwZIpMmZ5fTrY04,0Q0tXLEc5kKREiSKGN
0QLkbg3WnsAIRNK4CA,Synthetic quote line for Precision Foundry Cloud Service Enterprise Zenith.,USD,2024-02-17T04:18:24Z,2.0,55862.14,5.0,106138.07,01u4gVr7speKuuWIU7,0Q0LTT9nFV5Gw0TSG9
0QL4tUoGP2VTenmGHZ,Synthetic quote line for Rapid Beacon Data Platform Professional Cobalt.,USD,2024-11-11T15:07:42Z,10.0,19713.32,15.0,167563.22,01uugppu5drNWwvIF8,0Q0m475AnDZbF6Q03M
0QLW3JWdqH731xJO01,Synthetic quote line for Unified Pioneer Support Standard Nova.,USD,2023-11-15T20:48:33Z,5.0,63915.71,5.0,303599.62,01uizFG7tdRUqr4QN5,0Q0TikzietfRKx00ZX
0QLKWlWEn8PupwZWMZ,Synthetic quote line for Adaptive Harbor Cloud Service Edge Atlas.,USD,2024-03-12T06:11:29Z,1.0,63564.21,10.0,57207.79,01uicVYWLcfmsN3AQY,0Q0vbHFpthpm7m40WW
0QLK7yoRdQ8GdIIWSC,Synthetic quote line for Dynamic Compass Training Foundation Horizon.,USD,2024-12-29T14:05:51Z,5.0,14519.89,20.0,58079.56,01uDSKa3Fuxi2HMYU2,0Q0UDqhL4GNa4NCCYH
0QLWDkoIQ0ATysS4SO,Synthetic quote line for Elastic Summit Support Scale Pulse.,USD,2025-09-11T19:32:32Z,5.0,40622.64,15.0,172646.22,01uWiXi07rUIM5NQCX,0Q0nDIuFLY1B3X9KCI
0QLceuu4mLTypIBOMX,Synthetic quote line for Modular Lattice Data Platform Ultimate Atlas.,USD,2024-05-21T21:24:22Z,50.0,39853.92,0.0,1992696.0,01uk3g7KZ1foaM1Y43,0Q0wwcVbqY2JkZLS6W
0QLhlvJStKm0NjoW32,Synthetic quote line for Precision Ember Training Edge Ion.,USD,2023-02-24T09:20:53Z,25.0,35864.64,20.0,717292.8,01uPZWdNvBe5hqLIIQ,0Q0aMaqaRcjXRlsS1Z
0QLBUjfOTZxj4zyG02,Synthetic quote line for Quantum Vertex Training Foundation Solstice.,USD,2025-02-27T07:08:26Z,1.0,30092.16,5.0,28587.55,01uHhc7RdxJfGWFAN9,0Q0Ss2B5J8Q1CkeCG3
0QLMjTKHGJg4xdLOQD,Synthetic quote line for Unified Orbit Support Scale Aurora.,USD,2021-07-12T23:41:03Z,50.0,62254.0,0.0,3112700.0,01uBOscrjq0khZAIW5,0Q0eQkwiw7yf09KKHA
0QLDQ0H2oocFwhSWOO,Synthetic quote line for Adaptive Foundry Training Vertex Ion.,USD,2021-07-15T01:37:48Z,50.0,58433.98,10.0,2629529.1,01uZhc2xX0xLj39ATO,0Q0e3whkFbwnD130MR
0QLZoC7p2TamBaMGXZ,Synthetic quote line for Dynamic Beacon Cloud Service Essential Vector.,USD,2026-04-19T20:49:28Z,1.0,40024.01,0.0,40024.01,01uoKAmIlDksj0cYMV,0Q0TBb31IJhEJbvCJR
0QLJC9pAx4zm2VPGXU,Synthetic quote line for Elastic Pioneer Advisory Premier Cascade.,USD,2023-06-25T13:26:12Z,25.0,16508.1,0.0,412702.5,01u9f9VUQ5RzdtLIHL,0Q0VOT6DEeMaocfS08
0QLOPHnV5ly2kVBOFB,Synthetic quote line for Modular Harbor Data Platform Select Meridian.,USD,2024-12-03T03:12:41Z,50.0,3768.26,0.0,188413.0,01uKaywO4b3S7iJQ44,0Q0zVmV1aeIDehh09S
0QLS1LAigdIqJgxOIF,Synthetic quote line for Precision Compass Advisory Vertex Vector.,USD,2023-08-26T18:01:15Z,2.0,46645.68,20.0,74633.09,01uMA8zSZGWyKdiAKM,0Q0zqsc7p5ScokKSLP
0QLwsDWT8XIInuYOEM,Synthetic quote line for Quantum Summit Hardware Essential Cobalt.,USD,2021-12-15T12:48:50Z,2.0,51408.13,20.0,82253.01,01uQzDnCcdlI5MPI1N,0Q0sO5XH7P9zf9ZCTI
0QLyS40SAukD0oJORZ,Synthetic quote line for Unified Lattice Advisory Premier Nova.,USD,2022-04-06T07:36:02Z,5.0,2978.54,0.0,14892.7,01u3p8CHYvz2rqmYEX,0Q0RXyw91xw1y9QK5P
0QLfkYkAnTu02GiOW9,Synthetic quote line for Adaptive Ember Cloud Service Standard Zenith.,USD,2022-09-03T07:13:06Z,5.0,70053.26,5.0,332752.98,01ubxTMyzfxRdMAQGF,0Q0CJRpQXQTGlnfS4G
0QLp74wGD8BYGHY4AW,Synthetic quote line for Connected Vertex Advisory Core Horizon.,USD,2021-04-03T10:26:19Z,5.0,23787.41,5.0,112990.2,01u6HEv0YgkCfCBIK7,0Q0XjKY7hL0XpqrS5O
0QL5CHhNlIsgzxU4WX,Synthetic quote line for Elastic Orbit Advisory Enterprise Pulse.,USD,2023-07-12T03:06:47Z,10.0,61753.29,5.0,586656.26,01uC4cTc6DjS24HIO7,0Q0c1JZ9QKMMYsAKPN
0QL7AAVeS0jaLhBO3N,Synthetic quote line for Modular Foundry Training Professional Atlas.,USD,2021-09-14T17:55:05Z,5.0,24561.55,20.0,98246.2,01ugMlB4PLTImgLQ9A,0Q0LPPWgwFNhwgrC3M
0QLBgEOQ6wsyc7hOY2,Synthetic quote line for Precision Beacon Advisory Standard Horizon.,USD,2023-01-12T22:54:38Z,50.0,2894.73,20.0,115789.2,01ux7L4peGUHJyjIEV,0Q0J1Y6hbUUfoA80CS
0QLoqgz6V7JhU32GFL,Synthetic quote line for Quantum Pioneer Hardware Core Solstice.,USD,2023-11-02T05:46:46Z,1.0,44553.42,5.0,42325.75,01uGRqSyJsjiNj7YGL,0Q0yp9v2BHQ1NEyK4G
0QLe099elxCH5qDO5I,Synthetic quote line for Unified Harbor Support Enterprise Aurora.,USD,2024-08-28T05:37:39Z,25.0,38833.11,0.0,970827.75,01ueJTA7gnZDnyqQ5J,0Q0ibIuFiHA1ay0CBU
0QLqh1vmQAr8NV2O8M,Synthetic quote line for Adaptive Compass Training Scale Ion.,USD,2021-05-05T09:10:43Z,2.0,11086.54,5.0,21064.43,01uoIM45i0DJHHHQCS,0Q0f3jwTJnac2rzCRF
0QL4B6u1wtpdbGyOFW,Synthetic quote line for Connected Summit Support Ultimate Solstice.,USD,2024-04-10T08:31:41Z,1.0,42685.31,10.0,38416.78,01uyQcPopC4io3SYBV,0Q0CAVDuASKgONQCAT
0QLeElAeNNySvwFGAP,Synthetic quote line for Elastic Lattice Hardware Edge Cascade.,USD,2023-11-01T08:54:41Z,10.0,73722.34,10.0,663501.06,01uz35PKYhJf7A2A3O,0Q0mQGE2Ohi2QPHK3T
0QLI7rCrbOyoLAzWKI,Synthetic quote line for Modular Ember Support Foundation Meridian.,USD,2024-03-14T19:41:09Z,2.0,11241.43,0.0,22482.86,01ulv13FN8KIvguIY4,0Q077DtUmxtLIpNCAN
0QLelYPQVNw3O9LGYM,Synthetic quote line for Open Vertex Training Scale Vector.,USD,2023-05-17T20:08:33Z,50.0,7625.06,15.0,324065.05,01uR2nl29IkqYErYC1,0Q0go95G4AfZKrESIF
0QLfB4DZ4QDB35jONW,Synthetic quote line for Quantum Orbit Support Ultimate Cascade.,USD,2021-11-02T00:05:17Z,50.0,11363.35,5.0,539759.12,01uyya4E3UVwwuyI6C,0Q0zqsc7p5ScokKSLP
0QLTl9ZOBV2AD124AY,Synthetic quote line for Unified Foundry Cloud Service Edge Nova.,USD,2023-01-19T09:29:19Z,10.0,13470.09,5.0,127965.85,01u3p8CHYvz2rqmYEX,0Q00VlqGKVDZVkkCNO
0QLlaQcT31zymPy4SG,Synthetic quote line for Adaptive Beacon Cloud Service Premier Zenith.,USD,2022-02-19T23:20:12Z,10.0,26539.05,20.0,212312.4,01u1UxX9MCMWUfpAI9,0Q02mDjOvbItqbdKAO
0QLrSrdJB2OnZ9YOWS,Synthetic quote line for Connected Pioneer Training Select Cobalt.,USD,2025-12-14T21:38:41Z,10.0,39167.01,0.0,391670.1,01u4D6LQD1fDHRvQMG,0Q0UQmS8fOHtzTMS9A
0QLCbzMhCSC05SH4SF,Synthetic quote line for Elastic Harbor Data Platform Vertex Nova.,USD,2021-08-14T23:17:09Z,2.0,38281.81,15.0,65079.08,01uDDVqednLwAxPIMH,0Q03uABJpPNzImcCTP
0QLtJZFYrHDHuOj4NL,Synthetic quote line for Modular Compass Cloud Service Essential Atlas.,USD,2024-09-06T21:36:31Z,1.0,52821.41,0.0,52821.41,01u45XrA1cIlNlaAJY,0Q0wCd0sQZHXIMMKIW
0QLNZQMKyvp8QwrOIE,Synthetic quote line for Open Summit Hardware Premier Horizon.,USD,2022-07-18T11:19:39Z,2.0,15056.01,15.0,25595.22,01uc6yIZPk12VrWI70,0Q0TL6xATQoeToSKVX
0QLlNOoAsRFSMFm46U,Synthetic quote line for Quantum Lattice Advisory Select Pulse.,USD,2025-03-16T13:41:36Z,2.0,39666.84,0.0,79333.68,01uqINp8CtmB0C1QFE,0Q0kqsvSB1QNWWKKI0
0QLRP5uQaAyI9srWPH,Synthetic quote line for Unified Ember Training Vertex Atlas.,USD,2022-05-06T05:31:42Z,50.0,46700.54,15.0,1984772.95,01uBeJ5ZF9xSBOtQEH,0Q0CAVDuASKgONQCAT
0QLuciMKpbcLDnZWL1,Synthetic quote line for Virtual Vertex Hardware Essential Ion.,USD,2024-11-04T03:24:38Z,50.0,33288.74,15.0,1414771.45,01u9usVZAaaGnwRYOD,0Q0mQrjHuC49gUNSCY
0QLBvyjjgmBLqhlWEF,Synthetic quote line for Connected Orbit Support Professional Solstice.,USD,2022-12-12T01:00:36Z,1.0,54692.63,10.0,49223.37,01uoIM45i0DJHHHQCS,0Q01kPyDzKD1OupS4P
0QLR3ULHw1w5nM0ORH,Synthetic quote line for Elastic Foundry Training Standard Aurora.,USD,2024-05-27T02:49:25Z,10.0,15626.76,20.0,125014.08,01u71TYWHFtX08fYSW,0Q0s67bDZqF2QbwS0Q
0QLDcF8tUfxckMfG7Q,Synthetic quote line for Modular Beacon Training Core Meridian.,USD,2023-03-29T10:35:13Z,50.0,16624.54,0.0,831227.0,01uwUw0jM354l9gAAU,0Q0FTXEUl7Vxp9p0F2
0QLFGL2gZD9xPvbW4E,Synthetic quote line for Open Pioneer Cloud Service Enterprise Vector.,USD,2022-05-31T00:23:18Z,10.0,70471.46,15.0,599007.41,01uT0mP0dgO3n7XQ4T,0Q0SRiHeYzsLB9CCKF
0QLc107GSjB4461O8T,Synthetic quote line for Quantum Harbor Advisory Professional Cascade.,USD,2023-12-21T01:10:04Z,1.0,19727.33,0.0,19727.33,01uzkFgHHKOHNb8ADY,0Q0owJeA1e8PyUQK0S
0QLrAVs3iAv68D8WFP,Synthetic quote line for Unified Compass Cloud Service Standard Meridian.,USD,2025-02-27T16:41:31Z,5.0,20162.01,10.0,90729.04,01uM996AjCjDpxAQ0G,0Q0pb9DykhgsoD1K0D
0QLG6od7sDpeTngWUY,Synthetic quote line for Virtual Summit Training Core Zenith.,USD,2025-03-02T23:10:44Z,2.0,18827.22,10.0,33889.0,01uuCYF9n5XQYNiATY,0Q0i5XvPtYVkIO4CWS
0QLP1GIpDqSmkEq4GU,Synthetic quote line for Connected Lattice Advisory Foundation Cobalt.,USD,2023-09-26T03:57:22Z,25.0,1503.26,0.0,37581.5,01uGVgElwvBIbvwAMH,0Q0ZQgJwVDO6dPRCMO
0QLfKg8SgpjPRvLO07,Synthetic quote line for Elastic Ember Cloud Service Scale Nova.,USD,2024-12-23T12:26:07Z,5.0,61553.51,20.0,246214.04,01uPZWdNvBe5hqLIIQ,0Q0yTkbWItVaa1tS8D
0QL7oigypqTeGpGOWZ,Synthetic quote line for Integrated Vertex Advisory Ultimate Zenith.,USD,2025-05-31T17:56:25Z,50.0,54401.66,15.0,2312070.55,01ugyZoUJ9GFuCSYMZ,0Q0xSJ47NnA289MCXA
0QL04BDUY1mURJnORV,Synthetic quote line for Open Orbit Cloud Service Edge Horizon.,USD,2022-08-11T13:36:29Z,25.0,65800.3,15.0,1398256.38,01uplBWl2zlMr9dYKF,0Q0nsfZ46FzACHJCXF
0QLA7qQGJlCy50eOG7,Synthetic quote line for Quantum Foundry Training Foundation Pulse.,USD,2022-01-19T21:05:38Z,25.0,30656.4,0.0,766410.0,01uc6d0PpSckL4kYOM,0Q0JfFQckhlCXz5S3F
0QLswHkoGSB6VZKOME,Synthetic quote line for Unified Beacon Hardware Scale Atlas.,USD,2021-09-03T08:00:08Z,10.0,12455.68,0.0,124556.8,01uab9grZJH19BsQO9,0Q0U64mhKLqbjTYSVU
0QL41xWVudkTlXG4EM,Synthetic quote line for Virtual Pioneer Data Platform Ultimate Horizon.,USD,2022-05-15T21:53:48Z,2.0,46602.94,0.0,93205.88,01uvcwTUKOnzB3VQFV,0Q0tw0zbJe3oMjoST7
0QLMCeivaWOiJQYO4Y,Synthetic quote line for Connected Harbor Advisory Essential Solstice.,USD,2022-07-19T17:00:59Z,25.0,55075.71,0.0,1376892.75,01u2rujAAFZGq71AIQ,0Q0Y9plwmyECgSKS3R
0QLiwXrbhoq0PbBG2V,Synthetic quote line for Elastic Compass Support Premier Aurora.,USD,2022-12-30T11:14:38Z,5.0,61701.74,15.0,262232.4,01uSKqqqSX58wXjIE2,0Q0S5JeeWYF6fGNS7L
0QLE9IGWklreEBdWM5,Synthetic quote line for Integrated Summit Support Select Ion.,USD,2022-08-07T00:42:33Z,10.0,34422.28,0.0,344222.8,01ujBc1EruOtg57ANE,0Q0BmlJkdnDVxLV09X
0QLqFJNMm5KO0WTOIQ,Synthetic quote line for Open Lattice Data Platform Vertex Solstice.,USD,2023-12-22T08:19:12Z,2.0,48673.76,0.0,97347.52,01uPNiaL1uUi0GGYQH,0Q0Rx0p5nT6L16Q0DC
0QLbALXXqs4vBMqW90,Synthetic quote line for Quantum Ember Training Essential Cascade.,USD,2024-01-08T05:48:28Z,5.0,62140.15,0.0,310700.75,01uCI9USaya88RGQFI,0Q0J3sSH3pdRRzBCFZ
0QLBUfx3lyEJbC3O65,Synthetic quote line for Rapid Vertex Training Premier Meridian.,USD,2021-06-09T05:42:56Z,25.0,31180.13,0.0,779503.25,01ukZSaar5kiB8EAE2,0Q0VIcMzBf1G7KMKZR
0QLtJJNPQ1237GrO32,Synthetic quote line for Virtual Orbit Training Select Vector.,USD,2021-11-26T23:19:02Z,1.0,49610.73,0.0,49610.73,01uen5Cpi1qkPs2QED,0Q0SmoSjEMXdr380YT
0QLbOVYn8ztbANC4ST,Synthetic quote line for Connected Foundry Hardware Core Cobalt.,USD,2025-10-29T18:49:21Z,1.0,30266.45,5.0,28753.13,01uQXPpS3qDSOckYL8,0Q0DOaHsink8nRmKJT
0QL7af8ENjmPMV6O8S,Synthetic quote line for Elastic Beacon Support Enterprise Nova.,USD,2023-04-23T09:16:14Z,2.0,11084.85,10.0,19952.73,01uHQFMUP7xOPHcQI1,0Q0b0NWwUBFUmm1SWO
0QLr9f8Xjo8kLX1W46,Synthetic quote line for Integrated Pioneer Hardware Professional Zenith.,USD,2024-09-24T17:01:43Z,10.0,62769.76,20.0,502158.08,01uP7hA0q4EnjLrQBI,0Q0AUxojri3qAhQC33
0QLNTbtDkc36kud40M,Synthetic quote line for Open Harbor Training Standard Cobalt.,USD,2025-01-18T12:54:29Z,5.0,32380.78,0.0,161903.9,01unzqchnBJvFvNARI,0Q0CcxUK85BvBY8KM2
0QLCS5SWibbORZhWA9,Synthetic quote line for Quantum Compass Training Core Pulse.,USD,2025-07-16T15:20:07Z,1.0,23354.08,0.0,23354.08,01uBo9bliYPFlS6QPU,0Q0NzNAgOrV51Bk0NW
0QLvfcnf7dCs4nm42L,Synthetic quote line for Rapid Summit Training Enterprise Atlas.,USD,2023-11-29T12:42:49Z,25.0,38365.72,20.0,767314.4,01u71TYWHFtX08fYSW,0Q0Ejpsq00q35yFC5Y
0QLO446gUiB6uxT48K,Synthetic quote line for Virtual Lattice Support Professional Horizon.,USD,2023-10-20T08:32:21Z,5.0,26098.52,20.0,104394.08,01ulv13FN8KIvguIY4,0Q0eunkrLQ6uWJPKUG
0QL7Vvyb0KNelhCWN5,Synthetic quote line for Connected Ember Training Ultimate Pulse.,USD,2021-10-12T12:43:58Z,50.0,37669.5,15.0,1600953.75,01uE6z8KW68KSVPQCU,0Q0NzNAgOrV51Bk0NW
0QLlpsZzigZpIyoOK5,Synthetic quote line for Dynamic Vertex Data Platform Edge Aurora.,USD,2024-12-25T05:02:49Z,50.0,8141.17,5.0,386705.57,01uXDDMmVGn5CclQUQ,0Q0GpItkHjiAN98CAH
0QL2mrL4pOP0vJUG2P,Synthetic quote line for Integrated Orbit Hardware Foundation Ion.,USD,2024-11-21T10:04:57Z,50.0,47698.1,0.0,2384905.0,01u410XzXyDchg8YH3,0Q09fHBRshtaMJ8K30
0QLyzy6z501ZIGp4XO,Synthetic quote line for Open Foundry Hardware Scale Solstice.,USD,2022-12-27T18:56:54Z,2.0,3754.02,0.0,7508.04,01ueWs86Xwn1DjpQBT,0Q0ZgJdoTkoIsfhK4P
0QLJQPIsvwdJUrjWQW,Synthetic quote line for Quantum Beacon Training Ultimate Aurora.,USD,2022-08-15T18:05:05Z,10.0,42700.83,5.0,405657.89,01u3kSFhaBLMkghAZY,0Q0ptU1LTWUH8NeKAT
0QL2vHqvXywKyy74YZ,Synthetic quote line for Rapid Pioneer Support Edge Meridian.,USD,2023-08-04T18:22:48Z,25.0,12425.89,5.0,295114.89,01ubDRHyye1mNzMAMJ,0Q0dk5C5Hqca5gjSS8
0QLm138PLXUVLlQOBF,Synthetic quote line for Virtual Harbor Support Foundation Vector.,USD,2024-02-02T02:21:04Z,2.0,56815.22,0.0,113630.44,01uQQpeIOHGVGmXILC,0Q09dmKVFNAMUX0CN4
0QLW4PDqJkOn2xm46U,Synthetic quote line for Connected Compass Hardware Select Cascade.,USD,2024-01-18T11:19:27Z,1.0,15925.44,15.0,13536.62,01uBC3Af2aJPeifQON,0Q00VGkpu7RC9T0C88
0QLQNtFgYpkCW8GG6H,Synthetic quote line for Dynamic Summit Hardware Vertex Meridian.,USD,2023-03-06T18:31:19Z,25.0,9189.33,20.0,183786.6,01uw2MTNHcr0mB8YU6,0Q0K7AYHPdHbSa9CLK
0QLAdsfh4SUEehVGAB,Synthetic quote line for Integrated Lattice Training Essential Zenith.,USD,2025-12-20T02:46:46Z,25.0,34086.16,10.0,766938.6,01uFt9b3ADxIGMFA8E,0Q0fSlE75s1dUzcKZ9
0QLed17kLoTWYjuGBE,Synthetic quote line for Open Ember Training Premier Cobalt.,USD,2025-01-02T17:53:50Z,50.0,12960.17,20.0,518406.8,01uFQR9XJDjmBB5A31,0Q07kXKTvSTQrJ90XF
0QLXCy0vdbeZv3QWNV,Synthetic quote line for Precision Vertex Training Select Nova.,USD,2021-11-04T05:11:40Z,2.0,9827.55,15.0,16706.83,01uTQrHbd0TJOw2IXT,0Q0NzNAgOrV51Bk0NW
0QLThsCBWRjcrVr423,Synthetic quote line for Rapid Orbit Hardware Vertex Zenith.,USD,2024-09-20T13:50:33Z,25.0,59480.73,0.0,1487018.25,01ulv13FN8KIvguIY4,0Q0Xo73RKHc7hVBCT2
0QLtOVM9QUdTP7FGPU,Synthetic quote line for Virtual Foundry Cloud Service Essential Horizon.,USD,2021-09-23T14:27:10Z,25.0,22890.75,10.0,515041.88,01ualDWbU2nsHAyI4N,0Q0MfXBqOiI6fvFKCQ
0QLc9DtqlTEkUxs45J,Synthetic quote line for Connected Beacon Support Professional Pulse.,USD,2024-04-12T18:01:09Z,50.0,71707.12,10.0,3226820.4,01u6e7sGIJ0p16CAAZ,0Q0ws2he4rCTYdoSW4
0QLJZ9eJHNNrn6NO2H,Synthetic quote line for Dynamic Pioneer Data Platform Standard Atlas.,USD,2024-05-03T21:52:59Z,5.0,38077.89,10.0,171350.51,01uP7hA0q4EnjLrQBI,0Q0K8CvNx3uMu4bCAS
0QLMKUS3MtDN2DzWAB,Synthetic quote line for Integrated Harbor Data Platform Core Ion.,USD,2022-05-30T10:25:33Z,25.0,47521.64,5.0,1128638.95,01upGYrwlhnXFJzAQO,0Q0BOukp57bQn6GKQ4
0QLTKn9O96bYGWCGEQ,Synthetic quote line for Open Compass Advisory Enterprise Solstice.,USD,2023-03-15T16:44:52Z,25.0,1869.9,20.0,37398.0,01uCWB5aWFw8B9nYGC,0Q0TjA6BxVt78KYCIL
0QLhYkB8b74YEoc4O7,Synthetic quote line for Precision Summit Cloud Service Professional Aurora.,USD,2021-06-23T04:37:44Z,5.0,65022.53,5.0,308857.02,01uVsJ0CYhv8rdAQEB,0Q0D42hMxeydmKKSYI
0QLr5KlcnjVEKFRGMJ,Synthetic quote line for Rapid Lattice Advisory Standard Ion.,USD,2026-03-22T04:24:03Z,5.0,42370.32,10.0,190666.44,01uocAw17jHIHntY65,0Q0og8uNFZBVFn40V4
0QLmLaiPDcWmvDgOF1,Synthetic quote line for Virtual Ember Cloud Service Core Vector.,USD,2025-01-24T10:44:15Z,25.0,52048.07,15.0,1106021.49,01uMQRR3zGeNWaaAA7,0Q0yWU5Wm53hjcJCBR
0QLYZkzYVZYdvRvGN1,Synthetic quote line for Adaptive Vertex Hardware Foundation Cascade.,USD,2024-02-11T13:09:53Z,25.0,33493.22,20.0,669864.4,01ucktmDnpi6SA2IM7,0Q0FSX4vclEG3WeCX5
0QLIUpzjMg7KoBPOCT,Synthetic quote line for Dynamic Orbit Data Platform Scale Meridian.,USD,2023-02-27T16:57:43Z,25.0,29315.85,15.0,622961.81,01uIBCBPnlF6Gq2AMR,0Q0m4FBIVMiMNDbSZ3
0QLEKC4GNCrcZYVWHH,Synthetic quote line for Integrated Foundry Data Platform Ultimate Vector.,USD,2024-12-12T19:23:50Z,10.0,51632.03,0.0,516320.3,01uwrxBxGfjEpqeIX1,0Q0TuKLI4W4NlNqC0Q
0QLP80AoL3fSFo4OC7,Synthetic quote line for Open Beacon Support Edge Cobalt.,USD,2021-12-07T06:30:35Z,10.0,41211.3,10.0,370901.7,01ulBbBBnCSMZE9IB4,0Q0zqsc7p5ScokKSLP
0QL04tC1RVyczbx45Z,Synthetic quote line for Precision Pioneer Support Foundation Nova.,USD,2022-11-07T00:52:04Z,50.0,37630.04,10.0,1693351.8,01uw9PVgWwT4QAvAVE,0Q0nbaikwH4FVRDKT2
0QLrP5R2Lep5L7YGHC,Synthetic quote line for Rapid Harbor Training Scale Zenith.,USD,2021-04-24T07:41:10Z,2.0,3358.95,15.0,5710.21,01uqczls0EvVZK9A44,0Q0X5CAgsFXu97ZSPV
0QLVSiV5j7ZmPiXGDA,Synthetic quote line for Virtual Compass Support Ultimate Cobalt.,USD,2024-06-20T16:46:25Z,10.0,21837.53,0.0,218375.3,01uh03z6u8t52A7Q6A,0Q0NzNAgOrV51Bk0NW
0QLfiJeHG5xq5yUOSF,Synthetic quote line for Adaptive Summit Support Essential Pulse.,USD,2021-09-27T18:20:54Z,1.0,48664.45,5.0,46231.23,01uqy7cd4gc1JX3I1T,0Q0Qh64kpfYCaSpKXZ
0QLs0lUGKtGHcI0GL9,Synthetic quote line for Dynamic Lattice Training Premier Atlas.,USD,2024-09-10T21:39:08Z,5.0,45975.42,10.0,206889.39,01uTHUysWX9DJtwY6N,0Q0uHTB3zqgpml1KUW
0QL4A7aPl8RZzNKG43,Synthetic quote line for Integrated Ember Cloud Service Select Horizon.,USD,2023-11-11T04:03:04Z,5.0,44787.87,0.0,223939.35,01uyya4E3UVwwuyI6C,0Q0lm9VdaankOwJKPS
0QL78M4iPYad4Uj4YO,Synthetic quote line for Modular Vertex Support Vertex Pulse.,USD,2022-06-15T14:16:54Z,5.0,74727.29,0.0,373636.45,01uyJ6zkekdSnuUYV2,0Q0NzNAgOrV51Bk0NW
0QLqPWscaFQRaFkOES,Synthetic quote line for Precision Orbit Training Essential Aurora.,USD,2023-12-17T07:45:18Z,2.0,73084.2,15.0,124243.14,01uMKVRBOsHCfA1Y65,0Q06tDrJslSUdGz0W2
0QLskSso95ZJjBl4P6,Synthetic quote line for Rapid Foundry Support Premier Ion.,USD,2024-11-17T14:50:06Z,25.0,42342.94,15.0,899787.47,01ueyJe4gsnNiPnIDF,0Q001f4lYOIev2nSFL
0QLiSVpx4HF2GLv492,Synthetic quote line for Virtual Beacon Hardware Select Solstice.,USD,2023-06-10T21:32:44Z,1.0,8294.72,5.0,7879.98,01uVTcsqzRQW04eAMD,0Q0u6tGJJDN6VcBKDY
0QL71mMfB0JutTdOBG,Synthetic quote line for Adaptive Pioneer Training Core Cascade.,USD,2023-04-16T18:16:17Z,50.0,24808.58,5.0,1178407.55,01ux7L4peGUHJyjIEV,0Q06N0beEhy2tAaCXH
0QLVc4XVu9mDE4EGYY,Synthetic quote line for Dynamic Harbor Data Platform Enterprise Meridian.,USD,2024-04-13T20:47:17Z,2.0,30898.62,5.0,58707.38,01uoIM45i0DJHHHQCS,0Q0og8uNFZBVFn40V4
0QL6gHNAdT0F2iAOKG,Synthetic quote line for Integrated Compass Cloud Service Professional Vector.,USD,2024-01-19T00:51:14Z,1.0,22644.95,0.0,22644.95,01u8xZQQ01lrCVlYQL,0Q0J7ZzWaCwr6FmSPL
0QLX38SP31Xr6oNO1B,Synthetic quote line for Modular Summit Data Platform Standard Cascade.,USD,2021-04-26T12:08:26Z,5.0,2581.59,5.0,12262.55,01uBP89MPIG4q8LQF3,0Q0v8iFUgLnh54MKTI
0QLA0HDLxcUeakuG8X,Synthetic quote line for Precision Lattice Data Platform Core Nova.,USD,2026-06-27T06:56:00Z,25.0,13808.91,0.0,345222.75,01uk7RIGqtW7TtTAU7,0Q0PZqt00dGq9ug08L
0QLgz7FcabTrzi8G47,Synthetic quote line for Rapid Ember Data Platform Enterprise Zenith.,USD,2021-02-09T07:20:49Z,1.0,47552.76,15.0,40419.85,01uSoqNuS1WuhQCQ4I,0Q0mQrjHuC49gUNSCY
0QLr6KMOHZxmQLGOOE,Synthetic quote line for Unified Vertex Data Platform Professional Cobalt.,USD,2021-07-25T04:21:52Z,1.0,16157.79,10.0,14542.01,01uRfvkN0HymA5HQXH,0Q0otvPvsiVRdfwCLU
0QLdx2pn1tDr65I4QI,Synthetic quote line for Adaptive Orbit Support Ultimate Nova.,USD,2025-05-13T09:23:16Z,50.0,61669.45,20.0,2466778.0,01ufoNYmByS2ulgYVQ,0Q0SmoSjEMXdr380YT
0QLSMskWZKtx0ko4AD,Synthetic quote line for Dynamic Foundry Data Platform Edge Atlas.,USD,2025-11-24T11:21:57Z,25.0,32601.29,20.0,652025.8,01uM996AjCjDpxAQ0G,0Q0nsfZ46FzACHJCXF
0QLAkyOjhP9jT6lGGY,Synthetic quote line for Integrated Beacon Data Platform Foundation Horizon.,USD,2025-07-23T23:56:28Z,10.0,51074.02,15.0,434129.17,01ujBc1EruOtg57ANE,0Q0ltYG5cOcJx34S24
0QLE4VBmbmN3RGTW1W,Synthetic quote line for Modular Pioneer Data Platform Scale Pulse.,USD,2026-05-18T00:49:03Z,2.0,38507.55,0.0,77015.1,01u5PaTy6Vk6uLCQ0J,0Q0NzNAgOrV51Bk0NW
0QLWaMvOmCtugfE4DH,Synthetic quote line for Precision Harbor Hardware Ultimate Atlas.,USD,2025-11-13T05:56:28Z,25.0,1577.37,0.0,39434.25,01uwSRPKbLes8ruYIZ,0Q0X5CAgsFXu97ZSPV
0QLxFpwgQTkXgPoOF1,Synthetic quote line for Rapid Compass Support Edge Ion.,USD,2024-01-11T17:00:27Z,2.0,72265.79,10.0,130078.42,01u71cjEwFj03mAIM3,0Q0MGkeUYuEawN6K3A
0QLb3NqMbW8CXYUOAR,Synthetic quote line for Unified Summit Hardware Foundation Solstice.,USD,2025-09-03T11:06:29Z,10.0,29338.13,0.0,293381.3,01uVCi0vuLYXEvJQLK,0Q0MY1IfxVBXb09SY3
0QLCJt6f8T4MfZFWYZ,Synthetic quote line for Adaptive Lattice Training Select Aurora.,USD,2024-09-24T11:19:21Z,25.0,32189.23,0.0,804730.75,01u2B4I2BdSIO2VABA,0Q0NzNAgOrV51Bk0NW
0QL98yiSaeQaQUbOB2,Synthetic quote line for Dynamic Ember Training Vertex Ion.,USD,2024-01-14T08:25:10Z,5.0,70646.15,20.0,282584.6,01uQ3sPvOW1wcPjYG3,0Q0NzNAgOrV51Bk0NW
0QLeVo2UzCI9190WDS,Synthetic quote line for Elastic Vertex Advisory Essential Vector.,USD,2024-10-03T10:05:42Z,2.0,13501.58,0.0,27003.16,01usZhoMVh5QFp5A8S,0Q0ETQHN2FEBxkf0BE
0QLuDC15yOZJu9j4NX,Synthetic quote line for Modular Orbit Support Premier Cascade.,USD,2022-10-29T14:32:34Z,2.0,61760.83,10.0,111169.49,01uoWSzpOXNSu3mQX3,0Q0fkG5fPr4ooYgC5K
0QLetaq43bTiaQS4JO,Synthetic quote line for Precision Foundry Advisory Select Meridian.,USD,2023-03-27T06:40:46Z,2.0,63098.81,5.0,119887.74,01u1UwzdW7mgocDAW5,0Q0FDOCLI2Cr0egSE7
0QLuiHElxdrsbgSOQV,Synthetic quote line for Rapid Beacon Hardware Vertex Vector.,USD,2023-09-19T03:18:08Z,1.0,24067.43,10.0,21660.69,01uQQpeIOHGVGmXILC,0Q0bdCOzPkg8LsvK2K
0QL3oMgQN0wA0tSGMY,Synthetic quote line for Unified Pioneer Advisory Essential Cobalt.,USD,2025-12-30T00:25:15Z,10.0,8712.0,10.0,78408.0,01uNQaEFCEthyrFQ6R,0Q0epgLQ8J3kG2XSQB
0QLTHTk8QCJOGTx4DT,Synthetic quote line for Adaptive Harbor Support Professional Nova.,USD,2023-06-03T12:30:13Z,25.0,51797.19,20.0,1035943.8,01uTHUysWX9DJtwY6N,0Q0ojbogUQUw9tgS3L
0QLoX4w3yQKD5UXG9Q,Synthetic quote line for Dynamic Compass Training Standard Zenith.,USD,2021-01-19T22:46:32Z,50.0,36678.08,20.0,1467123.2,01uMigOkLBLlz7uYWX,0Q0Qh64kpfYCaSpKXZ
0QLNRJTvS7ofTpM4UR,Synthetic quote line for Elastic Summit Cloud Service Core Horizon.,USD,2025-08-19T22:51:56Z,1.0,47363.29,15.0,40258.8,01u6KKbQZEsQD2mQJW,0Q0ndYLGrw18ZHhSLE
0QLj4BmHvVT7IAcWA2,Synthetic quote line for Modular Lattice Hardware Enterprise Pulse.,USD,2023-02-22T08:27:44Z,2.0,47259.6,10.0,85067.28,01uN1gq3AIwqkHLQ6E,0Q0TL6xATQoeToSKVX
0QLDmASnfC2NFhGWJC,Synthetic quote line for Precision Ember Support Professional Atlas.,USD,2021-03-31T09:29:07Z,25.0,6276.64,5.0,149070.2,01ut9jBZzSpsiCdICZ,0Q0iYt1tD3CFtSW0HL
0QLOnQICWWfl5Xl4P2,Synthetic quote line for Quantum Vertex Cloud Service Standard Horizon.,USD,2024-03-19T17:33:38Z,2.0,19373.18,0.0,38746.36,01ugJ9Is01cBYy5ASF,0Q0mAQxdcqwXk4IKGA
0QLqzKEyRDhP5luW5P,Synthetic quote line for Unified Orbit Training Core Solstice.,USD,2026-04-15T22:02:30Z,5.0,63151.03,20.0,252604.12,01ulbAgwhu3vmAaIEX,0Q0eBDvu6tGJJDN0CK
0QLSaQP8tcqQNj9G1Y,Synthetic quote line for Adaptive Foundry Data Platform Foundation Aurora.,USD,2026-01-27T08:01:53Z,1.0,27135.62,15.0,23065.28,01uh9FtSK3Gxm3GYFH,0Q0EM3JQEfh2I7SCMG
0QLWl9hv3UCx68cG92,Synthetic quote line for Dynamic Beacon Hardware Scale Ion.,USD,2024-02-20T15:10:45Z,2.0,41327.14,20.0,66123.42,01uZMsmMl304CKnIWL,0Q0z7TWfbjcCsCnK5N
0QLnc21cggiwzhgOWX,Synthetic quote line for Elastic Pioneer Training Ultimate Solstice.,USD,2021-08-29T04:02:58Z,1.0,28350.48,0.0,28350.48,01u8XnYHXYRns9gY34,0Q0qbIMtgE5NNTg0YF
0QLHCHEzGdxWazROF0,Synthetic quote line for Modular Harbor Hardware Edge Cascade.,USD,2026-01-01T18:06:07Z,10.0,69331.77,10.0,623985.93,01u3FvJM2hx0UgmYAS,0Q0Caz9DHQH68cN0FO
0QLnrlEmbLO2RA9OUQ,Synthetic quote line for Precision Compass Support Foundation Meridian.,USD,2025-02-25T06:55:34Z,10.0,44123.31,20.0,352986.48,01ukZSaar5kiB8EAE2,0Q0ghU4cCrhbIrJKEB
0QLRLm9wuiXLmbPGWP,Synthetic quote line for Quantum Summit Data Platform Scale Vector.,USD,2025-12-23T14:59:24Z,2.0,48251.44,15.0,82027.45,01uA2RXWYM0CMYpIIS,0Q0qD5Lqk045agHS2M
0QLLyPXvWu914GnGFU,Synthetic quote line for Unified Lattice Training Ultimate Cascade.,USD,2024-03-11T19:47:40Z,10.0,65170.13,20.0,521361.04,01uBjAWyQlOs905YJ0,0Q0d5Xsn8euYd9sKF1
0QL8km3MTozveyVW7D,Synthetic quote line for Adaptive Ember Advisory Essential Nova.,USD,2025-11-22T15:23:17Z,5.0,52676.11,10.0,237042.49,01ul4xwXCBS1OStY9K,0Q0pl68A87QZmejSRB
0QLt5cCMWnhja3zW8W,Synthetic quote line for Connected Vertex Hardware Premier Zenith.,USD,2026-03-05T06:48:43Z,2.0,15304.01,15.0,26016.82,01u2B4I2BdSIO2VABA,0Q0C2pKorr5bXKUCGS
0QLTduPs3DPuEL6W3V,Synthetic quote line for Elastic Orbit Data Platform Select Cobalt.,USD,2026-03-25T16:39:16Z,2.0,15043.11,0.0,30086.22,01uG1oGHfFaPv7cAYC,0Q0hr6VdsYBljbWCIR
0QLkTq8OD2DkmDFGUV,Synthetic quote line for Modular Foundry Cloud Service Vertex Nova.,USD,2021-04-02T17:20:43Z,1.0,16154.11,0.0,16154.11,01u9aywL7bFTcXFIGN,0Q0rHw3fqcaObyMSZ1
0QLuLGREWf6bluMW8M,Synthetic quote line for Precision Beacon Cloud Service Essential Atlas.,USD,2024-11-27T17:59:17Z,2.0,21769.06,0.0,43538.12,01ukRCiZaAEu20RYNG,0Q0GrvOafcWT3eDC4P
0QLw4IO06JcYb8yWH7,Synthetic quote line for Quantum Pioneer Data Platform Premier Horizon.,USD,2024-01-05T23:59:21Z,5.0,50701.81,20.0,202807.24,01uNzFjMXKixso0Y41,0Q05IvbyD6EMZKe076
0QLm2t1vj9bUYq0O3D,Synthetic quote line for Unified Harbor Advisory Select Pulse.,USD,2021-12-30T19:09:29Z,2.0,28034.51,20.0,44855.22,01uzkFgHHKOHNb8ADY,0Q0dHK8cl5UBxSBCFI
0QLWe03atrRKizm4QR,Synthetic quote line for Adaptive Compass Cloud Service Core Aurora.,USD,2025-02-28T13:57:31Z,25.0,61661.58,0.0,1541539.5,01uUuCDlyVaOtj6A5E,0Q0cFN38yUGB5XASG3
0QLcmdPPBVI4jVoG4O,Synthetic quote line for Connected Summit Hardware Enterprise Ion.,USD,2026-01-31T19:12:00Z,25.0,46325.82,20.0,926516.4,01uIvD4MeZzNUBsQBH,0Q0DjbC149GqaRdSBD
0QLc5mWBTKlzhuzGN5,Synthetic quote line for Elastic Lattice Training Professional Solstice.,USD,2024-01-11T12:16:20Z,25.0,22690.22,0.0,567255.5,01uA8j2wDTUspNUIJ6,0Q0nWq1AeQyRaksS45
0QL2JsAXiY3WoO6WF1,Synthetic quote line for Modular Ember Data Platform Standard Aurora.,USD,2022-11-23T19:06:06Z,10.0,23607.75,20.0,188862.0,01uwUw0jM354l9gAAU,0Q001f4lYOIev2nSFL
0QLfwdLLTUyZmRJWF1,Synthetic quote line for Open Vertex Hardware Core Meridian.,USD,2024-09-10T19:33:31Z,1.0,26451.92,5.0,25129.32,01u2rujAAFZGq71AIQ,0Q0eHt2e7pivBS9ST2
0QLHb68IsTJa2Y5WNM,Synthetic quote line for Quantum Orbit Training Enterprise Vector.,USD,2025-02-23T04:33:03Z,2.0,6104.81,20.0,9767.7,01u8xZQQ01lrCVlYQL,0Q0v3Y8K1e8T4J3S9C
0QLIoEM3nU85BGAOKZ,Synthetic quote line for Unified Foundry Support Professional Cascade.,USD,2021-06-07T13:04:52Z,2.0,43780.4,0.0,87560.8,01uilnVKVTyQFssII1,0Q0P3A86uMgxs6LKYH
0QL6tsgRbebifeQ4OD,Synthetic quote line for Adaptive Beacon Support Ultimate Meridian.,USD,2024-04-20T18:51:44Z,10.0,48570.41,15.0,412848.49,01uGVgElwvBIbvwAMH,0Q0BmlJkdnDVxLV09X
0QLZAJFTC8j6M8mGSJ,Synthetic quote line for Connected Pioneer Advisory Edge Zenith.,USD,2025-12-22T03:58:30Z,2.0,16620.67,10.0,29917.21,01uu5XYiFCPTY9mYUD,0Q0DnTxYpleVwzz04T
0QL8bCkxuxbReO2GFI,Synthetic quote line for Elastic Harbor Cloud Service Foundation Cobalt.,USD,2026-02-28T10:07:59Z,2.0,74385.48,0.0,148770.96,01u9f9VUQ5RzdtLIHL,0Q0q5X48M7SH9kZ09D
0QLZBDcGpFpUUUE4G9,Synthetic quote line for Modular Compass Training Scale Nova.,USD,2022-10-30T16:38:37Z,25.0,68236.33,10.0,1535317.43,01uHJZb6IgfOSkGIL7,0Q0Caz9DHQH68cN0FO
0QLiXbrAhZLjbgaGM8,Synthetic quote line for Open Summit Data Platform Ultimate Zenith.,USD,2025-01-13T12:49:34Z,50.0,10248.1,5.0,486784.75,01uYIe28XneaoiGQKT,0Q0mt4wkVLPw1viSD6
0QLmGG0FuKwRRdIWIL,Synthetic quote line for Quantum Lattice Data Platform Edge Horizon.,USD,2024-03-28T11:30:19Z,25.0,71216.11,5.0,1691382.61,01ufpSNxKRDyqRXQ14,0Q0rajvnCXX58TxKEW
0QL57U6d9OgCjOuOUC,Synthetic quote line for Unified Ember Hardware Foundation Pulse.,USD,2021-01-22T11:55:36Z,25.0,28377.78,15.0,603027.82,01ulv13FN8KIvguIY4,0Q03Ac2haAeO1gq05E
0QLKXoOvpMeBa0AORL,Synthetic quote line for Virtual Vertex Training Scale Atlas.,USD,2025-09-05T09:51:29Z,50.0,34188.33,10.0,1538474.85,01u8xZQQ01lrCVlYQL,0Q0oZuda9DsLElTSGD
0QL1tDvJochwUY5O78,Synthetic quote line for Connected Orbit Hardware Vertex Horizon.,USD,2024-05-25T09:10:57Z,50.0,21914.0,5.0,1040915.0,01ufoNYmByS2ulgYVQ,0Q0AdmHqDmN5xniCYH
0QLO5OsCyr7ak5q4IN,Synthetic quote line for Elastic Foundry Support Essential Solstice.,USD,2025-10-31T19:44:49Z,1.0,27126.15,0.0,27126.15,01urPWM45zirhMAAW5,0Q0OVTgyZa7zmwf00G
0QLLDokQRwC3nly45C,Synthetic quote line for Modular Beacon Advisory Premier Aurora.,USD,2025-09-11T22:53:05Z,25.0,68057.96,5.0,1616376.55,01uDWoma98FCSDQIW6,0Q0xrUbtfhgmsSeC6O
0QLMWG0RfkbX86vWQD,Synthetic quote line for Open Pioneer Cloud Service Select Ion.,USD,2025-03-01T11:01:17Z,10.0,39967.36,20.0,319738.88,01uoTx9HsbskBk7AKO,0Q08FrlxYuPeyu2CCY
0QL1za92BV98I5MWRO,Synthetic quote line for Quantum Harbor Advisory Vertex Solstice.,USD,2021-11-12T04:14:24Z,50.0,68871.31,15.0,2927030.67,01uj3kuLiyvZJ6VIQZ,0Q0jygm7dvEiuEvC2W
0QLDo0VGr6LNotyGOA,Synthetic quote line for Unified Compass Cloud Service Essential Cascade.,USD,2025-04-03T15:35:11Z,1.0,20188.65,15.0,17160.35,01ujBc1EruOtg57ANE,0Q0u6tGJJDN6VcBKDY
0QLhuioREcO4mAXO3Y,Synthetic quote line for Virtual Summit Training Premier Meridian.,USD,2022-10-23T06:41:06Z,25.0,48428.76,10.0,1089647.1,01ua1baryg2Ruz5AMA,0Q0jdtqFEelb9v2SKX
0QLrcmvjQXnFKxfONR,Synthetic quote line for Connected Lattice Hardware Standard Vector.,USD,2022-08-03T20:44:17Z,5.0,18381.67,15.0,78122.1,01uZeDDEOhjxXGiIJ1,0Q09DcCXGCDv6C3KC2
0QLvcqjREpSrxloO38,Synthetic quote line for Elastic Ember Support Core Cobalt.,USD,2021-06-11T16:04:44Z,2.0,74390.96,5.0,141342.82,01u4o2liuGqb4f9YF2,0Q0bNainOH1hOGm0KV
0QLESAMsE8aYjNiWIH,Synthetic quote line for Integrated Vertex Hardware Enterprise Nova.,USD,2024-10-13T05:40:44Z,50.0,17973.88,15.0,763889.9,01uuzBHChBdZlrvQ8H,0Q06FXpAfIbgk0t0GH
0QL90n8AcgP6tFaGP2,Synthetic quote line for Open Orbit Advisory Professional Zenith.,USD,2023-05-13T10:52:20Z,2.0,37670.81,0.0,75341.62,01u8XnYHXYRns9gY34,0Q0NzNAgOrV51Bk0NW
0QLGyjmjQSa71aHGWC,Synthetic quote line for Quantum Foundry Hardware Standard Cobalt.,USD,2021-11-23T09:49:35Z,1.0,62300.96,10.0,56070.86,01uk3g7KZ1foaM1Y43,0Q0p6vY6JOyfUMBSP3
0QL4CQbcWYcMUUFWDD,Synthetic quote line for Unified Beacon Data Platform Core Pulse.,USD,2025-07-02T12:53:47Z,50.0,49758.6,10.0,2239137.0,01uE6z8KW68KSVPQCU,0Q0NzNAgOrV51Bk0NW
0QLS23alGWV4NV2OLF,Synthetic quote line for Virtual Pioneer Hardware Enterprise Atlas.,USD,2025-06-25T20:11:26Z,5.0,58433.26,20.0,233733.04,01um2SZhcNHxbHdAST,0Q0ebk0ZRUyMGVaSL2
0QLw3nUH3jbfIiQODR,Synthetic quote line for Connected Harbor Advisory Scale Horizon.,USD,2022-06-16T18:23:12Z,10.0,25566.2,15.0,217312.7,01uJmKgJiEzuDYNY7S,0Q0DnTxYpleVwzz04T
0QLcUlKo3pIr4ujWZ1,Synthetic quote line for Elastic Compass Support Ultimate Pulse.,USD,2024-12-06T22:04:39Z,1.0,11272.2,10.0,10144.98,01uC3YBvJB9JpTRQAJ,0Q0KOHRDKcK9A8kKKA
0QLW264StpSZAzpOPI,Synthetic quote line for Integrated Summit Data Platform Edge Aurora.,USD,2024-06-11T11:22:37Z,25.0,64053.8,20.0,1281076.0,01u8XnYHXYRns9gY34,0Q0ulUA9WgoXVNkCEJ
0QLmC1U3TBkBZBEWI9,Synthetic quote line for Open Lattice Support Foundation Ion.,USD,2022-08-30T07:31:45Z,2.0,5559.79,10.0,10007.62,01uGm9aqZuKAd5vQXA,0Q07ZBhwL73gZKpSTF
0QL8petPXzNK2p6GZT,Synthetic quote line for Quantum Ember Advisory Scale Solstice.,USD,2026-06-14T20:48:54Z,10.0,9381.42,20.0,75051.36,01uWL8WfjnvfdWQIB4,0Q0WUYdJ2ptU1LTCEG
0QLPVK2PlNoYhLw489,Synthetic quote line for Rapid Vertex Cloud Service Ultimate Aurora.,USD,2025-12-08T13:57:21Z,5.0,42119.47,10.0,189537.62,01ueWs86Xwn1DjpQBT,0Q0cZ4huuUNLya309N
0QLzn25xRysYMkN4QI,Synthetic quote line for Virtual Orbit Data Platform Edge Meridian.,USD,2023-10-25T00:05:50Z,50.0,63710.71,15.0,2707705.17,01ukRCiZaAEu20RYNG,0Q0fiAd8nW66eHx0NO
0QLM6adqIotEjXPG5P,Synthetic quote line for Connected Foundry Hardware Premier Vector.,USD,2024-06-14T13:28:55Z,1.0,39008.4,0.0,39008.4,01u07ivu2QA6dAiA8A,0Q02Ur06o9ksFNkSNG
0QL8VaDGBT2TLArWJW,Synthetic quote line for Elastic Beacon Support Select Cascade.,USD,2021-07-06T08:57:48Z,25.0,38956.69,0.0,973917.25,01ur28FnEV6DyiAA63,0Q0IazYzJAkzJk206X
0QLv7ZT2W3XpFOq4YJ,Synthetic quote line for Integrated Pioneer Training Vertex Meridian.,USD,2026-06-03T20:40:35Z,50.0,48183.81,0.0,2409190.5,01ueXc57ljWEIWFQC4,0Q0J1Y6hbUUfoA80CS
0QLmedMC43KdrhtW3K,Synthetic quote line for Open Harbor Advisory Essential Zenith.,USD,2021-02-06T11:54:38Z,25.0,4564.34,15.0,96992.22,01ukuCThP8BeOd9YS1,0Q0jPVK66jVRYpxKPX
0QLMzdKi9TYPzBNOR9,Synthetic quote line for Quantum Compass Hardware Premier Cobalt.,USD,2023-01-22T09:15:14Z,1.0,16192.62,20.0,12954.1,01u4dHsHv8wA4sGY7I,0Q0vJ5aXOwYkS2fCNH
0QLE6jOl9HZBz77WLE,Synthetic quote line for Rapid Summit Data Platform Select Nova.,USD,2025-05-05T05:28:49Z,25.0,39862.9,0.0,996572.5,01uUFX0M1o16Q36YWC,0Q01SSfyzxKPaXLCA0
0QL9YPGOwfkUA36OZZ,Synthetic quote line for Virtual Lattice Data Platform Vertex Zenith.,USD,2021-07-17T17:43:02Z,1.0,14368.27,0.0,14368.27,01udB0j16WZOcX5QQ0,0Q09S8aOOIUU4RrCHQ
0QL8HCrw8f3CMrNWNJ,Synthetic quote line for Connected Ember Advisory Enterprise Horizon.,USD,2025-02-11T04:45:41Z,1.0,25811.03,20.0,20648.82,01u1v0qA9XAZC18ANO,0Q0nWzptaAM7smpSIP
0QLGryzwnjnAxZt4FN,Synthetic quote line for Dynamic Vertex Cloud Service Professional Pulse.,USD,2022-04-04T03:39:35Z,50.0,52265.25,0.0,2613262.5,01ui8Bge7HlL1BoAM0,0Q08wQVAN5MyQ7ZS7Y
0QLiorxprOCOb9g4E3,Synthetic quote line for Integrated Orbit Hardware Standard Atlas.,USD,2025-10-24T11:42:33Z,5.0,33903.72,10.0,152566.74,01uyQcPopC4io3SYBV,0Q0rmEZMOc7NJtsSM6
0QL3EsKSQiqri0nWJN,Synthetic quote line for Open Foundry Support Core Ion.,USD,2024-11-27T16:10:30Z,1.0,66242.09,0.0,66242.09,01umeupzeRAiW0pYOE,0Q0HCrxLUU5PdkVSVP
0QLwPKCSseBa97E4EI,Synthetic quote line for Quantum Beacon Cloud Service Enterprise Solstice.,USD,2026-05-16T15:56:49Z,2.0,74990.78,10.0,134983.4,01uqhMa2zt9ioK1IJ8,0Q0Am8B9ck6VTj7KD1
0QLGqqkLXbS9A4p4Q7,Synthetic quote line for Rapid Pioneer Hardware Professional Aurora.,USD,2021-06-22T13:03:43Z,1.0,55093.92,5.0,52339.22,01u4o2liuGqb4f9YF2,0Q0VEfTULxhVA6zCTV
0QLN2cwUBgWwOEq4UY,Synthetic quote line for Virtual Harbor Training Standard Ion.,USD,2024-08-11T01:53:51Z,1.0,54448.68,0.0,54448.68,01upxnXBNqcskQpY34,0Q0r03yph7GjJWIKQ6
0QLcpNW8XAHVUAkGMH,Synthetic quote line for Connected Compass Data Platform Edge Vector.,USD,2025-06-25T21:25:25Z,25.0,50232.38,15.0,1067438.07,01uEqUZBEAZR9UmY8R,0Q0rqitzigvVQnDC7W
0QL1vluJYGaSf7K4TH,Synthetic quote line for Dynamic Summit Hardware Foundation Cascade.,USD,2021-12-24T07:40:09Z,50.0,61027.58,0.0,3051379.0,01ujBc1EruOtg57ANE,0Q0kuKBtmyn5HEDK7W
0QLBE9TbjG1Dyl2G95,Synthetic quote line for Integrated Lattice Advisory Scale Meridian.,USD,2025-07-10T03:08:11Z,10.0,14624.91,0.0,146249.1,01upPMDy80x6djaI5M,0Q01kPyDzKD1OupS4P
0QLFL7HBD7qJZxjOBF,Synthetic quote line for Open Ember Hardware Ultimate Vector.,USD,2023-04-01T04:01:43Z,50.0,45545.01,20.0,1821800.4,01u4D6LQD1fDHRvQMG,0Q0ifUIt0TIaSWDCCI
0QLguBiVr6xHGugW8X,Synthetic quote line for Precision Vertex Training Edge Cobalt.,USD,2021-10-07T22:25:03Z,1.0,42432.71,0.0,42432.71,01u8xZQQ01lrCVlYQL,0Q0NzNAgOrV51Bk0NW
0QL1rSBVLLjNU6VOCD,Synthetic quote line for Rapid Orbit Advisory Foundation Nova.,USD,2023-04-28T07:29:25Z,1.0,23186.14,15.0,19708.22,01utqmPyaUkwSFLI56,0Q08HqPdFTOdyKSSL8
0QLVF8cIhSQzEcjGUP,Synthetic quote line for Virtual Foundry Advisory Scale Zenith.,USD,2025-04-05T01:00:32Z,50.0,53540.82,0.0,2677041.0,01uqczls0EvVZK9A44,0Q0JxI2OvSAaRWvCXW
0QLSnJuX2kDcxBSW8F,Synthetic quote line for Connected Beacon Support Vertex Cobalt.,USD,2022-12-19T20:25:11Z,5.0,8126.55,5.0,38601.11,01uSuv7um4Jc91gAI2,0Q0Qi3iXKBROm1nSI9
0QLncPeH3dbFjXHW0R,Synthetic quote line for Dynamic Pioneer Hardware Essential Pulse.,USD,2025-10-13T21:41:52Z,50.0,52284.68,5.0,2483522.3,01uz35PKYhJf7A2A3O,0Q0K8dxs8PFfw6uCX3
0QLIzLNIK1DF4ncWL0,Synthetic quote line for Integrated Harbor Advisory Premier Atlas.,USD,2021-01-06T18:56:49Z,1.0,54127.06,5.0,51420.71,01urxQLoY7r3bGEAZO,0Q08b3eTeSqWpA2SVS
0QL95uI7j9yIsLAW5S,Synthetic quote line for Open Compass Training Select Horizon.,USD,2022-08-22T15:05:32Z,25.0,7500.43,20.0,150008.6,01uUuCDlyVaOtj6A5E,0Q0CkgbccIB8AUUSS2
0QLKtdpivdwlfzjWCV,Synthetic quote line for Precision Summit Training Vertex Pulse.,USD,2023-06-04T00:11:18Z,5.0,37558.26,5.0,178401.74,01utAAud7huqvEmY3U,0Q0fKFsA473vmxP0KH
0QLOXqpAlyYb56VGUI,Synthetic quote line for Rapid Lattice Training Essential Aurora.,USD,2023-01-23T20:01:51Z,1.0,34091.31,0.0,34091.31,01ulv13FN8KIvguIY4,0Q0qemI5J30Pa33K5M
0QLhMF14van5y9VOZL,Synthetic quote line for Virtual Ember Advisory Premier Ion.,USD,2024-10-14T10:59:02Z,50.0,37284.71,10.0,1677811.95,01uUFX0M1o16Q36YWC,0Q0N6oYw6rm5TzGCMX
0QLHaLW62t7Q32BW3M,Synthetic quote line for Adaptive Vertex Training Standard Solstice.,USD,2022-01-20T23:41:28Z,1.0,8898.07,15.0,7563.36,01uYKRQRQQfNvwZYXG,0Q0dk5C5Hqca5gjSS8
0QLeywnpNpIoU6N4W3,Synthetic quote line for Dynamic Orbit Cloud Service Core Cascade.,USD,2026-05-16T21:47:41Z,10.0,17281.42,0.0,172814.2,01udvlfkQgFBsWxQ5O,0Q02v5kJAVySePpCQO
0QLUERe5Bk9UeURWM2,Synthetic quote line for Integrated Foundry Cloud Service Enterprise Meridian.,USD,2021-07-20T02:12:14Z,5.0,23186.63,0.0,115933.15,01u2sFPzvtowgnJIBF,0Q0jygm7dvEiuEvC2W
0QLdKMJBGRC9bOAWGO,Synthetic quote line for Open Beacon Hardware Professional Vector.,USD,2022-12-20T09:37:21Z,5.0,64232.43,5.0,305104.04,01u5lAQdtIRbdv3AQF,0Q0yIabzmYlP6BS0BT
0QL9wtAmqHCjXEmG2B,Synthetic quote line for Precision Pioneer Advisory Standard Cascade.,USD,2025-09-19T18:22:04Z,2.0,66696.66,0.0,133393.32,01unim0cLH2qX1pAP5,0Q0kN5kK9klCYWiK3T
0QLRqbccI1ko5KLOIO,Synthetic quote line for Rapid Harbor Cloud Service Core Nova.,USD,2026-01-13T13:31:44Z,10.0,1082.79,10.0,9745.11,01uUX9fzI5TSy2AYK3,0Q0dHK8cl5UBxSBCFI
0QL60xOGIgRNKQgORO,Synthetic quote line for Virtual Compass Advisory Enterprise Zenith.,USD,2022-02-10T21:36:50Z,50.0,32871.82,10.0,1479231.9,01ujwTES8hRA7BmARX,0Q0X0rdLOITvsb1STS
0QLlV9FtJIP8s9AGDJ,Synthetic quote line for Adaptive Summit Advisory Scale Cobalt.,USD,2024-03-07T18:37:45Z,5.0,65439.94,20.0,261759.76,01ubDRHyye1mNzMAMJ,0Q0xHBkp2qYichaCRK
0QLXb9N19ubPJgJOKU,Synthetic quote line for Dynamic Lattice Advisory Ultimate Nova.,USD,2022-10-12T01:32:20Z,5.0,54186.4,0.0,270932.0,01umtlnnNLY7p5OI4U,0Q0I5N1D5UcQmFeSP7
0QLXuoLWS0K8ApPG6A,Synthetic quote line for Integrated Ember Hardware Edge Atlas.,USD,2023-12-24T05:35:25Z,50.0,26808.77,20.0,1072350.8,01ua1baryg2Ruz5AMA,0Q05NWXbA9zmfZJCHX
0QLbD1m6GY3aq0NG7Y,Synthetic quote line for Modular Vertex Support Foundation Horizon.,USD,2021-05-04T17:06:38Z,50.0,10856.16,10.0,488527.2,01uz99haVgYQuXKYK3,0Q0770AHIZ570HASEZ
0QLc2w08WwtCRmM4AN,Synthetic quote line for Precision Orbit Hardware Scale Pulse.,USD,2022-11-06T03:18:14Z,25.0,44462.72,5.0,1055989.6,01uTsGST0Vu9nmEQER,0Q0ZAvuWYohc6rKCM7
0QLBsFHhYnB8L8tGG1,Synthetic quote line for Rapid Foundry Advisory Ultimate Atlas.,USD,2022-10-05T19:13:22Z,10.0,1908.87,0.0,19088.7,01u0ewzsyx2Y9q7A7T,0Q0zqsc7p5ScokKSLP
0QL4vtdyQy9CwLf4L0,Synthetic quote line for Virtual Beacon Advisory Edge Ion.,USD,2024-07-15T04:02:59Z,10.0,49159.07,0.0,491590.7,01uzrOswHnzmYb6AU7,0Q0HroLYtT91osqSP4
0QLWhmh0E4gREvbWZ4,Synthetic quote line for Adaptive Pioneer Training Premier Solstice.,USD,2021-08-17T16:01:25Z,1.0,7439.33,20.0,5951.46,01uHm9hkqn3nP7NIX9,0Q0EQGtlyf4q1bjSMM
0QLSsPPuhGU6dSQ4NM,Synthetic quote line for Dynamic Harbor Support Select Aurora.,USD,2021-04-13T14:51:17Z,2.0,51641.02,10.0,92953.84,01urFUeONciQEtuQJX,0Q0KVeKHKWnKGzPSO8
0QL4DrXDMHIjeYl4LX,Synthetic quote line for Integrated Compass Training Vertex Ion.,USD,2022-03-08T23:59:02Z,10.0,65485.62,0.0,654856.2,01uJgiJCNK3WVkDAPN,0Q0phuvf0lvXGzKKO1
0QL53m8QNi9QmRPWUR,Synthetic quote line for Modular Summit Advisory Essential Vector.,USD,2026-01-09T21:12:58Z,1.0,29254.27,10.0,26328.84,01ubMmqqzE2o6cdY2K,0Q0Hacsniv0IkeyCBQ
0QLB4d6w23dUFoIGDF,Synthetic quote line for Precision Lattice Advisory Premier Cascade.,USD,2025-05-21T21:54:41Z,10.0,18793.62,0.0,187936.2,01uCxEgI2mCiz8oIIS,0Q0wY0Rj3GtYmEdCGL
0QLco0qmdkTCEIa4YB,Synthetic quote line for Rapid Ember Hardware Select Meridian.,USD,2021-06-06T00:38:11Z,25.0,65813.0,10.0,1480792.5,01uj55A0pG7m4UZQ9N,0Q09TO7ubJ4rVz8S47
0QLle9LdttYNIyBG3H,Synthetic quote line for Unified Vertex Hardware Vertex Vector.,USD,2023-09-01T04:39:49Z,10.0,54289.9,0.0,542899.0,01uGVgElwvBIbvwAMH,0Q0o4wTFzqtit9OCP9
0QLHdUp22BE8BZ74DP,Synthetic quote line for Adaptive Orbit Data Platform Enterprise Cobalt.,USD,2022-07-16T20:23:28Z,50.0,51286.75,5.0,2436120.62,01uZMsmMl304CKnIWL,0Q0ltKZOFss8L0zSJT
0QLEDJHWTyY9Cr74IU,Synthetic quote line for Dynamic Foundry Advisory Professional Nova.,USD,2023-09-08T00:06:46Z,2.0,43779.92,15.0,74425.86,01uy1gvXsamZD7YI4O,0Q0FHHURgZcUy7iSLU
0QLDXsvROhDlGwEGTG,Synthetic quote line for Integrated Beacon Advisory Standard Zenith.,USD,2023-11-20T16:26:38Z,2.0,67501.61,20.0,108002.58,01um1cvKCov7rGbI2J,0Q0D7IShcLZiUvf0ZQ
0QLo2dBOurLW9814HI,Synthetic quote line for Modular Pioneer Advisory Core Horizon.,USD,2023-05-17T20:41:09Z,5.0,58021.12,20.0,232084.48,01uoH2O7EWf3GABIQ7,0Q0jpDVL5jnOFKRC44
0QLtUigtWkTf1SWO7D,Synthetic quote line for Precision Harbor Cloud Service Enterprise Pulse.,USD,2022-08-01T08:34:44Z,2.0,38695.89,10.0,69652.6,01uKz1iBqRHCmlrY7E,0Q0zdpt8TsyTt4PCDL
0QL1WmPrMQnGZLlWFZ,Synthetic quote line for Rapid Compass Advisory Professional Atlas.,USD,2023-10-19T01:31:16Z,25.0,9913.25,15.0,210656.56,01uUuCDlyVaOtj6A5E,0Q0tn8mMzlsvyxhS3S
0QLKBKTkpirri2lONS,Synthetic quote line for Unified Summit Data Platform Standard Horizon.,USD,2021-07-06T05:21:07Z,50.0,21207.52,0.0,1060376.0,01uamwZdzGvrUJ4QIA,0Q0bwEzX6tP6twIC4C
0QLw9Jl9Tx85ngiWN7,Synthetic quote line for Adaptive Lattice Hardware Edge Solstice.,USD,2021-07-18T02:13:15Z,5.0,62858.98,0.0,314294.9,01u2B4I2BdSIO2VABA,0Q0jpH5VuHEfWbwSN7
0QLNKKMyj5rqlIkOJ3,Synthetic quote line for Dynamic Ember Advisory Foundation Aurora.,USD,2025-01-17T04:16:20Z,10.0,74680.73,20.0,597445.84,01uJA14v6nMxBHKI3Q,0Q0EQGtlyf4q1bjSMM
0QLc9ws5Zmmmv2mGJR,Synthetic quote line for Elastic Vertex Advisory Scale Ion.,USD,2024-06-26T12:52:31Z,2.0,56431.35,5.0,107219.56,01uqZXZ1URRWyWYYJH,0Q0pBIdM1ydDAU3SMR
0QLoq0u8eBVhXPN48V,Synthetic quote line for Modular Orbit Hardware Ultimate Solstice.,USD,2023-06-06T10:07:48Z,1.0,31891.14,10.0,28702.03,01uSlG3bhH5Uan4QP9,0Q0cuYqMcwsESVJSCJ
0QL16kVSrRGrx7ZWUB,Synthetic quote line for Precision Foundry Support Edge Cascade.,USD,2025-08-16T16:26:57Z,1.0,63547.47,10.0,57192.72,01ukuCThP8BeOd9YS1,0Q0wtXoQ61eiEj6CST
0QLPOOEP88Kjd8wO9I,Synthetic quote line for Rapid Beacon Support Foundation Meridian.,USD,2023-12-13T18:15:45Z,50.0,16371.99,5.0,777669.52,01uWMlFX6XZUlNsYWY,0Q0pqrxpZlRzfdu056
0QL27Eb97hyPLNXO3M,Synthetic quote line for Unified Pioneer Training Scale Vector.,USD,2025-01-11T01:00:40Z,1.0,71959.96,0.0,71959.96,01utHXQKP7wXfxpIGW,0Q0pqhMsi9IIy0302F
0QL4a8JPpBsiU3PGMS,Synthetic quote line for Adaptive Harbor Hardware Vertex Cascade.,USD,2021-08-30T17:19:49Z,5.0,51724.18,10.0,232758.81,01u7vLaR59UNtyJA36,0Q0Wh1fBkjq7aDZSLC
0QLqPAplmK8cGco4FW,Synthetic quote line for Dynamic Compass Hardware Essential Nova.,USD,2023-11-11T05:13:17Z,5.0,59594.37,0.0,297971.85,01uZEMrEREKQoyVAJC,0Q0tXYBmqHuHWHZK6S
0QLq64SIE6R2J3gOVW,Synthetic quote line for Elastic Summit Hardware Premier Zenith.,USD,2022-04-23T02:16:46Z,50.0,32397.69,5.0,1538890.27,01uulmW4p1g5qS6Q53,0Q0xRLdbe0xGSj2KXN
0QLDX0O0VSThTyW4TZ,Synthetic quote line for Modular Lattice Data Platform Select Cobalt.,USD,2022-12-10T18:10:01Z,1.0,26631.14,15.0,22636.47,01uen5Cpi1qkPs2QED,0Q0aRAiYp9T4IDsSVP
0QLWZaCD7kxduLFWPX,Synthetic quote line for Precision Ember Support Vertex Nova.,USD,2022-01-23T01:20:27Z,1.0,72395.97,5.0,68776.17,01uf2ysW9Eop15DQSX,0Q0bApPpgzbWy8gSEN
0QLd5uL28fOF6pyWPP,Synthetic quote line for Quantum Vertex Advisory Essential Atlas.,USD,2025-10-07T01:53:33Z,5.0,62734.94,0.0,313674.7,01uA8j2wDTUspNUIJ6,0Q04ly4acUuNe520ZU
0QLUU797TGDPE6MWZQ,Synthetic quote line for Unified Orbit Support Premier Horizon.,USD,2025-03-14T21:14:15Z,10.0,19970.69,0.0,199706.9,01ugyZoUJ9GFuCSYMZ,0Q0zdclGNSutcnNSC4
0QLTP2rASlrflX7OKV,Synthetic quote line for Adaptive Foundry Cloud Service Standard Pulse.,USD,2024-03-26T00:25:41Z,25.0,64181.37,0.0,1604534.25,01uV8i2ozj6njopYSE,0Q07xHJqjuQHYEyS09
0QL42C2dgKVTuyJGSR,Synthetic quote line for Dynamic Beacon Support Core Aurora.,USD,2025-05-23T19:15:59Z,50.0,50974.08,0.0,2548704.0,01uFa5jdtbk2jvnIRL,0Q0X0ejqu25IiAmKPQ
0QLfnIkByAr6c1L461,Synthetic quote line for Elastic Pioneer Data Platform Enterprise Ion.,USD,2024-04-21T00:11:32Z,10.0,21199.93,15.0,180199.4,01uVTcsqzRQW04eAMD,0Q0xJcIYEjbKp2US6K
0QLieIKtcsJILhi42G,Synthetic quote line for Modular Harbor Cloud Service Professional Solstice.,USD,2024-05-17T07:05:47Z,2.0,36079.63,15.0,61335.37,01uKSnvPj2bLCV3AKV,0Q0kSzhPvsMl0zcCYI
0QL1UnQEArKAq8vWH4,Synthetic quote line for Precision Compass Support Standard Aurora.,USD,2024-09-05T13:21:48Z,10.0,24565.42,5.0,233371.49,01uSKO64CBXbxbQIV6,0Q0izPwJfvl7eJlSHN
0QLRZPoGp9XweMlWXB,Synthetic quote line for Quantum Summit Support Core Meridian.,USD,2025-02-15T12:53:06Z,5.0,1118.29,0.0,5591.45,01utHXQKP7wXfxpIGW,0Q0bNainOH1hOGm0KV
0QLiiLFa2kMtw3eOTE,Synthetic quote line for Unified Lattice Hardware Enterprise Vector.,USD,2026-02-20T11:01:24Z,10.0,57149.61,15.0,485771.68,01uoIM45i0DJHHHQCS,0Q0QYXNSL4zn7su0XN
0QLbdaW1DSgQPu1WRW,Synthetic quote line for Adaptive Ember Hardware Scale Cascade.,USD,2023-04-06T06:46:47Z,2.0,43914.4,20.0,70263.04,01uJmKgJiEzuDYNY7S,0Q0EyflYFXH8UE5C1D
0QLsKcQP8ZMIESJG0I,Synthetic quote line for Connected Vertex Hardware Ultimate Meridian.,USD,2022-11-12T21:40:11Z,1.0,70133.15,0.0,70133.15,01uYKRQRQQfNvwZYXG,0Q0s67bDZqF2QbwS0Q
0QLwYmMkZ4aqWWKODY,Synthetic quote line for Elastic Orbit Data Platform Edge Zenith.,USD,2021-07-06T10:24:16Z,5.0,41400.85,15.0,175953.61,01ulBbBBnCSMZE9IB4,0Q04LjSZO9faFVFSAQ
0QL0dP4doZ9A5KV4DF,Synthetic quote line for Modular Foundry Advisory Foundation Cobalt.,USD,2024-06-12T18:19:51Z,10.0,67281.74,15.0,571894.79,01uAFoB6gbzYkh5Y2C,0Q0ZJcFcM9hiTAmS66
0QL9wd9qJizB6vZ4U2,Synthetic quote line for Precision Beacon Cloud Service Scale Nova.,USD,2022-10-19T03:41:07Z,50.0,46727.45,0.0,2336372.5,01ugEm18KYgw8XgQ0P,0Q0V5LbnLh0X9Q1KNE
0QL6xFUih8dV9uXG0R,Synthetic quote line for Quantum Pioneer Hardware Ultimate Zenith.,USD,2021-04-23T11:32:52Z,2.0,54751.68,0.0,109503.36,01ulWu2LkZaEwOTA7G,0Q0bWHaVmzJr3ECK0O
0QLhf01DHPOsJAxONF,Synthetic quote line for Unified Harbor Hardware Edge Horizon.,USD,2022-04-07T15:02:52Z,5.0,8055.15,20.0,32220.6,01u3p8CHYvz2rqmYEX,0Q0XeAFRIrOMC9JSZC
0QLBz3rKS7Ctj6FOCF,Synthetic quote line for Adaptive Compass Training Premier Pulse.,USD,2025-04-28T11:21:49Z,10.0,40017.99,0.0,400179.9,01uVCi0vuLYXEvJQLK,0Q001jlYpE5EUJe0UE
0QL1qEtcp8co9EMO42,Synthetic quote line for Connected Summit Support Select Atlas.,USD,2026-06-24T12:17:27Z,5.0,19945.85,15.0,84769.86,01uKf9JD3b3I31TYQ4,0Q0YycBaNU8hxrXSN7
0QLobkoQ7PsjBsNOBJ,Synthetic quote line for Elastic Lattice Support Vertex Horizon.,USD,2021-12-09T19:14:16Z,1.0,61453.26,5.0,58380.6,01utZ03Ty4wkdAWA1Q,0Q00aYdgWEQHsHE0IT
0QLGtJ4ZLayvTP6W9A,Synthetic quote line for Modular Ember Hardware Essential Solstice.,USD,2022-11-10T05:26:40Z,1.0,28409.32,15.0,24147.92,01uplBWl2zlMr9dYKF,0Q0F1bUkuVjIqwJ0B4
0QLEL3JzaKARWIQWBE,Synthetic quote line for Open Vertex Hardware Premier Aurora.,USD,2024-08-30T09:58:58Z,5.0,30079.44,0.0,150397.2,01uTHUysWX9DJtwY6N,0Q0B10LiMLMMY2p0VU
0QLBGWds3WwbhDyGPU,Synthetic quote line for Quantum Orbit Data Platform Select Ion.,USD,2024-10-08T19:31:12Z,5.0,17284.37,15.0,73458.57,01ucktmDnpi6SA2IM7,0Q0POzK087N5s5nKOY
0QLA4IY4cKZ6yGTW5S,Synthetic quote line for Unified Foundry Data Platform Vertex Solstice.,USD,2024-02-09T12:21:42Z,1.0,72999.78,0.0,72999.78,01uDWoma98FCSDQIW6,0Q0XS6b9XHN0e1wCS1
0QLJjO2r8UBXSsH455,Synthetic quote line for Adaptive Beacon Hardware Enterprise Cascade.,USD,2021-12-30T15:51:36Z,10.0,113.14,5.0,1074.83,01uyJSOTpJrkmcvA2N,0Q0uG5HGXenizkC0IM
0QLiJDdZqaIjWL4OSU,Synthetic quote line for Connected Pioneer Support Professional Meridian.,USD,2022-06-16T21:43:11Z,50.0,885.69,15.0,37641.82,01uXSQ5fKhH9J0rQIQ,0Q0STQrJ9T1WCxfCNI
0QLdseeqFf0f6Le486,Synthetic quote line for Elastic Harbor Training Standard Vector.,USD,2023-07-13T10:22:50Z,2.0,40162.77,10.0,72292.99,01utAAud7huqvEmY3U,0Q0XDoUyDRbxiBQK2L
0QLumj1402bfzW7OH9,Synthetic quote line for Modular Compass Cloud Service Core Cobalt.,USD,2022-11-30T05:41:12Z,10.0,9435.37,20.0,75482.96,01uKyIWYakaLXXxII0,0Q0nwTN9mRyWYiUKTJ
0QLzpB34gJpvTGnGRK,Synthetic quote line for Open Summit Advisory Enterprise Nova.,USD,2024-12-21T01:46:21Z,50.0,7663.57,10.0,344860.65,01uYlWWcWi8iXTcYI3,0Q00U2vLpLV9L07STE
0QLsLpGTGuO9wbyGBP,Synthetic quote line for Quantum Lattice Hardware Professional Zenith.,USD,2022-10-11T19:13:11Z,50.0,70501.62,5.0,3348826.95,01uEqUZBEAZR9UmY8R,0Q0LsbjWA6rArCtSWW
0QLgyR7JPNn6sfp41F,Synthetic quote line for Unified Ember Support Standard Cobalt.,USD,2021-03-05T08:20:00Z,1.0,57712.67,0.0,57712.67,01upxnXBNqcskQpY34,0Q06D0TwLz52xUWSXF
0QLv6cJCNySJr4DGSF,Synthetic quote line for Virtual Vertex Cloud Service Core Pulse.,USD,2023-07-15T12:05:28Z,5.0,33616.7,15.0,142870.98,01uFQR9XJDjmBB5A31,0Q09NaODXuktN51SGD
0QLOXraO1g29yh0G8Z,Synthetic quote line for Connected Orbit Hardware Foundation Atlas.,USD,2026-06-09T13:59:22Z,10.0,71325.96,0.0,713259.6,01uw2MTNHcr0mB8YU6,0Q0TjA6BxVt78KYCIL
0QLaI80Au5KkIqBWPB,Synthetic quote line for Elastic Foundry Support Scale Horizon.,USD,2023-07-28T15:00:52Z,10.0,4221.08,5.0,40100.26,01uFQR9XJDjmBB5A31,0Q0yem9ZXJbdPgNSRZ
0QLhwlrgfsnqgbSGA1,Synthetic quote line for Modular Beacon Data Platform Ultimate Pulse.,USD,2021-12-10T10:12:04Z,10.0,9294.09,20.0,74352.72,01uDWoma98FCSDQIW6,0Q0bApPpgzbWy8gSEN
0QLT95dUkdyxPVSOEE,Synthetic quote line for Open Pioneer Training Edge Aurora.,USD,2021-07-23T10:56:32Z,2.0,35165.53,15.0,59781.4,01ugTFHnbRbEb6pYO8,0Q0ryBSxtFWKlQoK9G
0QLWVSRFxzJPsz5WCZ,Synthetic quote line for Quantum Harbor Support Foundation Ion.,USD,2022-04-16T00:24:09Z,1.0,57467.79,5.0,54594.4,01uDDVqednLwAxPIMH,0Q0DYVjyqDMK0eyC76
0QLTDewN9lwWu5IGDL,Synthetic quote line for Unified Compass Advisory Scale Solstice.,USD,2021-06-15T21:00:28Z,25.0,19410.95,10.0,436746.38,01uz72Mh768cYm5IN8,0Q0vkmxt1MC2n9kC07
0QL7SkxqnLrn4m7OHP,Synthetic quote line for Virtual Summit Support Ultimate Aurora.,USD,2021-06-11T12:26:08Z,10.0,16396.55,5.0,155767.23,01uNDoooteqfAz7AMT,0Q0pKorr5bXKUTbKSZ
0QLtzNG8g0y3gaq47V,Synthetic quote line for Connected Lattice Advisory Essential Meridian.,USD,2025-04-06T07:12:12Z,10.0,1305.78,10.0,11752.02,01uxfQF7gkFw7jVQWM,0Q0nkE1RYn1oFLUKDI
0QL7Bxt0LAeRDn6G9T,Synthetic quote line for Elastic Ember Advisory Premier Vector.,USD,2026-03-16T21:30:37Z,2.0,67308.96,0.0,134617.92,01uHSyfqxvgRD1MIWU,0Q0gAHM6apzVj3a0I6
0QLPm5JERg4PY2yG16,Synthetic quote line for Integrated Vertex Support Select Cascade.,USD,2021-05-13T05:40:33Z,5.0,47784.58,20.0,191138.32,01uT2HYAu6kyAXCY0P,0Q0JoNHMLeaAZlj0FM
0QLvBCwfms0WufDGIL,Synthetic quote line for Open Orbit Support Vertex Meridian.,USD,2021-08-17T04:28:55Z,10.0,52149.63,20.0,417197.04,01u0NIpTREmmP3wAZB,0Q0XvwTEPEjFQry0PI
0QLpBJkY8Kb1BEvG0H,Synthetic quote line for Quantum Foundry Hardware Essential Zenith.,USD,2026-01-15T01:58:32Z,50.0,56173.84,10.0,2527822.8,01uynmR1qubBiOaYYH,0Q0ragTurCreqho093
0QLl5mBAQjijh6c4YR,Synthetic quote line for Unified Beacon Data Platform Premier Cobalt.,USD,2022-06-11T18:40:29Z,25.0,53703.22,15.0,1141193.43,01uvM9JQrsP7yGYQ83,0Q0almCH2e1wVeJKCN
0QLrFkFE2EISosk4JT,Synthetic quote line for Virtual Pioneer Cloud Service Select Nova.,USD,2023-05-23T07:48:29Z,1.0,18563.17,5.0,17635.01,01uDFd1bdH8xTwvQYW,0Q0Wh1fBkjq7aDZSLC
0QLYbpolbfzO1A0GRS,Synthetic quote line for Connected Harbor Cloud Service Core Atlas.,USD,2022-11-22T10:50:11Z,25.0,15188.71,15.0,322760.09,01uYlWWcWi8iXTcYI3,0Q0VCHeHt6pPUR6CST
0QLxmq1NR96NGZxGYO,Synthetic quote line for Elastic Compass Data Platform Enterprise Horizon.,USD,2023-05-25T10:14:02Z,2.0,2200.88,0.0,4401.76,01u8XnYHXYRns9gY34,0Q0MY1IfxVBXb09SY3
0QL9GJUYNPbqMsyWYW,Synthetic quote line for Integrated Summit Cloud Service Professional Pulse.,USD,2024-08-21T10:43:10Z,5.0,61783.11,0.0,308915.55,01uyJSOTpJrkmcvA2N,0Q0a5KtEAda2GOI0SQ
0QL8l6dLYwBMUzEOWO,Synthetic quote line for Open Lattice Training Standard Atlas.,USD,2021-11-10T19:47:26Z,5.0,63919.84,15.0,271659.32,01upghMAFa2ixN1Q3E,0Q0KIkNzP5mH57fCF1
0QLCviGmaM4wL8OGMQ,Synthetic quote line for Quantum Ember Training Core Ion.,USD,2023-01-23T11:03:39Z,10.0,24148.5,20.0,193188.0,01uUX9fzI5TSy2AYK3,0Q0xrUbtfhgmsSeC6O
0QLj5OnU42s5O5dWVC,Synthetic quote line for Rapid Vertex Support Enterprise Solstice.,USD,2021-03-06T03:15:40Z,1.0,25890.98,20.0,20712.78,01upo6jpkSzQ18bY1T,0Q0ysc5XhvskVJAKD5
0QLrrRhV9eknJLRGIO,Synthetic quote line for Virtual Orbit Training Professional Aurora.,USD,2023-02-08T17:21:04Z,25.0,28960.77,15.0,615416.36,01uM1GWov1Ae00HA3J,0Q0V5mw76vnyd01SC3
0QLl1aTaqUWUAEd4F4,Synthetic quote line for Connected Foundry Cloud Service Ultimate Ion.,USD,2024-10-21T12:26:16Z,25.0,30471.66,20.0,609433.2,01ugEm18KYgw8XgQ0P,0Q0FEpsKxG1xV54K16
0QLJzOhpphYAkdMGKE,Synthetic quote line for Elastic Beacon Hardware Edge Vector.,USD,2021-07-29T17:09:04Z,50.0,45347.45,5.0,2154003.88,01u5n61zNTp1SMmQMW,0Q0P9SpTcGVtDY6CYD
0QL5Ea2JhmFSZEgOM8,Synthetic quote line for Integrated Pioneer Hardware Foundation Cascade.,USD,2026-05-12T02:56:54Z,50.0,37891.54,10.0,1705119.3,01u07ivu2QA6dAiA8A,0Q0IwlA6tTCeA0yS0W
0QLZwBEmNJ2fvTqGRM,Synthetic quote line for Open Harbor Data Platform Scale Meridian.,USD,2023-04-26T12:47:20Z,50.0,63295.54,10.0,2848299.3,01uh03z6u8t52A7Q6A,0Q00UNnqGnr2uKYST7
0QLcgyo0BtBWhM9WEA,Synthetic quote line for Quantum Compass Cloud Service Ultimate Vector.,USD,2021-09-13T07:49:30Z,50.0,48226.52,0.0,2411326.0,01uj3kuLiyvZJ6VIQZ,0Q0aEc7IHrODKyhCU2
0QLgwsJoBnnNfFlWE3,Synthetic quote line for Rapid Summit Support Edge Cobalt.,USD,2025-10-08T10:10:46Z,25.0,70926.03,20.0,1418520.6,01uicVYWLcfmsN3AQY,0Q0eBDvu6tGJJDN0CK
0QL3Wq51WFSpsENW6R,Synthetic quote line for Virtual Lattice Data Platform Foundation Nova.,USD,2024-08-15T20:46:07Z,5.0,27688.53,5.0,131520.52,01uhMKIX1dZxo2KIIG,0Q03XRa4yt2sXjY01H
0QLtJ70v3lmhOgRW23,Synthetic quote line for Connected Ember Advisory Select Zenith.,USD,2022-09-04T06:07:05Z,5.0,11740.04,0.0,58700.2,01uPNiaL1uUi0GGYQH,0Q0a94k7qHPpc8QCTA
0QLcS6L42v44BYtGDU,Synthetic quote line for Dynamic Vertex Data Platform Vertex Cobalt.,USD,2025-11-24T23:17:06Z,5.0,33842.68,0.0,169213.4,01uKz1iBqRHCmlrY7E,0Q0nhVEThGvRmAEKPA
0QL9Lo6hnYQtcLYGKL,Synthetic quote line for Integrated Orbit Cloud Service Essential Pulse.,USD,2022-10-15T23:57:51Z,25.0,11040.09,0.0,276002.25,01uf54WuEpKCETsQX1,0Q0sZJeMxm2CSAfK5T
0QLSgVbSuLfmMrfGQQ,Synthetic quote line for Open Foundry Hardware Premier Atlas.,USD,2026-04-13T02:54:57Z,1.0,22954.3,20.0,18363.44,01u71cjEwFj03mAIM3,0Q0fZBPx0zHJ3meKZT
0QL38MvVg4q23eCOWW,Synthetic quote line for Quantum Beacon Data Platform Select Horizon.,USD,2023-11-23T05:54:54Z,5.0,66140.65,0.0,330703.25,01ulAUjRtN0XkWuANU,0Q099CbrPC9DntnCZC
0QLF6AEUXgssdg6OG7,Synthetic quote line for Rapid Pioneer Training Vertex Pulse.,USD,2021-02-23T04:05:27Z,2.0,37784.93,10.0,68012.87,01uGVgElwvBIbvwAMH,0Q0pQHkQj9Dgdf1KLM
0QLkv2dpqARB4SJWQT,Synthetic quote line for Virtual Harbor Data Platform Essential Aurora.,USD,2025-10-21T01:18:45Z,25.0,47522.86,20.0,950457.2,01uKSnvPj2bLCV3AKV,0Q0NzNAgOrV51Bk0NW
0QLTfLYrqErQMtMO2W,Synthetic quote line for Connected Compass Advisory Professional Ion.,USD,2024-01-27T06:55:15Z,5.0,14010.29,0.0,70051.45,01uchJafqFpdsodIO8,0Q0aMaqaRcjXRlsS1Z
0QL38em2Eai8GWFOG7,Synthetic quote line for Dynamic Summit Training Standard Solstice.,USD,2025-08-14T15:51:58Z,5.0,52440.52,10.0,235982.34,01uNzFjMXKixso0Y41,0Q0FmIs9LzGPwIF049
0QLCimxav9al1s3GBJ,Synthetic quote line for Integrated Lattice Data Platform Core Cascade.,USD,2022-07-05T08:51:21Z,10.0,37362.64,5.0,354945.08,01u8xZQQ01lrCVlYQL,0Q0hrsDXMD8H92oKSJ
0QLGIBK9WhqPJ6tOSV,Synthetic quote line for Open Ember Cloud Service Enterprise Meridian.,USD,2024-03-05T12:38:58Z,1.0,28694.85,5.0,27260.11,01upo6jpkSzQ18bY1T,0Q0HCLRVRHHWM2US4O
0QLOqtO7hcYevQI4BR,Synthetic quote line for Precision Vertex Cloud Service Professional Vector.,USD,2025-06-14T16:48:14Z,2.0,64899.06,10.0,116818.31,01uG3ZGIn6X7JIYICW,0Q0lm9VdaankOwJKPS
0QLTK5lEeI7RIEoO7C,Synthetic quote line for Rapid Orbit Support Standard Cascade.,USD,2026-02-12T21:08:01Z,2.0,39700.41,5.0,75430.78,01u0XyN46aLRUW6A71,0Q08sMMQ5EbPr2Y08K
0QLWM76YyzdLsqEWQY,Synthetic quote line for Virtual Foundry Data Platform Core Nova.,USD,2023-03-15T14:01:23Z,2.0,51486.25,20.0,82378.0,01umeupzeRAiW0pYOE,0Q0Qpdr6zMclvBlKL7
0QLmNGMNC7QrLW6WJN,Synthetic quote line for Connected Beacon Cloud Service Foundation Zenith.,USD,2025-04-17T00:25:16Z,25.0,293.0,0.0,7325.0,01u4dHsHv8wA4sGY7I,0Q0H859BRJvAqCwS2U
0QLnL8YP0vzEZnVWAT,Synthetic quote line for Dynamic Pioneer Data Platform Scale Cobalt.,USD,2022-01-27T02:55:11Z,25.0,49977.21,0.0,1249430.25,01uKhzXXV7OTzjFYTJ,0Q0z7TWfbjcCsCnK5N
0QLP0upeyGMiXht45Z,Synthetic quote line for Integrated Harbor Hardware Ultimate Nova.,USD,2022-05-28T11:31:54Z,25.0,59314.52,15.0,1260433.55,01uC4cTc6DjS24HIO7,0Q0nPjNgxf9617aSOD
0QL0gn2mC6fquLW43L,Synthetic quote line for Open Compass Cloud Service Edge Atlas.,USD,2022-02-21T18:23:09Z,25.0,4714.68,5.0,111973.65,01uCyKZmipXHx2mYRP,0Q0HNUvcSID21N4KW8
0QLzXJO9687vHYR4Z8,Synthetic quote line for Precision Summit Advisory Foundation Horizon.,USD,2025-05-07T15:08:57Z,10.0,26591.81,0.0,265918.1,01u3VcPWmfc83TAIIQ,0Q0Oo3nbsn4itGWKV5
0QLRTRolS2nJHT9W0E,Synthetic quote line for Rapid Lattice Support Scale Pulse.,USD,2023-01-08T20:04:51Z,1.0,5181.27,5.0,4922.21,01u3kSFhaBLMkghAZY,0Q0rJQcwvRbk29pKUA
0QLPyFWcgz2wmp1W50,Synthetic quote line for Virtual Ember Support Ultimate Atlas.,USD,2023-07-28T01:00:32Z,1.0,61131.63,0.0,61131.63,01uTcjJRAY8ghAAA79,0Q078PHd1D5ewDU0PU
0QLqUpey3wHDBKcGUP,Synthetic quote line for Adaptive Vertex Data Platform Essential Ion.,USD,2022-11-24T09:06:59Z,5.0,40536.3,20.0,162145.2,01uZMsmMl304CKnIWL,0Q0iVmamrEmWHwrKRV
0QLcF6s17b9T8cF4OZ,Synthetic quote line for Dynamic Orbit Data Platform Premier Solstice.,USD,2023-08-22T02:34:15Z,50.0,40531.89,5.0,1925264.77,01uNQaEFCEthyrFQ6R,0Q0x0Oq3cwYESEqSLG
0QL7nscc8jgPgH3OSY,Synthetic quote line for Integrated Foundry Cloud Service Select Aurora.,USD,2026-02-17T02:12:16Z,25.0,13498.19,20.0,269963.8,01ukTN9SMFYWgwjAMQ,0Q0NzNAgOrV51Bk0NW
0QLL68gWEbzimB4OP9,Synthetic quote line for Open Beacon Training Vertex Ion.,USD,2025-02-26T08:23:52Z,5.0,62555.79,5.0,297140.0,01uu63szSOLf3PQQ6M,0Q0Syvnk7yk6ZRDCIS
0QLE7bEz8IR5Q2G4VV,Synthetic quote line for Precision Pioneer Data Platform Essential Vector.,USD,2023-06-15T06:20:55Z,50.0,25448.07,0.0,1272403.5,01uiOuapJc0w5rMI3Q,0Q08pIlLEF4kWCAC38
0QLPH3BY04jmRqk4EV,Synthetic quote line for Rapid Harbor Cloud Service Premier Cascade.,USD,2023-06-22T17:35:35Z,2.0,46090.28,10.0,82962.5,01uhXHd7I7kUo5tYAE,2Q7BsEZlxpzBqKOVC3
0QLdcMyvjfeOT0u49O,Synthetic quote line for Virtual Compass Data Platform Select Meridian.,USD,2025-09-13T09:56:47Z,1.0,34685.29,20.0,27748.23,01uCyKZmipXHx2mYRP,0Q0HNUvcSID21N4KW8
0QLlrRGFCRgfv1gWU8,Synthetic quote line for Adaptive Summit Support Core Zenith.,USD,2023-12-31T04:44:56Z,1.0,51776.02,10.0,46598.42,01u4GnyBkjhiE9TAMV,0Q0pqhMsi9IIy0302F
0QLQSavDG94SeCM4GV,Synthetic quote line for Dynamic Lattice Hardware Enterprise Cobalt.,USD,2021-08-10T19:42:15Z,2.0,19421.81,5.0,36901.44,01uE3I30HADotoeYGY,0Q07q4HmrzMO0JHSHK
0QLjeqwqXPgeVvHWS4,Synthetic quote line for Integrated Ember Advisory Professional Nova.,USD,2022-02-08T04:04:30Z,1.0,6648.57,5.0,6316.14,01uUJWUbolIxMN4AVT,0Q06DqBLzEH4EI6SU9
0QLULRM9wdjzRmOWKZ,Synthetic quote line for Modular Vertex Hardware Standard Zenith.,USD,2024-11-13T18:51:20Z,10.0,72771.68,10.0,654945.12,01ulrUP6PcHgsyjA5X,0Q04XY99UdAH6FwKSR
0QLfDVbYZJTBKaM43N,Synthetic quote line for Precision Orbit Cloud Service Core Horizon.,USD,2021-09-02T00:02:43Z,1.0,63061.2,0.0,63061.2,01uicVYWLcfmsN3AQY,0Q0Vv1FzGanrCz007F
0QLtGzWtYESyVRH4YB,Synthetic quote line for Rapid Foundry Data Platform Enterprise Pulse.,USD,2022-05-08T04:37:02Z,25.0,2572.93,5.0,61107.09,01ueFoz0cEnrn7mI9X,0Q0DBrgv3wQJ55K0ME
0QL9LSl5ZpSFtXaW1R,Synthetic quote line for Virtual Beacon Advisory Professional Atlas.,USD,2024-08-18T22:46:21Z,10.0,39670.66,0.0,396706.6,01uIBCBPnlF6Gq2AMR,0Q0o4wTFzqtit9OCP9
0QLmFW5zUQ6s1AUW36,Synthetic quote line for Adaptive Pioneer Training Ultimate Horizon.,USD,2023-05-28T09:11:53Z,1.0,57834.72,15.0,49159.51,01uE6z8KW68KSVPQCU,0Q0cfwDYRUcaTbD0ZT
0QLrhuFTnsyNW7cOLY,Synthetic quote line for Dynamic Harbor Advisory Edge Solstice.,USD,2023-02-09T22:28:11Z,5.0,18810.65,20.0,75242.6,01umtlnnNLY7p5OI4U,0Q0ndfIv8ui7j2R05X
0QLXrK31sxwRWkbGN4,Synthetic quote line for Integrated Compass Cloud Service Foundation Aurora.,USD,2021-12-19T05:46:53Z,2.0,54958.91,0.0,109917.82,01uLbKRe3aHzpFnIFF,0Q0cAOERhNtemwQSB3
0QLJyrpoupUnIe9O1E,Synthetic quote line for Modular Summit Cloud Service Scale Ion.,USD,2024-11-18T13:13:53Z,50.0,41624.6,0.0,2081230.0,01ueVT7VYwqgtswYUD,0Q0JSUfQ5AkkbmjSK3
0QLyEmVlxTfQvN4O9Y,Synthetic quote line for Precision Lattice Cloud Service Ultimate Solstice.,USD,2026-02-02T21:56:12Z,25.0,21995.86,20.0,439917.2,01u7oYKYE0XFYo9Y9Q,0Q0RXyw91xw1y9QK5P
0QLbslkyeU2Wz37G4X,Synthetic quote line for Rapid Ember Hardware Edge Cascade.,USD,2026-04-25T04:21:14Z,2.0,74902.31,20.0,119843.7,01uH08kSI20VJz2A7T,0Q01mWrvVFK1YqdKU9
0QLE1nsP1c6FIQgWZD,Synthetic quote line for Unified Vertex Support Foundation Meridian.,USD,2025-10-16T23:27:59Z,1.0,53088.09,0.0,53088.09,01u0ElwG1CqM4RlQXP,0Q0lwKOovvYxJAmKMR
0QLmX1jhkihdhXCGNI,Synthetic quote line for Adaptive Orbit Cloud Service Select Vector.,USD,2024-02-22T22:21:35Z,50.0,49925.66,20.0,1997026.4,01u8mL9qFdT1EHNIM9,0Q0ViMJlR90Q47MSQM
0QLSFRASS16o8vaG6N,Synthetic quote line for Dynamic Foundry Cloud Service Vertex Cascade.,USD,2022-08-19T01:49:03Z,2.0,65007.87,20.0,104012.59,01uc6yIZPk12VrWI70,0Q0BfK6Un64rqXKCIH
0QLMjN5niyGX6GtOU7,Synthetic quote line for Integrated Beacon Advisory Essential Nova.,USD,2022-12-09T17:20:11Z,25.0,32040.6,0.0,801015.0,01uWiKh2xAB4kqIYBW,0Q03lLVhrceW7qgCDC
0QLiQ9UAOioRfaTG53,Synthetic quote line for Modular Pioneer Training Premier Zenith.,USD,2021-12-11T13:18:53Z,1.0,27481.63,0.0,27481.63,01uBP89MPIG4q8LQF3,0Q0DR1wXpDs1mTSSWZ
0QLnKU9fmkpAU9v45V,Synthetic quote line for Precision Harbor Data Platform Select Cobalt.,USD,2022-01-25T05:07:33Z,25.0,1790.67,15.0,38051.74,01uuQt0w3KuspnOYT7,0Q07OoQp5k2Z0tdCO8
0QLFbL7Oc7V0DpoOUQ,Synthetic quote line for Rapid Compass Cloud Service Vertex Nova.,USD,2022-12-23T10:57:17Z,50.0,52320.74,0.0,2616037.0,01u6i9Nw76KxTuIYF4,0Q04XY99UdAH6FwKSR
0QLrHXmMuyxM8XJWJP,Synthetic quote line for Unified Summit Data Platform Essential Atlas.,USD,2023-04-27T21:44:39Z,25.0,24366.91,5.0,578714.11,01uw2MTNHcr0mB8YU6,0Q0K7AYHPdHbSa9CLK
0QLDUDl309TxP7iW52,Synthetic quote line for Adaptive Lattice Hardware Professional Horizon.,USD,2025-09-25T13:19:45Z,25.0,53149.17,10.0,1195856.32,01udvlfkQgFBsWxQ5O,0Q0OcJx34v244XYC9D
0QLX0rq7pE8M9Bq4NS,Synthetic quote line for Dynamic Ember Data Platform Standard Pulse.,USD,2022-08-26T12:01:55Z,25.0,5921.34,20.0,118426.8,01uT0mP0dgO3n7XQ4T,0Q0D5EZPjKk0ufsKRL
0QLMPyk9Ew2CmZZGXW,Synthetic quote line for Elastic Vertex Advisory Core Aurora.,USD,2024-03-11T21:35:23Z,10.0,23289.78,10.0,209608.02,01ueJTA7gnZDnyqQ5J,0Q0cZ4huuUNLya309N
0QL77eIexXhP7RJ4KX,Synthetic quote line for Modular Orbit Hardware Enterprise Ion.,USD,2023-08-02T06:03:05Z,25.0,64045.13,15.0,1360959.01,01uwblHjttgt0qjYKB,0Q0XvaLlQZnFnTxCSA
0QLBvthiSQ9HblY4VC,Synthetic quote line for Precision Foundry Support Professional Solstice.,USD,2023-12-10T10:18:19Z,1.0,4008.98,15.0,3407.63,01uc6yIZPk12VrWI70,0Q0SD4iAC4Au9ZxC30
0QLYZ4e5OJKSuLT43R,Synthetic quote line for Rapid Beacon Training Standard Aurora.,USD,2022-04-26T14:58:05Z,1.0,57713.47,20.0,46170.78,01u6i9Nw76KxTuIYF4,0Q0UYz9RwtjnssG0IJ
0QLUEspWaofTQJDGR0,Synthetic quote line for Unified Pioneer Cloud Service Core Meridian.,USD,2023-08-23T06:48:32Z,2.0,18485.79,15.0,31425.84,01uKbd2MFF1p4b2Y0X,0Q0UAILMjEvMsBk08R
0QLg8MKu4L3SgUOGZH,Synthetic quote line for Adaptive Harbor Training Foundation Vector.,USD,2026-05-05T23:20:13Z,10.0,40045.32,0.0,400453.2,01uMA8zSZGWyKdiAKM,0Q048ENlQ6GD6XxSZP
0QLqrhyWhS7cuokWW0,Synthetic quote line for Dynamic Compass Training Scale Cascade.,USD,2024-04-08T21:49:55Z,25.0,7671.38,5.0,182195.27,01uzaJG6CPZmbqtY31,0Q04mfyPZqm64McSJB
0QLFltAyaVDPE8L46Z,Synthetic quote line for Elastic Summit Advisory Ultimate Meridian.,USD,2023-08-12T23:16:58Z,5.0,51357.61,0.0,256788.05,01uwblHjttgt0qjYKB,0Q0lv7lnAgjiRQQSYT
0QLIxKHuTAOoSJxO5K,Synthetic quote line for Modular Lattice Data Platform Edge Zenith.,USD,2022-12-18T10:35:52Z,1.0,5303.02,0.0,5303.02,01ubDRHyye1mNzMAMJ,0Q03r2SFx60KrJVSX8
0QLRw24IxxuJxneG99,Synthetic quote line for Precision Ember Hardware Foundation Cobalt.,USD,2022-12-28T21:07:54Z,25.0,71366.28,20.0,1427325.6,01uEzdznkNnOVwYYTK,0Q0XiZsPJn9KU32S4P
0QLEFVwQjxT2vNFO0A,Synthetic quote line for Quantum Vertex Support Scale Nova.,USD,2022-08-25T06:16:41Z,10.0,47355.11,20.0,378840.88,01ufpSNxKRDyqRXQ14,0Q0ZDMzt7GTuZXeKEX
0QLA2iysw0jWuN9WHN,Synthetic quote line for Unified Orbit Hardware Ultimate Zenith.,USD,2021-06-16T09:14:43Z,2.0,19789.3,15.0,33641.81,01u0yZubnpdFfGaIV0,0Q0mt4wkVLPw1viSD6
0QLpbmjkcwoK5W0O3R,Synthetic quote line for Adaptive Foundry Support Essential Horizon.,USD,2021-11-04T08:21:19Z,1.0,33261.05,15.0,28271.89,01uXSQ5fKhH9J0rQIQ,0Q0E9sy1Lp28jvCCBB
0QLq6ilaMEbgeJOWCR,Synthetic quote line for Dynamic Beacon Training Premier Pulse.,USD,2022-04-24T04:03:31Z,10.0,48063.97,15.0,408543.74,01ujwTES8hRA7BmARX,0Q01ow8Nd4YKgX9K7I
0QLAAo8PO1k0gdqOBJ,Synthetic quote line for Elastic Pioneer Support Select Atlas.,USD,2024-04-05T05:54:26Z,5.0,39220.58,0.0,196102.9,01unzqchnBJvFvNARI,0Q0Qi3iXKBROm1nSI9
0QLXvcjQW66iT8nGR9,Synthetic quote line for Modular Harbor Advisory Vertex Horizon.,USD,2025-03-26T07:36:18Z,25.0,66178.63,5.0,1571742.46,01uIoxys3iRmSNgATK,0Q0hQNnjnZiyKjg0OX
0QLHkSrTA8kSiXoO34,Synthetic quote line for Precision Compass Data Platform Essential Solstice.,USD,2023-10-26T11:06:22Z,2.0,54868.44,5.0,104250.04,01urxQLoY7r3bGEAZO,0Q0PBWebx8FcX0HCLS
0QLV1DeanJ8UeDn4HJ,Synthetic quote line for Quantum Summit Cloud Service Premier Aurora.,USD,2025-11-20T00:00:09Z,10.0,35406.44,20.0,283251.52,01u0LigxavQESk3IMW,0Q0tXLEc5kKREiSKGN
0QLgiPQjfTl2L7NGC0,Synthetic quote line for Unified Lattice Cloud Service Select Ion.,USD,2025-01-02T13:42:58Z,1.0,28221.52,10.0,25399.37,01ug1WoyI1CzpokA0D,0Q01WEUMf9Ou4XdKP2
0QLWu7O0wEHELlDOQ1,Synthetic quote line for Adaptive Ember Advisory Core Vector.,USD,2022-11-14T18:55:38Z,10.0,25255.75,15.0,214673.88,01u1zQlV6qpL6i3IK5,0Q0xHBkp2qYichaCRK
0QLMfa0lHBQgmCMWQV,Synthetic quote line for Connected Vertex Support Enterprise Cascade.,USD,2024-07-06T20:22:41Z,10.0,64393.83,15.0,547347.56,01u4GnyBkjhiE9TAMV,0Q0meK77axnNP5JS26
0QLMFmrGiUvFa8uOSN,Synthetic quote line for Elastic Orbit Support Professional Meridian.,USD,2023-10-04T18:51:16Z,5.0,63419.4,0.0,317097.0,01ugyZoUJ9GFuCSYMZ,0Q0fKFsA473vmxP0KH
0QL4MVKjnOXqaeFONF,Synthetic quote line for Modular Foundry Advisory Standard Vector.,USD,2024-05-13T22:52:11Z,50.0,58727.06,15.0,2495900.05,01umezOvamoD47dYRU,0Q0L9pqz2qjgOwySZN
0QLwzJ1GtGWsnIs496,Synthetic quote line for Precision Beacon Advisory Core Cobalt.,USD,2023-08-23T18:40:44Z,50.0,44529.45,15.0,1892501.62,01uPr41KGxIVdDtIWK,0Q0Zf3sYH6KXw0z0AK
0QLewWBBFPTouysOLG,Synthetic quote line for Quantum Pioneer Cloud Service Enterprise Nova.,USD,2025-05-23T01:24:19Z,10.0,4631.45,0.0,46314.5,01uExFr2ox1wODrIJA,0Q01FeHUnCNvjzg06F
0QL9Ei1XlBp6iRY469,Synthetic quote line for Unified Harbor Data Platform Professional Zenith.,USD,2025-09-05T07:56:37Z,2.0,49237.98,10.0,88628.36,01uLbKRe3aHzpFnIFF,0Q0dnxwd976L0qgS1M
0QLabp8EtbR2aCIWC3,Synthetic quote line for Adaptive Compass Cloud Service Ultimate Cobalt.,USD,2024-01-16T20:14:17Z,50.0,31389.09,5.0,1490981.77,01uC3YBvJB9JpTRQAJ,0Q0nFeFvTQmmhWPKV8
0QLV8qiTEpUts43WEL,Synthetic quote line for Connected Summit Training Edge Pulse.,USD,2026-02-28T00:06:22Z,10.0,58622.86,20.0,468982.88,01uzUwxgjRvsJBYISJ,0Q0KfWeUQTo0pKA0PS
0QLxireUKbvAoKMG79,Synthetic quote line for Elastic Lattice Training Foundation Atlas.,USD,2021-10-26T19:11:33Z,50.0,1802.62,10.0,81117.9,01uyya4E3UVwwuyI6C,0Q03r2SFx60KrJVSX8
0QL2FsH25PhmfIBWTM,Synthetic quote line for Modular Ember Hardware Scale Horizon.,USD,2026-02-04T03:33:01Z,25.0,37627.38,20.0,752547.6,01uicVYWLcfmsN3AQY,0Q08pIlLEF4kWCAC38
0QLuOgtVaEtthxSGSG,Synthetic quote line for Open Vertex Data Platform Ultimate Pulse.,USD,2024-11-09T00:34:11Z,25.0,69193.05,0.0,1729826.25,01u1zQlV6qpL6i3IK5,0Q0ViMJlR90Q47MSQM
0QLE3kPYg4BnQdiG6L,Synthetic quote line for Quantum Orbit Training Edge Aurora.,USD,2021-02-22T17:27:52Z,10.0,66300.1,0.0,663001.0,01u9kv1s6zxeasOIDR,0Q05RZ6hvDdGMjYKVW
0QLrQUFGJ82EckJG3O,Synthetic quote line for Unified Foundry Cloud Service Foundation Ion.,USD,2021-02-14T15:05:39Z,5.0,24891.64,20.0,99566.56,01u4hTXwAG7Lox4A3W,0Q0sO5XH7P9zf9ZCTI
0QLuPfNCuTwLNNs418,Synthetic quote line for Adaptive Beacon Data Platform Select Solstice.,USD,2022-02-21T13:10:48Z,10.0,24085.21,5.0,228809.49,01uugppu5drNWwvIF8,0Q09DcCXGCDv6C3KC2
0QLMYgZOe53LuZpG2S,Synthetic quote line for Connected Pioneer Advisory Vertex Aurora.,USD,2021-01-12T19:16:57Z,50.0,66307.5,20.0,2652300.0,01uN1gq3AIwqkHLQ6E,0Q077DtUmxtLIpNCAN
0QLfFmmHRwLdYvlGFN,Synthetic quote line for Elastic Harbor Hardware Essential Meridian.,USD,2023-10-31T03:06:40Z,5.0,8343.32,0.0,41716.6,01u07ivu2QA6dAiA8A,0Q0ugJD9EqVFb1QS3U
0QLOV14x49URlo64AS,Synthetic quote line for Modular Compass Support Premier Vector.,USD,2023-11-17T05:23:02Z,50.0,50480.97,10.0,2271643.65,01uWSegLyaCVEZHYIA,0Q0huuUNLya31HOCNW
0QL1uiKdrwyRmqW4HK,Synthetic quote line for Open Summit Support Select Cascade.,USD,2023-08-01T08:39:48Z,1.0,59262.97,0.0,59262.97,01uKbd2MFF1p4b2Y0X,0Q0UPhFaL8TwDb3K7G
0QLCoA5R5O9LSK2ORA,Synthetic quote line for Quantum Lattice Data Platform Vertex Meridian.,USD,2021-02-03T16:13:50Z,5.0,63386.26,5.0,301084.73,01uMigOkLBLlz7uYWX,0Q0FuKMsrLOULTwSNJ
0QLheRsUDMxc7zl4CJ,Synthetic quote line for Unified Ember Support Essential Zenith.,USD,2021-05-05T10:01:16Z,10.0,20445.03,20.0,163560.24,01uBkydzyYz6EoPI8G,0Q03UeCZM9xdaSlCEJ
0QLZjFROfbrKJMYWMU,Synthetic quote line for Virtual Vertex Hardware Premier Cobalt.,USD,2024-04-11T06:20:51Z,10.0,70323.75,15.0,597751.88,01uJLl4lsfShoyiQNW,0Q02Ur06o9ksFNkSNG
0QLuUBcM02T8JTwOJC,Synthetic quote line for Connected Orbit Advisory Standard Nova.,USD,2022-05-15T05:26:14Z,10.0,58256.39,0.0,582563.9,01uchJafqFpdsodIO8,0Q0qDmygmbQSIY5SKM
0QLqh1NYJbobDXK46W,Synthetic quote line for Elastic Foundry Cloud Service Core Atlas.,USD,2024-07-12T21:48:22Z,1.0,5228.99,20.0,4183.19,01ugMlB4PLTImgLQ9A,0Q0Zdk04fYNKSSsKR1
0QLjpZXVf8KUJAnOS8,Synthetic quote line for Modular Beacon Advisory Enterprise Horizon.,USD,2024-10-09T16:09:31Z,5.0,73579.75,10.0,331108.88,01ua3TAVCFZjGSRAIX,0Q0hQNnjnZiyKjg0OX
0QLk0wXDDCemXjHGWN,Synthetic quote line for Open Pioneer Training Professional Pulse.,USD,2025-03-15T19:16:52Z,2.0,9399.11,10.0,16918.4,01u1rZvt4FcsUzWAJ2,0Q01WEUMf9Ou4XdKP2
0QLlt2FyMNWmdozWE5,Synthetic quote line for Quantum Harbor Training Standard Atlas.,USD,2024-09-25T01:03:22Z,2.0,3231.8,0.0,6463.6,01uT2HYAu6kyAXCY0P,0Q0lv7lnAgjiRQQSYT
0QLnKLZn3o7OHjbOBK,Synthetic quote line for Unified Compass Training Core Ion.,USD,2023-10-02T08:08:35Z,50.0,73047.82,15.0,3104532.35,01udgTvVhmyD0afAZM,0Q0E8UGiqtDfOHZ0OS
0QLK0g5xHraxV4wOSB,Synthetic quote line for Virtual Summit Data Platform Enterprise Solstice.,USD,2024-03-08T05:33:29Z,25.0,7309.88,0.0,182747.0,01urxQLoY7r3bGEAZO,0Q0JxI2OvSAaRWvCXW
0QLv86MkaIWI9VTWST,Synthetic quote line for Connected Lattice Training Scale Aurora.,USD,2026-02-15T23:56:35Z,50.0,69737.74,0.0,3486887.0,01uArZ6TaDNtlP6YWR,0Q0cWPUR8T4NIQtSFH
0QLx7f6u0yJGIezWPL,Synthetic quote line for Elastic Ember Cloud Service Ultimate Ion.,USD,2025-01-04T05:23:41Z,1.0,41318.37,20.0,33054.7,01uVCXqrgCKU3tcIXU,0Q0AEbT2apDp2dVKUG
0QLVQkY3YBwWoiVGYU,Synthetic quote line for Integrated Vertex Support Edge Vector.,USD,2025-11-22T05:26:27Z,50.0,46182.1,5.0,2193649.75,01uQgb8tPmYwgmEQWV,0Q0AwyNsJtRLFhPSO2
0QLgFubb39oIaQAGXT,Synthetic quote line for Open Orbit Data Platform Foundation Cascade.,USD,2022-05-11T11:09:15Z,25.0,64126.73,15.0,1362693.01,01uas3XHvt9KGjGY0M,0Q0nNCEVV19Mujv099
0QLH9rOcNLXkXXU4ZR,Synthetic quote line for Quantum Foundry Support Scale Meridian.,USD,2021-12-08T14:12:36Z,2.0,59105.14,15.0,100478.74,01uhMKIX1dZxo2KIIG,0Q02hdBeoyoQ0pCCQ2
0QLFsqXhyxmc1JPG99,Synthetic quote line for Unified Beacon Support Ultimate Vector.,USD,2021-06-26T07:14:15Z,1.0,44946.11,20.0,35956.89,01uJv78XIesN63nAJR,0Q04ly4acUuNe520ZU
0QLg0J5iz2URqPIG6M,Synthetic quote line for Virtual Pioneer Hardware Edge Cobalt.,USD,2026-01-18T06:17:37Z,1.0,4567.99,15.0,3882.79,01uDxDHTCck90xtYDM,0Q0fBXDTQPi2ABQKZM
0QLcdLFlB17AkC1GTJ,Synthetic quote line for Connected Harbor Data Platform Premier Nova.,USD,2025-04-14T15:06:10Z,2.0,59339.19,0.0,118678.38,01uJrQ9nOdWfBOnQ3P,0Q0oP1PgDKrS6K8SN9
0QLfZ21kjo8avzEGZQ,Synthetic quote line for Elastic Compass Support Select Zenith.,USD,2025-05-31T06:31:35Z,2.0,34645.8,20.0,55433.28,01u4seYYJRPqsrIITT,0Q0ezpiHmnEbP2N09U
0QLAaUaEzbE12PPOJN,Synthetic quote line for Integrated Summit Advisory Vertex Cobalt.,USD,2023-07-07T17:52:01Z,25.0,37307.15,20.0,746143.0,01uHm9hkqn3nP7NIX9,0Q0kqsvSB1QNWWKKI0
0QL0WOvPD7guOyXOJ5,Synthetic quote line for Open Lattice Support Essential Pulse.,USD,2026-06-01T11:16:54Z,10.0,24762.37,5.0,235242.51,01uqTTvJvfJkLqZQBG,0Q0tQKwKbYAIA6lC6I
0QLq7kJdN7tZ6mnW4D,Synthetic quote line for Quantum Ember Training Premier Atlas.,USD,2021-11-21T05:12:20Z,2.0,57361.65,10.0,103250.97,01uTHUysWX9DJtwY6N,0Q0UAILMjEvMsBk08R
0QLtiAmQSGAUGNZWZ3,Synthetic quote line for Rapid Vertex Hardware Select Horizon.,USD,2025-08-22T20:02:15Z,50.0,16404.51,20.0,656180.4,01uSKO64CBXbxbQIV6,0Q0GFJgTm6gATY2KA3
0QLmg0xUQutCzvnO30,Synthetic quote line for Virtual Orbit Training Vertex Pulse.,USD,2024-01-08T04:31:12Z,1.0,73286.39,10.0,65957.75,01u0XyN46aLRUW6A71,0Q0NIMETEJ99btQCDZ
0QLpHfFQ5bWIsXlWVK,Synthetic quote line for Connected Foundry Cloud Service Enterprise Aurora.,USD,2025-10-27T14:50:59Z,25.0,57731.57,5.0,1371124.79,01ubVTXfBaCb01jAQV,0Q0Rx0p5nT6L16Q0DC
0QLNWqGKyFIUnZQGX0,Synthetic quote line for Elastic Beacon Cloud Service Professional Ion.,USD,2024-03-22T09:56:17Z,1.0,35848.13,15.0,30470.91,01uG3ZGIn6X7JIYICW,0Q0HrF0ItLvvvEt0NQ
0QLanLgoGCVEdAJOTE,Synthetic quote line for Integrated Pioneer Support Standard Solstice.,USD,2025-05-17T11:10:50Z,50.0,55019.38,15.0,2338323.65,01uExFr2ox1wODrIJA,0Q0CvlbyYE5FBnFKSU
0QLYSnYNixGdER9WZO,Synthetic quote line for Open Harbor Cloud Service Core Cascade.,USD,2025-03-24T19:37:55Z,25.0,36599.45,5.0,869236.94,01ul4xwXCBS1OStY9K,0Q0Y06rG9vnItMWK7J
0QLW9hkJyIJ78M0WPF,Synthetic quote line for Quantum Compass Cloud Service Enterprise Meridian.,USD,2024-03-02T05:18:37Z,5.0,29632.04,5.0,140752.19,01uXIkmGfy4nEEQAAS,0Q0vKiY9lpsGulCKEX
0QLJRvUFGYDFD29GZG,Synthetic quote line for Rapid Summit Data Platform Professional Vector.,USD,2023-08-17T16:57:27Z,25.0,46670.55,0.0,1166763.75,01uFQR9XJDjmBB5A31,0Q09RGQv74XKekVK9Q
0QL7ToknKC0kB5dG6K,Synthetic quote line for Virtual Lattice Advisory Standard Cascade.,USD,2022-06-19T12:10:35Z,1.0,4497.34,5.0,4272.47,01u410XzXyDchg8YH3,0Q0EGvjcrpdeQQRKQ0
0QLZ65uRMPMObpYGWY,Synthetic quote line for Connected Ember Cloud Service Edge Nova.,USD,2024-04-25T08:52:05Z,10.0,44462.02,5.0,422389.19,01uDWoma98FCSDQIW6,0Q0Un0a7JNmC2MdS1Q
0QLt5XXyNAbOmV2477,Synthetic quote line for Dynamic Vertex Data Platform Foundation Zenith.,USD,2024-04-09T00:21:22Z,2.0,42667.25,0.0,85334.5,01ueVT7VYwqgtswYUD,0Q0Ec8zGpV5uWyKKZC
0QLeaAJcCr2PfD7G82,Synthetic quote line for Integrated Orbit Hardware Scale Cobalt.,USD,2025-10-06T19:24:31Z,1.0,19835.82,5.0,18844.03,01ujd1o0ubadWBpIPM,0Q07ZBhwL73gZKpSTF
0QLRL9qU2auWcoF4DU,Synthetic quote line for Open Foundry Cloud Service Ultimate Nova.,USD,2021-11-19T23:15:55Z,2.0,73557.04,0.0,147114.08,01uugppu5drNWwvIF8,0Q0AEbT2apDp2dVKUG
0QLDFJKeRt7Smz64W3,Synthetic quote line for Quantum Beacon Support Edge Atlas.,USD,2021-03-25T18:45:12Z,2.0,54004.56,10.0,97208.21,01uYPTzxMh3mfVBQKH,0Q00duImV3RBs6W0E3
0QL3Po3oxnwO6AyGEG,Synthetic quote line for Rapid Pioneer Support Foundation Horizon.,USD,2024-12-23T12:36:06Z,2.0,8286.46,20.0,13258.34,01uyQcPopC4io3SYBV,0Q0p4Sucx7HXtHQK7O
0QLU8ZjP681SgjlGQG,Synthetic quote line for Virtual Harbor Hardware Scale Pulse.,USD,2024-01-03T15:25:24Z,25.0,17374.66,5.0,412648.17,01uMA8zSZGWyKdiAKM,0Q0vABP8sEon12M02S
0QLgcqOJ7WVilC3ONW,Synthetic quote line for Connected Compass Data Platform Vertex Atlas.,USD,2025-10-18T04:37:15Z,1.0,30159.47,10.0,27143.52,01ukbEabFKwQkOkIPL,0Q0DjbC149GqaRdSBD
0QLHRRocSK5FkXSWYV,Synthetic quote line for Dynamic Summit Data Platform Essential Ion.,USD,2025-04-04T16:44:26Z,5.0,10785.31,15.0,45837.57,01uk3g7KZ1foaM1Y43,0Q0RDdVj0fqoN3KC44
0QLujJEGikPxbejW9B,Synthetic quote line for Integrated Lattice Hardware Premier Solstice.,USD,2023-12-19T23:13:45Z,1.0,29451.71,10.0,26506.54,01ulv13FN8KIvguIY4,0Q0HAMzZAXfoJEqSWJ
0QLyODkHwI2tEPVWYY,Synthetic quote line for Open Ember Cloud Service Select Aurora.,USD,2021-11-27T19:01:48Z,5.0,38190.48,20.0,152761.92,01u1sr1soSTDcCMQ43,0Q0nPjNgxf9617aSOD
0QLfUaOXCpcnGuvWWP,Synthetic quote line for Precision Vertex Hardware Vertex Ion.,USD,2026-04-21T12:33:41Z,5.0,28288.64,15.0,120226.72,01uXudy9Iv0rweWYS2,0Q0KqnJM9EavfROK6Q
0QLLfKCw2s7Goc6OJG,Synthetic quote line for Rapid Orbit Advisory Essential Vector.,USD,2021-11-03T17:11:24Z,1.0,24388.14,5.0,23168.73,01uZhc2xX0xLj39ATO,0Q097XcAgU2O2T406W
0QLr1N3HCalqxXgWRS,Synthetic quote line for Virtual Foundry Hardware Premier Cascade.,USD,2021-03-17T11:04:29Z,25.0,19433.53,20.0,388670.6,01uEQENe3mhON7SQTB,0Q0yp9v2BHQ1NEyK4G
0QLbfpVuFdOyQITOEM,Synthetic quote line for Connected Beacon Training Standard Meridian.,USD,2024-01-02T09:37:33Z,50.0,54608.38,15.0,2320856.15,01uAtGzObkdYuQCIKN,0Q09NaODXuktN51SGD
0QLpBmaorWJWAKzGQ9,Synthetic quote line for Dynamic Pioneer Data Platform Core Zenith.,USD,2024-05-13T09:03:28Z,25.0,61055.15,15.0,1297421.94,01uYTScXXHBn0tLASI,0Q0z8v1x3EforX5CNP
0QLY8httduTQ7QVON4,Synthetic quote line for Integrated Harbor Advisory Enterprise Cobalt.,USD,2023-02-20T03:27:51Z,5.0,10572.98,10.0,47578.41,01uDSKa3Fuxi2HMYU2,0Q0P2NfqYLeVzg2KIV
0QLjmcC53WnTpNrW7X,Synthetic quote line for Open Compass Training Professional Nova.,USD,2022-12-22T19:14:45Z,50.0,30487.59,0.0,1524379.5,01uExFr2ox1wODrIJA,0Q0CkgbccIB8AUUSS2
0QLOIDyZDJUFffkW0W,Synthetic quote line for Precision Summit Hardware Standard Zenith.,USD,2024-11-16T11:00:05Z,5.0,43489.71,15.0,184831.27,01uQnxc3f6t4FGwYCY,0Q0KCzT8v9vjlH6SIF
0QLSEHnfIHLDGQS49A,Synthetic quote line for Rapid Lattice Data Platform Core Horizon.,USD,2024-04-12T11:57:28Z,5.0,70136.8,0.0,350684.0,01uUZRnGcVQPMSeQKA,0Q0ndYLGrw18ZHhSLE
0QLJa7HEQzIocl94OY,Synthetic quote line for Virtual Ember Advisory Enterprise Pulse.,USD,2025-01-31T05:34:13Z,1.0,71281.68,20.0,57025.34,01uc6yIZPk12VrWI70,0Q0gr9MX97t5BvMS6V
0QLzD24TlMNQWMzODE,Synthetic quote line for Adaptive Vertex Support Scale Atlas.,USD,2025-09-20T22:30:17Z,25.0,68427.21,0.0,1710680.25,01uQXPpS3qDSOckYL8,0Q0Kfi2M620Hf8yKJQ
0QLBfkqGEPexhWZO76,Synthetic quote line for Dynamic Orbit Hardware Ultimate Horizon.,USD,2023-08-29T21:54:47Z,1.0,42583.91,5.0,40454.71,01uZhc2xX0xLj39ATO,0Q0HkoEJeOteLBp029
0QLUGnTNTJ1OmDM4GI,Synthetic quote line for Integrated Foundry Support Edge Solstice.,USD,2025-02-10T12:16:44Z,2.0,3061.92,5.0,5817.65,01uJrQ9nOdWfBOnQ3P,0Q0GALlDZmpNjflS15
0QLnIfidHb6Zf37G5R,Synthetic quote line for Open Beacon Hardware Foundation Aurora.,USD,2021-03-23T10:48:59Z,5.0,58533.28,10.0,263399.76,01um2SZhcNHxbHdAST,0Q0krkkNmXjW9EMS1N
0QLZe3Bnoys2nFwO2Q,Synthetic quote line for Precision Pioneer Training Scale Ion.,USD,2022-03-23T03:41:16Z,50.0,69638.78,0.0,3481939.0,01uN1gq3AIwqkHLQ6E,0Q0lXdd7LjZXefNCQ3
0QLAp8JQ5tonWkB4PP,Synthetic quote line for Rapid Harbor Data Platform Ultimate Solstice.,USD,2024-12-06T04:19:21Z,1.0,38923.9,0.0,38923.9,01u8rtcKS4F2yn3IV4,0Q0G4A4r3uGEclOKER
0QL5GI1DvU7BwzR4HZ,Synthetic quote line for Virtual Compass Advisory Edge Cascade.,USD,2021-07-09T10:18:48Z,5.0,64953.36,0.0,324766.8,01ucktmDnpi6SA2IM7,0Q038IukLGClFFdCBW
0QLqXlAHruqai164CM,Synthetic quote line for Adaptive Summit Advisory Premier Meridian.,USD,2024-12-08T02:21:14Z,1.0,62224.97,20.0,49779.98,01uj1eeTSR2qMBtADW,0Q0AW9AD16vdxSGCFO
0QLFDt5fSPdsUu0WRE,Synthetic quote line for Dynamic Lattice Data Platform Select Vector.,USD,2024-05-31T07:33:12Z,5.0,70692.03,0.0,353460.15,01uH08kSI20VJz2A7T,0Q0nWzptaAM7smpSIP
0QLbc15Qbe1vITe4VQ,Synthetic quote line for Integrated Ember Data Platform Vertex Cascade.,USD,2025-07-04T03:05:45Z,1.0,30680.59,5.0,29146.56,01uocAw17jHIHntY65,0Q0OoDzgp1xtWvx0K6
0QLWDGD5fL4uslj4A8,Synthetic quote line for Modular Vertex Advisory Essential Nova.,USD,2024-06-02T18:43:34Z,2.0,54370.74,20.0,86993.18,01uhY4N1qLtpcUtI0I,0Q0QWgnFMhe9OJE0DY
0QL9OvdcEv95fdy4IK,Synthetic quote line for Precision Orbit Cloud Service Premier Zenith.,USD,2021-01-02T01:14:15Z,10.0,45283.74,5.0,430195.53,01u1hB0n1KPpQF8QBS,0Q048ENlQ6GD6XxSZP
0QL66V1LPKgHTjL48H,Synthetic quote line for Rapid Foundry Support Select Cobalt.,USD,2026-04-12T22:06:39Z,10.0,8458.83,0.0,84588.3,01uyJSOTpJrkmcvA2N,0Q0VA6zyQctEvZB0V8
0QL1UhEgQM5jQFY4DF,Synthetic quote line for Virtual Beacon Cloud Service Vertex Nova.,USD,2024-01-12T06:16:41Z,10.0,5201.61,5.0,49415.29,01uiOuapJc0w5rMI3Q,0Q0p6vY6JOyfUMBSP3
0QLoUnv6cm41WqXWWH,Synthetic quote line for Adaptive Pioneer Training Enterprise Atlas.,USD,2021-07-21T05:55:35Z,2.0,12498.24,0.0,24996.48,01uSZGMqI3NxLQvINY,0Q0ptU1LTWUH8NeKAT
0QLqccI9nof0wVt4BX,Synthetic quote line for Dynamic Harbor Advisory Professional Horizon.,USD,2023-03-06T16:19:45Z,50.0,6020.83,0.0,301041.5,01uwblHjttgt0qjYKB,0Q0aIOtmLkaenxS096
0QLKeiVHyxPYuEEGME,Synthetic quote line for Integrated Compass Support Standard Pulse.,USD,2022-03-04T18:02:32Z,25.0,39217.82,10.0,882400.95,01uzaJG6CPZmbqtY31,0Q09DcCXGCDv6C3KC2
0QLkq2GLjTv1Iz74JA,Synthetic quote line for Modular Summit Support Core Aurora.,USD,2022-06-07T18:40:27Z,10.0,63595.08,0.0,635950.8,01uNS7Gn3OHWheDQAH,0Q0QmhXXmkqUZOQKOP
0QLspwudE7gYcDSW04,Synthetic quote line for Precision Lattice Cloud Service Enterprise Ion.,USD,2021-07-07T02:24:34Z,5.0,41603.42,0.0,208017.1,01uHm9hkqn3nP7NIX9,0Q08sGdEeVm0MysS3M
0QLclryEGgoVqfLGSB,Synthetic quote line for Rapid Ember Cloud Service Professional Solstice.,USD,2025-04-24T01:15:20Z,5.0,15438.63,0.0,77193.15,01utAAud7huqvEmY3U,0Q0Ejpsq00q35yFC5Y
0QLDDw6aksiqhgPWS5,Synthetic quote line for Unified Vertex Support Standard Aurora.,USD,2025-11-10T14:44:02Z,1.0,13107.3,0.0,13107.3,01uTQrHbd0TJOw2IXT,0Q0vkmxt1MC2n9kC07
0QL5FFlFcrbyfrOG0Q,Synthetic quote line for Adaptive Orbit Advisory Edge Meridian.,USD,2023-05-08T16:37:24Z,2.0,61781.65,0.0,123563.3,01uSKqqqSX58wXjIE2,0Q0qbIMtgE5NNTg0YF
0QL9c5h4Ar2p6q5OP2,Synthetic quote line for Dynamic Foundry Cloud Service Foundation Vector.,USD,2023-03-22T09:21:37Z,50.0,28136.67,0.0,1406833.5,01um1cvKCov7rGbI2J,0Q0pjNYYxgSZIEgKIK
0QLQWh7cUPpWSQ6OBU,Synthetic quote line for Integrated Beacon Advisory Scale Cascade.,USD,2021-08-17T11:06:48Z,25.0,57996.82,20.0,1159936.4,01uJLl4lsfShoyiQNW,0Q0lwKOovvYxJAmKMR
0QLrFJzxxDzN9hy48W,Synthetic quote line for Modular Pioneer Training Ultimate Meridian.,USD,2021-01-28T17:46:14Z,25.0,41221.01,20.0,824420.2,01uLfz5iHhz1ThCASO,0Q0D5YCZ2a7ovGV0D9
0QLY4lPmzDdYDBdW3Z,Synthetic quote line for Precision Harbor Cloud Service Edge Zenith.,USD,2023-11-19T19:44:48Z,50.0,20080.71,20.0,803228.4,01ublUFS5DlQKuoAT4,0Q0MRs6RswnOlQx0NR
0QL8tfhfgPx1PInG9S,Synthetic quote line for Rapid Compass Advisory Foundation Cobalt.,USD,2025-03-21T22:01:31Z,2.0,7352.38,15.0,12499.05,01uG1oGHfFaPv7cAYC,0Q0wp21D6cAniejK6Q
0QLBSo73PtmCUutGAH,Synthetic quote line for Unified Summit Hardware Scale Nova.,USD,2025-03-27T17:50:35Z,50.0,37983.88,15.0,1614314.9,01u5lAQdtIRbdv3AQF,0Q0zZFwVbPLkq5k0HZ
0QLtMSxMrZweNxeOMA,Synthetic quote line for Adaptive Lattice Support Vertex Zenith.,USD,2021-07-05T02:46:48Z,5.0,37627.7,0.0,188138.5,01uXv4K6jjQLtG3AOR,0Q0DZ5Aym0YuaV9SEN
0QLbCSl2WRjmp7Y4I6,Synthetic quote line for Dynamic Ember Data Platform Essential Horizon.,USD,2021-05-21T13:11:12Z,5.0,5022.06,0.0,25110.3,01ugs5rUeguaTaQIXC,0Q0P48rnmOHK7L7SK8
0QLEHD6bhKZyt0OOX7,Synthetic quote line for Elastic Vertex Data Platform Premier Pulse.,USD,2023-04-25T06:34:55Z,1.0,775.03,20.0,620.02,01ugJ9Is01cBYy5ASF,0Q03aLoVGTf8LyHC22
0QLzgaJprLW1uTSGEQ,Synthetic quote line for Modular Orbit Advisory Select Atlas.,USD,2021-07-24T08:33:00Z,1.0,14959.03,20.0,11967.22,01uUX9fzI5TSy2AYK3,0Q0VCHeHt6pPUR6CST
0QLDSKunPYg0O7fG43,Synthetic quote line for Precision Foundry Training Vertex Horizon.,USD,2024-10-08T22:34:46Z,50.0,48990.52,0.0,2449526.0,01ubt6UAjtxypWLAKP,0Q0nJrZyRUclBpFCFH
0QLr9H07AdmKQFzW6K,Synthetic quote line for Rapid Beacon Advisory Essential Solstice.,USD,2025-04-14T07:46:22Z,50.0,56226.29,5.0,2670748.77,01uGQQh5RW001gyILZ,0Q0jRbV6zVPKKleC4Z
0QLs4NMMMjam9m6GUP,Synthetic quote line for Unified Pioneer Advisory Premier Aurora.,USD,2026-01-15T12:59:57Z,10.0,37947.72,0.0,379477.2,01uEzdznkNnOVwYYTK,0Q0vWv3pvCfM0c30GO
0QLyHRLPxRp9tR1G0Q,Synthetic quote line for Adaptive Harbor Cloud Service Standard Ion.,USD,2025-05-23T04:39:42Z,2.0,9517.75,20.0,15228.4,01uJz3Pv66JPasuITX,0Q08pIlLEF4kWCAC38
0QLivZm14cSGhua4ZX,Synthetic quote line for Dynamic Compass Advisory Core Vector.,USD,2021-10-05T10:36:10Z,2.0,55698.97,10.0,100258.15,01uwoIIoLyxXnvpARE,0Q0WidCcHnWg4fJCMU
0QLHWTZl592sWWZ4JG,Synthetic quote line for Elastic Summit Support Enterprise Cascade.,USD,2021-02-17T21:10:26Z,1.0,73680.22,15.0,62628.19,01uLSRYc2aueFNnYD1,0Q099CbrPC9DntnCZC
0QLHshUAnnILhqjOCX,Synthetic quote line for Modular Lattice Cloud Service Professional Meridian.,USD,2022-10-22T03:59:59Z,10.0,72412.36,20.0,579298.88,01uxk0teK1EA1ZrAAD,0Q0rajvnCXX58TxKEW
0QLvp8gprxM6xFGOU2,Synthetic quote line for Precision Ember Advisory Standard Vector.,USD,2023-06-13T06:19:49Z,50.0,74553.79,0.0,3727689.5,01uNCGlsM15XwNYYK0,0Q0Kfi2M620Hf8yKJQ
0QLVWP5k3sgNWckW1B,Synthetic quote line for Quantum Vertex Cloud Service Core Cobalt.,USD,2024-07-29T04:57:28Z,50.0,41859.41,0.0,2092970.5,01uiUF9NOGQMVCOY9G,0Q0FEJ8xt2A9PnZS3W
0QL342U1n8ZGp30O9A,Synthetic quote line for Unified Orbit Advisory Enterprise Nova.,USD,2022-08-28T15:03:28Z,2.0,22833.15,0.0,45666.3,01uns3KdbblltJQYH1,0Q0SD4iAC4Au9ZxC30
0QLpcdjFMML2QAw42G,Synthetic quote line for Adaptive Foundry Support Scale Zenith.,USD,2021-01-16T11:14:36Z,10.0,37655.89,0.0,376558.9,01uSKO64CBXbxbQIV6,0Q0cWPUR8T4NIQtSFH
0QLmpe62NSJYonSGHV,Synthetic quote line for Dynamic Beacon Training Ultimate Cobalt.,USD,2023-04-11T15:07:33Z,50.0,69458.43,0.0,3472921.5,01ucZtNMVx0iGHIAK5,0Q0CeJXAO7PQgVNCNT
0QLlCXtKUfP8kPYGSP,Synthetic quote line for Elastic Pioneer Advisory Edge Pulse.,USD,2023-04-08T12:40:51Z,2.0,12567.55,15.0,21364.83,01uGTFnbU5d3q8sQ0M,0Q0fFUdknRQ9ojC0CD
0QLNTnqtNaS5dBHGMB,Synthetic quote line for Modular Harbor Hardware Foundation Atlas.,USD,2022-12-24T22:15:19Z,5.0,18408.8,5.0,87441.8,01u3gOonB8t78PPYKF,0Q0jHgaDZxY2hGGSPS
0QLKutFsal1NxXA45R,Synthetic quote line for Precision Compass Hardware Scale Horizon.,USD,2023-11-05T20:24:47Z,50.0,18833.52,0.0,941676.0,01uOyGLwPVbjwgxI0L,0Q0I5N1D5UcQmFeSP7
0QLM7LSp7qfrdWVGM1,Synthetic quote line for Quantum Summit Training Ultimate Pulse.,USD,2025-04-05T14:46:33Z,5.0,66097.44,0.0,330487.2,01uL3wcoUYcBvlqYHO,0Q0zdpt8TsyTt4PCDL
0QL0fviqQ6o6qlkGDT,Synthetic quote line for Unified Lattice Advisory Edge Aurora.,USD,2025-12-16T22:50:40Z,2.0,2134.95,5.0,4056.4,01uGm9aqZuKAd5vQXA,0Q0nbaikwH4FVRDKT2
0QLzU136d46k3SyGZN,Synthetic quote line for Adaptive Ember Cloud Service Premier Ion.,USD,2022-04-29T15:05:19Z,2.0,53553.2,0.0,107106.4,01uTHUysWX9DJtwY6N,0Q0jT5P4vGhnWTdC53
0QL4WlKwJQNcRORGGB,Synthetic quote line for Connected Vertex Advisory Select Solstice.,USD,2023-08-18T07:06:38Z,1.0,34853.4,5.0,33110.73,01ufoNYmByS2ulgYVQ,0Q0SqSwIJpFphfF0SW
0QLkHfQpgh4J6I8WDF,Synthetic quote line for Elastic Orbit Hardware Vertex Aurora.,USD,2021-08-12T18:08:03Z,1.0,64378.36,15.0,54721.61,01umXfMNeJIQUlcIEX,0Q0LiSknugQeJpHKIV
0QLOFsNI55uomI04RZ,Synthetic quote line for Modular Foundry Training Essential Meridian.,USD,2025-04-17T11:24:28Z,10.0,18281.35,0.0,182813.5,01uT2HYAu6kyAXCY0P,0Q0NzNAgOrV51Bk0NW
0QLbFYimexP4DxAGZ7,Synthetic quote line for Precision Beacon Hardware Premier Vector.,USD,2023-08-19T11:02:32Z,50.0,73256.37,5.0,3479677.57,01uDiBAAE5g7Vm3QK9,0Q0zdWOaWHYp5gL0TH
0QLZSAC5tKvVg63OJX,Synthetic quote line for Quantum Pioneer Training Select Cascade.,USD,2021-05-10T19:11:26Z,5.0,66680.44,20.0,266721.76,01uSoqNuS1WuhQCQ4I,0Q0VOT6DEeMaocfS08
0QL1IpcC6CDZ8qpOAK,Synthetic quote line for Unified Harbor Cloud Service Vertex Meridian.,USD,2021-09-17T06:55:05Z,1.0,43212.85,15.0,36730.92,01usnDJaZ6DqB4DQ12,0Q06d5Zmh7HL9vZCVL
0QLOazOQa2NvKyo43A,Synthetic quote line for Adaptive Compass Data Platform Enterprise Zenith.,USD,2024-09-04T09:59:51Z,1.0,68494.65,15.0,58220.45,01uFvL7F5Qaj8h6QH0,0Q0SisixZ88mouU0PN
0QLlbntHPKWPPK9G4O,Synthetic quote line for Connected Summit Cloud Service Professional Cobalt.,USD,2026-04-11T19:00:22Z,10.0,61695.92,10.0,555263.28,01uSgRVaFEegm2VISP,0Q0iF4OzkQF2IadCP6
0QLez5pNqguyvebWMJ,Synthetic quote line for Elastic Lattice Support Standard Nova.,USD,2021-02-03T20:15:54Z,25.0,49598.08,15.0,1053959.2,01uBjAWyQlOs905YJ0,0Q0D5YCZ2a7ovGV0D9
0QLufezI2YCqZjzWE3,Synthetic quote line for Modular Ember Advisory Core Atlas.,USD,2021-04-14T09:34:23Z,10.0,46950.27,15.0,399077.29,01uDWoma98FCSDQIW6,0Q0almCH2e1wVeJKCN
0QLOJsIDVhsRKMaGNH,Synthetic quote line for Open Vertex Advisory Enterprise Horizon.,USD,2024-08-11T23:24:17Z,2.0,25237.05,20.0,40379.28,01utHXQKP7wXfxpIGW,0Q0tKohAc4alP81S8K
0QLZYepD2VzQr8OGIW,Synthetic quote line for Quantum Orbit Support Professional Pulse.,USD,2022-06-28T07:07:42Z,25.0,62853.73,10.0,1414208.93,01ulr3bX0CgclaDYGJ,0Q0NzNAgOrV51Bk0NW
0QLbsEkhhP13n4IWHL,Synthetic quote line for Unified Foundry Hardware Standard Atlas.,USD,2025-05-10T18:18:24Z,10.0,15566.92,20.0,124535.36,01uzaJG6CPZmbqtY31,0Q0QmhXXmkqUZOQKOP
0QLb2MFHAgNQ1ejW9G,Synthetic quote line for Adaptive Beacon Advisory Edge Ion.,USD,2024-05-28T07:54:33Z,10.0,22231.49,15.0,188967.67,01uUX9fzI5TSy2AYK3,0Q0JxI2OvSAaRWvCXW
0QLQuRhw3VPUGdpOXE,Synthetic quote line for Connected Pioneer Data Platform Foundation Solstice.,USD,2025-11-02T12:09:09Z,1.0,71278.9,10.0,64151.01,01uiUF9NOGQMVCOY9G,0Q0JtgI8TxEW7FT0VJ
0QLuUoydhpjg9r1G9Y,Synthetic quote line for Elastic Harbor Hardware Scale Aurora.,USD,2024-03-26T13:07:00Z,10.0,20386.37,20.0,163090.96,01uh03z6u8t52A7Q6A,0Q0FTXEUl7Vxp9p0F2
0QLwdZrNKDMuc0gGSD,Synthetic quote line for Modular Compass Cloud Service Ultimate Ion.,USD,2026-06-02T11:27:35Z,25.0,10777.02,20.0,215540.4,01u2Byfa4IwUJDvQM7,0Q0FAZHxQMgafSg0UB
0QL4hio3oyWwo7H4YP,Synthetic quote line for Open Summit Support Edge Vector.,USD,2024-02-13T11:03:24Z,25.0,1653.82,5.0,39278.22,01uEzdznkNnOVwYYTK,0Q0DYVjyqDMK0eyC76
0QLGNZooJf2tdaS4SS,Synthetic quote line for Quantum Lattice Support Foundation Cascade.,USD,2021-03-20T05:12:29Z,50.0,24496.46,0.0,1224823.0,01uOgtH6Q9DN1ajABO,0Q0VtzH6N0beEhy0TA
0QL21qmryjmTvrPWDN,Synthetic quote line for Unified Ember Cloud Service Scale Meridian.,USD,2022-07-19T01:03:13Z,2.0,66788.75,5.0,126898.62,01urxQLoY7r3bGEAZO,0Q0ltYG5cOcJx34S24
0QLvEyo3PavzGRCW0M,Synthetic quote line for Virtual Vertex Support Ultimate Vector.,USD,2022-09-04T03:34:17Z,10.0,43839.43,5.0,416474.58,01uyJ6zkekdSnuUYV2,0Q0UM5gKXmrvWB1KYY
0QLUHNhnKeJMtqAO6B,Synthetic quote line for Connected Orbit Cloud Service Essential Cobalt.,USD,2022-02-23T23:51:30Z,50.0,7459.93,5.0,354346.67,01u6KKbQZEsQD2mQJW,0Q0aMScNDXDhOfz074
0QLqaFrp0jF7ddeWRD,Synthetic quote line for Elastic Foundry Advisory Premier Nova.,USD,2023-04-17T14:45:19Z,10.0,22474.45,10.0,202270.05,01u3gOonB8t78PPYKF,0Q00gUfP5MnAc6bSUP
0QLqBn1VaRYk3OtGJ4,Synthetic quote line for Modular Beacon Hardware Select Zenith.,USD,2023-01-31T12:36:46Z,50.0,20383.59,0.0,1019179.5,01uGRqSyJsjiNj7YGL,0Q0GALlDZmpNjflS15
0QL6s3wAbVYt0ChOAM,Synthetic quote line for Open Pioneer Data Platform Vertex Cobalt.,USD,2026-05-07T13:56:47Z,2.0,31337.85,20.0,50140.56,01u9aywL7bFTcXFIGN,0Q0P3A86uMgxs6LKYH
0QLkyTKXgmC9VaGW6Y,Synthetic quote line for Quantum Harbor Hardware Essential Pulse.,USD,2022-05-15T10:12:16Z,1.0,59220.17,10.0,53298.15,01uVXzdM9yvV1AcA3O,0Q0x8py2WwWuEBe0GD
0QLxLbCWQgdnrE7OXU,Synthetic quote line for Unified Compass Training Premier Atlas.,USD,2025-12-23T09:23:22Z,5.0,59949.17,5.0,284758.56,01uhW98iIa7YqecQM6,0Q02YRUsvwh1C260R2
0QLoH2BE6HiPWkcO87,Synthetic quote line for Virtual Summit Cloud Service Select Horizon.,USD,2021-03-02T10:15:29Z,25.0,52718.46,10.0,1186165.35,01uk7RIGqtW7TtTAU7,0Q0rmzIHenT6KyfKQ0
0QLOK7sfe3OQxeHGMU,Synthetic quote line for Connected Lattice Advisory Core Solstice.,USD,2025-08-01T14:52:35Z,50.0,60535.64,10.0,2724103.8,01uMJ9arXStTHbCI6J,0Q0yAGrdn9ODGgMKSG
0QLWkMjnbMmVnCI401,Synthetic quote line for Elastic Ember Support Enterprise Aurora.,USD,2022-07-11T04:44:06Z,1.0,58439.02,20.0,46751.22,01uOjdsyc3asY9jQM2,0Q0bxcNlfSVzt8PK0I
0QLkAVqBSEP2YQyOS5,Synthetic quote line for Integrated Vertex Advisory Professional Ion.,USD,2023-01-03T11:15:11Z,10.0,62599.22,0.0,625992.2,01uoUHUXFK8KV8SIAZ,0Q0roX4NnOlnIF8SO8
0QLPJqYJXlAeNwQWNF,Synthetic quote line for Open Orbit Support Standard Solstice.,USD,2023-03-30T07:53:01Z,10.0,53095.6,0.0,530956.0,01u4GnyBkjhiE9TAMV,0Q0UaARlUQUkVZR0NF
0QL7Q0qHVacboO3O8J,Synthetic quote line for Quantum Foundry Hardware Core Cascade.,USD,2024-04-24T08:13:12Z,10.0,33370.41,0.0,333704.1,01uqy7cd4gc1JX3I1T,0Q0s3IktVsBvZnkKMQ
0QLGMIlGXVXsH744RJ,Synthetic quote line for Unified Beacon Hardware Enterprise Meridian.,USD,2022-09-22T02:31:27Z,2.0,5723.66,0.0,11447.32,01umTuXQdudoFUAA13,0Q0pl68A87QZmejSRB
0QLPp2mW4Ufg1gqO8M,Synthetic quote line for Virtual Pioneer Hardware Professional Vector.,USD,2024-09-11T13:31:01Z,50.0,24015.31,0.0,1200765.5,01ulAUjRtN0XkWuANU,0Q0fGnHVuRwxOIU0NW
0QL1sPztBHddf2oWEF,Synthetic quote line for Connected Harbor Advisory Ultimate Cascade.,USD,2024-07-03T11:07:02Z,5.0,26177.62,10.0,117799.29,01uoKAmIlDksj0cYMV,0Q0kwfVaYJ1x4rtKKS
0QLBrcfc8DgYraiO12,Synthetic quote line for Elastic Compass Advisory Edge Nova.,USD,2025-10-27T20:12:23Z,10.0,63933.08,15.0,543431.18,01uhCzHVx5ltOWXIB9,0Q0ue5xPGAonUay0EI
0QLyDI8PZm2mLovWE3,Synthetic quote line for Integrated Summit Training Foundation Zenith.,USD,2025-10-12T19:10:34Z,2.0,27541.45,10.0,49574.61,01uXO1QlNf8dW1AYOF,0Q0y0wn54qgGZ6mC1D
0QLNiCn2D6cL2lo4AB,Synthetic quote line for Open Lattice Cloud Service Scale Cobalt.,USD,2022-03-10T09:12:11Z,10.0,60351.32,20.0,482810.56,01uzkFgHHKOHNb8ADY,0Q0m4FBIVMiMNDbSZ3
0QLkKnKEHOuH30u4T0,Synthetic quote line for Quantum Ember Data Platform Ultimate Nova.,USD,2024-08-20T20:36:40Z,10.0,40872.98,0.0,408729.8,01ulwZIpMmZ5fTrY04,0Q0BDoxOItZsSFnCWQ
0QLtAfAM3dUaEjL46J,Synthetic quote line for Rapid Vertex Training Edge Atlas.,USD,2021-05-14T00:26:09Z,25.0,73593.69,0.0,1839842.25,01umqAw1yoGjRKZYO5,0Q01SXsVoZsWA4w0JV
0QL3q5ifajezy694ZW,Synthetic quote line for Virtual Orbit Support Foundation Horizon.,USD,2024-06-16T14:53:00Z,5.0,74172.61,10.0,333776.74,01uynmR1qubBiOaYYH,0Q0x0Oq3cwYESEqSLG
0QLPS60Fiep27FXO80,Synthetic quote line for Connected Foundry Support Select Pulse.,USD,2023-02-27T05:56:05Z,5.0,73264.37,15.0,311373.57,01uVTcsqzRQW04eAMD,0Q0ZgJdoTkoIsfhK4P
0QLKsMs62DbRdzLWWM,Synthetic quote line for Elastic Beacon Data Platform Vertex Atlas.,USD,2021-10-17T02:46:14Z,25.0,18402.95,20.0,368059.0,01u0yZubnpdFfGaIV0,0Q0rUNwMiAoynjFSUU
0QLuCyA3XTpDZ3a4BF,Synthetic quote line for Integrated Pioneer Hardware Essential Ion.,USD,2022-12-06T17:42:00Z,50.0,9886.38,0.0,494319.0,01up9L1rMMIROsoYKL,0Q02vgyJ9bcmGXo0U5
0QL5nlk0QeSmIfJWN1,Synthetic quote line for Open Harbor Advisory Premier Solstice.,USD,2025-12-11T07:21:54Z,2.0,68785.25,15.0,116934.93,01ugMp6vnqPK29EAUZ,0Q0AEbT2apDp2dVKUG
0QLK1J9FG2W2cAqO4V,Synthetic quote line for Quantum Compass Training Select Aurora.,USD,2026-06-24T00:44:38Z,1.0,2527.76,15.0,2148.6,01u6e7sGIJ0p16CAAZ,0Q0r2uhHCkM0LSF0N6
0QL2Lax8GFuyjbaO71,Synthetic quote line for Rapid Summit Cloud Service Vertex Ion.,USD,2023-08-11T04:43:25Z,25.0,22583.57,20.0,451671.4,01uxm81ZRsM2DEwQVA,0Q0yJd3L9smlopjCDR
0QLuwPqvdSxVKcnWC2,Synthetic quote line for Virtual Lattice Cloud Service Essential Vector.,USD,2023-10-03T19:30:08Z,10.0,34693.48,10.0,312241.32,01uJz3Pv66JPasuITX,0Q0om3yFYMQPBBLKV0
0QLRAlC0FviK3JGGMP,Synthetic quote line for Connected Ember Advisory Professional Cascade.,USD,2021-10-05T21:17:22Z,5.0,57289.37,0.0,286446.85,01ujwTES8hRA7BmARX,0Q0NRqy38HV4NCaCKY
0QLh5TqPZ5OHuwFW9M,Synthetic quote line for Dynamic Vertex Hardware Standard Meridian.,USD,2022-09-02T00:36:58Z,2.0,1962.15,10.0,3531.87,01uDiBAAE5g7Vm3QK9,0Q0nNCEVV19Mujv099
0QLybiTDztnMn6fO97,Synthetic quote line for Integrated Orbit Hardware Core Zenith.,USD,2021-08-31T15:17:27Z,50.0,61065.15,5.0,2900594.62,01uQXPpS3qDSOckYL8,0Q0UAIBfvEXE9LTKC9
0QL75Cgbxic6uTLWNG,Synthetic quote line for Open Foundry Support Enterprise Cobalt.,USD,2025-05-23T07:45:24Z,25.0,20897.51,0.0,522437.75,01uxGUu3X0m16ejI17,0Q0YbxFkntJskkYSW8
0QLvil3QnaQERcqGUT,Synthetic quote line for Quantum Beacon Support Professional Nova.,USD,2024-09-28T23:32:03Z,25.0,39734.11,15.0,844349.84,01u2Byfa4IwUJDvQM7,0Q0NzNAgOrV51Bk0NW
0QLktlioQz2aDypOWS,Synthetic quote line for Rapid Pioneer Advisory Standard Zenith.,USD,2024-09-01T02:27:41Z,10.0,28066.74,20.0,224533.92,01u1UxX9MCMWUfpAI9,0Q02Ur06o9ksFNkSNG
0QLuP1hFntea48hOZZ,Synthetic quote line for Virtual Harbor Cloud Service Core Horizon.,USD,2021-10-12T20:04:36Z,10.0,49538.75,10.0,445848.75,01uLbKRe3aHzpFnIFF,0Q0dyP9SpTcGVtD0DY
0QL2w0dXXSaeTAyWOA,Synthetic quote line for Connected Compass Training Foundation Pulse.,USD,2025-07-31T02:07:19Z,10.0,26876.71,5.0,255328.74,01ubUfoM4bMvoiHY9B,0Q0juWqVclxSVArCRT
0QL7i3ERXheiq8kG92,Synthetic quote line for Dynamic Summit Training Scale Atlas.,USD,2021-08-01T02:57:23Z,2.0,42571.74,0.0,85143.48,01ulr3bX0CgclaDYGJ,0Q0NzNAgOrV51Bk0NW
0QL99Ba0SXJyfV8GNS,Synthetic quote line for Integrated Lattice Advisory Ultimate Horizon.,USD,2021-09-21T19:05:14Z,2.0,39398.68,20.0,63037.89,01uqbMARsmKpgLtYV6,0Q0KIkNzP5mH57fCF1
0QLNaOMWjdKrgeEW1Q,Synthetic quote line for Open Ember Training Edge Solstice.,USD,2021-09-14T11:49:17Z,1.0,72004.1,15.0,61203.49,01uV1w6txw3ypc8QJ7,0Q0rqitzigvVQnDC7W
0QLeERGJS7DKXnMOMI,Synthetic quote line for Precision Vertex Training Foundation Aurora.,USD,2024-12-31T03:43:41Z,1.0,73961.45,20.0,59169.16,01uwrxBxGfjEpqeIX1,0Q0NzNAgOrV51Bk0NW
0QLHr3Du0jInyEvWWJ,Synthetic quote line for Rapid Orbit Cloud Service Scale Ion.,USD,2024-02-05T12:33:56Z,10.0,47487.89,0.0,474878.9,01utHXQKP7wXfxpIGW,0Q0a5KtEAda2GOI0SQ
0QLoREH2d20KFGOGSM,Synthetic quote line for Virtual Foundry Hardware Ultimate Solstice.,USD,2021-06-07T22:22:08Z,10.0,66818.69,20.0,534549.52,01uWiXi07rUIM5NQCX,0Q0YycBaNU8hxrXSN7
0QL50hLnDtMW8nmGY0,Synthetic quote line for Connected Beacon Advisory Essential Cascade.,USD,2022-06-23T15:29:30Z,10.0,43604.49,5.0,414242.65,01ucHEPS0QvaxktQ3H,0Q0jbfBIUGXnov3K23
0QLJ17XgiboJhwqO84,Synthetic quote line for Dynamic Pioneer Data Platform Premier Meridian.,USD,2021-08-12T11:42:54Z,2.0,14087.91,15.0,23949.45,01ugs5rUeguaTaQIXC,0Q0s9cFB18WdAYXSEV
0QLcr9AUXS2QwNKWNN,Synthetic quote line for Integrated Harbor Advisory Select Vector.,USD,2022-06-01T09:54:39Z,25.0,68254.83,15.0,1450415.14,01ueWs86Xwn1DjpQBT,0Q07pwLAoNR7zJZKAW
0QLaHET0R8aRbSqO58,Synthetic quote line for Open Compass Advisory Vertex Cascade.,USD,2026-03-14T22:14:25Z,25.0,9454.13,0.0,236353.25,01uMQRR3zGeNWaaAA7,0Q0rsmxnVvCvNzbC95
0QLLUnzGWlNTQr3WPH,Synthetic quote line for Precision Summit Advisory Essential Nova.,USD,2021-11-30T21:11:38Z,2.0,56188.54,15.0,95520.52,01ul6IP0ZbL6Ie6A0B,0Q0W52PeeLUKYZrC6E
0QLCbhsCTLdscLvWI7,Synthetic quote line for Rapid Lattice Cloud Service Premier Zenith.,USD,2021-10-23T00:33:30Z,5.0,43017.47,15.0,182824.25,01u0ElwG1CqM4RlQXP,0Q0EGvjcrpdeQQRKQ0
0QLykSMaFmbSafkG6O,Synthetic quote line for Virtual Ember Data Platform Select Cobalt.,USD,2025-01-21T04:21:13Z,10.0,44014.73,0.0,440147.3,01uHm9hkqn3nP7NIX9,0Q0TL6xATQoeToSKVX
0QLKiZg7n5ifFUTGA9,Synthetic quote line for Adaptive Vertex Cloud Service Core Pulse.,USD,2023-10-17T19:50:34Z,50.0,48752.41,0.0,2437620.5,01uj1eeTSR2qMBtADW,0Q0cdciOsA7jNqcSYS
0QL4QFcWfyYC5E1WN0,Synthetic quote line for Dynamic Orbit Advisory Enterprise Atlas.,USD,2021-05-14T23:43:49Z,25.0,1394.77,15.0,29638.86,01u9usVZAaaGnwRYOD,0Q09n9lCm4o7HM5K5W
0QLRyxeZpfjlLtDW32,Synthetic quote line for Integrated Foundry Training Professional Horizon.,USD,2023-10-12T15:40:06Z,1.0,17784.0,20.0,14227.2,01uHFWUTMgyHoQZYYJ,0Q0ZJcFcM9hiTAmS66
0QLxAWGAZqK8fyMWBK,Synthetic quote line for Open Beacon Hardware Standard Pulse.,USD,2025-03-13T16:47:12Z,25.0,8642.29,0.0,216057.25,01uizFG7tdRUqr4QN5,0Q0K8dxs8PFfw6uCX3
0QLk0cxGnHvEsw34XM,Synthetic quote line for Precision Pioneer Training Core Aurora.,USD,2021-02-01T02:02:30Z,50.0,70890.18,0.0,3544509.0,01u07ivu2QA6dAiA8A,0Q0p4Sucx7HXtHQK7O
0QL73RMlDUZm47xWI6,Synthetic quote line for Rapid Harbor Data Platform Enterprise Ion.,USD,2024-03-05T20:35:10Z,10.0,33053.71,20.0,264429.68,01uKbd2MFF1p4b2Y0X,0Q0NzNAgOrV51Bk0NW
0QLpOMsNU3BdlIRG3E,Synthetic quote line for Virtual Compass Cloud Service Professional Solstice.,USD,2024-05-13T03:11:36Z,5.0,24836.0,5.0,117971.0,01uCWB5aWFw8B9nYGC,0Q0ltKZOFss8L0zSJT
0QLrTxXPCTFhbIM417,Synthetic quote line for Adaptive Summit Cloud Service Ultimate Aurora.,USD,2024-06-08T16:11:51Z,5.0,44009.39,20.0,176037.56,01uw9PVgWwT4QAvAVE,0Q0TnyM8DwXuN9XSAA
0QL2DsivdYK4qW1O3L,Synthetic quote line for Dynamic Lattice Support Edge Meridian.,USD,2025-07-01T22:33:06Z,50.0,64309.88,10.0,2893944.6,01u3FvJM2hx0UgmYAS,0Q0qopVehbtl5xFKBC
0QLhJovZiEOBTsHGZR,Synthetic quote line for Integrated Ember Training Foundation Vector.,USD,2025-10-27T21:25:49Z,50.0,39095.2,5.0,1857022.0,01uybNfPLC9zk1iIPC,0Q0ovyzuncmuxNiSHQ
0QLCuxJp6Z3oGRF4XV,Synthetic quote line for Modular Vertex Training Scale Cascade.,USD,2022-08-15T16:24:14Z,1.0,11863.84,0.0,11863.84,01uMNJLwpZuTDndQVS,0Q0X0rdLOITvsb1STS
0QLkngtk2b83JlcWFS,Synthetic quote line for Precision Orbit Training Ultimate Meridian.,USD,2025-10-25T07:20:14Z,2.0,37272.99,20.0,59636.78,01uHRSXfJkCx1mUQFK,0Q0vKiY9lpsGulCKEX
0QLtI82Qj4XvLmhOVF,Synthetic quote line for Rapid Foundry Support Edge Zenith.,USD,2021-03-18T10:35:37Z,25.0,24003.18,5.0,570075.53,01upghMAFa2ixN1Q3E,0Q038IukLGClFFdCBW
0QLkcl3i5weHpfhG6S,Synthetic quote line for Virtual Beacon Hardware Foundation Cobalt.,USD,2022-09-07T00:08:43Z,5.0,62154.63,20.0,248618.52,01uwUw0jM354l9gAAU,0Q0CeJXAO7PQgVNCNT
0QL1UXMHkSn8KTzWQD,Synthetic quote line for Adaptive Pioneer Data Platform Select Nova.,USD,2025-06-16T21:29:05Z,1.0,8180.79,5.0,7771.75,01uh03z6u8t52A7Q6A,0Q0K3GuzewQD9r9SM1
0QL1y6Pxe37c7KyWPD,Synthetic quote line for Dynamic Harbor Advisory Vertex Zenith.,USD,2021-09-27T12:32:03Z,1.0,66602.43,10.0,59942.19,01ukZSaar5kiB8EAE2,0Q0NzNAgOrV51Bk0NW
0QLnqyDqAtiFop7GCP,Synthetic quote line for Integrated Compass Support Essential Horizon.,USD,2023-08-12T02:24:40Z,2.0,58978.55,10.0,106161.39,01uSZGMqI3NxLQvINY,0Q0zCchcmdY2wZg0Q4
0QLjVNpykc3tGOcWWO,Synthetic quote line for Modular Summit Advisory Premier Pulse.,USD,2025-09-22T08:56:44Z,1.0,48395.41,10.0,43555.87,01ulbAgwhu3vmAaIEX,0Q0RmWc2MZ1vFPgSTX
0QLFDMuiMErg1SDWKR,Synthetic quote line for Precision Lattice Advisory Select Atlas.,USD,2022-05-08T15:22:21Z,1.0,61849.85,15.0,52572.37,01uhY4N1qLtpcUtI0I,0Q0QUxDCblDXToOK9O
0QLhggRFIXFFmmQO0L,Synthetic quote line for Rapid Ember Advisory Vertex Horizon.,USD,2023-05-01T14:55:53Z,2.0,7805.67,0.0,15611.34,01uTsGST0Vu9nmEQER,0Q0dWOaWHYp5gLA0TH
0QLrnfjM4IiiMAXWJ0,Synthetic quote line for Unified Vertex Support Essential Solstice.,USD,2022-06-05T14:28:12Z,2.0,14965.1,0.0,29930.2,01unzqchnBJvFvNARI,0Q0oFdRFAPXMLmi0Y2
0QLJsvFWDMHugWz4DG,Synthetic quote line for Adaptive Orbit Advisory Professional Aurora.,USD,2022-04-17T07:30:54Z,50.0,13679.66,20.0,547186.4,01u1rZvt4FcsUzWAJ2,0Q0NzNAgOrV51Bk0NW
0QLYwRArlmMUZR8WVQ,Synthetic quote line for Dynamic Foundry Cloud Service Standard Ion.,USD,2025-05-20T15:10:26Z,2.0,12433.15,20.0,19893.04,01ua1baryg2Ruz5AMA,0Q0tSOX5727ITrRS9A
0QLnAR51HlNNSt2WH6,Synthetic quote line for Integrated Beacon Data Platform Core Vector.,USD,2021-06-10T20:03:31Z,10.0,14062.15,0.0,140621.5,01uQ1lJHScxNZ6NAQB,0Q0zR82YuOQtR0vKNF
0QLpXRZywOifQ454M9,Synthetic quote line for Modular Pioneer Cloud Service Enterprise Cascade.,USD,2022-08-26T22:37:40Z,10.0,49017.06,0.0,490170.6,01u07ivu2QA6dAiA8A,0Q0UTszVo3FVphFC65
0QL2Fcuq3w2vLxTWQI,Synthetic quote line for Precision Harbor Data Platform Professional Meridian.,USD,2025-09-14T16:24:53Z,10.0,9210.33,5.0,87498.13,01u8XnYHXYRns9gY34,0Q0P9SpTcGVtDY6CYD
0QLWWXmYrtaoThXW8X,Synthetic quote line for Rapid Compass Training Standard Vector.,USD,2025-02-28T02:06:36Z,25.0,64614.54,20.0,1292290.8,01u8xZQQ01lrCVlYQL,0Q0kSzhPvsMl0zcCYI
0QLXSvJ86svNNLUOXJ,Synthetic quote line for Unified Summit Hardware Core Cobalt.,USD,2021-08-01T15:05:06Z,1.0,65246.18,0.0,65246.18,01urg3aqums3OsAYDX,0Q0xghMwOLhlU3oSBQ
0QLPYOYW4JwVM7cOQR,Synthetic quote line for Adaptive Lattice Support Foundation Nova.,USD,2025-01-09T11:04:46Z,5.0,67317.51,0.0,336587.55,01um2SZhcNHxbHdAST,0Q03OQDQB9OJfOUCQZ
0QLo4AU5C2Px3izOPJ,Synthetic quote line for Dynamic Ember Training Scale Zenith.,USD,2021-12-08T15:38:15Z,2.0,62150.09,20.0,99440.14,01uCyKZmipXHx2mYRP,0Q03Ac2haAeO1gq05E
0QLqVpeosAHzDlfG3T,Synthetic quote line for Elastic Vertex Training Ultimate Cobalt.,USD,2023-08-18T05:31:35Z,25.0,8627.83,20.0,172556.6,01uJz3Pv66JPasuITX,0Q00YLoSsWJcXMKCRN
0QLFsqwfAQVL6rQWAY,Synthetic quote line for Modular Orbit Hardware Edge Pulse.,USD,2023-03-16T22:32:58Z,1.0,40034.59,10.0,36031.13,01uSuv7um4Jc91gAI2,0Q09veOWS3PKpbq0WJ
0QLahzBD6Xmx7TQ4LA,Synthetic quote line for Precision Foundry Hardware Foundation Atlas.,USD,2023-11-24T14:06:47Z,2.0,34567.33,0.0,69134.66,01uoTx9HsbskBk7AKO,0Q019p0HTXvPZt5KGI
0QLyIYThZooogBRWGV,Synthetic quote line for Rapid Beacon Data Platform Scale Horizon.,USD,2022-01-01T07:37:37Z,50.0,9637.75,0.0,481887.5,01uen5Cpi1qkPs2QED,0Q0ftrGGMJvmTZT07V
0QLqb1x1V0W4nyIOYV,Synthetic quote line for Unified Pioneer Data Platform Ultimate Pulse.,USD,2024-02-29T20:26:01Z,50.0,32002.66,10.0,1440119.7,01u71TYWHFtX08fYSW,0Q01zwfI55KkypGSDT
0QL1c8XiGIB0ExYGH5,Synthetic quote line for Adaptive Harbor Training Essential Aurora.,USD,2024-11-04T17:41:51Z,25.0,72304.17,20.0,1446083.4,01uKz1iBqRHCmlrY7E,0Q0Zf3sYH6KXw0z0AK
0QLLlA7pPLxjI6MOFH,Synthetic quote line for Dynamic Compass Advisory Premier Ion.,USD,2025-11-30T21:02:12Z,25.0,22938.03,10.0,516105.67,01ul7MaOwG3jnK1Q60,0Q0SvqcVjYevkwwCE8
0QLqvpaRw9Ss8Rl42C,Synthetic quote line for Elastic Summit Advisory Select Solstice.,USD,2026-05-21T21:06:19Z,50.0,59826.41,5.0,2841754.48,01u3VcPWmfc83TAIIQ,0Q0NzNAgOrV51Bk0NW
0QLVAlNHQB3Yrbx4S4,Synthetic quote line for Modular Lattice Cloud Service Vertex Aurora.,USD,2026-06-21T12:57:16Z,1.0,41233.52,0.0,41233.52,01ukTN9SMFYWgwjAMQ,0Q0T58eEma4pNAQSCN
0QLCOrzYmji3UdV4U4,Synthetic quote line for Precision Ember Training Essential Meridian.,USD,2021-12-17T12:44:04Z,10.0,53048.64,15.0,450913.44,01unzqchnBJvFvNARI,0Q03UeCZM9xdaSlCEJ
0QLoop64aDSvUd0WXS,Synthetic quote line for Quantum Vertex Support Premier Vector.,USD,2025-10-19T03:17:06Z,1.0,36639.89,20.0,29311.91,01uBIFhzdfmqjNGQMJ,0Q0pBIdM1ydDAU3SMR
0QLqh7Dtz5x7kYAO1V,Synthetic quote line for Unified Orbit Advisory Select Cascade.,USD,2024-09-25T09:41:47Z,5.0,18673.97,20.0,74695.88,01up2y9M1x2zHlGIII,0Q0wOx2xodI5a5IC5R
0QLz2i76jaWYOeDWOA,Synthetic quote line for Adaptive Foundry Data Platform Core Nova.,USD,2024-09-15T20:28:07Z,5.0,34242.04,20.0,136968.16,01uxGUu3X0m16ejI17,0Q0fkG5fPr4ooYgC5K
0QLAOIAqyZgMAgDG9B,Synthetic quote line for Dynamic Beacon Cloud Service Enterprise Zenith.,USD,2026-06-26T03:52:11Z,10.0,17499.02,5.0,166240.69,01uynmR1qubBiOaYYH,0Q0Y6tabFrWGi7D04M
0QLikVSY75lqAqW4D9,Synthetic quote line for Elastic Pioneer Cloud Service Professional Cobalt.,USD,2025-12-06T04:47:18Z,25.0,13272.72,0.0,331818.0,01uBP89MPIG4q8LQF3,0Q08sGdEeVm0MysS3M
0QL9izxD93BOScNGHB,Synthetic quote line for Modular Harbor Hardware Standard Nova.,USD,2021-10-18T01:36:15Z,25.0,73782.05,5.0,1752323.69,01unim0cLH2qX1pAP5,0Q0NzNAgOrV51Bk0NW
0QLdSm23O6GAmQRG2U,Synthetic quote line for Precision Compass Cloud Service Core Atlas.,USD,2021-11-24T11:23:47Z,5.0,50433.96,15.0,214344.33,01uhMKIX1dZxo2KIIG,0Q0NzNAgOrV51Bk0NW
0QLzP6eChVu3dnTG0H,Synthetic quote line for Quantum Summit Advisory Enterprise Horizon.,USD,2021-03-01T22:59:16Z,2.0,22023.95,10.0,39643.11,01u9aywL7bFTcXFIGN,0Q0QWgnFMhe9OJE0DY
0QLr6cnAK5UZe5OOSW,Synthetic quote line for Unified Lattice Advisory Professional Pulse.,USD,2023-04-19T22:49:46Z,10.0,28534.18,0.0,285341.8,01uTHUysWX9DJtwY6N,0Q0Xo73RKHc7hVBCT2
0QLUbDeMawLHHikGDH,Synthetic quote line for Adaptive Ember Data Platform Ultimate Atlas.,USD,2024-04-05T14:35:20Z,10.0,69185.14,10.0,622666.26,01u3VcPWmfc83TAIIQ,0Q0Po5S2b8p7BQuSOR
0QLU5SBc9oqbt6NGPV,Synthetic quote line for Connected Vertex Hardware Edge Ion.,USD,2022-01-12T16:02:58Z,25.0,59596.87,0.0,1489921.75,01uHSyfqxvgRD1MIWU,0Q0aRAiYp9T4IDsSVP
0QLYLO4rRl1ByH64MZ,Synthetic quote line for Elastic Orbit Cloud Service Foundation Solstice.,USD,2023-06-28T11:34:59Z,50.0,40802.94,5.0,1938139.65,01ulrUP6PcHgsyjA5X,0Q02vgyJ9bcmGXo0U5
0QLEKxjCDWnoGmmWEM,Synthetic quote line for Modular Foundry Advisory Scale Aurora.,USD,2024-08-01T05:02:09Z,1.0,24970.66,5.0,23722.13,01usZ2rGNCIb4HvA44,0Q09OTWJLOjGDdCCIG
0QL9lZiF7RTw7V2O7E,Synthetic quote line for Precision Beacon Cloud Service Ultimate Ion.,USD,2022-01-19T02:18:54Z,2.0,7139.55,0.0,14279.1,01uJrQ9nOdWfBOnQ3P,0Q0TnyM8DwXuN9XSAA
0QL9D6HUzjFHGUCG3V,Synthetic quote line for Quantum Pioneer Data Platform Edge Vector.,USD,2025-03-14T03:12:06Z,10.0,23506.07,15.0,199801.6,01ueXc57ljWEIWFQC4,0Q0cdciOsA7jNqcSYS
0QLQsoTHskjT17yO7I,Synthetic quote line for Unified Harbor Cloud Service Foundation Cascade.,USD,2022-12-22T12:51:46Z,5.0,14428.3,20.0,57713.2,01u9wozxj76guXaYLT,0Q0vABP8sEon12M02S
0QLzcbCmihYKUFA4HJ,Synthetic quote line for Adaptive Compass Hardware Select Meridian.,USD,2026-04-01T16:53:45Z,5.0,2476.44,5.0,11763.09,01uugppu5drNWwvIF8,0Q0EQ3Ik8wt03I9SRM
0QLuZZWp4yyGNs44W4,Synthetic quote line for Connected Summit Data Platform Vertex Vector.,USD,2024-06-05T02:10:17Z,10.0,35949.59,10.0,323546.31,01uhXHd7I7kUo5tYAE,0Q0SisixZ88mouU0PN
0QLBwfSRTWjSi1UO99,Synthetic quote line for Elastic Lattice Advisory Essential Cobalt.,USD,2022-02-24T07:08:45Z,5.0,67924.11,10.0,305658.49,01uPr41KGxIVdDtIWK,0Q0jQ1NrQmx998pSRH
0QLPv3zyuY9jrfLORN,Synthetic quote line for Modular Ember Training Premier Nova.,USD,2022-06-02T21:25:10Z,50.0,18533.38,0.0,926669.0,01uXO1QlNf8dW1AYOF,0Q0nhVEThGvRmAEKPA
0QLp8ybuPvXyE6zG1L,Synthetic quote line for Open Vertex Cloud Service Select Zenith.,USD,2025-09-26T14:55:38Z,25.0,69968.02,0.0,1749200.5,01u410XzXyDchg8YH3,0Q0s2he4rCTYdowSW4
0QLGoOg454iLelKWGC,Synthetic quote line for Quantum Orbit Data Platform Vertex Cobalt.,USD,2024-12-09T11:25:39Z,5.0,11773.92,10.0,52982.64,01uhEab6VThQ3laAJ0,0Q0TXTKatpjJO0CKTE
0QLbnRZS6EpQbZBW4R,Synthetic quote line for Unified Foundry Cloud Service Essential Pulse.,USD,2022-07-14T16:50:05Z,2.0,6059.63,15.0,10301.37,01uugppu5drNWwvIF8,0Q098Oy2FLgKYxJ0B5
0QLiXeSpfCOsIvMO9E,Synthetic quote line for Adaptive Beacon Data Platform Professional Atlas.,USD,2023-11-04T21:34:39Z,25.0,47481.17,10.0,1068326.32,01uP7hA0q4EnjLrQBI,0Q0qMeZJX99BFiGC4C
0QLVejH2DT0TM85O1O,Synthetic quote line for Connected Pioneer Advisory Standard Horizon.,USD,2025-11-07T18:00:42Z,2.0,25905.52,15.0,44039.38,01upghMAFa2ixN1Q3E,0Q0iWSxadODDzqj0PN
0QLZuuE8bHDbnDBOMD,Synthetic quote line for Elastic Harbor Data Platform Core Solstice.,USD,2023-01-31T06:27:16Z,2.0,18405.77,5.0,34970.96,01u2B4I2BdSIO2VABA,0Q0qcMWLTLCgmsDC1G
0QL2Bkov30IX0rh4LR,Synthetic quote line for Modular Compass Hardware Enterprise Aurora.,USD,2021-01-25T20:33:19Z,50.0,57458.35,15.0,2441979.88,01u0yZubnpdFfGaIV0,0Q0DBxGxsZDGh8l02K
0QL5cQ1dy5kepqKGLR,Synthetic quote line for Open Summit Advisory Professional Ion.,USD,2021-03-28T22:23:29Z,50.0,48146.59,0.0,2407329.5,01ucktmDnpi6SA2IM7,0Q0mXVESdAQVplx05H
0QLTlkUL9t8PpdN4RM,Synthetic quote line for Quantum Lattice Support Standard Solstice.,USD,2026-06-08T04:49:21Z,1.0,21329.57,5.0,20263.09,01uH08kSI20VJz2A7T,0Q0T58eEma4pNAQSCN
0QLLVmbArJM2O1p41G,Synthetic quote line for Unified Ember Data Platform Core Cascade.,USD,2021-09-02T06:48:32Z,2.0,53450.1,0.0,106900.2,01uUJWUbolIxMN4AVT,0Q08fCWXEfgm36P00G
0QLR4t4NXelhrA2WN0,Synthetic quote line for Virtual Vertex Data Platform Enterprise Meridian.,USD,2023-11-18T10:32:37Z,2.0,31584.63,10.0,56852.33,01uyJ6zkekdSnuUYV2,0Q0cfwDYRUcaTbD0ZT
0QLkouEnP07gRuMGSP,Synthetic quote line for Connected Orbit Advisory Scale Vector.,USD,2025-05-08T13:27:07Z,10.0,50492.43,0.0,504924.3,01u2Byfa4IwUJDvQM7,0Q0pTESXUksp8qRKR8
0QLGClON0EgMEdJ46T,Synthetic quote line for Elastic Foundry Support Ultimate Cascade.,USD,2024-06-02T20:47:09Z,2.0,72656.24,0.0,145312.48,01uWETJi2x1uR5oIZE,0Q0WZJmTzhPXz8nSFX
0QL0XI5zYt9B7KlWDX,Synthetic quote line for Modular Beacon Hardware Edge Nova.,USD,2022-03-11T02:53:06Z,10.0,25995.31,10.0,233957.79,01ubbImRE6J6ngVAUZ,0Q0bA1hoqefUUQV0KS
0QLgPOZM5D2acHj45H,Synthetic quote line for Open Pioneer Hardware Foundation Zenith.,USD,2021-05-23T11:08:57Z,50.0,2825.51,0.0,141275.5,01uXvQ0FyxMqlTyA6U,0Q0EmBIsxHFlhwbK2I
0QLLI0a27VwEqoQGQS,Synthetic quote line for Quantum Harbor Hardware Scale Cobalt.,USD,2025-02-15T11:17:27Z,2.0,12790.89,5.0,24302.69,01u6slvrn5euvbnQC8,0Q0NzNAgOrV51Bk0NW
0QLeO7o7M4FSuuG4RF,Synthetic quote line for Unified Compass Training Ultimate Nova.,USD,2022-03-12T08:04:44Z,1.0,74456.21,0.0,74456.21,01uGm9aqZuKAd5vQXA,0Q0rShaMaqaRcjXKSX
0QL7kJPHNMOF8gOO0V,Synthetic quote line for Virtual Summit Data Platform Edge Atlas.,USD,2023-01-07T14:20:14Z,1.0,57982.57,15.0,49285.18,01ui8Bge7HlL1BoAM0,0Q09HAZ0NROfsFdS7X
0QLQPqOlkAt35Ze46N,Synthetic quote line for Connected Lattice Hardware Premier Horizon.,USD,2023-06-10T05:36:01Z,10.0,15374.82,20.0,122998.56,01uj55A0pG7m4UZQ9N,0Q0GpItkHjiAN98CAH
0QLYK0kjro4ExutWYO,Synthetic quote line for Elastic Ember Cloud Service Select Pulse.,USD,2024-02-14T12:44:51Z,5.0,47050.5,15.0,199964.62,01uchJafqFpdsodIO8,0Q0G4A4r3uGEclOKER
0QLGrDUFfxswh6SO2S,Synthetic quote line for Integrated Vertex Support Vertex Atlas.,USD,2023-11-16T12:50:34Z,5.0,21397.53,5.0,101638.27,01uoGS05grshvSmALG,0Q0H859BRJvAqCwS2U
0QL66asBFqR5usNGUE,Synthetic quote line for Open Orbit Hardware Essential Ion.,USD,2026-06-05T04:39:56Z,1.0,42759.72,0.0,42759.72,01u8rtcKS4F2yn3IV4,0Q0BDoxOItZsSFnCWQ
0QLK0VbXuVjFoFT420,Synthetic quote line for Quantum Foundry Cloud Service Premier Solstice.,USD,2024-05-28T20:27:28Z,25.0,41745.59,20.0,834911.8,01uKz1iBqRHCmlrY7E,0Q05cqnVjWasYbU042
0QLplzZ163IEod6OE9,Synthetic quote line for Unified Beacon Training Select Aurora.,USD,2025-12-22T17:40:43Z,50.0,37821.8,10.0,1701981.0,01uUuCDlyVaOtj6A5E,0Q0Un0a7JNmC2MdS1Q
0QLOYi4jfbvk8Z2GVM,Synthetic quote line for Virtual Pioneer Support Vertex Ion.,USD,2021-03-11T23:37:23Z,2.0,27394.74,0.0,54789.48,01utAAud7huqvEmY3U,0Q0jRbV6zVPKKleC4Z
0QL72WJo7l40fOk4QA,Synthetic quote line for Connected Harbor Hardware Enterprise Vector.,USD,2026-04-07T06:10:36Z,25.0,34552.68,10.0,777435.3,01uchoxiqj7a2N5YGA,0Q0uE0UGYBQ9H96CK7
0QLNuKmjzf9V0vFWZH,Synthetic quote line for Elastic Compass Support Professional Cascade.,USD,2023-07-06T04:10:45Z,50.0,55305.71,0.0,2765285.5,01uWkF1MftLq7fOIP7,0Q0VdLgkrMlUkZEKP6
0QLNOnLT1R1qpuYOTO,Synthetic quote line for Integrated Summit Advisory Standard Meridian.,USD,2022-01-25T05:53:27Z,10.0,57358.89,5.0,544909.45,01uT2HYAu6kyAXCY0P,0Q0aRAiYp9T4IDsSVP
0QLQrg3FwKvGwpZGKP,Synthetic quote line for Open Lattice Cloud Service Core Zenith.,USD,2025-04-04T17:53:02Z,10.0,1152.63,20.0,9221.04,01utAAud7huqvEmY3U,0Q0lG4ANwIHTEZlS6G
0QLAIVU0ZvSefkVOTQ,Synthetic quote line for Quantum Ember Cloud Service Enterprise Cobalt.,USD,2023-12-17T22:37:12Z,2.0,27932.27,15.0,47484.86,01uCxEgI2mCiz8oIIS,0Q0ECs8MpbNainO0HM
0QLa5wUiNdCrT1AWPW,Synthetic quote line for Rapid Vertex Data Platform Professional Nova.,USD,2023-08-15T13:07:30Z,1.0,17472.44,15.0,14851.57,01uKSnvPj2bLCV3AKV,0Q0gr9MX97t5BvMS6V
0QLDKMxan2fnQqMODI,Synthetic quote line for Virtual Orbit Advisory Standard Zenith.,USD,2021-11-10T17:54:45Z,25.0,26976.08,0.0,674402.0,01uxoDAY3cwqITNA1G,0Q01WEUMf9Ou4XdKP2
0QLacBI9g3pboS2496,Synthetic quote line for Connected Foundry Advisory Edge Horizon.,USD,2024-11-24T09:05:19Z,25.0,72652.32,0.0,1816308.0,01uhKGrd4fvOOHBIHW,0Q0rmzIHenT6KyfKQ0
0QLXGN5Lo92V0Dq4QK,Synthetic quote line for Elastic Beacon Training Foundation Pulse.,USD,2022-01-30T14:28:18Z,5.0,51274.75,5.0,243555.06,01ucinPPWhO38beQCE,0Q0DyTCt1ZscNLyKKW
0QLiXU7fzWi7QHr4XB,Synthetic quote line for Integrated Pioneer Data Platform Scale Atlas.,USD,2024-01-18T05:22:39Z,5.0,14736.14,20.0,58944.56,01uIc2nFLK8VdniQBX,0Q0qpJxFTEbnPZlKDX
0QLy2sOW6n1iBh6O42,Synthetic quote line for Open Harbor Cloud Service Ultimate Horizon.,USD,2023-02-22T09:34:18Z,10.0,11422.46,10.0,102802.14,01uhCzHVx5ltOWXIB9,0Q02ontZe5i3G6000D
0QLkN1fxsnpIsE1OG7,Synthetic quote line for Quantum Compass Cloud Service Edge Solstice.,USD,2024-04-21T11:26:13Z,25.0,36861.67,20.0,737233.4,01uFMIhPjil3hAVQJI,0Q0HkoEJeOteLBp029
0QL4H5OeeVoqfEjWUU,Synthetic quote line for Rapid Summit Cloud Service Foundation Aurora.,USD,2025-04-25T06:32:53Z,1.0,68836.19,0.0,68836.19,01uAFoB6gbzYkh5Y2C,0Q0wunz6Pgkzdw3SAO
0QLLHt2UbS3Obus4F3,Synthetic quote line for Virtual Lattice Cloud Service Scale Ion.,USD,2026-04-19T13:55:52Z,50.0,42439.47,0.0,2121973.5,01uIoxys3iRmSNgATK,0Q0m4FBIVMiMNDbSZ3
0QLfJS9ju8x3Hqm423,Synthetic quote line for Connected Ember Hardware Vertex Solstice.,USD,2021-01-01T06:36:56Z,5.0,5913.94,5.0,28091.21,01uzrOswHnzmYb6AU7,0Q07xHJqjuQHYEyS09
0QLhsboW9PNhcOH4MB,Synthetic quote line for Dynamic Vertex Hardware Essential Cascade.,USD,2024-01-31T09:33:19Z,1.0,27342.98,0.0,27342.98,01utRK4lisXcbROYBK,0Q0z8v1x3EforX5CNP
0QLOMDsrkORGEBzW7I,Synthetic quote line for Integrated Orbit Hardware Premier Meridian.,USD,2025-10-21T17:59:49Z,5.0,9823.16,20.0,39292.64,01uxGUu3X0m16ejI17,0Q0rkDBkhaxIlm1K62
0QLGtlWvzzsxYwbGDJ,Synthetic quote line for Open Foundry Hardware Select Vector.,USD,2022-08-09T10:50:24Z,5.0,1001.32,15.0,4255.61,01ublUFS5DlQKuoAT4,0Q0VRrAMPzKOuXF0XK
0QLg7O0iYo2xYUI4V5,Synthetic quote line for Quantum Beacon Support Vertex Cascade.,USD,2025-07-28T05:29:01Z,50.0,46523.88,10.0,2093574.6,01uA2RXWYM0CMYpIIS,0Q00snKw8IonG6SCHK
0QLe5Gu2cbzTuSp4KW,Synthetic quote line for Rapid Pioneer Cloud Service Essential Nova.,USD,2024-03-17T07:04:56Z,5.0,15009.7,0.0,75048.5,01uLfz5iHhz1ThCASO,0Q0qQO1xynrL6JYKE6
0QL0fpFQmL3FvKxOJI,Synthetic quote line for Virtual Harbor Advisory Premier Zenith.,USD,2024-10-27T18:04:16Z,50.0,11096.87,0.0,554843.5,01uvM9JQrsP7yGYQ83,0Q0ECs8MpbNainO0HM
0QLEeNmeNkJSPuyG4A,Synthetic quote line for Connected Compass Advisory Standard Cobalt.,USD,2025-03-13T20:58:53Z,50.0,14547.77,10.0,654649.65,01uSsMXVfpNjdvRIDT,0Q0m8KCIKoA0B5LCO5
0QLZcFuhOgN6INLWA9,Synthetic quote line for Dynamic Summit Advisory Core Pulse.,USD,2026-04-12T13:05:11Z,2.0,46312.67,10.0,83362.81,01uPMxzxPanDeIoI0I,0Q09p5PXcAtMNa30VI
0QLiZH0HsPIBpw8WE5,Synthetic quote line for Integrated Lattice Advisory Enterprise Atlas.,USD,2022-07-21T10:32:41Z,1.0,11594.05,20.0,9275.24,01ux7L4peGUHJyjIEV,0Q0P2NfqYLeVzg2KIV
0QLGCfcsOzUUzy0GOI,Synthetic quote line for Open Ember Training Professional Horizon.,USD,2021-07-07T01:29:37Z,10.0,23063.88,0.0,230638.8,01uWiKh2xAB4kqIYBW,0Q0qQO1xynrL6JYKE6
0QLW79nRfTuLqOpGLR,Synthetic quote line for Precision Vertex Hardware Standard Pulse.,USD,2025-08-20T01:21:27Z,2.0,63300.42,15.0,107610.71,01udgTvVhmyD0afAZM,0Q0vABP8sEon12M02S
0QLUOlBd9FWG8teOOM,Synthetic quote line for Rapid Orbit Data Platform Core Aurora.,USD,2022-11-08T05:06:16Z,25.0,69338.61,10.0,1560118.73,01uDDVqednLwAxPIMH,0Q0tn8mMzlsvyxhS3S
0QLHRPfWDVvx646GQ0,Synthetic quote line for Virtual Foundry Advisory Enterprise Ion.,USD,2023-04-21T03:18:22Z,25.0,27244.72,0.0,681118.0,01uTQrHbd0TJOw2IXT,0Q0tKsrsijbjvj9016
0QLiiikVmf4U2G7GY9,Synthetic quote line for Connected Beacon Data Platform Scale Solstice.,USD,2024-04-20T06:11:16Z,1.0,67769.45,10.0,60992.5,01uJbRaKkjlPvM3I63,0Q03uABJpPNzImcCTP
0QLSdoxkiwXlW0JWZO,Synthetic quote line for Dynamic Pioneer Cloud Service Ultimate Aurora.,USD,2025-05-15T06:33:24Z,50.0,68128.84,10.0,3065797.8,01uyJSOTpJrkmcvA2N,0Q0ncQuOlbDAYZoK7O
0QLZIgg2XRCfa3bG2Q,Synthetic quote line for Integrated Harbor Cloud Service Edge Meridian.,USD,2024-08-31T03:07:23Z,50.0,69491.97,20.0,2779678.8,01uXv4K6jjQLtG3AOR,0Q08mEWoBWrbPAjCDM
0QLveLxgfTOOJvt4L7,Synthetic quote line for Open Compass Hardware Foundation Vector.,USD,2024-02-04T03:35:14Z,25.0,71246.16,20.0,1424923.2,01uBP89MPIG4q8LQF3,0Q0L9QCIQeyyeBgCHQ
0QLdUsnYpjhYKN24BQ,Synthetic quote line for Precision Summit Advisory Scale Cascade.,USD,2022-04-22T12:28:35Z,50.0,59944.35,0.0,2997217.5,01uIhUuersJ2EvwQDF,0Q08j4tDGnNMKFj0EC
0QLqpe1wqkcbpGN4E3,Synthetic quote line for Rapid Lattice Hardware Ultimate Meridian.,USD,2023-05-30T04:56:19Z,5.0,58570.8,0.0,292854.0,01u7cJEmaMlnXliIX9,0Q0768R8cPflZwRKVG
0QLbwkzCEHaUW71WKK,Synthetic quote line for Virtual Ember Advisory Edge Zenith.,USD,2024-07-07T16:24:39Z,50.0,43713.04,5.0,2076369.4,01uA8j2wDTUspNUIJ6,0Q023IvSulza9JSKQ5
0QLgPrDXPXbUq9BOW4,Synthetic quote line for Adaptive Vertex Data Platform Premier Cobalt.,USD,2021-10-17T19:13:31Z,10.0,46310.12,10.0,416791.08,01ugs5rUeguaTaQIXC,0Q0RQlemjpomayu0ID
0QL5vYn9FIMSs9eGIE,Synthetic quote line for Dynamic Orbit Cloud Service Select Nova.,USD,2025-12-30T21:38:24Z,25.0,55163.18,5.0,1310125.52,01ubt6UAjtxypWLAKP,0Q0Ra17sLiv6TBPCIL
0QLnqly8tJfp3C4WCM,Synthetic quote line for Integrated Foundry Training Vertex Zenith.,USD,2025-01-07T07:46:52Z,50.0,36760.32,10.0,1654214.4,01uKf9JD3b3I31TYQ4,0Q0DhiYfpW9VJH3SER
0QL8pHs9RX78XQtWYE,Synthetic quote line for Open Beacon Support Essential Horizon.,USD,2021-03-10T16:45:11Z,10.0,4902.69,15.0,41672.86,01uYTScXXHBn0tLASI,0Q0ulUA9WgoXVNkCEJ
0QLhQQoYsgzv0jvWVR,Synthetic quote line for Precision Pioneer Cloud Service Premier Pulse.,USD,2025-08-25T05:29:09Z,2.0,18618.23,0.0,37236.46,01u3gOonB8t78PPYKF,0Q0pqhMsi9IIy0302F
0QLT9g4phpUMG284JB,Synthetic quote line for Rapid Harbor Training Select Atlas.,USD,2022-06-06T11:52:17Z,5.0,39539.82,5.0,187814.14,01uUZRnGcVQPMSeQKA,0Q0HbYNBsNabBHt0KI
0QLHl4iH3hsAXmtWM1,Synthetic quote line for Virtual Compass Hardware Vertex Horizon.,USD,2024-09-16T07:52:34Z,10.0,15668.3,0.0,156683.0,01uFa5jdtbk2jvnIRL,0Q0NzNAgOrV51Bk0NW
0QL5MmP6sLSoQpCGTE,Synthetic quote line for Adaptive Summit Advisory Enterprise Solstice.,USD,2022-11-21T00:29:59Z,25.0,203.05,10.0,4568.62,01ualDWbU2nsHAyI4N,0Q0iYt1tD3CFtSW0HL
0QLoX5cXQlZbYjtWUR,Synthetic quote line for Dynamic Lattice Training Professional Aurora.,USD,2021-07-09T03:39:28Z,2.0,35830.83,0.0,71661.66,01uqy7cd4gc1JX3I1T,0Q0YECB8zGTdfhIKD2
0QLWRxBLK6kgoFHWHM,Synthetic quote line for Integrated Ember Training Standard Ion.,USD,2026-06-10T10:10:14Z,50.0,27227.56,0.0,1361378.0,01u2rujAAFZGq71AIQ,0Q0om3yFYMQPBBLKV0
0QLH4paYShZCkXhOX5,Synthetic quote line for Modular Vertex Advisory Core Vector.,USD,2023-05-06T01:29:40Z,5.0,48404.18,15.0,205717.76,01uva7ba3Azj8ILI8T,0Q0bWHaVmzJr3ECK0O
0QLBToPeyOgMbXfGN5,Synthetic quote line for Precision Orbit Support Enterprise Cascade.,USD,2024-10-06T07:47:07Z,2.0,1300.01,10.0,2340.02,01u6HEv0YgkCfCBIK7,0Q0WidCcHnWg4fJCMU
0QLAVmcGty2a7e1O2I,Synthetic quote line for Rapid Foundry Data Platform Professional Meridian.,USD,2023-04-21T14:23:57Z,25.0,20858.78,10.0,469322.55,01uIBCBPnlF6Gq2AMR,0Q0VCHeHt6pPUR6CST
0QL1Hisp5iNPcI64NS,Synthetic quote line for Virtual Beacon Training Standard Vector.,USD,2023-01-06T19:50:41Z,2.0,72176.76,5.0,137135.84,01u8bUIPWTpRcjJAT0,0Q0iZCQoDjJ1XHeKEJ
0QL2dMbRyVSoCn5GAQ,Synthetic quote line for Adaptive Pioneer Advisory Edge Cobalt.,USD,2024-04-19T22:34:34Z,10.0,68603.88,0.0,686038.8,01uArZ6TaDNtlP6YWR,0Q0XvaLlQZnFnTxCSA
0QL7Wx1hTjsVYiC43T,Synthetic quote line for Dynamic Harbor Data Platform Foundation Nova.,USD,2023-07-13T22:06:03Z,1.0,34036.76,5.0,32334.92,01uV1w6txw3ypc8QJ7,0Q09HAZ0NROfsFdS7X
0QL9QR1ulUvv4Iy4JB,Synthetic quote line for Integrated Compass Training Scale Zenith.,USD,2024-06-21T01:26:14Z,25.0,66238.97,20.0,1324779.4,01uxoDAY3cwqITNA1G,0Q0HAMzZAXfoJEqSWJ
0QLxvSYfBjnEyaTG7L,Synthetic quote line for Modular Summit Support Ultimate Cobalt.,USD,2024-07-24T19:51:34Z,2.0,63450.99,10.0,114211.78,01uQ1lJHScxNZ6NAQB,0Q0VOT6DEeMaocfS08
0QLjYXTFte0fpSCWKX,Synthetic quote line for Precision Lattice Hardware Edge Pulse.,USD,2022-12-19T01:58:49Z,5.0,317.91,5.0,1510.07,01uy1gvXsamZD7YI4O,0Q0mQGE2Ohi2QPHK3T
0QLhJ6BrXDHaUUCOF3,Synthetic quote line for Rapid Ember Advisory Foundation Atlas.,USD,2023-06-13T12:16:20Z,10.0,68219.17,20.0,545753.36,01uQ3sPvOW1wcPjYG3,0Q0P9DBcLxtnAwEK3Y
0QLQEizeKGF82cX4VW,Synthetic quote line for Unified Vertex Advisory Scale Horizon.,USD,2025-06-17T19:05:54Z,2.0,43433.47,15.0,73836.9,01u0yZubnpdFfGaIV0,0Q0dZqVEDo8STYTC2H
0QL4AWCSQlvJmq0WH9,Synthetic quote line for Adaptive Orbit Support Vertex Pulse.,USD,2024-01-17T17:32:44Z,25.0,50166.44,10.0,1128744.9,01utx3xzWqOvLSGAHV,0Q0bdCOzPkg8LsvK2K
0QLN2tkDvQ5A1yLON4,Synthetic quote line for Dynamic Foundry Hardware Essential Aurora.,USD,2026-01-24T08:10:35Z,5.0,52108.46,0.0,260542.3,01ugMlB4PLTImgLQ9A,0Q0i5XvPtYVkIO4CWS
0QLii2hTJAZVM7FWHF,Synthetic quote line for Integrated Beacon Data Platform Premier Ion.,USD,2025-03-24T23:19:22Z,1.0,53596.54,0.0,53596.54,01u2rujAAFZGq71AIQ,0Q0uWnZhAsZihMC0I3
0QLhANGVQa3x6rO445,Synthetic quote line for Modular Pioneer Cloud Service Select Solstice.,USD,2021-07-21T05:34:45Z,5.0,36668.08,5.0,174173.38,01uG3ZGIn6X7JIYICW,0Q0dMsqp2JMW7P6CPL
0QLVmzYTtOJf3XFG5H,Synthetic quote line for Precision Harbor Support Vertex Aurora.,USD,2023-05-26T22:49:15Z,25.0,42568.74,0.0,1064218.5,01uSoqNuS1WuhQCQ4I,0Q0tSOX5727ITrRS9A
0QLUJgNAXVKYmuNONI,Synthetic quote line for Rapid Compass Training Essential Meridian.,USD,2021-01-15T19:46:43Z,1.0,13660.62,5.0,12977.59,01utoYcksst2kIpYQM,0Q0uj2w0kfXPrPYCLE
0QLuZiJsLd7H9NWO3L,Synthetic quote line for Unified Summit Support Premier Vector.,USD,2023-06-15T20:20:23Z,2.0,25280.79,0.0,50561.58,01uHBgjwoocvy6ZI5L,0Q00PaHAP9INWjZ0UK
0QLK4bRQGqf2xXzGI2,Synthetic quote line for Adaptive Lattice Hardware Standard Cascade.,USD,2021-05-26T11:22:32Z,1.0,67595.26,15.0,57455.97,01uV1w6txw3ypc8QJ7,0Q0FAZHxQMgafSg0UB
0QLNqRhhRVUcHjpGZQ,Synthetic quote line for Dynamic Ember Training Core Nova.,USD,2021-08-08T03:57:50Z,25.0,15091.47,20.0,301829.4,01u8mL9qFdT1EHNIM9,0Q0xHBkp2qYichaCRK
0QLr923y054fpa3OD4,Synthetic quote line for Elastic Vertex Training Enterprise Zenith.,USD,2023-10-14T23:22:09Z,25.0,9150.26,0.0,228756.5,01ucktmDnpi6SA2IM7,0Q0AUxojri3qAhQC33
0QL53zsb3snuwD9O9I,Synthetic quote line for Modular Orbit Training Professional Cobalt.,USD,2023-09-23T19:34:35Z,5.0,43204.04,0.0,216020.2,01uKbbbgyfLWQdOQ98,0Q00PaHAP9INWjZ0UK
0QLgWBLT3DWl6324SN,Synthetic quote line for Precision Foundry Hardware Standard Nova.,USD,2025-08-23T14:35:22Z,2.0,71642.6,0.0,143285.2,01u3kSFhaBLMkghAZY,0Q0HNUvcSID21N4KW8
0QLwszkejZIZBAf465,Synthetic quote line for Rapid Beacon Data Platform Core Atlas.,USD,2022-04-28T14:57:08Z,25.0,246.76,15.0,5243.65,01uSgRVaFEegm2VISP,0Q0hAucg4Cgfa0AKE1
0QLTfyk2vyE2rzfWT5,Synthetic quote line for Unified Pioneer Data Platform Enterprise Horizon.,USD,2025-12-09T22:54:34Z,5.0,40754.47,0.0,203772.35,01uv6WsfHjR1VXnIX6,0Q0UjtZdD94JswBKT8
0QLXWKBg81H1mptGJX,Synthetic quote line for Adaptive Harbor Support Scale Pulse.,USD,2024-01-06T09:12:04Z,25.0,7418.61,20.0,148372.2,01ukZSaar5kiB8EAE2,0Q001f4lYOIev2nSFL
0QLqwJhbHbg9oaN4BR,Synthetic quote line for Dynamic Compass Cloud Service Ultimate Atlas.,USD,2023-01-24T06:31:04Z,1.0,50367.68,0.0,50367.68,01u5EtvZtLlKXRRYKN,0Q0k545pCFANSte0AB
0QLN33yA1T9o7ACO33,Synthetic quote line for Elastic Summit Data Platform Edge Ion.,USD,2023-11-26T18:49:45Z,5.0,34956.52,15.0,148565.21,01ugs5rUeguaTaQIXC,0Q0R6d2nknOEHNlSIZ
0QL8XzTZBtaXUHE47A,Synthetic quote line for Modular Lattice Advisory Foundation Solstice.,USD,2023-10-29T16:47:17Z,2.0,31777.82,0.0,63555.64,01uV8i2ozj6njopYSE,0Q0uj2w0kfXPrPYCLE
0QLzoEFLei642n9OKQ,Synthetic quote line for Precision Ember Cloud Service Scale Aurora.,USD,2023-10-15T13:25:42Z,5.0,53730.98,0.0,268654.9,01u7oYKYE0XFYo9Y9Q,0Q0jiV5Puwp58coK0Z
0QLd9LUTpg7o2mbWRV,Synthetic quote line for Quantum Vertex Support Ultimate Ion.,USD,2025-11-05T23:35:27Z,1.0,52790.12,10.0,47511.11,01ubUfoM4bMvoiHY9B,0Q0tQVHLHCGyeoVSM9
0QLIaTULV3ZfNNUGJ2,Synthetic quote line for Unified Orbit Cloud Service Edge Vector.,USD,2024-10-29T02:08:33Z,2.0,67043.06,0.0,134086.12,01uMKVRBOsHCfA1Y65,0Q0Y3AOo6FVAR7dKPF
0QLh4m2bIrXsgPAOYX,Synthetic quote line for Adaptive Foundry Training Premier Cascade.,USD,2023-05-17T00:11:31Z,5.0,20503.62,0.0,102518.1,01uIpwvxtQysDJ4AUU,0Q0OfDg8xIfn6V2KXN
0QLw170U3cRtHChORD,Synthetic quote line for Dynamic Beacon Training Select Meridian.,USD,2022-04-04T16:22:21Z,2.0,17477.74,0.0,34955.48,01uIBCBPnlF6Gq2AMR,0Q0KFreNkdPjOd2CEC
0QLlPh9tPSTiCwDGN2,Synthetic quote line for Elastic Pioneer Support Vertex Vector.,USD,2022-09-12T21:18:21Z,1.0,4470.86,10.0,4023.77,01uHJZb6IgfOSkGIL7,0Q0DBxGxsZDGh8l02K
0QLIiWeRE4EUg1DWYO,Synthetic quote line for Modular Harbor Advisory Essential Cobalt.,USD,2023-10-06T16:36:50Z,10.0,67360.22,0.0,673602.2,01u9PAeyBtOJM9hIYV,0Q0TQIO9AYmdHSLC3V
0QLjT42QAR6qJCkGOZ,Synthetic quote line for Precision Compass Advisory Premier Nova.,USD,2024-04-09T13:17:56Z,10.0,13167.32,20.0,105338.56,01uQ1lJHScxNZ6NAQB,0Q0sPwEV7zftHfGKYJ
0QLWqWLX1MsgPjp4S6,Synthetic quote line for Quantum Summit Hardware Select Zenith.,USD,2022-03-09T03:06:54Z,25.0,33852.37,0.0,846309.25,01uu63szSOLf3PQQ6M,0Q0Sucx7HXtHQnX0O2
0QL1N18GIeDXu954FI,Synthetic quote line for Unified Lattice Hardware Vertex Cobalt.,USD,2025-12-10T02:29:29Z,10.0,38009.25,10.0,342083.25,01uwpchl2gSzc8zISZ,0Q0xr60LFWrJB5tS6P
0QLvmOIPPBiXdOZOMJ,Synthetic quote line for Adaptive Ember Support Enterprise Pulse.,USD,2024-12-28T11:11:31Z,1.0,67206.3,15.0,57125.36,01ufoNYmByS2ulgYVQ,0Q03XRa4yt2sXjY01H
0QLryrp8O4LRlYGGWN,Synthetic quote line for Connected Vertex Support Professional Atlas.,USD,2022-06-07T23:11:21Z,10.0,3469.61,15.0,29491.68,01ukIj63kOHlcIZYNQ,0Q0Sucx7HXtHQnX0O2
0QLke1qo411wr1QGCK,Synthetic quote line for Elastic Orbit Hardware Standard Horizon.,USD,2021-05-24T02:04:51Z,10.0,73637.9,0.0,736379.0,01us4QNzjsELdjnA5J,0Q0xghMwOLhlU3oSBQ
0QLmGAYUn2ta2Z9WQZ,Synthetic quote line for Modular Foundry Cloud Service Core Solstice.,USD,2023-11-16T18:41:43Z,5.0,65410.18,0.0,327050.9,01uqINp8CtmB0C1QFE,0Q02Vr7TJT0JiSxS3L
0QLF2HGslSwSIWg45X,Synthetic quote line for Precision Beacon Advisory Enterprise Aurora.,USD,2025-06-19T03:42:50Z,25.0,47509.68,0.0,1187742.0,01uArZ6TaDNtlP6YWR,0Q0VRrAMPzKOuXF0XK
0QL5Rqj26wV3OYaW82,Synthetic quote line for Quantum Pioneer Cloud Service Professional Ion.,USD,2024-09-30T02:24:01Z,2.0,39661.32,5.0,75356.51,01uXIkmGfy4nEEQAAS,0Q0Qllx2hTuoVA1CES
0QLaXWVqPYDHYn7G80,Synthetic quote line for Unified Harbor Cloud Service Standard Solstice.,USD,2021-09-13T03:42:43Z,25.0,49910.14,15.0,1060590.47,01uwpchl2gSzc8zISZ,0Q0NzNAgOrV51Bk0NW
0QLEhYyuMEAAVODGM9,Synthetic quote line for Adaptive Compass Cloud Service Edge Cascade.,USD,2025-07-13T19:52:15Z,1.0,58521.43,10.0,52669.29,01urkF323nGqr1rYNM,0Q0XjKY7hL0XpqrS5O
0QLtO5pL161QZs5GN3,Synthetic quote line for Connected Summit Hardware Foundation Meridian.,USD,2021-10-09T01:03:27Z,10.0,25946.19,0.0,259461.9,01ujQGcX0dFFoJDAEI,0Q0hAucg4Cgfa0AKE1
0QLFdiJhx8ifCKEG8P,Synthetic quote line for Elastic Lattice Cloud Service Scale Vector.,USD,2025-01-27T11:04:37Z,50.0,43124.87,0.0,2156243.5,01uhMKIX1dZxo2KIIG,0Q0dMFPH39Habr6KQ9
0QL8W9TxfJsevl14QL,Synthetic quote line for Modular Ember Data Platform Ultimate Cascade.,USD,2024-05-14T12:58:54Z,5.0,29525.71,0.0,147628.55,01u1UxX9MCMWUfpAI9,0Q0knT7Rn8p9m2HCS0
0QLFxAAzvfB0b1VO3U,Synthetic quote line for Open Vertex Hardware Edge Nova.,USD,2025-07-06T11:58:52Z,25.0,67994.32,5.0,1614865.1,01ulGWUVmpG9bEwIRB,0Q0RQlemjpomayu0ID
0QLkFYc62KPJu6yGV3,Synthetic quote line for Quantum Orbit Training Foundation Zenith.,USD,2022-03-11T20:45:00Z,25.0,31885.36,20.0,637707.2,01uP7hA0q4EnjLrQBI,0Q0WF4CVLRDbX8pCHM
0QLRcDCJ9KbKCRAWTL,Synthetic quote line for Unified Foundry Data Platform Scale Cobalt.,USD,2023-02-15T10:35:07Z,1.0,26288.23,10.0,23659.41,01uFt9b3ADxIGMFA8E,0Q0OCHErwFXcludKK7
0QLWaWhAuJMtnSdWBC,Synthetic quote line for Adaptive Beacon Cloud Service Vertex Nova.,USD,2025-02-01T20:59:38Z,10.0,22238.05,10.0,200142.45,01uSZGMqI3NxLQvINY,0Q09YnzdclGNSutCNU
0QLSpVeuY5baOi944L,Synthetic quote line for Connected Pioneer Data Platform Essential Atlas.,USD,2025-08-22T11:13:04Z,50.0,39909.6,5.0,1895706.0,01uSlG3bhH5Uan4QP9,0Q0qcMWLTLCgmsDC1G
0QLnJlbIxn0hfjh4RG,Synthetic quote line for Elastic Harbor Cloud Service Premier Horizon.,USD,2022-01-31T19:58:12Z,10.0,56753.88,20.0,454031.04,01ua3TAVCFZjGSRAIX,0Q0xrUbtfhgmsSeC6O
0QLsHmksg2uvPXFWX9,Synthetic quote line for Modular Compass Data Platform Select Pulse.,USD,2021-11-28T19:05:57Z,10.0,58001.83,20.0,464014.64,01uoTx9HsbskBk7AKO,0Q0WUYdJ2ptU1LTCEG
0QLBN9IfxMYp1BqGT6,Synthetic quote line for Open Summit Data Platform Vertex Atlas.,USD,2021-09-06T11:14:01Z,2.0,70951.66,20.0,113522.66,01uiz7sGwHX5TE3AY8,0Q0RDdVj0fqoN3KC44
0QLer2G2nYz1SRoOA1,Synthetic quote line for Quantum Lattice Support Essential Ion.,USD,2025-01-24T16:33:28Z,25.0,265.1,0.0,6627.5,01ufoNYmByS2ulgYVQ,0Q0UQmS8fOHtzTMS9A
0QLstkkzgfi4bD4WKT,Synthetic quote line for Unified Ember Hardware Premier Solstice.,USD,2024-11-25T19:00:52Z,2.0,55470.43,0.0,110940.86,01uXO1QlNf8dW1AYOF,0Q0tw0zbJe3oMjoST7
0QLFlcQ1KotMv6o4AT,Synthetic quote line for Virtual Vertex Training Select Aurora.,USD,2024-08-03T22:42:46Z,2.0,7567.66,20.0,12108.26,01uchoxiqj7a2N5YGA,0Q048ENlQ6GD6XxSZP
0QL4rDHqz3e2xps4JY,Synthetic quote line for Connected Orbit Data Platform Core Meridian.,USD,2021-10-28T05:03:30Z,5.0,18941.51,15.0,80501.42,01u0yZubnpdFfGaIV0,0Q0IazYzJAkzJk206X
0QLpaWr9QybL4giW7S,Synthetic quote line for Elastic Foundry Cloud Service Enterprise Vector.,USD,2023-05-17T18:54:38Z,2.0,72051.08,20.0,115281.73,01updbdld2ODwuzQJB,0Q0KgnsCaTknggwKVI
0QLyPAOSBy87si54A9,Synthetic quote line for Modular Beacon Advisory Professional Cascade.,USD,2023-12-21T15:11:37Z,25.0,48763.59,20.0,975271.8,01u1hB0n1KPpQF8QBS,0Q0RU9diFXU5f0ZKE7
0QLVSo6Qcbj8mrhWFV,Synthetic quote line for Open Pioneer Training Standard Meridian.,USD,2021-10-03T17:45:27Z,10.0,44324.72,0.0,443247.2,01uWMlFX6XZUlNsYWY,0Q09TO7ubJ4rVz8S47
0QLonpCxOtInUs4OMN,Synthetic quote line for Quantum Harbor Training Core Zenith.,USD,2024-10-14T15:05:25Z,25.0,63550.07,20.0,1271001.4,01u7HDlBEYd20cLA7R,0Q0DOaHsink8nRmKJT
0QL45biCSYhs2DB45V,Synthetic quote line for Unified Compass Cloud Service Enterprise Cobalt.,USD,2026-03-10T23:40:24Z,10.0,60219.36,0.0,602193.6,01u8mL9qFdT1EHNIM9,0Q0dMsqp2JMW7P6CPL
0QLX07yEBELJ31kGZC,Synthetic quote line for Virtual Summit Cloud Service Professional Nova.,USD,2023-07-15T10:18:11Z,50.0,51824.1,20.0,2072964.0,01uJv78XIesN63nAJR,0Q0IIpXl660p1ABCN8
0QLt32Kqe9kCjmXG96,Synthetic quote line for Connected Lattice Support Ultimate Zenith.,USD,2022-06-14T20:44:52Z,10.0,52696.03,10.0,474264.27,01upxnXBNqcskQpY34,0Q0r2uhHCkM0LSF0N6
0QLncAPosOevSfTWEV,Synthetic quote line for Elastic Ember Support Edge Horizon.,USD,2022-05-18T20:41:56Z,10.0,69445.23,20.0,555561.84,01ut9jBZzSpsiCdICZ,0Q0ojbogUQUw9tgS3L
0QLFHyKuiPWQk4M48G,Synthetic quote line for Integrated Vertex Hardware Foundation Pulse.,USD,2021-11-12T11:33:11Z,5.0,71179.48,15.0,302512.79,01ulr3bX0CgclaDYGJ,0Q0ymny0Yb6KBoaSRH
0QLCgk0Y0ZAWE4C4AE,Synthetic quote line for Open Orbit Hardware Scale Atlas.,USD,2021-12-29T14:44:21Z,25.0,48317.45,15.0,1026745.81,01u3VcPWmfc83TAIIQ,0Q0inNaR5CLgOJCK1Z
0QLoaOff0ycsFzuG5B,Synthetic quote line for Quantum Foundry Hardware Ultimate Horizon.,USD,2022-11-12T16:14:55Z,2.0,24006.11,10.0,43211.0,01uWkF1MftLq7fOIP7,0Q0Qpdr6zMclvBlKL7
0QLBSnsiw3Z2PoCGGU,Synthetic quote line for Unified Beacon Hardware Edge Solstice.,USD,2021-08-24T21:43:18Z,5.0,28497.09,20.0,113988.36,01usZCrPjaKjueRQYO,0Q0m4ZHjLrTmBbcKID
0QLh6TOQxLnJzvyW2E,Synthetic quote line for Virtual Pioneer Data Platform Foundation Aurora.,USD,2023-01-25T00:35:50Z,25.0,9019.33,5.0,214209.09,01uPMxzxPanDeIoI0I,0Q0vhDoJ2SkI1n3KCA
0QLtizshgMWsnObOS5,Synthetic quote line for Connected Harbor Hardware Select Ion.,USD,2021-09-10T22:21:03Z,50.0,24918.73,20.0,996749.2,01u5n61zNTp1SMmQMW,0Q0tfDDxyiMXJUnC7I
0QLunsggwVVPAY4GHX,Synthetic quote line for Elastic Compass Support Vertex Solstice.,USD,2022-07-27T19:34:41Z,50.0,38817.67,15.0,1649750.97,01ua1baryg2Ruz5AMA,0Q0jeV2raaWTpPcKYC
0QL1WejMfttpc7u4SG,Synthetic quote line for Integrated Summit Hardware Essential Cascade.,USD,2025-04-15T00:14:13Z,10.0,9265.06,0.0,92650.6,01uoIM45i0DJHHHQCS,0Q0KqkXFOLXpnMNC9U
0QLRq4Ry7jFVZ9QG21,Synthetic quote line for Open Lattice Cloud Service Premier Meridian.,USD,2023-11-15T18:10:02Z,5.0,34163.59,0.0,170817.95,01uQgb8tPmYwgmEQWV,0Q0DERIZkAyVBCT0BU
0QLmshKcxeycEqpGGZ,Synthetic quote line for Quantum Ember Data Platform Select Vector.,USD,2021-09-19T01:45:10Z,2.0,50019.5,15.0,85033.15,01ur28FnEV6DyiAA63,0Q0tQKwKbYAIA6lC6I
0QLotql4Dzvgx0yW4N,Synthetic quote line for Rapid Vertex Advisory Vertex Cascade.,USD,2022-03-16T13:22:22Z,25.0,67624.79,0.0,1690619.75,01u3FvJM2hx0UgmYAS,0Q0hzIf0QO9xXQ90HW
0QLKe4sjn3IlNCUOEM,Synthetic quote line for Virtual Orbit Cloud Service Essential Nova.,USD,2022-02-03T17:21:41Z,10.0,8674.39,0.0,86743.9,01ufoNYmByS2ulgYVQ,0Q0oJ5bekb3TJOySV9
0QLPrhrdHuIvOFiOI4,Synthetic quote line for Connected Foundry Cloud Service Professional Zenith.,USD,2022-08-18T01:58:13Z,5.0,27758.2,10.0,124911.9,01uOceKBCLhfBYFQ99,0Q0RU9diFXU5f0ZKE7
0QLVnlQS1OzqQJ1489,Synthetic quote line for Elastic Beacon Cloud Service Standard Cobalt.,USD,2021-10-14T01:53:45Z,2.0,59115.85,5.0,112320.11,01uyQcPopC4io3SYBV,0Q0jnJX4oZfa6PeKJA
0QLOQx6XfYQpmDlW68,Synthetic quote line for Integrated Pioneer Cloud Service Core Pulse.,USD,2024-05-27T03:35:37Z,2.0,28090.26,0.0,56180.52,01ucOVQYpxTA9fkYLG,0Q0nfx3VHYVQUojS9N
0QL5h7bgtxKZXN3WH6,Synthetic quote line for Open Harbor Training Enterprise Atlas.,USD,2023-07-04T14:44:59Z,10.0,38218.55,5.0,363076.22,01uwblHjttgt0qjYKB,0Q0NzNAgOrV51Bk0NW
0QLskim97WmK9yLW11,Synthetic quote line for Quantum Compass Data Platform Professional Horizon.,USD,2023-08-23T19:33:09Z,1.0,22783.44,10.0,20505.1,01uUJWUbolIxMN4AVT,0Q0NzNAgOrV51Bk0NW
0QLrUPf5udn8fPP4PX,Synthetic quote line for Rapid Summit Hardware Standard Pulse.,USD,2025-04-10T09:47:57Z,25.0,51039.17,10.0,1148381.32,01uMskTW5szoxUUADQ,0Q0p6ONV7cf0foFKXF
0QLk8InfKrfpd38WR5,Synthetic quote line for Virtual Lattice Support Core Aurora.,USD,2024-08-13T00:48:59Z,2.0,25792.2,0.0,51584.4,01u71TYWHFtX08fYSW,0Q0STQrJ9T1WCxfCNI
0QLzqWRVksPJhOs4NI,Synthetic quote line for Connected Ember Data Platform Foundation Ion.,USD,2025-08-18T22:51:33Z,1.0,24767.03,20.0,19813.62,01uen5Cpi1qkPs2QED,0Q0rRB3mAHsNOQuSLF
0QLTCaBm1TgqJL7WLS,Synthetic quote line for Dynamic Vertex Data Platform Scale Solstice.,USD,2025-08-06T20:39:33Z,50.0,51495.52,15.0,2188559.6,01uGjHftvnIV4BiIC2,0Q0bxcNlfSVzt8PK0I
0QLfCoE83M4HspYW2E,Synthetic quote line for Integrated Orbit Support Ultimate Aurora.,USD,2025-05-17T12:53:00Z,50.0,37384.09,5.0,1775744.27,01uKz1iBqRHCmlrY7E,0Q0E8qObMX99MPBK0G
0QLavxdicHnyV7D4CU,Synthetic quote line for Open Foundry Hardware Edge Meridian.,USD,2021-07-02T12:11:35Z,10.0,61358.67,0.0,613586.7,01uPjx1mFPjDpcgIRA,0Q04bdePWjiwXNMKJH
0QL0azdAWtLcG8gGT8,Synthetic quote line for Quantum Beacon Hardware Foundation Vector.,USD,2023-12-22T14:12:59Z,50.0,13657.48,10.0,614586.6,01uP9JzeHn3INcfAW3,0Q0pQHkQj9Dgdf1KLM
0QLC8vu5di7XZzrG1V,Synthetic quote line for Rapid Pioneer Data Platform Scale Cascade.,USD,2025-02-23T09:48:43Z,10.0,4516.0,15.0,38386.0,01ulrUP6PcHgsyjA5X,0Q0JLg2B8qqE8CKKWO
0QLvLFUN4L5WyBfGS5,Synthetic quote line for Virtual Harbor Cloud Service Ultimate Meridian.,USD,2023-02-13T23:19:27Z,25.0,7151.29,10.0,160904.02,01uvJ14iKXnNFzDYZQ,0Q0uBweF6czST5lC01
0QLxuszVCcQ5166G44,Synthetic quote line for Connected Compass Data Platform Essential Zenith.,USD,2021-07-16T09:57:01Z,10.0,41256.12,0.0,412561.2,01ujQGcX0dFFoJDAEI,0Q0s2he4rCTYdowSW4
0QLFGlSXAidGZq8G22,Synthetic quote line for Dynamic Summit Hardware Premier Cobalt.,USD,2025-01-25T09:42:44Z,2.0,9311.41,20.0,14898.26,01uas3XHvt9KGjGY0M,0Q0Ux2daVN7QMwKSKN
0QLNDjX5cgssP34W3N,Synthetic quote line for Integrated Lattice Hardware Select Nova.,USD,2024-11-02T11:46:31Z,2.0,10702.85,0.0,21405.7,01u4PmvaoJjErBdQDS,0Q0yIabzmYlP6BS0BT
0QLhvuBylI8T6Zo4LB,Synthetic quote line for Open Ember Advisory Vertex Zenith.,USD,2024-06-19T22:04:15Z,2.0,24492.52,0.0,48985.04,01uGjhxtfIblWmiA3R,0Q0bf8034IqTyb9CAZ
0QLs6BpHpdEATsaGCM,Synthetic quote line for Precision Vertex Data Platform Essential Horizon.,USD,2024-12-17T19:27:47Z,10.0,66755.67,0.0,667556.7,01u83TjBu9Aky6iYEW,0Q0lXdd7LjZXefNCQ3
0QLiRwmrEXLOSHdW3T,Synthetic quote line for Rapid Orbit Data Platform Premier Pulse.,USD,2023-11-18T21:53:03Z,2.0,14574.64,20.0,23319.42,01uwblHjttgt0qjYKB,0Q0OGxXiYRT4LZkCVU
0QL6K590UoL2V3M47P,Synthetic quote line for Virtual Foundry Cloud Service Select Atlas.,USD,2025-04-11T08:22:53Z,1.0,50508.17,0.0,50508.17,01uAMgh5dwURjaMQRK,0Q0dZqVEDo8STYTC2H
0QLxRbuiPmCaZiLGB6,Synthetic quote line for Connected Beacon Advisory Core Ion.,USD,2023-12-30T13:13:44Z,10.0,1457.43,15.0,12388.16,01u1v0qA9XAZC18ANO,0Q0dyP9SpTcGVtD0DY
0QLBEclVxw3NcnXWND,Synthetic quote line for Dynamic Pioneer Training Enterprise Solstice.,USD,2025-11-06T08:58:43Z,2.0,66108.16,0.0,132216.32,01uEzdznkNnOVwYYTK,0Q0FEJ8xt2A9PnZS3W
0QLoY1kfKCMjn5lG63,Synthetic quote line for Integrated Harbor Training Professional Aurora.,USD,2024-12-12T13:18:54Z,10.0,65220.24,20.0,521761.92,01uy1gvXsamZD7YI4O,0Q0aEjw842Iyo7gC3F
0QLL8tzwPMOyyecGQQ,Synthetic quote line for Open Compass Advisory Standard Ion.,USD,2024-05-12T07:13:07Z,10.0,15491.94,15.0,131681.49,01uWCyTesvSdqwTYP4,0Q0nWq1AeQyRaksS45
0QLoYfmSo0tNTMSWUU,Synthetic quote line for Precision Summit Advisory Core Vector.,USD,2026-04-10T07:02:45Z,1.0,61423.0,15.0,52209.55,01uQlVZXfiNQNtRYT9,0Q002S9KM3x4tQRCEA
0QLLDBp779VrGGx4RT,Synthetic quote line for Rapid Lattice Advisory Enterprise Cascade.,USD,2021-10-18T02:51:50Z,50.0,6847.89,0.0,342394.5,01ulrUP6PcHgsyjA5X,0Q04alv8xGYWgwY0ZH
0QLsdP746677BZUWU1,Synthetic quote line for Virtual Ember Support Professional Meridian.,USD,2024-02-02T05:27:59Z,5.0,5948.6,5.0,28255.85,01uu5XYiFCPTY9mYUD,0Q0QX7RUAWXSbYU0OE
0QLxSbHXSrXE0tRGJQ,Synthetic quote line for Adaptive Vertex Support Ultimate Vector.,USD,2025-01-22T06:49:16Z,1.0,57738.35,0.0,57738.35,01uTsGST0Vu9nmEQER,0Q0V5LbnLh0X9Q1KNE
0QLuFXUWv6PiAK9WNW,Synthetic quote line for Dynamic Orbit Training Edge Cobalt.,USD,2021-08-04T00:18:55Z,50.0,833.93,20.0,33357.2,01uGrmz54IceEqlY8F,0Q0ryBSxtFWKlQoK9G
0QLZGOMMiQ9qjRaGEU,Synthetic quote line for Integrated Foundry Data Platform Foundation Nova.,USD,2026-05-08T18:08:20Z,2.0,4579.72,20.0,7327.55,01uRfvkN0HymA5HQXH,0Q0cXIo8bvnlEfkSBN
0QLYZJYUfkKVcJp4UK,Synthetic quote line for Open Beacon Hardware Scale Zenith.,USD,2023-06-21T23:11:34Z,1.0,30947.31,0.0,30947.31,01uhW98iIa7YqecQM6,0Q0fSlE75s1dUzcKZ9
0QLF1gDUDw2yaRMOAZ,Synthetic quote line for Precision Pioneer Advisory Ultimate Cobalt.,USD,2022-01-16T05:18:46Z,50.0,63086.24,5.0,2996596.4,01uyJ6zkekdSnuUYV2,0Q07OW3WhOt9Z1B0D4
0QLNitXhVkM3Qv24CH,Synthetic quote line for Rapid Harbor Data Platform Edge Pulse.,USD,2025-01-22T00:13:44Z,50.0,1997.16,20.0,79886.4,01ulrUP6PcHgsyjA5X,0Q01zwfI55KkypGSDT
0QLvEL3zq9pjKTy47P,Synthetic quote line for Virtual Compass Advisory Foundation Atlas.,USD,2022-10-25T11:00:52Z,50.0,50037.57,20.0,2001502.8,01uqINp8CtmB0C1QFE,0Q0jpH5VuHEfWbwSN7
0QLdIJFcV6vohhLOSZ,Synthetic quote line for Adaptive Summit Data Platform Select Horizon.,USD,2023-09-16T07:07:30Z,10.0,17246.75,20.0,137974.0,01uPVg8XMauyV0HAZ6,0Q0nJrZyRUclBpFCFH
0QLHIK4lEuO7PzmW54,Synthetic quote line for Dynamic Lattice Hardware Vertex Pulse.,USD,2026-01-11T12:49:09Z,5.0,37267.08,5.0,177018.63,01ukZSaar5kiB8EAE2,0Q0NzNAgOrV51Bk0NW
0QL9KRZ3JE5W3q0GUA,Synthetic quote line for Integrated Ember Advisory Essential Aurora.,USD,2023-08-15T05:22:29Z,5.0,60816.12,5.0,288876.57,01ujd1o0ubadWBpIPM,0Q0cHfguvljTFfUSSB
0QLH0qqCZbqOsGbWTQ,Synthetic quote line for Modular Vertex Data Platform Premier Ion.,USD,2021-02-10T01:58:44Z,50.0,60123.54,15.0,2555250.45,01unim0cLH2qX1pAP5,0Q0JIvJcWiPGAX3SIU
0QLYpX02KYI3GgGW80,Synthetic quote line for Precision Orbit Training Select Solstice.,USD,2021-05-12T00:47:34Z,10.0,46012.79,0.0,460127.9,01ukZSaar5kiB8EAE2,0Q0pTESXUksp8qRKR8
0QLnsAUbo3RabyxGII,Synthetic quote line for Rapid Foundry Training Vertex Aurora.,USD,2023-01-06T12:29:48Z,5.0,73257.46,10.0,329658.57,01uE3I30HADotoeYGY,0Q0nOsltH715Hy9KHU
0QL05NZ571YCAb8GYD,Synthetic quote line for Virtual Beacon Data Platform Essential Meridian.,USD,2023-01-01T21:17:50Z,10.0,51376.86,0.0,513768.6,01ulv13FN8KIvguIY4,0Q0NzNAgOrV51Bk0NW
0QLqms4p4dDQnrO423,Synthetic quote line for Adaptive Pioneer Hardware Professional Vector.,USD,2026-04-03T00:23:02Z,25.0,9910.82,0.0,247770.5,01uqTTvJvfJkLqZQBG,0Q08HqPdFTOdyKSSL8
0QLeGfY7Na7hfQ04FJ,Synthetic quote line for Dynamic Harbor Training Standard Cascade.,USD,2022-10-19T01:16:21Z,10.0,16961.25,15.0,144170.62,01uvM9JQrsP7yGYQ83,0Q0uG5HGXenizkC0IM
0QLoPDWHQXKWUUgOKA,Synthetic quote line for Integrated Compass Hardware Core Nova.,USD,2024-09-23T12:12:01Z,5.0,26501.77,20.0,106007.08,01ugC0Mkcri6dqvADO,0Q0282oSGLaWLzgSOZ
0QL1NtqSc45hWVgO89,Synthetic quote line for Modular Summit Hardware Enterprise Zenith.,USD,2021-06-14T07:37:58Z,2.0,72123.29,15.0,122609.59,01ucktmDnpi6SA2IM7,0Q0wz9SX67qu8RbCIJ
0QLjnUOuHFsZipx4GK,Synthetic quote line for Precision Lattice Support Professional Cobalt.,USD,2023-03-02T01:59:18Z,10.0,62263.46,0.0,622634.6,01uilnVKVTyQFssII1,0Q0eJw2obwPjuIHCFP
0QLWYBUzG8nLNo8W9K,Synthetic quote line for Rapid Ember Data Platform Standard Nova.,USD,2026-03-05T13:43:43Z,1.0,36257.07,0.0,36257.07,01uulmW4p1g5qS6Q53,0Q0wcGpg0JMIRXVC39
0QL1Z8aScqat0nPO1T,Synthetic quote line for Unified Vertex Advisory Core Atlas.,USD,2023-03-12T16:21:19Z,1.0,20173.78,5.0,19165.09,01uDD0S1dJdEdBpAZS,0Q0o4wTFzqtit9OCP9
0QLhfn1ID5bw5oC4GU,Synthetic quote line for Adaptive Orbit Hardware Foundation Horizon.,USD,2024-06-23T21:37:09Z,50.0,52421.84,0.0,2621092.0,01ucZtNMVx0iGHIAK5,0Q08sGdEeVm0MysS3M
0QLVzV5ebAitIojG6A,Synthetic quote line for Dynamic Foundry Advisory Scale Pulse.,USD,2022-06-12T05:15:35Z,50.0,41109.69,0.0,2055484.5,01uHm9hkqn3nP7NIX9,0Q0q5X48M7SH9kZ09D
0QL4NWGMtNJ6tpw42Z,Synthetic quote line for Integrated Beacon Advisory Ultimate Atlas.,USD,2026-06-20T11:25:24Z,5.0,56265.44,20.0,225061.76,01uYKRQRQQfNvwZYXG,0Q0VFhnMlhlEPZI0GM
0QLo2jKkBvWmZWAWN6,Synthetic quote line for Modular Pioneer Data Platform Edge Ion.,USD,2022-01-05T06:03:53Z,10.0,71325.78,0.0,713257.8,01utqmPyaUkwSFLI56,0Q0WKWkSKrXD6L8CUL
0QLK0ErEBqwZBOGGD8,Synthetic quote line for Precision Harbor Data Platform Foundation Solstice.,USD,2024-08-20T22:31:01Z,2.0,27262.65,5.0,51799.04,01umXfMNeJIQUlcIEX,0Q0128Hl0GNo0L00OO
0QLFQsOt1OZNid1GOP,Synthetic quote line for Rapid Compass Data Platform Scale Aurora.,USD,2022-12-30T18:34:02Z,1.0,65798.09,0.0,65798.09,01uQgb8tPmYwgmEQWV,0Q0mc9V7L2IXLaKCFQ
0QLMT1YuIh0kWhlGY0,Synthetic quote line for Unified Summit Cloud Service Ultimate Ion.,USD,2025-08-01T22:12:03Z,50.0,3099.06,0.0,154953.0,01ul7MaOwG3jnK1Q60,0Q0jT5P4vGhnWTdC53
0QLQVPWnYSFJuKeGIN,Synthetic quote line for Adaptive Lattice Advisory Essential Vector.,USD,2021-02-20T04:42:55Z,5.0,29683.1,15.0,126153.18,01uNCGlsM15XwNYYK0,0Q0EyflYFXH8UE5C1D
0QL1WcXfA7LllYt43X,Synthetic quote line for Dynamic Ember Cloud Service Premier Cascade.,USD,2024-06-03T08:28:19Z,5.0,53171.93,0.0,265859.65,01u2t5lHsuF16GgAD7,0Q0yp9v2BHQ1NEyK4G
0QLVVJRtip8IWwrW76,Synthetic quote line for Elastic Vertex Data Platform Select Meridian.,USD,2022-10-14T19:45:13Z,10.0,26668.76,5.0,253353.22,01uqQWOEUYQ38iTY18,0Q0Cihuqk3gA07sCVO
0QLu2Lf4z7C0QXuWV1,Synthetic quote line for Modular Orbit Training Vertex Vector.,USD,2025-03-10T07:34:49Z,50.0,47217.98,0.0,2360899.0,01uEREA0V9nHhc8A84,0Q09bcEg0itJPRWK0P
0QLhXnpduUzm8Kp468,Synthetic quote line for Precision Foundry Hardware Essential Cobalt.,USD,2021-09-07T20:42:15Z,2.0,64271.49,0.0,128542.98,01u8mL9qFdT1EHNIM9,0Q0ZBH2v8u6BfOyK5S
0QLop0Upi6mkDm1O1S,Synthetic quote line for Rapid Beacon Hardware Premier Nova.,USD,2022-04-26T08:24:27Z,50.0,55038.32,20.0,2201532.8,01uFt9b3ADxIGMFA8E,0Q0KMQHfFr2knzvCD5
0QLhygmZNnivjYL4XZ,Synthetic quote line for Unified Pioneer Training Select Zenith.,USD,2025-03-13T03:58:30Z,2.0,8430.0,15.0,14331.0,01uAFoB6gbzYkh5Y2C,0Q0sH30FaI1KM5WKW4
0QLN9unTkY25Lm044O,Synthetic quote line for Adaptive Harbor Data Platform Core Horizon.,USD,2023-02-03T00:35:22Z,10.0,19988.86,0.0,199888.6,01uMA8zSZGWyKdiAKM,0Q0iHvR7oz0f6h10PR
0QLzBasNL7Ob0bXWFT,Synthetic quote line for Dynamic Compass Advisory Enterprise Pulse.,USD,2024-06-24T05:34:03Z,10.0,30204.65,0.0,302046.5,01uBfZkj3n3q858ILS,0Q0owJeA1e8PyUQK0S
0QL7ODF7ytZYmtvWPJ,Synthetic quote line for Elastic Summit Hardware Professional Atlas.,USD,2024-05-29T21:33:15Z,50.0,73766.42,0.0,3688321.0,01uEzdznkNnOVwYYTK,0Q0uH7lPSjWBPttC3P
0QLPGhNuMRuLS42OKG,Synthetic quote line for Modular Lattice Support Standard Horizon.,USD,2026-04-21T08:09:10Z,5.0,34789.74,0.0,173948.7,01u2uWEH3Jb5lDlIVZ,0Q0QWgnFMhe9OJE0DY
0QLtdBEUlYDfZ4EWLS,Synthetic quote line for Precision Ember Data Platform Core Solstice.,USD,2021-01-03T02:51:48Z,50.0,9060.77,10.0,407734.65,01umqAw1yoGjRKZYO5,0Q0RocLYsil3zUT0IS
0QL0ko7DiYPlENHGO4,Synthetic quote line for Quantum Vertex Hardware Enterprise Aurora.,USD,2025-09-17T17:49:29Z,50.0,70847.19,20.0,2833887.6,01uFt9b3ADxIGMFA8E,0Q0P48rnmOHK7L7SK8
0QL9ITyM848IjP042Z,Synthetic quote line for Unified Orbit Cloud Service Professional Ion.,USD,2021-04-14T14:28:54Z,50.0,29719.05,5.0,1411654.88,01uJz3Pv66JPasuITX,0Q0QQLjRsi1fjgAS2F
0QLoiau4cSJOY0AW0K,Synthetic quote line for Adaptive Foundry Data Platform Ultimate Solstice.,USD,2024-09-21T08:45:42Z,2.0,4570.49,0.0,9140.98,01ueyJe4gsnNiPnIDF,0Q0kmhZDcGJKNzq0VG
0QLekTDsQTYEk6LWH9,Synthetic quote line for Dynamic Beacon Advisory Edge Cascade.,USD,2025-09-12T08:22:07Z,5.0,48686.97,10.0,219091.37,01umTuXQdudoFUAA13,0Q0XeAFRIrOMC9JSZC
0QLDERlCJsMLXDTOPG,Synthetic quote line for Elastic Pioneer Advisory Foundation Meridian.,USD,2025-07-18T11:11:49Z,25.0,62337.54,5.0,1480516.57,01uQgb8tPmYwgmEQWV,0Q04H9Xn1U8FxBiSQP
0QLJFtbd5DsBJmqGZG,Synthetic quote line for Modular Harbor Hardware Scale Vector.,USD,2021-07-21T17:12:32Z,2.0,37200.91,0.0,74401.82,01ucOVQYpxTA9fkYLG,0Q02mDjOvbItqbdKAO
0QLzWdEPx7F648RGOV,Synthetic quote line for Precision Compass Cloud Service Ultimate Cascade.,USD,2023-09-13T20:00:42Z,5.0,55782.36,20.0,223129.44,01u4Avm107tqlBZQ5W,0Q0TXTKatpjJO0CKTE
0QLTKxxtD8z9OXqOXH,Synthetic quote line for Quantum Summit Cloud Service Edge Nova.,USD,2022-07-13T09:32:19Z,2.0,1945.62,5.0,3696.68,01ulGWUVmpG9bEwIRB,0Q0D5EZPjKk0ufsKRL
0QLehU9gZtpuzmy4FA,Synthetic quote line for Unified Lattice Cloud Service Foundation Zenith.,USD,2025-08-30T09:48:14Z,5.0,60103.05,20.0,240412.2,01uFe45oNKIEsMCASS,0Q0bWHaVmzJr3ECK0O
0QLuz0M6ZiCc18BGA6,Synthetic quote line for Adaptive Ember Training Select Cobalt.,USD,2026-05-25T20:31:14Z,50.0,69016.54,15.0,2933202.95,01uIpwvxtQysDJ4AUU,0Q0ZQgJwVDO6dPRCMO
0QLhqFQ5xq0xZ34OH5,Synthetic quote line for Connected Vertex Hardware Vertex Nova.,USD,2025-10-08T06:30:45Z,1.0,57534.16,15.0,48904.04,01uNQaEFCEthyrFQ6R,0Q0fiAd8nW66eHx0NO
0QLdehEfUu2VYrm4FN,Synthetic quote line for Elastic Orbit Cloud Service Essential Atlas.,USD,2021-06-25T13:33:18Z,50.0,44710.25,5.0,2123736.88,01utx3xzWqOvLSGAHV,0Q0Rl9EnZd9IQfBSIU
0QLAlD9i1n2o7iVGK2,Synthetic quote line for Modular Foundry Advisory Premier Horizon.,USD,2024-04-20T20:36:47Z,1.0,9796.26,0.0,9796.26,01uzrOswHnzmYb6AU7,0Q0ZdYC8U8e7BMVSWD
0QLwwaXs7xSKnfLWTG,Synthetic quote line for Precision Beacon Training Select Pulse.,USD,2025-12-21T04:46:18Z,5.0,30666.53,10.0,137999.39,01uugppu5drNWwvIF8,0Q0AMZKQWtjSNKZ0YN
0QLQ365cvu99DulGAV,Synthetic quote line for Quantum Pioneer Cloud Service Vertex Atlas.,USD,2025-08-14T12:53:18Z,50.0,61199.83,20.0,2447993.2,01uE3I30HADotoeYGY,0Q05IvbyD6EMZKe076
0QLoTOqHDnHYvi7G2P,Synthetic quote line for Unified Harbor Hardware Essential Ion.,USD,2024-03-23T14:05:51Z,5.0,74639.62,15.0,317218.38,01uMQRR3zGeNWaaAA7,0Q0dcsLVRm3AnC90CM
0QLGz0ZbNXtu2ZkGD0,Synthetic quote line for Adaptive Compass Data Platform Professional Solstice.,USD,2025-06-04T13:40:15Z,10.0,19075.37,10.0,171678.33,01u8mL9qFdT1EHNIM9,0Q0fh4MD18INK7sKVK
0QLOCoq19TGow3lOKU,Synthetic quote line for Connected Summit Hardware Standard Aurora.,USD,2021-01-02T16:34:57Z,25.0,3765.02,10.0,84712.95,01uQ3sPvOW1wcPjYG3,0Q0ovyzuncmuxNiSHQ
0QLfAbqypiTbpd1WT1,Synthetic quote line for Elastic Lattice Cloud Service Core Meridian.,USD,2021-03-15T04:46:56Z,10.0,16884.6,10.0,151961.4,01u1zQlV6qpL6i3IK5,0Q0y7vHDL9fCYOJ053
0QLctO2pMLowgG8G6E,Synthetic quote line for Modular Ember Support Enterprise Vector.,USD,2023-08-28T07:10:52Z,10.0,5706.79,10.0,51361.11,01ulv13FN8KIvguIY4,0Q0MfXBqOiI6fvFKCQ
0QLiI0bc0YCdMrEGDM,Synthetic quote line for Open Vertex Advisory Professional Cascade.,USD,2023-03-07T06:31:53Z,25.0,14008.01,15.0,297670.21,01uWkF1MftLq7fOIP7,0Q08sMMQ5EbPr2Y08K
0QL27M02KfyV98kWRU,Synthetic quote line for Quantum Orbit Advisory Standard Meridian.,USD,2022-01-07T09:05:07Z,50.0,12552.14,20.0,502085.6,01ualDWbU2nsHAyI4N,0Q0Fb4kMYfgEOQUKOA
0QLscSFdmuWNfizOK1,Synthetic quote line for Unified Foundry Advisory Core Zenith.,USD,2025-11-03T02:39:37Z,5.0,53231.03,10.0,239539.64,01uSuv7um4Jc91gAI2,0Q0eMpVmjDGJSa70I4
0QL1g9maSYdyNn749F,Synthetic quote line for Adaptive Beacon Training Foundation Cobalt.,USD,2021-08-06T08:24:18Z,1.0,28374.04,20.0,22699.23,01uyJ6zkekdSnuUYV2,0Q0WPgwQzC32n1k04H
0QLFPf26m3CkCRA4AE,Synthetic quote line for Connected Pioneer Advisory Scale Nova.,USD,2023-03-30T23:43:02Z,50.0,50658.55,0.0,2532927.5,01uAFoB6gbzYkh5Y2C,0Q0PcqytlKC0zGpCAB
0QLteMZrCSSDf1w4WG,Synthetic quote line for Elastic Harbor Support Ultimate Zenith.,USD,2021-08-23T12:27:31Z,10.0,66136.47,20.0,529091.76,01u4dHsHv8wA4sGY7I,0Q0Qllx2hTuoVA1CES
0QLStfBXvFrjhcXWBK,Synthetic quote line for Modular Compass Training Edge Horizon.,USD,2024-05-11T04:41:40Z,10.0,65356.0,15.0,555526.0,01udB0j16WZOcX5QQ0,0Q0YbxFkntJskkYSW8
0QLsEK14uQTTe1P4U8,Synthetic quote line for Open Summit Training Foundation Pulse.,USD,2023-08-14T09:46:40Z,1.0,25027.65,0.0,25027.65,01uBeJ5ZF9xSBOtQEH,0Q0taYcTO7F6x7eCSG
0QLHbmEC0TsfMRaGPX,Synthetic quote line for Quantum Lattice Support Scale Atlas.,USD,2026-06-01T05:38:16Z,1.0,46782.51,20.0,37426.01,01uGrmz54IceEqlY8F,0Q0SZeJropB8VbSSGY
0QLorBg7yT5XXvwOQJ,Synthetic quote line for Unified Ember Support Ultimate Horizon.,USD,2022-08-20T18:38:25Z,1.0,53806.59,5.0,51116.26,01uCyKZmipXHx2mYRP,0Q0rShaMaqaRcjXKSX
0QLpXN25BuZ4lAr42L,Synthetic quote line for Virtual Vertex Data Platform Edge Solstice.,USD,2026-04-10T18:45:11Z,1.0,11030.11,5.0,10478.6,01uvM9JQrsP7yGYQ83,0Q08mEWoBWrbPAjCDM
0QLorNr4woe4X3nOHM,Synthetic quote line for Connected Orbit Training Premier Aurora.,USD,2021-05-15T19:30:30Z,2.0,6098.45,10.0,10977.21,01uH08kSI20VJz2A7T,0Q0AL21To1LZ8BbSS7
0QLJH34Z99P0cgSGS3,Synthetic quote line for Elastic Foundry Data Platform Select Ion.,USD,2026-05-05T15:27:44Z,10.0,17746.33,0.0,177463.3,01uw9PVgWwT4QAvAVE,0Q0TnyM8DwXuN9XSAA
0QLNVAQiYlZiIKN4PO,Synthetic quote line for Modular Beacon Hardware Vertex Solstice.,USD,2024-05-23T20:24:25Z,25.0,13297.82,0.0,332445.5,01ubVTXfBaCb01jAQV,0Q0D7IShcLZiUvf0ZQ
0QLF0WbF2IcmIH7WBF,Synthetic quote line for Open Pioneer Cloud Service Essential Cascade.,USD,2023-05-21T09:28:51Z,50.0,9287.4,0.0,464370.0,01ur28FnEV6DyiAA63,0Q0qopVehbtl5xFKBC
0QLttYHVq6LXVzhGFV,Synthetic quote line for Quantum Harbor Hardware Premier Meridian.,USD,2024-07-23T11:05:43Z,10.0,40572.72,10.0,365154.48,01utHXQKP7wXfxpIGW,0Q0XVVjZaHI9eMrKNB
0QLoSKPSFAB8QMyON9,Synthetic quote line for Unified Compass Cloud Service Select Vector.,USD,2023-04-29T02:26:29Z,50.0,691.15,20.0,27646.0,01ucOVQYpxTA9fkYLG,0Q0vrCFXUCLZlTRKHT
0QLnRbCl94kiIpW4MU,Synthetic quote line for Virtual Summit Hardware Vertex Cascade.,USD,2021-07-30T01:54:50Z,50.0,39658.69,15.0,1685494.32,01u0ElwG1CqM4RlQXP,0Q0wCd0sQZHXIMMKIW
0QLuMgw3jTVJJyzWVI,Synthetic quote line for Connected Lattice Support Enterprise Nova.,USD,2025-07-08T07:27:44Z,1.0,45295.09,0.0,45295.09,01uzkFgHHKOHNb8ADY,0Q0SZeJropB8VbSSGY
0QLaIMjJHq0YZ8IOUM,Synthetic quote line for Elastic Ember Support Professional Zenith.,USD,2025-01-20T20:24:01Z,1.0,6994.12,15.0,5945.0,01uYlWWcWi8iXTcYI3,0Q0XxISAjikvcs40I5
0QLotFgEVB2qnPmORB,Synthetic quote line for Integrated Vertex Training Standard Cobalt.,USD,2026-01-18T21:03:35Z,10.0,13774.59,20.0,110196.72,01uPjx1mFPjDpcgIRA,0Q03Ac2haAeO1gq05E
0QL6OIHfITG0MUBG0D,Synthetic quote line for Open Orbit Hardware Core Pulse.,USD,2025-06-28T01:52:18Z,1.0,40121.56,5.0,38115.48,01uysnau0KhTkwBAAW,0Q0aEc7IHrODKyhCU2
0QLKEoakxpXPIWkOPW,Synthetic quote line for Quantum Foundry Advisory Enterprise Atlas.,USD,2024-11-20T06:11:43Z,50.0,19718.39,0.0,985919.5,01uJbRaKkjlPvM3I63,0Q0V5LbnLh0X9Q1KNE
0QLQR79O6dyC08RO9G,Synthetic quote line for Unified Beacon Training Professional Horizon.,USD,2025-03-04T12:14:46Z,10.0,10820.98,0.0,108209.8,01uCI9USaya88RGQFI,0Q0c1JZ9QKMMYsAKPN
0QL1cz2RAKb0pRz4FG,Synthetic quote line for Virtual Pioneer Data Platform Standard Pulse.,USD,2024-07-12T16:01:11Z,50.0,41608.25,15.0,1768350.62,01uTHUysWX9DJtwY6N,0Q0wDW1im0CGtOtSUE
0QLrR0uGGbiJfWTOQ7,Synthetic quote line for Connected Harbor Advisory Edge Aurora.,USD,2021-05-25T22:52:23Z,25.0,65961.55,10.0,1484134.88,01ueyJe4gsnNiPnIDF,0Q001jlYpE5EUJe0UE
0QLQLTA0ocXi75LW3A,Synthetic quote line for Elastic Compass Hardware Foundation Ion.,USD,2025-01-18T19:10:39Z,25.0,42296.32,5.0,1004537.6,01uk3g7KZ1foaM1Y43,0Q0AUxojri3qAhQC33
0QLgEYnpziIahW5WGN,Synthetic quote line for Integrated Summit Cloud Service Scale Solstice.,USD,2022-10-11T09:09:52Z,25.0,44242.24,0.0,1106056.0,01uXdO7in78Z0o3IDX,0Q0Erlrn4rvZofpSF5
0QLGlBZrpCvQ0PUWA3,Synthetic quote line for Open Lattice Support Ultimate Aurora.,USD,2023-04-21T16:57:06Z,5.0,70212.48,0.0,351062.4,01uuzBHChBdZlrvQ8H,0Q0zYjdxGGga55Z08D
0QLtIdhXBMHbZ2GWRU,Synthetic quote line for Quantum Ember Cloud Service Edge Meridian.,USD,2026-05-23T01:21:23Z,25.0,60130.08,20.0,1202601.6,01uCxEgI2mCiz8oIIS,0Q07OoQp5k2Z0tdCO8
0QLX2hK53AduDqvWBX,Synthetic quote line for Rapid Vertex Training Foundation Vector.,USD,2024-10-23T06:22:54Z,10.0,65371.45,0.0,653714.5,01uXSQ5fKhH9J0rQIQ,0Q0HCrxLUU5PdkVSVP
0QL1aMQ0MPc0EvW4KX,Synthetic quote line for Virtual Orbit Data Platform Scale Cascade.,USD,2024-07-19T19:44:20Z,10.0,3287.24,10.0,29585.16,01uBC3Af2aJPeifQON,0Q018KVHJ1WsQK2SVC
0QLkoHYFuNuNBilGJZ,Synthetic quote line for Connected Foundry Data Platform Vertex Meridian.,USD,2024-04-20T22:57:59Z,50.0,11239.16,20.0,449566.4,01uCyKZmipXHx2mYRP,0Q0BaMClS50D396S05
0QL5Ob1n61nJDpwG21,Synthetic quote line for Elastic Beacon Training Essential Zenith.,USD,2023-08-27T17:57:44Z,50.0,56777.33,0.0,2838866.5,01uwSRPKbLes8ruYIZ,0Q0J1Y6hbUUfoA80CS
0QLkxUovUTyeIx6GVA,Synthetic quote line for Integrated Pioneer Cloud Service Premier Cobalt.,USD,2023-04-04T08:20:08Z,5.0,26922.4,20.0,107689.6,01uCyKZmipXHx2mYRP,0Q08wQVAN5MyQ7ZS7Y
0QLHsCop2jIDf1sGCU,Synthetic quote line for Open Harbor Support Select Nova.,USD,2026-02-16T14:20:49Z,25.0,64477.45,15.0,1370145.81,01u9usVZAaaGnwRYOD,0Q09YnzdclGNSutCNU
0QLFrCUCkLe6WO3O93,Synthetic quote line for Quantum Compass Hardware Vertex Zenith.,USD,2023-05-26T23:27:32Z,5.0,54501.45,5.0,258881.89,01u71TYWHFtX08fYSW,0Q0GrvOafcWT3eDC4P
0QLfhDIPaLzPVaWOOE,Synthetic quote line for Rapid Summit Training Essential Horizon.,USD,2024-09-11T13:36:43Z,1.0,61934.78,15.0,52644.56,01uEzdznkNnOVwYYTK,0Q0RmWc2MZ1vFPgSTX
0QLCctmkdbsXu5o47Z,Synthetic quote line for Virtual Lattice Hardware Premier Pulse.,USD,2022-01-16T05:13:14Z,2.0,71413.12,15.0,121402.3,01ubrNCJ74CTRg1IFI,0Q0cHfguvljTFfUSSB
0QL1SatowCcz74fW7R,Synthetic quote line for Connected Ember Data Platform Standard Atlas.,USD,2022-03-18T05:47:24Z,1.0,39297.69,10.0,35367.92,01uZhc2xX0xLj39ATO,0Q0K3GuzewQD9r9SM1
0QLhUdER3UnAzDQWMF,Synthetic quote line for Dynamic Vertex Data Platform Core Ion.,USD,2022-12-31T15:30:10Z,2.0,42815.04,0.0,85630.08,01u1sr1soSTDcCMQ43,0Q0DR1wXpDs1mTSSWZ
0QLgUBCGBtdPF37O4V,Synthetic quote line for Integrated Orbit Training Enterprise Solstice.,USD,2022-11-12T03:08:03Z,1.0,655.83,0.0,655.83,01uwzxHNpERT5TqAXA,0Q09TO7ubJ4rVz8S47
0QL5kAoys7Hros9O6I,Synthetic quote line for Open Foundry Data Platform Professional Aurora.,USD,2025-11-28T18:32:02Z,10.0,57695.37,5.0,548106.02,01uPKxBMkVM61PoIKE,0Q0Wh1fBkjq7aDZSLC
0QLOrS8UH11iEOUGGS,Synthetic quote line for Quantum Beacon Cloud Service Standard Ion.,USD,2025-02-05T17:33:29Z,5.0,46090.02,15.0,195882.58,01uiOuapJc0w5rMI3Q,0Q0urTkTlpIE61k0S8
0QLMenDLTrSMaadWQ4,Synthetic quote line for Rapid Pioneer Support Core Vector.,USD,2023-05-25T08:07:43Z,10.0,17900.53,5.0,170055.03,01uIhNDsbACKJwOQAK,0Q0KCzT8v9vjlH6SIF
0QLZJk7BL1aaNCqWPE,Synthetic quote line for Virtual Harbor Training Enterprise Cascade.,USD,2023-11-26T09:33:09Z,25.0,6422.9,0.0,160572.5,01u3gOonB8t78PPYKF,0Q0mXVESdAQVplx05H
0QLSe9VbeSUSzpe4RI,Synthetic quote line for Connected Compass Training Scale Meridian.,USD,2022-10-30T08:45:39Z,25.0,14500.42,15.0,308133.92,01uqpR2yiWbBNPvQ1F,0Q0KIkNzP5mH57fCF1
0QLlnC9345Wpg0l48Q,Synthetic quote line for Dynamic Summit Advisory Ultimate Vector.,USD,2026-06-11T17:08:53Z,2.0,10981.11,20.0,17569.78,01ufQo4DHeD5dvwICY,0Q0tXYBmqHuHWHZK6S
0QLddjWmIom6anyGXY,Synthetic quote line for Integrated Lattice Data Platform Edge Cobalt.,USD,2021-07-24T01:31:40Z,25.0,73169.51,10.0,1646313.97,01ujd1o0ubadWBpIPM,0Q0vu8atqOGlHjlCZX
0QLTDSlcKI4wdSsGIU,Synthetic quote line for Open Ember Data Platform Foundation Nova.,USD,2022-10-12T05:37:20Z,25.0,68418.35,15.0,1453889.94,01u410XzXyDchg8YH3,0Q0DZ5Aym0YuaV9SEN
0QLWW2VxcIXKl4r4J5,Synthetic quote line for Precision Vertex Data Platform Scale Zenith.,USD,2021-01-29T06:35:21Z,1.0,41328.13,15.0,35128.91,01uBo9bliYPFlS6QPU,0Q0BfK6Un64rqXKCIH
0QLvROISGqdx86dWB7,Synthetic quote line for Rapid Orbit Support Ultimate Cobalt.,USD,2021-01-07T06:23:22Z,50.0,48997.71,0.0,2449885.5,01uIc2nFLK8VdniQBX,0Q0tDT0bMdIPUCHCHR
0QLG1gjgjyVvZOAGTC,Synthetic quote line for Virtual Foundry Training Edge Pulse.,USD,2025-09-08T16:43:59Z,25.0,60595.76,20.0,1211915.2,01uYMWfQTnkD5qnAVB,0Q0cE1QFAmIO86FK1P
0QLBPKZD77MdjipO82,Synthetic quote line for Connected Beacon Support Premier Atlas.,USD,2026-01-05T05:00:47Z,1.0,67924.05,20.0,54339.24,01usZhoMVh5QFp5A8S,0Q0N6oYw6rm5TzGCMX
0QLcYR1Q9BwPXTCW56,Synthetic quote line for Dynamic Pioneer Advisory Select Horizon.,USD,2022-10-02T22:39:10Z,5.0,41059.24,5.0,195031.39,01ut9jBZzSpsiCdICZ,0Q0NzNAgOrV51Bk0NW
0QL39AGOB0OpzHo4FQ,Synthetic quote line for Integrated Harbor Data Platform Vertex Pulse.,USD,2023-10-02T21:34:25Z,10.0,70603.2,5.0,670730.4,01u71TYWHFtX08fYSW,0Q0pmtC6S51uTKWSWP
0QLrkYyNXwciDZJGE3,Synthetic quote line for Open Compass Cloud Service Essential Aurora.,USD,2023-11-28T12:35:29Z,25.0,3997.12,0.0,99928.0,01uBeJ5ZF9xSBOtQEH,0Q0taYcTO7F6x7eCSG
0QLECnDgSh07B9ZOZQ,Synthetic quote line for Precision Summit Hardware Premier Ion.,USD,2023-04-17T17:25:24Z,25.0,43529.04,10.0,979403.4,01uWiXi07rUIM5NQCX,0Q0AwyNsJtRLFhPSO2
0QLoO1oK0iHTkz3OZC,Synthetic quote line for Rapid Lattice Hardware Select Solstice.,USD,2023-12-14T04:37:06Z,10.0,20025.13,0.0,200251.3,01uhW98iIa7YqecQM6,0Q0J9ZkGpmVnC6CCSK
0QLhgH3WEI4EQCJGUF,Synthetic quote line for Virtual Ember Advisory Vertex Aurora.,USD,2023-03-23T08:33:58Z,2.0,25447.39,0.0,50894.78,01uHm9hkqn3nP7NIX9,0Q0U64mhKLqbjTYSVU
0QLSt9ufFyoGfzY4IY,Synthetic quote line for Adaptive Vertex Hardware Enterprise Meridian.,USD,2022-05-07T17:27:19Z,5.0,35376.5,10.0,159194.25,01utqmPyaUkwSFLI56,0Q0cE1QFAmIO86FK1P
0QLvTwtw2KPHwhY4FD,Synthetic quote line for Dynamic Orbit Cloud Service Professional Vector.,USD,2024-02-02T02:11:50Z,25.0,44901.98,20.0,898039.6,01uYTScXXHBn0tLASI,0Q0NzNAgOrV51Bk0NW
0QLOJPH8jaH36TzWV4,Synthetic quote line for Integrated Foundry Advisory Standard Cascade.,USD,2023-01-30T07:43:36Z,50.0,21117.93,10.0,950306.85,01uVTcsqzRQW04eAMD,0Q08b3eTeSqWpA2SVS
0QLcEhamTjJI6sEO0T,Synthetic quote line for Open Beacon Advisory Core Nova.,USD,2022-03-09T13:15:52Z,1.0,22117.51,10.0,19905.76,01uas3XHvt9KGjGY0M,0Q03AyWO4RVVONiCQQ
0QLc8o3Xki5RyLTWAJ,Synthetic quote line for Precision Pioneer Data Platform Enterprise Zenith.,USD,2025-08-09T02:35:36Z,25.0,56055.7,0.0,1401392.5,01ulVeriDBY0fFFAK3,0Q0HlkdrLKT3bfiSRR
0QLj9to8URlvBTI4OK,Synthetic quote line for Rapid Harbor Advisory Professional Cobalt.,USD,2023-11-15T03:00:54Z,1.0,55554.52,10.0,49999.07,01uXemgmbGBj031YMF,0Q0mlkcjN1wOxww0D5
0QLyyjFxLps6dohGWI,Synthetic quote line for Virtual Compass Hardware Standard Nova.,USD,2024-02-04T17:15:11Z,1.0,37126.13,10.0,33413.52,01uQlVZXfiNQNtRYT9,0Q0OyaC0zEQ93z7KO2
0QLMYOanpEdgjp6GJI,Synthetic quote line for Adaptive Summit Training Edge Atlas.,USD,2025-10-07T12:43:04Z,50.0,19473.97,20.0,778958.8,01uUuCDlyVaOtj6A5E,0Q0D7IShcLZiUvf0ZQ
0QLMlIK2aaT3VTy49B,Synthetic quote line for Dynamic Lattice Cloud Service Foundation Horizon.,USD,2023-07-29T12:41:40Z,50.0,60079.44,0.0,3003972.0,01uXnhv90KP987BQ3Y,0Q0rUNwMiAoynjFSUU
0QLm4Aq6aDl0l0eGDR,Synthetic quote line for Integrated Ember Training Scale Pulse.,USD,2026-05-18T10:16:42Z,25.0,61255.93,15.0,1301688.51,01usZCrPjaKjueRQYO,0Q0CeJXAO7PQgVNCNT
0QL3tdaRr1cUoY24OD,Synthetic quote line for Modular Vertex Hardware Ultimate Atlas.,USD,2021-10-16T15:51:31Z,1.0,6917.93,0.0,6917.93,01uKhzXXV7OTzjFYTJ,0Q0DOaHsink8nRmKJT
0QLNNnihnaVRb7IWEH,Synthetic quote line for Precision Orbit Support Edge Ion.,USD,2022-01-12T14:47:50Z,5.0,37447.22,0.0,187236.1,01u2Byfa4IwUJDvQM7,0Q0Sd8fJrME6nAgKYW
0QLhir7RVzE2PVLOMB,Synthetic quote line for Rapid Foundry Hardware Foundation Solstice.,USD,2025-12-01T10:41:01Z,1.0,71374.91,10.0,64237.42,01u45XrA1cIlNlaAJY,0Q0qMeZJX99BFiGC4C
0QLnW7Pe5xANsaIGRA,Synthetic quote line for Virtual Beacon Support Scale Aurora.,USD,2025-05-08T22:28:10Z,25.0,15428.5,10.0,347141.25,01ur28FnEV6DyiAA63,0Q0peQqRczRsnOwK6X
0QLgcIzcsBhxlOu4A4,Synthetic quote line for Adaptive Pioneer Training Vertex Ion.,USD,2025-01-12T06:24:47Z,10.0,57393.32,0.0,573933.2,01u2uWEH3Jb5lDlIVZ,0Q0DZ5Aym0YuaV9SEN
0QLIkzDUrNkYKm4WS2,Synthetic quote line for Dynamic Harbor Training Essential Vector.,USD,2023-04-28T12:36:09Z,10.0,37683.36,10.0,339150.24,01ulr3bX0CgclaDYGJ,0Q0aLkGGZMhb7xUK10
0QLRIUbOTee0t3x4H0,Synthetic quote line for Integrated Compass Hardware Premier Cascade.,USD,2021-01-07T23:04:22Z,25.0,26755.56,0.0,668889.0,01uXv4K6jjQLtG3AOR,0Q0nfx3VHYVQUojS9N
0QLTmjEqpfgNXG5WAJ,Synthetic quote line for Modular Summit Training Select Meridian.,USD,2024-09-23T23:01:22Z,2.0,4278.17,15.0,7272.89,01uBo9bliYPFlS6QPU,0Q0NzNAgOrV51Bk0NW
0QLSeNlQmNflUuFWLH,Synthetic quote line for Precision Lattice Hardware Vertex Vector.,USD,2022-05-26T07:27:13Z,50.0,71623.31,20.0,2864932.4,01uw9PVgWwT4QAvAVE,0Q00TeWB7YKmN49SI9
0QLTw3CQtRqOxL347O,Synthetic quote line for Rapid Ember Support Essential Cobalt.,USD,2022-01-05T02:35:50Z,5.0,12391.62,10.0,55762.29,01u3VcPWmfc83TAIIQ,0Q0NzNAgOrV51Bk0NW
0QLdJA09Rcu3ig1OEE,Synthetic quote line for Unified Vertex Support Premier Nova.,USD,2024-01-22T19:29:03Z,25.0,54222.5,5.0,1287784.38,01u6slvrn5euvbnQC8,0Q09bJDHmNh7mXVKSW
0QLM5I0UnDDCGS8WZQ,Synthetic quote line for Adaptive Orbit Hardware Standard Zenith.,USD,2026-04-26T04:57:02Z,2.0,45840.66,20.0,73345.06,01ueXc57ljWEIWFQC4,0Q0XxISAjikvcs40I5
0QL0J7lUpQWaObm4PL,Synthetic quote line for Dynamic Foundry Support Core Horizon.,USD,2022-10-31T06:09:09Z,5.0,6448.25,15.0,27405.06,01usZhoMVh5QFp5A8S,0Q0VVvPHiKV5rDcSKN
0QLz1c3JziKzRSgOHB,Synthetic quote line for Integrated Beacon Support Enterprise Pulse.,USD,2021-10-13T06:09:08Z,10.0,67119.88,20.0,536959.04,01uDi1J1QfUnVVdI0W,0Q0x0Oq3cwYESEqSLG
0QLC885WSR1ETZk4XC,Synthetic quote line for Modular Pioneer Cloud Service Professional Atlas.,USD,2022-05-10T11:26:27Z,2.0,53031.2,20.0,84849.92,01uGRqSyJsjiNj7YGL,0Q0NzNAgOrV51Bk0NW
0QLhtrfvxzSQYEK4KY,Synthetic quote line for Precision Harbor Training Standard Horizon.,USD,2025-04-28T05:47:59Z,2.0,50344.39,15.0,85585.46,01uJLl4lsfShoyiQNW,0Q0eWR239YRmjYH0ZH
0QLxjEN1cBUZ478G5N,Synthetic quote line for Rapid Compass Training Core Solstice.,USD,2024-02-08T12:47:30Z,50.0,13897.35,15.0,590637.38,01uG3ZGIn6X7JIYICW,0Q03AyWO4RVVONiCQQ
0QLgkkHvMJovfGm41H,Synthetic quote line for Unified Summit Cloud Service Enterprise Aurora.,USD,2025-01-19T12:04:00Z,10.0,65930.15,0.0,659301.5,01uuzBHChBdZlrvQ8H,0Q0TNX0lcQY9NqH0Z7
0QLcJE21UJw9UuKGII,Synthetic quote line for Adaptive Lattice Advisory Scale Ion.,USD,2021-01-18T20:00:22Z,5.0,28832.2,5.0,136952.95,01uOjdsyc3asY9jQM2,0Q0dE81zWNDiYjcS9Q
0QLuiWFARLKg4AOGOT,Synthetic quote line for Dynamic Ember Advisory Ultimate Solstice.,USD,2026-02-04T07:08:31Z,25.0,72296.49,20.0,1445929.8,01uQ1lJHScxNZ6NAQB,0Q0vkmxt1MC2n9kC07
0QLKVJDaT0edJ7XOI2,Synthetic quote line for Elastic Vertex Hardware Edge Cascade.,USD,2024-08-31T02:26:38Z,10.0,58805.52,0.0,588055.2,01u0yZubnpdFfGaIV0,0Q0zqsc7p5ScokKSLP
0QL6LQkrYlI4KKCW4F,Synthetic quote line for Modular Orbit Hardware Foundation Meridian.,USD,2025-11-15T09:56:04Z,25.0,30228.98,20.0,604579.6,01uwzxHNpERT5TqAXA,0Q04LjSZO9faFVFSAQ
0QLVsKEVJjwR0pFWU4,Synthetic quote line for Precision Foundry Hardware Scale Vector.,USD,2025-02-11T16:13:01Z,1.0,51942.81,20.0,41554.25,01uwUw0jM354l9gAAU,0Q0jpH5VuHEfWbwSN7
0QLdoLOR5X04X9741H,Synthetic quote line for Rapid Beacon Support Ultimate Cascade.,USD,2026-02-04T22:44:48Z,50.0,26595.78,0.0,1329789.0,01uQgARaG7ktqwXIR3,0Q0gbrPmeCCIrBXKCK
0QLB4PO6BH7rwCaO4V,Synthetic quote line for Unified Pioneer Hardware Edge Nova.,USD,2021-05-23T03:47:08Z,50.0,12948.22,0.0,647411.0,01ueyJe4gsnNiPnIDF,0Q0zYjdxGGga55Z08D
0QLKEveMK9dZcNqO1C,Synthetic quote line for Adaptive Harbor Data Platform Premier Zenith.,USD,2024-09-15T07:57:15Z,2.0,39444.47,0.0,78888.94,01uUFX0M1o16Q36YWC,0Q0DYVjyqDMK0eyC76
0QLMTPX0SfexkFy46G,Synthetic quote line for Dynamic Compass Advisory Select Cobalt.,USD,2021-10-16T05:48:56Z,5.0,18461.86,5.0,87693.83,01uL3wcoUYcBvlqYHO,0Q0Caz9DHQH68cN0FO
0QLAMw2SaTVcia6WOJ,Synthetic quote line for Elastic Summit Data Platform Vertex Nova.,USD,2021-03-04T09:01:53Z,2.0,13813.55,0.0,27627.1,01uQXPpS3qDSOckYL8,0Q00M3Ds3vpVb8sCM6
0QLLPmzORmspzJYG3T,Synthetic quote line for Modular Lattice Training Essential Atlas.,USD,2024-06-12T06:45:42Z,2.0,47967.58,0.0,95935.16,01uiUF9NOGQMVCOY9G,0Q0WC3BsOdZygtf0ZG
0QL3ueBoKs10JXbW7F,Synthetic quote line for Precision Ember Hardware Premier Horizon.,USD,2026-06-04T02:00:08Z,25.0,29719.82,20.0,594396.4,01ueyJe4gsnNiPnIDF,0Q0pvpPNgeHQciJKEN
0QL0GuBcFLlkRekWUG,Synthetic quote line for Quantum Vertex Support Select Pulse.,USD,2021-03-25T15:31:42Z,5.0,62798.55,0.0,313992.75,01uxGUu3X0m16ejI17,0Q0Qi3iXKBROm1nSI9
0QLLIMWKDZrpOlpGLV,Synthetic quote line for Unified Orbit Cloud Service Vertex Atlas.,USD,2023-08-23T11:58:35Z,5.0,57688.17,15.0,245174.72,01uf54WuEpKCETsQX1,0Q0OcJx34v244XYC9D
0QLmHvjWGkHyBAyW9Y,Synthetic quote line for Adaptive Foundry Hardware Enterprise Ion.,USD,2022-03-11T07:57:25Z,10.0,4593.48,0.0,45934.8,01ujBc1EruOtg57ANE,0Q0uXh43XA5U4sTCEA
0QLEE7IGmM86znBG65,Synthetic quote line for Dynamic Beacon Advisory Professional Solstice.,USD,2021-05-27T11:23:55Z,2.0,42183.01,0.0,84366.02,01uAMgh5dwURjaMQRK,0Q0VtzH6N0beEhy0TA
0QLdqDXCMxUt1ufWNV,Synthetic quote line for Elastic Pioneer Cloud Service Standard Aurora.,USD,2025-10-17T17:21:24Z,25.0,41055.95,0.0,1026398.75,01uHSyfqxvgRD1MIWU,0Q0NzNAgOrV51Bk0NW
0QL6W60Q2gp1GREGV6,Synthetic quote line for Modular Harbor Cloud Service Core Meridian.,USD,2022-07-05T08:38:46Z,5.0,31762.68,5.0,150872.73,01uVCXqrgCKU3tcIXU,0Q0qgn8MsTdiI1WSWR
0QL02bRaLegGMK5GFA,Synthetic quote line for Precision Compass Data Platform Enterprise Vector.,USD,2024-10-20T12:03:49Z,1.0,48296.4,0.0,48296.4,01um1cvKCov7rGbI2J,0Q0JpXz779eTULYKMN
0QLsfmTdidmEdw3GUG,Synthetic quote line for Quantum Summit Training Professional Cascade.,USD,2023-08-07T21:39:00Z,5.0,23081.9,10.0,103868.55,01u6As0VOR8Qof4Y36,0Q0uIOmt219w2I1KA4
0QL99XpJdwBXI0wOP9,Synthetic quote line for Unified Lattice Cloud Service Standard Meridian.,USD,2021-08-26T20:10:11Z,5.0,51533.19,20.0,206132.76,01uc6d0PpSckL4kYOM,0Q0yUkarmfIj0BO0ZL
0QLP2kNuk2FEcPoWMY,Synthetic quote line for Adaptive Ember Data Platform Edge Zenith.,USD,2024-03-28T16:55:49Z,25.0,48018.83,0.0,1200470.75,01uas3XHvt9KGjGY0M,0Q0pmtC6S51uTKWSWP
0QLZ4dIJrcaCKlQWAS,Synthetic quote line for Connected Vertex Data Platform Foundation Cobalt.,USD,2024-02-02T01:59:38Z,2.0,7608.4,0.0,15216.8,01u4GnyBkjhiE9TAMV,0Q0dE81zWNDiYjcS9Q
0QLa5gWPB46LQuYG45,Synthetic quote line for Elastic Orbit Cloud Service Scale Nova.,USD,2024-08-08T08:00:59Z,50.0,19275.85,15.0,819223.62,01uc6yIZPk12VrWI70,0Q0NzNAgOrV51Bk0NW
0QLwuiEsoMn5Xb4WCX,Synthetic quote line for Modular Foundry Cloud Service Ultimate Zenith.,USD,2023-05-18T16:55:36Z,1.0,69896.57,0.0,69896.57,01uWMlFX6XZUlNsYWY,0Q05EBerIIZidqZKFM
0QLtyURhDv4TWjVOY5,Synthetic quote line for Precision Beacon Data Platform Edge Horizon.,USD,2024-02-07T18:48:28Z,5.0,64220.01,0.0,321100.05,01uHSyfqxvgRD1MIWU,0Q0L9QCIQeyyeBgCHQ
0QLmUDNHCDTU86KGJM,Synthetic quote line for Quantum Pioneer Data Platform Foundation Pulse.,USD,2024-04-09T04:24:51Z,2.0,52266.52,10.0,94079.74,01u3p8CHYvz2rqmYEX,0Q0s2he4rCTYdowSW4
0QLAAxZsIdlrR8MG8Y,Synthetic quote line for Unified Harbor Hardware Scale Atlas.,USD,2022-08-31T22:34:31Z,2.0,17370.14,0.0,34740.28,01uSgRVaFEegm2VISP,0Q0Am8B9ck6VTj7KD1
0QLnCVBRMNQMAuA404,Synthetic quote line for Adaptive Compass Cloud Service Vertex Horizon.,USD,2026-06-19T15:59:36Z,10.0,22746.88,10.0,204721.92,01uZMsmMl304CKnIWL,0Q0Qh64kpfYCaSpKXZ
0QLYrSj0cBHyYLVGV8,Synthetic quote line for Connected Summit Training Essential Solstice.,USD,2025-05-12T01:23:10Z,5.0,66008.78,5.0,313541.71,01uBP89MPIG4q8LQF3,0Q0AL21To1LZ8BbSS7
0QLGzijyqDMpWINW3O,Synthetic quote line for Elastic Lattice Cloud Service Premier Aurora.,USD,2022-11-21T12:54:24Z,50.0,45494.33,5.0,2160980.67,01uFt9b3ADxIGMFA8E,0Q0EGvjcrpdeQQRKQ0
0QLd7O4aVu2hJK9WBR,Synthetic quote line for Modular Ember Training Select Ion.,USD,2021-03-04T09:10:32Z,1.0,69499.24,0.0,69499.24,01u5EtvZtLlKXRRYKN,0Q0dnxwd976L0qgS1M
0QLzKJ5DRrwUxQuWJP,Synthetic quote line for Open Vertex Hardware Vertex Solstice.,USD,2022-09-21T06:22:03Z,10.0,58070.97,5.0,551674.21,01ukAydnh1wk2jaQU4,0Q0SisixZ88mouU0PN
0QLV0ECWUU8eobdWZR,Synthetic quote line for Quantum Orbit Hardware Essential Cascade.,USD,2024-10-11T13:32:11Z,50.0,65403.4,5.0,3106661.5,01uKaywO4b3S7iJQ44,0Q0mc9V7L2IXLaKCFQ
0QLGjZ08VsYkgDiWF1,Synthetic quote line for Unified Foundry Hardware Premier Meridian.,USD,2025-07-20T11:42:23Z,5.0,57926.04,0.0,289630.2,01uDD0S1dJdEdBpAZS,0Q0OfDg8xIfn6V2KXN
0QLcdTxKZXbUyNAGRY,Synthetic quote line for Adaptive Beacon Cloud Service Standard Vector.,USD,2021-12-18T10:02:09Z,10.0,11659.72,20.0,93277.76,01ulT0vCqClLQ4gYDM,0Q00U2vLpLV9L07STE
0QLKcmV1DnONlur4FS,Synthetic quote line for Connected Pioneer Hardware Core Cobalt.,USD,2021-07-05T20:10:20Z,1.0,50118.66,5.0,47612.73,01ugs5rUeguaTaQIXC,0Q0J9ZkGpmVnC6CCSK
0QLxYKGThlgeCSCWM2,Synthetic quote line for Elastic Harbor Hardware Enterprise Nova.,USD,2021-12-10T17:44:08Z,2.0,34483.05,10.0,62069.49,01uXnhv90KP987BQ3Y,0Q0mAQxdcqwXk4IKGA
0QLhXerid7G13JjW8V,Synthetic quote line for Modular Compass Data Platform Professional Zenith.,USD,2025-06-26T03:49:51Z,50.0,39985.45,10.0,1799345.25,01uiUF9NOGQMVCOY9G,0Q0QUxDCblDXToOK9O
0QLVAxnqwQa9WZQWIV,Synthetic quote line for Open Summit Hardware Standard Cobalt.,USD,2026-03-15T13:12:29Z,10.0,16600.29,5.0,157702.76,01u45XrA1cIlNlaAJY,0Q0uXh43XA5U4sTCEA
0QLJgEZdSuWOtZRW3R,Synthetic quote line for Quantum Lattice Support Core Pulse.,USD,2024-03-03T05:22:17Z,10.0,47884.64,10.0,430961.76,01uXemgmbGBj031YMF,2Q7BsEzLxPzbQK7VCG
0QL2gzq8wzLRphFO9R,Synthetic quote line for Unified Ember Cloud Service Enterprise Atlas.,USD,2021-10-07T05:20:17Z,10.0,5090.17,10.0,45811.53,01uXIkmGfy4nEEQAAS,0Q0pKorr5bXKUTbKSZ
0QLALFGh1KivNqKG6X,Synthetic quote line for Virtual Vertex Data Platform Professional Horizon.,USD,2022-12-31T13:31:54Z,50.0,74059.37,15.0,3147523.23,01u5PaTy6Vk6uLCQ0J,0Q0ifUIt0TIaSWDCCI
0QLinSJ1ZfppsIpO4X,Synthetic quote line for Connected Orbit Hardware Ultimate Pulse.,USD,2021-07-27T21:52:47Z,1.0,14705.1,0.0,14705.1,01ualDWbU2nsHAyI4N,0Q0VkR7zu4WGCgb00G
0QLdMj7uAMZoiLcWMR,Synthetic quote line for Elastic Foundry Hardware Edge Aurora.,USD,2024-09-18T02:15:56Z,50.0,25766.82,0.0,1288341.0,01uA2RXWYM0CMYpIIS,0Q05XCxIoqei32IK3I
0QLCPf35R3r62sVOWL,Synthetic quote line for Modular Beacon Cloud Service Foundation Ion.,USD,2025-06-23T11:28:39Z,5.0,18665.55,0.0,93327.75,01uWETJi2x1uR5oIZE,0Q0BoBFlFTnTladCHR
0QLWi5Oih5YJecIGHS,Synthetic quote line for Open Pioneer Support Scale Solstice.,USD,2023-04-18T05:51:05Z,5.0,51445.12,0.0,257225.6,01umqAw1yoGjRKZYO5,0Q053gcGLo01U2vSLY
0QLT1I1dBVD7lPcOJO,Synthetic quote line for Quantum Harbor Hardware Ultimate Aurora.,USD,2024-01-25T20:03:05Z,10.0,74107.98,0.0,741079.8,01uqdT72xJ2yEBjQ0A,6R9qouX56ivZ9e4OXQ
0QLpoFfNcoC5dZ4GYF,Synthetic quote line for Unified Compass Training Edge Meridian.,USD,2022-04-27T05:24:04Z,1.0,24397.95,10.0,21958.16,01uAMgh5dwURjaMQRK,0Q0nNCEVV19Mujv099
0QLluCtOMxeuGylO24,Synthetic quote line for Virtual Summit Training Foundation Vector.,USD,2021-04-11T17:24:45Z,2.0,52158.9,20.0,83454.24,01uDi1J1QfUnVVdI0W,0Q0zdclGNSutcnNSC4
0QLz1ggj6Af5R3XWRY,Synthetic quote line for Connected Lattice Data Platform Select Cascade.,USD,2024-10-16T05:39:51Z,2.0,9799.67,0.0,19599.34,01uXIkmGfy4nEEQAAS,0Q0uWnZhAsZihMC0I3
0QLW0UmPVYbvu6WOX7,Synthetic quote line for Elastic Ember Advisory Vertex Meridian.,USD,2021-06-17T23:43:06Z,25.0,70663.4,0.0,1766585.0,01uizFG7tdRUqr4QN5,0Q0j5HfaxrB7hcuCFT
0QLfJygCfJgZTVAWW6,Synthetic quote line for Integrated Vertex Training Essential Zenith.,USD,2021-06-10T18:35:45Z,50.0,41189.64,0.0,2059482.0,01ulGWUVmpG9bEwIRB,0Q0wY0Rj3GtYmEdCGL
0QL12fdfwL8EjjkWW8,Synthetic quote line for Open Orbit Training Premier Cobalt.,USD,2026-05-30T10:54:03Z,50.0,47007.53,0.0,2350376.5,01udgTvVhmyD0afAZM,0Q0zw8FJP2ps1utCWE
0QLPY3iSPfOWciSOHS,Synthetic quote line for Quantum Foundry Data Platform Select Nova.,USD,2023-05-24T07:04:19Z,10.0,803.07,20.0,6424.56,01uLSRYc2aueFNnYD1,0Q0VdLgkrMlUkZEKP6
0QLikRrawgHcSPs43C,Synthetic quote line for Unified Beacon Cloud Service Vertex Zenith.,USD,2022-07-03T08:45:45Z,5.0,19864.15,0.0,99320.75,01u6i9Nw76KxTuIYF4,0Q0r1zYECB8zGTdCHJ
0QL2CfqrkG3mHTO46E,Synthetic quote line for Virtual Pioneer Data Platform Essential Horizon.,USD,2026-02-25T06:58:27Z,5.0,58160.7,5.0,276263.33,01u07ivu2QA6dAiA8A,0Q0LrFPjYj44cJT0OP
0QL325JNriXkhaTWXM,Synthetic quote line for Connected Harbor Training Professional Pulse.,USD,2021-01-04T00:56:28Z,2.0,49332.0,15.0,83864.4,01uzUwxgjRvsJBYISJ,0Q0FEpsKxG1xV54K16
0QLoA04ncLQ7kL0G3E,Synthetic quote line for Elastic Compass Advisory Standard Atlas.,USD,2025-07-26T16:44:41Z,25.0,11444.88,5.0,271815.9,01u4dHsHv8wA4sGY7I,0Q0OCHErwFXcludKK7
0QLF26AU0RFc1DIO67,Synthetic quote line for Integrated Summit Advisory Core Ion.,USD,2023-02-15T08:16:45Z,50.0,18579.37,5.0,882520.07,01uBo9bliYPFlS6QPU,0Q0gAHM6apzVj3a0I6
0QLa5de0WRpY3YB4N7,Synthetic quote line for Open Lattice Support Enterprise Solstice.,USD,2025-12-27T08:29:43Z,5.0,31681.45,0.0,158407.25,01uva7ba3Azj8ILI8T,0Q0k545pCFANSte0AB
0QLAFZXs6FnZACAWPQ,Synthetic quote line for Quantum Ember Cloud Service Professional Aurora.,USD,2023-02-17T02:23:06Z,1.0,59771.1,0.0,59771.1,01uZsFs27d24nGzYS0,0Q0IRnOwcKqf4dvS73
0QLFCHblFPDSP8JO20,Synthetic quote line for Rapid Vertex Hardware Standard Ion.,USD,2021-02-28T15:40:51Z,1.0,15112.23,0.0,15112.23,01u7HDlBEYd20cLA7R,0Q0iVmamrEmWHwrKRV
0QLPt6wxIeOVZQYGU4,Synthetic quote line for Virtual Orbit Hardware Core Vector.,USD,2021-01-18T04:01:25Z,50.0,6837.48,15.0,290592.9,01uXudy9Iv0rweWYS2,0Q00duImV3RBs6W0E3
0QLwhcnPxgpqITxO0K,Synthetic quote line for Connected Foundry Cloud Service Foundation Cascade.,USD,2021-10-17T21:58:50Z,5.0,64395.18,20.0,257580.72,01uj55A0pG7m4UZQ9N,0Q03lLVhrceW7qgCDC
0QLqLiGbkU9CHSEOBX,Synthetic quote line for Elastic Beacon Cloud Service Scale Meridian.,USD,2023-01-02T08:17:28Z,1.0,9121.34,5.0,8665.27,01uyJ6zkekdSnuUYV2,0Q0ggsGTgN9CgU7CRF
0QLxNjgoL4jLsY4GSN,Synthetic quote line for Integrated Pioneer Hardware Ultimate Vector.,USD,2021-12-17T20:54:08Z,50.0,20770.19,20.0,830807.6,01upo6jpkSzQ18bY1T,0Q0CwlmVB7xquKWSKB
0QLBoNlFfUT8OGE4WD,Synthetic quote line for Open Harbor Training Edge Cobalt.,USD,2026-01-28T15:10:03Z,50.0,653.05,15.0,27754.62,01uKyIWYakaLXXxII0,0Q07Fc4xufJcwnWST7
0QLdQ15zIeNFLHk4LF,Synthetic quote line for Quantum Compass Advisory Foundation Nova.,USD,2023-01-06T03:25:22Z,10.0,56904.01,0.0,569040.1,01u0LigxavQESk3IMW,0Q0GxBSDKnEyjqsK9F
0QLrUk5KzbZVITjGYS,Synthetic quote line for Rapid Summit Support Scale Zenith.,USD,2021-01-21T02:00:11Z,1.0,73110.73,5.0,69455.19,01uwpchl2gSzc8zISZ,0Q0BoGwKH6f6ctF09U
0QLjvMFrsuL7ewJ4RF,Synthetic quote line for Virtual Lattice Hardware Ultimate Cobalt.,USD,2021-08-13T08:57:07Z,2.0,43050.86,0.0,86101.72,01ugyZoUJ9GFuCSYMZ,0Q0rmzIHenT6KyfKQ0
0QLWn4d9rMcW2T8GGY,Synthetic quote line for Connected Ember Cloud Service Essential Pulse.,USD,2022-02-05T23:43:57Z,50.0,21758.04,20.0,870321.6,01ukTN9SMFYWgwjAMQ,0Q0SUDWIUVF0w0z07X
0QLQkgD1AmxTmtM4BI,Synthetic quote line for Dynamic Vertex Training Premier Atlas.,USD,2023-09-02T23:45:58Z,10.0,58421.79,5.0,555007.01,01uJv78XIesN63nAJR,0Q0KgnsCaTknggwKVI
0QL3seqPwuP8YKeWFG,Synthetic quote line for Integrated Orbit Data Platform Select Horizon.,USD,2024-05-25T09:52:52Z,25.0,48122.75,15.0,1022608.44,01ulv13FN8KIvguIY4,0Q0NzNAgOrV51Bk0NW
0QL6pFl8gbO8DLJOYS,Synthetic quote line for Open Foundry Hardware Vertex Pulse.,USD,2021-04-17T04:26:27Z,10.0,70038.55,0.0,700385.5,01u9wozxj76guXaYLT,0Q0GpItkHjiAN98CAH
0QLkzuFBkwe6KBLWIK,Synthetic quote line for Quantum Beacon Support Essential Aurora.,USD,2021-02-09T11:11:45Z,10.0,31641.09,10.0,284769.81,01uFUzxKZQSFaPOQ1A,0Q0qemI5J30Pa33K5M
0QLZttVs2pXijhOW00,Synthetic quote line for Rapid Pioneer Hardware Premier Ion.,USD,2022-02-14T23:52:48Z,25.0,39737.11,15.0,844413.59,01uzHe469BAtk1IIB2,0Q0Qpdr6zMclvBlKL7
0QLLxtW10RfSrBP4N1,Synthetic quote line for Virtual Harbor Data Platform Select Solstice.,USD,2022-12-17T18:11:00Z,50.0,67317.06,10.0,3029267.7,01uIhNDsbACKJwOQAK,0Q0WZJmTzhPXz8nSFX
0QL5nCKVL11WrHwGAC,Synthetic quote line for Connected Compass Training Core Cascade.,USD,2022-02-26T10:22:22Z,10.0,51847.54,5.0,492551.63,01uPYumXiNf3CnhYSE,0Q0ZAvuWYohc6rKCM7
0QLD6rhfrmONtaqGXS,Synthetic quote line for Dynamic Summit Data Platform Enterprise Meridian.,USD,2023-07-13T10:55:47Z,2.0,74617.63,10.0,134311.73,01u3VcPWmfc83TAIIQ,0Q0JoNHMLeaAZlj0FM
0QL87qjEpch340xWYG,Synthetic quote line for Integrated Lattice Advisory Professional Vector.,USD,2023-01-26T12:23:36Z,10.0,1303.52,0.0,13035.2,01uJgiJCNK3WVkDAPN,0Q0t8Q1c8Ar9fL3C3F
0QLb1U5hQ16z7zHGDL,Synthetic quote line for Open Ember Support Standard Cascade.,USD,2023-02-23T00:17:42Z,10.0,28608.98,5.0,271785.31,01u8xZQQ01lrCVlYQL,0Q0VRrAMPzKOuXF0XK
0QLHBRoWx4vtnZbG2Z,Synthetic quote line for Precision Vertex Training Core Nova.,USD,2025-12-14T22:52:58Z,50.0,45665.38,10.0,2054942.1,01uMQRR3zGeNWaaAA7,0Q02xIN8hMbQugIK7L
0QLFlRFoMVeOOahW6C,Synthetic quote line for Rapid Orbit Support Enterprise Zenith.,USD,2022-07-02T00:14:05Z,2.0,20956.54,5.0,39817.43,01uhKGrd4fvOOHBIHW,0Q0dLMlymny0Yb6SAO
0QLU6otz6YfIyMDOLS,Synthetic quote line for Virtual Foundry Advisory Professional Cobalt.,USD,2023-04-10T07:21:52Z,2.0,436.54,5.0,829.43,01u5PaTy6Vk6uLCQ0J,0Q09bJDHmNh7mXVKSW
0QL4PHjc5LbqYQoOHS,Synthetic quote line for Connected Beacon Data Platform Ultimate Nova.,USD,2024-01-27T17:18:40Z,2.0,365.88,0.0,731.76,01uCI9USaya88RGQFI,0Q0BaMClS50D396S05
0QLQiJFocNWpNiaG2J,Synthetic quote line for Dynamic Pioneer Data Platform Edge Atlas.,USD,2021-03-05T09:06:03Z,2.0,11071.97,0.0,22143.94,01ubVTXfBaCb01jAQV,0Q0UaARlUQUkVZR0NF
0QLAUpe6b0LMjDZOZI,Synthetic quote line for Integrated Harbor Cloud Service Foundation Horizon.,USD,2024-08-22T23:57:19Z,1.0,55223.93,0.0,55223.93,01uGVgElwvBIbvwAMH,0Q0igmIzAlucj9CKJI
0QLOdzS8xstrgfP4DN,Synthetic quote line for Open Compass Hardware Scale Pulse.,USD,2022-07-27T11:16:33Z,25.0,15617.63,0.0,390440.75,01u3kSFhaBLMkghAZY,0Q0iYt1tD3CFtSW0HL
0QLwhWh9hlVOVslGHX,Synthetic quote line for Precision Summit Cloud Service Ultimate Atlas.,USD,2025-04-05T00:18:44Z,1.0,20418.1,0.0,20418.1,01uXudy9Iv0rweWYS2,0Q0iiZn7Ee64jPqCLO
0QLpuQu8ip7SBoz4CK,Synthetic quote line for Rapid Lattice Advisory Edge Ion.,USD,2024-04-14T17:30:25Z,5.0,38636.79,15.0,164206.36,01u4dHsHv8wA4sGY7I,0Q0cFN38yUGB5XASG3
0QLajuHX0Z3x0v3WEI,Synthetic quote line for Virtual Ember Cloud Service Foundation Solstice.,USD,2024-06-08T03:08:56Z,50.0,25480.76,0.0,1274038.0,01uQ3sPvOW1wcPjYG3,0Q0Ss2B5J8Q1CkeCG3
0QLPiGBrdbRdfJ2O0L,Synthetic quote line for Adaptive Vertex Hardware Select Aurora.,USD,2023-03-16T02:25:56Z,10.0,62382.14,15.0,530248.19,01uGjHftvnIV4BiIC2,0Q03I2URNaQKyERKZ0
0QL2nXTOGJmsZy9ONE,Synthetic quote line for Dynamic Orbit Cloud Service Vertex Ion.,USD,2021-05-01T17:13:53Z,2.0,7555.09,0.0,15110.18,01ur28FnEV6DyiAA63,0Q0UAIBfvEXE9LTKC9
0QLSY9v7jNMmjk54XR,Synthetic quote line for Integrated Foundry Support Essential Vector.,USD,2021-10-22T11:50:09Z,2.0,71593.5,10.0,128868.3,01uSZGMqI3NxLQvINY,0Q0NzNAgOrV51Bk0NW
0QLNevBTzWVCLOzW0W,Synthetic quote line for Open Beacon Data Platform Premier Cascade.,USD,2023-07-02T23:42:16Z,5.0,19857.61,10.0,89359.25,01uTHUysWX9DJtwY6N,0Q0qcDrjw777Ywt0TC
0QLcmQHtSXllm61W1Z,Synthetic quote line for Precision Pioneer Cloud Service Select Meridian.,USD,2021-06-08T00:42:45Z,1.0,68376.92,15.0,58120.38,01uoH2O7EWf3GABIQ7,0Q0OCHErwFXcludKK7
0QLlpYa7xx2o5sSON1,Synthetic quote line for Rapid Harbor Cloud Service Vertex Vector.,USD,2021-01-19T10:29:18Z,25.0,24751.66,20.0,495033.2,01u4o2liuGqb4f9YF2,0Q0VVvPHiKV5rDcSKN
0QLzAguqAtP7KYrONQ,Synthetic quote line for Virtual Compass Cloud Service Essential Cobalt.,USD,2021-02-28T06:36:28Z,5.0,64451.6,20.0,257806.4,01u410XzXyDchg8YH3,0Q0ogvDlrW3Bi2ACG2
0QL0Z8m6Lh9phJOO1R,Synthetic quote line for Adaptive Summit Advisory Professional Nova.,USD,2025-01-15T10:20:25Z,2.0,43943.0,20.0,70308.8,01uGm9aqZuKAd5vQXA,0Q0Bo5e2cWqkypk0IU
0QLlx9Y9cdXSLdKW01,Synthetic quote line for Dynamic Lattice Support Standard Zenith.,USD,2021-07-31T09:59:35Z,50.0,20658.95,0.0,1032947.5,01uQQpeIOHGVGmXILC,0Q07ZBhwL73gZKpSTF
0QLrRfWxiROaLUa46U,Synthetic quote line for Integrated Ember Support Core Horizon.,USD,2022-12-08T00:55:34Z,25.0,2893.22,5.0,68713.97,01uSCBxTDtONjgwIFS,0Q04kpfYCaSpkPHSNH
0QLLUPxVDIsWbSOW8N,Synthetic quote line for Modular Vertex Cloud Service Enterprise Pulse.,USD,2024-07-02T21:34:04Z,10.0,59113.51,10.0,532021.59,01uJbRaKkjlPvM3I63,0Q0VZtSLJPhcOrLKOX
0QLMU22yrTea5l0GB3,Synthetic quote line for Precision Orbit Data Platform Professional Atlas.,USD,2022-01-13T02:02:00Z,50.0,24387.46,0.0,1219373.0,01uNDoooteqfAz7AMT,0Q0ZFVNdd6z2crKS9S
0QLdUBIxuWeBSsBWJ9,Synthetic quote line for Rapid Foundry Advisory Standard Horizon.,USD,2024-12-14T20:33:11Z,1.0,11023.24,0.0,11023.24,01uTQrHbd0TJOw2IXT,0Q0tKsrsijbjvj9016
0QLuGnILNcvz9jyWWP,Synthetic quote line for Virtual Beacon Cloud Service Core Solstice.,USD,2024-11-25T15:02:08Z,1.0,71167.19,5.0,67608.83,01uSuv7um4Jc91gAI2,0Q0MYYymXClDujbSSP
0QLbVzs1rWsOfcSWYF,Synthetic quote line for Adaptive Pioneer Support Foundation Aurora.,USD,2022-01-20T12:34:01Z,10.0,12346.66,15.0,104946.61,01uUJWUbolIxMN4AVT,0Q0rJQcwvRbk29pKUA
0QLVWOCesyN7ekIW26,Synthetic quote line for Dynamic Harbor Cloud Service Scale Ion.,USD,2023-11-24T17:54:34Z,50.0,47289.09,15.0,2009786.32,01uaFYxfwV9fYylQFX,0Q0Md16Mqnn37ymSSB
0QLFjRjBZps1PqtOJR,Synthetic quote line for Integrated Compass Training Ultimate Solstice.,USD,2025-03-28T05:36:25Z,50.0,35750.17,10.0,1608757.65,01uUZRnGcVQPMSeQKA,0Q0y5gLpFficc2gSGQ
0QLJw2PRwE2EAedWI6,Synthetic quote line for Modular Summit Data Platform Edge Cascade.,USD,2025-12-19T11:53:50Z,50.0,30071.92,0.0,1503596.0,01u7Uyv4WpNyTbeIGF,0Q0Y6tabFrWGi7D04M
0QLo9alZQtvnC8eGJE,Synthetic quote line for Precision Lattice Support Foundation Meridian.,USD,2022-03-08T23:20:48Z,10.0,68508.41,5.0,650829.9,01uzUwxgjRvsJBYISJ,0Q0VEfTULxhVA6zCTV
0QLEkziMe47TPMYWB6,Synthetic quote line for Rapid Ember Advisory Scale Vector.,USD,2025-09-05T06:19:41Z,10.0,28396.99,15.0,241374.42,01u5PaTy6Vk6uLCQ0J,0Q0KLtkEPwjdaazSW0
0QLijjo1f64GDA8GEE,Synthetic quote line for Unified Vertex Hardware Ultimate Cascade.,USD,2023-04-27T00:22:48Z,5.0,63825.02,0.0,319125.1,01ubt6UAjtxypWLAKP,0Q0FARlzLRS9CrbKQ5
0QLWemmTAfuS5BS422,Synthetic quote line for Adaptive Orbit Data Platform Essential Nova.,USD,2023-05-06T13:30:19Z,1.0,70673.41,5.0,67139.74,01usQT9Yxo9DMACALJ,0Q0Am8B9ck6VTj7KD1
0QLbl46oOh6ghSvOOH,Synthetic quote line for Dynamic Foundry Support Premier Zenith.,USD,2021-05-10T17:46:31Z,5.0,62430.15,0.0,312150.75,01u4PmvaoJjErBdQDS,0Q0c8edUhuw6xe9CGX
0QL52TiJ0kQ3q9k4KR,Synthetic quote line for Integrated Beacon Data Platform Select Cobalt.,USD,2022-06-21T16:16:28Z,2.0,42822.67,0.0,85645.34,01ulWu2LkZaEwOTA7G,0Q0gAHM6apzVj3a0I6
0QLbtjjd8go4gKOODP,Synthetic quote line for Modular Pioneer Cloud Service Vertex Nova.,USD,2025-10-24T15:25:34Z,25.0,19051.64,10.0,428661.9,01u83TjBu9Aky6iYEW,0Q0Xo73RKHc7hVBCT2
0QLgnWYE5yVZ0hXW4P,Synthetic quote line for Precision Harbor Cloud Service Essential Atlas.,USD,2026-05-29T22:55:02Z,1.0,73378.12,0.0,73378.12,01uTHUysWX9DJtwY6N,0Q0P9DBcLxtnAwEK3Y
0QLdd63XjaX9fY0OUD,Synthetic quote line for Rapid Compass Cloud Service Premier Horizon.,USD,2021-06-06T21:57:27Z,2.0,67252.05,15.0,114328.49,01ulVeriDBY0fFFAK3,0Q0aEjw842Iyo7gC3F
0QLlsNcwD1lhqgkG6C,Synthetic quote line for Unified Summit Advisory Select Pulse.,USD,2022-07-30T15:11:22Z,1.0,7451.78,0.0,7451.78,01uPKxBMkVM61PoIKE,0Q0DyTCt1ZscNLyKKW
0QLsnMv6RIFU5qwGIZ,Synthetic quote line for Adaptive Lattice Advisory Core Aurora.,USD,2025-03-29T02:26:43Z,50.0,9439.93,0.0,471996.5,01ulr3bX0CgclaDYGJ,0Q00TeWB7YKmN49SI9
0QLAfNv84kyoDD0GK8,Synthetic quote line for Dynamic Ember Cloud Service Enterprise Ion.,USD,2024-01-28T02:49:33Z,10.0,23018.69,0.0,230186.9,01uHdudSFChHRFsQ5B,0Q0NzNAgOrV51Bk0NW
0QLCfMVqVn8AT06GZB,Synthetic quote line for Elastic Vertex Cloud Service Professional Solstice.,USD,2021-05-16T02:21:57Z,2.0,19532.06,10.0,35157.71,01u4GnyBkjhiE9TAMV,0Q0X3jASRkYKjiIC1O
0QLxowZUIRafUt8471,Synthetic quote line for Modular Orbit Support Standard Aurora.,USD,2025-12-21T03:57:19Z,2.0,8785.58,0.0,17571.16,01u5n61zNTp1SMmQMW,0Q0RgsnW3dRLtvgK9Q
0QLqbIpNSJPweMTOJT,Synthetic quote line for Precision Foundry Training Core Meridian.,USD,2021-02-19T03:33:20Z,1.0,31221.11,10.0,28099.0,01uUMrULsydQHm5QR2,0Q0dMsqp2JMW7P6CPL
0QLQIYZsXQ5lc0P45B,Synthetic quote line for Rapid Beacon Support Enterprise Vector.,USD,2022-01-05T22:25:59Z,1.0,46655.93,20.0,37324.74,01uoIM45i0DJHHHQCS,0Q0cPTcVu0dC91kC3T
0QLWy90Z6ji3UBeGRH,Synthetic quote line for Unified Pioneer Hardware Professional Cascade.,USD,2023-04-21T02:35:00Z,50.0,13326.24,0.0,666312.0,01ukAydnh1wk2jaQU4,0Q0NUpyHzhU82tASGB
0QLwO5Ehd7kVa37WQC,Synthetic quote line for Adaptive Harbor Support Ultimate Meridian.,USD,2023-02-19T23:59:07Z,2.0,16232.87,15.0,27595.88,01uhXHd7I7kUo5tYAE,0Q0oZuda9DsLElTSGD
0QLlUnC47mbOrysWKT,Synthetic quote line for Dynamic Compass Cloud Service Edge Zenith.,USD,2023-04-05T23:10:49Z,5.0,2954.02,20.0,11816.08,01uDSKa3Fuxi2HMYU2,0Q0cjz9ylImsbZLK2G
0QLOULLxx7vXu7kGB0,Synthetic quote line for Elastic Summit Support Foundation Cobalt.,USD,2022-09-12T13:13:31Z,50.0,36301.25,10.0,1633556.25,01unrr2qf22owZ1IKT,0Q0go95G4AfZKrESIF
0QL3RXwU98UuTiqOB6,Synthetic quote line for Modular Lattice Data Platform Scale Nova.,USD,2025-05-12T21:55:55Z,2.0,71701.09,20.0,114721.74,01uPr41KGxIVdDtIWK,0Q0iiZn7Ee64jPqCLO
0QLvFyZc6LlaXvCOH5,Synthetic quote line for Precision Ember Support Ultimate Zenith.,USD,2024-12-05T06:35:32Z,5.0,43712.53,15.0,185778.25,01ukAydnh1wk2jaQU4,5Z4YIQHeDaDF7mG7RV
0QL00fkfT0nl4xHW7T,Synthetic quote line for Quantum Vertex Advisory Edge Horizon.,USD,2022-09-03T19:50:17Z,10.0,16940.47,5.0,160934.46,01uOtZP5pu0xo2OY25,0Q0FSX4vclEG3WeCX5
0QLs6NY2kL68zqtG3T,Synthetic quote line for Unified Orbit Data Platform Foundation Pulse.,USD,2023-11-21T12:47:36Z,5.0,48179.29,0.0,240896.45,01uMQRR3zGeNWaaAA7,0Q0QQLjRsi1fjgAS2F
0QLTVsrtm9bDkYZ45Y,Synthetic quote line for Adaptive Foundry Advisory Select Atlas.,USD,2023-03-09T16:03:26Z,1.0,68680.05,0.0,68680.05,01ukAydnh1wk2jaQU4,0Q0oHZrzXUcfmczK9H
0QLmelWlxuoUlXYWL0,Synthetic quote line for Dynamic Beacon Data Platform Vertex Horizon.,USD,2024-01-14T19:13:17Z,10.0,64976.41,5.0,617275.9,01uDDVqednLwAxPIMH,0Q0pQHkQj9Dgdf1KLM
0QL2qUUTzjubH5t4PY,Synthetic quote line for Elastic Pioneer Hardware Essential Solstice.,USD,2025-07-31T08:10:47Z,1.0,15446.94,15.0,13129.9,01uilnVKVTyQFssII1,0Q06xY0MhD10W2DS2A
0QLNERFz7BbllSwWSX,Synthetic quote line for Modular Harbor Data Platform Premier Aurora.,USD,2024-02-21T02:16:51Z,50.0,28524.16,15.0,1212276.8,01u4D6LQD1fDHRvQMG,0Q0sPwEV7zftHfGKYJ
0QLxm9rR8QygKkg43Y,Synthetic quote line for Precision Compass Data Platform Select Ion.,USD,2022-03-25T23:55:35Z,1.0,61076.11,5.0,58022.3,01uYIe28XneaoiGQKT,0Q0lwm2z5zNENx0C80
0QLtn1EN54xgqKo4IS,Synthetic quote line for Quantum Summit Advisory Vertex Solstice.,USD,2022-06-02T15:12:34Z,50.0,74377.88,15.0,3161059.9,01uIc2nFLK8VdniQBX,0Q0wnYyBHc5VeP6CMD
0QLzmLX23rxVODWO65,Synthetic quote line for Unified Lattice Training Essential Cascade.,USD,2025-10-07T09:56:34Z,10.0,30627.62,15.0,260334.77,01uFe45oNKIEsMCASS,0Q02TWMremL8JCW0C0
0QLwqtVKhKYvK7MG7P,Synthetic quote line for Adaptive Ember Data Platform Professional Meridian.,USD,2022-10-25T03:44:05Z,50.0,3949.42,15.0,167850.35,01uFe45oNKIEsMCASS,0Q0hrsDXMD8H92oKSJ
0QLKFQE9jLZziRvGMZ,Synthetic quote line for Connected Vertex Training Standard Vector.,USD,2025-04-08T15:23:53Z,10.0,73788.74,0.0,737887.4,01uHRxPg5JnTs51IQR,0Q0EmBIsxHFlhwbK2I
0QLJdGAx6Qtkgzt43M,Synthetic quote line for Elastic Orbit Advisory Core Cobalt.,USD,2023-09-30T02:23:27Z,2.0,24117.1,10.0,43410.78,01ueyJe4gsnNiPnIDF,0Q0oHZrzXUcfmczK9H
0QLiDi9YmHgRWX9W1K,Synthetic quote line for Modular Foundry Training Enterprise Nova.,USD,2025-09-20T16:33:28Z,5.0,6578.55,20.0,26314.2,01uizFG7tdRUqr4QN5,0Q0x7YTIgp6zbd6KKX
0QL01Cx7FutpSVsOWG,Synthetic quote line for Precision Beacon Hardware Professional Zenith.,USD,2021-03-12T19:48:18Z,10.0,3691.41,10.0,33222.69,01uqTTvJvfJkLqZQBG,0Q0iiZn7Ee64jPqCLO
0QLujXCi38CaaJSG1S,Synthetic quote line for Quantum Pioneer Hardware Standard Cobalt.,USD,2025-01-22T12:19:13Z,5.0,31228.78,15.0,132722.32,01uzkFgHHKOHNb8ADY,0Q0rwsIm6cRBb9tCGQ
0QLuJ2qUjE67SnjGXA,Synthetic quote line for Unified Harbor Advisory Core Pulse.,USD,2025-03-25T10:40:31Z,50.0,59403.52,0.0,2970176.0,01ugnP8dFZRpcwNYTX,0Q0qD5Lqk045agHS2M
0QLjhcH8bkrbftx49E,Synthetic quote line for Adaptive Compass Support Foundation Atlas.,USD,2021-05-06T21:46:51Z,50.0,3894.5,10.0,175252.5,01u7HDlBEYd20cLA7R,0Q0Y3AOo6FVAR7dKPF
0QLFC8RJz6SsQzfG8Q,Synthetic quote line for Connected Summit Support Scale Horizon.,USD,2025-09-06T21:22:31Z,10.0,42420.76,0.0,424207.6,01usnDJaZ6DqB4DQ12,0Q0WUYdJ2ptU1LTCEG
0QLM1V1PNtiDCfmWVG,Synthetic quote line for Elastic Lattice Support Ultimate Pulse.,USD,2024-04-11T16:33:14Z,25.0,74809.38,10.0,1683211.05,01u8rtcKS4F2yn3IV4,0Q0p6ONV7cf0foFKXF
0QL9orAvzjILDce4IX,Synthetic quote line for Modular Ember Advisory Edge Aurora.,USD,2025-09-10T22:16:54Z,5.0,36726.39,20.0,146905.56,01uFUzxKZQSFaPOQ1A,0Q0SmoSjEMXdr380YT
0QLl8Z7XB6CuzAwOHA,Synthetic quote line for Open Vertex Advisory Foundation Ion.,USD,2022-09-14T07:43:27Z,50.0,43130.5,0.0,2156525.0,01u0ElwG1CqM4RlQXP,0Q0TBwxPl23H2WFKYZ
0QLHasMdvnGOiGf4YU,Synthetic quote line for Quantum Orbit Training Scale Solstice.,USD,2021-01-24T15:32:31Z,1.0,40706.6,20.0,32565.28,01uFUzxKZQSFaPOQ1A,0Q0HroLYtT91osqSP4
0QLMnm1IGiQVPoeWY6,Synthetic quote line for Unified Foundry Training Ultimate Aurora.,USD,2025-12-30T20:34:06Z,1.0,43586.42,0.0,43586.42,01uoIM45i0DJHHHQCS,0Q0KfWeUQTo0pKA0PS
0QLLIEvwr6j4RD0OFT,Synthetic quote line for Adaptive Beacon Data Platform Essential Meridian.,USD,2026-01-02T08:26:48Z,1.0,11155.9,15.0,9482.51,01uTsGST0Vu9nmEQER,0Q0CwlmVB7xquKWSKB
0QL8TBmOtyV2RlWGVG,Synthetic quote line for Connected Pioneer Support Premier Vector.,USD,2023-10-29T17:18:51Z,5.0,57744.35,0.0,288721.75,01uqpR2yiWbBNPvQ1F,0Q0VA6zyQctEvZB0V8
0QLmf1OLuI5jUcOGOB,Synthetic quote line for Elastic Harbor Data Platform Select Cascade.,USD,2023-05-08T03:38:06Z,25.0,39032.94,5.0,927032.32,01ulVeriDBY0fFFAK3,0Q0krkkNmXjW9EMS1N
0QL5yV4mtXgKM2k4ME,Synthetic quote line for Modular Compass Hardware Vertex Meridian.,USD,2023-10-28T13:44:01Z,5.0,17713.4,15.0,75281.95,01ue4CNRY8poPf7Y76,0Q0jiFmsGsBz53ASB9
0QLyu23MhhPw2MzORA,Synthetic quote line for Open Summit Data Platform Essential Zenith.,USD,2021-08-01T15:01:07Z,5.0,48277.05,10.0,217246.73,01uWiKh2xAB4kqIYBW,0Q0ibLjAwd2jmCO00I
0QLwnLLA5DLK0zjWXK,Synthetic quote line for Quantum Lattice Data Platform Premier Cobalt.,USD,2024-11-11T09:09:03Z,25.0,32515.08,0.0,812877.0,01uCWB5aWFw8B9nYGC,0Q0jQ1NrQmx998pSRH
0QLzUeOIVNU7ond4OR,Synthetic quote line for Unified Ember Cloud Service Select Nova.,USD,2023-03-03T12:34:51Z,1.0,62492.07,20.0,49993.66,01uz35PKYhJf7A2A3O,0Q0eJw2obwPjuIHCFP
0QLUDQhUA7poBsOWCV,Synthetic quote line for Virtual Vertex Cloud Service Vertex Zenith.,USD,2025-11-22T15:51:51Z,1.0,13115.19,10.0,11803.67,01uVXzdM9yvV1AcA3O,0Q0fACcUaLcdUtrKHM
0QLXka5YSIyLnEfG4K,Synthetic quote line for Connected Orbit Support Enterprise Horizon.,USD,2021-08-13T18:06:58Z,5.0,18806.06,10.0,84627.27,01uPZWdNvBe5hqLIIQ,0Q0LmIcqJQVEOumSEE
0QL0nUifijyTvBp4CV,Synthetic quote line for Elastic Foundry Support Professional Pulse.,USD,2026-01-08T23:22:11Z,50.0,68586.95,5.0,3257880.12,01uBP89MPIG4q8LQF3,0Q0SqSwIJpFphfF0SW
0QLr9SOqyPUodaTOR5,Synthetic quote line for Modular Beacon Training Standard Atlas.,USD,2021-08-26T20:10:38Z,10.0,30314.11,0.0,303141.1,01uG1oGHfFaPv7cAYC,0Q0yJd3L9smlopjCDR
0QL6lHVkOOKDfnFGYX,Synthetic quote line for Open Pioneer Cloud Service Core Ion.,USD,2026-03-28T14:36:45Z,1.0,30603.46,20.0,24482.77,01uHm9hkqn3nP7NIX9,0Q0jygm7dvEiuEvC2W
0QLhCeOGjT8H3pr4B3,Synthetic quote line for Quantum Harbor Training Enterprise Solstice.,USD,2025-09-30T16:40:13Z,2.0,48181.6,0.0,96363.2,01ublUFS5DlQKuoAT4,0Q05WxYJHMxyl0MKSI
0QL42W2m8HLUBnD476,Synthetic quote line for Unified Compass Advisory Professional Aurora.,USD,2025-01-27T20:00:59Z,10.0,18009.89,10.0,162089.01,01up2y9M1x2zHlGIII,0Q0qpJxFTEbnPZlKDX
0QLvdn7mWidg5ZOOIO,Synthetic quote line for Virtual Summit Data Platform Standard Ion.,USD,2021-05-12T11:33:42Z,50.0,60556.55,15.0,2573653.38,01uzkFgHHKOHNb8ADY,0Q0vWv3pvCfM0c30GO
0QLqM3XsNht6lgb46P,Synthetic quote line for Connected Lattice Data Platform Edge Vector.,USD,2023-06-14T00:51:36Z,2.0,58584.61,15.0,99593.84,01uJrQ9nOdWfBOnQ3P,0Q0bHnHis9cFB18CZO
0QL7l8WgS1w80Ig43G,Synthetic quote line for Elastic Ember Hardware Foundation Cascade.,USD,2025-02-14T02:42:44Z,50.0,38606.51,0.0,1930325.5,01u7HDlBEYd20cLA7R,0Q0uBweF6czST5lC01
0QL6YltMsb7XUcJ4OH,Synthetic quote line for Integrated Vertex Training Scale Meridian.,USD,2025-12-01T07:21:15Z,1.0,1937.05,15.0,1646.49,01uGRqSyJsjiNj7YGL,0Q0NzNAgOrV51Bk0NW
0QLGa0UTBjy2w9tGTX,Synthetic quote line for Open Orbit Cloud Service Ultimate Vector.,USD,2023-02-24T08:47:27Z,10.0,52124.72,15.0,443060.12,01u1v0qA9XAZC18ANO,0Q0ggsGTgN9CgU7CRF
0QL9Cc0Zrlj2diGOHL,Synthetic quote line for Quantum Foundry Hardware Edge Cobalt.,USD,2025-07-03T07:38:13Z,2.0,531.63,20.0,850.61,01uGVgElwvBIbvwAMH,0Q0jpDVL5jnOFKRC44
0QLk8eEmcVy8PwV411,Synthetic quote line for Unified Beacon Cloud Service Foundation Nova.,USD,2025-09-23T16:29:53Z,5.0,31046.27,0.0,155231.35,01uUJWUbolIxMN4AVT,0Q02Vr7TJT0JiSxS3L
0QLXNDoQn9iNbHU4PR,Synthetic quote line for Virtual Pioneer Training Scale Zenith.,USD,2023-02-10T03:14:52Z,50.0,41267.49,20.0,1650699.6,01ujd1o0ubadWBpIPM,0Q053gcGLo01U2vSLY
0QLM1srfSwNLLGEWTE,Synthetic quote line for Connected Harbor Advisory Vertex Cobalt.,USD,2022-04-26T14:36:14Z,5.0,66424.27,15.0,282303.15,01ukTN9SMFYWgwjAMQ,0Q0SvqcVjYevkwwCE8
0QLrc062rvI9MVAW2J,Synthetic quote line for Elastic Compass Hardware Essential Pulse.,USD,2025-06-06T12:22:45Z,1.0,30311.04,20.0,24248.83,01uhXHd7I7kUo5tYAE,0Q02Bk1De4HFYtjK6M
0QLa5E3sJlO8DW6OVR,Synthetic quote line for Integrated Summit Data Platform Premier Atlas.,USD,2021-05-11T04:11:37Z,10.0,54675.11,0.0,546751.1,01u4o2liuGqb4f9YF2,0Q0XeAFRIrOMC9JSZC
0QLQg3nIrbPuqxmW45,Synthetic quote line for Open Lattice Data Platform Select Horizon.,USD,2024-12-13T07:56:33Z,10.0,58566.31,0.0,585663.1,01ulr3bX0CgclaDYGJ,0Q0KO6ns79eTJBKCUZ
0QLsj2Ib5RK6WWGO6G,Synthetic quote line for Quantum Ember Cloud Service Vertex Pulse.,USD,2024-12-08T01:56:35Z,5.0,54304.27,15.0,230793.15,01uuzBHChBdZlrvQ8H,0Q0NzNAgOrV51Bk0NW
0QL3vAym33XMGCYWTU,Synthetic quote line for Rapid Vertex Training Essential Aurora.,USD,2026-03-14T21:15:50Z,10.0,68526.67,10.0,616740.03,01uPQ1huOlpNnKEA1T,0Q0Erlrn4rvZofpSF5
0QLSQhIva8gNJc0GD9,Synthetic quote line for Virtual Orbit Hardware Premier Ion.,USD,2023-03-15T17:57:08Z,5.0,36674.57,10.0,165035.57,01uAMyCLLNMmR5bA3S,0Q04kpfYCaSpkPHSNH
0QLKlC9EmKpgFBkGNH,Synthetic quote line for Connected Foundry Data Platform Standard Solstice.,USD,2022-12-11T16:51:59Z,1.0,36736.67,0.0,36736.67,01uhKGrd4fvOOHBIHW,0Q0AH6FwWhsr7q4KRZ
0QLe3MM32BZwXp6WH0,Synthetic quote line for Elastic Beacon Training Core Cascade.,USD,2022-10-24T00:42:36Z,10.0,51855.25,5.0,492624.88,01uCWB5aWFw8B9nYGC,0Q0DVxWmc1TcApa0MR
0QLangQy2zthLMPO4M,Synthetic quote line for Integrated Pioneer Hardware Enterprise Meridian.,USD,2024-07-11T06:29:00Z,10.0,45095.52,0.0,450955.2,01uoH2O7EWf3GABIQ7,0Q0TtURFDjdmM2dK3B
0QLt4U4Jns9zyYsGLM,Synthetic quote line for Open Harbor Cloud Service Professional Vector.,USD,2022-07-26T13:35:05Z,1.0,22018.14,0.0,22018.14,01ucOVQYpxTA9fkYLG,0Q0UDqhL4GNa4NCCYH
0QLmkEwjaUsnQe3OZB,Synthetic quote line for Quantum Compass Cloud Service Standard Cascade.,USD,2021-11-23T15:36:58Z,2.0,40504.58,20.0,64807.33,01uGRqSyJsjiNj7YGL,0Q0g28gIw3F75830A0
0QLIC3MR5hFdzhdG2C,Synthetic quote line for Rapid Summit Training Core Nova.,USD,2025-07-19T09:26:21Z,25.0,53960.54,5.0,1281562.82,01upo6jpkSzQ18bY1T,0Q0nZeutsmvpfsTKT6
0QLMS2PMiLvnnOWGEH,Synthetic quote line for Virtual Lattice Cloud Service Enterprise Zenith.,USD,2021-10-20T04:34:19Z,5.0,13382.19,10.0,60219.85,01uilnVKVTyQFssII1,0Q0TQIO9AYmdHSLC3V
0QL8LcNjPHiHjYcO1Y,Synthetic quote line for Connected Ember Cloud Service Scale Cobalt.,USD,2024-10-19T11:36:13Z,2.0,68158.78,10.0,122685.8,01uxBOSSGFE4iEUA5A,0Q023IvSulza9JSKQ5
0QLGmKmNpArY20aOFE,Synthetic quote line for Dynamic Vertex Training Ultimate Nova.,USD,2021-12-11T17:48:04Z,25.0,54742.45,20.0,1094849.0,01ueFoz0cEnrn7mI9X,0Q0Sd8fJrME6nAgKYW
0QLzqZZf9ol7fbnWJZ,Synthetic quote line for Integrated Orbit Training Edge Atlas.,USD,2025-06-04T04:59:07Z,2.0,2238.73,0.0,4477.46,01uOgtH6Q9DN1ajABO,0Q0Md16Mqnn37ymSSB
0QLTnW88mYj4rnaWVO,Synthetic quote line for Open Foundry Support Foundation Horizon.,USD,2024-07-15T22:00:07Z,1.0,26523.16,20.0,21218.53,01uCI9USaya88RGQFI,0Q00TeWB7YKmN49SI9
0QL4gR2O3wPlqQxW4I,Synthetic quote line for Quantum Beacon Training Scale Pulse.,USD,2023-05-26T12:55:47Z,50.0,5038.11,0.0,251905.5,01uJgiJCNK3WVkDAPN,0Q0V6D1Mt9k8IX2KCA
0QLak7g0ok9qG86OLX,Synthetic quote line for Rapid Pioneer Support Ultimate Atlas.,USD,2023-11-29T13:48:07Z,2.0,54264.67,5.0,103102.87,01ualDWbU2nsHAyI4N,0Q0NzNAgOrV51Bk0NW
0QLWqjCHZkJ20enGKV,Synthetic quote line for Virtual Harbor Training Edge Ion.,USD,2026-06-14T10:01:15Z,1.0,69017.95,0.0,69017.95,01ujd1o0ubadWBpIPM,0Q03sEAL0Ko0W7CSVB
0QLqXJ6kor69pDiWRB,Synthetic quote line for Connected Compass Hardware Premier Solstice.,USD,2021-10-05T22:09:30Z,25.0,60216.66,0.0,1505416.5,01ue4CNRY8poPf7Y76,0Q0pBIdM1ydDAU3SMR
0QL4RlzIZwpYxqQGGW,Synthetic quote line for Dynamic Summit Advisory Select Aurora.,USD,2024-12-30T01:35:50Z,10.0,26370.9,15.0,224152.65,01uSgRVaFEegm2VISP,0Q0hQNnjnZiyKjg0OX
0QLOOGwn3kLxPTeO0G,Synthetic quote line for Integrated Lattice Cloud Service Vertex Ion.,USD,2021-12-28T00:15:17Z,1.0,51462.92,0.0,51462.92,01u6As0VOR8Qof4Y36,0Q0uIOmt219w2I1KA4
0QLTpO2Vd8D1WAzW87,Synthetic quote line for Open Ember Training Essential Vector.,USD,2023-12-24T04:06:24Z,1.0,19784.28,10.0,17805.85,01uHIxEL6orCehpYIM,0Q0boTZQdn8FG0eC39
0QLuiOBq3Fbi2NNO5I,Synthetic quote line for Precision Vertex Training Premier Cascade.,USD,2022-05-30T17:12:26Z,10.0,27779.03,20.0,222232.24,01u83TjBu9Aky6iYEW,0Q0t9gpUJphE3SAKKE
0QLsMCvDxyN1wEGWQ8,Synthetic quote line for Rapid Orbit Cloud Service Select Meridian.,USD,2023-08-30T16:52:37Z,5.0,37591.76,15.0,159764.98,01u6slvrn5euvbnQC8,0Q0BoGwKH6f6ctF09U
0QLAPXrvX9CtsdB4OR,Synthetic quote line for Virtual Foundry Support Vertex Vector.,USD,2023-07-22T13:26:59Z,2.0,55048.86,20.0,88078.18,01u4o4n5WjlYYKWQAM,0Q0FAZHxQMgafSg0UB
0QLe6vY4ylUgzvnG8V,Synthetic quote line for Connected Beacon Support Enterprise Cobalt.,USD,2025-03-25T20:10:45Z,2.0,14805.48,15.0,25169.32,01uA2RXWYM0CMYpIIS,0Q0jzI420v3WJBR0QU
0QL8X2jaL6EmESxG8C,Synthetic quote line for Dynamic Pioneer Advisory Professional Nova.,USD,2023-06-04T20:12:24Z,10.0,2723.76,15.0,23151.96,01ualDWbU2nsHAyI4N,0Q05WxYJHMxyl0MKSI
0QLLR8BBKxlZeIB4RR,Synthetic quote line for Integrated Harbor Hardware Standard Zenith.,USD,2026-02-07T23:38:14Z,50.0,7864.18,20.0,314567.2,01uDiBAAE5g7Vm3QK9,0Q0d5Xsn8euYd9sKF1
0QL73YbvvncZ9vFO1F,Synthetic quote line for Open Compass Data Platform Core Horizon.,USD,2026-06-20T10:59:30Z,5.0,46423.59,20.0,185694.36,01ujQGcX0dFFoJDAEI,0Q0LrFPjYj44cJT0OP
0QLJ8ej3kwfnLM6G2X,Synthetic quote line for Precision Summit Hardware Enterprise Pulse.,USD,2022-07-20T05:48:24Z,1.0,29107.37,15.0,24741.26,01uuc5fKtP4ShVVAPK,0Q0r03yph7GjJWIKQ6
0QLyrxWZk6kMxoTWWK,Synthetic quote line for Rapid Lattice Advisory Professional Atlas.,USD,2024-08-20T19:40:03Z,25.0,55213.69,10.0,1242308.03,01ugTFHnbRbEb6pYO8,0Q0JtgI8TxEW7FT0VJ
0QLEWaVmnUMAkXRGZR,Synthetic quote line for Virtual Ember Training Standard Horizon.,USD,2024-04-17T22:11:43Z,2.0,38447.29,10.0,69205.12,01uZeDDEOhjxXGiIJ1,0Q0J6tS2rSpvhkd0SW
0QLcJK2H56raKFB44H,Synthetic quote line for Adaptive Vertex Hardware Edge Solstice.,USD,2023-05-21T15:16:16Z,5.0,71177.68,20.0,284710.72,01uoH2O7EWf3GABIQ7,0Q00YLoSsWJcXMKCRN
0QLuCLPHxY3CKe4WFQ,Synthetic quote line for Dynamic Orbit Hardware Foundation Aurora.,USD,2026-06-28T12:17:28Z,2.0,32593.95,15.0,55409.71,01uKhzXXV7OTzjFYTJ,0Q0tQVHLHCGyeoVSM9
0QLtu1Nc5785406GC6,Synthetic quote line for Integrated Foundry Cloud Service Scale Ion.,USD,2021-07-08T14:22:16Z,10.0,29007.26,15.0,246561.71,01uDEI2EKNbkqFhA9H,0Q0M2CRAT6WUSNo0L7
0QLMVkVSI6S0bGmWP2,Synthetic quote line for Open Beacon Training Ultimate Solstice.,USD,2023-10-10T20:36:04Z,50.0,74606.79,10.0,3357305.55,01u6slvrn5euvbnQC8,0Q0ggUfHkhyuSY5CJ7
0QLxJEsr58MF6I34RG,Synthetic quote line for Precision Pioneer Cloud Service Edge Cascade.,USD,2024-09-01T06:49:22Z,2.0,65755.77,5.0,124935.96,01uWkF1MftLq7fOIP7,0Q0VFhnMlhlEPZI0GM
0QLLU6kQkMEI35MOZJ,Synthetic quote line for Rapid Harbor Hardware Foundation Meridian.,USD,2022-04-03T11:01:52Z,5.0,13665.7,20.0,54662.8,01uiUF9NOGQMVCOY9G,0Q0lBEdBj2sHTB9CGF
0QLqt4IDrNbWpWjWH6,Synthetic quote line for Virtual Compass Advisory Scale Vector.,USD,2021-01-20T21:52:14Z,2.0,6064.03,20.0,9702.45,01u7IvHitLYj9oAAXL,0Q0GJNOr3UjQjoaCFR
0QLMtaUpyLQGB7IGZK,Synthetic quote line for Adaptive Summit Support Vertex Cascade.,USD,2021-06-03T08:17:26Z,1.0,4851.43,0.0,4851.43,01uE6z8KW68KSVPQCU,0Q0roX4NnOlnIF8SO8
0QLTDoO9pnXoHdV4NW,Synthetic quote line for Dynamic Lattice Data Platform Essential Nova.,USD,2023-11-24T15:50:13Z,25.0,64026.23,10.0,1440590.18,01u7vqqvITrUHWRI8Z,0Q0TBwxPl23H2WFKYZ
0QLnnKL1RB7UPCY4VN,Synthetic quote line for Integrated Ember Advisory Premier Zenith.,USD,2024-03-02T21:38:25Z,50.0,35350.02,0.0,1767501.0,01uQQpeIOHGVGmXILC,0Q0LbFQ5kPijhFlCPU
0QLV8Kud2CindqRWAQ,Synthetic quote line for Modular Vertex Advisory Select Cobalt.,USD,2023-06-21T22:00:32Z,25.0,16784.94,5.0,398642.32,01usZhoMVh5QFp5A8S,0Q0pnoTO4S28rgmCN5
0QLSn2DVrSFEHtnO3O,Synthetic quote line for Precision Orbit Data Platform Vertex Nova.,USD,2023-02-19T12:40:32Z,2.0,55097.65,5.0,104685.54,01uZvmxypRpoEQLYJL,0Q02hbP5AY6vJQyKW3
0QLlzLxUDgp1FQmOY0,Synthetic quote line for Rapid Foundry Advisory Essential Atlas.,USD,2025-10-19T21:19:46Z,10.0,58073.26,15.0,493622.71,01ua1baryg2Ruz5AMA,0Q0RocLYsil3zUT0IS
0QLGDM0xIBuFMFP4LI,Synthetic quote line for Virtual Beacon Cloud Service Premier Horizon.,USD,2025-02-06T22:32:50Z,1.0,70697.15,15.0,60092.58,01udvlfkQgFBsWxQ5O,0Q0KLtkEPwjdaazSW0
0QLkiZ0XsFKfDacWSY,Synthetic quote line for Adaptive Pioneer Training Standard Pulse.,USD,2023-09-13T21:56:30Z,1.0,26638.84,10.0,23974.96,01ua1baryg2Ruz5AMA,0Q0X0ejqu25IiAmKPQ
0QLYKtqgBMhL7GKGCT,Synthetic quote line for Dynamic Harbor Support Core Aurora.,USD,2023-05-28T15:07:58Z,25.0,34711.93,0.0,867798.25,01uJA14v6nMxBHKI3Q,0Q0282oSGLaWLzgSOZ
0QLVv4zO8HDPb72WK8,Synthetic quote line for Integrated Compass Data Platform Enterprise Ion.,USD,2022-02-10T06:07:06Z,25.0,1766.69,0.0,44167.25,01uPNiaL1uUi0GGYQH,0Q0X0rdLOITvsb1STS
0QLiV5e00s5mY0HOMR,Synthetic quote line for Modular Summit Support Professional Solstice.,USD,2025-08-24T12:21:07Z,10.0,69221.92,15.0,588386.32,01uw9PVgWwT4QAvAVE,0Q0nOsltH715Hy9KHU
0QLBPLpYTTW1bPL4QE,Synthetic quote line for Precision Lattice Support Standard Aurora.,USD,2024-04-28T02:01:32Z,50.0,20666.19,10.0,929978.55,01uMKVRBOsHCfA1Y65,0Q0AH6FwWhsr7q4KRZ
0QLnjE0ixDmHjadW6T,Synthetic quote line for Rapid Ember Training Core Meridian.,USD,2025-06-27T14:47:09Z,1.0,51985.86,0.0,51985.86,01u3gOonB8t78PPYKF,0Q0rmEZMOc7NJtsSM6
0QLiSwXoPrFsjyYOND,Synthetic quote line for Unified Vertex Data Platform Enterprise Vector.,USD,2022-04-23T21:49:48Z,2.0,33555.04,10.0,60399.07,01uMKVRBOsHCfA1Y65,0Q0psnBbLvpDD7uSNH
0QL04HhZfCSaLTeOB2,Synthetic quote line for Adaptive Orbit Advisory Scale Cascade.,USD,2022-03-16T10:12:02Z,25.0,34479.33,20.0,689586.6,01usqRMXQcVGKarQK1,0Q02hdBeoyoQ0pCCQ2
0QLrx6Fh49cbEXlWOO,Synthetic quote line for Dynamic Foundry Advisory Ultimate Meridian.,USD,2022-08-16T10:41:43Z,1.0,70432.63,5.0,66911.0,01uhCzHVx5ltOWXIB9,0Q04kpfYCaSpkPHSNH
0QLiusRkapC8UeoWT1,Synthetic quote line for Integrated Beacon Data Platform Edge Zenith.,USD,2026-02-06T02:24:08Z,5.0,47026.34,10.0,211618.53,01uhW98iIa7YqecQM6,0Q0pnoTO4S28rgmCN5
0QLiI8QFRe9xTLeWAK,Synthetic quote line for Modular Pioneer Support Foundation Cobalt.,USD,2022-06-02T13:36:16Z,2.0,58046.08,0.0,116092.16,01uk7RIGqtW7TtTAU7,0Q0G4A4r3uGEclOKER
0QLvqerCTljV2OcGIR,Synthetic quote line for Precision Harbor Cloud Service Scale Nova.,USD,2024-03-22T05:14:27Z,2.0,44311.87,0.0,88623.74,01u2rujAAFZGq71AIQ,0Q0JBPXvMVam8GqS8I
0QLETjlZJ7SYnEb4PN,Synthetic quote line for Rapid Compass Support Ultimate Zenith.,USD,2025-01-03T17:50:23Z,5.0,214.34,5.0,1018.12,01u1MWkBFPeJXjmYZG,0Q0UjtZdD94JswBKT8
0QLvTVDWQaQjpmPO8V,Synthetic quote line for Unified Summit Advisory Edge Horizon.,USD,2023-06-10T23:07:11Z,10.0,66067.43,20.0,528539.44,01u4dHsHv8wA4sGY7I,0Q0UDqhL4GNa4NCCYH
0QLpuLMcyWUE858W5X,Synthetic quote line for Adaptive Lattice Data Platform Premier Pulse.,USD,2023-06-29T16:09:40Z,10.0,63456.8,20.0,507654.4,01uYIe28XneaoiGQKT,0Q03aLoVGTf8LyHC22
0QLakwrisaWn5GYWVT,Synthetic quote line for Dynamic Ember Support Select Atlas.,USD,2025-03-02T10:38:34Z,1.0,17439.82,15.0,14823.85,01uYW3c87XzN3xAIKN,0Q0yAGrdn9ODGgMKSG
0QL5yP1mXroevdlO7F,Synthetic quote line for Elastic Vertex Training Vertex Horizon.,USD,2022-09-17T01:36:43Z,50.0,54921.06,0.0,2746053.0,01uyya4E3UVwwuyI6C,0Q05XCxIoqei32IK3I
0QLWnW7jbyUHqCCOPC,Synthetic quote line for Modular Orbit Hardware Essential Solstice.,USD,2022-05-15T07:28:23Z,25.0,55304.56,10.0,1244352.6,01uzHe469BAtk1IIB2,0Q02ontZe5i3G6000D
0QLeGhFGKTNnyAUWL1,Synthetic quote line for Precision Foundry Data Platform Premier Aurora.,USD,2021-11-11T05:48:56Z,1.0,50493.4,0.0,50493.4,01uuQt0w3KuspnOYT7,0Q0uY0pjoIEZJiX0L8
0QLWgVymeduGUHTGMS,Synthetic quote line for Rapid Beacon Support Select Ion.,USD,2025-09-01T18:59:36Z,10.0,55945.84,0.0,559458.4,01u3kSFhaBLMkghAZY,0Q04H9Xn1U8FxBiSQP
0QLK6rFJEZUkUZ641W,Synthetic quote line for Unified Pioneer Advisory Vertex Solstice.,USD,2024-09-17T13:06:29Z,5.0,5550.48,0.0,27752.4,01u1sr1soSTDcCMQ43,0Q0ojbogUQUw9tgS3L
0QLICLjs4GO11LwOW3,Synthetic quote line for Adaptive Harbor Training Enterprise Cascade.,USD,2025-03-03T16:18:31Z,5.0,63316.72,0.0,316583.6,01uQ3SXnkvolHhpYHO,0Q0Ejpsq00q35yFC5Y
0QLmKbPrMbx5ZCkWIV,Synthetic quote line for Dynamic Compass Data Platform Professional Meridian.,USD,2023-07-14T11:48:44Z,10.0,74773.87,15.0,635577.89,01uzrOswHnzmYb6AU7,0Q0MRs6RswnOlQx0NR
0QLeuZdmCdXSNKOW3Z,Synthetic quote line for Elastic Summit Hardware Standard Vector.,USD,2022-12-08T18:08:11Z,50.0,59113.72,0.0,2955686.0,01uFt9b3ADxIGMFA8E,0Q0dHK8cl5UBxSBCFI
0QLaPNFIvqgjJC5WQD,Synthetic quote line for Modular Lattice Support Core Cobalt.,USD,2022-12-25T18:16:17Z,1.0,40117.41,0.0,40117.41,01uoGS05grshvSmALG,0Q0L45wv4uoVsPUCTR
0QL9timQxrW4eF0GFK,Synthetic quote line for Precision Ember Hardware Enterprise Nova.,USD,2023-09-19T09:11:38Z,25.0,71182.18,20.0,1423643.6,01uc6yIZPk12VrWI70,0Q0rJQcwvRbk29pKUA
0QLQX6S7WnKvTVNGX5,Synthetic quote line for Quantum Vertex Data Platform Professional Zenith.,USD,2024-05-28T10:53:37Z,2.0,46562.75,15.0,79156.68,01uPjx1mFPjDpcgIRA,0Q0ftrGGMJvmTZT07V
0QLgIMCct4uR3JuODI,Synthetic quote line for Unified Orbit Advisory Standard Cobalt.,USD,2024-11-01T21:31:31Z,10.0,9126.38,0.0,91263.8,01uLfz5iHhz1ThCASO,0Q0hej4l1TKrgjkSZG
0QLHB7qAWeJiwcjGY0,Synthetic quote line for Adaptive Foundry Support Edge Pulse.,USD,2025-02-13T11:53:53Z,5.0,60646.41,0.0,303232.05,01u2Byfa4IwUJDvQM7,0Q0NzNAgOrV51Bk0NW
0QLKxtBDY1SrZT5ODS,Synthetic quote line for Dynamic Beacon Cloud Service Foundation Atlas.,USD,2026-05-23T22:08:47Z,2.0,59548.84,10.0,107187.91,01uWMlFX6XZUlNsYWY,0Q0nhVEThGvRmAEKPA
0QLoETfIRhRFVjPWBV,Synthetic quote line for Elastic Pioneer Support Scale Horizon.,USD,2025-06-14T09:02:14Z,10.0,43810.84,0.0,438108.4,01ul4xwXCBS1OStY9K,0Q0vJ5aXOwYkS2fCNH
0QLRpLh94LKzFRD4VQ,Synthetic quote line for Modular Harbor Training Ultimate Pulse.,USD,2022-09-17T21:00:11Z,5.0,41354.97,0.0,206774.85,01uuzBHChBdZlrvQ8H,0Q0bdCOzPkg8LsvK2K
0QLNTuOBgJVkdcH480,Synthetic quote line for Precision Compass Hardware Edge Aurora.,USD,2022-01-28T05:37:01Z,50.0,46605.25,0.0,2330262.5,01uybNfPLC9zk1iIPC,0Q0tfDDxyiMXJUnC7I
0QLC1iE7RmpLHXPGIA,Synthetic quote line for Quantum Summit Data Platform Foundation Ion.,USD,2025-08-21T22:32:56Z,50.0,6773.81,10.0,304821.45,01uoTx9HsbskBk7AKO,0Q08b3eTeSqWpA2SVS
0QLrQu58edyfW9YOH5,Synthetic quote line for Unified Lattice Advisory Scale Solstice.,USD,2023-02-26T20:33:39Z,2.0,48392.84,15.0,82267.83,01uiUF9NOGQMVCOY9G,0Q0bApPpgzbWy8gSEN
0QLttY1ZIO3oB9zGLS,Synthetic quote line for Adaptive Ember Training Vertex Aurora.,USD,2024-07-01T01:23:33Z,1.0,22810.38,5.0,21669.86,01uVXzdM9yvV1AcA3O,0Q04bdePWjiwXNMKJH
0QLGeaacdj8OFevWSH,Synthetic quote line for Connected Vertex Cloud Service Essential Meridian.,USD,2022-10-29T05:43:36Z,5.0,44044.59,20.0,176178.36,01uDD0S1dJdEdBpAZS,0Q0qMeZJX99BFiGC4C
0QLheWoWZtnkf2B4A5,Synthetic quote line for Elastic Orbit Hardware Premier Vector.,USD,2024-07-25T23:18:16Z,50.0,19563.6,0.0,978180.0,01uQlVZXfiNQNtRYT9,0Q0zmiO2KgWWro1CMT
0QLiYlX349leQat40C,Synthetic quote line for Modular Foundry Data Platform Select Cascade.,USD,2022-05-26T14:47:59Z,2.0,39413.59,10.0,70944.46,01u2B4I2BdSIO2VABA,0Q07q4HmrzMO0JHSHK
0QLXj2Obd1dKrd04PA,Synthetic quote line for Precision Beacon Data Platform Vertex Meridian.,USD,2022-10-04T11:38:54Z,2.0,29152.4,0.0,58304.8,01uWiXi07rUIM5NQCX,0Q0VkR7zu4WGCgb00G
0QLVNNMIUQmLa0yGUK,Synthetic quote line for Quantum Pioneer Training Essential Zenith.,USD,2022-01-17T22:16:35Z,25.0,4318.04,20.0,86360.8,01u6e7sGIJ0p16CAAZ,0Q0Bw5KGy9t1d3JCVS
0QL2ZQRrMjXPr8AO50,Synthetic quote line for Unified Harbor Cloud Service Premier Cobalt.,USD,2024-11-04T12:12:33Z,25.0,47900.34,0.0,1197508.5,01uMA8zSZGWyKdiAKM,0Q0epgLQ8J3kG2XSQB
0QLUiGHU5937YLwO20,Synthetic quote line for Adaptive Compass Data Platform Standard Nova.,USD,2024-08-31T16:43:11Z,2.0,57413.69,20.0,91861.9,01uab9grZJH19BsQO9,0Q0U64mhKLqbjTYSVU
0QLF27Dfg4keyhjO97,Synthetic quote line for Connected Summit Cloud Service Core Atlas.,USD,2026-06-13T06:56:01Z,2.0,114.4,0.0,228.8,01u5GtifNDPLBQJQCC,0Q0s9cFB18WdAYXSEV
0QLRKG6oX7EawzCW14,Synthetic quote line for Elastic Lattice Advisory Enterprise Horizon.,USD,2024-11-28T08:21:20Z,5.0,2187.06,15.0,9295.0,01utDfh4pIrSlhmITV,0Q0KVeKHKWnKGzPSO8
0QL5GL3eInjenrlW8N,Synthetic quote line for Modular Ember Training Professional Pulse.,USD,2021-07-03T05:34:11Z,10.0,20097.26,0.0,200972.6,01uzIgnyrtIIw55YLX,0Q0ltKZOFss8L0zSJT
0QLmShaPzlTBgFxGIX,Synthetic quote line for Open Vertex Advisory Standard Atlas.,USD,2022-06-14T05:37:29Z,1.0,20739.6,0.0,20739.6,01ucauN3ZCRzObtAUR,0Q0RDdVj0fqoN3KC44
0QLcyPu4lx3RJpsORY,Synthetic quote line for Quantum Orbit Cloud Service Core Ion.,USD,2023-02-18T22:17:13Z,10.0,20012.54,0.0,200125.4,01uns3KdbblltJQYH1,0Q0B10LiMLMMY2p0VU
0QLvCVgVGf40cV54HL,Synthetic quote line for Unified Foundry Advisory Enterprise Solstice.,USD,2023-10-01T04:29:37Z,25.0,43115.86,15.0,916212.03,01uuc5fKtP4ShVVAPK,0Q0yem9ZXJbdPgNSRZ
0QLhVthLJW8eZTbWUJ,Synthetic quote line for Adaptive Beacon Data Platform Scale Aurora.,USD,2024-01-23T21:39:40Z,50.0,5916.0,0.0,295800.0,01u71cjEwFj03mAIM3,0Q0zAlx3LcJGy2y0LU
0QLDqgvnBHpp6tAW4S,Synthetic quote line for Connected Pioneer Advisory Ultimate Ion.,USD,2021-05-09T12:00:29Z,1.0,38299.03,5.0,36384.08,01u4o4n5WjlYYKWQAM,0Q05NWXbA9zmfZJCHX
0QLFCnKgGYC5KEJOHP,Synthetic quote line for Elastic Harbor Training Edge Vector.,USD,2022-05-30T02:36:49Z,50.0,2313.11,0.0,115655.5,01uM996AjCjDpxAQ0G,0Q0E8UGiqtDfOHZ0OS
0QL47V5AvAXlcJ7GC7,Synthetic quote line for Modular Compass Training Foundation Cascade.,USD,2021-09-08T16:01:22Z,1.0,70336.06,5.0,66819.26,01uyya4E3UVwwuyI6C,0Q07kXKTvSTQrJ90XF
0QLP5bVbsFTA7lmGBJ,Synthetic quote line for Open Summit Data Platform Scale Meridian.,USD,2022-05-30T09:35:26Z,25.0,66549.01,0.0,1663725.25,01uFUzxKZQSFaPOQ1A,0Q02rF80Ujouh1x00J
0QL4a0UwVoZRSrKWC2,Synthetic quote line for Quantum Lattice Hardware Ultimate Vector.,USD,2024-06-09T15:11:10Z,25.0,56319.7,0.0,1407992.5,01uw91RYAhA1FFjAKB,0Q0Tm8xEMqr9GldSAZ
0QL4CrRObfOrpZJGCO,Synthetic quote line for Unified Ember Data Platform Edge Cobalt.,USD,2021-04-05T15:11:13Z,25.0,4480.99,5.0,106423.51,01ulAUjRtN0XkWuANU,0Q03aLoVGTf8LyHC22
0QLgPlcy8LMIoyD4T8,Synthetic quote line for Virtual Vertex Hardware Foundation Nova.,USD,2024-07-11T07:00:51Z,25.0,6738.22,5.0,160032.73,01uHhc7RdxJfGWFAN9,5Z4YIQHeDaDF7mG7RV
0QLD5Fb6pTBQi8hOI9,Synthetic quote line for Connected Orbit Data Platform Select Zenith.,USD,2025-08-31T08:29:32Z,25.0,6887.47,10.0,154968.08,01uC4cTc6DjS24HIO7,0Q0NzNAgOrV51Bk0NW
0QL9WQf7Qo8EN3SGZP,Synthetic quote line for Elastic Foundry Support Vertex Cobalt.,USD,2023-09-09T17:02:49Z,5.0,69693.6,5.0,331044.6,01u5n61zNTp1SMmQMW,0Q0SD4iAC4Au9ZxC30
0QLY0zQ5fSfHoxHWBR,Synthetic quote line for Modular Beacon Cloud Service Essential Pulse.,USD,2021-12-18T13:39:51Z,5.0,71446.5,10.0,321509.25,01uCI9USaya88RGQFI,0Q0z0Exk2LWoq1uKYZ
0QL5SdJZnHEM6uKWIB,Synthetic quote line for Open Pioneer Support Premier Atlas.,USD,2023-07-13T14:36:14Z,1.0,63355.23,0.0,63355.23,01uUZRnGcVQPMSeQKA,0Q0ETQHN2FEBxkf0BE
0QLXPb32C3XsIcE4OU,Synthetic quote line for Quantum Harbor Training Select Horizon.,USD,2023-10-20T20:52:55Z,25.0,52171.75,15.0,1108649.69,01uBo9bliYPFlS6QPU,0Q0ZnWJoBSQu7UKC2J
0QL0Hyxxb0CnzxRWCS,Synthetic quote line for Unified Compass Hardware Vertex Pulse.,USD,2026-05-20T10:39:56Z,1.0,28846.2,20.0,23076.96,01uQ3SXnkvolHhpYHO,0Q0E9sy1Lp28jvCCBB
0QLuC9xWuQ9EtFpGGD,Synthetic quote line for Virtual Summit Advisory Essential Aurora.,USD,2022-11-28T12:13:02Z,10.0,32881.44,15.0,279492.24,01uiOuapJc0w5rMI3Q,0Q0TtURFDjdmM2dK3B
0QLZMaK0V8RSwU0GEL,Synthetic quote line for Connected Lattice Cloud Service Professional Ion.,USD,2026-02-03T03:41:39Z,50.0,71482.81,20.0,2859312.4,01uh9FtSK3Gxm3GYFH,0Q0ifUIt0TIaSWDCCI
0QLpLUX5wsNMBLLOLG,Synthetic quote line for Elastic Ember Training Standard Solstice.,USD,2021-06-04T02:42:50Z,5.0,22194.57,15.0,94326.92,01uEfTFFWNQOs4yAR2,0Q0kuKBtmyn5HEDK7W
0QLCGpF1j81ED0zOYO,Synthetic quote line for Integrated Vertex Data Platform Core Cascade.,USD,2025-11-08T13:52:00Z,1.0,50920.79,15.0,43282.67,01uKhzXXV7OTzjFYTJ,0Q0dLMlymny0Yb6SAO
0QLnLA3MU72G4DKWCP,Synthetic quote line for Open Orbit Advisory Enterprise Meridian.,USD,2023-06-30T11:42:18Z,50.0,67024.47,0.0,3351223.5,01uCyKZmipXHx2mYRP,0Q0RgsnW3dRLtvgK9Q
0QLP9tZY1syhqe8O43,Synthetic quote line for Quantum Foundry Advisory Professional Vector.,USD,2021-07-04T02:44:31Z,1.0,17110.85,0.0,17110.85,01utCDHCRnPnbCdID0,0Q0gILG8miecLXHC40
0QLkhnqLRc5AZHNG0U,Synthetic quote line for Unified Beacon Support Standard Cascade.,USD,2023-09-29T11:27:55Z,25.0,67026.17,10.0,1508088.82,01u45XrA1cIlNlaAJY,0Q0vbHFpthpm7m40WW
0QLYBxz0vwiQrCsO80,Synthetic quote line for Virtual Pioneer Data Platform Core Nova.,USD,2025-06-20T09:26:23Z,50.0,19287.55,10.0,867939.75,01uocAw17jHIHntY65,0Q0UTszVo3FVphFC65
0QL4kNjA4uCNjnqONJ,Synthetic quote line for Connected Harbor Data Platform Foundation Zenith.,USD,2022-01-22T01:38:08Z,5.0,60777.39,20.0,243109.56,01uhY4N1qLtpcUtI0I,0Q0OoDzgp1xtWvx0K6
0QLuNVwxEs4YaoNWAM,Synthetic quote line for Elastic Compass Cloud Service Scale Cobalt.,USD,2024-06-26T11:24:39Z,10.0,9305.67,5.0,88403.86,01usZhoMVh5QFp5A8S,0Q0ogvDlrW3Bi2ACG2
0QL5ZoohPuIBIRVWE7,Synthetic quote line for Integrated Summit Cloud Service Ultimate Nova.,USD,2025-06-26T15:13:17Z,5.0,21093.76,0.0,105468.8,01uaFYxfwV9fYylQFX,0Q0iEW2YCjJudQzCB4
0QLxRZkH64BNS2mWOB,Synthetic quote line for Open Lattice Data Platform Edge Atlas.,USD,2026-05-13T10:18:03Z,10.0,66914.57,0.0,669145.7,01uyya4E3UVwwuyI6C,0Q0D5YCZ2a7ovGV0D9
0QLAKfJgHFb7EXyWDI,Synthetic quote line for Quantum Ember Training Foundation Horizon.,USD,2021-02-10T13:42:09Z,1.0,60728.65,0.0,60728.65,01upkTzkJPJeHFlAAI,0Q03AyWO4RVVONiCQQ
0QLFm3JuoPAtuNA4MY,Synthetic quote line for Rapid Vertex Cloud Service Scale Pulse.,USD,2025-02-24T12:45:44Z,10.0,25341.19,0.0,253411.9,01uC4cTc6DjS24HIO7,0Q0rwx1cSi2AR8x0L3
0QLt1sJu2t83oHyWY7,Synthetic quote line for Virtual Orbit Hardware Ultimate Atlas.,USD,2021-09-17T09:38:30Z,1.0,50923.83,15.0,43285.26,01uDiBAAE5g7Vm3QK9,0Q0p6ONV7cf0foFKXF
0QL9OXJbzmKLmWfGP3,Synthetic quote line for Connected Foundry Support Essential Ion.,USD,2023-04-19T21:15:10Z,50.0,68275.95,0.0,3413797.5,01ugEm18KYgw8XgQ0P,0Q015aCfWy2092103R
0QLx3tWegs6Q4aZ40P,Synthetic quote line for Elastic Beacon Cloud Service Premier Solstice.,USD,2024-01-07T20:14:33Z,10.0,31935.35,10.0,287418.15,01urPWM45zirhMAAW5,0Q00VGkpu7RC9T0C88
0QL19ExIpia5ckdGQW,Synthetic quote line for Integrated Pioneer Cloud Service Select Aurora.,USD,2022-09-26T18:30:42Z,5.0,62792.04,15.0,266866.17,01uSuv7um4Jc91gAI2,0Q0L29wHXXJDlS8SDL
0QLv2zc3c1I7pFuG4B,Synthetic quote line for Open Harbor Hardware Vertex Ion.,USD,2021-07-04T11:37:06Z,25.0,13861.61,10.0,311886.23,01ur28FnEV6DyiAA63,0Q0ibLjAwd2jmCO00I
0QLR4BaYn0BRehl4N3,Synthetic quote line for Quantum Compass Data Platform Essential Vector.,USD,2022-08-04T01:36:10Z,25.0,3452.58,10.0,77683.05,01uJmKgJiEzuDYNY7S,0Q0PV0qahZ57rBH0Y9
0QLiD81QI2ETWph4TG,Synthetic quote line for Rapid Summit Training Premier Cascade.,USD,2021-12-08T05:08:12Z,10.0,44779.68,0.0,447796.8,01uCyKZmipXHx2mYRP,0Q0XS0AwhsKBxIhSV2
0QLNSnVj5SMBujI4E0,Synthetic quote line for Virtual Lattice Cloud Service Select Meridian.,USD,2022-05-23T07:03:07Z,1.0,4434.24,10.0,3990.82,01uFvL7F5Qaj8h6QH0,0Q0kir7Qx1ddhWwSCB
0QLqK4P4mx6HjEpO9E,Synthetic quote line for Connected Ember Data Platform Core Zenith.,USD,2024-07-08T03:44:39Z,1.0,10140.93,20.0,8112.74,01uphLiDJlXg8wvAE3,0Q0FmIs9LzGPwIF049
0QLWtLNiGQ3bnikOCV,Synthetic quote line for Dynamic Vertex Cloud Service Enterprise Cobalt.,USD,2026-01-25T17:50:41Z,25.0,5537.35,20.0,110747.0,01uFa5jdtbk2jvnIRL,0Q0sGrpXheBe1M1KDA
0QL65WkPmUrxckGWDJ,Synthetic quote line for Integrated Orbit Hardware Professional Nova.,USD,2025-09-13T20:48:59Z,10.0,2202.71,0.0,22027.1,01uhW98iIa7YqecQM6,0Q0TZn5zeF5xxYjS1N
0QL3Mvk3GYiezVO4TH,Synthetic quote line for Open Foundry Training Standard Zenith.,USD,2026-06-03T19:52:05Z,25.0,16357.42,5.0,388488.72,01uPNiaL1uUi0GGYQH,0Q0qBDBq4pxzQTXSWS
0QL6WmnTQugyoeTGUS,Synthetic quote line for Quantum Beacon Cloud Service Core Horizon.,USD,2023-04-15T05:23:30Z,50.0,48550.88,0.0,2427544.0,01uqpR2yiWbBNPvQ1F,0Q0OoDzgp1xtWvx0K6
0QLFCmH1HHPHPA8G12,Synthetic quote line for Rapid Pioneer Training Enterprise Pulse.,USD,2025-09-10T05:43:27Z,2.0,32643.16,5.0,62022.0,01u3kSFhaBLMkghAZY,0Q0P9DBcLxtnAwEK3Y
0QLbHfYVsMFmuGVG5Y,Synthetic quote line for Virtual Harbor Hardware Professional Atlas.,USD,2021-11-02T10:26:29Z,50.0,68009.07,20.0,2720362.8,01u45XrA1cIlNlaAJY,0Q0TZn5zeF5xxYjS1N
0QLafDeHJxD5X5m4HT,Synthetic quote line for Connected Compass Training Ultimate Horizon.,USD,2021-11-28T20:08:10Z,1.0,49513.86,20.0,39611.09,01udgTvVhmyD0afAZM,0Q0Y3AOo6FVAR7dKPF
0QLH5hIwovgIMWxWQE,Synthetic quote line for Dynamic Summit Advisory Edge Solstice.,USD,2026-02-20T18:42:10Z,1.0,38716.29,10.0,34844.66,01uiz7sGwHX5TE3AY8,0Q0uPcnsIQRHCfTC91
0QLiCsZ6xFpgmzOO1Z,Synthetic quote line for Integrated Lattice Support Foundation Aurora.,USD,2022-07-10T00:13:07Z,2.0,44656.02,15.0,75915.23,01u0ElwG1CqM4RlQXP,0Q0V5mw76vnyd01SC3
0QLzkBjnbBeRhr8GG2,Synthetic quote line for Open Ember Advisory Scale Ion.,USD,2025-06-07T13:20:30Z,1.0,11682.9,0.0,11682.9,01uUJWUbolIxMN4AVT,0Q0fZBPx0zHJ3meKZT
0QLLuBK5jR1uR3gWA9,Synthetic quote line for Precision Vertex Cloud Service Ultimate Solstice.,USD,2021-04-17T20:37:02Z,2.0,11049.32,0.0,22098.64,01uDMmufcFPiArgIYR,0Q0jPVK66jVRYpxKPX
0QLQqGOfZakhmBkO2D,Synthetic quote line for Rapid Orbit Advisory Edge Cascade.,USD,2023-08-14T15:55:05Z,25.0,30824.68,0.0,770617.0,01uE3I30HADotoeYGY,0Q02Vr7TJT0JiSxS3L
0QLrKLKFtVPZNG14FF,Synthetic quote line for Virtual Foundry Cloud Service Foundation Meridian.,USD,2026-03-20T11:40:18Z,2.0,47208.35,20.0,75533.36,01uNDoooteqfAz7AMT,0Q0Y06rG9vnItMWK7J
0QLhL9k8uaHsDLIWFV,Synthetic quote line for Connected Beacon Hardware Select Vector.,USD,2022-11-06T16:49:43Z,10.0,39780.55,5.0,377915.22,01uXIkmGfy4nEEQAAS,0Q0owJeA1e8PyUQK0S
0QLBHYFHsyUo1pHGL5,Synthetic quote line for Dynamic Pioneer Advisory Vertex Cascade.,USD,2025-05-26T21:14:31Z,5.0,65089.79,0.0,325448.95,01uWETJi2x1uR5oIZE,0Q03iGXyIzx1tgSSSQ
0QLoK3jAeAiaRsrOJV,Synthetic quote line for Integrated Harbor Training Essential Nova.,USD,2023-10-17T15:55:19Z,5.0,27146.11,15.0,115370.97,01uUuCDlyVaOtj6A5E,0Q0vrCFXUCLZlTRKHT
0QLMQFSBaUb7nSD4N4,Synthetic quote line for Open Compass Data Platform Premier Zenith.,USD,2021-08-01T08:41:15Z,10.0,7183.32,0.0,71833.2,01uKhzXXV7OTzjFYTJ,0Q05cqnVjWasYbU042
0QLq6ZEfXjaWJmGW3X,Synthetic quote line for Precision Summit Support Select Cobalt.,USD,2023-05-08T09:57:29Z,5.0,43140.46,10.0,194132.07,01uSxL6IN4IG08DIQQ,0Q0I2URNaQKyERn0H6
0QLxf0Ms5nc5MpQO4O,Synthetic quote line for Rapid Lattice Support Vertex Nova.,USD,2022-10-27T02:23:36Z,1.0,68694.56,0.0,68694.56,01uEQENe3mhON7SQTB,0Q0DERIZkAyVBCT0BU
0QLqBE6jMrIwPj1GNV,Synthetic quote line for Virtual Ember Hardware Essential Atlas.,USD,2025-01-07T14:18:14Z,25.0,65701.32,5.0,1560406.35,01uoWSzpOXNSu3mQX3,0Q0hej4l1TKrgjkSZG
0QLFuwqGGZj25jeW9S,Synthetic quote line for Adaptive Vertex Support Professional Horizon.,USD,2022-02-07T11:51:16Z,5.0,72038.78,20.0,288155.12,01uZwKANs13zPoaQLJ,0Q0ghU4cCrhbIrJKEB
0QLn4yqBoBg5ZMo4ZA,Synthetic quote line for Dynamic Orbit Cloud Service Standard Pulse.,USD,2023-07-19T06:50:17Z,25.0,35165.5,0.0,879137.5,01u5PaTy6Vk6uLCQ0J,0Q0Rl9EnZd9IQfBSIU
0QLkoUrM36oxvKRO25,Synthetic quote line for Integrated Foundry Hardware Core Aurora.,USD,2023-07-16T11:58:52Z,5.0,51282.45,0.0,256412.25,01u3p8CHYvz2rqmYEX,0Q0zmiO2KgWWro1CMT
0QLh6a7oYmYxyyvW79,Synthetic quote line for Open Beacon Support Enterprise Ion.,USD,2024-10-10T12:14:29Z,10.0,69798.2,10.0,628183.8,01uz72Mh768cYm5IN8,0Q0LPPWgwFNhwgrC3M
0QLFeFKr47oBmISOSQ,Synthetic quote line for Precision Pioneer Hardware Professional Solstice.,USD,2024-07-06T20:03:56Z,2.0,55415.38,15.0,94206.15,01uEqUZBEAZR9UmY8R,0Q0S5JeeWYF6fGNS7L
0QLxHzfuzWw4qi7GF5,Synthetic quote line for Rapid Harbor Data Platform Standard Aurora.,USD,2022-10-28T14:25:27Z,1.0,30503.91,0.0,30503.91,01uOceKBCLhfBYFQ99,0Q0GxBSDKnEyjqsK9F
0QL78gl0Pi1kGIx4I4,Synthetic quote line for Virtual Compass Data Platform Core Meridian.,USD,2021-01-13T15:00:20Z,1.0,27348.28,20.0,21878.62,01uHRSXfJkCx1mUQFK,0Q0wnYyBHc5VeP6CMD
0QLIcTu8TM8U0Dg4MI,Synthetic quote line for Adaptive Summit Advisory Foundation Vector.,USD,2021-10-12T10:52:29Z,5.0,2477.64,0.0,12388.2,01ubVTXfBaCb01jAQV,0Q0WF4CVLRDbX8pCHM
0QLst5FqUWrxiSCG7Y,Synthetic quote line for Dynamic Lattice Advisory Scale Cascade.,USD,2023-02-18T04:41:47Z,2.0,70130.52,10.0,126234.94,01uV8i2ozj6njopYSE,0Q0JSUfQ5AkkbmjSK3
0QLNnRbRw99gNqrOSA,Synthetic quote line for Integrated Ember Support Ultimate Meridian.,USD,2023-06-20T20:54:51Z,1.0,17477.62,10.0,15729.86,01ubt6UAjtxypWLAKP,0Q0tPdnNeQUUN4yCOR
0QLmBCIZe15zFoBOST,Synthetic quote line for Modular Vertex Hardware Edge Zenith.,USD,2026-06-21T19:16:26Z,25.0,29723.86,0.0,743096.5,01uBo9bliYPFlS6QPU,0Q0nPjNgxf9617aSOD
0QLhYgkdZU1QagIOWM,Synthetic quote line for Precision Orbit Training Foundation Cobalt.,USD,2021-12-29T02:18:35Z,5.0,60421.87,0.0,302109.35,01uBeJ5ZF9xSBOtQEH,0Q0jiFmsGsBz53ASB9
0QLtN5Tm2Gl3rx7W9M,Synthetic quote line for Rapid Foundry Cloud Service Scale Nova.,USD,2023-05-29T14:22:12Z,50.0,74696.13,0.0,3734806.5,01uPVg8XMauyV0HAZ6,0Q0mc9V7L2IXLaKCFQ
0QL1jcWzpyJA40HWLA,Synthetic quote line for Virtual Beacon Hardware Ultimate Zenith.,USD,2023-08-29T18:37:26Z,1.0,70625.13,0.0,70625.13,01uUX9fzI5TSy2AYK3,0Q0eHt2e7pivBS9ST2
0QL9H0grI5ArnuS47K,Synthetic quote line for Adaptive Pioneer Training Essential Horizon.,USD,2024-10-30T12:17:23Z,2.0,33343.24,20.0,53349.18,01uZEvqBSgONoAzA64,0Q0jbfBIUGXnov3K23
0QLSupO6TNAv2eLW14,Synthetic quote line for Dynamic Harbor Hardware Premier Pulse.,USD,2021-03-31T15:53:49Z,2.0,70168.54,15.0,119286.52,01uIpwvxtQysDJ4AUU,0Q0TBwxPl23H2WFKYZ
0QLTTsoTDo9EhXQ4RM,Synthetic quote line for Integrated Compass Training Select Atlas.,USD,2023-07-08T16:27:23Z,10.0,25995.7,5.0,246959.15,01uLfz5iHhz1ThCASO,0Q0Vzboemqnh1ZpK6X
0QLOP00wcbvek39OWY,Synthetic quote line for Modular Summit Support Vertex Horizon.,USD,2022-12-06T10:05:13Z,5.0,25240.06,0.0,126200.3,01u8rtcKS4F2yn3IV4,0Q0VFhnMlhlEPZI0GM
0QLIXzjKaaZNR8JOZO,Synthetic quote line for Precision Lattice Support Essential Solstice.,USD,2022-03-25T19:51:24Z,1.0,66925.95,5.0,63579.65,01uzUwxgjRvsJBYISJ,0Q0K8CvNx3uMu4bCAS
0QLdDnBaW78VVN0GJ2,Synthetic quote line for Rapid Ember Data Platform Premier Aurora.,USD,2021-01-01T05:14:31Z,10.0,44568.16,0.0,445681.6,01uwrxBxGfjEpqeIX1,0Q0Fb4kMYfgEOQUKOA
0QLv80HJj7O6WUeGB1,Synthetic quote line for Unified Vertex Hardware Select Ion.,USD,2022-04-16T06:49:24Z,50.0,52217.25,15.0,2219233.12,01uDDVqednLwAxPIMH,0Q0x7YTIgp6zbd6KKX
0QLINnIiAtqIjbm4V5,Synthetic quote line for Adaptive Orbit Support Core Vector.,USD,2021-01-17T08:57:46Z,50.0,24237.58,10.0,1090691.1,01uoH2O7EWf3GABIQ7,0Q0xJcIYEjbKp2US6K
0QL0UmstlwovJa2WYP,Synthetic quote line for Dynamic Foundry Data Platform Enterprise Cascade.,USD,2021-05-11T17:47:19Z,10.0,53127.96,0.0,531279.6,01uZMsmMl304CKnIWL,0Q0jzI420v3WJBR0QU
0QLLVrubTydRSQE47B,Synthetic quote line for Integrated Beacon Support Professional Meridian.,USD,2022-12-30T08:25:12Z,10.0,35290.16,0.0,352901.6,01uDxDHTCck90xtYDM,0Q0XiC1pEczfBNzKCI
0QLUNthcW7higqC4Z9,Synthetic quote line for Modular Pioneer Support Standard Vector.,USD,2024-01-21T06:48:16Z,25.0,43429.68,20.0,868593.6,01uz35PKYhJf7A2A3O,0Q0uWnZhAsZihMC0I3
0QLq6ZPGRlTEmdxOKC,Synthetic quote line for Precision Harbor Hardware Core Cobalt.,USD,2024-01-08T07:12:03Z,2.0,21384.91,15.0,36354.35,01uyJ6zkekdSnuUYV2,0Q0Wgy7Vkbinj3iSN8
0QLS0Mcm48Y4VoK4DM,Synthetic quote line for Rapid Compass Cloud Service Enterprise Nova.,USD,2022-05-13T19:23:25Z,5.0,43613.3,0.0,218066.5,01uOceKBCLhfBYFQ99,0Q0xRLdbe0xGSj2KXN
0QLpXi3eCfxKxehGC2,Synthetic quote line for Unified Summit Data Platform Professional Zenith.,USD,2024-07-28T19:45:59Z,25.0,39685.54,15.0,843317.72,01uEQENe3mhON7SQTB,0Q0NzNAgOrV51Bk0NW
0QLSsa3p2qDNnqzOU0,Synthetic quote line for Adaptive Lattice Support Ultimate Cobalt.,USD,2023-01-27T18:58:19Z,50.0,46596.4,0.0,2329820.0,01ui8Bge7HlL1BoAM0,0Q06FXpAfIbgk0t0GH
0QL6bMaqspe4SlKG5K,Synthetic quote line for Dynamic Ember Hardware Edge Pulse.,USD,2024-12-22T04:02:39Z,5.0,50171.41,10.0,225771.35,01uicVYWLcfmsN3AQY,0Q08QpA4H2lX0v4CHQ
0QLoiAH45M1ltxaWM4,Synthetic quote line for Elastic Vertex Cloud Service Foundation Atlas.,USD,2024-03-11T03:50:31Z,50.0,56293.74,15.0,2392483.95,01uWAuUJGwgaQSUQWO,0Q0pFnpplNvP2Te034
0QLuTek5XuiNmH4OFP,Synthetic quote line for Modular Orbit Cloud Service Scale Horizon.,USD,2024-05-06T17:15:28Z,25.0,68854.81,5.0,1635301.74,01uDiBAAE5g7Vm3QK9,0Q0YECB8zGTdfhIKD2
0QLjgDUFvHDCVqc49D,Synthetic quote line for Precision Foundry Data Platform Ultimate Pulse.,USD,2024-09-07T22:25:25Z,2.0,50212.55,10.0,90382.59,01u7oYKYE0XFYo9Y9Q,0Q0bf8034IqTyb9CAZ
0QLj6BMmBLMjtwv4KH,Synthetic quote line for Rapid Beacon Cloud Service Edge Aurora.,USD,2026-02-11T14:16:14Z,50.0,43166.38,0.0,2158319.0,01uUZRnGcVQPMSeQKA,0Q0gILG8miecLXHC40
0QLNLsfAPNd1ykIG8G,Synthetic quote line for Unified Pioneer Data Platform Foundation Ion.,USD,2022-02-26T07:54:57Z,5.0,6465.49,0.0,32327.45,01uilnVKVTyQFssII1,0Q0dWOaWHYp5gLA0TH
0QLrc8Jjrx81YeaWTT,Synthetic quote line for Adaptive Harbor Cloud Service Select Solstice.,USD,2022-05-14T15:12:52Z,2.0,26672.72,0.0,53345.44,01uZFRUWULocAKDA7X,0Q0oLFhhXMReePx040
0QLuYq3WKfeJW7LOS7,Synthetic quote line for Dynamic Compass Advisory Vertex Aurora.,USD,2022-02-15T13:15:25Z,25.0,56060.09,0.0,1401502.25,01uFMIhPjil3hAVQJI,0Q08fCWXEfgm36P00G
0QL10gWmZlj9yDZGE5,Synthetic quote line for Elastic Summit Advisory Essential Meridian.,USD,2025-09-10T23:09:37Z,50.0,56503.44,0.0,2825172.0,01uJrQ9nOdWfBOnQ3P,0Q0tKsrsijbjvj9016
0QLL3IvByh9ZgzkG8V,Synthetic quote line for Modular Lattice Hardware Premier Vector.,USD,2024-08-20T01:57:49Z,5.0,8440.0,20.0,33760.0,01uQ1lJHScxNZ6NAQB,0Q0K8DRFY2ED7ye0KB
0QLchqaxw4IdBluWZ9,Synthetic quote line for Precision Ember Cloud Service Select Cascade.,USD,2024-11-12T17:40:09Z,2.0,17485.38,15.0,29725.15,01utqmPyaUkwSFLI56,0Q0BDoxOItZsSFnCWQ
0QLDpr7SFuSWH2KW05,Synthetic quote line for Quantum Vertex Hardware Vertex Meridian.,USD,2024-08-28T22:49:02Z,1.0,50270.19,0.0,50270.19,01uj1eeTSR2qMBtADW,0Q0oLFhhXMReePx040
0QLZ2Q215xcY7jR4RB,Synthetic quote line for Unified Orbit Hardware Essential Zenith.,USD,2026-04-13T09:08:45Z,1.0,69643.21,0.0,69643.21,01uGjHftvnIV4BiIC2,0Q0DEiOK8fAzTj6SEE
0QLSS7iKZaKDiBfGKJ,Synthetic quote line for Adaptive Foundry Advisory Professional Cobalt.,USD,2026-04-17T10:44:34Z,50.0,5364.16,0.0,268208.0,01uSlG3bhH5Uan4QP9,0Q0mkJ9TNtMdqvh0SO
0QLLF8kMr4nILtYWKT,Synthetic quote line for Dynamic Beacon Cloud Service Standard Nova.,USD,2026-06-05T13:13:50Z,25.0,15415.76,0.0,385394.0,01uqZXZ1URRWyWYYJH,0Q0XxISAjikvcs40I5
0QL2e1DIqQyxkqvOPG,Synthetic quote line for Elastic Pioneer Cloud Service Core Atlas.,USD,2021-11-25T22:03:53Z,50.0,7896.43,5.0,375080.42,01uKSnvPj2bLCV3AKV,0Q0nbaikwH4FVRDKT2
0QLlQUhQf4Li6iB4NB,Synthetic quote line for Modular Harbor Support Enterprise Horizon.,USD,2025-01-09T22:18:03Z,2.0,12733.18,20.0,20373.09,01uplBWl2zlMr9dYKF,0Q0nwTN9mRyWYiUKTJ
0QLq6voomTo0ijnWLP,Synthetic quote line for Precision Compass Data Platform Professional Pulse.,USD,2021-04-08T02:42:53Z,50.0,72893.21,10.0,3280194.45,01uDWoma98FCSDQIW6,0Q0ncQuOlbDAYZoK7O
0QL224Q0kFlcAF0WZS,Synthetic quote line for Quantum Summit Training Standard Atlas.,USD,2024-09-26T15:34:06Z,25.0,18871.71,20.0,377434.2,01uXv4K6jjQLtG3AOR,0Q0uY0pjoIEZJiX0L8
0QLH6rfs70dXZLHG42,Synthetic quote line for Unified Lattice Data Platform Core Ion.,USD,2025-06-15T02:13:49Z,50.0,30369.33,0.0,1518466.5,01ugyZoUJ9GFuCSYMZ,0Q00duImV3RBs6W0E3
0QLSXL727ipYJNaW4W,Synthetic quote line for Adaptive Ember Cloud Service Foundation Solstice.,USD,2023-05-27T07:11:20Z,10.0,68057.67,15.0,578490.19,01uE3I30HADotoeYGY,0Q0sPwEV7zftHfGKYJ
0QLzd86pO4P8aNzGTV,Synthetic quote line for Connected Vertex Data Platform Scale Aurora.,USD,2023-12-22T17:36:21Z,50.0,11651.75,0.0,582587.5,01uGRqSyJsjiNj7YGL,0Q0TNX0lcQY9NqH0Z7
0QLpcKhVUgSKMyVWQ7,Synthetic quote line for Elastic Orbit Training Ultimate Ion.,USD,2026-05-28T04:03:55Z,2.0,63687.68,0.0,127375.36,01uEzdznkNnOVwYYTK,0Q0H859BRJvAqCwS2U
0QLvDwmk3llMQ5JGJ8,Synthetic quote line for Modular Foundry Advisory Edge Vector.,USD,2022-06-23T21:48:47Z,25.0,49483.86,15.0,1051532.02,01uXDDMmVGn5CclQUQ,0Q0t8IxJXTcboya017
0QLBTZRcYuDK59x4KO,Synthetic quote line for Precision Beacon Support Foundation Cascade.,USD,2025-12-31T10:30:11Z,10.0,20654.53,0.0,206545.3,01uPMxzxPanDeIoI0I,0Q0pqrxpZlRzfdu056
0QLn62OigIlmtMjGVM,Synthetic quote line for Quantum Pioneer Support Scale Meridian.,USD,2021-10-16T09:30:05Z,10.0,21133.92,5.0,200772.24,01uHhc7RdxJfGWFAN9,0Q0ftrGGMJvmTZT07V
0QLYnUmvW8XJnBUG3Q,Synthetic quote line for Unified Harbor Cloud Service Ultimate Vector.,USD,2024-11-06T10:15:40Z,25.0,29300.2,10.0,659254.5,01uhCzHVx5ltOWXIB9,0Q09veOWS3PKpbq0WJ
0QLW5zppWH9uHPPWY1,Synthetic quote line for Adaptive Compass Support Essential Cobalt.,USD,2025-01-12T02:05:26Z,2.0,68534.33,0.0,137068.66,01ueWs86Xwn1DjpQBT,0Q0POzK087N5s5nKOY
0QLLYLyhBoTKPCXO74,Synthetic quote line for Connected Summit Advisory Premier Nova.,USD,2021-10-23T08:03:20Z,25.0,46724.22,10.0,1051294.95,01utx3xzWqOvLSGAHV,0Q03Lp9pernxHrOC2C
0QLKKwxSqsbYhZiWA8,Synthetic quote line for Elastic Lattice Training Select Zenith.,USD,2025-08-25T04:43:32Z,1.0,67331.3,0.0,67331.3,01u71TYWHFtX08fYSW,0Q0rehZ6ywFiG0zCMY
0QLBNr77STpXut3GH1,Synthetic quote line for Modular Ember Advisory Vertex Cobalt.,USD,2022-10-24T18:21:31Z,25.0,9724.4,0.0,243110.0,01ulVeriDBY0fFFAK3,0Q0lwKOovvYxJAmKMR
0QLMmph0XiegTPl4XA,Synthetic quote line for Open Vertex Hardware Essential Pulse.,USD,2022-06-20T13:09:50Z,1.0,22976.54,5.0,21827.71,01uQlVZXfiNQNtRYT9,0Q06xY0MhD10W2DS2A
0QLxQXx6EHPlpUXWU7,Synthetic quote line for Quantum Orbit Cloud Service Premier Atlas.,USD,2026-05-16T00:57:29Z,10.0,21535.36,10.0,193818.24,01uUFX0M1o16Q36YWC,0Q0kDpjmCkn1WQfC4U
0QLFIxAOpBxuJauG3I,Synthetic quote line for Unified Foundry Data Platform Select Horizon.,USD,2024-03-06T00:37:10Z,2.0,19644.56,10.0,35360.21,01uRfvkN0HymA5HQXH,0Q0NzNAgOrV51Bk0NW
0QLmXSMJz9SA8tlWBE,Synthetic quote line for Adaptive Beacon Training Core Solstice.,USD,2026-04-06T05:48:43Z,10.0,23180.98,20.0,185447.84,01umeupzeRAiW0pYOE,0Q0ragTurCreqho093
0QLRY7Emonfw9fpWCZ,Synthetic quote line for Connected Pioneer Training Enterprise Aurora.,USD,2021-05-25T23:29:13Z,2.0,57040.31,5.0,108376.59,01ubt6UAjtxypWLAKP,0Q0i0quaZNhJjLB0ZX
0QLq424uodJ4Q9o4EA,Synthetic quote line for Elastic Harbor Advisory Professional Ion.,USD,2023-03-25T04:54:13Z,10.0,37546.48,20.0,300371.84,01uu63szSOLf3PQQ6M,0Q0ZBH2v8u6BfOyK5S
0QL71yD7B5ACmhNW4A,Synthetic quote line for Modular Compass Data Platform Standard Solstice.,USD,2021-01-13T06:55:12Z,50.0,67493.61,20.0,2699744.4,01uJz3Pv66JPasuITX,0Q0pFnpplNvP2Te034
0QLUYWIRtm6nUA0OAU,Synthetic quote line for Open Summit Advisory Core Cascade.,USD,2024-10-23T01:24:16Z,2.0,27372.3,10.0,49270.14,01uPjEJCuNdeQtlA0H,0Q0IZPtpLlaHe4f08X
0QLhEPE2VY11gkaGFF,Synthetic quote line for Quantum Lattice Training Enterprise Meridian.,USD,2024-04-26T10:03:40Z,25.0,15938.34,0.0,398458.5,01uBo9bliYPFlS6QPU,0Q0g28gIw3F75830A0
0QL6fS5dOumDToRO7J,Synthetic quote line for Unified Ember Data Platform Professional Vector.,USD,2024-12-12T08:23:13Z,1.0,37636.28,5.0,35754.47,01uZeDDEOhjxXGiIJ1,0Q0huuUNLya31HOCNW
0QLqZ6utaKT2kg1WQM,Synthetic quote line for Virtual Vertex Support Standard Cascade.,USD,2022-06-11T19:23:04Z,50.0,15319.46,15.0,651077.05,01uYKRQRQQfNvwZYXG,0Q04alv8xGYWgwY0ZH
0QLUfjYgUeG2wBZ4Z7,Synthetic quote line for Connected Orbit Hardware Edge Nova.,USD,2021-04-10T15:38:42Z,1.0,2691.95,15.0,2288.16,01uFt9b3ADxIGMFA8E,0Q0rsmxnVvCvNzbC95
0QLwmEQnerBEZeeG07,Synthetic quote line for Elastic Foundry Hardware Foundation Zenith.,USD,2023-02-26T08:14:54Z,2.0,34058.86,0.0,68117.72,01u3gOonB8t78PPYKF,0Q068NjzpA6MSeHS7S
0QLtHedYmgKJ0lf4YR,Synthetic quote line for Modular Beacon Advisory Scale Cobalt.,USD,2026-01-18T20:25:36Z,25.0,27586.97,20.0,551739.4,01uDiBAAE5g7Vm3QK9,0Q0Zf3sYH6KXw0z0AK
0QL1pDWRIVeWI64O13,Synthetic quote line for Open Pioneer Advisory Ultimate Nova.,USD,2021-11-20T03:00:02Z,25.0,5601.36,0.0,140034.0,01uEQENe3mhON7SQTB,0Q09HAZ0NROfsFdS7X
0QLivK8sgCrLhDuWA7,Synthetic quote line for Quantum Harbor Cloud Service Edge Atlas.,USD,2022-08-14T05:08:45Z,2.0,16459.74,0.0,32919.48,01uFt9b3ADxIGMFA8E,0Q0PBWebx8FcX0HCLS
0QLburmvKruPRBvGR5,Synthetic quote line for Unified Compass Support Foundation Horizon.,USD,2023-11-28T01:59:29Z,2.0,12717.9,5.0,24164.01,01ulr3bX0CgclaDYGJ,0Q0pTESXUksp8qRKR8
0QLjzv16LnCLfacGEC,Synthetic quote line for Virtual Summit Cloud Service Scale Pulse.,USD,2021-07-01T06:25:42Z,10.0,30293.75,20.0,242350.0,01ufpSNxKRDyqRXQ14,0Q0NRqy38HV4NCaCKY
0QLLXndJVcaOUqeW06,Synthetic quote line for Connected Lattice Cloud Service Vertex Atlas.,USD,2022-06-19T08:07:39Z,1.0,35484.59,5.0,33710.36,01uGjhxtfIblWmiA3R,0Q0boTZQdn8FG0eC39
0QLEr2vwGQboDHh4KN,Synthetic quote line for Elastic Ember Advisory Essential Ion.,USD,2021-04-14T22:12:00Z,5.0,47377.2,0.0,236886.0,01ufpSNxKRDyqRXQ14,0Q0zZFwVbPLkq5k0HZ
0QLbQfJ8Lrb0r2vO78,Synthetic quote line for Integrated Vertex Cloud Service Premier Solstice.,USD,2024-02-21T06:16:27Z,25.0,15085.87,10.0,339432.08,01uEfTFFWNQOs4yAR2,0Q0R2jh3bXqhib2KJ5
0QLxgUs1h3m85A4WOX,Synthetic quote line for Open Orbit Hardware Select Aurora.,USD,2023-03-18T23:23:23Z,2.0,10965.01,5.0,20833.52,01uQlVZXfiNQNtRYT9,0Q0almCH2e1wVeJKCN
0QLp9FX2Z8VF8vb48A,Synthetic quote line for Quantum Foundry Support Vertex Ion.,USD,2024-11-24T12:12:32Z,5.0,14942.2,10.0,67239.9,01ulAUjRtN0XkWuANU,0Q0MO0JHVuhUSXkSXG
0QL3Etgh42bKKqOGLX,Synthetic quote line for Unified Beacon Training Essential Vector.,USD,2023-02-12T20:29:47Z,5.0,1928.46,5.0,9160.18,01uSKO64CBXbxbQIV6,0Q0XLd6HoAYOckUCX9
0QLulLVq6Ak47t8G1L,Synthetic quote line for Virtual Pioneer Cloud Service Premier Cascade.,USD,2024-01-16T02:47:18Z,50.0,50856.7,0.0,2542835.0,01uM996AjCjDpxAQ0G,0Q0y0wn54qgGZ6mC1D
0QL24dsfLSd78tnOSG,Synthetic quote line for Connected Harbor Hardware Standard Meridian.,USD,2024-11-15T21:42:29Z,1.0,28188.95,0.0,28188.95,01uSoqNuS1WuhQCQ4I,0Q0e3whkFbwnD130MR
0QLgrV4NBIDUwWwGME,Synthetic quote line for Elastic Compass Support Core Zenith.,USD,2025-03-23T13:49:26Z,25.0,25242.92,5.0,599519.35,01uuCYF9n5XQYNiATY,0Q0cAOERhNtemwQSB3
0QL8JcnRJnHE5JiWFJ,Synthetic quote line for Integrated Summit Training Enterprise Cobalt.,USD,2024-09-19T04:44:39Z,5.0,11889.5,20.0,47558.0,01u83TjBu9Aky6iYEW,0Q0z0Exk2LWoq1uKYZ
0QLnK24HpK1iHyU4E0,Synthetic quote line for Open Lattice Data Platform Professional Nova.,USD,2024-02-04T07:17:06Z,50.0,53142.81,10.0,2391426.45,01uMQRR3zGeNWaaAA7,0Q0bxcNlfSVzt8PK0I
0QLcvxcoPmUMe8OGSD,Synthetic quote line for Quantum Ember Advisory Standard Zenith.,USD,2023-06-22T10:42:14Z,1.0,742.69,5.0,705.56,01uyQcPopC4io3SYBV,0Q0cFN38yUGB5XASG3
0QL6fQISy3veUiYGDC,Synthetic quote line for Rapid Vertex Cloud Service Core Horizon.,USD,2021-07-09T09:31:17Z,25.0,45088.26,20.0,901765.2,01u5n61zNTp1SMmQMW,0Q00UNnqGnr2uKYST7
0QLNkgSJiS0TZgmGY6,Synthetic quote line for Virtual Orbit Training Enterprise Pulse.,USD,2022-04-05T04:31:20Z,50.0,22215.32,0.0,1110766.0,01uTvPkKAzXE87HQL5,0Q0yUkarmfIj0BO0ZL
0QL8hGJoFADa7Sr4EH,Synthetic quote line for Connected Foundry Cloud Service Scale Atlas.,USD,2023-04-03T16:24:47Z,2.0,42727.38,15.0,72636.55,01u2t5lHsuF16GgAD7,0Q0bHnHis9cFB18CZO
0QLafC5wAimWo3aWPG,Synthetic quote line for Elastic Beacon Advisory Ultimate Horizon.,USD,2024-09-16T12:14:42Z,10.0,68578.83,10.0,617209.47,01uUuCDlyVaOtj6A5E,0Q08QpA4H2lX0v4CHQ
0QLbzzhmhXMSukHGQI,Synthetic quote line for Integrated Pioneer Data Platform Edge Solstice.,USD,2021-12-15T21:42:36Z,10.0,45214.2,15.0,384320.7,01u6i9Nw76KxTuIYF4,0Q0E8UGiqtDfOHZ0OS
0QL4JdshtVO5kPN44Y,Synthetic quote line for Open Harbor Data Platform Foundation Aurora.,USD,2026-06-16T02:25:29Z,2.0,15261.87,15.0,25945.18,01uuCYF9n5XQYNiATY,0Q06DqBLzEH4EI6SU9
0QLQ9coE5Q1Y0emOY4,Synthetic quote line for Quantum Compass Support Scale Ion.,USD,2022-03-16T09:29:54Z,2.0,2207.94,20.0,3532.7,01uwSRPKbLes8ruYIZ,0Q0HUL2kP1RRNAACYY
0QLr3KTPCAbPHVDO4A,Synthetic quote line for Rapid Summit Data Platform Ultimate Solstice.,USD,2022-09-12T11:58:18Z,25.0,30327.39,15.0,644457.04,01uM1GWov1Ae00HA3J,0Q0dcsLVRm3AnC90CM
0QLJvvouwBU8s5NOMA,Synthetic quote line for Virtual Lattice Hardware Edge Cascade.,USD,2022-01-09T01:43:34Z,50.0,11611.28,0.0,580564.0,01uiz7sGwHX5TE3AY8,0Q0ZgJdoTkoIsfhK4P
0QL4N1fkQe10oPxOD6,Synthetic quote line for Connected Ember Cloud Service Premier Meridian.,USD,2025-10-27T03:39:58Z,10.0,30578.34,10.0,275205.06,01uSCBxTDtONjgwIFS,0Q0hATM9BhDPJMICVA
0QLwoGYmcVko6udOT9,Synthetic quote line for Dynamic Vertex Training Select Vector.,USD,2022-10-14T03:57:54Z,2.0,30660.07,15.0,52122.12,01uCI9USaya88RGQFI,0Q09YnzdclGNSutCNU
0QLqIpFakTP68oI48R,Synthetic quote line for Integrated Orbit Support Vertex Cascade.,USD,2023-02-07T01:10:20Z,50.0,47402.33,0.0,2370116.5,01ui8Bge7HlL1BoAM0,0Q0UM5gKXmrvWB1KYY
0QL9MJHiRyFQMGEW10,Synthetic quote line for Open Foundry Training Essential Nova.,USD,2021-01-22T15:33:09Z,25.0,55350.64,0.0,1383766.0,01uXudy9Iv0rweWYS2,0Q0iHvR7oz0f6h10PR
0QL7TlinhppE5XIGPD,Synthetic quote line for Quantum Beacon Hardware Premier Zenith.,USD,2023-01-29T19:30:26Z,2.0,32304.94,0.0,64609.88,01u4o2liuGqb4f9YF2,0Q0XiZsPJn9KU32S4P
0QLIV3i925b3MKFGTC,Synthetic quote line for Rapid Pioneer Cloud Service Select Cobalt.,USD,2024-10-28T03:06:37Z,50.0,17937.37,5.0,852025.07,01ukuCThP8BeOd9YS1,0Q0oP1PgDKrS6K8SN9
0QLaI3zoIjF7EtpW4Q,Synthetic quote line for Virtual Harbor Data Platform Vertex Nova.,USD,2025-11-26T20:44:32Z,50.0,50009.99,5.0,2375474.52,01uQlVZXfiNQNtRYT9,0Q0eBDvu6tGJJDN0CK
0QLZbxtAzLpg3A64Y6,Synthetic quote line for Connected Compass Data Platform Enterprise Atlas.,USD,2023-06-25T06:27:00Z,10.0,15909.12,20.0,127272.96,01uyJ6zkekdSnuUYV2,0Q0ggUfHkhyuSY5CJ7
0QLecqX44NLRQPR45M,Synthetic quote line for Dynamic Summit Training Professional Horizon.,USD,2025-05-10T13:17:59Z,1.0,64043.97,10.0,57639.57,01u6i9Nw76KxTuIYF4,0Q0iTuuzrhT9hemKLT
0QL5eCtG2LxinflO4F,Synthetic quote line for Integrated Lattice Hardware Standard Pulse.,USD,2023-06-16T11:11:02Z,25.0,14058.66,20.0,281173.2,01uPjx1mFPjDpcgIRA,0Q0nQrmHsqTXO9pCJQ
0QL9NmDP6aVlqsLG14,Synthetic quote line for Open Ember Support Core Aurora.,USD,2024-07-11T22:15:21Z,1.0,8602.3,0.0,8602.3,01uulmW4p1g5qS6Q53,0Q0YbxFkntJskkYSW8
0QLf6oV2nRHESwGWQJ,Synthetic quote line for Precision Vertex Advisory Enterprise Ion.,USD,2022-06-03T13:51:24Z,1.0,71576.61,0.0,71576.61,01ubMmqqzE2o6cdY2K,0Q0XS0AwhsKBxIhSV2
0QLCrxZLlpIfQ18GR7,Synthetic quote line for Rapid Orbit Advisory Professional Solstice.,USD,2021-10-28T16:20:53Z,25.0,45153.28,10.0,1015948.8,01uXIkmGfy4nEEQAAS,0Q0FEpsKxG1xV54K16
0QLXrDq8jWaqUVm4UQ,Synthetic quote line for Virtual Foundry Cloud Service Standard Aurora.,USD,2022-01-17T04:34:07Z,2.0,4646.5,5.0,8828.35,01uNzFjMXKixso0Y41,0Q0aEc7IHrODKyhCU2
0QLRd3oeZht4t3iW9C,Synthetic quote line for Connected Beacon Cloud Service Edge Meridian.,USD,2024-03-23T12:15:30Z,50.0,46305.28,0.0,2315264.0,01u8bUIPWTpRcjJAT0,0Q0XDoUyDRbxiBQK2L
0QLLIilKjopYs054RN,Synthetic quote line for Dynamic Pioneer Support Foundation Vector.,USD,2025-01-17T05:52:55Z,5.0,49165.34,15.0,208952.69,01uYPTzxMh3mfVBQKH,0Q0pb9DykhgsoD1K0D
0QLJPOTiJ0dqYVGWMB,Synthetic quote line for Integrated Harbor Training Scale Cascade.,USD,2023-08-26T12:17:00Z,1.0,70055.22,0.0,70055.22,01uDi1J1QfUnVVdI0W,0Q09S8aOOIUU4RrCHQ
0QLXTdZE57sthWAOG2,Synthetic quote line for Open Compass Support Ultimate Meridian.,USD,2022-12-05T16:51:09Z,5.0,32491.04,5.0,154332.44,01umXfMNeJIQUlcIEX,0Q0uQoMfQ45F1ZGSNJ
0QLKVzqOVFLMsvzGUM,Synthetic quote line for Precision Summit Hardware Edge Zenith.,USD,2025-03-13T12:55:04Z,25.0,61124.97,10.0,1375311.82,01uOgtH6Q9DN1ajABO,0Q0kwVVndvxsTpYSU1
0QLBNSQLiSvvPdkGQ7,Synthetic quote line for Rapid Lattice Advisory Foundation Cobalt.,USD,2022-11-18T22:41:20Z,50.0,61845.67,5.0,2937669.32,01utRK4lisXcbROYBK,0Q0NzNAgOrV51Bk0NW
0QLi6KI6GrEdXGsGS5,Synthetic quote line for Virtual Ember Advisory Scale Nova.,USD,2022-04-16T12:25:21Z,1.0,34269.18,20.0,27415.34,01uMA8zSZGWyKdiAKM,0Q0psnBbLvpDD7uSNH
0QLkJRkQJgG9SYjGIY,Synthetic quote line for Adaptive Vertex Advisory Vertex Zenith.,USD,2025-05-22T08:24:14Z,2.0,8318.3,0.0,16636.6,01ublUFS5DlQKuoAT4,0Q0g28gIw3F75830A0
0QLpKsH6iC1ON4s4DS,Synthetic quote line for Dynamic Orbit Training Essential Horizon.,USD,2024-08-04T12:03:44Z,2.0,8799.95,5.0,16719.9,01uab9grZJH19BsQO9,0Q0nWzptaAM7smpSIP
0QL4yeIQBVSsVJgORZ,Synthetic quote line for Integrated Foundry Advisory Premier Pulse.,USD,2022-11-08T21:50:28Z,50.0,2696.12,0.0,134806.0,01uf54WuEpKCETsQX1,0Q0JoNHMLeaAZlj0FM
0QLlPQCk5Z1iVdXODN,Synthetic quote line for Open Beacon Data Platform Select Atlas.,USD,2021-01-21T19:46:22Z,1.0,37988.41,10.0,34189.57,01uTHUysWX9DJtwY6N,0Q0c91mhONbzR1yKHY
0QLeNGfSxKaa1jSWTG,Synthetic quote line for Precision Pioneer Advisory Vertex Horizon.,USD,2025-11-21T13:40:17Z,50.0,19861.89,0.0,993094.5,01uh03z6u8t52A7Q6A,0Q0oJ5bekb3TJOySV9
0QLNcLTb7mPa8sSG84,Synthetic quote line for Rapid Harbor Support Essential Solstice.,USD,2025-08-25T10:59:23Z,25.0,64473.55,15.0,1370062.94,01uQgARaG7ktqwXIR3,0Q0sO5XH7P9zf9ZCTI
0QL4pHI0x1SQ0UYGS4,Synthetic quote line for Virtual Compass Data Platform Premier Aurora.,USD,2025-10-20T22:56:16Z,25.0,36042.31,20.0,720846.2,01u7oYKYE0XFYo9Y9Q,0Q0eQkwiw7yf09KKHA
0QLezL2CSu1TgBNW04,Synthetic quote line for Adaptive Summit Advisory Standard Ion.,USD,2021-04-13T07:09:34Z,25.0,49826.46,0.0,1245661.5,01uNDoooteqfAz7AMT,0Q0lfflyr9bwOeAS26
0QLMyFQLMU0HnX3OEI,Synthetic quote line for Dynamic Lattice Hardware Core Vector.,USD,2021-03-28T22:41:16Z,1.0,47784.22,10.0,43005.8,01uE6z8KW68KSVPQCU,0Q09n9lCm4o7HM5K5W
0QL79wCLBXbpywk4RE,Synthetic quote line for Integrated Ember Data Platform Enterprise Cascade.,USD,2023-04-14T18:47:40Z,1.0,57677.35,0.0,57677.35,01ugqQiCAgGMwuDIJC,0Q0iSWDJ4jxqw01S06
0QLPaVdRVGGJoF2W1F,Synthetic quote line for Modular Vertex Hardware Professional Meridian.,USD,2024-09-01T03:06:50Z,25.0,8269.14,15.0,175719.23,01ugnP8dFZRpcwNYTX,0Q0Syvnk7yk6ZRDCIS
0QLst8j4aCOoXca4RF,Synthetic quote line for Precision Orbit Advisory Standard Vector.,USD,2021-01-05T09:39:11Z,10.0,40597.29,5.0,385674.26,01ufpSNxKRDyqRXQ14,0Q0rtjx5a74yli4CKR
0QL5uc9iPkrXOAqGVQ,Synthetic quote line for Rapid Foundry Advisory Core Cobalt.,USD,2023-10-22T09:36:09Z,2.0,72581.29,15.0,123388.19,01uMKVRBOsHCfA1Y65,0Q0PZqt00dGq9ug08L
0QLHtNiFwYCRJ6uO24,Synthetic quote line for Virtual Beacon Advisory Enterprise Nova.,USD,2023-08-18T22:02:05Z,5.0,34081.17,5.0,161885.56,01uoKAmIlDksj0cYMV,0Q0kwVVndvxsTpYSU1
0QLERI4TNRl8dtlWUZ,Synthetic quote line for Adaptive Pioneer Advisory Scale Zenith.,USD,2026-02-24T21:46:29Z,1.0,46761.46,20.0,37409.17,01ux7L4peGUHJyjIEV,0Q01pHBezFLuVcmSQI
0QLcyA8qYx20jPdGZC,Synthetic quote line for Dynamic Harbor Support Ultimate Cobalt.,USD,2025-08-28T20:52:34Z,10.0,24061.5,15.0,204522.75,01uVsJ0CYhv8rdAQEB,0Q0s6xOyuSmEz1lS8D
0QLwfB9wOmvRRkAONN,Synthetic quote line for Integrated Compass Advisory Edge Pulse.,USD,2023-03-22T21:55:54Z,5.0,13983.19,0.0,69915.95,01uG8I3LXJBT79WQUS,0Q00U2vLpLV9L07STE
0QL27CkEI5ge55t4JK,Synthetic quote line for Modular Summit Advisory Foundation Atlas.,USD,2021-09-27T17:42:49Z,10.0,42831.21,0.0,428312.1,01uGodhB3HunRL0QTH,0Q023IvSulza9JSKQ5
0QLleU39CVkfKKPGSS,Synthetic quote line for Precision Lattice Data Platform Scale Horizon.,USD,2024-05-19T21:14:39Z,50.0,15164.66,5.0,720321.35,01uk7RIGqtW7TtTAU7,0Q06tDrJslSUdGz0W2
0QL1t6G84ub47K1W8C,Synthetic quote line for Rapid Ember Data Platform Ultimate Pulse.,USD,2024-04-23T08:52:18Z,1.0,7361.73,0.0,7361.73,01uPVCZ4KnFJ50BYAB,0Q0i0quaZNhJjLB0ZX
0QLzfHtLxjhHrxZ482,Synthetic quote line for Unified Vertex Advisory Edge Aurora.,USD,2021-12-13T08:48:19Z,25.0,17831.77,15.0,378925.11,01ugC0Mkcri6dqvADO,0Q0sZJeMxm2CSAfK5T
0QL5lVTaVss8Nio4PA,Synthetic quote line for Adaptive Orbit Advisory Premier Ion.,USD,2026-01-29T07:49:23Z,50.0,46759.61,15.0,1987283.43,01ul7MaOwG3jnK1Q60,0Q0rRB3mAHsNOQuSLF
0QLxf1xdONq2zzm45O,Synthetic quote line for Dynamic Foundry Training Select Solstice.,USD,2025-01-25T23:04:18Z,5.0,20401.18,20.0,81604.72,01uEREA0V9nHhc8A84,0Q0mXVESdAQVplx05H
0QLKwTlstReB6Z6WZT,Synthetic quote line for Integrated Beacon Cloud Service Vertex Aurora.,USD,2022-09-02T23:57:33Z,10.0,17520.97,15.0,148928.24,01ue4CNRY8poPf7Y76,0Q0u6tGJJDN6VcBKDY
0QLygj24WFHjLlY4MG,Synthetic quote line for Modular Pioneer Training Essential Meridian.,USD,2022-03-31T19:47:28Z,1.0,31424.98,15.0,26711.23,01uy1gvXsamZD7YI4O,0Q0HlkdrLKT3bfiSRR
0QLe2z2BFyWmonvWHD,Synthetic quote line for Precision Harbor Data Platform Premier Vector.,USD,2021-10-07T21:43:15Z,50.0,52269.14,0.0,2613457.0,01ukZSaar5kiB8EAE2,0Q0xr60LFWrJB5tS6P
0QL4EAax3eCzqpxG1T,Synthetic quote line for Rapid Compass Data Platform Select Cascade.,USD,2021-12-05T10:23:11Z,2.0,11597.53,5.0,22035.31,01uXO1QlNf8dW1AYOF,0Q02ontZe5i3G6000D
0QLSoBgZkDpNwW940N,Synthetic quote line for Unified Summit Data Platform Vertex Meridian.,USD,2022-07-01T15:00:36Z,25.0,36031.79,20.0,720635.8,01ufoNYmByS2ulgYVQ,0Q09dmKVFNAMUX0CN4
0QLuHKUL8sBNfJYG4L,Synthetic quote line for Adaptive Lattice Cloud Service Enterprise Zenith.,USD,2024-04-21T18:33:12Z,5.0,70682.68,20.0,282730.72,01uN61feCVWYDNvA39,0Q0yxpnhnfx3VHYSJQ
0QLuT9YmYiA7dom4HR,Synthetic quote line for Dynamic Ember Support Professional Cobalt.,USD,2024-04-03T07:31:49Z,5.0,9578.5,10.0,43103.25,01utHXQKP7wXfxpIGW,0Q0EMH4DhqmDyxbKNQ
0QLeQikf3nPNVyDG91,Synthetic quote line for Elastic Vertex Hardware Standard Nova.,USD,2022-05-17T13:32:40Z,10.0,72988.01,5.0,693386.09,01uR2nl29IkqYErYC1,0Q0jT5P4vGhnWTdC53
0QLPEVGjAgekeJLWEN,Synthetic quote line for Modular Orbit Hardware Core Atlas.,USD,2024-05-08T11:51:13Z,5.0,57705.57,5.0,274101.46,01ueyJe4gsnNiPnIDF,0Q0NzNAgOrV51Bk0NW
0QLeTgxQZv08Ean4T5,Synthetic quote line for Precision Foundry Support Enterprise Horizon.,USD,2022-08-28T17:11:09Z,25.0,66181.37,15.0,1406354.11,01uUMrULsydQHm5QR2,0Q0qgn8MsTdiI1WSWR
0QLpMqokwrkK8XGGGR,Synthetic quote line for Rapid Beacon Training Professional Pulse.,USD,2024-07-12T22:35:35Z,50.0,62907.99,0.0,3145399.5,01uVXzdM9yvV1AcA3O,0Q0OcJx34v244XYC9D
0QLIjsHXy3qIDn5WEI,Synthetic quote line for Unified Pioneer Training Standard Atlas.,USD,2025-02-08T20:12:48Z,1.0,26156.26,0.0,26156.26,01u9wozxj76guXaYLT,0Q0kwfVaYJ1x4rtKKS
0QLS7lMzQrurfntOTJ,Synthetic quote line for Adaptive Harbor Advisory Edge Ion.,USD,2021-02-13T18:57:08Z,1.0,71834.79,0.0,71834.79,01ui8Bge7HlL1BoAM0,0Q02hdBeoyoQ0pCCQ2
0QLLxwXDGvs7ASy48I,Synthetic quote line for Dynamic Compass Advisory Foundation Solstice.,USD,2022-11-23T16:09:43Z,25.0,34686.32,0.0,867158.0,01uIhUuersJ2EvwQDF,0Q05EBerIIZidqZKFM
0QLNakcEDA4vBVJWS9,Synthetic quote line for Elastic Summit Hardware Scale Aurora.,USD,2022-03-27T10:12:33Z,1.0,58099.42,20.0,46479.54,01uab9grZJH19BsQO9,0Q0NzNAgOrV51Bk0NW
0QLc5vrL2eRAWpb4GL,Synthetic quote line for Modular Lattice Support Ultimate Ion.,USD,2025-03-11T16:48:47Z,10.0,22101.44,0.0,221014.4,01uqhMa2zt9ioK1IJ8,0Q0TZn5zeF5xxYjS1N
0QL2mO6Zhhusina4WO,Synthetic quote line for Precision Ember Data Platform Edge Vector.,USD,2024-05-23T17:03:31Z,25.0,40319.85,20.0,806397.0,01uZiSvpgtWj0ysY6I,0Q0KuicpPYzkir4082
0QLAa1mjaLM2oNTO00,Synthetic quote line for Quantum Vertex Hardware Foundation Cascade.,USD,2024-07-14T19:36:35Z,50.0,57921.57,0.0,2896078.5,01uy1gvXsamZD7YI4O,0Q0ysc5XhvskVJAKD5
0QLjQkb53iDInvNW9W,Synthetic quote line for Unified Orbit Cloud Service Scale Meridian.,USD,2023-04-27T13:17:57Z,10.0,4401.85,0.0,44018.5,01udB0j16WZOcX5QQ0,0Q0xwQrnUqvONEsK63
0QLCoJ73EcyIeTV4OW,Synthetic quote line for Adaptive Foundry Hardware Vertex Vector.,USD,2026-06-23T11:50:59Z,5.0,64821.85,0.0,324109.25,01uoGS05grshvSmALG,0Q0FHHURgZcUy7iSLU
0QLE4H99Zp1pqLpODV,Synthetic quote line for Dynamic Beacon Advisory Essential Cobalt.,USD,2021-09-18T11:06:57Z,2.0,50859.63,5.0,96633.3,01udvlfkQgFBsWxQ5O,0Q0cWPUR8T4NIQtSFH
0QLpvVfh3zA98yaGUQ,Synthetic quote line for Elastic Pioneer Cloud Service Premier Nova.,USD,2024-12-28T03:58:33Z,50.0,11204.54,20.0,448181.6,01ugMp6vnqPK29EAUZ,0Q0oFdRFAPXMLmi0Y2
0QLDJhCQjwhBKJ3W3B,Synthetic quote line for Modular Harbor Cloud Service Select Zenith.,USD,2026-01-12T14:12:41Z,10.0,61560.45,15.0,523263.83,01u0LigxavQESk3IMW,0Q0ndfIv8ui7j2R05X
0QL7vU3WhZw86wZOF0,Synthetic quote line for Precision Compass Advisory Vertex Cobalt.,USD,2021-04-09T23:19:56Z,25.0,26029.37,15.0,553124.11,01ugqQiCAgGMwuDIJC,0Q0NzNAgOrV51Bk0NW
0QLwBFZFluqrEuqG5M,Synthetic quote line for Quantum Summit Data Platform Essential Pulse.,USD,2026-02-02T13:36:52Z,1.0,6852.99,5.0,6510.34,01uen5Cpi1qkPs2QED,0Q0vu8atqOGlHjlCZX
0QL0jncZ4tBGJM6O56,Synthetic quote line for Unified Lattice Hardware Premier Atlas.,USD,2022-10-16T12:02:21Z,1.0,61154.46,10.0,55039.01,01uQnxc3f6t4FGwYCY,0Q0r1zYECB8zGTdCHJ
0QL2ClFdNk3HV6RW2S,Synthetic quote line for Adaptive Ember Hardware Standard Horizon.,USD,2023-02-22T19:35:56Z,1.0,5399.6,0.0,5399.6,01usZhoMVh5QFp5A8S,0Q0cPTcVu0dC91kC3T
0QL3oKBdLE43raj4X2,Synthetic quote line for Connected Vertex Support Core Solstice.,USD,2026-01-02T22:32:15Z,25.0,6982.33,20.0,139646.6,01utnhicIg18uk8QEJ,0Q0LTT9nFV5Gw0TSG9
0QLyATaRbJmiy2d4MB,Synthetic quote line for Elastic Orbit Support Enterprise Aurora.,USD,2023-03-26T13:06:18Z,1.0,17410.54,0.0,17410.54,01ux9dyDM34BDnxQYC,0Q0I2URNaQKyERn0H6
0QLMF5G2KH9AOxWGPJ,Synthetic quote line for Modular Foundry Training Professional Ion.,USD,2024-02-25T13:03:42Z,25.0,32385.07,20.0,647701.4,01uGjhxtfIblWmiA3R,0Q0cPTcVu0dC91kC3T
0QLyTyhRaJ2c5dM4LA,Synthetic quote line for Precision Beacon Training Standard Solstice.,USD,2024-04-03T11:23:02Z,1.0,73671.93,0.0,73671.93,01uBo9bliYPFlS6QPU,0Q0dRjUsNjbbMmBS2F
0QL8q1Mso669KuZGTS,Synthetic quote line for Quantum Pioneer Hardware Core Cascade.,USD,2021-01-26T05:30:24Z,50.0,7614.33,5.0,361680.67,01ukTN9SMFYWgwjAMQ,0Q0ZnWJoBSQu7UKC2J
0QL3UeqC80kYkPLO8H,Synthetic quote line for Unified Harbor Advisory Enterprise Meridian.,USD,2025-03-17T17:55:51Z,50.0,6600.72,10.0,297032.4,01urPWM45zirhMAAW5,0Q0m8KCIKoA0B5LCO5
0QLSq428jc4erEt4A1,Synthetic quote line for Adaptive Compass Training Scale Vector.,USD,2024-10-23T19:56:33Z,1.0,71100.65,20.0,56880.52,01uDiBAAE5g7Vm3QK9,0Q0LxUE5MbpHyVUSIX
0QLFYlr853eBUYPOKI,Synthetic quote line for Connected Summit Data Platform Ultimate Cascade.,USD,2023-08-27T12:12:24Z,2.0,56795.98,15.0,96553.17,01uchoxiqj7a2N5YGA,0Q0IazYzJAkzJk206X
0QLMmeAAe040nxXWA4,Synthetic quote line for Elastic Lattice Training Edge Nova.,USD,2023-04-21T05:12:16Z,5.0,878.88,5.0,4174.68,01u4PmvaoJjErBdQDS,0Q0y5gLpFficc2gSGQ
0QLi6BoWPZhBo6nWBG,Synthetic quote line for Modular Ember Advisory Foundation Zenith.,USD,2024-08-30T21:34:12Z,25.0,65458.81,5.0,1554646.74,01upkTzkJPJeHFlAAI,0Q0VdLgkrMlUkZEKP6
0QLKvc6DJcqs8ANGSV,Synthetic quote line for Open Vertex Support Scale Cobalt.,USD,2024-08-30T07:45:46Z,1.0,51892.46,10.0,46703.21,01uyJSOTpJrkmcvA2N,0Q0qBDBq4pxzQTXSWS
0QLwsq4ID0xRKldG1V,Synthetic quote line for Quantum Orbit Support Ultimate Nova.,USD,2025-11-30T11:45:47Z,2.0,39181.47,20.0,62690.35,01ut9jBZzSpsiCdICZ,0Q0v3Y8K1e8T4J3S9C
0QL98kitP368yz4GN2,Synthetic quote line for Unified Foundry Training Edge Atlas.,USD,2022-09-04T23:06:56Z,50.0,36842.36,0.0,1842118.0,01ujd1o0ubadWBpIPM,0Q0vbZ7Eul8bAglS0A
0QLOKj49pooHERQW10,Synthetic quote line for Adaptive Beacon Hardware Premier Horizon.,USD,2024-01-16T17:56:36Z,25.0,23058.49,10.0,518816.03,01uysnau0KhTkwBAAW,0Q0GFJgTm6gATY2KA3
0QL8w8tKXxXg5eRG6O,Synthetic quote line for Connected Pioneer Data Platform Select Pulse.,USD,2022-01-02T19:52:13Z,10.0,56590.56,20.0,452724.48,01u1FKJlcYnIzS6INT,0Q0AleSdkJU5gvpCSG
0QLwap2iqzkap7BW4F,Synthetic quote line for Elastic Harbor Advisory Vertex Atlas.,USD,2025-11-06T09:04:29Z,1.0,28659.08,0.0,28659.08,01uk7RIGqtW7TtTAU7,0Q0pqrxpZlRzfdu056
0QLYjikD41UKIscOMN,Synthetic quote line for Modular Compass Hardware Essential Ion.,USD,2022-06-28T23:36:44Z,5.0,37119.39,5.0,176317.1,01uk3g7KZ1foaM1Y43,0Q0x7YTIgp6zbd6KKX
0QLJSvmmsP8l5Dx477,Synthetic quote line for Open Summit Training Premier Solstice.,USD,2021-05-24T13:12:22Z,2.0,8023.1,5.0,15243.89,01uKaywO4b3S7iJQ44,0Q0sZJeMxm2CSAfK5T
0QLwgCIV0of4EmU48F,Synthetic quote line for Quantum Lattice Training Select Aurora.,USD,2025-10-20T04:14:13Z,10.0,41023.0,15.0,348695.5,01uDD0S1dJdEdBpAZS,0Q0OfDg8xIfn6V2KXN
0QLwIRhUwWfgZNJ40D,Synthetic quote line for Unified Ember Training Vertex Ion.,USD,2022-09-02T02:47:27Z,2.0,4396.53,20.0,7034.45,01uZFRUWULocAKDA7X,0Q015aCfWy2092103R
0QLbjb33BICzia5WT5,Synthetic quote line for Virtual Vertex Data Platform Essential Vector.,USD,2022-03-19T13:49:54Z,25.0,35685.76,10.0,802929.6,01uBjAWyQlOs905YJ0,0Q00M3Ds3vpVb8sCM6
0QLUGhk1iiaTj05OXP,Synthetic quote line for Connected Orbit Support Professional Cascade.,USD,2025-10-05T08:37:49Z,1.0,3932.28,0.0,3932.28,01u4D6LQD1fDHRvQMG,0Q0GALlDZmpNjflS15
0QL2iIrNGrVe9nQ4Q8,Synthetic quote line for Elastic Foundry Training Standard Meridian.,USD,2025-06-12T22:16:47Z,50.0,4454.64,15.0,189322.2,01u8rtcKS4F2yn3IV4,0Q0ndfIv8ui7j2R05X
0QLlP2xQV3RbGg54DW,Synthetic quote line for Modular Beacon Cloud Service Core Zenith.,USD,2022-09-21T12:10:36Z,25.0,50468.94,0.0,1261723.5,01uGTFnbU5d3q8sQ0M,0Q0p0qInI3rvKx0KZ0
0QLU5y7ED79oThmO98,Synthetic quote line for Open Pioneer Training Enterprise Cobalt.,USD,2022-12-24T13:14:01Z,25.0,22331.71,5.0,530378.11,01ujd1o0ubadWBpIPM,0Q0uj2w0kfXPrPYCLE
0QLcEIdIqy8rc0xG3J,Synthetic quote line for Quantum Harbor Advisory Professional Nova.,USD,2021-03-11T17:11:41Z,25.0,26794.51,15.0,569383.34,01ue4CNRY8poPf7Y76,0Q0gILG8miecLXHC40
0QLkfs5DBzlJ5KT4XS,Synthetic quote line for Unified Compass Data Platform Standard Zenith.,USD,2025-06-30T05:43:17Z,25.0,12522.51,20.0,250450.2,01uh9FtSK3Gxm3GYFH,0Q0VkR7zu4WGCgb00G
0QLEzoFwohGsbkhGBY,Synthetic quote line for Virtual Summit Cloud Service Core Horizon.,USD,2023-03-17T11:22:17Z,25.0,45333.65,0.0,1133341.25,01uiUF9NOGQMVCOY9G,0Q0kDpjmCkn1WQfC4U
0QLOfAyWnaXCHcl40D,Synthetic quote line for Connected Lattice Hardware Foundation Pulse.,USD,2024-10-10T02:45:51Z,10.0,15368.01,10.0,138312.09,01uUZRnGcVQPMSeQKA,0Q0dWOaWHYp5gLA0TH
0QLCUAQ2a79S2gdW7A,Synthetic quote line for Elastic Ember Hardware Scale Atlas.,USD,2024-06-01T20:32:41Z,5.0,27650.13,10.0,124425.58,01uxm81ZRsM2DEwQVA,0Q0PLmZTPUQ7VAe02K
0QLTGh0vpy1J8OU4AI,Synthetic quote line for Integrated Vertex Data Platform Ultimate Horizon.,USD,2025-06-20T19:21:00Z,25.0,65751.97,20.0,1315039.4,01uSKqqqSX58wXjIE2,0Q03sEAL0Ko0W7CSVB
0QLKygo41509lNFG18,Synthetic quote line for Open Orbit Support Edge Solstice.,USD,2021-06-25T22:35:29Z,5.0,15860.1,0.0,79300.5,01uOyGLwPVbjwgxI0L,0Q0IIpXl660p1ABCN8
0QL3RwF3yk0eohTWVI,Synthetic quote line for Quantum Foundry Hardware Foundation Aurora.,USD,2021-06-02T01:40:59Z,10.0,24946.09,15.0,212041.76,01urxQLoY7r3bGEAZO,0Q08QreXOfetYu9S00
0QLUqu7ldFnNz1LG66,Synthetic quote line for Unified Beacon Support Scale Ion.,USD,2021-08-24T07:27:08Z,1.0,12957.15,0.0,12957.15,01ufpSNxKRDyqRXQ14,0Q06d5Zmh7HL9vZCVL
0QLzU6oDnuMdWGCG8N,Synthetic quote line for Virtual Pioneer Data Platform Ultimate Solstice.,USD,2021-06-23T06:09:48Z,5.0,66260.42,5.0,314736.99,01u9WIty0rhJQOoANZ,0Q0mAQxdcqwXk4IKGA
0QL8sp3JirDH0rbOF8,Synthetic quote line for Connected Harbor Cloud Service Essential Cascade.,USD,2026-03-12T01:48:19Z,1.0,26478.78,0.0,26478.78,01ucauN3ZCRzObtAUR,0Q0ZQgJwVDO6dPRCMO
0QLSAvpelHwMrdnGJS,Synthetic quote line for Elastic Compass Data Platform Premier Meridian.,USD,2025-06-28T00:39:13Z,25.0,60648.76,20.0,1212975.2,01uVXzdM9yvV1AcA3O,0Q0dnxwd976L0qgS1M
0QLzV8al9vJnMplWY7,Synthetic quote line for Integrated Summit Advisory Select Vector.,USD,2021-11-24T14:46:08Z,10.0,56704.18,0.0,567041.8,01u7vqqvITrUHWRI8Z,0Q0n4dpgInGEGY9SFD
0QLH7FvAx0wcphc4Z1,Synthetic quote line for Open Lattice Training Vertex Cascade.,USD,2024-01-22T05:03:56Z,50.0,43867.71,0.0,2193385.5,01uqbMARsmKpgLtYV6,0Q07iWq5twRXKQGKV9
0QLuaevUrkUg82qGH6,Synthetic quote line for Quantum Ember Cloud Service Essential Nova.,USD,2025-01-06T23:47:39Z,10.0,9395.32,5.0,89255.54,01u7oYKYE0XFYo9Y9Q,0Q031dJ3OXhuxUoSAT
0QLf7FL2bWKnLnhWZK,Synthetic quote line for Rapid Vertex Data Platform Premier Zenith.,USD,2023-09-26T18:15:08Z,50.0,49285.17,15.0,2094619.72,01uNCGlsM15XwNYYK0,0Q0IRnOwcKqf4dvS73
0QLe8Cx6lWlqDbWGG3,Synthetic quote line for Virtual Orbit Hardware Select Cobalt.,USD,2025-04-05T23:17:08Z,10.0,33163.73,10.0,298473.57,01uEREA0V9nHhc8A84,0Q0pjNYYxgSZIEgKIK
0QLSFuRQmwc6KCT458,Synthetic quote line for Connected Foundry Cloud Service Core Pulse.,USD,2021-08-04T09:42:26Z,10.0,16167.07,10.0,145503.63,01uMQRR3zGeNWaaAA7,0Q0qqrdKiTyy72P0FR
0QL9qhqcFE22h7hGT2,Synthetic quote line for Elastic Beacon Training Enterprise Atlas.,USD,2022-12-21T10:33:52Z,5.0,62889.36,0.0,314446.8,01u5h0NfrvehTSoIIR,0Q0xr60LFWrJB5tS6P
0QLTagnL1MwICixGDZ,Synthetic quote line for Integrated Pioneer Data Platform Professional Horizon.,USD,2023-11-20T21:13:58Z,10.0,54741.48,15.0,465302.58,01u5PaTy6Vk6uLCQ0J,0Q0OGxXiYRT4LZkCVU
0QLzZfZVDbUPcYa42L,Synthetic quote line for Open Harbor Cloud Service Standard Pulse.,USD,2025-04-26T13:07:15Z,10.0,45027.19,0.0,450271.9,01umqAw1yoGjRKZYO5,0Q0NzNAgOrV51Bk0NW
0QLR5QofBAJg7dWGPX,Synthetic quote line for Quantum Compass Data Platform Core Aurora.,USD,2024-04-11T09:05:18Z,5.0,26026.95,5.0,123628.01,01u9PAeyBtOJM9hIYV,0Q0oiFXSupRotIy0NC
0QLOu3P930qgMYtOW7,Synthetic quote line for Rapid Summit Data Platform Enterprise Ion.,USD,2023-09-23T05:05:41Z,50.0,44016.41,0.0,2200820.5,01uMskTW5szoxUUADQ,0Q0S7BoiJANzRvtKZ3
0QLXu8jSOsk7X2xW28,Synthetic quote line for Virtual Lattice Support Professional Solstice.,USD,2022-11-24T05:18:23Z,2.0,32795.48,0.0,65590.96,01ueFoz0cEnrn7mI9X,0Q0B10LiMLMMY2p0VU
0QLs6VukrK9FXGU4HP,Synthetic quote line for Connected Ember Support Ultimate Aurora.,USD,2025-09-05T12:13:18Z,2.0,38236.65,20.0,61178.64,01uH08kSI20VJz2A7T,0Q02v5kJAVySePpCQO
0QLIqUjAQa70M4642F,Synthetic quote line for Dynamic Vertex Training Edge Meridian.,USD,2024-08-26T05:38:22Z,2.0,3693.62,0.0,7387.24,01uCyKZmipXHx2mYRP,0Q0OrKuhtn0YPfn0I2
0QLeaM8BUyDfJTcWLE,Synthetic quote line for Integrated Orbit Training Foundation Vector.,USD,2024-08-24T13:59:03Z,1.0,25174.58,0.0,25174.58,01uKhzXXV7OTzjFYTJ,0Q0pmtC6S51uTKWSWP
0QLwWL6XHfa6UfiGEU,Synthetic quote line for Open Foundry Hardware Scale Cascade.,USD,2024-11-23T21:52:30Z,5.0,11128.12,0.0,55640.6,01uYTScXXHBn0tLASI,0Q0qemI5J30Pa33K5M
0QLY84uU24dGl5mW7X,Synthetic quote line for Quantum Beacon Data Platform Ultimate Meridian.,USD,2025-09-30T15:29:22Z,2.0,47178.13,0.0,94356.26,01uc6yIZPk12VrWI70,0Q0Q8Ss903dKm3bK64
0QLXgPUlVcPWAV04MA,Synthetic quote line for Rapid Pioneer Cloud Service Edge Zenith.,USD,2026-01-23T20:03:16Z,50.0,70471.81,0.0,3523590.5,01uJA14v6nMxBHKI3Q,0Q0AL21To1LZ8BbSS7
0QLRldZpjmhoMHVGOD,Synthetic quote line for Virtual Harbor Hardware Foundation Cobalt.,USD,2023-04-08T11:25:10Z,10.0,72890.38,20.0,583123.04,01uh03z6u8t52A7Q6A,0Q0nDIuFLY1B3X9KCI
0QL6laaxdWcCE6gWO9,Synthetic quote line for Connected Compass Data Platform Select Nova.,USD,2026-05-06T20:29:23Z,1.0,50093.56,20.0,40074.85,01upghMAFa2ixN1Q3E,0Q0Qllx2hTuoVA1CES
0QLlSIqytMvZ8G84L6,Synthetic quote line for Dynamic Summit Support Vertex Zenith.,USD,2021-02-26T06:54:39Z,2.0,25066.61,10.0,45119.9,01u7rR41zLCTZsaY2B,0Q0wp21D6cAniejK6Q
0QLUm3jAM5QyNQuOVE,Synthetic quote line for Integrated Lattice Data Platform Essential Horizon.,USD,2021-03-07T23:57:46Z,1.0,4236.7,10.0,3813.03,01uoUHUXFK8KV8SIAZ,0Q0wyQhXlHJzptuKWG
0QLDN9eOiYHNAwdG66,Synthetic quote line for Open Ember Support Premier Pulse.,USD,2021-12-07T05:03:02Z,5.0,48827.92,15.0,207518.66,01umTuXQdudoFUAA13,0Q0C98ucUZzNUacS6N
0QL488kLCC1tWA3O2N,Synthetic quote line for Precision Vertex Data Platform Select Atlas.,USD,2021-02-11T23:12:47Z,50.0,69477.17,10.0,3126472.65,01uAtGzObkdYuQCIKN,0Q0Y6tabFrWGi7D04M
0QLNnUfW29CSNucO8H,Synthetic quote line for Rapid Orbit Training Vertex Horizon.,USD,2023-05-06T16:22:32Z,5.0,42863.31,0.0,214316.55,01uYlWWcWi8iXTcYI3,0Q0TQIO9AYmdHSLC3V
0QLra9WMHgHwced4HJ,Synthetic quote line for Virtual Foundry Data Platform Essential Solstice.,USD,2026-01-07T17:07:18Z,5.0,425.94,15.0,1810.24,01uOtZP5pu0xo2OY25,0Q0ncQuOlbDAYZoK7O
0QLCjPz6pmVKKdRGCO,Synthetic quote line for Connected Beacon Data Platform Professional Aurora.,USD,2025-09-16T11:10:25Z,25.0,40058.57,10.0,901317.83,01uphLiDJlXg8wvAE3,0Q0ulUA9WgoXVNkCEJ
0QLpKlO0W1XjeEAWIM,Synthetic quote line for Dynamic Pioneer Hardware Standard Ion.,USD,2021-08-19T17:09:24Z,25.0,15456.85,10.0,347779.12,01uKb8LTdZrnOlTQ03,0Q0kir7Qx1ddhWwSCB
0QL6JpKNkJfoQ8qWYY,Synthetic quote line for Integrated Harbor Advisory Core Vector.,USD,2024-10-10T23:25:16Z,1.0,53137.37,0.0,53137.37,01unzqchnBJvFvNARI,0Q0pb9DykhgsoD1K0D
0QLjP5xKWkZnDVfGPX,Synthetic quote line for Open Compass Hardware Enterprise Cascade.,USD,2022-04-08T23:50:36Z,5.0,22207.13,20.0,88828.52,01ug1WoyI1CzpokA0D,0Q0c91mhONbzR1yKHY
0QLUcLPmhBORhF2O16,Synthetic quote line for Precision Summit Data Platform Professional Meridian.,USD,2022-12-31T16:45:13Z,50.0,67615.69,0.0,3380784.5,01udgTvVhmyD0afAZM,0Q0UYz9RwtjnssG0IJ
0QLNsdL0ifmZsp1GTF,Synthetic quote line for Rapid Lattice Advisory Standard Vector.,USD,2021-04-09T00:36:14Z,10.0,14761.69,0.0,147616.9,01uoIM45i0DJHHHQCS,0Q0eHt2e7pivBS9ST2
0QLaMAqNE7wPh3pO1W,Synthetic quote line for Virtual Ember Advisory Core Cobalt.,USD,2025-01-15T14:56:50Z,25.0,31395.11,0.0,784877.75,01ukRCiZaAEu20RYNG,0Q0ue5xPGAonUay0EI
0QLkTcTYcO7dpXPWCR,Synthetic quote line for Adaptive Vertex Data Platform Foundation Nova.,USD,2024-09-09T06:14:16Z,10.0,34601.74,0.0,346017.4,01uMskTW5szoxUUADQ,0Q0mt4wkVLPw1viSD6
0QLaYz1E6DGVSvtG1T,Synthetic quote line for Dynamic Orbit Advisory Scale Zenith.,USD,2024-04-02T19:00:55Z,10.0,73491.36,10.0,661422.24,01udQk2X7kczPC2IC5,0Q0XjKY7hL0XpqrS5O
0QLCavDNXDt6xvFOZS,Synthetic quote line for Integrated Foundry Hardware Ultimate Cobalt.,USD,2025-05-31T00:07:45Z,10.0,3991.8,0.0,39918.0,01ueWs86Xwn1DjpQBT,0Q0PBWebx8FcX0HCLS
0QLNtjbwQ36vsgtW1Y,Synthetic quote line for Open Beacon Cloud Service Edge Pulse.,USD,2025-12-17T06:24:24Z,2.0,47783.97,0.0,95567.94,01ufQo4DHeD5dvwICY,0Q05RZ6hvDdGMjYKVW
0QLylf1oZQ6hsIhG3A,Synthetic quote line for Precision Pioneer Advisory Foundation Atlas.,USD,2021-12-01T00:33:29Z,25.0,38682.96,15.0,822012.9,01ugJ9Is01cBYy5ASF,0Q0ZD1wV0hDMELxK3U
0QLF8KUS2ZDVEQRWUI,Synthetic quote line for Rapid Harbor Hardware Scale Horizon.,USD,2025-03-08T19:59:14Z,10.0,16266.53,15.0,138265.51,01u4D6LQD1fDHRvQMG,0Q0OOnGs9zyiwFn0BU
0QL2z4n5tVueAxOGNH,Synthetic quote line for Virtual Compass Cloud Service Ultimate Pulse.,USD,2022-05-11T19:20:52Z,10.0,64829.15,0.0,648291.5,01u9PAeyBtOJM9hIYV,0Q0Vv1FzGanrCz007F
0QL1dzcpBMQ5NzDOTV,Synthetic quote line for Adaptive Summit Support Essential Aurora.,USD,2025-03-20T19:54:27Z,1.0,26389.14,20.0,21111.31,01uns3KdbblltJQYH1,0Q0MRs6RswnOlQx0NR
0QLVXoNs0DwH4bHGJ5,Synthetic quote line for Dynamic Lattice Support Premier Ion.,USD,2025-08-19T06:35:37Z,1.0,2242.03,10.0,2017.83,01u4o4n5WjlYYKWQAM,0Q0WPgwQzC32n1k04H
0QLzBhbisnSDZ61G39,Synthetic quote line for Integrated Ember Cloud Service Select Solstice.,USD,2024-07-23T21:13:36Z,1.0,56346.96,10.0,50712.26,01uJgiJCNK3WVkDAPN,0Q0SUDWIUVF0w0z07X
0QLOS7qoxZzfnBSWLV,Synthetic quote line for Modular Vertex Training Vertex Aurora.,USD,2023-11-21T06:03:23Z,1.0,72388.97,20.0,57911.18,01uSgRVaFEegm2VISP,0Q0ECs8MpbNainO0HM
0QLGGxcSiRwLF07GHC,Synthetic quote line for Precision Orbit Data Platform Essential Meridian.,USD,2022-04-04T18:35:17Z,10.0,47973.98,20.0,383791.84,01uDSKa3Fuxi2HMYU2,0Q0uXh43XA5U4sTCEA
0QLmZCRzcAw9p3aG6X,Synthetic quote line for Rapid Foundry Advisory Premier Vector.,USD,2021-12-01T02:27:30Z,50.0,31429.17,20.0,1257166.8,01uWCyTesvSdqwTYP4,0Q0y0wn54qgGZ6mC1D
0QLsyrnnI7bjmzqGNM,Synthetic quote line for Virtual Beacon Hardware Select Cascade.,USD,2023-05-05T18:51:01Z,10.0,28181.81,10.0,253636.29,01um2SZhcNHxbHdAST,0Q0IwlA6tTCeA0yS0W
0QLAo4AkMIfDAInGPD,Synthetic quote line for Adaptive Pioneer Hardware Core Nova.,USD,2022-08-09T13:22:50Z,10.0,25745.7,10.0,231711.3,01uCWB5aWFw8B9nYGC,0Q02ZTYobN0uvc7C3Q
0QLHRjMYPTmqExOGFE,Synthetic quote line for Dynamic Harbor Advisory Enterprise Zenith.,USD,2023-04-29T09:03:30Z,50.0,39263.53,20.0,1570541.2,01uAMyCLLNMmR5bA3S,0Q0CvjO8ZMb9ED1CN5
0QLHyWXSvNgeBWEGB2,Synthetic quote line for Integrated Compass Training Professional Cobalt.,USD,2021-09-04T06:54:18Z,5.0,3460.02,10.0,15570.09,01uwblHjttgt0qjYKB,0Q0DhiYfpW9VJH3SER
0QLIUIz7wNz1EZYGM4,Synthetic quote line for Modular Summit Data Platform Standard Nova.,USD,2023-08-22T10:17:27Z,50.0,56016.02,15.0,2380680.85,01uVCXqrgCKU3tcIXU,0Q0ZD1wV0hDMELxK3U
0QLHFthDUKNOmly4JC,Synthetic quote line for Precision Lattice Advisory Core Atlas.,USD,2025-08-02T15:43:52Z,25.0,19352.02,10.0,435420.45,01ugqQiCAgGMwuDIJC,0Q0C2pKorr5bXKUCGS
0QLy3ofIEvpQgJjO4S,Synthetic quote line for Rapid Ember Training Enterprise Horizon.,USD,2022-07-17T02:40:53Z,10.0,36335.32,0.0,363353.2,01uTcjJRAY8ghAAA79,0Q0dnEo8wNO0TiWCW7
0QLDOVN1nIeQerH4B6,Synthetic quote line for Unified Vertex Hardware Professional Pulse.,USD,2025-02-02T18:05:40Z,1.0,5284.26,5.0,5020.05,01u0ewzsyx2Y9q7A7T,0Q0zdpt8TsyTt4PCDL
0QLLV5VJiXidhGm4IL,Synthetic quote line for Adaptive Orbit Advisory Ultimate Atlas.,USD,2022-10-11T00:20:38Z,25.0,70926.26,5.0,1684498.67,01uSgRVaFEegm2VISP,0Q0vI8f27dGbelg05M
0QL5kZpM8UwQoZ3W0D,Synthetic quote line for Dynamic Foundry Data Platform Edge Ion.,USD,2021-04-13T17:17:24Z,5.0,28442.93,10.0,127993.18,01uUZRnGcVQPMSeQKA,0Q0XVVjZaHI9eMrKNB
0QLIoGp694ncncOGRX,Synthetic quote line for Integrated Beacon Support Foundation Solstice.,USD,2021-11-19T22:32:00Z,50.0,61902.15,10.0,2785596.75,01u4dHsHv8wA4sGY7I,0Q0vrCFXUCLZlTRKHT
0QLSsrrsXLdXg7FWAR,Synthetic quote line for Modular Pioneer Training Scale Aurora.,USD,2022-07-18T10:49:35Z,2.0,41141.03,15.0,69939.75,01uoH2O7EWf3GABIQ7,0Q02YRUsvwh1C260R2
0QLPbAkV7E0rb6I4Q0,Synthetic quote line for Precision Harbor Hardware Ultimate Ion.,USD,2022-03-16T13:41:39Z,50.0,46885.16,0.0,2344258.0,01uDDVqednLwAxPIMH,0Q0CkgbccIB8AUUSS2
0QLpkxYqnsAaPkPWSV,Synthetic quote line for Rapid Compass Cloud Service Edge Vector.,USD,2022-08-27T14:20:56Z,50.0,62265.27,10.0,2801937.15,01uZsFs27d24nGzYS0,0Q0BoBFlFTnTladCHR
0QLUAXeCgnxakEZWCS,Synthetic quote line for Unified Summit Hardware Foundation Cascade.,USD,2024-11-26T16:51:31Z,1.0,58775.63,5.0,55836.85,01uGrmz54IceEqlY8F,0Q019p0HTXvPZt5KGI
0QLrG2bmfG3D3aFGKX,Synthetic quote line for Adaptive Lattice Cloud Service Select Meridian.,USD,2025-10-05T12:06:12Z,50.0,10129.1,0.0,506455.0,01uBfZkj3n3q858ILS,0Q0ebk0ZRUyMGVaSL2
0QL0UWxekPLsYQTGUG,Synthetic quote line for Dynamic Ember Data Platform Vertex Vector.,USD,2025-12-29T05:05:07Z,5.0,16123.87,0.0,80619.35,01uHFWUTMgyHoQZYYJ,0Q098Oy2FLgKYxJ0B5
0QLTrDCNJXdn4OiGPY,Synthetic quote line for Elastic Vertex Hardware Essential Cobalt.,USD,2024-10-02T02:21:51Z,2.0,26921.2,0.0,53842.4,01uQ3sPvOW1wcPjYG3,0Q0K8DRFY2ED7ye0KB
0QLLu24xiLAMEPJ4NW,Synthetic quote line for Modular Orbit Support Premier Nova.,USD,2023-05-05T21:17:43Z,1.0,9230.71,20.0,7384.57,01uilnVKVTyQFssII1,0Q0P48rnmOHK7L7SK8
0QL8F6PpylKrOm14QV,Synthetic quote line for Precision Foundry Training Select Zenith.,USD,2026-03-20T08:30:35Z,25.0,54900.0,10.0,1235250.0,01uDMmufcFPiArgIYR,0Q0RocLYsil3zUT0IS
0QLmH69yVxuQEZZGBR,Synthetic quote line for Rapid Beacon Advisory Vertex Cobalt.,USD,2026-05-23T16:31:32Z,1.0,37556.25,15.0,31922.81,01uNDoooteqfAz7AMT,0Q0QQLjRsi1fjgAS2F
0QLNQnQrFoqSYzUG7U,Synthetic quote line for Unified Pioneer Hardware Essential Pulse.,USD,2023-07-03T03:01:19Z,50.0,58520.12,15.0,2487105.1,01ulWu2LkZaEwOTA7G,0Q0nFeFvTQmmhWPKV8
0QLT9Et09g90AqGODU,Synthetic quote line for Adaptive Harbor Hardware Professional Atlas.,USD,2021-04-12T09:44:07Z,10.0,36658.43,5.0,348255.08,01uwzxHNpERT5TqAXA,0Q0Vzboemqnh1ZpK6X
0QLJXfOBcBOo4ZuWJZ,Synthetic quote line for Dynamic Compass Hardware Standard Horizon.,USD,2022-04-09T08:40:05Z,50.0,58665.98,15.0,2493304.15,01uutNMxPbJGXHWQCA,0Q0XiC1pEczfBNzKCI
0QLf5MD1vtu44Wt4KB,Synthetic quote line for Elastic Summit Support Core Solstice.,USD,2023-11-24T21:26:51Z,10.0,15807.0,15.0,134359.5,01uXDDMmVGn5CclQUQ,0Q09veOWS3PKpbq0WJ
0QLIPl9bMH8wY3jGTV,Synthetic quote line for Modular Lattice Support Enterprise Aurora.,USD,2021-06-03T15:45:53Z,1.0,18171.99,5.0,17263.39,01uuc5fKtP4ShVVAPK,0Q0EQ3Ik8wt03I9SRM
0QLGb3Z10N46sKf43E,Synthetic quote line for Precision Ember Hardware Professional Ion.,USD,2023-02-17T12:47:29Z,1.0,40622.07,20.0,32497.66,01uQXPpS3qDSOckYL8,0Q0M2CRAT6WUSNo0L7
0QLcRwojhC6p7CwWIQ,Synthetic quote line for Quantum Vertex Data Platform Standard Solstice.,USD,2025-07-15T05:48:44Z,5.0,13370.54,10.0,60167.43,01uen5Cpi1qkPs2QED,0Q0qcDrjw777Ywt0TC
0QLWQKJyZfExUcf4L2,Synthetic quote line for Unified Orbit Advisory Core Cascade.,USD,2024-09-22T19:17:15Z,50.0,27419.09,0.0,1370954.5,01ugMlB4PLTImgLQ9A,0Q0zR82YuOQtR0vKNF
0QLYnUZa3ZU6AZUO5B,Synthetic quote line for Adaptive Foundry Support Foundation Meridian.,USD,2021-10-23T15:09:22Z,5.0,35980.22,0.0,179901.1,01uFvL7F5Qaj8h6QH0,0Q0Dswpzij7pPUB0KD
0QLv9MBKV9O62BMOED,Synthetic quote line for Dynamic Beacon Hardware Scale Vector.,USD,2025-02-16T17:43:17Z,5.0,9589.2,20.0,38356.8,01ukRCiZaAEu20RYNG,0Q04XY99UdAH6FwKSR
0QLJsUUk7qDUXndGII,Synthetic quote line for Elastic Pioneer Training Ultimate Cascade.,USD,2025-01-18T15:27:34Z,25.0,67613.04,15.0,1436777.1,01u4o4n5WjlYYKWQAM,0Q0NzNAgOrV51Bk0NW
0QLaMdHzETQRBV5OLS,Synthetic quote line for Modular Harbor Training Edge Nova.,USD,2023-10-31T21:36:39Z,50.0,50995.91,0.0,2549795.5,01uGTFnbU5d3q8sQ0M,0Q04ly4acUuNe520ZU
0QLqa3ggNfTYEwDG0V,Synthetic quote line for Precision Compass Training Foundation Zenith.,USD,2024-05-31T21:28:12Z,5.0,31292.84,0.0,156464.2,01uwzxHNpERT5TqAXA,0Q0fh4MD18INK7sKVK
0QLoeDtlVQeWK2LORO,Synthetic quote line for Quantum Summit Training Scale Cobalt.,USD,2025-09-15T12:15:03Z,50.0,7585.63,0.0,379281.5,01uchJafqFpdsodIO8,0Q05iZ3SoHA77PaS6S
0QLYoHOTRKmQ0zNGJF,Synthetic quote line for Unified Lattice Support Ultimate Nova.,USD,2023-12-23T14:03:36Z,1.0,65965.57,0.0,65965.57,01ujd1o0ubadWBpIPM,0Q0NzNAgOrV51Bk0NW
0QL9KT4lzD61xZ4GI5,Synthetic quote line for Adaptive Ember Hardware Essential Atlas.,USD,2023-05-20T06:30:13Z,10.0,38003.83,20.0,304030.64,01uP9JzeHn3INcfAW3,0Q015aCfWy2092103R
0QL8oJFkP6lMAqlW7M,Synthetic quote line for Connected Vertex Training Premier Horizon.,USD,2021-03-15T06:09:06Z,2.0,36537.98,5.0,69422.16,01uuQt0w3KuspnOYT7,0Q01kPyDzKD1OupS4P
0QLrhSvTjy9t8iXWLJ,Synthetic quote line for Elastic Orbit Training Select Pulse.,USD,2024-01-14T14:14:55Z,10.0,7785.49,0.0,77854.9,01uybNfPLC9zk1iIPC,0Q0sGrpXheBe1M1KDA
0QLnD8MhfV60vUTWPU,Synthetic quote line for Modular Foundry Data Platform Vertex Atlas.,USD,2021-11-15T21:01:48Z,2.0,74490.99,0.0,148981.98,01uiUF9NOGQMVCOY9G,0Q0qpJxFTEbnPZlKDX
0QLm9PFE0QgugNE4WP,Synthetic quote line for Precision Beacon Support Essential Ion.,USD,2021-11-01T03:56:23Z,10.0,64529.74,15.0,548502.79,01ugs5rUeguaTaQIXC,0Q0cZ4huuUNLya309N
0QLTeZwOV8qPyRrWRG,Synthetic quote line for Quantum Pioneer Hardware Premier Solstice.,USD,2024-06-27T21:59:45Z,10.0,72980.83,5.0,693317.89,01ueWs86Xwn1DjpQBT,0Q0pl68A87QZmejSRB
0QLbwE5wKTEPFygOV9,Synthetic quote line for Unified Harbor Hardware Select Aurora.,USD,2021-02-06T10:59:36Z,50.0,24877.75,5.0,1181693.12,01ut9jBZzSpsiCdICZ,0Q0FTXEUl7Vxp9p0F2
0QLC3MwpuTykSZIGOH,Synthetic quote line for Adaptive Compass Hardware Core Meridian.,USD,2026-03-08T14:17:58Z,1.0,18851.32,20.0,15081.06,01utoYcksst2kIpYQM,0Q0qcDrjw777Ywt0TC
0QLUtcRJBXClrS7O37,Synthetic quote line for Connected Summit Cloud Service Enterprise Vector.,USD,2021-10-17T13:10:33Z,5.0,31665.72,5.0,150412.17,01uimhbIoNlOrYnI66,0Q0LTT9nFV5Gw0TSG9
0QLriMz3LSxEaG7GXE,Synthetic quote line for Elastic Lattice Cloud Service Professional Cascade.,USD,2023-03-27T08:55:22Z,10.0,42299.85,0.0,422998.5,01uC3YBvJB9JpTRQAJ,0Q0NzNAgOrV51Bk0NW
0QLgDpDcyNTicZf4BU,Synthetic quote line for Modular Ember Hardware Standard Meridian.,USD,2024-02-28T03:08:19Z,1.0,23045.36,10.0,20740.82,01u0LigxavQESk3IMW,0Q09p5PXcAtMNa30VI
0QLGHGG7Y1nbvtZWZ6,Synthetic quote line for Open Vertex Support Core Zenith.,USD,2026-06-11T01:39:24Z,25.0,70525.93,15.0,1498676.01,01uwrxBxGfjEpqeIX1,0Q0KbtOcT8xr1SbS43
0QLj65ol0Z2e3CF4WE,Synthetic quote line for Quantum Orbit Hardware Enterprise Cobalt.,USD,2022-03-15T02:44:34Z,50.0,41096.08,0.0,2054804.0,01uUuCDlyVaOtj6A5E,0Q0eWR239YRmjYH0ZH
0QLO6Hb3MpPIuOVGBO,Synthetic quote line for Unified Foundry Data Platform Professional Nova.,USD,2021-05-07T12:44:59Z,1.0,47018.01,0.0,47018.01,01u3FvJM2hx0UgmYAS,0Q03r2SFx60KrJVSX8
0QLnnnJuQA0U5AdGK0,Synthetic quote line for Adaptive Beacon Training Ultimate Zenith.,USD,2023-11-18T04:42:59Z,50.0,52501.02,20.0,2100040.8,01u1FKJlcYnIzS6INT,0Q0BoBFlFTnTladCHR
0QLc361jxrjcZE2WIB,Synthetic quote line for Connected Pioneer Data Platform Edge Horizon.,USD,2025-07-30T18:15:41Z,1.0,65969.17,10.0,59372.25,01u7cJEmaMlnXliIX9,0Q0lwm2z5zNENx0C80
0QLxKSMB7icfkE2OB7,Synthetic quote line for Elastic Harbor Hardware Foundation Pulse.,USD,2023-03-31T15:18:36Z,1.0,9933.77,15.0,8443.7,01uYIe28XneaoiGQKT,0Q0KgnsCaTknggwKVI
0QLghFya1l5PkPvO72,Synthetic quote line for Modular Compass Hardware Scale Atlas.,USD,2025-10-18T21:20:59Z,2.0,55744.98,5.0,105915.46,01uJbRaKkjlPvM3I63,0Q0wwcVbqY2JkZLS6W
0QLLvvMtJkbyFVXWLM,Synthetic quote line for Open Summit Hardware Ultimate Horizon.,USD,2024-11-10T11:12:27Z,1.0,52607.61,10.0,47346.85,01uugppu5drNWwvIF8,0Q0rkDBkhaxIlm1K62
0QLDVW8Dp8coCZEOXE,Synthetic quote line for Quantum Lattice Hardware Edge Solstice.,USD,2023-06-07T01:08:05Z,2.0,13873.39,5.0,26359.44,01ur28FnEV6DyiAA63,0Q08sMMQ5EbPr2Y08K
0QLq6licZ21Z1iPOU6,Synthetic quote line for Unified Ember Support Foundation Aurora.,USD,2024-01-05T14:15:23Z,1.0,21881.57,10.0,19693.41,01uqTTvJvfJkLqZQBG,0Q0nwTN9mRyWYiUKTJ
0QLb4LZKfyH351k48T,Synthetic quote line for Virtual Vertex Support Scale Ion.,USD,2024-04-13T23:26:32Z,25.0,74525.44,20.0,1490508.8,01uPYumXiNf3CnhYSE,0Q0CwlmVB7xquKWSKB
0QLj4EFVFvLnuil4C6,Synthetic quote line for Connected Orbit Data Platform Vertex Solstice.,USD,2025-04-26T05:47:56Z,10.0,33840.74,15.0,287646.29,01uMKVRBOsHCfA1Y65,0Q0epgLQ8J3kG2XSQB
0QLK5f0zYUXklGRG38,Synthetic quote line for Elastic Foundry Support Essential Cascade.,USD,2024-12-10T18:37:30Z,2.0,63430.37,15.0,107831.63,01uZiSvpgtWj0ysY6I,0Q0C2pKorr5bXKUCGS
0QLdkVzWMT6hGuOOVF,Synthetic quote line for Modular Beacon Cloud Service Premier Meridian.,USD,2024-07-05T03:59:12Z,1.0,72321.83,0.0,72321.83,01uufv2InbzDK0iIMO,0Q0lv7lnAgjiRQQSYT
0QLZSCE2Hz2iUdUGBZ,Synthetic quote line for Open Pioneer Training Select Vector.,USD,2021-08-01T21:31:17Z,25.0,32877.55,20.0,657551.0,01uu5XYiFCPTY9mYUD,0Q0kwVVndvxsTpYSU1
0QLoSakpWRFwqW4O31,Synthetic quote line for Quantum Harbor Advisory Vertex Cascade.,USD,2022-10-04T11:10:40Z,2.0,33182.98,0.0,66365.96,01ulBbBBnCSMZE9IB4,0Q0b0NWwUBFUmm1SWO
0QLRyCgxUHFK32K4LK,Synthetic quote line for Unified Compass Data Platform Essential Nova.,USD,2022-09-03T03:34:10Z,2.0,20296.71,10.0,36534.08,01uMskTW5szoxUUADQ,0Q0fFUdknRQ9ojC0CD
0QLurA3HcCb3RqYGVS,Synthetic quote line for Virtual Summit Training Premier Zenith.,USD,2024-10-03T19:25:23Z,5.0,7345.23,5.0,34889.84,01ubrNCJ74CTRg1IFI,0Q0qbIMtgE5NNTg0YF
0QLJhyRt6JF8juFWDW,Synthetic quote line for Connected Lattice Advisory Standard Cobalt.,USD,2021-01-03T13:36:51Z,2.0,65563.06,0.0,131126.12,01uDuFAmW0YyWLtA19,0Q0vJGfZRVU17GBK8G
0QLMIlFZcwcETP24YL,Synthetic quote line for Elastic Ember Training Core Pulse.,USD,2025-02-28T17:53:45Z,10.0,15366.86,0.0,153668.6,01utHXQKP7wXfxpIGW,0Q0X3jASRkYKjiIC1O
0QL07OUZMkJRZAtWR7,Synthetic quote line for Integrated Vertex Cloud Service Enterprise Atlas.,USD,2022-10-10T01:58:05Z,5.0,68050.79,0.0,340253.95,01uzUwxgjRvsJBYISJ,0Q0pFnpplNvP2Te034
0QLYACI4WrKzG6BWL3,Synthetic quote line for Open Orbit Training Professional Horizon.,USD,2023-12-09T00:25:32Z,2.0,29779.19,10.0,53602.54,01uSKqqqSX58wXjIE2,0Q0tfDDxyiMXJUnC7I
0QLBhxb19Mal914ONX,Synthetic quote line for Quantum Foundry Training Standard Pulse.,USD,2024-09-15T13:42:53Z,5.0,67355.55,5.0,319938.86,01ukZSaar5kiB8EAE2,2Q7BsEzLxPzbQK7VCG
0QLKcnz9s7Whd5zGU6,Synthetic quote line for Unified Beacon Cloud Service Core Aurora.,USD,2024-02-19T13:40:50Z,10.0,46215.84,10.0,415942.56,01uGrmz54IceEqlY8F,0Q068NjzpA6MSeHS7S
0QLnFmxggmMVmI046U,Synthetic quote line for Virtual Pioneer Data Platform Enterprise Ion.,USD,2023-10-25T07:53:40Z,2.0,22542.16,15.0,38321.67,01uxm81ZRsM2DEwQVA,0Q0Fnfkg02ubBZRCI6
0QLsP10U4kPggNf4WP,Synthetic quote line for Connected Harbor Cloud Service Scale Solstice.,USD,2026-01-15T09:38:19Z,50.0,53149.12,15.0,2258837.6,01usTKqZT4hGB8iYI3,0Q0bwEzX6tP6twIC4C
0QLfa5rSwVCapR3OV3,Synthetic quote line for Elastic Compass Cloud Service Ultimate Aurora.,USD,2022-10-21T18:43:23Z,5.0,45627.91,0.0,228139.55,01uEqUZBEAZR9UmY8R,0Q0NzNAgOrV51Bk0NW
0QL4XJBK0tkA7HkW0X,Synthetic quote line for Integrated Summit Training Edge Meridian.,USD,2021-08-16T05:00:33Z,10.0,72171.34,15.0,613456.39,01ulGWUVmpG9bEwIRB,0Q0c8edUhuw6xe9CGX
0QLWu9ao96tPh6UOCQ,Synthetic quote line for Open Lattice Advisory Foundation Vector.,USD,2021-10-26T23:59:10Z,5.0,33487.13,15.0,142320.3,01usnDJaZ6DqB4DQ12,0Q0ryBSxtFWKlQoK9G
0QLkYciZ1JrJhlV4HC,Synthetic quote line for Quantum Ember Advisory Scale Cascade.,USD,2025-02-28T02:19:07Z,2.0,56665.36,10.0,101997.65,01u8bUIPWTpRcjJAT0,0Q0LxUE5MbpHyVUSIX
0QLM2bcvtzeYQn5WAL,Synthetic quote line for Rapid Vertex Advisory Ultimate Meridian.,USD,2024-03-22T23:43:40Z,1.0,57541.88,20.0,46033.5,01upxnXBNqcskQpY34,0Q02ZTYobN0uvc7C3Q
0QLvBpdYc3O7pPYG7Z,Synthetic quote line for Virtual Orbit Training Edge Zenith.,USD,2022-04-02T11:22:43Z,10.0,52124.59,0.0,521245.9,01uzkFgHHKOHNb8ADY,0Q0ibIuFiHA1ay0CBU
0QLn3LabdR7MwamO2S,Synthetic quote line for Connected Foundry Advisory Premier Cobalt.,USD,2021-07-07T11:13:56Z,5.0,39560.68,10.0,178023.06,01ugMp6vnqPK29EAUZ,0Q0hzIf0QO9xXQ90HW
0QLmSNu5gkrTtz2W6H,Synthetic quote line for Elastic Beacon Data Platform Select Nova.,USD,2025-12-04T08:19:45Z,50.0,49198.95,10.0,2213952.75,01ulAUjRtN0XkWuANU,0Q0WKWkSKrXD6L8CUL
0QL1uj1fcfOAwTROS0,Synthetic quote line for Integrated Pioneer Data Platform Vertex Zenith.,USD,2024-05-20T20:35:21Z,50.0,69781.62,0.0,3489081.0,01uDFeYaSqYs9sRIRH,0Q0nZeutsmvpfsTKT6
0QLdHSDRSurs6v24D7,Synthetic quote line for Open Harbor Data Platform Essential Horizon.,USD,2024-01-19T13:45:41Z,1.0,50347.62,0.0,50347.62,01uN1gq3AIwqkHLQ6E,0Q0lXdd7LjZXefNCQ3
0QLKVI1spgziD6E4ZG,Synthetic quote line for Quantum Compass Cloud Service Premier Pulse.,USD,2022-03-07T15:22:52Z,25.0,60167.47,5.0,1428977.41,01uHRSXfJkCx1mUQFK,0Q08QreXOfetYu9S00
0QLyiCwHtonTtKtWX8,Synthetic quote line for Rapid Summit Hardware Select Atlas.,USD,2023-08-25T01:30:19Z,1.0,55668.66,15.0,47318.36,01uwSRPKbLes8ruYIZ,0Q09fHBRshtaMJ8K30
0QLxHEBG6m0YlEHWQ9,Synthetic quote line for Virtual Lattice Advisory Vertex Horizon.,USD,2026-01-20T18:22:29Z,2.0,4760.47,5.0,9044.89,01uzaJG6CPZmbqtY31,0Q0dk5C5Hqca5gjSS8
0QLvBCky4TOBlm7WHZ,Synthetic quote line for Connected Ember Cloud Service Enterprise Solstice.,USD,2022-12-05T07:55:55Z,1.0,26432.35,0.0,26432.35,01uM996AjCjDpxAQ0G,0Q0fkG5fPr4ooYgC5K
0QLdAM8KianekhrOBZ,Synthetic quote line for Dynamic Vertex Cloud Service Professional Aurora.,USD,2022-06-10T07:25:10Z,5.0,431.92,20.0,1727.68,01uIc2nFLK8VdniQBX,0Q0lBEdBj2sHTB9CGF
0QLIgyCykUNZ5lkGWT,Synthetic quote line for Integrated Orbit Hardware Standard Ion.,USD,2023-06-11T00:42:10Z,5.0,4431.56,20.0,17726.24,01uwrxBxGfjEpqeIX1,0Q0tPdnNeQUUN4yCOR
0QLOKXSjGRtSxOg45U,Synthetic quote line for Open Foundry Advisory Core Vector.,USD,2023-04-08T08:21:02Z,2.0,21950.17,0.0,43900.34,01uwrxBxGfjEpqeIX1,0Q0nJrZyRUclBpFCFH
0QLblmab2YyIOcYOTD,Synthetic quote line for Quantum Beacon Training Enterprise Cascade.,USD,2021-05-23T23:20:58Z,10.0,51609.73,15.0,438682.71,01uQgb8tPmYwgmEQWV,0Q0VIcMzBf1G7KMKZR
0QLyRbE04DjkoQY4UL,Synthetic quote line for Rapid Pioneer Cloud Service Professional Meridian.,USD,2021-02-07T11:33:54Z,5.0,64147.21,15.0,272625.64,01u6slvrn5euvbnQC8,0Q0Wgy7Vkbinj3iSN8
0QL8ttxVFG0guJ3GGC,Synthetic quote line for Virtual Harbor Hardware Standard Vector.,USD,2026-01-25T18:28:49Z,50.0,68530.32,15.0,2912538.6,01uIoxys3iRmSNgATK,0Q0jHgaDZxY2hGGSPS
0QLS0e9gTsyN5BFWSQ,Synthetic quote line for Connected Compass Training Edge Cobalt.,USD,2025-12-30T22:19:55Z,25.0,39269.47,10.0,883563.08,01ux9dyDM34BDnxQYC,0Q0bwEzX6tP6twIC4C
0QLr5lzGSlC2jE5OFO,Synthetic quote line for Dynamic Summit Data Platform Foundation Nova.,USD,2023-08-27T20:39:48Z,50.0,13024.66,0.0,651233.0,01uGjHftvnIV4BiIC2,0Q0OVTgyZa7zmwf00G
0QLwzVG9QR92igiW7H,Synthetic quote line for Integrated Lattice Cloud Service Scale Zenith.,USD,2022-08-03T05:20:20Z,50.0,65990.58,5.0,3134552.55,01uFMIhPjil3hAVQJI,0Q0tSOX5727ITrRS9A
0QLRqy6JuWzLnWD43U,Synthetic quote line for Open Ember Support Ultimate Cobalt.,USD,2022-12-01T18:10:43Z,2.0,2919.58,0.0,5839.16,01uZsFs27d24nGzYS0,0Q0NIMETEJ99btQCDZ
0QLJOXsDfNi7dItGMI,Synthetic quote line for Precision Vertex Support Edge Pulse.,USD,2023-03-30T10:09:42Z,25.0,14985.21,20.0,299704.2,01uoTx9HsbskBk7AKO,0Q0P2NfqYLeVzg2KIV
0QLKzJV0KKK9ZdSGPN,Synthetic quote line for Rapid Orbit Cloud Service Foundation Atlas.,USD,2026-02-08T14:43:14Z,50.0,49095.89,15.0,2086575.32,01uuQt0w3KuspnOYT7,0Q07pwLAoNR7zJZKAW
0QLpM7vKTCmPNdf4UL,Synthetic quote line for Virtual Foundry Training Scale Horizon.,USD,2023-08-08T00:07:06Z,5.0,74476.74,0.0,372383.7,01up2y9M1x2zHlGIII,0Q0p6vY6JOyfUMBSP3
0QLTxe9i6xeHegAGP4,Synthetic quote line for Connected Beacon Cloud Service Vertex Pulse.,USD,2024-06-18T06:16:37Z,2.0,65738.9,10.0,118330.02,01uXudy9Iv0rweWYS2,0Q0KWA9ii0tvvdzKI6
0QLvBQKgTNVzB3DWFX,Synthetic quote line for Dynamic Pioneer Cloud Service Essential Aurora.,USD,2026-03-30T05:42:19Z,5.0,31854.41,5.0,151308.45,01ua3TAVCFZjGSRAIX,0Q0PZCQbTEUY634SB3
0QLTxk6ELVQDgWYGTP,Synthetic quote line for Integrated Harbor Hardware Premier Ion.,USD,2025-11-17T00:47:33Z,1.0,69924.78,5.0,66428.54,01uN61feCVWYDNvA39,0Q06D0TwLz52xUWSXF
0QLtqsoVSLGYU2MW8B,Synthetic quote line for Open Compass Support Select Solstice.,USD,2025-12-13T19:31:03Z,5.0,63285.95,0.0,316429.75,01uG8I3LXJBT79WQUS,0Q0y5gLpFficc2gSGQ
0QLWy2OXrNrz1N24MD,Synthetic quote line for Precision Summit Advisory Vertex Aurora.,USD,2022-05-08T03:45:30Z,1.0,4999.94,5.0,4749.94,01uA2RXWYM0CMYpIIS,0Q0PZqt00dGq9ug08L
0QLwKMxZAH1smBpWHA,Synthetic quote line for Rapid Lattice Data Platform Essential Meridian.,USD,2021-04-05T19:57:24Z,1.0,31860.23,0.0,31860.23,01ubMmqqzE2o6cdY2K,0Q0hKMVRyTgOMMR0FW
0QL70R1lo9hwSCfGJ6,Synthetic quote line for Virtual Ember Support Premier Vector.,USD,2022-07-10T01:09:03Z,50.0,45874.3,20.0,1834972.0,01uva7ba3Azj8ILI8T,0Q0J7ZzWaCwr6FmSPL
0QLzGmz8hNS34U3O4S,Synthetic quote line for Adaptive Vertex Cloud Service Standard Cascade.,USD,2024-03-05T04:18:42Z,2.0,67080.23,5.0,127452.44,01uFQR9XJDjmBB5A31,0Q0r03yph7GjJWIKQ6
0QLi5iC8SSyjZ4tWD6,Synthetic quote line for Dynamic Orbit Advisory Core Nova.,USD,2021-08-17T22:42:17Z,25.0,13702.89,5.0,325443.64,01uhKGrd4fvOOHBIHW,0Q0TE0152AxZ7zHSY1
0QLLF5iipAFN7ejGXN,Synthetic quote line for Integrated Foundry Advisory Enterprise Zenith.,USD,2021-03-09T14:53:34Z,1.0,44740.23,5.0,42503.22,01ugs5rUeguaTaQIXC,0Q0KfWeUQTo0pKA0PS
0QLKsek7CeCxEJpGMB,Synthetic quote line for Open Beacon Hardware Professional Cobalt.,USD,2026-04-23T13:03:33Z,50.0,6304.33,0.0,315216.5,01u9PAeyBtOJM9hIYV,0Q0TikzietfRKx00ZX
0QLCTdfGUJD5JQh40A,Synthetic quote line for Precision Pioneer Training Standard Nova.,USD,2023-05-21T03:10:00Z,1.0,12164.76,10.0,10948.28,01uUX9fzI5TSy2AYK3,0Q0aMScNDXDhOfz074
0QLOfji3mCW0qYi48I,Synthetic quote line for Rapid Harbor Advisory Core Atlas.,USD,2024-08-02T05:54:13Z,2.0,19293.81,5.0,36658.24,01uR2nl29IkqYErYC1,0Q0FARlzLRS9CrbKQ5
0QLbMSnZeXBJJfgO2O,Synthetic quote line for Virtual Compass Training Enterprise Horizon.,USD,2023-03-27T16:07:45Z,25.0,25321.68,20.0,506433.6,01u3VcPWmfc83TAIIQ,0Q0rShaMaqaRcjXKSX
0QLSAGTlrwMFZb6GZT,Synthetic quote line for Adaptive Summit Hardware Scale Pulse.,USD,2024-04-09T13:14:22Z,1.0,13092.76,5.0,12438.12,01uchoxiqj7a2N5YGA,0Q0uQoMfQ45F1ZGSNJ
0QLhn03wRHGiOoTW51,Synthetic quote line for Dynamic Lattice Advisory Ultimate Atlas.,USD,2025-05-05T23:18:19Z,2.0,62289.79,0.0,124579.58,01ulv13FN8KIvguIY4,0Q0NzNAgOrV51Bk0NW
0QLS2zpBKFBUbD5G9P,Synthetic quote line for Integrated Ember Support Edge Ion.,USD,2023-09-04T03:24:54Z,5.0,42192.03,20.0,168768.12,01u0ewzsyx2Y9q7A7T,0Q0UAIBfvEXE9LTKC9
0QLGT43wVZkWytWG0Z,Synthetic quote line for Modular Vertex Training Foundation Solstice.,USD,2022-08-05T07:52:58Z,25.0,50762.5,20.0,1015250.0,01umXfMNeJIQUlcIEX,0Q0jRbV6zVPKKleC4Z
0QLihNLd8nzhVzDOCM,Synthetic quote line for Precision Orbit Training Scale Aurora.,USD,2021-08-07T03:26:59Z,1.0,43327.52,15.0,36828.39,01uHm9hkqn3nP7NIX9,0Q0WPgwQzC32n1k04H
0QLsF3JHa7GkQqfWM0,Synthetic quote line for Rapid Foundry Support Ultimate Ion.,USD,2022-02-09T18:56:14Z,5.0,59047.58,0.0,295237.9,01uoTx9HsbskBk7AKO,0Q0Y06rG9vnItMWK7J
0QL2u1F0NjIcNV1OMI,Synthetic quote line for Virtual Beacon Advisory Edge Vector.,USD,2025-07-12T22:46:50Z,5.0,62919.89,15.0,267409.53,01u6slvrn5euvbnQC8,0Q0v3Y8K1e8T4J3S9C
0QLPnst1FHYxSLlWUS,Synthetic quote line for Adaptive Pioneer Data Platform Premier Cascade.,USD,2026-04-06T23:54:22Z,1.0,44210.29,20.0,35368.23,01uZiSvpgtWj0ysY6I,0Q0qcMWLTLCgmsDC1G
0QLcHo2ubtGKdbFW2A,Synthetic quote line for Dynamic Harbor Hardware Select Meridian.,USD,2025-12-30T10:18:03Z,5.0,2266.32,0.0,11331.6,01uas3XHvt9KGjGY0M,0Q0b0NWwUBFUmm1SWO
0QLAUTB7tp9BesMG2T,Synthetic quote line for Integrated Compass Training Vertex Vector.,USD,2024-11-22T08:55:34Z,1.0,42927.75,20.0,34342.2,01u2SSXuE7p5FSpITD,0Q0Cihuqk3gA07sCVO
0QL8W4PEyNtgQwMW64,Synthetic quote line for Modular Summit Training Essential Cobalt.,USD,2026-06-23T04:48:05Z,2.0,30820.63,15.0,52395.07,01uLFcyTBDKmA8CAIK,0Q0qgn8MsTdiI1WSWR
0QLX9a4eY6d7nUTO4K,Synthetic quote line for Precision Lattice Cloud Service Premier Nova.,USD,2023-01-02T06:40:13Z,25.0,29723.62,15.0,631626.92,01uw91RYAhA1FFjAKB,0Q0fSlE75s1dUzcKZ9
0QLl4C9EvXL34PHGQE,Synthetic quote line for Rapid Ember Advisory Select Zenith.,USD,2026-06-16T21:46:09Z,50.0,53083.44,15.0,2256046.2,01uUJWUbolIxMN4AVT,0Q03sEAL0Ko0W7CSVB
0QLzsxIqeNqJjlUGUF,Synthetic quote line for Unified Vertex Advisory Vertex Cobalt.,USD,2022-09-28T07:11:23Z,5.0,70049.41,0.0,350247.05,01uQ3sPvOW1wcPjYG3,0Q0UwVfpQI3lbJDCCV
0QLmyyZ6Fo0HUBBG1B,Synthetic quote line for Adaptive Orbit Hardware Enterprise Pulse.,USD,2026-05-14T23:58:58Z,25.0,26824.18,5.0,637074.28,01uXIkmGfy4nEEQAAS,0Q0QYXNSL4zn7su0XN
0QLXWM15mmlzREU4LQ,Synthetic quote line for Dynamic Foundry Support Professional Atlas.,USD,2025-06-23T04:39:52Z,1.0,831.15,15.0,706.48,01uplBWl2zlMr9dYKF,0Q0IZPtpLlaHe4f08X
0QLIAzroGqwn39GWUR,Synthetic quote line for Integrated Beacon Training Standard Horizon.,USD,2024-06-04T22:35:13Z,50.0,54297.29,20.0,2171891.6,01uSKO64CBXbxbQIV6,0Q0q5X48M7SH9kZ09D
0QLsWvNIEazZAgzGKU,Synthetic quote line for Modular Pioneer Cloud Service Core Solstice.,USD,2025-05-17T19:41:28Z,10.0,42535.89,5.0,404090.96,01uynmR1qubBiOaYYH,0Q0uE0UGYBQ9H96CK7
0QLCusYgtstvBibGC4,Synthetic quote line for Precision Harbor Support Enterprise Aurora.,USD,2022-10-13T03:56:23Z,25.0,56542.37,5.0,1342881.29,01u3FvJM2hx0UgmYAS,0Q0L9pqz2qjgOwySZN
0QLT3HJMKWZC1BTGHR,Synthetic quote line for Rapid Compass Training Professional Ion.,USD,2022-08-31T23:36:32Z,25.0,19042.46,0.0,476061.5,01u2sFPzvtowgnJIBF,0Q0kqsvSB1QNWWKKI0
0QLCiAxRBtvSHceWP9,Synthetic quote line for Unified Summit Hardware Standard Solstice.,USD,2022-10-19T15:38:23Z,50.0,52586.63,0.0,2629331.5,01u9PAeyBtOJM9hIYV,0Q0zZFwVbPLkq5k0HZ
0QLWbgA8UKWH36VWJK,Synthetic quote line for Adaptive Lattice Support Edge Cascade.,USD,2023-02-27T02:09:37Z,1.0,15463.64,15.0,13144.09,01uDFeYaSqYs9sRIRH,0Q03OQDQB9OJfOUCQZ
0QLNcm97pjopAPn4T5,Synthetic quote line for Dynamic Ember Training Foundation Meridian.,USD,2025-05-08T01:38:17Z,1.0,47585.22,0.0,47585.22,01uxBOSSGFE4iEUA5A,0Q0CvjO8ZMb9ED1CN5
0QLAiIHGOA4xjsVOFT,Synthetic quote line for Elastic Vertex Data Platform Scale Vector.,USD,2022-04-26T21:15:06Z,10.0,69585.79,15.0,591479.21,01uJA14v6nMxBHKI3Q,0Q0KuicpPYzkir4082
0QLmK7DdFMeD4SNGM2,Synthetic quote line for Modular Orbit Advisory Ultimate Cascade.,USD,2022-05-25T11:42:39Z,2.0,73459.66,15.0,124881.42,01uAtGzObkdYuQCIKN,0Q00M3Ds3vpVb8sCM6
0QLcLUEVZSdvczLG31,Synthetic quote line for Precision Foundry Advisory Edge Nova.,USD,2025-07-20T09:54:21Z,25.0,43068.66,10.0,969044.85,01uoTx9HsbskBk7AKO,0Q0UU79nW2ZEredKCT
0QLAdrVboi5E8xpOMM,Synthetic quote line for Rapid Beacon Cloud Service Foundation Zenith.,USD,2021-01-15T04:37:16Z,10.0,53460.72,15.0,454416.12,01uFe45oNKIEsMCASS,0Q0NUpyHzhU82tASGB
0QLQ5TvGKaV6dHa4E4,Synthetic quote line for Unified Pioneer Advisory Scale Cobalt.,USD,2024-06-20T22:01:47Z,25.0,2180.4,15.0,46333.5,01u4dHsHv8wA4sGY7I,0Q0Vv1FzGanrCz007F
0QLgRjWObyyRCsaOOR,Synthetic quote line for Adaptive Harbor Cloud Service Vertex Nova.,USD,2021-11-16T16:04:36Z,10.0,33355.49,10.0,300199.41,01ukgubfNSBfQYaIUA,2Q7BsEZlxpzBqKOVC3
0QLwXYSf8nHbTwvWHX,Synthetic quote line for Dynamic Compass Training Essential Atlas.,USD,2026-01-12T11:16:24Z,25.0,27538.96,15.0,585202.9,01u5n61zNTp1SMmQMW,0Q09n9lCm4o7HM5K5W
0QL6cifhfz0jbKTOI5,Synthetic quote line for Elastic Summit Data Platform Premier Horizon.,USD,2025-06-18T18:05:03Z,1.0,23650.01,0.0,23650.01,01u8bUIPWTpRcjJAT0,0Q0xSJ47NnA289MCXA
0QLEWuIcpfxe1VAO2Y,Synthetic quote line for Modular Lattice Data Platform Select Pulse.,USD,2024-01-20T04:21:05Z,1.0,37392.02,15.0,31783.22,01uEzdznkNnOVwYYTK,0Q0cdciOsA7jNqcSYS
0QL33MhxAAfLU1wO9V,Synthetic quote line for Precision Ember Support Vertex Atlas.,USD,2023-05-11T12:08:19Z,5.0,8127.88,10.0,36575.46,01ucZtNMVx0iGHIAK5,0Q0aIOtmLkaenxS096
0QLi4Vz5nYYknk1OIL,Synthetic quote line for Quantum Vertex Training Essential Ion.,USD,2023-07-24T16:52:08Z,10.0,13360.8,0.0,133608.0,01utCDHCRnPnbCdID0,0Q0p4Sucx7HXtHQK7O
0QLOKsHxZ39LVorWOF,Synthetic quote line for Unified Orbit Support Premier Solstice.,USD,2022-07-04T20:50:54Z,5.0,23621.79,20.0,94487.16,01uSfOdERukYhY3ICH,0Q0fbexjKcgom6u0OT
0QLDIlOht7jYZpCWLL,Synthetic quote line for Adaptive Foundry Support Standard Aurora.,USD,2021-06-08T21:30:21Z,50.0,3956.15,10.0,178026.75,01ulBbBBnCSMZE9IB4,0Q0zdclGNSutcnNSC4
0QLmZWKULO9vjfL425,Synthetic quote line for Dynamic Beacon Training Core Meridian.,USD,2022-08-25T05:19:21Z,50.0,40555.2,5.0,1926372.0,01uj55A0pG7m4UZQ9N,0Q09OTWJLOjGDdCCIG
0QL3mID4WZl8h7EWEY,Synthetic quote line for Elastic Pioneer Support Enterprise Vector.,USD,2022-06-23T20:01:06Z,5.0,29663.65,10.0,133486.43,01uysnau0KhTkwBAAW,0Q0UwVfpQI3lbJDCCV
0QLMUG1sgg7rdjdOGK,Synthetic quote line for Modular Harbor Data Platform Professional Cascade.,USD,2023-12-16T10:51:11Z,1.0,8183.72,0.0,8183.72,01uoUHUXFK8KV8SIAZ,0Q0erkRAbcrQJx8CDH
0QLhpZs4szfUJmAG33,Synthetic quote line for Precision Compass Training Standard Meridian.,USD,2022-06-18T20:15:19Z,25.0,73681.88,15.0,1565739.95,01uBo9bliYPFlS6QPU,0Q0hKMVRyTgOMMR0FW
0QLGL1PsWSa8CpmOOQ,Synthetic quote line for Quantum Summit Data Platform Core Zenith.,USD,2022-08-30T17:55:21Z,1.0,71568.81,10.0,64411.93,01u0yZubnpdFfGaIV0,0Q0MJKpLYxEvPuqSYN
0QLGdkzquiGMxLg40Q,Synthetic quote line for Unified Lattice Cloud Service Enterprise Cobalt.,USD,2025-11-18T04:08:01Z,1.0,19005.88,5.0,18055.59,01uMQRR3zGeNWaaAA7,0Q0meK77axnNP5JS26
0QLeb2jVu3dtfz7W9A,Synthetic quote line for Adaptive Ember Training Scale Nova.,USD,2024-01-26T06:25:22Z,5.0,49644.33,0.0,248221.65,01uUMrULsydQHm5QR2,0Q0DBxGxsZDGh8l02K
0QL4Ko0giUDAQCI4QR,Synthetic quote line for Connected Vertex Advisory Ultimate Zenith.,USD,2021-08-18T03:12:41Z,50.0,64661.68,10.0,2909775.6,01uGR4Kmqn34CUgYEF,0Q0GJNOr3UjQjoaCFR
0QLouSoPdIfDHdYGWZ,Synthetic quote line for Elastic Orbit Hardware Edge Horizon.,USD,2023-01-09T00:09:54Z,10.0,42372.02,5.0,402534.19,01u3NZ6wJzAmJMCAOW,0Q0FDOCLI2Cr0egSE7
0QL8TuZWLp7UlYY4ZC,Synthetic quote line for Modular Foundry Training Foundation Pulse.,USD,2023-04-19T09:00:26Z,10.0,39014.24,10.0,351128.16,01uDi1J1QfUnVVdI0W,0Q0AMZKQWtjSNKZ0YN
0QLJlC6waya5UyhG3D,Synthetic quote line for Precision Beacon Training Scale Atlas.,USD,2024-03-05T02:50:43Z,1.0,38073.65,20.0,30458.92,01uqpR2yiWbBNPvQ1F,0Q0iF4OzkQF2IadCP6
0QL31PadinnACK44DL,Synthetic quote line for Quantum Pioneer Hardware Ultimate Horizon.,USD,2024-08-29T00:16:44Z,50.0,24991.57,20.0,999662.8,01u07ivu2QA6dAiA8A,0Q0DEiOK8fAzTj6SEE
0QLXJ4CU4rfklB24MN,Synthetic quote line for Unified Harbor Cloud Service Edge Solstice.,USD,2025-04-18T09:35:13Z,50.0,5263.71,15.0,223707.67,01uqczls0EvVZK9A44,0Q0VZtSLJPhcOrLKOX
0QLATltQwrKRAPmGMK,Synthetic quote line for Adaptive Compass Cloud Service Premier Aurora.,USD,2025-01-16T02:03:50Z,1.0,38237.03,15.0,32501.48,01uqbMARsmKpgLtYV6,0Q0ltYG5cOcJx34S24
0QLsDD7eLLSjfrgWIZ,Synthetic quote line for Connected Summit Support Select Ion.,USD,2021-07-10T00:59:23Z,25.0,51914.91,20.0,1038298.2,01uXIkmGfy4nEEQAAS,0Q0ndYLGrw18ZHhSLE
0QLQ6CKMuJvFxmZGG0,Synthetic quote line for Elastic Lattice Advisory Vertex Solstice.,USD,2024-10-03T18:40:09Z,25.0,21683.97,5.0,514994.29,01u7cJEmaMlnXliIX9,0Q0DVxWmc1TcApa0MR
0QL3J23ZqCTs3U74U5,Synthetic quote line for Modular Ember Hardware Essential Cascade.,USD,2021-05-18T02:22:54Z,1.0,11704.0,15.0,9948.4,01uplBWl2zlMr9dYKF,0Q0PV0qahZ57rBH0Y9
0QLOnz5ho5Iei6WWFJ,Synthetic quote line for Open Vertex Support Premier Meridian.,USD,2025-06-06T20:16:56Z,1.0,16780.14,20.0,13424.11,01uZhc2xX0xLj39ATO,0Q0TuKLI4W4NlNqC0Q
0QLelDmWIE5YEYEGV7,Synthetic quote line for Quantum Orbit Hardware Select Vector.,USD,2022-02-09T05:50:22Z,2.0,61554.21,10.0,110797.58,01uIoxys3iRmSNgATK,0Q00VlqGKVDZVkkCNO
0QLmSdEaNV9k6SVOBX,Synthetic quote line for Unified Foundry Training Vertex Cascade.,USD,2024-04-16T02:51:00Z,5.0,67121.25,20.0,268485.0,01uNS7Gn3OHWheDQAH,0Q0uWDMaonVdJbP0AN
0QL8RA0XWgSVVZnWSU,Synthetic quote line for Adaptive Beacon Cloud Service Enterprise Nova.,USD,2026-03-13T19:41:34Z,50.0,45521.99,0.0,2276099.5,01uGQQh5RW001gyILZ,0Q0K7AYHPdHbSa9CLK
0QLAZFYwtnnCXCVW24,Synthetic quote line for Connected Pioneer Hardware Professional Zenith.,USD,2025-04-08T09:00:43Z,2.0,54976.46,0.0,109952.92,01um1cvKCov7rGbI2J,0Q0Y9plwmyECgSKS3R
0QLTumH5MdllCOXWY4,Synthetic quote line for Elastic Harbor Cloud Service Standard Cobalt.,USD,2021-11-30T13:48:22Z,25.0,52699.7,15.0,1119868.62,01ubQogH4f43vxaA17,0Q0vhDoJ2SkI1n3KCA
0QLwSsOi6Q9omIDOY6,Synthetic quote line for Modular Compass Advisory Core Pulse.,USD,2025-06-05T04:45:58Z,10.0,63711.81,10.0,573406.29,01uMA8zSZGWyKdiAKM,0Q0CcxUK85BvBY8KM2
0QLoukP0rLqWP9RW80,Synthetic quote line for Open Summit Cloud Service Enterprise Atlas.,USD,2024-11-05T06:13:15Z,10.0,54227.25,0.0,542272.5,01uUuCDlyVaOtj6A5E,0Q0VEfTULxhVA6zCTV
0QLxr6q52IBb4ypW23,Synthetic quote line for Quantum Lattice Hardware Professional Horizon.,USD,2026-01-22T08:30:09Z,10.0,17119.5,15.0,145515.75,01ue4CNRY8poPf7Y76,0Q0rmEZMOc7NJtsSM6
0QLICzujg6KeKQdW7Y,Synthetic quote line for Unified Ember Support Standard Pulse.,USD,2023-01-07T12:28:30Z,25.0,56701.18,5.0,1346653.02,01u3kSFhaBLMkghAZY,0Q0LsbjWA6rArCtSWW
0QLEv8ZjQCZNTk5W1G,Synthetic quote line for Virtual Vertex Hardware Core Aurora.,USD,2024-04-17T00:09:48Z,1.0,9941.64,0.0,9941.64,01uzIgnyrtIIw55YLX,0Q0fFUdknRQ9ojC0CD
0QLuu1QYHqFDkdDGKG,Synthetic quote line for Connected Orbit Cloud Service Foundation Ion.,USD,2021-02-23T11:02:37Z,50.0,18635.83,20.0,745433.2,01uAMgh5dwURjaMQRK,0Q0r1zYECB8zGTdCHJ
0QL5QPtdyPC4NmP4CL,Synthetic quote line for Elastic Foundry Advisory Scale Solstice.,USD,2021-04-14T05:05:30Z,10.0,42019.13,20.0,336153.04,01u40Kg4xcpfdIxION,0Q0gbrPmeCCIrBXKCK
0QLrgXNfRsyehpkOV7,Synthetic quote line for Modular Beacon Hardware Ultimate Aurora.,USD,2024-12-24T23:57:04Z,25.0,34337.98,5.0,815527.03,01uVC1vbnOb4uP7YDO,0Q0GJNOr3UjQjoaCFR
0QLb7YfZBs7gvHkO6L,Synthetic quote line for Open Pioneer Support Edge Meridian.,USD,2022-10-12T09:43:49Z,1.0,36628.71,0.0,36628.71,01u0ElwG1CqM4RlQXP,0Q0tn8mMzlsvyxhS3S
0QLOqW6tqN3nBBYWOG,Synthetic quote line for Quantum Harbor Hardware Foundation Vector.,USD,2024-01-23T04:35:38Z,2.0,36788.13,15.0,62539.82,01uTHUysWX9DJtwY6N,0Q0Zdk04fYNKSSsKR1
0QLpfkGIbeCNQeFW4P,Synthetic quote line for Unified Compass Training Scale Cascade.,USD,2026-02-26T08:47:02Z,25.0,25446.69,15.0,540742.16,01uAMyCLLNMmR5bA3S,0Q0cE1QFAmIO86FK1P
0QL8FJexWh43J0AOHG,Synthetic quote line for Virtual Summit Support Ultimate Meridian.,USD,2023-12-05T09:28:33Z,5.0,51205.19,10.0,230423.36,01uLSRYc2aueFNnYD1,0Q0jzI420v3WJBR0QU
0QLQ0keJ1EzZaNx4NH,Synthetic quote line for Connected Lattice Training Essential Zenith.,USD,2022-07-09T16:44:26Z,10.0,44125.53,10.0,397129.77,01uKb8LTdZrnOlTQ03,0Q0t8Q1c8Ar9fL3C3F
0QLnRxLmZE96zeFWHG,Synthetic quote line for Elastic Ember Cloud Service Premier Cobalt.,USD,2023-12-02T05:40:24Z,1.0,9008.05,0.0,9008.05,01uBkydzyYz6EoPI8G,0Q0sH30FaI1KM5WKW4
0QLx1N3vC5CxQgBGNG,Synthetic quote line for Integrated Vertex Support Select Nova.,USD,2023-06-11T23:37:23Z,10.0,33445.27,15.0,284284.79,01uqINp8CtmB0C1QFE,0Q01mWrvVFK1YqdKU9
0QLDwjLpWorF28IGXK,Synthetic quote line for Open Orbit Support Vertex Zenith.,USD,2023-09-06T05:20:06Z,5.0,6392.67,5.0,30365.18,01uicVYWLcfmsN3AQY,0Q0OyaC0zEQ93z7KO2
0QLhmsn9nABA875O1C,Synthetic quote line for Quantum Foundry Cloud Service Essential Horizon.,USD,2024-02-03T16:31:14Z,2.0,73835.61,0.0,147671.22,01ueFoz0cEnrn7mI9X,0Q0NzNAgOrV51Bk0NW
0QLpb3lrjU9feGMWN7,Synthetic quote line for Unified Beacon Cloud Service Premier Pulse.,USD,2022-01-04T21:47:56Z,10.0,70748.33,0.0,707483.3,01uFUzxKZQSFaPOQ1A,0Q0UPhFaL8TwDb3K7G
0QLoptiH1j2h5HF4OV,Synthetic quote line for Virtual Pioneer Cloud Service Select Atlas.,USD,2023-01-09T20:20:38Z,2.0,26260.67,20.0,42017.07,01uJz3Pv66JPasuITX,0Q0uH7lPSjWBPttC3P
0QLlYSeKKzFhTogWHA,Synthetic quote line for Connected Harbor Support Core Ion.,USD,2025-03-17T23:58:37Z,1.0,45397.38,20.0,36317.9,01u8XnYHXYRns9gY34,0Q0NzNAgOrV51Bk0NW
0QLgPVL8FBeg6jsW2H,Synthetic quote line for Elastic Compass Data Platform Enterprise Solstice.,USD,2025-01-21T12:24:02Z,1.0,29503.54,0.0,29503.54,01uTHUysWX9DJtwY6N,0Q0ZdYC8U8e7BMVSWD
0QLOpL4okvgjO5BWKK,Synthetic quote line for Integrated Summit Data Platform Professional Aurora.,USD,2022-07-14T00:27:30Z,25.0,33426.78,10.0,752102.55,01ugMlB4PLTImgLQ9A,0Q0NzNAgOrV51Bk0NW
0QLZQJWQ9lU3GfW4A1,Synthetic quote line for Open Lattice Data Platform Standard Ion.,USD,2022-04-10T17:48:01Z,10.0,7757.52,10.0,69817.68,01u2rujAAFZGq71AIQ,0Q0VVvPHiKV5rDcSKN
0QLSgvzKUL4tDLpODP,Synthetic quote line for Quantum Ember Hardware Core Vector.,USD,2022-07-21T15:20:46Z,5.0,298.15,0.0,1490.75,01u0ElwG1CqM4RlQXP,0Q0jiV5Puwp58coK0Z
0QLlcHiv0wqt0G94MP,Synthetic quote line for Rapid Vertex Advisory Enterprise Cascade.,USD,2025-02-02T04:02:47Z,10.0,51557.9,5.0,489800.05,01uSZGMqI3NxLQvINY,0Q0oZuda9DsLElTSGD
0QLfkhUx6BHdaDiG22,Synthetic quote line for Virtual Orbit Data Platform Professional Meridian.,USD,2025-09-17T17:18:47Z,1.0,34774.78,15.0,29558.56,01uMskTW5szoxUUADQ,0Q08HqPdFTOdyKSSL8
0QLFufLgBlepjiV4VO,Synthetic quote line for Connected Foundry Cloud Service Ultimate Vector.,USD,2022-03-02T17:39:41Z,25.0,16493.91,5.0,391730.36,01ulr3bX0CgclaDYGJ,0Q0Hacsniv0IkeyCBQ
0QLdhP2ibtkjlxUGHZ,Synthetic quote line for Elastic Beacon Support Edge Cobalt.,USD,2021-06-25T09:32:14Z,10.0,9583.86,0.0,95838.6,01uWAuUJGwgaQSUQWO,0Q0ogvDlrW3Bi2ACG2
0QLURGaM07MAexbWSV,Synthetic quote line for Integrated Pioneer Cloud Service Foundation Nova.,USD,2026-03-15T04:26:04Z,25.0,10022.8,0.0,250570.0,01um1cvKCov7rGbI2J,0Q0rHw3fqcaObyMSZ1
0QLyKOvulcHy9qW4RP,Synthetic quote line for Open Harbor Cloud Service Scale Zenith.,USD,2024-03-09T07:02:43Z,50.0,38196.33,0.0,1909816.5,01uhXHd7I7kUo5tYAE,0Q0NzNAgOrV51Bk0NW
0QL34ggwl79DXI0W9G,Synthetic quote line for Quantum Compass Cloud Service Ultimate Cobalt.,USD,2025-10-13T16:08:47Z,5.0,71910.83,0.0,359554.15,01u9usVZAaaGnwRYOD,0Q05IvbyD6EMZKe076
0QLo6dF9Bg4gj4lO9I,Synthetic quote line for Rapid Summit Cloud Service Edge Pulse.,USD,2024-04-15T15:03:41Z,50.0,23203.63,0.0,1160181.5,01uCH4lcp0440QvAQZ,0Q0Fnfkg02ubBZRCI6
0QLpeYYKNwyu9PbWD2,Synthetic quote line for Virtual Lattice Hardware Foundation Atlas.,USD,2021-10-14T18:58:36Z,10.0,69288.61,10.0,623597.49,01u0ewzsyx2Y9q7A7T,0Q0128Hl0GNo0L00OO
0QLaT9DmIGa0dutGJK,Synthetic quote line for Connected Ember Cloud Service Select Horizon.,USD,2024-11-05T21:18:29Z,10.0,66014.59,10.0,594131.31,01uCI9USaya88RGQFI,0Q0nQrmHsqTXO9pCJQ
0QLGKGDlIPkj1ngGAG,Synthetic quote line for Dynamic Vertex Cloud Service Vertex Pulse.,USD,2023-03-01T12:53:35Z,10.0,47006.23,0.0,470062.3,01ua1baryg2Ruz5AMA,0Q0Y384TIIUxJVTCLI
0QLnbptgWiAVuWKOBB,Synthetic quote line for Integrated Orbit Advisory Essential Aurora.,USD,2022-06-02T04:53:29Z,2.0,10043.8,0.0,20087.6,01uw91RYAhA1FFjAKB,0Q0CvlbyYE5FBnFKSU
0QL3kWK08BK7JNiOTQ,Synthetic quote line for Open Foundry Advisory Premier Ion.,USD,2025-10-16T22:55:22Z,50.0,72468.31,20.0,2898732.4,01u3gOonB8t78PPYKF,0Q0KqkXFOLXpnMNC9U
0QL75vu3yq8RIy5OFN,Synthetic quote line for Quantum Beacon Training Select Solstice.,USD,2023-05-23T12:44:53Z,50.0,39991.28,15.0,1699629.4,01uR2nl29IkqYErYC1,0Q0rwx1cSi2AR8x0L3
0QLmdLpvurdSV8WW9U,Synthetic quote line for Rapid Pioneer Support Vertex Aurora.,USD,2024-02-16T13:40:54Z,25.0,74197.4,0.0,1854935.0,01uoWSzpOXNSu3mQX3,0Q04alv8xGYWgwY0ZH
0QLWCagjEY5PifP4PK,Synthetic quote line for Virtual Harbor Data Platform Essential Meridian.,USD,2024-10-16T04:56:04Z,50.0,44961.58,0.0,2248079.0,01ucktmDnpi6SA2IM7,0Q09bcEg0itJPRWK0P
0QLnXwpzJxY6KeT40Y,Synthetic quote line for Connected Compass Data Platform Professional Vector.,USD,2023-10-29T04:25:48Z,10.0,4675.77,15.0,39744.05,01uzrOswHnzmYb6AU7,0Q0BoGwKH6f6ctF09U
0QLL2ceHEXNxQreOBT,Synthetic quote line for Dynamic Summit Support Standard Cascade.,USD,2026-04-10T09:18:12Z,25.0,2066.5,20.0,41330.0,01uk7RIGqtW7TtTAU7,0Q0xSJ47NnA289MCXA
0QLOYJNSiNlld9e4Y2,Synthetic quote line for Integrated Lattice Advisory Core Nova.,USD,2026-05-02T04:46:44Z,1.0,49121.18,20.0,39296.94,01uJrQ9nOdWfBOnQ3P,0Q0zR82YuOQtR0vKNF
0QL5mAs3VtNNNYJ401,Synthetic quote line for Open Ember Cloud Service Enterprise Zenith.,USD,2021-03-27T04:38:45Z,2.0,5654.97,10.0,10178.95,01uFa5jdtbk2jvnIRL,0Q0Sd8fJrME6nAgKYW
0QLVgw0fk2bEzcD4HK,Synthetic quote line for Precision Vertex Support Professional Cobalt.,USD,2024-05-16T21:19:08Z,2.0,13831.81,15.0,23514.08,01up9L1rMMIROsoYKL,0Q0HrF0ItLvvvEt0NQ
0QLVhbhsEbR0pZmG9F,Synthetic quote line for Rapid Orbit Hardware Standard Nova.,USD,2023-07-21T11:53:57Z,10.0,73337.2,0.0,733372.0,01uSKO64CBXbxbQIV6,0Q02hbP5AY6vJQyKW3
0QLDthtd8xP1MJdWV7,Synthetic quote line for Virtual Foundry Training Core Atlas.,USD,2024-02-17T00:48:30Z,10.0,7147.19,20.0,57177.52,01uvpBeHAob5K44IMR,0Q0DnTxYpleVwzz04T
0QLrHLzKpQowuFtG5R,Synthetic quote line for Connected Beacon Support Foundation Horizon.,USD,2023-10-19T04:48:35Z,25.0,18713.09,0.0,467827.25,01u1UwzdW7mgocDAW5,0Q0UjtZdD94JswBKT8
0QLl4uDkgv8PsT9GNB,Synthetic quote line for Dynamic Pioneer Advisory Scale Pulse.,USD,2024-07-22T11:48:50Z,5.0,55010.86,0.0,275054.3,01u45XrA1cIlNlaAJY,0Q0L45wv4uoVsPUCTR
0QLAvQj1dYwG7rZOU5,Synthetic quote line for Integrated Harbor Cloud Service Ultimate Atlas.,USD,2021-05-21T06:36:38Z,25.0,35137.49,10.0,790593.53,01uSuv7um4Jc91gAI2,0Q0IZPtpLlaHe4f08X
0QLm0r29HLI5f6T4B0,Synthetic quote line for Open Compass Support Edge Ion.,USD,2022-07-08T06:43:24Z,5.0,11786.69,0.0,58933.45,01u410XzXyDchg8YH3,0Q0SRiHeYzsLB9CCKF
0QLw96BMS04aOaAGY1,Synthetic quote line for Precision Summit Cloud Service Foundation Solstice.,USD,2021-04-06T01:43:03Z,50.0,29747.16,0.0,1487358.0,01uUX9fzI5TSy2AYK3,0Q0og8uNFZBVFn40V4
0QLmKIYDCylDyssOXA,Synthetic quote line for Rapid Lattice Data Platform Scale Aurora.,USD,2025-09-01T11:31:34Z,25.0,34970.43,0.0,874260.75,01uSgRVaFEegm2VISP,0Q0ETQHN2FEBxkf0BE
0QLE0Rwo3NQ8pbuGJA,Synthetic quote line for Virtual Ember Training Ultimate Ion.,USD,2022-03-22T18:55:14Z,1.0,74053.46,20.0,59242.77,01ut9jBZzSpsiCdICZ,0Q0zVmV1aeIDehh09S
0QLf2PnoaelPQxzW9M,Synthetic quote line for Adaptive Vertex Training Essential Vector.,USD,2022-08-05T08:42:45Z,1.0,66047.17,0.0,66047.17,01uizFG7tdRUqr4QN5,0Q0UqSoou82irziSXE
0QL8fB6htwh5zcT4HM,Synthetic quote line for Dynamic Orbit Support Premier Cascade.,USD,2024-03-19T12:24:54Z,50.0,68733.52,20.0,2749340.8,01ufpSNxKRDyqRXQ14,0Q0pnoTO4S28rgmCN5
0QLlHyEUeIFBPr9GF8,Synthetic quote line for Integrated Foundry Hardware Select Meridian.,USD,2026-02-19T20:45:27Z,5.0,73244.28,20.0,292977.12,01u9usVZAaaGnwRYOD,0Q01mWrvVFK1YqdKU9
0QLfIOUB85lBgnnW2Q,Synthetic quote line for Open Beacon Hardware Vertex Vector.,USD,2021-12-22T08:16:09Z,1.0,52624.23,0.0,52624.23,01u2Byfa4IwUJDvQM7,0Q0NzNAgOrV51Bk0NW
0QLvYJajNrvgyLS4TE,Synthetic quote line for Precision Pioneer Hardware Essential Cobalt.,USD,2023-05-23T18:15:53Z,5.0,25611.88,10.0,115253.46,01uu5XYiFCPTY9mYUD,0Q0iEW2YCjJudQzCB4
0QL939zetNIZH03OMF,Synthetic quote line for Rapid Harbor Training Premier Nova.,USD,2021-03-16T22:27:04Z,25.0,26491.55,5.0,629174.31,01uPVg8XMauyV0HAZ6,0Q0DNU1YicpRO4ZKQ3
0QLilEenqihDW6YGG6,Synthetic quote line for Virtual Compass Training Select Zenith.,USD,2026-05-27T10:27:51Z,50.0,39152.38,15.0,1663976.15,01ucauN3ZCRzObtAUR,0Q02YRUsvwh1C260R2
0QL1K6crTUXZ1bEOUN,Synthetic quote line for Adaptive Summit Advisory Core Horizon.,USD,2021-11-13T04:30:03Z,50.0,34755.31,0.0,1737765.5,01ugMp6vnqPK29EAUZ,0Q0VuBsd1iZSi2iCWS
0QLGWTMlIwwG2iNW6R,Synthetic quote line for Dynamic Lattice Data Platform Enterprise Pulse.,USD,2026-04-27T05:06:19Z,1.0,31458.02,20.0,25166.42,01uSsMXVfpNjdvRIDT,0Q0Gy9PZqVEz6id0LN
0QLJTtzT1YdBEi8G2K,Synthetic quote line for Integrated Ember Support Professional Atlas.,USD,2025-04-19T16:05:46Z,5.0,55302.1,0.0,276510.5,01uSfOdERukYhY3ICH,0Q0jbfBIUGXnov3K23
0QLlP7oDSeICssDO59,Synthetic quote line for Modular Vertex Hardware Standard Horizon.,USD,2026-05-16T06:52:07Z,25.0,67382.87,0.0,1684571.75,01uP7hA0q4EnjLrQBI,0Q031dJ3OXhuxUoSAT
0QLbODPqb35Osw2GWB,Synthetic quote line for Precision Orbit Data Platform Core Solstice.,USD,2025-10-15T06:45:10Z,25.0,8483.39,15.0,180272.04,01u5n61zNTp1SMmQMW,0Q0go95G4AfZKrESIF
0QLv18RxfdzbanQ4UX,Synthetic quote line for Rapid Foundry Data Platform Enterprise Aurora.,USD,2023-10-16T19:57:50Z,10.0,57557.04,5.0,546791.88,01ul6IP0ZbL6Ie6A0B,0Q0JLg2B8qqE8CKKWO
0QLrZtr8ULTX2JRG5J,Synthetic quote line for Virtual Beacon Data Platform Professional Ion.,USD,2026-05-12T22:01:22Z,2.0,73924.77,10.0,133064.59,01uZMsmMl304CKnIWL,0Q0AMZKQWtjSNKZ0YN
0QLltAq3VmDqJtXW0B,Synthetic quote line for Adaptive Pioneer Advisory Ultimate Solstice.,USD,2026-06-22T17:48:57Z,2.0,47489.0,0.0,94978.0,01uG8I3LXJBT79WQUS,0Q0j5HfaxrB7hcuCFT
0QLWW7xXzSIDYdNOHF,Synthetic quote line for Dynamic Harbor Data Platform Edge Cascade.,USD,2022-11-14T05:52:37Z,50.0,41674.85,5.0,1979555.38,01u0LigxavQESk3IMW,0Q0hr6VdsYBljbWCIR
0QLUvz51CvM1Qw04QE,Synthetic quote line for Integrated Compass Advisory Foundation Meridian.,USD,2024-11-02T04:12:57Z,25.0,21842.18,5.0,518751.77,01u45XrA1cIlNlaAJY,0Q07iWq5twRXKQGKV9
0QLSqoPBtgLHlpu4DI,Synthetic quote line for Modular Summit Hardware Scale Vector.,USD,2023-05-20T16:24:24Z,50.0,56978.06,5.0,2706457.85,01u0PY5mOZa2bYtQ4X,0Q0ws2he4rCTYdoSW4
0QLWGmoeBJN1vNeWU5,Synthetic quote line for Precision Lattice Advisory Ultimate Cascade.,USD,2024-10-03T01:00:54Z,2.0,28850.74,15.0,49046.26,01u7vqqvITrUHWRI8Z,0Q0zm38qWpOO9Dg0G9
0QL60oE4kupvyiTWFE,Synthetic quote line for Rapid Ember Advisory Edge Nova.,USD,2023-07-06T15:42:03Z,2.0,10110.67,5.0,19210.27,01uiUF9NOGQMVCOY9G,0Q0kuKBtmyn5HEDK7W
0QL3wOfUBM46TRO48K,Synthetic quote line for Unified Vertex Support Foundation Zenith.,USD,2025-10-12T07:09:10Z,25.0,26714.34,15.0,567679.72,01usqRMXQcVGKarQK1,0Q0Bo5e2cWqkypk0IU
0QLIn5u3Dq3WFGnW8N,Synthetic quote line for Adaptive Orbit Training Select Cobalt.,USD,2023-03-18T03:14:35Z,1.0,28465.39,15.0,24195.58,01ua1baryg2Ruz5AMA,0Q0HAMzZAXfoJEqSWJ
0QL7q6OIMHfBPqBWMZ,Synthetic quote line for Dynamic Foundry Data Platform Vertex Nova.,USD,2021-07-12T14:30:01Z,50.0,37552.39,20.0,1502095.6,01usnDJaZ6DqB4DQ12,0Q01SSfyzxKPaXLCA0
0QLGaYCXyCPQMXuO6L,Synthetic quote line for Integrated Beacon Data Platform Essential Atlas.,USD,2021-03-05T15:15:12Z,10.0,43844.25,0.0,438442.5,01uwoIIoLyxXnvpARE,0Q0CJRpQXQTGlnfS4G
0QLGJoYGUU11nBSGQO,Synthetic quote line for Modular Pioneer Advisory Premier Horizon.,USD,2021-09-13T01:25:12Z,1.0,39706.17,15.0,33750.24,01ugC0Mkcri6dqvADO,0Q0aLkGGZMhb7xUK10
0QL2jlqiKbozo51ODF,Synthetic quote line for Precision Harbor Hardware Select Pulse.,USD,2023-12-07T18:22:23Z,5.0,23809.78,20.0,95239.12,01uBIFhzdfmqjNGQMJ,0Q0VZtSLJPhcOrLKOX
0QLAfNW3Yb1mZgmOBI,Synthetic quote line for Rapid Compass Training Vertex Atlas.,USD,2025-05-20T10:20:23Z,50.0,60959.34,15.0,2590771.95,01u1UwzdW7mgocDAW5,0Q0KVeKHKWnKGzPSO8
0QLr4o28ojlO9AROKY,Synthetic quote line for Unified Summit Advisory Essential Ion.,USD,2023-05-27T19:07:52Z,1.0,61659.63,10.0,55493.67,01uP7hA0q4EnjLrQBI,0Q0D5EZPjKk0ufsKRL
0QLjuVrHoZkRycSWX0,Synthetic quote line for Adaptive Lattice Hardware Professional Solstice.,USD,2025-12-04T20:55:41Z,5.0,72349.21,0.0,361746.05,01u9f9VUQ5RzdtLIHL,0Q02rF80Ujouh1x00J
0QLdFUcxeBc3YIF4JK,Synthetic quote line for Dynamic Ember Training Standard Aurora.,USD,2024-09-14T23:19:08Z,50.0,19997.79,10.0,899900.55,01uJmKgJiEzuDYNY7S,0Q0rehZ6ywFiG0zCMY
0QLjLnCrEm0o8Z0WOV,Synthetic quote line for Elastic Vertex Data Platform Core Meridian.,USD,2021-05-02T21:02:42Z,10.0,14122.24,10.0,127100.16,01uvcwTUKOnzB3VQFV,0Q0nsfZ46FzACHJCXF
0QLQUEezGikMLnfWBX,Synthetic quote line for Modular Orbit Advisory Enterprise Vector.,USD,2025-08-06T11:12:54Z,25.0,38838.86,5.0,922422.92,01uen5Cpi1qkPs2QED,0Q0wtXoQ61eiEj6CST
0QL50hztML4OXrO488,Synthetic quote line for Precision Foundry Data Platform Professional Cascade.,USD,2023-03-10T23:39:34Z,50.0,34414.12,15.0,1462600.1,01uw91RYAhA1FFjAKB,0Q0TAijfr0Pe18ZCWN
0QLb9HYxKqY8yK54J6,Synthetic quote line for Rapid Beacon Data Platform Standard Meridian.,USD,2025-07-22T18:55:59Z,2.0,27672.22,5.0,52577.22,01uWCyTesvSdqwTYP4,0Q098Oy2FLgKYxJ0B5
