Id,Subject,Status,Priority,ActivityDate,Type,Description,CreatedDate,IsClosed,WhatId,WhatType,WhoId,WhoType
00Tz7wxOzHPCPb4E74,Review requirements,Completed,Normal,2022-10-28,Other,Synthetic follow-up activity for CRM workflow testing.,2025-05-12T09:32:06Z,1,02ia43E4oDoaWQHYDQ,Asset,003VeMNXOn4b6m3YPM,Contact
00TU7a9mazbyx9HM8R,Follow up,Deferred,Normal,2024-03-13,Email,Synthetic follow-up activity for CRM workflow testing.,2021-04-20T18:21:02Z,0,701DNuvDGEm4hghY4U,Campaign,00Qah6FYwpEhRIU2ET,Lead
00TRlHUJJpUGsBY219,Send workshop summary,In Progress,Low,2026-05-28,Other,Synthetic follow-up activity for CRM workflow testing.,2022-11-04T18:55:30Z,0,006Xr51ApbSx6A3ANN,Opportunity,003XLYg95CtXxfyIBH,Contact
00TmO4grPVdiOAIE0E,Review requirements,In Progress,Normal,2023-12-30,Call,Synthetic follow-up activity for CRM workflow testing.,2024-10-24T13:35:17Z,0,0018MjZShtig55PAG6,Account,,
00TVsha1YkLfrQAMMJ,Review requirements,Deferred,High,2025-11-22,Email,Synthetic follow-up activity for CRM workflow testing.,2022-01-24T04:48:02Z,0,,,003y1knBdIDifuNYM6,Contact
00TGWlS8dkCwGaNUU1,Review requirements,Not Started,Normal,2026-05-23,Email,Synthetic follow-up activity for CRM workflow testing.,2022-07-22T00:47:18Z,0,500xZVEk5M2JjLqYX5,Case,003GweaslhRRyCLI5I,Contact
00Tgeh6YQ0Ex4XZEXM,Follow up,In Progress,High,2026-03-26,Other,Synthetic follow-up activity for CRM workflow testing.,2023-11-30T01:10:27Z,0,02ia8UpihN4ZMt7QMA,Asset,003ilgtGMtANeRHA6L,Contact
00TDXLxnrdLV0IhMO1,Review requirements,Deferred,Low,2026-04-23,Other,Synthetic follow-up activity for CRM workflow testing.,2022-09-15T12:46:27Z,0,001FvdsL8UlrHiPQB9,Account,003q4mM8M5swTliYEV,Contact
00TuQIQ6Rk0bTtkMTV,Prepare proposal,Completed,Normal,2023-06-09,Other,Synthetic follow-up activity for CRM workflow testing.,2024-06-16T20:36:52Z,1,80ig0h44cCZ9guhILV,Opportunity,,
00Trx0IV9zOOtpaELZ,Send workshop summary,Waiting on someone else,High,2026-01-25,Call,Synthetic follow-up activity for CRM workflow testing.,2023-11-06T21:46:24Z,0,510u5Zwc07XQ5giQ7I,Opportunity,003m5pW1jukUWzjARJ,Contact
00TNSbVYi4W5l1fEP5,Review requirements,Waiting on someone else,Normal,2025-01-08,Call,Synthetic follow-up activity for CRM workflow testing.,2022-10-23T14:38:17Z,0,806StPGH4FF48KzY6G,Opportunity,,
00TkivTgYAikFgUMZA,Send workshop summary,Deferred,Normal,2022-09-26,Call,Synthetic follow-up activity for CRM workflow testing.,2024-02-27T20:25:42Z,0,02iNkSe418Dc5HrINS,Asset,003UY2oCkarj96lQDX,Contact
00TmTRVbk74fU6fEOO,Follow up,Deferred,Normal,2024-03-20,Email,Synthetic follow-up activity for CRM workflow testing.,2026-05-09T01:46:47Z,0,50tDQAjXay993aYQ07,Opportunity,00QZD4ibfvIMk9fMNV,Lead
00TGDRVED42dhK5UBW,Prepare proposal,In Progress,Normal,2026-04-29,Call,Synthetic follow-up activity for CRM workflow testing.,2023-06-22T14:27:27Z,0,,,00QJBZtnhDreBmZURM,Lead
00TRMGJAn6tSD8WUB1,Follow up,Not Started,Low,2024-04-02,Call,Synthetic follow-up activity for CRM workflow testing.,2021-03-28T22:08:24Z,0,52th6NaZzpxGAvAY03,Opportunity,003Fz3E1XnVmgSjI0K,Contact
00TfieXt9ABEMlkEOD,Review requirements,Deferred,Normal,2025-03-26,Email,Synthetic follow-up activity for CRM workflow testing.,2024-03-03T11:50:10Z,0,821L2kXekYpaJdVIFT,Opportunity,003QtF6ypyXl9x7YZ2,Contact
00TKRWaVl41LGJyEPS,Follow up,Deferred,Low,2021-05-29,Other,Synthetic follow-up activity for CRM workflow testing.,2024-10-13T17:20:50Z,0,816p3J8VmnEOsVcISX,Opportunity,003iACK7CJakxp7YNX,Contact
00TDNmnnf4vb6znEAE,Send workshop summary,Completed,Normal,2025-07-16,Email,Synthetic follow-up activity for CRM workflow testing.,2025-02-26T02:50:19Z,1,7014xC7ldfv7uGYYZO,Campaign,003XGJBvjpTzhTrYE3,Contact
00TXAq0kSuvVWcnMB0,Send workshop summary,Not Started,High,2026-07-15,Other,Synthetic follow-up activity for CRM workflow testing.,2024-04-23T10:33:30Z,0,001n3aMHCveux7aI17,Account,003fsY9xmzLb2Z7A1O,Contact
00TDtmwhv4KdOpUUXF,Send workshop summary,Not Started,Low,2026-05-23,Call,Synthetic follow-up activity for CRM workflow testing.,2025-08-12T01:45:23Z,0,7060MLGY29XQYDdIMK,Order,003FKXxBgBiznkCAKK,Contact
00Tt8W525fDq3wq23T,Follow up,Waiting on someone else,Low,2023-12-01,Email,Synthetic follow-up activity for CRM workflow testing.,2021-05-30T03:29:50Z,0,001DmIO5EqT4tawY4D,Account,00QCMDNmwe3VnA8UVK,Lead
00TOyMgzhguB3gvUOD,Send workshop summary,Waiting on someone else,Low,2024-11-06,Call,Synthetic follow-up activity for CRM workflow testing.,2021-05-24T12:06:36Z,0,500wDhDPIHQ7OHJAVF,Case,,
00T7tlduhWJ8VvmU5O,Prepare proposal,Not Started,High,2023-08-15,Call,Synthetic follow-up activity for CRM workflow testing.,2025-07-20T17:25:18Z,0,800XSG7K69svxT0ILN,Contract,003hHNPTLKBHbAAYH3,Contact
00TKwvCVHYakKt1EPZ,Review requirements,In Progress,Normal,2021-04-16,Email,Synthetic follow-up activity for CRM workflow testing.,2025-07-29T01:32:11Z,0,500hzj7G15Vpp6hQNR,Case,001COXkNm3QMaIEDE2,Lead
00TtaFsldgIBX99224,Follow up,Not Started,High,2023-01-02,Other,Synthetic follow-up activity for CRM workflow testing.,2025-05-22T18:51:46Z,0,001Z9FmqrbfBXeVI9A,Account,,
00TW0iOwJKsR7BgUM2,Prepare proposal,Not Started,Normal,2024-11-02,Email,Synthetic follow-up activity for CRM workflow testing.,2022-11-14T20:58:26Z,0,701WVcR9nBSbxB9QPQ,Campaign,003YF00aMIjSewVQZQ,Contact
00TYCxBtHYufkJ4EYP,Review requirements,Waiting on someone else,Normal,2026-03-31,Call,Synthetic follow-up activity for CRM workflow testing.,2023-10-26T19:32:34Z,0,01t12GHQVKMd3OWIQ5,Opportunity,0033OyTlO5QHrP3Y9O,Contact
00T9CpmQwFT7JfUME4,Send workshop summary,Not Started,High,2024-03-30,Other,Synthetic follow-up activity for CRM workflow testing.,2023-08-28T21:36:55Z,0,02iPf0cYHpBgA06QPA,Asset,003f4ot3tLycXfwQM5,Contact
00TXlu9Nurjfg3iU1G,Review requirements,Not Started,Normal,2026-05-30,Other,Synthetic follow-up activity for CRM workflow testing.,2025-10-24T12:09:56Z,0,001th7qwAjYM77cYBH,Account,003D3c4EiA0KVHYQ6Q,Contact
00ThuZ96bvpotxrUBY,Send workshop summary,Deferred,High,2024-08-03,Email,Synthetic follow-up activity for CRM workflow testing.,2025-04-23T07:52:07Z,0,800bUW6Ak8jmWLPY6R,Contract,003AJ3RqXmlhv7yQKP,Contact
00TT2IwhTWkM8sKUU8,Follow up,Completed,Normal,2022-12-25,Email,Synthetic follow-up activity for CRM workflow testing.,2023-03-26T16:10:17Z,1,500J8hE8oHvXzZCI2Z,Case,003FKXxBgBiznkCAKK,Contact
00TCBxCYOrBwnokU2M,Review requirements,Deferred,High,2024-09-09,Other,Synthetic follow-up activity for CRM workflow testing.,2022-11-21T02:19:14Z,0,800b4hPm6qk3M2KARE,Opportunity,,
00TGXOj4F5X6spRU15,Send workshop summary,Waiting on someone else,High,2022-01-07,Email,Synthetic follow-up activity for CRM workflow testing.,2022-01-17T11:26:38Z,0,500956v3Rv1cd8RQAB,Case,003WBEmY2DvUC0JQHN,Contact
00TQ4ILfJ6Aza6uUZG,Send workshop summary,Completed,Low,2026-02-17,Email,Synthetic follow-up activity for CRM workflow testing.,2025-12-14T03:15:33Z,1,,,003CSoanR8VB42SYF1,Contact
00TOMq7he9lcWAAMLG,Follow up,In Progress,Low,2022-04-09,Call,Synthetic follow-up activity for CRM workflow testing.,2021-02-12T01:09:35Z,0,001XFpYyxD2bjtqY54,Account,,
00T5ZzAjeILoZleM6G,Follow up,Completed,Low,2026-05-19,Email,Synthetic follow-up activity for CRM workflow testing.,2021-09-19T18:57:08Z,1,001dst7EZIkJP6gQAU,Account,00QFHrEroVtmFQr2RB,Lead
00TAKimfptV24uR2KS,Send workshop summary,Waiting on someone else,Low,2024-07-20,Other,Synthetic follow-up activity for CRM workflow testing.,2024-09-06T22:30:47Z,0,,,,
00TGUD8jg9pQeBDEMN,Prepare proposal,In Progress,Low,2023-01-13,Email,Synthetic follow-up activity for CRM workflow testing.,2023-02-24T21:26:08Z,0,001Rc1LJzjoerNoYJJ,Account,003iLR5JlCDCrUlAL8,Contact
00TiDeXWj1Hv491MYN,Follow up,Deferred,Normal,2021-07-13,Call,Synthetic follow-up activity for CRM workflow testing.,2021-09-09T21:09:13Z,0,716r3vXZV1fFbgCQPQ,Opportunity,,
00TmdnmqxWqA3qyUHP,Send workshop summary,In Progress,Normal,2023-05-17,Call,Synthetic follow-up activity for CRM workflow testing.,2022-03-09T21:26:38Z,0,001HgM5pPhwEa9BAOB,Account,0030LfI9bdZF3eQINR,Contact
00TDais6MQyu7AK2AG,Send workshop summary,Waiting on someone else,Normal,2022-10-12,Other,Synthetic follow-up activity for CRM workflow testing.,2021-09-12T10:06:29Z,0,001zDxxuW7kQ4BrAGJ,Account,003R375X0ukUtivI7U,Contact
00TCdmOQhSeAl2x25L,Review requirements,Not Started,Normal,2021-09-24,Email,Synthetic follow-up activity for CRM workflow testing.,2025-03-21T06:01:08Z,0,,,00Q8IezAUTmLDYGEVW,Lead
00TzDVYcPABeiYSE0B,Send workshop summary,Not Started,High,2024-02-01,Email,Synthetic follow-up activity for CRM workflow testing.,2025-08-08T16:09:04Z,0,800UuAJBnXDz811QU5,Contract,00Ql4BryXQwy03lEP2,Lead
00T0tlVgx8ifvDNUOA,Send workshop summary,Waiting on someone else,High,2025-05-14,Call,Synthetic follow-up activity for CRM workflow testing.,2025-06-05T03:31:59Z,0,7017OD7USLqvwTSQ40,Campaign,003K076t9EMOdrZIMF,Contact
00T2rbzZN3iOaGMUIE,Send workshop summary,Completed,High,2026-03-03,Email,Synthetic follow-up activity for CRM workflow testing.,2022-09-09T06:39:57Z,1,000CQ9iBxBhpsC9QI8,Opportunity,00368NY30vMuB89IPE,Contact
00TCKpT0jUsA0MVUWE,Review requirements,In Progress,Normal,2023-07-29,Call,Synthetic follow-up activity for CRM workflow testing.,2026-02-19T02:14:41Z,0,001181P9BD1hpxgATH,Account,003OSDMabqDksLrQD8,Contact
00TanW9YuAyTr4oMHX,Review requirements,Completed,High,2022-12-18,Email,Synthetic follow-up activity for CRM workflow testing.,2022-12-05T17:23:23Z,1,721GTQKklxSg6U2AAT,Opportunity,003u51IMmAMkN2vAOO,Contact
00Tu2qI4EmsWPrr2LL,Review requirements,Not Started,Low,2022-11-26,Call,Synthetic follow-up activity for CRM workflow testing.,2022-12-22T00:55:03Z,0,02imLIUemjZZ6rpY1F,Asset,003VmqiZ33dpcQtYHJ,Contact
00T41Ksnz25mN5XEZW,Review requirements,Waiting on someone else,High,2026-04-14,Call,Synthetic follow-up activity for CRM workflow testing.,2022-05-21T18:39:14Z,0,80ig0h44cCZ9guhILV,Opportunity,003D1HiqSb3yIm1QDF,Contact
00TjqQhXGx5yf1V27H,Review requirements,Waiting on someone else,Low,2022-07-04,Email,Synthetic follow-up activity for CRM workflow testing.,2024-11-13T19:43:10Z,0,001EzVzzzPDO3QjIJG,Account,003QUdPFTL5lmb9I29,Contact
00TIS8qS3ZkB9O3UZP,Review requirements,Not Started,High,2025-07-15,Email,Synthetic follow-up activity for CRM workflow testing.,2022-06-11T21:07:43Z,0,001OyqT9LtQtE0fYGU,Account,003GweaslhRRyCLI5I,Contact
00T1D8OgWPxFUSMMOX,Follow up,Waiting on someone else,Normal,2025-01-31,Email,Synthetic follow-up activity for CRM workflow testing.,2024-09-30T22:14:50Z,0,0017zKMESrLRf4iY3C,Account,,
00TqiWgnhfRTYBiEA8,Follow up,Deferred,Low,2024-01-30,Email,Synthetic follow-up activity for CRM workflow testing.,2024-08-23T07:27:40Z,0,020Gm4fyvFYFOodYIU,Opportunity,003unNnhg4TgV1tAY1,Contact
00TjnNm33A53pDS2ND,Send workshop summary,In Progress,Normal,2021-08-31,Email,Synthetic follow-up activity for CRM workflow testing.,2024-08-07T09:15:56Z,0,0016aFsydu36rL2Y22,Account,003SNyJjjgE6TBNYAD,Contact
00TNdrV07Cb7u0mEDA,Follow up,Deferred,Low,2025-06-18,Other,Synthetic follow-up activity for CRM workflow testing.,2023-11-30T11:23:27Z,0,,,003KMIv36mAkfsUY6C,Contact
00TvyLr5DtR3LeWU5Z,Follow up,Completed,Normal,2024-11-18,Email,Synthetic follow-up activity for CRM workflow testing.,2022-02-09T15:47:19Z,1,02iZj7jwXsmGcm2AJZ,Asset,00QXLjQ6nKc1Ai9RKU,Lead
00Tt2MuaWTvVHMfM9U,Follow up,Waiting on someone else,High,2023-04-04,Call,Synthetic follow-up activity for CRM workflow testing.,2022-05-15T05:21:07Z,0,006vG1ZO5JrIFxYAHH,Opportunity,003lZRttcGpB1etYSU,Contact
00ToIBmhhWw9kKb2HP,Send workshop summary,In Progress,High,2026-06-21,Other,Synthetic follow-up activity for CRM workflow testing.,2025-02-26T20:11:34Z,0,500UJEy9vlaphnDYJN,Opportunity,003QN7E7foReTpiAH3,Contact
00TgjpR8B3YfnKMEMV,Review requirements,Deferred,High,2022-06-25,Other,Synthetic follow-up activity for CRM workflow testing.,2021-11-14T19:06:42Z,0,,,00QondrJiMGVh5X22R,Lead
00TFmOqkrC9kUGrU61,Prepare proposal,Not Started,Low,2022-07-03,Call,Synthetic follow-up activity for CRM workflow testing.,2023-06-01T11:56:52Z,0,5001fC6x5AohGAcYO2,Case,003eWhmT5dPzHuRQTV,Contact
00TY9rxB3eTMWWpU78,Review requirements,Waiting on someone else,Normal,2022-11-07,Call,Synthetic follow-up activity for CRM workflow testing.,2024-01-04T22:53:52Z,0,7017CM39bNZR7A7Q8R,Campaign,00QHOErhWN0j3DIE08,Lead
00TFUuNUm0xuetL2T6,Review requirements,Not Started,High,2021-04-07,Other,Synthetic follow-up activity for CRM workflow testing.,2022-12-23T18:48:35Z,0,500kkcxllC5G3rrIXP,Case,003xBwIhy1a5i6GY0X,Contact
00T7BrbHHhxYx5AUPN,Send workshop summary,Completed,Normal,2023-03-14,Other,Synthetic follow-up activity for CRM workflow testing.,2023-12-14T17:44:13Z,1,800yvXK4DCxcbU3QSU,Contract,00QcukeQ4KPYFco235,Lead
00TojfIRVa6k8ouEV0,Follow up,Deferred,Low,2022-02-25,Call,Synthetic follow-up activity for CRM workflow testing.,2022-01-03T05:09:40Z,0,500xH6PMRxNjCeUQE0,Case,003mUajdwv6lK8jIWY,Contact
00TJcpvv9YR9TEQM24,Review requirements,Completed,High,2021-11-20,Call,Synthetic follow-up activity for CRM workflow testing.,2021-07-29T19:57:16Z,1,006I9L295zXfyQJIBG,Opportunity,00QOFJ1UmuNsap0MBA,Lead
00TQexivtkOlPQmMLD,Follow up,Deferred,High,2023-03-29,Email,Synthetic follow-up activity for CRM workflow testing.,2026-05-09T14:31:00Z,0,001IDl2DWYpmmF7QG7,Account,,
00T9F8slgn6hT4ME5C,Prepare proposal,Waiting on someone else,High,2023-04-29,Other,Synthetic follow-up activity for CRM workflow testing.,2024-06-18T04:18:02Z,0,500XG8Nn2qy03aLQN6,Case,003FIVmek07UaeQASM,Contact
00T9dGVJFnqTGeeUA1,Follow up,Deferred,Low,2024-06-01,Call,Synthetic follow-up activity for CRM workflow testing.,2024-05-19T08:10:48Z,0,0018fHG08zFMfdsQ4N,Account,003t59Q046U5DdBQBI,Contact
00TouedWdSGLO0W293,Review requirements,In Progress,High,2022-07-06,Email,Synthetic follow-up activity for CRM workflow testing.,2021-10-13T10:42:13Z,0,02ijjXklJJlvjKqI7P,Asset,003EpjnKkzz0vR9I8W,Contact
00TG9EcnkCxXqD7MHP,Follow up,Deferred,Normal,2026-04-22,Email,Synthetic follow-up activity for CRM workflow testing.,2025-07-27T06:12:49Z,0,02idQzc0gbY6RjVIT9,Asset,,
00T3jecf1JJ3LnB2RA,Review requirements,In Progress,High,2022-04-13,Other,Synthetic follow-up activity for CRM workflow testing.,2021-02-12T01:40:16Z,0,020fW53Isoqztc4QVF,Opportunity,003DFx9HNm88TcXICQ,Contact
00TgoAGKHdsEqDzMYX,Send workshop summary,Completed,High,2023-12-19,Email,Synthetic follow-up activity for CRM workflow testing.,2022-03-05T07:12:57Z,1,500wrP3FKWu1E6MYGA,Case,,
00TvRj8oDUzEoyYMQQ,Send workshop summary,Completed,Normal,2022-03-26,Other,Synthetic follow-up activity for CRM workflow testing.,2023-08-30T16:26:33Z,1,500soCGkCTJ00RqYQ7,Case,003nGkRyMWyM2SMA66,Contact
00T7oZXqL2OTSFHEE5,Review requirements,Deferred,High,2022-06-30,Email,Synthetic follow-up activity for CRM workflow testing.,2022-08-11T22:21:40Z,0,001o5vm8lqkBKW6I3B,Account,003tvCM1fcuqQpjIHZ,Contact
00TaUPfTFY2vZ84M0L,Send workshop summary,In Progress,Normal,2026-07-21,Other,Synthetic follow-up activity for CRM workflow testing.,2025-10-17T21:13:42Z,0,500EZnrltFyqJuiAOM,Case,00376YCBgwVOAc2I8M,Contact
00Tscg0850vR3vDEIP,Follow up,Not Started,Low,2021-09-29,Email,Synthetic follow-up activity for CRM workflow testing.,2023-10-07T06:08:30Z,0,006yjjkxIJr8JLMA8T,Opportunity,,
00TkK7kDgF0faqaMWF,Review requirements,Not Started,Normal,2026-07-11,Call,Synthetic follow-up activity for CRM workflow testing.,2024-03-01T20:49:33Z,0,810xadwgfYTSBtSIEZ,Order,00Ql0D0a4TEiJz72JV,Lead
00TTYnChchTBlNAE4B,Follow up,Waiting on someone else,Low,2025-03-05,Other,Synthetic follow-up activity for CRM workflow testing.,2025-01-22T11:47:50Z,0,0060fyqkOBlBEsPIQ3,Opportunity,,
00T6OIj0Tq6znCGENM,Prepare proposal,Not Started,Low,2022-12-20,Other,Synthetic follow-up activity for CRM workflow testing.,2026-05-26T03:34:36Z,0,701QvNzI8kZyr86YGN,Campaign,00QT6v8z4odWhxSEFH,Lead
00T3qzLnr31SxgtEXR,Review requirements,In Progress,Low,2024-02-04,Other,Synthetic follow-up activity for CRM workflow testing.,2023-09-18T08:55:30Z,0,011rT8TLmm58O2vILC,Opportunity,003aMwKdhCyWygqQZE,Contact
00TBYUJwntCkzWE2FJ,Review requirements,Deferred,Normal,2025-06-13,Call,Synthetic follow-up activity for CRM workflow testing.,2022-03-23T13:31:17Z,0,000xXneMwf8WkNFIAK,Opportunity,0034xXN6eTO5dm0ACL,Contact
00TAawtTcjPvZsW22H,Follow up,In Progress,Low,2024-10-08,Email,Synthetic follow-up activity for CRM workflow testing.,2024-03-30T20:36:51Z,0,,,003t69nGwXnU10oIEM,Contact
00Tm0pteKgQHx33U5M,Review requirements,Not Started,Normal,2023-12-27,Other,Synthetic follow-up activity for CRM workflow testing.,2021-01-25T00:28:56Z,0,,,00QS5B6PThaYMLmMDC,Lead
00TnvqvVYDW4NGtMBD,Review requirements,Completed,Low,2025-05-15,Email,Synthetic follow-up activity for CRM workflow testing.,2026-02-03T09:47:24Z,1,,,003rYm1EAhfyJPyQ52,Contact
00T5ShJIrJeeW33UAA,Prepare proposal,Deferred,Low,2026-04-21,Call,Synthetic follow-up activity for CRM workflow testing.,2024-12-22T16:17:40Z,0,020CZweFplpAgAGALQ,Opportunity,003oeoe9jMRJtsFIXM,Contact
00TUoYfgdIx4jl52AL,Prepare proposal,In Progress,Low,2024-07-01,Other,Synthetic follow-up activity for CRM workflow testing.,2022-02-16T05:21:20Z,0,500Uk3okJz39prIYQG,Case,003ftniDDEnnixkI5V,Contact
00TyX4UfOyt5MRPUEK,Send workshop summary,Completed,Low,2025-05-27,Other,Synthetic follow-up activity for CRM workflow testing.,2022-06-27T12:29:39Z,1,71tJO4I6W8tx8W3YAF,Opportunity,,
00TnQ6O2P9TKFQrEPT,Follow up,Not Started,Low,2021-07-01,Other,Synthetic follow-up activity for CRM workflow testing.,2026-05-23T06:13:59Z,0,02i4KScSo2o6frjA8N,Asset,00QPUAlbV7iQrv52HW,Lead
00TWwQTzenW2vttMNN,Send workshop summary,Not Started,Low,2022-06-30,Other,Synthetic follow-up activity for CRM workflow testing.,2026-06-30T04:46:17Z,0,001smmPkB9oOSZnIQW,Account,003NoFKJ7oGwsLIA00,Contact
00TTNVWXxFPx1qDEIA,Prepare proposal,Deferred,High,2026-06-18,Other,Synthetic follow-up activity for CRM workflow testing.,2024-05-15T03:57:00Z,0,01t0wjd70NYkcAlQRW,Order,,
00TCv3bUzqTTuPyUI9,Prepare proposal,Completed,High,2023-08-04,Other,Synthetic follow-up activity for CRM workflow testing.,2021-07-10T13:17:09Z,1,001CWFhyR8QJd16AFG,Account,003hqbH6MOp2WJZYXE,Contact
00T8mtR8eTHyZbw2Z8,Prepare proposal,Completed,Normal,2022-03-04,Call,Synthetic follow-up activity for CRM workflow testing.,2023-11-21T13:05:59Z,1,500TyDPH2Ju5MGMI2J,Case,,
00TScDRRe44F9cJM40,Review requirements,Deferred,Normal,2023-05-08,Call,Synthetic follow-up activity for CRM workflow testing.,2023-05-23T07:22:22Z,0,5005GHVtmCPkKRcA9X,Case,003TRozbZoPm9luQBT,Contact
00ThRJH9IIE5MdB2F0,Send workshop summary,In Progress,Normal,2023-05-21,Email,Synthetic follow-up activity for CRM workflow testing.,2023-06-29T20:36:51Z,0,701dYnYIqY2uFSNQNW,Campaign,003GweaslhRRyCLI5I,Contact
00TAU2xxTGM8gLl286,Prepare proposal,In Progress,High,2022-05-17,Call,Synthetic follow-up activity for CRM workflow testing.,2024-04-27T17:52:29Z,0,,,003rzl8QJiye2xyYHC,Contact
00TZjfAmVd4KDmbESH,Review requirements,Waiting on someone else,High,2022-01-29,Email,Synthetic follow-up activity for CRM workflow testing.,2025-02-27T16:14:13Z,0,02izWOGqfg0dxi1QLT,Asset,003ZxD9O5JnqIAYQDK,Contact
00TYr2koTC6MFVoUTI,Review requirements,In Progress,High,2023-06-28,Email,Synthetic follow-up activity for CRM workflow testing.,2024-09-02T18:13:32Z,0,0012tOpQ4NIa7RbIUI,Account,003j2jAFojW9qjMQDM,Contact
00TsopTSnrzCWieU3S,Send workshop summary,Waiting on someone else,Normal,2022-08-14,Other,Synthetic follow-up activity for CRM workflow testing.,2025-01-04T18:00:38Z,0,006t7dR1cWsHmILAD0,Opportunity,003I7Bgv5zLxifTI9W,Contact
00TkUDNLQVFpU3525P,Review requirements,In Progress,Normal,2023-02-20,Call,Synthetic follow-up activity for CRM workflow testing.,2021-09-25T02:09:03Z,0,001vuI7W5NKUSqVAGG,Account,003OnVQVbt2cOpYA2L,Contact
00Tsqb1GDWKsJMSUI3,Review requirements,Deferred,Low,2025-11-01,Email,Synthetic follow-up activity for CRM workflow testing.,2026-03-21T09:10:59Z,0,5001fwepBWA5a9AQZE,Case,003n4PysdqBrgwXIT1,Contact
00TnmCOKCrhj4i4EEP,Review requirements,Deferred,Low,2026-07-15,Other,Synthetic follow-up activity for CRM workflow testing.,2022-03-09T13:16:04Z,0,,,003pLHDBsvaSNsGQ3J,Contact
00TxZsN1zU4gD0BUBR,Review requirements,Not Started,Normal,2025-06-20,Call,Synthetic follow-up activity for CRM workflow testing.,2025-12-11T10:22:57Z,0,5113O7OhVyVpRRPISJ,Opportunity,003FIVmek07UaeQASM,Contact
00TlHghHomR7LId2OH,Review requirements,Deferred,Low,2024-08-19,Email,Synthetic follow-up activity for CRM workflow testing.,2022-08-31T13:28:41Z,0,02ipvKudlT5HYG0I7R,Asset,003Askqgi8RnpSJYJS,Contact
00T9jmPMxNgZvrhEKM,Send workshop summary,Deferred,High,2025-07-27,Call,Synthetic follow-up activity for CRM workflow testing.,2025-06-21T11:22:39Z,0,001OyqT9LtQtE0fYGU,Account,003gekCFe076ACrQZB,Contact
00TB3p8F3DlBXVuUT6,Prepare proposal,Completed,Normal,2025-04-09,Email,Synthetic follow-up activity for CRM workflow testing.,2022-01-21T00:45:42Z,1,02innuEIwIS2IwIYZG,Asset,00QD7KZq4YcZLbJME7,Lead
00TWywvPNngf5MJUP4,Review requirements,Waiting on someone else,Low,2024-06-22,Email,Synthetic follow-up activity for CRM workflow testing.,2023-02-10T13:07:21Z,0,001FHyBhLc8CzxgIVO,Account,00QzHMoUzMzuv8NUN2,Lead
00TtFwBn4RY00eCM2D,Prepare proposal,In Progress,Normal,2024-05-20,Call,Synthetic follow-up activity for CRM workflow testing.,2026-06-01T23:44:42Z,0,500GNVrc6gXTxd1QMP,Case,003RrRSggJEjfUiQAM,Contact
00TO5k6OQ4zfkNe21Y,Prepare proposal,Not Started,High,2024-10-20,Call,Synthetic follow-up activity for CRM workflow testing.,2021-07-22T22:44:32Z,0,701i2j2Ro2oGSq7QE2,Campaign,003Vq9Ox7LeTk4GQP4,Contact
00TB99w5khrJ3rP2PU,Review requirements,Not Started,Low,2026-07-05,Other,Synthetic follow-up activity for CRM workflow testing.,2024-01-27T05:47:24Z,0,001dVg5Hd2ux7OeY11,Account,003JvekNEObXCPCYL1,Contact
00TVCcVDYDhSDGgU71,Follow up,Completed,Normal,2024-03-24,Other,Synthetic follow-up activity for CRM workflow testing.,2021-02-13T16:47:55Z,1,006wYYi8zWX9AwWQDM,Opportunity,,
00Tvz5ip84U3vpQU23,Prepare proposal,Waiting on someone else,Low,2022-05-25,Email,Synthetic follow-up activity for CRM workflow testing.,2024-12-02T06:10:17Z,0,02ib8TFIsq2hebmI4U,Asset,00QEldfA0jXQydJEOC,Lead
00TLpufgavPNwhEEUH,Prepare proposal,In Progress,High,2021-07-27,Other,Synthetic follow-up activity for CRM workflow testing.,2024-05-31T06:59:42Z,0,001SDonDyKHRDRwYPS,Account,003AqyY2IfcYiBkQLX,Contact
00TJAswU3ostJLAM2P,Review requirements,Completed,High,2026-02-09,Email,Synthetic follow-up activity for CRM workflow testing.,2025-05-22T15:45:46Z,1,500yArYD9MsIccsQ0B,Case,003KbhyQIJhcY5vI43,Contact
00TxJb8dF7zIMY52BE,Send workshop summary,Waiting on someone else,High,2026-01-03,Call,Synthetic follow-up activity for CRM workflow testing.,2022-11-11T02:42:28Z,0,,,003cXEiEfiPaRQlAUB,Contact
00T6REyPShzD0E42MR,Follow up,In Progress,Low,2022-07-26,Other,Synthetic follow-up activity for CRM workflow testing.,2021-11-19T01:09:10Z,0,5004gW2JczLKzRcY3O,Case,003mvVQdkNBgEFkA0U,Contact
00TmHBY0qLnwsen2BT,Follow up,In Progress,High,2025-11-23,Call,Synthetic follow-up activity for CRM workflow testing.,2021-01-02T10:59:53Z,0,001pIL1pKCki17BQWN,Opportunity,00QTlxz8UGwcfV8U3D,Lead
00TBzYRNP9cT4QRE0E,Send workshop summary,Deferred,Normal,2022-07-09,Call,Synthetic follow-up activity for CRM workflow testing.,2024-01-02T18:59:29Z,0,001CnMOxOxVLCc3Q42,Account,003QrRvnnVKkSS9Y72,Contact
00TQIS3oDt3qbi5M8T,Prepare proposal,Deferred,High,2021-09-05,Other,Synthetic follow-up activity for CRM workflow testing.,2024-10-28T21:24:48Z,0,006fvC7r6Ji9oWJIDG,Opportunity,003Askqgi8RnpSJYJS,Contact
00TdqHjmPqI6zsRUF9,Follow up,Waiting on someone else,Low,2025-08-02,Other,Synthetic follow-up activity for CRM workflow testing.,2022-09-12T02:40:36Z,0,006ZjnXTyzgUqNsYQQ,Opportunity,00Q6jb9Jd217AZoETU,Lead
00TCyBXaxR99oYEURB,Prepare proposal,Deferred,Low,2025-03-23,Email,Synthetic follow-up activity for CRM workflow testing.,2023-09-03T22:15:03Z,0,,,003daBHrJZWTu78QJK,Contact
00TzIyzThFLbWkjUFZ,Review requirements,Deferred,Low,2023-03-04,Other,Synthetic follow-up activity for CRM workflow testing.,2024-06-29T18:39:02Z,0,700xlDDxmPozXu1YYY,Opportunity,003CTAk4NcTPhsDQVS,Contact
00TGcAe8D4eZ9PBUPO,Review requirements,Deferred,Normal,2023-08-18,Call,Synthetic follow-up activity for CRM workflow testing.,2023-11-20T23:23:10Z,0,001kgFF0qALhnGGYD4,Account,00QBNQnIQdFJgxdU3B,Lead
00T1aMgrAXrNBdaEJ7,Prepare proposal,Not Started,High,2025-10-26,Call,Synthetic follow-up activity for CRM workflow testing.,2021-03-22T06:46:41Z,0,006B0jdoc5Fc2l1QYJ,Opportunity,00QfCx4NNXA5c34EGV,Lead
00TOZHdGkirqbV7MQW,Prepare proposal,Not Started,Normal,2025-04-01,Call,Synthetic follow-up activity for CRM workflow testing.,2021-08-07T06:33:06Z,0,,,0034zSxLgVmoVOHI64,Contact
00TiQ2qWpkrWGxk2PL,Follow up,Deferred,Low,2024-12-05,Call,Synthetic follow-up activity for CRM workflow testing.,2024-07-11T17:38:55Z,0,5000rFxaQI1WMv2QP4,Case,00QWwbJ2QCGW3wtMF8,Lead
00TnKzu90ydNTz7ML8,Prepare proposal,In Progress,Low,2026-02-03,Other,Synthetic follow-up activity for CRM workflow testing.,2025-03-31T19:18:06Z,0,001cvG5DjhEsIaIAD0,Account,003IJxV7zNMr7FtARO,Contact
00TetSVwth0KwfnUER,Review requirements,Waiting on someone else,High,2025-04-08,Email,Synthetic follow-up activity for CRM workflow testing.,2021-05-13T22:24:00Z,0,001Mpyhcy0YjCuyQPK,Account,003S8wRLfGomGFCAY7,Contact
00TjvJFzMA8NOJg25M,Review requirements,Waiting on someone else,Low,2023-10-24,Other,Synthetic follow-up activity for CRM workflow testing.,2022-10-13T21:50:07Z,0,500HF2BeFGvzcbPAZJ,Case,,
00TstAm1V0kYEaaUK2,Send workshop summary,In Progress,Normal,2024-08-09,Call,Synthetic follow-up activity for CRM workflow testing.,2021-07-14T01:16:44Z,0,500CuCU7UkQDd2SI2Q,Case,003GweaslhRRyCLI5I,Contact
00TYj6mGNEjEgMn2HM,Follow up,Waiting on someone else,Low,2025-04-11,Email,Synthetic follow-up activity for CRM workflow testing.,2024-04-10T12:58:56Z,0,001I5KBo2Mtskg9I6K,Account,003AEFK8qD0BZH4AK2,Contact
00Ty6PELJcshmSWM90,Prepare proposal,Waiting on someone else,Low,2023-08-26,Other,Synthetic follow-up activity for CRM workflow testing.,2022-05-31T07:17:53Z,0,,,003SCzJSSK6msjoI1S,Contact
00TbJalTY3IWa7BU9T,Prepare proposal,Not Started,Low,2025-11-06,Email,Synthetic follow-up activity for CRM workflow testing.,2022-10-29T08:20:11Z,0,500REMG5fk9yOgbAWP,Case,003k4Y5lXmxalZuIH3,Contact
00Tb49kEnf39ruTMMV,Prepare proposal,Not Started,Low,2025-11-23,Other,Synthetic follow-up activity for CRM workflow testing.,2022-09-09T05:29:37Z,0,,,003brEV4p2S3vBCA3J,Contact
00ThfEq0pfbzSx2US1,Send workshop summary,In Progress,Normal,2023-11-19,Email,Synthetic follow-up activity for CRM workflow testing.,2025-06-07T03:04:33Z,0,50077C3c6mOHdLkY9E,Case,003LuPeALFLZz60QDO,Contact
00TUH6DCZrFvxYFUJF,Send workshop summary,Not Started,Low,2023-12-20,Call,Synthetic follow-up activity for CRM workflow testing.,2023-07-03T03:41:32Z,0,000ueRK1nJtbEd2QSK,Opportunity,,
00T1qRup3aWeMMJU3S,Prepare proposal,Completed,Normal,2024-05-21,Call,Synthetic follow-up activity for CRM workflow testing.,2022-02-26T20:10:47Z,1,71tJjIveWMK8HThASC,Opportunity,003EwvbyLlUL57XQ7B,Contact
00TeFaks2S6R26BMZM,Follow up,Not Started,Low,2026-08-01,Email,Synthetic follow-up activity for CRM workflow testing.,2025-01-10T15:42:11Z,0,7009ndT7eooqEpOQ0X,Opportunity,,
00Txren15B8qY8EMLQ,Prepare proposal,Deferred,High,2023-08-23,Call,Synthetic follow-up activity for CRM workflow testing.,2023-10-16T01:01:18Z,0,001CWFhyR8QJd16AFG,Account,00QgiI7zEZib3zx219,Lead
00TbLlI38l3IuIlEC3,Prepare proposal,Deferred,Low,2025-04-22,Call,Synthetic follow-up activity for CRM workflow testing.,2021-04-29T00:43:17Z,0,0012Sv7fgBrqn2tAX8,Account,0039R8Ib9TvdDA2IM7,Contact
00T4peeSSqTpHRDMU0,Review requirements,Waiting on someone else,Low,2023-06-21,Call,Synthetic follow-up activity for CRM workflow testing.,2023-06-06T03:36:54Z,0,00iWWIiZJvnLomcIG5,Opportunity,,
00Tnv30x8y6vhbVMY4,Follow up,In Progress,Normal,2021-06-12,Other,Synthetic follow-up activity for CRM workflow testing.,2023-03-07T16:44:13Z,0,810Np4XhG7rD2G2QBP,Opportunity,,
00T3kjuykYVagO82SD,Follow up,Deferred,Low,2024-01-20,Email,Synthetic follow-up activity for CRM workflow testing.,2022-04-28T07:05:31Z,0,500IAVao4praZZ0YT7,Case,003tJXtlaXNJ12jYX3,Contact
00Tk63oGgYP5TFkMU1,Review requirements,Deferred,High,2026-01-12,Email,Synthetic follow-up activity for CRM workflow testing.,2023-09-15T15:27:48Z,0,00152hx60eiLsO2QGQ,Account,003EJ4ahhuV0HGbIS4,Contact
00T8DPze0BoEwHrMB1,Send workshop summary,Completed,High,2025-12-01,Email,Synthetic follow-up activity for CRM workflow testing.,2023-05-07T17:29:27Z,1,,,003kW1RmJgDMQSFQN7,Contact
00TpVOhoPF7nRSV281,Prepare proposal,Deferred,Normal,2022-11-26,Other,Synthetic follow-up activity for CRM workflow testing.,2024-01-07T00:08:32Z,0,02iDiH5b3gdF6YhI9E,Asset,00334AohxHZpdepQZO,Contact
00T8LuXD75sWulcMU0,Follow up,Deferred,High,2022-01-18,Other,Synthetic follow-up activity for CRM workflow testing.,2024-05-06T14:20:47Z,0,0018wiQDxKxpFvLYGU,Account,00Q7e7Briy5g5mcEG3,Lead
00ThEw2z8tQj7oUUAX,Review requirements,Waiting on someone else,High,2025-10-07,Other,Synthetic follow-up activity for CRM workflow testing.,2022-03-15T11:54:39Z,0,001Mpzq9x2yVI5HAED,Account,00QIY2JPX5XnQcKEIS,Lead
00TP5nnvA1GUxlzU28,Review requirements,Waiting on someone else,Low,2023-09-23,Call,Synthetic follow-up activity for CRM workflow testing.,2022-11-14T14:42:18Z,0,510VO5MURhSxzZ6AYH,Opportunity,00QXcSGioX3xYKoETX,Lead
00TiaE2raEWs9JNMRJ,Send workshop summary,Completed,Normal,2025-06-24,Call,Synthetic follow-up activity for CRM workflow testing.,2023-06-24T19:13:34Z,1,8003pYkfPEaHw6gI1Y,Contract,00Q43nkjUXLuPg7W79,Lead
00Toh8u0k8AIiEPUXB,Prepare proposal,Not Started,High,2022-02-04,Call,Synthetic follow-up activity for CRM workflow testing.,2022-06-30T06:29:35Z,0,00152hx60eiLsO2QGQ,Account,003GweaslhRRyCLI5I,Contact
00Tr9nOvuGQd4H0ECL,Review requirements,Completed,Normal,2023-07-15,Other,Synthetic follow-up activity for CRM workflow testing.,2022-05-08T01:44:52Z,1,001Wabd306Y5T2XYBQ,Account,003DmIhesMxMxM7IHY,Contact
00TQFcJQ5OScf3O2K7,Prepare proposal,Waiting on someone else,High,2026-04-24,Email,Synthetic follow-up activity for CRM workflow testing.,2023-09-03T19:45:59Z,0,001JX719udcxa4uA9H,Account,00Q8ceKhpJKWFEYUAV,Lead
00TSmfSNd4bP20aEEU,Send workshop summary,Completed,Low,2025-06-05,Call,Synthetic follow-up activity for CRM workflow testing.,2024-04-18T06:55:45Z,1,02i4u6Dkqrp0RMkYDG,Asset,00QhL5INtD0GhA62N6,Lead
00TVz9kQ9vPTWU3U6H,Prepare proposal,Waiting on someone else,Normal,2022-08-14,Email,Synthetic follow-up activity for CRM workflow testing.,2026-02-06T07:05:53Z,0,7016crDLINhcuvpAZH,Campaign,00QwcO51IcNkRVEEQU,Lead
00TXfOR9EdH9cy8UQQ,Prepare proposal,Completed,Normal,2023-05-28,Email,Synthetic follow-up activity for CRM workflow testing.,2021-03-15T12:26:23Z,1,001jIiXAhBEHXIPYQP,Account,003auAiDxfCBSfzQ4P,Contact
00T38wysCHlgdguM2U,Prepare proposal,Deferred,Normal,2023-01-09,Other,Synthetic follow-up activity for CRM workflow testing.,2025-09-03T04:09:33Z,0,500UeND2PDU2n95AXY,Case,003SGHtfbjI2AH1A2F,Contact
00TVUMHsGopJiRnEO1,Send workshop summary,Deferred,Normal,2021-07-05,Email,Synthetic follow-up activity for CRM workflow testing.,2024-01-25T10:31:49Z,0,701PZcJHywDjQ7GY21,Campaign,00Qzluph27tPiDOOWI,Lead
00Tcn4iRqdDVFENMLU,Prepare proposal,Deferred,Low,2021-10-28,Other,Synthetic follow-up activity for CRM workflow testing.,2023-04-11T12:50:07Z,0,01tNyyCG557IZVJAMV,Product2,,
00TXJILN0UemR3pMI6,Review requirements,Completed,Low,2025-02-05,Other,Synthetic follow-up activity for CRM workflow testing.,2022-11-08T18:10:31Z,1,810AfXY7CkI2OtTAKH,Opportunity,003gEccA5slZCWYYJF,Contact
00TQ0qc7wM5426qUJT,Review requirements,In Progress,Normal,2022-07-09,Email,Synthetic follow-up activity for CRM workflow testing.,2026-06-21T17:11:59Z,0,001C3SilogoPTPGIWX,Account,,
00T0zwvEjSQGpxX20I,Send workshop summary,Completed,High,2021-07-14,Other,Synthetic follow-up activity for CRM workflow testing.,2021-11-10T12:59:54Z,1,821L2kXekYpaJdVIFT,Opportunity,00QjnANlTxiYCPP223,Lead
00TNYDvOg8BuZyyMSI,Review requirements,Deferred,Low,2024-05-06,Email,Synthetic follow-up activity for CRM workflow testing.,2024-06-01T23:43:04Z,0,500NUlbnTajFCVQQWU,Case,0039ldFG08cbPoeY3V,Contact
00T1iFj2FLmF8dYEUH,Prepare proposal,Completed,Normal,2026-01-03,Other,Synthetic follow-up activity for CRM workflow testing.,2021-02-05T07:12:46Z,1,72ieRpFxOglko7jQAZ,Opportunity,003hCTxoAAKlB9rYEF,Contact
00TchmxL9iqHWpn237,Send workshop summary,In Progress,High,2022-12-20,Call,Synthetic follow-up activity for CRM workflow testing.,2024-04-02T03:13:54Z,0,0012n9SIy3FafTfYR5,Account,003zxHlxoplJHvQY0O,Contact
00TAaCV1EQNJwsfE32,Prepare proposal,Completed,Low,2023-01-16,Email,Synthetic follow-up activity for CRM workflow testing.,2023-10-04T02:20:28Z,1,701xpHq35ZSnJpBQKY,Campaign,003GweaslhRRyCLI5I,Contact
00TTCYCo3EXG7AM2OR,Prepare proposal,In Progress,Low,2025-06-14,Email,Synthetic follow-up activity for CRM workflow testing.,2026-02-28T01:27:48Z,0,,,003Ja3ZcU2GKYT0ASX,Contact
00TQBG3RdyIdWVY2XO,Send workshop summary,Not Started,Normal,2023-10-11,Call,Synthetic follow-up activity for CRM workflow testing.,2022-05-14T06:47:33Z,0,001qn0PeVSegyj1AFD,Account,00QTMeVLjkN5y9JML2,Lead
00TfHvNmPLXaKddM1B,Prepare proposal,In Progress,Low,2024-01-22,Other,Synthetic follow-up activity for CRM workflow testing.,2021-08-09T02:46:15Z,0,52tJCz8frqchjyuY71,Opportunity,003snU4Vj0q5okhABH,Contact
00TycLRht34gTxFU1Q,Follow up,Waiting on someone else,Normal,2024-01-20,Email,Synthetic follow-up activity for CRM workflow testing.,2021-10-14T23:18:58Z,0,,,003CMYExvKPUP8QYBD,Contact
00TiSYeafj76H4p27U,Review requirements,Completed,Low,2024-04-21,Email,Synthetic follow-up activity for CRM workflow testing.,2023-11-07T04:40:36Z,1,006uJMzED6Hs1DdYML,Opportunity,003Nte2NbHH78qtQ8Y,Contact
00TEKFrh6wqUG3RULM,Follow up,In Progress,Low,2022-11-01,Call,Synthetic follow-up activity for CRM workflow testing.,2025-09-04T07:57:08Z,0,001OH94vlTF3MI8Y08,Account,0034AowUY4tLX6BIQL,Contact
00TmbTuDhgHuAYmMJL,Prepare proposal,Deferred,High,2024-07-10,Call,Synthetic follow-up activity for CRM workflow testing.,2023-04-21T18:37:52Z,0,001oowXHzEaXod1YS1,Account,003yrbLeuuGhniRI6Y,Contact
00TYTXkZIsREvZwUNA,Follow up,In Progress,Normal,2022-03-13,Other,Synthetic follow-up activity for CRM workflow testing.,2025-04-01T22:26:17Z,0,701dvFZxXgmRnlIQM7,Campaign,003DzsGx5Fq1lXTIVL,Contact
00Ta0qJd8IqNRoJUKT,Prepare proposal,Deferred,Low,2024-08-25,Call,Synthetic follow-up activity for CRM workflow testing.,2021-06-15T07:54:20Z,0,0010APGD8asQ2PkIS9,Account,003GweaslhRRyCLI5I,Contact
00TQMrzkY8QMevNM6K,Prepare proposal,In Progress,Normal,2025-01-21,Email,Synthetic follow-up activity for CRM workflow testing.,2022-08-26T10:29:43Z,0,001g2MhymLdN59YQJG,Account,,
00TQA9CKtOmC772MRP,Review requirements,Waiting on someone else,Low,2023-05-06,Other,Synthetic follow-up activity for CRM workflow testing.,2025-07-09T07:46:34Z,0,500hRGjE7ylNLtIY9Z,Case,00QNRtj0fYVmq1BES3,Lead
00Tlzg8JXjBepy0UXH,Follow up,Completed,Low,2022-03-18,Other,Synthetic follow-up activity for CRM workflow testing.,2022-10-04T20:46:39Z,1,701fkp1RoMk6AO1AXX,Campaign,00QAlAEj7WyoyRiEJQ,Lead
00TUP5ljLG31LPEEGW,Follow up,In Progress,High,2022-02-13,Email,Synthetic follow-up activity for CRM workflow testing.,2023-06-18T19:26:47Z,0,826D9dsQkzoc2OtQI8,Order,0038l4VIHmJKGOrWKN,Lead
00TTbpDcmJqRzV8MAV,Follow up,Waiting on someone else,Low,2025-12-15,Other,Synthetic follow-up activity for CRM workflow testing.,2022-01-24T08:04:21Z,0,001Pv3IESUoMrhiAAG,Account,,
00Ts4iiwoYWMrpSUAM,Prepare proposal,Waiting on someone else,Normal,2024-04-13,Other,Synthetic follow-up activity for CRM workflow testing.,2021-08-05T01:16:05Z,0,0012Mm2CXMo3FSXAIK,Account,0031VD9UKg8CI6sQCH,Contact
00Tn6juAnrWyME0EZQ,Review requirements,Waiting on someone else,Low,2023-10-11,Call,Synthetic follow-up activity for CRM workflow testing.,2026-05-23T11:24:25Z,0,500w2ZoJp80TQHoQGD,Case,00QX0cucWRdsAtW2TI,Lead
00TWc601jwo4KqqMCX,Review requirements,Deferred,Low,2025-04-16,Other,Synthetic follow-up activity for CRM workflow testing.,2024-01-18T23:18:59Z,0,001Zk4o7YhsJVX1ID0,Account,00QTRQM63oI6obeUL9,Lead
00TFRfKmFjuaKfY2PA,Send workshop summary,Waiting on someone else,High,2022-05-13,Other,Synthetic follow-up activity for CRM workflow testing.,2023-03-26T19:09:07Z,0,516RbQ68qhnEwc2A7F,Opportunity,00QfWxxlPAhVMeoEUJ,Lead
00T2047M20tEWgBMO6,Review requirements,Waiting on someone else,Normal,2022-01-12,Email,Synthetic follow-up activity for CRM workflow testing.,2025-03-13T09:58:24Z,0,506TIQmAgQS4CViAZA,Order,003fXRtYH2J1xp9ADS,Contact
00T0yI28K6FHCS4U7R,Review requirements,Not Started,High,2024-12-30,Other,Synthetic follow-up activity for CRM workflow testing.,2025-02-05T22:49:18Z,0,006l2kCS4zGpaLLQ1Y,Opportunity,003UPSyYLjPGpp7YUF,Contact
00T19B9aZR5XaGsUY5,Review requirements,Completed,High,2021-04-21,Email,Synthetic follow-up activity for CRM workflow testing.,2022-05-23T18:20:49Z,1,006hRvTZ1BxAoSuASY,Opportunity,00Q8GJ2lKvQS8AtEYS,Lead
00T3CxNgFYE0reC23I,Review requirements,Deferred,High,2021-08-31,Email,Synthetic follow-up activity for CRM workflow testing.,2025-12-22T14:50:53Z,0,001CobSEZTi3dLCAGD,Account,00QCQSEnKdMI4lrEIY,Lead
00Tk1JPONS4NLAt2XG,Send workshop summary,Completed,Normal,2021-02-10,Other,Synthetic follow-up activity for CRM workflow testing.,2025-05-10T13:27:37Z,1,001lY6NBb5ge9JhIW4,Account,003tmqZfelCT2roY1H,Contact
00T3rzDqbcOKf6wEK7,Prepare proposal,Not Started,Normal,2023-02-23,Other,Synthetic follow-up activity for CRM workflow testing.,2025-07-12T18:27:25Z,0,,,003v5R0JIimNeViI1D,Contact
00TJ7WIzYtR2t9VEOF,Prepare proposal,In Progress,High,2021-07-19,Other,Synthetic follow-up activity for CRM workflow testing.,2021-03-24T01:42:26Z,0,02iWQ1Dw1ZZTl1dQ6I,Asset,003H1yYI5SYtOjSAUN,Contact
00TGUSnWoGRbiTH2CZ,Review requirements,Waiting on someone else,Normal,2024-01-04,Call,Synthetic follow-up activity for CRM workflow testing.,2022-08-08T01:38:59Z,0,006heAy12n5PZdLIRF,Opportunity,003D3ER60MaDukjI8L,Contact
00TAcBSIh14OK6rMTW,Send workshop summary,Completed,Low,2026-09-08,Other,Synthetic follow-up activity for CRM workflow testing.,2025-10-07T18:26:47Z,1,011Y8cRXbmQoZrAA1Z,Opportunity,,
00TGTWNnlsjYXAXUK2,Send workshop summary,Deferred,High,2023-01-29,Other,Synthetic follow-up activity for CRM workflow testing.,2022-09-08T05:16:55Z,0,80ig0h44cCZ9guhILV,Opportunity,003nS90mp63emBUYK4,Contact
00TWFPjTtblronDM0P,Review requirements,Completed,Normal,2022-08-17,Other,Synthetic follow-up activity for CRM workflow testing.,2022-02-18T03:03:10Z,1,500h1cpNAtR7olFI8W,Case,,
00TVCJ7B9CDdJxpE1F,Follow up,Not Started,Normal,2024-10-17,Call,Synthetic follow-up activity for CRM workflow testing.,2022-08-28T22:26:20Z,0,801SCtGq9C4LLAiYDR,Order,003GweaslhRRyCLI5I,Contact
00TVd6orDcaEXC1MG3,Send workshop summary,Completed,High,2025-12-09,Other,Synthetic follow-up activity for CRM workflow testing.,2023-08-14T05:41:12Z,1,001rvlO3y0uELfOAW4,Account,003QUsbNgVxP4HJYE9,Contact
00TxHH1wn92V4loUM7,Send workshop summary,In Progress,Low,2023-01-23,Other,Synthetic follow-up activity for CRM workflow testing.,2022-12-07T07:37:40Z,0,701ij13ElUK36zHQ2S,Campaign,00311jogHN3a9H5QXX,Contact
00TJq1I6kHgs2iiENC,Review requirements,Not Started,High,2026-03-26,Email,Synthetic follow-up activity for CRM workflow testing.,2025-10-19T06:20:47Z,0,001lpuGrFmSTBnuY0M,Account,,
00Tb9PPz5yLXHVyU7O,Send workshop summary,In Progress,High,2022-04-12,Email,Synthetic follow-up activity for CRM workflow testing.,2022-01-06T20:42:36Z,0,011HMYcl7buHdcYITP,Opportunity,003KxmES9YIa9mhYTX,Contact
00TrShtPDypJccYUHD,Follow up,Waiting on someone else,Normal,2024-02-12,Call,Synthetic follow-up activity for CRM workflow testing.,2021-04-07T03:11:29Z,0,001vXGsLaTZksTjQHC,Account,003p3cVUtyPUKjfQZW,Contact
00Tpr3rvrVGw7SVEJA,Review requirements,Completed,Low,2022-06-01,Email,Synthetic follow-up activity for CRM workflow testing.,2022-03-23T16:57:47Z,1,02irF7bEDDnoCW3Q26,Asset,,
00T4m7YlO7og4ygECU,Prepare proposal,Waiting on someone else,High,2026-04-08,Call,Synthetic follow-up activity for CRM workflow testing.,2022-10-12T15:54:25Z,0,,,003ZbZQM8O4y5KxAWK,Contact
00TsV6ymZrxiN3mUX0,Prepare proposal,In Progress,High,2023-11-02,Email,Synthetic follow-up activity for CRM workflow testing.,2025-05-26T00:01:26Z,0,001lppe6kqinEz1A7H,Account,003ahAqxGiFFa9nI0R,Contact
00TFhpMTqExZhPNE79,Send workshop summary,Waiting on someone else,Low,2026-02-07,Other,Synthetic follow-up activity for CRM workflow testing.,2025-10-26T11:13:06Z,0,02isJnEDd16im2YAP0,Asset,003GweaslhRRyCLI5I,Contact
00TrsoaI3ghRlZyEIM,Prepare proposal,Deferred,Normal,2022-01-09,Other,Synthetic follow-up activity for CRM workflow testing.,2021-05-07T08:42:17Z,0,7016crDLINhcuvpAZH,Campaign,,
00TZ837YdfNoMeUUH0,Send workshop summary,In Progress,High,2026-05-09,Call,Synthetic follow-up activity for CRM workflow testing.,2024-02-08T06:09:56Z,0,,,0054QkW1xqHAAglL3Z,Lead
00TxLmy0GrDFHA8M2I,Prepare proposal,In Progress,Normal,2024-05-28,Other,Synthetic follow-up activity for CRM workflow testing.,2023-09-16T14:41:28Z,0,001J6hTar5vB37wAO0,Account,003KTlnkKDUBqWVAAT,Contact
00TgLaADR29O2at2XV,Send workshop summary,In Progress,Normal,2021-07-23,Call,Synthetic follow-up activity for CRM workflow testing.,2026-03-24T05:04:50Z,0,01tkl3rdZhto0MWIR8,Product2,,
00TxroUzk4qIQ5S2LF,Review requirements,Completed,High,2023-09-28,Call,Synthetic follow-up activity for CRM workflow testing.,2021-01-29T22:30:38Z,1,001IQ2ziiojxbf8YX5,Account,003iLR5JlCDCrUlAL8,Contact
00TdjhWVRKNdFDAMYU,Follow up,Waiting on someone else,High,2025-04-05,Email,Synthetic follow-up activity for CRM workflow testing.,2023-07-07T12:16:23Z,0,,,00QyiEEz76yhwEWUL1,Lead
00TyeAfvSqqtbk52TH,Follow up,Deferred,Normal,2025-10-27,Email,Synthetic follow-up activity for CRM workflow testing.,2024-05-21T03:50:39Z,0,80ig0h44cCZ9guhILV,Opportunity,,
00TOmSuWbobRZ6fEDN,Follow up,Deferred,Normal,2021-06-15,Call,Synthetic follow-up activity for CRM workflow testing.,2024-04-08T12:06:08Z,0,500i6KSoLAnIGUUA1M,Case,,
00TeeGGFKDfA2J82UG,Review requirements,In Progress,Normal,2024-04-13,Email,Synthetic follow-up activity for CRM workflow testing.,2025-06-01T22:03:58Z,0,0018YzqdxvbgCoaYQU,Account,003Bl4Pp2ZDOQYhACV,Contact
00TIsYMvRNxzfc9UN9,Prepare proposal,Deferred,High,2025-03-15,Call,Synthetic follow-up activity for CRM workflow testing.,2022-10-10T01:37:57Z,0,500h9P3mlO6anEqAP9,Case,0031mTVRNXQYf2KQP9,Contact
00TgMhyiYfWDgnO2R9,Follow up,Completed,Normal,2024-04-18,Other,Synthetic follow-up activity for CRM workflow testing.,2023-06-26T08:07:22Z,1,006hEzKERT2fiQWAH9,Opportunity,003CScrbDxLMgj6INJ,Contact
00TBFnjBr7wGp5FMOV,Follow up,Completed,High,2025-06-03,Call,Synthetic follow-up activity for CRM workflow testing.,2022-06-15T04:17:35Z,1,,,003mYFAFR2j9W73QKR,Contact
00TESAzWj2iZgoJEN5,Review requirements,In Progress,Normal,2024-04-20,Other,Synthetic follow-up activity for CRM workflow testing.,2024-09-12T14:36:29Z,0,,,0055104LMiqj6dJ1N2,Lead
00TcT9myPRTBsPD2HP,Follow up,Deferred,High,2021-02-03,Email,Synthetic follow-up activity for CRM workflow testing.,2023-02-06T03:55:19Z,0,500CpPcUfYURLpBIE4,Case,003fjlGN43BzzLPYAU,Contact
00TvpJpXYl1TIqeMUH,Prepare proposal,Completed,Normal,2021-09-05,Email,Synthetic follow-up activity for CRM workflow testing.,2025-10-12T22:45:15Z,1,5007Oa5OdaQvslbYGF,Case,003uwa0GaixV5VQI3X,Contact
00TMSL0vOi3onxO2WU,Review requirements,Deferred,Normal,2023-12-14,Other,Synthetic follow-up activity for CRM workflow testing.,2025-03-21T12:16:09Z,0,001nrvjrS2WHC2oY9X,Account,003nQPALgi7cRY6QP7,Contact
00ToY5270RqMOtKEKZ,Review requirements,Waiting on someone else,Low,2025-06-20,Call,Synthetic follow-up activity for CRM workflow testing.,2021-05-04T04:54:26Z,0,02ivvzDNdDThfw6A9F,Asset,003eWy6yqXeGgNqYTR,Contact
00TaP6cRysApCitEQP,Follow up,In Progress,Normal,2025-12-05,Email,Synthetic follow-up activity for CRM workflow testing.,2021-03-19T14:35:26Z,0,,,00QFbWAEK7XqJbz2G0,Lead
00TmQGeon2QsQqyE7N,Send workshop summary,Waiting on someone else,Normal,2026-05-21,Email,Synthetic follow-up activity for CRM workflow testing.,2025-11-27T14:12:50Z,0,001FHyBhLc8CzxgIVO,Account,003j6lagqBOKu57YGY,Contact
00THRekBYJfJlwMU91,Send workshop summary,Deferred,High,2022-05-26,Call,Synthetic follow-up activity for CRM workflow testing.,2021-10-15T17:54:33Z,0,500XSuoD1qUwO4wIO0,Case,003Tq49jYGnYlYbYDW,Contact
00TS2YMBr8BRPDHMRN,Send workshop summary,Not Started,Normal,2022-05-24,Call,Synthetic follow-up activity for CRM workflow testing.,2021-05-03T12:19:06Z,0,02i2rTyFlURCi23ALR,Asset,003w3bFh9tGTwKJIHB,Contact
00TrdX7g65hSC3I2GE,Send workshop summary,Waiting on someone else,Low,2021-09-04,Call,Synthetic follow-up activity for CRM workflow testing.,2023-03-10T10:33:05Z,0,,,00QJQ70t9RmaqiMEPF,Lead
00TwZS4xJUnmNrME8Z,Follow up,In Progress,Low,2021-06-18,Email,Synthetic follow-up activity for CRM workflow testing.,2022-10-10T10:01:05Z,0,,,0032UyKmMuogGHjQS5,Contact
00TAiHokVReA7EpUVE,Follow up,Completed,Low,2024-05-23,Other,Synthetic follow-up activity for CRM workflow testing.,2021-04-16T03:20:51Z,1,02iiy0f4ofGq3hXA97,Asset,00QzCwTrqFCCLLGEIJ,Lead
00TSDIOyNPvRjtJMTV,Send workshop summary,Completed,Normal,2021-04-15,Call,Synthetic follow-up activity for CRM workflow testing.,2023-03-11T19:14:22Z,1,01tyFDvfjAnoVc9Q1B,Product2,003MkeaqDigmSTCIHK,Contact
00TNmq5Z8U1Fp2Y2FD,Send workshop summary,Deferred,Normal,2024-11-25,Other,Synthetic follow-up activity for CRM workflow testing.,2021-09-04T03:48:45Z,0,00iA1KWe8K1vrY1ANF,Opportunity,003iPxRW4x8Atg0QMZ,Contact
00TboWMYrD4YJuJ2WI,Follow up,Deferred,High,2025-05-15,Other,Synthetic follow-up activity for CRM workflow testing.,2023-07-17T13:20:46Z,0,001RiZCg1UERbAvQWO,Account,003flXpFKtqP9t6Y13,Contact
00TWWY62DHgT32i2GQ,Follow up,Not Started,Normal,2023-01-01,Other,Synthetic follow-up activity for CRM workflow testing.,2022-04-04T18:46:56Z,0,706URexXAhKOqeCQCV,Opportunity,0031Zvig8Nwe5gjY3U,Contact
00TT7qiuk4QtjRlEB2,Prepare proposal,Deferred,Normal,2021-11-25,Email,Synthetic follow-up activity for CRM workflow testing.,2025-12-30T23:37:57Z,0,001EzVzzzPDO3QjIJG,Account,003ekyB4pNej2sIID3,Contact
00TotuhipQcY8DeE59,Follow up,Waiting on someone else,Low,2023-08-20,Call,Synthetic follow-up activity for CRM workflow testing.,2026-05-17T21:36:39Z,0,811XgwwZNuhL9tDQKC,Opportunity,003cMX0lIecSIbxYI1,Contact
00T8U31RrF0yf4YU1C,Send workshop summary,Not Started,High,2022-04-14,Email,Synthetic follow-up activity for CRM workflow testing.,2021-10-22T05:21:30Z,0,02i3YDMUSOboHqrY3V,Asset,,
00T8M3veL1A4TJTU16,Follow up,Waiting on someone else,High,2024-09-17,Call,Synthetic follow-up activity for CRM workflow testing.,2026-05-11T11:16:47Z,0,001ll0htSxmTlUFAHW,Account,0039xwRHwigsnXFQBC,Contact
00TrjZrZCuaSsWrM8Z,Prepare proposal,In Progress,High,2023-10-26,Call,Synthetic follow-up activity for CRM workflow testing.,2021-05-26T21:56:28Z,0,001Wabd306Y5T2XYBQ,Account,003fd0beHfeDCJbIXV,Contact
00TySQxPHZPI0zaMZ8,Review requirements,Completed,Normal,2025-04-01,Email,Synthetic follow-up activity for CRM workflow testing.,2023-10-04T20:25:08Z,1,01tJfY8BqOSVuBTQYL,Product2,003e5BCx9XKSAP3IU4,Contact
00TF3ru2jwwHXk6UAE,Review requirements,Waiting on someone else,Normal,2025-01-09,Call,Synthetic follow-up activity for CRM workflow testing.,2025-01-13T00:36:29Z,0,500wrP3FKWu1E6MYGA,Case,00Q9rCNWHEieugG2KQ,Lead
00TfLEox10DAK5d2DH,Review requirements,Deferred,Normal,2022-07-06,Email,Synthetic follow-up activity for CRM workflow testing.,2026-01-20T12:41:01Z,0,500p4F3KOcy3l7fIMK,Case,003KlIgjM61nu5oI9V,Contact
00Tl77exXOXSYZZMT7,Prepare proposal,Completed,Low,2024-10-18,Email,Synthetic follow-up activity for CRM workflow testing.,2023-10-23T09:27:54Z,1,800rB25qnUsPMDCAT8,Opportunity,0032p8oun2P6EjWAXK,Contact
00TzTFo6h3tE6C6U4Y,Review requirements,Not Started,Normal,2025-02-20,Email,Synthetic follow-up activity for CRM workflow testing.,2026-06-15T13:50:53Z,0,,,003dN789cenjA2eA7H,Contact
00TyQWOXi2MeneTEGV,Review requirements,Deferred,High,2026-07-18,Call,Synthetic follow-up activity for CRM workflow testing.,2026-01-23T10:58:31Z,0,02i70e0otS4pwayYCN,Asset,003AoGknOz16FLIYMQ,Contact
00TSJ47t3Wz0SLmMH0,Send workshop summary,In Progress,High,2025-05-25,Call,Synthetic follow-up activity for CRM workflow testing.,2022-06-21T09:17:35Z,0,800AG4LFg7Sz8mAIYN,Contract,00QacakUjAdiLnu290,Lead
00TaG5vhlRL2a1sUX5,Send workshop summary,Not Started,High,2023-12-11,Email,Synthetic follow-up activity for CRM workflow testing.,2024-12-15T15:22:47Z,0,001vYy7997Ekj5pAHO,Account,0031zBg6AMIS6xMQMH,Contact
00TNnB0mMbNDU1yMUN,Review requirements,Completed,Low,2021-08-05,Call,Synthetic follow-up activity for CRM workflow testing.,2026-02-12T17:51:07Z,1,801oBptWnRMOSrZIL9,Order,003UYePqf1pUCDwAMQ,Contact
00TfN65i54qmdei2J9,Send workshop summary,Not Started,Normal,2021-05-22,Call,Synthetic follow-up activity for CRM workflow testing.,2021-02-05T20:50:24Z,0,001FzQ1Vu9hM4AsIVS,Account,00QMDafkf0tddUcEYR,Lead
00T0uXHA7qXiKBeMTV,Prepare proposal,Not Started,High,2025-12-13,Other,Synthetic follow-up activity for CRM workflow testing.,2021-02-23T07:03:31Z,0,500oowxkxV4s3nnYH7,Opportunity,003dN789cenjA2eA7H,Contact
00TVefu73xyw7FN2FX,Prepare proposal,In Progress,Normal,2022-05-24,Other,Synthetic follow-up activity for CRM workflow testing.,2026-05-16T14:16:59Z,0,,,00QKd3JzZcAFu5SEY4,Lead
00TWxZP5nikzncPUI7,Follow up,In Progress,Low,2026-01-20,Call,Synthetic follow-up activity for CRM workflow testing.,2021-08-24T04:28:14Z,0,,,00QbygYopsxoiqGUP4,Lead
00Tc4Y1IVM3r6aW2LM,Send workshop summary,Not Started,Low,2025-03-06,Email,Synthetic follow-up activity for CRM workflow testing.,2021-11-05T04:56:28Z,0,02iCLEFzRDVXrWNYWF,Asset,003iQyO82d4KMl0Y4B,Contact
00TvvBxbqKNfLlWU2Z,Prepare proposal,Waiting on someone else,Low,2024-12-24,Other,Synthetic follow-up activity for CRM workflow testing.,2024-06-08T14:49:52Z,0,80ig0h44cCZ9guhILV,Opportunity,,
00TwMKDJQGRJEBnEJV,Send workshop summary,Not Started,Normal,2023-01-26,Call,Synthetic follow-up activity for CRM workflow testing.,2023-05-18T03:44:39Z,0,001JTximtecXZZ0IK7,Account,,
00TyEfNKTR8WMSwUVY,Send workshop summary,Waiting on someone else,Low,2021-07-20,Call,Synthetic follow-up activity for CRM workflow testing.,2024-04-07T21:51:07Z,0,7017OD7USLqvwTSQ40,Campaign,003cVGsrffaguWrYD5,Contact
00To7XwOdqTMRKvECH,Send workshop summary,Waiting on someone else,Low,2023-11-18,Other,Synthetic follow-up activity for CRM workflow testing.,2023-01-20T10:27:02Z,0,701316oqPXGTr5DIOR,Campaign,003iTmW3vNbCgffI76,Contact
00TOq916PGfsqPxMP9,Review requirements,Completed,Low,2021-04-04,Other,Synthetic follow-up activity for CRM workflow testing.,2022-12-18T10:48:41Z,1,500zSOziuF7jhDaYM0,Case,00QbqIprjIarsOfMNB,Lead
00TkhzmoNJF1zkfU3D,Follow up,Completed,Normal,2021-08-25,Other,Synthetic follow-up activity for CRM workflow testing.,2022-09-20T05:45:50Z,1,,,0034An1iMdYixtaQ0I,Contact
00TJm0zbp58blZ12BU,Review requirements,Not Started,Low,2024-12-04,Email,Synthetic follow-up activity for CRM workflow testing.,2026-06-10T00:03:56Z,0,001Ou3cLagv7VIiQYI,Opportunity,003XFY8sQ1Ay3yuY27,Contact
00TngYtg8J5MXJ7MGE,Send workshop summary,Completed,Low,2021-11-19,Email,Synthetic follow-up activity for CRM workflow testing.,2021-05-13T08:16:12Z,1,001dst7EZIkJP6gQAU,Account,0038hPjiyLY5KZaIZG,Contact
00TDQ5jJdC1wybC27B,Follow up,Not Started,High,2026-06-19,Email,Synthetic follow-up activity for CRM workflow testing.,2025-05-03T15:47:43Z,0,02izh4bSVTIDjqkAPY,Asset,003e5BCx9XKSAP3IU4,Contact
00TmIFXvRnJUf3UUFU,Review requirements,Deferred,Low,2022-03-14,Call,Synthetic follow-up activity for CRM workflow testing.,2026-01-19T22:12:05Z,0,001Incobp7HHs7MAA7,Account,003V70LfPwIXz1sII8,Contact
00TLLhHDqELumQdUP1,Follow up,In Progress,Low,2024-10-02,Email,Synthetic follow-up activity for CRM workflow testing.,2022-08-10T07:14:39Z,0,02igyyOjgjzfcYvAMT,Asset,003E2BS0qDYocWEY1Z,Contact
00T0HtqMLzNENKsMD3,Review requirements,Completed,Normal,2021-05-19,Call,Synthetic follow-up activity for CRM workflow testing.,2026-01-06T13:40:07Z,1,001RGWydjko0QMRY5C,Account,,
00Tl8iFZAnCmMfCU3D,Follow up,Deferred,Low,2025-02-13,Call,Synthetic follow-up activity for CRM workflow testing.,2024-02-27T14:41:16Z,0,500wrP3FKWu1E6MYGA,Case,0039cNQbl70skPvATU,Contact
00TpOSdWqSY2mi9MRO,Review requirements,Deferred,Low,2021-12-25,Email,Synthetic follow-up activity for CRM workflow testing.,2023-06-16T02:31:11Z,0,80tiKSl4hJWjT5jA9G,Opportunity,00QBZHRIKfdKRikM2H,Lead
00TRKYfhgLGRfRWEWB,Prepare proposal,In Progress,Normal,2025-04-06,Other,Synthetic follow-up activity for CRM workflow testing.,2025-09-25T08:22:44Z,0,02ilFIPmsAqbx3OQZ7,Asset,003VtDmSNTLupDqAIS,Contact
00Tr05x9du2tHntE8O,Send workshop summary,In Progress,High,2022-10-18,Other,Synthetic follow-up activity for CRM workflow testing.,2026-06-13T09:45:28Z,0,001b6YbqymKD3ZDA0A,Account,,
00TE898qgB2mHjFUC0,Send workshop summary,In Progress,Normal,2022-10-15,Call,Synthetic follow-up activity for CRM workflow testing.,2024-02-28T18:29:24Z,0,700RYj9OJ0tobSgYEL,Opportunity,003v1uWh8LtptelY46,Contact
00TBmG7W30cZc3r2RN,Follow up,Deferred,High,2022-01-15,Call,Synthetic follow-up activity for CRM workflow testing.,2022-02-14T09:34:59Z,0,001IQ2ziiojxbf8YX5,Account,,
00TaXHPBgz4lOQTMR9,Follow up,Deferred,High,2025-09-02,Other,Synthetic follow-up activity for CRM workflow testing.,2025-12-01T09:51:15Z,0,001vnn1W5RPN0LPYO8,Account,,
00T4V7qGzoVfr4l2PI,Follow up,Waiting on someone else,Low,2026-04-07,Email,Synthetic follow-up activity for CRM workflow testing.,2021-10-27T23:10:22Z,0,02i9JI58I7TMCN7IXU,Asset,00QGznbHDfbRvRf24A,Lead
00TmCJdspGCoHyWUEB,Review requirements,Waiting on someone else,High,2022-03-03,Email,Synthetic follow-up activity for CRM workflow testing.,2023-12-31T14:52:53Z,0,001Mpzq9x2yVI5HAED,Account,,
00TsOPaxQyApNdJUAC,Send workshop summary,Not Started,Low,2024-05-16,Email,Synthetic follow-up activity for CRM workflow testing.,2022-12-18T16:53:47Z,0,51i9rNqdYClkr0zIFJ,Opportunity,003FiLvx69wZlsWISP,Contact
00TB94e3qpq0QjoEM6,Review requirements,Not Started,Low,2023-07-25,Email,Synthetic follow-up activity for CRM workflow testing.,2024-06-07T07:49:05Z,0,000UXXuEihvqi7kY6R,Opportunity,0038oFGKzJI7cNZIA6,Contact
00T93e1vNu1rBRQM95,Prepare proposal,Deferred,High,2021-12-29,Other,Synthetic follow-up activity for CRM workflow testing.,2024-05-31T04:17:41Z,0,500AK7DcYGk0xvXATU,Case,003m9HrWtv4UnT7IY5,Contact
00ToxQgEGgN8a7V22K,Follow up,Not Started,Normal,2023-08-10,Other,Synthetic follow-up activity for CRM workflow testing.,2026-04-14T14:53:34Z,0,006ciCmaANfGW2GAJ5,Opportunity,003sl6OvCXMcsqyYYL,Contact
00TkaXNvIp1LNCIETA,Prepare proposal,Waiting on someone else,Normal,2021-12-09,Other,Synthetic follow-up activity for CRM workflow testing.,2024-07-02T20:15:27Z,0,7007XajoQqgjc5CIMK,Opportunity,00QBBVeB2a6fBp5M3A,Lead
00T1HiN0BqfzWKk234,Review requirements,In Progress,Low,2023-03-09,Email,Synthetic follow-up activity for CRM workflow testing.,2024-11-29T07:47:18Z,0,00iQdjx4xLmOmbDYYY,Opportunity,0039GuurGcl4vWqI7Q,Contact
00Ts1SdzLsDv98v2ZV,Follow up,Waiting on someone else,High,2023-05-23,Other,Synthetic follow-up activity for CRM workflow testing.,2023-08-21T10:09:35Z,0,701WVcR9nBSbxB9QPQ,Campaign,003dl4F05Fdtn0bIN6,Contact
00TgLtmF4XeERXGM8E,Follow up,Waiting on someone else,High,2023-03-28,Call,Synthetic follow-up activity for CRM workflow testing.,2024-07-07T04:38:52Z,0,02iMqzXhzj7PG7QAJ4,Asset,,
00T9rreNwnMJq7dUKK,Send workshop summary,Waiting on someone else,Normal,2025-10-27,Call,Synthetic follow-up activity for CRM workflow testing.,2021-04-07T21:24:03Z,0,500rPZWhdpA4PU9AQW,Case,00QKi0zcx9ZCZOhMOP,Lead
00TC5k4OBodlJAFMIU,Follow up,Completed,Normal,2022-12-24,Call,Synthetic follow-up activity for CRM workflow testing.,2022-08-31T14:58:30Z,1,006iaDkq3CC7VlJI4X,Opportunity,00QpMpLIGmPiikG2LV,Lead
00TujqOUecLXgyEM8O,Review requirements,Not Started,High,2023-07-24,Other,Synthetic follow-up activity for CRM workflow testing.,2024-09-04T07:28:39Z,0,001I9h4vN2Mpc08I26,Account,,
00ThxFS9UIAm10k2DP,Send workshop summary,Completed,Low,2021-12-31,Email,Synthetic follow-up activity for CRM workflow testing.,2024-07-17T08:52:57Z,1,006rPsu3iav7FCLQ6P,Opportunity,00Q51zXRJKoaqRh2O7,Lead
00TB0QXEHgXWJj0U01,Follow up,Waiting on someone else,Low,2025-09-28,Email,Synthetic follow-up activity for CRM workflow testing.,2026-04-04T14:31:33Z,0,001HgM5pPhwEa9BAOB,Account,003QfRPBunwS0dvYKE,Contact
00T9PfJ6mTw1igkUNQ,Review requirements,Waiting on someone else,Normal,2024-03-02,Call,Synthetic follow-up activity for CRM workflow testing.,2025-07-07T15:16:09Z,0,800cG8TKCjK2EGfA29,Contract,003vfxo5FjdBEEDQJV,Contact
00TADKs8cheQuSBU0V,Review requirements,Waiting on someone else,Normal,2022-08-20,Email,Synthetic follow-up activity for CRM workflow testing.,2025-03-05T19:39:04Z,0,001cnLEQk5pZMibQH2,Account,003IDTX7DAlirrmQR1,Contact
00TwBReFXqa5J1U288,Send workshop summary,In Progress,Normal,2021-02-19,Call,Synthetic follow-up activity for CRM workflow testing.,2021-12-31T19:45:57Z,0,02iohr9GFm7sErmIQM,Asset,003r8yPlhYWDqxxAG4,Contact
00TBRQ14ppYTGOUEEH,Send workshop summary,In Progress,High,2024-02-15,Email,Synthetic follow-up activity for CRM workflow testing.,2023-02-03T08:59:26Z,0,500u9M7NNlGigQeATJ,Case,003LBAW1Qwmk9A3QHR,Contact
00TD599tBaSSw3FEST,Follow up,Waiting on someone else,Low,2021-02-16,Call,Synthetic follow-up activity for CRM workflow testing.,2024-09-18T03:24:32Z,0,0018MjZShtig55PAG6,Account,003dhEq28R9SWrsYJD,Contact
00TpqtpQUN2QNsZ2UK,Review requirements,Deferred,Normal,2025-12-19,Email,Synthetic follow-up activity for CRM workflow testing.,2023-11-26T16:16:44Z,0,,,003VmqiZ33dpcQtYHJ,Contact
00Tvb9aKmvY55JKU3F,Follow up,Deferred,High,2023-08-12,Email,Synthetic follow-up activity for CRM workflow testing.,2022-01-08T08:43:30Z,0,001RGWydjko0QMRY5C,Account,003GYNkXftXOoslYK3,Contact
00T1FAd28yR1BZXMK5,Send workshop summary,Completed,High,2021-06-26,Other,Synthetic follow-up activity for CRM workflow testing.,2024-07-11T05:43:50Z,1,02iG6QxuYZ36n7JYKG,Asset,00317cgK1sgvVNoIM1,Contact
00T9iJAubeQScX42IF,Send workshop summary,Not Started,Normal,2025-06-12,Call,Synthetic follow-up activity for CRM workflow testing.,2021-02-04T00:35:14Z,0,001wXq5LbckG7u9AEU,Account,00QrssxONtb0ZhFU23,Lead
00TdTxbv9jFbFYt2UW,Send workshop summary,Completed,High,2021-03-22,Email,Synthetic follow-up activity for CRM workflow testing.,2022-08-15T05:56:50Z,1,801OABDKmKC39jFYTL,Order,003jEgISZnaybOTQW0,Contact
00TaBiQMlO8KkPgES0,Send workshop summary,Waiting on someone else,Normal,2024-01-28,Other,Synthetic follow-up activity for CRM workflow testing.,2022-05-17T04:28:50Z,0,710ovmDHEhzjIAhYIQ,Opportunity,003psFZ8iduZzPjI3E,Contact
00TdWrN9qLEbXsQMJW,Review requirements,Waiting on someone else,Normal,2026-08-09,Other,Synthetic follow-up activity for CRM workflow testing.,2024-03-31T05:58:39Z,0,500KhG5WscVCM6vYG2,Case,,
00TxULt6ZeuWM0ZM6J,Send workshop summary,Waiting on someone else,High,2022-10-29,Email,Synthetic follow-up activity for CRM workflow testing.,2023-12-07T08:11:30Z,0,02iheSox0UnX5bTYEH,Asset,003jf1t0MteutOBYJ6,Contact
00ToHrAi5W07YVy2XL,Send workshop summary,Not Started,Low,2022-09-21,Call,Synthetic follow-up activity for CRM workflow testing.,2024-02-09T16:57:29Z,0,701AUDOzK5kG0AQQW3,Campaign,003lvDZM4XkyQxVY3U,Contact
00T8BrE8hAzbtl7U2O,Prepare proposal,Not Started,High,2021-05-01,Call,Synthetic follow-up activity for CRM workflow testing.,2024-12-11T23:40:07Z,0,801spNfg6QlXygQY2B,Order,0035An2zeM4uG5PYCV,Contact
00T1GeIKgGHDSlsUFK,Review requirements,Completed,Normal,2026-03-02,Other,Synthetic follow-up activity for CRM workflow testing.,2022-11-13T10:35:53Z,1,500x3IYigNxN8SMAN2,Case,003rg0dlaCQurMSITE,Contact
00TB8sC4z8BKRkm25U,Send workshop summary,Waiting on someone else,High,2026-07-11,Email,Synthetic follow-up activity for CRM workflow testing.,2025-04-12T19:09:33Z,0,500cuTrR9CHfMNyI0N,Case,003gSItjdJa0xcXQ3R,Contact
00TePbKHHg76tBcU46,Prepare proposal,Deferred,Normal,2025-11-22,Call,Synthetic follow-up activity for CRM workflow testing.,2024-08-29T02:20:12Z,0,,,003gNkaswBOnskIYPY,Contact
00T4LCIG2HfKnXKUA2,Review requirements,Completed,Normal,2024-11-26,Call,Synthetic follow-up activity for CRM workflow testing.,2021-11-19T08:13:15Z,1,80iif3zS8vL3LMDA9N,Opportunity,003lYtLpji3oHtSQB1,Contact
00TkwtVYOsmv0CnU6C,Prepare proposal,Deferred,Normal,2023-04-18,Call,Synthetic follow-up activity for CRM workflow testing.,2024-04-11T09:49:41Z,0,701iu7etaRTqbMlANW,Campaign,0031zbyaheQNtduA6P,Contact
00TMKBAvfX5L3QzMHM,Prepare proposal,In Progress,High,2025-03-23,Email,Synthetic follow-up activity for CRM workflow testing.,2024-03-04T21:00:18Z,0,,,003WzLfPfvskzvPQNP,Contact
00Tba1jZSHJCtzoUG3,Review requirements,Not Started,Low,2022-03-13,Email,Synthetic follow-up activity for CRM workflow testing.,2024-05-22T12:13:59Z,0,001ckBA83DHLBWZQQX,Account,003rfuHfs51RYULQIE,Contact
00TwIXjSmAjUXMrMM2,Review requirements,In Progress,High,2025-04-07,Email,Synthetic follow-up activity for CRM workflow testing.,2022-11-14T18:32:55Z,0,500ns9T0FrQIwmxYNY,Case,003QkS7uNbXyaF3IH9,Contact
00TVnnXPTl7KYi8MO9,Follow up,Waiting on someone else,Normal,2024-05-24,Other,Synthetic follow-up activity for CRM workflow testing.,2024-07-10T20:23:07Z,0,0063aZUeUVSU1ESQUF,Order,003jCVZ4U8Q8pvqA2W,Contact
00Ti1qkCLvv2AFv2CH,Follow up,Completed,Low,2024-03-01,Email,Synthetic follow-up activity for CRM workflow testing.,2025-09-26T08:50:47Z,1,701316oqPXGTr5DIOR,Campaign,003fXRtYH2J1xp9ADS,Contact
00TroeQFbK2HzSZUT2,Follow up,Not Started,Low,2026-07-30,Call,Synthetic follow-up activity for CRM workflow testing.,2021-11-18T00:42:30Z,0,800q5eHXZTQReDFQSB,Contract,003gekCFe076ACrQZB,Contact
00TlorITthBzQIAERS,Send workshop summary,Not Started,Low,2025-08-23,Other,Synthetic follow-up activity for CRM workflow testing.,2023-08-26T03:23:35Z,0,5263f6aPNLmUo00Q7F,Opportunity,003bLWkwRTWbbXTA77,Contact
00TEfTcXOPOseoTEST,Follow up,Deferred,Normal,2024-11-11,Other,Synthetic follow-up activity for CRM workflow testing.,2025-04-20T04:20:16Z,0,,,003nF0z5ePF8ABXBBO,Lead
00T1ZmN4glmT4dX2L1,Review requirements,Completed,Low,2025-04-09,Email,Synthetic follow-up activity for CRM workflow testing.,2021-08-24T09:24:50Z,1,826hHYoSdq0bC2JA0C,Order,003yupgGCl5JIUDAR4,Contact
00TNSfjnwqJI7zhEV7,Prepare proposal,Completed,High,2024-05-09,Other,Synthetic follow-up activity for CRM workflow testing.,2021-04-20T14:20:36Z,1,001hgdJHI7bDrNzIKJ,Account,003EXtBzfFLxFbpQ92,Contact
00TI8lyw6zqV1JxU9M,Review requirements,Completed,Normal,2023-08-04,Call,Synthetic follow-up activity for CRM workflow testing.,2021-02-27T08:35:17Z,1,701Ejd0faIkp4zwI6I,Opportunity,003M3ZXseoHu6DcQVR,Contact
00TUMvYVRchsCaUMO2,Send workshop summary,Completed,Normal,2026-05-14,Other,Synthetic follow-up activity for CRM workflow testing.,2021-01-15T16:50:09Z,1,500J4iAdN9bfDmoQS2,Case,0039vrHZDDIGaHJA4T,Contact
00T7rjDDF12ZUSPEZH,Prepare proposal,Not Started,High,2024-09-08,Call,Synthetic follow-up activity for CRM workflow testing.,2022-07-18T13:43:09Z,0,816QSg0GF2pqQnfIKH,Opportunity,003BWrIDgk0dlGWQ9O,Contact
00TePUYmp7hsfJoMM2,Send workshop summary,Deferred,Low,2024-09-13,Other,Synthetic follow-up activity for CRM workflow testing.,2024-03-01T15:17:16Z,0,001FChipDL8FyVaQQG,Account,,
00T7NSY1WHrcD4jUZB,Follow up,Deferred,High,2025-06-30,Email,Synthetic follow-up activity for CRM workflow testing.,2024-11-20T07:54:29Z,0,721mxsY8w8Gt5A5IW3,Opportunity,00QI5TEfZEs77RjE7W,Lead
00Txhkb0xdw952dEEZ,Prepare proposal,In Progress,Low,2024-04-03,Email,Synthetic follow-up activity for CRM workflow testing.,2023-05-10T00:10:43Z,0,0014rAjCuliftUBIPG,Account,003lYtLpji3oHtSQB1,Contact
00TcNP5i30QurJGU48,Prepare proposal,Waiting on someone else,Low,2025-04-06,Call,Synthetic follow-up activity for CRM workflow testing.,2025-04-20T16:47:02Z,0,001R0OuIWPEowdMYT2,Account,003ahBVJMXU6GMJIVW,Contact
00Tu4kvPGw58S88MB0,Review requirements,Completed,Low,2022-08-24,Other,Synthetic follow-up activity for CRM workflow testing.,2024-11-09T19:45:10Z,1,01tFkHMuj8shz13IXI,Product2,,
00TFD7lHmviaJHd2K0,Review requirements,Deferred,Low,2024-01-29,Other,Synthetic follow-up activity for CRM workflow testing.,2023-02-14T05:12:12Z,0,006fjS5Ew4iv3VmADQ,Opportunity,003nS90mp63emBUYK4,Contact
00TUldkIixm0B18M51,Review requirements,In Progress,Low,2023-09-03,Email,Synthetic follow-up activity for CRM workflow testing.,2024-05-10T22:39:42Z,0,7019KuFdn10ijGjI2P,Campaign,003QtF6ypyXl9x7YZ2,Contact
00TKznLoEBW8EQS2E6,Prepare proposal,Waiting on someone else,High,2026-02-13,Call,Synthetic follow-up activity for CRM workflow testing.,2024-10-17T06:15:45Z,0,006XbSVM6Qu5YBiQFJ,Opportunity,,
00TvxmQHo0tMS1jM5P,Prepare proposal,Not Started,High,2024-05-03,Other,Synthetic follow-up activity for CRM workflow testing.,2025-10-26T06:15:55Z,0,001JTximtecXZZ0IK7,Account,00Qg5m4fJASfJtxE91,Lead
00TcMhbZWcMjDBdM2Y,Prepare proposal,Waiting on someone else,Normal,2025-08-27,Other,Synthetic follow-up activity for CRM workflow testing.,2021-02-15T21:59:42Z,0,,,,
00T6lNRbTQ0o0PR2HK,Prepare proposal,Completed,Normal,2023-03-07,Call,Synthetic follow-up activity for CRM workflow testing.,2024-02-17T20:06:49Z,1,02iZbbLjhZAfbV1QAE,Asset,003SSAgSVe7BHknAZP,Contact
00TZhsSyaCt1hbsEAP,Follow up,Deferred,High,2025-04-11,Call,Synthetic follow-up activity for CRM workflow testing.,2025-07-09T12:46:11Z,0,001GjfBhJ295BInY2G,Account,,
00T5ouMIY5aAeVH2SY,Review requirements,Waiting on someone else,Low,2025-07-24,Email,Synthetic follow-up activity for CRM workflow testing.,2024-12-26T10:56:51Z,0,500QnB4eG9LWCJrIWB,Case,003jGoziqs6ionMIIC,Contact
00TmWhMO1Pg7DB3UDX,Follow up,Completed,High,2024-01-15,Other,Synthetic follow-up activity for CRM workflow testing.,2026-02-24T12:57:19Z,1,001wOS4RTezb6AxY4U,Account,00QMrQTqzKMNvO9ENX,Lead
00TJSPvvsA0tE4bEI0,Review requirements,Not Started,Low,2025-07-24,Other,Synthetic follow-up activity for CRM workflow testing.,2023-03-29T07:28:59Z,0,711igRXfJ6BhQOgAQ0,Opportunity,00QV0PG3e4GJNNoMV4,Lead
00T1FPOYvEAyCDXEMV,Prepare proposal,Deferred,Low,2022-01-27,Other,Synthetic follow-up activity for CRM workflow testing.,2021-06-10T11:36:52Z,0,006DyTvQPKimCaHIY6,Opportunity,003M1h4MwCZ6TwBIPK,Contact
00T699tM5Dy4o9wMD0,Follow up,Not Started,Low,2024-11-27,Call,Synthetic follow-up activity for CRM workflow testing.,2023-04-21T11:10:47Z,0,500xaVUuf39F1arYAL,Case,,
00TMV8ohOLKgh71U6S,Prepare proposal,Waiting on someone else,Low,2024-02-05,Call,Synthetic follow-up activity for CRM workflow testing.,2024-06-11T07:44:50Z,0,500jWT2a2EfIOVkYOJ,Case,,
00TteuWDuElHb5QUWA,Follow up,Not Started,Normal,2026-07-26,Other,Synthetic follow-up activity for CRM workflow testing.,2024-10-30T07:13:00Z,0,006S4eaNJURyQpNY57,Opportunity,00Q5JrU6oDqavlhUF7,Lead
00TT88bxICvmrwCUEX,Review requirements,In Progress,Normal,2024-04-07,Call,Synthetic follow-up activity for CRM workflow testing.,2023-11-28T07:08:38Z,0,02iXiwGGu2jwpifAV2,Asset,003NVCFneVDrRD6IA1,Contact
00TqBW2UYXsALl9EYE,Review requirements,Deferred,High,2025-12-11,Email,Synthetic follow-up activity for CRM workflow testing.,2023-04-05T01:29:21Z,0,5067hMRFfzYtPfUQ1H,Opportunity,003XJ6q8jXAFplJQJ8,Contact
00Tj4zTR8L62tf7M58,Prepare proposal,Completed,Low,2021-09-04,Email,Synthetic follow-up activity for CRM workflow testing.,2024-10-13T23:09:04Z,1,,,0030KKuMuOgqfrFIK3,Contact
00T271T4addcatIUOP,Prepare proposal,In Progress,High,2023-04-21,Other,Synthetic follow-up activity for CRM workflow testing.,2021-04-11T00:36:47Z,0,0018MjZShtig55PAG6,Account,003GweaslhRRyCLI5I,Contact
00TLWnATl6oIWo1UI3,Prepare proposal,Deferred,High,2024-08-18,Email,Synthetic follow-up activity for CRM workflow testing.,2022-08-17T00:50:40Z,0,,,00QpGhQLHfOnccbECZ,Lead
00TH1X5Ap8wYsVA2F1,Follow up,Waiting on someone else,High,2023-09-23,Email,Synthetic follow-up activity for CRM workflow testing.,2026-02-27T00:14:12Z,0,500ofA9nvaaz8geICM,Case,003GdAWYE90Z1GMIR7,Contact
00Tpc4JmhH2MXsyU9X,Send workshop summary,Waiting on someone else,Normal,2025-07-01,Email,Synthetic follow-up activity for CRM workflow testing.,2022-02-13T02:12:07Z,0,701gffawymfXeLpYMB,Opportunity,,
00TSWvBm4OhBmpR23X,Send workshop summary,Completed,Normal,2023-12-10,Other,Synthetic follow-up activity for CRM workflow testing.,2022-08-12T02:29:16Z,1,001yGC8xttQVvNRYNT,Account,,
00TTkvV7v1kxCO22QD,Follow up,Completed,High,2022-11-09,Other,Synthetic follow-up activity for CRM workflow testing.,2024-12-01T02:19:55Z,1,500GNVrc6gXTxd1QMP,Case,,
00Tm6s6OEf8QgqpU5V,Follow up,Deferred,High,2025-08-22,Email,Synthetic follow-up activity for CRM workflow testing.,2024-04-17T22:19:45Z,0,500Uoi69mnCRM7uA5N,Case,,
00T6M2H3umeCYPPMTU,Follow up,Waiting on someone else,Normal,2024-09-27,Email,Synthetic follow-up activity for CRM workflow testing.,2021-12-23T03:13:49Z,0,00134kztbICJD2tYCZ,Account,,
00TBWEzd43DfOhW2X9,Prepare proposal,Not Started,Normal,2025-01-21,Email,Synthetic follow-up activity for CRM workflow testing.,2024-07-09T03:28:21Z,0,001DbG9gnZEl0ZPAAY,Account,00QzJCZAsmqPSzWM6H,Lead
00T3p4XuMnvQVKfEUU,Send workshop summary,Not Started,Low,2025-06-26,Call,Synthetic follow-up activity for CRM workflow testing.,2023-03-17T01:15:20Z,0,,,003WmIGDtggahJ4Q7Y,Contact
00T0TljBambiE1pUEK,Follow up,Not Started,Normal,2025-01-01,Call,Synthetic follow-up activity for CRM workflow testing.,2021-12-09T19:05:58Z,0,500YRgN5f644QTnAEP,Case,003NaKmR8suQAnkI7R,Contact
00TZSp7oD86OaCrMWW,Follow up,Deferred,Normal,2025-03-01,Other,Synthetic follow-up activity for CRM workflow testing.,2026-04-05T15:44:14Z,0,526F3l9AGlkv8pfIWP,Opportunity,,
00TXKRdPdVsmNRT2IZ,Send workshop summary,Deferred,Low,2025-03-21,Call,Synthetic follow-up activity for CRM workflow testing.,2021-07-11T02:11:15Z,0,50tvdCZfm9bwVVXAVA,Order,003YlPvMmGA2YmCQGF,Contact
00TuUraLiwOpVGnEB3,Send workshop summary,Deferred,Low,2025-04-09,Email,Synthetic follow-up activity for CRM workflow testing.,2024-03-13T07:35:45Z,0,5000J5ItDEDSzzVAWB,Case,003I2WoSMJ9De4LAQW,Contact
00TkHiTbZLwovO12AY,Follow up,Deferred,Normal,2022-08-10,Email,Synthetic follow-up activity for CRM workflow testing.,2021-09-06T23:31:08Z,0,001PUaO8FLbQ5tuY7R,Account,0035XXulAeWBcYeIKT,Contact
00TP1i12jnH5dUs2HA,Follow up,Deferred,Low,2023-10-19,Call,Synthetic follow-up activity for CRM workflow testing.,2025-05-19T07:30:56Z,0,500kVbaQMhwKwq3YX2,Case,0030tpEd8Opq0jbQ9C,Contact
00TMja306JBjUuL2L6,Prepare proposal,Completed,High,2023-12-02,Email,Synthetic follow-up activity for CRM workflow testing.,2023-08-08T23:11:49Z,1,,,003S0zQPftBY4rtA8O,Contact
00T21ceTxEu4lHCMPT,Send workshop summary,Completed,High,2021-07-13,Email,Synthetic follow-up activity for CRM workflow testing.,2021-04-17T00:12:02Z,1,001HPdcdRz4xhIHI7A,Account,00378FREBNFG2GrIA7,Contact
00TlwDjbQerBojcMIR,Send workshop summary,Waiting on someone else,Normal,2026-06-14,Email,Synthetic follow-up activity for CRM workflow testing.,2021-02-21T11:20:34Z,0,500qoufHBnN5MxAYZP,Case,0037x3dE82ZCNg7QBQ,Contact
00TMaeWRSw7sBywMFJ,Prepare proposal,Waiting on someone else,Low,2025-06-06,Other,Synthetic follow-up activity for CRM workflow testing.,2021-10-30T09:08:39Z,0,500IJ2MTV9PLDLoQ60,Case,003MrOyeJlczlEjQEN,Contact
00TLfHLF7Cy1sskM8Y,Prepare proposal,Waiting on someone else,Normal,2024-08-04,Email,Synthetic follow-up activity for CRM workflow testing.,2024-10-09T08:14:37Z,0,02iJTMm2GhfSGSPA53,Asset,003D2L3UNfBXw3mAVU,Contact
00TFdFqO3JwICRtE5F,Prepare proposal,Deferred,Normal,2021-05-13,Call,Synthetic follow-up activity for CRM workflow testing.,2024-09-02T09:49:31Z,0,500e7yshdgBphpbAX8,Case,00QqFsdnp8542GNMVM,Lead
00TN7hDvKMSA7hEUEI,Prepare proposal,Waiting on someone else,Normal,2025-12-05,Other,Synthetic follow-up activity for CRM workflow testing.,2024-05-12T17:11:54Z,0,500XFR2SKkC0jLPQ78,Case,00Q3R6LFDRXa6Py243,Lead
00TvLdYwgvaremOEQU,Prepare proposal,Not Started,Normal,2024-08-12,Email,Synthetic follow-up activity for CRM workflow testing.,2025-01-01T16:12:21Z,0,,,003vfnMzISQi4KMYKI,Contact
00TH7t3S1CkvKtLMQB,Follow up,In Progress,Normal,2023-10-30,Call,Synthetic follow-up activity for CRM workflow testing.,2022-10-10T01:53:29Z,0,0011qafIoKOaGWeA3A,Account,0039xwRHwigsnXFQBC,Contact
00TqIp3SWWX4PBvUIY,Send workshop summary,Waiting on someone else,Normal,2021-08-25,Call,Synthetic follow-up activity for CRM workflow testing.,2022-06-25T07:35:13Z,0,0019laP52dnqWh3AF4,Account,003wPWh5IPvXbdQADI,Contact
00TZfAAXlpK30bTUBD,Follow up,Deferred,Low,2023-03-11,Email,Synthetic follow-up activity for CRM workflow testing.,2021-10-18T22:25:56Z,0,001zDxxuW7kQ4BrAGJ,Account,003bUNcpcDfbmERAX3,Contact
00TcIducgGwsyxtMDZ,Review requirements,In Progress,Low,2021-10-08,Email,Synthetic follow-up activity for CRM workflow testing.,2021-03-16T14:04:15Z,0,001SDonDyKHRDRwYPS,Account,003mXPwW7YXcfbUIVM,Contact
00TCb6AxgqR7S0DUOE,Follow up,Waiting on someone else,High,2022-07-05,Email,Synthetic follow-up activity for CRM workflow testing.,2022-07-06T01:45:19Z,0,001d6L0YO7RdZlqYEZ,Account,003MtjQuiO2V6tgARQ,Contact
00T3ATnpbMgOpCu2ED,Send workshop summary,Waiting on someone else,Low,2023-02-17,Email,Synthetic follow-up activity for CRM workflow testing.,2023-08-01T02:02:31Z,0,500TljeVPSUGV3KYXZ,Case,00QrAV63ZKOOQhLM2V,Lead
00T0iT16tWp08D52H9,Send workshop summary,Not Started,Low,2026-08-05,Other,Synthetic follow-up activity for CRM workflow testing.,2025-12-14T07:52:47Z,0,800VfORiuLKbts6Q0B,Contract,003GweaslhRRyCLI5I,Contact
00Tat3RQykno43JUS7,Follow up,Completed,High,2022-03-29,Call,Synthetic follow-up activity for CRM workflow testing.,2022-04-02T09:44:37Z,1,726CAuE2OX9ciQtAAC,Opportunity,003Fkk9CMoROyBZIBL,Contact
00T3RzPxPYYo9WyU0H,Prepare proposal,Completed,High,2025-11-27,Call,Synthetic follow-up activity for CRM workflow testing.,2023-01-02T21:20:09Z,1,701fmMnRrUO2XdcI3Y,Campaign,00QTeDQ8lx3nU1w2RY,Lead
00TwUWAZBejCzdNEJH,Send workshop summary,In Progress,Low,2021-12-02,Email,Synthetic follow-up activity for CRM workflow testing.,2021-04-10T05:43:17Z,0,500vN71Gjhbk1IAQ3T,Case,003nurDHlWLAK27Q1Q,Contact
00TQKAO0Fr30gjzE0O,Prepare proposal,Completed,Low,2024-12-16,Email,Synthetic follow-up activity for CRM workflow testing.,2021-09-25T21:26:43Z,1,500KFmwVhpg6GUuQPA,Case,003gGNEby1fXhnOYTU,Contact
00TGCZAQ1S953ocU5H,Review requirements,Not Started,Low,2024-03-04,Call,Synthetic follow-up activity for CRM workflow testing.,2025-04-25T04:07:21Z,0,,,003x6BiZELPWp5FYJ9,Contact
00TCXPklt7EDjVmU8M,Follow up,Waiting on someone else,High,2022-03-20,Other,Synthetic follow-up activity for CRM workflow testing.,2021-06-06T04:49:23Z,0,001O8ZWUKMYoipYYQ7,Account,00QjKiiUdlY7sUFUF2,Lead
00TrQPydwKy6lFKUGP,Send workshop summary,Waiting on someone else,Normal,2026-02-26,Call,Synthetic follow-up activity for CRM workflow testing.,2024-10-17T17:01:32Z,0,,,003q8mtebAQ72SHQV5,Contact
00Tm51wr37cBSWlUJZ,Send workshop summary,Completed,Low,2024-09-22,Other,Synthetic follow-up activity for CRM workflow testing.,2026-02-23T20:01:26Z,1,02iOsYbeNFMFqUIIZB,Asset,00QLPRNRV29xuqHMDO,Lead
00TuyMONuRtsOTRUTY,Follow up,Not Started,Normal,2024-03-22,Other,Synthetic follow-up activity for CRM workflow testing.,2026-04-05T03:38:36Z,0,02i5zqxRMGHmVO7YP1,Asset,00Q5jnu9klqjoLyEHT,Lead
00TdcWGqo5LRj0W2V3,Follow up,Completed,Low,2021-10-16,Call,Synthetic follow-up activity for CRM workflow testing.,2022-01-07T12:52:40Z,1,8064auPFKn88uyxYHW,Opportunity,003eBJrduqPYUKLQAZ,Contact
00TgC5XbCEy06IKE91,Prepare proposal,Deferred,Low,2023-07-21,Call,Synthetic follow-up activity for CRM workflow testing.,2021-08-30T19:48:54Z,0,,,003S9VdAVGmZKDaQNA,Contact
00TpCN2sJoD7r1UEB3,Review requirements,In Progress,Low,2021-02-18,Call,Synthetic follow-up activity for CRM workflow testing.,2022-06-17T11:07:53Z,0,01iyRlIGRzmILgdI6F,Opportunity,003PG11g6TmXEpFQ1I,Contact
00TfQDoLwsnpfchUVH,Review requirements,Completed,Low,2025-08-06,Other,Synthetic follow-up activity for CRM workflow testing.,2021-11-26T18:32:05Z,1,001x4qMeufUWlfdINO,Account,,
00TP8N4QGlyVGAMEDW,Send workshop summary,In Progress,High,2026-07-09,Call,Synthetic follow-up activity for CRM workflow testing.,2024-09-24T18:11:24Z,0,500OXrUts4WagJvY8T,Case,,
00TmG9DuMvfVd5AES0,Send workshop summary,Waiting on someone else,Low,2022-07-27,Call,Synthetic follow-up activity for CRM workflow testing.,2023-01-19T21:33:40Z,0,701316oqPXGTr5DIOR,Campaign,003MnJVzYDGu7zUAKK,Contact
00TL9zQUGnBRRwSUXG,Prepare proposal,Completed,High,2024-02-26,Other,Synthetic follow-up activity for CRM workflow testing.,2021-09-11T15:43:36Z,1,001CXiPlYrfwSgoQU2,Account,00QdhXyzDYpT2O9OI9,Lead
00TmQeTmYmNAiilUX9,Review requirements,Waiting on someone else,Low,2024-08-28,Other,Synthetic follow-up activity for CRM workflow testing.,2023-08-18T04:06:28Z,0,001cvG5DjhEsIaIAD0,Account,,
00Tt0cZGlzVpyby22O,Prepare proposal,In Progress,Normal,2021-10-07,Call,Synthetic follow-up activity for CRM workflow testing.,2023-09-30T20:22:42Z,0,001LT9I3sxXG212YUI,Account,00QtOEpA8tBpHVH2TV,Lead
00TM3fgS99rMWRgUPO,Follow up,In Progress,High,2025-02-03,Call,Synthetic follow-up activity for CRM workflow testing.,2021-11-26T10:17:06Z,0,001t1tQX1aEupiNQXE,Account,003YqooDEA6F92hACU,Contact
00TUrj1M6wpD6GrEAN,Review requirements,Deferred,High,2022-09-01,Other,Synthetic follow-up activity for CRM workflow testing.,2024-09-11T13:13:00Z,0,0018wiQDxKxpFvLYGU,Account,003Wi80dxTCsfYLI77,Contact
00Te8CgBMDiry3mU2B,Send workshop summary,Completed,Normal,2025-06-21,Email,Synthetic follow-up activity for CRM workflow testing.,2021-12-06T21:54:39Z,1,02iSMclhnuI52odQ6B,Asset,00QD2FLDgIgrVrT2WU,Lead
00ThjLbPZVwpHZ72MQ,Review requirements,Deferred,Normal,2023-11-02,Other,Synthetic follow-up activity for CRM workflow testing.,2024-01-30T01:51:06Z,0,001vnn1W5RPN0LPYO8,Account,003CsTIhVIhic3fQ5Z,Contact
00TD9LLnqJ0RzYjELO,Review requirements,Not Started,High,2024-08-04,Call,Synthetic follow-up activity for CRM workflow testing.,2026-02-02T23:36:30Z,0,500jOHAbECUEihMQWA,Case,003LD2kPtQRWQL7QDG,Contact
00T66WTnV91TdjTMAF,Prepare proposal,Completed,Low,2024-09-26,Call,Synthetic follow-up activity for CRM workflow testing.,2021-12-14T15:43:29Z,1,02iplBqj91y2OCQYPQ,Order,,
00TUC4DcwGiebj4EAE,Send workshop summary,Waiting on someone else,Low,2022-08-29,Email,Synthetic follow-up activity for CRM workflow testing.,2021-03-03T03:52:03Z,0,5000CIbieWj9NXEYRI,Case,003YW7qNL2RKjOqYCD,Contact
00T4ISz2tifN3Gb2HN,Send workshop summary,Not Started,Low,2024-07-15,Call,Synthetic follow-up activity for CRM workflow testing.,2024-04-27T08:39:31Z,0,02i5GeHaKl0lIMWYUG,Asset,003dx26J2Qx1Z7sY2M,Contact
00TO93cvuVJKViq2TR,Prepare proposal,Deferred,Low,2026-01-07,Call,Synthetic follow-up activity for CRM workflow testing.,2026-04-01T10:03:08Z,0,,,003yzyyLfiyTPJdYUU,Contact
00TYkyDsW1RodOME2M,Follow up,Not Started,Normal,2024-12-18,Call,Synthetic follow-up activity for CRM workflow testing.,2025-07-26T06:57:31Z,0,500wrP3FKWu1E6MYGA,Case,00QO4iHttIabwIfU1E,Lead
00TVHkO5x0602X8E7V,Review requirements,Not Started,Low,2024-12-31,Email,Synthetic follow-up activity for CRM workflow testing.,2022-07-30T23:20:49Z,0,00180qOlX8UtZ7HQTK,Account,0031Q3Evc7Xc9rbQI3,Contact
00TLFQmb7945LOA2VO,Send workshop summary,Completed,High,2021-11-20,Email,Synthetic follow-up activity for CRM workflow testing.,2026-04-22T03:33:58Z,1,72tUa1uhX12vVeVYV6,Order,003y0u0DytJUnZuQ7T,Contact
00TpkpGXKFPNb8QE5I,Send workshop summary,Waiting on someone else,High,2023-06-06,Email,Synthetic follow-up activity for CRM workflow testing.,2021-02-23T10:08:11Z,0,001CtKb9oj7o8JaYFV,Account,00308VEAr9FPYWAQP1,Contact
00T6ax4fFNnBhEyM17,Prepare proposal,Completed,Normal,2025-01-02,Call,Synthetic follow-up activity for CRM workflow testing.,2026-02-24T09:16:05Z,1,02iBKaQ1g9w9wpGY15,Asset,003VeMNXOn4b6m3YPM,Contact
00TszLqLg43st0wEFN,Prepare proposal,Not Started,High,2022-05-30,Email,Synthetic follow-up activity for CRM workflow testing.,2026-05-05T12:11:33Z,0,02irp0QGE65cC5CI5L,Asset,003ftniDDEnnixkI5V,Contact
00T5lxrSxYe4EAW2Y9,Review requirements,Not Started,Normal,2021-11-07,Call,Synthetic follow-up activity for CRM workflow testing.,2022-08-23T22:07:03Z,0,,,0059nawAahYTYIrL6T,Lead
00Txucivo9yvEb822O,Send workshop summary,Completed,High,2025-11-16,Other,Synthetic follow-up activity for CRM workflow testing.,2021-03-18T07:52:31Z,1,500LZaQe7jL2wqLYP4,Case,003YTJCIn3uIH7vYYH,Contact
00TN2YOUoPW1AKZUU0,Prepare proposal,Not Started,Low,2022-11-06,Other,Synthetic follow-up activity for CRM workflow testing.,2024-09-14T04:33:04Z,0,500bSTr2uvWMzLoA4R,Case,003YG7WvbgStD9wY4U,Contact
00TMQ69McxkgtpSUM3,Follow up,Deferred,Normal,2025-11-15,Other,Synthetic follow-up activity for CRM workflow testing.,2021-06-05T08:47:14Z,0,006vIpHM2n19iepAAQ,Opportunity,0030I2EUZyu1ilxAN0,Contact
00T17EyDHNGrnrTM9J,Follow up,Deferred,High,2023-09-12,Email,Synthetic follow-up activity for CRM workflow testing.,2026-06-22T15:09:06Z,0,,,003suUemC5FOpHHATL,Contact
00TQ6HaFmaujEp6UUO,Review requirements,Completed,Normal,2025-09-08,Call,Synthetic follow-up activity for CRM workflow testing.,2025-07-08T12:17:28Z,1,001MPbzljMNLiv5QZV,Account,003mjuXxIT09fGrAAO,Contact
00TDgrrxXL3z7aY202,Send workshop summary,In Progress,Low,2024-12-16,Email,Synthetic follow-up activity for CRM workflow testing.,2025-03-26T22:27:03Z,0,701R6fz0H7ZafwQI8S,Campaign,0039itNubm3uQOqYHJ,Contact
00Tt1sgfWGk8uAwML2,Prepare proposal,Deferred,Low,2025-04-16,Call,Synthetic follow-up activity for CRM workflow testing.,2023-10-31T21:26:57Z,0,7019g7m2YfxR5uxQ6M,Campaign,00QCe4CvkZ6Dp2V2PJ,Lead
00TmBS7evA2PSGTUGF,Follow up,Not Started,Normal,2025-05-20,Call,Synthetic follow-up activity for CRM workflow testing.,2023-03-17T12:58:34Z,0,001G40EGKjt7p96I7T,Account,,
00Tt5N2xrL3a257MXF,Prepare proposal,Waiting on someone else,High,2025-11-10,Email,Synthetic follow-up activity for CRM workflow testing.,2026-04-30T09:46:57Z,0,010sAkIXh4YIj8HQ3U,Opportunity,,
00TdvSmRmh8qhgE2K6,Follow up,Completed,Low,2023-12-10,Email,Synthetic follow-up activity for CRM workflow testing.,2024-04-17T07:17:11Z,1,800Hra3ltpziM6lICV,Contract,00QOLtZNcVvG5YJO6T,Lead
00TM2Vwz7YdDcMt2EV,Prepare proposal,Completed,Normal,2024-08-12,Other,Synthetic follow-up activity for CRM workflow testing.,2023-08-01T20:10:16Z,1,,,0031qlSTy5MPurRQ8O,Contact
00TEBSAbxsP8RJJ2XS,Follow up,In Progress,Low,2022-03-17,Call,Synthetic follow-up activity for CRM workflow testing.,2025-06-16T05:02:14Z,0,001M2rDfuFzN9SZI6R,Account,003nGkRyMWyM2SMA66,Contact
00T3nTqoZXRKObOM07,Prepare proposal,Completed,Normal,2022-11-30,Other,Synthetic follow-up activity for CRM workflow testing.,2021-02-16T10:13:18Z,1,,,00QaHGnbKz4fr3rUME,Lead
00TS2KwZUFm9VyQEQV,Send workshop summary,Waiting on someone else,Normal,2025-08-03,Email,Synthetic follow-up activity for CRM workflow testing.,2022-09-24T22:31:02Z,0,721N1T1KDCjQ5RVIKZ,Opportunity,003UYePqf1pUCDwAMQ,Contact
00TBW2NmuxtB0T0EJ7,Send workshop summary,Deferred,Low,2023-11-08,Call,Synthetic follow-up activity for CRM workflow testing.,2026-05-17T00:12:13Z,0,,,00QUljJsIVGpQeKEYP,Lead
00TX9AUblX8giQ2ERE,Prepare proposal,In Progress,Normal,2023-04-02,Other,Synthetic follow-up activity for CRM workflow testing.,2022-07-21T16:18:01Z,0,001CQsu3nn5gAVpQ7B,Account,,
00TcFSD2vivL78DMXX,Prepare proposal,Completed,Low,2025-09-26,Other,Synthetic follow-up activity for CRM workflow testing.,2026-02-24T10:44:31Z,1,500p1gl1Q3LmJT4QX1,Case,003t1CEwBUqc6XgYYE,Contact
00Tb3ndptsyzscZU0P,Send workshop summary,Deferred,High,2023-03-06,Call,Synthetic follow-up activity for CRM workflow testing.,2022-03-01T04:13:55Z,0,001OLEw0xIyryQpQ2X,Account,003rYLYNapF82OGY59,Contact
00TAuy3whrZwkQ32XE,Follow up,Completed,High,2022-08-30,Other,Synthetic follow-up activity for CRM workflow testing.,2021-08-19T17:27:10Z,1,,,00QRZ9fVDIFumH7U01,Lead
00TD7nRgwF1svclEIO,Send workshop summary,Not Started,Low,2021-11-09,Call,Synthetic follow-up activity for CRM workflow testing.,2021-12-11T14:48:32Z,0,001lppe6kqinEz1A7H,Account,003wYTI76UHoYx2AUY,Contact
00TmrzSiLV8XSxxEBX,Prepare proposal,Completed,High,2024-06-16,Call,Synthetic follow-up activity for CRM workflow testing.,2022-01-10T09:41:36Z,1,006lolrGmYQAjeDAYZ,Opportunity,00QdBHs3GDE6tGs8DM,Lead
00TrBUs5bG2TsY2ULD,Prepare proposal,Deferred,High,2025-08-16,Other,Synthetic follow-up activity for CRM workflow testing.,2023-05-12T16:34:07Z,0,,,00QZe7QlCftU8ryECV,Lead
00TQ7mvo7YdqGi7UH2,Send workshop summary,In Progress,Low,2022-02-25,Email,Synthetic follow-up activity for CRM workflow testing.,2026-03-16T20:12:54Z,0,,,003MaS87mCEpggOQI5,Contact
00TPdWjnRznIIoxMJG,Prepare proposal,In Progress,Low,2024-08-10,Call,Synthetic follow-up activity for CRM workflow testing.,2022-08-28T06:03:04Z,0,80ig0h44cCZ9guhILV,Opportunity,00QzHmP6YtezbY4MF4,Lead
00TY5M5go2bN7C92UC,Follow up,In Progress,Low,2022-04-18,Email,Synthetic follow-up activity for CRM workflow testing.,2022-11-09T15:15:25Z,0,001th7qwAjYM77cYBH,Account,00QD44ntkNMmGWN2QX,Lead
00TZaoc42JEKgtgEGP,Review requirements,Completed,Normal,2022-07-12,Email,Synthetic follow-up activity for CRM workflow testing.,2021-05-21T14:47:00Z,1,001zOsseTV2G23QAKL,Account,003GdKhTzjSREBgY71,Contact
00T4A7eUGrE7yzvUPU,Follow up,Deferred,Low,2022-09-07,Other,Synthetic follow-up activity for CRM workflow testing.,2022-07-04T05:42:46Z,0,500x2qelGSNI3TlYCJ,Case,003FFuUDgFan9kJQQ3,Contact
00TH2p2HWLwAsvaU0D,Send workshop summary,In Progress,Low,2023-08-03,Other,Synthetic follow-up activity for CRM workflow testing.,2021-09-15T11:33:54Z,0,7019KuFdn10ijGjI2P,Campaign,,
00TqRFIhB0Vq8XD29L,Prepare proposal,Deferred,Low,2023-01-13,Other,Synthetic follow-up activity for CRM workflow testing.,2024-12-15T06:07:51Z,0,,,003HNVZ0xqZOApDAML,Contact
00T8Hxc625bVLu7E15,Follow up,Deferred,Low,2021-05-02,Email,Synthetic follow-up activity for CRM workflow testing.,2022-07-10T03:18:43Z,0,500eWiiglJTxVMEAPI,Case,003YlPvMmGA2YmCQGF,Contact
00TUqNgRO0e4UqJMQU,Review requirements,Waiting on someone else,High,2021-03-01,Email,Synthetic follow-up activity for CRM workflow testing.,2024-07-14T00:45:48Z,0,52trC9q4k0rZZPwASJ,Opportunity,003bwABqXXNG7IWYIN,Contact
00TeGHAek8WxKbDUZA,Follow up,Deferred,Low,2021-05-19,Other,Synthetic follow-up activity for CRM workflow testing.,2022-09-26T22:58:24Z,0,0011Ah4A4sWSLAjA4O,Account,,
00T9FGBmJ7baSSUMGX,Follow up,Waiting on someone else,High,2024-10-22,Email,Synthetic follow-up activity for CRM workflow testing.,2021-06-15T22:47:49Z,0,001Ts4G5LvwmAxUY42,Account,003euzwExYsJTIpY9B,Contact
00Tkbnae2YIqRvLEPB,Prepare proposal,Completed,Normal,2023-01-02,Other,Synthetic follow-up activity for CRM workflow testing.,2023-03-21T22:54:25Z,1,500YL2IYRNnCGjNI8C,Case,003VtyW41eLCT25YCC,Contact
00TjGBFKdhn0sqwEZW,Review requirements,Not Started,Normal,2025-08-17,Email,Synthetic follow-up activity for CRM workflow testing.,2022-10-04T02:42:53Z,0,02ipgF3a69ob2L7IFN,Asset,003MqzQMaSwikQPA9S,Contact
00T1H6z5rt7Q8bF2Z6,Send workshop summary,Waiting on someone else,Normal,2025-08-14,Email,Synthetic follow-up activity for CRM workflow testing.,2026-02-19T19:59:56Z,0,82iKI9N7Ofohz2WQLX,Opportunity,003OudIDdeswrwGIHG,Contact
00TKDdiVH96HBB6EIZ,Send workshop summary,Deferred,High,2021-08-26,Call,Synthetic follow-up activity for CRM workflow testing.,2022-02-10T04:22:36Z,0,00i5NoS0FHkqTteQ5Q,Opportunity,003wQNNb4smiWBWACB,Contact
00TGYdKW5vSu7wNEW3,Send workshop summary,Waiting on someone else,Low,2021-07-17,Other,Synthetic follow-up activity for CRM workflow testing.,2022-01-11T22:34:02Z,0,,,003dXGwafs3aJCkYNK,Contact
00TC3R3HXQDOvt9UXZ,Prepare proposal,In Progress,Low,2023-04-15,Other,Synthetic follow-up activity for CRM workflow testing.,2024-02-13T06:00:53Z,0,001ax6fYCGAkn42YO7,Account,003FVdzmg89BUslA0L,Contact
00TCvNNszQCLiF5MXV,Follow up,Waiting on someone else,Normal,2022-03-20,Other,Synthetic follow-up activity for CRM workflow testing.,2024-07-24T09:57:21Z,0,516BZpqi92HfMiEAXD,Opportunity,00QvBrkGN0auGtu2G7,Lead
00T2f1FIRCKBWpbMOC,Prepare proposal,Waiting on someone else,Normal,2025-05-22,Other,Synthetic follow-up activity for CRM workflow testing.,2025-06-02T15:16:40Z,0,001CobSEZTi3dLCAGD,Account,003Fw5RxAPJU0ZdABZ,Contact
00TscqIT1Wnzow1EZL,Send workshop summary,Waiting on someone else,Low,2024-10-15,Email,Synthetic follow-up activity for CRM workflow testing.,2025-05-31T12:05:37Z,0,52tBxvqCScFZeiWA23,Opportunity,,
00TikMWDWX1xfUjUX7,Review requirements,In Progress,Low,2025-12-02,Other,Synthetic follow-up activity for CRM workflow testing.,2022-02-21T11:04:39Z,0,001MPbzljMNLiv5QZV,Account,0039nywwcoxMniGIIW,Contact
00TdFTB9Z9iWCi6EUV,Review requirements,Not Started,High,2026-03-06,Other,Synthetic follow-up activity for CRM workflow testing.,2022-09-30T23:28:50Z,0,,,00361SAboucdOJGQ94,Contact
00TtugIRx6cajrZMZL,Send workshop summary,Completed,High,2025-12-31,Other,Synthetic follow-up activity for CRM workflow testing.,2022-12-27T17:22:48Z,1,706yIwidypSznxrQ80,Opportunity,,
00TLLtDf5GzZA7GELS,Send workshop summary,In Progress,Low,2022-11-03,Call,Synthetic follow-up activity for CRM workflow testing.,2021-04-12T11:51:32Z,0,,,,
00TrerBMSR2IzTzEZQ,Review requirements,Waiting on someone else,Low,2022-12-17,Call,Synthetic follow-up activity for CRM workflow testing.,2024-09-18T03:01:44Z,0,80080r54gGj9ZoLIUE,Contract,,
00TQsm1Oq2I6i95E5C,Follow up,Deferred,Low,2025-04-29,Other,Synthetic follow-up activity for CRM workflow testing.,2022-01-13T17:00:01Z,0,500Ru3W8DfODpo0ACL,Case,003xDSL78d613FFY1F,Contact
00TMdBfj3f9hztWERY,Review requirements,Deferred,Normal,2021-10-10,Email,Synthetic follow-up activity for CRM workflow testing.,2024-01-17T11:01:53Z,0,01665LIM3G7O2IEIRV,Opportunity,003Hpz0CVSGAGcLYJ1,Contact
00Tx5sIbmOhcDt7EO6,Prepare proposal,Waiting on someone else,High,2024-06-05,Email,Synthetic follow-up activity for CRM workflow testing.,2025-03-26T09:29:47Z,0,,,,
00TmacHk93ERMvdU7T,Follow up,Not Started,High,2024-03-14,Email,Synthetic follow-up activity for CRM workflow testing.,2025-11-29T01:20:57Z,0,001vXGsLaTZksTjQHC,Account,003pC3VWabjXVkVY9F,Contact
00TiuD6CfyU4PVwMPH,Send workshop summary,In Progress,Normal,2025-01-23,Email,Synthetic follow-up activity for CRM workflow testing.,2023-06-25T14:59:20Z,0,0017rl4CBbT95B0YG7,Account,00QHa4wG1ZxPStQR0A,Lead
00TbSMpmFdjN6IB2JQ,Prepare proposal,Not Started,High,2021-07-16,Call,Synthetic follow-up activity for CRM workflow testing.,2021-01-31T11:05:18Z,0,001yvWhfz01vDWFY3M,Account,0039zPQ4xHnhcqGI7G,Contact
00T6cbd8WiyBZvtMEW,Prepare proposal,Completed,Low,2025-09-29,Other,Synthetic follow-up activity for CRM workflow testing.,2024-06-04T23:46:12Z,1,510VO5MURhSxzZ6AYH,Opportunity,003cU8L4V0sTv4CYM8,Contact
00TAkOS63AWLosYEUP,Review requirements,Completed,Low,2021-06-15,Other,Synthetic follow-up activity for CRM workflow testing.,2021-04-07T17:34:02Z,1,006WonYZXAjQ90LQSO,Opportunity,00QUTs1W7w6I9yfU5A,Lead
00Tjmo7GNOqVY862V1,Follow up,Deferred,Normal,2021-12-23,Email,Synthetic follow-up activity for CRM workflow testing.,2026-02-22T06:11:27Z,0,500RKC1W4BLVQdOI10,Case,00373EqRvAJ5BuGQVH,Contact
00TQLynJyIT5kJ4ERS,Prepare proposal,Completed,Normal,2024-12-29,Call,Synthetic follow-up activity for CRM workflow testing.,2023-11-04T18:14:52Z,1,016nezGYukNi6QYIZM,Opportunity,0033OyTlO5QHrP3Y9O,Contact
00T2Ntu1kOWPWKmETK,Send workshop summary,In Progress,Normal,2021-10-12,Email,Synthetic follow-up activity for CRM workflow testing.,2025-07-18T00:40:24Z,0,011uTS0O62cBIW1YEA,Opportunity,003S3Xzjr6c05vhYJG,Contact
00TzsaryW90AS2l24C,Review requirements,In Progress,High,2023-07-20,Email,Synthetic follow-up activity for CRM workflow testing.,2026-04-04T01:22:17Z,0,02ilXuigP7z5HDQIF0,Asset,00QHU6kFZgDfiUgE4N,Lead
00TNHk01WWprYZcMJC,Review requirements,Waiting on someone else,Low,2023-12-13,Email,Synthetic follow-up activity for CRM workflow testing.,2025-12-15T22:42:01Z,0,5218kDGtvyPxwpRAE4,Opportunity,00Q3Of6QqIazoySUFS,Lead
00TjLLJsCPPbSjlE7R,Send workshop summary,Not Started,High,2021-06-26,Email,Synthetic follow-up activity for CRM workflow testing.,2025-03-14T15:22:16Z,0,500NEVyLkJ4I0gYQVO,Case,00Qkez3p2wvl5vPEZD,Lead
00T3D05ZEZ9awNW2V2,Review requirements,Deferred,High,2023-01-09,Other,Synthetic follow-up activity for CRM workflow testing.,2025-10-31T23:09:01Z,0,001Ivgehi2RhpxmIXK,Account,005b1OFAHFgyySPCO9,Lead
00TFsSoPBoUgk5M2C1,Review requirements,Waiting on someone else,Low,2026-08-22,Email,Synthetic follow-up activity for CRM workflow testing.,2024-12-01T13:46:56Z,0,01t6KOBy3HBszRYIB8,Opportunity,003efXBMJZqDwiVYYC,Contact
00TWSoBT11lG9TtE3H,Follow up,Deferred,Low,2022-08-26,Call,Synthetic follow-up activity for CRM workflow testing.,2023-10-10T15:44:03Z,0,500wrP3FKWu1E6MYGA,Case,003qZwo4RCko78uA4C,Contact
00TcPS0qt74GqqqUM2,Review requirements,Completed,Normal,2022-03-10,Other,Synthetic follow-up activity for CRM workflow testing.,2026-01-29T06:19:44Z,1,80ig0h44cCZ9guhILV,Opportunity,003mndjN59quZqZITR,Contact
00TrTF37kw4GFSaUZ3,Follow up,In Progress,Normal,2026-06-13,Call,Synthetic follow-up activity for CRM workflow testing.,2025-03-31T12:25:59Z,0,800fClpZjl7fMSxA6B,Contract,003KJ8FJo8XNZ6MQ3J,Contact
00TuQEtX8XcJY73EGM,Follow up,Deferred,High,2025-06-05,Other,Synthetic follow-up activity for CRM workflow testing.,2023-04-08T18:30:43Z,0,511eM2lrl9Ozn6fAVQ,Opportunity,003VxLo3FH5P5RIAB7,Contact
00Th7gaZpMqvbWj2FO,Review requirements,Waiting on someone else,High,2024-04-16,Other,Synthetic follow-up activity for CRM workflow testing.,2021-03-16T21:36:49Z,0,81tHjA0goD8mPAOI4W,Opportunity,00QX7R39dZ5vKZwU0N,Lead
00TyQBxv8tdkWYVMQH,Review requirements,Completed,High,2025-04-09,Call,Synthetic follow-up activity for CRM workflow testing.,2021-10-03T11:51:16Z,1,81iQSitxDjFggR0IUS,Opportunity,0033iQfx5q3nOeFIHK,Contact
00TFS8VnXofAyNZEYS,Prepare proposal,Not Started,Normal,2025-03-13,Call,Synthetic follow-up activity for CRM workflow testing.,2023-02-12T02:16:42Z,0,001vnn1W5RPN0LPYO8,Account,003m51PQv9gnR31YU9,Contact
00TbYLPzFvcAicHM4U,Review requirements,Deferred,Normal,2023-09-16,Other,Synthetic follow-up activity for CRM workflow testing.,2025-07-17T14:04:22Z,0,500rVheELr7NrpGY4X,Case,003haI7NPKn0gYsQ3M,Contact
00TwpNP2Rge0IPoEK1,Review requirements,In Progress,Normal,2025-11-29,Call,Synthetic follow-up activity for CRM workflow testing.,2021-01-28T13:16:47Z,0,,,003yZ109lzITybEAHN,Contact
00TGbu2obDsyCfw2FK,Send workshop summary,In Progress,Normal,2026-04-05,Call,Synthetic follow-up activity for CRM workflow testing.,2024-04-03T07:05:04Z,0,50061TEvyTCbcFGA3Y,Opportunity,00QqTKKRSDIZMY222P,Lead
00TOcowuwFSphxc2SW,Send workshop summary,Waiting on someone else,High,2021-12-15,Call,Synthetic follow-up activity for CRM workflow testing.,2021-09-13T16:27:23Z,0,800uHuxUph9dreSQO6,Contract,003viysww6RaIvgAR3,Contact
00Tq2yQ3Em16p3ZEF3,Send workshop summary,Waiting on someone else,Low,2025-10-25,Call,Synthetic follow-up activity for CRM workflow testing.,2021-05-07T04:20:37Z,0,02tvRmJ3KgjkxLBYSA,Opportunity,003nUmR8FGkuy87IC1,Contact
00TqKS5iVQf6kXqUN4,Follow up,Waiting on someone else,Low,2021-06-08,Call,Synthetic follow-up activity for CRM workflow testing.,2023-05-13T02:48:36Z,0,001cML7G0gkmAuyYXM,Account,00QcMvimBBMibMIU6L,Lead
00TD8NlhclhJcmYENF,Prepare proposal,Waiting on someone else,Normal,2023-06-05,Email,Synthetic follow-up activity for CRM workflow testing.,2023-10-27T07:30:43Z,0,02tpaFf85ljoY7FYHM,Opportunity,,
00T8KlrRsog1Ymv2C5,Follow up,Waiting on someone else,Normal,2025-04-15,Email,Synthetic follow-up activity for CRM workflow testing.,2022-09-16T16:46:30Z,0,001yU1qilS2HtnNQUW,Account,0036M9oi3OkmErTIEE,Contact
00TxiRZqPfxlV002IT,Prepare proposal,Not Started,Low,2025-09-01,Email,Synthetic follow-up activity for CRM workflow testing.,2024-06-30T02:02:11Z,0,701qGSJSbVRjjNMQYD,Campaign,0035heRF4LfS5QHQ5B,Contact
00TfQ4CI7Jgah7mM27,Follow up,Not Started,Normal,2023-05-07,Call,Synthetic follow-up activity for CRM workflow testing.,2021-04-28T07:00:38Z,0,701baEWnGlBqdzhA9Z,Campaign,,
00TiawxNk2EonkGMX5,Review requirements,Not Started,Low,2023-10-24,Email,Synthetic follow-up activity for CRM workflow testing.,2021-04-08T06:47:31Z,0,001tqRaHFT1utFgIDH,Account,003gGTRmmL5eT6AQJR,Contact
00T85aENxEUVS5tUFX,Prepare proposal,Waiting on someone else,High,2021-09-19,Call,Synthetic follow-up activity for CRM workflow testing.,2024-07-21T12:50:59Z,0,506NpocNdGAATxXY9N,Opportunity,,
00TWVDtOan3OurnUMO,Send workshop summary,Deferred,Normal,2025-10-14,Email,Synthetic follow-up activity for CRM workflow testing.,2023-10-26T09:38:08Z,0,701C5GBKeBniO3YY7J,Campaign,003L9uAYQt0cAHyIUX,Contact
00TpqG3u73lxRF9M3S,Send workshop summary,Completed,Normal,2022-07-22,Other,Synthetic follow-up activity for CRM workflow testing.,2021-10-11T07:28:47Z,1,01taG1hPSd1cWC7Y2A,Product2,00QmlDpyJO3Fn52UAJ,Lead
00TMOejTBMfPvYP22S,Follow up,In Progress,Low,2021-03-07,Call,Synthetic follow-up activity for CRM workflow testing.,2025-02-12T16:26:40Z,0,006RmQxRKNSn5fcIK7,Opportunity,003C9BfHPwWWJ2mIXI,Contact
00TRUwTsYQ4rVgwEES,Send workshop summary,Deferred,High,2022-03-31,Email,Synthetic follow-up activity for CRM workflow testing.,2021-09-21T12:53:56Z,0,80ig0h44cCZ9guhILV,Opportunity,003fsY9xmzLb2Z7A1O,Contact
00TyCa9wUuYu6ThM5S,Send workshop summary,Completed,Normal,2021-09-17,Call,Synthetic follow-up activity for CRM workflow testing.,2021-07-25T00:07:33Z,1,701aVdLHYNnMSttA9G,Campaign,00QVy2cvIuAj16eMLR,Lead
00Tnoy2ajZ0Y9mQUG9,Review requirements,Completed,High,2022-03-22,Email,Synthetic follow-up activity for CRM workflow testing.,2024-08-10T09:30:54Z,1,001RiZCg1UERbAvQWO,Account,003GweaslhRRyCLI5I,Contact
00TeYje9lHPbdHt2AK,Review requirements,Deferred,Low,2026-05-19,Call,Synthetic follow-up activity for CRM workflow testing.,2023-02-18T05:21:02Z,0,80ig0h44cCZ9guhILV,Opportunity,003k49EWqm8xZQ600Y,Lead
00TCwRIR3YEl89VU8Q,Send workshop summary,Deferred,High,2021-11-15,Other,Synthetic follow-up activity for CRM workflow testing.,2022-08-31T08:10:11Z,0,726FMdiCT0tjq1BYP4,Opportunity,003g8YnJ45l2eWdK2T,Lead
00TAJdvYI6CHc0uUER,Prepare proposal,In Progress,Normal,2025-03-03,Other,Synthetic follow-up activity for CRM workflow testing.,2021-02-25T03:27:51Z,0,02iYsg0TF3Vh1dSIKP,Asset,003jeCMjaawniZbO9W,Lead
00TNqiJ6hdqd0iNU7I,Prepare proposal,In Progress,Low,2025-05-03,Email,Synthetic follow-up activity for CRM workflow testing.,2025-09-18T02:58:44Z,0,001X5lK5MbsgblUIV7,Account,00QZ3EiucIdgzyv2A0,Lead
00Tv5CHHEhXxu89MXW,Follow up,Waiting on someone else,Low,2025-02-19,Call,Synthetic follow-up activity for CRM workflow testing.,2021-12-25T10:45:53Z,0,72tXex0Rj4Ka2g5APC,Opportunity,003L2XFTdblnovFIX1,Contact
00TTLcUe94H4kYwECT,Prepare proposal,Deferred,High,2023-07-31,Email,Synthetic follow-up activity for CRM workflow testing.,2022-04-03T04:56:24Z,0,81tdAGdH26F8088AZY,Opportunity,003bBurZT3jFyReYX3,Contact
00TV02dSwYgUmPY28K,Send workshop summary,Not Started,Normal,2026-05-12,Call,Synthetic follow-up activity for CRM workflow testing.,2024-11-07T06:40:06Z,0,001oTVBgpJb5kxRYJO,Account,00QiYfcGcyaqrGn2I1,Lead
00Tupklc0pYpeSzUG0,Review requirements,Deferred,High,2024-01-12,Email,Synthetic follow-up activity for CRM workflow testing.,2026-03-24T01:03:30Z,0,02iacji2ZdqGDDKAPU,Asset,,
00TrAd1VfWUGAR2M8Z,Send workshop summary,In Progress,High,2026-01-28,Other,Synthetic follow-up activity for CRM workflow testing.,2024-08-20T01:51:31Z,0,001DvFcs2OCjLNHAFJ,Account,,
00TGFEHeG04skIsE5D,Follow up,Deferred,High,2022-11-20,Other,Synthetic follow-up activity for CRM workflow testing.,2022-09-26T15:01:33Z,0,801dw57foCSzfVBIHO,Order,003rN87YQtO4m2UQGR,Contact
00TexQIgj8dgcuJEDT,Send workshop summary,Not Started,Low,2025-10-24,Email,Synthetic follow-up activity for CRM workflow testing.,2023-02-28T03:28:35Z,0,520gmMJUQGawEHdI4K,Order,003dXy6e6uwVbwDIP6,Contact
00TMjFvX0lp26lJMFQ,Prepare proposal,Deferred,Normal,2023-05-18,Call,Synthetic follow-up activity for CRM workflow testing.,2021-01-21T16:57:58Z,0,001avRKkn0zGBkGQ4J,Account,,
00TTT5Z6o1RAvzV24Q,Prepare proposal,In Progress,Low,2025-02-27,Call,Synthetic follow-up activity for CRM workflow testing.,2024-05-06T07:56:29Z,0,0201RQhzNnvKuiQY9G,Opportunity,003mYFAFR2j9W73QKR,Contact
00THsPUPxr3OZio26N,Review requirements,Waiting on someone else,Low,2022-10-08,Email,Synthetic follow-up activity for CRM workflow testing.,2026-04-18T07:13:05Z,0,01tfpNseevgyHG4I4H,Product2,0031xCMEyljPzCpIXV,Contact
00TCkThPxNdx97dEBO,Send workshop summary,Not Started,Normal,2023-03-23,Email,Synthetic follow-up activity for CRM workflow testing.,2024-04-30T09:05:25Z,0,,,,
00TezMihnSLEC1oUHX,Follow up,In Progress,Normal,2026-03-13,Other,Synthetic follow-up activity for CRM workflow testing.,2026-05-28T11:43:54Z,0,72tGvZVTJcGCsPOQR7,Opportunity,003DnDlPXrvzmkCIGX,Contact
00TZiE4GrVOQEW8UWP,Send workshop summary,In Progress,High,2021-08-14,Call,Synthetic follow-up activity for CRM workflow testing.,2021-05-14T14:46:21Z,0,02iFkgublySCKISIGR,Asset,,
00TpC8H3yc67TX2ESN,Follow up,In Progress,High,2026-07-10,Call,Synthetic follow-up activity for CRM workflow testing.,2024-07-11T15:50:15Z,0,02iLAoa4FRQuJCzA1W,Asset,003PG11g6TmXEpFQ1I,Contact
00TD55IGFhn6ZScERX,Follow up,Waiting on someone else,Low,2024-02-22,Call,Synthetic follow-up activity for CRM workflow testing.,2023-04-07T13:15:14Z,0,001Qm6Qlk3KEL3HIOS,Account,00QJ71oXio2WhbJUV7,Lead
00TV7Gckhm3a8avMR4,Follow up,Waiting on someone else,Low,2025-11-18,Call,Synthetic follow-up activity for CRM workflow testing.,2023-05-30T18:34:47Z,0,500Id94IPWEdmVBA0K,Case,0036pKyOJBgDLuPISS,Contact
00TOGL0RpajgCSpUK6,Prepare proposal,In Progress,Normal,2022-08-04,Call,Synthetic follow-up activity for CRM workflow testing.,2023-06-30T10:19:46Z,0,7012gLtQpc999YmQNW,Campaign,003OiBN34GSDT6gA97,Contact
00TcYjGBSbxbVNGE41,Review requirements,Deferred,Low,2024-02-16,Other,Synthetic follow-up activity for CRM workflow testing.,2021-05-01T15:55:00Z,0,500TdBOhJ7viHWcI5D,Case,00385RBEQxE85WSI3T,Contact
00TmOY7TqHlX6XwU34,Send workshop summary,Deferred,Normal,2024-04-20,Other,Synthetic follow-up activity for CRM workflow testing.,2022-03-26T03:53:16Z,0,001I9h4vN2Mpc08I26,Account,003QeNMjcAOpLehYGJ,Contact
00THewNhqRc1jgMEON,Prepare proposal,Deferred,Normal,2025-03-23,Call,Synthetic follow-up activity for CRM workflow testing.,2023-12-07T16:29:09Z,0,500FuEZPTaNsDUoAM3,Case,00QhMQkzuLoQ0eyUD9,Lead
00T3Pl1IastJicrUU6,Follow up,Deferred,High,2022-10-17,Call,Synthetic follow-up activity for CRM workflow testing.,2026-02-09T21:35:34Z,0,801mOeaKmmVXYmrY53,Order,003BezGw71lXosXA9D,Contact
00TAE2bWKd5KoTv2QP,Send workshop summary,Waiting on someone else,Low,2022-10-27,Other,Synthetic follow-up activity for CRM workflow testing.,2023-09-08T10:12:37Z,0,700RYj9OJ0tobSgYEL,Opportunity,00QJuDymzlxnPu42GK,Lead
00TGh9KTApvBmpvEQZ,Send workshop summary,Completed,Normal,2021-05-31,Call,Synthetic follow-up activity for CRM workflow testing.,2025-04-28T14:14:39Z,1,500FbteIkANMko7QG7,Case,003wFfQ0Kj6gykpQR8,Contact
00TIKyPWlqVyyi1MSF,Review requirements,In Progress,High,2021-11-23,Call,Synthetic follow-up activity for CRM workflow testing.,2025-10-08T17:53:56Z,0,500IEqkwsVny63dQ0B,Case,00QpgQOE67GRucdEYD,Lead
00TGucHdGMelzLKMLH,Follow up,In Progress,Low,2022-01-26,Email,Synthetic follow-up activity for CRM workflow testing.,2023-09-08T05:57:47Z,0,701EsLuEhnkDYlxYN5,Opportunity,003WuzwyGGrq7mkQSD,Contact
00TfkKJcnIQKv1XMWI,Review requirements,Deferred,Normal,2022-04-13,Call,Synthetic follow-up activity for CRM workflow testing.,2023-05-03T01:52:45Z,0,006zBlVXRON0pu2IAG,Opportunity,003JUYidSURardvA0X,Contact
00TGuVyVbJ3C2Xx2QS,Review requirements,Not Started,Low,2024-07-07,Other,Synthetic follow-up activity for CRM workflow testing.,2024-01-20T17:37:14Z,0,800agHx6nx1yxCcA1H,Opportunity,,
00TKro9bLSGcYHDEX5,Review requirements,Not Started,Normal,2025-09-28,Other,Synthetic follow-up activity for CRM workflow testing.,2022-01-01T04:38:05Z,0,0017zKMESrLRf4iY3C,Account,0030Yegg0yQ11T7IA4,Contact
00TLb4PXl5XZg0ZMJV,Send workshop summary,In Progress,Low,2021-12-05,Call,Synthetic follow-up activity for CRM workflow testing.,2021-09-14T06:10:49Z,0,,,003G1xx6KqMl4esY76,Contact
00TtrDc4uyEGmO6E59,Send workshop summary,Not Started,High,2026-01-23,Call,Synthetic follow-up activity for CRM workflow testing.,2021-06-04T06:51:26Z,0,001d6L0YO7RdZlqYEZ,Account,003XFY8sQ1Ay3yuY27,Contact
00T6Ui3E7FOEfEWMJD,Follow up,Completed,Low,2026-06-23,Email,Synthetic follow-up activity for CRM workflow testing.,2021-02-15T02:40:59Z,1,,,003OeAYHBMeWG8UIKO,Contact
00TkWhDkP2wyebzMIG,Review requirements,Deferred,Low,2021-02-22,Call,Synthetic follow-up activity for CRM workflow testing.,2022-05-14T14:34:00Z,0,001qP46mGWsPnuOQ5R,Account,00Q56WOYc8rtPLUMKI,Lead
00TFrvIx91ALZfiUTJ,Prepare proposal,In Progress,Low,2022-07-08,Other,Synthetic follow-up activity for CRM workflow testing.,2022-07-07T08:02:06Z,0,801IvyNCvxMtA96QAK,Order,003tGuzsxGZam6lYCX,Contact
00TWTJzM0JBh2m6ELC,Send workshop summary,Waiting on someone else,Low,2021-11-17,Call,Synthetic follow-up activity for CRM workflow testing.,2025-02-17T17:16:36Z,0,001Ivgehi2RhpxmIXK,Account,003XeNeElr8msePY20,Contact
00Tl7l3cG9dps9fM5N,Send workshop summary,Not Started,Normal,2021-05-26,Call,Synthetic follow-up activity for CRM workflow testing.,2025-03-31T11:30:53Z,0,026pLi5YaivbPOPQG6,Opportunity,003YDOcx3APUUSMI69,Contact
00TLMhvu8W9rPBmEYI,Prepare proposal,In Progress,Low,2025-06-01,Call,Synthetic follow-up activity for CRM workflow testing.,2023-08-24T20:28:38Z,0,500GK18fPSI878FIMN,Case,003iMpGGuHEEHp3AUB,Contact
00T45mh1G6ONMopEGT,Send workshop summary,In Progress,High,2021-08-14,Email,Synthetic follow-up activity for CRM workflow testing.,2022-07-19T20:47:39Z,0,01tnwaV2txjKBLPYKN,Product2,003Mqj2q9jdJsceAVN,Contact
00TgtuaOGpXQEuQ2Y1,Review requirements,Completed,Normal,2023-04-25,Other,Synthetic follow-up activity for CRM workflow testing.,2024-07-25T05:58:57Z,1,,,00QIPeYU1sRVhnsUUO,Lead
00TaDofLnoFbxv3MQN,Send workshop summary,Deferred,Low,2026-07-04,Call,Synthetic follow-up activity for CRM workflow testing.,2026-04-09T07:49:08Z,0,500DKupSluQAu1XQ46,Case,003B2rnKtJWVxnSYYD,Contact
00TsO8XIPqb3mrV2SO,Prepare proposal,Completed,Normal,2023-07-29,Call,Synthetic follow-up activity for CRM workflow testing.,2021-03-08T04:23:43Z,1,02i4m7P6GTDNivwI4N,Asset,00QSins9KNSkLebECZ,Lead
00TQyj68JlwP4yVUW2,Prepare proposal,In Progress,High,2023-10-01,Email,Synthetic follow-up activity for CRM workflow testing.,2024-01-08T09:16:03Z,0,001J6hTar5vB37wAO0,Account,003o8Gbo8PQrVB9AF6,Contact
00TZbWyrppLkaCy2Q9,Send workshop summary,Not Started,High,2022-06-22,Other,Synthetic follow-up activity for CRM workflow testing.,2025-09-27T12:49:16Z,0,52ijn69SPLo4ed5IRV,Opportunity,003cxU9UTk9dRNPQ35,Contact
00T3myChAvCLbEfECP,Follow up,Waiting on someone else,High,2026-05-13,Email,Synthetic follow-up activity for CRM workflow testing.,2021-03-30T16:24:20Z,0,800Qiw8nw8drSeGAXC,Opportunity,00QZY6RzZmfhSoyMDO,Lead
00T75oyIaLY6zdKMHE,Prepare proposal,Deferred,High,2022-02-05,Email,Synthetic follow-up activity for CRM workflow testing.,2021-05-23T18:18:19Z,0,01inRk0STSeXgK3AT9,Order,,
00TuzRVZuh9kGfPU38,Prepare proposal,Completed,High,2025-08-13,Call,Synthetic follow-up activity for CRM workflow testing.,2024-11-01T16:19:39Z,1,001wp2Q6PkIMrfFY6U,Account,003y9R3yE5mQtv4Q0K,Contact
00THFpuvx8BDmWCEUA,Prepare proposal,In Progress,Low,2022-03-25,Email,Synthetic follow-up activity for CRM workflow testing.,2024-09-22T02:49:44Z,0,00134kztbICJD2tYCZ,Account,003QfRPBunwS0dvYKE,Contact
00T8d0Jzg3ZeYFzMIY,Send workshop summary,Deferred,Normal,2026-07-15,Call,Synthetic follow-up activity for CRM workflow testing.,2022-11-13T13:44:35Z,0,52tBxvqCScFZeiWA23,Opportunity,0030e2mL8N1jKfuYES,Contact
00TeTZK1Fnwigs22BZ,Review requirements,Waiting on someone else,High,2021-10-03,Other,Synthetic follow-up activity for CRM workflow testing.,2026-02-11T15:32:24Z,0,026xiH3u9M75ou6IW2,Opportunity,003NOck8O3rY4waYUN,Contact
00TipT1Q4XhCRkzUQF,Prepare proposal,In Progress,High,2023-11-25,Call,Synthetic follow-up activity for CRM workflow testing.,2023-09-30T21:24:43Z,0,,,,
00Ty1H6767vv6kvEVR,Follow up,Deferred,Normal,2023-08-16,Other,Synthetic follow-up activity for CRM workflow testing.,2021-12-20T22:05:11Z,0,,,0035lztNUBNMXswYOA,Contact
00TfCULwjN4JgnjM72,Prepare proposal,In Progress,High,2021-02-13,Email,Synthetic follow-up activity for CRM workflow testing.,2024-09-02T11:12:53Z,0,02i5Nossa0YC4omQFH,Asset,00QQgp7aKuTaP2r2X0,Lead
00TJt1He8Au7msN2LQ,Prepare proposal,Waiting on someone else,Low,2023-10-04,Call,Synthetic follow-up activity for CRM workflow testing.,2021-04-17T10:25:34Z,0,006lj43LWcVxgCsY4L,Opportunity,00Qidr88ghLsMnyEMF,Lead
00Td00nzfuu2tF3MM4,Review requirements,Not Started,High,2023-10-15,Call,Synthetic follow-up activity for CRM workflow testing.,2024-12-22T12:54:26Z,0,001G40EGKjt7p96I7T,Account,,
00T1mBgfkiEE3z12ZQ,Follow up,Waiting on someone else,Normal,2025-08-02,Other,Synthetic follow-up activity for CRM workflow testing.,2023-04-13T17:47:28Z,0,511cHYiBkget9ekI13,Opportunity,00QaCtaU3pP2xAIEJ5,Lead
00TavVtmES0HmuSUZN,Prepare proposal,In Progress,Normal,2022-04-24,Email,Synthetic follow-up activity for CRM workflow testing.,2022-03-27T09:01:00Z,0,001avRKkn0zGBkGQ4J,Account,,
00T5tRye9jyoExaE7P,Follow up,Completed,Normal,2023-05-19,Other,Synthetic follow-up activity for CRM workflow testing.,2023-06-28T19:46:49Z,1,001sS1Mj9gSLRavQC2,Account,003UCqQkPR1i6xLQQO,Contact
00TsxnOErTWmBq9EHA,Prepare proposal,Deferred,Normal,2021-04-09,Other,Synthetic follow-up activity for CRM workflow testing.,2023-02-02T22:24:08Z,0,0014WYoiYbOMlUgQDX,Account,003GweaslhRRyCLI5I,Contact
00T5EOANfz1w41mMGC,Send workshop summary,Waiting on someone else,Low,2022-07-03,Call,Synthetic follow-up activity for CRM workflow testing.,2026-06-16T06:45:08Z,0,52tsdQVzzk5eS9DI06,Order,00Q8umUk6BJkMJzM2M,Lead
00TQHaRA5eJ55YxMG0,Send workshop summary,Waiting on someone else,High,2024-12-25,Other,Synthetic follow-up activity for CRM workflow testing.,2025-01-09T04:24:35Z,0,70119DkKdradggLYK9,Campaign,,
00TKAlBF9iih0LAM6H,Follow up,Deferred,Normal,2025-04-01,Other,Synthetic follow-up activity for CRM workflow testing.,2026-02-05T15:33:40Z,0,006NP7nicN4ZuyJIAI,Opportunity,003bzqCPhHkdWt9INI,Contact
00T4U8wvhDY8uSdMJ6,Follow up,Completed,High,2026-05-04,Call,Synthetic follow-up activity for CRM workflow testing.,2022-09-04T03:09:01Z,1,701JAQrUVjwb0lkIRC,Campaign,00QZXsRZFyORwTgE3P,Lead
00TJZmxh12e05bZEG0,Prepare proposal,Deferred,Normal,2022-06-08,Call,Synthetic follow-up activity for CRM workflow testing.,2024-11-06T17:54:51Z,0,,,003LtDO7YzOyUhUA6A,Contact
00Tkkp4t8MSsrCoENH,Prepare proposal,Deferred,High,2022-12-24,Call,Synthetic follow-up activity for CRM workflow testing.,2021-04-01T01:45:54Z,0,006WlMRhYiLZnZnQQ3,Opportunity,,
00TfmEKEXZSTb7g29Q,Follow up,Not Started,High,2026-04-13,Call,Synthetic follow-up activity for CRM workflow testing.,2021-08-06T06:48:55Z,0,,,003Gql7cL20isNIQSH,Contact
00TTeWfkTl8iD6ZU5Y,Send workshop summary,Waiting on someone else,Low,2025-03-08,Call,Synthetic follow-up activity for CRM workflow testing.,2024-01-13T15:58:34Z,0,001qxvOxGkxKlKoYCS,Account,003TeKUaLxb9fsDI3M,Contact
00T5PaELkuZqeT4MHY,Follow up,Deferred,Low,2023-07-29,Email,Synthetic follow-up activity for CRM workflow testing.,2023-08-24T10:57:21Z,0,001oowXHzEaXod1YS1,Account,00QvxjpimH7prkGUN4,Lead
00TUxbfblIqJ0hcMGF,Follow up,Completed,Normal,2022-01-24,Call,Synthetic follow-up activity for CRM workflow testing.,2023-10-13T21:05:59Z,1,71tT1GP2wDzYpuLIQ1,Opportunity,0033Qo4cfGxpEGdIZI,Contact
00T9lFPlREEuQihE9X,Send workshop summary,In Progress,Normal,2024-08-22,Other,Synthetic follow-up activity for CRM workflow testing.,2024-05-18T22:27:19Z,0,001DbpAGYxaJeBJQYG,Account,003IDLAnjAhQBBjAVX,Contact
00TcUgBOrfQVF7eUXD,Review requirements,Completed,Normal,2024-11-22,Other,Synthetic follow-up activity for CRM workflow testing.,2022-08-07T06:02:17Z,1,,,00Q8UMNyoEUj43y2V3,Lead
00TvUqtxEF9XXA9U28,Send workshop summary,Waiting on someone else,Normal,2023-02-09,Call,Synthetic follow-up activity for CRM workflow testing.,2022-10-16T12:16:01Z,0,021jvqwanvRq8PSQS3,Opportunity,00QR4g2DCWvJrD7EFB,Lead
00TLtQEsMCLTToVEFN,Follow up,Waiting on someone else,Low,2025-12-12,Email,Synthetic follow-up activity for CRM workflow testing.,2025-10-24T14:45:27Z,0,00iMCI0FdSRMC2lYEN,Opportunity,00QVvoJOZVxQA0bEWW,Lead
00TGyHK5HBPHqhkEVA,Prepare proposal,Waiting on someone else,High,2024-07-31,Call,Synthetic follow-up activity for CRM workflow testing.,2021-01-22T03:28:03Z,0,701316oqPXGTr5DIOR,Campaign,00Q4tL9GtNuoAOOMYE,Lead
00TzYmvOXMVxSZRMHG,Prepare proposal,Deferred,Normal,2022-06-13,Other,Synthetic follow-up activity for CRM workflow testing.,2026-04-23T16:23:06Z,0,001PygtS3FHgKj8Q8G,Account,00QUJzF0ACO0dC62FA,Lead
00TMRAjsrePwHreEBJ,Review requirements,Deferred,High,2022-07-24,Other,Synthetic follow-up activity for CRM workflow testing.,2022-11-26T10:13:54Z,0,02icFWgZiKYRZljASV,Asset,003cXEiEfiPaRQlAUB,Contact
00THGgdhereLAn72RY,Follow up,Completed,Low,2022-10-26,Email,Synthetic follow-up activity for CRM workflow testing.,2021-01-04T21:48:16Z,1,701qSlEpW8tT5lJI6V,Campaign,,
00TVJyy84Aok6WX2R6,Send workshop summary,Deferred,Normal,2022-04-06,Other,Synthetic follow-up activity for CRM workflow testing.,2024-04-30T16:08:56Z,0,801xNcxbZvb2Qk8Q8Y,Order,003ehyNoKXJL01LISB,Contact
00TZZF7ib3xjJ02MEM,Review requirements,In Progress,High,2026-01-19,Other,Synthetic follow-up activity for CRM workflow testing.,2022-04-28T02:38:27Z,0,001dVg5Hd2ux7OeY11,Account,00QyuuUyFlFe8jUDMD,Lead
00TYSgNEYbTiIXL2VN,Review requirements,In Progress,High,2024-08-03,Email,Synthetic follow-up activity for CRM workflow testing.,2022-08-07T14:20:59Z,0,500ZRMxHIAVd06mQ0A,Case,,
00T7SXltagCzn6qUAE,Prepare proposal,Waiting on someone else,Normal,2025-01-20,Other,Synthetic follow-up activity for CRM workflow testing.,2021-03-28T03:43:45Z,0,001CUJom39MGP2ZQYD,Order,00Q9mnAms6MDZM2E2V,Lead
00TZJ116YPRi7O7U4U,Send workshop summary,Not Started,High,2022-01-10,Other,Synthetic follow-up activity for CRM workflow testing.,2025-08-04T08:46:48Z,0,00175Cmy8DqQrAKINI,Account,003QkS7uNbXyaF3IH9,Contact
00ToETFqn7XRaMrMBS,Send workshop summary,Not Started,High,2022-05-09,Email,Synthetic follow-up activity for CRM workflow testing.,2025-10-13T12:08:21Z,0,02iGAdAWxT6y7qyQKV,Asset,005Rs7hUpU5rSN2OUU,Lead
00TzvoXxOvepjEfMMD,Follow up,Waiting on someone else,Normal,2022-05-30,Email,Synthetic follow-up activity for CRM workflow testing.,2021-01-08T13:12:52Z,0,701qGSJSbVRjjNMQYD,Campaign,003BiVuwQpdIloXY64,Contact
00TjRSgrcTNLEDFMYT,Follow up,Waiting on someone else,Normal,2021-03-15,Email,Synthetic follow-up activity for CRM workflow testing.,2023-12-21T00:36:49Z,0,701AQ2IkwyckslOQQH,Campaign,00QNs9GrcMr9d73MLC,Lead
00TeIJB7udR5YioU5U,Send workshop summary,Not Started,Low,2025-07-20,Other,Synthetic follow-up activity for CRM workflow testing.,2021-04-18T05:32:43Z,0,02i4HkYgUNipuG4ASJ,Asset,003GweaslhRRyCLI5I,Contact
00TAoTQMaZnLOdeMIK,Prepare proposal,Deferred,High,2022-03-04,Email,Synthetic follow-up activity for CRM workflow testing.,2023-07-27T11:07:50Z,0,51tCO1aeW2hjHWTY77,Opportunity,00QWt1rumb5jINDMM9,Lead
00TEM7uShdkR2nb2JR,Follow up,Completed,Normal,2023-04-01,Call,Synthetic follow-up activity for CRM workflow testing.,2021-04-21T20:36:13Z,1,,,003VZ9hJXxjtGw3QAM,Contact
00ToCwyyFKoW8J52NA,Follow up,Completed,High,2021-05-28,Other,Synthetic follow-up activity for CRM workflow testing.,2022-03-22T14:22:33Z,1,500HoAsfKJ6oI5WINU,Case,003CScrbDxLMgj6INJ,Contact
00TKkO85JsbbComMJW,Prepare proposal,In Progress,High,2021-10-30,Email,Synthetic follow-up activity for CRM workflow testing.,2021-04-04T12:06:40Z,0,7016JVvcTYMBRjjQNA,Campaign,003S0zQPftBY4rtA8O,Contact
00ThQPAoq7HdxDZUER,Follow up,Not Started,Normal,2026-03-16,Other,Synthetic follow-up activity for CRM workflow testing.,2026-01-10T12:20:29Z,0,02iVnctguX5iDTlQF9,Asset,003xO6diFWGivMyQH5,Contact
00Tb4aRCcVwjwhy2YP,Review requirements,In Progress,Normal,2024-11-01,Other,Synthetic follow-up activity for CRM workflow testing.,2024-10-03T18:14:17Z,0,,,003mOkC58L5m0JSIM2,Contact
00TyE76afsDI04xMLX,Prepare proposal,Not Started,Low,2025-04-22,Call,Synthetic follow-up activity for CRM workflow testing.,2022-12-11T02:33:37Z,0,,,00QIMg6mEhRjb6H28E,Lead
00TWGBc6WCsiUTnMPG,Prepare proposal,In Progress,Normal,2021-06-29,Other,Synthetic follow-up activity for CRM workflow testing.,2026-01-12T17:14:12Z,0,,,003BFSmgmXsM1wDQUO,Contact
00TaohKnxw49pyFM2N,Review requirements,Deferred,High,2026-09-04,Email,Synthetic follow-up activity for CRM workflow testing.,2022-12-25T19:50:24Z,0,70iBffOMspjqQZ5Q7X,Order,003pEPvom8yD6H1AJ3,Contact
00TwUs8lzHp9P6lMIT,Prepare proposal,Waiting on someone else,Normal,2021-11-04,Call,Synthetic follow-up activity for CRM workflow testing.,2021-11-22T05:55:53Z,0,001cvG5DjhEsIaIAD0,Account,00308aR2Ghbld2lQJO,Contact
00TBhLOwSgaVUJnMZ3,Review requirements,Not Started,Low,2023-12-06,Email,Synthetic follow-up activity for CRM workflow testing.,2021-06-25T12:26:54Z,0,7017CM39bNZR7A7Q8R,Campaign,,
00Tya7RmjllgmpDES5,Prepare proposal,Completed,High,2022-09-09,Email,Synthetic follow-up activity for CRM workflow testing.,2021-02-26T17:00:08Z,1,001UhwyHPMFM5liAM5,Account,00QuVwPvF3JIV5vMMM,Lead
00Tup4ARwQ9dnVDUEH,Follow up,Waiting on someone else,Normal,2025-11-20,Call,Synthetic follow-up activity for CRM workflow testing.,2021-07-28T16:46:59Z,0,001KInyPfEAkhgcQEO,Account,003iTmW3vNbCgffI76,Contact
00TiXMKlHMt5dAUUJN,Send workshop summary,Waiting on someone else,Normal,2025-03-30,Email,Synthetic follow-up activity for CRM workflow testing.,2021-02-24T00:37:34Z,0,701AUDOzK5kG0AQQW3,Campaign,003PDVgkuWRXxQKQ3C,Contact
00TvhFJvQBY2ynkM1Y,Send workshop summary,Not Started,Low,2021-02-24,Call,Synthetic follow-up activity for CRM workflow testing.,2026-02-17T19:49:50Z,0,001smmPkB9oOSZnIQW,Account,,
00T4nqfvcpGXn5TUV5,Review requirements,Completed,High,2023-03-25,Call,Synthetic follow-up activity for CRM workflow testing.,2023-06-03T05:55:40Z,1,,,0034TaI45K3dHDFQ7H,Contact
00TuH24I1FxJvbbM5M,Review requirements,Waiting on someone else,Low,2026-01-07,Email,Synthetic follow-up activity for CRM workflow testing.,2021-09-10T23:09:34Z,0,001W0PnXXJdO3tsYE6,Account,003sJSyYtqUzipCA70,Contact
00TO7lrbnzgfVmc274,Review requirements,Completed,High,2023-07-31,Email,Synthetic follow-up activity for CRM workflow testing.,2024-11-14T21:15:56Z,1,001X50Bqc5cThUtYIX,Account,00QQbXn61CQF3rpE0S,Lead
00TniLSxFEJO0ddU77,Follow up,Not Started,Normal,2024-08-18,Call,Synthetic follow-up activity for CRM workflow testing.,2025-12-15T10:42:02Z,0,,,0038UpwEk35ffeBQQI,Contact
00TXQc6bUN4QZYM25S,Send workshop summary,Completed,High,2022-07-05,Other,Synthetic follow-up activity for CRM workflow testing.,2023-10-16T20:40:28Z,1,001IDl2DWYpmmF7QG7,Account,,
00TbLTk4W9IItT3E6Z,Follow up,Waiting on someone else,Low,2023-08-07,Other,Synthetic follow-up activity for CRM workflow testing.,2025-05-08T14:44:51Z,0,01ipBE9FncIOp9LYNF,Opportunity,003cvhNN1iOTchhY1V,Contact
00TXnVjvwDHR7tXMK8,Review requirements,Completed,Low,2024-04-06,Other,Synthetic follow-up activity for CRM workflow testing.,2022-11-11T04:37:39Z,1,72ik8dNleqayzEcQHA,Opportunity,0031mDngmYeD5xrIKU,Contact
00Tb34OhbcHZDBp2O6,Prepare proposal,Deferred,Normal,2022-09-03,Other,Synthetic follow-up activity for CRM workflow testing.,2022-07-02T01:51:17Z,0,511NIp2TtJoPLjwY55,Opportunity,003LnI9G4tD6Pl4QW5,Contact
00Tt6xsT1gGlLoPU3Q,Send workshop summary,Not Started,Low,2023-05-03,Call,Synthetic follow-up activity for CRM workflow testing.,2021-02-18T18:27:10Z,0,,,,
00TBOpXeqCcTTBeEIP,Review requirements,In Progress,Normal,2025-10-07,Other,Synthetic follow-up activity for CRM workflow testing.,2026-05-04T22:53:08Z,0,5061EOOkyR9jRgBIJ8,Opportunity,00QbhZ9eksRgiYSUJ9,Lead
00ToksDBBulz951MSK,Send workshop summary,Deferred,High,2021-07-01,Other,Synthetic follow-up activity for CRM workflow testing.,2022-04-11T05:01:17Z,0,80ig0h44cCZ9guhILV,Opportunity,,
00T5UernV3MYcT3M62,Prepare proposal,Deferred,High,2026-06-09,Call,Synthetic follow-up activity for CRM workflow testing.,2021-03-08T04:19:54Z,0,006gB9wvQnV0b9WIDU,Opportunity,00QZvqYzNfcxk34MUW,Lead
00T1vp62cW1cOFBEGN,Prepare proposal,Completed,Low,2023-06-25,Call,Synthetic follow-up activity for CRM workflow testing.,2024-03-03T04:11:35Z,1,026CvoPIjoSqqQcY7O,Opportunity,,
00TtVoIaTQF2KCyUOG,Send workshop summary,Deferred,Low,2026-06-19,Other,Synthetic follow-up activity for CRM workflow testing.,2024-02-13T15:32:59Z,0,,,00QnuXPwXCtbuOo2UQ,Lead
00TZqiQVWWQE8LS2Y5,Prepare proposal,Not Started,Normal,2021-11-03,Other,Synthetic follow-up activity for CRM workflow testing.,2021-09-09T01:43:16Z,0,0019ojrY0cvCQ2UQ6L,Account,00QSDAFXXFHCc5jMG4,Lead
00TJlTUQ5vAlPO522W,Send workshop summary,Deferred,Low,2026-05-13,Call,Synthetic follow-up activity for CRM workflow testing.,2026-03-11T06:31:00Z,0,02iyEgUShryKhCCQBE,Asset,,
00TENU8g9HWGoMDES5,Follow up,Not Started,Normal,2024-07-20,Other,Synthetic follow-up activity for CRM workflow testing.,2025-09-20T08:49:58Z,0,001Ivgehi2RhpxmIXK,Account,00QgkMiCGLfKZfC13A,Lead
00T0mRljgqvsWgBM12,Prepare proposal,Waiting on someone else,Normal,2026-03-03,Other,Synthetic follow-up activity for CRM workflow testing.,2024-11-25T06:00:45Z,0,80ig0h44cCZ9guhILV,Opportunity,003S9VdAVGmZKDaQNA,Contact
00TDVvcJiDQwFdP2PU,Send workshop summary,Deferred,High,2023-05-30,Call,Synthetic follow-up activity for CRM workflow testing.,2025-03-09T00:48:49Z,0,001U9TwW1ZhV64GITA,Account,003mBsTTCT1n0dYAKW,Contact
00TX19Xm6EaRru9ET2,Follow up,Completed,High,2023-07-12,Email,Synthetic follow-up activity for CRM workflow testing.,2023-02-13T23:35:38Z,1,500RnWF8t8knYwtQGA,Case,00315CDrgQ5tpKSQ2J,Contact
00TNqzkHZfhcPG4E0C,Prepare proposal,In Progress,Normal,2025-07-30,Call,Synthetic follow-up activity for CRM workflow testing.,2023-01-12T02:55:15Z,0,0201RQhzNnvKuiQY9G,Opportunity,,
00TKwpySWn1DbocUBX,Follow up,Deferred,Normal,2023-06-17,Other,Synthetic follow-up activity for CRM workflow testing.,2024-01-11T22:27:17Z,0,006hzSuTtzeIfSNQQM,Opportunity,003a8uxJvoTFQlj8IL,Lead
00TFcg2Qhuq87tNMFE,Review requirements,Not Started,Normal,2024-10-28,Other,Synthetic follow-up activity for CRM workflow testing.,2022-08-20T20:26:45Z,0,001I9h4vN2Mpc08I26,Account,003kx8Da65rG4utQA5,Contact
00TlFT8hnFFYVC222O,Prepare proposal,Deferred,Normal,2023-04-30,Other,Synthetic follow-up activity for CRM workflow testing.,2022-01-21T18:47:11Z,0,500VJEFVDG1Q5fsA46,Case,003nDXcQHq0OOuGIH5,Contact
00TrS6zRIDGNqbnES7,Follow up,Deferred,Normal,2024-10-24,Other,Synthetic follow-up activity for CRM workflow testing.,2024-01-27T21:36:09Z,0,500UHEgkrAyA2KjALX,Case,00QkkXsgvnhdRxnUFW,Lead
00TXkEBJCDNYi46EF5,Send workshop summary,Deferred,Normal,2026-01-21,Call,Synthetic follow-up activity for CRM workflow testing.,2024-09-01T10:16:07Z,0,016axFzIL34MoSUYF0,Order,003E1GenYvHwp6bNIQ,Lead
00TxKtr0iFiPkOBE7K,Send workshop summary,In Progress,Normal,2025-10-28,Email,Synthetic follow-up activity for CRM workflow testing.,2025-01-13T18:24:37Z,0,520LYGKOvaoDQUHYL8,Opportunity,00QqPUaBkOXy4yZM6Z,Lead
00TpSSt0q4ex8Xn23J,Send workshop summary,Deferred,Normal,2024-08-12,Other,Synthetic follow-up activity for CRM workflow testing.,2026-03-06T23:41:05Z,0,001h3qGmTCLTLLkQZJ,Account,00QeORw6MRRNU2NESY,Lead
00TRkBBecO26TVcUUN,Review requirements,Completed,Normal,2023-05-27,Call,Synthetic follow-up activity for CRM workflow testing.,2021-07-14T14:37:41Z,1,0161X3H4nd77ebTQHG,Opportunity,003ybXYXVJHCNMSY3I,Contact
00Txxbn2FCKFer5UT6,Send workshop summary,Deferred,High,2025-07-26,Call,Synthetic follow-up activity for CRM workflow testing.,2022-05-27T02:56:19Z,0,02i20VHM3VUBJceY1H,Asset,00QT5zJxyfDDNTqMJ3,Lead
00T1OAGrM455B6kE6T,Review requirements,In Progress,Low,2021-04-22,Other,Synthetic follow-up activity for CRM workflow testing.,2022-09-26T04:39:54Z,0,02ioacn0ffibkcPYPF,Asset,003ehyNoKXJL01LISB,Contact
00TMZ8feCwl1qskMHW,Follow up,Deferred,High,2022-04-24,Other,Synthetic follow-up activity for CRM workflow testing.,2024-06-28T13:37:18Z,0,500iKSTH1qOMCkpQ80,Case,003uH5OW5dswD39AOA,Contact
00TuTmT28WIczgrMS1,Prepare proposal,In Progress,Low,2026-09-08,Other,Synthetic follow-up activity for CRM workflow testing.,2021-08-09T12:55:14Z,0,800Vchmt8SLcmOuQZL,Contract,00Qc8Y00nw8kjVjE95,Lead
00TFccYGcogu7nEE6J,Review requirements,Completed,Low,2022-08-27,Other,Synthetic follow-up activity for CRM workflow testing.,2024-10-23T21:16:48Z,1,001LT9I3sxXG212YUI,Account,003vXMzAaLeE4mo5W1,Lead
00Td0BQ9hGzdWDK2SY,Prepare proposal,Deferred,Normal,2024-11-22,Email,Synthetic follow-up activity for CRM workflow testing.,2021-09-05T06:37:19Z,0,,,003xOJfhbxtP2TZYJZ,Contact
00TujHq5iHFoTRZ2HA,Prepare proposal,Completed,Normal,2024-08-01,Other,Synthetic follow-up activity for CRM workflow testing.,2022-10-14T15:14:35Z,1,526tiVAAPhLu2fXQKK,Opportunity,003FQLn0e9xyU6lY7G,Contact
00Tf2Sa0gajhHLeM01,Follow up,Not Started,High,2021-11-11,Call,Synthetic follow-up activity for CRM workflow testing.,2026-06-15T20:34:34Z,0,,,003RXAjrIEuybuWI16,Contact
00TNQqN9OII3bT5EOE,Follow up,Waiting on someone else,Normal,2025-04-12,Call,Synthetic follow-up activity for CRM workflow testing.,2023-06-17T00:29:03Z,0,500KOXJDdMZna1KQV6,Case,00QqB9xl6gG4W2A2AL,Lead
00T308UcdFFyE7l2LQ,Send workshop summary,Completed,Normal,2026-05-18,Call,Synthetic follow-up activity for CRM workflow testing.,2023-10-26T06:33:12Z,1,006HkjPVxbqd9kgQCU,Opportunity,003wnRXgnMlLVOyI8M,Contact
00Tfwo6NFlK1XT8U5W,Review requirements,Waiting on someone else,Normal,2023-12-12,Other,Synthetic follow-up activity for CRM workflow testing.,2023-12-23T19:34:44Z,0,5001W3MIFKyYlEgISF,Case,00QrUQeDai7H3TrURQ,Lead
00TwiAakH4p8YyLU3V,Prepare proposal,Deferred,High,2024-02-20,Other,Synthetic follow-up activity for CRM workflow testing.,2022-06-26T03:34:17Z,0,8006XciettCNl6fYAJ,Contract,,
00TPzo17bj1o7CKU2K,Review requirements,Completed,High,2023-11-04,Email,Synthetic follow-up activity for CRM workflow testing.,2025-01-13T22:14:08Z,1,0069FS87P3TelIHY31,Opportunity,003KlIgjM61nu5oI9V,Contact
00TvTuPK1nIHnYmUYH,Send workshop summary,Completed,High,2025-02-25,Email,Synthetic follow-up activity for CRM workflow testing.,2021-02-15T01:36:27Z,1,001tqRaHFT1utFgIDH,Account,,
00TaE7O1lOMeUNZUC8,Follow up,Waiting on someone else,High,2023-12-27,Email,Synthetic follow-up activity for CRM workflow testing.,2023-07-05T06:42:13Z,0,500jgMtpntpZGF0QP3,Case,,
00TASfoMn3oe1zy2XO,Follow up,Waiting on someone else,Low,2023-10-29,Email,Synthetic follow-up activity for CRM workflow testing.,2023-08-24T12:24:36Z,0,001lppe6kqinEz1A7H,Account,00QbUSB7E2cZLeA29C,Lead
00TaSOPa5RPf6y3E0L,Prepare proposal,Completed,High,2024-04-21,Email,Synthetic follow-up activity for CRM workflow testing.,2022-06-08T19:19:58Z,1,001aRI7kJhlvTf0QY9,Account,0034NCmMy0UiNHmQSI,Contact
00T1gEVzJtaff5MMC8,Review requirements,Waiting on someone else,Normal,2022-06-10,Other,Synthetic follow-up activity for CRM workflow testing.,2025-09-21T20:20:38Z,0,516ITeboCOYMuDtATJ,Opportunity,003sgF22DRFupF4IHR,Contact
00TOKl5GMpX1lqrEJD,Prepare proposal,Completed,Normal,2025-02-22,Other,Synthetic follow-up activity for CRM workflow testing.,2022-11-02T08:41:16Z,1,500fDv9ff5fBjcII3R,Case,003fKL1ajAUvZsZQGZ,Contact
00T8YZm4CUpHl5rEQN,Prepare proposal,Completed,Normal,2021-08-07,Other,Synthetic follow-up activity for CRM workflow testing.,2021-02-01T06:14:10Z,1,50069N7JToXvkbQIJL,Case,,
00TPhUFDP1SLlpc2E9,Prepare proposal,Completed,Normal,2024-09-22,Email,Synthetic follow-up activity for CRM workflow testing.,2026-01-15T05:14:20Z,1,01tsmdSzMPxkDVuYGY,Product2,003iMhFEz9vvPp9AEG,Contact
00T80WPZrNwyjFe2HO,Follow up,Waiting on someone else,Normal,2022-01-02,Email,Synthetic follow-up activity for CRM workflow testing.,2023-03-17T09:24:04Z,0,001v3PBn9EDl48XQNP,Account,003fTkz2cEqof3PI6K,Contact
00TPkKSFmBWla3MUU5,Send workshop summary,In Progress,Low,2021-05-02,Call,Synthetic follow-up activity for CRM workflow testing.,2022-07-20T10:08:31Z,0,02iywliS3db9LSPIV8,Asset,00QMM2t1dS8cE0m2HL,Lead
00TGHJocVXKzdMFMT8,Follow up,Deferred,Low,2025-05-21,Call,Synthetic follow-up activity for CRM workflow testing.,2024-10-20T01:08:22Z,0,001o5vm8lqkBKW6I3B,Account,00QNs9eZ1BhFDzWUOU,Lead
00TRn9WOTZEUkIx22S,Review requirements,Completed,High,2023-04-30,Email,Synthetic follow-up activity for CRM workflow testing.,2025-11-08T15:42:03Z,1,02iSUk3pQW7bYeRIOP,Asset,,
00TIWw1f4uVsjleU92,Send workshop summary,Completed,High,2021-04-11,Call,Synthetic follow-up activity for CRM workflow testing.,2021-12-10T08:27:06Z,1,500VQ1NlGoJfTn8QUR,Case,003GweaslhRRyCLI5I,Contact
00TfDt2POo6w6fTUWZ,Follow up,Deferred,Low,2023-09-27,Email,Synthetic follow-up activity for CRM workflow testing.,2021-12-05T10:54:49Z,0,006LfsPZOgeTmYBYKR,Opportunity,003BezGw71lXosXA9D,Contact
00TO2prU41iT1DxM8U,Send workshop summary,Not Started,Normal,2026-08-08,Email,Synthetic follow-up activity for CRM workflow testing.,2024-05-03T23:26:21Z,0,500cDLO2cYGA4rzYLP,Case,,
00Tzpw0d7EjFO1m2CK,Prepare proposal,Waiting on someone else,High,2026-07-07,Call,Synthetic follow-up activity for CRM workflow testing.,2022-05-05T00:46:38Z,0,82iguBN6CwTjhOfY0A,Opportunity,003ybXYXVJHCNMSY3I,Contact
00TKYVpAMn28chk26K,Send workshop summary,Deferred,High,2024-01-07,Email,Synthetic follow-up activity for CRM workflow testing.,2022-04-06T13:46:09Z,0,700JRyKHqsq3xvxIRH,Opportunity,003snU4Vj0q5okhABH,Contact
00TwsdG8FCfrQ8h2JO,Prepare proposal,Waiting on someone else,Low,2026-02-12,Email,Synthetic follow-up activity for CRM workflow testing.,2021-08-16T08:37:16Z,0,72tcxdVCdzng8jjIGV,Opportunity,003azJSR2ragVkrYFE,Contact
00TaehOTqDOlbSVEL6,Follow up,Deferred,High,2024-01-21,Email,Synthetic follow-up activity for CRM workflow testing.,2026-01-08T01:07:03Z,0,526Imw6DY8mwXfkAXM,Order,003dCFkX9dbaSbSYN7,Contact
00TQ9rJSvjIkFf5UFH,Review requirements,Not Started,Low,2023-10-06,Other,Synthetic follow-up activity for CRM workflow testing.,2022-11-01T17:07:13Z,0,800TB8KxFUk9biPIRU,Contract,003gsNxFrV3BYq7QRT,Contact
00T1rlYpW2uDqW8UM6,Review requirements,Deferred,High,2026-02-24,Email,Synthetic follow-up activity for CRM workflow testing.,2026-03-02T09:45:14Z,0,01tTiYOuKc2VhIKABY,Product2,,
00Tk0yqJzI0GxJ42M0,Send workshop summary,Completed,Normal,2022-05-18,Other,Synthetic follow-up activity for CRM workflow testing.,2025-11-05T12:31:41Z,1,70181BSMex1BV2oY2A,Opportunity,003OGg9ZvpwA06oIKL,Contact
00Tf4ch5byTRN1x2TL,Send workshop summary,Not Started,High,2025-04-14,Other,Synthetic follow-up activity for CRM workflow testing.,2024-07-08T16:22:02Z,0,,,003ywKk19lBskZGYHM,Contact
00TEsNDgTCBPtX0MG7,Review requirements,Not Started,Normal,2024-03-05,Call,Synthetic follow-up activity for CRM workflow testing.,2023-08-31T11:27:13Z,0,80ig0h44cCZ9guhILV,Opportunity,00QtqDGMWJHHnLS21K,Lead
00TbSJuCRMm8q4pEON,Prepare proposal,Waiting on someone else,High,2025-12-09,Other,Synthetic follow-up activity for CRM workflow testing.,2026-01-29T06:04:55Z,0,0017rl4CBbT95B0YG7,Account,003tTdqCw3r025oI6L,Contact
00TDbGhTOdQxeK4MSU,Send workshop summary,In Progress,Low,2024-02-17,Other,Synthetic follow-up activity for CRM workflow testing.,2024-11-15T21:43:41Z,0,001kBV5ho7M1GOwA4E,Account,00376YCBgwVOAc2I8M,Contact
00T4wKuofe3PIVLMYZ,Send workshop summary,Completed,High,2021-11-12,Other,Synthetic follow-up activity for CRM workflow testing.,2021-02-15T23:05:38Z,1,001nyKCWKQ4K1MEQBJ,Account,003LlJq3Dr4OalLYX7,Contact
00TPpt118nqaDjmMHA,Send workshop summary,In Progress,Normal,2024-07-12,Email,Synthetic follow-up activity for CRM workflow testing.,2025-05-13T03:04:07Z,0,006eWEWXuAU9o6tY9T,Opportunity,003r34PQX5GrR3tYM1,Contact
00TPMh6QBCfGRhSMZJ,Send workshop summary,Completed,Normal,2026-06-02,Call,Synthetic follow-up activity for CRM workflow testing.,2023-12-02T12:25:40Z,1,,,00QCi1HCXB2inFYMEF,Lead
00TQxeFV1tpV1RM2XB,Send workshop summary,Deferred,High,2023-07-13,Email,Synthetic follow-up activity for CRM workflow testing.,2026-01-05T07:33:24Z,0,500Ld2euG6B3wz8IVR,Case,,
00T3amBjLay5XXbUXG,Send workshop summary,Completed,Normal,2021-07-26,Other,Synthetic follow-up activity for CRM workflow testing.,2022-07-19T17:43:22Z,1,501YRozXd6JsJZZI4L,Opportunity,00QuiKTAfFTmcPKUS5,Lead
00TgoYgmGq7vVm1M7V,Send workshop summary,Completed,High,2022-09-18,Other,Synthetic follow-up activity for CRM workflow testing.,2022-10-29T19:29:32Z,1,500nJiwVn5vUKIrANU,Case,,
00TeZdpY8CvorjY20T,Review requirements,Completed,Normal,2022-09-03,Other,Synthetic follow-up activity for CRM workflow testing.,2025-09-24T09:26:57Z,1,02ivNe7YCMI3tGgAOY,Asset,,
00TN82k1gMJa5cwEG7,Follow up,Waiting on someone else,Normal,2022-05-12,Email,Synthetic follow-up activity for CRM workflow testing.,2024-11-04T07:05:00Z,0,006hYnyfIrFM184I24,Opportunity,,
00T0utAlJkZ108dUCY,Review requirements,Deferred,Normal,2025-07-05,Call,Synthetic follow-up activity for CRM workflow testing.,2025-05-05T20:08:28Z,0,001rLqfAY4OfLS1QF8,Account,,
00Ts5CMuc8xhp1N21H,Send workshop summary,Completed,Low,2023-11-14,Other,Synthetic follow-up activity for CRM workflow testing.,2025-07-31T06:28:10Z,1,02iIqziTba1aty8YQ5,Asset,003aFddNQE90uBpQGN,Contact
00T3K2P6lJUjrCyMA7,Review requirements,Not Started,High,2025-11-14,Call,Synthetic follow-up activity for CRM workflow testing.,2023-04-07T05:07:25Z,0,,,0036IDX41NFUzcsQYY,Contact
00TATHSfbNYybjOUM1,Send workshop summary,Waiting on someone else,Normal,2022-09-21,Other,Synthetic follow-up activity for CRM workflow testing.,2024-04-25T23:39:34Z,0,02iLRMVoHPtdHfRAI9,Asset,003cMleyIGjmop4IOK,Contact
00TZZqLoz5y0pXCUMC,Follow up,Waiting on someone else,Low,2023-08-24,Call,Synthetic follow-up activity for CRM workflow testing.,2021-06-23T20:10:37Z,0,500lcMDTKENnrsfIBA,Case,00QgcouJy13P2nHUU7,Lead
00T2tXDxvL3yDUtMJH,Follow up,In Progress,Normal,2021-03-26,Call,Synthetic follow-up activity for CRM workflow testing.,2025-06-22T02:59:43Z,0,001IqN1uANorRv0AGO,Account,,
00TgfRy7G0fWNAJUFK,Send workshop summary,Not Started,High,2026-06-27,Call,Synthetic follow-up activity for CRM workflow testing.,2023-01-18T11:44:47Z,0,8002lzZBdig1E4MYZJ,Contract,00QtR2iD3jjmtDjU8I,Lead
00TQyFngL6hg58zE12,Prepare proposal,In Progress,Normal,2024-12-13,Call,Synthetic follow-up activity for CRM workflow testing.,2024-12-26T20:30:58Z,0,001FHyBhLc8CzxgIVO,Account,00QGABdoFxj7wHMUWD,Lead
00TGqQskXN3jT3dM2B,Send workshop summary,Waiting on someone else,Low,2025-10-03,Email,Synthetic follow-up activity for CRM workflow testing.,2022-06-14T23:45:56Z,0,00tZLRdA6SIdImoI1T,Opportunity,003GOul1uSeAdI6IQH,Contact
00T7ptZ4rGZQacZENB,Send workshop summary,Waiting on someone else,Low,2026-02-11,Email,Synthetic follow-up activity for CRM workflow testing.,2023-12-23T13:26:34Z,0,001wXq5LbckG7u9AEU,Account,,
00T63Y1T6GE19IP207,Review requirements,Completed,High,2022-04-15,Email,Synthetic follow-up activity for CRM workflow testing.,2024-07-28T04:55:53Z,1,02i4pil9qpm55yeIKA,Asset,003zvs8l0C9dJyOIX3,Contact
00T93w5wNpJB5VQULA,Review requirements,In Progress,Normal,2026-03-26,Email,Synthetic follow-up activity for CRM workflow testing.,2022-11-26T13:08:20Z,0,001wp2Q6PkIMrfFY6U,Account,,
00Tyln27RuaQTqYE9B,Follow up,Not Started,Low,2021-06-24,Call,Synthetic follow-up activity for CRM workflow testing.,2024-11-17T21:54:42Z,0,500h3hAk4IdtkYtY8V,Case,003tJXtlaXNJ12jYX3,Contact
00TfGRhp6Gj48LBMRF,Send workshop summary,In Progress,High,2025-10-18,Call,Synthetic follow-up activity for CRM workflow testing.,2022-06-19T13:30:14Z,0,006TQ9IAaUE9rbLQN4,Opportunity,00QBA92hTKUY9NgMX6,Lead
00TuIFbBzzXjQ7RESI,Send workshop summary,Deferred,Low,2025-10-24,Call,Synthetic follow-up activity for CRM workflow testing.,2025-05-07T05:34:24Z,0,800D3E2vLxuopTnQDJ,Contract,,
00TRfFm31UnOHqfM3Z,Send workshop summary,Deferred,Normal,2021-05-21,Email,Synthetic follow-up activity for CRM workflow testing.,2022-04-11T19:22:37Z,0,01t9zr8VHPQu1LlI0K,Product2,003a7v5rClLranGAZQ,Contact
00TAwXKdakZDlkP22W,Send workshop summary,Waiting on someone else,High,2025-12-15,Other,Synthetic follow-up activity for CRM workflow testing.,2021-02-20T06:48:07Z,0,80ig0h44cCZ9guhILV,Opportunity,003yTjPUux1sOYvA9Z,Contact
00TstOwR1h16NI9E4S,Prepare proposal,In Progress,High,2023-01-09,Email,Synthetic follow-up activity for CRM workflow testing.,2023-01-03T20:39:06Z,0,0014WYoiYbOMlUgQDX,Account,003NyJkqUJYweXdQSA,Contact
00TiZ3kjohce4VAUZ8,Prepare proposal,Completed,Low,2025-09-28,Other,Synthetic follow-up activity for CRM workflow testing.,2025-03-10T00:12:27Z,1,500rVSkEgMXvK0EQD3,Case,00QF3qoPFIKoJSPM4O,Lead
00TmbArd86QofG9EWD,Review requirements,In Progress,High,2026-03-22,Call,Synthetic follow-up activity for CRM workflow testing.,2023-01-07T18:58:39Z,0,800rBeZ6rfybwaFIWA,Contract,00QeUHzTyOp1aHfUNO,Lead
00TMCiCBhiGgFom2CF,Send workshop summary,Completed,Low,2025-09-22,Other,Synthetic follow-up activity for CRM workflow testing.,2022-06-29T04:46:14Z,1,02iKhhMozNp8KSYIES,Asset,00QJDGUYigQl3h8MAC,Lead
00TJYwQ1BoS1SUg2ZR,Send workshop summary,Not Started,Low,2023-03-29,Call,Synthetic follow-up activity for CRM workflow testing.,2026-04-17T19:13:00Z,0,001Jp0rdHFWnaMvI7G,Account,,
00TjPargNTrW9woMJJ,Follow up,Deferred,High,2022-10-19,Email,Synthetic follow-up activity for CRM workflow testing.,2023-09-02T07:46:44Z,0,800Itpb9vCc1hHhQ1W,Contract,,
00T7sWGzyxQUwGHMT5,Review requirements,Completed,Normal,2021-04-16,Call,Synthetic follow-up activity for CRM workflow testing.,2021-06-15T19:33:16Z,1,001b6p7wMuocXZFIKR,Account,00QDcab3AiI4HtU2VZ,Lead
00TK5wHoLpbQu3KUIX,Prepare proposal,In Progress,Normal,2024-01-14,Call,Synthetic follow-up activity for CRM workflow testing.,2021-09-15T05:17:55Z,0,82tNIDzfrf5G07qIST,Opportunity,003vfnMzISQi4KMYKI,Contact
00T1Jdm7HYVM7LAUJX,Review requirements,In Progress,High,2022-03-01,Call,Synthetic follow-up activity for CRM workflow testing.,2024-01-24T19:35:28Z,0,800aawsTVoY6sIFIQ3,Contract,003t60ZdAVywrDrQTA,Contact
00T5pZOnscp6zLb24F,Follow up,Completed,High,2022-04-12,Email,Synthetic follow-up activity for CRM workflow testing.,2023-02-16T01:55:23Z,1,800CRKWWGkP7TAlIRC,Contract,00QanfX9QKbYIau2UR,Lead
00TQuIZuPiRL1HIUQJ,Send workshop summary,In Progress,Normal,2026-07-10,Call,Synthetic follow-up activity for CRM workflow testing.,2021-06-11T11:00:49Z,0,006d9dEmMyNLU3LYH9,Opportunity,003VXTPtY3aCrHFQRI,Contact
00T3ftlReiqtc13E7Y,Review requirements,In Progress,Normal,2022-11-11,Email,Synthetic follow-up activity for CRM workflow testing.,2024-07-06T18:56:02Z,0,001GjfBhJ295BInY2G,Account,003kcsyj2Z2Oh2IQUI,Contact
00TpwTRzbLTA6pPMWS,Send workshop summary,Not Started,High,2023-05-20,Email,Synthetic follow-up activity for CRM workflow testing.,2021-07-09T19:36:03Z,0,01tSnOrHzEYjRlsIDJ,Product2,003MZU0Q7PTeiKcYZF,Contact
00TNYk6qjssZKnE2HP,Send workshop summary,Deferred,High,2025-01-31,Email,Synthetic follow-up activity for CRM workflow testing.,2023-06-19T00:52:40Z,0,511qzmAzIJTfrsIQWH,Order,003HqAZbrKP9ifUAAB,Contact
00TfyXQX7vrGJnS2N3,Send workshop summary,Waiting on someone else,Low,2026-06-25,Email,Synthetic follow-up activity for CRM workflow testing.,2023-09-04T03:44:40Z,0,01tCGhSYxgJztyAYCK,Product2,003Z7i47cIIFP47YOK,Contact
00TS7asi4YNzCBzMPL,Follow up,Waiting on someone else,Low,2023-10-29,Email,Synthetic follow-up activity for CRM workflow testing.,2022-03-03T11:15:19Z,0,,,003UUFIyuunUarnQRI,Contact
00TwWq8A999V4p6MC8,Review requirements,Waiting on someone else,Normal,2023-12-19,Other,Synthetic follow-up activity for CRM workflow testing.,2021-07-20T23:58:47Z,0,016646B4me1oKQSY7Y,Opportunity,,
00TuoqCLWEV2nREME8,Follow up,Waiting on someone else,Normal,2025-05-11,Other,Synthetic follow-up activity for CRM workflow testing.,2024-04-27T20:19:36Z,0,500vmYNcsdkegUPQVR,Case,003qX9PyVBghmgsYYV,Contact
00ThrpjzoMMEZnOMM9,Review requirements,Completed,Normal,2026-05-18,Email,Synthetic follow-up activity for CRM workflow testing.,2023-06-06T00:34:25Z,1,716dsrZwA95n9ZUQTQ,Opportunity,0039eRjyiv8I347AFD,Contact
00T0BIKiEbaZtleEQX,Send workshop summary,Not Started,High,2021-03-05,Other,Synthetic follow-up activity for CRM workflow testing.,2023-10-22T14:35:29Z,0,001IqN1uANorRv0AGO,Account,003dPfEG6RDwEw1Y3I,Contact
00TzoZztAZuRBRm21E,Review requirements,In Progress,Low,2025-02-23,Other,Synthetic follow-up activity for CRM workflow testing.,2024-06-13T19:20:40Z,0,00iMCI0FdSRMC2lYEN,Opportunity,003YG7WvbgStD9wY4U,Contact
00TJwy9nzLOC5w7MAY,Prepare proposal,Waiting on someone else,Normal,2025-07-16,Call,Synthetic follow-up activity for CRM workflow testing.,2024-09-14T02:30:27Z,0,001Inbo5xzWKldwA1H,Account,003kupt4Om476CLIIA,Contact
00TzkTqQgMtwzyM29W,Prepare proposal,Waiting on someone else,Low,2025-04-14,Call,Synthetic follow-up activity for CRM workflow testing.,2022-03-26T10:22:08Z,0,,,001SWxfQDjRDHu17R5,Lead
00TeK2QMvIlX993E3H,Review requirements,Not Started,Low,2024-06-17,Email,Synthetic follow-up activity for CRM workflow testing.,2021-06-21T21:23:28Z,0,,,,
00T04ojGEN3s8kbERO,Prepare proposal,In Progress,Normal,2022-03-06,Other,Synthetic follow-up activity for CRM workflow testing.,2025-02-19T13:38:23Z,0,,,003Mfp4ku7pOXLnYBE,Contact
00T7YjShzkTmMAKMG6,Review requirements,Deferred,Low,2023-08-05,Other,Synthetic follow-up activity for CRM workflow testing.,2024-03-12T01:17:38Z,0,02ioFMyOU83fbWmICO,Asset,003oHuUxE0gFLemY0B,Contact
00Tx4EYk3RqLXfeMB1,Review requirements,Waiting on someone else,Low,2021-01-21,Call,Synthetic follow-up activity for CRM workflow testing.,2024-10-31T06:00:50Z,0,026afXqJsqApMTbYMJ,Opportunity,00324SkSh22hkotYEY,Contact
00ToMmIvkOFd0mS28C,Review requirements,In Progress,Low,2022-01-25,Email,Synthetic follow-up activity for CRM workflow testing.,2024-07-20T06:54:36Z,0,011v5nK9d2yAXLYIET,Opportunity,003iBfF1piSXCNjIF4,Contact
00TmpajCsG6W9HPU1L,Review requirements,Waiting on someone else,High,2022-07-01,Email,Synthetic follow-up activity for CRM workflow testing.,2026-05-02T07:06:07Z,0,006b0y2r0LCkLeoYVK,Opportunity,00QAcece4vicNBQ29E,Lead
00Tf30gJ1NqQ97GEGF,Prepare proposal,In Progress,Normal,2024-11-08,Other,Synthetic follow-up activity for CRM workflow testing.,2025-05-27T15:40:07Z,0,500FwxmWZsObGJeQOY,Case,,
00T47mFgvN4RdwNUYD,Send workshop summary,Completed,Low,2025-08-19,Call,Synthetic follow-up activity for CRM workflow testing.,2025-01-15T15:48:23Z,1,001FifSg7G2gzZrY2M,Account,003HFR6Z7w4dO5jINX,Contact
00TwrhguwMabnVa2XM,Prepare proposal,Completed,Normal,2025-03-10,Email,Synthetic follow-up activity for CRM workflow testing.,2025-11-09T10:31:36Z,1,02iLnqmwqrsKqovQHQ,Asset,00QMmZf9ZrlfRoSEGJ,Lead
00Tj4sdWvWxUw7OMN2,Send workshop summary,Not Started,Low,2023-10-12,Email,Synthetic follow-up activity for CRM workflow testing.,2021-04-06T20:23:57Z,0,,,003y9k3H6fcFxwqAZR,Contact
00TirHD9O2rX6GmEJP,Follow up,In Progress,Normal,2022-07-01,Call,Synthetic follow-up activity for CRM workflow testing.,2024-10-01T06:48:52Z,0,50029wvxkccH32AIG8,Case,003JnuXvNApvLnBAQA,Contact
00TDSJ5rYruaKgNUJ1,Prepare proposal,Not Started,Normal,2023-06-18,Email,Synthetic follow-up activity for CRM workflow testing.,2023-08-24T16:34:15Z,0,52iJ6P9RGzERsxwADO,Opportunity,003y9k3H6fcFxwqAZR,Contact
00Tl5WpkU2GBcsUE0S,Review requirements,Waiting on someone else,Low,2023-03-26,Call,Synthetic follow-up activity for CRM workflow testing.,2024-05-21T21:39:21Z,0,80t1y5KcGnO2EaIAMP,Order,003jBHsfoVSp2QNAET,Contact
00TY1GUXqnzrDZOM9X,Follow up,Completed,Low,2022-12-31,Call,Synthetic follow-up activity for CRM workflow testing.,2022-06-04T03:18:24Z,1,801IgdaxLwOyiK2AHZ,Opportunity,003bvE2J9FksLFEAKU,Contact
00TxBsK2EBl6nArMG4,Send workshop summary,Waiting on someone else,High,2025-08-21,Other,Synthetic follow-up activity for CRM workflow testing.,2025-01-04T23:33:58Z,0,500lYtP86Wm2D81AZ1,Case,003eq87fLqVZtodA76,Contact
00ThNl2PfIpRMMxUDT,Follow up,Deferred,Low,2022-10-09,Call,Synthetic follow-up activity for CRM workflow testing.,2021-04-27T02:30:34Z,0,,,003GweaslhRRyCLI5I,Contact
00TY2fy1SZBTKW42QP,Prepare proposal,Completed,High,2021-11-01,Other,Synthetic follow-up activity for CRM workflow testing.,2023-07-02T07:35:56Z,1,006tq8RMYIFHOkgYZN,Opportunity,,
00TFYDv4KAW89lr2IQ,Review requirements,Not Started,Low,2025-06-19,Call,Synthetic follow-up activity for CRM workflow testing.,2022-05-24T15:49:09Z,0,500uSdjQ54aL8WqIRY,Case,003C7qNoE31DHCjADX,Contact
00T0cbZHNB61awfM14,Review requirements,Not Started,Normal,2025-03-23,Other,Synthetic follow-up activity for CRM workflow testing.,2024-06-23T08:00:20Z,0,5006gsgcU1M6JQFI58,Case,003hqbH6MOp2WJZYXE,Contact
00T7VSgnJ3BwDD6EYR,Prepare proposal,In Progress,Normal,2022-02-25,Email,Synthetic follow-up activity for CRM workflow testing.,2023-10-01T16:41:51Z,0,00tQfmtHVETDnOSQ5P,Opportunity,00QJnrQw9A4OmpOUCA,Lead
00TMcadYK6FmfXiEGA,Review requirements,Waiting on someone else,Normal,2021-08-03,Email,Synthetic follow-up activity for CRM workflow testing.,2026-02-20T08:34:40Z,0,,,003A5xFu6Tp1zzlIZE,Contact
00TdxSsmipjgSko2SS,Send workshop summary,Deferred,High,2023-12-05,Other,Synthetic follow-up activity for CRM workflow testing.,2021-01-27T22:33:24Z,0,500seYnSbZ2zZ0SI7E,Case,0039s3Fuj3bESMbIKS,Contact
00TOUPuEjSQYaTD2A6,Follow up,Completed,High,2025-03-18,Other,Synthetic follow-up activity for CRM workflow testing.,2025-10-30T08:29:50Z,1,70i2P36afSR1lZJQ9Y,Opportunity,003n4PysdqBrgwXIT1,Contact
00TKiA8fnhwXycU2JI,Send workshop summary,Completed,Normal,2021-03-19,Email,Synthetic follow-up activity for CRM workflow testing.,2021-03-14T06:51:42Z,1,02i7ycMMuONn0wpQN3,Asset,003DY4Vr4QymuaUQLH,Contact
00TYtmljR4Os1yK2VF,Review requirements,Waiting on someone else,High,2025-02-27,Email,Synthetic follow-up activity for CRM workflow testing.,2023-03-13T06:35:31Z,0,0064shnbtdKckpMYPU,Opportunity,00Qz9wYH3tjR6TME62,Lead
00TQA850W9nkwWnUC6,Review requirements,Waiting on someone else,Normal,2025-12-18,Call,Synthetic follow-up activity for CRM workflow testing.,2022-07-10T14:25:36Z,0,,,003mobYQ1E3b7XKY94,Contact
00TEA7EpaIMMhKCUFC,Send workshop summary,Deferred,Normal,2026-07-20,Other,Synthetic follow-up activity for CRM workflow testing.,2025-06-28T18:40:31Z,0,801A1ASSWBojtjAQD8,Order,003ZDckJ3ln0ADXY1Q,Contact
00TiaXEVadZb8oIMYY,Follow up,Deferred,Low,2021-05-12,Email,Synthetic follow-up activity for CRM workflow testing.,2023-03-04T21:25:19Z,0,0102fLtQLEL1WDgAOG,Opportunity,0038UpwEk35ffeBQQI,Contact
00ToOgO3HTKpPENMF7,Prepare proposal,Not Started,Normal,2026-08-22,Call,Synthetic follow-up activity for CRM workflow testing.,2022-12-04T04:27:50Z,0,500vyXnipQTHdWKY0L,Case,003xO6diFWGivMyQH5,Contact
00TVdJjUWVvUxav2RB,Follow up,Waiting on someone else,Low,2022-03-18,Email,Synthetic follow-up activity for CRM workflow testing.,2022-07-05T14:12:45Z,0,500wrP3FKWu1E6MYGA,Case,003EGUHqPYObg5zQF1,Contact
00TvckY3oYPsyhK2PL,Review requirements,Deferred,Normal,2026-05-15,Call,Synthetic follow-up activity for CRM workflow testing.,2023-05-30T01:34:42Z,0,001apZYag4darBdYRL,Account,003eBJrduqPYUKLQAZ,Contact
00TQq6YZfJxhBtgMMY,Review requirements,Completed,High,2026-06-05,Call,Synthetic follow-up activity for CRM workflow testing.,2024-06-04T17:13:59Z,1,006i4xVpYvfU5aYY8O,Opportunity,003SuS97kgzeiZsYFR,Contact
00TekqWoTBZ2TF6MT2,Review requirements,Completed,Normal,2022-04-19,Email,Synthetic follow-up activity for CRM workflow testing.,2021-01-02T11:21:40Z,1,511wLKR6pa9CynzQH6,Opportunity,003H1yYI5SYtOjSAUN,Contact
00TRnYKyboVxSDNUS5,Send workshop summary,Completed,High,2022-05-30,Email,Synthetic follow-up activity for CRM workflow testing.,2023-10-29T00:33:33Z,1,001PzKgNp7GjqwfI1O,Account,003C5xjym5yCYp0YF4,Contact
00TiJd8RzVswu86EZ5,Send workshop summary,Waiting on someone else,Normal,2025-06-24,Call,Synthetic follow-up activity for CRM workflow testing.,2021-11-11T22:36:14Z,0,001EocC12jSBhyyIOU,Account,003hp4wXHyQ4ojAYPY,Contact
00TWErXNsWbyakYUVB,Prepare proposal,Waiting on someone else,High,2021-03-17,Call,Synthetic follow-up activity for CRM workflow testing.,2022-11-03T20:12:17Z,0,510ilL9Y0sCGljGA02,Opportunity,003OLihz2AMqMbpQ43,Contact
00TIYszptxM1wi92TI,Review requirements,Waiting on someone else,Normal,2025-06-28,Call,Synthetic follow-up activity for CRM workflow testing.,2023-02-01T09:52:20Z,0,001CAWJWrCJUDD2Q42,Account,,
00TJ1r6GGooOiI8UI1,Follow up,Not Started,High,2022-03-07,Other,Synthetic follow-up activity for CRM workflow testing.,2022-11-04T04:41:44Z,0,500IehodnCNxkffIAR,Case,00Qcodf9AVeLghVM0O,Lead
00TNAEeJNGAlLjn26W,Review requirements,In Progress,Normal,2023-02-01,Call,Synthetic follow-up activity for CRM workflow testing.,2022-08-05T12:12:16Z,0,01tEaTYFbf62XyrIGE,Product2,003uql3pJq5GjswANL,Contact
00TlX0rv3JM6aN6M9B,Prepare proposal,Waiting on someone else,Low,2021-12-26,Call,Synthetic follow-up activity for CRM workflow testing.,2023-09-13T06:17:07Z,0,82iMTq96WLaRD1zAEY,Opportunity,003JkkGDfJBiVsFAOO,Contact
00T7kLR2X5sab2VM4C,Follow up,Not Started,High,2022-05-01,Call,Synthetic follow-up activity for CRM workflow testing.,2021-08-29T13:22:43Z,0,500uD77OeFRhW8tID3,Case,003ywKk19lBskZGYHM,Contact
00TdLYSfMvKLcLO20V,Send workshop summary,Waiting on someone else,Normal,2023-01-17,Email,Synthetic follow-up activity for CRM workflow testing.,2022-12-01T20:42:40Z,0,500ESKxMKGSyjNEAOV,Case,003r0I2bhEeFqk2QO8,Contact
00TpqbpipJyaejmU3Y,Send workshop summary,Not Started,Normal,2023-07-16,Call,Synthetic follow-up activity for CRM workflow testing.,2021-06-20T22:40:54Z,0,,,003ekyB4pNej2sIID3,Contact
00TJd0iWK5e6helECN,Review requirements,Completed,Normal,2023-04-19,Other,Synthetic follow-up activity for CRM workflow testing.,2023-08-28T08:00:20Z,1,500ZOGVCoXICTYQI6D,Case,005PNNtZ4a5KgrK8B5,Lead
00TrwSS6PtwwnYdUN8,Prepare proposal,Not Started,High,2025-12-04,Call,Synthetic follow-up activity for CRM workflow testing.,2023-12-11T13:03:36Z,0,,,,
00T293jXEC2CUajE67,Prepare proposal,In Progress,Low,2025-04-14,Other,Synthetic follow-up activity for CRM workflow testing.,2026-01-28T16:45:01Z,0,001yU1qilS2HtnNQUW,Account,0034zSxLgVmoVOHI64,Contact
00TKLALcfhD4FBHMH0,Follow up,Not Started,Low,2023-06-21,Call,Synthetic follow-up activity for CRM workflow testing.,2021-05-04T21:37:24Z,0,52iUP44Z1VvVcIYA8B,Opportunity,,
00TDLyoTumVL5ghE4M,Review requirements,Not Started,Normal,2021-11-25,Call,Synthetic follow-up activity for CRM workflow testing.,2022-07-14T02:13:33Z,0,001kpkteJ4XLaaYQTV,Account,003NSNqWcJh2Q74I73,Contact
00Tc07en6kLPaJEMIV,Review requirements,In Progress,High,2025-12-17,Email,Synthetic follow-up activity for CRM workflow testing.,2024-09-15T03:07:27Z,0,,,,
00TtAtJKONFEAtu23H,Send workshop summary,Not Started,Normal,2026-05-09,Call,Synthetic follow-up activity for CRM workflow testing.,2024-08-14T19:55:58Z,0,006fPKoc4xFqcrcA4V,Opportunity,,
00TgDlzhZQ0KDnrE6Q,Follow up,Deferred,Low,2025-05-09,Other,Synthetic follow-up activity for CRM workflow testing.,2023-11-07T05:04:16Z,0,,,003GweaslhRRyCLI5I,Contact
00Tw1ShyYGsYNzGMBL,Follow up,Deferred,Normal,2021-05-26,Email,Synthetic follow-up activity for CRM workflow testing.,2022-04-12T14:33:09Z,0,01tPHiS44NBUdL8I3C,Product2,003GweaslhRRyCLI5I,Contact
00Trqd8mW0Lel2fE3O,Send workshop summary,Completed,Normal,2023-09-23,Email,Synthetic follow-up activity for CRM workflow testing.,2022-02-16T12:32:05Z,1,,,003KMIv36mAkfsUY6C,Contact
00TnQ8F4nDiaojDMCT,Follow up,Not Started,Normal,2021-05-29,Email,Synthetic follow-up activity for CRM workflow testing.,2025-06-21T02:51:37Z,0,0018MjZShtig55PAG6,Account,003uqaPRAYt8PdlQOW,Contact
00TlR3DUekEWmD8U0Y,Send workshop summary,In Progress,Normal,2022-02-09,Other,Synthetic follow-up activity for CRM workflow testing.,2024-03-23T12:36:51Z,0,001Mpzq9x2yVI5HAED,Account,003yq5gxHBGLn2EYLY,Contact
00TQeMjcJ5iq7AQUR4,Prepare proposal,Deferred,Normal,2023-05-04,Other,Synthetic follow-up activity for CRM workflow testing.,2022-01-30T19:55:05Z,0,,,003exjZxGsG3qs1YQ1,Contact
00Tvk7b7xOr1WhWED6,Prepare proposal,Not Started,Normal,2021-12-25,Other,Synthetic follow-up activity for CRM workflow testing.,2026-05-02T12:17:11Z,0,001Inbo5xzWKldwA1H,Account,00Q5lQaKpizo8dWMH7,Lead
00TPFvFeUUDPKwHE24,Prepare proposal,Deferred,Normal,2026-08-23,Email,Synthetic follow-up activity for CRM workflow testing.,2021-03-06T04:14:49Z,0,7010j7HiIFs5acMAA2,Campaign,003ow8WYNE6EwSDIHI,Contact
00TJLZLM2jOsTNDMHA,Review requirements,Not Started,Normal,2023-10-29,Call,Synthetic follow-up activity for CRM workflow testing.,2021-06-19T10:14:12Z,0,7010j7HiIFs5acMAA2,Campaign,005Q6nhOxiXcbVOS5X,Lead
00TrL5U7wZzLXO6MMQ,Prepare proposal,Deferred,Normal,2022-04-28,Call,Synthetic follow-up activity for CRM workflow testing.,2022-07-31T09:02:26Z,0,7114KCSJqEfdNPZIN6,Opportunity,0035IMKESbbHIf2QVT,Contact
00TkWEiCisLUmN7U8I,Follow up,Completed,Normal,2021-04-02,Other,Synthetic follow-up activity for CRM workflow testing.,2025-11-24T13:28:37Z,1,800UWmTFNBO8gEGA6V,Contract,,
00TLUIjoaRybAUP2JC,Send workshop summary,In Progress,Normal,2026-02-03,Other,Synthetic follow-up activity for CRM workflow testing.,2023-03-04T23:58:30Z,0,02itsMSiGtCFY00Y0N,Asset,,
00TN3P1qJmAQU2J2YH,Follow up,Completed,High,2021-10-21,Other,Synthetic follow-up activity for CRM workflow testing.,2021-04-03T11:17:26Z,1,001CnMOxOxVLCc3Q42,Account,003JiQDqPoDL4GoQTM,Contact
00T5bixGhXaafGA2J2,Send workshop summary,Deferred,Low,2024-01-30,Email,Synthetic follow-up activity for CRM workflow testing.,2022-04-13T20:19:34Z,0,02iFgfAt4TP8QjEAN3,Asset,003cHlxZyg7q4QEQ61,Contact
00TQnPc71kRBBIGEAB,Review requirements,Waiting on someone else,Normal,2026-01-05,Other,Synthetic follow-up activity for CRM workflow testing.,2022-01-25T18:27:06Z,0,001ll0htSxmTlUFAHW,Account,003BskLh21cVrRtYUX,Contact
00TTpbFr04JcngHENO,Prepare proposal,Deferred,Normal,2025-07-01,Call,Synthetic follow-up activity for CRM workflow testing.,2024-11-07T20:05:58Z,0,500upf4B7JlodnUQ7P,Case,,
00T9uH85CUWZ2yvE1G,Review requirements,In Progress,High,2025-12-20,Other,Synthetic follow-up activity for CRM workflow testing.,2021-06-16T05:54:24Z,0,500EFgn1V53ORC6IEU,Case,003Fv1MxeAi9aF5QZB,Contact
00TroIP4qwjgaLN2Z2,Review requirements,Waiting on someone else,Normal,2021-06-07,Other,Synthetic follow-up activity for CRM workflow testing.,2025-10-23T21:29:48Z,0,001Hbp8pEhElgRqIO2,Account,0038gJHvjeY2Oe1A8W,Contact
00Ts3ze6M6d2ZLrUXB,Prepare proposal,Completed,Low,2024-08-21,Email,Synthetic follow-up activity for CRM workflow testing.,2021-12-11T23:57:57Z,1,02iCL3HrkaWX4zVQXO,Asset,,
00TFf7NmlrpdzaWUA9,Prepare proposal,Waiting on someone else,Low,2026-08-27,Call,Synthetic follow-up activity for CRM workflow testing.,2026-01-18T11:15:47Z,0,,,,
00THjSmnia4E3ARU6X,Prepare proposal,Deferred,High,2024-10-10,Email,Synthetic follow-up activity for CRM workflow testing.,2022-10-11T04:05:33Z,0,8010gPVXkMVNh42AIE,Order,003RD5gu5K35E72A7G,Contact
00TtoQ9Cty9lGkbUDP,Follow up,Waiting on someone else,Low,2022-04-15,Other,Synthetic follow-up activity for CRM workflow testing.,2022-09-24T04:18:59Z,0,001oL00mAodv6UcYFE,Opportunity,00Qx5o58oifQCyMM6P,Lead
00TugvVB9bN4j6dMIM,Review requirements,Not Started,High,2025-08-12,Email,Synthetic follow-up activity for CRM workflow testing.,2026-04-08T11:58:54Z,0,81iIHdj0AoyTBidADX,Opportunity,003ZYrjQOc11mxoIVN,Contact
00T00JD8hSujC7vMON,Prepare proposal,In Progress,Normal,2025-01-16,Other,Synthetic follow-up activity for CRM workflow testing.,2022-09-25T06:08:30Z,0,0012B0IsTb8G7BVAST,Account,003mOkC58L5m0JSIM2,Contact
00TAzvSNsdTnVXLE6A,Review requirements,In Progress,Low,2021-11-28,Other,Synthetic follow-up activity for CRM workflow testing.,2021-11-14T12:00:12Z,0,801xiIEZP5JgE4HQP0,Order,003nPbAyKFB9ieCAE2,Contact
00TtAF9cPbyHTtdMXK,Review requirements,In Progress,Low,2021-10-20,Other,Synthetic follow-up activity for CRM workflow testing.,2023-01-19T20:27:18Z,0,500bDOJ9n7sfcP9QS3,Case,003JnuXvNApvLnBAQA,Contact
00TPW7j6cNU1Ag3EXR,Prepare proposal,In Progress,High,2025-04-22,Email,Synthetic follow-up activity for CRM workflow testing.,2023-08-21T23:04:51Z,0,0014rAjCuliftUBIPG,Account,003CrWnoDeTyHhVYCB,Contact
00TgNRiFsJ6P96WE89,Send workshop summary,Completed,High,2024-07-28,Email,Synthetic follow-up activity for CRM workflow testing.,2021-04-19T05:12:45Z,1,006b2uTzEH4AvHaYQB,Opportunity,,
00T6tmzeyhl6bJpEHV,Follow up,Completed,High,2022-12-09,Other,Synthetic follow-up activity for CRM workflow testing.,2023-07-31T22:31:16Z,1,51tM5ryNTWZu5YKICY,Order,003MzEjs92OIMruAGM,Contact
00TjUqqhbE9sza8EQ0,Follow up,Deferred,Normal,2021-03-03,Call,Synthetic follow-up activity for CRM workflow testing.,2026-03-01T10:50:13Z,0,500mXc2wlA3hfqYQHM,Case,003Wi80dxTCsfYLI77,Contact
00TpXRs2U56Nt1zM3A,Send workshop summary,In Progress,High,2023-03-17,Other,Synthetic follow-up activity for CRM workflow testing.,2021-11-19T01:34:58Z,0,500xH6PMRxNjCeUQE0,Case,003dhbqvcOmeH61IVE,Contact
00Tb9fdHIwmiKJaEN0,Follow up,Deferred,High,2021-07-17,Other,Synthetic follow-up activity for CRM workflow testing.,2025-04-27T08:24:22Z,0,001tvKQbYklnB9tY2P,Account,003Lf45AXPYWuMBI4W,Contact
00TlFsRlByGW5jK23I,Send workshop summary,Waiting on someone else,Normal,2024-08-12,Other,Synthetic follow-up activity for CRM workflow testing.,2024-09-04T15:59:53Z,0,72icO5RiRBZflxQYYM,Opportunity,003VxLo3FH5P5RIAB7,Contact
00TFpysP0UG52F7275,Prepare proposal,Completed,High,2023-08-26,Email,Synthetic follow-up activity for CRM workflow testing.,2021-04-18T19:39:11Z,1,001Y7WfxpecwwzUQ8R,Account,00QhSuqtTbg2NepUN2,Lead
00TyvKjlutGVT9fM2R,Prepare proposal,Deferred,Normal,2025-07-13,Email,Synthetic follow-up activity for CRM workflow testing.,2024-06-22T09:59:53Z,0,800F1qhUfGAYfh4IIW,Contract,003xBwIhy1a5i6GY0X,Contact
00TKXMzMFkyq1p4E74,Follow up,Not Started,Normal,2021-09-27,Call,Synthetic follow-up activity for CRM workflow testing.,2021-12-07T18:25:24Z,0,001JX719udcxa4uA9H,Account,003PVjht8so2oTdQOV,Contact
00TR6aKWeLbkfJy2F5,Review requirements,Completed,Low,2022-07-14,Other,Synthetic follow-up activity for CRM workflow testing.,2025-06-28T06:06:57Z,1,500npokBLyF3MHVAFH,Case,0038mpZAjyw0zY6APK,Contact
00TTfdGHMulBwSNMZF,Prepare proposal,Not Started,Low,2025-04-28,Call,Synthetic follow-up activity for CRM workflow testing.,2023-12-14T10:00:24Z,0,006Ngp3eXn7oUtMIL0,Opportunity,003BhpE4doSQY7nIZN,Contact
00TlX0ejm5LQTxiEMI,Send workshop summary,Completed,High,2021-05-01,Email,Synthetic follow-up activity for CRM workflow testing.,2022-04-24T12:21:44Z,1,001XJBJ9looV3jVARS,Account,003MFEL7zy06OMDQY2,Contact
00TY5vIFFe6sNGMEK4,Review requirements,Not Started,Normal,2022-04-22,Email,Synthetic follow-up activity for CRM workflow testing.,2024-07-16T03:02:44Z,0,0018MjZShtig55PAG6,Account,,
00T0tobZrvW6XtUU7W,Prepare proposal,In Progress,Normal,2021-05-06,Email,Synthetic follow-up activity for CRM workflow testing.,2025-06-14T16:21:29Z,0,0015fdr3n38vtS2Q4V,Account,0032bztYjov6Fs6Y0N,Contact
00TqFsUUZeMBGvzUNO,Review requirements,Completed,High,2025-01-22,Call,Synthetic follow-up activity for CRM workflow testing.,2025-07-11T02:59:28Z,1,001ClNAQA1Xn4fUINT,Account,,
00TvISSskjYMa3rUY7,Follow up,In Progress,Normal,2024-11-03,Call,Synthetic follow-up activity for CRM workflow testing.,2024-05-27T01:04:22Z,0,006xQi6si2wAxTTQRH,Opportunity,003m8THYf4oJQr4YY8,Contact
00TqdW3ewoV7QH72SM,Review requirements,Deferred,High,2024-08-28,Other,Synthetic follow-up activity for CRM workflow testing.,2022-11-02T22:35:14Z,0,01i66jB7YseiJuuA70,Opportunity,003moatACR4H0qAI31,Contact
00TZzCpXaObA2hK2P1,Prepare proposal,Deferred,Normal,2023-05-04,Call,Synthetic follow-up activity for CRM workflow testing.,2022-04-02T21:28:44Z,0,,,003EksnMRiNmAioI92,Contact
00TuNmM896HFtvLM86,Send workshop summary,Completed,High,2023-03-30,Other,Synthetic follow-up activity for CRM workflow testing.,2022-11-12T02:20:06Z,1,02ixAcnEdnz6SSyACK,Asset,00QWSytQGt0ejIgE8X,Lead
00T8xKXSjBgKsK1EKB,Prepare proposal,Completed,High,2025-03-10,Other,Synthetic follow-up activity for CRM workflow testing.,2025-09-21T03:50:14Z,1,006CviPdHhKL0aMIBR,Opportunity,,
00TYyXI5z3iAjJYEC7,Prepare proposal,Completed,Low,2022-08-01,Other,Synthetic follow-up activity for CRM workflow testing.,2023-10-03T00:56:25Z,1,72iELLOBDcXDk49AIU,Opportunity,003G1xx6KqMl4esY76,Contact
00TVAtfkukt1h1c2QV,Review requirements,Waiting on someone else,Normal,2024-11-06,Email,Synthetic follow-up activity for CRM workflow testing.,2024-06-29T02:53:02Z,0,01tt2HXiQI7E9F1IRL,Product2,00Qx92SrlgSdnglQ1J,Lead
00TL4lQwLq0OtTK2MR,Follow up,In Progress,Normal,2023-03-12,Call,Synthetic follow-up activity for CRM workflow testing.,2023-07-29T01:14:39Z,0,001KqKN8Jf0F9i9AKQ,Account,003jXyri6v4rvjpQPL,Contact
00TMfHBcqNWMPYwE8K,Review requirements,In Progress,Normal,2024-05-02,Other,Synthetic follow-up activity for CRM workflow testing.,2024-12-01T04:12:33Z,0,001EocC12jSBhyyIOU,Account,00QcBB1AyZpr6nu28I,Lead
00TmShl6GdrkwIa2IE,Follow up,Deferred,Normal,2023-05-22,Other,Synthetic follow-up activity for CRM workflow testing.,2022-12-04T17:23:33Z,0,001MMbrZQQUkCyfI5Q,Account,003PYALDHZwx2BLIUX,Contact
00TZw8iZKsNoYnuEBM,Send workshop summary,Waiting on someone else,Normal,2026-02-12,Other,Synthetic follow-up activity for CRM workflow testing.,2023-05-06T04:58:39Z,0,500FW9RQrU7VWO0IVX,Case,003D0Bdf1C14kvBQQ7,Contact
00T2wMDhz7ZqK6wMIQ,Prepare proposal,Completed,Low,2023-03-28,Email,Synthetic follow-up activity for CRM workflow testing.,2023-09-18T08:44:19Z,1,011EmMMoe4AiNxvI4S,Opportunity,003b5App7BPEwpaYJM,Contact
00Tafx7teVFxFs5E7C,Prepare proposal,Not Started,Low,2021-09-23,Email,Synthetic follow-up activity for CRM workflow testing.,2021-09-21T06:09:30Z,0,,,003NbNjLIUIBrJSH95,Lead
00TypMFWtsxXLOUURW,Follow up,Not Started,High,2021-02-01,Call,Synthetic follow-up activity for CRM workflow testing.,2021-09-24T10:52:02Z,0,02iEshGcxWiqIppYMJ,Asset,,
00T579DjakEOAb7UHC,Send workshop summary,Deferred,Low,2021-03-18,Call,Synthetic follow-up activity for CRM workflow testing.,2024-02-09T12:08:06Z,0,001jIiXAhBEHXIPYQP,Account,0035h3Lteqqq5apA6B,Contact
00T0g4QNvFsfvmBUPT,Follow up,In Progress,High,2022-10-30,Email,Synthetic follow-up activity for CRM workflow testing.,2021-04-20T21:06:55Z,0,001PuTTthcGKMiPQUX,Account,00343bIdpjNXmX0IFJ,Contact
00T4Cnu8Z11jFglMUZ,Review requirements,Completed,Normal,2024-11-05,Other,Synthetic follow-up activity for CRM workflow testing.,2021-09-03T16:24:03Z,1,500wrP3FKWu1E6MYGA,Case,00157KzajWkpJuEKH0,Lead
00T8bZsQPmf1QVKE8V,Send workshop summary,In Progress,High,2021-05-28,Other,Synthetic follow-up activity for CRM workflow testing.,2022-12-19T20:32:24Z,0,001DbpAGYxaJeBJQYG,Account,003hcRo1zSO0VqJA87,Contact
00TJ4EzBOg2qgFFE8S,Follow up,Waiting on someone else,Low,2021-06-02,Other,Synthetic follow-up activity for CRM workflow testing.,2021-06-30T20:14:16Z,0,800mYaFG358SfVvAZT,Contract,003dHank2PqtZ4pI8H,Contact
00TAqC4NfvtZltWMBT,Prepare proposal,Waiting on someone else,High,2021-05-06,Call,Synthetic follow-up activity for CRM workflow testing.,2026-05-27T21:39:33Z,0,001L6QQcpJ1qXB2Y62,Account,00QyyuYRYAT29uw2XJ,Lead
00TtFaNaRRqt41BMP7,Send workshop summary,Deferred,Low,2026-05-09,Call,Synthetic follow-up activity for CRM workflow testing.,2021-11-04T13:01:25Z,0,516Cx2wqpjjPwLpIDO,Opportunity,003RQmxBmgXrTwhQ30,Contact
00TfTfFG3scy8dR21Z,Send workshop summary,Deferred,High,2023-10-12,Other,Synthetic follow-up activity for CRM workflow testing.,2021-05-12T18:48:19Z,0,81tHjA0goD8mPAOI4W,Opportunity,00Qu1zWsmYYcL27UBY,Lead
00TGizlRdVQjDLt243,Prepare proposal,Completed,High,2022-11-09,Email,Synthetic follow-up activity for CRM workflow testing.,2026-02-03T09:54:26Z,1,006OwjKiI3iGtZIQE2,Opportunity,003jKLgBBZgnjjrAVG,Contact
00TyrLY8MIgR1oDU1G,Send workshop summary,Not Started,Normal,2026-02-10,Call,Synthetic follow-up activity for CRM workflow testing.,2022-06-18T03:27:56Z,0,001NlUpPvRS2wnzIYM,Account,003OYlRigytfHN6IEE,Contact
00TTjpDntuwCFcw2J9,Follow up,In Progress,Low,2022-09-15,Email,Synthetic follow-up activity for CRM workflow testing.,2025-08-07T11:54:17Z,0,506KFidge6NFupaQIL,Opportunity,003fMs2WmqbMFvAI9L,Contact
00Tt0ZUr9ibVRDg2RG,Send workshop summary,Completed,Low,2024-06-23,Call,Synthetic follow-up activity for CRM workflow testing.,2024-12-29T01:19:41Z,1,,,0032bztYjov6Fs6Y0N,Contact
00Tabio7jp4wbPhUAT,Send workshop summary,Completed,High,2021-04-09,Other,Synthetic follow-up activity for CRM workflow testing.,2021-10-18T12:45:53Z,1,5000c9uDL5PwaPfIH3,Case,003Gql7cL20isNIQSH,Contact
00TBaAdVBoVHpsa2H8,Send workshop summary,Completed,Normal,2026-07-06,Call,Synthetic follow-up activity for CRM workflow testing.,2023-11-16T09:29:18Z,1,500V819CJ8iL2PmIXG,Case,00307lU2ygNrc41IAC,Contact
00TxTZiVUQ7tQxkUTI,Prepare proposal,Not Started,High,2024-02-10,Call,Synthetic follow-up activity for CRM workflow testing.,2026-03-21T10:49:58Z,0,02tVu2sNbF2JB0fYO1,Opportunity,,
00TYqWamn7qPC1rMIR,Prepare proposal,Not Started,High,2024-02-24,Email,Synthetic follow-up activity for CRM workflow testing.,2021-10-07T17:01:02Z,0,02iqcKPcEx9xei8Q9W,Asset,003n1jeyVachCmzIYQ,Contact
00TzUZgnIgGsgLYE12,Prepare proposal,Not Started,Low,2023-07-31,Call,Synthetic follow-up activity for CRM workflow testing.,2023-06-18T15:24:57Z,0,001n3aMHCveux7aI17,Account,,
00TuVPR8shrC715U6A,Follow up,Completed,Normal,2026-05-25,Other,Synthetic follow-up activity for CRM workflow testing.,2024-01-09T02:34:06Z,1,02iEpmp4syknLMTITT,Asset,003GIKNqqX4LLbtIH9,Lead
00TSd4ZcDK9lCjs29X,Prepare proposal,Not Started,High,2025-02-17,Other,Synthetic follow-up activity for CRM workflow testing.,2025-07-08T04:19:46Z,0,001gQSNxeXgntf7YR3,Account,003kuYbSILmanGGQWO,Contact
00TS8EHCgKDLjCwM0G,Follow up,Waiting on someone else,High,2023-08-16,Other,Synthetic follow-up activity for CRM workflow testing.,2022-03-11T00:53:25Z,0,7012gLtQpc999YmQNW,Campaign,003eq87fLqVZtodA76,Contact
00TcoTOvtXCVLe9UXT,Send workshop summary,Waiting on someone else,Low,2023-03-29,Other,Synthetic follow-up activity for CRM workflow testing.,2025-07-29T17:54:16Z,0,001Z9FmqrbfBXeVI9A,Account,003tX2zwAt1G4xqQVK,Contact
00TgqlQwrSGMNLhM32,Prepare proposal,In Progress,Normal,2022-01-06,Email,Synthetic follow-up activity for CRM workflow testing.,2024-12-17T10:52:20Z,0,02tpaFf85ljoY7FYHM,Opportunity,003aKKU9yG3DomjI1Q,Contact
00Tt7t7XAbD8SghU43,Review requirements,Not Started,Low,2023-11-25,Email,Synthetic follow-up activity for CRM workflow testing.,2023-05-14T16:32:31Z,0,001PFA4WC7yjw84AX1,Account,,
00TLoODikXrcVFNEKI,Prepare proposal,Deferred,High,2022-12-31,Email,Synthetic follow-up activity for CRM workflow testing.,2021-05-24T06:23:52Z,0,71iAFTupKfJkisWA3O,Opportunity,003ZdwLfEyXoPUIAPL,Contact
00T2cp5DgEM4Da9MZH,Follow up,Waiting on someone else,Low,2022-07-25,Other,Synthetic follow-up activity for CRM workflow testing.,2026-06-17T15:42:41Z,0,82689KnIcbNAgyTA3V,Opportunity,003C3Xb79dagQlHQJL,Contact
00TYIPVqNrwRhy3256,Follow up,In Progress,Low,2026-08-10,Other,Synthetic follow-up activity for CRM workflow testing.,2021-02-17T08:20:56Z,0,006EtRoI6GdsomhQGU,Opportunity,003go4c3nStxcM3QTZ,Contact
00Tsisjc7uMWSMYM7F,Prepare proposal,In Progress,Low,2025-08-06,Email,Synthetic follow-up activity for CRM workflow testing.,2026-06-23T12:43:07Z,0,80ibE9GfDE3WLvyAC9,Order,00QmrOzXb6JjAn0UE6,Lead
00TT0qxNH4EMwVGMGC,Follow up,Waiting on someone else,Low,2025-09-30,Call,Synthetic follow-up activity for CRM workflow testing.,2022-04-16T16:53:43Z,0,001hgdJHI7bDrNzIKJ,Account,00QJuBqJhgShfNc2RM,Lead
00TfQYvB0caL5waUKP,Follow up,Completed,High,2022-12-02,Email,Synthetic follow-up activity for CRM workflow testing.,2022-07-31T00:12:12Z,1,02ibqVFOLDC3CT3IWE,Asset,003J3V6xY1AaiyqQ8E,Contact
00TS1LhL5S4pfRpEGU,Follow up,Not Started,High,2025-06-08,Call,Synthetic follow-up activity for CRM workflow testing.,2023-07-08T14:38:23Z,0,001HPdcdRz4xhIHI7A,Account,00Q53wQXA68ajNoUPC,Lead
00TKvPidqh48TpoE4Y,Prepare proposal,In Progress,High,2021-05-19,Other,Synthetic follow-up activity for CRM workflow testing.,2021-01-02T09:17:11Z,0,5009jZH2kJVWUyTQ9W,Case,00QlBORhVD5YXFEEYW,Lead
00T7m6lKw113JRR2CK,Prepare proposal,Not Started,High,2025-12-17,Email,Synthetic follow-up activity for CRM workflow testing.,2022-01-24T16:48:10Z,0,,,003zZN7kTdFUNzWQF9,Contact
00TSqckkfhSWBjx2YX,Follow up,Completed,Low,2021-04-20,Other,Synthetic follow-up activity for CRM workflow testing.,2025-07-11T10:48:31Z,1,701dYnYIqY2uFSNQNW,Campaign,003A3eY9NsoTs0hACH,Contact
00T8pxVxbV2eFKGEJ6,Prepare proposal,Not Started,High,2022-01-14,Call,Synthetic follow-up activity for CRM workflow testing.,2021-05-06T23:59:02Z,0,801y5udzQa7cUZBIO2,Order,003BxoQAfxO1TrZYEW,Contact
00TBDMNjgI1ICmS2WL,Follow up,Not Started,Normal,2024-02-13,Other,Synthetic follow-up activity for CRM workflow testing.,2024-09-13T15:01:26Z,0,5206qpXvNKeGgGLYN7,Opportunity,,
00T2GXB5PUaPC0gEJB,Review requirements,Deferred,Normal,2024-12-30,Call,Synthetic follow-up activity for CRM workflow testing.,2026-06-26T08:01:23Z,0,001lpuGrFmSTBnuY0M,Account,0032vDjj6EPdDIQYFG,Contact
00TagNoa5v5NyIXE8B,Send workshop summary,Completed,Low,2022-12-15,Email,Synthetic follow-up activity for CRM workflow testing.,2026-02-19T21:32:50Z,1,701dvFZxXgmRnlIQM7,Campaign,003OeAYHBMeWG8UIKO,Contact
00TyiyeDzGLYmAdMO2,Send workshop summary,Completed,Low,2021-12-15,Other,Synthetic follow-up activity for CRM workflow testing.,2026-06-11T23:54:02Z,1,7017OD7USLqvwTSQ40,Campaign,003ZmYiT3WtaExxAUI,Contact
00TeioYzxSA57RtUGL,Follow up,Waiting on someone else,Low,2026-07-08,Other,Synthetic follow-up activity for CRM workflow testing.,2021-05-30T15:06:33Z,0,80191xnvR42Rv4KAX8,Order,003o4TMGtqkbtDdIII,Contact
00T3A5cplX99g9sE7R,Review requirements,Waiting on someone else,High,2025-02-18,Call,Synthetic follow-up activity for CRM workflow testing.,2024-10-18T09:49:41Z,0,02iFDhnHWCpyR7TYFL,Asset,00363itkVboZZ8tQLD,Contact
00T5Vb7xQl2IyYgEDZ,Prepare proposal,Deferred,High,2022-04-23,Other,Synthetic follow-up activity for CRM workflow testing.,2023-11-19T03:30:18Z,0,500s2exaSH65VpgY4G,Case,00QVB9CjZnygkhQM3L,Lead
00TLnaUdG58PtagEDX,Review requirements,Completed,High,2026-03-22,Other,Synthetic follow-up activity for CRM workflow testing.,2025-09-25T12:25:52Z,1,006Np88sonUPyRIYJU,Opportunity,00QdsksjMBgoXW0280,Lead
00Tl88KN2aRhqdaEPK,Prepare proposal,In Progress,High,2022-10-07,Other,Synthetic follow-up activity for CRM workflow testing.,2025-07-27T21:38:58Z,0,701s2qORj9Q5274YHM,Campaign,0033Nvtxx8lL6ByAJZ,Contact
00TpIfRbxD18xnQMUF,Send workshop summary,Not Started,High,2025-02-15,Other,Synthetic follow-up activity for CRM workflow testing.,2026-03-16T16:48:51Z,0,001Hbp8pEhElgRqIO2,Account,00QFqWM1vG2nBRvUA4,Lead
00TEXzatj1nIflRUOY,Prepare proposal,Completed,High,2024-06-09,Call,Synthetic follow-up activity for CRM workflow testing.,2023-01-01T13:27:09Z,1,500U0pTr4AJYN8ZYYA,Case,003x8TAB6P8rZeLQSO,Contact
00TKeMAIecp8hzsEHY,Prepare proposal,In Progress,Low,2023-06-17,Email,Synthetic follow-up activity for CRM workflow testing.,2023-02-16T08:52:58Z,0,500dksyk0wtyGnSISG,Case,00QLEUiuDmSr4eD9PJ,Lead
00T5T3G1v0s3i0FUII,Follow up,Deferred,Normal,2025-05-31,Other,Synthetic follow-up activity for CRM workflow testing.,2024-07-16T20:26:43Z,0,800IzBADA7mOjsmA4O,Opportunity,0033DSnrIL2u0KKA6S,Contact
00TGCfOQbHg8yoKMMO,Review requirements,In Progress,Normal,2021-07-31,Other,Synthetic follow-up activity for CRM workflow testing.,2025-03-12T11:57:55Z,0,500hFt97rLaWuKOQIR,Case,,
00TIRSwUPIyykmIMLQ,Follow up,Not Started,Low,2025-12-27,Other,Synthetic follow-up activity for CRM workflow testing.,2026-06-08T22:20:51Z,0,701C5GBKeBniO3YY7J,Campaign,,
00TYtjIGOHqxp3xU6S,Follow up,Waiting on someone else,High,2023-06-17,Call,Synthetic follow-up activity for CRM workflow testing.,2025-12-29T21:16:28Z,0,7110104sHd7nBOwQGT,Opportunity,003cFniDk18INNVAMY,Contact
00T8fQRSmUtSiOsUKY,Prepare proposal,Waiting on someone else,High,2022-04-30,Other,Synthetic follow-up activity for CRM workflow testing.,2024-08-28T19:29:18Z,0,02i5NDLXr8582cNYAX,Asset,00Qb4hNws1ZQZuCMU1,Lead
00TCoSHNnbRbl3u2WF,Review requirements,Waiting on someone else,Normal,2023-09-01,Other,Synthetic follow-up activity for CRM workflow testing.,2021-08-23T00:05:00Z,0,001kgFF0qALhnGGYD4,Account,003B3AJH3u2wz9VQGN,Contact
00TAXROOJ2pySG1MG9,Follow up,In Progress,High,2025-12-27,Other,Synthetic follow-up activity for CRM workflow testing.,2023-09-19T08:08:00Z,0,7017OD7USLqvwTSQ40,Campaign,003ako1JRaHiv3YI66,Contact
00TUIqxvA7ESCvqUNE,Follow up,Completed,High,2022-08-12,Other,Synthetic follow-up activity for CRM workflow testing.,2023-02-10T18:06:45Z,1,001FvdsL8UlrHiPQB9,Account,,
00TzlrQ8VBBx0uI2TQ,Review requirements,Not Started,High,2021-10-25,Email,Synthetic follow-up activity for CRM workflow testing.,2025-09-03T06:58:26Z,0,0018MjZShtig55PAG6,Account,00QpoF24lYKDtan2V0,Lead
00TNJ9u64qAPqC8UAA,Prepare proposal,Completed,High,2024-03-16,Call,Synthetic follow-up activity for CRM workflow testing.,2024-11-25T05:26:06Z,1,006s2a6knML0XkuIJB,Opportunity,,
00Twwznh81MZbrkEEW,Send workshop summary,Deferred,High,2021-12-20,Call,Synthetic follow-up activity for CRM workflow testing.,2023-05-06T19:56:00Z,0,,,003LnI9G4tD6Pl4QW5,Contact
00TdtQZ905HZOXUU5U,Send workshop summary,Completed,Low,2022-11-15,Other,Synthetic follow-up activity for CRM workflow testing.,2025-09-08T19:00:13Z,1,52tR0p53ylj7fAxAPB,Opportunity,0032vDjj6EPdDIQYFG,Contact
00T2PvSqKSUxMFXEUS,Send workshop summary,Completed,Low,2024-10-13,Call,Synthetic follow-up activity for CRM workflow testing.,2023-01-23T15:53:40Z,1,72tZRFHUoL5umGkI3B,Opportunity,003YJKqTOuw9L5BY6V,Contact
00TMRKpdPBmevBM245,Send workshop summary,Completed,Normal,2021-11-21,Other,Synthetic follow-up activity for CRM workflow testing.,2022-11-20T09:04:05Z,1,,,00Qv2ExW47KTOQp8P7,Lead
00TPPyTxHa5vO9PU2L,Review requirements,Deferred,Low,2021-11-10,Other,Synthetic follow-up activity for CRM workflow testing.,2023-02-08T03:32:23Z,0,700lhQ96Dnm7zA5QPX,Order,0031VD9UKg8CI6sQCH,Contact
00TpHR3KcvCM3sjMGH,Send workshop summary,In Progress,High,2026-08-18,Call,Synthetic follow-up activity for CRM workflow testing.,2021-01-29T23:19:08Z,0,02ilOmpeUcmUpfSYBS,Asset,003Yiga9CLvf2dQYGF,Contact
00TjeeTtGO9D1tCESO,Follow up,Waiting on someone else,Normal,2026-05-18,Email,Synthetic follow-up activity for CRM workflow testing.,2024-09-02T20:13:44Z,0,51iB8VNbijPpetFIJJ,Opportunity,003A3eY9NsoTs0hACH,Contact
00TuVIQlnDEEtVTM5Y,Review requirements,Completed,Low,2024-05-21,Call,Synthetic follow-up activity for CRM workflow testing.,2024-10-28T21:47:41Z,1,0014rAjCuliftUBIPG,Account,003G3bKrK9jYeb2I6K,Contact
00TR5Cx7YEF9WY2UYC,Follow up,Not Started,Normal,2025-12-21,Call,Synthetic follow-up activity for CRM workflow testing.,2023-09-24T06:06:45Z,0,,,003CazuthmoYZmcAZN,Contact
00TYVu9yB5xv1LSE4D,Prepare proposal,Completed,Normal,2024-09-08,Email,Synthetic follow-up activity for CRM workflow testing.,2022-07-11T05:42:45Z,1,010qLMB0uAjOAJMAKD,Opportunity,0035IgKC3CNNpIAALQ,Contact
00TdVGPjve8RiML2FL,Follow up,Completed,Normal,2022-12-29,Call,Synthetic follow-up activity for CRM workflow testing.,2023-09-24T23:47:04Z,1,,,003Cz9egiq5deis2NK,Lead
00ThDcRq3IXOgVKEKU,Review requirements,Not Started,Normal,2023-10-26,Other,Synthetic follow-up activity for CRM workflow testing.,2024-09-03T10:59:02Z,0,00194jd02fSe4ubYVT,Opportunity,003eYKBdQULHzTsAGR,Contact
00TQfFVqRjEbiTjMCM,Send workshop summary,Completed,Normal,2024-08-07,Email,Synthetic follow-up activity for CRM workflow testing.,2022-11-11T07:57:12Z,1,00txp86s8wpYXDTQ8N,Opportunity,003CYKyRRyyBLH5IV6,Contact
00Tsy1O5ZK3D11W227,Follow up,Not Started,Normal,2026-03-19,Call,Synthetic follow-up activity for CRM workflow testing.,2024-11-11T11:11:56Z,0,,,0031mbrTwc96BskYOY,Contact
00TlhePRd6JBieJ25G,Review requirements,Not Started,Low,2021-07-22,Call,Synthetic follow-up activity for CRM workflow testing.,2023-08-15T06:49:08Z,0,001J6hTar5vB37wAO0,Account,003BhpE4doSQY7nIZN,Contact
00TECDQWHr4zievE69,Prepare proposal,In Progress,Low,2023-11-10,Email,Synthetic follow-up activity for CRM workflow testing.,2022-01-26T19:14:46Z,0,810WEutgN41JOtwIBR,Opportunity,00Q7vbkiFLdkwyi2IB,Lead
00TIakSao4DUvZuMJI,Send workshop summary,Not Started,Normal,2026-03-29,Other,Synthetic follow-up activity for CRM workflow testing.,2025-03-01T11:50:17Z,0,52th6NaZzpxGAvAY03,Opportunity,003vQ4TTrgSzSH3IL3,Contact
00T8TWVL9UzPytCUAW,Follow up,In Progress,Normal,2021-11-29,Other,Synthetic follow-up activity for CRM workflow testing.,2024-05-19T15:11:10Z,0,006OJDGBAhw96rhQVY,Opportunity,,
00Tr0RzRkVoWtfP2AN,Review requirements,Deferred,Normal,2025-09-23,Other,Synthetic follow-up activity for CRM workflow testing.,2026-06-18T06:20:44Z,0,001PzKgNp7GjqwfI1O,Account,003WGYnHKb8xmWCQY3,Contact
00Td3favREcSrNl2ZI,Prepare proposal,In Progress,High,2025-03-02,Call,Synthetic follow-up activity for CRM workflow testing.,2024-12-31T08:07:19Z,0,0010WdqUBYu4EriIM6,Account,0033XGztMNRMu6dQEB,Contact
00ThpaoLgnHQIssUJA,Prepare proposal,Completed,Normal,2023-07-04,Call,Synthetic follow-up activity for CRM workflow testing.,2022-11-15T11:41:43Z,1,526duQiMCinTMYoYWT,Opportunity,003ETHkUVVKi5PSI55,Contact
00TiLybo8NC9E3h2AI,Follow up,Not Started,High,2025-07-12,Call,Synthetic follow-up activity for CRM workflow testing.,2021-11-09T20:15:15Z,0,006mxnurp6XRsd0YOV,Opportunity,003GweaslhRRyCLI5I,Contact
00Tqfzz6NHuOUBoU66,Prepare proposal,Completed,High,2022-06-03,Other,Synthetic follow-up activity for CRM workflow testing.,2024-12-18T21:19:53Z,1,006ikjdqjcLZe2IQ8K,Opportunity,,
00TiYN37Fd3bhmw2OT,Prepare proposal,Deferred,High,2023-09-06,Call,Synthetic follow-up activity for CRM workflow testing.,2022-08-13T02:43:13Z,0,500YzVpSEs6eJ2iIZT,Case,0031XSf1bfZJESFIY3,Contact
00TVuDO3GIuCj0pMU4,Review requirements,Deferred,High,2023-05-14,Call,Synthetic follow-up activity for CRM workflow testing.,2025-05-01T01:36:15Z,0,006gFU6rJSegMz4QTC,Opportunity,003wtSOSBtayTcfITC,Contact
00Tfzyob4uc3KziUUR,Send workshop summary,Completed,Low,2025-11-19,Email,Synthetic follow-up activity for CRM workflow testing.,2024-04-04T19:07:43Z,1,,,003ivx8Uf855JuuQL9,Contact
00TUbB86MO1plpnEAY,Send workshop summary,In Progress,Normal,2023-02-20,Call,Synthetic follow-up activity for CRM workflow testing.,2022-05-22T21:15:34Z,0,001ClNAQA1Xn4fUINT,Account,003MLgsieZAuxJOYZR,Contact
00TAihEqUGxJwgTUEW,Review requirements,Completed,Low,2022-04-09,Other,Synthetic follow-up activity for CRM workflow testing.,2026-05-03T02:26:25Z,1,80tIwfuf51uL6FGQB6,Opportunity,00Q2Y8fIB1B80UAMXT,Lead
00TwSYunT2T6AlH249,Send workshop summary,Completed,Low,2023-10-18,Email,Synthetic follow-up activity for CRM workflow testing.,2025-04-19T04:00:26Z,1,00tuIMF7s5oEPalQX0,Opportunity,,
00T5p4bKBUVHEwQ2WQ,Prepare proposal,In Progress,Low,2023-04-16,Call,Synthetic follow-up activity for CRM workflow testing.,2025-12-06T11:57:11Z,0,01tehL51gEnarvLQGW,Opportunity,003EpLPuIdH3ZkCY3G,Contact
00TqzsbzYq9fI81273,Follow up,Completed,Low,2023-05-12,Email,Synthetic follow-up activity for CRM workflow testing.,2023-06-23T20:05:13Z,1,500qEz9MHAcs83lQ4W,Case,003y6ePFePqAiqhAK6,Contact
00TDDh0iuMPbcwOMMI,Prepare proposal,Waiting on someone else,High,2022-04-10,Other,Synthetic follow-up activity for CRM workflow testing.,2022-08-13T23:27:08Z,0,516dKiq4krLu3B0YT2,Opportunity,,
00TOFfn00zhFwzJU1O,Review requirements,Completed,Low,2025-09-25,Email,Synthetic follow-up activity for CRM workflow testing.,2022-01-14T16:06:39Z,1,001Ra45bI6XkX2bYRW,Account,,
00T4KGkl8fUYvvtMV6,Review requirements,Deferred,Low,2025-05-02,Call,Synthetic follow-up activity for CRM workflow testing.,2023-06-27T01:02:11Z,0,7111gr5Czm59s4qQRS,Opportunity,003JUYidSURardvA0X,Contact
00TDlkZ4La15SFqUFL,Follow up,Deferred,High,2021-12-01,Other,Synthetic follow-up activity for CRM workflow testing.,2023-05-14T10:26:32Z,0,500lJ3YQ6I7I8yZIKO,Case,,
00T2AVNXUciVFxVE26,Review requirements,In Progress,Low,2025-09-28,Call,Synthetic follow-up activity for CRM workflow testing.,2025-09-13T14:48:59Z,0,,,003GweaslhRRyCLI5I,Contact
00TqNogjTL6ptbiEQ1,Send workshop summary,Completed,High,2025-05-30,Email,Synthetic follow-up activity for CRM workflow testing.,2023-04-11T08:37:30Z,1,81t4p4m3KTfbJKWYH1,Opportunity,00315CDrgQ5tpKSQ2J,Contact
00T0l8DYrbCccG1U3V,Follow up,In Progress,Low,2021-11-11,Call,Synthetic follow-up activity for CRM workflow testing.,2025-07-19T16:45:58Z,0,500pZOK68deVgzzIO6,Case,0039hOoEmV9URW8A6H,Contact
00TTxeXubl37CB1MQ7,Send workshop summary,In Progress,Normal,2026-06-16,Call,Synthetic follow-up activity for CRM workflow testing.,2025-05-31T01:49:41Z,0,001OphrQTgtGmAPIMC,Account,003ibyqKksVRVY7QU1,Contact
00THKpP08cz60A7UWZ,Follow up,Completed,Normal,2023-12-31,Call,Synthetic follow-up activity for CRM workflow testing.,2021-05-01T03:11:31Z,1,500wrP3FKWu1E6MYGA,Case,,
00TvK69545pkPnRU00,Follow up,In Progress,High,2026-01-22,Call,Synthetic follow-up activity for CRM workflow testing.,2021-02-06T23:38:42Z,0,001IZMzpc9F1Z8oAA7,Account,003qn7flMREuZdfQMB,Contact
00TN5JHr9BwOLBmUBE,Send workshop summary,Completed,High,2025-06-06,Call,Synthetic follow-up activity for CRM workflow testing.,2023-08-08T15:55:04Z,1,02iOCN8hhNWXtEZQQP,Asset,0038kykNNnHKw2jIAK,Contact
00TcPclJT9iz7uLM6U,Review requirements,Waiting on someone else,Normal,2025-04-30,Call,Synthetic follow-up activity for CRM workflow testing.,2021-11-03T21:15:29Z,0,001TBaHImIEtjplQN7,Account,003H0qotUrGLyvSY1X,Contact
00TDSirTSHzZEGJM3E,Send workshop summary,Completed,Low,2026-03-15,Call,Synthetic follow-up activity for CRM workflow testing.,2026-06-09T09:15:07Z,1,500O5gvrCqQXvWwASF,Case,003yTjPUux1sOYvA9Z,Contact
00T0phwWgCq9R8NM6V,Send workshop summary,Not Started,Normal,2026-01-20,Other,Synthetic follow-up activity for CRM workflow testing.,2021-05-03T16:09:24Z,0,001jKBzUVUKDjFLYTU,Account,003EpLPuIdH3ZkCY3G,Contact
00TA13y4RzxBqCm2J9,Follow up,Waiting on someone else,Low,2026-05-05,Call,Synthetic follow-up activity for CRM workflow testing.,2024-10-27T09:26:25Z,0,001gQSNxeXgntf7YR3,Account,00QLC0y2MNbvN3OM1C,Lead
00TYfRv4duznOioEK6,Prepare proposal,Waiting on someone else,Normal,2025-03-23,Email,Synthetic follow-up activity for CRM workflow testing.,2023-06-02T20:46:39Z,0,521frQ5k77mkPylINK,Opportunity,00QKJ0FOcINBUev7JL,Lead
00TO1mLjXKAGXZPE4N,Send workshop summary,Not Started,Low,2025-11-25,Call,Synthetic follow-up activity for CRM workflow testing.,2022-03-08T05:40:02Z,0,02tp6iXCgEYS9euITR,Opportunity,003FvRTfDSIkznUAKO,Contact
00TbWITZwyqNEBm2P1,Send workshop summary,Waiting on someone else,Normal,2024-11-26,Email,Synthetic follow-up activity for CRM workflow testing.,2022-01-02T19:20:52Z,0,511ReMWzz0SO9AJA5T,Opportunity,003Vq9Ox7LeTk4GQP4,Contact
00T8P5xavut6UuVMAB,Send workshop summary,Deferred,Normal,2022-11-02,Email,Synthetic follow-up activity for CRM workflow testing.,2024-03-09T12:25:07Z,0,00tvJH5KgpFjKEsYR9,Opportunity,003hUPu3ZRXotU8YK5,Contact
00TWs8Y6689wibVM4T,Send workshop summary,Completed,High,2024-06-21,Call,Synthetic follow-up activity for CRM workflow testing.,2021-01-11T22:33:23Z,1,001GvUdh6yZWB0wIIH,Account,003NOck8O3rY4waYUN,Contact
00TYDRIqpF1J4Ts260,Send workshop summary,In Progress,High,2022-10-16,Email,Synthetic follow-up activity for CRM workflow testing.,2025-10-08T18:52:44Z,0,50ixod6uEodIRyrITH,Opportunity,,
00ToDyYb9NFt6PJM22,Follow up,Completed,High,2023-07-05,Other,Synthetic follow-up activity for CRM workflow testing.,2022-07-10T01:15:40Z,1,,,,
00ToaFwaYxttZUiE4C,Send workshop summary,Not Started,High,2022-12-07,Email,Synthetic follow-up activity for CRM workflow testing.,2026-03-25T08:46:53Z,0,52tLaCdL9BDn6axIDS,Opportunity,003cvhNN1iOTchhY1V,Contact
00TTSspgkPcv56SUBV,Follow up,Completed,Normal,2026-02-13,Other,Synthetic follow-up activity for CRM workflow testing.,2023-08-01T13:52:15Z,1,80ig0h44cCZ9guhILV,Opportunity,00QoQWCU9nGWkhkEY5,Lead
00T6PEYKhHziI2nU25,Prepare proposal,Not Started,Low,2021-08-05,Call,Synthetic follow-up activity for CRM workflow testing.,2022-07-11T16:15:10Z,0,001rvlO3y0uELfOAW4,Account,,
00Tmqp1WZC7WORzE7B,Follow up,Deferred,High,2022-05-25,Email,Synthetic follow-up activity for CRM workflow testing.,2024-05-31T07:32:31Z,0,001zBr7D0amNm8PY72,Account,003rfb3cO7MmMYsI30,Contact
00TyTylAGcGWWuR2NP,Review requirements,Not Started,Normal,2022-01-16,Call,Synthetic follow-up activity for CRM workflow testing.,2025-02-15T16:16:05Z,0,500f7MU1nEZtkc4Y1I,Case,003ZCblHtIil5CiY1A,Contact
00TcEF8R0PAJfQtUE7,Send workshop summary,Not Started,Low,2025-03-22,Other,Synthetic follow-up activity for CRM workflow testing.,2025-10-18T03:59:49Z,0,000pvDVfdIPtBmlASO,Opportunity,00QV3QrrcdLvht6U3V,Lead
00TKb5RAlE3AWbwMPW,Follow up,Waiting on someone else,High,2022-12-27,Other,Synthetic follow-up activity for CRM workflow testing.,2023-06-11T10:39:55Z,0,001Ra45bI6XkX2bYRW,Account,,
00Ts9QfYBBgFyhPUY2,Prepare proposal,Deferred,Low,2026-09-15,Call,Synthetic follow-up activity for CRM workflow testing.,2024-04-07T03:59:10Z,0,006Hh9cMgbG5BskAGG,Opportunity,003iMhFEz9vvPp9AEG,Contact
00TC9enHodItADIUP6,Review requirements,Completed,High,2022-06-16,Email,Synthetic follow-up activity for CRM workflow testing.,2023-07-09T17:20:22Z,1,02iGfsTfoQiUcBZYKM,Asset,0031qlSTy5MPurRQ8O,Contact
00TY8UTmqh8GFSREVT,Review requirements,Completed,Normal,2021-03-02,Email,Synthetic follow-up activity for CRM workflow testing.,2023-05-05T11:38:55Z,1,7001ARnqX538iYMQHE,Order,003kxeIbYRarc1MYRV,Contact
00T9gNFULWaQXHwECH,Follow up,In Progress,High,2025-06-03,Call,Synthetic follow-up activity for CRM workflow testing.,2024-04-08T23:07:26Z,0,006aA3yAV466PkYAKT,Opportunity,003GweaslhRRyCLI5I,Contact
00TG04CdgeihJkdU6W,Follow up,Completed,Normal,2021-09-29,Email,Synthetic follow-up activity for CRM workflow testing.,2021-10-08T06:25:01Z,1,520SPOH7ogwGGxIAHG,Opportunity,00QdXJBWJT5cbdbMH1,Lead
00Tok0VfCrp40UnMW0,Review requirements,Completed,Low,2023-05-17,Call,Synthetic follow-up activity for CRM workflow testing.,2025-01-31T16:52:05Z,1,500selSdpl85TbuQCI,Case,003bzqCPhHkdWt9INI,Contact
00ThhhnNFh2pHKSU4I,Prepare proposal,Completed,Normal,2024-01-11,Email,Synthetic follow-up activity for CRM workflow testing.,2025-04-11T13:03:48Z,1,02i45AZVTg9kZMyYIM,Asset,,
00T79lXzkPnCGVF2IC,Prepare proposal,Completed,Normal,2021-10-31,Call,Synthetic follow-up activity for CRM workflow testing.,2024-07-26T03:12:49Z,1,02isbxm5zl2bVwIIXW,Asset,0034TaI45K3dHDFQ7H,Contact
00TtzBqHeSCGuFWUPT,Prepare proposal,Completed,High,2026-03-24,Call,Synthetic follow-up activity for CRM workflow testing.,2024-08-17T09:58:45Z,1,810Np4XhG7rD2G2QBP,Opportunity,003PL78eCf0J4yUI26,Contact
00TYioFYXOlnmliE17,Follow up,Not Started,Normal,2025-04-03,Call,Synthetic follow-up activity for CRM workflow testing.,2025-11-19T16:55:31Z,0,001KKprsa8fDGWEQ2J,Account,003WGGhN9vqGYtMIBS,Contact
00TKKrMl3XE2mEmUQK,Send workshop summary,Completed,High,2022-07-08,Other,Synthetic follow-up activity for CRM workflow testing.,2024-01-19T22:03:50Z,1,001LInXZfFVYqWIIEB,Account,003BRwu2sKtgDFJIUG,Contact
00TqV4Qrlr4Bt39EA1,Review requirements,Not Started,High,2022-01-02,Email,Synthetic follow-up activity for CRM workflow testing.,2023-05-09T04:54:14Z,0,001DbG9gnZEl0ZPAAY,Account,003Ot7H5C2LkErNYQ5,Contact
00TTcVPtpitZcUnM4G,Send workshop summary,Waiting on someone else,Normal,2023-05-26,Call,Synthetic follow-up activity for CRM workflow testing.,2026-02-12T09:30:37Z,0,801fS80kfxEAQmNIHZ,Order,003jp8HgzxQgXoMYTO,Contact
00TXS8jdT8fpQn82HY,Review requirements,Not Started,Low,2024-09-23,Call,Synthetic follow-up activity for CRM workflow testing.,2023-01-13T03:06:39Z,0,001Y7WfxpecwwzUQ8R,Account,00368NY30vMuB89IPE,Contact
00TYRKOFmi6uWqc22C,Prepare proposal,Waiting on someone else,Normal,2022-09-07,Email,Synthetic follow-up activity for CRM workflow testing.,2021-11-07T19:32:22Z,0,001sS1Mj9gSLRavQC2,Account,003E2BS0qDYocWEY1Z,Contact
00TtuxXH8VhwOvn25P,Review requirements,Completed,Low,2025-10-08,Call,Synthetic follow-up activity for CRM workflow testing.,2022-06-17T03:40:30Z,1,,,003wLmgCk11X7nFIIH,Contact
00T6I6f8eh0SmFQUQQ,Follow up,Not Started,High,2025-09-10,Call,Synthetic follow-up activity for CRM workflow testing.,2022-09-22T00:15:18Z,0,810a0t8k1FUXv1cI0V,Opportunity,003Sfo0oZl7n5NiQ10,Contact
00TfKYtV8VacqEUMKR,Follow up,Waiting on someone else,High,2024-06-22,Call,Synthetic follow-up activity for CRM workflow testing.,2026-06-05T08:41:09Z,0,80iYCIChrIJKE2ZIAR,Opportunity,003LD2kPtQRWQL7QDG,Contact
00TsUY0Ladd8UphEMN,Follow up,In Progress,Low,2022-11-19,Call,Synthetic follow-up activity for CRM workflow testing.,2024-12-27T18:34:31Z,0,500wrP3FKWu1E6MYGA,Case,,
00TIgJi88pqpo4GE4W,Review requirements,Completed,Normal,2024-06-11,Email,Synthetic follow-up activity for CRM workflow testing.,2024-09-06T01:25:36Z,1,001ll0htSxmTlUFAHW,Account,003Xe2mCTgwPkcDYHE,Contact
00TVv3IyVfZA6I7MDE,Prepare proposal,Completed,High,2025-10-02,Other,Synthetic follow-up activity for CRM workflow testing.,2021-02-06T00:53:59Z,1,001wOS4RTezb6AxY4U,Account,,
00Tb47kTrNGRdkn215,Prepare proposal,Not Started,High,2022-12-30,Email,Synthetic follow-up activity for CRM workflow testing.,2022-03-01T09:21:29Z,0,500bA9JabGkX7DOYLZ,Opportunity,0036LohQkeCB8QlQLX,Contact
00ToBup8mvG7gZSML3,Prepare proposal,Not Started,High,2025-12-05,Other,Synthetic follow-up activity for CRM workflow testing.,2023-06-09T09:17:28Z,0,52iz5dbic5ZsRkWAEP,Opportunity,00385RBEQxE85WSI3T,Contact
00T5uhF74rUc0mzMI7,Prepare proposal,Not Started,Normal,2022-11-16,Other,Synthetic follow-up activity for CRM workflow testing.,2026-04-28T21:35:02Z,0,02ieWIevn2p7fdgQKL,Asset,003GweaslhRRyCLI5I,Contact
00Tq31IZ20K5KqzEJV,Review requirements,Deferred,Normal,2022-12-13,Email,Synthetic follow-up activity for CRM workflow testing.,2023-06-22T12:48:02Z,0,02iSCy5oTAzjxktQ1D,Asset,003VMcAQu6AgWg0YG4,Contact
00TRs8j8GHWZ4D3UMM,Follow up,Completed,Normal,2023-03-15,Other,Synthetic follow-up activity for CRM workflow testing.,2025-05-04T22:49:04Z,1,701AUP2DWX9vWyrQNF,Campaign,0039soCLiud9MJJQXY,Contact
00TGo2cWeCzKMqtULX,Prepare proposal,Not Started,Low,2023-12-10,Email,Synthetic follow-up activity for CRM workflow testing.,2024-10-21T15:47:55Z,0,500xH6PMRxNjCeUQE0,Case,003lKSKPlBrHJCNA9T,Contact
00Tqc8w313MRmhsE5Q,Review requirements,Completed,High,2023-03-10,Call,Synthetic follow-up activity for CRM workflow testing.,2023-05-18T23:38:51Z,1,500etI5dTOGadVTA66,Case,,
00TlCSmhLA2lL43MM0,Prepare proposal,Not Started,High,2023-06-07,Call,Synthetic follow-up activity for CRM workflow testing.,2025-07-04T23:25:57Z,0,001b6p7wMuocXZFIKR,Account,00QnoiG65fvF4WU23J,Lead
00TWU4GU0sF56b02S3,Prepare proposal,Completed,Low,2026-03-24,Email,Synthetic follow-up activity for CRM workflow testing.,2025-01-23T18:06:39Z,1,500aEzkl6GNgottIZ0,Case,003Ds2YGIiay3SUYCI,Contact
00T7qIdoNRUy7MQEKS,Prepare proposal,Not Started,High,2022-01-03,Other,Synthetic follow-up activity for CRM workflow testing.,2021-07-29T23:09:34Z,0,001kpkteJ4XLaaYQTV,Account,,
00Trv6jzP1UdGKY2AL,Prepare proposal,Completed,Normal,2024-04-16,Call,Synthetic follow-up activity for CRM workflow testing.,2022-12-07T09:10:18Z,1,,,,
00T7t5hfqd6apuKUEP,Review requirements,In Progress,Low,2021-10-09,Call,Synthetic follow-up activity for CRM workflow testing.,2025-03-08T12:18:48Z,0,,,003OGg9ZvpwA06oIKL,Contact
00TfZM5F0vPQO35US4,Follow up,Waiting on someone else,Low,2025-07-31,Email,Synthetic follow-up activity for CRM workflow testing.,2023-09-30T12:52:27Z,0,006cKDAmVaeja9FQ08,Opportunity,003Xe2mCTgwPkcDYHE,Contact
00TArcgxByxEtv228V,Send workshop summary,Waiting on someone else,Normal,2025-10-28,Call,Synthetic follow-up activity for CRM workflow testing.,2023-12-19T01:32:05Z,0,,,003Jy7SUOIQb9xzAPH,Contact
00T0Nn5GJURRDkj2IQ,Follow up,Not Started,Normal,2024-08-06,Other,Synthetic follow-up activity for CRM workflow testing.,2022-06-06T04:54:18Z,0,02iDG2bEPxDCIZwAPZ,Asset,00QZk79d1fzD0yPUNE,Lead
00TZUAyX9SCTBwZMVZ,Send workshop summary,Not Started,High,2023-02-14,Call,Synthetic follow-up activity for CRM workflow testing.,2022-04-23T04:39:33Z,0,800c5OjilEcxIkXASZ,Contract,00Q0G4hnvlCVlcYE5Q,Lead
00T49AIOBeRr7klEZB,Prepare proposal,Completed,High,2022-11-19,Call,Synthetic follow-up activity for CRM workflow testing.,2024-07-21T17:54:27Z,1,500EESYs3YePtRPYZP,Case,003HepsXEkhbwXKILC,Contact
00TJHzSPKuU3qcMUVZ,Follow up,Not Started,High,2023-06-26,Other,Synthetic follow-up activity for CRM workflow testing.,2021-08-04T11:13:15Z,0,801ZSTHJFz2O2OtIQ3,Order,003Y8771g12DY7uA93,Contact
00THF0Ehqsi3Pq4UWJ,Prepare proposal,Deferred,High,2024-03-18,Call,Synthetic follow-up activity for CRM workflow testing.,2023-04-02T02:52:17Z,0,001g2MhymLdN59YQJG,Account,003iXDfXVz3BdKQQVR,Contact
00TqK1H0aNH3Oj52HO,Follow up,Not Started,Normal,2023-01-04,Other,Synthetic follow-up activity for CRM workflow testing.,2021-04-13T04:28:33Z,0,02ia849yCa34TtVIMY,Asset,,
00TSNjkU9xq89GuUA2,Send workshop summary,Waiting on someone else,High,2023-11-20,Other,Synthetic follow-up activity for CRM workflow testing.,2021-02-24T01:00:42Z,0,80ig0h44cCZ9guhILV,Opportunity,003bzVWrBBrdQTCAC9,Contact
00TvWW19n8Sdiyt2IL,Review requirements,In Progress,Low,2025-12-16,Call,Synthetic follow-up activity for CRM workflow testing.,2025-10-07T03:26:10Z,0,5000LLLlS2CX2hDYWN,Case,003ObY6T5K3DWQxAUR,Contact
00Thzk5Tel57QycM3H,Send workshop summary,Waiting on someone else,High,2024-01-03,Call,Synthetic follow-up activity for CRM workflow testing.,2025-03-16T18:13:44Z,0,001Yuy98mwACfhVANS,Account,003Ib2geHHsVuzAQPF,Contact
00TqkZ7yqvPxDSY2SX,Review requirements,Completed,High,2022-06-26,Other,Synthetic follow-up activity for CRM workflow testing.,2022-03-16T13:36:11Z,1,001KKprsa8fDGWEQ2J,Account,00QjVcHPdwfHGHaEPH,Lead
00TlOYXDNkIJgmTU3E,Send workshop summary,Deferred,Normal,2024-12-13,Other,Synthetic follow-up activity for CRM workflow testing.,2021-12-14T13:24:44Z,0,,,003cVGsrffaguWrYD5,Contact
00TrvtCJkapRkQO2FO,Review requirements,Completed,Low,2026-04-15,Other,Synthetic follow-up activity for CRM workflow testing.,2022-08-18T17:22:19Z,1,,,003gBl0zvJ8uI8jIJ4,Contact
00TTV6vy8gvUXzh2N4,Follow up,Waiting on someone else,Low,2023-11-04,Call,Synthetic follow-up activity for CRM workflow testing.,2024-04-27T08:16:37Z,0,500P13Hxb7ONz8cAHT,Case,003W4j2IQwOiUqBIH6,Contact
00TMBjedw2Mox9sU28,Follow up,In Progress,Low,2021-06-18,Other,Synthetic follow-up activity for CRM workflow testing.,2024-08-06T09:44:56Z,0,800YdrAEHNvlZMqICG,Contract,003gBl0zvJ8uI8jIJ4,Contact
00TWtawjzFkyG9T2YZ,Send workshop summary,Completed,Normal,2022-10-20,Email,Synthetic follow-up activity for CRM workflow testing.,2025-04-07T02:26:51Z,1,006CHsqxiqjM02AIKO,Opportunity,,
00TCpziQ0BbDP8EUNB,Follow up,Completed,Low,2023-12-13,Other,Synthetic follow-up activity for CRM workflow testing.,2024-06-22T02:00:45Z,1,70615XF1CMiOFu0Q40,Opportunity,003ZCblHtIil5CiY1A,Contact
00TDAergXn9dAYhEAY,Review requirements,Not Started,Normal,2023-01-25,Email,Synthetic follow-up activity for CRM workflow testing.,2025-11-25T10:08:39Z,0,02iXlAdBq966ddSYV2,Asset,00308hejDMf87YtQXX,Contact
00Ty52582E279kB25A,Prepare proposal,Waiting on someone else,Normal,2021-03-11,Email,Synthetic follow-up activity for CRM workflow testing.,2021-07-24T06:16:45Z,0,026mpJ3qkHMPwcfA89,Order,003M4XLkZ8lJp7OY05,Contact
00T2fTMDSpMYXdcENJ,Follow up,In Progress,High,2023-07-29,Email,Synthetic follow-up activity for CRM workflow testing.,2025-11-26T16:24:59Z,0,001IDl2DWYpmmF7QG7,Account,,
00TChFSnY5qM3BG2XQ,Review requirements,Deferred,Normal,2026-04-13,Email,Synthetic follow-up activity for CRM workflow testing.,2025-02-27T21:25:32Z,0,80ipodFX8s3DDUoAAB,Opportunity,00Qd5UMWHESdbH2UN1,Lead
00TRwfzx3X7HNHpUHY,Prepare proposal,Completed,Low,2021-06-20,Call,Synthetic follow-up activity for CRM workflow testing.,2021-03-01T17:21:12Z,1,001uKtjv3QWz3nDQSN,Account,003QBltyfxsedwvIDY,Contact
00TY6VPoPg21R4129D,Send workshop summary,Waiting on someone else,High,2021-01-28,Other,Synthetic follow-up activity for CRM workflow testing.,2025-06-03T02:34:20Z,0,01t5ehc5TO9L51fAY8,Product2,00QKj2ar3t78B5LUP6,Lead
00TsJ5VuwZy8S6PE66,Follow up,In Progress,Normal,2022-03-17,Other,Synthetic follow-up activity for CRM workflow testing.,2022-06-25T15:13:47Z,0,0018MjZShtig55PAG6,Account,003aAh08ESXLLNf8RY,Lead
00TLq7p6ZJ2B4ZVMIM,Send workshop summary,Completed,Normal,2021-08-29,Email,Synthetic follow-up activity for CRM workflow testing.,2025-12-05T07:15:33Z,1,,,0032A6uRmKTbKt8ADF,Contact
00TPNS1NJv8FoXL2BC,Prepare proposal,In Progress,Normal,2024-07-23,Call,Synthetic follow-up activity for CRM workflow testing.,2025-02-10T00:12:16Z,0,001Zk4o7YhsJVX1ID0,Account,003ZeCIf3GRvPUZY4J,Contact
00TS4TNn600Ga8KMJ2,Prepare proposal,Deferred,High,2021-09-12,Call,Synthetic follow-up activity for CRM workflow testing.,2026-02-02T08:27:07Z,0,00620lO3NhEVNm4YMH,Opportunity,003rzl8QJiye2xyYHC,Contact
00TDipVlq402GdQ2T0,Review requirements,In Progress,Low,2021-05-29,Other,Synthetic follow-up activity for CRM workflow testing.,2022-10-14T14:56:23Z,0,5007Kxt7fLMtTQTIK3,Case,003ZmYiT3WtaExxAUI,Contact
00TZDv284m1E2gmM7N,Prepare proposal,Deferred,Normal,2022-12-16,Call,Synthetic follow-up activity for CRM workflow testing.,2025-05-25T23:20:00Z,0,001MfuiALipgsrAIEL,Account,,
00TpRd0QDuk4Mik2KO,Send workshop summary,In Progress,Low,2024-05-13,Call,Synthetic follow-up activity for CRM workflow testing.,2021-02-12T14:12:42Z,0,500winzV3eSp2cAI2K,Case,003I7Bgv5zLxifTI9W,Contact
00TDm6dHLGk5lLaU2F,Send workshop summary,Completed,Normal,2023-08-13,Email,Synthetic follow-up activity for CRM workflow testing.,2023-07-12T03:49:29Z,1,52tR0p53ylj7fAxAPB,Opportunity,003IRcIztJ57xyuADT,Contact
00TQarn0Wnd967yE8Z,Prepare proposal,Not Started,Normal,2022-10-10,Other,Synthetic follow-up activity for CRM workflow testing.,2022-11-09T18:01:52Z,0,500tgQrPa0OBC2tYNM,Case,00QeUzfics1tZYxUYR,Lead
00Thp0lu4gNh9yT2GP,Follow up,Completed,Normal,2022-09-15,Call,Synthetic follow-up activity for CRM workflow testing.,2025-01-03T22:39:04Z,1,0060AhykALw8QCnQ2A,Opportunity,00QqggG7dxlggEXE7Z,Lead
00TFDHbJfALll98U5V,Review requirements,Completed,High,2024-08-12,Other,Synthetic follow-up activity for CRM workflow testing.,2022-10-22T23:19:13Z,1,001rLqfAY4OfLS1QF8,Account,003MFEL7zy06OMDQY2,Contact
00THLFDPZBkzwdiE29,Prepare proposal,In Progress,Normal,2021-10-20,Email,Synthetic follow-up activity for CRM workflow testing.,2025-11-05T18:55:37Z,0,001upirIJhb5AGBA5J,Account,003b5App7BPEwpaYJM,Contact
00TAhbyKSo5XRkUE40,Prepare proposal,Not Started,High,2023-12-10,Email,Synthetic follow-up activity for CRM workflow testing.,2021-05-03T16:13:46Z,0,02iqfO1B4ife6psASK,Asset,00QMmTNZpx0wDIu21I,Lead
00TSqBKV2AIY3RnMM7,Prepare proposal,Deferred,Normal,2021-08-26,Other,Synthetic follow-up activity for CRM workflow testing.,2023-02-05T13:05:41Z,0,5007ln1a55ffqmbQSA,Case,,
00TshWvDIbUMneRE4Z,Review requirements,Not Started,Low,2024-09-03,Call,Synthetic follow-up activity for CRM workflow testing.,2024-01-15T18:04:25Z,0,001CXiPlYrfwSgoQU2,Account,003OiBN34GSDT6gA97,Contact
00TraNDALjtZQj123O,Follow up,Waiting on someone else,High,2023-02-19,Email,Synthetic follow-up activity for CRM workflow testing.,2026-04-01T01:46:51Z,0,800dZy01aYi4hFRAGV,Opportunity,003Rz96fwVmBsarYJ1,Contact
00TrjonVVnYVUHxEB9,Review requirements,In Progress,Low,2022-08-06,Email,Synthetic follow-up activity for CRM workflow testing.,2022-05-19T22:08:43Z,0,001oL00mAodv6UcYFE,Opportunity,00QX1tqOyJdVUvNUQ2,Lead
00TQlxSY6QKeoXJEF2,Send workshop summary,Not Started,High,2023-01-29,Other,Synthetic follow-up activity for CRM workflow testing.,2021-11-14T05:11:55Z,0,500ueXjeyP3YeZnYJF,Case,003G3bKrK9jYeb2I6K,Contact
00TmRacDAsp6jPNUGN,Follow up,Waiting on someone else,Low,2026-04-13,Call,Synthetic follow-up activity for CRM workflow testing.,2021-10-06T04:09:22Z,0,02igt88PksyPaiWA23,Asset,00QImjgvwr3RFaNEF2,Lead
00TXxJxfouNuXYAEJ8,Follow up,In Progress,Low,2021-02-16,Other,Synthetic follow-up activity for CRM workflow testing.,2022-09-22T01:11:05Z,0,7017OD7USLqvwTSQ40,Campaign,003dV7hH70niauTQ84,Contact
00Te9cruwNcYwTQERG,Follow up,In Progress,Normal,2025-04-20,Email,Synthetic follow-up activity for CRM workflow testing.,2024-04-27T17:32:10Z,0,500BaE7YGeszcGSIH2,Case,003z0SFUtDimbQwAKL,Contact
00T3wz6eot83uh5M76,Review requirements,Not Started,Low,2025-03-09,Call,Synthetic follow-up activity for CRM workflow testing.,2023-09-21T09:11:58Z,0,0019laP52dnqWh3AF4,Account,003JjihyuhDEyEDJ24,Lead
00TX7XWrbhABugN23J,Send workshop summary,Deferred,Normal,2025-11-14,Call,Synthetic follow-up activity for CRM workflow testing.,2022-11-05T02:08:25Z,0,001d6L0YO7RdZlqYEZ,Account,003Xf90o9Yz48XaQFE,Contact
00T17xtLdNNxoBBEW4,Review requirements,Completed,High,2021-05-20,Other,Synthetic follow-up activity for CRM workflow testing.,2023-07-02T11:16:12Z,1,001upirIJhb5AGBA5J,Account,00QcdWyZiZGvHkCUI6,Lead
00T0HfsnJRLioXPMI7,Prepare proposal,Deferred,Low,2023-07-02,Other,Synthetic follow-up activity for CRM workflow testing.,2022-07-13T10:22:59Z,0,521Z8bPwg6uzfZEA99,Opportunity,,
00TntfxvS0UziPyEGF,Send workshop summary,Completed,Low,2024-09-07,Other,Synthetic follow-up activity for CRM workflow testing.,2025-07-13T04:05:33Z,1,701eBZTq7oipTE6QF6,Opportunity,003koWoclygPITyIKQ,Contact
00TDYaWX4bLzVr72J3,Send workshop summary,Deferred,High,2025-11-24,Email,Synthetic follow-up activity for CRM workflow testing.,2022-07-06T03:47:23Z,0,02iz1gJb26JrLjrYI0,Asset,,
00TISWTIbZzbd1J2RM,Review requirements,Waiting on someone else,Low,2025-04-22,Email,Synthetic follow-up activity for CRM workflow testing.,2023-11-02T02:34:57Z,0,001U2E3Mrt3KZlKQE7,Account,003fgQdBHsToCSOINB,Contact
00TwGHhHghiS1w3UHW,Review requirements,In Progress,Low,2022-05-18,Email,Synthetic follow-up activity for CRM workflow testing.,2022-09-10T06:18:48Z,0,02iBXhvdDGkuR2rI2P,Asset,0036pKyOJBgDLuPISS,Contact
00TA7aWd3qT6uTrEVM,Prepare proposal,Deferred,Normal,2023-11-15,Call,Synthetic follow-up activity for CRM workflow testing.,2025-12-29T02:19:41Z,0,001MfuiALipgsrAIEL,Account,003NTU3T0Co8c3eQAN,Contact
00T3SfwqFNRc3IXM6H,Follow up,Not Started,Normal,2024-05-19,Email,Synthetic follow-up activity for CRM workflow testing.,2022-12-05T15:56:33Z,0,00tK8p779q4DqJHYDL,Opportunity,0038KoaB9nxZsSwIJL,Contact
00TbZhYKTp0GAN0MHV,Follow up,In Progress,Normal,2023-01-01,Email,Synthetic follow-up activity for CRM workflow testing.,2021-07-12T03:55:38Z,0,,,003JIxQoODFL9M0IVQ,Contact
00TYEPjs1vgzStIEKW,Send workshop summary,In Progress,High,2023-12-16,Call,Synthetic follow-up activity for CRM workflow testing.,2021-06-28T04:01:24Z,0,500BIHNmzR2YK2qIXQ,Case,003PoNXhoOeFYSSY1U,Contact
00TLqeIgOVQYbgLELQ,Review requirements,In Progress,Normal,2026-06-20,Other,Synthetic follow-up activity for CRM workflow testing.,2021-06-08T01:10:35Z,0,001ygA3FAG75gTTAXO,Account,003go4c3nStxcM3QTZ,Contact
00TUWuEhEuWh6VVM6R,Follow up,In Progress,High,2023-06-22,Other,Synthetic follow-up activity for CRM workflow testing.,2024-10-23T15:47:43Z,0,,,,
00TqKqo9bO1vmKKMPU,Follow up,Not Started,Low,2023-09-24,Call,Synthetic follow-up activity for CRM workflow testing.,2022-11-30T05:16:41Z,0,001smmPkB9oOSZnIQW,Account,003Y8771g12DY7uA93,Contact
00TozZNQGSpBg45E20,Send workshop summary,Deferred,High,2026-05-11,Call,Synthetic follow-up activity for CRM workflow testing.,2025-08-26T00:18:06Z,0,001GikJVQQYFMgSI6M,Account,00QxSVYZQgUlCmxE56,Lead
00T64WvN19aVSdJ2TG,Follow up,Waiting on someone else,Low,2023-09-17,Call,Synthetic follow-up activity for CRM workflow testing.,2023-09-05T20:39:56Z,0,001R0OuIWPEowdMYT2,Account,0030pSnQNIb5d0oYHX,Contact
00TSE5rhuy0C5QMUZX,Send workshop summary,Not Started,Low,2022-08-23,Call,Synthetic follow-up activity for CRM workflow testing.,2022-06-23T03:26:43Z,0,00ijCBPeUz5Qky5IPL,Opportunity,003xYHNKI2NMB4pI5P,Contact
00Tp9arfJpoTf4EMBX,Follow up,In Progress,Low,2021-09-11,Email,Synthetic follow-up activity for CRM workflow testing.,2024-09-29T01:14:33Z,0,006PSznioDwlktwQX4,Opportunity,003VtyW41eLCT25YCC,Contact
00TE3jW4nZHwLeB2T5,Review requirements,In Progress,Normal,2021-08-28,Other,Synthetic follow-up activity for CRM workflow testing.,2024-01-07T14:48:23Z,0,001sriFmgu6lhqcIL6,Account,0037W2ucLOs8FxjAB4,Contact
00Tj4ClQ8XJswV3MHA,Review requirements,Not Started,High,2024-07-20,Call,Synthetic follow-up activity for CRM workflow testing.,2024-07-11T19:12:48Z,0,701AUP2DWX9vWyrQNF,Campaign,,
00T3VW96FYAuKNXEQ4,Review requirements,Deferred,Low,2025-04-22,Email,Synthetic follow-up activity for CRM workflow testing.,2023-09-01T13:20:22Z,0,500QOGfoxxOjqwNQMJ,Case,003rYLYNapF82OGY59,Contact
00TiDTmwEcZYk1vMTU,Review requirements,Waiting on someone else,High,2023-06-09,Call,Synthetic follow-up activity for CRM workflow testing.,2022-09-13T15:04:52Z,0,7017OD7USLqvwTSQ40,Campaign,003OXM9PBNS93FRYE1,Contact
00Tz12aUCiV8OUZEV7,Follow up,In Progress,Low,2026-02-23,Other,Synthetic follow-up activity for CRM workflow testing.,2024-12-27T20:23:09Z,0,02iAKirhNVmYi7QQZT,Asset,00QPAhCCXrqhX0Z2QR,Lead
00Tc0C41sULIBb42TL,Follow up,Deferred,Normal,2025-02-01,Call,Synthetic follow-up activity for CRM workflow testing.,2024-05-22T07:11:22Z,0,701C5GBKeBniO3YY7J,Campaign,003frNYz28OdxhIQXF,Contact
00TWygNp4I49WxCEDF,Prepare proposal,Completed,Normal,2025-05-18,Other,Synthetic follow-up activity for CRM workflow testing.,2023-12-09T06:57:24Z,1,50ivdAUc1oe0Sg0QG1,Opportunity,0039xpQOmpynXbwAUX,Contact
00Tef91i6AmdOwVUMH,Review requirements,Completed,Normal,2025-12-21,Email,Synthetic follow-up activity for CRM workflow testing.,2026-01-07T20:16:52Z,1,001Ee8rMt958Fh9Y0A,Account,00Q1wARSWQPOfoBUEP,Lead
00TtmqZhQUZTpOGEMC,Prepare proposal,Deferred,Normal,2021-02-17,Other,Synthetic follow-up activity for CRM workflow testing.,2025-04-25T17:48:19Z,0,001j6nRokzRlCs1Y07,Account,,
00T4i7NzXjY58fqEV3,Send workshop summary,In Progress,Low,2025-06-16,Email,Synthetic follow-up activity for CRM workflow testing.,2023-04-14T20:22:44Z,0,026BVR57X8CvFHRYF7,Order,,
00T1yngNLyQMjsFEWB,Follow up,Deferred,Low,2024-03-17,Other,Synthetic follow-up activity for CRM workflow testing.,2022-05-06T10:37:06Z,0,801KpBlZCxWUlpNIN6,Order,003sZMUXdL7Us8BY75,Contact
00TtpW1gy2f2XbtEM7,Prepare proposal,Completed,Low,2024-10-11,Other,Synthetic follow-up activity for CRM workflow testing.,2022-08-04T08:04:21Z,1,500q9W6Xj9YD7VtIWB,Case,,
00Tg8GJOeqsEzdO23O,Review requirements,Deferred,High,2022-04-04,Call,Synthetic follow-up activity for CRM workflow testing.,2022-07-10T14:23:29Z,0,5002tn2wcVtThWYIWP,Case,,
00TpdgQvfrMXrMbM8N,Send workshop summary,Waiting on someone else,Low,2023-05-10,Call,Synthetic follow-up activity for CRM workflow testing.,2021-11-03T11:56:48Z,0,001iIp10CH2rdjrQCH,Account,0039IYcMkc2rU2rIBM,Contact
00T2pw1FLtVvarPE4H,Prepare proposal,Deferred,Normal,2024-12-19,Call,Synthetic follow-up activity for CRM workflow testing.,2025-03-25T06:20:38Z,0,701fmMnRrUO2XdcI3Y,Campaign,,
00TvYEjUlm82HxlU7Z,Prepare proposal,In Progress,Low,2025-08-06,Other,Synthetic follow-up activity for CRM workflow testing.,2022-04-19T03:51:13Z,0,02iK9BIljzxVftnAEN,Asset,,
00TkuR0AsB04PbaEOE,Send workshop summary,Not Started,Normal,2025-07-15,Call,Synthetic follow-up activity for CRM workflow testing.,2021-08-31T13:52:14Z,0,701aVdLHYNnMSttA9G,Campaign,003vQ4TTrgSzSH3IL3,Contact
00TeD1sYpP2VL9GULV,Review requirements,Waiting on someone else,Low,2025-02-19,Call,Synthetic follow-up activity for CRM workflow testing.,2023-10-07T15:48:59Z,0,001GbztdrMfr2gJYIG,Account,003plVd4vJoJbCjYVJ,Contact
00TFrdqdbEbqGIeE4L,Send workshop summary,Waiting on someone else,Normal,2023-11-19,Call,Synthetic follow-up activity for CRM workflow testing.,2021-11-29T18:51:05Z,0,720yXQtdc9XGf19IEM,Opportunity,003GweaslhRRyCLI5I,Contact
00Tcm2A2n8G4JWdMX3,Prepare proposal,Not Started,High,2025-06-15,Call,Synthetic follow-up activity for CRM workflow testing.,2024-12-18T20:01:30Z,0,800c6BRUBx43sUQYKZ,Contract,003WndbV6wgUMEJQFL,Contact
00TLR2hcDCQh8clERQ,Review requirements,Not Started,Low,2025-11-29,Call,Synthetic follow-up activity for CRM workflow testing.,2025-11-15T15:15:30Z,0,,,003NMoHLkDWagobAIJ,Contact
00TYZFSBI6HRqeBUMM,Review requirements,Not Started,Low,2025-05-29,Other,Synthetic follow-up activity for CRM workflow testing.,2024-12-09T19:45:21Z,0,001qP46mGWsPnuOQ5R,Account,003HWQXyBT2LZAIIEP,Contact
00TT2YnTWnqI2GiMSI,Prepare proposal,Waiting on someone else,Low,2026-06-01,Call,Synthetic follow-up activity for CRM workflow testing.,2025-08-20T18:02:39Z,0,02i1R3pULqDvgwXQO9,Asset,0036ewYutDgEhRaY0N,Contact
00TgaBuQCSGBRogMRG,Send workshop summary,Deferred,High,2022-10-17,Email,Synthetic follow-up activity for CRM workflow testing.,2026-02-18T19:14:20Z,0,500Qy6IqUJFcqenQHT,Case,003FQ9ftBps0FU6AJH,Contact
00TJjZlLvfhJTGTUHL,Send workshop summary,Waiting on someone else,High,2024-04-15,Email,Synthetic follow-up activity for CRM workflow testing.,2022-11-12T19:10:45Z,0,021eKdhMYbzXcloIFK,Opportunity,003rXK1SzUZaKFUYFN,Contact
00TMZK6djL41XB6ELJ,Send workshop summary,Waiting on someone else,Normal,2024-08-05,Call,Synthetic follow-up activity for CRM workflow testing.,2025-08-27T13:20:05Z,0,,,00QrdBDcxlV7PBP2KA,Lead
00T5xeyyuAOBGr4MPM,Follow up,Waiting on someone else,High,2024-09-03,Call,Synthetic follow-up activity for CRM workflow testing.,2022-07-29T00:47:20Z,0,500JMQN9tofZiKdYGX,Case,00QZmOo1mqIUHITEJS,Lead
00TfwN0h0TQxwvHEWZ,Send workshop summary,Deferred,Low,2025-11-19,Call,Synthetic follow-up activity for CRM workflow testing.,2023-10-27T13:35:16Z,0,51tfA8ZEmE4BtVvAE8,Opportunity,,
00T9OyrCisEFTbuEZ8,Prepare proposal,Deferred,High,2026-06-14,Email,Synthetic follow-up activity for CRM workflow testing.,2025-01-25T16:19:01Z,0,511p7RfkmBgbBjSYVR,Order,,
00TMhFUuX4juBfUUXZ,Send workshop summary,Completed,High,2026-06-28,Call,Synthetic follow-up activity for CRM workflow testing.,2023-03-27T01:44:49Z,1,701i2j2Ro2oGSq7QE2,Campaign,0039ldFG08cbPoeY3V,Contact
00Tv179OzntCb3W23X,Review requirements,In Progress,High,2024-04-17,Call,Synthetic follow-up activity for CRM workflow testing.,2021-06-05T18:14:12Z,0,52trC9q4k0rZZPwASJ,Opportunity,00QoV7fwRsjR2LFEQ8,Lead
00Tltt03HVNnTMB2GF,Send workshop summary,Completed,Low,2026-07-02,Email,Synthetic follow-up activity for CRM workflow testing.,2021-03-05T19:24:17Z,1,810ts46fmKDZIW9Y0M,Opportunity,003h2HSFyhUtjZzA14,Contact
00TSZsTL0AN9zFz23R,Prepare proposal,In Progress,Normal,2024-07-31,Call,Synthetic follow-up activity for CRM workflow testing.,2026-06-05T00:46:36Z,0,,,003QFSmcv9b17NYE13,Lead
00Tj9FpDHUDfLc826D,Review requirements,Completed,Normal,2026-09-06,Call,Synthetic follow-up activity for CRM workflow testing.,2021-08-16T23:48:09Z,1,80ig0h44cCZ9guhILV,Opportunity,,
00TuvyT7p15zCTbM36,Review requirements,In Progress,Normal,2023-01-19,Email,Synthetic follow-up activity for CRM workflow testing.,2021-09-01T12:43:19Z,0,500KDrfEhfjA3A2I5A,Case,003Lwk67BtSWKB4ICU,Contact
00TNhAd0bFPNNC5UCV,Prepare proposal,Not Started,Low,2023-12-15,Email,Synthetic follow-up activity for CRM workflow testing.,2022-08-11T20:30:02Z,0,701baEWnGlBqdzhA9Z,Campaign,00QFybcF8iRvoNy28A,Lead
00TngJQ1SCyug8eU8I,Prepare proposal,In Progress,High,2022-09-17,Other,Synthetic follow-up activity for CRM workflow testing.,2021-09-26T11:35:27Z,0,001ILvT4IDtyUZiY3D,Account,00QFb8mFcC9faeTFMU,Lead
00Thgr6p78pmgGo20Q,Prepare proposal,Deferred,Low,2021-02-04,Email,Synthetic follow-up activity for CRM workflow testing.,2023-11-27T00:53:26Z,0,816w3x3e88STxUPYSA,Opportunity,0039HqdA25qDPmIIZ3,Contact
00Ty7dUXxcRyRcFEEP,Prepare proposal,Not Started,Low,2024-12-16,Email,Synthetic follow-up activity for CRM workflow testing.,2024-09-25T20:33:43Z,0,001GbztdrMfr2gJYIG,Account,003dJc5crNAzt7eYU5,Contact
00TuqidEDcCaDJC2SR,Prepare proposal,Not Started,High,2026-04-20,Email,Synthetic follow-up activity for CRM workflow testing.,2022-11-03T13:52:16Z,0,7017OD7USLqvwTSQ40,Campaign,003DmIhesMxMxM7IHY,Contact
00TEoSEWpNlDY3C2DP,Review requirements,In Progress,High,2024-11-13,Email,Synthetic follow-up activity for CRM workflow testing.,2025-03-15T21:55:31Z,0,7107w2YsFXTaBbMYJI,Opportunity,003LDbBrYoGzhe2IYA,Contact
00TtI4FDDQSni0JE1D,Review requirements,Completed,Normal,2022-11-20,Other,Synthetic follow-up activity for CRM workflow testing.,2021-02-02T12:29:38Z,1,001CQsu3nn5gAVpQ7B,Account,003JLliZnGL5ZqZIJ6,Contact
00TRLrwxnVgklR7EYA,Follow up,Waiting on someone else,Low,2023-01-03,Call,Synthetic follow-up activity for CRM workflow testing.,2024-08-03T23:04:19Z,0,0018haifivYezP7QUH,Account,,
00TRUERhDAJVwPyUUE,Prepare proposal,In Progress,Low,2023-05-10,Call,Synthetic follow-up activity for CRM workflow testing.,2021-12-08T13:17:37Z,0,001Ts4G5LvwmAxUY42,Account,,
00TH7gnj9BOQMbP2MD,Prepare proposal,Not Started,Normal,2026-04-05,Other,Synthetic follow-up activity for CRM workflow testing.,2024-04-27T18:57:31Z,0,001Y94eVbSCMZThYRA,Account,00Q4xT91YEDMMQkE05,Lead
00TuvE1tXfG7q9bUMN,Review requirements,In Progress,High,2025-06-16,Call,Synthetic follow-up activity for CRM workflow testing.,2024-08-05T04:57:43Z,0,701AUDOzK5kG0AQQW3,Campaign,,
00TPpatn4I3TPtgUNE,Send workshop summary,Waiting on someone else,High,2024-09-10,Email,Synthetic follow-up activity for CRM workflow testing.,2023-02-02T14:53:50Z,0,001Rc1LJzjoerNoYJJ,Account,003iUnQWCcRw0K5QTM,Contact
00T7iHeTciORLv4M51,Review requirements,Waiting on someone else,Low,2025-05-27,Other,Synthetic follow-up activity for CRM workflow testing.,2024-08-17T03:25:59Z,0,02iGTMAI6rZRezhIVD,Asset,003KbhyQIJhcY5vI43,Contact
00TQqkGzdkz8xehEP7,Follow up,In Progress,High,2021-02-21,Email,Synthetic follow-up activity for CRM workflow testing.,2023-11-21T05:14:07Z,0,001Incobp7HHs7MAA7,Account,00QNRG2E8QtAK6nUH4,Lead
00TLFfXIDjvt5h32AG,Follow up,Waiting on someone else,Normal,2023-09-28,Call,Synthetic follow-up activity for CRM workflow testing.,2025-03-20T18:23:17Z,0,516CTNDrn4MyR19AT9,Opportunity,0034zSxLgVmoVOHI64,Contact
00T8AJTXRQa45IvMXF,Prepare proposal,Waiting on someone else,High,2023-09-02,Call,Synthetic follow-up activity for CRM workflow testing.,2023-05-03T08:37:36Z,0,,,00QgUGsr1qPl7HbMCL,Lead
00T9kX9FCIJPlOvU43,Send workshop summary,In Progress,Normal,2023-02-23,Other,Synthetic follow-up activity for CRM workflow testing.,2025-02-11T09:54:23Z,0,,,003XbrEdLOM2NSFAD3,Contact
00TKFwSM7n0FWcIEXX,Follow up,Not Started,Low,2025-05-18,Other,Synthetic follow-up activity for CRM workflow testing.,2023-07-27T15:05:00Z,0,51iauodXi8yLeTkQJF,Opportunity,003rn9LQyie8Bi9QKZ,Contact
00T20H4PtKaCpAPUWB,Follow up,Deferred,Low,2022-09-27,Call,Synthetic follow-up activity for CRM workflow testing.,2021-02-07T03:27:32Z,0,500A5ZOUTr6H8cVIZY,Case,003SCzJSSK6msjoI1S,Contact
00TP8XaQcxZwOMXUQ7,Follow up,In Progress,Low,2023-04-16,Other,Synthetic follow-up activity for CRM workflow testing.,2023-02-11T17:14:33Z,0,7016crDLINhcuvpAZH,Campaign,0030frhZtPJhLZwQAT,Contact
00TNjrujWomHgWyUHO,Review requirements,Waiting on someone else,Normal,2023-09-12,Call,Synthetic follow-up activity for CRM workflow testing.,2021-11-29T06:32:26Z,0,001wXq5LbckG7u9AEU,Account,003tg75f77ILFFoADI,Contact
00T47Xsu9pPWUHzEDE,Prepare proposal,Completed,Low,2023-10-15,Call,Synthetic follow-up activity for CRM workflow testing.,2024-08-28T22:27:53Z,1,,,003Ibhbg2TpDVscHOT,Lead
00T2Hibvuxsk3VREFH,Review requirements,Not Started,High,2024-04-11,Other,Synthetic follow-up activity for CRM workflow testing.,2025-01-13T22:29:37Z,0,02iR5sxUo51E977ABF,Asset,00QnOKrwhzvbIXv2V3,Lead
00Tl8XUfgm9QUaJM73,Follow up,Completed,Low,2024-08-16,Email,Synthetic follow-up activity for CRM workflow testing.,2025-05-10T21:36:50Z,1,51tB6jq7uWCBasGQN3,Opportunity,003cWUYjziFUXOoIW9,Contact
00TxB4AVcZvL6ZRECU,Send workshop summary,Waiting on someone else,High,2026-06-30,Call,Synthetic follow-up activity for CRM workflow testing.,2024-10-08T01:52:56Z,0,001qD5B1fJ8KUKBIVO,Account,,
00T5xE6ixUBRoJ52MV,Send workshop summary,Completed,Low,2025-06-11,Email,Synthetic follow-up activity for CRM workflow testing.,2024-11-05T21:26:06Z,1,70iEKKsvpW0SHkqQH8,Opportunity,003idhGDkUxRGS2AJB,Contact
00TcaBcxVnluqDvE67,Follow up,Deferred,Normal,2023-09-23,Email,Synthetic follow-up activity for CRM workflow testing.,2025-06-26T00:06:21Z,0,001GvUdh6yZWB0wIIH,Account,003rTm7hZj8JtoNQBV,Contact
00TY9vSoeziSZ4vUDZ,Review requirements,Waiting on someone else,Low,2022-07-02,Other,Synthetic follow-up activity for CRM workflow testing.,2022-07-08T21:41:12Z,0,026FFY5OeiKBXtzYT8,Opportunity,,
00Tvvouu3e5RkFzUCS,Prepare proposal,Not Started,High,2025-04-02,Other,Synthetic follow-up activity for CRM workflow testing.,2024-03-12T03:13:02Z,0,02i0kP2wtatDnB5IT8,Asset,00Q35h4eBLUg4UXMMK,Lead
00TYelZMcyU2rYhUV5,Send workshop summary,In Progress,Low,2025-11-05,Email,Synthetic follow-up activity for CRM workflow testing.,2021-03-17T11:43:05Z,0,,,00QUjVseiiqxrtFUFA,Lead
00TUgt3mtNKeULhUI1,Review requirements,Waiting on someone else,Normal,2024-03-12,Call,Synthetic follow-up activity for CRM workflow testing.,2026-05-01T09:51:37Z,0,001OPKDJQJag0BvIDS,Account,,
00THKeWFlzKm4qK28C,Prepare proposal,Completed,Low,2022-12-19,Email,Synthetic follow-up activity for CRM workflow testing.,2022-02-24T18:46:14Z,1,500tx3cFL3UEFT6AKA,Case,003gGNEby1fXhnOYTU,Contact
00T1NkOacxdqOG02B0,Review requirements,Not Started,Normal,2023-08-11,Email,Synthetic follow-up activity for CRM workflow testing.,2022-11-29T10:06:40Z,0,700AZ5Efb7g1SiiYI7,Opportunity,003o1twgPhDKJpDA65,Contact
00T8R7LWjll8jgtEYU,Follow up,Waiting on someone else,High,2021-07-22,Other,Synthetic follow-up activity for CRM workflow testing.,2022-06-13T23:35:12Z,0,701qSlEpW8tT5lJI6V,Campaign,0032d55Lu3aGP4UY02,Contact
00TUQHCgJ1CjA312NC,Review requirements,In Progress,High,2023-05-25,Other,Synthetic follow-up activity for CRM workflow testing.,2026-03-19T18:27:24Z,0,,,003Xf90o9Yz48XaQFE,Contact
00TpkE1opWdjxFB2K6,Send workshop summary,Completed,High,2021-08-09,Other,Synthetic follow-up activity for CRM workflow testing.,2024-07-04T13:44:27Z,1,001ckBA83DHLBWZQQX,Account,0034EVtFHrdogVcQRN,Contact
00T0mGYawt2t3EjEFY,Prepare proposal,Waiting on someone else,Normal,2022-03-24,Call,Synthetic follow-up activity for CRM workflow testing.,2022-09-07T19:25:20Z,0,001U2E3Mrt3KZlKQE7,Account,003QcJzJHpRN9DHILH,Contact
00TbM8tMcvty4I9U5D,Send workshop summary,Not Started,Normal,2024-10-16,Call,Synthetic follow-up activity for CRM workflow testing.,2021-07-24T06:09:02Z,0,00134kztbICJD2tYCZ,Account,003TeKUaLxb9fsDI3M,Contact
00Ts9lNCiXbD9XaM9L,Follow up,Waiting on someone else,Low,2025-03-03,Other,Synthetic follow-up activity for CRM workflow testing.,2021-02-25T22:11:33Z,0,001BH0vNAlwEWFXALI,Account,003MrOyeJlczlEjQEN,Contact
00TfgN60q1ARfY0UYL,Review requirements,Waiting on someone else,High,2025-01-31,Email,Synthetic follow-up activity for CRM workflow testing.,2025-11-05T23:30:46Z,0,001oTVBgpJb5kxRYJO,Account,,
00T7o6JQZp33zu8UCO,Follow up,Waiting on someone else,High,2021-03-31,Call,Synthetic follow-up activity for CRM workflow testing.,2026-03-10T08:08:03Z,0,500HtaMrRgbq914QY9,Case,0034bSNcvxaJOubIRN,Contact
00TvDsFaj3XdwjQEUF,Review requirements,Not Started,Low,2025-02-15,Email,Synthetic follow-up activity for CRM workflow testing.,2022-01-02T14:24:20Z,0,701AUP2DWX9vWyrQNF,Campaign,003kcsyj2Z2Oh2IQUI,Contact
00Tilpyd1yYVNWe2K6,Prepare proposal,In Progress,Normal,2026-04-10,Call,Synthetic follow-up activity for CRM workflow testing.,2026-04-01T16:25:18Z,0,5000naMMQPzbBnVI42,Case,003A6QRPAj6fxpNQST,Contact
00TAtaOz6OJa6VeMMZ,Prepare proposal,Waiting on someone else,Normal,2023-01-20,Other,Synthetic follow-up activity for CRM workflow testing.,2025-04-08T14:56:50Z,0,001JM45YOxOPMdeQIO,Account,003lnLGBRaQPFvjQG3,Contact
00T7IMt94KF5QJ6MX2,Review requirements,Not Started,Normal,2023-11-13,Email,Synthetic follow-up activity for CRM workflow testing.,2024-01-19T05:14:46Z,0,,,001Ss8BCePpccqOF7K,Lead
00TcYHyGgTKPO3025B,Send workshop summary,Not Started,Low,2022-08-27,Other,Synthetic follow-up activity for CRM workflow testing.,2023-06-09T22:16:34Z,0,0017rl4CBbT95B0YG7,Account,0037NqTBwWjr1kjA00,Contact
00T5zPWd7LsSfrXUY9,Prepare proposal,In Progress,High,2026-01-10,Email,Synthetic follow-up activity for CRM workflow testing.,2025-08-30T04:00:33Z,0,02i80jLgI2Xei8EYV8,Asset,003SEr5kv6qLws1Q0Z,Contact
00TztANCBquQX2YUI2,Prepare proposal,Completed,Low,2023-08-05,Call,Synthetic follow-up activity for CRM workflow testing.,2021-01-31T10:02:28Z,1,520LYGKOvaoDQUHYL8,Opportunity,003HQXKSm7Z4V96AEQ,Contact
00TwfhaI6btL18gMA9,Review requirements,In Progress,High,2021-12-01,Email,Synthetic follow-up activity for CRM workflow testing.,2025-01-21T07:42:22Z,0,001Ivp9E6TmWQvuQ35,Account,003DzsGx5Fq1lXTIVL,Contact
00Td6eLCO0kNJhnEFG,Follow up,Not Started,Low,2021-05-05,Email,Synthetic follow-up activity for CRM workflow testing.,2022-07-02T11:54:32Z,0,0018wiQDxKxpFvLYGU,Account,0034NLRXc49Mr8gYJA,Contact
00TKTO4fmZLDRkz2LC,Prepare proposal,Completed,Normal,2026-02-12,Email,Synthetic follow-up activity for CRM workflow testing.,2022-12-10T04:09:37Z,1,500A4czPWulz2tYQ6S,Case,,
00TjyYsypA30C0p2BB,Review requirements,Not Started,High,2022-08-26,Other,Synthetic follow-up activity for CRM workflow testing.,2021-08-09T19:19:30Z,0,5218kDGtvyPxwpRAE4,Opportunity,003vfxo5FjdBEEDQJV,Contact
00TZeGNCdZQfXzsE68,Follow up,Waiting on someone else,Low,2024-04-19,Email,Synthetic follow-up activity for CRM workflow testing.,2025-09-02T03:56:14Z,0,500DeDhrKk9DUtTYGB,Case,,
00TmsLYl0IPqBNpEE5,Send workshop summary,Not Started,Normal,2022-07-05,Other,Synthetic follow-up activity for CRM workflow testing.,2026-03-28T02:08:50Z,0,001pUY9CVMaLCa4YQV,Account,,
00TzE6pNaXl5anGUA8,Follow up,Waiting on someone else,Low,2023-09-04,Email,Synthetic follow-up activity for CRM workflow testing.,2021-12-19T15:29:34Z,0,001h3qGmTCLTLLkQZJ,Account,001NhyJtP6xhp7RZHO,Lead
00TKNomZNgfg9mj2FH,Prepare proposal,Deferred,Normal,2022-10-25,Other,Synthetic follow-up activity for CRM workflow testing.,2026-05-24T12:37:21Z,0,001Mpyhcy0YjCuyQPK,Account,003BWjAPrAVIkmPAUL,Contact
00Tev6djvbHe9yQ23C,Review requirements,Waiting on someone else,Normal,2025-09-04,Email,Synthetic follow-up activity for CRM workflow testing.,2022-09-03T09:47:44Z,0,001zBr7D0amNm8PY72,Account,003D2L3UNfBXw3mAVU,Contact
00TUrYgO7NQV4jC2WC,Prepare proposal,Completed,Normal,2023-06-19,Email,Synthetic follow-up activity for CRM workflow testing.,2022-05-27T12:17:48Z,1,500eCkmJvZHa8lYIZJ,Case,0034U3thFskqOX8IGI,Contact
00Tvs8kEZOV3I9OMQ7,Send workshop summary,Completed,Normal,2021-06-30,Call,Synthetic follow-up activity for CRM workflow testing.,2022-03-07T16:25:40Z,1,701R6fz0H7ZafwQI8S,Campaign,003mvVQdkNBgEFkA0U,Contact
00TxuXEONEsrA4hUFS,Review requirements,Waiting on someone else,Normal,2026-09-21,Call,Synthetic follow-up activity for CRM workflow testing.,2022-08-23T03:37:11Z,0,500wrP3FKWu1E6MYGA,Case,003o9UZEDhfqPufYGG,Contact
00TFXdfAbzT1imgENL,Prepare proposal,Waiting on someone else,Low,2024-04-08,Other,Synthetic follow-up activity for CRM workflow testing.,2025-07-29T04:58:19Z,0,5066pzgBEFe1MgMYXY,Opportunity,00QRFPTahmzFj8JUTQ,Lead
00TELKTN3BrJfwvU9J,Review requirements,Deferred,High,2023-11-22,Call,Synthetic follow-up activity for CRM workflow testing.,2023-10-26T15:28:59Z,0,001tqRaHFT1utFgIDH,Account,,
00Tmc7uxpXYyHa1EWT,Follow up,Not Started,High,2021-12-20,Call,Synthetic follow-up activity for CRM workflow testing.,2024-06-16T19:24:25Z,0,0012Sv7fgBrqn2tAX8,Account,003tg75f77ILFFoADI,Contact
00ToLHrkL5kQflvM6T,Send workshop summary,In Progress,Low,2025-03-04,Other,Synthetic follow-up activity for CRM workflow testing.,2024-08-29T04:03:16Z,0,801oPyEiZkXGotKIXJ,Order,0039xpQOmpynXbwAUX,Contact
00TMv28mMraJnbIUV3,Send workshop summary,Deferred,Normal,2021-06-21,Email,Synthetic follow-up activity for CRM workflow testing.,2023-06-28T00:46:30Z,0,0014WYoiYbOMlUgQDX,Account,003mJJARZUqZqP5Y2C,Contact
00Ts6KUG3BHB0YeUAI,Review requirements,Completed,Low,2024-08-07,Call,Synthetic follow-up activity for CRM workflow testing.,2023-11-03T06:02:02Z,1,816wh1KMDhi7Fd9QP3,Opportunity,,
00TyFBrhSiulxOtMP3,Send workshop summary,Completed,Low,2024-03-04,Email,Synthetic follow-up activity for CRM workflow testing.,2024-11-19T15:28:12Z,1,800umqU9rL9AwDHYLO,Contract,0030LfI9bdZF3eQINR,Contact
00TzjmnrzXFTqzP22F,Send workshop summary,Waiting on someone else,Normal,2025-05-10,Email,Synthetic follow-up activity for CRM workflow testing.,2023-07-18T13:38:10Z,0,50tf4CWYq6976H4IP3,Opportunity,0032JMj0nM8q7ONY8A,Contact
00T2GWvqY6PROKTE2A,Prepare proposal,In Progress,High,2026-06-12,Email,Synthetic follow-up activity for CRM workflow testing.,2025-06-20T08:00:40Z,0,001Hbp8pEhElgRqIO2,Account,00Qzi7rOmoHM92gUV5,Lead
00T9YnsuOMv6rfnUGR,Prepare proposal,Deferred,Normal,2022-11-25,Call,Synthetic follow-up activity for CRM workflow testing.,2023-08-03T06:38:41Z,0,816w3x3e88STxUPYSA,Opportunity,,
00ThJ75oZjnfIUs22S,Send workshop summary,Not Started,Normal,2026-03-18,Call,Synthetic follow-up activity for CRM workflow testing.,2024-09-15T22:15:18Z,0,510sLRGTwjg2UWuQRF,Opportunity,0032DjvAUIKhn8RIQI,Contact
00TOWpwOw6eZPSF2L7,Follow up,Not Started,Normal,2023-06-08,Call,Synthetic follow-up activity for CRM workflow testing.,2022-04-19T14:40:04Z,0,001zDxxuW7kQ4BrAGJ,Account,003Pb89KV8XsE6tAP2,Contact
00TUnPY3KaSJs2OE7S,Send workshop summary,In Progress,High,2024-04-29,Email,Synthetic follow-up activity for CRM workflow testing.,2024-03-13T02:01:59Z,0,5061EOOkyR9jRgBIJ8,Opportunity,003i6XJ36Xc1DSjQ8W,Contact
00T5IvHCm26oH1uUW1,Follow up,Not Started,Normal,2023-10-26,Email,Synthetic follow-up activity for CRM workflow testing.,2024-01-09T01:53:18Z,0,001g2MhymLdN59YQJG,Account,0031Q3Evc7Xc9rbQI3,Contact
00TtKjL5JgfIjxoUKJ,Follow up,In Progress,Normal,2025-10-31,Call,Synthetic follow-up activity for CRM workflow testing.,2026-02-13T10:27:00Z,0,,,003GweaslhRRyCLI5I,Contact
00T8JkmqJfJf3I427X,Review requirements,Deferred,High,2026-02-09,Other,Synthetic follow-up activity for CRM workflow testing.,2022-12-19T04:30:37Z,0,500e5TqEY2dT1qyQWP,Case,0033QS3LikQqXBuIUW,Contact
00Tp04P4z520bxT26Z,Send workshop summary,In Progress,Low,2026-08-05,Call,Synthetic follow-up activity for CRM workflow testing.,2022-05-11T23:28:33Z,0,810y0lH3OXxqWsFIJT,Opportunity,003GoxKt2kxvt2uQJH,Contact
00TC5rQ5jUyM6m6UU5,Review requirements,Waiting on someone else,Normal,2026-06-07,Email,Synthetic follow-up activity for CRM workflow testing.,2025-04-16T22:28:49Z,0,500yM8uUmQMDnjwIGB,Case,,
00TCAwotgfQUnBK2R1,Review requirements,In Progress,High,2025-08-10,Call,Synthetic follow-up activity for CRM workflow testing.,2024-10-08T13:03:26Z,0,721L9PVNy9jMezEQVX,Opportunity,,
00TaXdira96FmZ4EEF,Review requirements,Not Started,Low,2026-01-20,Other,Synthetic follow-up activity for CRM workflow testing.,2023-11-02T08:40:42Z,0,011EaMcsl7WkDv4YXK,Order,0031zBg6AMIS6xMQMH,Contact
00TfUKh4ETmad12UIH,Review requirements,Deferred,Low,2025-02-22,Call,Synthetic follow-up activity for CRM workflow testing.,2021-03-30T00:39:01Z,0,001yGC8xttQVvNRYNT,Account,003fHZG7YoVT0IdAH1,Contact
00TcBBREeP8JYjKUEQ,Prepare proposal,Waiting on someone else,Normal,2023-07-06,Other,Synthetic follow-up activity for CRM workflow testing.,2026-03-27T10:30:30Z,0,02inTsPnNxAUT5JQN2,Asset,003oOBOvrWV3r2WA8W,Contact
00Taj0jgCQb1DsU2K5,Review requirements,Not Started,High,2024-09-29,Email,Synthetic follow-up activity for CRM workflow testing.,2022-03-06T10:08:52Z,0,006MpWBGoNhmLKWYMH,Opportunity,005v59Ac1LDtASn9C0,Lead
00TfDa3dlKSCfrZ2ER,Follow up,Completed,High,2021-09-17,Call,Synthetic follow-up activity for CRM workflow testing.,2024-02-27T18:49:44Z,1,0016aFsydu36rL2Y22,Account,00QKq3McHmbv2EJ2QM,Lead
00TgpueY9qtKQgeUPE,Prepare proposal,In Progress,High,2022-05-24,Other,Synthetic follow-up activity for CRM workflow testing.,2023-08-09T23:27:43Z,0,70tgFgk04tdi6gGAPV,Opportunity,003hzvSfhLntALrY81,Contact
00TDwSH3hfqLAqR2FH,Review requirements,In Progress,High,2021-12-16,Email,Synthetic follow-up activity for CRM workflow testing.,2024-04-13T14:00:09Z,0,001JcZQ7uhRMVxxILW,Account,0034zSxLgVmoVOHI64,Contact
00T2RCJt4bms50eMZ3,Send workshop summary,Deferred,High,2021-12-18,Call,Synthetic follow-up activity for CRM workflow testing.,2024-10-03T19:50:06Z,0,02iaPUJzUswnkI6A5L,Asset,0032hTOJ5XIfStEAUG,Lead
00TpFmJVRGh9mL1EMI,Review requirements,In Progress,High,2023-01-24,Email,Synthetic follow-up activity for CRM workflow testing.,2025-07-27T14:49:58Z,0,,,003YNoe4eDPx1jzIUC,Contact
00TgoYmbWDhqdoEM08,Prepare proposal,In Progress,Normal,2024-08-08,Call,Synthetic follow-up activity for CRM workflow testing.,2022-03-08T10:07:44Z,0,001R0OuIWPEowdMYT2,Account,,
00TeAYFsxRI0UOUE8A,Send workshop summary,Not Started,Low,2022-06-29,Email,Synthetic follow-up activity for CRM workflow testing.,2021-07-14T08:30:27Z,0,001vYy7997Ekj5pAHO,Account,003jPpwwDoAri1LIRC,Contact
00TcXSlUj7djQA6MQP,Review requirements,Deferred,Normal,2021-03-23,Call,Synthetic follow-up activity for CRM workflow testing.,2022-12-06T09:08:02Z,0,001aRI7kJhlvTf0QY9,Account,003uJwtjEr9zwIHQ67,Contact
00TO4A3DICJ5rQR284,Send workshop summary,Waiting on someone else,Normal,2026-03-09,Call,Synthetic follow-up activity for CRM workflow testing.,2022-03-31T02:01:07Z,0,001hgdJHI7bDrNzIKJ,Account,003PjOdPb3SIRUrQQT,Contact
00TBzSTWjwURHrPEBK,Review requirements,Waiting on someone else,High,2021-04-25,Email,Synthetic follow-up activity for CRM workflow testing.,2025-01-09T10:02:26Z,0,521FiKnX1ihmKBmIQQ,Opportunity,,
00TBVVfRjd2azkpU0I,Follow up,Completed,High,2023-01-01,Email,Synthetic follow-up activity for CRM workflow testing.,2022-06-17T06:09:24Z,1,0064YSqu2p4Tof7Y6X,Opportunity,003h5OqMJqaaRmmIQ8,Contact
00TtyLxfiKX5l7SMWL,Review requirements,Not Started,Low,2023-12-06,Email,Synthetic follow-up activity for CRM workflow testing.,2024-01-03T05:08:25Z,0,511VHg0pbxkr9bRQ1X,Opportunity,003GweaslhRRyCLI5I,Contact
00TH2ednDlZqg5MEDZ,Follow up,Not Started,High,2022-02-21,Other,Synthetic follow-up activity for CRM workflow testing.,2025-01-05T18:02:47Z,0,501XZ94f9Gshb4CASW,Opportunity,,
00TaMrQisIuBaw2MUD,Send workshop summary,Deferred,High,2022-08-24,Call,Synthetic follow-up activity for CRM workflow testing.,2022-08-09T23:49:37Z,0,02i307POpoGVraCYDU,Asset,003ahBVJMXU6GMJIVW,Contact
00T1FldqnO33kDf2DP,Prepare proposal,In Progress,Low,2024-08-02,Other,Synthetic follow-up activity for CRM workflow testing.,2026-02-16T11:06:18Z,0,001Ou3cLagv7VIiQYI,Opportunity,003EDWvVYj5gAejIMY,Contact
00TuBiTe9FhhAOfER4,Send workshop summary,Not Started,High,2024-04-06,Call,Synthetic follow-up activity for CRM workflow testing.,2023-02-19T04:56:46Z,0,02i6n19H5pnNiEJQ3P,Asset,00QtL9bWBVNmzmqM2L,Lead
00Tz53Hxhmn8eplETQ,Follow up,Completed,Normal,2021-02-24,Email,Synthetic follow-up activity for CRM workflow testing.,2024-02-02T19:52:40Z,1,8007ObcJeKjfXoFI07,Contract,003g8C7MPRmlNHTYYN,Contact
00TMGU4tX2VFBmGM0S,Follow up,Not Started,Normal,2023-10-20,Call,Synthetic follow-up activity for CRM workflow testing.,2022-11-05T18:22:19Z,0,500WwhEqgNdIZhZIZ9,Case,00QXW1Kd89TZvi4225,Lead
00TviBuFzujogF82JE,Follow up,Deferred,High,2023-07-17,Call,Synthetic follow-up activity for CRM workflow testing.,2022-10-15T08:34:59Z,0,01tfdIGGuNBWWCKI1L,Product2,003W4DKHKXcD4DQQF7,Contact
00TMF5PMPbYKLgMMMT,Prepare proposal,Waiting on someone else,Low,2023-03-15,Email,Synthetic follow-up activity for CRM workflow testing.,2025-04-25T07:07:07Z,0,701JAQrUVjwb0lkIRC,Campaign,00Qst2eHSgkRpqz2FV,Lead
00TAEBthV2spTnpM5M,Review requirements,Not Started,Normal,2023-12-13,Email,Synthetic follow-up activity for CRM workflow testing.,2024-03-05T04:02:37Z,0,001t1tQX1aEupiNQXE,Account,003iCPqm24S6ofqAV0,Contact
00T8iEi4bVZUGeTML6,Review requirements,Not Started,High,2024-06-15,Other,Synthetic follow-up activity for CRM workflow testing.,2023-02-11T19:32:16Z,0,52twUqMYL1d6Ai8AH2,Opportunity,003VZ9hJXxjtGw3QAM,Contact
00TwK1PONnEfneTMTZ,Send workshop summary,Waiting on someone else,Low,2025-05-02,Email,Synthetic follow-up activity for CRM workflow testing.,2022-07-10T01:08:06Z,0,,,,
00TpH2iE6BUOYdcU0X,Follow up,Deferred,High,2026-06-19,Other,Synthetic follow-up activity for CRM workflow testing.,2021-10-18T17:21:34Z,0,52iDBZrSaR6YAuLAJY,Opportunity,003V36CaJrk07gQA07,Contact
00Tn48MCLLUM1VfM9A,Send workshop summary,Not Started,Normal,2022-09-28,Other,Synthetic follow-up activity for CRM workflow testing.,2023-04-26T06:02:01Z,0,801kIS3sfnlnohLYXB,Order,,
00THUqLfv5rWCnqMJI,Send workshop summary,Not Started,Low,2025-07-26,Other,Synthetic follow-up activity for CRM workflow testing.,2024-04-15T02:45:10Z,0,00tnwkWac5inb0BQGB,Opportunity,003XCSqIckOHn4lIIS,Contact
00TrSufqwMhLwqZ2K5,Review requirements,Waiting on someone else,High,2021-10-07,Email,Synthetic follow-up activity for CRM workflow testing.,2026-02-23T11:19:38Z,0,500F5HG7TvzuS82ARR,Case,003kzTeWiTEDz4SIFS,Contact
00TXeRQ5jPYjfgW2Y2,Follow up,In Progress,Low,2023-08-25,Email,Synthetic follow-up activity for CRM workflow testing.,2021-08-03T09:04:42Z,0,02id4uv8fgtHEdBIOE,Asset,00QBMnC2PHk2fmwE61,Lead
00T0iLTtYMV7hJOMU0,Follow up,Deferred,High,2025-05-27,Call,Synthetic follow-up activity for CRM workflow testing.,2021-02-21T07:00:06Z,0,7019KuFdn10ijGjI2P,Campaign,003koWoclygPITyIKQ,Contact
00TwB5OnSN9PZNM2MH,Prepare proposal,Deferred,Low,2023-10-08,Email,Synthetic follow-up activity for CRM workflow testing.,2024-06-19T04:25:33Z,0,001ViLIuvoOkEvIYR2,Account,0038LGZLvsEDrffAG2,Contact
00TaG1fIztWtCXp2J1,Follow up,Not Started,High,2024-12-24,Other,Synthetic follow-up activity for CRM workflow testing.,2023-06-20T20:00:43Z,0,02iF8NtvRscs4EMQU2,Asset,003x8fjgq3Azg0PQN3,Contact
00TyYBRZAc7bHgDMKK,Send workshop summary,Waiting on someone else,High,2026-02-08,Call,Synthetic follow-up activity for CRM workflow testing.,2023-11-05T02:38:54Z,0,500cfYlerRsKJ5aYD5,Case,003OLihz2AMqMbpQ43,Contact
00Teuj5z6aS4yWfUWQ,Review requirements,Not Started,High,2022-09-10,Call,Synthetic follow-up activity for CRM workflow testing.,2024-01-27T10:20:56Z,0,500SYw6JMuo34mTQ3S,Case,003GfMkMdyHHAVZFHG,Lead
00T9ncGZ2enQp5yMHH,Review requirements,Deferred,Low,2026-03-26,Other,Synthetic follow-up activity for CRM workflow testing.,2021-01-11T21:49:07Z,0,70trphiT60GMX0jQVT,Opportunity,,
00T9r5zSeYW22fDMLA,Send workshop summary,Deferred,Low,2022-11-02,Call,Synthetic follow-up activity for CRM workflow testing.,2022-05-16T10:45:55Z,0,001nyKCWKQ4K1MEQBJ,Account,003yZ109lzITybEAHN,Contact
00TJjYJ4LwFBh6XEWT,Follow up,Waiting on someone else,Normal,2025-11-10,Email,Synthetic follow-up activity for CRM workflow testing.,2022-03-01T06:29:03Z,0,,,00QOLHAcI6p9gAOEVV,Lead
00TnxYfNZadgKjXEJ1,Send workshop summary,In Progress,Normal,2023-10-09,Other,Synthetic follow-up activity for CRM workflow testing.,2024-06-27T03:26:11Z,0,800Cp0mYzGhVsmxQQH,Contract,003XEACuOawdiiVA7I,Contact
00TRx0IfrgEdcIzMNN,Send workshop summary,Waiting on someone else,Normal,2024-06-15,Email,Synthetic follow-up activity for CRM workflow testing.,2024-03-19T20:55:25Z,0,02iaUrygsckE5jOI4H,Asset,003RQmxBmgXrTwhQ30,Contact
00T4KBkcC9OFxDpMW5,Send workshop summary,Waiting on someone else,Normal,2024-07-20,Email,Synthetic follow-up activity for CRM workflow testing.,2023-04-24T05:36:03Z,0,001M2rDfuFzN9SZI6R,Account,003vnNru6T0wI99Q7D,Contact
00TMbJxZxtD9TvnEH3,Review requirements,In Progress,High,2025-02-16,Other,Synthetic follow-up activity for CRM workflow testing.,2021-02-06T10:01:20Z,0,001Tn3lq2OpXiyaYCN,Account,003qPqYBIMAHfIGQCT,Lead
00TEthKRdv51GULME5,Review requirements,Waiting on someone else,Low,2021-12-11,Other,Synthetic follow-up activity for CRM workflow testing.,2025-11-02T23:39:33Z,0,0012B0IsTb8G7BVAST,Account,003tdhd5gh39imtAD6,Contact
00TZ1aFHwRaW72H2QD,Send workshop summary,In Progress,Normal,2026-07-22,Email,Synthetic follow-up activity for CRM workflow testing.,2023-02-03T16:31:36Z,0,800U1LCxrkesQnQYUX,Contract,003jKLgBBZgnjjrAVG,Contact
00TFG71eyzol4ij27K,Review requirements,Waiting on someone else,High,2026-07-30,Email,Synthetic follow-up activity for CRM workflow testing.,2024-09-06T15:49:51Z,0,701aVdLHYNnMSttA9G,Campaign,00QP5CX1EkhFqB4EZZ,Lead
00TxTKCzZNhjX0YEMN,Follow up,Completed,High,2024-03-24,Other,Synthetic follow-up activity for CRM workflow testing.,2024-09-14T13:27:53Z,1,500bFfw1Tm54j6BYKK,Case,003W4DKHKXcD4DQQF7,Contact
00T6rQxyuP47yZCELA,Send workshop summary,Not Started,High,2022-06-15,Other,Synthetic follow-up activity for CRM workflow testing.,2025-11-26T09:13:05Z,0,02iuV9j506zZUvaIMF,Asset,003ZyeA5eXuyMXKAUE,Contact
00TyOgjkC1pT7pq2KG,Follow up,Completed,Low,2023-06-25,Email,Synthetic follow-up activity for CRM workflow testing.,2025-12-05T05:25:48Z,1,500CuK8lNjuuD6VYVO,Case,00QWUiH2p84KEU6MDO,Lead
00TXyWuOQNaz622UGU,Review requirements,Waiting on someone else,High,2023-06-17,Email,Synthetic follow-up activity for CRM workflow testing.,2026-06-22T04:52:44Z,0,001dbHSEev61SnuI4N,Account,,
00TG7BxUln3XGKzEQ1,Follow up,Completed,Normal,2025-03-28,Other,Synthetic follow-up activity for CRM workflow testing.,2023-01-29T08:29:26Z,1,,,003aOXN8maPyJ9cYND,Contact
00TEboiuzjLPu9mER4,Follow up,Waiting on someone else,High,2024-09-30,Call,Synthetic follow-up activity for CRM workflow testing.,2021-12-17T18:48:03Z,0,80ig0h44cCZ9guhILV,Opportunity,0030e2mL8N1jKfuYES,Contact
00TKffUKEvoUmNMM9Q,Prepare proposal,Waiting on someone else,High,2023-10-29,Other,Synthetic follow-up activity for CRM workflow testing.,2023-04-19T16:28:18Z,0,001ILvT4IDtyUZiY3D,Account,00QovG7Vl1CHn1yERX,Lead
00Tvh2hkYPqbWblMEQ,Prepare proposal,Deferred,High,2024-08-11,Call,Synthetic follow-up activity for CRM workflow testing.,2023-09-11T02:06:05Z,0,800oDZfQbPleqfzAVE,Contract,003GgaT6UTYdKeTIX1,Contact
00TJgZMjV1swETzMM1,Follow up,Deferred,Normal,2022-10-23,Call,Synthetic follow-up activity for CRM workflow testing.,2022-10-26T14:25:20Z,0,5004SDmkvBBCJoKIVT,Opportunity,003wXaj6lOoSXpCQZM,Contact
00TjXh3QUVKXJEGUNJ,Follow up,Not Started,Normal,2023-12-24,Email,Synthetic follow-up activity for CRM workflow testing.,2026-03-30T08:55:53Z,0,800rZ13dombV64vARO,Opportunity,0039FRof5ffyRlsI2Z,Contact
00TzZIsXd8LzQhUUJQ,Send workshop summary,In Progress,High,2025-06-22,Other,Synthetic follow-up activity for CRM workflow testing.,2021-07-08T21:40:21Z,0,001I5KBo2Mtskg9I6K,Account,,
00TwzYDse08AXd5U0I,Follow up,Not Started,Normal,2025-11-09,Call,Synthetic follow-up activity for CRM workflow testing.,2024-05-15T12:09:38Z,0,500FcZS51dyBW26YJC,Case,003HY3DOcAKhej8IEP,Contact
00TQoUqVmQYyUx7UOL,Send workshop summary,Completed,Low,2022-06-25,Call,Synthetic follow-up activity for CRM workflow testing.,2023-02-28T15:47:00Z,1,,,,
00Tk6PabDdQJPngMX2,Prepare proposal,Completed,High,2022-06-15,Email,Synthetic follow-up activity for CRM workflow testing.,2022-10-15T09:36:53Z,1,720yXQtdc9XGf19IEM,Opportunity,00Q7WMsDcz5zq6s0FR,Lead
00TVSXLEqCCLMVhMQK,Follow up,Waiting on someone else,Normal,2026-04-09,Other,Synthetic follow-up activity for CRM workflow testing.,2026-01-29T16:06:10Z,0,,,,
00TuhFMbUTQEk55UXL,Send workshop summary,Not Started,Low,2023-03-21,Email,Synthetic follow-up activity for CRM workflow testing.,2021-09-11T00:34:46Z,0,001WHkVb04B78wfY3Q,Account,,
00TWT7OOn28zQ7sMBS,Review requirements,In Progress,Low,2021-05-27,Call,Synthetic follow-up activity for CRM workflow testing.,2024-12-30T16:41:09Z,0,026XSmGjpImwXoGQFT,Order,0030VnwN9BYQ14jQG1,Contact
00T9zIICFqGB5MD277,Send workshop summary,Completed,High,2022-07-24,Email,Synthetic follow-up activity for CRM workflow testing.,2025-12-19T21:06:58Z,1,,,00QYviucpwh1uxqE7U,Lead
00TjM2YGhHMWAQXMMU,Prepare proposal,In Progress,High,2024-02-12,Call,Synthetic follow-up activity for CRM workflow testing.,2022-08-27T00:03:46Z,0,001MPbzljMNLiv5QZV,Account,,
00Ts8IjCNZmwivpE2Q,Follow up,Deferred,High,2024-02-26,Call,Synthetic follow-up activity for CRM workflow testing.,2024-03-05T19:39:50Z,0,80is1gQgzowKZheA4X,Opportunity,,
00TBMyx4CQrKEoFEJ0,Follow up,Not Started,High,2025-06-20,Email,Synthetic follow-up activity for CRM workflow testing.,2026-02-02T13:19:01Z,0,50iEs2J2gfUFvVYY9V,Opportunity,003Bl4Pp2ZDOQYhACV,Contact
00TO00k9xr5b9fAULK,Review requirements,Waiting on someone else,Low,2024-04-14,Email,Synthetic follow-up activity for CRM workflow testing.,2021-11-09T16:38:33Z,0,001ckBA83DHLBWZQQX,Account,003myiDNlyhPnhDYE5,Contact
00TTgn5CftnNsSBM9H,Review requirements,Completed,High,2022-11-17,Email,Synthetic follow-up activity for CRM workflow testing.,2024-06-26T20:41:16Z,1,710QHOzzxyhjTfEIID,Opportunity,003VMcAQu6AgWg0YG4,Contact
00TQvzlybe4w0nXE5N,Review requirements,Not Started,Normal,2025-07-04,Other,Synthetic follow-up activity for CRM workflow testing.,2023-02-25T17:52:24Z,0,001cML7G0gkmAuyYXM,Account,003c1dg3F96dpopYZL,Contact
00TCDfnTs2tFu04MXN,Send workshop summary,Waiting on someone else,Normal,2024-01-20,Other,Synthetic follow-up activity for CRM workflow testing.,2024-09-03T01:17:20Z,0,5006wmmp8q37lPGIME,Case,003MZU0Q7PTeiKcYZF,Contact
00TVSf8CIpNvfi7ECK,Follow up,In Progress,High,2024-02-25,Email,Synthetic follow-up activity for CRM workflow testing.,2022-01-17T08:00:36Z,0,801piVlPS3JQtT2IMQ,Order,003XKM0H8L5psugA5G,Contact
00TuJXC0KFPRUUHEAS,Prepare proposal,In Progress,Low,2024-02-10,Email,Synthetic follow-up activity for CRM workflow testing.,2023-01-08T07:47:18Z,0,7017CM39bNZR7A7Q8R,Campaign,003GweaslhRRyCLI5I,Contact
00TUYxHimbyunYVMMN,Review requirements,In Progress,Low,2026-05-21,Call,Synthetic follow-up activity for CRM workflow testing.,2022-11-07T20:41:13Z,0,81tXva17ARELY01YH0,Order,00Qf67jZjw484e0EKS,Lead
00TOaprRe5s2RovU0Q,Prepare proposal,Completed,Low,2022-09-24,Other,Synthetic follow-up activity for CRM workflow testing.,2021-12-19T08:27:46Z,1,80ig0h44cCZ9guhILV,Opportunity,003i6XJ36Xc1DSjQ8W,Contact
00T0ybts6r9iQMBMFD,Prepare proposal,Completed,Low,2025-06-18,Other,Synthetic follow-up activity for CRM workflow testing.,2021-01-28T19:57:48Z,1,726U8oNm8SnQFZ6IES,Opportunity,0032YUBb1deGb5cQNC,Contact
00T5FkSd9XlKDtJ2EV,Send workshop summary,Not Started,High,2026-01-23,Other,Synthetic follow-up activity for CRM workflow testing.,2025-02-28T23:26:55Z,0,001dY5a5BYEJgVKQN0,Opportunity,003S8nQsC9va6ppY6P,Contact
00TvmxWUmKLdrA9MHE,Review requirements,Completed,High,2022-03-10,Other,Synthetic follow-up activity for CRM workflow testing.,2023-04-20T22:00:43Z,1,701a3iF8udc5uf6YH1,Order,003eg96PxMSDqO5Y7O,Contact
00TidELXOmJZ9ls2DR,Prepare proposal,In Progress,High,2023-03-01,Other,Synthetic follow-up activity for CRM workflow testing.,2021-06-01T09:08:34Z,0,82t6myuARNIiQTlYD6,Opportunity,003ZFwK8D99UlX4QPY,Contact
00TFHEYRSuezDDJUCJ,Review requirements,In Progress,High,2022-11-30,Call,Synthetic follow-up activity for CRM workflow testing.,2025-02-08T01:51:26Z,0,02iiwT1Fv1xVhbaAQH,Opportunity,,
00TEL0kDADoyeTa2ZW,Send workshop summary,Not Started,High,2025-04-07,Other,Synthetic follow-up activity for CRM workflow testing.,2026-01-06T12:04:57Z,0,006Ar9yFc3ERTHjYP3,Opportunity,003SCZl72BVRDqoAU1,Contact
00TiBCrm8cUKQMYUFT,Follow up,Completed,Normal,2025-10-06,Email,Synthetic follow-up activity for CRM workflow testing.,2025-12-28T16:02:51Z,1,706hqp8mxB71nrAAPD,Opportunity,003H0qotUrGLyvSY1X,Contact
00TTPz88HbdSCbrMYY,Prepare proposal,In Progress,High,2025-04-24,Call,Synthetic follow-up activity for CRM workflow testing.,2025-05-07T21:56:20Z,0,701uy02vAEj9sQvINI,Campaign,00338UX9kGNIwR6YNC,Contact
00TXqPS6zxTwrggMYW,Send workshop summary,Completed,Low,2022-05-09,Email,Synthetic follow-up activity for CRM workflow testing.,2026-03-15T14:16:16Z,1,02ilaud6tWyMF9bIOS,Asset,0031DLg0S7g7YETAC1,Contact
00TvU31rjWjOcVaU2V,Prepare proposal,In Progress,Normal,2021-04-24,Email,Synthetic follow-up activity for CRM workflow testing.,2021-07-30T15:23:07Z,0,51t5F1zRx4iucS9YLI,Opportunity,003PqbGzdOWzt2KAYH,Contact
00TEPC9jRntuLPFUK9,Prepare proposal,In Progress,Normal,2024-04-14,Other,Synthetic follow-up activity for CRM workflow testing.,2021-05-04T03:10:59Z,0,001LDvrdIgxRUc4IID,Account,003NgOuqAjnhAZhAIW,Contact
00T5zOzrGuuPJJp2HO,Review requirements,Completed,Low,2025-11-27,Other,Synthetic follow-up activity for CRM workflow testing.,2021-08-05T20:30:43Z,1,801673y6N9tE96YYJ9,Order,003GweaslhRRyCLI5I,Contact
00TaKMpDNPO686PEMK,Send workshop summary,Completed,Low,2026-06-15,Call,Synthetic follow-up activity for CRM workflow testing.,2024-05-24T10:10:30Z,1,500pDeflY4PEucJYE9,Case,003KN79fSFd3oQ6IVK,Contact
00Tjcx7jNQdTyUO2YX,Prepare proposal,Deferred,Normal,2022-02-26,Call,Synthetic follow-up activity for CRM workflow testing.,2023-11-04T15:59:48Z,0,001JM45YOxOPMdeQIO,Account,00Q14UuucoY6DkoQ4U,Lead
00TzzF8QiNxnnxAEXD,Send workshop summary,Not Started,Normal,2025-03-23,Email,Synthetic follow-up activity for CRM workflow testing.,2024-04-28T11:49:45Z,0,02ieww4o5xbt3YII1X,Asset,003GdKhTzjSREBgY71,Contact
00ThsFZHLwLRQUYUE7,Follow up,Completed,High,2023-12-07,Email,Synthetic follow-up activity for CRM workflow testing.,2025-09-10T01:19:17Z,1,001DbG9gnZEl0ZPAAY,Account,00QUoMKrnxkxD4O26I,Lead
00T5UPRWd48piNiUYD,Follow up,Deferred,Normal,2024-01-15,Email,Synthetic follow-up activity for CRM workflow testing.,2024-03-24T07:41:18Z,0,816mvBBvLAo5nuTQ8Q,Opportunity,,
00T2Vl3fH8Lbh972ZI,Review requirements,Deferred,Low,2025-12-19,Other,Synthetic follow-up activity for CRM workflow testing.,2023-03-20T12:41:46Z,0,0011Ah4A4sWSLAjA4O,Account,003PyZ38dL1GKh6AD3,Contact
00TQQTZvWaWC1pk29Z,Review requirements,Waiting on someone else,Low,2022-01-11,Email,Synthetic follow-up activity for CRM workflow testing.,2025-08-25T15:59:20Z,0,820ublfModfHT3tAJO,Opportunity,003epRpQJrSFaXzIDT,Contact
00T2AGRSGIAtdmLEPP,Send workshop summary,Not Started,Normal,2024-07-18,Email,Synthetic follow-up activity for CRM workflow testing.,2024-10-31T05:21:33Z,0,701dvFZxXgmRnlIQM7,Campaign,003NxsyUn0x5nr3AFS,Contact
00TKpyyeVVRvLr9E88,Review requirements,In Progress,High,2024-10-25,Other,Synthetic follow-up activity for CRM workflow testing.,2021-07-18T00:13:17Z,0,001HgM5pPhwEa9BAOB,Account,003bn4lVQmSeD2CAHI,Contact
00THXeH85THnrdrMKV,Follow up,In Progress,High,2023-10-24,Call,Synthetic follow-up activity for CRM workflow testing.,2023-06-13T11:13:18Z,0,800pdRvmMT62G8OAUJ,Contract,003nJ2vEYsQQk0IQVH,Contact
00TGjAqG2gozs0DU6U,Follow up,Deferred,Low,2022-11-18,Other,Synthetic follow-up activity for CRM workflow testing.,2023-06-09T17:38:55Z,0,521FiKnX1ihmKBmIQQ,Opportunity,00QW1Hz4bKnTiJMU4S,Lead
00TD5zZGrdECR1VE61,Send workshop summary,Not Started,High,2023-07-02,Other,Synthetic follow-up activity for CRM workflow testing.,2024-07-19T00:39:36Z,0,,,003LkvaYTpkYRA2AHT,Contact
00TI9NU81NaTmfZ2P4,Prepare proposal,In Progress,Normal,2025-08-27,Call,Synthetic follow-up activity for CRM workflow testing.,2025-08-24T19:28:38Z,0,001qD5B1fJ8KUKBIVO,Account,003oSLGQJ5AwRqGIP5,Contact
00TIyfQ0SNyMRoGUBZ,Send workshop summary,Completed,Low,2024-06-24,Email,Synthetic follow-up activity for CRM workflow testing.,2025-11-30T22:41:20Z,1,500vSq47Zw7G0eTYE1,Case,,
00TYge2yczv0oH2ECG,Send workshop summary,Deferred,High,2024-01-07,Other,Synthetic follow-up activity for CRM workflow testing.,2026-06-16T00:42:28Z,0,500Wjg1Xq4jIwJ4IOW,Case,00QJmjfI3dfK9rg2IQ,Lead
00Tr5PyIWdcg2K029Q,Review requirements,Deferred,Low,2021-03-28,Call,Synthetic follow-up activity for CRM workflow testing.,2023-11-21T23:03:24Z,0,82iXF0oc6XjtAQoADN,Opportunity,,
00TuT1vYtIyDb4bEAI,Prepare proposal,Not Started,High,2023-05-01,Other,Synthetic follow-up activity for CRM workflow testing.,2025-06-26T13:20:34Z,0,02iQ9hFoDDGvEY6QAK,Asset,00Qslz3yhECXVwN2VF,Lead
00TqNjA3KxPJpt6MI2,Prepare proposal,Not Started,High,2021-04-21,Call,Synthetic follow-up activity for CRM workflow testing.,2026-05-26T21:58:34Z,0,500v65fLYJBbjH7ALV,Case,,
00Td2lVJMsTWIOQULW,Review requirements,Waiting on someone else,High,2025-01-25,Other,Synthetic follow-up activity for CRM workflow testing.,2022-05-25T02:07:58Z,0,5002mJfbBffYDOtYUJ,Case,00QcrYFmV4djxTID59,Lead
00TnqXvctUN22MYEF3,Review requirements,Waiting on someone else,Normal,2022-05-27,Email,Synthetic follow-up activity for CRM workflow testing.,2022-05-19T04:27:00Z,0,500YsqZevCnCImcIXR,Case,003LXPOThKMlCoaYI4,Contact
00TWrvCHI0Wx8YZETV,Review requirements,Completed,High,2021-05-11,Call,Synthetic follow-up activity for CRM workflow testing.,2026-04-26T13:32:51Z,1,500omxYi0hTQz5nAHP,Opportunity,005p2GAYlGaKkdGCHH,Lead
00T3CqVCWrHTENSU4W,Send workshop summary,Not Started,Low,2023-09-06,Email,Synthetic follow-up activity for CRM workflow testing.,2025-01-08T02:42:55Z,0,02ipLn54NAUImqcYPH,Asset,003Lf45AXPYWuMBI4W,Contact
00Tm7OEmrdURxhHERP,Prepare proposal,Not Started,High,2023-12-11,Other,Synthetic follow-up activity for CRM workflow testing.,2024-06-27T04:10:11Z,0,8104BWEK6Vg8jxoQ0U,Opportunity,003xKpYjRI45OxiI97,Contact
00Ti0LLoK4DNx4oURQ,Review requirements,Deferred,Low,2025-06-30,Call,Synthetic follow-up activity for CRM workflow testing.,2026-01-08T11:49:57Z,0,,,003haI7NPKn0gYsQ3M,Contact
00TY1P3IGkippMY290,Send workshop summary,Waiting on someone else,High,2022-04-11,Email,Synthetic follow-up activity for CRM workflow testing.,2025-10-14T02:01:39Z,0,,,00QmET4VYHLMqs3MA5,Lead
00TjRp2BDAD2qnQU5U,Follow up,In Progress,Normal,2024-04-27,Other,Synthetic follow-up activity for CRM workflow testing.,2025-04-22T11:53:26Z,0,52iQJC7aKesEHpLQF6,Opportunity,003rOvdnZgTQcfAQ9W,Contact
00TiSu19nB68WvpMMX,Prepare proposal,In Progress,Low,2025-02-01,Other,Synthetic follow-up activity for CRM workflow testing.,2024-12-06T12:11:08Z,0,,,00QU0NMDkfVgyXKMEO,Lead
00TRzJSGWE7YroZEV4,Follow up,Completed,Normal,2023-06-26,Call,Synthetic follow-up activity for CRM workflow testing.,2024-11-14T12:31:46Z,1,02igDIjBBnZJd0JYHC,Asset,003wHhejZPlmq9eY75,Contact
00T6zfXChy8koCs23R,Review requirements,In Progress,High,2024-03-28,Call,Synthetic follow-up activity for CRM workflow testing.,2022-06-30T17:54:39Z,0,501iwVuT1jAKO8wY9A,Order,003FXncODtG3z8xQ4F,Contact
00THzieA09pjlMX2AD,Follow up,Completed,High,2025-05-25,Email,Synthetic follow-up activity for CRM workflow testing.,2024-08-01T00:35:55Z,1,720ny8nFJHudrPnARO,Opportunity,00QX8eVrnFa7upuUQ4,Lead
00Tj6TDcDXP93afMCZ,Prepare proposal,Waiting on someone else,Low,2021-09-05,Call,Synthetic follow-up activity for CRM workflow testing.,2022-02-03T02:15:53Z,0,001pTLwbTFSx0AVIHA,Account,003MkeaqDigmSTCIHK,Contact
00TGqco0NehPkV2MFO,Follow up,Waiting on someone else,Low,2025-08-26,Call,Synthetic follow-up activity for CRM workflow testing.,2023-04-10T06:07:19Z,0,8015BhusAztYAjUQKJ,Order,003oKqkfdIU5Q4AYTI,Contact
00Thfz18VRfKGX1EP7,Send workshop summary,Waiting on someone else,Low,2026-07-08,Email,Synthetic follow-up activity for CRM workflow testing.,2025-07-22T10:22:21Z,0,001Q3kntrifzyYWI62,Account,00Qc7vTwmwyT2TM23U,Lead
00TJa1miAf44zApU80,Prepare proposal,Completed,High,2024-02-26,Other,Synthetic follow-up activity for CRM workflow testing.,2024-02-21T22:00:48Z,1,500Iz8ne2XtnmoHAH3,Case,003GweaslhRRyCLI5I,Contact
00TYExMSaOXN2wXE37,Review requirements,Deferred,Normal,2023-02-28,Other,Synthetic follow-up activity for CRM workflow testing.,2024-02-11T22:19:36Z,0,001r2Zt5bJoZh5cI46,Account,,
00TZLoUHeJxuDcoUK1,Prepare proposal,In Progress,Normal,2022-10-11,Other,Synthetic follow-up activity for CRM workflow testing.,2021-02-25T03:14:59Z,0,51iauodXi8yLeTkQJF,Opportunity,003kupt4Om476CLIIA,Contact
00TivXNWZEk37tbEHL,Prepare proposal,Not Started,High,2022-12-05,Email,Synthetic follow-up activity for CRM workflow testing.,2025-08-29T09:53:08Z,0,71iAW7GO0dwXsl4Q1S,Opportunity,003frNYz28OdxhIQXF,Contact
00TsXwY1kwRkjQ32O1,Review requirements,Not Started,Low,2021-08-16,Call,Synthetic follow-up activity for CRM workflow testing.,2023-09-17T12:38:59Z,0,,,003H2JskowFqPavQY6,Contact
00TL3yjdfqPrtLlUKQ,Prepare proposal,Waiting on someone else,Normal,2023-05-04,Other,Synthetic follow-up activity for CRM workflow testing.,2025-06-22T12:01:27Z,0,001GbztdrMfr2gJYIG,Account,003he5vZFsM4U6hQ0K,Contact
00T3ROwu5u44xgBM4B,Send workshop summary,Not Started,Low,2021-10-03,Call,Synthetic follow-up activity for CRM workflow testing.,2024-01-05T14:43:00Z,0,02iIpgxSWGnOkoLYU7,Asset,003WtxHC3dI8uAEQ9Y,Contact
00TIdQLWy7nHl602R8,Send workshop summary,In Progress,Low,2021-06-06,Other,Synthetic follow-up activity for CRM workflow testing.,2021-11-19T14:59:41Z,0,701AUDOzK5kG0AQQW3,Campaign,00QKnyfKkNTvuliMSE,Lead
00T1ctv0wRrNmOqUBJ,Prepare proposal,In Progress,High,2021-05-11,Other,Synthetic follow-up activity for CRM workflow testing.,2024-08-15T05:00:18Z,0,001CobSEZTi3dLCAGD,Account,003Z9T6FmQw8X0gQT4,Contact
00T0Qtz7s69jc1p2XX,Prepare proposal,Completed,Low,2025-09-16,Call,Synthetic follow-up activity for CRM workflow testing.,2021-06-25T18:28:15Z,1,500SZ5IiEdyF9wYYKD,Case,,
00T2CL2hBVqw8XMUVS,Review requirements,In Progress,Normal,2026-08-01,Email,Synthetic follow-up activity for CRM workflow testing.,2025-05-05T13:22:13Z,0,500omxYi0hTQz5nAHP,Opportunity,003fgQdBHsToCSOINB,Contact
00TwbPstBi4eQJBUBS,Send workshop summary,In Progress,Normal,2024-09-12,Other,Synthetic follow-up activity for CRM workflow testing.,2024-06-21T11:38:24Z,0,0018MjZShtig55PAG6,Account,0031Zvig8Nwe5gjY3U,Contact
00TE5WLi6SoZMjJUF7,Follow up,In Progress,High,2025-06-19,Call,Synthetic follow-up activity for CRM workflow testing.,2025-07-07T08:13:53Z,0,701ij13ElUK36zHQ2S,Campaign,003GbHpcXDChULtAL9,Contact
00TROifURQVSe1QU0H,Prepare proposal,Completed,High,2025-09-03,Other,Synthetic follow-up activity for CRM workflow testing.,2022-05-12T05:36:09Z,1,02iqpmF7xKAIuK3Y2B,Asset,001kbjBM76mvp9j3KU,Lead
00T07a4d2lz35QTMXR,Send workshop summary,Not Started,Low,2025-10-18,Call,Synthetic follow-up activity for CRM workflow testing.,2025-10-20T16:46:36Z,0,500SsTpbNzXXrUiI5B,Case,003uj6JdiPEpXDnQEW,Contact
00TDOyijgumpSS3U9H,Prepare proposal,Waiting on someone else,High,2021-05-16,Call,Synthetic follow-up activity for CRM workflow testing.,2022-11-05T07:19:35Z,0,006714F7uqDVIOWY93,Opportunity,,
00Ta7E84rdi7sk52Y0,Review requirements,In Progress,Normal,2025-12-04,Email,Synthetic follow-up activity for CRM workflow testing.,2025-02-17T19:44:47Z,0,001ltvwfHnMcdhbAJS,Account,003ZF9xUAEo40shYBY,Contact
00TcN6XBGtuiSJHEMK,Follow up,Waiting on someone else,Low,2026-01-29,Other,Synthetic follow-up activity for CRM workflow testing.,2023-12-13T05:36:45Z,0,,,003CTAk4NcTPhsDQVS,Contact
00T6C0D8LRpy7f8EXK,Prepare proposal,Waiting on someone else,High,2025-02-19,Email,Synthetic follow-up activity for CRM workflow testing.,2026-02-06T18:49:03Z,0,02igIYl4ksUH1wlQMP,Order,003JT1QIxPg3Up0QZ6,Contact
00TTiIvhkUKeLDIUND,Send workshop summary,Not Started,High,2024-09-18,Other,Synthetic follow-up activity for CRM workflow testing.,2022-08-25T22:16:48Z,0,01t2WPKVWsXQVDUQWP,Product2,00Q9yLPNelbjke2UL4,Lead
00T3EHUrO6o3rzR231,Follow up,Waiting on someone else,High,2022-08-17,Call,Synthetic follow-up activity for CRM workflow testing.,2025-01-19T07:27:33Z,0,8005OSPJ9XIo9nKQ0C,Contract,0037hhldh7dgr24A9I,Contact
00ToomwiMgkOPsBEWJ,Prepare proposal,Not Started,High,2024-03-04,Other,Synthetic follow-up activity for CRM workflow testing.,2024-05-07T04:47:11Z,0,,,00QV5y2mtVdozr82GA,Lead
00THAmZ9sm0Tth9U8I,Prepare proposal,Completed,Low,2022-02-17,Other,Synthetic follow-up activity for CRM workflow testing.,2021-06-08T20:22:36Z,1,0018haifivYezP7QUH,Account,003hjLablc3fpBEADF,Contact
00TIDJhPZX6QkO0MZJ,Send workshop summary,Deferred,High,2024-09-18,Other,Synthetic follow-up activity for CRM workflow testing.,2023-01-29T16:54:23Z,0,,,003h2HSFyhUtjZzA14,Contact
00TU08XBRPMvSKZ23G,Send workshop summary,Deferred,High,2021-08-27,Call,Synthetic follow-up activity for CRM workflow testing.,2022-03-15T12:01:38Z,0,500zAnvh5sLYRAyAOT,Case,003h7T0PrfOKwRwY44,Contact
00TW8KF2VLq8A8UEU1,Review requirements,Deferred,Normal,2025-01-29,Call,Synthetic follow-up activity for CRM workflow testing.,2023-06-15T01:25:12Z,0,01t7Wi3QdB9AjcFYKP,Product2,003EXtBzfFLxFbpQ92,Contact
00T14Z2nld0r3inUR6,Follow up,Completed,Normal,2022-04-25,Other,Synthetic follow-up activity for CRM workflow testing.,2022-08-01T04:00:50Z,1,820vqYOyZYDm1OzQZ2,Opportunity,003MzEjs92OIMruAGM,Contact
00T4hSuWdTYItmnMBA,Follow up,In Progress,Normal,2022-01-29,Email,Synthetic follow-up activity for CRM workflow testing.,2026-03-08T06:18:27Z,0,001UhwyHPMFM5liAM5,Account,,
00TqdwKY7tJtyB7M8V,Follow up,Deferred,Low,2025-12-11,Call,Synthetic follow-up activity for CRM workflow testing.,2025-11-03T02:16:18Z,0,001yVmlwCnpWY0fA4W,Account,,
00Thd00j6DdJnmb2XK,Send workshop summary,Not Started,Low,2021-08-24,Call,Synthetic follow-up activity for CRM workflow testing.,2024-03-06T04:43:05Z,0,02ikaI8l5oz5T46IKR,Asset,0034bSNcvxaJOubIRN,Contact
00Tv9S1RNQ216TGU3H,Review requirements,Not Started,Low,2024-03-31,Other,Synthetic follow-up activity for CRM workflow testing.,2025-01-02T01:02:43Z,0,001yQSD3rwvt3ZBAV9,Account,003wPWh5IPvXbdQADI,Contact
00TWtsAh0lNquwrUSA,Follow up,Deferred,Low,2021-12-26,Call,Synthetic follow-up activity for CRM workflow testing.,2021-08-24T08:32:48Z,0,001qP46mGWsPnuOQ5R,Account,003aMwKdhCyWygqQZE,Contact
00TBv5cTq748QoT2P6,Send workshop summary,Waiting on someone else,Low,2023-07-31,Call,Synthetic follow-up activity for CRM workflow testing.,2023-08-05T21:37:27Z,0,001dst7EZIkJP6gQAU,Account,003a9cEVwuIOhZ2IHZ,Contact
00TeP9A2In2ACMQUR8,Prepare proposal,Waiting on someone else,Normal,2025-08-29,Other,Synthetic follow-up activity for CRM workflow testing.,2023-02-24T06:49:12Z,0,001sS1Mj9gSLRavQC2,Account,,
00TYbOt7ALtavYoMK2,Review requirements,In Progress,High,2023-08-02,Email,Synthetic follow-up activity for CRM workflow testing.,2026-01-06T13:28:30Z,0,50iTnLuA85S8qYoQYM,Opportunity,,
00TAb07AO2dd1mDEOU,Prepare proposal,Waiting on someone else,Low,2023-10-25,Call,Synthetic follow-up activity for CRM workflow testing.,2025-07-16T17:18:52Z,0,7019g7m2YfxR5uxQ6M,Campaign,00QI5geDEvC5jgXM9Y,Lead
00Tji1DaoxGqCeBEH9,Prepare proposal,Waiting on someone else,Low,2023-09-21,Email,Synthetic follow-up activity for CRM workflow testing.,2022-01-07T12:28:08Z,0,,,003IBQ2GjwtlGMmQUQ,Contact
00TjVxArjfMqBdmUIZ,Follow up,Not Started,High,2025-05-28,Email,Synthetic follow-up activity for CRM workflow testing.,2025-04-24T21:24:35Z,0,001WHkVb04B78wfY3Q,Account,003UbXP6gpYAIOpQN5,Contact
00TuD8v96JnSCRG2LB,Prepare proposal,In Progress,Low,2023-06-07,Other,Synthetic follow-up activity for CRM workflow testing.,2025-01-09T02:43:02Z,0,001GbztdrMfr2gJYIG,Account,00QhIvxVS0SNqzdEZR,Lead
00TNXFAXYGrs0Et202,Prepare proposal,Deferred,Normal,2025-02-13,Call,Synthetic follow-up activity for CRM workflow testing.,2023-03-20T20:50:38Z,0,001vywMtDWYqGORIQP,Account,003XEACuOawdiiVA7I,Contact
00TEj1g69lW7Ax7E3N,Send workshop summary,In Progress,High,2021-11-13,Email,Synthetic follow-up activity for CRM workflow testing.,2021-08-16T16:48:31Z,0,001lUr971GtA6wXYCT,Account,003NTUM7lbpHepMYAS,Contact
00T44JzOJ0iiIMJMXN,Prepare proposal,Not Started,High,2024-07-01,Email,Synthetic follow-up activity for CRM workflow testing.,2025-03-11T08:35:26Z,0,800ejZugOUfe1WNYDE,Contract,003GweaslhRRyCLI5I,Contact
00TZTDpfxIcn0iCUG2,Prepare proposal,In Progress,High,2024-04-15,Call,Synthetic follow-up activity for CRM workflow testing.,2023-07-08T09:23:53Z,0,500vskdTyidNdRWAKH,Case,,
00T7JKG4Nn7YTOZUD9,Follow up,Completed,High,2025-02-04,Email,Synthetic follow-up activity for CRM workflow testing.,2024-08-03T19:36:50Z,1,,,0037aesTgeKVdiSYBL,Contact
00TsnCF5xFg7kmAU6W,Follow up,Deferred,Normal,2022-01-31,Other,Synthetic follow-up activity for CRM workflow testing.,2021-05-27T22:42:45Z,0,801aRA58ayiF2kMI7G,Order,,
00Tc4xuhNkwFvYO2XZ,Prepare proposal,Not Started,Low,2023-01-11,Email,Synthetic follow-up activity for CRM workflow testing.,2024-10-09T05:16:21Z,0,801rmDVqegLzveYA4W,Opportunity,,
00TPj44tDyqz76X2SM,Review requirements,In Progress,High,2022-12-16,Call,Synthetic follow-up activity for CRM workflow testing.,2024-08-08T06:52:09Z,0,800UeYqWsUhyhTmYJ8,Contract,00QkWk8DJKPLJvQMRX,Lead
00TYxPgUYk02HKCE7M,Send workshop summary,Not Started,Low,2022-08-26,Email,Synthetic follow-up activity for CRM workflow testing.,2026-05-05T21:43:12Z,0,00trOSHMVDZuSPZYZA,Opportunity,0031DLg0S7g7YETAC1,Contact
00T1b4PM8AyPvSSMJR,Prepare proposal,Deferred,Normal,2021-12-21,Other,Synthetic follow-up activity for CRM workflow testing.,2022-07-10T15:52:42Z,0,5004NGWa8XnTmIYYV6,Case,003UxhcN5TscpacAKO,Contact
00Tm4wBKvZMFqee2S2,Prepare proposal,Deferred,High,2022-07-20,Other,Synthetic follow-up activity for CRM workflow testing.,2022-10-04T04:52:36Z,0,500X1Hbrm8NDiMNA27,Case,003hLNSmMYZxGYWWZW,Lead
00TURUr4By18feWU81,Prepare proposal,Not Started,Normal,2025-12-16,Email,Synthetic follow-up activity for CRM workflow testing.,2024-05-13T15:43:26Z,0,001LDvrdIgxRUc4IID,Account,00QQm1cotSCMZEmU9V,Lead
00TC2jUPCaMrVmHEX0,Review requirements,In Progress,Normal,2025-01-22,Call,Synthetic follow-up activity for CRM workflow testing.,2025-12-25T04:50:32Z,0,701baEWnGlBqdzhA9Z,Campaign,00QbmnXkgvQgXg4EAR,Lead
00Thlyfd6bsprlS2WH,Review requirements,Completed,High,2021-07-19,Email,Synthetic follow-up activity for CRM workflow testing.,2026-05-19T03:48:25Z,1,500vYn49fMWJ2o2QWV,Case,00QeYvwUxdQK8pWULE,Lead
00TC5EtXa2bPrdxMT6,Follow up,Waiting on someone else,High,2022-03-02,Other,Synthetic follow-up activity for CRM workflow testing.,2026-05-12T04:33:45Z,0,80ig0h44cCZ9guhILV,Opportunity,003qzCARVCTCEq1A2B,Contact
00TYYMKET4NaUx3ES6,Prepare proposal,Completed,Normal,2023-10-29,Call,Synthetic follow-up activity for CRM workflow testing.,2025-05-20T14:42:28Z,1,001v3PBn9EDl48XQNP,Account,00QhJA6hSseAG1uMH1,Lead
00TzBwCnozNRm3GUY4,Prepare proposal,Waiting on someone else,Normal,2022-11-26,Other,Synthetic follow-up activity for CRM workflow testing.,2022-10-12T08:39:02Z,0,520tpdZF37z5lm2IER,Opportunity,003x6BiZELPWp5FYJ9,Contact
00TS3yVmt4sQVVF2VI,Send workshop summary,Waiting on someone else,High,2021-12-12,Other,Synthetic follow-up activity for CRM workflow testing.,2024-07-27T19:21:28Z,0,0014xFF5q1fi7GwQMP,Account,003ZDckJ3ln0ADXY1Q,Contact
00TKrj1bjT6SQF0UUN,Review requirements,Deferred,Normal,2025-06-22,Call,Synthetic follow-up activity for CRM workflow testing.,2024-06-13T20:26:08Z,0,80tobc4ke2BPPvLYSC,Opportunity,,
00TAtd0msNQ8rmMEM1,Send workshop summary,Not Started,Normal,2025-03-23,Other,Synthetic follow-up activity for CRM workflow testing.,2023-03-09T06:23:02Z,0,801syGdk2tsNu3YYD8,Order,003buvmdP5A3RUCAAL,Contact
00TBzc0gLSjkNK02HS,Follow up,Completed,Low,2022-09-15,Call,Synthetic follow-up activity for CRM workflow testing.,2024-02-22T20:51:47Z,1,80ig0h44cCZ9guhILV,Opportunity,003RQpJS1rnZYjBAQ9,Contact
00TJqATTbhrAZNiEDA,Prepare proposal,Deferred,High,2023-08-23,Call,Synthetic follow-up activity for CRM workflow testing.,2023-02-16T22:16:36Z,0,500lYuV1meyGAOvYZK,Case,003gAT9CwfsSaNnIGT,Contact
00TXAWEtea6FIhpEKX,Review requirements,Not Started,Normal,2023-02-16,Email,Synthetic follow-up activity for CRM workflow testing.,2024-02-28T19:48:27Z,0,701Dpaw66va6dUvYOQ,Campaign,003NgFGSAt3xzoGAKH,Contact
00T1k0XWvoqsizpELM,Review requirements,Not Started,Normal,2026-02-09,Email,Synthetic follow-up activity for CRM workflow testing.,2022-08-29T20:42:35Z,0,0017zKMESrLRf4iY3C,Account,003FbR5EW5J2ZzlQZL,Contact
00TfLQ2rSdn26rJMA6,Review requirements,Deferred,Normal,2021-09-20,Other,Synthetic follow-up activity for CRM workflow testing.,2024-09-29T05:50:31Z,0,80ig0h44cCZ9guhILV,Opportunity,00Qziyg0LCrhwpmU5B,Lead
00TbhhfKu4vVEbQ2SK,Follow up,Deferred,Low,2023-12-18,Other,Synthetic follow-up activity for CRM workflow testing.,2024-06-16T06:49:28Z,0,500kujRLKwN5O3DQ8I,Case,00QgGNuvBrkGN0aUTU,Lead
00ToBXueHH2wvZV26E,Follow up,Waiting on someone else,Normal,2023-11-22,Email,Synthetic follow-up activity for CRM workflow testing.,2023-09-19T21:59:06Z,0,500d3EHjLPZP85oY2Y,Case,003pnLQ548ddoLoANA,Contact
00TyBmJ5ZCD6ksAM3R,Review requirements,Completed,High,2021-10-27,Call,Synthetic follow-up activity for CRM workflow testing.,2021-03-26T03:10:11Z,1,001MetGBUEn7phAIPH,Account,003U3MWdCAswKgM180,Lead
00TRjMZukR8GXEh2Z7,Send workshop summary,Not Started,High,2024-12-06,Email,Synthetic follow-up activity for CRM workflow testing.,2023-07-03T10:41:42Z,0,510IBr8JRvyBOI0ADF,Opportunity,,
00Tr2Azy1tlQKeIUQK,Follow up,In Progress,Low,2023-09-10,Other,Synthetic follow-up activity for CRM workflow testing.,2026-04-02T04:29:20Z,0,0018MjZShtig55PAG6,Account,003HeEfaFl1u5DGTPY,Lead
00Tdh0bsjsmuMN0UT4,Prepare proposal,In Progress,High,2022-12-17,Call,Synthetic follow-up activity for CRM workflow testing.,2023-02-04T07:16:03Z,0,,,003mBsTTCT1n0dYAKW,Contact
00T4mj7Jj9Jz7ysM4C,Follow up,Deferred,Normal,2022-08-17,Call,Synthetic follow-up activity for CRM workflow testing.,2026-06-18T16:35:52Z,0,500b6I0K2tnTOeLQ4I,Case,,
00TZg7mXv7wYo4TUZB,Send workshop summary,Not Started,Low,2022-03-15,Email,Synthetic follow-up activity for CRM workflow testing.,2025-03-11T14:12:02Z,0,001dst7EZIkJP6gQAU,Account,003SGC03Rx0oc1mA5F,Contact
00TGG45z4EkazdB2IH,Prepare proposal,In Progress,High,2022-09-19,Call,Synthetic follow-up activity for CRM workflow testing.,2022-10-20T15:39:32Z,0,02i20ADUG8hnRsrIZE,Asset,003alE5qF1WznFkQ0X,Contact
00T68xfhs9uD4612TY,Follow up,Deferred,High,2023-02-02,Other,Synthetic follow-up activity for CRM workflow testing.,2025-11-05T17:37:15Z,0,,,00QczPX3RJ3Jk0rEL4,Lead
00Ta2Yp393uA1lNMSV,Prepare proposal,Completed,Low,2022-05-31,Other,Synthetic follow-up activity for CRM workflow testing.,2022-03-17T04:08:15Z,1,,,0039mhj999GyrjIQQT,Contact
00TY1IlOmEl5KxoMU2,Review requirements,Deferred,Low,2023-05-24,Call,Synthetic follow-up activity for CRM workflow testing.,2021-12-03T17:30:44Z,0,001bEjr0cyFC7SBAXL,Account,003J3V6xY1AaiyqQ8E,Contact
00T0BgPKT45Jz1bM7S,Prepare proposal,In Progress,Normal,2024-12-28,Email,Synthetic follow-up activity for CRM workflow testing.,2021-10-18T10:59:16Z,0,,,003bzVWrBBrdQTCAC9,Contact
00THZfttVsV8akkEVX,Send workshop summary,Deferred,High,2025-11-08,Other,Synthetic follow-up activity for CRM workflow testing.,2023-10-02T04:08:19Z,0,80189GKnKw0VwCqQPJ,Opportunity,,
00TOwTczkU15UxOMJS,Send workshop summary,Deferred,High,2022-01-14,Call,Synthetic follow-up activity for CRM workflow testing.,2025-01-02T10:12:41Z,0,500EmaWlrSzyJZkAJE,Case,00QnQIyfirNOw2bELH,Lead
00T7zoV6p7dRTYCM23,Review requirements,Not Started,High,2023-03-15,Email,Synthetic follow-up activity for CRM workflow testing.,2024-07-09T21:33:17Z,0,800LWz4izczPU7LIEX,Contract,003auAiDxfCBSfzQ4P,Contact
00TuuTmPN15JxNTMA7,Send workshop summary,Completed,High,2023-12-14,Other,Synthetic follow-up activity for CRM workflow testing.,2021-11-13T05:35:32Z,1,5004osPKEiYYxafYW9,Case,,
00THlVsQ6bDrMr8UDH,Prepare proposal,Waiting on someone else,Normal,2024-02-05,Call,Synthetic follow-up activity for CRM workflow testing.,2026-04-13T04:39:40Z,0,801ewwmY4xfYai3IDU,Order,003rg0dlaCQurMSITE,Contact
00TDDQw0q0g2Mhi25U,Review requirements,Completed,High,2026-06-19,Other,Synthetic follow-up activity for CRM workflow testing.,2025-03-26T07:23:49Z,1,506KFidge6NFupaQIL,Opportunity,003C9BfHPwWWJ2mIXI,Contact
00TKRfe5FiBtAqMUQS,Review requirements,Not Started,High,2025-01-23,Other,Synthetic follow-up activity for CRM workflow testing.,2022-03-07T09:06:53Z,0,001Rc1LJzjoerNoYJJ,Account,003Ke4WFdW0CoW8ASR,Contact
00TorSL4ncihPdiU0F,Prepare proposal,Completed,Low,2021-04-19,Other,Synthetic follow-up activity for CRM workflow testing.,2022-08-08T09:51:45Z,1,500bY6xSiZB7CNJIIJ,Case,003ObY6T5K3DWQxAUR,Contact
00TiaF0NMYvX1FhUBT,Follow up,In Progress,Low,2026-05-23,Call,Synthetic follow-up activity for CRM workflow testing.,2021-12-22T16:37:05Z,0,500L7DYTbWXQrqWQBW,Case,003viysww6RaIvgAR3,Contact
00TC5xF7ulABCqnM62,Follow up,Completed,High,2025-03-02,Call,Synthetic follow-up activity for CRM workflow testing.,2024-08-01T03:56:15Z,1,7266OMC0nv5jUJ0IZL,Opportunity,003UbXP6gpYAIOpQN5,Contact
00TNddDiBcutGiOUYK,Prepare proposal,Completed,High,2021-02-23,Email,Synthetic follow-up activity for CRM workflow testing.,2023-03-14T21:36:39Z,1,800OaHM0k0z9703II9,Contract,003uH5OW5dswD39AOA,Contact
00TqKI751SDcS6X2RH,Send workshop summary,In Progress,Normal,2025-02-07,Call,Synthetic follow-up activity for CRM workflow testing.,2024-09-03T15:15:16Z,0,500FwJ43p85qBkvAP9,Case,003Mq3yB1QMrWPSAUJ,Contact
00TT6X8a4klkTZk21T,Follow up,Completed,High,2025-12-10,Other,Synthetic follow-up activity for CRM workflow testing.,2025-06-15T19:41:42Z,1,001BH0vNAlwEWFXALI,Account,003724XN1HXXGaOYRR,Contact
00TIltNUnEftzX0E4Z,Prepare proposal,Completed,Normal,2022-02-06,Other,Synthetic follow-up activity for CRM workflow testing.,2024-12-07T01:16:45Z,1,006oAJsAbMdLn7iAI5,Opportunity,003IRcIztJ57xyuADT,Contact
00TA5CkDjlQifOMM7W,Review requirements,Waiting on someone else,High,2023-01-25,Other,Synthetic follow-up activity for CRM workflow testing.,2022-05-07T03:37:07Z,0,001CtKb9oj7o8JaYFV,Account,003ZYrjQOc11mxoIVN,Contact
00TWqqWXsz1ht4O2NH,Send workshop summary,Completed,Low,2026-06-01,Other,Synthetic follow-up activity for CRM workflow testing.,2023-02-19T10:24:57Z,1,500sFPzn8KcRzkIISJ,Case,003wQNNb4smiWBWACB,Contact
00TXkxOJutYTeOaEUC,Follow up,In Progress,High,2022-07-11,Call,Synthetic follow-up activity for CRM workflow testing.,2024-04-20T18:37:14Z,0,02iCP17L5BGIGPWIT1,Asset,003y6ePFePqAiqhAK6,Contact
00TEk7vbUz5NsJJETP,Review requirements,Completed,Low,2022-05-11,Other,Synthetic follow-up activity for CRM workflow testing.,2022-06-01T07:53:21Z,1,01te3zIh35yJ4wEASP,Opportunity,003rYgrvc9K7YF1QGX,Contact
00TStYYlTxuePvrEWV,Review requirements,In Progress,High,2022-08-02,Email,Synthetic follow-up activity for CRM workflow testing.,2024-10-05T14:52:47Z,0,02i2NftTh9fUserQBW,Asset,003JgjsbJD2FrGMYS3,Contact
00Tmzht8JDxGbSO2M3,Follow up,Waiting on someone else,Low,2021-09-29,Other,Synthetic follow-up activity for CRM workflow testing.,2024-12-18T18:44:48Z,0,51iB8VNbijPpetFIJJ,Opportunity,00Q7wGkg4yfm36VECU,Lead
00TPM7gh7uFigcmM62,Send workshop summary,Not Started,Low,2025-12-02,Email,Synthetic follow-up activity for CRM workflow testing.,2024-07-30T18:04:49Z,0,,,003uHXEGxdBdOxnQGN,Contact
00TMvJmnPYgWNku2WY,Prepare proposal,In Progress,High,2021-05-01,Email,Synthetic follow-up activity for CRM workflow testing.,2024-07-30T07:16:27Z,0,,,003ov34WJpeW8frIIQ,Contact
00T2hzcaOlemJZ9MWK,Send workshop summary,Not Started,Low,2023-09-21,Call,Synthetic follow-up activity for CRM workflow testing.,2022-05-29T13:22:46Z,0,800FGEvTZ8ZPUxkYSR,Contract,,
00TFeE9ABswkFF1U43,Prepare proposal,Waiting on someone else,Low,2021-04-18,Call,Synthetic follow-up activity for CRM workflow testing.,2021-03-07T05:35:44Z,0,001F0HyTq0ZVe9LIP9,Account,003epRpQJrSFaXzIDT,Contact
00T6smV8ooaP9sfE8O,Prepare proposal,Deferred,Low,2021-05-01,Call,Synthetic follow-up activity for CRM workflow testing.,2022-06-14T15:04:22Z,0,500IXjfNQ6V3YxvYII,Case,003PaYsXugG26EiIWS,Contact
00TTdBiw2wzvQxUUZ0,Follow up,Waiting on someone else,High,2025-02-17,Other,Synthetic follow-up activity for CRM workflow testing.,2026-06-15T18:07:43Z,0,521RCi4InzDJlbwA0D,Opportunity,,
00TJQx11THSkmPEMAB,Follow up,Deferred,Normal,2023-12-13,Other,Synthetic follow-up activity for CRM workflow testing.,2023-10-10T03:12:39Z,0,001yvWhfz01vDWFY3M,Account,003e04AIBihHU6ZIAM,Contact
00TZZALShwZ670RMUU,Prepare proposal,In Progress,Low,2022-09-09,Other,Synthetic follow-up activity for CRM workflow testing.,2022-09-30T22:12:32Z,0,006TF68FDH8V1zoAAG,Opportunity,003HWQXyBT2LZAIIEP,Contact
00TtQT15HHVb8E2MQM,Prepare proposal,Not Started,High,2026-05-08,Call,Synthetic follow-up activity for CRM workflow testing.,2021-06-13T12:44:14Z,0,,,00385sanazmf8LuY2V,Contact
00TppDVtD2TsfbNM28,Send workshop summary,Not Started,Normal,2022-11-04,Email,Synthetic follow-up activity for CRM workflow testing.,2021-11-28T17:37:24Z,0,,,,
00THq0tYDyQ57AOEJK,Follow up,Deferred,Normal,2021-09-09,Call,Synthetic follow-up activity for CRM workflow testing.,2024-10-19T20:40:40Z,0,,,003q8mtebAQ72SHQV5,Contact
00TognqeJnjJNzyUAH,Follow up,Completed,Normal,2022-09-04,Call,Synthetic follow-up activity for CRM workflow testing.,2023-12-15T04:16:46Z,1,701DNuvDGEm4hghY4U,Campaign,003NlXAe6NaQRtvYDS,Contact
00TGBDuZamM53eZUKZ,Review requirements,Deferred,High,2022-07-02,Email,Synthetic follow-up activity for CRM workflow testing.,2024-10-08T14:57:01Z,0,,,003EwvbyLlUL57XQ7B,Contact
00TxlJPaWXlX7XvEIV,Follow up,Deferred,Low,2023-01-08,Other,Synthetic follow-up activity for CRM workflow testing.,2025-04-11T22:49:58Z,0,50031d52dCe0pjjIBP,Case,00Q1z6j0fQ1VQzwMD2,Lead
00TTv9cgDzpFFQhMER,Send workshop summary,Completed,Normal,2024-05-02,Other,Synthetic follow-up activity for CRM workflow testing.,2022-03-17T09:28:51Z,1,,,003hl7pZAG0UVWaIY9,Contact
00TMDX5153oFm7z2DV,Prepare proposal,Not Started,High,2025-07-03,Email,Synthetic follow-up activity for CRM workflow testing.,2023-03-16T05:17:44Z,0,0016aFsydu36rL2Y22,Account,003vxQYogxx6ijFY4J,Contact
00TZv2tin5C2dso2RK,Prepare proposal,Completed,Low,2024-08-03,Other,Synthetic follow-up activity for CRM workflow testing.,2025-03-19T23:09:26Z,1,70im4fcBOn2NvJPAJ4,Order,0034sReClnPK0KLY7F,Contact
00T5zKHu38t186CMDP,Prepare proposal,Waiting on someone else,Low,2025-01-09,Email,Synthetic follow-up activity for CRM workflow testing.,2023-01-08T04:43:44Z,0,001LDvrdIgxRUc4IID,Account,00QRFyE9L1oh5d32S6,Lead
00TW5DvBUmWvSTEUYY,Review requirements,Waiting on someone else,Low,2023-01-28,Email,Synthetic follow-up activity for CRM workflow testing.,2023-05-03T11:24:52Z,0,500rAj6bKD7dbPdQOQ,Case,003GweaslhRRyCLI5I,Contact
00T11GZYOgpo9oj228,Review requirements,In Progress,Normal,2021-09-25,Email,Synthetic follow-up activity for CRM workflow testing.,2021-04-17T23:40:13Z,0,01t5RWDmHRgJiIMYJP,Product2,003rCLXjA5zuMQ9YSM,Contact
00TaVV0Aru3449wEBR,Follow up,Waiting on someone else,High,2026-07-14,Email,Synthetic follow-up activity for CRM workflow testing.,2025-06-28T08:06:25Z,0,001ygA3FAG75gTTAXO,Account,003t1CEwBUqc6XgYYE,Contact
00TokcCmB1a9t8vUV4,Prepare proposal,Deferred,Normal,2024-07-01,Email,Synthetic follow-up activity for CRM workflow testing.,2021-05-03T17:42:47Z,0,801J3RuqW1IzAZJINF,Order,003kRkF0RFLnScnQU0,Contact
00TOlgf12OgEneLU61,Follow up,Deferred,Normal,2025-01-26,Call,Synthetic follow-up activity for CRM workflow testing.,2024-06-21T11:14:46Z,0,701T7xJocH3zs1NQYF,Campaign,,
00TEm2HD7AxmfOOMEK,Follow up,Completed,Low,2024-12-25,Other,Synthetic follow-up activity for CRM workflow testing.,2021-04-28T09:03:44Z,1,001KInyPfEAkhgcQEO,Account,003XLYg95CtXxfyIBH,Contact
00TGYqNWLe2siBd2CZ,Review requirements,In Progress,High,2021-05-19,Call,Synthetic follow-up activity for CRM workflow testing.,2022-01-15T09:41:21Z,0,001KqKN8Jf0F9i9AKQ,Account,0037Z1wIgcENFXbIOW,Contact
00T6DoWhyVaYNyuM5C,Prepare proposal,Not Started,Normal,2025-03-14,Email,Synthetic follow-up activity for CRM workflow testing.,2021-10-31T16:09:41Z,0,01tx6kM8gaCVxGVY0I,Product2,003uXPAjP3crKTbIVX,Contact
00TydmghMsCKXeT2BJ,Follow up,In Progress,High,2021-12-23,Call,Synthetic follow-up activity for CRM workflow testing.,2022-04-10T04:26:59Z,0,0019ojrY0cvCQ2UQ6L,Account,003FFuUDgFan9kJQQ3,Contact
00T8U4fUZSBgsSlMVP,Review requirements,In Progress,Normal,2023-06-07,Call,Synthetic follow-up activity for CRM workflow testing.,2021-04-13T14:22:10Z,0,001iIp10CH2rdjrQCH,Account,003csjCNl69pveQAHU,Contact
00TcknAXWHKnsoEMW8,Follow up,In Progress,Normal,2023-09-25,Other,Synthetic follow-up activity for CRM workflow testing.,2022-08-11T19:26:19Z,0,500IDUWB178DUSaI57,Case,003CgiJvxFSJcNTYAN,Contact
00Tkz55zyH5JBXqUBE,Follow up,Waiting on someone else,High,2025-10-19,Email,Synthetic follow-up activity for CRM workflow testing.,2022-12-13T22:31:09Z,0,80tJLbrdX7xrvrIIWM,Opportunity,0032H8gQHROz6gcQPL,Contact
00TWajvZlecxJ8WEYP,Send workshop summary,Completed,Normal,2026-02-17,Other,Synthetic follow-up activity for CRM workflow testing.,2023-11-03T09:02:54Z,1,,,,
00T6CAao27jMp6OU2X,Send workshop summary,Waiting on someone else,High,2023-09-28,Other,Synthetic follow-up activity for CRM workflow testing.,2021-01-28T13:39:52Z,0,801Iu2R1frceDaLAOX,Order,00Qhv6hNnglMkgEE3G,Lead
00TJUodseRBOkXNMON,Review requirements,Deferred,Low,2022-08-14,Call,Synthetic follow-up activity for CRM workflow testing.,2025-12-06T09:07:24Z,0,,,003iPxRW4x8Atg0QMZ,Contact
00Tram1YwATFqHg20A,Review requirements,Completed,Normal,2023-05-22,Call,Synthetic follow-up activity for CRM workflow testing.,2021-08-18T19:04:48Z,1,701T7xJocH3zs1NQYF,Campaign,003CsTIhVIhic3fQ5Z,Contact
00TfvvtBPvVv4QnU5S,Follow up,In Progress,High,2025-01-06,Other,Synthetic follow-up activity for CRM workflow testing.,2022-01-01T14:10:42Z,0,01twCEcgDDkMd9pACR,Product2,,
00TRLmSXucGVYDL2BP,Follow up,Completed,Normal,2022-07-13,Email,Synthetic follow-up activity for CRM workflow testing.,2023-03-25T11:12:45Z,1,006DNVYpZAeKKNsIZ8,Opportunity,003unNnhg4TgV1tAY1,Contact
00TqV5FYUGsRJIm2EO,Review requirements,Completed,Normal,2023-12-09,Email,Synthetic follow-up activity for CRM workflow testing.,2024-11-13T11:46:05Z,1,,,003EAApQ6DjAsfKYK5,Contact
00TfKlly29FvhQCEIW,Send workshop summary,Not Started,Normal,2025-07-09,Call,Synthetic follow-up activity for CRM workflow testing.,2021-05-12T01:32:31Z,0,,,00Qdpefghnf6XPNULF,Lead
00TAW0ArVbUC0ulMD7,Follow up,In Progress,High,2023-08-04,Email,Synthetic follow-up activity for CRM workflow testing.,2026-04-01T22:23:27Z,0,001lY6NBb5ge9JhIW4,Account,00Q1KjUx87yI0dEEY8,Lead
00TvYuwFD8QFvrj2BR,Review requirements,Waiting on someone else,Normal,2022-09-24,Call,Synthetic follow-up activity for CRM workflow testing.,2025-06-21T02:25:10Z,0,500QrZdTigUN5DeA8V,Case,003m3ncht0KhZ0PATP,Contact
00TVQtg8LcqZ79mUGY,Follow up,Completed,Normal,2023-07-21,Email,Synthetic follow-up activity for CRM workflow testing.,2025-03-11T12:32:42Z,1,81t04RUKzfxWYDPA3Z,Opportunity,003uvIfIopZaMbyQ8S,Contact
00TEB7UVhlDDSZMMUX,Follow up,In Progress,Normal,2022-03-02,Other,Synthetic follow-up activity for CRM workflow testing.,2024-08-28T05:40:22Z,0,701JAQrUVjwb0lkIRC,Campaign,003qX52xHCrp5oWID2,Contact
00TzgThpPXpy120EOZ,Prepare proposal,In Progress,High,2022-07-25,Other,Synthetic follow-up activity for CRM workflow testing.,2021-05-25T17:06:06Z,0,,,0031pSvTZV7OfZtAV6,Contact
00T7bDW9Q4nrF30ERB,Prepare proposal,In Progress,Low,2021-10-09,Other,Synthetic follow-up activity for CRM workflow testing.,2025-08-06T02:45:25Z,0,500gXsW3KnVriomAIG,Opportunity,003Y2cRuE4UwAjvQEK,Contact
00TFernTm1O5rJzE44,Review requirements,In Progress,Low,2021-10-27,Other,Synthetic follow-up activity for CRM workflow testing.,2026-06-21T15:37:48Z,0,500pOfFvMHOlWASAWR,Case,,
00Tr9dlldABt637MVX,Follow up,Not Started,High,2024-06-10,Other,Synthetic follow-up activity for CRM workflow testing.,2025-11-02T16:23:20Z,0,80iFznLOYTxhHHUQ1L,Opportunity,0030frhZtPJhLZwQAT,Contact
00TEwyPmbNr0SaPM6M,Follow up,In Progress,Low,2026-01-18,Call,Synthetic follow-up activity for CRM workflow testing.,2023-08-12T21:36:42Z,0,500aQIdYV4WZEUIIOP,Case,,
00TxXaKpsq5Papy2KR,Review requirements,Not Started,Low,2026-02-16,Email,Synthetic follow-up activity for CRM workflow testing.,2023-03-21T23:22:33Z,0,01t3Nq3JHhA4xigQ1N,Opportunity,003FbR5EW5J2ZzlQZL,Contact
00Twepmmu45kAyMEM3,Prepare proposal,Completed,Low,2024-01-16,Other,Synthetic follow-up activity for CRM workflow testing.,2026-01-17T08:11:36Z,1,001OR7GRtb417SOIE9,Account,003jGUbFYXqxnmyQ4F,Contact
00T7ClovLY30D9dUQF,Send workshop summary,Deferred,High,2023-07-24,Call,Synthetic follow-up activity for CRM workflow testing.,2022-11-29T08:24:09Z,0,,,003cDJscbZK0JtHQIR,Contact
00TJ9yEyppp0iWyM36,Review requirements,Completed,Low,2024-10-03,Other,Synthetic follow-up activity for CRM workflow testing.,2026-01-20T14:38:46Z,1,006JBCuzYapF5eRQOG,Opportunity,003zCKLKBY2WayZIVA,Contact
00To1OfQGweB1S22EH,Prepare proposal,In Progress,High,2022-06-27,Other,Synthetic follow-up activity for CRM workflow testing.,2024-11-02T15:19:37Z,0,500TEKAuJlT04J7AGN,Case,003091FMmumHlJoQPY,Contact
00T0vjEg9lvME7524T,Prepare proposal,Completed,High,2025-07-03,Call,Synthetic follow-up activity for CRM workflow testing.,2021-08-19T18:34:52Z,1,,,003FvRTfDSIkznUAKO,Contact
00TrdzcGAwA7JaD24L,Review requirements,Not Started,Normal,2024-09-05,Other,Synthetic follow-up activity for CRM workflow testing.,2022-06-08T02:16:59Z,0,701qGSJSbVRjjNMQYD,Campaign,00QQqJAaUviX8v0E5C,Lead
00TIRfmeYfdqBIw2GL,Send workshop summary,Completed,Normal,2024-06-25,Email,Synthetic follow-up activity for CRM workflow testing.,2026-02-21T06:21:31Z,1,500oU7yPyOgCUIOA7N,Case,0033RMdmQ37dTrIDTG,Lead
00TykIoSCDtXXTKUJL,Prepare proposal,Completed,Low,2024-02-13,Other,Synthetic follow-up activity for CRM workflow testing.,2024-05-16T07:26:05Z,1,02iHbHt4A9AbSy5ASZ,Asset,003rKCQ5NwAa16AY52,Contact
00TIgmGzdQbt9OsMFW,Send workshop summary,Waiting on someone else,High,2021-12-23,Call,Synthetic follow-up activity for CRM workflow testing.,2026-02-19T01:53:16Z,0,006Lxqd7zx3kqpLAYY,Opportunity,0030O6AOuLKmcGDQ02,Contact
00TzTkUI8V6vmTJE6E,Send workshop summary,Deferred,Low,2021-07-21,Other,Synthetic follow-up activity for CRM workflow testing.,2023-12-03T12:35:31Z,0,,,003YfmhijlAUdUoAE1,Contact
00TcEGUT9EanRym2JP,Send workshop summary,Deferred,Normal,2024-02-19,Email,Synthetic follow-up activity for CRM workflow testing.,2021-12-17T10:46:01Z,0,80tGXaVLkhJzqtaIJH,Opportunity,00QAyx6YihUnDOHEIZ,Lead
00TiukexBALXp6tMPM,Prepare proposal,Completed,Low,2026-05-20,Call,Synthetic follow-up activity for CRM workflow testing.,2022-12-07T11:46:01Z,1,02iEFuQjSEskB8IAGE,Asset,,
00Tsz28uslgGrxG2YI,Follow up,Not Started,High,2024-04-30,Other,Synthetic follow-up activity for CRM workflow testing.,2021-04-06T05:02:37Z,0,511VHg0pbxkr9bRQ1X,Opportunity,00QZ0uoucMWu0I9E9E,Lead
00TjFm49FGTg60P2DM,Follow up,In Progress,Low,2024-05-04,Call,Synthetic follow-up activity for CRM workflow testing.,2022-08-28T17:19:24Z,0,816jvzLq14lW3XrIBO,Opportunity,003s1JrQYNqPqGT0H4,Lead
00TXbae1o2J73nWER1,Prepare proposal,Not Started,High,2022-09-06,Email,Synthetic follow-up activity for CRM workflow testing.,2021-09-22T15:33:11Z,0,001TBaHImIEtjplQN7,Account,00QTaPsEm77tjXeETZ,Lead
00TbVr0a4n8z5CBMW1,Follow up,Waiting on someone else,High,2021-07-18,Other,Synthetic follow-up activity for CRM workflow testing.,2021-11-13T12:17:32Z,0,006iaDkq3CC7VlJI4X,Opportunity,003lfTCNDHmobXYIMN,Contact
00Tiwin9SAixkwP2N1,Prepare proposal,In Progress,Normal,2024-03-09,Email,Synthetic follow-up activity for CRM workflow testing.,2023-12-30T02:58:35Z,0,0018MjZShtig55PAG6,Account,003gNkaswBOnskIYPY,Contact
00TQyzKfNiXtiudM4S,Prepare proposal,Completed,High,2021-10-29,Call,Synthetic follow-up activity for CRM workflow testing.,2022-05-24T22:24:47Z,1,0061IIS0Mcc4usYIDW,Opportunity,0034vRnbCAh1RiuA0A,Contact
00TSLWe2zLjqUd2MMG,Prepare proposal,Deferred,Low,2024-03-25,Other,Synthetic follow-up activity for CRM workflow testing.,2024-06-26T06:19:05Z,0,02iaDVhzRAK51XlANF,Asset,00Q3LoqqSq0mNgIEYI,Lead
00TiCGDW0PaEGFNEJW,Prepare proposal,Completed,Low,2024-12-30,Email,Synthetic follow-up activity for CRM workflow testing.,2021-06-10T07:17:03Z,1,701xpHq35ZSnJpBQKY,Campaign,003jpIM5bWThTevA49,Contact
00TulBh4gRk8X552C7,Follow up,In Progress,High,2022-09-18,Call,Synthetic follow-up activity for CRM workflow testing.,2025-03-22T11:01:41Z,0,,,003YdRU4gZrocWZQU5,Contact
00TrOkBR11c4EXjUZJ,Send workshop summary,Deferred,High,2025-02-07,Email,Synthetic follow-up activity for CRM workflow testing.,2026-03-20T15:55:13Z,0,001ViLIuvoOkEvIYR2,Account,003GweaslhRRyCLI5I,Contact
00Tm1fTBo2077BMMXR,Review requirements,Waiting on someone else,Low,2022-04-27,Call,Synthetic follow-up activity for CRM workflow testing.,2024-02-22T03:28:38Z,0,500sSKvqYG1SW8LQI0,Case,003lesXU7uXxsjtYHT,Contact
00TFI7WoLfzq3NF22P,Send workshop summary,Waiting on someone else,High,2026-06-07,Email,Synthetic follow-up activity for CRM workflow testing.,2026-04-17T02:22:13Z,0,701s2qORj9Q5274YHM,Campaign,003bou0dAYXn7MIQQ7,Contact
00T7cjS1ZndC7KFU73,Follow up,Completed,High,2021-08-01,Other,Synthetic follow-up activity for CRM workflow testing.,2025-07-24T22:49:14Z,1,02ikGvmq1q2jszEY3X,Asset,003VD2JfbrBwCTuQPC,Contact
00TDG2POhiIAlMuEAX,Prepare proposal,Not Started,Low,2023-09-01,Call,Synthetic follow-up activity for CRM workflow testing.,2024-10-04T08:29:10Z,0,001uKtjv3QWz3nDQSN,Account,00QyF9Q3g3gzDuNEQN,Lead
00TyaTXVUIWAKW528P,Prepare proposal,Completed,Normal,2021-04-24,Call,Synthetic follow-up activity for CRM workflow testing.,2023-02-28T14:23:21Z,1,001wp2Q6PkIMrfFY6U,Account,003cxU9UTk9dRNPQ35,Contact
00T3CtKxok9TGuu2TD,Send workshop summary,In Progress,Low,2026-01-07,Email,Synthetic follow-up activity for CRM workflow testing.,2025-10-07T02:48:36Z,0,001ViLIuvoOkEvIYR2,Account,,
00Tr8ur5xGP0TgQM9M,Follow up,Completed,Normal,2024-09-30,Call,Synthetic follow-up activity for CRM workflow testing.,2021-01-22T03:12:03Z,1,500dBMrIIAZJSILYWT,Case,003q4mM8M5swTliYEV,Contact
00TgIABXnFW6XhL2XM,Follow up,Not Started,Normal,2026-07-21,Other,Synthetic follow-up activity for CRM workflow testing.,2023-07-13T03:45:34Z,0,010sAkIXh4YIj8HQ3U,Opportunity,003Eiir1zfVRuSlIZ7,Contact
00TsdgZ2nFl0ereE7X,Send workshop summary,Waiting on someone else,High,2021-05-08,Other,Synthetic follow-up activity for CRM workflow testing.,2023-07-29T19:17:41Z,0,710o83hvzN5Li6qYSI,Opportunity,003OWd5IYnLefvxA6Z,Contact
00TwurjRn98FEwsUER,Prepare proposal,Waiting on someone else,Low,2023-04-14,Call,Synthetic follow-up activity for CRM workflow testing.,2022-04-28T21:35:30Z,0,001Xr4ot1oG2AteQ4O,Account,003FVdzmg89BUslA0L,Contact
00T4qfbjCrvKJoEMX7,Review requirements,Deferred,High,2021-10-31,Call,Synthetic follow-up activity for CRM workflow testing.,2025-02-25T01:45:39Z,0,02icNJrjooDqU56QAD,Asset,00QfY4KdGU4bscbUYE,Lead
00Th1EAsWqDmgd1MLU,Send workshop summary,Not Started,Normal,2021-08-13,Call,Synthetic follow-up activity for CRM workflow testing.,2025-11-25T06:30:03Z,0,0018MjZShtig55PAG6,Account,003WU4Q6S7FReEGY2S,Contact
00TxERZlsNgeTFdE4S,Send workshop summary,Deferred,Low,2023-08-20,Call,Synthetic follow-up activity for CRM workflow testing.,2025-10-21T05:35:06Z,0,500wrP3FKWu1E6MYGA,Case,003QphbEsCBXtPFY5A,Contact
00TRF5u7GShTAun2F0,Prepare proposal,In Progress,High,2021-04-01,Other,Synthetic follow-up activity for CRM workflow testing.,2022-02-12T18:45:11Z,0,806oMmi8VuTjHdWQVR,Opportunity,003lbKNMHNjtdqRARC,Contact
00TT4csjRGZAmWD2PO,Review requirements,Completed,Normal,2021-04-08,Call,Synthetic follow-up activity for CRM workflow testing.,2025-05-17T06:52:06Z,1,0018MjZShtig55PAG6,Account,003gibM8EWLdfqIIMK,Contact
00TpZwCiuLJs3HxUVJ,Prepare proposal,In Progress,High,2022-01-14,Call,Synthetic follow-up activity for CRM workflow testing.,2024-03-29T23:18:45Z,0,006qpKx4UmW1s7SIW0,Opportunity,,
00TyJf5IcTDJN3aML8,Send workshop summary,Completed,High,2022-12-27,Call,Synthetic follow-up activity for CRM workflow testing.,2021-07-28T06:19:54Z,1,500YYnF1V8XptMjIK9,Case,,
00T8j1iKRIbCpDkU1R,Prepare proposal,Completed,High,2023-08-13,Other,Synthetic follow-up activity for CRM workflow testing.,2021-01-01T13:36:09Z,1,001j6nRokzRlCs1Y07,Account,,
00T38adlsFsSTeO20K,Follow up,Not Started,High,2023-05-25,Other,Synthetic follow-up activity for CRM workflow testing.,2025-04-09T19:47:40Z,0,500ZCAbxyaSIdCcAUE,Case,003s6dF4hMdQPk0I7Y,Contact
00TOk6bZ0OBOWym2TB,Review requirements,In Progress,Low,2026-01-23,Call,Synthetic follow-up activity for CRM workflow testing.,2023-09-28T11:59:58Z,0,001yQSD3rwvt3ZBAV9,Account,003Y5lqRcSEWJLHQDQ,Contact
00TzlgChMivF7l3MKN,Review requirements,Not Started,High,2024-12-18,Other,Synthetic follow-up activity for CRM workflow testing.,2023-05-16T15:10:09Z,0,001dbHSEev61SnuI4N,Account,,
00TfoAwDpODMrQ6MCA,Prepare proposal,Not Started,Normal,2024-03-08,Other,Synthetic follow-up activity for CRM workflow testing.,2023-07-02T14:40:33Z,0,001ViLIuvoOkEvIYR2,Account,00QTTrkn0wEfKBfUZK,Lead
00TOhhUcLS0x1ulU02,Review requirements,Waiting on someone else,Normal,2021-10-02,Call,Synthetic follow-up activity for CRM workflow testing.,2022-12-02T08:55:33Z,0,001jsWcaI2ueqNkQ4J,Account,0033nvPqIBVsUj3Q2V,Contact
00TSuGIow7dlbfQU5K,Send workshop summary,In Progress,High,2026-07-02,Call,Synthetic follow-up activity for CRM workflow testing.,2026-04-08T10:54:19Z,0,500olBqyVP8BTaDQAS,Case,003oj6cOO7gvPVmYF4,Contact
00Tb6QnOVA2nDAR2US,Prepare proposal,Waiting on someone else,Low,2025-05-19,Call,Synthetic follow-up activity for CRM workflow testing.,2026-03-03T07:00:27Z,0,001MetGBUEn7phAIPH,Account,00Qqg6a2Ag3jlA8U81,Lead
00TUfmW19RwCLAX2O9,Review requirements,Completed,High,2021-12-16,Email,Synthetic follow-up activity for CRM workflow testing.,2023-07-05T10:27:35Z,1,001MVhM44DqZNFnI35,Account,003Oezkqulk6ewjQIA,Contact
00TQtUEZ2onotVDE2X,Send workshop summary,Not Started,Normal,2023-08-09,Call,Synthetic follow-up activity for CRM workflow testing.,2022-12-03T01:01:45Z,0,72ttHoExhn8TD4pYOO,Opportunity,003HTQjXe9xMfTvYXH,Contact
00TgVPKOIr7VpvsMQR,Send workshop summary,In Progress,Low,2025-09-09,Call,Synthetic follow-up activity for CRM workflow testing.,2022-11-03T20:57:44Z,0,80ig0h44cCZ9guhILV,Opportunity,00QRN6LgKW7Qbgp2CE,Lead
00TdbAR3JhYT1bM2DR,Follow up,Completed,Normal,2022-02-25,Email,Synthetic follow-up activity for CRM workflow testing.,2025-04-03T21:20:45Z,1,006256MqpWNIFykIC2,Opportunity,003ElZHDbgHbq2pARJ,Contact
00Tec70vFeieKOMEFD,Review requirements,Deferred,Normal,2025-10-29,Other,Synthetic follow-up activity for CRM workflow testing.,2022-11-16T23:18:01Z,0,001ltvwfHnMcdhbAJS,Account,003zxGqpNH4Sri6A1L,Contact
00TuqAHhDR6w8LAE9X,Follow up,In Progress,High,2024-01-29,Other,Synthetic follow-up activity for CRM workflow testing.,2026-06-12T13:53:16Z,0,7016JVvcTYMBRjjQNA,Campaign,,
00TjEDCgbBHeggME3W,Review requirements,Not Started,High,2023-08-06,Call,Synthetic follow-up activity for CRM workflow testing.,2021-06-07T11:31:34Z,0,500vDhmP7CkzRSNALO,Case,00338UX9kGNIwR6YNC,Contact
00TmOifmxV3JlD3UD4,Follow up,Not Started,High,2025-09-09,Call,Synthetic follow-up activity for CRM workflow testing.,2024-02-21T10:21:15Z,0,7017OD7USLqvwTSQ40,Campaign,0039IYcMkc2rU2rIBM,Contact
00TaShPcQ6ttkfwESA,Send workshop summary,Not Started,High,2024-06-01,Other,Synthetic follow-up activity for CRM workflow testing.,2024-07-11T13:01:41Z,0,706Hr5e3P6NdDKCQ0B,Order,003woNCXNVLDq9iIP3,Contact
00TjSrcb8n4XN8E2CI,Review requirements,Waiting on someone else,High,2022-09-26,Call,Synthetic follow-up activity for CRM workflow testing.,2022-10-27T23:50:49Z,0,001vnn1W5RPN0LPYO8,Account,003qn7flMREuZdfQMB,Contact
00TZIhiVcPqFGLhMEE,Review requirements,Completed,High,2024-07-25,Email,Synthetic follow-up activity for CRM workflow testing.,2021-03-28T00:24:50Z,1,01tYt0OB7MID1hWAG2,Product2,,
00TdyEFvzIeI9P0EIJ,Review requirements,Deferred,Normal,2023-03-01,Email,Synthetic follow-up activity for CRM workflow testing.,2023-05-23T19:13:09Z,0,500MhDD6vWTxYsIA8Z,Case,003DHT1BWwla1twQJQ,Contact
00TtVEaaiDN7BpVMMY,Follow up,Deferred,Normal,2021-02-16,Other,Synthetic follow-up activity for CRM workflow testing.,2024-04-23T04:18:28Z,0,800zATKURG1GyvwICD,Contract,003RKx4RYpV8PObIGS,Contact
00Tk5tIJP4goVccM3V,Send workshop summary,Waiting on someone else,Low,2022-04-12,Email,Synthetic follow-up activity for CRM workflow testing.,2026-01-23T19:09:40Z,0,001Mpzq9x2yVI5HAED,Account,,
00T0I00bvmGhb4fUNF,Follow up,Not Started,Normal,2022-03-15,Call,Synthetic follow-up activity for CRM workflow testing.,2023-05-21T22:00:57Z,0,,,003z2biclLyTGDCI9L,Contact
00TI8QYniaNpSZOEPY,Follow up,Completed,Normal,2021-12-08,Email,Synthetic follow-up activity for CRM workflow testing.,2025-09-18T11:19:46Z,1,001FVBcrH6719XQAUS,Account,003OAkfyP4d2ErpYXI,Contact
00T89dG3OSwbOCREBE,Review requirements,Completed,Low,2022-02-24,Call,Synthetic follow-up activity for CRM workflow testing.,2022-12-31T16:37:17Z,1,500Yludj08C3bVCIBJ,Case,003YQ6RFzqAJlhFI5Y,Contact
00TtubNy8v4rLtwMTT,Follow up,Waiting on someone else,Normal,2025-11-14,Call,Synthetic follow-up activity for CRM workflow testing.,2024-12-10T05:36:40Z,0,70titUbXvNESuZzI2D,Opportunity,003GCiusFbMca93YBA,Contact
00TjFjHgXe7XBdeU57,Follow up,Deferred,High,2026-07-04,Call,Synthetic follow-up activity for CRM workflow testing.,2025-04-09T00:23:20Z,0,700bvDr39A6fiQ0Q2S,Opportunity,00QNVx3rVjayPQUM9L,Lead
00TdyxzLN3BwVwJENA,Follow up,In Progress,Normal,2021-06-19,Call,Synthetic follow-up activity for CRM workflow testing.,2024-11-03T08:14:43Z,0,826g08vVGgEU6FqQUH,Opportunity,00QiLN15fYlJlIhM1J,Lead
00T17qPe0H0RrawEYC,Prepare proposal,Deferred,High,2022-11-20,Other,Synthetic follow-up activity for CRM workflow testing.,2023-05-18T02:00:50Z,0,0060CrcLRUoFi5HALK,Opportunity,003sGE8qPep2Bn9AY8,Contact
00TpaIJl0K61PXHML9,Follow up,Waiting on someone else,High,2023-02-23,Call,Synthetic follow-up activity for CRM workflow testing.,2021-09-30T04:19:21Z,0,02iZVvpc43DFLs0QVB,Asset,003eActERmhnk8VIOQ,Contact
00ThRn5Jkhez3MAMB6,Review requirements,Completed,Low,2023-10-24,Other,Synthetic follow-up activity for CRM workflow testing.,2024-02-03T23:00:20Z,1,001HN4NjiBD6CXII3H,Account,003DBpHSvQJQYzUQTK,Contact
00TqZ2gdRCI2y9r2GV,Send workshop summary,Completed,Low,2022-01-08,Other,Synthetic follow-up activity for CRM workflow testing.,2021-07-16T05:07:52Z,1,001Ee8rMt958Fh9Y0A,Account,,
00TMrMZmA34S1elEI3,Review requirements,Deferred,Normal,2021-08-05,Email,Synthetic follow-up activity for CRM workflow testing.,2025-02-19T22:35:12Z,0,001jsWcaI2ueqNkQ4J,Account,003kCsx65ghko6fQ8Z,Contact
00TVMA2OJ6bWRpn22O,Follow up,In Progress,High,2021-08-12,Call,Synthetic follow-up activity for CRM workflow testing.,2025-03-10T02:47:38Z,0,006UjOrr7j0yErBITV,Opportunity,003KHRGIQ3LptrWQF1,Contact
00TunXgjv3us9AeE5A,Follow up,In Progress,High,2025-07-26,Call,Synthetic follow-up activity for CRM workflow testing.,2025-12-22T15:14:06Z,0,,,003OudIDdeswrwGIHG,Contact
00TIYSAUv5WYhvx2M1,Send workshop summary,In Progress,Low,2023-09-25,Other,Synthetic follow-up activity for CRM workflow testing.,2023-05-06T07:01:58Z,0,701iu7etaRTqbMlANW,Campaign,0034sReClnPK0KLY7F,Contact
00ToF32OPyxKaG8EWB,Follow up,In Progress,Normal,2022-04-19,Other,Synthetic follow-up activity for CRM workflow testing.,2021-11-30T00:18:39Z,0,006MMRYM6xOguWEQLD,Opportunity,00QzwX2P1nF8dx22ZS,Lead
00TBqE0w8Z3hyi6MZD,Follow up,Not Started,Normal,2023-12-10,Email,Synthetic follow-up activity for CRM workflow testing.,2024-11-16T05:54:12Z,0,500d2dJUStTISfUQGQ,Case,003iGzeGq7EA63fI29,Contact
00T1GvR8EoIx76bUBI,Prepare proposal,Completed,Normal,2021-06-25,Other,Synthetic follow-up activity for CRM workflow testing.,2021-06-10T06:51:59Z,1,80ig0h44cCZ9guhILV,Opportunity,,
00TIdi0lc6SaLkqEV7,Follow up,Completed,Normal,2024-10-19,Call,Synthetic follow-up activity for CRM workflow testing.,2022-07-15T00:55:57Z,1,006tG1bv8XHt2VHY2D,Opportunity,003sa1sCOZNTWwDQEN,Contact
00TD8ETyYbBZOUcECB,Review requirements,In Progress,High,2023-09-07,Email,Synthetic follow-up activity for CRM workflow testing.,2023-04-24T01:47:55Z,0,500xH6PMRxNjCeUQE0,Case,0031ouue6VvMIHmY1K,Contact
00TatcRNL9dIC24MY4,Follow up,Not Started,Low,2025-02-02,Other,Synthetic follow-up activity for CRM workflow testing.,2023-04-11T05:12:58Z,0,80iq1Bh2MseHsg3YUS,Opportunity,00Q8BQ4ZlE1JsMh2I7,Lead
00TsicBD7lIOidiU2K,Send workshop summary,Completed,Low,2022-04-14,Email,Synthetic follow-up activity for CRM workflow testing.,2022-02-11T13:19:21Z,1,001PzKgNp7GjqwfI1O,Account,003OYlRigytfHN6IEE,Contact
00TUBjh6ub4B3FnEFQ,Prepare proposal,Not Started,Low,2023-12-05,Call,Synthetic follow-up activity for CRM workflow testing.,2022-08-08T02:26:04Z,0,02iSHD4BCt6YkbuY4S,Asset,,
00TH09ePCQFqeGYUQ0,Review requirements,Not Started,High,2025-03-07,Email,Synthetic follow-up activity for CRM workflow testing.,2022-12-13T15:27:04Z,0,02i3gSeqCH6BumhAO5,Asset,0039D7aXvRQGJqiITC,Contact
00TkKUFe0VtDDmUMUN,Prepare proposal,In Progress,High,2023-01-23,Call,Synthetic follow-up activity for CRM workflow testing.,2025-06-15T17:32:36Z,0,800IzBADA7mOjsmA4O,Opportunity,003Eiir1zfVRuSlIZ7,Contact
00TiGs4AEcASU3KE47,Prepare proposal,Deferred,High,2025-02-19,Call,Synthetic follow-up activity for CRM workflow testing.,2024-06-06T19:57:58Z,0,,,003vmqy5fND6SOaI5V,Contact
00TOCjKXuBuHuJIUVY,Send workshop summary,In Progress,Normal,2021-04-07,Call,Synthetic follow-up activity for CRM workflow testing.,2024-10-14T07:08:19Z,0,001I8it5OcsqKKxQBX,Order,003C7qNoE31DHCjADX,Contact
00TX8DHGJqk2iNGM75,Review requirements,Completed,High,2021-04-02,Other,Synthetic follow-up activity for CRM workflow testing.,2025-08-17T12:37:54Z,1,001X3Yql9lqICvlQUO,Account,003sgR2q9AxKS7HYS0,Contact
00TtWLxI8Ne3yxIEZQ,Prepare proposal,In Progress,Low,2022-08-04,Other,Synthetic follow-up activity for CRM workflow testing.,2021-02-20T18:55:20Z,0,,,,
00TB28SFgvUxWkiUG7,Prepare proposal,Waiting on someone else,Normal,2025-03-19,Call,Synthetic follow-up activity for CRM workflow testing.,2023-03-24T15:00:10Z,0,526TlzauHPH30K4Y3Y,Opportunity,003hSPH7e0S4NL9IKA,Contact
00T4IdH6sUwLKHyMN8,Send workshop summary,Not Started,High,2023-09-22,Email,Synthetic follow-up activity for CRM workflow testing.,2025-01-20T18:54:40Z,0,811UTIaOO54SbdUIJA,Order,003FleqxJrSVsQzIBE,Contact
00Ta6549gb10bGi25X,Follow up,Not Started,High,2024-10-23,Email,Synthetic follow-up activity for CRM workflow testing.,2022-01-07T10:28:06Z,0,500Xvl03edwo0wrAXA,Case,00QPCpKht4MjdBqM1U,Lead
00TwDNLAU2Magd0ML8,Follow up,Completed,High,2022-09-06,Other,Synthetic follow-up activity for CRM workflow testing.,2021-05-06T16:36:04Z,1,00144eZON6YVcQJIGY,Account,003qX9PyVBghmgsYYV,Contact
00TfL9q6vjXsj2g28E,Prepare proposal,Waiting on someone else,Low,2023-04-10,Call,Synthetic follow-up activity for CRM workflow testing.,2022-12-18T18:40:28Z,0,02iv9kP78HIa0ajQLY,Asset,003gSItjdJa0xcXQ3R,Contact
00T8VFzceFcioAl2GC,Send workshop summary,In Progress,Low,2024-02-27,Other,Synthetic follow-up activity for CRM workflow testing.,2025-06-03T14:55:07Z,0,,,003o7AokIEksfBaIXM,Contact
00T4BKsgn4O2DB92CW,Send workshop summary,Not Started,Low,2026-03-07,Other,Synthetic follow-up activity for CRM workflow testing.,2025-09-23T06:35:55Z,0,701uraexvCqW5fzAQ5,Campaign,003j6lagqBOKu57YGY,Contact
00TN1727L2vBLwYUMX,Send workshop summary,Completed,High,2025-12-24,Call,Synthetic follow-up activity for CRM workflow testing.,2024-06-12T11:31:09Z,1,,,003ivx8Uf855JuuQL9,Contact
00TXfsNdxoxPGntUT7,Send workshop summary,Completed,High,2026-05-12,Other,Synthetic follow-up activity for CRM workflow testing.,2022-08-19T07:20:08Z,1,001lpuGrFmSTBnuY0M,Account,00QOLYCub1fAEg2E4M,Lead
00TSgj0dkWrvRGiUM9,Review requirements,In Progress,High,2021-07-21,Email,Synthetic follow-up activity for CRM workflow testing.,2022-06-02T20:42:11Z,0,020IWayq5gdTDN5A00,Order,003xKpYjRI45OxiI97,Contact
00TUndlRtOWXs7NU9B,Follow up,Completed,High,2025-05-23,Other,Synthetic follow-up activity for CRM workflow testing.,2022-10-16T07:11:15Z,1,001EocC12jSBhyyIOU,Account,003bvE2J9FksLFEAKU,Contact
00TEHWlCLP7opYYU52,Follow up,Deferred,Low,2021-03-08,Other,Synthetic follow-up activity for CRM workflow testing.,2024-09-11T21:44:09Z,0,,,003caJUum9ureexY5I,Contact
00TkRgjDK9P0FM228V,Review requirements,Deferred,High,2023-08-20,Email,Synthetic follow-up activity for CRM workflow testing.,2024-12-22T18:35:22Z,0,50tn6JODXXb6WjIYGE,Opportunity,,
00TorwJIgI1go7zE08,Prepare proposal,In Progress,Low,2023-12-12,Email,Synthetic follow-up activity for CRM workflow testing.,2025-08-08T06:15:16Z,0,001X50Bqc5cThUtYIX,Account,00QkKajXHGpdW94EH7,Lead
00Tmn6xkAh2czTJU6D,Review requirements,Deferred,Normal,2021-11-16,Call,Synthetic follow-up activity for CRM workflow testing.,2021-08-19T03:32:01Z,0,800oqsSwWdfbF7CY5U,Contract,,
00Tax38fEeApFRJMS5,Prepare proposal,In Progress,Normal,2022-04-16,Other,Synthetic follow-up activity for CRM workflow testing.,2021-12-20T22:16:56Z,0,,,00QgvJDXaakE8PsE4S,Lead
00ThlxGbClgJ1Ci2E5,Review requirements,Waiting on someone else,Normal,2024-10-09,Email,Synthetic follow-up activity for CRM workflow testing.,2022-08-18T19:33:25Z,0,500sUAFmZspU5AvYGM,Case,0031P042walvFE4QG5,Contact
00TlITDqLuWFvQEUO6,Review requirements,Not Started,Normal,2022-10-28,Email,Synthetic follow-up activity for CRM workflow testing.,2026-01-23T15:57:30Z,0,500diVCRZ1ZsXuZQOV,Case,003cWUYjziFUXOoIW9,Contact
00TM81m2Wvh19m326Y,Follow up,In Progress,Normal,2024-06-23,Email,Synthetic follow-up activity for CRM workflow testing.,2022-01-18T23:33:19Z,0,02ijxbcGgLHsDncA53,Asset,003OeYdS2JreqvUACI,Contact
00TaG8Tsg2HyqmA2FG,Prepare proposal,In Progress,High,2021-04-02,Call,Synthetic follow-up activity for CRM workflow testing.,2026-06-01T17:26:40Z,0,0018YzqdxvbgCoaYQU,Account,003MqzQMaSwikQPA9S,Contact
00TbFVeElrZgoqPU5P,Review requirements,Not Started,Normal,2024-01-10,Call,Synthetic follow-up activity for CRM workflow testing.,2021-09-02T01:43:51Z,0,001zBr7D0amNm8PY72,Account,003ZeCIf3GRvPUZY4J,Contact
00TCVVLH3UZpPGo2S6,Follow up,In Progress,High,2022-11-08,Email,Synthetic follow-up activity for CRM workflow testing.,2022-12-03T17:56:47Z,0,0011qafIoKOaGWeA3A,Account,00QRIeGyabQGBLTU6M,Lead
00TAn8OMJ16Hvv12CF,Review requirements,Waiting on someone else,Normal,2021-09-24,Call,Synthetic follow-up activity for CRM workflow testing.,2024-04-29T09:22:27Z,0,02ibWMV8MxzWmDaY8Y,Asset,,
00TIVcm9SopBfQwURB,Send workshop summary,Deferred,Low,2024-09-18,Email,Synthetic follow-up activity for CRM workflow testing.,2025-05-03T03:54:37Z,0,8114TeEZP44D2r9AVD,Opportunity,003pADi54pkd8XiIH1,Contact
00Tl5M22HUS7PGNU3D,Review requirements,Deferred,Normal,2025-07-19,Email,Synthetic follow-up activity for CRM workflow testing.,2023-12-09T07:22:20Z,0,500XNhi3V0ElIzdQH8,Case,00QR40ShDN6aJIW2P4,Lead
00TtKT2e62K8iIhM0P,Send workshop summary,In Progress,Low,2024-07-19,Call,Synthetic follow-up activity for CRM workflow testing.,2026-02-07T21:54:27Z,0,02iq4CnnVD8zUNZQM9,Asset,003wj4aZ1eHyznPQLH,Contact
00THql6PrVLvP90MXT,Follow up,Deferred,High,2021-01-31,Email,Synthetic follow-up activity for CRM workflow testing.,2021-10-21T15:02:29Z,0,810m3Fxlapz7LJhI0X,Opportunity,003RkNOcuqO0tHhA2N,Contact
00TBhCGEFkn4lACEIX,Follow up,Completed,High,2022-07-16,Email,Synthetic follow-up activity for CRM workflow testing.,2021-04-08T15:41:19Z,1,001yVmlwCnpWY0fA4W,Account,003Jel62LGmuBhAQWI,Contact
00Tz0Fzf0igK5fEUFT,Prepare proposal,Deferred,High,2025-02-28,Other,Synthetic follow-up activity for CRM workflow testing.,2025-08-09T08:57:06Z,0,001cnLEQk5pZMibQH2,Account,003i7AX88RSjKygAO5,Contact
00TN5MHLgFmuZE828H,Review requirements,Not Started,High,2023-10-18,Email,Synthetic follow-up activity for CRM workflow testing.,2026-05-25T21:01:53Z,0,00txp86s8wpYXDTQ8N,Opportunity,003x8TAB6P8rZeLQSO,Contact
00ToNSAImBxgjfB2UX,Review requirements,Waiting on someone else,Low,2022-04-15,Call,Synthetic follow-up activity for CRM workflow testing.,2025-01-06T13:41:22Z,0,006gSzmtsMbfcQ4YU9,Opportunity,003WndbV6wgUMEJQFL,Contact
00ToaTKjkKySkLOE7N,Send workshop summary,Deferred,High,2025-02-28,Email,Synthetic follow-up activity for CRM workflow testing.,2024-04-15T13:01:59Z,0,02iuOwoFA0bmffVAB1,Asset,,
00TpQA7WSzzezJ7MQS,Send workshop summary,In Progress,Normal,2022-05-23,Email,Synthetic follow-up activity for CRM workflow testing.,2024-12-21T13:21:04Z,0,800Upq2EfMypGYhQT5,Contract,003QfTiTVMtfqu0IJ1,Contact
00TPXfRAoyDwhCbM30,Send workshop summary,Waiting on someone else,Low,2021-08-07,Email,Synthetic follow-up activity for CRM workflow testing.,2022-03-18T20:28:22Z,0,02iPIqbOPTL9VhdA47,Asset,003pC3VWabjXVkVY9F,Contact
00T6Ymm9wVpCf6uE44,Send workshop summary,Waiting on someone else,Low,2021-10-08,Other,Synthetic follow-up activity for CRM workflow testing.,2021-11-10T23:40:28Z,0,001C3SilogoPTPGIWX,Account,,
00Ts7m6c6y8FX8LEB9,Send workshop summary,In Progress,Normal,2023-04-11,Email,Synthetic follow-up activity for CRM workflow testing.,2025-03-17T04:51:34Z,0,500wrP3FKWu1E6MYGA,Case,003LdfIBGK7EQ0gYSZ,Contact
00TciGSyNx7mihWUFU,Follow up,Deferred,Normal,2022-03-04,Email,Synthetic follow-up activity for CRM workflow testing.,2025-09-08T15:28:52Z,0,801lKo78Mw36SVTY8A,Order,003QcMefpBN7uCgA7D,Contact
00TO2YB2R1GepdfEIL,Prepare proposal,Deferred,Normal,2023-12-17,Other,Synthetic follow-up activity for CRM workflow testing.,2021-03-20T23:05:45Z,0,500xH6PMRxNjCeUQE0,Case,003MaS87mCEpggOQI5,Contact
00Tbn1LEf6caDOQU6M,Review requirements,Completed,Normal,2025-03-11,Call,Synthetic follow-up activity for CRM workflow testing.,2024-05-07T06:47:49Z,1,,,003HPb1tGdryWM6YKT,Contact
00T79CrnEnhBJsfMHD,Send workshop summary,In Progress,Low,2022-08-08,Call,Synthetic follow-up activity for CRM workflow testing.,2025-05-04T19:04:30Z,0,5001K95RAvVhz68QGM,Case,003MHeC1QqnXkp6QB5,Contact
00TFvRogBOxwCzN2TU,Prepare proposal,Completed,High,2024-01-08,Other,Synthetic follow-up activity for CRM workflow testing.,2021-02-26T11:12:57Z,1,001MPbzljMNLiv5QZV,Account,003UY2oCkarj96lQDX,Contact
00TEeVzj7RejdCjM6O,Review requirements,In Progress,Low,2025-12-04,Other,Synthetic follow-up activity for CRM workflow testing.,2026-03-09T06:38:00Z,0,001pTLwbTFSx0AVIHA,Account,0039vrHZDDIGaHJA4T,Contact
00TVWFau2zTaxsK2W5,Review requirements,Waiting on someone else,Normal,2023-01-31,Call,Synthetic follow-up activity for CRM workflow testing.,2024-04-12T18:14:21Z,0,500wrP3FKWu1E6MYGA,Case,00QBHUnHx47LehAMYI,Lead
00TlnYne6ZayNSu2V1,Follow up,In Progress,Low,2022-05-14,Other,Synthetic follow-up activity for CRM workflow testing.,2023-04-04T02:22:14Z,0,001vuI7W5NKUSqVAGG,Account,003y1knBdIDifuNYM6,Contact
00TQd4iVoLUfkZUURN,Follow up,In Progress,Low,2022-09-08,Other,Synthetic follow-up activity for CRM workflow testing.,2026-01-31T03:11:08Z,0,716J4BS1pykr2rsQCF,Opportunity,003KSHCpaRzgzM8ADK,Contact
00TxlJv45zhxeO1MCA,Prepare proposal,Waiting on someone else,Normal,2021-12-30,Email,Synthetic follow-up activity for CRM workflow testing.,2024-01-07T08:33:39Z,0,800pHjoyPbLhnpsANO,Contract,003JQlxtzZzX1PhPRD,Lead
00TdXNDbwOs1pKU28E,Prepare proposal,In Progress,Normal,2021-08-31,Email,Synthetic follow-up activity for CRM workflow testing.,2022-03-15T15:20:49Z,0,500XOSVsLRo5f9qQWP,Case,003GweaslhRRyCLI5I,Contact
00T81eSOr6X3X3JED6,Prepare proposal,Waiting on someone else,Low,2024-06-16,Other,Synthetic follow-up activity for CRM workflow testing.,2022-11-06T17:31:03Z,0,02iC9qmRAenwHOeA5V,Asset,001oO1cKzq8oHa65F7,Lead
00TD378VSBEaz9B24E,Review requirements,Waiting on someone else,High,2021-06-04,Email,Synthetic follow-up activity for CRM workflow testing.,2021-01-16T05:52:05Z,0,500hUZOkAbYEx1oI8S,Case,0034xXN6eTO5dm0ACL,Contact
00T6tVEdquFwmgJU7T,Review requirements,Not Started,High,2022-12-23,Other,Synthetic follow-up activity for CRM workflow testing.,2021-08-03T17:48:49Z,0,001tqRaHFT1utFgIDH,Account,003tAC8ufGTCRIuIRK,Contact
00TdPahPhXNP0ZuUML,Prepare proposal,In Progress,Low,2022-07-14,Other,Synthetic follow-up activity for CRM workflow testing.,2026-05-07T23:51:53Z,0,,,,
00TF5V2gTbL3YTlMHR,Review requirements,Completed,Normal,2025-10-30,Call,Synthetic follow-up activity for CRM workflow testing.,2025-04-13T01:35:29Z,1,,,,
00TdqSGGDutQqNpU6L,Prepare proposal,Not Started,High,2025-06-10,Email,Synthetic follow-up activity for CRM workflow testing.,2022-09-06T21:09:16Z,0,02i0uKlsS7wvO5aI3J,Asset,003zvs8l0C9dJyOIX3,Contact
00ThGWanwYRYc0jE6N,Follow up,In Progress,Normal,2021-09-13,Email,Synthetic follow-up activity for CRM workflow testing.,2023-09-13T17:31:56Z,0,,,,
00TRxH10xPnawpRMF1,Follow up,Deferred,Normal,2023-02-01,Other,Synthetic follow-up activity for CRM workflow testing.,2023-04-06T15:16:31Z,0,001Q3kntrifzyYWI62,Account,,
00TDypw5RmCtV5XUW9,Review requirements,Waiting on someone else,Low,2025-02-09,Other,Synthetic follow-up activity for CRM workflow testing.,2024-12-16T01:47:31Z,0,001PuTTthcGKMiPQUX,Account,00QjHPM0tHQM1wfMGC,Lead
00TW2gR0r0UrDGTUMX,Follow up,Not Started,Normal,2022-10-13,Email,Synthetic follow-up activity for CRM workflow testing.,2022-08-11T03:21:15Z,0,006pgNnpMiimJ6RYBD,Opportunity,003lbKNMHNjtdqRARC,Contact
00T9tlVNgJbUA0G220,Review requirements,Deferred,Normal,2022-01-16,Other,Synthetic follow-up activity for CRM workflow testing.,2024-01-02T00:19:47Z,0,001SDonDyKHRDRwYPS,Account,00Qqc7xSqAlFGSAM67,Lead
00TalaBmfbqFLtWEMD,Review requirements,Waiting on someone else,Normal,2023-03-15,Email,Synthetic follow-up activity for CRM workflow testing.,2023-06-27T21:05:56Z,0,801vGMBCN6szOwbYXA,Opportunity,0038m4S7TpRnSUYIZD,Contact
00TDvKZwqXn8U7YUHZ,Prepare proposal,Waiting on someone else,Low,2026-02-05,Email,Synthetic follow-up activity for CRM workflow testing.,2023-07-14T06:00:36Z,0,0062QxpaaZxZ9lmY5A,Opportunity,003CvuHFadBlBDpI4U,Contact
00Tj7BLnV0hUReQ2XE,Send workshop summary,In Progress,Normal,2025-08-26,Email,Synthetic follow-up activity for CRM workflow testing.,2023-02-20T18:10:55Z,0,001wp2Q6PkIMrfFY6U,Account,003yzyyLfiyTPJdYUU,Contact
00TtAhWAJNrVD5kU8J,Prepare proposal,Deferred,High,2023-06-01,Call,Synthetic follow-up activity for CRM workflow testing.,2023-01-03T14:30:22Z,0,00txYFedtVRgVWeY2M,Opportunity,,
00TQhiTaC0UqLYA2BP,Prepare proposal,In Progress,Normal,2025-10-31,Email,Synthetic follow-up activity for CRM workflow testing.,2025-04-07T03:25:50Z,0,82idEJODYkTMfvdAZ5,Opportunity,0039itNubm3uQOqYHJ,Contact
00TtVScIw68zR5526W,Review requirements,Completed,High,2024-08-29,Call,Synthetic follow-up activity for CRM workflow testing.,2022-07-20T00:25:14Z,1,001Jp0rdHFWnaMvI7G,Account,003UCqQkPR1i6xLQQO,Contact
00TPHTJ94Mo0rhP2J6,Follow up,Deferred,Low,2024-07-14,Call,Synthetic follow-up activity for CRM workflow testing.,2023-06-05T15:12:17Z,0,5000hwGp7NMBWjhQBQ,Case,003pLHDBsvaSNsGQ3J,Contact
00TsrQ0HdHITs1W2K3,Follow up,Waiting on someone else,High,2021-04-25,Call,Synthetic follow-up activity for CRM workflow testing.,2024-04-29T00:57:11Z,0,70119DkKdradggLYK9,Campaign,,
00TZTjmVKqcbU2HE4T,Review requirements,Deferred,Normal,2022-06-04,Other,Synthetic follow-up activity for CRM workflow testing.,2025-06-28T06:31:37Z,0,,,00338EFCa6tmFcaIUK,Contact
00TmZ5NSzu20fiF2NR,Prepare proposal,Waiting on someone else,Normal,2024-07-12,Call,Synthetic follow-up activity for CRM workflow testing.,2023-12-07T07:47:40Z,0,001KKprsa8fDGWEQ2J,Account,003IlcpXjWSwBK2QZW,Contact
00TG74qFhjmOIZIUUL,Follow up,Waiting on someone else,Low,2021-02-04,Email,Synthetic follow-up activity for CRM workflow testing.,2024-01-21T13:51:05Z,0,50iXmb70bfbD7KEAJ4,Opportunity,003MtjQuiO2V6tgARQ,Contact
00TA2GFuZKjF5VO2P0,Prepare proposal,Not Started,Low,2024-11-23,Email,Synthetic follow-up activity for CRM workflow testing.,2023-02-01T16:24:56Z,0,006SZIt0xL80Y7MAPK,Opportunity,00Q0T7mOQuQHA9IMTS,Lead
00TRdK2oLIp0RZHU67,Follow up,Deferred,Normal,2026-03-05,Email,Synthetic follow-up activity for CRM workflow testing.,2021-02-15T23:26:25Z,0,001MMbrZQQUkCyfI5Q,Account,0032O4jCbCRLa3iYMT,Contact
00TEq4kvQxcbm98EDS,Prepare proposal,Waiting on someone else,Low,2025-11-02,Other,Synthetic follow-up activity for CRM workflow testing.,2022-01-19T10:33:20Z,0,001LInXZfFVYqWIIEB,Account,003YdRU4gZrocWZQU5,Contact
00TlUVV9cZhQAytET8,Review requirements,In Progress,High,2026-01-28,Email,Synthetic follow-up activity for CRM workflow testing.,2022-07-18T11:01:51Z,0,,,00QcFBbegmVuyaJ2RC,Lead
00Tlmw0Ohbc1G2dUEI,Prepare proposal,Deferred,Normal,2023-07-04,Email,Synthetic follow-up activity for CRM workflow testing.,2023-10-13T20:58:02Z,0,02iSW8qhVoY2hZIA4Y,Asset,003lkvZoDDt1xdhI3W,Contact
00T2u2qD2EhfS3WEFI,Send workshop summary,Completed,Low,2021-04-13,Other,Synthetic follow-up activity for CRM workflow testing.,2022-06-10T05:05:41Z,1,026fIXSnC4XbAqbAIC,Opportunity,003BTiZ59S3GTDuQID,Contact
00TDDRceO0sO3spML9,Prepare proposal,In Progress,Normal,2025-08-17,Email,Synthetic follow-up activity for CRM workflow testing.,2021-09-03T04:01:50Z,0,52tPmQukA58S2sxYT9,Opportunity,0034zSxLgVmoVOHI64,Contact
00TgAHd6X71RCGqMRH,Send workshop summary,In Progress,Normal,2022-05-24,Call,Synthetic follow-up activity for CRM workflow testing.,2022-07-03T16:41:28Z,0,500wrP3FKWu1E6MYGA,Case,003zlDJBeSE6i1PIZ5,Contact
00T0AePyp9FM1PWUV0,Review requirements,Waiting on someone else,High,2022-10-24,Call,Synthetic follow-up activity for CRM workflow testing.,2025-06-30T15:51:45Z,0,001zOsseTV2G23QAKL,Account,003s8MYKvLvCt3ZAN8,Contact
00TQultgQcvOCqvU6E,Prepare proposal,Not Started,High,2025-05-28,Email,Synthetic follow-up activity for CRM workflow testing.,2024-07-28T01:33:39Z,0,02inLZsIhT82wEEYSY,Asset,003GweaslhRRyCLI5I,Contact
00TkwlPdfGFUDsGEGP,Follow up,Completed,Low,2024-03-26,Call,Synthetic follow-up activity for CRM workflow testing.,2021-12-29T22:31:49Z,1,72ilBGasOCP9rvYIXO,Opportunity,003THT0jpN9NJqQQ7P,Contact
00TniLmxhsLVfvTE0O,Prepare proposal,In Progress,Normal,2022-07-05,Email,Synthetic follow-up activity for CRM workflow testing.,2025-08-05T11:54:48Z,0,500ViLAl5AIEvZjY0H,Case,003qK42NKkhUdqCYID,Contact
00TZByTjbXIGt302IX,Prepare proposal,In Progress,Normal,2024-09-12,Call,Synthetic follow-up activity for CRM workflow testing.,2021-03-01T10:00:14Z,0,7012gLtQpc999YmQNW,Campaign,003TjBUAQhuDTFpYUE,Contact
00TdrcXkIgZAL4o2P5,Follow up,Completed,Normal,2025-05-19,Email,Synthetic follow-up activity for CRM workflow testing.,2025-04-22T16:01:15Z,1,001upirIJhb5AGBA5J,Account,003rKCQ5NwAa16AY52,Contact
00T82sHbAQfet9vEWT,Prepare proposal,Not Started,Low,2026-07-18,Call,Synthetic follow-up activity for CRM workflow testing.,2021-08-14T22:25:22Z,0,001XuarHFEI17I9AWA,Account,,
00TV8onMoiUHPTOMRJ,Review requirements,Deferred,High,2023-09-24,Other,Synthetic follow-up activity for CRM workflow testing.,2022-06-24T23:40:31Z,0,001EM3ljRRvtOqaQZO,Account,,
00TLXEDUbRhnwtDEZP,Follow up,In Progress,Normal,2023-09-29,Other,Synthetic follow-up activity for CRM workflow testing.,2021-12-15T13:12:45Z,0,001MetGBUEn7phAIPH,Account,003D0Bdf1C14kvBQQ7,Contact
00TA8GzvIhx5dm1UF1,Review requirements,Completed,Low,2026-03-31,Call,Synthetic follow-up activity for CRM workflow testing.,2025-06-12T16:47:39Z,1,5005D7aBCKhqawSIWH,Case,003gARJyTyhgduOYIS,Contact
00TtxVNPmNWjmhcUQG,Prepare proposal,Not Started,Low,2023-02-04,Call,Synthetic follow-up activity for CRM workflow testing.,2025-04-01T15:03:46Z,0,,,00361SAboucdOJGQ94,Contact
00TWbFQ27D2DgBlEIL,Send workshop summary,Deferred,High,2025-04-18,Other,Synthetic follow-up activity for CRM workflow testing.,2025-11-30T17:32:19Z,0,5005e0TAkM0lfnqYB1,Case,003AOWtLxMtVgZyY8N,Contact
00TOtQTvJhJOIZgM2P,Prepare proposal,Completed,High,2024-01-11,Other,Synthetic follow-up activity for CRM workflow testing.,2026-02-24T16:59:41Z,1,52ip3E0dMnTRXCNQ3H,Opportunity,003GweaslhRRyCLI5I,Contact
00TnsoYdvyKvQPI29W,Send workshop summary,Not Started,Normal,2025-01-03,Other,Synthetic follow-up activity for CRM workflow testing.,2022-03-15T20:33:37Z,0,001MVhM44DqZNFnI35,Account,00QhBCCzc88v7Mm2VZ,Lead
00Tt19FqVELlLrbESL,Prepare proposal,Deferred,Low,2023-12-01,Email,Synthetic follow-up activity for CRM workflow testing.,2025-11-09T02:33:10Z,0,500QQqdqyfSOtsKIXM,Case,00QyHrFezruH87HUPM,Lead
00TiJ3bSG7BoVw2MSR,Review requirements,Deferred,Normal,2021-06-14,Email,Synthetic follow-up activity for CRM workflow testing.,2024-07-29T17:24:30Z,0,001PuTTthcGKMiPQUX,Account,,
00T9S7FZfQ6kP2qUIB,Prepare proposal,Deferred,High,2025-09-27,Call,Synthetic follow-up activity for CRM workflow testing.,2024-10-03T12:09:28Z,0,7010j7HiIFs5acMAA2,Campaign,0037WNG7p57RSWoIFK,Contact
00T8tpSqcYxsWh6MU8,Send workshop summary,Deferred,Normal,2026-05-19,Other,Synthetic follow-up activity for CRM workflow testing.,2022-04-15T15:58:23Z,0,02ijdxnwSPefUADA5W,Asset,00QIh9wPQiR4CJ4EMM,Lead
00T7Lz8cL87rVM4E4P,Send workshop summary,In Progress,Low,2024-03-13,Call,Synthetic follow-up activity for CRM workflow testing.,2026-04-02T13:10:59Z,0,5118A3WWZEqspGMQ9H,Opportunity,,
00TvYyLLy1qtSHMEYX,Send workshop summary,Not Started,Low,2022-10-24,Other,Synthetic follow-up activity for CRM workflow testing.,2022-10-30T21:31:13Z,0,,,0034zSxLgVmoVOHI64,Contact
00T0hYqS81QUoOOMB4,Send workshop summary,In Progress,Low,2024-11-19,Call,Synthetic follow-up activity for CRM workflow testing.,2025-05-16T17:45:45Z,0,701uraexvCqW5fzAQ5,Campaign,003BfsclFccL7DZQHB,Contact
00Tf1C07bbGczlfUIP,Review requirements,In Progress,Normal,2025-03-02,Call,Synthetic follow-up activity for CRM workflow testing.,2026-05-03T12:09:45Z,0,51iDTuNgsYSnlfNQAZ,Order,,
00TvTv0zBrbFNPOEH3,Review requirements,Deferred,Normal,2023-05-29,Call,Synthetic follow-up activity for CRM workflow testing.,2021-12-04T16:36:58Z,0,500eYiCbBvt0ZaXAOG,Case,,
00TLjCcqNvTJHby2BT,Follow up,Completed,High,2022-03-11,Email,Synthetic follow-up activity for CRM workflow testing.,2025-08-13T10:49:40Z,1,001tvKQbYklnB9tY2P,Account,003IjF3lsykS1tyI65,Contact
00TZRrBRmzKTzbxUV7,Review requirements,Deferred,High,2021-07-10,Email,Synthetic follow-up activity for CRM workflow testing.,2023-10-23T02:46:01Z,0,,,0033S4zFH6f42hbINE,Contact
00TH3h4wdf19czVMZ5,Prepare proposal,Not Started,High,2024-09-23,Other,Synthetic follow-up activity for CRM workflow testing.,2024-11-25T04:43:37Z,0,500XiJelO5YDSfQIKK,Case,,
00TuIZv6v7bV4n1MFE,Review requirements,Completed,Low,2023-06-01,Email,Synthetic follow-up activity for CRM workflow testing.,2024-05-18T08:50:14Z,1,801lixCCwfp8p6qA1G,Order,003pcRlDe14IHILAL9,Contact
00Tch8mSi3eQxtc2XQ,Prepare proposal,Not Started,Normal,2026-07-15,Call,Synthetic follow-up activity for CRM workflow testing.,2023-05-12T19:29:11Z,0,801M53zjfOUcAkbA3J,Order,0034NCmMy0UiNHmQSI,Contact
00ToNUsFGr2Q0sE277,Prepare proposal,Completed,Low,2023-03-28,Call,Synthetic follow-up activity for CRM workflow testing.,2021-04-03T16:51:14Z,1,501JqXNS4eKhs4SAD0,Opportunity,,
00Tm1muVn57NAbHM4C,Send workshop summary,Completed,Low,2022-08-30,Other,Synthetic follow-up activity for CRM workflow testing.,2025-05-02T06:26:53Z,1,821U7JOrAOGsGoCQKJ,Order,003Ja3ZcU2GKYT0ASX,Contact
00TufLzEgffXJsMMJ4,Prepare proposal,In Progress,Normal,2024-08-21,Email,Synthetic follow-up activity for CRM workflow testing.,2021-02-22T12:53:29Z,0,500Do4EzCdJyKKZYHJ,Case,003974zjDXazCjRQDS,Contact
00TD8uh0J55luk5MMG,Send workshop summary,Waiting on someone else,Normal,2022-04-27,Other,Synthetic follow-up activity for CRM workflow testing.,2026-06-09T06:18:16Z,0,02i0yM1JM3EUg9yQKC,Asset,00QdotioQdvcQJTURY,Lead
00TGeodVo0xgOX2MVW,Review requirements,Deferred,Low,2026-07-04,Other,Synthetic follow-up activity for CRM workflow testing.,2025-06-10T09:01:07Z,0,0012B0IsTb8G7BVAST,Account,00QfqY7swSvO4tWEA2,Lead
00Tqvsb4GBXWwWQMNS,Send workshop summary,Completed,Low,2026-05-17,Email,Synthetic follow-up activity for CRM workflow testing.,2024-03-03T00:57:59Z,1,,,003EksnMRiNmAioI92,Contact
00Tc3350EquM2FVMY5,Follow up,In Progress,Low,2023-01-19,Other,Synthetic follow-up activity for CRM workflow testing.,2026-04-08T04:56:56Z,0,001kBV5ho7M1GOwA4E,Account,00QjfD68MjSJ9yR2G0,Lead
00TVRxHTzEgMszD23E,Prepare proposal,Waiting on someone else,Low,2022-04-03,Other,Synthetic follow-up activity for CRM workflow testing.,2022-10-20T20:50:36Z,0,01tPjohq4E615TII7M,Product2,003m51PQv9gnR31YU9,Contact
00TAFZAYstyJ9W3EUD,Send workshop summary,Not Started,High,2025-07-16,Email,Synthetic follow-up activity for CRM workflow testing.,2025-05-03T09:28:07Z,0,011uTS0O62cBIW1YEA,Opportunity,,
00TsDeHfuA4HPnFMFJ,Send workshop summary,Deferred,Low,2024-02-06,Email,Synthetic follow-up activity for CRM workflow testing.,2022-12-06T18:47:25Z,0,821Oa65M3Z3hR4DQ9X,Opportunity,,
00TDcXqNAC1OuoC269,Prepare proposal,In Progress,High,2023-04-19,Email,Synthetic follow-up activity for CRM workflow testing.,2022-10-31T03:22:35Z,0,800IBNGcu9jdg6aY22,Contract,003Pb89KV8XsE6tAP2,Contact
00TzcPjGgPnvflnERC,Follow up,Not Started,High,2024-10-26,Email,Synthetic follow-up activity for CRM workflow testing.,2026-01-02T17:24:57Z,0,,,003WGYnHKb8xmWCQY3,Contact
00TQ1Rd71e0CqdW2W4,Prepare proposal,In Progress,Normal,2025-06-17,Other,Synthetic follow-up activity for CRM workflow testing.,2025-08-25T08:10:09Z,0,01tVDQv03vu3kAWAII,Product2,003zCKLKBY2WayZIVA,Contact
00T8wn42GtiSDBcUJC,Follow up,Deferred,Normal,2022-03-05,Call,Synthetic follow-up activity for CRM workflow testing.,2021-11-09T20:43:18Z,0,511cHYiBkget9ekI13,Opportunity,003p3cVUtyPUKjfQZW,Contact
00TsSmUEVvxpDkcER3,Review requirements,In Progress,Low,2025-11-30,Email,Synthetic follow-up activity for CRM workflow testing.,2022-07-28T12:16:54Z,0,,,003qZwo4RCko78uA4C,Contact
00Tsqq9kDbI2mgLEQY,Prepare proposal,Completed,Normal,2023-05-25,Call,Synthetic follow-up activity for CRM workflow testing.,2024-04-13T15:05:10Z,1,801iKdBoXcqJjbJQN6,Order,00QJxcDLSyYbhWFU1R,Lead
00Tf5CmgRDNoZQJ2NV,Review requirements,Completed,High,2022-06-13,Call,Synthetic follow-up activity for CRM workflow testing.,2022-08-31T01:04:08Z,1,02inOksI3fHTZYqIUV,Asset,003HepsXEkhbwXKILC,Contact
00Tl5RpaDn9FGmc2PM,Send workshop summary,Waiting on someone else,Normal,2023-07-04,Email,Synthetic follow-up activity for CRM workflow testing.,2022-09-18T00:52:16Z,0,701QvNzI8kZyr86YGN,Campaign,,
00TMADlu0jyDO2a2MR,Prepare proposal,Deferred,High,2025-12-19,Call,Synthetic follow-up activity for CRM workflow testing.,2022-12-17T19:14:42Z,0,71iJPUzw352cqhrI4P,Opportunity,00Qn42lhptWcLheMJV,Lead
00TOXryJ7HXOhh4UPQ,Send workshop summary,Not Started,High,2022-04-09,Email,Synthetic follow-up activity for CRM workflow testing.,2021-06-23T00:03:14Z,0,001h3qGmTCLTLLkQZJ,Account,003Nte2NbHH78qtQ8Y,Contact
00TVYOMBav4VidxM8X,Follow up,Deferred,High,2024-03-02,Call,Synthetic follow-up activity for CRM workflow testing.,2022-02-20T14:30:32Z,0,500aR2pqXgWL9mNY5O,Case,,
00TAWn1ekPrlrXpEF1,Send workshop summary,Completed,Low,2024-03-31,Email,Synthetic follow-up activity for CRM workflow testing.,2023-02-03T17:02:04Z,1,500GAney4E4y98BIC2,Case,003yq5gxHBGLn2EYLY,Contact
00TTXe593CzJOEDECL,Follow up,Deferred,Normal,2025-11-13,Call,Synthetic follow-up activity for CRM workflow testing.,2025-07-09T01:42:42Z,0,001ltvwfHnMcdhbAJS,Account,0034EVtFHrdogVcQRN,Contact
00T4W2VkKEhxZIr2IJ,Send workshop summary,Not Started,Low,2023-09-07,Email,Synthetic follow-up activity for CRM workflow testing.,2021-04-21T18:15:10Z,0,,,003aKKU9yG3DomjI1Q,Contact
00T6QUnTiR4b4ju2YG,Review requirements,Not Started,Low,2024-03-22,Other,Synthetic follow-up activity for CRM workflow testing.,2025-06-26T10:48:33Z,0,001aRI7kJhlvTf0QY9,Account,003966clXwIsEfbYTS,Contact
00TW4dLkNffKEUY2CF,Prepare proposal,Not Started,High,2023-09-25,Call,Synthetic follow-up activity for CRM workflow testing.,2023-11-20T21:46:24Z,0,00619ntde9Mf8BfQ4P,Opportunity,,
00TprOaeOHcGGF125J,Send workshop summary,Not Started,Normal,2023-03-01,Email,Synthetic follow-up activity for CRM workflow testing.,2021-12-26T01:16:33Z,0,821aKcShneRXODHYYU,Opportunity,003m7VFEeDJ9mFKIXK,Contact
00Tb0XwgwhslFirEHH,Send workshop summary,Waiting on someone else,Normal,2023-06-15,Email,Synthetic follow-up activity for CRM workflow testing.,2026-03-13T19:05:35Z,0,001KqKN8Jf0F9i9AKQ,Account,003ZFwK8D99UlX4QPY,Contact
00TbbSImFP1MgEKMR6,Send workshop summary,Not Started,High,2023-05-29,Other,Synthetic follow-up activity for CRM workflow testing.,2021-10-14T13:42:07Z,0,500ei0YjkMFUpR3YFB,Case,,
00TZxwBvWTbiECcM82,Prepare proposal,Waiting on someone else,Normal,2025-05-04,Other,Synthetic follow-up activity for CRM workflow testing.,2023-07-12T05:46:28Z,0,001W0PnXXJdO3tsYE6,Account,003VCiuiE6Fh61HYE7,Contact
00T4it4BBwYL1ZHM1F,Prepare proposal,In Progress,High,2021-05-28,Email,Synthetic follow-up activity for CRM workflow testing.,2026-06-07T15:39:49Z,0,001lpuGrFmSTBnuY0M,Account,003PIsnfE5YQMdlYVF,Contact
00TaOWSji3N1f1z286,Prepare proposal,Deferred,High,2025-02-09,Email,Synthetic follow-up activity for CRM workflow testing.,2026-04-01T01:42:32Z,0,006gznTwTPfHgsNQ6L,Opportunity,,
00Txi2EMHAsLHqFU7V,Review requirements,Deferred,Normal,2021-03-21,Other,Synthetic follow-up activity for CRM workflow testing.,2023-01-20T19:11:07Z,0,821PrCNGNjz4IXXAB7,Opportunity,003ggMWzweopnRCAD7,Contact
00TMXOEzUaZcqZgMU6,Send workshop summary,Deferred,Normal,2022-03-14,Email,Synthetic follow-up activity for CRM workflow testing.,2026-03-12T09:32:37Z,0,001IqN1uANorRv0AGO,Account,003D1HiqSb3yIm1QDF,Contact
00TJZcUNjcFEgyfMJN,Follow up,Completed,Normal,2026-06-27,Call,Synthetic follow-up activity for CRM workflow testing.,2022-11-21T08:51:39Z,1,701xpHq35ZSnJpBQKY,Campaign,0032O4jCbCRLa3iYMT,Contact
00TPQAQLeB7wAKDU2B,Review requirements,Completed,Low,2021-05-10,Email,Synthetic follow-up activity for CRM workflow testing.,2024-10-25T04:07:47Z,1,02itG0NkYz3qcP9IM8,Asset,003alE5qF1WznFkQ0X,Contact
00Toa1zxA15pXOnEXV,Review requirements,Not Started,Low,2022-07-25,Call,Synthetic follow-up activity for CRM workflow testing.,2023-09-15T14:40:04Z,0,701fmMnRrUO2XdcI3Y,Campaign,003yupgGCl5JIUDAR4,Contact
00TS3XE5rW1AQK82GQ,Send workshop summary,Not Started,Low,2023-02-02,Other,Synthetic follow-up activity for CRM workflow testing.,2025-09-24T22:05:17Z,0,800E53kXU601l7PQLX,Contract,0030tpEd8Opq0jbQ9C,Contact
00TbTpvUeiz0hsZ279,Send workshop summary,Waiting on someone else,Normal,2026-01-07,Email,Synthetic follow-up activity for CRM workflow testing.,2026-01-20T02:21:34Z,0,001C3SilogoPTPGIWX,Account,00QiQqsPe2IhG0FEQU,Lead
00Tqyh4LfeGfIEfUBF,Send workshop summary,In Progress,Normal,2025-04-10,Email,Synthetic follow-up activity for CRM workflow testing.,2024-12-12T18:35:08Z,0,7016crDLINhcuvpAZH,Campaign,003IDTX7DAlirrmQR1,Contact
00TXwE9FraRaKohUZN,Prepare proposal,Completed,High,2026-03-21,Other,Synthetic follow-up activity for CRM workflow testing.,2021-06-24T23:47:33Z,1,800PCzsrEzQF5eJITV,Contract,003qM11BKXiW5sKYSU,Contact
00TdSJDryPMtabTEJ2,Prepare proposal,In Progress,Normal,2025-08-27,Call,Synthetic follow-up activity for CRM workflow testing.,2024-09-07T20:57:23Z,0,,,003p52UPTinQ0mzADQ,Contact
00TbsZiwfcVJ4Tm2QZ,Prepare proposal,In Progress,High,2023-05-09,Email,Synthetic follow-up activity for CRM workflow testing.,2024-04-18T19:24:49Z,0,,,003cMX0lIecSIbxYI1,Contact
00TUjqAGwpVW60k2QF,Prepare proposal,Not Started,Normal,2026-06-30,Call,Synthetic follow-up activity for CRM workflow testing.,2023-10-31T11:12:49Z,0,02ixjBe8NOEGWpjA72,Asset,,
00Tq75JtAiVRnl7252,Prepare proposal,Waiting on someone else,Normal,2023-09-09,Call,Synthetic follow-up activity for CRM workflow testing.,2021-03-13T06:33:19Z,0,001F0HyTq0ZVe9LIP9,Account,00Qa2xjWg1cdLZoM9H,Lead
00THfYTcEoGfGOAM0Z,Prepare proposal,Completed,Normal,2026-03-13,Call,Synthetic follow-up activity for CRM workflow testing.,2024-08-11T23:20:47Z,1,,,003LsUD2wMm9ppCAJV,Contact
00Tv4DIjfg5rRL7EWN,Follow up,In Progress,High,2025-03-01,Call,Synthetic follow-up activity for CRM workflow testing.,2021-09-11T12:17:50Z,0,500ekVDQ0IrYBQHANI,Case,001wJoE3fYD2hwd303,Lead
00Tqvv1PImzbN7q2SU,Prepare proposal,In Progress,Normal,2026-04-08,Call,Synthetic follow-up activity for CRM workflow testing.,2021-10-16T14:37:05Z,0,001vywMtDWYqGORIQP,Account,003SGC03Rx0oc1mA5F,Contact
00TsHI3xChl1c0yM5N,Review requirements,Waiting on someone else,Normal,2024-12-26,Call,Synthetic follow-up activity for CRM workflow testing.,2024-02-21T20:41:00Z,0,,,,
00TBRhvBTUOOoGoUHF,Prepare proposal,Completed,Low,2021-08-15,Other,Synthetic follow-up activity for CRM workflow testing.,2025-08-06T14:32:47Z,1,800bqRPbeTRLrxiYTF,Contract,,
00THBYKl4YGVK1oU6N,Follow up,Waiting on someone else,Low,2023-02-08,Email,Synthetic follow-up activity for CRM workflow testing.,2021-10-13T06:46:29Z,0,50tf4CWYq6976H4IP3,Opportunity,,
00TpdZhJPRqInt0EA4,Review requirements,In Progress,High,2022-04-01,Call,Synthetic follow-up activity for CRM workflow testing.,2022-12-24T01:39:20Z,0,816NH1Uknj79qGbQHV,Opportunity,003RFA3C5PZtjYrIEF,Contact
00TE4ojeFmwn2tvM4V,Prepare proposal,Waiting on someone else,High,2023-07-15,Email,Synthetic follow-up activity for CRM workflow testing.,2025-10-15T03:59:02Z,0,800I2BAjG5j3HslYBC,Order,003sRiiIXTJElH8ILC,Contact
00TGOuZDFEbGfXgUA4,Send workshop summary,Completed,High,2024-07-20,Email,Synthetic follow-up activity for CRM workflow testing.,2024-04-22T03:24:14Z,1,500IIM6G04AROAsQIA,Case,003Gqj5HefvdveDABM,Contact
00Ttwfu7DY2WYrGUQF,Review requirements,Deferred,Normal,2022-01-29,Call,Synthetic follow-up activity for CRM workflow testing.,2026-05-04T21:00:30Z,0,80ig0h44cCZ9guhILV,Opportunity,00Q3VBIbOhSHoT1M5L,Lead
00Tx8z8QFw9dWQ0EB8,Follow up,Deferred,Low,2024-04-14,Email,Synthetic follow-up activity for CRM workflow testing.,2024-11-17T01:45:19Z,0,001BjMFM5mN692fQ0D,Account,,
00Tizx5RwwG7LOm277,Review requirements,Waiting on someone else,High,2022-07-10,Call,Synthetic follow-up activity for CRM workflow testing.,2021-11-20T15:52:28Z,0,006wQ7Ukj2LoQvbAU2,Opportunity,003NMoHLkDWagobAIJ,Contact
00TCWGQDebarOXWMWR,Prepare proposal,Waiting on someone else,Low,2026-06-10,Other,Synthetic follow-up activity for CRM workflow testing.,2021-02-13T01:19:17Z,0,001Inbo5xzWKldwA1H,Account,003uIWWDu5XHBBvIH2,Contact
00TGL0g70c1U0qeEAZ,Review requirements,Not Started,High,2024-07-28,Other,Synthetic follow-up activity for CRM workflow testing.,2022-01-05T19:26:35Z,0,001uKtjv3QWz3nDQSN,Account,003vlJeGey2MqXSAKZ,Contact
00Tm9a8Pz3z2M7LEQF,Follow up,Completed,High,2026-01-18,Email,Synthetic follow-up activity for CRM workflow testing.,2025-03-05T20:50:09Z,1,02iTm7Zu9JebYg1AUK,Asset,00QzfmtRoLJ9AJUUHC,Lead
00TwzQSqIIOVzpwUIG,Review requirements,Not Started,Low,2025-07-05,Call,Synthetic follow-up activity for CRM workflow testing.,2024-10-04T02:22:46Z,0,,,0039zPQ4xHnhcqGI7G,Contact
00TG6R2v5SelX8J2FW,Review requirements,Not Started,High,2024-10-07,Email,Synthetic follow-up activity for CRM workflow testing.,2022-10-29T15:21:31Z,0,500yLCPtbb2cZ2tYZI,Case,003D3c4EiA0KVHYQ6Q,Contact
00TzYhexPpVstzLMCC,Follow up,Deferred,High,2022-12-09,Email,Synthetic follow-up activity for CRM workflow testing.,2025-02-08T14:03:55Z,0,00iIXtwNrf2ood7QEH,Opportunity,,
00TQ6MDJb0SCZadEXW,Send workshop summary,Waiting on someone else,Low,2022-08-15,Call,Synthetic follow-up activity for CRM workflow testing.,2021-05-02T19:54:50Z,0,500MIJsytPvh0UmYQR,Case,003GYNkXftXOoslYK3,Contact
00TgkZVSYgSs9gBENY,Follow up,In Progress,Low,2025-01-28,Other,Synthetic follow-up activity for CRM workflow testing.,2021-08-27T20:43:46Z,0,0012n9SIy3FafTfYR5,Account,003CM9mmOrCSrVvYCN,Contact
00T3w1qbD6LTjKXMA2,Send workshop summary,Waiting on someone else,High,2022-10-25,Email,Synthetic follow-up activity for CRM workflow testing.,2023-05-28T16:15:27Z,0,001CtKb9oj7o8JaYFV,Account,003o4TMGtqkbtDdIII,Contact
00TGUyi30h6GopM2UM,Send workshop summary,In Progress,High,2023-01-09,Call,Synthetic follow-up activity for CRM workflow testing.,2021-12-04T04:46:52Z,0,02imA15TlV0zpAnQSR,Asset,,
00T7brLLnpPe6hb2EJ,Follow up,In Progress,Normal,2024-02-23,Call,Synthetic follow-up activity for CRM workflow testing.,2025-11-10T08:46:15Z,0,820bVlsJKbrdccjYPJ,Opportunity,003ZbZQM8O4y5KxAWK,Contact
00TCJglAihtIJzzM8F,Review requirements,Deferred,High,2024-05-09,Email,Synthetic follow-up activity for CRM workflow testing.,2023-01-27T02:53:57Z,0,,,003T3d2WiwNdnVdQCD,Contact
00TDgdLXAFy4wINE4E,Review requirements,Not Started,Normal,2023-04-29,Email,Synthetic follow-up activity for CRM workflow testing.,2026-06-06T14:51:12Z,0,,,003QUsbNgVxP4HJYE9,Contact
00TyTso9YW2tjrm2T4,Prepare proposal,Completed,Normal,2023-07-18,Call,Synthetic follow-up activity for CRM workflow testing.,2022-04-21T12:43:40Z,1,001nyKCWKQ4K1MEQBJ,Account,003mXPwW7YXcfbUIVM,Contact
00Tg2hRwEOc6k9IUVR,Prepare proposal,Not Started,Normal,2022-03-19,Email,Synthetic follow-up activity for CRM workflow testing.,2024-06-12T20:57:09Z,0,001DbpAGYxaJeBJQYG,Account,00Q7StxVYpsHIVNUKM,Lead
00TMlnRqhVkAgnwEML,Follow up,Not Started,Low,2026-05-04,Email,Synthetic follow-up activity for CRM workflow testing.,2025-08-02T04:04:32Z,0,006F3BVw3SjttvbAU1,Opportunity,003sgF22DRFupF4IHR,Contact
00TMC3NnHd8cm3221K,Send workshop summary,In Progress,Normal,2022-07-10,Call,Synthetic follow-up activity for CRM workflow testing.,2021-05-11T21:34:31Z,0,02iWmUkp1oUDNMkQNB,Asset,,
00TFCFFrqxpbP992KM,Prepare proposal,Not Started,Normal,2023-01-25,Email,Synthetic follow-up activity for CRM workflow testing.,2025-06-12T13:24:07Z,0,02iOksQfi9K4HBkAFT,Asset,003pNoEJMAg1mnsABE,Contact
00Tt03k07yyKvglE5W,Follow up,Deferred,Low,2022-01-10,Call,Synthetic follow-up activity for CRM workflow testing.,2026-02-06T12:11:31Z,0,500rQfSUaGaZ2ByY1E,Case,003jGUbFYXqxnmyQ4F,Contact
00TU5H2syUMVY2j260,Follow up,Completed,Low,2023-06-29,Email,Synthetic follow-up activity for CRM workflow testing.,2026-02-19T12:26:57Z,1,,,003z0yFpL28dVEwAVS,Contact
00TZYZmmrFOT5NNED4,Send workshop summary,Not Started,High,2021-05-24,Call,Synthetic follow-up activity for CRM workflow testing.,2022-12-13T04:04:09Z,0,526oIi4wwv9ub5TYYU,Opportunity,00Qk9iyJFYgUnrw2RU,Lead
00TScpffcVYHX7fU2D,Follow up,Not Started,Normal,2025-12-01,Other,Synthetic follow-up activity for CRM workflow testing.,2025-07-11T20:31:33Z,0,801bE99zxUSfFLyAI0,Order,00QbwPA2kx41fbAUL8,Lead
00TdedJksAgRTv925X,Follow up,Deferred,High,2023-06-17,Email,Synthetic follow-up activity for CRM workflow testing.,2025-11-10T14:38:31Z,0,,,003e0SfTKu9YWGpAJN,Contact
00TiY3k0KfQxhz0UK6,Prepare proposal,Waiting on someone else,Normal,2026-07-10,Email,Synthetic follow-up activity for CRM workflow testing.,2022-04-18T12:19:54Z,0,801sLBexp9rtvq1Y0J,Order,003ACPpJ6DQepVdYPY,Contact
00TWvYf7QAsbnZyMYO,Review requirements,Deferred,Low,2021-04-03,Other,Synthetic follow-up activity for CRM workflow testing.,2026-05-30T02:24:48Z,0,800z269R6ifpeYRQJR,Contract,003FH7fLXLiKc8oQPL,Contact
00Tr3m8v5w3ioTj258,Prepare proposal,Not Started,Low,2026-05-12,Call,Synthetic follow-up activity for CRM workflow testing.,2022-05-27T21:03:58Z,0,02ihoEEVo2wKISOYXF,Asset,003td4GzVupmvlzANX,Contact
00TE217VdiyQTCGE5B,Follow up,Deferred,Low,2023-05-14,Call,Synthetic follow-up activity for CRM workflow testing.,2022-08-14T06:46:08Z,0,500DcUJbItL5LJ1AAH,Case,,
00Tkpr50kaTqd0T252,Prepare proposal,Completed,Low,2023-11-13,Call,Synthetic follow-up activity for CRM workflow testing.,2025-03-24T19:55:45Z,1,,,003uIWWDu5XHBBvIH2,Contact
00T5z5RMFB4GF9BMZI,Follow up,Deferred,Low,2021-06-05,Other,Synthetic follow-up activity for CRM workflow testing.,2023-05-19T14:37:50Z,0,7017CM39bNZR7A7Q8R,Campaign,003PYALDHZwx2BLIUX,Contact
00TPwhwSX6weCmQEUE,Send workshop summary,Deferred,Normal,2025-12-30,Call,Synthetic follow-up activity for CRM workflow testing.,2025-05-31T08:37:55Z,0,001HPdcdRz4xhIHI7A,Account,003KHRGIQ3LptrWQF1,Contact
00T3xjqZnrBQaloUGQ,Send workshop summary,Deferred,Normal,2025-11-07,Call,Synthetic follow-up activity for CRM workflow testing.,2021-08-22T02:04:58Z,0,500vRTtt8EucL2LYCC,Case,003kx8Da65rG4utQA5,Contact
00TFV95tDhPDQGtEVI,Review requirements,Completed,Low,2025-07-06,Other,Synthetic follow-up activity for CRM workflow testing.,2023-09-08T05:47:50Z,1,72tVidhjyDNNhDkQR5,Opportunity,0033DSnrIL2u0KKA6S,Contact
00TsovUPjzLgiUvEOO,Send workshop summary,Waiting on someone else,Normal,2022-03-21,Call,Synthetic follow-up activity for CRM workflow testing.,2022-09-07T11:10:24Z,0,001Zk4o7YhsJVX1ID0,Account,00QR11CvluiPkydMC4,Lead
00TZ5ZlGSym63A2MWS,Send workshop summary,In Progress,High,2025-04-27,Other,Synthetic follow-up activity for CRM workflow testing.,2022-11-19T22:02:41Z,0,801X6VUaKwYgWonABO,Order,003gARJyTyhgduOYIS,Contact
00TjrF43O2G4VfCURU,Review requirements,Deferred,High,2025-01-09,Other,Synthetic follow-up activity for CRM workflow testing.,2021-06-08T22:33:37Z,0,001IqN1uANorRv0AGO,Account,003pNoEJMAg1mnsABE,Contact
00Tt9XFgx7kXpMOECG,Send workshop summary,Waiting on someone else,Normal,2022-04-04,Other,Synthetic follow-up activity for CRM workflow testing.,2023-10-22T09:44:00Z,0,001qn0PeVSegyj1AFD,Account,003n1jeyVachCmzIYQ,Contact
00TdrQdQyB13UQU249,Follow up,Completed,Low,2023-05-08,Email,Synthetic follow-up activity for CRM workflow testing.,2023-03-14T07:17:56Z,1,0061JbupnVunqbdITT,Opportunity,003ynZAmhuHgXe5ALX,Contact
00TdT8btVUvxnbAUOT,Send workshop summary,Not Started,Normal,2022-04-15,Call,Synthetic follow-up activity for CRM workflow testing.,2026-03-13T21:47:44Z,0,,,,
00T2GgPSLTwqojgMIU,Follow up,Deferred,Normal,2023-09-25,Other,Synthetic follow-up activity for CRM workflow testing.,2023-01-14T11:54:43Z,0,,,003wXI8INfXqH4aIK3,Contact
00TQeKTgVGgoADo2M4,Follow up,Deferred,Low,2021-05-03,Other,Synthetic follow-up activity for CRM workflow testing.,2024-11-22T02:39:24Z,0,0161X3H4nd77ebTQHG,Opportunity,0032cIJPDHioYkzYVI,Contact
00TgJBufggbX67MU8G,Review requirements,Deferred,Normal,2025-08-26,Other,Synthetic follow-up activity for CRM workflow testing.,2024-07-18T15:57:26Z,0,001Pv3IESUoMrhiAAG,Account,00QHxEPz4qbX1VCEDT,Lead
00T23r1YYR2v7kiMJJ,Follow up,Waiting on someone else,High,2024-06-08,Email,Synthetic follow-up activity for CRM workflow testing.,2023-02-02T10:29:42Z,0,80ig0h44cCZ9guhILV,Opportunity,0035SIDZk9dE2gOYAS,Contact
00TTj85vRKcgOJP212,Follow up,Completed,Normal,2022-12-04,Other,Synthetic follow-up activity for CRM workflow testing.,2022-10-10T06:38:57Z,1,506XjHG2raFLQItI0E,Opportunity,003WmIGDtggahJ4Q7Y,Contact
00T38fFFix4d8NVESS,Review requirements,Deferred,Normal,2026-06-11,Other,Synthetic follow-up activity for CRM workflow testing.,2024-08-12T15:47:57Z,0,0015fdr3n38vtS2Q4V,Account,003ibyqKksVRVY7QU1,Contact
00T1cDzlO1Uo4mTMME,Prepare proposal,Completed,Low,2023-07-20,Call,Synthetic follow-up activity for CRM workflow testing.,2022-01-03T11:46:07Z,1,500DDhqgEcFz7ygQDI,Case,003idSte6iYGpKBASN,Contact
00TcGPJn4DqhtCCEPP,Prepare proposal,Deferred,Low,2023-10-30,Call,Synthetic follow-up activity for CRM workflow testing.,2021-02-09T17:03:43Z,0,801dprlrY0l5hWiYK1,Order,003gZazPmf37RusA5F,Contact
00T2zEBCk4wcjloMR8,Prepare proposal,Not Started,High,2023-09-11,Email,Synthetic follow-up activity for CRM workflow testing.,2021-05-20T06:51:47Z,0,510pZvpQ5rEerZiQIL,Opportunity,003j49YzoPrHKs4QJ6,Contact
00TQzkEgQnb3ugxE0N,Prepare proposal,Deferred,High,2024-04-23,Call,Synthetic follow-up activity for CRM workflow testing.,2021-11-04T22:56:34Z,0,500o1BUd2osTGDBQEW,Case,,
00TRcghThKeVsoE24R,Follow up,Not Started,Low,2023-06-23,Call,Synthetic follow-up activity for CRM workflow testing.,2023-05-21T21:42:04Z,0,001qD5B1fJ8KUKBIVO,Account,00QyxdTPOGTX9in2SP,Lead
00TAHYBhZU6yJ9Q2GW,Send workshop summary,Not Started,Normal,2022-08-25,Call,Synthetic follow-up activity for CRM workflow testing.,2023-11-04T02:30:57Z,0,001LW8OXe6IEB5RAZR,Account,00QD1nYiKXb47K027B,Lead
00TE3m9LbZz6Dz82GW,Review requirements,Completed,Normal,2024-08-20,Other,Synthetic follow-up activity for CRM workflow testing.,2024-10-08T11:45:42Z,1,,,003o7AokIEksfBaIXM,Contact
00TL5DGhXkA5xbP2S7,Send workshop summary,Waiting on someone else,High,2024-02-21,Other,Synthetic follow-up activity for CRM workflow testing.,2021-03-24T18:50:01Z,0,,,003WYrxIg3vAyEnAW2,Contact
00TJtqIlwEsJoQBEDW,Follow up,Waiting on someone else,High,2022-09-06,Other,Synthetic follow-up activity for CRM workflow testing.,2025-05-04T23:19:10Z,0,02iBxcvcsHQkVsmY5W,Asset,003dhEq28R9SWrsYJD,Contact
00Tw1FW9mqCfG8ZUVL,Send workshop summary,Not Started,High,2023-06-25,Other,Synthetic follow-up activity for CRM workflow testing.,2023-12-02T16:29:47Z,0,50053w0Trh73ahoARH,Case,003WBEmY2DvUC0JQHN,Contact
00TLfdBjX6S8gc4MRS,Send workshop summary,Waiting on someone else,Low,2022-02-23,Other,Synthetic follow-up activity for CRM workflow testing.,2026-04-06T14:15:44Z,0,71tQ0iDRaur0hkJYJ7,Order,003oj6cOO7gvPVmYF4,Contact
00TC7dOre1W3mx8U1X,Review requirements,In Progress,Normal,2023-08-17,Other,Synthetic follow-up activity for CRM workflow testing.,2026-01-25T23:57:41Z,0,8003A3BuNnxSFvBQTE,Contract,,
00ToA8qUC4GYeTGE65,Prepare proposal,In Progress,Low,2022-12-10,Call,Synthetic follow-up activity for CRM workflow testing.,2025-03-09T04:52:32Z,0,001OyqT9LtQtE0fYGU,Account,003uwGp0ZUzZmWKILM,Contact
00TIAUpZbpJRB53EU1,Follow up,Waiting on someone else,Low,2025-05-23,Call,Synthetic follow-up activity for CRM workflow testing.,2024-10-01T20:28:39Z,0,800i2e9JuQkjvVeIGG,Contract,003OopXSFvytwYZA6M,Contact
00TzRYHWKsD7SRNEEJ,Follow up,Not Started,Normal,2021-03-01,Other,Synthetic follow-up activity for CRM workflow testing.,2021-07-05T00:10:38Z,0,5004Xr7X73UCVxEIZ5,Case,003XfSezXjrwOTzIKG,Contact
00TLbtuGD52of03UHT,Review requirements,Deferred,Low,2026-03-07,Call,Synthetic follow-up activity for CRM workflow testing.,2021-04-27T07:19:11Z,0,001gn26KfjMg4ZII8J,Account,003uXPAjP3crKTbIVX,Contact
00TwrOyP0yMOxYN22O,Follow up,Waiting on someone else,Normal,2022-12-04,Email,Synthetic follow-up activity for CRM workflow testing.,2021-11-01T09:23:16Z,0,00152hx60eiLsO2QGQ,Account,003T85cJjM9kvNXI4T,Contact
00Ts6B33Jcmte10M4G,Review requirements,Waiting on someone else,High,2023-05-23,Other,Synthetic follow-up activity for CRM workflow testing.,2025-05-20T19:05:51Z,0,70tgFgk04tdi6gGAPV,Opportunity,0039hNH0CIA8DWVYE1,Contact
00Tjo1GGsmzHOwH2ID,Follow up,In Progress,Normal,2022-07-20,Call,Synthetic follow-up activity for CRM workflow testing.,2024-09-07T10:26:10Z,0,006319GbuzsxrQrA92,Opportunity,,
00TTkeKYbmKm0SGEKH,Prepare proposal,In Progress,Normal,2024-06-15,Call,Synthetic follow-up activity for CRM workflow testing.,2024-03-21T09:15:25Z,0,001Mpyhcy0YjCuyQPK,Account,,
00TRfjipHfofzYEM7W,Review requirements,In Progress,Normal,2025-01-18,Call,Synthetic follow-up activity for CRM workflow testing.,2024-12-26T03:16:24Z,0,0018MjZShtig55PAG6,Account,003HrSEjdZAAENtY07,Contact
00TjAWSmgMOLTPk2PC,Follow up,Waiting on someone else,Low,2021-08-13,Email,Synthetic follow-up activity for CRM workflow testing.,2021-10-21T18:43:50Z,0,00180qOlX8UtZ7HQTK,Account,00QuCC88MLl4rzRUO0,Lead
00T2lgkXZKbNb58E55,Review requirements,In Progress,High,2025-04-12,Email,Synthetic follow-up activity for CRM workflow testing.,2023-04-13T21:57:06Z,0,0105eysXdevNjxeY3F,Opportunity,0038MGXa74agJHTAYC,Contact
00TtzQFlj1TV6NBEEN,Review requirements,Deferred,High,2024-10-21,Call,Synthetic follow-up activity for CRM workflow testing.,2022-01-03T21:25:09Z,0,02iU2EQW8MOA1J8IIM,Asset,,
00TkA8Jy4Tr8qbBUP2,Send workshop summary,Waiting on someone else,High,2021-02-08,Call,Synthetic follow-up activity for CRM workflow testing.,2023-03-27T18:05:46Z,0,02iAtVAnynLexwLYFW,Asset,003DGxJ8tFMKWT2Y2E,Contact
00TAqMkrsUlIaKVMUW,Review requirements,In Progress,Low,2022-04-05,Email,Synthetic follow-up activity for CRM workflow testing.,2021-12-16T22:54:39Z,0,500QhsIuwwyFj96ISY,Case,003JZjgTCA78gcOID9,Contact
00TxP2GFvgawOafUY6,Send workshop summary,Completed,Normal,2025-07-29,Email,Synthetic follow-up activity for CRM workflow testing.,2022-02-07T08:50:34Z,1,810WEutgN41JOtwIBR,Opportunity,0032YUBb1deGb5cQNC,Contact
00TzElbHpWkCrMh2OO,Follow up,Deferred,Low,2026-05-31,Call,Synthetic follow-up activity for CRM workflow testing.,2025-05-18T09:37:09Z,0,510IQPDyR2DAOuCIPM,Opportunity,003woNCXNVLDq9iIP3,Contact
00T7x3KWz13MnpuU1E,Follow up,Waiting on someone else,Low,2024-08-31,Email,Synthetic follow-up activity for CRM workflow testing.,2026-02-10T12:11:31Z,0,001OphrQTgtGmAPIMC,Account,003Ec66kiJL5qvrYM5,Contact
00TJGTByvwpaK8L2D1,Prepare proposal,Waiting on someone else,Normal,2023-08-03,Email,Synthetic follow-up activity for CRM workflow testing.,2023-09-07T04:39:32Z,0,02izRbuf4dnkx5SYHY,Asset,00Q1iGsyX5h0qfbU53,Lead
00TJuXhBCHLlUIpU1O,Prepare proposal,Waiting on someone else,Low,2022-07-14,Other,Synthetic follow-up activity for CRM workflow testing.,2025-03-24T08:23:51Z,0,500hA6g5wEy6U3uIRO,Case,003ZPGB8XLIst9AA3J,Contact
00TOBy22mgRV1IfE1E,Review requirements,In Progress,Low,2022-07-06,Email,Synthetic follow-up activity for CRM workflow testing.,2023-08-23T01:19:09Z,0,001rLqfAY4OfLS1QF8,Account,00QjOBWVkOFOCoRM7D,Lead
00TJZVqlMnIwId5MA2,Review requirements,In Progress,Low,2023-11-04,Call,Synthetic follow-up activity for CRM workflow testing.,2023-11-10T15:56:34Z,0,006XyK3Usoqe1pXQ0H,Opportunity,003GweaslhRRyCLI5I,Contact
00TqgsYbttPAyn5EY4,Prepare proposal,In Progress,High,2025-08-01,Other,Synthetic follow-up activity for CRM workflow testing.,2023-09-27T02:56:16Z,0,521mpPKRTUMfQI3A1Q,Opportunity,,
00TDdL3vqV3lRE9UPY,Send workshop summary,Completed,Low,2023-01-17,Call,Synthetic follow-up activity for CRM workflow testing.,2025-04-11T22:32:17Z,1,701dvFZxXgmRnlIQM7,Campaign,,
00T2aJaunSqiPwy24I,Send workshop summary,In Progress,Low,2022-04-15,Other,Synthetic follow-up activity for CRM workflow testing.,2021-03-19T17:15:33Z,0,02ikLGp3AHnXZdLYRX,Asset,00302pKvuwVGg8hYLK,Contact
00TAxf66msZMoCv2U4,Send workshop summary,Not Started,Low,2023-05-04,Email,Synthetic follow-up activity for CRM workflow testing.,2025-12-21T13:49:52Z,0,001FChipDL8FyVaQQG,Account,003p52UPTinQ0mzADQ,Contact
00TKLHkRz8W2lFGMP1,Prepare proposal,Deferred,High,2022-04-29,Call,Synthetic follow-up activity for CRM workflow testing.,2021-08-26T08:50:18Z,0,,,,
00TCYwyNN7GSHhV2SX,Review requirements,Completed,Low,2025-08-01,Other,Synthetic follow-up activity for CRM workflow testing.,2021-05-23T16:11:19Z,1,500CTTG5omi9arKIH6,Case,003cY6vpHkodggrI65,Contact
00TqHgRBhPcDlc6UDG,Follow up,Completed,Low,2023-03-27,Call,Synthetic follow-up activity for CRM workflow testing.,2021-09-01T00:37:50Z,1,5168KK2y69MZusAA21,Opportunity,003GOul1uSeAdI6IQH,Contact
00TO9aXtlJqSjOjE6W,Review requirements,In Progress,High,2022-06-02,Call,Synthetic follow-up activity for CRM workflow testing.,2024-10-21T02:47:12Z,0,0018haifivYezP7QUH,Account,003Jy7SUOIQb9xzAPH,Contact
00TBcxJv2MFfcTOEW8,Follow up,Waiting on someone else,High,2023-10-02,Other,Synthetic follow-up activity for CRM workflow testing.,2024-03-24T14:47:54Z,0,00180qOlX8UtZ7HQTK,Account,003moatACR4H0qAI31,Contact
00TxND5EPjISHQZMAL,Follow up,Deferred,Normal,2026-07-30,Email,Synthetic follow-up activity for CRM workflow testing.,2022-01-23T14:17:59Z,0,00tvJH5KgpFjKEsYR9,Opportunity,00Qr0VyRR3s4k5BME0,Lead
00Ty202axCTsc3v2VU,Send workshop summary,Deferred,Normal,2026-05-14,Call,Synthetic follow-up activity for CRM workflow testing.,2024-12-13T17:38:23Z,0,500tPaauITg7OnJAFY,Case,003OnVQVbt2cOpYA2L,Contact
00T8TCAm87lSLTFUEL,Review requirements,Completed,Low,2024-12-03,Other,Synthetic follow-up activity for CRM workflow testing.,2024-01-15T13:16:33Z,1,006RDEKK5DqXkskAUM,Opportunity,,
00TT1nP77XlgUJNEC7,Prepare proposal,Deferred,Normal,2026-05-05,Other,Synthetic follow-up activity for CRM workflow testing.,2022-07-11T00:48:00Z,0,001JM2vogN0dvJhQHI,Account,003bYmDBFVRb9zYI4J,Contact
00ToTYsHDWA2s3RMJ6,Review requirements,Deferred,High,2025-10-07,Email,Synthetic follow-up activity for CRM workflow testing.,2024-06-16T09:01:59Z,0,001DmIO5EqT4tawY4D,Account,003fd0beHfeDCJbIXV,Contact
00TA21BSPRPwtZ22DP,Prepare proposal,Completed,High,2021-07-12,Other,Synthetic follow-up activity for CRM workflow testing.,2025-06-02T08:49:57Z,1,001qP46mGWsPnuOQ5R,Account,00QAN3bZOehobaYEEB,Lead
00Txnh2qXWOtyn02U2,Send workshop summary,Deferred,High,2021-06-22,Other,Synthetic follow-up activity for CRM workflow testing.,2023-09-14T11:47:00Z,0,001U9TwW1ZhV64GITA,Account,003y9R3yE5mQtv4Q0K,Contact
00TbDAad8bxEyN4MDU,Prepare proposal,Completed,Normal,2025-10-22,Email,Synthetic follow-up activity for CRM workflow testing.,2021-04-17T21:00:59Z,1,02i0kVCh166UqOVQOZ,Asset,003BRwu2sKtgDFJIUG,Contact
00TjtOEejnNd3cBE7Q,Send workshop summary,Not Started,Normal,2021-11-25,Email,Synthetic follow-up activity for CRM workflow testing.,2025-12-18T02:36:46Z,0,01t7aWrLJOCiWZaA9Z,Product2,00QfY2BAY3MV93e2YP,Lead
00Ty1R8TwsXGxDz21X,Send workshop summary,Waiting on someone else,High,2025-01-11,Email,Synthetic follow-up activity for CRM workflow testing.,2022-06-25T15:29:17Z,0,00109Wkb6Ad98AMIR6,Opportunity,003ALU8RfKdcUlxQN4,Contact
00TB32khCvor8qXE65,Review requirements,Deferred,High,2023-12-07,Call,Synthetic follow-up activity for CRM workflow testing.,2022-08-17T21:00:51Z,0,001LT9I3sxXG212YUI,Account,003h7T0PrfOKwRwY44,Contact
00T2pUlavlCq5CIEOP,Prepare proposal,In Progress,Normal,2026-04-01,Call,Synthetic follow-up activity for CRM workflow testing.,2025-09-05T11:54:48Z,0,001gKEIo3A4yzmLATH,Account,003b0wqN0HfzPHVYA9,Contact
00TjKPoJbgVk4s1EHX,Send workshop summary,Completed,Normal,2024-05-13,Call,Synthetic follow-up activity for CRM workflow testing.,2021-04-03T00:54:34Z,1,,,00QifnTtLv5N9v72XN,Lead
00TkXzBZ67WaVA32KA,Follow up,Waiting on someone else,High,2026-09-24,Email,Synthetic follow-up activity for CRM workflow testing.,2026-01-17T09:15:28Z,0,500z9patbXEo9BBAM5,Case,,
00TnFTlhBT2TVIUE5A,Prepare proposal,Completed,High,2026-06-20,Call,Synthetic follow-up activity for CRM workflow testing.,2024-02-03T14:38:44Z,1,7019KuFdn10ijGjI2P,Campaign,003o9UZEDhfqPufYGG,Contact
00TAH1VKI16s2z7E7U,Prepare proposal,Not Started,Normal,2024-08-26,Other,Synthetic follow-up activity for CRM workflow testing.,2021-05-15T14:18:09Z,0,006DWcdP5R43VoTQK6,Opportunity,00QDRdPUgZMjjfuM6C,Lead
00TqjEWLcvQXd2xM9S,Follow up,In Progress,High,2024-09-05,Other,Synthetic follow-up activity for CRM workflow testing.,2024-05-11T17:02:10Z,0,80txT1CJqp3g7p2A0R,Opportunity,,
00Ta9jXG0CemUl1EEB,Review requirements,In Progress,Low,2021-03-31,Other,Synthetic follow-up activity for CRM workflow testing.,2023-11-21T22:25:26Z,0,500Qrid3t56ShrSA35,Case,003a7v5rClLranGAZQ,Contact
00TeSzwyoS1ERIBUWZ,Send workshop summary,Waiting on someone else,Low,2022-03-23,Other,Synthetic follow-up activity for CRM workflow testing.,2025-11-17T09:11:56Z,0,006dt5gzEooGwX4QWB,Opportunity,,
00TcsUbn8pgqWiCEIO,Send workshop summary,Deferred,High,2025-05-26,Call,Synthetic follow-up activity for CRM workflow testing.,2021-04-14T13:52:32Z,0,50015np2UZeK6gdQBE,Case,,
00TLETXrOtlmUYME6J,Send workshop summary,Completed,Normal,2026-05-04,Email,Synthetic follow-up activity for CRM workflow testing.,2023-07-29T22:29:03Z,1,71tjE28RTCl2kE2I0Y,Opportunity,003ZGqrnGM2bGAFY4D,Contact
00TS3UjLK1bMqslMGT,Follow up,Not Started,Low,2023-12-13,Email,Synthetic follow-up activity for CRM workflow testing.,2025-11-16T22:21:41Z,0,5003lj6vvYQPpFkQ6N,Case,00Q3yN13j03qYwv24Y,Lead
00Tb7ADg9k06QWFURA,Follow up,Deferred,High,2023-05-25,Other,Synthetic follow-up activity for CRM workflow testing.,2021-08-27T12:11:04Z,0,721CmA86MnDG5WjQIG,Opportunity,003mkJnCNNeHC7uQUC,Contact
00TJbGQzzI0Vnft29S,Send workshop summary,Not Started,Low,2026-04-30,Other,Synthetic follow-up activity for CRM workflow testing.,2025-02-07T04:14:18Z,0,5008GoAPykFpq7MAK8,Case,003CgiJvxFSJcNTYAN,Contact
00TneJbL70XU2WC2LT,Review requirements,Not Started,High,2022-09-18,Call,Synthetic follow-up activity for CRM workflow testing.,2021-05-09T18:15:38Z,0,500wrP3FKWu1E6MYGA,Case,00QP7ZsKT2ptPH70EF,Lead
00TCFKmncD7kqiPE4P,Send workshop summary,Waiting on someone else,Normal,2021-09-04,Email,Synthetic follow-up activity for CRM workflow testing.,2021-09-29T17:32:04Z,0,500tI568VQPFHh8YA9,Case,003xx93G3HdGJQbIZE,Contact
00TuCdyp98dcLnx2AX,Prepare proposal,Completed,Normal,2025-11-27,Other,Synthetic follow-up activity for CRM workflow testing.,2022-07-16T22:54:17Z,1,0012tOpQ4NIa7RbIUI,Account,00Qh76rLKF4RhOUEE5,Lead
00TaA5TBDGXMa8OEIS,Review requirements,Not Started,High,2023-09-10,Call,Synthetic follow-up activity for CRM workflow testing.,2025-05-31T23:09:38Z,0,001Q3kntrifzyYWI62,Account,00Q0NVuaafblLum23A,Lead
00TO8EdyO1JskEi2ET,Follow up,In Progress,Low,2026-04-14,Email,Synthetic follow-up activity for CRM workflow testing.,2021-09-04T17:00:04Z,0,,,0035aGnJu9oBcVHILJ,Contact
00TiKQPGGWP9WznUXK,Send workshop summary,Deferred,High,2023-02-02,Other,Synthetic follow-up activity for CRM workflow testing.,2021-08-20T18:27:55Z,0,001yGC8xttQVvNRYNT,Account,003YQ6RFzqAJlhFI5Y,Contact
00TehwFg2xjFcHz2EG,Send workshop summary,Not Started,High,2024-07-20,Email,Synthetic follow-up activity for CRM workflow testing.,2026-02-02T16:51:26Z,0,006gAp3k0tp91QTQ8M,Opportunity,003ZGqrnGM2bGAFY4D,Contact
00TVjMOhSG29jrdER8,Follow up,Not Started,Low,2021-10-24,Other,Synthetic follow-up activity for CRM workflow testing.,2023-04-22T03:27:05Z,0,51txBStHCwvBgfXIC1,Order,0031mDngmYeD5xrIKU,Contact
00ThWreToMqkrlpMN3,Send workshop summary,Not Started,Low,2021-04-12,Other,Synthetic follow-up activity for CRM workflow testing.,2026-03-06T12:38:09Z,0,02iUv5HTYepIaYnAGF,Asset,003PVjht8so2oTdQOV,Contact
00TErnhOUi0B3zAMSA,Prepare proposal,Completed,High,2023-05-31,Email,Synthetic follow-up activity for CRM workflow testing.,2022-02-11T09:24:59Z,1,001C3SilogoPTPGIWX,Account,00Qcp61RadneXqA2Y7,Lead
00TtOv8BBaeHDV7U9H,Follow up,Completed,High,2023-06-03,Other,Synthetic follow-up activity for CRM workflow testing.,2023-09-06T09:30:02Z,1,01tdyvIgQpVTvgTYQH,Opportunity,003wvsZJc0jEbZ3I65,Contact
00TWsYz3v4GyWQl20R,Review requirements,Waiting on someone else,Normal,2023-04-22,Email,Synthetic follow-up activity for CRM workflow testing.,2023-11-25T18:01:55Z,0,726ubCp6MSaveepAVP,Opportunity,003lAaW56mi7TofAUG,Contact
00TVeDEaOg1wDM42VX,Review requirements,Not Started,Normal,2024-06-03,Call,Synthetic follow-up activity for CRM workflow testing.,2023-08-04T21:48:17Z,0,701ZKEVK2K8qBjzA6V,Opportunity,003m7VFEeDJ9mFKIXK,Contact
00T31ZZUDkUghfxMD1,Send workshop summary,In Progress,Normal,2025-10-14,Email,Synthetic follow-up activity for CRM workflow testing.,2021-06-05T12:34:08Z,0,82i8o4KUZogEMCHAP6,Opportunity,0036bmqoQnfpwNgQ2A,Contact
00TCIDLccekgvLeEAW,Follow up,Completed,Low,2023-01-17,Call,Synthetic follow-up activity for CRM workflow testing.,2021-08-21T09:58:58Z,1,701uy02vAEj9sQvINI,Campaign,003yrbLeuuGhniRI6Y,Contact
00TTlQgQumfXbP4UIX,Review requirements,Not Started,Normal,2024-12-23,Other,Synthetic follow-up activity for CRM workflow testing.,2022-06-04T16:40:04Z,0,0014BI0PTpGJAb4ICJ,Account,,
00Ti7adjMNkvTaxMX1,Follow up,Not Started,High,2025-07-16,Other,Synthetic follow-up activity for CRM workflow testing.,2025-05-23T06:34:49Z,0,701uy02vAEj9sQvINI,Campaign,003LtDyRa7YYs9EYDK,Contact
00TMX24Re91jp9LEXJ,Follow up,Waiting on someone else,High,2021-05-27,Other,Synthetic follow-up activity for CRM workflow testing.,2021-06-14T17:42:30Z,0,001EzVzzzPDO3QjIJG,Account,,
00TwKRjsB2dvomfUF0,Send workshop summary,Waiting on someone else,Normal,2023-08-03,Other,Synthetic follow-up activity for CRM workflow testing.,2024-03-10T11:37:07Z,0,021jvqwanvRq8PSQS3,Opportunity,0038Zgs2fcZRNYDA5R,Contact
00TEMSjougJpF1XM55,Prepare proposal,In Progress,Low,2022-11-15,Call,Synthetic follow-up activity for CRM workflow testing.,2026-02-06T04:54:00Z,0,0014xFF5q1fi7GwQMP,Account,003IDLAnjAhQBBjAVX,Contact
00TldUiNPq6ZIBVU5I,Review requirements,Not Started,Normal,2024-08-07,Email,Synthetic follow-up activity for CRM workflow testing.,2025-01-22T01:20:12Z,0,001KKprsa8fDGWEQ2J,Account,003fKL1ajAUvZsZQGZ,Contact
00TBvRYWhpwK9tL2D3,Prepare proposal,In Progress,High,2024-06-12,Other,Synthetic follow-up activity for CRM workflow testing.,2023-06-05T16:51:46Z,0,001IZMzpc9F1Z8oAA7,Account,003nGjJ6FIdbpauQRK,Contact
00TFqxUF9iG7yMiMNA,Follow up,Not Started,High,2023-11-03,Email,Synthetic follow-up activity for CRM workflow testing.,2025-02-01T08:08:27Z,0,701kaNmdBiDCvfPYHU,Opportunity,003mUajdwv6lK8jIWY,Contact
00TRp3trE6os6lxMG2,Review requirements,Deferred,Normal,2026-06-13,Email,Synthetic follow-up activity for CRM workflow testing.,2026-03-25T23:35:25Z,0,,,003RBWNCUkv2pnuA0M,Contact
00Tv46U8jvzHGFVUEG,Send workshop summary,Waiting on someone else,High,2022-11-03,Email,Synthetic follow-up activity for CRM workflow testing.,2021-04-25T08:11:49Z,0,,,003SEr5kv6qLws1Q0Z,Contact
00TvmaLJW3g67RSEP1,Review requirements,Deferred,Normal,2025-05-08,Other,Synthetic follow-up activity for CRM workflow testing.,2021-11-25T14:21:50Z,0,02i1QZUd7lItXRXIUG,Asset,00QvP7VY7xyP9jTM65,Lead
00TIDYhMYELgnyVM4I,Review requirements,Deferred,High,2022-04-01,Other,Synthetic follow-up activity for CRM workflow testing.,2025-07-04T07:42:20Z,0,800N3P27WNBE92CAXT,Contract,003Rz96fwVmBsarYJ1,Contact
00TNDQvdlmXVIEdUKY,Prepare proposal,Completed,Low,2024-11-20,Other,Synthetic follow-up activity for CRM workflow testing.,2022-02-26T22:07:56Z,1,500fom5p6QTltMoQ8B,Case,0034NLRXc49Mr8gYJA,Contact
00TreHB1vAokxCBUXT,Prepare proposal,Deferred,Low,2026-01-28,Call,Synthetic follow-up activity for CRM workflow testing.,2021-01-11T18:06:02Z,0,000UXXuEihvqi7kY6R,Opportunity,0059TXxjNHb2m6R2S5,Lead
00TdKuxNPSq8t3w2VT,Prepare proposal,Deferred,High,2021-08-17,Email,Synthetic follow-up activity for CRM workflow testing.,2025-02-12T11:54:26Z,0,001mC8KS3W25A4qI66,Account,0033HOWp6qXzxCPIVG,Contact
00TSLEuNdDzMZalUW6,Send workshop summary,Waiting on someone else,High,2022-11-14,Email,Synthetic follow-up activity for CRM workflow testing.,2023-03-16T03:16:57Z,0,001cnLEQk5pZMibQH2,Account,003CdFzAkit5JdwQ55,Contact
00TtUsa62SC6Kfq2WJ,Prepare proposal,In Progress,Normal,2021-10-26,Email,Synthetic follow-up activity for CRM workflow testing.,2023-01-17T00:12:59Z,0,001Z9FmqrbfBXeVI9A,Account,003I3dWkbTjcuLqIU3,Contact
00TbxLrhEqHZRyxUWT,Prepare proposal,Completed,High,2025-05-02,Call,Synthetic follow-up activity for CRM workflow testing.,2024-08-04T21:13:03Z,1,720N6RfLbcjhIOAYHT,Opportunity,003IhTjEGYYSFfTY49,Contact
00TSB76KI9IJOnxU8B,Send workshop summary,Completed,Low,2025-11-22,Email,Synthetic follow-up activity for CRM workflow testing.,2023-10-16T00:09:53Z,1,,,0035IgKC3CNNpIAALQ,Contact
00TH15C8fv6sN5BUX9,Prepare proposal,Waiting on someone else,Low,2021-06-27,Call,Synthetic follow-up activity for CRM workflow testing.,2026-06-20T11:43:58Z,0,02icdpUYXzZBYxgACX,Asset,0034sgxTTPLTPi4Y9W,Contact
00TFvylQaOidMjQMXJ,Send workshop summary,In Progress,Low,2021-05-26,Email,Synthetic follow-up activity for CRM workflow testing.,2023-11-12T08:44:43Z,0,8000Q53UMKyIsRsAS2,Contract,003R375X0ukUtivI7U,Contact
00TgCgbE95ktmKOEOX,Prepare proposal,In Progress,High,2026-06-28,Email,Synthetic follow-up activity for CRM workflow testing.,2024-06-08T22:52:27Z,0,006x1v6emgXFNcTYVV,Opportunity,00QKAYmCP27Ts9IUUU,Lead
00TRx71nnYOkzRAMBF,Prepare proposal,Not Started,Normal,2022-07-04,Call,Synthetic follow-up activity for CRM workflow testing.,2025-01-06T14:15:37Z,0,02iQ1Iszd9rfeCGYR5,Asset,00QdYcsAFluqVQkET2,Lead
00TqQUNQHKVs88uM64,Review requirements,In Progress,High,2023-03-12,Other,Synthetic follow-up activity for CRM workflow testing.,2021-12-30T01:18:50Z,0,001wOS4RTezb6AxY4U,Account,,
00T5T5I2jY52pH1M90,Prepare proposal,Not Started,Normal,2026-04-15,Other,Synthetic follow-up activity for CRM workflow testing.,2021-02-21T21:24:27Z,0,801mn7LPXOVniJyI2X,Opportunity,0030I2EUZyu1ilxAN0,Contact
00TWCrf1x4j1UGN2D6,Follow up,In Progress,Normal,2022-06-23,Email,Synthetic follow-up activity for CRM workflow testing.,2023-11-22T01:23:32Z,0,800o5fgQNwjouXQA01,Contract,003Vov5oCX6NQVwQI1,Contact
00TpGrsDlyl9r6QM48,Prepare proposal,Not Started,High,2026-09-01,Call,Synthetic follow-up activity for CRM workflow testing.,2024-04-03T03:57:31Z,0,,,,
00TyTQuSPDgfjRD245,Follow up,Completed,Normal,2024-07-20,Email,Synthetic follow-up activity for CRM workflow testing.,2022-05-18T10:39:30Z,1,02iZz5Kzgn4R8fiAF4,Asset,003iBfF1piSXCNjIF4,Contact
00T7vj5Iqo7kYJnE83,Prepare proposal,Completed,High,2021-06-14,Call,Synthetic follow-up activity for CRM workflow testing.,2021-11-07T19:58:12Z,1,001LT9I3sxXG212YUI,Account,003cDJscbZK0JtHQIR,Contact
00TAN76wyP6nlLZUEP,Review requirements,Completed,High,2021-08-27,Other,Synthetic follow-up activity for CRM workflow testing.,2026-02-14T17:02:36Z,1,0012Sv7fgBrqn2tAX8,Account,003nbABOCORgwMAA2H,Contact
00TuusOJnGTalB5M75,Review requirements,Completed,High,2022-09-19,Email,Synthetic follow-up activity for CRM workflow testing.,2026-05-10T17:13:20Z,1,,,003wtYbi0p2g5IYIYU,Contact
00Tsi5KimNTdNJY2Z5,Send workshop summary,Completed,High,2021-12-29,Email,Synthetic follow-up activity for CRM workflow testing.,2021-11-25T16:52:53Z,1,001L6QQcpJ1qXB2Y62,Account,0031OgLshls4XrqQ85,Contact
00Ths7Mgl6w91Vw2NQ,Review requirements,Deferred,High,2025-04-22,Other,Synthetic follow-up activity for CRM workflow testing.,2023-05-12T08:51:02Z,0,001dVg5Hd2ux7OeY11,Account,003n7bCDQPRuiOLQ4T,Contact
00TBawyN8PCwD5aMUR,Follow up,Deferred,Normal,2022-01-20,Call,Synthetic follow-up activity for CRM workflow testing.,2021-11-10T13:21:33Z,0,801xkLz0EPzYnwvQ9T,Order,003aOYRJR4o2kcUANS,Contact
00Ta34GQCBWQTkZUKF,Send workshop summary,Waiting on someone else,High,2022-08-02,Call,Synthetic follow-up activity for CRM workflow testing.,2023-02-07T12:20:10Z,0,5000T4dmhNDV5G2IVS,Case,00QmhXpKiL2GnEI2AW,Lead
00T1m5PXIYvsC88MWQ,Send workshop summary,Completed,High,2022-07-21,Email,Synthetic follow-up activity for CRM workflow testing.,2026-04-01T02:59:23Z,1,500mga2QUUOrpS5I40,Case,0038KaVYDLfphloIAC,Contact
00TB5kh3jr7oiPSE29,Follow up,Deferred,High,2022-08-27,Call,Synthetic follow-up activity for CRM workflow testing.,2025-09-25T06:44:12Z,0,500EZpKbv7PL6qCI35,Case,003UCatH93ztwEVQ2Q,Contact
00TPx7n5swIjQba277,Follow up,Not Started,Low,2022-09-21,Email,Synthetic follow-up activity for CRM workflow testing.,2024-05-05T00:26:23Z,0,80ig0h44cCZ9guhILV,Opportunity,,
00T4irp0NjM9w47EHO,Send workshop summary,Waiting on someone else,High,2025-03-24,Call,Synthetic follow-up activity for CRM workflow testing.,2024-02-16T13:13:07Z,0,001UhwyHPMFM5liAM5,Account,003SIbEzrYGgsFcQ55,Contact
00TAnt1XOPvbP6BEIZ,Prepare proposal,Completed,Normal,2026-05-28,Other,Synthetic follow-up activity for CRM workflow testing.,2021-07-17T22:27:23Z,1,001FzQ1Vu9hM4AsIVS,Account,0034SeMRhZnNA4bAKM,Contact
00TXElitQVjMTLz22B,Prepare proposal,Deferred,High,2023-12-23,Call,Synthetic follow-up activity for CRM workflow testing.,2025-04-27T07:55:52Z,0,001TtyIW37HieQzYDX,Account,00QyfgWbCI2efAAMSW,Lead
00TCKBEhpHsbgmCE6Z,Review requirements,Waiting on someone else,Low,2023-01-08,Other,Synthetic follow-up activity for CRM workflow testing.,2025-08-25T20:33:31Z,0,00632Bo1soYBvCPYRN,Opportunity,00QC7sT9nZygc4xU4V,Lead
00Tz4pNdlOWOAIC2A6,Follow up,In Progress,Normal,2025-12-19,Email,Synthetic follow-up activity for CRM workflow testing.,2024-04-23T21:38:45Z,0,700aFWZ3nbrzjg8YUW,Opportunity,003DqjbhHLsEG4oQ9F,Lead
00T2MiFoAtWRRE1E18,Review requirements,Completed,Low,2022-07-27,Email,Synthetic follow-up activity for CRM workflow testing.,2022-09-22T12:57:03Z,1,02iykfMIsuqVkSqAV2,Asset,,
00TMLfEtNB7yFmqE44,Prepare proposal,Waiting on someone else,Low,2023-10-26,Other,Synthetic follow-up activity for CRM workflow testing.,2026-03-24T07:37:21Z,0,500DovPJjISIygKART,Case,,
00TSTkFCZcN7oYdMTG,Send workshop summary,Deferred,High,2025-07-30,Email,Synthetic follow-up activity for CRM workflow testing.,2021-06-15T11:37:00Z,0,006Y1Mvf6qcOjkhILA,Opportunity,003uql3pJq5GjswANL,Contact
00T9Oqp9xnyuxOW26S,Send workshop summary,Deferred,High,2024-06-26,Email,Synthetic follow-up activity for CRM workflow testing.,2022-10-02T17:33:23Z,0,0102fLtQLEL1WDgAOG,Opportunity,003xDSL78d613FFY1F,Contact
00TZFL0b7AhyRmeUXI,Follow up,Completed,Low,2024-05-21,Other,Synthetic follow-up activity for CRM workflow testing.,2023-03-22T19:09:47Z,1,006lWIsCXMguRQfQMM,Opportunity,003RkNOcuqO0tHhA2N,Contact
00TMDfT3JjXBZt2EBN,Send workshop summary,Deferred,Low,2026-03-10,Email,Synthetic follow-up activity for CRM workflow testing.,2021-10-11T22:23:34Z,0,500OaIRwD2VvNVuAGV,Case,,
00TaJraRlOmYA6QUG5,Prepare proposal,Waiting on someone else,Low,2024-03-01,Call,Synthetic follow-up activity for CRM workflow testing.,2025-09-08T05:20:57Z,0,500ipNOxN4ItCsaAFX,Case,003mJJARZUqZqP5Y2C,Contact
00T2nynhDPutBL7E64,Prepare proposal,Deferred,High,2022-03-08,Email,Synthetic follow-up activity for CRM workflow testing.,2025-09-01T10:19:19Z,0,02i0ufPvsxm49NPQ20,Asset,,
00TOYNsjl4a2os2M5U,Follow up,Deferred,Low,2022-09-06,Call,Synthetic follow-up activity for CRM workflow testing.,2025-12-25T22:15:04Z,0,006ht8t2NwasA3vIGI,Opportunity,003ALU8RfKdcUlxQN4,Contact
00T53JQrACsfJAtUHX,Send workshop summary,In Progress,Normal,2023-01-16,Email,Synthetic follow-up activity for CRM workflow testing.,2024-07-22T09:37:17Z,0,800WvqcgCiPOHLYY7Y,Contract,003vQpw69dMhJp4Q6L,Contact
00TCHstoeQcxYRZES5,Send workshop summary,In Progress,Low,2025-05-21,Call,Synthetic follow-up activity for CRM workflow testing.,2025-02-20T23:01:59Z,0,500EphqXh8ZAWCLQ7V,Case,0038LGZLvsEDrffAG2,Contact
00Tc40aq8Ih11mmU2P,Review requirements,Deferred,Normal,2022-11-01,Call,Synthetic follow-up activity for CRM workflow testing.,2023-12-04T02:40:58Z,0,7016JVvcTYMBRjjQNA,Campaign,003VSx3gBhsvaiVQJK,Contact
00TTa5WZnGrBFgpMDH,Send workshop summary,Completed,High,2021-12-02,Other,Synthetic follow-up activity for CRM workflow testing.,2025-01-18T13:12:24Z,1,,,00Q7oaAyjRAswK4ZX1,Lead
00TMJK4QjruMGu2UIK,Send workshop summary,In Progress,High,2023-03-31,Email,Synthetic follow-up activity for CRM workflow testing.,2022-12-18T04:49:28Z,0,001veU1rKvNzbBRQ2J,Account,003QcMefpBN7uCgA7D,Contact
00TdnOnIulhnEZGEB4,Review requirements,Deferred,High,2021-10-13,Call,Synthetic follow-up activity for CRM workflow testing.,2025-03-17T16:10:22Z,0,806MNuDPlV5veZFQWY,Opportunity,003lvDZM4XkyQxVY3U,Contact
00T2YMUUBQoKUuz2EC,Review requirements,Deferred,Normal,2024-06-13,Other,Synthetic follow-up activity for CRM workflow testing.,2021-12-31T06:49:50Z,0,,,003Vov5oCX6NQVwQI1,Contact
00TkmMQ3JgFFJzcER9,Send workshop summary,Waiting on someone else,Normal,2025-02-24,Call,Synthetic follow-up activity for CRM workflow testing.,2025-10-15T20:33:29Z,0,02iBq1uUWrYPPSyYP5,Asset,,
00TFUYt3CkRyBTxMZT,Review requirements,Deferred,High,2024-03-29,Email,Synthetic follow-up activity for CRM workflow testing.,2022-10-20T09:54:42Z,0,001pUY9CVMaLCa4YQV,Account,003S8CPTh68SHogIQ8,Contact
00TKbxKXidRcwdoEFV,Send workshop summary,Completed,Low,2021-07-18,Call,Synthetic follow-up activity for CRM workflow testing.,2022-03-13T15:17:27Z,1,500UJEy9vlaphnDYJN,Opportunity,0033nvPqIBVsUj3Q2V,Contact
00TE298chhJ99dR2O1,Prepare proposal,In Progress,Normal,2021-06-22,Other,Synthetic follow-up activity for CRM workflow testing.,2023-07-20T09:39:41Z,0,521ZnDKIAdpMn14Q88,Opportunity,,
00TbIaG8tjMUvFlUR4,Send workshop summary,Not Started,Low,2021-11-19,Email,Synthetic follow-up activity for CRM workflow testing.,2025-06-12T09:19:56Z,0,001qxvOxGkxKlKoYCS,Account,003OAkfyP4d2ErpYXI,Contact
00T3NwYkJ77q4GmU73,Send workshop summary,Not Started,Normal,2025-05-29,Other,Synthetic follow-up activity for CRM workflow testing.,2024-03-24T00:05:44Z,0,800VfP9ueh08ceQIX9,Contract,003PyZ38dL1GKh6AD3,Contact
00TtgIWLORTVYwlEKF,Send workshop summary,Not Started,Normal,2024-11-20,Call,Synthetic follow-up activity for CRM workflow testing.,2021-12-28T15:32:02Z,0,02iSVuhGSt6JLdFYNI,Asset,003bou0dAYXn7MIQQ7,Contact
00TZF12R9ArSnqkU3Z,Review requirements,In Progress,High,2022-10-08,Call,Synthetic follow-up activity for CRM workflow testing.,2023-09-20T01:01:12Z,0,001qxvOxGkxKlKoYCS,Account,003P4MTvFelGRodQ08,Contact
00TvnB68mMCwEeEUT2,Send workshop summary,Deferred,Normal,2021-02-13,Call,Synthetic follow-up activity for CRM workflow testing.,2025-04-05T01:41:36Z,0,001JX719udcxa4uA9H,Account,003dsxP6afpCoNXI3A,Contact
00TqI81mrBqis5JMLG,Review requirements,In Progress,Low,2022-01-29,Email,Synthetic follow-up activity for CRM workflow testing.,2021-12-12T15:29:40Z,0,000wqpYfzH5iNPNYAV,Opportunity,79NU1zfqCRW835vXXW,Lead
00TqTutrWpMJWmRUSX,Review requirements,Completed,Low,2022-02-21,Email,Synthetic follow-up activity for CRM workflow testing.,2023-05-06T19:21:24Z,1,006DNoRwygowZthYKS,Opportunity,003hCTxoAAKlB9rYEF,Contact
00TDysBZCLuJGMnMXO,Follow up,Completed,Low,2021-06-27,Email,Synthetic follow-up activity for CRM workflow testing.,2022-05-30T10:46:51Z,1,001xCcjaWJxjfQtAJX,Account,0037aesTgeKVdiSYBL,Contact
00TnwJHHq0Y4qSWM42,Follow up,Completed,High,2021-04-10,Other,Synthetic follow-up activity for CRM workflow testing.,2025-12-31T04:13:02Z,1,001aRI7kJhlvTf0QY9,Account,00QzOZaTsL2fEdo2DK,Lead
00Tm49j9r1ddDZLMYV,Send workshop summary,In Progress,Low,2023-06-20,Email,Synthetic follow-up activity for CRM workflow testing.,2025-01-05T12:53:51Z,0,001X3Yql9lqICvlQUO,Account,,
00TGh7PdavskSfCEIG,Prepare proposal,Deferred,Low,2022-05-16,Other,Synthetic follow-up activity for CRM workflow testing.,2023-07-20T18:37:54Z,0,5006k1RoD5DB8ghQON,Case,003z4mCRo6uXiQXY1T,Contact
00TlVN1evM9oCehE5O,Follow up,Waiting on someone else,Low,2026-02-23,Email,Synthetic follow-up activity for CRM workflow testing.,2026-04-15T13:24:25Z,0,81tYw0ANPUQ2I6WQS2,Opportunity,003dx26J2Qx1Z7sY2M,Contact
00TmMvLx3dzHs3ZUGS,Review requirements,Waiting on someone else,Low,2026-07-15,Call,Synthetic follow-up activity for CRM workflow testing.,2023-03-01T00:10:50Z,0,80iQXdfBsFaTtLCI3R,Opportunity,0037F7ZQVrLuk6jA5E,Contact
00T7kb8nrUoc56QMYG,Prepare proposal,In Progress,High,2026-06-18,Other,Synthetic follow-up activity for CRM workflow testing.,2023-03-28T07:10:26Z,0,02imOLZTJ4ZF0fZAQ6,Asset,0034zSxLgVmoVOHI64,Contact
00TaZ2LwkRHD6egU4U,Review requirements,Not Started,Normal,2024-08-03,Email,Synthetic follow-up activity for CRM workflow testing.,2021-02-21T03:05:41Z,0,80tIcH6603TxTUmY63,Opportunity,003CRDYjsTHsCzzYF5,Contact
00Tklg5DcIwE0RCUB1,Prepare proposal,In Progress,High,2025-11-06,Call,Synthetic follow-up activity for CRM workflow testing.,2023-08-21T11:51:35Z,0,0200uJY3Tu7ygdyIMF,Opportunity,003GweaslhRRyCLI5I,Contact
00TX1wTph5FqMJQUMS,Follow up,Waiting on someone else,High,2021-11-05,Call,Synthetic follow-up activity for CRM workflow testing.,2025-04-01T00:34:48Z,0,811YmW81nAPrjTaIBR,Opportunity,,
00TfyTTTc8xv79R24U,Prepare proposal,Deferred,Low,2021-03-14,Call,Synthetic follow-up activity for CRM workflow testing.,2021-10-15T13:32:03Z,0,001Qm6Qlk3KEL3HIOS,Account,00QewJqqYU3pN1d2EN,Lead
00TGCP9XwWRshIEMUZ,Prepare proposal,Not Started,High,2024-07-22,Email,Synthetic follow-up activity for CRM workflow testing.,2025-02-17T08:10:08Z,0,701uy02vAEj9sQvINI,Campaign,00QhBcN0oLBALA62ZU,Lead
00T8B5CG7UiQH03UNE,Prepare proposal,Not Started,High,2024-04-07,Email,Synthetic follow-up activity for CRM workflow testing.,2021-07-14T14:04:21Z,0,006djs3y9H8Y08YYDX,Opportunity,003nfijHXhEFiafAZN,Contact
00T85NT8nlSw0fdMIB,Prepare proposal,Not Started,High,2021-09-23,Other,Synthetic follow-up activity for CRM workflow testing.,2024-08-25T05:27:42Z,0,801JUCFNcgzcvUuYSM,Opportunity,00QP7pAdRz05wlAEO2,Lead
00TfQcYSBMhjyqNEVB,Review requirements,Deferred,Low,2026-03-30,Other,Synthetic follow-up activity for CRM workflow testing.,2025-05-21T05:20:13Z,0,02iqKJrELzysmo7QK9,Asset,0033Qo4cfGxpEGdIZI,Contact
00Tbw7p4Ni0Y6f82MW,Follow up,In Progress,Low,2022-12-09,Email,Synthetic follow-up activity for CRM workflow testing.,2025-08-04T05:40:46Z,0,001Pv3IESUoMrhiAAG,Account,003hp4wXHyQ4ojAYPY,Contact
00T5ro1FW0KEZNcENC,Prepare proposal,Completed,High,2021-09-17,Other,Synthetic follow-up activity for CRM workflow testing.,2023-08-04T16:25:46Z,1,001Y7WfxpecwwzUQ8R,Account,003VCiuiE6Fh61HYE7,Contact
00TVQFzVmagSxUBUIO,Follow up,In Progress,High,2024-01-26,Call,Synthetic follow-up activity for CRM workflow testing.,2022-11-01T17:49:47Z,0,500vzU9orpmzOe7QIA,Case,0033HOWp6qXzxCPIVG,Contact
00TcgV0iHWwVNaI24B,Prepare proposal,Completed,High,2023-02-25,Other,Synthetic follow-up activity for CRM workflow testing.,2024-09-29T00:48:13Z,1,001yvWhfz01vDWFY3M,Account,003NoFKJ7oGwsLIA00,Contact
00TPI4N37tkMSNfE89,Prepare proposal,Not Started,Normal,2023-05-22,Call,Synthetic follow-up activity for CRM workflow testing.,2023-01-26T15:47:52Z,0,526hrbbbEp7wldeA1B,Opportunity,003scAaVLxW1tCmYBX,Contact
00Tw2sarImKXACCESX,Review requirements,Waiting on someone else,Low,2021-06-12,Call,Synthetic follow-up activity for CRM workflow testing.,2026-04-25T15:59:06Z,0,0015fdr3n38vtS2Q4V,Account,0033QS3LikQqXBuIUW,Contact
00T7YRv3nn3HIOXUPS,Prepare proposal,Deferred,High,2023-02-16,Other,Synthetic follow-up activity for CRM workflow testing.,2023-07-27T05:09:00Z,0,510IiJQoTkJO8rAY7C,Opportunity,003PaYsXugG26EiIWS,Contact
00TdPDPmIA8ZsJ0EDS,Follow up,Completed,High,2024-04-17,Call,Synthetic follow-up activity for CRM workflow testing.,2024-05-19T14:48:46Z,1,500z9J1GrNydlrgQS9,Case,003VtHtQNFfQs5iQNM,Contact
00TeIkNFsNVdXJZMAM,Send workshop summary,Not Started,Low,2024-03-04,Email,Synthetic follow-up activity for CRM workflow testing.,2024-05-27T02:16:27Z,0,821rutR1vVYYPv7Q11,Opportunity,00QPTNOLSVictHqWXC,Lead
00TwWF5JrP6425d2MB,Review requirements,Deferred,Low,2023-06-25,Email,Synthetic follow-up activity for CRM workflow testing.,2023-07-20T05:50:07Z,0,500VkFwvlFwzyrnYGK,Case,0039eRjyiv8I347AFD,Contact
00TA9XHViD0TkMtMU0,Review requirements,Completed,Low,2026-08-09,Call,Synthetic follow-up activity for CRM workflow testing.,2025-04-06T03:45:14Z,1,02ixq4HQBAMeCMfQ8Q,Asset,003GweaslhRRyCLI5I,Contact
00TOFPq71GwhsaH26Q,Send workshop summary,Deferred,Low,2022-12-19,Other,Synthetic follow-up activity for CRM workflow testing.,2023-08-28T03:52:39Z,0,51tfA8ZEmE4BtVvAE8,Opportunity,003e04AIBihHU6ZIAM,Contact
00Te4b3GlUsZZMS2TU,Review requirements,Waiting on someone else,Low,2022-07-02,Other,Synthetic follow-up activity for CRM workflow testing.,2023-11-19T15:21:31Z,0,02irY6uJQoDCt5FIYM,Asset,,
00T20pjquoaIQOU2XT,Prepare proposal,In Progress,Normal,2023-06-17,Call,Synthetic follow-up activity for CRM workflow testing.,2024-07-22T23:57:27Z,0,800WGmMAqFXhoiTIUV,Contract,003bpliG0OQeBdQAX0,Contact
00TR7A3mlugjnnzMKP,Follow up,Not Started,High,2021-10-21,Email,Synthetic follow-up activity for CRM workflow testing.,2025-04-01T21:57:09Z,0,,,003glOPy3BD2di1YT6,Contact
00To02QNB2PeAzTUGA,Follow up,In Progress,High,2025-05-07,Call,Synthetic follow-up activity for CRM workflow testing.,2025-10-30T04:47:13Z,0,006ovbeKWlewgCsQHL,Opportunity,003EITgQp4xDjA6IV9,Contact
00TAbxULC6i12WL27V,Review requirements,Waiting on someone else,High,2023-01-04,Call,Synthetic follow-up activity for CRM workflow testing.,2025-11-24T05:54:10Z,0,500XXZvm7Wy3xdvAPG,Case,003S8nQsC9va6ppY6P,Contact
00TOwflU3jJ6TrBU3A,Prepare proposal,Waiting on someone else,Normal,2022-04-19,Email,Synthetic follow-up activity for CRM workflow testing.,2022-05-21T12:42:55Z,0,80ig0h44cCZ9guhILV,Opportunity,003GweaslhRRyCLI5I,Contact
00Tw6g3VtGuF69M27Y,Prepare proposal,Deferred,Normal,2025-07-27,Other,Synthetic follow-up activity for CRM workflow testing.,2021-01-14T08:22:15Z,0,821IrhP5JDNTKeQQ08,Opportunity,003tX2zwAt1G4xqQVK,Contact
00TSs84nERo40AxUWF,Follow up,In Progress,Normal,2023-04-18,Call,Synthetic follow-up activity for CRM workflow testing.,2021-11-29T17:07:01Z,0,711nKDDjsWx7USFADB,Opportunity,00Q7KP3KSGbn8RXEXT,Lead
00Tt3M5aSqKGCnUE6P,Send workshop summary,Not Started,High,2022-11-13,Call,Synthetic follow-up activity for CRM workflow testing.,2023-03-07T02:49:12Z,0,8061Ihx6uLTSTMtIRE,Opportunity,,
00T33ilXfNKF9nXEQL,Follow up,Completed,Normal,2024-06-05,Other,Synthetic follow-up activity for CRM workflow testing.,2021-12-08T00:33:24Z,1,500eGVnSvt90kyUIXS,Case,003BSDCSkklvd9EAYG,Contact
00TlfvsXauZbKZ7URY,Review requirements,Completed,Low,2024-05-08,Other,Synthetic follow-up activity for CRM workflow testing.,2026-02-11T18:39:52Z,1,001TBaHImIEtjplQN7,Account,0036IDX41NFUzcsQYY,Contact
00TCMI601NuDbmdE66,Follow up,Waiting on someone else,High,2024-12-20,Other,Synthetic follow-up activity for CRM workflow testing.,2021-08-01T20:21:04Z,0,71iQQ8SGfolOwXNQYJ,Opportunity,003tGuzsxGZam6lYCX,Contact
00TcKxVWjPJJPB72SR,Review requirements,Deferred,Normal,2021-04-14,Call,Synthetic follow-up activity for CRM workflow testing.,2025-02-09T23:54:19Z,0,001dVg5Hd2ux7OeY11,Account,003bn4lVQmSeD2CAHI,Contact
00TAqba7YE5Lq54ULM,Prepare proposal,Not Started,Low,2026-02-28,Call,Synthetic follow-up activity for CRM workflow testing.,2023-09-01T15:00:48Z,0,001WiF4egJw4fFCI62,Account,003724XN1HXXGaOYRR,Contact
00TVZ1FDLPPw5Q1UV8,Review requirements,In Progress,Normal,2026-03-16,Call,Synthetic follow-up activity for CRM workflow testing.,2025-02-27T21:30:41Z,0,7100lBvWE3n9gKlQP5,Opportunity,003HWzfY8Kkbu7SA6F,Contact
00T5EDQ1dq17gvaMR8,Send workshop summary,In Progress,High,2023-03-31,Email,Synthetic follow-up activity for CRM workflow testing.,2025-02-08T12:38:58Z,0,0018MjZShtig55PAG6,Account,003RrRSggJEjfUiQAM,Contact
00ThUVhEAAaAqoUE6P,Prepare proposal,Completed,High,2026-01-20,Email,Synthetic follow-up activity for CRM workflow testing.,2024-08-06T13:17:39Z,1,0010WdqUBYu4EriIM6,Account,003XGJBvjpTzhTrYE3,Contact
00TOA99CdCE0KWvE53,Review requirements,Completed,High,2026-04-15,Other,Synthetic follow-up activity for CRM workflow testing.,2023-10-09T19:42:45Z,1,01tJCv6SzssB7KyQZG,Product2,00QR57AsD2u2AvhMLP,Lead
00Tew7c73vOlXo6UZG,Follow up,Waiting on someone else,High,2021-03-02,Other,Synthetic follow-up activity for CRM workflow testing.,2021-04-18T03:06:08Z,0,,,,
00Tj9ujz5BQj3T22SH,Follow up,Completed,High,2024-01-31,Call,Synthetic follow-up activity for CRM workflow testing.,2025-03-19T01:36:30Z,1,001B2d6s5HXqPpaQYB,Account,003bJcoA58DEApFASK,Contact
00TyBUC1LR2VSI0M3P,Send workshop summary,In Progress,High,2021-06-01,Call,Synthetic follow-up activity for CRM workflow testing.,2026-02-19T11:29:52Z,0,001CfmgfK8c5I6aQSB,Account,001Sv1GXPoTfSKpE0V,Lead
00ThIRLPd0RUkB5E9O,Prepare proposal,Deferred,Normal,2021-04-23,Call,Synthetic follow-up activity for CRM workflow testing.,2024-02-08T06:04:49Z,0,001o5vm8lqkBKW6I3B,Account,0039GuurGcl4vWqI7Q,Contact
00TaQXI513XSsqI26F,Review requirements,Not Started,Low,2025-11-13,Other,Synthetic follow-up activity for CRM workflow testing.,2024-10-06T05:30:41Z,0,001I9h4vN2Mpc08I26,Account,003y3BNukyu5OKBID7,Contact
00T1mbRynE02lWSUR4,Follow up,Deferred,Low,2024-03-11,Email,Synthetic follow-up activity for CRM workflow testing.,2023-09-04T23:56:06Z,0,710O2UeQUVFxpr8ICS,Opportunity,003gceY71ZavIIHILB,Contact
00T0hnvhed2Yu7dM36,Review requirements,Deferred,High,2024-09-24,Other,Synthetic follow-up activity for CRM workflow testing.,2024-09-20T20:33:15Z,0,,,,
00TQJdRXaEBMj35MVB,Send workshop summary,In Progress,High,2025-11-15,Call,Synthetic follow-up activity for CRM workflow testing.,2026-05-24T20:50:03Z,0,001Ee8rMt958Fh9Y0A,Account,,
00TffhlzlQrs86E2ZS,Follow up,Not Started,High,2025-08-17,Other,Synthetic follow-up activity for CRM workflow testing.,2022-02-01T15:59:43Z,0,001yQSD3rwvt3ZBAV9,Account,003r34PQX5GrR3tYM1,Contact
00TqBqVhByl1TFSUYS,Prepare proposal,Completed,Low,2023-08-23,Call,Synthetic follow-up activity for CRM workflow testing.,2021-07-06T05:44:59Z,1,800wj7XLPA8ArM5A54,Contract,003C6A2ICEcjkLfY4J,Contact
00T7ggDXNKumr3rE6V,Review requirements,Not Started,Normal,2021-08-21,Call,Synthetic follow-up activity for CRM workflow testing.,2021-09-11T23:10:11Z,0,800ixsNw2gFmwpJAUA,Contract,00QzJyoJfyPUyk32D2,Lead
00TtCynolbOY3432PQ,Send workshop summary,Completed,Low,2021-11-30,Other,Synthetic follow-up activity for CRM workflow testing.,2022-01-27T17:07:33Z,1,5000JR0wpduyIMRAY3,Case,003OIgHSksq2tYtQRO,Contact
00TDb96Ey753q6pM5P,Review requirements,Waiting on someone else,High,2025-03-15,Call,Synthetic follow-up activity for CRM workflow testing.,2021-04-09T15:17:17Z,0,001FChipDL8FyVaQQG,Account,003j49YzoPrHKs4QJ6,Contact
00TvxpKv92HTmLW2BE,Follow up,Deferred,Normal,2022-03-18,Email,Synthetic follow-up activity for CRM workflow testing.,2025-06-04T16:10:37Z,0,526DSTzK3o2GZhtAD3,Opportunity,0038kykNNnHKw2jIAK,Contact
00TyM0kjrgWQsk8UPG,Follow up,Not Started,Low,2023-07-04,Email,Synthetic follow-up activity for CRM workflow testing.,2024-05-18T10:01:58Z,0,,,003LyTtz99flO3DYZ3,Contact
00Ts8Onvfx558m9M4N,Review requirements,In Progress,High,2022-05-21,Other,Synthetic follow-up activity for CRM workflow testing.,2022-06-03T20:21:43Z,0,001sriFmgu6lhqcIL6,Account,00QJj0kBC17mAxc2O5,Lead
00Tsa6LH9k9J4TaMZN,Prepare proposal,Completed,Low,2021-11-05,Email,Synthetic follow-up activity for CRM workflow testing.,2023-10-23T05:43:27Z,1,816kfHeWqZTzwJoQFU,Opportunity,00QM1tfkZBgzhCt2Q2,Lead
00T71IkQm5rCI2ZMX1,Follow up,Completed,Normal,2021-06-01,Call,Synthetic follow-up activity for CRM workflow testing.,2025-08-25T06:12:26Z,1,,,00Q57LKNgHo8Lzm2DP,Lead
00TwHOpyUoxfMD72YM,Review requirements,Not Started,Normal,2023-06-08,Other,Synthetic follow-up activity for CRM workflow testing.,2026-04-26T20:10:10Z,0,001Jp0rdHFWnaMvI7G,Account,003tAC8ufGTCRIuIRK,Contact
00TSYdGTtaNdOkvUT4,Review requirements,In Progress,Low,2021-08-21,Other,Synthetic follow-up activity for CRM workflow testing.,2025-08-12T00:27:11Z,0,,,0039hNH0CIA8DWVYE1,Contact
00TGchy2fzgIODA26W,Review requirements,Waiting on someone else,Normal,2022-05-01,Call,Synthetic follow-up activity for CRM workflow testing.,2025-02-28T03:13:16Z,0,726hjCBUiRc6Z6NYQ4,Opportunity,003Opp7EzYrmGuJICT,Contact
00TdR3JvbDP70zKUU6,Prepare proposal,Completed,Low,2021-03-29,Call,Synthetic follow-up activity for CRM workflow testing.,2024-07-21T14:08:15Z,1,020fW53Isoqztc4QVF,Opportunity,003ZF9xUAEo40shYBY,Contact
00T7dY4noCXhaOdUS3,Prepare proposal,In Progress,Normal,2024-02-09,Other,Synthetic follow-up activity for CRM workflow testing.,2021-09-05T14:25:42Z,0,500xH6PMRxNjCeUQE0,Case,003LdfIBGK7EQ0gYSZ,Contact
00TS9dNHz3RVF0uMVR,Send workshop summary,Not Started,High,2025-11-10,Call,Synthetic follow-up activity for CRM workflow testing.,2022-10-24T17:19:28Z,0,80ig0h44cCZ9guhILV,Opportunity,003wXI8INfXqH4aIK3,Contact
00TH0YPtOVCPIcHMXH,Prepare proposal,Completed,Low,2024-05-28,Call,Synthetic follow-up activity for CRM workflow testing.,2025-04-26T20:53:15Z,1,,,003Ms2NjBVHFa1qQ7F,Contact
00TYrPWoUqaIVptEY8,Review requirements,Waiting on someone else,High,2022-12-11,Call,Synthetic follow-up activity for CRM workflow testing.,2023-01-04T10:16:02Z,0,80143iUoocU2xYqI1T,Order,003GweaslhRRyCLI5I,Contact
00T2m6KytTmPfGQMSC,Send workshop summary,Deferred,Normal,2022-07-17,Call,Synthetic follow-up activity for CRM workflow testing.,2026-04-18T22:24:46Z,0,001GjfBhJ295BInY2G,Account,003M3eXH0NFA7aZQ76,Contact
00TEJrILngHUfgLMUF,Follow up,Not Started,Low,2023-02-07,Other,Synthetic follow-up activity for CRM workflow testing.,2022-11-30T12:20:35Z,0,500arSLkBldsG2HYCO,Case,00342wZNlNNCXqSYCP,Contact
00TsOw5jdoq3Qzd2MG,Prepare proposal,Completed,Low,2023-03-29,Call,Synthetic follow-up activity for CRM workflow testing.,2022-07-25T13:38:34Z,1,,,00QnqY7Ol5pd74eUR5,Lead
00TzbyKj7UPYoDTEK7,Follow up,Not Started,High,2021-06-27,Email,Synthetic follow-up activity for CRM workflow testing.,2024-05-24T20:53:21Z,0,0067uJUcdvHi07VA0P,Opportunity,003MU7FoAzObbaSY62,Contact
00TrJNJtvIJPwiqMT9,Send workshop summary,Completed,Normal,2022-08-08,Call,Synthetic follow-up activity for CRM workflow testing.,2023-01-21T13:33:13Z,1,00iTrMmRyI0AC7FYOK,Opportunity,003XJ6q8jXAFplJQJ8,Contact
00TN9qAFESiU3woMP7,Review requirements,Waiting on someone else,Low,2026-07-15,Call,Synthetic follow-up activity for CRM workflow testing.,2022-11-07T17:09:03Z,0,02idUm4LA8hjeYzAXD,Asset,00Q5fsfMj73VX7r2ID,Lead
00TxYsDkvXD77ywMGF,Follow up,Completed,Normal,2024-10-15,Email,Synthetic follow-up activity for CRM workflow testing.,2026-02-06T01:19:14Z,1,02ibSSO9gxcakrQQKR,Asset,0039nywwcoxMniGIIW,Contact
00TnpRL6zKFxm0FM14,Send workshop summary,In Progress,Low,2025-05-05,Other,Synthetic follow-up activity for CRM workflow testing.,2021-11-15T22:50:13Z,0,0018YzqdxvbgCoaYQU,Account,003SODNSvtrPK0MASP,Contact
00T15CzJPvuTuCYUR5,Follow up,In Progress,Normal,2022-04-28,Email,Synthetic follow-up activity for CRM workflow testing.,2025-02-01T17:36:58Z,0,006kgVcS9mVhIeUAQH,Opportunity,003QfTiTVMtfqu0IJ1,Contact
00TBypV49BjbOgaUAM,Follow up,Completed,Low,2024-05-20,Call,Synthetic follow-up activity for CRM workflow testing.,2025-12-03T17:37:05Z,1,001jKBzUVUKDjFLYTU,Account,003HQXKSm7Z4V96AEQ,Contact
00TwuOMHapSGjX8M0R,Send workshop summary,In Progress,High,2022-05-23,Call,Synthetic follow-up activity for CRM workflow testing.,2023-12-14T09:00:07Z,0,5014Xk7FsInZnZWIT3,Opportunity,003RKx4RYpV8PObIGS,Contact
00TLUnkGms4JA59E9C,Follow up,Completed,High,2025-02-02,Call,Synthetic follow-up activity for CRM workflow testing.,2023-12-15T07:54:45Z,1,006hEzKERT2fiQWAH9,Opportunity,003n7DRKKJS9PqNQWE,Contact
00TCn68XHHvamo2E88,Follow up,In Progress,Low,2022-08-28,Other,Synthetic follow-up activity for CRM workflow testing.,2026-01-26T21:59:04Z,0,001qn0PeVSegyj1AFD,Account,003O1DPI7Ashi5WA7I,Contact
00TlVSMIYiQv1q2U63,Follow up,Not Started,High,2022-09-01,Other,Synthetic follow-up activity for CRM workflow testing.,2024-07-16T05:29:33Z,0,,,003IoCtpdAf1sHyQPE,Contact
00Tc98F2NoqsrvrM10,Follow up,Not Started,Low,2021-07-18,Other,Synthetic follow-up activity for CRM workflow testing.,2021-07-08T03:21:29Z,0,006MSXgE1lgC9kNIB0,Opportunity,,
00TzlCOEgGHAdsR2BU,Prepare proposal,Not Started,High,2021-04-08,Email,Synthetic follow-up activity for CRM workflow testing.,2023-04-14T17:01:34Z,0,5006tht8RPNrpkjQ5J,Case,00351FmNWfOHXptIUX,Contact
00TLbPkHylEojUIM0B,Review requirements,In Progress,Normal,2025-09-13,Call,Synthetic follow-up activity for CRM workflow testing.,2021-09-17T15:48:57Z,0,0012B0IsTb8G7BVAST,Account,003qtdY5hxm0m4uAVE,Contact
00TQ3pi0tKo3Z7mUWV,Review requirements,Completed,Low,2025-07-29,Call,Synthetic follow-up activity for CRM workflow testing.,2023-01-23T22:35:35Z,1,800cA3Bykhcvdg2YC2,Contract,003z0yFpL28dVEwAVS,Contact
00TYqU927tN4nMP2GL,Send workshop summary,Completed,High,2024-02-23,Email,Synthetic follow-up activity for CRM workflow testing.,2022-02-14T15:46:19Z,1,506AofLThebLHyBA0Y,Opportunity,003pqlMKQlhXNs9YWS,Contact
00T3MXawGuUNgay20A,Follow up,In Progress,High,2025-09-09,Email,Synthetic follow-up activity for CRM workflow testing.,2024-11-26T11:22:33Z,0,0010APGD8asQ2PkIS9,Account,0030pSnQNIb5d0oYHX,Contact
00TFhVBiaiZ5KD02T0,Follow up,Not Started,Low,2024-04-09,Email,Synthetic follow-up activity for CRM workflow testing.,2023-01-28T08:16:30Z,0,,,0039HqdA25qDPmIIZ3,Contact
00TcwxEUPihFQuRE5Y,Follow up,Not Started,High,2025-02-04,Email,Synthetic follow-up activity for CRM workflow testing.,2021-02-24T01:57:21Z,0,7017OD7USLqvwTSQ40,Campaign,003QrRvnnVKkSS9Y72,Contact
00TP8jHtNWXluNO2JL,Prepare proposal,Not Started,Normal,2026-01-16,Call,Synthetic follow-up activity for CRM workflow testing.,2021-09-21T17:46:00Z,0,,,003iXDfXVz3BdKQQVR,Contact
00TqANvFwwHkJqzEAB,Prepare proposal,Waiting on someone else,Normal,2021-07-13,Other,Synthetic follow-up activity for CRM workflow testing.,2025-09-02T10:53:35Z,0,500BgFwbAr2AAYXI1L,Case,003kcUDbwhZXR7oYEA,Lead
00TVdpgOBiZcAHQEA9,Review requirements,Not Started,High,2026-03-04,Call,Synthetic follow-up activity for CRM workflow testing.,2024-09-08T07:22:04Z,0,811XTE2Rky3URobQRZ,Opportunity,,
00TZH3Sm1I2vKS0EJT,Send workshop summary,Completed,Normal,2023-03-23,Other,Synthetic follow-up activity for CRM workflow testing.,2024-02-24T19:37:02Z,1,011rT8TLmm58O2vILC,Opportunity,,
00TvUSsjd1Vbzx0M4B,Prepare proposal,Deferred,High,2025-07-13,Email,Synthetic follow-up activity for CRM workflow testing.,2025-08-21T14:55:49Z,0,,,003Mo2pbJ8lREz8I4C,Contact
00TCOPLW8w4nRCN2Y5,Review requirements,Waiting on someone else,High,2022-03-20,Other,Synthetic follow-up activity for CRM workflow testing.,2021-09-24T10:54:51Z,0,,,00Q3ZUEiyAA55ooU0I,Lead
00T4usHlnyCvvRIUY7,Send workshop summary,Not Started,High,2026-02-07,Email,Synthetic follow-up activity for CRM workflow testing.,2025-07-30T20:13:04Z,0,0202YwTxfMWSyIKITV,Opportunity,003DY4Vr4QymuaUQLH,Contact
00TkekjYud29M2sMBQ,Follow up,Completed,Low,2024-02-09,Call,Synthetic follow-up activity for CRM workflow testing.,2023-02-17T09:11:55Z,1,001ygA3FAG75gTTAXO,Account,00QWipUmZbJFX0e2OD,Lead
00TUBbkjualHgM2UIH,Follow up,Completed,Low,2026-01-14,Email,Synthetic follow-up activity for CRM workflow testing.,2024-06-26T08:01:46Z,1,800SO0vAd2rFHCNQHW,Order,003UUFIyuunUarnQRI,Contact
00Tg2eM8V8BbOqkUE6,Send workshop summary,Deferred,High,2024-04-10,Call,Synthetic follow-up activity for CRM workflow testing.,2024-11-30T17:23:02Z,0,00134kztbICJD2tYCZ,Account,003orhMESBUHCmIQGP,Contact
00TY1BeyoEpN0aX2LL,Follow up,Waiting on someone else,High,2021-11-23,Call,Synthetic follow-up activity for CRM workflow testing.,2021-08-28T13:03:23Z,0,511pJ4d0WXDybb4QCI,Order,00QJXs058zl1WapGMG,Lead
00Tsi6QY25vBNLBUEU,Prepare proposal,Waiting on someone else,Low,2025-07-18,Call,Synthetic follow-up activity for CRM workflow testing.,2022-10-11T13:02:48Z,0,50tDPsuDagUalCrIV2,Opportunity,003jpIM5bWThTevA49,Contact
00T4qJTElQV5G5MUV3,Review requirements,Not Started,Low,2025-06-09,Call,Synthetic follow-up activity for CRM workflow testing.,2022-11-15T07:37:28Z,0,500xTj6MQxDsT0qADY,Case,,
00Ta01WkIRVEIIGE3R,Prepare proposal,Completed,Low,2023-02-20,Email,Synthetic follow-up activity for CRM workflow testing.,2021-07-06T13:32:22Z,1,510jeTNS5V4arVzQ1Z,Opportunity,00QNWprflt37seR8C5,Lead
00TQVyKQFzA6gXw2FR,Prepare proposal,Not Started,High,2021-06-09,Other,Synthetic follow-up activity for CRM workflow testing.,2024-02-05T03:32:49Z,0,52tVa684KmyRYO8QUD,Opportunity,003pErX3JZ2L9MPSAR,Lead
00TyLqvWzCxTCMJ2FQ,Prepare proposal,Not Started,Low,2025-09-14,Other,Synthetic follow-up activity for CRM workflow testing.,2021-08-08T06:03:34Z,0,500SScj3yV8x3uUI5K,Case,00308hejDMf87YtQXX,Contact
00TjHD1VPy8diFWUES,Review requirements,Deferred,Low,2021-08-11,Email,Synthetic follow-up activity for CRM workflow testing.,2025-11-24T22:48:20Z,0,7005T6wdbglTEz3I7C,Order,0034aOXLvFz8KLpQIU,Contact
00TZWRuiz3GoK1MEWG,Prepare proposal,Completed,Low,2021-02-26,Call,Synthetic follow-up activity for CRM workflow testing.,2026-05-15T00:38:39Z,1,701s2qORj9Q5274YHM,Campaign,,
00ThpgDBk2Iw4mAM8D,Review requirements,In Progress,Normal,2026-06-15,Call,Synthetic follow-up activity for CRM workflow testing.,2024-07-25T06:21:04Z,0,500JnRStY81eBchIF6,Case,0034Q5SoLVHvbAqYI4,Contact
00TSaDiUsZkrmVA2RL,Prepare proposal,Waiting on someone else,Low,2023-07-01,Email,Synthetic follow-up activity for CRM workflow testing.,2026-04-24T23:13:04Z,0,80ig0h44cCZ9guhILV,Opportunity,003YfmhijlAUdUoAE1,Contact
00TzOrgFWIOclSxMR1,Review requirements,Deferred,High,2024-10-26,Call,Synthetic follow-up activity for CRM workflow testing.,2024-01-05T21:25:46Z,0,001DvFcs2OCjLNHAFJ,Account,003LlpXLjbdvYlrQM4,Contact
00T7Yxj9HWMsbF72W4,Prepare proposal,Waiting on someone else,High,2024-10-22,Email,Synthetic follow-up activity for CRM workflow testing.,2024-04-08T02:09:46Z,0,0018YzqdxvbgCoaYQU,Account,00Qz2akAeBUbcKyE92,Lead
00TcphCLl5bMYFBE8W,Review requirements,Waiting on someone else,Low,2025-05-31,Email,Synthetic follow-up activity for CRM workflow testing.,2025-05-28T16:13:49Z,0,001mC8KS3W25A4qI66,Account,00QRc5sSnLGS5KiEY6,Lead
00TLvUBKfaBjoLVES6,Review requirements,Waiting on someone else,Low,2023-02-13,Email,Synthetic follow-up activity for CRM workflow testing.,2022-03-05T20:32:52Z,0,001GikJVQQYFMgSI6M,Account,003pADi54pkd8XiIH1,Contact
00TxIbqh74ucEWuEDA,Follow up,In Progress,Normal,2025-11-20,Call,Synthetic follow-up activity for CRM workflow testing.,2021-06-08T13:48:00Z,0,800UByZCU6JuZ44Y1O,Contract,,
00TEB9kLZRjwMWmUPL,Send workshop summary,In Progress,High,2022-01-10,Email,Synthetic follow-up activity for CRM workflow testing.,2024-01-31T15:47:17Z,0,510ilL9Y0sCGljGA02,Opportunity,003MU7FoAzObbaSY62,Contact
00TRvDZhqB3QsPMMUA,Follow up,In Progress,Low,2025-12-09,Email,Synthetic follow-up activity for CRM workflow testing.,2022-01-07T01:13:09Z,0,001FifSg7G2gzZrY2M,Account,003GoxKt2kxvt2uQJH,Contact
00T4ggMUS4ulDuJUYA,Follow up,Waiting on someone else,Low,2024-06-07,Email,Synthetic follow-up activity for CRM workflow testing.,2022-03-13T16:49:46Z,0,006dbT5cOGDgHY6QVK,Opportunity,003efXBMJZqDwiVYYC,Contact
00TtJr5Df0lvjXZESR,Review requirements,Waiting on someone else,Low,2022-11-24,Email,Synthetic follow-up activity for CRM workflow testing.,2023-07-12T06:42:05Z,0,500HAUiNGgesUmTQV5,Case,003I7TTUPpnXYJqAEE,Contact
00TldLZAevdPaONE23,Prepare proposal,Deferred,Low,2022-03-14,Other,Synthetic follow-up activity for CRM workflow testing.,2021-07-17T04:23:08Z,0,500VHftT11JDDKwI1I,Case,003O84dQbjv4L4iAPU,Contact
00ThyAs2pgqGdHP2N6,Prepare proposal,In Progress,Normal,2022-01-31,Email,Synthetic follow-up activity for CRM workflow testing.,2022-08-13T19:34:55Z,0,02icJKr6poCHo2eQKA,Asset,003dCFkX9dbaSbSYN7,Contact
00Tzrs7JWqubVUSMYJ,Review requirements,In Progress,High,2023-02-19,Email,Synthetic follow-up activity for CRM workflow testing.,2021-10-21T20:28:18Z,0,5006frsbaaIxgiJAVR,Case,003vzIhgcdGo6WyA8L,Contact
00TFgX2EmFHns6LEYF,Follow up,Not Started,High,2024-02-23,Call,Synthetic follow-up activity for CRM workflow testing.,2025-02-16T04:07:00Z,0,001CtKb9oj7o8JaYFV,Account,003Q9gnyJ2qjiJxQ4D,Contact
00T49kVajAfxLWfEVE,Review requirements,Deferred,Normal,2022-06-02,Other,Synthetic follow-up activity for CRM workflow testing.,2023-12-26T18:57:36Z,0,001TgK7Trt797foQCB,Account,003LuAM3iIsuJQIIS7,Contact
00T3JX1is1E86uEMZF,Prepare proposal,In Progress,High,2023-12-31,Email,Synthetic follow-up activity for CRM workflow testing.,2026-02-07T07:30:20Z,0,006fLXXRmFzm5m5QSV,Opportunity,003A35ZnnYpTFfeYG4,Contact
00Tw47z4XfF3jlM2DZ,Prepare proposal,Not Started,Low,2022-07-06,Email,Synthetic follow-up activity for CRM workflow testing.,2024-02-09T10:58:25Z,0,001kpNvHYOV8pLjIXE,Opportunity,003qX52xHCrp5oWID2,Contact
00TwgjSAsAl6YNV2Y7,Review requirements,Not Started,Low,2022-02-12,Email,Synthetic follow-up activity for CRM workflow testing.,2025-08-13T20:13:03Z,0,001PFA4WC7yjw84AX1,Account,00QGhTb9MhbnXxNU1X,Lead
00TbAITIZFYdY7P2E4,Review requirements,In Progress,Low,2025-11-19,Other,Synthetic follow-up activity for CRM workflow testing.,2025-06-24T01:59:35Z,0,0018fHG08zFMfdsQ4N,Account,0030O6AOuLKmcGDQ02,Contact
00TtvfV6le5FlQEEP0,Follow up,In Progress,Low,2024-12-08,Other,Synthetic follow-up activity for CRM workflow testing.,2022-04-02T15:07:05Z,0,01tnSmeh0qnccnoQDY,Product2,003jBHsfoVSp2QNAET,Contact
00TMOZub9vj6CJkE0N,Send workshop summary,Waiting on someone else,High,2021-04-20,Call,Synthetic follow-up activity for CRM workflow testing.,2024-06-30T14:33:19Z,0,81ifOLG1ra92UnlQ70,Opportunity,0034AowUY4tLX6BIQL,Contact
00Tcmx1QSyR26JZ2O3,Send workshop summary,In Progress,Low,2023-05-27,Email,Synthetic follow-up activity for CRM workflow testing.,2023-01-01T16:09:26Z,0,006d6fduGhJlX7oIM3,Opportunity,0034UxgoEnj80foADM,Contact
00TtyZ5ZpnT4IdsUQE,Review requirements,In Progress,Normal,2022-08-05,Call,Synthetic follow-up activity for CRM workflow testing.,2023-06-24T08:50:45Z,0,,,00QEuWYG8ynQuxuM6F,Lead
00TAEdwGJ2puh0wMUQ,Send workshop summary,Completed,High,2021-02-25,Call,Synthetic follow-up activity for CRM workflow testing.,2021-01-19T08:02:20Z,1,5005eyhMNKzlXA6IQ1,Case,003t69nGwXnU10oIEM,Contact
00TzKiN3wO73QysMHP,Follow up,Deferred,Low,2024-11-10,Email,Synthetic follow-up activity for CRM workflow testing.,2024-05-10T15:34:20Z,0,001th7qwAjYM77cYBH,Account,0035lztNUBNMXswYOA,Contact
00TfHJlckd8YzInEJD,Send workshop summary,Completed,High,2025-09-07,Call,Synthetic follow-up activity for CRM workflow testing.,2022-04-25T11:28:09Z,1,720o1Ib5COzz3xLY7Q,Opportunity,0033kWpI3o5xgVEYRX,Contact
00T9dKMmbTdiM3s2HH,Follow up,Waiting on someone else,Normal,2026-01-08,Email,Synthetic follow-up activity for CRM workflow testing.,2025-04-10T12:24:33Z,0,70iGFDinNwlr4UmAGT,Opportunity,003FQLn0e9xyU6lY7G,Contact
00TcqBzTKgVeI7KE6F,Follow up,Completed,Normal,2024-11-01,Call,Synthetic follow-up activity for CRM workflow testing.,2024-07-18T23:16:38Z,1,700iXISfEZtGIPpAWH,Opportunity,003VtHtQNFfQs5iQNM,Contact
00TYZFzDSayEdGhU1Y,Follow up,Deferred,High,2025-09-29,Email,Synthetic follow-up activity for CRM workflow testing.,2025-03-02T14:05:08Z,0,51tuM1742jAp0UuY8E,Opportunity,003YJKqTOuw9L5BY6V,Contact
00TVekAfY4rZH3bUS6,Review requirements,Not Started,High,2021-05-15,Email,Synthetic follow-up activity for CRM workflow testing.,2023-11-20T02:18:52Z,0,006cwzBlJAteYuFALQ,Opportunity,003DBpHSvQJQYzUQTK,Contact
00T2hiDQxlStTBv2F8,Review requirements,Deferred,High,2025-08-24,Email,Synthetic follow-up activity for CRM workflow testing.,2022-06-27T09:43:59Z,0,001apZYag4darBdYRL,Account,00QOUuwjYAMWvCcEJK,Lead
00TJCPUgpRIOjItMIX,Send workshop summary,Waiting on someone else,Normal,2023-12-29,Email,Synthetic follow-up activity for CRM workflow testing.,2022-11-28T08:59:13Z,0,500GjMu4PoQTpVBA95,Case,003IVW7t4JubGXDYGE,Contact
00T2rwFIAx7eOpx2TS,Prepare proposal,In Progress,High,2025-11-06,Call,Synthetic follow-up activity for CRM workflow testing.,2026-02-03T00:30:04Z,0,001LDvrdIgxRUc4IID,Account,,
00TB2cZiGQHAIKgMCJ,Send workshop summary,Deferred,High,2025-05-28,Call,Synthetic follow-up activity for CRM workflow testing.,2025-06-22T02:19:27Z,0,,,0031P042walvFE4QG5,Contact
00TGl9kreDnD86AUUF,Follow up,Deferred,Low,2023-01-25,Email,Synthetic follow-up activity for CRM workflow testing.,2021-07-18T07:52:01Z,0,001gcyiBi1aOx6uAJ7,Account,003rYgrvc9K7YF1QGX,Contact
00TB0xJjTqFJdi9U07,Prepare proposal,Waiting on someone else,High,2021-05-30,Other,Synthetic follow-up activity for CRM workflow testing.,2023-01-05T16:05:18Z,0,,,003LtDyRa7YYs9EYDK,Contact
00TmtCIjhgcrMR429T,Follow up,In Progress,Normal,2021-04-27,Email,Synthetic follow-up activity for CRM workflow testing.,2023-09-28T21:21:29Z,0,,,003nq2wdHMWRCBZI0X,Contact
00TH02XH0X0NLEUUS8,Prepare proposal,Waiting on someone else,Low,2026-05-29,Other,Synthetic follow-up activity for CRM workflow testing.,2024-10-05T00:25:36Z,0,001F0HyTq0ZVe9LIP9,Account,0033jL15bG9xw8gI6S,Contact
00TfLQaM1obd4GIM2A,Review requirements,Completed,Normal,2024-02-23,Call,Synthetic follow-up activity for CRM workflow testing.,2021-05-31T01:48:06Z,1,5000gDgPurqsZOPYM9,Case,003OlL6SECNDtLKYVE,Contact
00TxGokozEpK0yPM1E,Follow up,Waiting on someone else,Low,2021-11-16,Other,Synthetic follow-up activity for CRM workflow testing.,2026-05-27T01:14:44Z,0,800KDorsIospFtbYNG,Contract,003km1KrLUTF6h7A5Y,Contact
00TNvX2kGhOQAsFMR9,Send workshop summary,Completed,High,2022-11-03,Other,Synthetic follow-up activity for CRM workflow testing.,2025-09-26T20:01:49Z,1,001oowXHzEaXod1YS1,Account,00Qa7kvLv9H2sqUU32,Lead
00TSo3L8c7NisRDEZC,Prepare proposal,In Progress,Low,2024-10-02,Call,Synthetic follow-up activity for CRM workflow testing.,2021-02-09T09:18:12Z,0,,,003JkkGDfJBiVsFAOO,Contact
00TTinzJjv0IuM4EGE,Review requirements,Not Started,High,2022-12-07,Other,Synthetic follow-up activity for CRM workflow testing.,2025-11-24T16:06:24Z,0,500FAHnImTn01qkY6Y,Case,0033iQfx5q3nOeFIHK,Contact
00TTrxJAiZ3sijhE3E,Prepare proposal,Completed,Low,2023-06-07,Other,Synthetic follow-up activity for CRM workflow testing.,2024-08-05T15:23:23Z,1,006dY7oWzVLeAQbYGM,Opportunity,003LlJq3Dr4OalLYX7,Contact
00TGdxCSE94LUKQMCX,Follow up,Completed,Low,2021-11-24,Call,Synthetic follow-up activity for CRM workflow testing.,2023-02-22T20:53:19Z,1,80ig0h44cCZ9guhILV,Opportunity,003Fz3E1XnVmgSjI0K,Contact
00TtodAuXp2wdQEU39,Prepare proposal,Waiting on someone else,Low,2025-09-04,Call,Synthetic follow-up activity for CRM workflow testing.,2024-03-21T15:33:12Z,0,701qGSJSbVRjjNMQYD,Campaign,00QePAMpnkUKdY7E2Z,Lead
00TcOTjLYdTIx0TUBO,Prepare proposal,Deferred,High,2023-03-15,Call,Synthetic follow-up activity for CRM workflow testing.,2023-02-02T08:40:37Z,0,006Acu1Q2oIdoSzY9H,Opportunity,00QLUSA8bRL2y7qEI9,Lead
00TjWvvaJp91oZZ2GH,Follow up,Completed,High,2023-04-09,Call,Synthetic follow-up activity for CRM workflow testing.,2021-06-25T11:15:21Z,1,800b4hPm6qk3M2KARE,Opportunity,003zxHlxoplJHvQY0O,Contact
00TqDbuwWqXuhiG2QT,Follow up,Deferred,Low,2025-08-17,Other,Synthetic follow-up activity for CRM workflow testing.,2024-04-16T12:13:06Z,0,,,003hR6TrgcBPOioAGZ,Contact
00TNsSlrBadzoj12VF,Review requirements,Deferred,Normal,2025-05-25,Call,Synthetic follow-up activity for CRM workflow testing.,2026-01-28T18:20:01Z,0,02itcXVVISG1yWRQLT,Asset,003iQyO82d4KMl0Y4B,Contact
00T3cB1FQM6Mk0lM6H,Send workshop summary,Waiting on someone else,High,2026-01-13,Email,Synthetic follow-up activity for CRM workflow testing.,2022-02-18T04:03:27Z,0,001gQSNxeXgntf7YR3,Account,003JgjsbJD2FrGMYS3,Contact
00Tb6fI9AnihBECUPV,Prepare proposal,Not Started,High,2023-11-26,Call,Synthetic follow-up activity for CRM workflow testing.,2022-07-16T05:56:57Z,0,,,003JLuZitQGrdm0A3X,Contact
00TKt1ynV77w2SdUF0,Follow up,Not Started,High,2022-04-07,Other,Synthetic follow-up activity for CRM workflow testing.,2021-12-19T08:00:12Z,0,006iWV30970o6cqI0H,Opportunity,003RBWNCUkv2pnuA0M,Contact
00TAmGwpqSghH1sUA1,Review requirements,Waiting on someone else,Low,2021-03-10,Other,Synthetic follow-up activity for CRM workflow testing.,2021-04-09T21:54:16Z,0,711XnpU5BC0GELIQ7O,Opportunity,0034Oku3Bq8Qq3ZAJ9,Contact
00TYUthChLr9L53EJM,Review requirements,Waiting on someone else,Low,2023-06-11,Other,Synthetic follow-up activity for CRM workflow testing.,2021-07-27T17:02:50Z,0,82thDUt4U5UwAqHA4U,Order,003pqlMKQlhXNs9YWS,Contact
00Tm5SGYhZVwuAAUUR,Review requirements,Completed,Normal,2025-02-26,Call,Synthetic follow-up activity for CRM workflow testing.,2025-07-22T22:24:10Z,1,006QS2qALHX7QOkYC7,Opportunity,003PyfsmoB4Y1LhQ8Z,Contact
00TkCnJstiXjtgr2VV,Review requirements,Completed,Low,2024-03-07,Email,Synthetic follow-up activity for CRM workflow testing.,2024-09-18T02:34:34Z,1,001TBaHImIEtjplQN7,Account,003idSte6iYGpKBASN,Contact
00TkFQcsF8jkSpQEAA,Follow up,Not Started,High,2026-06-23,Call,Synthetic follow-up activity for CRM workflow testing.,2026-02-11T23:46:26Z,0,720Uzbvln6QAcFJYPD,Opportunity,003n8HZt4NM6tD7IME,Contact
00TFpdhp5bD3qwdE5K,Review requirements,Waiting on someone else,High,2024-05-18,Other,Synthetic follow-up activity for CRM workflow testing.,2022-12-01T22:08:29Z,0,500wrP3FKWu1E6MYGA,Case,003I3dWkbTjcuLqIU3,Contact
00T7SBxiP6AzglMM98,Review requirements,Waiting on someone else,Low,2025-03-23,Other,Synthetic follow-up activity for CRM workflow testing.,2026-01-23T02:49:21Z,0,001EzVzzzPDO3QjIJG,Account,003BiQogcR8V8aRIU5,Contact
00Tl99xTxgD5knJ21V,Follow up,Waiting on someone else,High,2025-01-16,Email,Synthetic follow-up activity for CRM workflow testing.,2022-01-20T15:09:59Z,0,001OH94vlTF3MI8Y08,Account,003lZRttcGpB1etYSU,Contact
00TnsSNzh3Nku4UEPH,Send workshop summary,In Progress,High,2021-06-18,Call,Synthetic follow-up activity for CRM workflow testing.,2026-03-17T03:16:54Z,0,006pgNnpMiimJ6RYBD,Opportunity,00Q2EXBQABlQO8221T,Lead
00TL3C1wp0x4LYH2HH,Follow up,Completed,High,2025-02-22,Call,Synthetic follow-up activity for CRM workflow testing.,2021-08-18T10:20:19Z,1,,,003bpliG0OQeBdQAX0,Contact
00TSihVqGJuwkc8U8D,Prepare proposal,Waiting on someone else,Low,2024-10-22,Other,Synthetic follow-up activity for CRM workflow testing.,2021-03-20T00:59:36Z,0,02iD45d03cTvQUyQGA,Asset,003kRkF0RFLnScnQU0,Contact
00TvmJHzCB0ic9KE0H,Prepare proposal,Waiting on someone else,Low,2025-05-21,Email,Synthetic follow-up activity for CRM workflow testing.,2023-07-24T20:42:26Z,0,511piM4yYXj8T3QYTT,Opportunity,,
00TnvqCDhPI0a7bEBV,Review requirements,Completed,Low,2026-07-22,Other,Synthetic follow-up activity for CRM workflow testing.,2023-02-27T22:27:58Z,1,006cokd0oy31bp9YH0,Opportunity,00QKKTh4NfWjtWe20U,Lead
00TzBSd3h1hRKvHEUT,Send workshop summary,Completed,Low,2024-01-27,Other,Synthetic follow-up activity for CRM workflow testing.,2024-04-25T19:10:56Z,1,001Ee8rMt958Fh9Y0A,Account,00QQ10gwSA0OKt8MAD,Lead
00TqRv7zCuxzgSxU10,Send workshop summary,Completed,Normal,2021-10-14,Other,Synthetic follow-up activity for CRM workflow testing.,2025-08-14T03:30:10Z,1,706ThNDtIikLzwYIS4,Opportunity,00Q2rx6RKG4aZjEEJ9,Lead
00Te7qaXq1YlkrRUGT,Prepare proposal,Not Started,Normal,2025-11-13,Email,Synthetic follow-up activity for CRM workflow testing.,2024-09-13T00:07:55Z,0,7265zp4YbtSmDykYMZ,Opportunity,003r0I2bhEeFqk2QO8,Contact
00TLeN5kQ9oxryHM4I,Follow up,In Progress,Low,2023-08-24,Other,Synthetic follow-up activity for CRM workflow testing.,2022-08-13T18:53:36Z,0,0012Mm2CXMo3FSXAIK,Account,003iMpGGuHEEHp3AUB,Contact
00TFRjzKmtPL2P12PF,Follow up,Completed,Low,2024-12-08,Email,Synthetic follow-up activity for CRM workflow testing.,2024-05-15T05:46:50Z,1,800qTXC1gGMCsfzI6G,Contract,003ETHkUVVKi5PSI55,Contact
00TWsswxN3UZhMQ24Z,Send workshop summary,Deferred,High,2021-05-14,Other,Synthetic follow-up activity for CRM workflow testing.,2025-07-21T23:23:35Z,0,001OphrQTgtGmAPIMC,Account,003HyElyrwbdqT8QAZ,Contact
00Tm6SYVJFwbiE02Y4,Review requirements,Not Started,Normal,2023-01-24,Email,Synthetic follow-up activity for CRM workflow testing.,2024-06-02T09:22:13Z,0,001PUaO8FLbQ5tuY7R,Account,003CYKyRRyyBLH5IV6,Contact
00TURdGQbTY1LiC20G,Review requirements,Waiting on someone else,Normal,2023-10-11,Email,Synthetic follow-up activity for CRM workflow testing.,2022-12-29T05:14:14Z,0,8000iu1gPnwYYKdYOU,Contract,003HNVZ0xqZOApDAML,Contact
00T5NDhxyaGW8ilUUT,Review requirements,Deferred,Low,2021-06-06,Call,Synthetic follow-up activity for CRM workflow testing.,2021-06-23T17:24:45Z,0,001n3aMHCveux7aI17,Account,003THT0jpN9NJqQQ7P,Contact
00T3PNbIlTx4tmPU8R,Review requirements,Not Started,Low,2022-05-18,Call,Synthetic follow-up activity for CRM workflow testing.,2023-05-04T07:11:21Z,0,001WiF4egJw4fFCI62,Account,003CRDYjsTHsCzzYF5,Contact
00TC1IcSAE803N3M86,Review requirements,In Progress,Low,2022-12-03,Call,Synthetic follow-up activity for CRM workflow testing.,2022-06-08T10:55:30Z,0,,,00Qu8cX5jreXyWQEAW,Lead
00Txvhja6EF7d6qU6F,Follow up,In Progress,High,2025-01-12,Call,Synthetic follow-up activity for CRM workflow testing.,2021-02-11T20:23:14Z,0,02iJ7r0NRvDrfh0YD4,Asset,00Qw8cqHO6OxQsL217,Lead
00TnFUbTRF14PPC260,Send workshop summary,Deferred,High,2023-07-14,Call,Synthetic follow-up activity for CRM workflow testing.,2023-06-19T00:02:37Z,0,,,00Q8tlBUtwmENit2YT,Lead
00TV0oxPrDRzw1eMVZ,Prepare proposal,In Progress,High,2021-06-17,Email,Synthetic follow-up activity for CRM workflow testing.,2023-01-07T20:51:08Z,0,7203OQNAvLWnbb3Q5E,Opportunity,003iACK7CJakxp7YNX,Contact
00TZIGlmRHvlZ6yU20,Send workshop summary,Not Started,High,2024-05-27,Email,Synthetic follow-up activity for CRM workflow testing.,2021-03-06T21:37:09Z,0,70t0qtcpeGx2wj6Y2U,Order,003n7DRKKJS9PqNQWE,Contact
00TFsKoKg56lytLMCE,Prepare proposal,Completed,High,2023-12-21,Call,Synthetic follow-up activity for CRM workflow testing.,2022-11-14T05:29:12Z,1,701iu7etaRTqbMlANW,Campaign,,
00TKGhtJItaYDV527O,Send workshop summary,Deferred,Low,2024-09-17,Call,Synthetic follow-up activity for CRM workflow testing.,2023-01-29T10:10:53Z,0,001lUr971GtA6wXYCT,Account,003wYTI76UHoYx2AUY,Contact
00TcQe5cXvGEQXgUWN,Prepare proposal,Deferred,Low,2021-05-11,Email,Synthetic follow-up activity for CRM workflow testing.,2022-02-23T04:14:30Z,0,500H7XPgiRwdg57AWD,Case,00Qx5iyUJ6aRLc2U1Q,Lead
00TYQr1o5j4TEbpE9P,Prepare proposal,In Progress,Low,2025-05-16,Call,Synthetic follow-up activity for CRM workflow testing.,2022-06-02T22:02:22Z,0,001FChipDL8FyVaQQG,Account,0031zbyaheQNtduA6P,Contact
00TyyG3iYCozwyMUT4,Review requirements,Not Started,High,2026-07-14,Other,Synthetic follow-up activity for CRM workflow testing.,2025-11-22T21:48:03Z,0,001XZVDN3n2dRIsQB9,Account,003mjuXxIT09fGrAAO,Contact
00Tw6uHatJROzDtU6E,Follow up,Waiting on someone else,Low,2021-11-29,Email,Synthetic follow-up activity for CRM workflow testing.,2025-06-10T20:04:01Z,0,001O8ZWUKMYoipYYQ7,Account,003gEccA5slZCWYYJF,Contact
00TgEuh5MmKe15m2P4,Follow up,Not Started,Low,2021-04-15,Email,Synthetic follow-up activity for CRM workflow testing.,2025-10-10T13:09:55Z,0,001DvFcs2OCjLNHAFJ,Account,003Jj7iLOhliCVOIT0,Contact
00TLtGASGpsP8Fe21U,Prepare proposal,In Progress,Normal,2024-11-21,Call,Synthetic follow-up activity for CRM workflow testing.,2024-11-29T19:06:24Z,0,800SuQGJYTRKVqTAP7,Contract,003UGv6TgrJ2iwnIYY,Contact
00TINjm0vf1GrZQECN,Prepare proposal,Not Started,Low,2025-08-03,Call,Synthetic follow-up activity for CRM workflow testing.,2026-02-12T03:40:46Z,0,8008x8Y4DvSqLVxYNZ,Contract,003VxLK4q5IbfQiIBO,Contact
00TkcgT0tidXBpVEMT,Follow up,Completed,High,2021-04-03,Call,Synthetic follow-up activity for CRM workflow testing.,2021-10-28T04:55:28Z,1,500WCW6WhG5a741IQG,Case,00QhxfGV9u1LAfLM39,Lead
00TMKn5Mv55yaoU2JY,Send workshop summary,Completed,High,2024-07-20,Call,Synthetic follow-up activity for CRM workflow testing.,2023-08-05T07:27:44Z,1,5001Lex7Iy15ktqIGP,Case,,
00TvcHovJfIdIslMRJ,Send workshop summary,Completed,Normal,2025-07-30,Call,Synthetic follow-up activity for CRM workflow testing.,2024-11-14T08:16:02Z,1,,,0031OgLshls4XrqQ85,Contact
00TALw3as4cOXtKMAU,Send workshop summary,Not Started,High,2021-04-12,Email,Synthetic follow-up activity for CRM workflow testing.,2022-02-21T22:02:01Z,0,516FzeN3XsvCepCIJM,Opportunity,00QrkFqg3tCxPbi2WL,Lead
00TkevLHMtcEHYr2YM,Review requirements,Not Started,Normal,2025-08-03,Other,Synthetic follow-up activity for CRM workflow testing.,2021-10-04T17:45:15Z,0,02iALtwkw6C3vm0YIW,Asset,,
00TGIctG1FRIGxSMQJ,Follow up,In Progress,Low,2022-01-05,Email,Synthetic follow-up activity for CRM workflow testing.,2021-03-18T05:06:42Z,0,,,003sSslBwo3YQeYYLF,Contact
00TzInqqOBTE4392A2,Follow up,Completed,High,2024-04-12,Call,Synthetic follow-up activity for CRM workflow testing.,2025-01-12T21:07:47Z,1,001jsWcaI2ueqNkQ4J,Account,00QsrFEpFv4FNSS29P,Lead
00TudLNCTlVENOa2RS,Follow up,Waiting on someone else,Normal,2024-11-08,Email,Synthetic follow-up activity for CRM workflow testing.,2022-09-13T22:26:20Z,0,0014xFF5q1fi7GwQMP,Account,00324SkSh22hkotYEY,Contact
00TMCwQI4XPf5cF2AQ,Prepare proposal,Not Started,Normal,2022-04-13,Other,Synthetic follow-up activity for CRM workflow testing.,2025-04-29T03:00:51Z,0,0010WdqUBYu4EriIM6,Account,0036ewYutDgEhRaY0N,Contact
00TC2xhD2elYVa1MV6,Prepare proposal,Not Started,High,2025-04-05,Call,Synthetic follow-up activity for CRM workflow testing.,2025-02-21T15:53:15Z,0,006vG1ZO5JrIFxYAHH,Opportunity,003lHeTJz2Li1ufIFV,Contact
00T6DnpBYbvjguSMI7,Prepare proposal,Not Started,High,2022-08-18,Call,Synthetic follow-up activity for CRM workflow testing.,2022-08-14T00:15:41Z,0,500a4hvM34RiUNLAMT,Case,,
00T42A34iydHL1iEPQ,Review requirements,In Progress,Normal,2021-07-31,Call,Synthetic follow-up activity for CRM workflow testing.,2026-01-03T00:25:12Z,0,001j6nRokzRlCs1Y07,Account,003gSF57GAU1jxkAFI,Contact
00TcGFisfN3LN7LUME,Prepare proposal,Waiting on someone else,High,2025-07-20,Call,Synthetic follow-up activity for CRM workflow testing.,2022-08-13T21:38:05Z,0,52i5pEXn6pAdR6eI4T,Opportunity,00QCAGBJJYOknKcUS7,Lead
00TK5XwANtqZMguE4M,Review requirements,Waiting on someone else,High,2022-02-23,Call,Synthetic follow-up activity for CRM workflow testing.,2023-01-12T20:53:11Z,0,02iPFNA5wcoLyVGAL1,Asset,003VSx3gBhsvaiVQJK,Contact
00Tk4cEaK1cuIWnU9U,Send workshop summary,Completed,Normal,2024-08-17,Email,Synthetic follow-up activity for CRM workflow testing.,2022-08-24T11:50:51Z,1,500sHwuaRlPXH3qYHL,Case,00Q1VeBEf6i8lWTEID,Lead
00TTXzwugWlIKHaMRG,Review requirements,Not Started,Low,2024-05-26,Other,Synthetic follow-up activity for CRM workflow testing.,2024-06-06T22:48:40Z,0,,,003CM9mmOrCSrVvYCN,Contact
00T2GupEH3LyuM12WA,Prepare proposal,In Progress,High,2024-06-08,Email,Synthetic follow-up activity for CRM workflow testing.,2021-05-14T04:05:23Z,0,,,,
00TKC2Hu97q8kgGUYB,Prepare proposal,Waiting on someone else,Low,2021-12-17,Other,Synthetic follow-up activity for CRM workflow testing.,2024-06-25T20:27:32Z,0,500xZVEk5M2JjLqYX5,Case,00Qp7traNGjb8ZDEZS,Lead
00TMU2hTSwo4IgC2OE,Send workshop summary,Waiting on someone else,High,2022-05-19,Email,Synthetic follow-up activity for CRM workflow testing.,2025-12-04T00:37:50Z,0,001gQSNxeXgntf7YR3,Account,00Qpa6cvY4MOTT1MLH,Lead
00TbFHYKwF6bkcVUWQ,Review requirements,Completed,High,2023-04-22,Call,Synthetic follow-up activity for CRM workflow testing.,2024-12-12T19:19:35Z,1,501iOamI6vFewPbYG5,Opportunity,003h5OqMJqaaRmmIQ8,Contact
00TrY1vx2wrpCubEL9,Review requirements,Completed,Low,2026-09-10,Email,Synthetic follow-up activity for CRM workflow testing.,2026-06-07T08:57:41Z,1,,,00QS8tAYDy96Ug6M2A,Lead
00TSvE3fYYZZQNaMEU,Follow up,Waiting on someone else,High,2024-01-13,Email,Synthetic follow-up activity for CRM workflow testing.,2022-03-14T05:04:10Z,0,0018MjZShtig55PAG6,Account,0032UyKmMuogGHjQS5,Contact
00TTeunuPfD1LSkUKB,Prepare proposal,Waiting on someone else,Normal,2026-05-10,Other,Synthetic follow-up activity for CRM workflow testing.,2025-06-11T13:25:31Z,0,001b6p7wMuocXZFIKR,Account,003hcRo1zSO0VqJA87,Contact
00TrCrd1oG44qxr2NM,Follow up,In Progress,Low,2025-02-24,Email,Synthetic follow-up activity for CRM workflow testing.,2024-07-19T07:26:50Z,0,506lE6RMDqvThysAOK,Opportunity,003lesXU7uXxsjtYHT,Contact
00Tz9NzCXLa9ip3MZL,Follow up,Completed,Low,2026-06-30,Other,Synthetic follow-up activity for CRM workflow testing.,2022-08-12T17:25:41Z,1,001HN4NjiBD6CXII3H,Account,003KN79fSFd3oQ6IVK,Contact
00TowDJDoxOOpydMMC,Review requirements,Not Started,High,2023-06-13,Email,Synthetic follow-up activity for CRM workflow testing.,2024-03-01T16:12:38Z,0,02ioWRSbKEja5VXQQZ,Asset,003euzwExYsJTIpY9B,Contact
00TPC3Ss8Su1eqqUXI,Follow up,Deferred,Low,2025-04-27,Call,Synthetic follow-up activity for CRM workflow testing.,2021-04-01T11:47:36Z,0,7014xC7ldfv7uGYYZO,Campaign,003GweaslhRRyCLI5I,Contact
00TRyvLvQ3sT2AkEEB,Send workshop summary,Deferred,High,2024-10-25,Other,Synthetic follow-up activity for CRM workflow testing.,2026-02-19T04:23:57Z,0,001OPKDJQJag0BvIDS,Account,001GmyY3gcLI5ZF4DW,Lead
00TwRK93k0DhNqcM1A,Prepare proposal,Waiting on someone else,Low,2025-01-10,Other,Synthetic follow-up activity for CRM workflow testing.,2021-02-09T19:21:47Z,0,,,003BpLOEBjhtrpuQWV,Contact
00TSEzaxSrRHJLGEG8,Review requirements,In Progress,Normal,2025-12-08,Call,Synthetic follow-up activity for CRM workflow testing.,2021-11-09T20:23:41Z,0,500aJvIczHCrt6KY7Q,Case,003sQMLfrlldS2kIWH,Contact
00TOq5oPzP7uDRt2UT,Review requirements,In Progress,Normal,2026-08-12,Call,Synthetic follow-up activity for CRM workflow testing.,2023-10-14T19:48:56Z,0,,,003CazuthmoYZmcAZN,Contact
00TdmOFCg1GZRaDULU,Follow up,Not Started,Normal,2022-07-31,Call,Synthetic follow-up activity for CRM workflow testing.,2026-01-22T10:00:33Z,0,001L6QQcpJ1qXB2Y62,Account,00Qmc1dGep9e7AsM2C,Lead
00TEwEIDZHzAwh7EJ7,Prepare proposal,Completed,Low,2023-03-01,Call,Synthetic follow-up activity for CRM workflow testing.,2022-03-11T23:37:01Z,1,500c0lCUHwglMPlQNP,Case,003NmtdlMjbGHaXQSG,Contact
00TA1DDgEZY9ED5UK2,Follow up,Waiting on someone else,High,2026-07-01,Other,Synthetic follow-up activity for CRM workflow testing.,2023-01-25T17:16:41Z,0,001bEjr0cyFC7SBAXL,Account,,
00TvJ3WjRzEpsq4MJ5,Prepare proposal,In Progress,Normal,2022-01-07,Call,Synthetic follow-up activity for CRM workflow testing.,2025-09-10T18:15:03Z,0,701s2qORj9Q5274YHM,Campaign,00QtEDamOEWgM0YEET,Lead
00TspCjd08R4SdtEJB,Send workshop summary,Not Started,Low,2025-09-25,Other,Synthetic follow-up activity for CRM workflow testing.,2026-04-11T14:21:08Z,0,,,003m3ncht0KhZ0PATP,Contact
00TOubq1LeL9leg2QT,Review requirements,Completed,Low,2024-06-24,Other,Synthetic follow-up activity for CRM workflow testing.,2024-10-27T00:00:05Z,1,020M8CboFRIiD3NQG4,Order,003y3BNukyu5OKBID7,Contact
00Tm5VHB6WHXkIxMTH,Send workshop summary,Deferred,Low,2025-06-19,Call,Synthetic follow-up activity for CRM workflow testing.,2023-04-06T08:44:13Z,0,701fkp1RoMk6AO1AXX,Campaign,003jXyri6v4rvjpQPL,Contact
00TjkXSVkXz2NI5UVY,Follow up,Completed,Low,2023-02-07,Other,Synthetic follow-up activity for CRM workflow testing.,2022-06-07T01:35:26Z,1,001wOS4RTezb6AxY4U,Account,00Qh5yubIn9pWLw2AQ,Lead
00TsZPuaIQsHDh5E2M,Send workshop summary,Completed,High,2024-01-08,Call,Synthetic follow-up activity for CRM workflow testing.,2026-01-24T23:17:22Z,1,,,003M1h4MwCZ6TwBIPK,Contact
00TGnb0quvHS6LFEQT,Send workshop summary,Not Started,Low,2022-04-10,Call,Synthetic follow-up activity for CRM workflow testing.,2021-07-14T04:42:12Z,0,500vy127mqLgYxHI02,Case,,
00TgBNAOVMW9owM2N5,Prepare proposal,Deferred,High,2021-10-16,Email,Synthetic follow-up activity for CRM workflow testing.,2021-09-17T18:05:09Z,0,801pWZIjQqeVucAQOB,Order,0037a7gULvkdSXjYNJ,Contact
00T1daiCDp3PLir2R8,Follow up,Deferred,Low,2021-03-29,Other,Synthetic follow-up activity for CRM workflow testing.,2026-02-12T00:09:39Z,0,0014BI0PTpGJAb4ICJ,Account,003DGxJ8tFMKWT2Y2E,Contact
00TCJa3cYHdC2Or20V,Send workshop summary,In Progress,High,2026-04-30,Other,Synthetic follow-up activity for CRM workflow testing.,2021-10-30T12:18:52Z,0,,,00QCUkSYC23syb7MPH,Lead
00THoWImzF4PHknUL9,Review requirements,Deferred,High,2026-05-24,Email,Synthetic follow-up activity for CRM workflow testing.,2024-09-09T14:24:54Z,0,001Y94eVbSCMZThYRA,Account,003SuS97kgzeiZsYFR,Contact
00TrXGvNt165qviEPL,Follow up,Deferred,High,2026-03-03,Email,Synthetic follow-up activity for CRM workflow testing.,2025-06-19T21:17:54Z,0,81tjXCdSMOR3xvtA79,Opportunity,,
00Tn3JuYPrezVfLU84,Review requirements,Not Started,High,2021-04-07,Email,Synthetic follow-up activity for CRM workflow testing.,2022-10-23T06:11:56Z,0,0018fHG08zFMfdsQ4N,Account,003JLuZitQGrdm0A3X,Contact
00T1Va720bDnFlKUHT,Send workshop summary,Waiting on someone else,Normal,2026-08-07,Other,Synthetic follow-up activity for CRM workflow testing.,2022-09-24T14:24:07Z,0,8003wth2gWTivkkYRQ,Contract,003sQMLfrlldS2kIWH,Contact
00TpP5JerIRooSkUYF,Follow up,Completed,Normal,2026-07-06,Call,Synthetic follow-up activity for CRM workflow testing.,2024-10-13T03:16:21Z,1,,,003g1K9UetSUv00QXT,Contact
00TZ7kuuftOMtTy29T,Follow up,In Progress,High,2025-12-25,Email,Synthetic follow-up activity for CRM workflow testing.,2022-09-20T22:47:58Z,0,001XiuNt6euLMPwA7Z,Opportunity,003fjlGN43BzzLPYAU,Contact
00TaQh502dnQ6o8MT2,Follow up,In Progress,Low,2026-08-10,Email,Synthetic follow-up activity for CRM workflow testing.,2021-07-10T10:05:19Z,0,821X185b4Zyk2haIFT,Order,003wtYbi0p2g5IYIYU,Contact
00T3C1gcMdiCNFkEC8,Review requirements,Not Started,High,2022-09-24,Other,Synthetic follow-up activity for CRM workflow testing.,2025-01-12T18:49:30Z,0,,,003SAUYTcKjhBmTIQ8,Contact
00TMXQcHShXP5fSMHY,Send workshop summary,Deferred,High,2026-01-14,Call,Synthetic follow-up activity for CRM workflow testing.,2023-04-13T00:18:48Z,0,5003L0PqQNAlS7tYBO,Case,0035WoUvc1EFqOfYQA,Contact
00T7p1UgolEMepp2A4,Follow up,In Progress,Normal,2026-07-16,Email,Synthetic follow-up activity for CRM workflow testing.,2023-02-27T12:30:46Z,0,,,00QSm9N00YAhtvB2MT,Lead
00TbtBhmJrp7nauMS5,Send workshop summary,Completed,High,2022-11-27,Email,Synthetic follow-up activity for CRM workflow testing.,2023-01-25T05:18:51Z,1,02ijgMHnXiwDhVXYNU,Asset,003XNoGMIPTvl16ANC,Contact
00TA1kenADUIE3KMU0,Review requirements,In Progress,Low,2024-08-23,Other,Synthetic follow-up activity for CRM workflow testing.,2022-10-17T07:38:04Z,0,0013e2Rh2QW4yB5YBM,Account,001fj7OlQwZIZI1Y14,Lead
00TVNzBbHNApyys2NI,Prepare proposal,Waiting on someone else,Normal,2025-08-26,Other,Synthetic follow-up activity for CRM workflow testing.,2022-02-23T07:01:55Z,0,0018MjZShtig55PAG6,Account,003twefy02aagUgIFC,Contact
00TjjoTLKvMpDZuUSG,Send workshop summary,Not Started,High,2022-07-08,Email,Synthetic follow-up activity for CRM workflow testing.,2024-09-29T06:05:37Z,0,800KRcmDv0XESdNQSK,Contract,003GCiusFbMca93YBA,Contact
00T40HujdBsM19gU04,Review requirements,Waiting on someone else,Low,2021-11-10,Email,Synthetic follow-up activity for CRM workflow testing.,2025-07-23T19:01:51Z,0,,,003BiQogcR8V8aRIU5,Contact
00TXQ1T57CxVGfBUND,Send workshop summary,Waiting on someone else,Normal,2025-11-14,Email,Synthetic follow-up activity for CRM workflow testing.,2026-05-06T03:31:30Z,0,006dY7oWzVLeAQbYGM,Opportunity,003OIgHSksq2tYtQRO,Contact
00TzY7uUR6sJO5JE35,Send workshop summary,Completed,Normal,2022-02-10,Call,Synthetic follow-up activity for CRM workflow testing.,2021-11-21T21:59:10Z,1,001ubaEHL3G30ZJYB5,Opportunity,00QBfUgpB6buKMo29P,Lead
00TjvuGXAXSFn1mMXH,Follow up,Not Started,Normal,2023-07-24,Email,Synthetic follow-up activity for CRM workflow testing.,2026-02-07T11:56:57Z,0,5067hMRFfzYtPfUQ1H,Opportunity,00QTTGuf3IVCPg32YM,Lead
00TvAiLf6Fu2vE1EFA,Review requirements,Deferred,High,2023-06-06,Email,Synthetic follow-up activity for CRM workflow testing.,2021-03-27T13:17:33Z,0,,,003uwGp0ZUzZmWKILM,Contact
00Ts6dzsXYHmlDVU2W,Prepare proposal,Completed,High,2021-09-07,Other,Synthetic follow-up activity for CRM workflow testing.,2024-11-27T13:06:10Z,1,801omkryWnHnzN6Q3A,Order,,
00TtFy7AkEsqfPiUF9,Prepare proposal,Deferred,High,2024-10-03,Email,Synthetic follow-up activity for CRM workflow testing.,2023-07-06T03:38:44Z,0,001b6p7wMuocXZFIKR,Account,003aHFhAFUFcM41YBE,Contact
00T6eGfivNinHiiUXC,Review requirements,Waiting on someone else,Low,2022-01-14,Call,Synthetic follow-up activity for CRM workflow testing.,2025-01-14T12:26:12Z,0,800s3ryY0AeyBfXYBJ,Contract,003mOiCoYGhh0YQYIV,Contact
00TBDLyDPLmyFCME0E,Send workshop summary,Not Started,Low,2024-02-24,Call,Synthetic follow-up activity for CRM workflow testing.,2024-08-14T22:01:04Z,0,82iagHzkTkAOFAFI1V,Opportunity,00QuUo9oxDPtzDJMJ1,Lead
00TV3PKn5g09DRhU2W,Review requirements,Not Started,Normal,2022-09-11,Call,Synthetic follow-up activity for CRM workflow testing.,2022-03-22T19:53:37Z,0,001rvlO3y0uELfOAW4,Account,00QO2aakkN5n6hZENP,Lead
00TLn9NXKMiDJmiM06,Send workshop summary,Waiting on someone else,High,2025-11-13,Call,Synthetic follow-up activity for CRM workflow testing.,2022-08-18T00:05:30Z,0,701AUP2DWX9vWyrQNF,Campaign,,
00TXMz9zH8u5da1MWF,Review requirements,Deferred,Low,2024-03-17,Call,Synthetic follow-up activity for CRM workflow testing.,2026-06-09T16:16:31Z,0,500a4Fy2wDn9oS5IZA,Case,003ZRmXunaCM7ErY90,Contact
00ThuVwhsK36VqoUSO,Send workshop summary,In Progress,High,2021-08-15,Call,Synthetic follow-up activity for CRM workflow testing.,2024-03-26T08:47:02Z,0,510IQPDyR2DAOuCIPM,Opportunity,,
00TD0a4K9FsaZjLUOV,Send workshop summary,Not Started,Low,2024-10-13,Email,Synthetic follow-up activity for CRM workflow testing.,2025-02-21T15:10:17Z,0,,,,
00TFKzULs5oT5CV2BK,Prepare proposal,Completed,High,2022-07-16,Other,Synthetic follow-up activity for CRM workflow testing.,2024-01-15T03:00:15Z,1,50idFgBeIJEDPQXYQT,Opportunity,003ynZAmhuHgXe5ALX,Contact
00TG6I5s6Lah7icUM3,Review requirements,Waiting on someone else,Low,2023-06-10,Call,Synthetic follow-up activity for CRM workflow testing.,2022-07-07T10:38:41Z,0,50ixod6uEodIRyrITH,Opportunity,003azJSR2ragVkrYFE,Contact
00TanfYUUztSDGrEZH,Review requirements,Completed,Normal,2024-06-21,Call,Synthetic follow-up activity for CRM workflow testing.,2023-06-18T18:28:32Z,1,006dAB04gfBwA9TQD2,Opportunity,,
00ThpJWObxHsQ4jEPC,Prepare proposal,Completed,Low,2021-09-14,Email,Synthetic follow-up activity for CRM workflow testing.,2021-11-04T18:51:39Z,1,500Di08dpV5GHBpA6X,Case,,
00Tyv3J31J1v5RDUJP,Review requirements,In Progress,High,2025-03-25,Call,Synthetic follow-up activity for CRM workflow testing.,2021-07-18T13:20:59Z,0,02iLw5oqvLbQZJAY9N,Asset,,
00T2BB8tSNjfoXpEWK,Follow up,In Progress,Normal,2021-04-09,Call,Synthetic follow-up activity for CRM workflow testing.,2022-09-14T07:48:10Z,0,500HQhZBl5h71gPAOX,Case,003yoRJlL7kWDV0I1D,Contact
00TPbZCDMIsc6rWUQD,Follow up,Waiting on someone else,Low,2024-05-20,Call,Synthetic follow-up activity for CRM workflow testing.,2022-03-15T01:33:24Z,0,800bjmohWwCP7WSIB5,Contract,,
00TaRUoaf33Fho0U5U,Follow up,Waiting on someone else,Low,2025-07-05,Other,Synthetic follow-up activity for CRM workflow testing.,2024-11-15T19:44:57Z,0,001MVhM44DqZNFnI35,Account,00QALl5wjocyMQYE1R,Lead
00TNbZKBzJKcDoZ2N8,Review requirements,Completed,Low,2022-09-29,Email,Synthetic follow-up activity for CRM workflow testing.,2023-08-05T06:55:07Z,1,001O8ZWUKMYoipYYQ7,Account,00QODmhP1PzKevJEUI,Lead
00TpKNc5s8qQ6vT2CK,Prepare proposal,Completed,High,2025-07-12,Email,Synthetic follow-up activity for CRM workflow testing.,2024-07-06T22:17:52Z,1,,,00QCN9LkvscJSoI2TO,Lead
00TwN4vtH5sM1UUU5B,Follow up,Deferred,High,2022-08-21,Call,Synthetic follow-up activity for CRM workflow testing.,2023-11-15T17:14:21Z,0,700ipkukY9AOYyQAL5,Opportunity,003ENBWzBF3YIoFYPD,Contact
00TYs1XjSV0eZNSMEF,Review requirements,Waiting on someone else,High,2023-07-12,Other,Synthetic follow-up activity for CRM workflow testing.,2025-06-03T05:24:53Z,0,500mdpvojmmtgIWAX6,Case,00Qk2CHsLnqIeWJUP7,Lead
00TmRonmhm7suvlEQQ,Review requirements,Not Started,High,2025-01-21,Email,Synthetic follow-up activity for CRM workflow testing.,2023-07-20T01:14:39Z,0,701Dpaw66va6dUvYOQ,Campaign,003qf4McL0zrGCBQZ8,Contact
00Tr8gwxo8AMIBcU64,Prepare proposal,Waiting on someone else,Normal,2024-02-03,Email,Synthetic follow-up activity for CRM workflow testing.,2025-10-29T06:31:04Z,0,001PygtS3FHgKj8Q8G,Account,00382xhNJYN60LTLM1,Lead
00TVvszilfpRYVoEPV,Review requirements,Completed,Normal,2021-11-18,Other,Synthetic follow-up activity for CRM workflow testing.,2022-09-14T23:59:18Z,1,006l7f2kBpCZ7noI5Q,Opportunity,003i2Cn7hctN1AWQYO,Contact
00TREdvvhdal7dD2JR,Review requirements,In Progress,High,2026-03-03,Other,Synthetic follow-up activity for CRM workflow testing.,2023-09-17T22:08:35Z,0,716F22xLzwDVzuGA3J,Opportunity,003nnVXCjUR28ayQTF,Contact
00TSVbEoHkKw4n8UZM,Review requirements,Deferred,High,2026-03-11,Other,Synthetic follow-up activity for CRM workflow testing.,2023-05-14T08:49:37Z,0,01tTVbIpQ0ISm2pYRV,Product2,003GweaslhRRyCLI5I,Contact
00Tn2vDqxnSPCSyU3O,Follow up,Not Started,High,2021-05-20,Other,Synthetic follow-up activity for CRM workflow testing.,2024-10-26T21:59:06Z,0,800QFvdDNl3YohZY3A,Contract,0036mmNusffWovpIGN,Contact
00T09SXwS5QAn9i2MB,Prepare proposal,Completed,High,2023-07-30,Call,Synthetic follow-up activity for CRM workflow testing.,2024-12-10T22:49:46Z,1,700nsxiqJN8CPTuAII,Order,003cuTGE1DhOEKZQCC,Contact
00TmX9EsmqyPTCyMWH,Prepare proposal,In Progress,High,2025-08-31,Email,Synthetic follow-up activity for CRM workflow testing.,2023-09-04T19:59:16Z,0,710cjvPbFrUQCs3I5D,Opportunity,003BKm8d8y3hFeJAQZ,Contact
00TpaOUxBOSRvFsU15,Send workshop summary,In Progress,Low,2022-03-28,Email,Synthetic follow-up activity for CRM workflow testing.,2022-01-27T22:33:37Z,0,001TtyIW37HieQzYDX,Account,0032d55Lu3aGP4UY02,Contact
00TQKcv7lVie0gw268,Follow up,Deferred,Low,2021-07-19,Call,Synthetic follow-up activity for CRM workflow testing.,2021-03-05T08:27:43Z,0,001ViLIuvoOkEvIYR2,Account,00QsEJuLnfIWgjtEVI,Lead
00TkufLtOHkXssZUTX,Prepare proposal,Completed,High,2022-12-20,Other,Synthetic follow-up activity for CRM workflow testing.,2026-03-25T15:18:01Z,1,,,,
00Tmizq7ufRAV9xURQ,Review requirements,Waiting on someone else,Normal,2024-10-28,Other,Synthetic follow-up activity for CRM workflow testing.,2024-01-13T11:39:31Z,0,71taZWt3ojFBqZHATH,Opportunity,003cY6vpHkodggrI65,Contact
00T5b4e25iJ293sMR5,Review requirements,Not Started,High,2025-08-29,Email,Synthetic follow-up activity for CRM workflow testing.,2021-05-22T22:11:11Z,0,,,,
00TalgDeWblLtFQMVL,Send workshop summary,Waiting on someone else,Low,2025-12-10,Email,Synthetic follow-up activity for CRM workflow testing.,2021-10-25T08:49:21Z,0,,,003P4MTvFelGRodQ08,Contact
00T3aI8bITjMg0MU1P,Follow up,Waiting on someone else,Normal,2023-08-27,Other,Synthetic follow-up activity for CRM workflow testing.,2021-09-20T20:59:34Z,0,0068jH15h6z8GI9IK4,Opportunity,00Qc8Fc2MEoG5o2UZB,Lead
00TEi2w6kHDHiUEE6Q,Follow up,Completed,Low,2022-05-13,Other,Synthetic follow-up activity for CRM workflow testing.,2023-10-24T12:52:20Z,1,500KSkWp2Z6pyAIQPU,Case,0031ouue6VvMIHmY1K,Contact
00TRxioSxj2qBXxESP,Follow up,Completed,Low,2026-03-09,Other,Synthetic follow-up activity for CRM workflow testing.,2024-05-01T08:18:27Z,1,,,003GweaslhRRyCLI5I,Contact
00TJ1nMemt2jhCOEJ8,Review requirements,Not Started,Low,2021-05-14,Email,Synthetic follow-up activity for CRM workflow testing.,2022-12-18T08:49:41Z,0,006jN2Dw7tUsqmqQBB,Opportunity,003XbH1YbwlcchBYEO,Contact
00Tb37anIc564EfEEI,Follow up,Completed,Normal,2021-06-20,Call,Synthetic follow-up activity for CRM workflow testing.,2022-12-02T19:35:10Z,1,01tzXDuwSIeVNvXQKW,Product2,003OlXRcERc0Fn1QKQ,Contact
00TiHNolIIncQDDMFR,Prepare proposal,Deferred,High,2026-06-21,Email,Synthetic follow-up activity for CRM workflow testing.,2024-10-04T15:12:36Z,0,006pCWNQf7rGJ3NYY8,Opportunity,00QuXTnaUFZL8jn2ST,Lead
00Tl8bkiCn1lkylELL,Prepare proposal,Deferred,Normal,2023-10-06,Other,Synthetic follow-up activity for CRM workflow testing.,2021-12-08T22:38:04Z,0,706ThNDtIikLzwYIS4,Opportunity,003b0wqN0HfzPHVYA9,Contact
00Ti24KykZHcwWP26S,Follow up,In Progress,Normal,2022-05-17,Email,Synthetic follow-up activity for CRM workflow testing.,2023-11-27T05:45:42Z,0,7017OD7USLqvwTSQ40,Campaign,003FH7fLXLiKc8oQPL,Contact
00TE3gPFzHoCoC6MJG,Send workshop summary,Waiting on someone else,Low,2026-04-02,Call,Synthetic follow-up activity for CRM workflow testing.,2021-07-28T22:55:59Z,0,500thXmztRDfqhQIDZ,Case,00Q9NmRxtQfEG6p9MB,Lead
00TmbgygJELgcUvMIZ,Review requirements,Not Started,Normal,2025-02-04,Email,Synthetic follow-up activity for CRM workflow testing.,2022-11-04T18:13:59Z,0,500PHkPj5bCX2RXAT6,Case,00QLFFMWpaLIki9U88,Lead
00T66X9Np1Di0IQ27M,Review requirements,In Progress,Normal,2021-02-22,Call,Synthetic follow-up activity for CRM workflow testing.,2023-10-27T05:29:31Z,0,02iaStk5Txsv6SlQ07,Asset,00QLAaYNDYbJtRQM8R,Lead
00TAdL0WKY86c9bMJ1,Review requirements,Waiting on someone else,Low,2024-06-15,Call,Synthetic follow-up activity for CRM workflow testing.,2022-04-01T20:29:37Z,0,026xiH3u9M75ou6IW2,Opportunity,,
00TvE2V4oe4IIA52P4,Review requirements,Not Started,High,2022-09-18,Email,Synthetic follow-up activity for CRM workflow testing.,2022-02-08T03:45:30Z,0,706mPS2KercmP4aQW9,Opportunity,003XjSGqmjbqgdEIPG,Contact
00T6N30ZIfgt0rJ2K4,Review requirements,Deferred,Normal,2022-02-21,Other,Synthetic follow-up activity for CRM workflow testing.,2023-03-23T00:50:30Z,0,001PygtS3FHgKj8Q8G,Account,003OZDLPzTkmS9yYFU,Contact
00TAgK9MF0SzXZ527Y,Send workshop summary,Waiting on someone else,High,2021-10-29,Other,Synthetic follow-up activity for CRM workflow testing.,2021-01-29T20:55:53Z,0,500XPEADVnUVNoJIXS,Case,003Opp7EzYrmGuJICT,Contact
00TFoUwIHca9PjAMW0,Send workshop summary,Deferred,High,2022-06-23,Other,Synthetic follow-up activity for CRM workflow testing.,2024-07-25T18:16:36Z,0,500wrP3FKWu1E6MYGA,Case,0033MLwhB5do4U0ITM,Contact
00TMLgd85g2gNzNU2S,Send workshop summary,Deferred,Low,2026-05-14,Call,Synthetic follow-up activity for CRM workflow testing.,2022-04-07T20:35:58Z,0,006X3pcjRcV8adCAO1,Opportunity,0033wDEOI23iGYZAMA,Contact
00TvujRxIN3rX0sEAE,Send workshop summary,Deferred,High,2023-01-04,Call,Synthetic follow-up activity for CRM workflow testing.,2026-02-25T15:14:12Z,0,500lh6xubYwms8cIH5,Case,003GdAWYE90Z1GMIR7,Contact
00T0oG7UQk8OvryMCI,Review requirements,Waiting on someone else,Low,2023-04-26,Other,Synthetic follow-up activity for CRM workflow testing.,2024-11-06T07:54:21Z,0,500npyDXoXCVvMGIW4,Case,00QGlvB1zHkUitmUVJ,Lead
00TuXGxdkDlJ5Wt2KW,Send workshop summary,Waiting on someone else,High,2022-12-12,Other,Synthetic follow-up activity for CRM workflow testing.,2025-01-27T09:43:38Z,0,02inkpqrLii5625YWS,Asset,,
00TvtumAPDGAZkYUDC,Prepare proposal,Deferred,Low,2021-05-22,Email,Synthetic follow-up activity for CRM workflow testing.,2021-01-19T23:15:53Z,0,001b6YbqymKD3ZDA0A,Account,003eYKBdQULHzTsAGR,Contact
00Tx7Mc7G3MJhlxU4P,Prepare proposal,Deferred,High,2022-06-21,Other,Synthetic follow-up activity for CRM workflow testing.,2024-05-07T05:38:05Z,0,,,,
00Thshn56DDeyzxMKP,Follow up,Not Started,Normal,2023-02-24,Other,Synthetic follow-up activity for CRM workflow testing.,2023-09-02T10:51:04Z,0,006Y1Mvf6qcOjkhILA,Opportunity,003TjBUAQhuDTFpYUE,Contact
00TwHz5tUp6f1c5M1B,Prepare proposal,Deferred,Normal,2023-06-24,Email,Synthetic follow-up activity for CRM workflow testing.,2022-01-02T18:19:47Z,0,006MqvQY1t1liwuIRM,Opportunity,,
00TtNhcEcAgS7reEHR,Review requirements,Not Started,High,2024-03-04,Email,Synthetic follow-up activity for CRM workflow testing.,2024-02-06T17:32:16Z,0,801bzdDNaZJ3ub7AQV,Order,003x5swQIbocmF6Q6R,Contact
00TATPbiyXx2I70ULF,Review requirements,Completed,Normal,2021-07-25,Email,Synthetic follow-up activity for CRM workflow testing.,2021-03-04T21:49:46Z,1,001jKBzUVUKDjFLYTU,Account,003BFSmgmXsM1wDQUO,Contact
00TWeiVbg3lBuhO2YI,Prepare proposal,Deferred,Low,2021-07-05,Email,Synthetic follow-up activity for CRM workflow testing.,2022-01-21T17:08:16Z,0,701baEWnGlBqdzhA9Z,Campaign,003hHNPTLKBHbAAYH3,Contact
00T3ac0m2SbwYvNMGJ,Follow up,Not Started,Normal,2025-10-23,Call,Synthetic follow-up activity for CRM workflow testing.,2026-01-14T12:22:50Z,0,006y2sZomStbAjEI3Q,Opportunity,0034zSxLgVmoVOHI64,Contact
00TDho8pnoqmkAIEYY,Follow up,Deferred,Normal,2021-12-07,Call,Synthetic follow-up activity for CRM workflow testing.,2022-11-11T02:07:36Z,0,,,00QIKnKhfqdGjLGMS0,Lead
00T5vxbvVeWoOcSMOB,Review requirements,Completed,Normal,2023-08-03,Email,Synthetic follow-up activity for CRM workflow testing.,2025-01-27T09:50:47Z,1,001yU1qilS2HtnNQUW,Account,003sl6OvCXMcsqyYYL,Contact
00TRfDVj4EjBzIQUJ0,Prepare proposal,Not Started,High,2022-10-09,Call,Synthetic follow-up activity for CRM workflow testing.,2025-02-02T15:38:15Z,0,00isjDp7DggNzxqQ1K,Opportunity,00394wQRWKSVri5I25,Contact
00TAO0Dw1BwUfwKUIW,Send workshop summary,Waiting on someone else,Low,2025-10-05,Other,Synthetic follow-up activity for CRM workflow testing.,2026-03-13T21:19:21Z,0,500nG2Kvog4SWfQQ8Y,Case,003Po8fzH5EDEzmQWJ,Contact
00TuImkPl8gy0QzUJY,Prepare proposal,Waiting on someone else,High,2022-05-21,Email,Synthetic follow-up activity for CRM workflow testing.,2022-11-19T23:06:41Z,0,001FzQ1Vu9hM4AsIVS,Account,003Rn5IzNrgNB1jAWL,Contact
00TdsIYsoDXKnSU2F4,Prepare proposal,Completed,Normal,2025-10-03,Call,Synthetic follow-up activity for CRM workflow testing.,2021-08-12T17:44:26Z,1,5009XLnXFS2Uo21IBL,Case,00Qvi3k04gyPEw0ENI,Lead
00TNUKOOKafatBkMZU,Follow up,In Progress,High,2025-08-18,Call,Synthetic follow-up activity for CRM workflow testing.,2022-05-03T16:28:09Z,0,80ig0h44cCZ9guhILV,Opportunity,003eActERmhnk8VIOQ,Contact
00To6WCKQ761WW3U5Z,Review requirements,Not Started,High,2025-06-14,Other,Synthetic follow-up activity for CRM workflow testing.,2023-07-24T21:53:33Z,0,500r3PQvJ0ssdUeAQ7,Case,003nnVXCjUR28ayQTF,Contact
00TKC2cRoR6kI0oMKH,Follow up,In Progress,Normal,2023-01-28,Email,Synthetic follow-up activity for CRM workflow testing.,2023-04-26T03:13:25Z,0,500wrP3FKWu1E6MYGA,Case,003WD8PWGAbenHRAM0,Contact
00T3i7nutpHUfaH2Q5,Review requirements,Deferred,Normal,2025-11-16,Email,Synthetic follow-up activity for CRM workflow testing.,2022-07-27T11:44:43Z,0,500YB0gdtVQmh9xYLE,Case,003s4EbxYNRHqPbQ0W,Contact
00TlUNn4vStZ781MP9,Send workshop summary,Not Started,Low,2021-12-23,Call,Synthetic follow-up activity for CRM workflow testing.,2023-09-11T17:04:08Z,0,500V0KgXGy0TI9QQCO,Case,003GweaslhRRyCLI5I,Contact
00TZXJzC9bQPaDz2SP,Prepare proposal,Deferred,Low,2026-03-09,Email,Synthetic follow-up activity for CRM workflow testing.,2024-07-18T19:32:37Z,0,0018wiQDxKxpFvLYGU,Account,003FlAerSxK87n1YYX,Contact
00TG9RT4jReMKcxMN9,Review requirements,Not Started,High,2026-03-18,Email,Synthetic follow-up activity for CRM workflow testing.,2024-03-15T12:24:51Z,0,80ig0h44cCZ9guhILV,Opportunity,0036bmqoQnfpwNgQ2A,Contact
00TVpvh5fkgSGuJUJH,Send workshop summary,Waiting on someone else,Normal,2024-06-28,Other,Synthetic follow-up activity for CRM workflow testing.,2021-09-12T06:39:57Z,0,,,,
00ToJkSQkuBSPt6EHQ,Send workshop summary,Completed,Normal,2022-01-22,Call,Synthetic follow-up activity for CRM workflow testing.,2023-07-10T02:27:11Z,1,02iosG5N7aTyygtYEQ,Asset,003f49vfpd9cSwXA6F,Contact
00TPs4Ff1EGXNBT28T,Follow up,Completed,Normal,2025-03-29,Other,Synthetic follow-up activity for CRM workflow testing.,2023-07-23T23:59:33Z,1,001g2MhymLdN59YQJG,Account,,
00T4sxeocIitUzK2WE,Review requirements,Deferred,Normal,2026-04-22,Call,Synthetic follow-up activity for CRM workflow testing.,2022-11-25T07:47:36Z,0,500Z721fQl3q6HcAHX,Case,00Q5OOaiMlRge6EEA6,Lead
00Tz3dVNEnlC0ZTMB4,Review requirements,Not Started,Low,2022-11-06,Email,Synthetic follow-up activity for CRM workflow testing.,2023-07-07T17:42:51Z,0,001mC8KS3W25A4qI66,Account,003jtuSlBItisArQER,Contact
00TibGe44x4JjDfMON,Send workshop summary,Completed,Low,2024-05-29,Call,Synthetic follow-up activity for CRM workflow testing.,2023-01-10T20:00:43Z,1,001gn26KfjMg4ZII8J,Account,,
00TVxccPNGCLJeA2SC,Follow up,Completed,Low,2021-06-07,Other,Synthetic follow-up activity for CRM workflow testing.,2025-11-29T08:19:57Z,1,001SDonDyKHRDRwYPS,Account,003YW7qNL2RKjOqYCD,Contact
00TeuDSBMTPrWN2UX7,Prepare proposal,Deferred,High,2022-10-09,Other,Synthetic follow-up activity for CRM workflow testing.,2022-03-14T16:05:11Z,0,001RGWydjko0QMRY5C,Account,0031mTVRNXQYf2KQP9,Contact
00T9SC7JwKRoF5nEPA,Review requirements,Deferred,Low,2026-01-06,Email,Synthetic follow-up activity for CRM workflow testing.,2022-12-09T09:45:57Z,0,006wp0dTmUwCRKjYTY,Opportunity,003A5vqtN4Vl7EPIM5,Contact
00Twvr491pKY3FzUYE,Send workshop summary,Waiting on someone else,Normal,2024-07-05,Call,Synthetic follow-up activity for CRM workflow testing.,2026-06-24T05:31:33Z,0,001bEjr0cyFC7SBAXL,Account,00378FREBNFG2GrIA7,Contact
00TLeHm7OD9sMOd2AX,Prepare proposal,Waiting on someone else,High,2021-07-21,Call,Synthetic follow-up activity for CRM workflow testing.,2025-02-14T06:38:06Z,0,8168uwBtDwPU4BxQ5U,Opportunity,,
00TCTypvguPQcQJ2AC,Send workshop summary,Waiting on someone else,Low,2024-06-08,Call,Synthetic follow-up activity for CRM workflow testing.,2023-04-14T08:42:31Z,0,500NWLWinePT09IAYU,Case,003qK42NKkhUdqCYID,Contact
00T6DoLfxfafLbF2CB,Prepare proposal,In Progress,High,2023-06-23,Other,Synthetic follow-up activity for CRM workflow testing.,2025-04-20T05:25:59Z,0,701DNuvDGEm4hghY4U,Campaign,003PL78eCf0J4yUI26,Contact
00TExOSjumDNJF5U75,Review requirements,Not Started,High,2021-06-24,Call,Synthetic follow-up activity for CRM workflow testing.,2022-10-08T15:26:40Z,0,500fgCCsu6Vp8eYA27,Case,,
00TRAoqq4NhhbLmE82,Follow up,In Progress,High,2021-11-06,Other,Synthetic follow-up activity for CRM workflow testing.,2025-08-21T18:37:06Z,0,001tvKQbYklnB9tY2P,Account,003MhRwdKWCgfJ2Q47,Contact
00T9KfaPb7RDIth29W,Review requirements,In Progress,Low,2024-12-10,Call,Synthetic follow-up activity for CRM workflow testing.,2022-04-23T21:15:40Z,0,500Kb5rfMj62v5uQSH,Case,003LLMi7KHedKFpYTU,Contact
00T3ginwaEdvky6ENQ,Review requirements,Completed,Normal,2024-07-03,Call,Synthetic follow-up activity for CRM workflow testing.,2022-11-30T16:21:56Z,1,500F5hWHbNZAQMAIDL,Case,003OTMP0M0wQz2IYJ7,Contact
00TJXKHdlOn4sVmE89,Review requirements,Waiting on someone else,Normal,2022-09-16,Email,Synthetic follow-up activity for CRM workflow testing.,2026-03-05T16:57:38Z,0,02i2K3U7r9CufyZQUK,Asset,003RFA3C5PZtjYrIEF,Contact
00TrR8lZJb5dZAlELU,Send workshop summary,Completed,High,2025-04-16,Email,Synthetic follow-up activity for CRM workflow testing.,2021-05-11T02:13:12Z,1,02ikSKacvhsxO1BAFO,Asset,00QxdrsVto89d7Q21X,Lead
00TBCrVI83KvrloMW9,Review requirements,In Progress,High,2024-10-25,Call,Synthetic follow-up activity for CRM workflow testing.,2024-05-12T04:51:23Z,0,0015Cr2vcIsO2EGY08,Account,003Mo2pbJ8lREz8I4C,Contact
00TZoEAY2DJAZQp2EI,Review requirements,Completed,High,2021-03-31,Email,Synthetic follow-up activity for CRM workflow testing.,2026-05-17T23:41:20Z,1,01tdZ9S6FdDot0OA01,Product2,003e9SO55KcgAKPQ5C,Contact
00TPGg2NmrTruiN2SH,Send workshop summary,Waiting on someone else,Normal,2021-06-12,Other,Synthetic follow-up activity for CRM workflow testing.,2025-07-08T20:06:15Z,0,810ts46fmKDZIW9Y0M,Opportunity,003VDpvTs8k4wU8Q5V,Contact
00T1IgHqVbxMTQTMTQ,Send workshop summary,Not Started,High,2025-04-28,Other,Synthetic follow-up activity for CRM workflow testing.,2026-02-03T01:07:45Z,0,001yU1qilS2HtnNQUW,Account,,
00Tl26xFvECB0M2UIH,Prepare proposal,Waiting on someone else,High,2024-12-12,Call,Synthetic follow-up activity for CRM workflow testing.,2025-12-18T03:34:40Z,0,0012n9SIy3FafTfYR5,Account,003dV7hH70niauTQ84,Contact
00Ti12PkK5Kg6Ky2A1,Review requirements,In Progress,High,2022-05-16,Call,Synthetic follow-up activity for CRM workflow testing.,2022-07-20T00:58:27Z,0,500wrP3FKWu1E6MYGA,Case,003PqbGzdOWzt2KAYH,Contact
00TWFJLAYkYKBjzUFX,Prepare proposal,Waiting on someone else,Low,2021-04-04,Other,Synthetic follow-up activity for CRM workflow testing.,2022-06-21T04:17:21Z,0,001kNqWPjavmloHAZ4,Account,,
00TBdY8i0VIsM8UUCR,Review requirements,Not Started,Low,2026-09-13,Other,Synthetic follow-up activity for CRM workflow testing.,2026-02-05T05:04:39Z,0,,,,
00TVtB2fBAIvnXaUFN,Follow up,In Progress,High,2023-02-20,Other,Synthetic follow-up activity for CRM workflow testing.,2023-02-14T02:00:58Z,0,006qYgHdEjOWzxkY14,Opportunity,003gGTRmmL5eT6AQJR,Contact
00TNuAh9MmQfIOC2Z9,Prepare proposal,Completed,Low,2021-06-04,Email,Synthetic follow-up activity for CRM workflow testing.,2023-03-01T04:31:44Z,1,500bhkxDOvAdKVOYAL,Case,003SSAgSVe7BHknAZP,Contact
00TQfhDZ9K8gr4dE5S,Review requirements,In Progress,High,2024-08-22,Email,Synthetic follow-up activity for CRM workflow testing.,2025-12-02T10:07:36Z,0,001LW8OXe6IEB5RAZR,Account,003YF00aMIjSewVQZQ,Contact
00TYkoO34GSXIHREDS,Prepare proposal,Completed,Low,2023-11-03,Other,Synthetic follow-up activity for CRM workflow testing.,2024-03-20T05:49:15Z,1,500T9S5EC3IIjFCAKF,Case,0031mmXWm0C47qiIP5,Contact
00TX04RBUdCZERm2RR,Follow up,In Progress,Normal,2023-10-26,Call,Synthetic follow-up activity for CRM workflow testing.,2023-09-14T13:23:10Z,0,500P67xIKZ1JdIXQB0,Case,,
00TGxPGNf925TsTESB,Prepare proposal,Waiting on someone else,High,2023-07-15,Call,Synthetic follow-up activity for CRM workflow testing.,2022-11-25T02:25:45Z,0,51iOCTKsAi3opKsYHX,Opportunity,003VZgg2JnsRE6JIPN,Contact
00TNQSHsKWo4r4c20P,Send workshop summary,Deferred,Normal,2021-06-02,Email,Synthetic follow-up activity for CRM workflow testing.,2025-12-25T23:12:18Z,0,500Au5QZtHKKVq2Y6P,Case,,
00T2yTtTjRmah73MTE,Review requirements,Waiting on someone else,High,2025-01-01,Call,Synthetic follow-up activity for CRM workflow testing.,2025-09-25T16:53:34Z,0,701i2j2Ro2oGSq7QE2,Campaign,00Qle4KERHJYU7nEMA,Lead
00TiLDqfL6jZBmj23A,Send workshop summary,Not Started,High,2025-11-01,Other,Synthetic follow-up activity for CRM workflow testing.,2024-08-11T23:59:15Z,0,02iPiAE8gcmXNC5QEK,Asset,003rtUMibap5lyBYSD,Contact
00TGd3FAHwgqnb2MKV,Prepare proposal,Completed,Normal,2026-03-25,Call,Synthetic follow-up activity for CRM workflow testing.,2025-05-16T09:40:39Z,1,801EhF9fQZLu5e9IIC,Order,003mndjN59quZqZITR,Contact
00TM0zzHJjRXV9z2H8,Review requirements,Waiting on someone else,Normal,2022-08-31,Email,Synthetic follow-up activity for CRM workflow testing.,2021-12-22T08:38:57Z,0,0015Cr2vcIsO2EGY08,Account,0030sKrr59bnBWGQWV,Contact
00TP5nB3Z7biRSU2UK,Review requirements,Not Started,Low,2023-05-19,Other,Synthetic follow-up activity for CRM workflow testing.,2025-10-06T02:56:27Z,0,02iL9OLlBupAfR2I3M,Asset,003PcLfD8joXRqdQ17,Contact
00TroyWsSybuTQr2SZ,Review requirements,Not Started,High,2021-12-02,Call,Synthetic follow-up activity for CRM workflow testing.,2022-11-23T21:58:50Z,0,800C2yxkO8960MaY0P,Contract,0031SWb0wrPigO0ACL,Contact
00TrvRYXWdpmmz7UKJ,Review requirements,Not Started,Normal,2021-08-01,Other,Synthetic follow-up activity for CRM workflow testing.,2023-06-16T00:35:46Z,0,,,,
00TOSVeSaa7x0LSERV,Prepare proposal,In Progress,Low,2023-12-17,Email,Synthetic follow-up activity for CRM workflow testing.,2022-01-16T03:41:36Z,0,511LnspktJO7jRfYPJ,Opportunity,,
00T5yvgpFzuUnUF2G8,Prepare proposal,Completed,Low,2023-11-01,Other,Synthetic follow-up activity for CRM workflow testing.,2022-06-29T11:50:35Z,1,,,00302pKvuwVGg8hYLK,Contact
00ThMzXdQupADlPM3W,Follow up,Not Started,Low,2023-04-06,Email,Synthetic follow-up activity for CRM workflow testing.,2023-03-30T01:26:25Z,0,00175Cmy8DqQrAKINI,Account,003ljgE2o5CJoOEI7M,Contact
00T92vOzcLhORKRM57,Review requirements,Not Started,Normal,2025-08-21,Call,Synthetic follow-up activity for CRM workflow testing.,2025-10-01T15:46:45Z,0,500MA39xoeoWTMnY6I,Case,003lcwQRxprZpYMA25,Contact
00Td9cfq8EPL18v2HY,Send workshop summary,Deferred,Normal,2024-09-09,Other,Synthetic follow-up activity for CRM workflow testing.,2024-01-29T07:26:27Z,0,001lUr971GtA6wXYCT,Account,,
00TUCx13FC9G032M6U,Prepare proposal,In Progress,Low,2023-06-22,Call,Synthetic follow-up activity for CRM workflow testing.,2023-06-10T20:01:55Z,0,02iN0SSdSDCXeI5ANS,Asset,,
00TSxS3qxELTdoyM1Z,Prepare proposal,In Progress,Low,2021-10-12,Other,Synthetic follow-up activity for CRM workflow testing.,2022-06-02T21:51:05Z,0,001GikJVQQYFMgSI6M,Account,003Mq3yB1QMrWPSAUJ,Contact
00TR9KbrXR2Qw1RUOG,Follow up,Waiting on someone else,Normal,2024-06-08,Call,Synthetic follow-up activity for CRM workflow testing.,2021-03-14T17:40:03Z,0,,,00QyjUvqYFsdY1zWSC,Lead
00T1vNJfdXmYsEgU7X,Review requirements,Completed,High,2021-06-23,Email,Synthetic follow-up activity for CRM workflow testing.,2022-02-14T10:36:51Z,1,02id1V7jO2wqwyqQLV,Asset,003Hy2nThrssNl4YZ3,Contact
00TsKgtMNE7DVysMIC,Review requirements,Not Started,Normal,2024-04-18,Other,Synthetic follow-up activity for CRM workflow testing.,2022-02-26T12:03:30Z,0,001Y7WfxpecwwzUQ8R,Account,,
00TnXFQL0c9RfvTULX,Send workshop summary,Waiting on someone else,High,2022-06-15,Call,Synthetic follow-up activity for CRM workflow testing.,2025-06-11T02:35:26Z,0,001j6nRokzRlCs1Y07,Account,00QSKfG460Z1VgP2O4,Lead
00TLLNL9FvtfxFPUK1,Review requirements,Completed,High,2024-04-12,Other,Synthetic follow-up activity for CRM workflow testing.,2023-02-06T09:33:25Z,1,001CXiPlYrfwSgoQU2,Account,003DguSTXMnFhemYKP,Contact
00T0b0vAThllrpHUTK,Follow up,Not Started,Normal,2024-08-12,Call,Synthetic follow-up activity for CRM workflow testing.,2024-09-15T09:06:44Z,0,001qjNM8E6bbhfTQD0,Account,003u2f5oGPzB7zdA0X,Contact
00TPyfkFwEthmuwUPW,Review requirements,Deferred,Normal,2021-12-07,Email,Synthetic follow-up activity for CRM workflow testing.,2023-03-18T18:46:19Z,0,001ll0htSxmTlUFAHW,Account,003jPwvRLumV25vQ5Y,Contact
00TN8SUR805PjAe2BG,Follow up,Completed,Low,2021-07-21,Call,Synthetic follow-up activity for CRM workflow testing.,2025-03-17T21:36:31Z,1,701QvNzI8kZyr86YGN,Campaign,003OeYdS2JreqvUACI,Contact
00TUU3Fa6zF0WrAEE4,Send workshop summary,In Progress,Normal,2022-10-17,Email,Synthetic follow-up activity for CRM workflow testing.,2021-07-07T18:03:41Z,0,010EQOFvjlpqXRWYF9,Opportunity,003dHank2PqtZ4pI8H,Contact
00TOE8ZNJFVz7pvU91,Review requirements,Waiting on someone else,High,2022-12-21,Call,Synthetic follow-up activity for CRM workflow testing.,2026-02-05T06:42:08Z,0,02iQNmc6WIQxCFWAZV,Asset,003IoCtpdAf1sHyQPE,Contact
00TKhA6Inby4beTE60,Send workshop summary,Deferred,Normal,2026-01-27,Email,Synthetic follow-up activity for CRM workflow testing.,2022-09-16T19:41:54Z,0,500dsU0egHvGCmjYEW,Case,003ZPGB8XLIst9AA3J,Contact
00Tv8b0syXEnm7JURT,Prepare proposal,Not Started,High,2025-01-18,Email,Synthetic follow-up activity for CRM workflow testing.,2022-01-27T06:35:25Z,0,,,0031mbrTwc96BskYOY,Contact
00TuDVvPX4cb10IUTS,Review requirements,Deferred,Normal,2022-04-26,Email,Synthetic follow-up activity for CRM workflow testing.,2023-01-03T09:47:43Z,0,500xH6PMRxNjCeUQE0,Case,003nq2wdHMWRCBZI0X,Contact
00TPjw6pxYBLmOoU6T,Follow up,Deferred,High,2021-12-06,Other,Synthetic follow-up activity for CRM workflow testing.,2026-02-01T11:16:18Z,0,01tD1mF9ntG1JYcYGZ,Opportunity,,
00TXrUf1Jhetey72MF,Send workshop summary,Waiting on someone else,Normal,2026-04-03,Other,Synthetic follow-up activity for CRM workflow testing.,2024-04-14T22:22:20Z,0,001iIp10CH2rdjrQCH,Account,003J4yyOE9K0GkNQ30,Contact
00TmV4x08bvg2AXEXA,Prepare proposal,In Progress,Normal,2025-05-10,Other,Synthetic follow-up activity for CRM workflow testing.,2021-10-29T17:42:32Z,0,02iuJ0rKImAbSMdI1D,Asset,003sSslBwo3YQeYYLF,Contact
00TlJ16kvwgPfgpU6V,Follow up,Waiting on someone else,Low,2024-11-06,Email,Synthetic follow-up activity for CRM workflow testing.,2021-11-13T14:42:34Z,0,001gKEIo3A4yzmLATH,Account,0034zSxLgVmoVOHI64,Contact
00TkShCNauiN4sW23X,Prepare proposal,Deferred,Low,2023-11-15,Other,Synthetic follow-up activity for CRM workflow testing.,2023-08-03T00:57:38Z,0,,,003Z9T6FmQw8X0gQT4,Contact
00T0wKScGtvkBS0MX7,Prepare proposal,Not Started,Normal,2021-03-20,Call,Synthetic follow-up activity for CRM workflow testing.,2023-03-24T02:29:12Z,0,500yiwCKxznvfsMY48,Case,003i57e7W8oxp9QYYL,Contact
00TvhXFwPzRdzyzM78,Prepare proposal,Not Started,High,2024-02-02,Other,Synthetic follow-up activity for CRM workflow testing.,2023-01-13T02:25:59Z,0,001U2E3Mrt3KZlKQE7,Account,0037NqTBwWjr1kjA00,Contact
00TFumAcRWxPVI3M6V,Send workshop summary,In Progress,Low,2024-02-05,Call,Synthetic follow-up activity for CRM workflow testing.,2022-06-14T16:08:49Z,0,800v3EwPk1iwoKsAXF,Contract,003XwlOCCmKzlaJARA,Contact
00TwzD4d6YhSBkTU87,Send workshop summary,Not Started,Normal,2023-05-24,Call,Synthetic follow-up activity for CRM workflow testing.,2021-08-09T17:02:03Z,0,5113O7OhVyVpRRPISJ,Opportunity,003WzLfPfvskzvPQNP,Contact
00TMonoSmjXswel2SN,Review requirements,Completed,Normal,2023-10-04,Email,Synthetic follow-up activity for CRM workflow testing.,2024-11-26T12:00:24Z,1,,,0037J2EATpSjnO5IMQ,Contact
00T1AvfC9abs4W8E2H,Send workshop summary,Waiting on someone else,Low,2023-02-21,Call,Synthetic follow-up activity for CRM workflow testing.,2022-10-05T00:35:28Z,0,001I5KBo2Mtskg9I6K,Account,00QHfqbzuJhpl81MB9,Lead
00T27QXi5mrnlu8EI9,Send workshop summary,Waiting on someone else,Normal,2024-01-07,Email,Synthetic follow-up activity for CRM workflow testing.,2022-04-14T08:43:41Z,0,810m3Fxlapz7LJhI0X,Opportunity,003XfSezXjrwOTzIKG,Contact
00TLqUgeizUDQhrMX8,Send workshop summary,Deferred,Normal,2026-03-21,Other,Synthetic follow-up activity for CRM workflow testing.,2026-03-30T01:51:10Z,0,500qHQiMMzPNqAXQI9,Case,003V70LfPwIXz1sII8,Contact
00TczyMnEn5KdI9U6X,Send workshop summary,Waiting on someone else,Low,2022-07-04,Other,Synthetic follow-up activity for CRM workflow testing.,2024-03-08T23:23:41Z,0,001ax6fYCGAkn42YO7,Account,00308VEAr9FPYWAQP1,Contact
00TCR6BXDwHOeNh2IB,Review requirements,Waiting on someone else,Low,2023-06-06,Call,Synthetic follow-up activity for CRM workflow testing.,2021-05-18T09:00:35Z,0,5003KIU7PyImBcqYF4,Case,003rtUMibap5lyBYSD,Contact
00Thl3xQt8RvENmU43,Review requirements,Completed,Low,2026-01-18,Other,Synthetic follow-up activity for CRM workflow testing.,2021-04-30T14:08:54Z,1,80ig0h44cCZ9guhILV,Opportunity,003nOc6qmSvFg4kIR4,Contact
00TtMMJ3s8SsppdU9H,Send workshop summary,Waiting on someone else,Normal,2021-11-15,Other,Synthetic follow-up activity for CRM workflow testing.,2025-10-02T05:41:56Z,0,02i26XHZEhfBUGzY2K,Asset,003KdEWrbm0QdXf977,Lead
00Tfi63w45CVofrESA,Prepare proposal,Completed,Normal,2022-07-29,Email,Synthetic follow-up activity for CRM workflow testing.,2023-05-12T09:01:31Z,1,511w8cezRLEfON7I12,Order,003ftagqbM4Nr19AO0,Contact
00TPBxtKOIibYYN2W1,Prepare proposal,In Progress,Low,2023-05-28,Call,Synthetic follow-up activity for CRM workflow testing.,2025-07-09T16:54:14Z,0,500jvMgLSOwcSO6APC,Case,003nJ2vEYsQQk0IQVH,Contact
00T6YgerOw9KjyJ2XG,Follow up,Not Started,High,2023-07-18,Other,Synthetic follow-up activity for CRM workflow testing.,2025-10-26T13:19:51Z,0,001KInyPfEAkhgcQEO,Account,003SxML7rauaYULISE,Contact
00TdBg1qWBvcAgiUHV,Send workshop summary,Deferred,Low,2026-02-25,Call,Synthetic follow-up activity for CRM workflow testing.,2026-03-01T14:33:06Z,0,516T1jyYjH3KRCII9F,Opportunity,003WYrxIg3vAyEnAW2,Contact
00TC63nkNqarZOnEKI,Send workshop summary,In Progress,Normal,2024-05-08,Call,Synthetic follow-up activity for CRM workflow testing.,2023-03-24T07:43:00Z,0,011JxfixcCLvwAjYHP,Opportunity,0038KoaB9nxZsSwIJL,Contact
00TIZ3ZwkKFKljfEXR,Send workshop summary,Not Started,High,2023-04-19,Email,Synthetic follow-up activity for CRM workflow testing.,2021-05-17T07:32:12Z,0,500Ei25eFGDp8yEAY1,Case,00QiyUOaZwDzETNWGT,Lead
00TKuvQAYtLWBsj2EW,Follow up,Completed,High,2024-03-12,Email,Synthetic follow-up activity for CRM workflow testing.,2021-02-12T11:40:58Z,1,006MpWBGoNhmLKWYMH,Opportunity,003T3d2WiwNdnVdQCD,Contact
00TWt9v6YlfHHrgMP2,Review requirements,Deferred,High,2023-10-27,Call,Synthetic follow-up activity for CRM workflow testing.,2022-11-16T17:09:54Z,0,001h3qGmTCLTLLkQZJ,Account,003BTiZ59S3GTDuQID,Contact
00T9HMai8qcyLLwEP1,Send workshop summary,Not Started,Normal,2025-04-24,Other,Synthetic follow-up activity for CRM workflow testing.,2022-06-04T15:08:38Z,0,,,003uqaPRAYt8PdlQOW,Contact
00TgCQITSfZSPMkUYX,Follow up,Completed,High,2023-03-16,Call,Synthetic follow-up activity for CRM workflow testing.,2024-03-04T17:52:21Z,1,001ckBA83DHLBWZQQX,Account,00Qpq3S5LbWHdpbU3A,Lead
00TuAKBMYMVV2tRUY4,Follow up,In Progress,High,2022-08-28,Other,Synthetic follow-up activity for CRM workflow testing.,2025-03-31T16:16:10Z,0,02iIngCmPEzFxc0Y9T,Asset,,
00TgLujvZlN6lIkU4P,Follow up,Not Started,High,2025-10-05,Other,Synthetic follow-up activity for CRM workflow testing.,2022-12-02T21:37:57Z,0,001NlUpPvRS2wnzIYM,Account,003B1KkPXByFmUdI6V,Contact
00TwsGetmeKGUN52U6,Prepare proposal,Deferred,Low,2021-02-20,Email,Synthetic follow-up activity for CRM workflow testing.,2026-04-26T06:13:15Z,0,,,003exjZxGsG3qs1YQ1,Contact
00Tli3km3xBFCodMPX,Prepare proposal,Completed,High,2021-08-30,Call,Synthetic follow-up activity for CRM workflow testing.,2022-02-25T17:16:24Z,1,01i4IMardk5sqj4AS0,Opportunity,00308aR2Ghbld2lQJO,Contact
00T1vbhTRhYJbtqEV4,Send workshop summary,Waiting on someone else,Low,2021-07-27,Call,Synthetic follow-up activity for CRM workflow testing.,2022-01-20T04:05:33Z,0,,,003BskLh21cVrRtYUX,Contact
00TcF7PpB5JWsBDU9C,Review requirements,Completed,Low,2023-06-11,Email,Synthetic follow-up activity for CRM workflow testing.,2024-07-04T22:12:20Z,1,500LOiNRGIhMk5AIVQ,Case,003xx93G3HdGJQbIZE,Contact
00TTVLNO9YdSAMJMB4,Review requirements,Waiting on someone else,Low,2021-12-10,Other,Synthetic follow-up activity for CRM workflow testing.,2022-12-16T08:54:37Z,0,710o83hvzN5Li6qYSI,Opportunity,0031crtlbZFTq9oYI5,Contact
00Tjo0dEddlK9dGUEF,Follow up,Completed,Normal,2022-09-24,Other,Synthetic follow-up activity for CRM workflow testing.,2024-11-22T12:21:32Z,1,001MMbrZQQUkCyfI5Q,Account,00QEyT25ktvjPgtEJ3,Lead
00TluhcOkIBn1xqMNV,Review requirements,In Progress,High,2022-02-19,Other,Synthetic follow-up activity for CRM workflow testing.,2023-10-29T04:46:14Z,0,500h9P3mlO6anEqAP9,Case,003nDBQCPPUVyeOA76,Contact
00TPS1c3cDt4T3lULZ,Send workshop summary,Completed,High,2025-07-11,Call,Synthetic follow-up activity for CRM workflow testing.,2023-11-24T09:15:01Z,1,816OkDXbVyllg8hYUU,Opportunity,003MgDBGEmPiwO2IRE,Contact
00TjigWDwQ8vGxfEW7,Send workshop summary,Not Started,High,2024-11-16,Call,Synthetic follow-up activity for CRM workflow testing.,2023-01-25T18:39:12Z,0,500cPrF5ywFtjUMINT,Case,003zoXe7FbPdXtfACG,Contact
00TV2VU8tgwXecHENB,Prepare proposal,Waiting on someone else,High,2025-04-01,Email,Synthetic follow-up activity for CRM workflow testing.,2025-02-13T17:11:37Z,0,81ifOLG1ra92UnlQ70,Opportunity,003g1jXJmFJ4W6mASA,Contact
00T2EG4R8sF2Y2hEVE,Review requirements,Not Started,Normal,2023-02-28,Call,Synthetic follow-up activity for CRM workflow testing.,2025-02-05T22:59:57Z,0,,,00QMi0L7f0xGUilEJK,Lead
00TVj0owUokCkncEK2,Follow up,Not Started,Normal,2026-05-14,Other,Synthetic follow-up activity for CRM workflow testing.,2022-03-03T08:08:23Z,0,,,003UX1oByehqzC6YKY,Contact
00TTse9XbMFCwt6EBW,Review requirements,Completed,High,2023-04-24,Other,Synthetic follow-up activity for CRM workflow testing.,2021-10-03T13:03:28Z,1,816NH1Uknj79qGbQHV,Opportunity,003GweaslhRRyCLI5I,Contact
00TezDUuvOcVn8mEAZ,Follow up,In Progress,High,2023-10-16,Other,Synthetic follow-up activity for CRM workflow testing.,2022-03-26T01:12:05Z,0,500wrP3FKWu1E6MYGA,Case,,
00TXTfhL2ly5BaAU3O,Prepare proposal,Completed,High,2021-04-16,Other,Synthetic follow-up activity for CRM workflow testing.,2022-01-19T10:41:06Z,1,,,003pDMezXbwJtrSY8M,Contact
00TWSxM19X3zLaWMBT,Follow up,In Progress,Low,2021-09-30,Other,Synthetic follow-up activity for CRM workflow testing.,2023-03-09T11:29:00Z,0,02ibbsvIq06BOL0IRO,Asset,003HrSEjdZAAENtY07,Contact
00Tlks631b8R7IKU8I,Send workshop summary,Not Started,High,2023-09-05,Call,Synthetic follow-up activity for CRM workflow testing.,2024-08-12T19:03:22Z,0,001Incobp7HHs7MAA7,Account,003fTkz2cEqof3PI6K,Contact
00TSQ4oDr52V4GyETU,Prepare proposal,Not Started,Low,2025-12-25,Other,Synthetic follow-up activity for CRM workflow testing.,2024-09-24T04:32:35Z,0,7014xC7ldfv7uGYYZO,Campaign,00QhuFnoAtWIuHJUMA,Lead
00TINNeJGPIOhoA2P5,Send workshop summary,Completed,Normal,2021-06-24,Email,Synthetic follow-up activity for CRM workflow testing.,2024-04-08T07:30:47Z,1,016Q4IB4dgbFOTrAV7,Opportunity,00338EFCa6tmFcaIUK,Contact
00Tc4RIP4rAJxwVMFE,Send workshop summary,In Progress,Low,2024-12-25,Email,Synthetic follow-up activity for CRM workflow testing.,2023-01-27T18:29:54Z,0,500wrP3FKWu1E6MYGA,Case,003L2XFTdblnovFIX1,Contact
00T1YMKDFyE6E5AERN,Follow up,Deferred,Normal,2022-06-13,Call,Synthetic follow-up activity for CRM workflow testing.,2025-06-09T17:43:54Z,0,001LInXZfFVYqWIIEB,Account,003dXGwafs3aJCkYNK,Contact
00TSxUjhav4mhqvUIR,Follow up,Not Started,Low,2021-02-28,Other,Synthetic follow-up activity for CRM workflow testing.,2022-08-28T05:07:00Z,0,500irg3eBCKlFLkYFE,Case,00QabMBr34W7PaNKMG,Lead
00ToIn3kEFo1ffYMGS,Review requirements,Completed,Normal,2024-08-23,Call,Synthetic follow-up activity for CRM workflow testing.,2023-07-25T19:00:15Z,1,001DLqMjZmJEMS7ID7,Account,0039pUtDj0qneGfACK,Contact
00TdSrcV9UXkuM9MZR,Review requirements,Completed,Low,2022-02-18,Call,Synthetic follow-up activity for CRM workflow testing.,2025-04-04T23:38:55Z,1,500wrP3FKWu1E6MYGA,Case,003Sfo0oZl7n5NiQ10,Contact
00TzzzOO1xatkIHM4Y,Send workshop summary,Waiting on someone else,High,2022-12-10,Email,Synthetic follow-up activity for CRM workflow testing.,2024-11-27T21:48:22Z,0,500wrSFAYQE4x47I6G,Case,003fyk5MA1CwLYWYGO,Contact
00TtWbHCVMK4qsRUCL,Follow up,Waiting on someone else,Normal,2026-02-24,Other,Synthetic follow-up activity for CRM workflow testing.,2025-07-28T22:40:37Z,0,02iahrK4XPHvRYuIVB,Asset,00QxCEc5LnEAOwoM21,Lead
00TI6yTRAz1OGJuEVI,Follow up,Waiting on someone else,High,2021-06-03,Other,Synthetic follow-up activity for CRM workflow testing.,2021-06-15T02:18:28Z,0,521ZomOuXMlyxiZY73,Opportunity,00QgtES9dcRKI1oEHX,Lead
00TAHtnWjOqsCOTEB6,Prepare proposal,Deferred,High,2024-10-27,Other,Synthetic follow-up activity for CRM workflow testing.,2021-03-10T05:59:42Z,0,,,0035An2zeM4uG5PYCV,Contact
00T0F9lj8Om21vHUG3,Follow up,Completed,High,2024-05-09,Other,Synthetic follow-up activity for CRM workflow testing.,2023-11-06T06:08:22Z,1,006ikjdqjcLZe2IQ8K,Opportunity,00QvFPDabYuikpJ2T8,Lead
00TplHLgfUw6XSYEZJ,Prepare proposal,In Progress,Low,2025-07-31,Email,Synthetic follow-up activity for CRM workflow testing.,2025-10-29T16:06:52Z,0,001IZMzpc9F1Z8oAA7,Account,,
00TmeF32BAUIPuQUW7,Follow up,Completed,Low,2021-07-18,Email,Synthetic follow-up activity for CRM workflow testing.,2024-12-01T12:29:57Z,1,71iJPUzw352cqhrI4P,Opportunity,003UX1oByehqzC6YKY,Contact
00TkGMJowAAguF3UAO,Follow up,Waiting on someone else,High,2023-11-23,Email,Synthetic follow-up activity for CRM workflow testing.,2025-09-02T09:47:32Z,0,006lsVcb21ouqEAQD7,Opportunity,,
00TY5Z5yssU0tbT2DF,Follow up,Not Started,Low,2023-09-28,Email,Synthetic follow-up activity for CRM workflow testing.,2026-06-28T22:41:48Z,0,500TX0AEaaytslNY7C,Case,003PIsnfE5YQMdlYVF,Contact
00TllSQoYqvLos92CZ,Send workshop summary,In Progress,Low,2024-06-09,Other,Synthetic follow-up activity for CRM workflow testing.,2026-03-13T21:47:15Z,0,526spsRumdUQ8zFYUC,Opportunity,00QIYKY7dUD4vN7U12,Lead
00TCuByWqVzEgS12NY,Follow up,Not Started,High,2025-02-22,Email,Synthetic follow-up activity for CRM workflow testing.,2025-01-01T02:02:31Z,0,701fmMnRrUO2XdcI3Y,Campaign,003P39CqbvZ8qZ8Y7T,Contact
00TlGu7jeO8OECAE5V,Send workshop summary,In Progress,Low,2021-06-06,Email,Synthetic follow-up activity for CRM workflow testing.,2023-12-08T18:58:48Z,0,820Jb4ogspC9zPxY2T,Opportunity,003NlXAe6NaQRtvYDS,Contact
00Tb0SECcR81arNMCO,Follow up,Waiting on someone else,Low,2024-01-13,Email,Synthetic follow-up activity for CRM workflow testing.,2025-02-05T07:37:28Z,0,01tD1mF9ntG1JYcYGZ,Opportunity,003IRksS65HO8wmQ1A,Contact
00Tz9DwoG3sh6fP2ZL,Follow up,In Progress,Normal,2026-03-01,Email,Synthetic follow-up activity for CRM workflow testing.,2024-09-22T11:04:46Z,0,02tnP1UyY82cSyiIZD,Opportunity,00QTF49MBn2rvS02TC,Lead
00TuZJ1PFWsAWFcM3R,Send workshop summary,Completed,Normal,2025-01-13,Call,Synthetic follow-up activity for CRM workflow testing.,2021-12-12T08:22:19Z,1,7203OQNAvLWnbb3Q5E,Opportunity,003H94JbW5Sm6buY4W,Contact
00TsTuSH2Bz695P2U7,Review requirements,Completed,Normal,2024-03-12,Other,Synthetic follow-up activity for CRM workflow testing.,2023-05-27T19:31:56Z,1,02i8S82QPZJDTvKQHM,Asset,,
00TkkfIe4IlqFYzE5D,Send workshop summary,Not Started,High,2021-04-05,Call,Synthetic follow-up activity for CRM workflow testing.,2022-07-16T06:44:31Z,0,500TBzbSjeenGloI10,Case,003he5vZFsM4U6hQ0K,Contact
00T14m7omxUj5OIUXW,Send workshop summary,In Progress,Normal,2023-03-30,Other,Synthetic follow-up activity for CRM workflow testing.,2022-11-24T12:06:23Z,0,006mJbO3g0fjtf8YEB,Opportunity,003twefy02aagUgIFC,Contact
00T4UvuMhPhD0zb24V,Send workshop summary,In Progress,High,2025-08-25,Call,Synthetic follow-up activity for CRM workflow testing.,2022-10-03T03:55:54Z,0,001vywMtDWYqGORIQP,Account,,
00T5aFs1FNgwdUo2TQ,Prepare proposal,Not Started,Normal,2025-10-03,Email,Synthetic follow-up activity for CRM workflow testing.,2025-02-17T13:04:21Z,0,500f6iTmoGLWIdxQ0J,Case,003eWy6yqXeGgNqYTR,Contact
00TXg1IlCo494TeM5G,Follow up,Not Started,Low,2022-06-19,Email,Synthetic follow-up activity for CRM workflow testing.,2022-08-06T13:33:56Z,0,,,003IjF3lsykS1tyI65,Contact
00ThwWvr7oGeOWe2CS,Follow up,Waiting on someone else,Low,2023-04-20,Call,Synthetic follow-up activity for CRM workflow testing.,2024-07-28T15:50:50Z,0,006OHNFTkrZ5IYrAI6,Opportunity,003uvIfIopZaMbyQ8S,Contact
00TiMe9lzIzeV3QUU6,Review requirements,In Progress,High,2026-02-27,Call,Synthetic follow-up activity for CRM workflow testing.,2023-07-26T18:09:16Z,0,8107jXTv7ToTiDkQVJ,Opportunity,00QNwLholwryXjgEQP,Lead
00TDF4oehjSbAoaMXE,Send workshop summary,Not Started,High,2026-04-05,Other,Synthetic follow-up activity for CRM workflow testing.,2026-04-14T04:07:57Z,0,801wGTD0LbQ3cPzAJA,Order,,
00TrNcoDalvto2XU3R,Review requirements,In Progress,High,2025-11-07,Email,Synthetic follow-up activity for CRM workflow testing.,2022-12-10T14:43:02Z,0,02iMwuxiAMZwV9CYPA,Asset,00363itkVboZZ8tQLD,Contact
00Tj8aRIMfu7G3iU4A,Send workshop summary,Deferred,Normal,2025-06-09,Email,Synthetic follow-up activity for CRM workflow testing.,2025-04-09T22:23:20Z,0,000ivHnEkBtiEjzAF1,Opportunity,003aOXN8maPyJ9cYND,Contact
00TTbQ7jTCSL9xrU1B,Send workshop summary,Completed,Low,2024-09-14,Other,Synthetic follow-up activity for CRM workflow testing.,2021-11-06T05:22:38Z,1,006X6zSnvlT5HHnAH1,Opportunity,00QkomKZEN40vmBETT,Lead
00TrtD7ZEWyYc0sU02,Follow up,Completed,High,2026-03-22,Other,Synthetic follow-up activity for CRM workflow testing.,2026-01-30T10:06:39Z,1,001CWFhyR8QJd16AFG,Account,003EzAj1nQTB2JnYKF,Contact
00TzL0xaLVJAYFuUST,Send workshop summary,In Progress,High,2024-12-01,Call,Synthetic follow-up activity for CRM workflow testing.,2025-10-28T15:08:12Z,0,500116hZZJz0O8MAJF,Case,0032uHaUbTrA8sxY8T,Contact
00T3WB60oIKJkwRED2,Review requirements,Completed,High,2025-04-30,Other,Synthetic follow-up activity for CRM workflow testing.,2025-12-06T10:45:47Z,1,010iCgrKVEMzbs7YKK,Opportunity,,
00T1rrW0dUN5EsdEZV,Send workshop summary,Completed,High,2023-10-06,Other,Synthetic follow-up activity for CRM workflow testing.,2021-09-12T20:07:48Z,1,500D7IcC2poyyDDIT0,Case,0037x3dE82ZCNg7QBQ,Contact
00TDFpBZrL1GVfvEDL,Prepare proposal,Deferred,Normal,2025-08-20,Email,Synthetic follow-up activity for CRM workflow testing.,2023-04-14T02:39:00Z,0,701Dpaw66va6dUvYOQ,Campaign,003PyfsmoB4Y1LhQ8Z,Contact
00T7Vo3TsgpEiDpM8M,Prepare proposal,Deferred,Low,2022-08-23,Call,Synthetic follow-up activity for CRM workflow testing.,2023-04-14T04:18:37Z,0,001MfuiALipgsrAIEL,Account,003suUemC5FOpHHATL,Contact
00Ts7x5AGfLjOAO2IG,Send workshop summary,In Progress,High,2026-06-08,Call,Synthetic follow-up activity for CRM workflow testing.,2024-04-15T11:24:24Z,0,500wrP3FKWu1E6MYGA,Case,003n7bCDQPRuiOLQ4T,Contact
00TglMZnAysiP4vUX0,Prepare proposal,Not Started,Low,2024-07-15,Other,Synthetic follow-up activity for CRM workflow testing.,2025-07-29T02:36:09Z,0,500JT7BbPf1QZ3FANO,Case,0052HQHVxXJDqnLCTI,Lead
00TNvQ3jOJ489aDMLL,Prepare proposal,Completed,Normal,2023-12-09,Email,Synthetic follow-up activity for CRM workflow testing.,2021-08-13T18:33:39Z,1,001KtASdr5CCsaYA3B,Account,00Q6MqsmKXLlPqlM5L,Lead
00TgBnH4Mhxn01iUFA,Send workshop summary,Completed,Normal,2023-01-14,Other,Synthetic follow-up activity for CRM workflow testing.,2023-09-30T02:56:16Z,1,,,,
00TkKmAFXtQry332D7,Follow up,In Progress,High,2024-08-29,Other,Synthetic follow-up activity for CRM workflow testing.,2021-09-05T01:31:03Z,0,5008I5Gs9l2MWlAQ6U,Case,003Ke4WFdW0CoW8ASR,Contact
00T6jVI3Ib0HES62EF,Follow up,Not Started,Low,2024-11-13,Call,Synthetic follow-up activity for CRM workflow testing.,2022-07-13T12:16:32Z,0,001r2Zt5bJoZh5cI46,Account,,
00TCWtkf1RBBYHc2LK,Prepare proposal,Not Started,Normal,2026-02-18,Call,Synthetic follow-up activity for CRM workflow testing.,2025-07-07T00:52:58Z,0,0061EDUAdQALRxAYF5,Opportunity,003BWjAPrAVIkmPAUL,Contact
00TNAmDhue375NYEP3,Follow up,Deferred,Low,2026-07-29,Call,Synthetic follow-up activity for CRM workflow testing.,2023-01-27T04:35:49Z,0,0019ojrY0cvCQ2UQ6L,Account,003qZ2BFiYFEDWNAQ2,Contact
00TBPZ05qgW8a4z2S4,Review requirements,Waiting on someone else,Normal,2021-09-06,Email,Synthetic follow-up activity for CRM workflow testing.,2022-08-25T03:48:00Z,0,,,003A3LbzlfcExSZAU4,Contact
00TPCRxA1xdakllUCA,Follow up,Completed,Normal,2022-06-29,Call,Synthetic follow-up activity for CRM workflow testing.,2024-08-04T13:35:56Z,1,500CVJ8gQ8BywNAYPA,Case,003xOJfhbxtP2TZYJZ,Contact
00TsrJqwuMOJvEmE20,Follow up,Completed,Normal,2025-02-05,Email,Synthetic follow-up activity for CRM workflow testing.,2025-03-09T00:02:18Z,1,01tK4wWzmqn0gSVI9U,Product2,003IVtxL9cpsBxAIBO,Contact
00TQAGWtdalGAHqE54,Follow up,Not Started,Normal,2023-01-04,Email,Synthetic follow-up activity for CRM workflow testing.,2023-07-04T05:10:31Z,0,,,003sZMUXdL7Us8BY75,Contact
00TjAQ6MAYGjP8uECF,Follow up,Not Started,Normal,2021-06-10,Call,Synthetic follow-up activity for CRM workflow testing.,2025-06-19T02:02:12Z,0,5006DP8PZ84uhURQ6Q,Case,003VZ91E2HD5eLsYOI,Contact
00TTjn3LiEwFtmfMXG,Send workshop summary,Completed,Low,2022-12-26,Email,Synthetic follow-up activity for CRM workflow testing.,2022-08-22T08:02:57Z,1,,,003zaVLDO9Vk4P0IGZ,Contact
00T610OWgbuEZhiE3O,Prepare proposal,In Progress,Normal,2025-01-15,Call,Synthetic follow-up activity for CRM workflow testing.,2022-08-01T21:43:36Z,0,500SQ3j5dYUVffpAZE,Case,003cHlxZyg7q4QEQ61,Contact
00TfAmAna9mDJgUMQ1,Review requirements,Not Started,High,2021-04-18,Call,Synthetic follow-up activity for CRM workflow testing.,2022-04-10T21:47:27Z,0,701DNuvDGEm4hghY4U,Campaign,003CMYExvKPUP8QYBD,Contact
00TjgM3gNc7RlaZE9O,Review requirements,Waiting on someone else,Normal,2024-02-17,Other,Synthetic follow-up activity for CRM workflow testing.,2026-03-05T18:50:49Z,0,701WVcR9nBSbxB9QPQ,Campaign,003Fw5RxAPJU0ZdABZ,Contact
00T50xfH3DesWIjMCI,Follow up,Not Started,Normal,2022-03-12,Call,Synthetic follow-up activity for CRM workflow testing.,2022-09-22T12:32:31Z,0,820bVlsJKbrdccjYPJ,Opportunity,003Xe5rt4wZIpq2YTG,Contact
00TMB241sQM6uppUU1,Send workshop summary,In Progress,Normal,2026-07-31,Email,Synthetic follow-up activity for CRM workflow testing.,2021-01-23T21:31:27Z,0,,,00Q92HC9sO5pEfk2JF,Lead
00TsxmJOMh5QyNJMQP,Prepare proposal,Waiting on someone else,Normal,2024-05-31,Other,Synthetic follow-up activity for CRM workflow testing.,2021-10-02T16:02:59Z,0,800RGVUPad0BN8kAMG,Contract,003AoGknOz16FLIYMQ,Contact
00TRz1NC7jOSmoCM3J,Follow up,Completed,Low,2023-06-05,Other,Synthetic follow-up activity for CRM workflow testing.,2021-01-12T08:29:03Z,1,010lqfRSNaweQEsI1C,Opportunity,001sLtq7HwPwLsq6P7,Lead
00TESdwZkyuH9eq287,Prepare proposal,Deferred,Normal,2025-05-27,Call,Synthetic follow-up activity for CRM workflow testing.,2022-01-13T23:38:01Z,0,02i78TCAzu9XaRdYXI,Asset,0037a7gULvkdSXjYNJ,Contact
00TgCMKbKgaDCke22T,Prepare proposal,In Progress,Normal,2022-12-25,Other,Synthetic follow-up activity for CRM workflow testing.,2026-06-19T13:58:35Z,0,50tcyEvbSDN8M4eYUK,Opportunity,0031hsI8yhK8t9wA42,Contact
00TyD2kGyFiZPhbMX8,Prepare proposal,Waiting on someone else,Normal,2022-09-14,Other,Synthetic follow-up activity for CRM workflow testing.,2022-11-28T00:29:06Z,0,02iOfCgCF1uk4AfQA0,Asset,,
00T3Ig6lEOVO7Iy25G,Send workshop summary,Deferred,Low,2024-11-05,Call,Synthetic follow-up activity for CRM workflow testing.,2026-05-24T02:57:37Z,0,500d0rFPGOsGDk2QHU,Case,0039pUtDj0qneGfACK,Contact
00T12cocTE4ByHYUVQ,Send workshop summary,Deferred,High,2023-07-29,Email,Synthetic follow-up activity for CRM workflow testing.,2023-03-04T19:21:37Z,0,801Rxi48zcEaVzoQKN,Order,00QzDRjPA0y0vN8U69,Lead
00TwamUVwdf361x2AT,Review requirements,Completed,High,2022-12-17,Email,Synthetic follow-up activity for CRM workflow testing.,2023-10-31T04:06:04Z,1,001ax6fYCGAkn42YO7,Account,003Ms2NjBVHFa1qQ7F,Contact
00TYuFF1wIlH6No23U,Send workshop summary,Waiting on someone else,Normal,2026-06-04,Email,Synthetic follow-up activity for CRM workflow testing.,2022-05-29T18:47:47Z,0,800yoICljZQqLlBQCN,Contract,003LuAM3iIsuJQIIS7,Contact
00Tz1OzIx7PfCk4MYV,Review requirements,Waiting on someone else,Low,2023-12-06,Other,Synthetic follow-up activity for CRM workflow testing.,2021-08-08T04:03:47Z,0,001Ra45bI6XkX2bYRW,Account,003ShRsGpj163ooYM7,Contact
00TRJHrPnWwjGaLEMW,Follow up,Waiting on someone else,Normal,2021-04-10,Other,Synthetic follow-up activity for CRM workflow testing.,2024-11-05T03:51:21Z,0,500zKd9dtTYyYrnIXK,Case,003lcwQRxprZpYMA25,Contact
00TArAPy5G7jmGAUS9,Review requirements,Not Started,Normal,2022-01-01,Other,Synthetic follow-up activity for CRM workflow testing.,2024-02-26T17:31:15Z,0,,,003cMleyIGjmop4IOK,Contact
00TOHJBmHcdL8UM2R3,Review requirements,Not Started,Low,2025-06-04,Other,Synthetic follow-up activity for CRM workflow testing.,2024-11-15T04:32:22Z,0,7019g7m2YfxR5uxQ6M,Campaign,003WGGhN9vqGYtMIBS,Contact
00TYSMssuyfQMjoE09,Review requirements,In Progress,Low,2023-04-05,Other,Synthetic follow-up activity for CRM workflow testing.,2023-08-03T12:01:30Z,0,50iEs2J2gfUFvVYY9V,Opportunity,003mobYQ1E3b7XKY94,Contact
00TezvXeIn2SBaIMUM,Review requirements,Waiting on someone else,Low,2023-10-26,Other,Synthetic follow-up activity for CRM workflow testing.,2021-01-05T04:44:04Z,0,500prBGPio0jxLPQI6,Opportunity,00QD9UrZHTC7fXVMKP,Lead
00TGfpmNY24NC5oMPN,Prepare proposal,In Progress,Normal,2025-11-18,Email,Synthetic follow-up activity for CRM workflow testing.,2022-12-07T02:34:07Z,0,500Jbb1z4DvXwSeQEI,Case,00QvweKp50wmicxUXX,Lead
00Tv83X9rFVIQ3pEF5,Review requirements,Completed,Low,2023-03-05,Other,Synthetic follow-up activity for CRM workflow testing.,2021-03-12T17:03:31Z,1,701PZcJHywDjQ7GY21,Campaign,001gBBf5hGZhtlqEY6,Lead
00TbgFsqA1mOtxrESQ,Send workshop summary,Deferred,Low,2024-03-06,Other,Synthetic follow-up activity for CRM workflow testing.,2022-10-07T05:47:37Z,0,001EM3ljRRvtOqaQZO,Account,003SIbEzrYGgsFcQ55,Contact
00TXUZyTQ7A3jTP2N9,Follow up,Not Started,High,2022-06-20,Email,Synthetic follow-up activity for CRM workflow testing.,2023-03-09T06:30:56Z,0,001x4qMeufUWlfdINO,Account,,
00TcAnG3uC7XX9gUQO,Prepare proposal,Waiting on someone else,Low,2025-12-09,Email,Synthetic follow-up activity for CRM workflow testing.,2021-02-20T03:50:32Z,0,001vYy7997Ekj5pAHO,Account,00QZq8wysAiPdLTMKR,Lead
00TTXhdbM4Tu8NDEQZ,Follow up,Completed,Normal,2025-03-24,Other,Synthetic follow-up activity for CRM workflow testing.,2024-11-19T05:15:54Z,1,001LW8OXe6IEB5RAZR,Account,00Qm8UR7t1xHm5P2L2,Lead
00TbhVMwAgowINSUUV,Prepare proposal,Waiting on someone else,High,2025-08-17,Other,Synthetic follow-up activity for CRM workflow testing.,2024-07-10T08:38:00Z,0,500kcdSQ08oxijNY18,Case,00Qd5LLTHXbkZlTUXS,Lead
00TBBalVuS3iU4h23D,Prepare proposal,Deferred,Normal,2021-11-24,Call,Synthetic follow-up activity for CRM workflow testing.,2026-05-24T21:40:14Z,0,720ny8nFJHudrPnARO,Opportunity,,
00TmecVSFYX7L852QN,Follow up,Deferred,High,2023-12-26,Email,Synthetic follow-up activity for CRM workflow testing.,2022-07-09T11:57:07Z,0,51t3wh0xqrmcVhtYX8,Order,003HFR6Z7w4dO5jINX,Contact
00TbULVExfAqhLnU99,Prepare proposal,Waiting on someone else,High,2024-04-24,Other,Synthetic follow-up activity for CRM workflow testing.,2024-11-16T14:49:39Z,0,02iXw0omTFXktTcQMC,Asset,,
00TQ10yaNMI12TKUOE,Follow up,Not Started,Low,2026-02-21,Email,Synthetic follow-up activity for CRM workflow testing.,2026-04-28T14:24:51Z,0,80039yp08WU9HVvA16,Contract,00Q8BiCzS54fzu8ES6,Lead
00Tw5x42SwqVyjqMBQ,Send workshop summary,Waiting on someone else,Low,2024-07-18,Other,Synthetic follow-up activity for CRM workflow testing.,2026-04-28T15:18:06Z,0,,,003GweaslhRRyCLI5I,Contact
00TgM8dJ3jZhXXZMS3,Follow up,Completed,Low,2024-09-04,Email,Synthetic follow-up activity for CRM workflow testing.,2025-09-19T18:45:46Z,1,001bEjr0cyFC7SBAXL,Account,00QNDCwLaTKC4m5ZLB,Lead
00TkWi3WpkSbWLuEQ6,Review requirements,Waiting on someone else,Low,2023-04-10,Call,Synthetic follow-up activity for CRM workflow testing.,2024-03-21T23:14:12Z,0,00iSq8SPerfTgkuQ4M,Opportunity,,
00T7j1UXOsGQKm4MPP,Send workshop summary,Not Started,High,2024-02-16,Email,Synthetic follow-up activity for CRM workflow testing.,2025-08-27T13:44:56Z,0,006nJcY7QX4evvNIVR,Opportunity,003uN9wYtLPDV8CIDC,Contact
00Tj7hYc9pgWoS1UQP,Prepare proposal,Completed,High,2025-04-11,Email,Synthetic follow-up activity for CRM workflow testing.,2021-10-24T20:57:57Z,1,001O8ZWUKMYoipYYQ7,Account,003MuGPnDYbVNeZY97,Contact
00Tdl29R9WQQU8RUJ1,Review requirements,In Progress,Normal,2023-10-31,Other,Synthetic follow-up activity for CRM workflow testing.,2025-06-12T04:16:17Z,0,001Mpyhcy0YjCuyQPK,Account,0035h3Lteqqq5apA6B,Contact
00TFtrNfwZ8IIJjUMB,Review requirements,Deferred,Low,2025-11-02,Call,Synthetic follow-up activity for CRM workflow testing.,2022-05-16T19:31:30Z,0,02ioOFmB9ssfwGBI1I,Asset,003NTUM7lbpHepMYAS,Contact
00TsfGlCLb7fsPYEVF,Send workshop summary,In Progress,Low,2023-11-07,Other,Synthetic follow-up activity for CRM workflow testing.,2023-08-27T08:25:26Z,0,0018MjZShtig55PAG6,Account,003UEs9CxdrpcbTA64,Contact
00TdScGWNRWAwKiETC,Follow up,Not Started,Normal,2025-03-24,Email,Synthetic follow-up activity for CRM workflow testing.,2021-06-13T03:35:38Z,0,716bgY3jb0aZys5AHA,Opportunity,0030Yegg0yQ11T7IA4,Contact
00TysFNkiN8CdDk2WL,Prepare proposal,Waiting on someone else,Low,2026-05-28,Email,Synthetic follow-up activity for CRM workflow testing.,2022-09-03T00:51:55Z,0,5006Vn1Zy1OCCBaQ8T,Case,00QWaeo3KMQ9lJe24H,Lead
00TbuL8evODuHCCM9J,Prepare proposal,Deferred,Normal,2023-02-01,Other,Synthetic follow-up activity for CRM workflow testing.,2022-05-04T06:24:28Z,0,,,003uHXEGxdBdOxnQGN,Contact
00TK9iRqGRKL7GO23R,Review requirements,Not Started,Normal,2023-12-02,Email,Synthetic follow-up activity for CRM workflow testing.,2024-07-26T15:50:13Z,0,001181P9BD1hpxgATH,Account,003XbH1YbwlcchBYEO,Contact
00TTuG5rysiM4uT2NO,Send workshop summary,In Progress,Low,2021-03-01,Other,Synthetic follow-up activity for CRM workflow testing.,2024-02-24T18:03:33Z,0,001oTVBgpJb5kxRYJO,Account,,
00TwhekGQEpekSvUWZ,Send workshop summary,Waiting on someone else,Normal,2023-07-09,Call,Synthetic follow-up activity for CRM workflow testing.,2022-06-17T09:59:01Z,0,500UAkPb9Jwcx7MIPR,Case,00QMnSPOt8q0PVeE1U,Lead
00T66IYJYu77ezcUMO,Send workshop summary,In Progress,Normal,2026-03-05,Call,Synthetic follow-up activity for CRM workflow testing.,2022-11-05T09:23:15Z,0,800zUFqhmCa1rQWYGD,Contract,00QiwrGlUnQqllw2LA,Lead
00T4693ItkbOHq02NW,Prepare proposal,Waiting on someone else,Low,2021-04-11,Call,Synthetic follow-up activity for CRM workflow testing.,2023-05-31T01:20:15Z,0,0014WYoiYbOMlUgQDX,Account,003AWiA5w6U96FlA3S,Contact
00TYXlqujrrdQCuEF8,Review requirements,Not Started,High,2025-07-24,Email,Synthetic follow-up activity for CRM workflow testing.,2024-07-24T05:37:45Z,0,500xMLkrW7CAb5lYQB,Case,,
00T93qnzwZMNZLeUEG,Send workshop summary,Waiting on someone else,Normal,2026-04-06,Call,Synthetic follow-up activity for CRM workflow testing.,2022-12-04T11:38:35Z,0,721T9noLs7XaVr3I9I,Opportunity,003qM11BKXiW5sKYSU,Contact
00TP8Heti3HWKPoEEO,Follow up,Waiting on someone else,Low,2023-11-04,Other,Synthetic follow-up activity for CRM workflow testing.,2023-06-22T01:07:13Z,0,500m3cvgzVg6aE4AIV,Case,0033jL15bG9xw8gI6S,Contact
00T3z2JMxOd1Ozq2PM,Prepare proposal,In Progress,Low,2022-09-30,Email,Synthetic follow-up activity for CRM workflow testing.,2026-06-16T13:20:40Z,0,01tZQBSs1fvhCTNICA,Product2,003c1dg3F96dpopYZL,Contact
00TBamHdR0gS5KUM7G,Send workshop summary,Waiting on someone else,High,2021-07-29,Call,Synthetic follow-up activity for CRM workflow testing.,2023-09-14T02:03:10Z,0,520SPOH7ogwGGxIAHG,Opportunity,00QTSC3ABwV8f8GU57,Lead
00TrovqF2JyUMC2216,Review requirements,In Progress,Low,2023-01-04,Other,Synthetic follow-up activity for CRM workflow testing.,2023-12-02T10:06:05Z,0,500vu6VUNJWrtQDIZY,Case,,
00TDuSXINZUUz5zM2I,Follow up,Completed,Low,2022-07-30,Call,Synthetic follow-up activity for CRM workflow testing.,2021-06-05T09:20:49Z,1,500wrP3FKWu1E6MYGA,Case,0036RMTwNUBJlvpA7C,Contact
00TjflmBiGnWoCIMNC,Send workshop summary,Completed,Normal,2023-05-25,Other,Synthetic follow-up activity for CRM workflow testing.,2021-09-25T00:16:29Z,1,0018MjZShtig55PAG6,Account,003tmqZfelCT2roY1H,Contact
00Tg1jJ3G6OpzB2U01,Review requirements,Deferred,Normal,2022-03-12,Email,Synthetic follow-up activity for CRM workflow testing.,2021-02-08T15:22:51Z,0,52i6MpVfctu2Rz1Q6W,Opportunity,003caJUum9ureexY5I,Contact
00TShNrHLh1HzsxEK5,Send workshop summary,Not Started,High,2026-03-22,Call,Synthetic follow-up activity for CRM workflow testing.,2021-06-12T09:51:34Z,0,001ZX951OeRh6EHIOJ,Account,003IVtxL9cpsBxAIBO,Contact
00TZmW2JUmaSFqK2W0,Send workshop summary,Not Started,Low,2025-05-18,Other,Synthetic follow-up activity for CRM workflow testing.,2023-06-12T06:06:15Z,0,826Zu6vzs07Yg80AR2,Opportunity,,
00T5g3sqIkrm5142CC,Send workshop summary,In Progress,High,2023-01-16,Email,Synthetic follow-up activity for CRM workflow testing.,2024-04-10T14:29:58Z,0,001kpkteJ4XLaaYQTV,Account,00QnMxIvnHOxIuT2AL,Lead
00TrqWnCKahUAkxUUJ,Send workshop summary,Not Started,Low,2022-03-16,Email,Synthetic follow-up activity for CRM workflow testing.,2026-01-13T08:27:47Z,0,51iE64LMWdla2UoYJF,Order,003g1jXJmFJ4W6mASA,Contact
00TQknfgrSbzTUFMVI,Send workshop summary,Completed,Normal,2024-08-02,Call,Synthetic follow-up activity for CRM workflow testing.,2023-10-29T12:12:01Z,1,001kNqWPjavmloHAZ4,Account,,
00TJR6eFINxgCxXMQU,Follow up,In Progress,Low,2021-12-17,Other,Synthetic follow-up activity for CRM workflow testing.,2025-09-07T09:50:47Z,0,001KtASdr5CCsaYA3B,Account,003WTy0tr2I5ravQWM,Contact
00Ttdlzp47VOl64EB1,Follow up,Not Started,Normal,2023-09-01,Email,Synthetic follow-up activity for CRM workflow testing.,2023-02-16T16:56:38Z,0,500ykliBCXgWhYkISA,Case,00Q3pLdjv5eS0BPFVU,Lead
00T0YB41Tn2VELwUUX,Prepare proposal,Completed,Normal,2022-12-17,Call,Synthetic follow-up activity for CRM workflow testing.,2021-10-06T22:12:22Z,1,500RnfoN2lbWnnpQOL,Case,003gzghdsTCV1cEANV,Contact
00TUAd18uIhDV5kMKB,Follow up,Not Started,Low,2025-07-15,Call,Synthetic follow-up activity for CRM workflow testing.,2024-04-01T21:45:55Z,0,70119DkKdradggLYK9,Campaign,,
00TmGdpU657MZORUSV,Follow up,Deferred,High,2023-10-13,Email,Synthetic follow-up activity for CRM workflow testing.,2021-11-12T19:43:39Z,0,81tp0rjFiQpPk6QI9L,Opportunity,00Qpr6yVkW0UmZ6UGP,Lead
00TZD8MHU9OcB0aET9,Review requirements,Not Started,Normal,2025-04-18,Other,Synthetic follow-up activity for CRM workflow testing.,2021-06-01T08:02:30Z,0,02iTKxzAu4XMXvtYKN,Asset,,
00TFwqjTHOcQRG92QO,Review requirements,Waiting on someone else,Low,2026-04-24,Other,Synthetic follow-up activity for CRM workflow testing.,2022-01-30T00:43:09Z,0,02imx93oq0rXKCeIZ9,Asset,00Q5KcQk1cqQGPMUXK,Lead
00TIGmJ0iohSirjEPO,Follow up,Not Started,Low,2023-11-25,Email,Synthetic follow-up activity for CRM workflow testing.,2022-02-19T15:17:06Z,0,500FveuVQlJ7lBaIJ0,Case,00QoJs2RXXo3aMrMHE,Lead
00TO0w0xap5GjeO2I2,Review requirements,In Progress,Low,2025-05-25,Email,Synthetic follow-up activity for CRM workflow testing.,2026-02-25T07:02:33Z,0,500WV27zsktTMjNYSN,Case,003iysWwHPTFrOxA25,Contact
00T2EpwNkBW2i30UBR,Prepare proposal,Waiting on someone else,High,2024-01-19,Email,Synthetic follow-up activity for CRM workflow testing.,2026-06-06T07:25:06Z,0,001UhwyHPMFM5liAM5,Account,0034zSxLgVmoVOHI64,Contact
00Toc8QHflN3Q5gUX8,Send workshop summary,Completed,Low,2022-01-20,Email,Synthetic follow-up activity for CRM workflow testing.,2021-04-05T01:56:33Z,1,02iECYVnajb38DtQ6U,Asset,,
00Tj7VD7MYHeXc7EEX,Prepare proposal,Waiting on someone else,Normal,2026-09-07,Email,Synthetic follow-up activity for CRM workflow testing.,2022-12-12T08:32:18Z,0,001qjNM8E6bbhfTQD0,Account,,
00T7WTpWtIW0UO6UEX,Send workshop summary,Waiting on someone else,High,2023-03-22,Call,Synthetic follow-up activity for CRM workflow testing.,2021-04-13T16:19:28Z,0,510UTmIoMkdLeZsYYB,Opportunity,00QE01LicGbT8Hr2TH,Lead
00Tzeg6hBkqA4o72KZ,Review requirements,Deferred,Normal,2025-06-19,Call,Synthetic follow-up activity for CRM workflow testing.,2023-07-05T05:14:32Z,0,,,003AjUK2cybvQvDQL1,Contact
00TA6K7tC1mOgkM2M2,Review requirements,Not Started,Low,2024-01-02,Email,Synthetic follow-up activity for CRM workflow testing.,2021-03-29T09:09:10Z,0,0014BI0PTpGJAb4ICJ,Account,0035SIDZk9dE2gOYAS,Contact
00TgDm6NwW5LQdTU1D,Follow up,Completed,Normal,2025-10-07,Other,Synthetic follow-up activity for CRM workflow testing.,2024-02-17T00:40:10Z,1,01tzS9ohU8JW5tuYDD,Product2,00QBEjFqnqaZTKsE67,Lead
00TnQzEsE5RBPO8E4H,Prepare proposal,Deferred,Low,2023-03-19,Call,Synthetic follow-up activity for CRM workflow testing.,2023-12-27T14:01:01Z,0,001L6QQcpJ1qXB2Y62,Account,0034Oku3Bq8Qq3ZAJ9,Contact
00TZxZrHxQl3cayM6T,Prepare proposal,Completed,Low,2023-04-15,Email,Synthetic follow-up activity for CRM workflow testing.,2021-07-18T21:02:39Z,1,001ax6fYCGAkn42YO7,Account,003Hpz0CVSGAGcLYJ1,Contact
00TbTonovZ6viNTUDM,Follow up,In Progress,High,2025-09-14,Other,Synthetic follow-up activity for CRM workflow testing.,2022-04-22T20:37:25Z,0,02i5mUqm07IpLTHYX2,Asset,003jCVZ4U8Q8pvqA2W,Contact
00TykySCf75hkoS20Y,Follow up,Waiting on someone else,Normal,2021-03-26,Other,Synthetic follow-up activity for CRM workflow testing.,2021-07-27T07:36:53Z,0,001ygA3FAG75gTTAXO,Account,003g1K9UetSUv00QXT,Contact
00TZKi8tgZsfkoR2H0,Send workshop summary,Deferred,Low,2021-12-26,Other,Synthetic follow-up activity for CRM workflow testing.,2024-06-12T12:23:06Z,0,006HUswLQ6dv8goIE6,Opportunity,003rOIPj473iJlUIZ3,Contact
00TfygSfpGxrAoOMA7,Prepare proposal,Waiting on someone else,High,2025-01-21,Other,Synthetic follow-up activity for CRM workflow testing.,2022-05-29T03:47:14Z,0,0019laP52dnqWh3AF4,Account,003QeNMjcAOpLehYGJ,Contact
00T8nViwj9IsCCIUIH,Send workshop summary,Waiting on someone else,High,2024-06-15,Call,Synthetic follow-up activity for CRM workflow testing.,2024-08-11T21:46:48Z,0,501bkOpDbyTdSMSQS1,Opportunity,003gsNxFrV3BYq7QRT,Contact
00TUhEqUCu83c5JE15,Send workshop summary,In Progress,High,2021-12-20,Other,Synthetic follow-up activity for CRM workflow testing.,2024-07-08T06:20:27Z,0,500tP3u8Q7etwPmQIH,Case,0034Q5SoLVHvbAqYI4,Contact
00TcLUSWUwD30d42V7,Prepare proposal,In Progress,Low,2026-07-01,Other,Synthetic follow-up activity for CRM workflow testing.,2022-12-19T04:57:52Z,0,800GUxm38HwDtYvY9H,Contract,003O1DPI7Ashi5WA7I,Contact
00TzrQZ0qOWdYOJMIO,Review requirements,Deferred,Normal,2021-05-16,Email,Synthetic follow-up activity for CRM workflow testing.,2022-07-26T21:09:23Z,0,02izfnzYiZHIHqAAYH,Asset,003h0ddRs4jXrgwQOI,Contact
00TVLW8bmoEdsGFUGR,Prepare proposal,Waiting on someone else,Normal,2026-06-17,Call,Synthetic follow-up activity for CRM workflow testing.,2021-01-02T15:31:40Z,0,500o1BUd2osTGDBQEW,Case,003tvCM1fcuqQpjIHZ,Contact
00Ta1g8IBeAiG8zE41,Review requirements,Deferred,High,2023-04-26,Call,Synthetic follow-up activity for CRM workflow testing.,2023-07-09T06:28:53Z,0,0014xFF5q1fi7GwQMP,Account,003RQpJS1rnZYjBAQ9,Contact
00TDpvXBZbcpWLWM2L,Prepare proposal,In Progress,Normal,2021-12-01,Other,Synthetic follow-up activity for CRM workflow testing.,2022-03-28T00:45:40Z,0,001nrvjrS2WHC2oY9X,Account,003Oezkqulk6ewjQIA,Contact
00TIZVT6qticrsfE88,Prepare proposal,Deferred,Low,2026-06-14,Other,Synthetic follow-up activity for CRM workflow testing.,2021-05-10T19:56:50Z,0,51ijbWZ6sr4qhPXYSY,Order,003L5BUYiA6zPEpQB9,Contact
00TOIaMzZDNpr4JMJQ,Review requirements,In Progress,Normal,2024-07-30,Email,Synthetic follow-up activity for CRM workflow testing.,2024-05-06T21:09:06Z,0,500tox5KudndMuYQPL,Case,,
00TmngvMb4dffqkM66,Review requirements,Completed,Low,2025-10-03,Other,Synthetic follow-up activity for CRM workflow testing.,2021-07-14T06:58:57Z,1,006YhxNORKKFK5QQ08,Opportunity,,
00TouT6RXopwi3FU29,Prepare proposal,Deferred,Low,2025-04-07,Other,Synthetic follow-up activity for CRM workflow testing.,2024-01-25T09:14:55Z,0,001U9TwW1ZhV64GITA,Account,003OXM9PBNS93FRYE1,Contact
00TnefGpSoad3lRUM7,Follow up,In Progress,Normal,2022-05-22,Call,Synthetic follow-up activity for CRM workflow testing.,2021-04-12T16:55:20Z,0,001zDxxuW7kQ4BrAGJ,Account,003jPpwwDoAri1LIRC,Contact
00TzwoJ3rrb0pmrEP7,Review requirements,In Progress,Normal,2026-01-27,Email,Synthetic follow-up activity for CRM workflow testing.,2024-04-07T07:46:01Z,0,701R6fz0H7ZafwQI8S,Campaign,003KlL8x92ZcLhpI0V,Contact
00TrIPdAX5dMWlWMMC,Prepare proposal,Deferred,Low,2026-05-28,Call,Synthetic follow-up activity for CRM workflow testing.,2024-02-14T08:53:54Z,0,801DIS2iwGnSS3uAB3,Order,003NxsyUn0x5nr3AFS,Contact
00TfNsOlOkknN8cM1N,Send workshop summary,Completed,Low,2022-05-02,Call,Synthetic follow-up activity for CRM workflow testing.,2024-05-25T13:49:26Z,1,01toGBkQESLwGrGAB2,Product2,003VxcdBObSgXOoYQB,Contact
00TXUOOP7DPow51M2X,Send workshop summary,Not Started,Low,2024-05-15,Email,Synthetic follow-up activity for CRM workflow testing.,2024-04-17T03:54:45Z,0,801mnVy2p2FuWgkI3V,Order,003lHeTJz2Li1ufIFV,Contact
00T9iku67NMzYsdM4G,Prepare proposal,In Progress,High,2024-01-22,Call,Synthetic follow-up activity for CRM workflow testing.,2025-10-22T02:20:00Z,0,0015Cr2vcIsO2EGY08,Account,003jfoRxJl46zPYQL2,Contact
00TbygBIZeXwgv1EBL,Follow up,Waiting on someone else,Low,2025-09-07,Email,Synthetic follow-up activity for CRM workflow testing.,2021-02-27T08:40:05Z,0,01t7uoJkYp0qlw7YJC,Product2,003ilgtGMtANeRHA6L,Contact
00Tts7bAEHINEL92UL,Review requirements,In Progress,Normal,2024-08-04,Other,Synthetic follow-up activity for CRM workflow testing.,2021-04-11T07:15:45Z,0,,,003zxGqpNH4Sri6A1L,Contact
00THGjqvTxWFRWA2W3,Send workshop summary,Not Started,Normal,2026-06-14,Email,Synthetic follow-up activity for CRM workflow testing.,2021-08-07T00:20:00Z,0,001OLEw0xIyryQpQ2X,Account,003RD5gu5K35E72A7G,Contact
00Txy8HAvOR0RnWEXC,Prepare proposal,Completed,Normal,2022-08-13,Email,Synthetic follow-up activity for CRM workflow testing.,2022-10-03T08:48:38Z,1,001tvKQbYklnB9tY2P,Account,003mkJnCNNeHC7uQUC,Contact
00TbPVV6Jr3LKKf2TL,Follow up,Waiting on someone else,Normal,2023-04-03,Call,Synthetic follow-up activity for CRM workflow testing.,2022-10-18T19:18:15Z,0,001gcyiBi1aOx6uAJ7,Account,0031DHqKU2eEOyJIZZ,Contact
00T6CDzEBagUiOtEOY,Follow up,Waiting on someone else,High,2026-08-04,Call,Synthetic follow-up activity for CRM workflow testing.,2021-08-01T17:08:34Z,0,001PUaO8FLbQ5tuY7R,Account,00QF1xcDHBou9XQMEP,Lead
00T9fN7VKXbAauuU24,Prepare proposal,Not Started,Low,2022-04-27,Email,Synthetic follow-up activity for CRM workflow testing.,2025-07-11T14:11:56Z,0,80iWtir5PL9VOk7QNC,Opportunity,003ov34WJpeW8frIIQ,Contact
00T1oDDegkXchJnUKS,Prepare proposal,Deferred,Normal,2024-07-27,Email,Synthetic follow-up activity for CRM workflow testing.,2023-07-12T02:17:45Z,0,810oLjx3DaEqk2RAWB,Opportunity,003rOvdnZgTQcfAQ9W,Contact
00TFGHFUxO6aUpU2AY,Follow up,Completed,Low,2023-04-05,Other,Synthetic follow-up activity for CRM workflow testing.,2022-02-25T08:39:58Z,1,500KOXJDdMZna1KQV6,Case,003ZyeA5eXuyMXKAUE,Contact
00TJuqecXHj6Bxe2KQ,Prepare proposal,Waiting on someone else,Normal,2024-11-13,Other,Synthetic follow-up activity for CRM workflow testing.,2025-03-01T19:57:56Z,0,,,00QQ8auVCEj8a1y2FL,Lead
00Te3VTkNmsKFdMEV5,Prepare proposal,Not Started,High,2025-09-12,Other,Synthetic follow-up activity for CRM workflow testing.,2022-03-17T14:48:09Z,0,500b72LIg7U3mB2IUG,Case,003JLliZnGL5ZqZIJ6,Contact
00TIUm80vRHRX2I2YR,Review requirements,Deferred,Normal,2023-06-26,Other,Synthetic follow-up activity for CRM workflow testing.,2025-06-11T06:42:25Z,0,816QSg0GF2pqQnfIKH,Opportunity,00QwnrnlLRUdskd2ZH,Lead
00T533H5sPkaeQGUFV,Review requirements,Waiting on someone else,Low,2024-02-02,Email,Synthetic follow-up activity for CRM workflow testing.,2023-08-08T18:07:00Z,0,001BjMFM5mN692fQ0D,Account,00Q3gHjfE4qNRIo2BE,Lead
00TWoq3KZGAe5kvEI3,Follow up,Not Started,Low,2023-01-24,Email,Synthetic follow-up activity for CRM workflow testing.,2025-09-23T23:07:19Z,0,701Dpaw66va6dUvYOQ,Campaign,003SNyJjjgE6TBNYAD,Contact
00TZVMbtWwI9DLpM0P,Review requirements,Waiting on someone else,Normal,2026-01-24,Call,Synthetic follow-up activity for CRM workflow testing.,2021-03-02T18:52:41Z,0,500kyzJ6uWdVKu5QKW,Case,003wsC6L7LUvbrgAY7,Contact
00Th2qDn75LTEu92BD,Review requirements,Deferred,Normal,2023-10-31,Email,Synthetic follow-up activity for CRM workflow testing.,2022-11-06T18:52:54Z,0,500CA9jEFE27aLgARO,Case,003EDWvVYj5gAejIMY,Contact
00T1uKJR8bWu5eAU3M,Follow up,Deferred,Low,2021-06-06,Email,Synthetic follow-up activity for CRM workflow testing.,2022-08-25T09:02:36Z,0,500BnPg6KYQSlDCYOB,Case,003ZGOxuAsxdo1XY37,Contact
00Ta2z3T3GN2Td1UY1,Send workshop summary,Not Started,Low,2022-02-16,Call,Synthetic follow-up activity for CRM workflow testing.,2026-02-21T00:02:46Z,0,,,00QFBgqHaHGwXRIUDL,Lead
00T0h2l7jdtgA93UNI,Prepare proposal,Not Started,Low,2024-12-28,Other,Synthetic follow-up activity for CRM workflow testing.,2022-11-05T12:45:58Z,0,001qxvOxGkxKlKoYCS,Account,003gibM8EWLdfqIIMK,Contact
00TNKvGtQCOR2KmMXH,Send workshop summary,Not Started,High,2026-05-19,Email,Synthetic follow-up activity for CRM workflow testing.,2021-01-17T17:17:56Z,0,721L9PVNy9jMezEQVX,Opportunity,,
00T8L0law7za2s7M6Q,Prepare proposal,Waiting on someone else,High,2024-03-22,Other,Synthetic follow-up activity for CRM workflow testing.,2021-03-24T15:12:41Z,0,500Q3HBMWyorPWfIMP,Case,003Mfp4ku7pOXLnYBE,Contact
00TuQxO6UOE3PRaEN4,Follow up,Not Started,Low,2022-10-24,Email,Synthetic follow-up activity for CRM workflow testing.,2021-05-03T18:14:02Z,0,800xrloepD6l9xhY8I,Contract,003DHT1BWwla1twQJQ,Contact
00TsTrcko9QiA9D2E9,Send workshop summary,Waiting on someone else,Low,2025-04-02,Call,Synthetic follow-up activity for CRM workflow testing.,2024-10-09T04:27:21Z,0,001qn0PeVSegyj1AFD,Account,00QnjfJ0eDeiLxJMSS,Lead
00TntlyqEjz8IY5M1X,Review requirements,Waiting on someone else,High,2023-05-10,Other,Synthetic follow-up activity for CRM workflow testing.,2025-02-07T21:38:07Z,0,500WCPentHx7NkUQ94,Case,00QJvoEBT1AYJvXMJK,Lead
00TnQEakbKw08Vp2BD,Send workshop summary,Completed,Normal,2026-06-22,Email,Synthetic follow-up activity for CRM workflow testing.,2024-10-11T19:13:54Z,1,801oiHWiWEosdOGYO0,Order,003ZRmXunaCM7ErY90,Contact
00TF5BtLUvbJIz4MYO,Send workshop summary,Completed,Normal,2025-03-26,Other,Synthetic follow-up activity for CRM workflow testing.,2024-02-23T14:46:41Z,1,500a4nI12nQqAM1YL3,Case,003O70ZTNvghWTKGIL,Lead
00T7MAOBCg7CdYc2XT,Review requirements,Deferred,Normal,2022-06-05,Email,Synthetic follow-up activity for CRM workflow testing.,2023-01-06T02:52:06Z,0,500bhea7CYLwgq4QD1,Case,0039D7aXvRQGJqiITC,Contact
00T6Mbckn63HMt8EH2,Review requirements,Completed,High,2023-02-18,Call,Synthetic follow-up activity for CRM workflow testing.,2022-08-21T17:58:34Z,1,,,003PEqsLAqNvNCQY8Z,Contact
00TNuV4DiJ8afou27O,Prepare proposal,Waiting on someone else,High,2024-03-15,Other,Synthetic follow-up activity for CRM workflow testing.,2022-02-11T14:34:29Z,0,001CnMOxOxVLCc3Q42,Account,003sgR2q9AxKS7HYS0,Contact
00TcpGYdRAtqqbiU7T,Review requirements,In Progress,Low,2025-06-26,Email,Synthetic follow-up activity for CRM workflow testing.,2024-02-01T12:00:22Z,0,,,,
00TTNNuDefran6HM46,Review requirements,In Progress,Low,2024-11-02,Email,Synthetic follow-up activity for CRM workflow testing.,2023-10-09T16:13:02Z,0,,,003h5OqMJqaaRmmIQ8,Contact
00T1oSyhi4hZ67LMDT,Review requirements,In Progress,Normal,2022-11-07,Email,Synthetic follow-up activity for CRM workflow testing.,2023-10-23T20:46:21Z,0,001nrvjrS2WHC2oY9X,Account,0035IMKESbbHIf2QVT,Contact
00TTr0gGiOxjdWMM2R,Follow up,Completed,High,2025-08-24,Email,Synthetic follow-up activity for CRM workflow testing.,2024-04-16T14:00:06Z,1,500xPpIXrLrREcrI6V,Case,,
00TMya6gUEzrS8sM0Q,Send workshop summary,Deferred,High,2022-05-02,Call,Synthetic follow-up activity for CRM workflow testing.,2023-04-03T09:53:59Z,0,001PUaO8FLbQ5tuY7R,Account,003GweaslhRRyCLI5I,Contact
00TlOr9AWhz0sNw2YX,Review requirements,Not Started,Normal,2024-12-01,Email,Synthetic follow-up activity for CRM workflow testing.,2026-04-08T09:39:35Z,0,500hglr6dw0bLJSIS7,Case,00QbiaGDZ2LaUoM28S,Lead
00TcWs6siE6Xu6HUEH,Follow up,Waiting on someone else,Normal,2022-08-13,Call,Synthetic follow-up activity for CRM workflow testing.,2023-06-20T10:20:47Z,0,02iBmbfzG6eHaT2A8H,Asset,003PxCKvFkXxGxeA2X,Contact
00TJNGEsgPAqvG2E16,Send workshop summary,In Progress,Normal,2024-10-05,Email,Synthetic follow-up activity for CRM workflow testing.,2026-02-12T23:35:34Z,0,701aVdLHYNnMSttA9G,Campaign,,
00Tu7rV052diDrxEO8,Send workshop summary,Not Started,Low,2025-10-26,Other,Synthetic follow-up activity for CRM workflow testing.,2025-08-27T11:38:37Z,0,521h2dAg13tjtpzIBS,Order,003eg96PxMSDqO5Y7O,Contact
00TxbbJHal5Ci0V2JE,Send workshop summary,Deferred,Normal,2022-01-02,Call,Synthetic follow-up activity for CRM workflow testing.,2025-05-04T15:40:52Z,0,02tnP1UyY82cSyiIZD,Opportunity,0037Z1wIgcENFXbIOW,Contact
00T88fyzl43sFEVM07,Follow up,Completed,Normal,2026-07-29,Email,Synthetic follow-up activity for CRM workflow testing.,2024-08-15T09:15:09Z,1,,,003ggMWzweopnRCAD7,Contact
00TA7rEIShP7GC9U0M,Review requirements,Deferred,Normal,2021-10-26,Email,Synthetic follow-up activity for CRM workflow testing.,2025-05-11T19:46:40Z,0,001gKEIo3A4yzmLATH,Account,003xYHNKI2NMB4pI5P,Contact
00TOwKv13btKOcMM7I,Send workshop summary,Deferred,High,2025-04-25,Email,Synthetic follow-up activity for CRM workflow testing.,2025-08-31T06:49:17Z,0,001sriFmgu6lhqcIL6,Account,003uOBaSCeKAG1DIYH,Contact
00TRJbowTEMxnUPEN9,Review requirements,Not Started,Low,2022-01-02,Call,Synthetic follow-up activity for CRM workflow testing.,2024-01-16T10:05:37Z,0,001gcyiBi1aOx6uAJ7,Account,003nUmR8FGkuy87IC1,Contact
00TXfOc674CPwPF2CH,Follow up,Waiting on someone else,High,2024-03-06,Other,Synthetic follow-up activity for CRM workflow testing.,2021-05-21T00:48:55Z,0,001WiF4egJw4fFCI62,Account,,
00TLNWWm3WLJYoT2NV,Prepare proposal,Not Started,Normal,2021-10-03,Email,Synthetic follow-up activity for CRM workflow testing.,2025-11-16T19:49:41Z,0,006qsnXQBpn0hBhYLB,Opportunity,003L52iGUSEULYIQTF,Contact
00T27cfItWWUzpIEVG,Prepare proposal,Not Started,Low,2022-08-05,Call,Synthetic follow-up activity for CRM workflow testing.,2024-02-17T03:57:54Z,0,0260N5i4vuk6s1OQ49,Opportunity,003wLmgCk11X7nFIIH,Contact
00TBfYHOQ1Gg27rU93,Follow up,Not Started,High,2025-01-29,Call,Synthetic follow-up activity for CRM workflow testing.,2025-06-26T16:14:00Z,0,701R6fz0H7ZafwQI8S,Campaign,003S1qgUUuYtj54QWN,Contact
00T6NOr5HKbML6bUJZ,Follow up,Not Started,Normal,2024-01-23,Email,Synthetic follow-up activity for CRM workflow testing.,2022-09-07T13:56:43Z,0,81tQaSgZobqPtS4Q5C,Opportunity,00QTflKsP9z2AIeU9L,Lead
00TcLBxutmNsw152ZZ,Send workshop summary,In Progress,High,2022-10-12,Email,Synthetic follow-up activity for CRM workflow testing.,2024-05-04T21:29:26Z,0,80ig0h44cCZ9guhILV,Opportunity,003Szs6n0rNq7lJAF4,Contact
00TscnTomam1rYbEKI,Send workshop summary,Completed,Normal,2023-08-09,Call,Synthetic follow-up activity for CRM workflow testing.,2022-09-01T01:49:30Z,1,006BOsi2F2nXNcVIMM,Opportunity,003sRiiIXTJElH8ILC,Contact
00T2MCIXJnflV7L24X,Prepare proposal,Deferred,High,2023-06-07,Other,Synthetic follow-up activity for CRM workflow testing.,2022-09-11T07:07:59Z,0,82iZkWaeuyP8zctA0X,Opportunity,003ako1JRaHiv3YI66,Contact
00TouSoNmokYOQhMTM,Prepare proposal,Not Started,Low,2023-12-25,Other,Synthetic follow-up activity for CRM workflow testing.,2025-03-10T11:59:47Z,0,001GjfBhJ295BInY2G,Account,00QV48R0YV93EEMMYK,Lead
00T15eR6elwTAqYULW,Follow up,Deferred,Low,2023-09-14,Other,Synthetic follow-up activity for CRM workflow testing.,2025-06-10T10:14:53Z,0,50tgaEnDPMNIFBPAAE,Order,003T85cJjM9kvNXI4T,Contact
00T491iow5yEnTOMXM,Review requirements,Completed,Normal,2025-08-14,Call,Synthetic follow-up activity for CRM workflow testing.,2022-06-20T15:09:29Z,1,,,0033kWpI3o5xgVEYRX,Contact
00TOAAtclXovb2qUVI,Review requirements,Completed,High,2021-07-02,Other,Synthetic follow-up activity for CRM workflow testing.,2023-03-23T07:52:25Z,1,01txqvFsMP4bHGiIM8,Product2,003WuzASvVoY4Q6AXR,Contact
00TqzVqF24BChtCE0K,Send workshop summary,Completed,Low,2024-11-18,Call,Synthetic follow-up activity for CRM workflow testing.,2023-01-19T16:24:18Z,1,006dY4sNsWid2GRAPM,Opportunity,,
00Tr6N649rHTHYzUS4,Prepare proposal,Completed,Low,2022-10-06,Other,Synthetic follow-up activity for CRM workflow testing.,2023-09-26T16:24:14Z,1,001r2Zt5bJoZh5cI46,Account,,
00TBcq2FWBf5GuJ2LY,Follow up,Deferred,Low,2023-07-09,Email,Synthetic follow-up activity for CRM workflow testing.,2024-08-08T07:27:25Z,0,001JTximtecXZZ0IK7,Account,00QwjHG94fx2m9h23K,Lead
00TEM3ha1f5aCae2MC,Send workshop summary,Completed,Low,2022-12-21,Other,Synthetic follow-up activity for CRM workflow testing.,2021-04-26T09:21:58Z,1,,,,
00T3DcMB3FZXO2EUYM,Review requirements,Completed,Normal,2023-12-23,Call,Synthetic follow-up activity for CRM workflow testing.,2025-07-22T01:19:50Z,1,72iIgR6vwZzvAVWID9,Opportunity,003u64DMAtky5LJYER,Contact
00TPgWJOXRX3dyf24V,Follow up,Completed,High,2022-02-25,Other,Synthetic follow-up activity for CRM workflow testing.,2021-02-26T14:22:59Z,1,701fkp1RoMk6AO1AXX,Campaign,0032TQrA3bO5liLQR5,Contact
00TNrKeKh5vhOm12JL,Follow up,Not Started,Low,2023-12-06,Call,Synthetic follow-up activity for CRM workflow testing.,2022-04-13T12:38:10Z,0,016nezGYukNi6QYIZM,Opportunity,003g8C7MPRmlNHTYYN,Contact
00TKxunI2U49egiEFJ,Follow up,Not Started,High,2025-11-30,Call,Synthetic follow-up activity for CRM workflow testing.,2021-07-30T13:07:35Z,0,500qJvG0IzKzdotYNP,Case,,
00TNDFxCYwyuKydMP7,Review requirements,In Progress,Normal,2025-11-17,Call,Synthetic follow-up activity for CRM workflow testing.,2026-03-26T16:10:49Z,0,800kqWznhNaWqBLIFJ,Contract,003GweaslhRRyCLI5I,Contact
00TqmnOWzcHzcDz2S2,Send workshop summary,In Progress,Low,2024-11-08,Other,Synthetic follow-up activity for CRM workflow testing.,2021-12-08T08:15:17Z,0,02idybcVH1VrLt4YZB,Asset,,
00THsOJlImw3E80M9L,Prepare proposal,Completed,Normal,2024-09-14,Email,Synthetic follow-up activity for CRM workflow testing.,2025-11-17T06:01:46Z,1,80ig0h44cCZ9guhILV,Opportunity,001pP1IIRcMgryv82C,Lead
00TGgtyqmSnsiTWUIU,Send workshop summary,Waiting on someone else,High,2021-07-01,Other,Synthetic follow-up activity for CRM workflow testing.,2023-12-01T05:34:45Z,0,001BH0vNAlwEWFXALI,Account,003S3Xzjr6c05vhYJG,Contact
00TIi724yd2ZnArU41,Send workshop summary,Deferred,High,2026-08-10,Other,Synthetic follow-up activity for CRM workflow testing.,2023-11-09T12:49:09Z,0,001cnLEQk5pZMibQH2,Account,,
00TuCarAQvZ5FHlUOR,Send workshop summary,In Progress,High,2026-06-22,Call,Synthetic follow-up activity for CRM workflow testing.,2024-11-14T13:46:44Z,0,,,,
00T1Sk3Fr9BKxIV20N,Send workshop summary,Not Started,Normal,2025-06-15,Call,Synthetic follow-up activity for CRM workflow testing.,2021-06-08T08:51:29Z,0,,,00QVBa8QvIoFvwKUWM,Lead
00TB0FKvt9RMYc3EL6,Review requirements,Not Started,High,2021-05-12,Email,Synthetic follow-up activity for CRM workflow testing.,2026-01-02T05:08:09Z,0,001MfuiALipgsrAIEL,Account,003yrrcpwda69qaQCT,Contact
00TFJ4EyNbIfcpjMD1,Review requirements,Waiting on someone else,High,2022-05-18,Other,Synthetic follow-up activity for CRM workflow testing.,2023-01-23T19:24:29Z,0,,,003sa1sCOZNTWwDQEN,Contact
00TYlTya7xyomfLUPC,Follow up,Deferred,High,2022-08-06,Call,Synthetic follow-up activity for CRM workflow testing.,2021-10-17T15:23:23Z,0,511wLKR6pa9CynzQH6,Opportunity,003y0u0DytJUnZuQ7T,Contact
00Twp4t6joizZkcURP,Prepare proposal,Deferred,Normal,2022-10-19,Other,Synthetic follow-up activity for CRM workflow testing.,2024-02-16T15:20:29Z,0,500TEBIDjxX7GLKIQJ,Case,003gSF57GAU1jxkAFI,Contact
00TNZ8sgafytQHj228,Follow up,Not Started,Low,2021-07-14,Call,Synthetic follow-up activity for CRM workflow testing.,2025-07-15T17:00:00Z,0,500AK7DcYGk0xvXATU,Case,003i3Fet9kkPOYUAJI,Contact
00TjFIrbmcxU9C5M8L,Prepare proposal,Completed,Normal,2022-11-13,Other,Synthetic follow-up activity for CRM workflow testing.,2021-06-22T09:54:18Z,1,726XozNERgAAZDlIZ8,Opportunity,003A5vqtN4Vl7EPIM5,Contact
00T5kJHSEBmzSSiMQH,Prepare proposal,Deferred,Normal,2021-07-24,Email,Synthetic follow-up activity for CRM workflow testing.,2021-05-30T01:04:20Z,0,510zfYYMjTEzrHZQSO,Opportunity,0034B6n71XDATHeY83,Contact
00TCgyYSEctfu3LMOR,Send workshop summary,Completed,Normal,2024-10-22,Other,Synthetic follow-up activity for CRM workflow testing.,2025-05-03T16:52:43Z,1,,,003IlcpXjWSwBK2QZW,Contact
00T4v8US6RspocMUWX,Send workshop summary,Not Started,Normal,2023-03-17,Call,Synthetic follow-up activity for CRM workflow testing.,2021-03-20T20:40:49Z,0,500TRK5hDsjNN8hY1F,Case,003pnLQ548ddoLoANA,Contact
00T4mGwLZ70uzlH2ST,Prepare proposal,In Progress,High,2025-09-02,Email,Synthetic follow-up activity for CRM workflow testing.,2021-02-01T18:58:15Z,0,006NogwlUPEtFtDQKV,Opportunity,003zlDJBeSE6i1PIZ5,Contact
00TJvAogErFKcfG2EO,Follow up,Deferred,Low,2024-10-02,Call,Synthetic follow-up activity for CRM workflow testing.,2023-02-02T04:36:30Z,0,02il2mlC0rZcL6LY4U,Asset,00QDOWam0Og7jZvU2N,Lead
00T3DR8dzldAez2MVG,Send workshop summary,Deferred,High,2022-02-10,Call,Synthetic follow-up activity for CRM workflow testing.,2025-12-06T18:26:56Z,0,001pUY9CVMaLCa4YQV,Account,0037F7ZQVrLuk6jA5E,Contact
00TS4u2mlz3FqQeE0T,Prepare proposal,Completed,Normal,2025-09-07,Email,Synthetic follow-up activity for CRM workflow testing.,2021-07-08T09:26:55Z,1,500xIf1mAZoffVHAQG,Case,00QiqMMT0hs5Ucz29C,Lead
00Teub9Qylm0fE8UH7,Prepare proposal,Deferred,Low,2021-07-31,Email,Synthetic follow-up activity for CRM workflow testing.,2021-11-06T06:29:25Z,0,5003zubED8ztMOGYU2,Case,003Ub3igccER7xLUMO,Lead
00TpBPBhSSwWhQB27P,Prepare proposal,Waiting on someone else,High,2025-11-23,Call,Synthetic follow-up activity for CRM workflow testing.,2024-12-30T19:48:30Z,0,801bbycDsTUGMLLYKD,Order,003rTm7hZj8JtoNQBV,Contact
00TCmjmvOBkNRHN2OP,Follow up,Deferred,High,2021-02-18,Email,Synthetic follow-up activity for CRM workflow testing.,2026-01-03T21:04:18Z,0,006jN2Dw7tUsqmqQBB,Opportunity,,
00ThnQghNZL0Cu02QL,Review requirements,Not Started,Normal,2023-03-01,Other,Synthetic follow-up activity for CRM workflow testing.,2023-07-19T07:34:29Z,0,0018haifivYezP7QUH,Account,00QKkM4x0wCeejSMB5,Lead
00TwGWojhlY5TjTUAD,Review requirements,Not Started,High,2024-01-21,Other,Synthetic follow-up activity for CRM workflow testing.,2021-08-06T03:38:18Z,0,001qjNM8E6bbhfTQD0,Account,00QLidmsSMAFm782QJ,Lead
00T3tMCdPxvMO3320W,Prepare proposal,Completed,High,2023-01-25,Other,Synthetic follow-up activity for CRM workflow testing.,2025-06-05T18:06:02Z,1,500wrP3FKWu1E6MYGA,Case,003pf6ykyjk6JKTQTE,Contact
00T1UBReq0HJHP8EVU,Send workshop summary,In Progress,High,2024-12-10,Email,Synthetic follow-up activity for CRM workflow testing.,2024-09-26T19:25:36Z,0,811XgwwZNuhL9tDQKC,Opportunity,00Q555GU05s8D8v2G9,Lead
00Tu17mUDLUGnSCEIU,Send workshop summary,Not Started,Normal,2021-10-16,Call,Synthetic follow-up activity for CRM workflow testing.,2021-12-11T06:56:54Z,0,001x4qMeufUWlfdINO,Account,0034SeMRhZnNA4bAKM,Contact
00TqKDB4RYSUa1gMUR,Review requirements,Not Started,Normal,2022-11-05,Email,Synthetic follow-up activity for CRM workflow testing.,2022-09-06T06:52:23Z,0,01t12GHQVKMd3OWIQ5,Opportunity,003qtdY5hxm0m4uAVE,Contact
00TWgoALxsX43PT2CY,Send workshop summary,Not Started,Low,2025-11-24,Other,Synthetic follow-up activity for CRM workflow testing.,2022-03-26T03:50:16Z,0,001ViLIuvoOkEvIYR2,Account,003SCZl72BVRDqoAU1,Contact
00TKYcrRok0AahOU4T,Review requirements,Not Started,Normal,2021-07-18,Email,Synthetic follow-up activity for CRM workflow testing.,2025-08-03T08:48:19Z,0,80608LfI6eoL1PiYOU,Opportunity,,
00TsAM9byCpFXERUW0,Follow up,Waiting on someone else,High,2022-08-18,Call,Synthetic follow-up activity for CRM workflow testing.,2021-04-06T08:21:15Z,0,826CwRcjav3cDKmIJB,Opportunity,003vmqy5fND6SOaI5V,Contact
00TxrFZ8xJBVnYZUEC,Send workshop summary,Not Started,High,2026-03-04,Email,Synthetic follow-up activity for CRM workflow testing.,2021-10-09T13:29:51Z,0,01iEa511wLJYEKAAFG,Opportunity,003ACPpJ6DQepVdYPY,Contact
00T0TRPi6KClazmM8S,Follow up,In Progress,High,2026-05-08,Call,Synthetic follow-up activity for CRM workflow testing.,2025-07-27T20:31:49Z,0,001Yuy98mwACfhVANS,Account,,
00TsekdZmBjauyuU29,Review requirements,Waiting on someone else,High,2025-04-29,Email,Synthetic follow-up activity for CRM workflow testing.,2025-05-31T10:41:31Z,0,500vN71Gjhbk1IAQ3T,Case,003mz6nOplXbNe6IQ3,Contact
00TGB4dIZF5NhuUMED,Follow up,Completed,Normal,2021-05-03,Email,Synthetic follow-up activity for CRM workflow testing.,2025-12-01T09:22:07Z,1,,,003rOIPj473iJlUIZ3,Contact
00TNPuQQDGc3u7hUK0,Prepare proposal,Not Started,High,2025-02-25,Email,Synthetic follow-up activity for CRM workflow testing.,2026-05-22T14:33:54Z,0,,,003GweaslhRRyCLI5I,Contact
00TcfG3L1GqUIrfEIQ,Review requirements,Not Started,Normal,2026-07-08,Call,Synthetic follow-up activity for CRM workflow testing.,2026-03-13T15:26:56Z,0,02iTZzlraqqyffjAKO,Asset,003k4Y5lXmxalZuIH3,Contact
00TybNK5K3WQuEH2BH,Follow up,Completed,Low,2024-06-16,Call,Synthetic follow-up activity for CRM workflow testing.,2025-05-12T03:45:32Z,1,701kaNmdBiDCvfPYHU,Opportunity,003D0r5zC0keCSRAML,Contact
00TmDOfPgYLU0YsEG9,Follow up,In Progress,Normal,2023-04-21,Email,Synthetic follow-up activity for CRM workflow testing.,2021-04-26T13:32:04Z,0,,,003ElZHDbgHbq2pARJ,Contact
00TLCOvUUZ9cUBmUYF,Prepare proposal,Deferred,Low,2025-12-29,Call,Synthetic follow-up activity for CRM workflow testing.,2021-12-30T08:07:49Z,0,500Xq9tyG1HDzz9Y3S,Case,0038KaVYDLfphloIAC,Contact
00Tp2e750VcnTIREUH,Review requirements,In Progress,Low,2023-08-21,Other,Synthetic follow-up activity for CRM workflow testing.,2022-07-20T00:02:32Z,0,006lolrGmYQAjeDAYZ,Opportunity,003X7ywDdm75GXwAJZ,Contact
00TZV0q1aF8xuWzMDQ,Review requirements,Waiting on someone else,Low,2021-02-24,Call,Synthetic follow-up activity for CRM workflow testing.,2022-04-01T03:12:43Z,0,5003M4nlHoKgVCqYEX,Case,00Q0zfIspGrvM4vUZ2,Lead
00TVzz82pGhpt2NMDD,Review requirements,Deferred,High,2025-03-09,Other,Synthetic follow-up activity for CRM workflow testing.,2023-02-17T06:48:23Z,0,00175Cmy8DqQrAKINI,Account,003Wujln1WKKcf9YG0,Contact
00TqInIuC3RUBDDMHH,Review requirements,Deferred,Normal,2022-08-23,Email,Synthetic follow-up activity for CRM workflow testing.,2024-12-23T19:45:07Z,0,500xpeNKuZknpwsIFM,Case,003GweaslhRRyCLI5I,Contact
00TD28ttioVzKfb2CE,Send workshop summary,Deferred,High,2026-01-19,Call,Synthetic follow-up activity for CRM workflow testing.,2023-07-06T23:11:54Z,0,,,003ShRsGpj163ooYM7,Contact
00TBI4hWClY45zCMPI,Prepare proposal,In Progress,High,2022-02-24,Other,Synthetic follow-up activity for CRM workflow testing.,2021-02-02T18:49:10Z,0,001jIiXAhBEHXIPYQP,Account,,
00TOvBL5n8TH8kd2I8,Follow up,In Progress,Low,2026-02-02,Email,Synthetic follow-up activity for CRM workflow testing.,2023-09-18T03:43:47Z,0,500exlNou425EUSAOI,Case,0034vRnbCAh1RiuA0A,Contact
00T1GdFGspaSqqp2DP,Review requirements,Not Started,Normal,2026-04-26,Call,Synthetic follow-up activity for CRM workflow testing.,2026-03-14T02:47:56Z,0,001Ivp9E6TmWQvuQ35,Account,003JIxQoODFL9M0IVQ,Contact
00TYFDxbTh6wGM0U9C,Review requirements,Not Started,Low,2023-02-25,Other,Synthetic follow-up activity for CRM workflow testing.,2021-07-19T03:00:37Z,0,,,00Q1CkmtWejv7IK2IJ,Lead
00TvpG3vjoZE0nZEWH,Review requirements,Not Started,Normal,2025-12-09,Other,Synthetic follow-up activity for CRM workflow testing.,2022-07-02T02:26:31Z,0,0018MjZShtig55PAG6,Account,00QzSt6YatdteK2EFP,Lead
00TeVFHBH4cczw8UUO,Review requirements,Not Started,High,2022-05-30,Email,Synthetic follow-up activity for CRM workflow testing.,2025-12-01T22:45:23Z,0,8015rmrG1OGj2o6QZ0,Order,003QcJzJHpRN9DHILH,Contact
00TlFXEMghigDohMRI,Follow up,Not Started,Low,2024-09-27,Email,Synthetic follow-up activity for CRM workflow testing.,2021-07-07T04:48:10Z,0,82iSYQYHoA98FdPQOM,Opportunity,003091FMmumHlJoQPY,Contact
00TkZvos9stYEUFMMY,Prepare proposal,Deferred,Low,2026-07-08,Email,Synthetic follow-up activity for CRM workflow testing.,2023-11-08T02:17:57Z,0,006v4NgLKt1LzlOAPT,Opportunity,003rCLXjA5zuMQ9YSM,Contact
00TOPSF12IPOtQI2D6,Send workshop summary,Deferred,Normal,2021-05-21,Other,Synthetic follow-up activity for CRM workflow testing.,2024-07-09T06:32:04Z,0,5005yFgckE1ceDbIAC,Opportunity,,
00Th415jRA77TJQU4M,Prepare proposal,Completed,Normal,2021-11-14,Call,Synthetic follow-up activity for CRM workflow testing.,2022-01-24T15:44:13Z,1,,,003X7ywDdm75GXwAJZ,Contact
00Tpkg3gJPeub1r2G1,Prepare proposal,In Progress,Normal,2023-05-14,Other,Synthetic follow-up activity for CRM workflow testing.,2023-07-11T14:57:47Z,0,001u1OOodfcF8MkAB6,Opportunity,003Jel62LGmuBhAQWI,Contact
00Ty6fyhegAujgVU0U,Prepare proposal,Waiting on someone else,Normal,2022-12-14,Email,Synthetic follow-up activity for CRM workflow testing.,2021-09-22T22:47:09Z,0,,,003pDMezXbwJtrSY8M,Contact
00TOTA6toE4CxxFMBR,Send workshop summary,Deferred,Normal,2026-01-19,Email,Synthetic follow-up activity for CRM workflow testing.,2023-10-21T23:33:33Z,0,001XJBJ9looV3jVARS,Account,003RB5wkShZQjILYK9,Contact
00ThV7ZgyLJmKll242,Prepare proposal,Not Started,Low,2026-01-23,Call,Synthetic follow-up activity for CRM workflow testing.,2022-10-24T03:14:52Z,0,52tJCz8frqchjyuY71,Opportunity,0031DHqKU2eEOyJIZZ,Contact
00Tzk471prw8JIoEWP,Follow up,Completed,Low,2023-07-16,Other,Synthetic follow-up activity for CRM workflow testing.,2023-02-12T07:15:41Z,1,801xEuZGApUigHWIV2,Order,00QsFIBxxVA0H5nUU5,Lead
00TmUEMPXuoOjxr2MG,Prepare proposal,In Progress,Low,2026-03-01,Call,Synthetic follow-up activity for CRM workflow testing.,2025-09-02T15:29:36Z,0,0018MjZShtig55PAG6,Account,003S8wRLfGomGFCAY7,Contact
00TszSYUC60KFguEZZ,Prepare proposal,In Progress,High,2024-07-16,Other,Synthetic follow-up activity for CRM workflow testing.,2024-12-27T12:18:21Z,0,5005yFgckE1ceDbIAC,Opportunity,0039s3Fuj3bESMbIKS,Contact
00T9l5YhaowfZ9hMHT,Follow up,Waiting on someone else,Normal,2023-06-18,Call,Synthetic follow-up activity for CRM workflow testing.,2021-05-03T13:09:13Z,0,811AGzYwwbcrfyVQYD,Opportunity,003oKqkfdIU5Q4AYTI,Contact
00TSsY4gMR5sXmwUR8,Review requirements,Completed,High,2026-02-28,Email,Synthetic follow-up activity for CRM workflow testing.,2026-04-27T17:35:39Z,1,001WHkVb04B78wfY3Q,Account,00Qiw2Lpb0yCJXP2CR,Lead
00TvLFAMrHn0UN9EWO,Prepare proposal,Completed,Low,2025-12-05,Email,Synthetic follow-up activity for CRM workflow testing.,2022-02-09T23:44:34Z,1,50tDQAjXay993aYQ07,Opportunity,,
00TGM8Jf7atxQA2EZL,Prepare proposal,In Progress,Normal,2025-11-05,Email,Synthetic follow-up activity for CRM workflow testing.,2025-10-22T04:08:52Z,0,80iqmPYFt3m6LFIYUR,Opportunity,0037W2ucLOs8FxjAB4,Contact
00Tn2fBKDO7K22HMJE,Send workshop summary,Not Started,High,2022-09-22,Other,Synthetic follow-up activity for CRM workflow testing.,2024-04-30T18:55:46Z,0,,,00QyK8dAvEtMtgFMHC,Lead
00TVkLSLIJ7iQrQMLU,Review requirements,In Progress,Normal,2024-12-04,Email,Synthetic follow-up activity for CRM workflow testing.,2025-04-01T04:00:55Z,0,71t28amFa9oDUl7Q32,Opportunity,003MpYMZE7fF1T1AN0,Contact
00Tkbof8aeIWIYOEIP,Review requirements,Deferred,High,2022-01-22,Other,Synthetic follow-up activity for CRM workflow testing.,2023-01-01T17:17:05Z,0,01tLlltcGPITOCRAMC,Product2,00QF8Wl28NX4xwI2SN,Lead
00ToP1Icd8MLzF5E85,Follow up,Not Started,High,2023-05-07,Call,Synthetic follow-up activity for CRM workflow testing.,2024-07-02T13:07:18Z,0,52ii6xLGKZevuFNI40,Opportunity,00Q69pPeznQhNGkUXU,Lead
00TPuvKfDeK1mZIETJ,Follow up,Deferred,Normal,2024-09-20,Email,Synthetic follow-up activity for CRM workflow testing.,2021-06-06T18:55:40Z,0,500xH6PMRxNjCeUQE0,Case,003OlL6SECNDtLKYVE,Contact
00T9esfhdoBM2uPU1A,Review requirements,Completed,Normal,2026-03-31,Email,Synthetic follow-up activity for CRM workflow testing.,2022-09-28T09:11:09Z,1,7111gr5Czm59s4qQRS,Opportunity,00QMEsymcy3DtlZMFW,Lead
00TfF7q4Zn2h9ha2E9,Prepare proposal,Completed,Normal,2022-03-24,Call,Synthetic follow-up activity for CRM workflow testing.,2023-12-16T05:12:03Z,1,001XJBJ9looV3jVARS,Account,003lkvZoDDt1xdhI3W,Contact
00TQWjF8l6wqPeIUWX,Follow up,Not Started,Low,2021-11-23,Email,Synthetic follow-up activity for CRM workflow testing.,2021-12-22T21:23:18Z,0,80tJLbrdX7xrvrIIWM,Opportunity,003JZjgTCA78gcOID9,Contact
00TU10tOEqgIEgy2Y1,Follow up,Not Started,Normal,2024-08-11,Other,Synthetic follow-up activity for CRM workflow testing.,2025-07-21T15:39:59Z,0,720YuKlN0x1ulxYY2I,Opportunity,0036M9oi3OkmErTIEE,Contact
00TzHGCA9irf1ITUUV,Follow up,Deferred,Low,2023-10-16,Other,Synthetic follow-up activity for CRM workflow testing.,2024-08-16T20:56:39Z,0,500UyCGgpnadxc9AYH,Case,,
00TES8QxPHD8dVaMUW,Send workshop summary,Not Started,Low,2023-12-08,Call,Synthetic follow-up activity for CRM workflow testing.,2021-05-11T12:12:45Z,0,800Qiw8nw8drSeGAXC,Opportunity,003dhbqvcOmeH61IVE,Contact
00TNpw3xRKpGfKbE41,Review requirements,Completed,Low,2023-06-28,Other,Synthetic follow-up activity for CRM workflow testing.,2026-01-06T03:12:27Z,1,,,003SDpJKWpDC3n9Y54,Contact
00ToYIr8aECza9zM3C,Review requirements,Waiting on someone else,Low,2025-08-06,Other,Synthetic follow-up activity for CRM workflow testing.,2025-11-10T02:42:37Z,0,,,003lKSKPlBrHJCNA9T,Contact
00TCKFt0D8jx3OiE0T,Follow up,In Progress,High,2025-07-17,Other,Synthetic follow-up activity for CRM workflow testing.,2024-11-15T11:15:35Z,0,001ViLIuvoOkEvIYR2,Account,003mOiCoYGhh0YQYIV,Contact
00Twjpx19pZc179U9B,Review requirements,In Progress,Low,2023-07-05,Call,Synthetic follow-up activity for CRM workflow testing.,2024-05-08T09:52:51Z,0,001ib7FXZt0jhJBYVP,Opportunity,003IJYZzBDflswfI3D,Contact
00TnkypImF2zEUTUVK,Prepare proposal,Completed,Normal,2022-11-21,Email,Synthetic follow-up activity for CRM workflow testing.,2024-05-27T02:45:41Z,1,500vvxDwGzz6pTdA4U,Case,003jpc9fvszuIGAAIH,Contact
00TA3J39aJ7qEflMBN,Send workshop summary,Completed,High,2023-01-27,Other,Synthetic follow-up activity for CRM workflow testing.,2024-02-04T07:52:52Z,1,810bxkuzQPDh3uvAMF,Opportunity,0034sgxTTPLTPi4Y9W,Contact
00TckzsHOWCxVcFENI,Review requirements,Not Started,Normal,2025-08-12,Other,Synthetic follow-up activity for CRM workflow testing.,2023-11-25T00:02:11Z,0,516T1jyYjH3KRCII9F,Opportunity,003OZDLPzTkmS9yYFU,Contact
00TXYJwjwJl1cnEE0R,Prepare proposal,Not Started,High,2025-03-28,Other,Synthetic follow-up activity for CRM workflow testing.,2023-04-11T02:45:31Z,0,,,00QcIIFQvoh4HTA27R,Lead
00TUqH3vZFULkvTE7J,Review requirements,Completed,Normal,2023-03-08,Call,Synthetic follow-up activity for CRM workflow testing.,2024-09-17T05:19:51Z,1,51t70vLfkJeg9kRIV6,Opportunity,00Q7bhZ9eksRgiYUJ9,Lead
00T5udnGmEciJ5qMP4,Follow up,In Progress,Normal,2023-08-05,Other,Synthetic follow-up activity for CRM workflow testing.,2023-09-02T12:29:03Z,0,006WkS1a4JlN7O5QFJ,Opportunity,,
00TR6uzxNbshVQ626J,Prepare proposal,Completed,Low,2024-08-30,Call,Synthetic follow-up activity for CRM workflow testing.,2023-03-12T08:37:46Z,1,00iSq8SPerfTgkuQ4M,Opportunity,003aA33FS09arwRQXC,Contact
00TYK9szeallHskUG6,Follow up,Deferred,Normal,2021-10-16,Email,Synthetic follow-up activity for CRM workflow testing.,2024-07-14T00:30:07Z,0,500oYagPAPsWYf7IYE,Case,003BpLOEBjhtrpuQWV,Contact
00TOCN1bOZ1E58q2V2,Follow up,Deferred,Low,2023-03-07,Call,Synthetic follow-up activity for CRM workflow testing.,2025-06-27T03:32:56Z,0,02iWfou0uCAnGPqQ7J,Asset,003BfsclFccL7DZQHB,Contact
00T4Vk3sRvcwgP8MVT,Send workshop summary,In Progress,Normal,2022-01-23,Other,Synthetic follow-up activity for CRM workflow testing.,2021-06-05T11:17:48Z,0,006H5fFhSnXQnHSI4Z,Opportunity,003sGE8qPep2Bn9AY8,Contact
00TzLSDZdtCqu6TMCP,Prepare proposal,In Progress,High,2026-03-21,Call,Synthetic follow-up activity for CRM workflow testing.,2025-02-25T19:10:25Z,0,02ik9NP1ApkobcVA05,Asset,00QbhSuqtTbg2NeUON,Lead
00Tkbh4udHgMaI121I,Follow up,In Progress,High,2022-01-13,Other,Synthetic follow-up activity for CRM workflow testing.,2025-10-27T22:57:52Z,0,,,003jPwvRLumV25vQ5Y,Contact
00T6AkKSUh1fH2PMJN,Follow up,Waiting on someone else,Low,2025-12-08,Email,Synthetic follow-up activity for CRM workflow testing.,2025-07-20T10:02:54Z,0,500h1iVrQJaNFTgIHB,Case,003Mu9tTXYgpE1bAC3,Contact
00TbxD2mSsoD6Qv24U,Follow up,Deferred,Low,2023-05-04,Other,Synthetic follow-up activity for CRM workflow testing.,2026-06-15T08:39:25Z,0,,,003RFkT9hrPsRwsQDT,Contact
00TGEGc27HM0OOeUYE,Send workshop summary,Not Started,Low,2025-04-09,Other,Synthetic follow-up activity for CRM workflow testing.,2022-11-21T01:50:02Z,0,,,0033wDEOI23iGYZAMA,Contact
00TfcXogqy7tZscMNV,Prepare proposal,Deferred,Low,2022-05-13,Other,Synthetic follow-up activity for CRM workflow testing.,2021-05-16T04:29:27Z,0,500xuH9PGOisfDpISK,Case,003C3Xb79dagQlHQJL,Contact
00TXazr9uIxRwJBM4B,Send workshop summary,Not Started,Low,2021-12-25,Email,Synthetic follow-up activity for CRM workflow testing.,2025-12-29T19:48:13Z,0,5003mvP7hlvPUUvAOY,Case,,
00TylZsCznZKlxQECE,Prepare proposal,Not Started,High,2026-01-02,Other,Synthetic follow-up activity for CRM workflow testing.,2023-11-13T16:16:01Z,0,00671SdVpjtpgDaQPP,Opportunity,,
00Ts6ws0X6A98ZwU74,Send workshop summary,Deferred,Normal,2021-01-14,Email,Synthetic follow-up activity for CRM workflow testing.,2023-07-11T18:25:46Z,0,001T62ckZCl2uOfAEE,Opportunity,003bYmDBFVRb9zYI4J,Contact
00TtNumuKd4YtiQ2XG,Send workshop summary,Completed,Low,2024-09-30,Other,Synthetic follow-up activity for CRM workflow testing.,2026-03-12T23:54:02Z,1,701qSlEpW8tT5lJI6V,Campaign,00QzijsgAzbjOpyMV3,Lead
00TCqC7PmYxFa98UL5,Follow up,Waiting on someone else,Low,2025-12-06,Email,Synthetic follow-up activity for CRM workflow testing.,2021-02-25T14:16:21Z,0,50itVUNBfDJtJUBIBR,Opportunity,003qf4McL0zrGCBQZ8,Contact
00TwmVmYTvT6jO2E04,Follow up,Completed,High,2022-08-17,Email,Synthetic follow-up activity for CRM workflow testing.,2021-06-09T03:07:02Z,1,001B2d6s5HXqPpaQYB,Account,00QIUS7ZX2rIZ82E3O,Lead
00Tw4iDVGrz95bj2AA,Follow up,Completed,Low,2021-05-29,Email,Synthetic follow-up activity for CRM workflow testing.,2022-11-11T23:52:58Z,1,,,003gZazPmf37RusA5F,Contact
00T7bhysEtjmcv82L1,Prepare proposal,Not Started,Normal,2024-03-22,Call,Synthetic follow-up activity for CRM workflow testing.,2022-07-13T13:06:33Z,0,0012n9SIy3FafTfYR5,Account,003SGHtfbjI2AH1A2F,Contact
00TfwS0gE92tlipEE1,Send workshop summary,Waiting on someone else,Normal,2024-02-26,Email,Synthetic follow-up activity for CRM workflow testing.,2024-03-09T03:15:11Z,0,001PFA4WC7yjw84AX1,Account,003JiQDqPoDL4GoQTM,Contact
00T9BXiXFpMTZPb20Q,Send workshop summary,Waiting on someone else,High,2025-09-08,Other,Synthetic follow-up activity for CRM workflow testing.,2024-08-12T16:26:23Z,0,02ixO2rAvV9o4Z8YCA,Asset,003i2Cn7hctN1AWQYO,Contact
00TRNO2VINa8X8aEAS,Review requirements,In Progress,High,2026-03-05,Email,Synthetic follow-up activity for CRM workflow testing.,2022-10-29T10:35:30Z,0,,,00Q5nMtkafjyHo4E7N,Lead
00T4olZOSUHXcmME2U,Send workshop summary,Completed,Normal,2022-01-09,Call,Synthetic follow-up activity for CRM workflow testing.,2024-09-13T14:56:50Z,1,500YgEPdDEwpjQaY8A,Case,,
00T07YlEckH8rb0MP4,Follow up,Not Started,Low,2023-05-17,Call,Synthetic follow-up activity for CRM workflow testing.,2023-08-01T12:36:33Z,0,516Cx2wqpjjPwLpIDO,Opportunity,003NVY7EuWqQ3GgQ1R,Contact
00Tkruq455azVzF230,Prepare proposal,In Progress,High,2024-06-01,Email,Synthetic follow-up activity for CRM workflow testing.,2024-12-14T09:31:29Z,0,001oowXHzEaXod1YS1,Account,003BiVuwQpdIloXY64,Contact
00TSgRwkxpuC54S2FT,Review requirements,Not Started,High,2026-06-08,Email,Synthetic follow-up activity for CRM workflow testing.,2021-09-01T07:55:38Z,0,500xH6PMRxNjCeUQE0,Case,003dXy6e6uwVbwDIP6,Contact
00TVc4pmbbQEhEOUBE,Review requirements,In Progress,High,2021-12-04,Call,Synthetic follow-up activity for CRM workflow testing.,2021-07-20T21:15:09Z,0,006him88BidBWvgAE5,Opportunity,003nPbAyKFB9ieCAE2,Contact
00TJ6jyQ3QaOwbi2HR,Follow up,Not Started,High,2025-12-05,Other,Synthetic follow-up activity for CRM workflow testing.,2022-05-30T12:15:02Z,0,7019g7m2YfxR5uxQ6M,Campaign,003CYKyRRyyBLH5IV6,Contact
00TCgPPHlB629TZ29M,Prepare proposal,Not Started,Low,2023-02-22,Call,Synthetic follow-up activity for CRM workflow testing.,2023-07-30T09:36:24Z,0,001z1doamdywpaZI4C,Account,003MuGPnDYbVNeZY97,Contact
00TeZcTub7wR3bMUOP,Send workshop summary,Not Started,Normal,2026-01-31,Email,Synthetic follow-up activity for CRM workflow testing.,2025-06-24T01:52:03Z,0,01tE5PQcgk49jQkYPK,Product2,003CrWnoDeTyHhVYCB,Contact
00Ta7FQgpHut8IQM7I,Send workshop summary,Deferred,High,2025-06-06,Other,Synthetic follow-up activity for CRM workflow testing.,2021-07-23T20:46:01Z,0,0018MjZShtig55PAG6,Account,003Fkk9CMoROyBZIBL,Contact
00T84ZYuBdwerDdE9Y,Prepare proposal,In Progress,High,2021-04-04,Other,Synthetic follow-up activity for CRM workflow testing.,2022-09-09T06:15:23Z,0,701C5GBKeBniO3YY7J,Campaign,,
00T09EBP5C0y9f9MYT,Follow up,Waiting on someone else,Normal,2023-01-23,Email,Synthetic follow-up activity for CRM workflow testing.,2025-08-21T02:06:40Z,0,001BH0vNAlwEWFXALI,Account,0036RNb35ZpB1g41W7,Lead
00Tr4lkeDR5Zn8qUM1,Review requirements,In Progress,Normal,2024-07-02,Email,Synthetic follow-up activity for CRM workflow testing.,2025-01-02T05:37:51Z,0,001X50Bqc5cThUtYIX,Account,00QnD8OZscDn9fV2FB,Lead
00Ty2H6HjG2sy1b252,Prepare proposal,Completed,High,2021-08-27,Email,Synthetic follow-up activity for CRM workflow testing.,2021-07-07T16:25:29Z,1,701AQ2IkwyckslOQQH,Campaign,003IJYZzBDflswfI3D,Contact
00TOJIcodSHrOpPM1F,Prepare proposal,Deferred,High,2021-07-10,Call,Synthetic follow-up activity for CRM workflow testing.,2023-03-10T04:11:29Z,0,02iPBp0Nb0R6mwhAGE,Asset,003myiDNlyhPnhDYE5,Contact
00T01dl8YbdUfKKENP,Follow up,Not Started,High,2026-06-13,Call,Synthetic follow-up activity for CRM workflow testing.,2023-11-20T23:42:07Z,0,001jsWcaI2ueqNkQ4J,Account,,
00THZX4ZQmJHrh7EHB,Send workshop summary,Waiting on someone else,High,2026-04-10,Other,Synthetic follow-up activity for CRM workflow testing.,2026-04-19T08:29:18Z,0,8106FjDlfsJJjsuALI,Order,0039R8Ib9TvdDA2IM7,Contact
00TnYqQCXG0g3eoUEA,Review requirements,Completed,Normal,2023-02-05,Other,Synthetic follow-up activity for CRM workflow testing.,2024-05-19T10:47:37Z,1,500O5gvrCqQXvWwASF,Case,00QiX2Iaf6uBnG12O8,Lead
00T9Wpv3KqQT3TsUIZ,Follow up,Completed,Low,2025-03-18,Other,Synthetic follow-up activity for CRM workflow testing.,2026-06-21T17:26:05Z,1,001Tn3lq2OpXiyaYCN,Account,00QRInUhBC4TxAwE8C,Lead
00T3wQvdAJKXNg9UWC,Send workshop summary,Not Started,Low,2022-09-09,Call,Synthetic follow-up activity for CRM workflow testing.,2021-10-27T03:01:16Z,0,72ijgTuOQZfAKVfAUQ,Opportunity,,
00TOgboRlbw0QPQUEL,Follow up,Deferred,High,2026-02-15,Other,Synthetic follow-up activity for CRM workflow testing.,2023-06-18T04:25:56Z,0,001b6YbqymKD3ZDA0A,Account,00373EqRvAJ5BuGQVH,Contact
00Trd3z0pQZ7lo8MJL,Follow up,Deferred,Normal,2026-02-17,Call,Synthetic follow-up activity for CRM workflow testing.,2021-10-07T12:22:43Z,0,001W0PnXXJdO3tsYE6,Account,0035XXulAeWBcYeIKT,Contact
00TNckP05PVVR7yEGV,Follow up,Completed,Normal,2026-04-15,Other,Synthetic follow-up activity for CRM workflow testing.,2023-01-14T15:07:46Z,1,01tJkxkC77BNqpMI1D,Product2,,
00TR7Ve4KjUlCl3ULS,Review requirements,Waiting on someone else,Normal,2023-07-31,Other,Synthetic follow-up activity for CRM workflow testing.,2022-03-07T05:41:29Z,0,02627uJs3bLAI8fQEU,Opportunity,00Q4M5l9hfSXUmIUSG,Lead
00TWt7khuJvlAdoMWO,Review requirements,Waiting on someone else,Normal,2026-04-03,Call,Synthetic follow-up activity for CRM workflow testing.,2023-12-24T15:24:34Z,0,006MMRYM6xOguWEQLD,Opportunity,003UGv6TgrJ2iwnIYY,Contact
00T0VrDnzk0CGt8UJD,Prepare proposal,Waiting on someone else,Normal,2021-10-20,Other,Synthetic follow-up activity for CRM workflow testing.,2023-07-30T22:37:48Z,0,7010j7HiIFs5acMAA2,Campaign,003D3vomlJS5FcPAGE,Contact
00TfL37x79LP9z2MYZ,Send workshop summary,Not Started,High,2021-12-04,Call,Synthetic follow-up activity for CRM workflow testing.,2025-10-23T17:18:35Z,0,,,005js6e0hZobxkq1RN,Lead
00TMFX1P3wtPDB2ULN,Send workshop summary,Completed,High,2023-02-28,Email,Synthetic follow-up activity for CRM workflow testing.,2024-07-19T12:07:40Z,1,0065QN8cBBDCpQCYJW,Opportunity,0032DjvAUIKhn8RIQI,Contact
00TsQFZEe8CbAuWEX9,Prepare proposal,Waiting on someone else,Normal,2021-03-16,Call,Synthetic follow-up activity for CRM workflow testing.,2021-10-16T18:03:15Z,0,,,00Q7wPdPSVqkLv5U1W,Lead
00TOb9kQjXcRxFrUI3,Follow up,Not Started,Low,2024-03-17,Call,Synthetic follow-up activity for CRM workflow testing.,2021-09-07T15:33:25Z,0,500ExV0aQWUBak8A8N,Case,003DG7Ix16qlS43IC6,Contact
00Tmyb23hTpnmK9UOL,Follow up,Deferred,Normal,2022-12-02,Other,Synthetic follow-up activity for CRM workflow testing.,2025-06-26T13:00:03Z,0,,,00Q9l0PHH7HHRtXEE6,Lead
00Tzm4P5aSJFW0OMJM,Review requirements,In Progress,Low,2024-09-08,Other,Synthetic follow-up activity for CRM workflow testing.,2024-10-12T01:20:00Z,0,01tP4esz3eZDbeDAWQ,Opportunity,003IhTjEGYYSFfTY49,Contact
00TemnunTElMnTlEER,Review requirements,Deferred,Low,2022-11-16,Other,Synthetic follow-up activity for CRM workflow testing.,2021-11-29T11:02:21Z,0,701fkp1RoMk6AO1AXX,Campaign,,
00T46f6gwEfP4SaUTQ,Follow up,Deferred,High,2026-05-10,Call,Synthetic follow-up activity for CRM workflow testing.,2024-12-05T10:24:09Z,0,500lPi2ZIJ1AdrIADN,Case,,
00TALT4pea242NtMU6,Send workshop summary,Waiting on someone else,High,2021-06-13,Call,Synthetic follow-up activity for CRM workflow testing.,2024-06-15T11:18:16Z,0,,,003uwa0GaixV5VQI3X,Contact
00Tew44y24sc31DURY,Follow up,Completed,High,2021-08-16,Call,Synthetic follow-up activity for CRM workflow testing.,2022-02-26T18:43:51Z,1,,,003FoMGunubWUg2I6F,Contact
00TdDrI7wswVSUaE89,Send workshop summary,In Progress,Normal,2025-11-25,Other,Synthetic follow-up activity for CRM workflow testing.,2025-07-18T21:10:51Z,0,02iqwqJJsXiqsq9YHW,Asset,,
00T5Sopc91DPwbYEJN,Prepare proposal,Not Started,Low,2022-01-26,Email,Synthetic follow-up activity for CRM workflow testing.,2023-07-13T14:40:52Z,0,006IRDHZKx9cElBAN3,Opportunity,003psFZ8iduZzPjI3E,Contact
00TW5XR6K68iXALM1R,Follow up,In Progress,Normal,2021-05-28,Call,Synthetic follow-up activity for CRM workflow testing.,2021-02-24T10:39:59Z,0,506AofLThebLHyBA0Y,Opportunity,,
00TtVnhhmBXJLWFUTV,Send workshop summary,Deferred,Low,2025-10-01,Other,Synthetic follow-up activity for CRM workflow testing.,2022-10-01T03:27:00Z,0,001OLEw0xIyryQpQ2X,Account,003DG7Ix16qlS43IC6,Contact
00TbDQmmgyHodri2CV,Send workshop summary,Waiting on someone else,Low,2022-06-10,Email,Synthetic follow-up activity for CRM workflow testing.,2024-03-18T09:18:45Z,0,,,003H4HLUDMORMEg54Q,Lead
00TWq155vJ3MlX9EIP,Review requirements,Not Started,Normal,2024-04-30,Other,Synthetic follow-up activity for CRM workflow testing.,2022-06-07T22:56:57Z,0,500Hmn0FhVzKiRBQHV,Case,00Qx4aiXDMgDfU1UC9,Lead
00TEPIHMFyXErpA2BQ,Prepare proposal,Deferred,High,2023-02-24,Email,Synthetic follow-up activity for CRM workflow testing.,2023-10-04T10:37:06Z,0,,,00315S4jsX1OtfpY8L,Contact
00TyehoPNPeV7JeM1R,Send workshop summary,Not Started,Normal,2026-03-18,Call,Synthetic follow-up activity for CRM workflow testing.,2025-03-17T13:01:21Z,0,001JM2vogN0dvJhQHI,Account,003rN87YQtO4m2UQGR,Contact
00TepUB0G7QCYAuMWF,Prepare proposal,Deferred,High,2022-10-05,Call,Synthetic follow-up activity for CRM workflow testing.,2021-04-27T16:56:41Z,0,02iL5hSf0cp4G09YNQ,Asset,00QdJtrKBCxbYHdU7P,Lead
00T8QnFvzH6OCGAMKP,Send workshop summary,Not Started,Low,2023-08-05,Other,Synthetic follow-up activity for CRM workflow testing.,2021-05-10T00:06:36Z,0,001vXGsLaTZksTjQHC,Account,003i7AX88RSjKygAO5,Contact
00TTo6BbhMfjIoKMGX,Review requirements,Waiting on someone else,High,2022-05-10,Email,Synthetic follow-up activity for CRM workflow testing.,2021-06-21T18:57:57Z,0,500BVjE3HWVtV4kATA,Case,003s8MYKvLvCt3ZAN8,Contact
00Tu0jPVtKf3VpFM3K,Prepare proposal,Deferred,Normal,2022-04-26,Call,Synthetic follow-up activity for CRM workflow testing.,2021-07-06T15:07:24Z,0,700HXReK0YYlpwkY13,Opportunity,003EAApQ6DjAsfKYK5,Contact
00ThGl0ZXLmmj0nMD8,Follow up,Not Started,Normal,2022-01-27,Email,Synthetic follow-up activity for CRM workflow testing.,2023-05-27T05:18:04Z,0,01tnh7cbKXHRNwtAHZ,Product2,003n8HZt4NM6tD7IME,Contact
00TcpnyUAtCgF1D2FP,Prepare proposal,Not Started,High,2025-08-27,Other,Synthetic follow-up activity for CRM workflow testing.,2026-03-05T03:46:36Z,0,701qSlEpW8tT5lJI6V,Campaign,,
00T8JlGXShi0W08263,Follow up,In Progress,Normal,2026-07-22,Other,Synthetic follow-up activity for CRM workflow testing.,2024-02-21T19:15:13Z,0,500a127rBupPs9BI5O,Case,003Jyxeap6vvFMFQUT,Contact
00TfrZ0ukC11SooUMO,Prepare proposal,Waiting on someone else,Low,2022-11-07,Other,Synthetic follow-up activity for CRM workflow testing.,2023-11-29T13:35:32Z,0,006RBjkBi3QsCJ7YM1,Opportunity,00315S4jsX1OtfpY8L,Contact
00TOrfTckkf7yYWE10,Follow up,Deferred,High,2025-05-02,Other,Synthetic follow-up activity for CRM workflow testing.,2021-04-19T12:48:43Z,0,001veU1rKvNzbBRQ2J,Account,00QhH4lkDsWwAirE3H,Lead
00TMzoCXysrdviJMY9,Send workshop summary,Completed,Low,2026-08-24,Other,Synthetic follow-up activity for CRM workflow testing.,2025-02-24T04:42:29Z,1,8218gZMBYNXYLBNYM9,Opportunity,003L52iGUSEULYIQTF,Contact
00T05gHfCyt3n9cEYA,Review requirements,In Progress,Low,2023-01-26,Other,Synthetic follow-up activity for CRM workflow testing.,2025-04-08T04:33:16Z,0,001Yuy98mwACfhVANS,Account,003B2rnKtJWVxnSYYD,Contact
00TkedmFYDATdvT2XJ,Prepare proposal,In Progress,Normal,2021-12-17,Other,Synthetic follow-up activity for CRM workflow testing.,2023-11-04T01:57:11Z,0,701AQ2IkwyckslOQQH,Campaign,003kxeIbYRarc1MYRV,Contact
00T3aiWLOapQdb82KN,Prepare proposal,Completed,Low,2022-08-25,Email,Synthetic follow-up activity for CRM workflow testing.,2025-03-02T06:54:37Z,1,801xzslKzwkt6m3Q8J,Order,003uJwtjEr9zwIHQ67,Contact
00Tf1Fq4x4Z3ntBMRT,Review requirements,Completed,High,2024-04-27,Other,Synthetic follow-up activity for CRM workflow testing.,2021-12-11T08:06:35Z,1,,,003hMDunMjNslIVQ8V,Contact
00TPV6z9N5p0g3R2TN,Send workshop summary,Deferred,Normal,2021-10-01,Email,Synthetic follow-up activity for CRM workflow testing.,2024-12-05T21:47:14Z,0,001Tn3lq2OpXiyaYCN,Account,003z4mCRo6uXiQXY1T,Contact
00T6vk49JoOC9EzU5K,Prepare proposal,Deferred,High,2026-01-05,Email,Synthetic follow-up activity for CRM workflow testing.,2026-05-17T12:16:59Z,0,006rPsu3iav7FCLQ6P,Opportunity,003FoMGunubWUg2I6F,Contact
00Tbys6y6GFCmjkULD,Review requirements,Waiting on someone else,Low,2024-04-19,Other,Synthetic follow-up activity for CRM workflow testing.,2023-08-29T08:38:10Z,0,5004WS7S5UmRHxmQKP,Case,0038hPjiyLY5KZaIZG,Contact
00TQaXVLXv8qIreUDL,Follow up,Deferred,Low,2021-08-01,Other,Synthetic follow-up activity for CRM workflow testing.,2023-09-26T05:35:40Z,0,001JTximtecXZZ0IK7,Account,00QmdYLqTIRVZLDE3M,Lead
00Tjhu8nUnaktbZMUC,Review requirements,Waiting on someone else,Normal,2026-07-13,Call,Synthetic follow-up activity for CRM workflow testing.,2023-12-04T20:29:38Z,0,0018MjZShtig55PAG6,Account,003SkZgQfyAEZsPL23,Lead
00TDwc8PZvHej1IMIM,Follow up,Completed,Low,2023-07-24,Other,Synthetic follow-up activity for CRM workflow testing.,2021-07-23T00:32:33Z,1,001pTLwbTFSx0AVIHA,Account,003GweaslhRRyCLI5I,Contact
00TniOh5iurSJ5iU15,Review requirements,Not Started,Normal,2023-10-02,Other,Synthetic follow-up activity for CRM workflow testing.,2024-11-21T05:52:48Z,0,500UKEVpjJUq1rrAL4,Case,00Q4ME1A5GyvPzRM7P,Lead
00TGUIj0ASBm3du230,Prepare proposal,Deferred,High,2021-05-27,Other,Synthetic follow-up activity for CRM workflow testing.,2022-03-22T11:20:29Z,0,500sV1cGk78RQolQL3,Case,003WuzASvVoY4Q6AXR,Contact
00TwaHkjTJLnMxwMPI,Prepare proposal,Deferred,High,2021-07-04,Other,Synthetic follow-up activity for CRM workflow testing.,2026-01-24T01:35:52Z,0,01i9H3v1jwLj12rYWG,Opportunity,,
00Tl449nwgcjQ2FM0I,Send workshop summary,Deferred,High,2026-02-03,Other,Synthetic follow-up activity for CRM workflow testing.,2025-12-15T23:20:13Z,0,500owKYG8Yi0w24YC9,Case,003VMr2dUUitVLPA5B,Contact
00TjmMKWROqt8dx2A2,Review requirements,In Progress,Low,2022-04-16,Email,Synthetic follow-up activity for CRM workflow testing.,2021-01-17T12:47:12Z,0,001pUY9CVMaLCa4YQV,Account,003MhRwdKWCgfJ2Q47,Contact
00TJnBxgWW0oJarMKQ,Send workshop summary,Deferred,High,2023-04-01,Other,Synthetic follow-up activity for CRM workflow testing.,2022-04-26T15:20:00Z,0,00txYFedtVRgVWeY2M,Opportunity,,
00TP4hhZGAbB1RZEB7,Review requirements,In Progress,High,2024-09-25,Email,Synthetic follow-up activity for CRM workflow testing.,2024-10-07T05:12:49Z,0,02iRguEqiU5cuGSAEQ,Asset,003GweaslhRRyCLI5I,Contact
00TXtfJiAw5sFQp2OM,Follow up,Not Started,Low,2025-12-27,Other,Synthetic follow-up activity for CRM workflow testing.,2021-02-26T01:08:50Z,0,,,003vlJeGey2MqXSAKZ,Contact
00TXdAwX02ZDCeMM6A,Send workshop summary,Not Started,Low,2025-05-09,Other,Synthetic follow-up activity for CRM workflow testing.,2025-02-03T13:28:41Z,0,7014xC7ldfv7uGYYZO,Campaign,,
00Tq3OFc4NKTiVhEFS,Prepare proposal,In Progress,High,2026-03-24,Call,Synthetic follow-up activity for CRM workflow testing.,2025-07-03T15:45:15Z,0,500uq6VSoCl3YfgQWQ,Case,00Qk87ZZYzWMIkjEXD,Lead
00TQVAVFDjbVvuiEK7,Prepare proposal,Not Started,High,2024-01-24,Email,Synthetic follow-up activity for CRM workflow testing.,2022-11-21T23:22:02Z,0,500YBG3wIlKw2TtA66,Order,003ZxD9O5JnqIAYQDK,Contact
00TGcSC7kHmkEjAU9L,Send workshop summary,Completed,Normal,2026-05-20,Call,Synthetic follow-up activity for CRM workflow testing.,2023-01-20T00:09:39Z,1,02ibVgtErWXlSuNABH,Asset,0031hsI8yhK8t9wA42,Contact
00TiAJ6LBwFeYLtUX0,Prepare proposal,Completed,High,2026-06-08,Call,Synthetic follow-up activity for CRM workflow testing.,2023-08-24T05:45:16Z,1,006Don2vq9WqhYJQIR,Opportunity,003uhAfHhn2QyORAOH,Contact
00Tfyx16bjVd2zQ26O,Send workshop summary,Completed,Low,2025-02-04,Email,Synthetic follow-up activity for CRM workflow testing.,2026-01-09T01:30:06Z,1,500drjrv3ZCp0g7AY6,Case,,
00TgKx9BajKwlTEEOT,Prepare proposal,Not Started,High,2021-04-01,Call,Synthetic follow-up activity for CRM workflow testing.,2023-02-20T23:01:33Z,0,001FVBcrH6719XQAUS,Account,003QpUbKtwmcJ3HY8B,Contact
00Tx2tuky7KFBAg2BG,Review requirements,Waiting on someone else,Normal,2025-03-21,Email,Synthetic follow-up activity for CRM workflow testing.,2024-09-19T04:17:46Z,0,001z1doamdywpaZI4C,Account,003HqAZbrKP9ifUAAB,Contact
00TnUA0oZ4PHIEvUX6,Prepare proposal,In Progress,Low,2022-01-29,Call,Synthetic follow-up activity for CRM workflow testing.,2022-12-05T10:56:06Z,0,,,003AWiA5w6U96FlA3S,Contact
00T2Q4wPc4P5WxzE8B,Review requirements,Completed,Normal,2023-10-21,Call,Synthetic follow-up activity for CRM workflow testing.,2021-11-03T13:06:48Z,1,500nTrtzxvkUCF1AET,Case,0038oFGKzJI7cNZIA6,Contact
00TE5aLi9h5OSsVMY5,Send workshop summary,Deferred,High,2022-11-07,Call,Synthetic follow-up activity for CRM workflow testing.,2021-01-17T05:41:46Z,0,006csbwE77CaSuXQOW,Opportunity,003f49vfpd9cSwXA6F,Contact
00T54DO1C09OXC2UUI,Prepare proposal,Waiting on someone else,High,2025-09-15,Email,Synthetic follow-up activity for CRM workflow testing.,2021-04-15T17:21:38Z,0,006Jwsa3eFMG33rQAI,Opportunity,003Ec66kiJL5qvrYM5,Contact
00TQMypLNPwMVHEUMI,Send workshop summary,Deferred,Normal,2021-11-27,Call,Synthetic follow-up activity for CRM workflow testing.,2021-03-18T23:16:14Z,0,500s6SZGPcoRjobA9H,Case,,
00TjpkPlSh6xv7bE7H,Review requirements,Waiting on someone else,Low,2021-10-20,Other,Synthetic follow-up activity for CRM workflow testing.,2024-02-15T12:37:39Z,0,0019laP52dnqWh3AF4,Account,003dl4F05Fdtn0bIN6,Contact
00T855ghpNAmn772VY,Follow up,Not Started,High,2022-05-21,Other,Synthetic follow-up activity for CRM workflow testing.,2022-04-06T09:34:29Z,0,,,,
00TH0xLZt5Le1A4ED1,Prepare proposal,Deferred,High,2026-08-04,Call,Synthetic follow-up activity for CRM workflow testing.,2026-05-07T09:16:49Z,0,50061TEvyTCbcFGA3Y,Opportunity,00QJ9lAI9CzwAGfMAT,Lead
00TSVihGgjo73vJEVD,Follow up,Deferred,High,2023-08-18,Call,Synthetic follow-up activity for CRM workflow testing.,2026-05-28T08:47:17Z,0,,,003qZ2BFiYFEDWNAQ2,Contact
00T4i3N3AAGM1OyMOY,Prepare proposal,Waiting on someone else,Normal,2026-03-27,Call,Synthetic follow-up activity for CRM workflow testing.,2023-07-20T23:49:30Z,0,01t85nYRxCpN60QICS,Product2,003A35ZnnYpTFfeYG4,Contact
00TSXQ4iAux1gYXMF4,Follow up,Deferred,Normal,2023-11-03,Email,Synthetic follow-up activity for CRM workflow testing.,2024-03-27T03:52:10Z,0,72icO5RiRBZflxQYYM,Opportunity,,
00Tj2TcYGMrlfPO22U,Prepare proposal,Not Started,High,2022-02-28,Email,Synthetic follow-up activity for CRM workflow testing.,2023-12-27T14:35:46Z,0,,,003UMEcKvJcUgurQ6P,Contact
00ThNquSg54ydKMEXB,Prepare proposal,Not Started,Low,2021-08-04,Email,Synthetic follow-up activity for CRM workflow testing.,2021-09-17T23:56:05Z,0,801c47gZXmga2DpIIT,Order,003S8CPTh68SHogIQ8,Contact
00TmkqGG1KIBDe2EWW,Prepare proposal,Waiting on someone else,Low,2022-02-28,Email,Synthetic follow-up activity for CRM workflow testing.,2023-01-05T09:17:36Z,0,006rm6acotUVy8XIRX,Opportunity,003HfRHZstikM70IAV,Contact
00TCLxuhjNfsaWyUDV,Review requirements,Waiting on someone else,High,2025-07-20,Email,Synthetic follow-up activity for CRM workflow testing.,2023-03-02T09:16:24Z,0,006gB9wvQnV0b9WIDU,Opportunity,00Qmlsyxarlph1JUFP,Lead
00TqJotKJdDlKpgUZ4,Follow up,Deferred,Low,2025-11-18,Other,Synthetic follow-up activity for CRM workflow testing.,2022-06-26T15:25:43Z,0,801n9nChumjQUT7Q7I,Order,003rn9LQyie8Bi9QKZ,Contact
00Tnv0qYZAMyhOd2TU,Follow up,Waiting on someone else,Low,2021-11-29,Other,Synthetic follow-up activity for CRM workflow testing.,2022-06-25T09:32:13Z,0,500a71OgRKKcEaWIIJ,Case,003GweaslhRRyCLI5I,Contact
00TZ7b4HtYrGrI1UEK,Follow up,Waiting on someone else,Normal,2024-12-29,Call,Synthetic follow-up activity for CRM workflow testing.,2021-02-15T06:51:54Z,0,8008VR87WA8PEdGIS6,Contract,0038gJHvjeY2Oe1A8W,Contact
00TVGGpEMdYn7C5UVT,Send workshop summary,Not Started,Low,2024-11-20,Email,Synthetic follow-up activity for CRM workflow testing.,2025-02-12T23:11:27Z,0,500pYpwlQAH3zctATP,Case,003DguSTXMnFhemYKP,Contact
00Tv3jJkEY9dfdVU1L,Prepare proposal,Deferred,Normal,2024-04-08,Email,Synthetic follow-up activity for CRM workflow testing.,2022-08-09T08:29:06Z,0,02iaAkbj2ih5zMtQ9Y,Asset,,
00TZ0wMVE0vuGG9UN4,Review requirements,In Progress,High,2024-08-15,Other,Synthetic follow-up activity for CRM workflow testing.,2025-01-01T12:29:49Z,0,500uEujDbzBKF3DI8G,Case,003VtDmSNTLupDqAIS,Contact
00ThUZLMwxsf3QhMAK,Send workshop summary,Completed,Normal,2023-01-29,Other,Synthetic follow-up activity for CRM workflow testing.,2021-08-26T19:53:58Z,1,001jIiXAhBEHXIPYQP,Account,0037hhldh7dgr24A9I,Contact
00Te4wjWmwhISk82OU,Review requirements,Deferred,Low,2026-04-21,Email,Synthetic follow-up activity for CRM workflow testing.,2022-06-12T13:36:39Z,0,800IzBADA7mOjsmA4O,Opportunity,003UCatH93ztwEVQ2Q,Contact
00TbiJ2n9MajKsDUFO,Send workshop summary,Completed,High,2022-08-10,Other,Synthetic follow-up activity for CRM workflow testing.,2021-10-26T19:19:51Z,1,506lz24Tb5X9TnaY3R,Opportunity,00QYE0K5ncPMXdBUDZ,Lead
00Tri6LrKB3cDGDUVN,Prepare proposal,In Progress,Normal,2021-02-28,Email,Synthetic follow-up activity for CRM workflow testing.,2022-06-02T22:42:23Z,0,02ipbXHesKEDwMuQIY,Asset,003rDfKHYUrhrwFYLU,Contact
00TyRaj5ZZc8G2h2YX,Send workshop summary,Deferred,High,2024-09-10,Other,Synthetic follow-up activity for CRM workflow testing.,2022-05-05T21:18:31Z,0,806V7swO5MkeMkbQKK,Order,003HyElyrwbdqT8QAZ,Contact
00TEY50MMtM1NY5EDT,Follow up,Completed,Low,2024-10-06,Email,Synthetic follow-up activity for CRM workflow testing.,2025-06-29T04:28:22Z,1,,,003cU8L4V0sTv4CYM8,Contact
00THzFLlJyvsr1T22V,Prepare proposal,In Progress,High,2022-05-15,Email,Synthetic follow-up activity for CRM workflow testing.,2022-05-17T08:37:50Z,0,5005Nrq1RMv4mQvYLT,Case,005GbNCtnjvL8Lz4HU,Lead
00T6AjucjydShaiU5E,Follow up,Completed,High,2025-01-22,Email,Synthetic follow-up activity for CRM workflow testing.,2024-09-14T00:42:38Z,1,500ZTi5dNbBFgzeAVC,Case,003v5R0JIimNeViI1D,Contact
00TKAsfN7f6R2UE2GX,Prepare proposal,Deferred,High,2021-06-09,Call,Synthetic follow-up activity for CRM workflow testing.,2023-11-24T10:19:06Z,0,001X50Bqc5cThUtYIX,Account,003Xe5rt4wZIpq2YTG,Contact
00TEKTnwJ45p1WSMIY,Send workshop summary,In Progress,High,2026-07-03,Email,Synthetic follow-up activity for CRM workflow testing.,2023-12-17T17:02:00Z,0,001FifSg7G2gzZrY2M,Account,00QKw80j9TZ40VUEJI,Lead
00Tqiv3qMb6slhpEVN,Follow up,Completed,High,2024-09-28,Call,Synthetic follow-up activity for CRM workflow testing.,2024-06-03T13:22:57Z,1,001avRKkn0zGBkGQ4J,Account,,
00TDhXXNtmmaDuD2HO,Follow up,Deferred,High,2024-11-09,Email,Synthetic follow-up activity for CRM workflow testing.,2023-11-19T16:06:24Z,0,001Xr4ot1oG2AteQ4O,Account,003hYM21azNCP10ID1,Contact
00TKMOHpYwXNih3URA,Follow up,Not Started,Normal,2022-08-28,Email,Synthetic follow-up activity for CRM workflow testing.,2021-12-03T13:54:19Z,0,001z1doamdywpaZI4C,Account,00QZZJkuERgX5m1E9B,Lead
00TjcswkbVtYQoE26O,Send workshop summary,Completed,High,2025-10-25,Email,Synthetic follow-up activity for CRM workflow testing.,2025-03-09T02:18:45Z,1,02ijqd0s7KTa23DYKE,Asset,,
00TI0BnWy1KoWrKUI5,Prepare proposal,Not Started,Normal,2024-03-20,Call,Synthetic follow-up activity for CRM workflow testing.,2024-12-24T17:45:12Z,0,721nsMnwjgQDZK1A3R,Opportunity,003XNoGMIPTvl16ANC,Contact
00TKbuJPqljGASt23I,Prepare proposal,Not Started,Normal,2022-08-04,Call,Synthetic follow-up activity for CRM workflow testing.,2025-08-26T16:46:27Z,0,701dYnYIqY2uFSNQNW,Campaign,003PcLfD8joXRqdQ17,Contact
00Trle5LvNAeZL4E8U,Review requirements,Waiting on someone else,Low,2024-01-01,Other,Synthetic follow-up activity for CRM workflow testing.,2026-06-08T22:31:09Z,0,02i5nAxBj1Ipv1CATP,Asset,,
00T1HBb2J0PJGlcEAC,Review requirements,Completed,Normal,2021-11-23,Email,Synthetic follow-up activity for CRM workflow testing.,2021-04-05T16:09:21Z,1,01toErtMLFCN4nLAFG,Product2,003u2f5oGPzB7zdA0X,Contact
00TOdeFhzf3cJG2M7E,Send workshop summary,Completed,High,2024-10-21,Call,Synthetic follow-up activity for CRM workflow testing.,2025-01-18T03:48:49Z,1,701xpHq35ZSnJpBQKY,Campaign,003C6A2ICEcjkLfY4J,Contact
00TvTfMo9cxsifdUAT,Follow up,Deferred,Low,2025-09-14,Call,Synthetic follow-up activity for CRM workflow testing.,2022-07-25T19:19:40Z,0,001X5lK5MbsgblUIV7,Account,003WEgjwl1vIvbnIIG,Contact
00TaGv2IzEseFr3ELQ,Review requirements,Completed,High,2023-02-03,Other,Synthetic follow-up activity for CRM workflow testing.,2021-10-03T10:00:52Z,1,0018MjZShtig55PAG6,Account,00Qq7YZHHj0rbeXMFF,Lead
00TsRVK6jVTViLoEQZ,Send workshop summary,Waiting on someone else,Normal,2022-06-04,Other,Synthetic follow-up activity for CRM workflow testing.,2023-03-04T22:32:46Z,0,02iw42vrSHmTDwmQU4,Asset,003lAaW56mi7TofAUG,Contact
00TVjPEHvGereIyEC3,Send workshop summary,In Progress,Normal,2025-11-09,Email,Synthetic follow-up activity for CRM workflow testing.,2021-02-08T12:11:23Z,0,0014rAjCuliftUBIPG,Account,0034IqaYpR2BEBFBEA,Lead
00TDEte9SLz6OuTEHZ,Follow up,Completed,Normal,2025-09-25,Other,Synthetic follow-up activity for CRM workflow testing.,2022-10-05T20:12:30Z,1,7012gLtQpc999YmQNW,Campaign,003uvZvc1h4sYnSYKT,Contact
00T5RzB96DRFIwJE3I,Prepare proposal,Waiting on someone else,High,2026-04-27,Other,Synthetic follow-up activity for CRM workflow testing.,2024-09-20T02:20:29Z,0,500WRMObZm1dfKiAR6,Case,,
00TzV9pGpyjqkDnMJZ,Send workshop summary,In Progress,Low,2024-11-30,Email,Synthetic follow-up activity for CRM workflow testing.,2021-07-24T06:30:55Z,0,006VqFLsQXSeznYAJW,Opportunity,0034B6n71XDATHeY83,Contact
00T9fiIhaWewpDKU3F,Prepare proposal,Completed,Normal,2024-10-23,Call,Synthetic follow-up activity for CRM workflow testing.,2023-03-07T21:31:30Z,1,801y1rRqSpXCNUdIL2,Order,003AqyY2IfcYiBkQLX,Contact
00TLAwJZkSzTmAuUP3,Prepare proposal,In Progress,Normal,2023-07-18,Other,Synthetic follow-up activity for CRM workflow testing.,2025-05-18T21:28:13Z,0,001CfmgfK8c5I6aQSB,Account,003YqooDEA6F92hACU,Contact
00Ta7EJalAma5z9MVA,Review requirements,Deferred,High,2026-02-09,Call,Synthetic follow-up activity for CRM workflow testing.,2025-09-15T11:10:13Z,0,02iTBVsSV4ZDxdwQW9,Asset,,
00TMVn66fPPbtIO2LU,Send workshop summary,Deferred,High,2023-01-08,Email,Synthetic follow-up activity for CRM workflow testing.,2023-06-08T21:27:54Z,0,001XFpYyxD2bjtqY54,Account,,
00THUTLfBWNEBrjUEL,Review requirements,Waiting on someone else,Normal,2023-02-24,Email,Synthetic follow-up activity for CRM workflow testing.,2022-09-28T14:33:34Z,0,02iF2LlCHI85TpIA5T,Asset,003bUNcpcDfbmERAX3,Contact
00T8FnHZ5J6oExQMAQ,Follow up,Deferred,Normal,2022-11-04,Email,Synthetic follow-up activity for CRM workflow testing.,2023-10-30T19:45:02Z,0,8004rrOafJgU22mIN0,Contract,003NSNqWcJh2Q74I73,Contact
00TjkXpUHMudMqJM2K,Review requirements,Waiting on someone else,Low,2022-04-05,Email,Synthetic follow-up activity for CRM workflow testing.,2024-03-20T12:14:58Z,0,710OWlhgQBz1dgiQSB,Opportunity,003Tq49jYGnYlYbYDW,Contact
00TKy5gc3zTmJpq245,Send workshop summary,Not Started,Normal,2025-07-11,Call,Synthetic follow-up activity for CRM workflow testing.,2025-10-02T13:22:44Z,0,500wrP3FKWu1E6MYGA,Case,00Qe6tUN7C0nmt1U8Q,Lead
00TaFAAIHwyj60NE4N,Follow up,In Progress,Low,2024-01-08,Call,Synthetic follow-up activity for CRM workflow testing.,2023-10-20T06:41:53Z,0,001smmPkB9oOSZnIQW,Account,00QscECBvGvaTmSMSA,Lead
00TU1bAyMK2VfEF26U,Follow up,In Progress,Normal,2022-11-24,Email,Synthetic follow-up activity for CRM workflow testing.,2022-12-14T03:11:13Z,0,001ViLIuvoOkEvIYR2,Account,003GweaslhRRyCLI5I,Contact
00T39Q8CRMyPJA1ULM,Follow up,Completed,High,2022-07-23,Call,Synthetic follow-up activity for CRM workflow testing.,2025-10-10T01:02:49Z,1,5008DonfP0o2MK4IC9,Case,003IATjwBrkrxicAUT,Contact
00T2I4mBLjdxG96UWI,Follow up,Completed,Low,2022-12-04,Email,Synthetic follow-up activity for CRM workflow testing.,2025-10-30T23:13:39Z,1,50025Bq5SGCYkr5QZW,Case,,
00TS0lmArRyNpx1MUG,Send workshop summary,In Progress,Normal,2025-01-07,Email,Synthetic follow-up activity for CRM workflow testing.,2022-11-11T15:48:32Z,0,81t5gLsXEkTMNZIYQY,Opportunity,,
00TNpwWCQt6vSbNM0Z,Follow up,Deferred,High,2026-05-13,Call,Synthetic follow-up activity for CRM workflow testing.,2025-02-28T14:21:15Z,0,50itVUNBfDJtJUBIBR,Opportunity,,
00Tq9TjBODfFdGXUGR,Send workshop summary,Deferred,High,2021-10-23,Email,Synthetic follow-up activity for CRM workflow testing.,2023-08-30T23:46:03Z,0,5006kFTyXxwVux9ILJ,Case,003cuTGE1DhOEKZQCC,Contact
00TmBTTdn1smYGNU2I,Follow up,Not Started,Normal,2021-07-28,Other,Synthetic follow-up activity for CRM workflow testing.,2025-11-29T10:30:56Z,0,,,00QOnMpVaa75bNLUQL,Lead
00TDBRHDMvGxVFtM3V,Prepare proposal,Deferred,Low,2022-02-13,Call,Synthetic follow-up activity for CRM workflow testing.,2021-09-06T12:49:54Z,0,,,00Q2WghFDRJsW8CEHA,Lead
00TIZspjntuNWGj2F6,Send workshop summary,Deferred,Low,2023-09-24,Call,Synthetic follow-up activity for CRM workflow testing.,2022-05-19T14:39:54Z,0,500Ikaf5tm5NsfcYXC,Case,,
00TajkdSQwQKa4I25F,Review requirements,Not Started,Normal,2022-01-14,Email,Synthetic follow-up activity for CRM workflow testing.,2023-05-30T04:15:39Z,0,02ioqy7bPmRfgcCAT7,Asset,0032Yekptbcp9qDAND,Lead
00T50ILPPRf0KKmUQI,Review requirements,Waiting on someone else,Low,2025-10-24,Email,Synthetic follow-up activity for CRM workflow testing.,2023-08-22T10:10:39Z,0,001CQsu3nn5gAVpQ7B,Account,003JT1QIxPg3Up0QZ6,Contact
00TjY3Ee2kuRXF1MX4,Prepare proposal,Waiting on someone else,Low,2025-09-17,Other,Synthetic follow-up activity for CRM workflow testing.,2023-09-28T15:50:06Z,0,7016JVvcTYMBRjjQNA,Campaign,003URlnxMHsDiDPQ7H,Contact
00TjCFs01MhezplUK9,Send workshop summary,Waiting on someone else,Low,2021-11-10,Other,Synthetic follow-up activity for CRM workflow testing.,2023-06-08T07:09:42Z,0,00152hx60eiLsO2QGQ,Account,,
00T1wY1J3KH3s2yU24,Follow up,Completed,Normal,2024-11-07,Other,Synthetic follow-up activity for CRM workflow testing.,2021-04-22T21:49:03Z,1,500Q2cTozA6h6POIBP,Opportunity,003cQYFJhLOFpaDATG,Contact
00TG5v36GZytaMdUBV,Prepare proposal,Waiting on someone else,Normal,2025-11-21,Other,Synthetic follow-up activity for CRM workflow testing.,2026-03-18T16:00:55Z,0,001X3Yql9lqICvlQUO,Account,003t59Q046U5DdBQBI,Contact
00TyrcfFBJyNssqU0Q,Send workshop summary,Deferred,Normal,2024-01-19,Email,Synthetic follow-up activity for CRM workflow testing.,2026-03-18T13:14:02Z,0,500b7WkeETd1S8pY8L,Case,003Jr5qtRIQeLp8AP6,Contact
00TjnkjxQNThfLtMIQ,Follow up,Deferred,Normal,2021-08-02,Other,Synthetic follow-up activity for CRM workflow testing.,2024-03-09T00:16:22Z,0,0013e2Rh2QW4yB5YBM,Account,003NaKmR8suQAnkI7R,Contact
00TSigq4CpXy74BULB,Follow up,Deferred,Normal,2023-11-11,Call,Synthetic follow-up activity for CRM workflow testing.,2022-06-04T16:38:32Z,0,,,,
00TqRVWt5JQcnFnUEH,Send workshop summary,In Progress,High,2024-09-03,Other,Synthetic follow-up activity for CRM workflow testing.,2021-11-21T02:11:44Z,0,001vuI7W5NKUSqVAGG,Account,00QbnncQWlTONvuUV2,Lead
00TS6Un1JUw3Y4EU38,Follow up,Deferred,Normal,2024-06-07,Call,Synthetic follow-up activity for CRM workflow testing.,2025-04-02T08:44:35Z,0,020HoV5X6OcTr3rI9R,Opportunity,003BxoQAfxO1TrZYEW,Contact
00TOjoqOLIBIkAtMC8,Send workshop summary,Completed,Normal,2024-02-02,Email,Synthetic follow-up activity for CRM workflow testing.,2026-05-07T16:41:06Z,1,,,00QV2c2pIpLLweVM9R,Lead
00TeNoeE4CLWt34UBT,Send workshop summary,Waiting on someone else,Normal,2022-01-31,Other,Synthetic follow-up activity for CRM workflow testing.,2025-10-28T07:36:33Z,0,001TgK7Trt797foQCB,Account,003gceY71ZavIIHILB,Contact
00TlkA6r2V8YlaFUD6,Prepare proposal,Not Started,High,2024-04-05,Email,Synthetic follow-up activity for CRM workflow testing.,2022-01-14T00:38:56Z,0,500Hw7SJvKNZJOdQML,Case,003RXAjrIEuybuWI16,Contact
00TY2mxACgLLexmMLJ,Review requirements,Completed,High,2025-11-11,Call,Synthetic follow-up activity for CRM workflow testing.,2022-10-29T18:58:33Z,1,001WHkVb04B78wfY3Q,Account,00QtKEM9YI3MUkiM65,Lead
00TkpFBJNWoFuAbUJ5,Send workshop summary,Completed,Normal,2021-08-13,Email,Synthetic follow-up activity for CRM workflow testing.,2024-10-27T09:09:35Z,1,80ig0h44cCZ9guhILV,Opportunity,003pcRlDe14IHILAL9,Contact
00TlCB4gnBNosrDEV3,Prepare proposal,Deferred,Low,2024-11-22,Other,Synthetic follow-up activity for CRM workflow testing.,2021-02-03T21:51:29Z,0,0010APGD8asQ2PkIS9,Account,003GZMiGhmxCKWdILH,Contact
00TjPvXesxbOmjzEUE,Review requirements,Completed,Low,2025-02-02,Email,Synthetic follow-up activity for CRM workflow testing.,2024-11-22T22:10:57Z,1,001RiZCg1UERbAvQWO,Account,0035aGnJu9oBcVHILJ,Contact
00TuYpK5mg1l6Bk2DM,Review requirements,Waiting on someone else,High,2022-07-22,Other,Synthetic follow-up activity for CRM workflow testing.,2026-01-31T06:28:00Z,0,001OyqT9LtQtE0fYGU,Account,003EGUHqPYObg5zQF1,Contact
00TVyUjCf6COYhB2AA,Send workshop summary,Completed,Low,2022-10-23,Email,Synthetic follow-up activity for CRM workflow testing.,2024-04-21T06:18:37Z,1,500aEstcaON9fMKI50,Case,003z0SFUtDimbQwAKL,Contact
00TwUtCLFKDuIGB23H,Follow up,Not Started,Low,2025-09-28,Call,Synthetic follow-up activity for CRM workflow testing.,2026-02-16T13:08:31Z,0,500XPta7JdsylCjIRJ,Case,003TRozbZoPm9luQBT,Contact
00TqJCbjBIzcKMaMD9,Prepare proposal,Deferred,High,2023-11-03,Email,Synthetic follow-up activity for CRM workflow testing.,2023-09-15T11:41:43Z,0,001DmIO5EqT4tawY4D,Account,00QXtEvKLpujQkqU90,Lead
00TfAJ4Xh4t0YotMUJ,Follow up,Not Started,Normal,2025-09-23,Email,Synthetic follow-up activity for CRM workflow testing.,2021-04-10T16:04:26Z,0,001181P9BD1hpxgATH,Account,003SxML7rauaYULISE,Contact
00TOmro4jvnR6M72AQ,Send workshop summary,Completed,Normal,2022-08-05,Call,Synthetic follow-up activity for CRM workflow testing.,2025-10-06T00:16:58Z,1,701ij13ElUK36zHQ2S,Campaign,003orhMESBUHCmIQGP,Contact
00Tk5dYQA9jPqIS2ZN,Prepare proposal,Deferred,Low,2025-12-09,Other,Synthetic follow-up activity for CRM workflow testing.,2026-01-16T02:11:32Z,0,820Xs6GAlVCwBRZY73,Opportunity,003UMEcKvJcUgurQ6P,Contact
00TznLn9bycVqkW22F,Follow up,Not Started,Low,2024-01-31,Call,Synthetic follow-up activity for CRM workflow testing.,2025-05-07T22:21:28Z,0,5005frWInn3urJ8Q51,Case,003GweaslhRRyCLI5I,Contact
00TmqQjTsXDrHlUUTK,Follow up,Completed,High,2024-06-21,Call,Synthetic follow-up activity for CRM workflow testing.,2021-09-01T21:12:52Z,1,8265muEYKejVy6OYFL,Opportunity,003Mqj2q9jdJsceAVN,Contact
00TlWt7QTY9mPJb2L8,Send workshop summary,Waiting on someone else,Low,2022-10-21,Other,Synthetic follow-up activity for CRM workflow testing.,2021-09-18T19:31:45Z,0,02iiULsEmnPLjwrANS,Asset,003m8THYf4oJQr4YY8,Contact
00Tr9kb7GLXPIOMEDX,Send workshop summary,In Progress,Low,2024-01-29,Email,Synthetic follow-up activity for CRM workflow testing.,2021-02-04T20:17:50Z,0,50034M0Qkp8qAeDAMQ,Case,003XjSGqmjbqgdEIPG,Contact
00TrcVvKJcxBZKIMXO,Send workshop summary,Completed,High,2021-01-31,Email,Synthetic follow-up activity for CRM workflow testing.,2024-06-29T18:06:07Z,1,800A4AbXmku2kz9I5A,Contract,003fJVkLHH5nEXLAJL,Contact
00T1Z74cCUnzqfR2SK,Prepare proposal,Not Started,High,2022-06-20,Call,Synthetic follow-up activity for CRM workflow testing.,2025-03-23T21:02:40Z,0,00180qOlX8UtZ7HQTK,Account,003y9exNLox3vl9I7U,Contact
00Ts9gtVSj17GmRMUI,Prepare proposal,Not Started,High,2021-12-09,Other,Synthetic follow-up activity for CRM workflow testing.,2026-04-01T23:20:42Z,0,02iPSQVQL9Fwt5JA6W,Asset,003csjCNl69pveQAHU,Contact
00Tqwb1ooCngisR2B7,Review requirements,In Progress,High,2023-02-11,Email,Synthetic follow-up activity for CRM workflow testing.,2022-07-23T05:39:01Z,0,5001Q3uCrtfCjCdAND,Case,003iCPqm24S6ofqAV0,Contact
00T77cn7vnnc4lGM91,Prepare proposal,In Progress,Low,2021-10-16,Email,Synthetic follow-up activity for CRM workflow testing.,2023-08-12T16:27:10Z,0,,,003B3AJH3u2wz9VQGN,Contact
00TyonziJTrRNp5US1,Review requirements,Completed,Normal,2025-01-03,Email,Synthetic follow-up activity for CRM workflow testing.,2025-05-21T03:01:09Z,1,500aGQ0XxZmv2B1A67,Case,003GweaslhRRyCLI5I,Contact
00TQoy9zOqhXNFRU71,Review requirements,In Progress,Normal,2025-04-11,Email,Synthetic follow-up activity for CRM workflow testing.,2022-07-14T18:24:02Z,0,701T7xJocH3zs1NQYF,Campaign,003MaCiwke54RXLY0N,Contact
00TsGk1jEydAVn12OQ,Prepare proposal,Not Started,Normal,2023-04-28,Call,Synthetic follow-up activity for CRM workflow testing.,2021-05-18T16:55:28Z,0,001CXiPlYrfwSgoQU2,Account,003NmtdlMjbGHaXQSG,Contact
00Te3lqJjNtVvHuMI3,Follow up,In Progress,High,2025-01-22,Call,Synthetic follow-up activity for CRM workflow testing.,2024-10-13T01:17:05Z,0,006LBCI52h0sNhLQ5G,Opportunity,00Qju2h41t19nIFECG,Lead
00TQqgPjxck590eMVP,Review requirements,In Progress,High,2022-07-08,Call,Synthetic follow-up activity for CRM workflow testing.,2024-05-19T18:49:15Z,0,,,00QSkDLXMMSq1KwUA2,Lead
00TgMnZimYm4tzOMQS,Send workshop summary,Waiting on someone else,Normal,2023-04-17,Email,Synthetic follow-up activity for CRM workflow testing.,2025-02-09T16:43:51Z,0,02irK18iUmHsjTlIUW,Asset,003H94JbW5Sm6buY4W,Contact
00Tim4vOxx5CBP9MZT,Review requirements,Deferred,High,2021-08-11,Other,Synthetic follow-up activity for CRM workflow testing.,2024-04-19T00:05:07Z,0,500HLRFdSU3mMZCQNL,Case,003HfRHZstikM70IAV,Contact
00T6FaObmf6sewAUIR,Follow up,Deferred,Normal,2026-06-29,Call,Synthetic follow-up activity for CRM workflow testing.,2023-10-23T18:40:43Z,0,001r2Zt5bJoZh5cI46,Account,003IBQ2GjwtlGMmQUQ,Contact
00ThX6JzAUF5KmRME6,Review requirements,Completed,Normal,2023-06-07,Call,Synthetic follow-up activity for CRM workflow testing.,2026-02-22T18:33:25Z,1,001FvdsL8UlrHiPQB9,Account,003KSHCpaRzgzM8ADK,Contact
00TuMUX44bvZDdIU6I,Send workshop summary,In Progress,Low,2024-05-09,Email,Synthetic follow-up activity for CRM workflow testing.,2024-02-17T16:47:54Z,0,001X5lK5MbsgblUIV7,Account,,
00TQJub0aTvSeoDUWW,Prepare proposal,Not Started,Low,2023-01-27,Call,Synthetic follow-up activity for CRM workflow testing.,2022-07-06T07:38:32Z,0,0018MjZShtig55PAG6,Account,003m5pW1jukUWzjARJ,Contact
00TbIOUeJl83cjoM1G,Follow up,Waiting on someone else,Low,2024-04-14,Call,Synthetic follow-up activity for CRM workflow testing.,2022-10-26T01:09:13Z,0,001XuarHFEI17I9AWA,Account,003BKm8d8y3hFeJAQZ,Contact
00TCIawSWjdX9GkMRZ,Review requirements,Deferred,Normal,2024-03-29,Email,Synthetic follow-up activity for CRM workflow testing.,2022-06-09T14:07:04Z,0,0011Ah4A4sWSLAjA4O,Account,003XCSqIckOHn4lIIS,Contact
00TambnOFqHTckzMXU,Prepare proposal,Not Started,Low,2024-12-24,Other,Synthetic follow-up activity for CRM workflow testing.,2023-09-27T19:13:56Z,0,,,003rXK1SzUZaKFUYFN,Contact
00TaokGvEyYodeS29Q,Review requirements,Completed,High,2024-10-03,Call,Synthetic follow-up activity for CRM workflow testing.,2026-01-15T23:49:03Z,1,500wrP3FKWu1E6MYGA,Case,003I7TTUPpnXYJqAEE,Contact
00TTt5mWwLNAQJ82T7,Review requirements,In Progress,High,2021-06-29,Email,Synthetic follow-up activity for CRM workflow testing.,2025-07-05T07:30:17Z,0,02ieSOnWeyC924NYF1,Asset,003GweaslhRRyCLI5I,Contact
00TfDlJJr4DSaAWUJ0,Prepare proposal,Deferred,Normal,2025-06-14,Call,Synthetic follow-up activity for CRM workflow testing.,2023-03-17T18:30:44Z,0,,,003PjOdPb3SIRUrQQT,Contact
00TUG7vwHKzoUXzUQB,Prepare proposal,Not Started,Normal,2022-10-03,Email,Synthetic follow-up activity for CRM workflow testing.,2021-01-08T19:12:25Z,0,800XSXUqwltdhHTA64,Contract,003Lwk67BtSWKB4ICU,Contact
00TESkIsVIs5PwiU91,Send workshop summary,In Progress,High,2022-08-08,Call,Synthetic follow-up activity for CRM workflow testing.,2026-06-10T15:26:28Z,0,001JcZQ7uhRMVxxILW,Account,003fJVkLHH5nEXLAJL,Contact
00TZkvTUufM4omOEET,Review requirements,Deferred,Normal,2025-12-02,Call,Synthetic follow-up activity for CRM workflow testing.,2021-07-10T15:39:25Z,0,800T5EwQaV6BhkSI5T,Contract,0034a0GDIMZmGWiARF,Contact
00THvMrH50b96kwMHW,Follow up,Not Started,High,2021-06-17,Call,Synthetic follow-up activity for CRM workflow testing.,2023-01-28T23:48:14Z,0,0013e2Rh2QW4yB5YBM,Account,003TIIddCkriJd9EI3,Lead
00TlfksFJzM4euoUN6,Prepare proposal,Waiting on someone else,Normal,2022-06-04,Other,Synthetic follow-up activity for CRM workflow testing.,2022-09-16T22:35:39Z,0,51injezsHr1aqXFYI4,Order,00QemQqHqyukupsM2U,Lead
00TBo1Hl4tbqMeVEG5,Review requirements,In Progress,Low,2022-02-26,Other,Synthetic follow-up activity for CRM workflow testing.,2023-08-08T10:37:54Z,0,001CAWJWrCJUDD2Q42,Account,0035heRF4LfS5QHQ5B,Contact
00T6leidMVkw1yXU3Y,Review requirements,In Progress,Normal,2025-05-13,Email,Synthetic follow-up activity for CRM workflow testing.,2024-06-09T11:13:03Z,0,81t16BtiGlvXBS6YOP,Opportunity,003ufuo0RMtrVfHQU5,Contact
00TkbQtITVqXdfqMOK,Prepare proposal,Not Started,Normal,2026-09-18,Call,Synthetic follow-up activity for CRM workflow testing.,2023-03-06T06:58:13Z,0,006GLbxrwfSO2q1QTV,Opportunity,00Q65IBKALbx7QcM4Y,Lead
00TmzQ8LlHIrtei2OZ,Send workshop summary,Deferred,Normal,2021-03-11,Call,Synthetic follow-up activity for CRM workflow testing.,2023-07-09T19:24:02Z,0,006aL3iOS5IjChvQNY,Opportunity,,
00TwT22OAWIbvao2Q3,Review requirements,Deferred,Low,2022-09-05,Email,Synthetic follow-up activity for CRM workflow testing.,2022-09-02T19:34:25Z,0,,,,
00TZsFnwmK2C2YcMFD,Review requirements,Deferred,High,2022-09-09,Email,Synthetic follow-up activity for CRM workflow testing.,2021-11-21T06:40:11Z,0,500iKYD4RVnnLeaIJP,Case,00Qwkn2Q1VaE0M2EWB,Lead
00TthnZB9MjDx9i2WJ,Follow up,Completed,Low,2024-01-15,Other,Synthetic follow-up activity for CRM workflow testing.,2024-06-23T01:39:57Z,1,0065Qxa1qeTLEEUACK,Opportunity,,
00TEFUuCmIJpJxO27M,Prepare proposal,Waiting on someone else,Normal,2022-08-18,Other,Synthetic follow-up activity for CRM workflow testing.,2024-09-28T20:25:00Z,0,001ViLIuvoOkEvIYR2,Account,0035WoUvc1EFqOfYQA,Contact
00TjszkrZ8PppJKET3,Follow up,Not Started,Low,2026-06-20,Other,Synthetic follow-up activity for CRM workflow testing.,2022-05-08T05:15:50Z,0,006jm2QtLYuPp0jI48,Opportunity,003LBAW1Qwmk9A3QHR,Contact
00ThO57e20VApFQ2D1,Send workshop summary,Not Started,High,2026-03-07,Other,Synthetic follow-up activity for CRM workflow testing.,2025-11-12T09:14:31Z,0,500aQIdYV4WZEUIIOP,Case,003jfoRxJl46zPYQL2,Contact
00TRFgg8FJ6Xry0EHT,Send workshop summary,Completed,High,2023-10-07,Call,Synthetic follow-up activity for CRM workflow testing.,2025-02-14T02:57:19Z,1,006xg6DrSgjRwccI6H,Opportunity,,
00T0RcucWPpl3MBU53,Prepare proposal,Waiting on someone else,Low,2022-04-06,Call,Synthetic follow-up activity for CRM workflow testing.,2021-09-18T04:37:29Z,0,500LzsYerE01XzhI3M,Case,003u64DMAtky5LJYER,Contact
00TSAcPbgmIZqm2UK4,Prepare proposal,Waiting on someone else,Normal,2023-08-01,Email,Synthetic follow-up activity for CRM workflow testing.,2025-07-28T11:01:12Z,0,001FzQ1Vu9hM4AsIVS,Account,003C5xjym5yCYp0YF4,Contact
00TJwVpDZMDaXZw2SW,Prepare proposal,In Progress,High,2021-06-15,Call,Synthetic follow-up activity for CRM workflow testing.,2026-04-08T19:37:24Z,0,001Y94eVbSCMZThYRA,Account,003oHuUxE0gFLemY0B,Contact
00T6LQDc7DifWCCMUK,Send workshop summary,Completed,Normal,2024-01-16,Other,Synthetic follow-up activity for CRM workflow testing.,2026-01-11T08:35:53Z,1,001EM3ljRRvtOqaQZO,Account,003MpYMZE7fF1T1AN0,Contact
00TVhzMs07trV9JEY0,Follow up,Not Started,Low,2021-04-18,Email,Synthetic follow-up activity for CRM workflow testing.,2021-09-25T19:30:07Z,0,701QvNzI8kZyr86YGN,Campaign,,
00TCTx7pzYXpS47UBJ,Follow up,Not Started,Normal,2023-01-22,Other,Synthetic follow-up activity for CRM workflow testing.,2026-06-29T10:22:11Z,0,500UlulFPyNk1GqQ7W,Case,,
00TuG9inWjICdoUURN,Review requirements,Waiting on someone else,Normal,2022-10-23,Email,Synthetic follow-up activity for CRM workflow testing.,2023-02-13T16:45:31Z,0,006ubW9e6pahLLXQUB,Opportunity,0032H8gQHROz6gcQPL,Contact
00TRir64o11sHGNEDF,Send workshop summary,Deferred,High,2023-02-17,Email,Synthetic follow-up activity for CRM workflow testing.,2025-02-12T15:36:50Z,0,500Q2cTozA6h6POIBP,Opportunity,,
00TE6XdJ1MkBXBcE5M,Send workshop summary,In Progress,High,2021-09-26,Other,Synthetic follow-up activity for CRM workflow testing.,2022-10-03T10:53:49Z,0,8015eUUqWcEPtHtA03,Order,,
00TTFOwgQQL0n0zEL9,Follow up,In Progress,Low,2022-02-07,Email,Synthetic follow-up activity for CRM workflow testing.,2024-07-06T22:10:46Z,0,526TlzauHPH30K4Y3Y,Opportunity,00QvpoTSjHZb18EU9I,Lead
00TQAP56hsefZ5tMIV,Follow up,Not Started,Normal,2026-07-02,Email,Synthetic follow-up activity for CRM workflow testing.,2024-07-15T01:09:18Z,0,50012PGMssyFeafQCF,Case,,
00TBsZ3kLmtfqYq2T5,Follow up,Deferred,Normal,2023-03-04,Call,Synthetic follow-up activity for CRM workflow testing.,2025-07-01T15:58:34Z,0,001apZYag4darBdYRL,Account,003GweaslhRRyCLI5I,Contact
00T0E7MHzlysh8REZE,Follow up,Completed,Low,2023-05-22,Call,Synthetic follow-up activity for CRM workflow testing.,2022-12-01T05:33:16Z,1,500XnB1Zq9kVWIlQ76,Case,00Q5iJoFDF3q22z2ZV,Lead
00Tb4cCdqomZhxm2VB,Send workshop summary,Not Started,Low,2023-11-16,Call,Synthetic follow-up activity for CRM workflow testing.,2024-12-29T16:50:43Z,0,506RbYmzQQmhFNIANT,Order,00Qj9J2IzhIDitf27T,Lead
00TXxhRaQVdcNJZMNQ,Prepare proposal,Deferred,Normal,2025-04-04,Other,Synthetic follow-up activity for CRM workflow testing.,2024-03-05T06:12:26Z,0,500gSnomi34s0RNA7B,Case,003W4j2IQwOiUqBIH6,Contact
00TwVWJxKGUissWE9V,Follow up,In Progress,Normal,2024-10-25,Email,Synthetic follow-up activity for CRM workflow testing.,2021-03-13T08:21:16Z,0,,,003OWd5IYnLefvxA6Z,Contact
00TMJc3JF3x5BHAMOO,Prepare proposal,Deferred,Low,2025-09-03,Call,Synthetic follow-up activity for CRM workflow testing.,2024-03-11T05:26:29Z,0,001xCcjaWJxjfQtAJX,Account,,
00Tw0nlOMrr8cK9U0G,Review requirements,Not Started,High,2021-07-19,Call,Synthetic follow-up activity for CRM workflow testing.,2024-09-08T09:17:05Z,0,81tA5YbVu1uMoiMI5D,Opportunity,00Q7rZ5O1bVOxD32DR,Lead
00ToVJ5TdVNDGy0MC6,Follow up,Deferred,Normal,2021-06-04,Other,Synthetic follow-up activity for CRM workflow testing.,2021-07-13T01:05:30Z,0,02iBwYunt5wdyPaAUV,Asset,003oOBOvrWV3r2WA8W,Contact
00TrXL868G7ayFb240,Follow up,Not Started,Normal,2025-04-26,Other,Synthetic follow-up activity for CRM workflow testing.,2021-10-20T03:00:09Z,0,500cjpvxa6eQiBkAJF,Case,,
00TUSohl35FgleRMRP,Follow up,Waiting on someone else,Low,2024-01-23,Email,Synthetic follow-up activity for CRM workflow testing.,2026-06-06T00:03:57Z,0,711i5BYjcggdOQJADX,Opportunity,003PePWYVD4dIBvQ7F,Contact
00TwJwrwRbuemjdM1R,Review requirements,In Progress,High,2024-01-27,Email,Synthetic follow-up activity for CRM workflow testing.,2025-01-05T10:57:53Z,0,001DbG9gnZEl0ZPAAY,Account,0031xCMEyljPzCpIXV,Contact
00T8Xr28IHOweENE8L,Follow up,Deferred,Low,2025-04-08,Call,Synthetic follow-up activity for CRM workflow testing.,2026-01-11T04:13:46Z,0,001MMbrZQQUkCyfI5Q,Account,,
00TmJOCtjpo5JWB20Q,Prepare proposal,Waiting on someone else,Normal,2025-08-02,Email,Synthetic follow-up activity for CRM workflow testing.,2023-01-20T12:45:58Z,0,,,003Hft4JMPdcICEALJ,Contact
00TBwyrMAABvExH2WW,Review requirements,Completed,Normal,2023-12-15,Other,Synthetic follow-up activity for CRM workflow testing.,2022-09-30T16:09:45Z,1,500GVdPIc1H7onkY93,Case,00QDonB7FyGZmEHMX1,Lead
00TPknWEBjxfxZM24J,Send workshop summary,Waiting on someone else,Normal,2023-09-14,Call,Synthetic follow-up activity for CRM workflow testing.,2026-06-27T21:36:04Z,0,701JAQrUVjwb0lkIRC,Campaign,,
00THDJUh2itocVSUW6,Prepare proposal,Waiting on someone else,Normal,2021-09-03,Email,Synthetic follow-up activity for CRM workflow testing.,2025-08-13T21:18:12Z,0,,,,
00TjJK05wKrejFnM0N,Follow up,Completed,Normal,2024-02-22,Call,Synthetic follow-up activity for CRM workflow testing.,2024-12-29T07:38:45Z,1,0114VX34JojdXVkQA0,Opportunity,003plVd4vJoJbCjYVJ,Contact
00TEd6LzTNrrKj7E81,Send workshop summary,Waiting on someone else,Low,2021-12-27,Email,Synthetic follow-up activity for CRM workflow testing.,2024-10-17T12:34:17Z,0,001XZVDN3n2dRIsQB9,Account,003eZ2Th2GHWes2Q9R,Contact
00TR6dzHlMlvLbxM4A,Prepare proposal,In Progress,High,2022-12-28,Email,Synthetic follow-up activity for CRM workflow testing.,2026-06-29T18:27:33Z,0,001BjMFM5mN692fQ0D,Account,00342wZNlNNCXqSYCP,Contact
00TbKJNKUmaKElKU0E,Review requirements,Waiting on someone else,Low,2024-11-07,Email,Synthetic follow-up activity for CRM workflow testing.,2025-08-17T22:56:55Z,0,500hdr8mwsCxsHBACC,Case,,
00TKGWjwlzibgmm2L7,Prepare proposal,Deferred,Low,2023-07-06,Email,Synthetic follow-up activity for CRM workflow testing.,2021-11-03T20:48:13Z,0,00ijCBPeUz5Qky5IPL,Opportunity,0032p8oun2P6EjWAXK,Contact
00TaFeUWfU552Z1EAN,Send workshop summary,Completed,Normal,2024-02-06,Call,Synthetic follow-up activity for CRM workflow testing.,2022-06-01T02:18:32Z,1,0012tOpQ4NIa7RbIUI,Account,00QU7WIntLyECKlUB8,Lead
00T7h79VHOBEIKNEVV,Review requirements,Not Started,Normal,2024-10-06,Other,Synthetic follow-up activity for CRM workflow testing.,2026-01-08T06:15:24Z,0,,,00QgU4xp6FresLfMKI,Lead
00TRyoohS47ilGUUML,Review requirements,Not Started,Normal,2025-12-16,Email,Synthetic follow-up activity for CRM workflow testing.,2021-09-21T02:22:27Z,0,50005zMeCWTPYfOIAC,Case,003HTQjXe9xMfTvYXH,Contact
00TNop39L0Dwm5wMU4,Follow up,Not Started,Normal,2026-03-15,Other,Synthetic follow-up activity for CRM workflow testing.,2021-10-14T07:08:22Z,0,006DNVYpZAeKKNsIZ8,Opportunity,003wj4aZ1eHyznPQLH,Contact
00TrD15NR7aGpOWU98,Send workshop summary,Deferred,High,2025-01-07,Call,Synthetic follow-up activity for CRM workflow testing.,2021-10-22T12:33:38Z,0,001IQ2ziiojxbf8YX5,Account,003tTdqCw3r025oI6L,Contact
00TVv2WbNH2w8E7MCX,Send workshop summary,In Progress,Low,2025-12-17,Email,Synthetic follow-up activity for CRM workflow testing.,2022-12-26T06:34:41Z,0,,,00QSKdra96nv6QM2RO,Lead
00TukOTyRPrHrDaU7M,Review requirements,Not Started,High,2024-04-08,Email,Synthetic follow-up activity for CRM workflow testing.,2024-05-27T03:17:26Z,0,,,00QeaypqH2FX6LGE8A,Lead
00TQ9TheIgnzE0zMND,Follow up,In Progress,Normal,2021-05-11,Email,Synthetic follow-up activity for CRM workflow testing.,2025-10-30T03:26:32Z,0,500HHw7Bd7chPRnY5F,Case,003Ib2geHHsVuzAQPF,Contact
00Tx77AVLkPOvTc24A,Prepare proposal,In Progress,High,2024-11-07,Other,Synthetic follow-up activity for CRM workflow testing.,2025-05-08T10:59:44Z,0,0018MjZShtig55PAG6,Account,003FQ9ftBps0FU6AJH,Contact
00TAjCwh3MLaJ8wESL,Review requirements,Completed,High,2022-09-17,Other,Synthetic follow-up activity for CRM workflow testing.,2022-09-06T12:31:23Z,1,,,003zoXe7FbPdXtfACG,Contact
00TtZBbihyhF68LMFP,Prepare proposal,Not Started,Low,2024-12-13,Email,Synthetic follow-up activity for CRM workflow testing.,2023-10-21T00:44:24Z,0,02iwRwMCv4p24IEAXX,Asset,003SDpJKWpDC3n9Y54,Contact
00T01suswLooejm2TQ,Follow up,Not Started,High,2022-08-25,Email,Synthetic follow-up activity for CRM workflow testing.,2021-01-27T10:10:16Z,0,8018gwtbJsMcLrQI9E,Order,00QU2kDKPOiq9CPU9G,Lead
00TazGeC5DH0nPnE6Y,Send workshop summary,In Progress,Low,2025-12-05,Other,Synthetic follow-up activity for CRM workflow testing.,2021-07-17T19:51:20Z,0,500wrP3FKWu1E6MYGA,Case,003h0ddRs4jXrgwQOI,Contact
00TWlFHG0Yn8eljM8L,Follow up,In Progress,High,2024-10-28,Other,Synthetic follow-up activity for CRM workflow testing.,2021-03-13T22:47:50Z,0,02i7lEw0ZT4w6QIAQK,Asset,003NTU3T0Co8c3eQAN,Contact
00TgNwN5IUQw1NxUSC,Follow up,Not Started,Normal,2022-03-30,Call,Synthetic follow-up activity for CRM workflow testing.,2021-08-04T21:33:26Z,0,701uraexvCqW5fzAQ5,Campaign,00Q43uCvTflKi8FMHQ,Lead
00T8X3BobCBHYNsUSQ,Review requirements,Not Started,High,2021-01-05,Email,Synthetic follow-up activity for CRM workflow testing.,2022-02-01T01:45:02Z,0,500uamw81N0xbx2I05,Case,00QINgmy22m0Wri1H9,Lead
00T3PG3Levrq59bEQJ,Prepare proposal,Waiting on someone else,Low,2022-03-08,Other,Synthetic follow-up activity for CRM workflow testing.,2024-02-20T20:37:49Z,0,700Uv4OBKSrHegvA8L,Opportunity,003Hft4JMPdcICEALJ,Contact
00TjTB3Rdm6P37xUNK,Review requirements,Deferred,Normal,2023-09-13,Other,Synthetic follow-up activity for CRM workflow testing.,2025-03-31T16:52:38Z,0,70119DkKdradggLYK9,Campaign,003glOPy3BD2di1YT6,Contact
00TCgoT1rsIhTfS2A4,Send workshop summary,Not Started,High,2024-03-29,Call,Synthetic follow-up activity for CRM workflow testing.,2025-11-27T21:25:37Z,0,02itMRMRCNgQYZ0IXZ,Asset,003rfuHfs51RYULQIE,Contact
00TPQ76WAlQkHbyUXU,Send workshop summary,Deferred,Normal,2026-03-21,Other,Synthetic follow-up activity for CRM workflow testing.,2022-09-04T23:32:11Z,0,02iyl3zYSMHeysOQZH,Asset,003oeoe9jMRJtsFIXM,Contact
00Tsf9dixZBV9wOER3,Review requirements,Not Started,High,2024-01-13,Other,Synthetic follow-up activity for CRM workflow testing.,2026-06-22T09:48:17Z,0,02iD7tG9fZEXIs3IFS,Asset,003KlL8x92ZcLhpI0V,Contact
00TeeGUfPnYgqOL2HV,Prepare proposal,Waiting on someone else,Low,2023-07-21,Call,Synthetic follow-up activity for CRM workflow testing.,2023-03-25T00:54:31Z,0,001ZX951OeRh6EHIOJ,Account,00QloeStDTkqCl128I,Lead
00TT4kZCY8187DFMYD,Send workshop summary,Not Started,High,2024-10-09,Call,Synthetic follow-up activity for CRM workflow testing.,2024-06-16T01:37:17Z,0,001b9Ubd6IpdBJKANL,Account,00QBS9DHiKOOk5AMNS,Lead
00TqDtkoW0CT9CVMMM,Follow up,Waiting on someone else,Low,2021-08-19,Email,Synthetic follow-up activity for CRM workflow testing.,2024-10-18T21:41:22Z,0,510IiJQoTkJO8rAY7C,Opportunity,003jGoziqs6ionMIIC,Contact
00TkRbZqKwPvInVUL3,Send workshop summary,Completed,Low,2021-06-15,Other,Synthetic follow-up activity for CRM workflow testing.,2022-10-16T17:16:59Z,1,006K45NvXKh9aHIYHT,Opportunity,003FleqxJrSVsQzIBE,Contact
00T9cy3LmAut0KpUS4,Send workshop summary,In Progress,High,2025-11-13,Email,Synthetic follow-up activity for CRM workflow testing.,2021-05-11T19:30:52Z,0,00672IAiff7MHPZYC1,Opportunity,003Q0SstLMecNDnIT6,Contact
00TupGcFG4anjIdEUD,Follow up,Waiting on someone else,High,2023-06-19,Other,Synthetic follow-up activity for CRM workflow testing.,2022-01-20T15:21:42Z,0,,,003wsC6L7LUvbrgAY7,Contact
00TI9SiHTY1gv2MEVM,Follow up,In Progress,High,2021-03-28,Other,Synthetic follow-up activity for CRM workflow testing.,2023-07-21T04:28:28Z,0,701dYnYIqY2uFSNQNW,Campaign,003UEs9CxdrpcbTA64,Contact
00TDYhvosBmq7oLEGY,Send workshop summary,Waiting on someone else,Normal,2023-01-24,Other,Synthetic follow-up activity for CRM workflow testing.,2021-12-13T17:43:20Z,0,001GvUdh6yZWB0wIIH,Account,003RFkT9hrPsRwsQDT,Contact
00T33oafm6hrplg2FR,Review requirements,Not Started,High,2022-12-08,Email,Synthetic follow-up activity for CRM workflow testing.,2024-02-13T06:59:15Z,0,001OR7GRtb417SOIE9,Account,00QTTFZxRZ9CRTEMDP,Lead
00TB4iLHQBnpsXx2ZX,Review requirements,Waiting on someone else,High,2023-07-31,Email,Synthetic follow-up activity for CRM workflow testing.,2025-08-06T20:15:18Z,0,706fB7PFHD0iA3dQG3,Opportunity,003kW1RmJgDMQSFQN7,Contact
00TK9SeSc8bXyoTUU6,Review requirements,Waiting on someone else,High,2022-12-07,Call,Synthetic follow-up activity for CRM workflow testing.,2026-03-17T19:09:47Z,0,500qogdK2fwH7kqI9G,Case,,
00TnoD0oVKQU5OKMIZ,Review requirements,Waiting on someone else,High,2026-03-06,Call,Synthetic follow-up activity for CRM workflow testing.,2024-07-24T02:10:47Z,0,726LutHRC9ADmm5YST,Opportunity,003GZMiGhmxCKWdILH,Contact
00TeGCrnp6GnIcL2IZ,Review requirements,Waiting on someone else,Low,2026-03-13,Call,Synthetic follow-up activity for CRM workflow testing.,2025-01-11T19:57:16Z,0,,,0034aOXLvFz8KLpQIU,Contact
00TuwwGSiHjbk2bUH1,Prepare proposal,In Progress,Low,2023-05-28,Email,Synthetic follow-up activity for CRM workflow testing.,2023-09-30T12:45:12Z,0,006dYZQC8LGUICdQ6J,Opportunity,00QgdNeLhk4wme4EE1,Lead
00TUkr5TP0IE8d5MOL,Prepare proposal,Deferred,High,2021-10-02,Other,Synthetic follow-up activity for CRM workflow testing.,2023-09-19T02:05:26Z,0,02i5kvZICULsanjYI8,Asset,003GweaslhRRyCLI5I,Contact
00TKn6bTmEoJE66U33,Follow up,Not Started,Low,2022-06-01,Email,Synthetic follow-up activity for CRM workflow testing.,2021-10-19T21:24:56Z,0,5004RTUcmyn1C9aYFG,Case,00QVr7YnqawknLkMFK,Lead
00TOE8HPQE3EUISUCP,Review requirements,Deferred,High,2021-12-25,Other,Synthetic follow-up activity for CRM workflow testing.,2024-03-25T23:16:45Z,0,001CAWJWrCJUDD2Q42,Account,00QyqWMyARIvtXnE60,Lead
00TZjp3ThOLRvDk254,Send workshop summary,Completed,Normal,2024-10-19,Other,Synthetic follow-up activity for CRM workflow testing.,2026-03-27T16:59:06Z,1,500wrP3FKWu1E6MYGA,Case,003PBVebBHN0OZTY8C,Contact
00TnheFYyaaY08FUHW,Prepare proposal,Completed,Normal,2023-12-21,Other,Synthetic follow-up activity for CRM workflow testing.,2023-11-08T17:27:26Z,1,500Zad0BAbDKPjpYKF,Case,003MHeC1QqnXkp6QB5,Contact
00TKqQgU1i6KNe823K,Send workshop summary,Completed,Normal,2025-04-24,Other,Synthetic follow-up activity for CRM workflow testing.,2021-05-02T05:42:52Z,1,,,003mS2nvRXjg1y7Y8L,Contact
00TJkSpIhdHIDwoEYP,Follow up,Completed,High,2025-10-03,Email,Synthetic follow-up activity for CRM workflow testing.,2025-04-26T05:54:18Z,1,8109Mf3g1wQLaZVIXY,Opportunity,00QGcLe2CioORvTE0R,Lead
00TuYy2gzdqBbne2RW,Prepare proposal,Completed,Low,2021-09-08,Call,Synthetic follow-up activity for CRM workflow testing.,2024-08-15T08:30:33Z,1,701NSbF00SUzh9SINY,Opportunity,003ICCOvVrZgKB9AAS,Contact
00TD9Isg7bIhyYTM4Z,Send workshop summary,In Progress,High,2026-07-17,Other,Synthetic follow-up activity for CRM workflow testing.,2025-07-15T07:11:56Z,0,,,00Q9ntQObqbyQ5jEJZ,Lead
00TKP1CcO9K2Vq3EUQ,Prepare proposal,Completed,Normal,2023-10-29,Email,Synthetic follow-up activity for CRM workflow testing.,2023-05-18T09:37:13Z,1,800TPWCqF9gFCDbYMI,Contract,003uvZvc1h4sYnSYKT,Contact
00TbWIeuWvoRIJDM1H,Follow up,Deferred,Normal,2023-07-02,Other,Synthetic follow-up activity for CRM workflow testing.,2025-08-22T09:25:22Z,0,010qrGV2IR04JXPIOG,Opportunity,0033MLwhB5do4U0ITM,Contact
00TkU6tPQk4gJk2MOK,Send workshop summary,Deferred,Low,2023-03-27,Other,Synthetic follow-up activity for CRM workflow testing.,2025-05-21T08:24:47Z,0,026fIXSnC4XbAqbAIC,Opportunity,003VDpvTs8k4wU8Q5V,Contact
00Tugc0XLeI72s7M68,Prepare proposal,In Progress,Normal,2026-05-25,Call,Synthetic follow-up activity for CRM workflow testing.,2021-05-01T01:09:55Z,0,001OPKDJQJag0BvIDS,Account,00QkHnfwvTAfZsJMEX,Lead
00TkcXOVzZfQDc6EF0,Follow up,In Progress,Low,2022-12-22,Other,Synthetic follow-up activity for CRM workflow testing.,2021-02-04T18:46:32Z,0,,,0039hOoEmV9URW8A6H,Contact
00TRqLskpTaeC8CU8F,Follow up,In Progress,Low,2025-09-22,Call,Synthetic follow-up activity for CRM workflow testing.,2021-01-13T20:52:59Z,0,800tZTPydqmGZbWQ0F,Contract,003PePWYVD4dIBvQ7F,Contact
00TESu4pyJoAHyC2DS,Review requirements,Not Started,High,2023-08-12,Call,Synthetic follow-up activity for CRM workflow testing.,2021-07-15T22:31:28Z,0,800Gs3mrYlw15wsAB7,Contract,00QnTyoj2eK0ZCGYK9,Lead
00T6oiLZUIKuEuVUT1,Send workshop summary,Not Started,High,2024-04-04,Other,Synthetic follow-up activity for CRM workflow testing.,2025-06-20T08:12:43Z,0,701T7xJocH3zs1NQYF,Campaign,003buvmdP5A3RUCAAL,Contact
00Tf4O6rVkYvJOFMRC,Follow up,Completed,Normal,2024-09-05,Email,Synthetic follow-up activity for CRM workflow testing.,2024-04-08T14:53:45Z,1,01t2EzMCSR6AFKDYFT,Product2,0039soCLiud9MJJQXY,Contact
00T9lDN0qHcXRliE4D,Review requirements,Deferred,Low,2024-07-18,Email,Synthetic follow-up activity for CRM workflow testing.,2025-04-10T14:31:18Z,0,500PxOODxJW6yiDARM,Case,,
00TvuTcf1espiC1EUJ,Review requirements,Completed,Normal,2024-02-12,Call,Synthetic follow-up activity for CRM workflow testing.,2021-04-28T18:07:53Z,1,001ClNAQA1Xn4fUINT,Account,00QVjoHGDdWo1Ze2JB,Lead
00TTkkGwrXFWtWUELO,Follow up,Deferred,High,2022-12-19,Other,Synthetic follow-up activity for CRM workflow testing.,2021-12-23T09:20:56Z,0,,,003URlnxMHsDiDPQ7H,Contact
00TF69IVcTBntfx24Q,Send workshop summary,Completed,High,2024-07-05,Call,Synthetic follow-up activity for CRM workflow testing.,2026-03-06T14:57:38Z,1,826vD8YE9uXlpjJAH0,Order,0036RMTwNUBJlvpA7C,Contact
00Tmt7UN7Sqcxl7E8K,Follow up,Not Started,Low,2024-10-23,Call,Synthetic follow-up activity for CRM workflow testing.,2023-04-27T15:56:18Z,0,006Jx6kXJ3DTO86YO8,Opportunity,00QcPp6OROJggxDU4Q,Lead
00T8dspqo3ajzgT2SS,Send workshop summary,Deferred,High,2023-12-04,Call,Synthetic follow-up activity for CRM workflow testing.,2021-10-21T09:49:26Z,0,800TTuku3jUZCA3YXQ,Contract,,
00TXd9Ht9iz0LCPM5L,Send workshop summary,Waiting on someone else,Normal,2024-05-30,Email,Synthetic follow-up activity for CRM workflow testing.,2022-07-23T15:37:00Z,0,500FVropgYNajl9QXC,Case,,
00Tf7tnYMg1quOQ2C5,Review requirements,Completed,Low,2025-01-08,Call,Synthetic follow-up activity for CRM workflow testing.,2022-07-05T02:59:48Z,1,000drBgiK1yV65gYEN,Opportunity,,
00T3TYlBlpg4MHYU3Y,Review requirements,Waiting on someone else,High,2025-08-09,Other,Synthetic follow-up activity for CRM workflow testing.,2021-05-01T21:02:46Z,0,,,003HzCKayrm65wDY08,Contact
00TzMvCdj610FJ9EYP,Send workshop summary,Waiting on someone else,Normal,2022-06-03,Other,Synthetic follow-up activity for CRM workflow testing.,2026-03-12T21:19:27Z,0,001ltvwfHnMcdhbAJS,Account,003YTJCIn3uIH7vYYH,Contact
00TyYAxQ8pzLcULUKH,Review requirements,Waiting on someone else,High,2022-07-13,Other,Synthetic follow-up activity for CRM workflow testing.,2024-04-22T18:06:12Z,0,02iSXPkS8wDWF2rYW9,Asset,003A5xFu6Tp1zzlIZE,Contact
00T8lUfWm9WzCL52LT,Follow up,Completed,Normal,2024-03-27,Email,Synthetic follow-up activity for CRM workflow testing.,2021-01-31T13:45:21Z,1,001Qm6Qlk3KEL3HIOS,Account,00Qvl1xUtxxARMFMH9,Lead
00T7UFPxDX7GsDeELB,Prepare proposal,Not Started,Normal,2024-11-11,Call,Synthetic follow-up activity for CRM workflow testing.,2025-06-01T21:52:24Z,0,,,003VXTPtY3aCrHFQRI,Contact
00TFoujU5SKWEWwE2Z,Review requirements,Not Started,Low,2023-11-29,Email,Synthetic follow-up activity for CRM workflow testing.,2025-05-21T15:47:42Z,0,006aSHPcPh3QQb5ABZ,Opportunity,003M3eXH0NFA7aZQ76,Contact
00TJs2YhLq408jvE69,Review requirements,Waiting on someone else,Low,2024-02-07,Other,Synthetic follow-up activity for CRM workflow testing.,2024-06-10T01:20:48Z,0,,,,
00Tx8U1keLaBZC4MRM,Prepare proposal,Waiting on someone else,Normal,2024-10-13,Other,Synthetic follow-up activity for CRM workflow testing.,2024-06-23T14:01:59Z,0,001uKtjv3QWz3nDQSN,Account,,
00TJwUVb8ijpvPGMMI,Prepare proposal,Completed,Low,2026-07-27,Other,Synthetic follow-up activity for CRM workflow testing.,2025-07-30T11:18:34Z,1,500hIkb7Cfz3XBrYEF,Case,001OS0i3ue6RqgrOCG,Lead
00T2nLvWVXFef7GEAZ,Follow up,Deferred,Low,2025-04-06,Call,Synthetic follow-up activity for CRM workflow testing.,2021-09-23T17:21:05Z,0,001M2rDfuFzN9SZI6R,Account,,
00TGHWsUxeqX526U04,Review requirements,Completed,Low,2023-01-05,Other,Synthetic follow-up activity for CRM workflow testing.,2023-01-18T14:52:24Z,1,7100lBvWE3n9gKlQP5,Opportunity,003VD2JfbrBwCTuQPC,Contact
00TExCruS2ycLOvMJS,Review requirements,Deferred,Normal,2025-02-19,Email,Synthetic follow-up activity for CRM workflow testing.,2025-02-02T18:36:15Z,0,001OH94vlTF3MI8Y08,Account,0032JMj0nM8q7ONY8A,Contact
00ToNOAZI26foeq2LO,Review requirements,In Progress,High,2021-05-04,Email,Synthetic follow-up activity for CRM workflow testing.,2021-06-13T04:43:03Z,0,001lY6NBb5ge9JhIW4,Account,00QQXCHBc1bwFw42MM,Lead
00T7AJ04Q8du13sUWU,Follow up,In Progress,Low,2024-08-22,Email,Synthetic follow-up activity for CRM workflow testing.,2023-11-05T16:22:49Z,0,72tcxdVCdzng8jjIGV,Opportunity,003KTlnkKDUBqWVAAT,Contact
00TC1OIBRaT8vIJMCS,Review requirements,Completed,High,2024-03-19,Other,Synthetic follow-up activity for CRM workflow testing.,2021-10-14T20:26:24Z,1,0011Ah4A4sWSLAjA4O,Account,003e9SO55KcgAKPQ5C,Contact
00TJPe7AoVqNhzIUPB,Send workshop summary,In Progress,Normal,2021-11-04,Call,Synthetic follow-up activity for CRM workflow testing.,2023-04-05T21:27:18Z,0,001Y94eVbSCMZThYRA,Account,003EITgQp4xDjA6IV9,Contact
00T515DjudLmD6E2M2,Send workshop summary,In Progress,High,2021-07-05,Other,Synthetic follow-up activity for CRM workflow testing.,2023-07-15T00:34:29Z,0,006pjzRe97smM98AH1,Opportunity,003ahAqxGiFFa9nI0R,Contact
00TUTBbxqrpEI6SEZ3,Review requirements,Waiting on someone else,High,2025-03-13,Call,Synthetic follow-up activity for CRM workflow testing.,2022-08-06T14:14:56Z,0,80ig0h44cCZ9guhILV,Opportunity,,
00TR01PmCGPErW82Q6,Send workshop summary,Deferred,Normal,2025-06-27,Call,Synthetic follow-up activity for CRM workflow testing.,2022-07-07T18:28:22Z,0,51t70vLfkJeg9kRIV6,Opportunity,003jf1t0MteutOBYJ6,Contact
00TbvKmPxmj28APULU,Prepare proposal,Deferred,High,2022-05-09,Email,Synthetic follow-up activity for CRM workflow testing.,2022-09-18T06:58:36Z,0,001Xr4ot1oG2AteQ4O,Account,,
00T03qrqmczJfsn27R,Follow up,Deferred,High,2024-11-07,Call,Synthetic follow-up activity for CRM workflow testing.,2024-09-21T12:34:50Z,0,70iWEYFezjbj27aIL5,Opportunity,003XbrEdLOM2NSFAD3,Contact
00TEuDtOP8pNMheUXC,Send workshop summary,Not Started,Normal,2026-07-20,Other,Synthetic follow-up activity for CRM workflow testing.,2024-05-01T06:18:59Z,0,,,00Q0g4omVneNG1q2Y9,Lead
00TTCgyUsI0UtW22L2,Prepare proposal,Not Started,Normal,2021-04-20,Other,Synthetic follow-up activity for CRM workflow testing.,2022-03-07T01:45:18Z,0,701AQ2IkwyckslOQQH,Campaign,003a9cEVwuIOhZ2IHZ,Contact
00TTdJXC7J1TAbvUZ9,Follow up,Waiting on someone else,Low,2026-02-27,Email,Synthetic follow-up activity for CRM workflow testing.,2026-03-16T14:56:45Z,0,700Uv4OBKSrHegvA8L,Opportunity,,
00TyNA7z16eZ7a4EAJ,Follow up,Deferred,Low,2025-01-20,Call,Synthetic follow-up activity for CRM workflow testing.,2024-11-01T18:56:33Z,0,0063H6zpevnH9p6Q1Z,Opportunity,00QFORlDTMagLMpMLV,Lead
00TbFfATZsy3rcxUPD,Review requirements,Not Started,Low,2025-01-14,Call,Synthetic follow-up activity for CRM workflow testing.,2026-03-21T16:07:53Z,0,001JcZQ7uhRMVxxILW,Account,003YNoe4eDPx1jzIUC,Contact
00Tj8i08WtgRn5XUQ3,Review requirements,Waiting on someone else,Normal,2023-06-15,Email,Synthetic follow-up activity for CRM workflow testing.,2025-01-04T14:19:25Z,0,7017OD7USLqvwTSQ40,Campaign,003k7Mvu4HLbRdF9GF,Lead
00TLcdy9Pc8B7KUEWE,Send workshop summary,Completed,Normal,2025-03-06,Call,Synthetic follow-up activity for CRM workflow testing.,2021-08-29T12:08:52Z,1,02iFWsl2GCWGxyJQOV,Opportunity,0038t9cyDEE518SYI5,Contact
00TpSsYej3aM4IuEHM,Follow up,In Progress,Normal,2025-06-11,Other,Synthetic follow-up activity for CRM workflow testing.,2022-09-06T10:29:22Z,0,500Zmz94iab3HydQFG,Case,00QkZpvBANDsRLDMNI,Lead
00TF0NBWkHNtINMMA2,Prepare proposal,Completed,Normal,2025-01-12,Other,Synthetic follow-up activity for CRM workflow testing.,2026-02-25T18:53:25Z,1,526F3l9AGlkv8pfIWP,Opportunity,003KJ8FJo8XNZ6MQ3J,Contact
00TOPAcnuXA9iREU43,Send workshop summary,Waiting on someone else,Normal,2023-04-01,Other,Synthetic follow-up activity for CRM workflow testing.,2021-05-10T09:33:16Z,0,,,,
00T8Tw2QwCtsjCr2TH,Review requirements,Waiting on someone else,High,2024-08-21,Email,Synthetic follow-up activity for CRM workflow testing.,2026-05-16T11:10:30Z,0,5003BgMHJdZb52wIPO,Case,003RB5wkShZQjILYK9,Contact
00TmU16b3Xgt5PMUXB,Send workshop summary,Not Started,Low,2023-03-01,Call,Synthetic follow-up activity for CRM workflow testing.,2025-09-30T16:01:05Z,0,7212lBGld6d3jDdISJ,Opportunity,003hYM21azNCP10ID1,Contact
00Tjz1m5heuE6EPEP4,Follow up,Deferred,Normal,2021-10-17,Email,Synthetic follow-up activity for CRM workflow testing.,2022-11-19T23:43:42Z,0,706ILyC8RoCvI4iAL6,Opportunity,00QI4U8bv5HROECU8L,Lead
00Tn1S9KeNSO03FM5G,Review requirements,Completed,Low,2024-03-08,Other,Synthetic follow-up activity for CRM workflow testing.,2023-06-08T00:29:50Z,1,0065LAI2nJdsHUBYK1,Opportunity,,
00TcxcccxA7zLmdUWP,Prepare proposal,Waiting on someone else,Normal,2024-10-06,Call,Synthetic follow-up activity for CRM workflow testing.,2022-06-15T01:12:52Z,0,,,00QcaOB0yhVPQzTE7I,Lead
00TimEqL8JtdvBmER9,Send workshop summary,Not Started,Low,2026-01-28,Other,Synthetic follow-up activity for CRM workflow testing.,2022-10-18T19:38:59Z,0,006mZYtoVDowKATI2L,Opportunity,00QTstHRx9IWg4sM50,Lead
00Tyy93CzY6W1Tv29C,Send workshop summary,In Progress,Low,2023-08-28,Other,Synthetic follow-up activity for CRM workflow testing.,2022-03-09T21:58:36Z,0,71tLlvJ88NTOkhhACY,Opportunity,003nfijHXhEFiafAZN,Contact
00TgYYiJ8aAGR4eMAG,Follow up,In Progress,High,2025-11-27,Other,Synthetic follow-up activity for CRM workflow testing.,2021-09-22T16:16:21Z,0,010DZv25sVANCq3AQV,Opportunity,,
00TqzHn2Fqn2WFmUZ4,Send workshop summary,Waiting on someone else,High,2025-03-26,Call,Synthetic follow-up activity for CRM workflow testing.,2022-08-31T00:06:19Z,0,50ivdAUc1oe0Sg0QG1,Opportunity,003wHhejZPlmq9eY75,Contact
00T6rk390Mil1FzM5C,Send workshop summary,Deferred,Low,2025-02-17,Email,Synthetic follow-up activity for CRM workflow testing.,2025-06-18T15:34:33Z,0,820dkfx5MiN3Jf2AR6,Opportunity,00QWyaaDtpB0DrZEAH,Lead
00TaimREkMYxMLm20G,Prepare proposal,In Progress,High,2025-06-26,Email,Synthetic follow-up activity for CRM workflow testing.,2021-01-10T11:58:42Z,0,710QHOzzxyhjTfEIID,Opportunity,003LkvaYTpkYRA2AHT,Contact
00TeyQBU9DtGL78EG8,Follow up,Deferred,High,2024-02-11,Email,Synthetic follow-up activity for CRM workflow testing.,2022-06-06T06:47:48Z,0,0061Ue1XaQ1ptTZIHJ,Opportunity,003NgOuqAjnhAZhAIW,Contact
00TQfftySuN33mJMOM,Prepare proposal,Deferred,Normal,2025-09-23,Other,Synthetic follow-up activity for CRM workflow testing.,2025-02-02T03:09:36Z,0,500h9P3mlO6anEqAP9,Case,00Qcj5fKiGJz6pfMQO,Lead
00Tw8JPhPbKee9QE2J,Send workshop summary,Deferred,Low,2022-06-09,Other,Synthetic follow-up activity for CRM workflow testing.,2025-01-04T06:54:58Z,0,02iM5ooHrdzVLYUYKD,Asset,,
00TTGrOGwVYJuBEEMT,Prepare proposal,Not Started,High,2021-12-14,Other,Synthetic follow-up activity for CRM workflow testing.,2023-02-27T14:25:33Z,0,5260ID9UWO3NsN8AI5,Opportunity,003wvsZJc0jEbZ3I65,Contact
00TijZiPBubfaix2UZ,Review requirements,In Progress,Low,2023-01-31,Other,Synthetic follow-up activity for CRM workflow testing.,2024-09-30T02:53:50Z,0,7112i1Hr50yHeraQMN,Opportunity,003o8Gbo8PQrVB9AF6,Contact
00TsMsPmVnZayShEUH,Prepare proposal,Completed,Normal,2025-08-09,Call,Synthetic follow-up activity for CRM workflow testing.,2025-08-25T18:18:06Z,1,5007uZEhS9KLxw6IX6,Case,0030maLlgcjcNIaIGI,Contact
00TYeHDskSMnTzb216,Review requirements,Completed,Low,2021-04-25,Email,Synthetic follow-up activity for CRM workflow testing.,2024-09-28T14:14:43Z,1,001ZX951OeRh6EHIOJ,Account,003GBf9PCF2onzTA4B,Contact
00TfumEcz1IC4Wg2JQ,Review requirements,Completed,High,2026-06-04,Call,Synthetic follow-up activity for CRM workflow testing.,2023-12-21T21:04:15Z,1,01tehL51gEnarvLQGW,Opportunity,00QpYyW2tJFk1dk2RA,Lead
00TI4eUmEI2rXnJ2PV,Send workshop summary,In Progress,Low,2021-04-05,Call,Synthetic follow-up activity for CRM workflow testing.,2026-05-09T15:33:22Z,0,02i4x0aj2U7WL8ZIGD,Asset,003yV84dOsc9TXNYUL,Contact
00Tdgf9lDx14b6FU2R,Review requirements,In Progress,High,2022-11-15,Call,Synthetic follow-up activity for CRM workflow testing.,2023-04-03T06:00:58Z,0,701uraexvCqW5fzAQ5,Campaign,00343bIdpjNXmX0IFJ,Contact
00TOgDyxznyu7aZUIR,Review requirements,Completed,Low,2021-06-22,Call,Synthetic follow-up activity for CRM workflow testing.,2026-06-02T05:25:09Z,1,521LJWbOWfnkT52I54,Opportunity,003kzTeWiTEDz4SIFS,Contact
00T4P32iSnxF5Qt2G3,Review requirements,Completed,High,2026-03-14,Call,Synthetic follow-up activity for CRM workflow testing.,2024-10-07T18:56:18Z,1,001XuarHFEI17I9AWA,Account,,
00Tuae1EVdSWTaOUZX,Send workshop summary,Deferred,High,2023-04-18,Other,Synthetic follow-up activity for CRM workflow testing.,2025-03-27T05:05:18Z,0,001avRKkn0zGBkGQ4J,Account,,
00TruoFmPU6U3rFEIL,Send workshop summary,Completed,Low,2023-10-07,Call,Synthetic follow-up activity for CRM workflow testing.,2022-11-26T01:02:05Z,1,006DyTvQPKimCaHIY6,Opportunity,003ENBWzBF3YIoFYPD,Contact
00TdrxevfmGu9h2E89,Send workshop summary,Waiting on someone else,Low,2023-04-18,Call,Synthetic follow-up activity for CRM workflow testing.,2022-08-08T13:03:11Z,0,,,003g60ZwWHHlrCMAY7,Contact
00TiINfzRetkaZ9ENQ,Prepare proposal,Deferred,Low,2026-06-21,Other,Synthetic follow-up activity for CRM workflow testing.,2024-02-18T15:20:20Z,0,0011qafIoKOaGWeA3A,Account,003rfb3cO7MmMYsI30,Contact
00TIQ65GfCJUESTEEB,Prepare proposal,Not Started,High,2025-08-19,Call,Synthetic follow-up activity for CRM workflow testing.,2023-12-10T02:45:42Z,0,70iEKKsvpW0SHkqQH8,Opportunity,003KGcWILZDhxjxYQE,Contact
00TbbHUS4MSKBhe2LL,Review requirements,In Progress,High,2025-02-26,Email,Synthetic follow-up activity for CRM workflow testing.,2025-04-22T07:17:02Z,0,001XZVDN3n2dRIsQB9,Account,003QF6toA7RHoeqAUE,Contact
00TYSzd2Trsr5YkE68,Send workshop summary,Waiting on someone else,High,2024-11-15,Call,Synthetic follow-up activity for CRM workflow testing.,2024-12-19T17:54:45Z,0,,,003uJedNLsEUuOzAGV,Contact
00TJVpq9ZGIzcyH2HT,Prepare proposal,Completed,High,2024-11-18,Call,Synthetic follow-up activity for CRM workflow testing.,2024-12-25T02:22:59Z,1,500CznuhieOdNgvQIO,Case,00QHkujOVtGZZhI2OB,Lead
00T2LrFjItMBqFWU1L,Review requirements,Deferred,Normal,2025-09-16,Call,Synthetic follow-up activity for CRM workflow testing.,2023-01-18T18:17:22Z,0,500nuXKY7saf8zRAY7,Case,003MaCiwke54RXLY0N,Contact
00TxOo2NSH6mFdSUCM,Review requirements,In Progress,Normal,2022-06-23,Call,Synthetic follow-up activity for CRM workflow testing.,2025-12-09T13:15:28Z,0,001DLqMjZmJEMS7ID7,Account,00Q9hv9QzJBUvsaE8M,Lead
00T09R38KHm44QXU0M,Follow up,Deferred,Low,2022-01-02,Email,Synthetic follow-up activity for CRM workflow testing.,2021-06-30T03:15:59Z,0,500wrP3FKWu1E6MYGA,Case,003fHZG7YoVT0IdAH1,Contact
00T5fGQS0I4AvqQMPW,Review requirements,Waiting on someone else,Low,2024-03-30,Call,Synthetic follow-up activity for CRM workflow testing.,2026-04-09T20:39:00Z,0,,,003OopXSFvytwYZA6M,Contact
00TLTgEmJYhkDYDENP,Follow up,In Progress,High,2022-01-05,Other,Synthetic follow-up activity for CRM workflow testing.,2022-06-10T21:15:58Z,0,02iJZYtAg225yX7QMH,Asset,,
00TEv1UriQcREXn2MP,Review requirements,In Progress,High,2023-12-04,Other,Synthetic follow-up activity for CRM workflow testing.,2025-03-06T20:23:50Z,0,001EocC12jSBhyyIOU,Account,00QF0RRx10Su05H204,Lead
00T2N4LdvaGyiYvM8G,Send workshop summary,Completed,Low,2022-10-24,Call,Synthetic follow-up activity for CRM workflow testing.,2022-08-12T16:29:14Z,1,001ib7FXZt0jhJBYVP,Opportunity,00394wQRWKSVri5I25,Contact
00ThEMoLrLC4PIwMV2,Follow up,In Progress,Normal,2021-10-22,Email,Synthetic follow-up activity for CRM workflow testing.,2021-11-19T19:57:01Z,0,02iJeQ7LdrRncABI1D,Asset,0030maLlgcjcNIaIGI,Contact
00TyVj1uYw6nL4xMUW,Send workshop summary,Completed,Low,2025-07-29,Call,Synthetic follow-up activity for CRM workflow testing.,2025-02-14T12:38:53Z,1,006JwrGXNqeDpekA2Y,Opportunity,00QlmUEA0F1m5WmESW,Lead
00ThcbTJE4qrQpwEEC,Send workshop summary,Waiting on someone else,Low,2022-06-07,Email,Synthetic follow-up activity for CRM workflow testing.,2024-08-01T10:32:44Z,0,500wrP3FKWu1E6MYGA,Case,00QyTiR7wdM3flNEKI,Lead
00TuOEvJMH1yD2qU85,Review requirements,Completed,Normal,2024-11-29,Call,Synthetic follow-up activity for CRM workflow testing.,2025-10-12T10:17:50Z,1,000CQ9iBxBhpsC9QI8,Opportunity,00QF5qbf3yGBCPyE5F,Lead
00TVANHU1SqjAO8UQC,Send workshop summary,Completed,Normal,2021-10-25,Email,Synthetic follow-up activity for CRM workflow testing.,2024-06-22T21:10:33Z,1,500niTuyMQwyYIeYWL,Case,00QXO0Al05RrdJyMAG,Lead
00TbWJlVEpt2ySNUXL,Follow up,Completed,Low,2021-11-18,Call,Synthetic follow-up activity for CRM workflow testing.,2023-03-15T16:24:42Z,1,001KtASdr5CCsaYA3B,Account,003QUdPFTL5lmb9I29,Contact
00TXf4lvXCtZKaxMYK,Follow up,Completed,Low,2022-05-23,Call,Synthetic follow-up activity for CRM workflow testing.,2025-10-24T01:22:08Z,1,,,00QcEAY9vsSnJ4XU43,Lead
00TjsIpwkcN91S7E60,Follow up,Waiting on someone else,Low,2026-08-24,Email,Synthetic follow-up activity for CRM workflow testing.,2025-08-27T08:52:44Z,0,001dbHSEev61SnuI4N,Account,001weXn951AJsDn68O,Lead
00TVvtjRIhHYb1PE7O,Prepare proposal,Waiting on someone else,Normal,2022-08-23,Call,Synthetic follow-up activity for CRM workflow testing.,2021-04-08T03:06:52Z,0,001Ivp9E6TmWQvuQ35,Account,003hMDunMjNslIVQ8V,Contact
00TQ5GmrSlxX6Qa250,Follow up,Waiting on someone else,High,2026-08-10,Email,Synthetic follow-up activity for CRM workflow testing.,2023-04-22T19:47:52Z,0,82itXwKAVNO8tSuYZE,Opportunity,0033Nvtxx8lL6ByAJZ,Contact
00TxD1ZhmzVZNqI2T5,Review requirements,Completed,High,2025-12-30,Email,Synthetic follow-up activity for CRM workflow testing.,2025-01-31T11:48:34Z,1,006ytc8Tzkm2B1FI7V,Opportunity,,
00TEulNLkPAbmWr2EC,Prepare proposal,In Progress,Normal,2022-08-20,Other,Synthetic follow-up activity for CRM workflow testing.,2021-10-03T10:16:23Z,0,006O9D5UFe3NvkLYNF,Opportunity,003VZgg2JnsRE6JIPN,Contact
00Tz87d9kvgt4D72U2,Review requirements,Deferred,High,2026-03-17,Email,Synthetic follow-up activity for CRM workflow testing.,2023-07-25T21:06:42Z,0,001Wabd306Y5T2XYBQ,Account,,
00T4gMkM7P4iTAWMPB,Follow up,Waiting on someone else,High,2026-02-27,Call,Synthetic follow-up activity for CRM workflow testing.,2022-09-15T16:59:03Z,0,80iq1Bh2MseHsg3YUS,Opportunity,003OlXRcERc0Fn1QKQ,Contact
00TGZtOowOHtFwV2RQ,Prepare proposal,Deferred,Low,2021-08-28,Other,Synthetic follow-up activity for CRM workflow testing.,2023-09-01T22:01:15Z,0,5007JOXzbbYag7mYFT,Case,003NgFGSAt3xzoGAKH,Contact
00T8wjIc3lZjl84EHF,Follow up,Waiting on someone else,Low,2021-04-05,Email,Synthetic follow-up activity for CRM workflow testing.,2022-10-20T08:41:27Z,0,80031dCtyQYQzndYWG,Contract,003Ot7H5C2LkErNYQ5,Contact
00TFJh2Lu1YmUgDE80,Prepare proposal,Deferred,High,2023-11-18,Call,Synthetic follow-up activity for CRM workflow testing.,2026-01-11T15:34:23Z,0,500U7M4x0LcmmBOAC8,Case,,
00TygsqbnLt6bE92M3,Review requirements,Waiting on someone else,Normal,2025-03-16,Other,Synthetic follow-up activity for CRM workflow testing.,2022-04-19T12:39:10Z,0,71t7Em0CjNehdJoY4T,Opportunity,003sJSyYtqUzipCA70,Contact
00TQ1nkpzjJ1Syt2YS,Prepare proposal,In Progress,High,2023-09-22,Call,Synthetic follow-up activity for CRM workflow testing.,2021-05-31T20:18:13Z,0,500QJYjhvMY87JIQ1M,Case,,
00TtUttd3uxjTi4MRO,Send workshop summary,Waiting on someone else,Low,2023-09-29,Email,Synthetic follow-up activity for CRM workflow testing.,2024-05-12T02:42:57Z,0,001Ts4G5LvwmAxUY42,Account,,
00TuAg166BDFOLtU1B,Review requirements,Waiting on someone else,Normal,2026-01-09,Other,Synthetic follow-up activity for CRM workflow testing.,2022-08-26T20:15:08Z,0,001MVhM44DqZNFnI35,Account,003OSDMabqDksLrQD8,Contact
00TTKbhXzOWicRFM1Q,Prepare proposal,In Progress,High,2022-11-15,Email,Synthetic follow-up activity for CRM workflow testing.,2022-03-28T12:23:22Z,0,006Z3u7ppaB20gxQ0Y,Opportunity,003HWzfY8Kkbu7SA6F,Contact
00TLaMq1EbG0k05UHN,Follow up,Waiting on someone else,Low,2025-05-12,Other,Synthetic follow-up activity for CRM workflow testing.,2025-08-28T16:52:22Z,0,0012Mm2CXMo3FSXAIK,Account,003vk7NGVpjseKTY67,Lead
00T1astHONR7mpG2QE,Prepare proposal,Waiting on someone else,Normal,2026-05-09,Other,Synthetic follow-up activity for CRM workflow testing.,2021-04-14T05:00:43Z,0,710OWlhgQBz1dgiQSB,Opportunity,,
00TucErXXuyfVa6EKM,Follow up,In Progress,High,2023-03-01,Other,Synthetic follow-up activity for CRM workflow testing.,2022-10-22T18:48:00Z,0,016sr1kcWt26zHYY92,Opportunity,003WEgjwl1vIvbnIIG,Contact
00TgEZ6Y667OfGsMCN,Send workshop summary,Deferred,Low,2026-07-04,Other,Synthetic follow-up activity for CRM workflow testing.,2023-08-16T21:01:15Z,0,500AJ1fElRBlPD7Q7P,Case,0038m4S7TpRnSUYIZD,Contact
00TsUBxBWJt54JXE2D,Review requirements,Not Started,Normal,2024-03-29,Email,Synthetic follow-up activity for CRM workflow testing.,2023-10-25T21:25:00Z,0,,,00QTg2DpO8S9kirUV4,Lead
00TyoCvyGmiZwsrMCB,Review requirements,Deferred,Low,2023-01-02,Email,Synthetic follow-up activity for CRM workflow testing.,2023-10-04T06:08:49Z,0,500dFuwOcGLVYhTIPA,Case,003LXPOThKMlCoaYI4,Contact
00TqrqcfQ0D8NZxM2A,Review requirements,Waiting on someone else,High,2025-11-17,Other,Synthetic follow-up activity for CRM workflow testing.,2022-03-12T10:04:34Z,0,01tv9oAk6JoaaNjQCS,Product2,003td4GzVupmvlzANX,Contact
00T17WIYqYnBR7UU90,Review requirements,Not Started,Normal,2025-05-13,Email,Synthetic follow-up activity for CRM workflow testing.,2025-04-28T04:41:12Z,0,816ub6hPcL9xyf9IYI,Opportunity,0034An1iMdYixtaQ0I,Contact
00TSSE5UUYDqcj4MR8,Follow up,In Progress,Normal,2023-09-27,Call,Synthetic follow-up activity for CRM workflow testing.,2022-11-25T06:15:13Z,0,,,003A6QRPAj6fxpNQST,Contact
00TNluCg14wxN8CMIQ,Send workshop summary,Deferred,High,2023-09-18,Other,Synthetic follow-up activity for CRM workflow testing.,2022-12-12T09:37:03Z,0,0068gSothaRS3vYARU,Opportunity,003idhGDkUxRGS2AJB,Contact
00TO0DRSsSz8vaNUA8,Prepare proposal,Deferred,Normal,2022-12-02,Call,Synthetic follow-up activity for CRM workflow testing.,2021-09-21T10:44:09Z,0,001kgFF0qALhnGGYD4,Account,003fMs2WmqbMFvAI9L,Contact
00TbEWgdwAlZzJSM26,Review requirements,Not Started,High,2023-01-21,Call,Synthetic follow-up activity for CRM workflow testing.,2021-03-30T17:23:58Z,0,800V8lGTMkQwWVOI27,Contract,003Yiga9CLvf2dQYGF,Contact
00TKoSqnXfTy2hkE6X,Send workshop summary,Not Started,Normal,2024-05-29,Other,Synthetic follow-up activity for CRM workflow testing.,2021-08-21T09:34:01Z,0,006RiaoIeqRgc7vAIO,Opportunity,003bBurZT3jFyReYX3,Contact
00TxXsp1ILlen5iMAX,Review requirements,In Progress,High,2023-07-23,Email,Synthetic follow-up activity for CRM workflow testing.,2024-11-23T11:11:18Z,0,,,003KxmES9YIa9mhYTX,Contact
00Tpjhg0fMnnZpuM7L,Prepare proposal,Deferred,Normal,2024-09-04,Email,Synthetic follow-up activity for CRM workflow testing.,2021-11-08T09:00:25Z,0,001TgK7Trt797foQCB,Account,003ZGOxuAsxdo1XY37,Contact
00TFCnpmRPfyeWwM43,Prepare proposal,In Progress,High,2023-08-17,Other,Synthetic follow-up activity for CRM workflow testing.,2024-06-11T17:55:43Z,0,001U9TwW1ZhV64GITA,Account,003lOy06ccCq0IRQLW,Contact
00T2Tg8A2w3CtFoUVD,Follow up,Deferred,Low,2023-04-04,Email,Synthetic follow-up activity for CRM workflow testing.,2023-02-16T09:50:23Z,0,0015fdr3n38vtS2Q4V,Account,,
00TqAd6wd7gr84BU4D,Review requirements,Not Started,High,2025-03-11,Call,Synthetic follow-up activity for CRM workflow testing.,2025-03-24T20:54:21Z,0,,,003KqBug3b1B6QlQE9,Contact
00TIMo6qwjRXgvi20I,Send workshop summary,In Progress,Low,2024-07-08,Other,Synthetic follow-up activity for CRM workflow testing.,2022-07-21T09:06:16Z,0,001TgK7Trt797foQCB,Account,003r8yPlhYWDqxxAG4,Contact
00TarXqBAhPhSGaUIF,Prepare proposal,Waiting on someone else,High,2024-05-23,Call,Synthetic follow-up activity for CRM workflow testing.,2026-04-28T23:38:49Z,0,,,0034a0GDIMZmGWiARF,Contact
00Txk68CjrnPILwEWE,Follow up,In Progress,Normal,2026-07-02,Other,Synthetic follow-up activity for CRM workflow testing.,2023-11-24T06:47:43Z,0,001PuTTthcGKMiPQUX,Account,00QFbJkZQTturLKM14,Lead
00TgKUJOydvm4OzMTF,Review requirements,Completed,Normal,2022-01-29,Email,Synthetic follow-up activity for CRM workflow testing.,2025-12-01T14:44:21Z,1,,,003S1qgUUuYtj54QWN,Contact
00TDqpTYL7SfouEUNZ,Follow up,Deferred,Low,2025-09-22,Other,Synthetic follow-up activity for CRM workflow testing.,2023-08-22T00:55:37Z,0,5002Imccu5wPs56Q2N,Case,00Q9Rd1IjsCGBAqU40,Lead
00Tlf6yFQeD9SpO2H6,Send workshop summary,Not Started,Low,2025-04-08,Email,Synthetic follow-up activity for CRM workflow testing.,2024-09-10T06:14:55Z,0,,,003hl7pZAG0UVWaIY9,Contact
00TGCvytjJwq2NvUEZ,Prepare proposal,In Progress,Normal,2022-06-20,Call,Synthetic follow-up activity for CRM workflow testing.,2025-10-23T02:24:00Z,0,02iS10yANukMxlIYZQ,Asset,,
00TPGenLpiC3hzKE75,Follow up,Deferred,High,2023-08-02,Call,Synthetic follow-up activity for CRM workflow testing.,2025-04-25T01:14:49Z,0,500WgqitdoODDQMI74,Case,003FiLvx69wZlsWISP,Contact
00TWZsuzjqPaJ4aE37,Prepare proposal,Completed,Low,2026-08-26,Other,Synthetic follow-up activity for CRM workflow testing.,2026-05-28T08:19:53Z,1,001gn26KfjMg4ZII8J,Account,003kCsx65ghko6fQ8Z,Contact
00TRprMGzbrrwsLUV9,Review requirements,In Progress,High,2022-05-18,Call,Synthetic follow-up activity for CRM workflow testing.,2023-05-02T01:00:50Z,0,800SwBY0Xzfjb31I9R,Contract,00QmCKJB7PtkvMKMZX,Lead
00T40HhlvhrG8eS2PR,Follow up,Deferred,High,2026-01-09,Email,Synthetic follow-up activity for CRM workflow testing.,2023-09-30T13:55:12Z,0,500tkFKC6BhnvRVQZS,Case,0038t9cyDEE518SYI5,Contact
00TtA8cBhYQYHAxUKS,Prepare proposal,Deferred,High,2022-07-20,Other,Synthetic follow-up activity for CRM workflow testing.,2023-06-24T01:39:30Z,0,500urOVL14ApOafY8L,Case,003SAUYTcKjhBmTIQ8,Contact
00T4lw9RPIszKMXMS3,Review requirements,Waiting on someone else,Normal,2024-08-11,Email,Synthetic follow-up activity for CRM workflow testing.,2025-10-12T12:27:30Z,0,001ILvT4IDtyUZiY3D,Account,003EimXQejACmoNYOP,Contact
00TGyV2n1urAUwQEZO,Prepare proposal,Not Started,Low,2024-06-29,Call,Synthetic follow-up activity for CRM workflow testing.,2022-02-11T23:43:03Z,0,001I5KBo2Mtskg9I6K,Account,003vxQYogxx6ijFY4J,Contact
00Tasrfa85YZHoa2WM,Review requirements,Waiting on someone else,Normal,2025-03-04,Email,Synthetic follow-up activity for CRM workflow testing.,2024-03-25T04:35:42Z,0,500N6kTOcyZU6YeQYE,Case,003i57e7W8oxp9QYYL,Contact
00TF556I4wB3IwAELY,Prepare proposal,Waiting on someone else,Low,2021-05-30,Email,Synthetic follow-up activity for CRM workflow testing.,2024-06-08T17:07:59Z,0,500BbUYPdaojxjDIEE,Case,0037Bsg2Pb6hce1Y60,Contact
00THC4clKLOz002MOH,Follow up,Completed,High,2024-11-26,Call,Synthetic follow-up activity for CRM workflow testing.,2021-01-21T05:29:13Z,1,001R0OuIWPEowdMYT2,Account,003YKhyUZ3irYQMILZ,Contact
00TnSewIHUUNB38ENV,Send workshop summary,In Progress,Normal,2021-08-17,Email,Synthetic follow-up activity for CRM workflow testing.,2025-04-08T04:04:02Z,0,001FVBcrH6719XQAUS,Account,003v1uWh8LtptelY46,Contact
00T1o9K0eaLOGfU2AE,Send workshop summary,Completed,Low,2022-09-12,Call,Synthetic follow-up activity for CRM workflow testing.,2025-05-22T12:47:05Z,1,001kNqWPjavmloHAZ4,Account,,
00TJCWriqm8rqUXMAU,Follow up,Not Started,High,2022-02-21,Email,Synthetic follow-up activity for CRM workflow testing.,2024-11-04T14:10:07Z,0,001JM2vogN0dvJhQHI,Account,003PDVgkuWRXxQKQ3C,Contact
00TthBGZvowxDm9MLC,Prepare proposal,Not Started,High,2021-07-18,Other,Synthetic follow-up activity for CRM workflow testing.,2023-06-08T16:22:44Z,0,800WrurllyCB7vLYBW,Contract,0037Bsg2Pb6hce1Y60,Contact
00T7orMasWvjcRHM1W,Send workshop summary,Not Started,High,2025-08-01,Other,Synthetic follow-up activity for CRM workflow testing.,2025-04-08T15:14:58Z,0,500Hw7SJvKNZJOdQML,Case,003Y5lqRcSEWJLHQDQ,Contact
00ThFSgILr9phdbUZ3,Review requirements,Not Started,Low,2022-05-03,Other,Synthetic follow-up activity for CRM workflow testing.,2021-01-25T16:34:43Z,0,500f61BpyTgjasgI12,Case,,
00TzMoEHw5o70kxMXZ,Prepare proposal,Completed,Low,2023-08-01,Call,Synthetic follow-up activity for CRM workflow testing.,2024-12-02T06:01:47Z,1,500mvKOG6XspVHMAJP,Case,003Jr5qtRIQeLp8AP6,Contact
00TvBcIt4SPc25DM42,Review requirements,Deferred,High,2021-07-15,Call,Synthetic follow-up activity for CRM workflow testing.,2024-03-23T20:00:25Z,0,500HnOXVnf4kE43ALC,Case,,
00TfCNiY12lABUD2WE,Send workshop summary,In Progress,Low,2021-12-14,Call,Synthetic follow-up activity for CRM workflow testing.,2025-03-02T21:40:04Z,0,02i94RbqZ6oOSOkAOD,Asset,003VxLK4q5IbfQiIBO,Contact
00TRvM7Vy6tLEsGMAN,Review requirements,Completed,Normal,2023-12-08,Call,Synthetic follow-up activity for CRM workflow testing.,2022-06-25T03:15:17Z,1,001jsWcaI2ueqNkQ4J,Account,,
00Tb8c3A5BpdgoCEG8,Follow up,Deferred,High,2026-09-09,Email,Synthetic follow-up activity for CRM workflow testing.,2024-01-06T09:45:54Z,0,500m10IM25HkjX4QW8,Case,,
00TEbAusSyz7wfwES6,Follow up,Not Started,Normal,2026-09-11,Call,Synthetic follow-up activity for CRM workflow testing.,2025-11-08T08:29:40Z,0,,,00QOL6UcFEoC6uf237,Lead
00T57NxaDFmgYKo27R,Prepare proposal,Not Started,Normal,2024-03-05,Email,Synthetic follow-up activity for CRM workflow testing.,2026-01-15T08:12:18Z,0,001TtyIW37HieQzYDX,Account,003HY3DOcAKhej8IEP,Contact
00Tl4LxzQ8FiyWgUUU,Send workshop summary,Completed,Low,2023-10-17,Call,Synthetic follow-up activity for CRM workflow testing.,2024-06-18T16:49:53Z,1,,,003hUPu3ZRXotU8YK5,Contact
00TXVi5LKzTLNgmMP6,Send workshop summary,Waiting on someone else,Normal,2024-12-29,Email,Synthetic follow-up activity for CRM workflow testing.,2023-04-19T06:41:38Z,0,816ub6hPcL9xyf9IYI,Opportunity,003Jj7iLOhliCVOIT0,Contact
00TqtCSj6VWjKsyE96,Follow up,Completed,High,2026-06-07,Email,Synthetic follow-up activity for CRM workflow testing.,2022-11-17T19:46:39Z,1,80tiKSl4hJWjT5jA9G,Opportunity,003B1KkPXByFmUdI6V,Contact
00TdUfLue0qOhWBE9F,Prepare proposal,Waiting on someone else,Normal,2021-09-14,Email,Synthetic follow-up activity for CRM workflow testing.,2025-03-18T19:38:15Z,0,0013e2Rh2QW4yB5YBM,Account,00Q5aBLkodx6BPz2IB,Lead
00Th9g29NQXmHqC284,Prepare proposal,Completed,Low,2022-03-14,Call,Synthetic follow-up activity for CRM workflow testing.,2022-10-13T22:52:22Z,1,5006RSpluCHh6KjY1M,Case,003o1twgPhDKJpDA65,Contact
00T1Zz3VPrwnoyg2ED,Prepare proposal,Completed,High,2025-05-18,Other,Synthetic follow-up activity for CRM workflow testing.,2025-09-11T13:06:27Z,1,00iqIKwdqI55cMpA5R,Opportunity,0031crtlbZFTq9oYI5,Contact
00T37rkpHrf55Z9MMA,Follow up,Not Started,Low,2021-08-28,Call,Synthetic follow-up activity for CRM workflow testing.,2021-12-21T00:18:33Z,0,001JX719udcxa4uA9H,Account,003uJedNLsEUuOzAGV,Contact
00TIAxvwxgeNeHAMTU,Follow up,Deferred,Low,2026-08-13,Call,Synthetic follow-up activity for CRM workflow testing.,2025-04-05T06:24:43Z,0,800rh1eUCczpRsCIIK,Contract,003uhAfHhn2QyORAOH,Contact
00TOggLPTDkhZTE2X5,Send workshop summary,In Progress,High,2022-03-27,Other,Synthetic follow-up activity for CRM workflow testing.,2023-01-07T14:06:20Z,0,800rXkhjtm8lKhTAR3,Order,00334AohxHZpdepQZO,Contact
00T4Xwdj9ssjkhQESN,Review requirements,In Progress,Normal,2021-09-18,Email,Synthetic follow-up activity for CRM workflow testing.,2025-08-29T11:49:10Z,0,006Ep94OwRCxNuQAKC,Opportunity,0034JXiziG8PDZeI0L,Contact
00T2twABZXWxSbmEWO,Follow up,Completed,Normal,2026-07-02,Other,Synthetic follow-up activity for CRM workflow testing.,2025-05-18T16:02:54Z,1,020HoV5X6OcTr3rI9R,Opportunity,,
00TZGM3G8VYtZBk2YC,Send workshop summary,Deferred,Low,2021-10-09,Email,Synthetic follow-up activity for CRM workflow testing.,2026-06-28T23:33:51Z,0,500v65fLYJBbjH7ALV,Case,003ufuo0RMtrVfHQU5,Contact
00T3CTMDiFIJockM6B,Prepare proposal,Waiting on someone else,High,2022-06-07,Call,Synthetic follow-up activity for CRM workflow testing.,2025-02-20T23:44:35Z,0,800P8ANseyf1VOnAMT,Contract,003ZHUE1WFG4FS9AMG,Contact
00TEMnsnJ1Z3qYfEU2,Prepare proposal,Completed,High,2026-08-21,Other,Synthetic follow-up activity for CRM workflow testing.,2021-04-11T01:56:03Z,1,001CfmgfK8c5I6aQSB,Account,003bJcoA58DEApFASK,Contact
00T4DzvtcbV0r6Y2SW,Review requirements,Deferred,High,2024-09-13,Call,Synthetic follow-up activity for CRM workflow testing.,2024-05-12T11:31:18Z,0,800hJW9ycp2PBJaQNP,Opportunity,,
00T0b9PMlYTTltq2V5,Prepare proposal,In Progress,Normal,2025-12-30,Email,Synthetic follow-up activity for CRM workflow testing.,2024-04-11T12:21:34Z,0,001NlUpPvRS2wnzIYM,Account,0039mhj999GyrjIQQT,Contact
00TEHQ5kiuqPHFtE8D,Review requirements,Waiting on someone else,Low,2021-05-06,Email,Synthetic follow-up activity for CRM workflow testing.,2023-01-07T01:34:09Z,0,801LZvq7ep3buksQ7L,Order,003EJ4ahhuV0HGbIS4,Contact
00TgZieGBudBllEMGL,Send workshop summary,Not Started,Low,2025-06-07,Call,Synthetic follow-up activity for CRM workflow testing.,2024-08-01T03:38:37Z,0,,,00QjiBXKppXjypkEY9,Lead
00TlYxmx0dcv2hnM3N,Review requirements,Completed,High,2024-05-16,Other,Synthetic follow-up activity for CRM workflow testing.,2023-07-01T15:07:27Z,1,500RdpOApDVFVF5YLB,Case,00Qdkx376BvbdI9MYE,Lead
00TnJaJGu1gBl9O2T6,Review requirements,Deferred,Low,2023-11-16,Call,Synthetic follow-up activity for CRM workflow testing.,2025-05-17T13:23:54Z,0,006rosvu0LndxfWIPI,Opportunity,,
00ThQDRjF6zNfHFESV,Review requirements,Completed,Low,2024-09-30,Call,Synthetic follow-up activity for CRM workflow testing.,2024-06-07T15:05:17Z,1,001yVmlwCnpWY0fA4W,Account,00QtGAdDUTdE10OE5S,Lead
00TOGEIVpy7uKgMU97,Send workshop summary,In Progress,Low,2021-08-18,Other,Synthetic follow-up activity for CRM workflow testing.,2024-04-29T21:28:24Z,0,701i2j2Ro2oGSq7QE2,Campaign,,
00TzJiW4m54XfM9UQ1,Send workshop summary,In Progress,Low,2025-12-22,Other,Synthetic follow-up activity for CRM workflow testing.,2022-03-28T04:07:21Z,0,006r4qdkepshooRIAE,Opportunity,,
00TMzALqncYAMQz23A,Send workshop summary,Not Started,High,2026-07-02,Other,Synthetic follow-up activity for CRM workflow testing.,2024-06-08T03:32:58Z,0,8009eDSbXqRkZwRQ2T,Contract,00311jogHN3a9H5QXX,Contact
00TFIgxoAWYb3LaUGV,Follow up,Deferred,Low,2022-10-10,Call,Synthetic follow-up activity for CRM workflow testing.,2026-02-04T09:50:09Z,0,500LDTboYe4rtFuIC2,Case,003vQpw69dMhJp4Q6L,Contact
00TsK3cAef2sNM7ERB,Send workshop summary,Completed,High,2022-06-09,Email,Synthetic follow-up activity for CRM workflow testing.,2022-08-04T08:53:22Z,1,800SEW2a9JZeHZ4QK9,Contract,00QyqGP4BXjtognM57,Lead
00TcJspL6PVUNguM4G,Prepare proposal,Not Started,High,2023-10-10,Email,Synthetic follow-up activity for CRM workflow testing.,2021-07-18T20:05:11Z,0,500UY0iDyPrNd7nYL6,Case,003wnRXgnMlLVOyI8M,Contact
00THRbNDUkI9KiN2LO,Review requirements,Not Started,Normal,2025-12-20,Other,Synthetic follow-up activity for CRM workflow testing.,2023-11-13T19:55:59Z,0,80i0iR9lnVDyLhFARF,Opportunity,,
00TfCvSpgCDz6OWERL,Send workshop summary,Completed,Normal,2025-02-27,Other,Synthetic follow-up activity for CRM workflow testing.,2022-01-11T00:28:34Z,1,,,00Q2Seo6a80pqnO6YK,Lead
00TRLmFnThcoNQdU2I,Review requirements,Completed,High,2022-10-27,Email,Synthetic follow-up activity for CRM workflow testing.,2023-05-20T09:58:47Z,1,,,003WtxHC3dI8uAEQ9Y,Contact
00T9EeogVloUIGxMR7,Follow up,Completed,Normal,2026-07-25,Email,Synthetic follow-up activity for CRM workflow testing.,2023-03-19T02:13:12Z,1,526DSTzK3o2GZhtAD3,Opportunity,00Q8nLvYi6baTeK2LY,Lead
00TEsQLydt8sLqN2I2,Prepare proposal,In Progress,Normal,2026-07-19,Other,Synthetic follow-up activity for CRM workflow testing.,2026-02-10T11:31:24Z,0,001cML7G0gkmAuyYXM,Account,003QpUbKtwmcJ3HY8B,Contact
00TAR260I2iSSt4ETC,Send workshop summary,Not Started,High,2024-02-05,Email,Synthetic follow-up activity for CRM workflow testing.,2023-08-02T03:15:57Z,0,80079x86qqMK8rBI1W,Contract,,
00T1aY6d9sT9bDJUFV,Review requirements,Waiting on someone else,Normal,2022-07-15,Email,Synthetic follow-up activity for CRM workflow testing.,2026-06-20T03:28:35Z,0,006QLmXIFixvAu5AMB,Opportunity,0032TQrA3bO5liLQR5,Contact
00TImvkfIuWCupoUP3,Review requirements,Not Started,Normal,2024-09-28,Email,Synthetic follow-up activity for CRM workflow testing.,2025-12-01T00:52:56Z,0,001XFpYyxD2bjtqY54,Account,,
00TvI7P1u6T23LyEXU,Review requirements,Not Started,Low,2026-02-15,Call,Synthetic follow-up activity for CRM workflow testing.,2022-12-03T21:32:05Z,0,500rjq4CLXeW59ZYWP,Case,003ftagqbM4Nr19AO0,Contact
00TQxjOjcgUT7V3UZM,Review requirements,Completed,Low,2025-09-20,Other,Synthetic follow-up activity for CRM workflow testing.,2021-07-16T23:14:39Z,1,500683omSa9TBEGI3N,Case,0034JXiziG8PDZeI0L,Contact
00TV5UecEir4p592B0,Review requirements,Deferred,High,2021-07-03,Other,Synthetic follow-up activity for CRM workflow testing.,2023-02-16T12:38:32Z,0,0012Mm2CXMo3FSXAIK,Account,003bOAPrmV9QHMqQJP,Contact
00T6QzouKeDtmONMSM,Review requirements,Completed,Normal,2024-04-11,Other,Synthetic follow-up activity for CRM workflow testing.,2022-05-22T00:45:06Z,1,80ig0h44cCZ9guhILV,Opportunity,003eWhmT5dPzHuRQTV,Contact
00T3jya8UUFUb63MN1,Send workshop summary,Deferred,Normal,2021-07-23,Email,Synthetic follow-up activity for CRM workflow testing.,2023-02-02T07:00:35Z,0,800ZLfuUv69zjcQIW6,Contract,00QWslzPKx2eiu82E5,Lead
00TzaSBpAUEci4C2JZ,Review requirements,Waiting on someone else,Normal,2025-07-24,Other,Synthetic follow-up activity for CRM workflow testing.,2023-09-22T23:05:44Z,0,500IchOixbzZjpyYJF,Case,003vzIhgcdGo6WyA8L,Contact
00TZsZR6mi4c3FlM9U,Review requirements,Waiting on someone else,Low,2025-01-27,Email,Synthetic follow-up activity for CRM workflow testing.,2023-10-24T04:27:36Z,0,001HN4NjiBD6CXII3H,Account,0039kLvgxKq4hD9IUA,Contact
00TW07v4uQTeMMn2Q3,Review requirements,In Progress,Normal,2023-08-22,Email,Synthetic follow-up activity for CRM workflow testing.,2026-02-05T01:01:59Z,0,01665LIM3G7O2IEIRV,Opportunity,0037M62rbyqrXEmYO4,Contact
00TcmUYJtESl7s2U75,Prepare proposal,In Progress,Normal,2022-09-14,Email,Synthetic follow-up activity for CRM workflow testing.,2025-11-18T22:22:31Z,0,001pLrXgUg79BdcA23,Order,,
00Tm5nM0g1WtzNjERW,Send workshop summary,Waiting on someone else,Normal,2026-04-07,Other,Synthetic follow-up activity for CRM workflow testing.,2021-02-28T21:22:45Z,0,,,003jpc9fvszuIGAAIH,Contact
00T2LbX15CfRMpIUDG,Prepare proposal,Deferred,Normal,2022-01-13,Email,Synthetic follow-up activity for CRM workflow testing.,2024-07-10T06:37:29Z,0,001v3PBn9EDl48XQNP,Account,003rYm1EAhfyJPyQ52,Contact
00THP7iHmw48DbSU8R,Prepare proposal,Deferred,Low,2025-02-27,Other,Synthetic follow-up activity for CRM workflow testing.,2025-02-08T03:34:26Z,0,,,0030sKrr59bnBWGQWV,Contact
00TTSdrmVPSTKj7U31,Send workshop summary,In Progress,Low,2022-05-22,Other,Synthetic follow-up activity for CRM workflow testing.,2021-02-01T08:58:14Z,0,,,00QkKFNYGZrkkt3UZX,Lead
00TpWZDYJJZ0zsmMYG,Follow up,Deferred,Low,2024-06-06,Email,Synthetic follow-up activity for CRM workflow testing.,2021-06-15T06:33:31Z,0,810bxkuzQPDh3uvAMF,Opportunity,003fqAS4LPm78GPREG,Lead
00TgVGq6NLOW5tfEQI,Prepare proposal,Completed,High,2022-12-08,Email,Synthetic follow-up activity for CRM workflow testing.,2026-03-14T20:00:10Z,1,500b2RmBNYambnCQ4P,Case,00Qt1Xkxu82vxgUEFN,Lead
00TXcGPazksVpvFMS2,Review requirements,Waiting on someone else,Low,2023-01-02,Call,Synthetic follow-up activity for CRM workflow testing.,2022-10-23T16:18:25Z,0,52t7APNwtuwWW5fAQ6,Opportunity,003iAxSVh6VBSMnYJ1,Contact
00TGYNxOBLBTBRQEOI,Follow up,Waiting on someone else,Normal,2022-07-09,Other,Synthetic follow-up activity for CRM workflow testing.,2023-08-02T23:40:18Z,0,02ijwxTcAR7md4GI2O,Asset,003WU4Q6S7FReEGY2S,Contact
00TkMN18X8qAD8zMG0,Prepare proposal,Deferred,Normal,2025-10-14,Call,Synthetic follow-up activity for CRM workflow testing.,2025-07-12T19:06:19Z,0,520EiWZmXvkDTyvYKR,Opportunity,,
00TqaWlTQhjMfcj22C,Follow up,Not Started,Low,2022-11-26,Email,Synthetic follow-up activity for CRM workflow testing.,2022-11-10T11:15:41Z,0,8001LkXFbGoaJPdIB9,Contract,003s6dF4hMdQPk0I7Y,Contact
00T0HawI3auZVQZUEZ,Review requirements,Waiting on someone else,Normal,2022-03-05,Other,Synthetic follow-up activity for CRM workflow testing.,2024-10-27T16:00:03Z,0,5002TabswvNJ5IUA5D,Case,003VZ91E2HD5eLsYOI,Contact
00TnUdMWi1rm2MKMQP,Follow up,In Progress,Low,2023-09-04,Other,Synthetic follow-up activity for CRM workflow testing.,2021-01-06T17:01:16Z,0,,,,
00TtS8vL7XZZD9qEZH,Follow up,Waiting on someone else,Normal,2023-01-27,Other,Synthetic follow-up activity for CRM workflow testing.,2021-09-02T23:03:15Z,0,800PbSJbzuh4q8qYN9,Contract,,
00TC5zOffiVoBj4UTI,Review requirements,In Progress,Low,2022-08-09,Call,Synthetic follow-up activity for CRM workflow testing.,2024-12-07T06:25:35Z,0,006ITobJW1wzwlKAY8,Opportunity,0039kLvgxKq4hD9IUA,Contact
00TJIMARBHGSi4A29E,Prepare proposal,Not Started,High,2025-09-12,Email,Synthetic follow-up activity for CRM workflow testing.,2025-05-30T02:28:17Z,0,,,003y4kBbZm52Aq6AZK,Contact
00TKB5tDAaqNGHwUYN,Send workshop summary,Not Started,High,2022-06-22,Call,Synthetic follow-up activity for CRM workflow testing.,2023-07-10T21:43:13Z,0,001zOsseTV2G23QAKL,Account,003KqBug3b1B6QlQE9,Contact
00T8pebwn8DqrYdU2A,Review requirements,Not Started,Low,2022-01-13,Call,Synthetic follow-up activity for CRM workflow testing.,2021-07-07T01:00:18Z,0,,,,
00T98mcUm6pBZo22US,Follow up,In Progress,Low,2021-09-19,Call,Synthetic follow-up activity for CRM workflow testing.,2024-06-24T08:14:04Z,0,001DLqMjZmJEMS7ID7,Account,003yV84dOsc9TXNYUL,Contact
00TE24uxw1LSJ4OMC2,Prepare proposal,Deferred,High,2024-08-22,Call,Synthetic follow-up activity for CRM workflow testing.,2021-07-07T08:01:07Z,0,016C2EooReZg2WZYG1,Opportunity,003V36CaJrk07gQA07,Contact
00TVIW3BzfufjUEM5C,Send workshop summary,Completed,High,2025-12-27,Call,Synthetic follow-up activity for CRM workflow testing.,2025-03-17T02:01:13Z,1,001cML7G0gkmAuyYXM,Account,003D0r5zC0keCSRAML,Contact
00T4noKqjsYP2sSEZ4,Follow up,Deferred,Low,2023-11-18,Call,Synthetic follow-up activity for CRM workflow testing.,2022-11-26T05:22:01Z,0,001sS1Mj9gSLRavQC2,Account,003nbABOCORgwMAA2H,Contact
00TGlmBTbqJFTppEIU,Prepare proposal,In Progress,High,2025-12-07,Call,Synthetic follow-up activity for CRM workflow testing.,2021-01-16T08:32:47Z,0,02tVBbUlSe9jR1yAQL,Opportunity,003t60ZdAVywrDrQTA,Contact
00TSIPX6o7PXD3zUPV,Review requirements,In Progress,Low,2022-10-31,Email,Synthetic follow-up activity for CRM workflow testing.,2025-02-11T12:39:09Z,0,02irZ4HQpW4kKApYZM,Asset,003i4p6APoWTcRLIO0,Contact
00T4CIHcSWnMJb0U5C,Follow up,Waiting on someone else,Low,2026-08-05,Call,Synthetic follow-up activity for CRM workflow testing.,2024-09-27T08:39:29Z,0,001LInXZfFVYqWIIEB,Account,00Q19DffTLprsDlEA8,Lead
00TcsHqpKUwiU7YU97,Prepare proposal,Completed,Normal,2023-08-22,Email,Synthetic follow-up activity for CRM workflow testing.,2024-03-23T22:15:47Z,1,500eYIFFs8Ve4zGQ4K,Case,,
00TT61x9EGYG0sOU5Z,Send workshop summary,Deferred,Normal,2026-08-27,Other,Synthetic follow-up activity for CRM workflow testing.,2025-06-05T17:44:34Z,0,001kBV5ho7M1GOwA4E,Account,003Po8fzH5EDEzmQWJ,Contact
00TYF8gpc0FIZfnM37,Follow up,In Progress,Low,2022-08-13,Email,Synthetic follow-up activity for CRM workflow testing.,2024-09-22T09:26:07Z,0,001veU1rKvNzbBRQ2J,Account,003aOYRJR4o2kcUANS,Contact
00Tns7TueSpLADn2ZB,Send workshop summary,Completed,Low,2024-11-01,Other,Synthetic follow-up activity for CRM workflow testing.,2022-02-08T13:04:58Z,1,701ij13ElUK36zHQ2S,Campaign,,
00TPCGQYj1OPhDy2HL,Follow up,In Progress,Normal,2025-05-27,Other,Synthetic follow-up activity for CRM workflow testing.,2022-02-06T10:45:26Z,0,02iXpsDy1UTMJl0Y8J,Asset,,
00T7Sy4A1MnMFha2WZ,Prepare proposal,Waiting on someone else,Normal,2024-11-14,Other,Synthetic follow-up activity for CRM workflow testing.,2025-03-23T01:42:42Z,0,02ibD5xT97cbAtBAWU,Asset,003DnDlPXrvzmkCIGX,Contact
00TCfyLjB56DkKXML8,Prepare proposal,In Progress,Normal,2022-12-18,Other,Synthetic follow-up activity for CRM workflow testing.,2025-09-30T18:00:42Z,0,,,003PEqsLAqNvNCQY8Z,Contact
00TNweI917UKO3iMBH,Prepare proposal,Waiting on someone else,Low,2025-05-12,Email,Synthetic follow-up activity for CRM workflow testing.,2022-09-27T20:49:42Z,0,001Ivgehi2RhpxmIXK,Account,003Z7i47cIIFP47YOK,Contact
00TPHfaQ0Xgq7ijUIE,Follow up,Not Started,Low,2025-08-15,Email,Synthetic follow-up activity for CRM workflow testing.,2021-01-22T21:26:36Z,0,02iSTDrIhIJwH0sIGC,Asset,,
00T5YJJ3RrFUHiVEDN,Prepare proposal,Not Started,Low,2026-09-07,Email,Synthetic follow-up activity for CRM workflow testing.,2021-05-27T03:53:08Z,0,001Hbp8pEhElgRqIO2,Account,003cQYFJhLOFpaDATG,Contact
00TKvPXy6PewNkFE2S,Prepare proposal,Waiting on someone else,Low,2025-01-29,Email,Synthetic follow-up activity for CRM workflow testing.,2024-06-24T07:42:37Z,0,006GRdo2dWTDRxlAUR,Opportunity,0038mpZAjyw0zY6APK,Contact
00TvIrVFwpvZDgKEEI,Follow up,Deferred,High,2026-01-03,Call,Synthetic follow-up activity for CRM workflow testing.,2022-09-10T10:07:34Z,0,801pbgsUWyofMvCQ9J,Order,,
00TvHZRugJygxK92YA,Prepare proposal,Not Started,Normal,2023-08-08,Other,Synthetic follow-up activity for CRM workflow testing.,2023-10-27T15:00:41Z,0,02ieyz6R80eNjjNIXV,Asset,003CSoanR8VB42SYF1,Contact
00TSuZM01jERIh4UUE,Review requirements,Not Started,High,2024-10-20,Email,Synthetic follow-up activity for CRM workflow testing.,2025-08-30T23:04:40Z,0,800kockSrUGlb2QALM,Contract,003GweaslhRRyCLI5I,Contact
00T8Ad3WO8c7imPU7K,Review requirements,In Progress,High,2026-07-16,Call,Synthetic follow-up activity for CRM workflow testing.,2023-12-09T18:27:40Z,0,701iu7etaRTqbMlANW,Campaign,0030KKuMuOgqfrFIK3,Contact
00TawRBgAZtBOzN24Y,Follow up,Completed,High,2024-09-18,Email,Synthetic follow-up activity for CRM workflow testing.,2025-02-21T02:19:03Z,1,8104BWEK6Vg8jxoQ0U,Opportunity,003pEPvom8yD6H1AJ3,Contact
00T0gVE4uRatyekUTC,Send workshop summary,Waiting on someone else,Normal,2024-05-09,Call,Synthetic follow-up activity for CRM workflow testing.,2025-01-11T06:34:44Z,0,001B2d6s5HXqPpaQYB,Account,003D3vomlJS5FcPAGE,Contact
00TCccIMC0Oomy325F,Prepare proposal,Waiting on someone else,Normal,2023-11-09,Email,Synthetic follow-up activity for CRM workflow testing.,2025-07-20T20:58:56Z,0,800kC19Ckx0CP9oIY2,Contract,0030VnwN9BYQ14jQG1,Contact
00TuDxzfPhwpVUWMC5,Review requirements,Deferred,Low,2022-01-20,Call,Synthetic follow-up activity for CRM workflow testing.,2024-12-19T00:36:51Z,0,820k7BRYhy6wZm7IHH,Opportunity,00QQIbQq3j2PzG3UYQ,Lead
00TEkBUUbWkxCLUUOH,Follow up,Not Started,High,2024-06-08,Other,Synthetic follow-up activity for CRM workflow testing.,2022-12-04T06:37:48Z,0,,,003PBVebBHN0OZTY8C,Contact
00TPC0MXxMtlTSbUDL,Follow up,Deferred,High,2026-02-25,Other,Synthetic follow-up activity for CRM workflow testing.,2021-08-02T13:17:30Z,0,500704dyXuhVk8JIAX,Case,,
00TkKuvWgAP99rVMID,Prepare proposal,Deferred,Low,2023-09-09,Call,Synthetic follow-up activity for CRM workflow testing.,2024-09-21T12:01:08Z,0,006I9L295zXfyQJIBG,Opportunity,003PxCKvFkXxGxeA2X,Contact
00T91KYUJAjtXZZEVV,Prepare proposal,Deferred,High,2026-03-18,Other,Synthetic follow-up activity for CRM workflow testing.,2026-02-12T17:37:10Z,0,52iCDRIAwvUf59nYVM,Order,00QczOatOR1gejm2J6,Lead
00TcSN9xA8PZ7hhEX1,Review requirements,In Progress,Low,2021-03-19,Email,Synthetic follow-up activity for CRM workflow testing.,2026-04-10T18:17:07Z,0,001xCcjaWJxjfQtAJX,Account,003VxcdBObSgXOoYQB,Contact
00To3vPMlYnyv9nUUU,Review requirements,Not Started,Low,2026-03-15,Call,Synthetic follow-up activity for CRM workflow testing.,2023-12-17T00:44:41Z,0,821AbkiganEss7hYIQ,Opportunity,003O84dQbjv4L4iAPU,Contact
00TW9rmZsF8TOfHUIK,Follow up,In Progress,High,2023-01-13,Email,Synthetic follow-up activity for CRM workflow testing.,2021-08-31T03:21:00Z,0,,,003eZ2Th2GHWes2Q9R,Contact
00TpRvuLjyEYbD22HX,Review requirements,Waiting on someone else,Normal,2025-09-12,Other,Synthetic follow-up activity for CRM workflow testing.,2022-07-19T12:56:19Z,0,,,003Wujln1WKKcf9YG0,Contact
00T7YgxGChjRX7mEWC,Prepare proposal,Waiting on someone else,Low,2025-02-26,Call,Synthetic follow-up activity for CRM workflow testing.,2023-04-11T06:14:13Z,0,01tRVZczygwfQeVYDN,Product2,,
00TzpuSDh7345on2WY,Send workshop summary,In Progress,Normal,2022-11-29,Call,Synthetic follow-up activity for CRM workflow testing.,2024-02-04T00:47:39Z,0,001G40EGKjt7p96I7T,Account,003IVW7t4JubGXDYGE,Contact
00Tm8h0Myxkx38lENM,Send workshop summary,Not Started,High,2022-05-15,Other,Synthetic follow-up activity for CRM workflow testing.,2024-10-21T13:20:45Z,0,,,00QYQRgdaxqS9gX2CP,Lead
00T8D16Pp8bgfD22KD,Prepare proposal,In Progress,High,2023-03-19,Other,Synthetic follow-up activity for CRM workflow testing.,2024-01-10T09:43:42Z,0,701WVcR9nBSbxB9QPQ,Campaign,,
00TeQDaoTRNZGQtE80,Follow up,Completed,High,2026-01-31,Other,Synthetic follow-up activity for CRM workflow testing.,2025-05-27T07:46:13Z,1,500hJz2mqLHvGgzYC2,Case,00317cgK1sgvVNoIM1,Contact
00TcLi0MP4LfhODM64,Follow up,Deferred,High,2024-04-13,Email,Synthetic follow-up activity for CRM workflow testing.,2024-01-29T16:42:03Z,0,,,003LtDO7YzOyUhUA6A,Contact
00TFD8YjEeA1mD9EAV,Prepare proposal,Waiting on someone else,Normal,2025-06-19,Other,Synthetic follow-up activity for CRM workflow testing.,2023-09-25T08:48:00Z,0,001x4qMeufUWlfdINO,Account,,
00TT79XINMwBiPjMN4,Review requirements,Deferred,Normal,2024-12-27,Email,Synthetic follow-up activity for CRM workflow testing.,2026-02-02T03:27:17Z,0,001t1tQX1aEupiNQXE,Account,003VMr2dUUitVLPA5B,Contact
00T7cFRfUdHWWne22B,Review requirements,Deferred,High,2022-08-12,Other,Synthetic follow-up activity for CRM workflow testing.,2026-06-17T21:25:24Z,0,006rv68Dcrw9aiCQPM,Opportunity,003s4EbxYNRHqPbQ0W,Contact
00TkrRbbXHq4JMyEUJ,Prepare proposal,Waiting on someone else,Normal,2022-04-03,Other,Synthetic follow-up activity for CRM workflow testing.,2025-09-22T01:21:10Z,0,001OR7GRtb417SOIE9,Account,003HzCKayrm65wDY08,Contact
00ThgpW3BwlyOOS2J4,Review requirements,In Progress,Normal,2026-09-10,Call,Synthetic follow-up activity for CRM workflow testing.,2021-02-20T00:00:30Z,0,001OH94vlTF3MI8Y08,Account,00QZRviHtnkxtoY2CV,Lead
00TTOrMhYSVTskME2G,Review requirements,Completed,High,2023-07-17,Call,Synthetic follow-up activity for CRM workflow testing.,2023-05-16T08:30:48Z,1,006xg6DrSgjRwccI6H,Opportunity,003lfTCNDHmobXYIMN,Contact
00TQNsBynb12eS62U8,Prepare proposal,Completed,High,2026-05-07,Call,Synthetic follow-up activity for CRM workflow testing.,2022-10-05T05:57:55Z,1,500Z8doQG1Q0Z80YQ1,Case,003zZN7kTdFUNzWQF9,Contact
00TBfaQ5EitDiXl2KR,Prepare proposal,Waiting on someone else,Normal,2025-12-18,Call,Synthetic follow-up activity for CRM workflow testing.,2021-11-15T13:14:22Z,0,5003ERO0dHcMiCHYD9,Case,003w3bFh9tGTwKJIHB,Contact
00TPPz880EpmOBLM4P,Review requirements,Not Started,Low,2023-03-22,Other,Synthetic follow-up activity for CRM workflow testing.,2026-03-19T02:21:04Z,0,,,005zwu563HypMJOHUF,Lead
00TXe6yFu0wvKQPMEU,Review requirements,Completed,Low,2025-10-05,Call,Synthetic follow-up activity for CRM workflow testing.,2022-09-24T23:21:41Z,1,001CobSEZTi3dLCAGD,Account,003AjUK2cybvQvDQL1,Contact
00T3s5NQPdTHIHyUEA,Follow up,Completed,Normal,2024-06-14,Email,Synthetic follow-up activity for CRM workflow testing.,2021-07-16T04:27:35Z,1,01tPmYvxIX0qsDOIHK,Product2,003FlAerSxK87n1YYX,Contact
00T3vrxaifLgLpR2LR,Send workshop summary,Deferred,Normal,2026-02-01,Other,Synthetic follow-up activity for CRM workflow testing.,2022-02-10T04:29:11Z,0,001JM45YOxOPMdeQIO,Account,00Q2HTfrQfVWuUVE4A,Lead
00TDMWRT1Dr4GAtMBN,Prepare proposal,In Progress,Normal,2022-11-27,Email,Synthetic follow-up activity for CRM workflow testing.,2021-07-01T04:24:50Z,0,71iZ1906woYvO5yY9W,Opportunity,003jEgISZnaybOTQW0,Contact
00TMpvMyddlCmimMYR,Follow up,Waiting on someone else,High,2025-03-02,Other,Synthetic follow-up activity for CRM workflow testing.,2023-02-07T11:57:03Z,0,021EN8Fd1z1p8WxA9N,Opportunity,003CdFzAkit5JdwQ55,Contact
00TNlQFFF6N7xuOEY7,Send workshop summary,Waiting on someone else,High,2025-08-27,Call,Synthetic follow-up activity for CRM workflow testing.,2021-06-28T20:39:04Z,0,500gXsW3KnVriomAIG,Opportunity,,
00Tnnbc9YzvFR7NE7O,Prepare proposal,Waiting on someone else,High,2022-09-05,Call,Synthetic follow-up activity for CRM workflow testing.,2022-05-18T06:25:35Z,0,500UfWaEO0N9XrDQ0W,Case,003pG37dZHpzjtZY7Y,Contact
00T4MNo6R4MDb4YM02,Prepare proposal,Not Started,High,2021-04-02,Other,Synthetic follow-up activity for CRM workflow testing.,2023-03-23T14:03:49Z,0,,,003jtuSlBItisArQER,Contact
00ThdabtpUa7JqQE0N,Prepare proposal,Not Started,Low,2021-06-25,Email,Synthetic follow-up activity for CRM workflow testing.,2024-09-17T12:47:13Z,0,801nfZnswQNLrZpYXQ,Opportunity,00QTcVghf0rrFIe2HH,Lead
00TyG8IgwOR6dkwU8K,Prepare proposal,Not Started,Normal,2023-03-01,Other,Synthetic follow-up activity for CRM workflow testing.,2025-01-26T04:59:40Z,0,520XJrk2Cut9UV0QB6,Opportunity,00QZEaqbxYimbThUHE,Lead
00TqOqD3HWjIrDrUQQ,Review requirements,Not Started,Low,2025-08-14,Email,Synthetic follow-up activity for CRM workflow testing.,2022-11-29T04:56:25Z,0,70t7NdXMV2HTdcTY92,Order,003BWrIDgk0dlGWQ9O,Contact
00TDayDsOXqSN9ZEEF,Prepare proposal,Deferred,Low,2024-06-28,Call,Synthetic follow-up activity for CRM workflow testing.,2022-01-17T20:27:00Z,0,7110104sHd7nBOwQGT,Opportunity,,
00T30tcBJdFq9XwE63,Send workshop summary,Not Started,Low,2023-07-09,Other,Synthetic follow-up activity for CRM workflow testing.,2025-05-08T12:26:30Z,0,500pSSbR8SSbMLyQGU,Case,,
00T9KrEoYiaIh5JU93,Follow up,Not Started,High,2025-03-08,Other,Synthetic follow-up activity for CRM workflow testing.,2024-12-11T00:54:42Z,0,0017rl4CBbT95B0YG7,Account,003iAxSVh6VBSMnYJ1,Contact
00TLIMWFLReG5bkMI4,Prepare proposal,Waiting on someone else,High,2021-04-29,Call,Synthetic follow-up activity for CRM workflow testing.,2024-07-03T23:37:15Z,0,,,,
00TwQOOhTTMZfNAUOC,Prepare proposal,Waiting on someone else,Low,2023-12-24,Other,Synthetic follow-up activity for CRM workflow testing.,2024-07-31T04:34:33Z,0,01t7U5ipBfHp1PQIKM,Product2,003hzvSfhLntALrY81,Contact
