Id,Status,Response,CreatedDate,IsInvitee,IsWhat,EventId,RelationId,RelationType
0RE4vuZZs0G1dBe4BE,Maybe,Tentative,2023-11-18T10:28:46Z,1,0,00Urf27rZ1AbdTlEJL,001NRMSr13PD4ICIOI,Account
0REHoEsfXIpOf7WO5R,New,No response,2022-11-05T17:22:55Z,1,0,00UJr7Sh1a0MSijMJ3,,
0REo0Pfs07wZwpPWDH,Declined,Declined,2023-04-20T05:37:30Z,1,0,00U2CWtOXGV9O182BM,003TohofzJbMpSnADD,Contact
0RETlLjYG5YEYInOTG,Maybe,Tentative,2025-03-17T23:42:54Z,1,0,00UgadYM8ZNmiHxMGX,003N7npX1LNheCRIK8,Contact
0REFF8EDwZzfZdV48V,Maybe,Tentative,2022-11-21T01:10:51Z,1,0,00UBg8IGOXNX4wpUMG,00Q0Om40PiVFKjq2C8,Lead
0RERM9iVDJlOvJO4WZ,Maybe,Tentative,2024-02-19T03:25:43Z,1,0,00UmCIjeorC2NbyMST,003J1sCEAVcUhToYVZ,Contact
0RE9ebnl49zzLsLWZZ,Declined,Declined,2025-12-24T10:02:16Z,1,0,00UGXeyCuTyHpmWM5D,00QKKTh4NfWjtWe20U,Lead
0REBAAFUXaiNOlQO0H,Accepted,Accepted,2026-01-08T04:04:55Z,1,0,00UPcOWl6Afyt6GMDM,0034a0GDIMZmGWiARF,Contact
0REHQkxCKzVFPilOEE,Maybe,Tentative,2023-04-18T17:18:31Z,1,0,00U9wsf3HN5EKr328Y,003TjBUAQhuDTFpYUE,Contact
0REO6gcMYAxexJIO74,Accepted,Accepted,2021-04-29T19:37:28Z,1,0,00U54dVV0e2w9YTU73,,
0RECvlSxZMAZfyPO0I,Accepted,Accepted,2025-04-13T09:35:31Z,1,0,00U56yp6i17ApW7U24,003ymOdH07y8GqYQ0O,Contact
0REFRSQAUBvrE5hGQK,Declined,Declined,2024-05-17T01:38:59Z,1,0,00Um9AEQX2SdCvEE3M,003oDJykvTwdFELQMJ,Contact
0RE6DGlgLoPdyh44FH,Accepted,Accepted,2022-08-15T17:20:57Z,1,0,00UTWZTTPSbUwYO2UP,003HFR6Z7w4dO5jINX,Contact
0REA0ePErfPKRA4WE8,Accepted,Accepted,2023-06-22T04:12:31Z,1,0,00UGrNYuWjsU2egMC5,0033SEdevRo9e7GIBC,Contact
0REOUp2Xcx7NS9r4HF,Maybe,Tentative,2023-08-07T01:20:28Z,1,0,00UHhhFu4KvEiFVM23,00QyjUvqYFsdY1zWSC,Lead
0REBnLifox8T2teGA9,Accepted,Accepted,2024-08-23T18:47:35Z,1,0,00Uf5mX6pU8iwM5UAI,0057ufaHufy75ktAX1,User
0REcxx5pguzIvaJ4AK,Maybe,Tentative,2024-05-31T09:33:40Z,1,0,00UyILqiZqQQlyMEQS,005uepIIzxcmHrDI1O,User
0REpnR483XjvsOR4ML,Declined,Declined,2022-12-13T14:42:54Z,1,0,00UoDSEcLLQePATMX9,005X9VIRE3gtc1zYMH,User
0REQme7Qdbsh9kX426,Accepted,Accepted,2024-03-08T06:32:32Z,1,0,00UQQ03cnW4asQoMGD,00311jogHN3a9H5QXX,Contact
0REHRV1aL65EzI2WYA,Declined,Declined,2022-08-10T07:57:18Z,1,0,00UmSb4usgEPCpeUH4,003Vq9Ox7LeTk4GQP4,Contact
0REpsTwdRPhWfA7GCG,Declined,Declined,2025-06-20T17:43:17Z,1,0,00U2Zg6Hh4FdICHUH2,003gSItjdJa0xcXQ3R,Contact
0REC4PON5Qo6VbpG0G,Declined,Declined,2025-05-26T20:25:34Z,1,0,00Ul1PMEZ63ozoIEMM,003twefy02aagUgIFC,Contact
0RECktiunKpvJ9RWR8,New,No response,2026-04-15T23:49:07Z,1,0,00U39oSz46SlPFLMZV,0039kLvgxKq4hD9IUA,Contact
0REopGcKk6ihy4UW02,New,No response,2023-08-15T15:34:03Z,1,0,00UEbufZdvvRgZ8UKR,00QEhyi0pVAegunMWD,Lead
0REKzfqnJP6tr1FGBN,Accepted,Accepted,2022-05-27T18:37:33Z,1,0,00UvU9FTkCEe88cU9R,003rfuHfs51RYULQIE,Contact
0REjdsubjPlRcsIWPF,Maybe,Tentative,2023-12-25T23:42:22Z,1,0,00UxDkF6QLdi82JEDQ,001ll0htSxmTlUFAHW,Account
0REiKg8GKa3BeY4GXW,New,No response,2025-09-06T18:13:02Z,1,0,00UTRHYD0QOHcTCEKD,003NSNqWcJh2Q74I73,Contact
0REPF6lhBIGKdEfOFW,Maybe,Tentative,2026-04-05T23:29:25Z,1,0,00UeTr7Q6U02P2rU94,00QF1xcDHBou9XQMEP,Lead
0RE8cAJl28jkqM3WCI,Maybe,Tentative,2025-09-02T07:57:24Z,1,0,00Ua97syz9DMCcFM4E,00QRFPTahmzFj8JUTQ,Lead
0REYGLnEU9eBMiD41G,New,No response,2023-01-20T21:51:11Z,1,0,00UUHXRZ048lmS0UV8,00QgUGsr1qPl7HbMCL,Lead
0RE90ouLH3KfI4uWJ4,Declined,Declined,2021-05-21T07:02:05Z,1,0,00U3yyX64Cij6LZ28G,003INnMnBh04sdGY8O,Contact
0REPfFGeJrz5Um54BN,Accepted,Accepted,2024-09-14T07:34:46Z,1,0,00UsSofxVa6JvrJMW7,003uwGp0ZUzZmWKILM,Contact
0REDC0aLqXaNNcrOJX,Declined,Declined,2026-06-12T03:07:39Z,1,0,00UlxB3TGOkciWJUN0,005TU4vqRu98dHsY03,User
0RENi5sYrtqGhoOWQ2,Accepted,Accepted,2021-07-10T16:12:27Z,1,0,00UqgyM91PIcK8YED4,001CAWJWrCJUDD2Q42,Account
0REG8jDTpq6NIV1GQW,Maybe,Tentative,2024-05-22T07:23:18Z,1,0,00Uu3pR2odkvXhy2MS,003e5BCx9XKSAP3IU4,Contact
0REbkY8goNTyIOjODF,Accepted,Accepted,2024-06-12T07:56:25Z,1,0,00UAnHyQtlUgbT1MAY,003m8THYf4oJQr4YY8,Contact
0RERve80ngzAFm5OFJ,Declined,Declined,2021-02-06T08:42:22Z,1,0,00U006jc1bWsLA7UMJ,,
0REadByTLN3N9LPO6Q,New,No response,2025-09-12T06:02:18Z,1,0,00U71d6dWLnGnhY2P8,00Qp4r3sGskNeViMOA,Lead
0RE36sIHjy74pMv48L,Accepted,Accepted,2021-12-20T07:34:55Z,1,0,00UShnRICeRJtANMGN,003pLHDBsvaSNsGQ3J,Contact
0REW9n36Jh2rq65OIG,Accepted,Accepted,2022-12-11T13:36:11Z,1,0,00UjyrCLIe6H0ys2RU,00QbmnXkgvQgXg4EAR,Lead
0REwAn24WHiUwYDO40,New,No response,2025-03-29T13:04:23Z,1,0,00USUq8uDl9CIrLUPN,0055104LMiqj6dJ1N2,Lead
0RENkKmCcCkCyzj488,New,No response,2026-06-08T10:40:31Z,1,0,00UxvGUYpbUi9RBE5I,,
0RE0ccdnxBrIk934W6,Declined,Declined,2026-05-07T10:10:30Z,1,0,00UGAARkn77lihxMUM,005ifKSPcGiOhecIJG,User
0REDteuxkw4ryMCO4C,Maybe,Tentative,2024-05-25T18:58:36Z,1,0,00UZ3VcLVTyTL6tUT7,,
0RESJCLJCKjZhrfGCM,Accepted,Accepted,2021-08-31T14:06:47Z,1,0,00UOOjq7NN0nNVSEUJ,005v59Ac1LDtASn9C0,Lead
0REY9CBJUPPdiPiG1R,Maybe,Tentative,2023-12-07T04:39:43Z,1,0,00Ue0H6MqYXiTFDEG7,003XfSezXjrwOTzIKG,Contact
0RERDhF0xQUFIBSWM0,Maybe,Tentative,2022-04-09T13:56:43Z,1,0,00Ug8kUWX59mpjFEHX,001pTLwbTFSx0AVIHA,Account
0REZaDXf0GP9w77G0W,New,No response,2023-09-09T01:55:17Z,1,0,00UbAgfrwGqePxyUK4,,
0REAnzIdZmA1TvFOCX,Declined,Declined,2021-08-24T23:36:27Z,1,0,00UbRmUEWlLAC1f2PP,003i4p6APoWTcRLIO0,Contact
0REtc2oj3ELLIUA4I0,Accepted,Accepted,2025-02-17T04:00:57Z,1,0,00Ulx116oOee140UM4,005QCiUGxJnyyOsY12,User
0REg2rQ8avbHDZMOWT,Accepted,Accepted,2022-10-30T07:18:17Z,1,0,00U0nty9tXCjho1UXH,00QFqWM1vG2nBRvUA4,Lead
0RE9nonjNeffoBSOWK,Declined,Declined,2026-03-18T23:22:08Z,1,0,00U9T4tpBr3eVm8MI2,0032YUBb1deGb5cQNC,Contact
0RE4Z3pyvK9OoxwGLJ,Declined,Declined,2022-05-30T19:44:48Z,1,0,00UcLqs6J3cOPdIE8T,003jGoziqs6ionMIIC,Contact
0REIU5S7K9DsVGSWW7,New,No response,2026-04-02T13:07:06Z,1,0,00UctLzyLyvM0J2UJ4,003SuS97kgzeiZsYFR,Contact
0RE5AVi5ctfE8zvGUJ,New,No response,2022-04-26T16:34:16Z,1,0,00UrwZzdS0FiBV2MWQ,,
0REXP55mTefEAJC4HR,Accepted,Accepted,2021-12-24T00:29:37Z,1,0,00UYo00Fb5z7dt1U2I,003duIT5I8wlyJdYN3,Contact
0REFGRQllW7PUczGY8,Declined,Declined,2022-08-04T03:17:25Z,1,0,00UOwOzZ0lOD6xmE3Q,0055EGfQDBgoAh8IFH,User
0REmAqMKVHqD6HUWJP,Accepted,Accepted,2025-12-18T21:47:09Z,1,0,00UYuwhoppEfMCuUWI,003tGuzsxGZam6lYCX,Contact
0RElxxFbHDrI0lT4UI,Accepted,Accepted,2026-06-10T13:14:10Z,1,0,00UvyTLtyjGD68IEE6,,
0REVxfiWOItT8exGKQ,Maybe,Tentative,2026-01-06T11:07:08Z,1,0,00Urxmee4MSMYEp29T,,
0REMC7lsroq0nbzOP0,Maybe,Tentative,2023-12-22T09:05:17Z,1,0,00UWMqYfiY09cR22Z7,005X9VIRE3gtc1zYMH,User
0REdRlaWBYMlHELWOE,Accepted,Accepted,2022-03-03T08:36:10Z,1,0,00Ux2Boi7aqVvse25U,001Inbo5xzWKldwA1H,Account
0RE48CEdIgDMuLYGG4,Maybe,Tentative,2021-07-17T17:40:09Z,1,0,00UHJ7Oy9SU0948UJQ,003axoHgSewH83KYNB,Contact
0RE0lJQuxarQjBXGD6,New,No response,2025-05-03T20:36:49Z,1,0,00UBpBO1jiGsv2nEZA,0059TXxjNHb2m6R2S5,Lead
0REeyex4QMHV92bG2R,Declined,Declined,2022-02-10T15:49:47Z,1,0,00UglL14feB2FELUUU,00QD44ntkNMmGWN2QX,Lead
0REhXv9VVqORd5cOSS,Accepted,Accepted,2026-01-24T00:58:48Z,1,0,00U5LqfdtcE5Ik0E4T,00QvFPDabYuikpJ2T8,Lead
0REJFwC3l8uHPvZOJJ,Declined,Declined,2023-10-04T21:35:05Z,1,0,00UJ4VrvSIHjwBJEB1,003MnJVzYDGu7zUAKK,Contact
0RE8XdLRtToO4cH4YA,Maybe,Tentative,2024-03-27T15:03:39Z,1,0,00U8zex8wQb3aaR2QU,00Q4Kik7zpqfyMc2LM,Lead
0REmf3krvgKQmZTWGD,New,No response,2024-01-12T10:25:44Z,1,0,00UOhypEPliWsmxUY5,005W8vdEbVdzOCdA62,User
0REbYkaDhVttapx4FA,Accepted,Accepted,2023-07-05T23:27:06Z,1,0,00U5534U2MipqJSE8Z,003mz6nOplXbNe6IQ3,Contact
0REXKMRZpHyBIu447X,New,No response,2022-05-14T18:25:35Z,1,0,00U8u8FxH1VZHwiM5Y,003qmozeEguUgFnAND,Contact
0REA0qkJQwxgkmD4XZ,Declined,Declined,2024-04-01T15:15:31Z,1,0,00UnlqMMDrcvEY72XN,003t69nGwXnU10oIEM,Contact
0REWdrDq73b7rIY4GN,New,No response,2025-05-10T14:26:25Z,1,0,00UwOAP9cl1RumxMAT,003TAuUJDToik1cQEG,Contact
0RENj01257CuwTMG5U,Maybe,Tentative,2026-01-26T01:05:55Z,1,0,00U7GamNVto0sz0M6N,001KQsenOWHB4fuQM5,Account
0RES0wf0ceYCaFz4YB,Maybe,Tentative,2024-06-07T04:24:07Z,1,0,00Uui3v3y7BW1snELK,001YbEX62vgcJCrQQH,Account
0REjXHRb7sUnhsoW11,New,No response,2025-03-26T11:56:40Z,1,0,00U4DNhXT5Hy0SvUOB,,
0RE9gjTjX6oHW4bOW9,New,No response,2021-08-13T02:51:03Z,1,0,00UVUf9eWCsj9l4UW4,003VmqiZ33dpcQtYHJ,Contact
0REOAfPFtpVadTzOR5,Maybe,Tentative,2024-08-09T18:08:32Z,1,0,00U8TezOx0SyJvdEXQ,003tJXtlaXNJ12jYX3,Contact
0RE35OypJw8QlQYO4Q,Declined,Declined,2025-02-12T09:20:35Z,1,0,00UjfeqAdI2Hnbv2MV,,
0REpShIdwAWzApO4WM,Accepted,Accepted,2026-01-10T06:24:07Z,1,0,00UHnmPvNWUyjwrU3K,003ElZHDbgHbq2pARJ,Contact
0REDOPZLiKbuS5fGJH,Declined,Declined,2025-04-19T15:23:12Z,1,0,00UkQatPGWK13WKM46,003fTkz2cEqof3PI6K,Contact
0REX5cg35tVB3AZGEN,Accepted,Accepted,2023-04-07T10:33:44Z,1,0,00UvDZfldlX4WAsMRS,003HetJKvxaCYFBY9Y,Contact
0RELUAcCyaDjueJGXL,Maybe,Tentative,2021-08-18T05:48:09Z,1,0,00UHkqAS8EmsNQIMIE,00Q3YnadW2lwy97ELA,Lead
0REjNsqOwf0ZAV9OA7,Declined,Declined,2022-12-09T01:05:15Z,1,0,00Upd0DAycah6392CO,003HepsXEkhbwXKILC,Contact
0REvQOD1Eff3cR4GT9,Accepted,Accepted,2026-05-28T01:14:28Z,1,0,00U006jc1bWsLA7UMJ,003uzYduLXu3MUPI2R,Lead
0REImFpd60YXmf2GXQ,Declined,Declined,2024-10-19T18:15:32Z,1,0,00U9kYIT7GGU0lhEAA,,
0RERD7cQegreCLLOV9,Accepted,Accepted,2024-05-04T08:47:23Z,1,0,00UZ3VcLVTyTL6tUT7,0056Go3C6Dl0bjnQEY,User
0REPGo4rSY0zLpaO0L,Maybe,Tentative,2024-01-17T01:21:12Z,1,0,00UwLVpwGgOOu2dEJV,003mXPwW7YXcfbUIVM,Contact
0REubLfsOQYuOXrORU,Declined,Declined,2021-05-05T03:43:11Z,1,0,00U7Tp7aW8fugqLMBI,0037M62rbyqrXEmYO4,Contact
0RE8Rgk7M0JQweoGXG,New,No response,2022-04-17T19:39:27Z,1,0,00UlhrVbi0BotSKUF1,003A35ZnnYpTFfeYG4,Contact
0RERuDOUBF68wjjO6X,Accepted,Accepted,2023-05-15T12:08:17Z,1,0,00UKwmECG0otNprECI,003QcJzJHpRN9DHILH,Contact
0REmaBApibjIVlsGTU,Maybe,Tentative,2021-05-30T09:05:07Z,1,0,00UH8jbFxt1LAyn28R,003oKqkfdIU5Q4AYTI,Contact
0REsyJDbTxXp7rEWT8,New,No response,2022-02-17T16:13:17Z,1,0,00UbJQqZZbvyrBqEL9,005hTpAX3O60UK0AAJ,User
0REL46QDgupcML0WM0,Declined,Declined,2022-05-02T08:49:01Z,1,0,00UqCvCix2G9Y9wEAL,,
0RExexb8JzHPzv7G69,Maybe,Tentative,2023-03-26T15:43:55Z,1,0,00UD1vuOqw8dYtjMZK,005NvlW1Gc9rLAVAYL,User
0REKUMCmJInDoie44P,New,No response,2025-12-23T21:27:45Z,1,0,00Uuk9PVwjy07vPML5,003eActERmhnk8VIOQ,Contact
0REXybAZXfvtpY94G5,Accepted,Accepted,2024-11-19T06:07:35Z,1,0,00UbHqy3ecQeb6QUE1,0034EVtFHrdogVcQRN,Contact
0REUKMgAjkdgHnQWB2,Accepted,Accepted,2022-04-05T10:01:37Z,1,0,00UY4UerwzosfP4295,,
0REblxQSCk05GKg434,Accepted,Accepted,2023-04-12T22:59:31Z,1,0,00UfyAM8PO8UYPjMMH,00QoJs2RXXo3aMrMHE,Lead
0REXpYXzaWuBPJZ4WC,Accepted,Accepted,2022-12-09T19:35:36Z,1,0,00UiQUUGW83GncPM7O,,
0RECP4AieALdqm5OM3,Maybe,Tentative,2024-01-24T18:24:34Z,1,0,00UGjwpjtLiZqyjE7U,001CtKb9oj7o8JaYFV,Account
0REKUIZFZWMjVbg4KC,Declined,Declined,2024-12-12T02:14:30Z,1,0,00Uw8ZEfpGXIicq2ID,,
0REIUTkz7tTKAc7WN5,Declined,Declined,2022-09-15T02:52:07Z,1,0,00UMWGuQZrLKVTI2J2,003Eiir1zfVRuSlIZ7,Contact
0REV7p3HYukWskdGVA,Maybe,Tentative,2022-04-11T00:23:50Z,1,0,00URHKiVM9mTip7EOS,001ltvwfHnMcdhbAJS,Account
0REt553IQWzmblYWOB,Maybe,Tentative,2025-05-04T17:15:20Z,1,0,00UbvCWZJwU9erpMID,003aHFhAFUFcM41YBE,Contact
0REcN3Dg3AuihNcGYA,Maybe,Tentative,2023-12-13T18:04:25Z,1,0,00UHXM0e4yDItU7MFH,005k3rdmx8LrOE0AIT,User
0REomRziaYIAW3bOQK,New,No response,2022-05-15T18:56:57Z,1,0,00UbofN2I3o812oMWY,00QNs9GrcMr9d73MLC,Lead
0RE4daJQRkjXe5QGDK,Accepted,Accepted,2025-05-24T04:51:31Z,1,0,00UudK7Er8c24pdUIF,003vVAi8JpyW50gYY8,Contact
0REUWCDXO65OxACGAW,Maybe,Tentative,2022-11-06T14:21:32Z,1,0,00UHxIqg4mntdGgUC3,003i7AX88RSjKygAO5,Contact
0REzRzOphUxAnlhWB5,Accepted,Accepted,2021-06-29T01:43:29Z,1,0,00Us7evbtt7OeELM8T,,
0RE9wupry6MKjEOW9W,Declined,Declined,2023-02-11T19:54:07Z,1,0,00Uc0mDw6tHG9rSEZT,,
0REwftc2FHDur4iOON,Declined,Declined,2021-05-28T21:57:04Z,1,0,00UwxWNHb7VQEJ2UNL,0032DjvAUIKhn8RIQI,Contact
0REsqUdsHZFdIyXGP1,Maybe,Tentative,2023-03-06T05:39:07Z,1,0,00UiarmtwmbtNN522C,003GrhUwSUskHDNARO,Contact
0RE17iWWdotUoasG4X,Maybe,Tentative,2023-12-21T04:41:37Z,1,0,00UjBFxdgwTdNdS2JW,003UY2oCkarj96lQDX,Contact
0REDzO1K5dScpVvOHL,Declined,Declined,2023-03-13T05:36:00Z,1,0,00UqnNj00Y756QuU58,,
0REVyNnGJmrFJgWGG2,Maybe,Tentative,2022-05-01T08:46:30Z,1,0,00Uhunnh1DY4V15UP7,005gMY3fFnSvHOzQLX,User
0REYkNeasQhSJ0m4U4,Declined,Declined,2024-02-02T17:48:21Z,1,0,00UAXW54cbGb8TU2XZ,003cY9Ue1pm5uCzQZI,Contact
0RELLYb9uhyaRCOW3X,Maybe,Tentative,2024-05-27T09:08:28Z,1,0,00UYh655RpU5qxSU7J,003jAZnIL7oYfk0Y1U,Contact
0RE1HdxHHhOuNSdW14,New,No response,2021-07-06T08:43:28Z,1,0,00UZt4pCnyFnicuEFH,003JiQDqPoDL4GoQTM,Contact
0REyImCPCzlO3LlWDM,Maybe,Tentative,2025-12-11T18:48:03Z,1,0,00UJ9q0Cm5hMFv9MAH,001ZX951OeRh6EHIOJ,Account
0REq3xSizrutKZhORU,Accepted,Accepted,2025-08-15T12:18:14Z,1,0,00U006jc1bWsLA7UMJ,0035YnOW4DxgYNkYW6,Contact
0REb43SUrRPy74FOBJ,New,No response,2022-09-25T05:00:24Z,1,0,00UM1LZCTwbMS4TM4X,003XGJBvjpTzhTrYE3,Contact
0RELjtaKINpG8m5OWB,Declined,Declined,2026-06-09T23:02:06Z,1,0,00UgmQcaqDhPG8pMBI,003RQpJS1rnZYjBAQ9,Contact
0REqmt3GQwFG2kFGRL,Accepted,Accepted,2023-08-01T16:53:03Z,1,0,00UPcOWl6Afyt6GMDM,001HPdcdRz4xhIHI7A,Account
0RE3eHqz7VvHvBQW1W,New,No response,2022-07-28T18:09:03Z,1,0,00U3o2FU6Chkj05UZZ,001OPKDJQJag0BvIDS,Account
0RE65rb4azpM2s44IQ,Declined,Declined,2024-10-14T05:31:12Z,1,0,00UZqrtqeuPsS29EHH,00QhJA6hSseAG1uMH1,Lead
0RErmqE6rX08DxG4IY,Declined,Declined,2025-12-24T10:50:23Z,1,0,00Ukr3os7MuPR7pEBX,,
0REp1Ph8TryDpHwOEE,Declined,Declined,2021-07-11T05:22:02Z,1,0,00UvEkbOFxbQhXy2Y9,005hTpAX3O60UK0AAJ,User
0RE6sFS31qOHlLOGLT,Declined,Declined,2026-02-10T19:44:57Z,1,0,00UUy8Tw8VwPadPM52,001ClNAQA1Xn4fUINT,Account
0REfYCkzHxSPRKlWFB,Maybe,Tentative,2026-06-14T11:57:33Z,1,0,00U8u8FxH1VZHwiM5Y,005jksCjVl7N2AoMPT,Lead
0REMq9wNThLpUaB4TC,Maybe,Tentative,2022-03-30T09:48:15Z,1,0,00U40k60kO1CLWhU5Q,003TdS3ORzLYItLQPH,Contact
0REUuvdfrctgjeP4ER,Declined,Declined,2021-10-22T06:09:54Z,1,0,00UJbcStzCivVe1EZQ,003NTUM7lbpHepMYAS,Contact
0REHg7RF6RwqVe4O11,Maybe,Tentative,2022-06-05T07:14:03Z,1,0,00UgNEvnL14P7FXE8N,003OZDLPzTkmS9yYFU,Contact
0REttm9XB1MokRwWB0,New,No response,2022-07-25T13:43:00Z,1,0,00UQ57sqE7zJK3Z2VX,003bBurZT3jFyReYX3,Contact
0RE6NqcT5ljtpOtGGW,Maybe,Tentative,2024-01-06T23:45:29Z,1,0,00U9Qn8yHsXumxx29Q,003ow8WYNE6EwSDIHI,Contact
0REcQeSDTZw2ByRO1D,Maybe,Tentative,2023-12-17T07:00:19Z,1,0,00UpBDmCCAXMkurUY9,00Qcodf9AVeLghVM0O,Lead
0REVaroA8xpHim5WNL,New,No response,2022-07-29T01:20:16Z,1,0,00U6gH3dLavX9q3UXH,001gcyiBi1aOx6uAJ7,Account
0REuepjwY0aoDhdOIM,Accepted,Accepted,2021-03-10T03:30:48Z,1,0,00UyhhsV1MU28W1M2U,0039mhj999GyrjIQQT,Contact
0REQMLdTOTy5MfnW1I,New,No response,2025-03-22T19:26:46Z,1,0,00UiftuQi0UimFK2DQ,0056Go3C6Dl0bjnQEY,User
0RE4uXOM8BiEAuGOPW,Maybe,Tentative,2023-03-06T10:14:14Z,1,0,00UAzNYUkfLE8RcEF9,005PNNtZ4a5KgrK8B5,Lead
0REjuPBilRO7Z4w4CB,Maybe,Tentative,2021-10-29T08:25:04Z,1,0,00U1Jwpl7tFurBDM92,003btzXZcImw2UuQZV,Contact
0REiKtDuIw4OtuLWL2,Maybe,Tentative,2024-03-14T03:35:00Z,1,0,00UijPosFojz9g3U5L,,
0REb1R1Kah4pfHfO7B,New,No response,2021-12-31T16:22:11Z,1,0,00U006jc1bWsLA7UMJ,001j7iSsvqojgmCYMF,Account
0REBGoDy8JZeh9b41H,Declined,Declined,2022-03-05T03:30:59Z,1,0,00UnTsxJ2Jk8K1dU4R,00QVy2cvIuAj16eMLR,Lead
0RERG0Ukhdj8YNrWFQ,Accepted,Accepted,2025-10-11T04:08:46Z,1,0,00U8xPZtGz692d52X4,003Opp7EzYrmGuJICT,Contact
0REjfmV3V7jrbRJOBS,Accepted,Accepted,2024-02-26T17:29:20Z,1,0,00UB5KCWjyVbbk12I4,001UhwyHPMFM5liAM5,Account
0REHBjOYh748FXAG7G,Maybe,Tentative,2021-11-25T06:12:32Z,1,0,00U7zwqOUbKVbBF2OE,003OWd5IYnLefvxA6Z,Contact
0RErxS13gUKZ8OHW2D,Declined,Declined,2021-08-20T04:43:18Z,1,0,00Uoj8iRb4KLqZA2G9,,
0REpluma7GD2U8z48X,Accepted,Accepted,2021-09-18T04:52:26Z,1,0,00U006jc1bWsLA7UMJ,003ahAqxGiFFa9nI0R,Contact
0REJIIftYdIwDaB40X,New,No response,2024-11-25T14:49:34Z,1,0,00U4095BLs4FnIj2SU,003cQYFJhLOFpaDATG,Contact
0REX8IaOahGMWjvOQP,Maybe,Tentative,2021-12-08T23:40:55Z,1,0,00UPIY3mw5VF9SQ2FP,003JvekNEObXCPCYL1,Contact
0REHYUNYda10w8eGQK,Accepted,Accepted,2023-06-06T21:17:18Z,1,0,00UmCIjeorC2NbyMST,0056BILiQX0m1w8QY3,User
0REmc4CO5n7PItbOHK,New,No response,2023-02-05T16:20:54Z,1,0,00UmGXh0nGaoHwB23W,00QJXs058zl1WapGMG,Lead
0REoyFmi5u02C4bOU5,Maybe,Tentative,2025-06-14T20:50:17Z,1,0,00U5gbU6ameXVJFEV4,00QqFsdnp8542GNMVM,Lead
0REByRujJAQcTPJ4ND,Declined,Declined,2024-02-17T17:23:12Z,1,0,00URJkF6ExKgoij2Z8,001ULaAYdBnWIytQCT,Account
0REkf4MdbOG4bCU42K,New,No response,2023-08-22T00:31:17Z,1,0,00UvVX3wwC0mex72KM,00QgKoRpag5WmPl2I3,Lead
0REMwQjXIHoUJfz4LW,Accepted,Accepted,2021-12-12T01:41:57Z,1,0,00UaD5sFrdbSkr9M44,00Qpa6cvY4MOTT1MLH,Lead
0RETHz3mqo9IRkF46F,Accepted,Accepted,2022-06-24T06:01:35Z,1,0,00UzClfM7JrGgNwUTQ,00QImjgvwr3RFaNEF2,Lead
0REW3IiKItrGcS9OW4,Accepted,Accepted,2022-11-08T23:30:22Z,1,0,00U5dGB13XyDBxNUD6,,
0RErta1SVXBJzynG0M,New,No response,2023-03-08T01:16:41Z,1,0,00UMaVZgqvu5AOQ20G,,
0REDfz69sVTQ0wVGHR,Declined,Declined,2022-04-28T18:37:30Z,1,0,00UdqAeW2OIWlqvE2Q,,
0REjQwsZLgXx3xmGZ2,Maybe,Tentative,2022-02-03T15:14:05Z,1,0,00U006jc1bWsLA7UMJ,003ZRmXunaCM7ErY90,Contact
0REoti4gNrbnhgaO9I,Declined,Declined,2026-03-12T02:36:16Z,1,0,00UPzNSjY3HuV1xM0D,003YG7WvbgStD9wY4U,Contact
0REkVSe7HnDG9dROZF,Declined,Declined,2025-04-29T21:15:20Z,1,0,00U45aCQDVQrPBAM4T,0034vRnbCAh1RiuA0A,Contact
0REpeBg7rWDtCm9OB4,New,No response,2021-03-02T06:45:37Z,1,0,00U9D0Bls7jkDfY2NN,005TIJckr7dVcDJQZF,User
0REGTpTyZ8mVbHCW6C,Declined,Declined,2023-06-29T04:04:19Z,1,0,00UmBQDu5QTyKki27P,003jGUbFYXqxnmyQ4F,Contact
0REZOpuxtxOL9cCO4C,New,No response,2025-05-24T08:15:19Z,1,0,00UGjwpjtLiZqyjE7U,003BKm8d8y3hFeJAQZ,Contact
0REfNRcEyLt3l1TG64,Declined,Declined,2024-04-03T21:17:01Z,1,0,00UBQARuXLQWJV9M9E,003tOm2WIhfcWTNYLO,Contact
0REBCGW65bRPivH4UU,New,No response,2024-08-29T10:39:46Z,1,0,00UPxQUje6BY2anUCU,,
0REunD5UDAw4eZx42O,Accepted,Accepted,2022-05-25T10:33:44Z,1,0,00UsFOxyai3wZLuM9L,00302pKvuwVGg8hYLK,Contact
0REGTKGxlLs0udnGXM,New,No response,2024-07-31T05:55:05Z,1,0,00UKJEJLVFNXakt2U7,005dxKTxH6gxu99IEO,User
0REXRkhb9ZqjG2b4JF,New,No response,2024-03-19T18:06:05Z,1,0,00UedAUGGvcon1REFD,003i3Fet9kkPOYUAJI,Contact
0REI2TRQD9uObz6OPB,Maybe,Tentative,2024-10-27T08:28:46Z,1,0,00U8cblkbyW49oXEBA,001LT9I3sxXG212YUI,Account
0REcCoxiz0o1lbSW2P,Maybe,Tentative,2025-08-21T12:45:38Z,1,0,00UpD001kPjb3Is2ZM,003dV7hH70niauTQ84,Contact
0REuTFGgexPIRf3G7Q,Accepted,Accepted,2022-02-08T02:52:29Z,1,0,00U0azj4zGN4f1SMTE,,
0REsAPlsuRfgxm6OS3,Declined,Declined,2022-08-14T00:09:49Z,1,0,00U7Wzw1lI9S9hUMYA,003WmIGDtggahJ4Q7Y,Contact
0RE8fG06O5p5GpC4VO,Maybe,Tentative,2024-01-07T16:36:07Z,1,0,00U96LJQ6vpNthiEMM,003oeoe9jMRJtsFIXM,Contact
0RESPwkG5nAqsRU47X,Accepted,Accepted,2022-10-28T17:08:50Z,1,0,00UsYJZn1RJWx3w21Q,001wp2Q6PkIMrfFY6U,Account
0REwMDW9qQZE2H2GXC,Accepted,Accepted,2022-10-04T04:06:15Z,1,0,00UhXKLk4CNSsGZE63,003CUxBouGmIlmgI8K,Contact
0REtE4eKxlhmlZwWD4,Accepted,Accepted,2025-09-18T16:06:54Z,1,0,00UbHKkk5kS5Y002G4,001OS0i3ue6RqgrOCG,Lead
0RENcd6FU231bNbO58,New,No response,2025-10-16T03:37:19Z,1,0,00UXFdb9H0HJst7E3W,001sLtq7HwPwLsq6P7,Lead
0REIWOXAymQsNOrGMB,Maybe,Tentative,2023-08-01T21:44:26Z,1,0,00USf3qgzh3eZezUSR,0057pBBoeyfvmpBIQ5,User
0RE0t13Km3WBuOSO6N,Declined,Declined,2025-12-09T03:21:57Z,1,0,00Uh6IyuqLTUyDuUYC,003w5XxoufbDRWEAC2,Contact
0RER5qXHAcWU8rj4TZ,Declined,Declined,2022-08-08T07:17:24Z,1,0,00UfrpPdceTU8tpEPY,0057jDImegCGqG7YZ2,User
0RE68ltYOUj9b2HGNB,New,No response,2022-10-25T01:02:35Z,1,0,00U40k60kO1CLWhU5Q,003UbXP6gpYAIOpQN5,Contact
0REzGYlZiEzJt8POYQ,New,No response,2021-11-02T01:12:35Z,1,0,00URelZtTeEY4Ws2TB,,
0REql6RIWlOhiPwGQN,New,No response,2023-08-12T08:17:04Z,1,0,00ULNvIMHmIDgYa20B,003mEMCIgVZjU1eIQ1,Contact
0RE9ap0B5bECWtIGGI,Accepted,Accepted,2023-06-11T22:19:30Z,1,0,00USnygziJNMOd0E5J,003ALU8RfKdcUlxQN4,Contact
0REBQqaa9iBIoWG4GM,Accepted,Accepted,2021-06-17T15:05:40Z,1,0,00U0ZYe6qAbENfNE10,005BLrN0FAgafzHY2K,User
0RElc7xQEQdbll9WOO,Maybe,Tentative,2023-10-09T11:59:09Z,1,0,00UCFs20drXdD82E40,,
0REZZOm4HPu18IrWGG,Accepted,Accepted,2025-01-13T21:47:39Z,1,0,00UtR7mWHZ5ybsA276,00Q1CkmtWejv7IK2IJ,Lead
0REE6BRhsGSXemi42V,Accepted,Accepted,2022-03-28T20:19:29Z,1,0,00UbfA1mrs7Eg5fE09,00QnuXPwXCtbuOo2UQ,Lead
0RE7YyDDAc9Z1CuWBN,New,No response,2022-06-04T07:58:22Z,1,0,00UqDc9T9aGoILKEA0,00QUJzF0ACO0dC62FA,Lead
0RER70IzMICDW5P48U,Maybe,Tentative,2024-07-25T19:44:20Z,1,0,00Upad38MRVZFfZ2JD,001DLqMjZmJEMS7ID7,Account
0RENvc1itpkVWd1G5G,Maybe,Tentative,2023-01-14T12:24:15Z,1,0,00U6zVo6Nygg5eVE9O,00QWipUmZbJFX0e2OD,Lead
0REQvOnoHlzq4n044K,New,No response,2022-12-31T05:16:57Z,1,0,00U9x6dHIWrZnlv2TV,003Jj7iLOhliCVOIT0,Contact
0RE19Sf9oCZYqaEGO2,Maybe,Tentative,2023-12-22T09:29:54Z,1,0,00UzGPLH2Y5LQJsUU5,005xwhqeeWgm4agYMN,User
0REsOJgtIxOEUiqG09,Accepted,Accepted,2022-04-21T07:51:16Z,1,0,00UurpQsXN2283w2PZ,003epRpQJrSFaXzIDT,Contact
0REG3Zn1G08SO2cG33,Accepted,Accepted,2022-10-07T02:29:28Z,1,0,00UUMTrm1X01dZR2HM,003zxGqpNH4Sri6A1L,Contact
0REMEtaIi12gcY1WGI,Accepted,Accepted,2025-06-20T14:56:47Z,1,0,00UnMjDqzpJ2URYU1M,005YLX0oRwAflvAQZO,User
0REI04f2YVgZvO7GTC,Maybe,Tentative,2021-12-09T14:53:58Z,1,0,00UjZhgGM0QVfVoUAT,003BskLh21cVrRtYUX,Contact
0RETmr0JWAviVo8O1V,Accepted,Accepted,2022-04-18T09:09:14Z,1,0,00U1gj76L7hu1VAEHD,0014xFF5q1fi7GwQMP,Account
0REKn8JgkxSw3bqGWN,Maybe,Tentative,2025-04-25T09:24:59Z,1,0,00U7FHzG3AYZaaYEEI,00Qm8UR7t1xHm5P2L2,Lead
0REw5EeJFrYFML3WOQ,Declined,Declined,2023-08-27T00:49:15Z,1,0,00USv69C6EeA4o2E9T,,
0REs7ufUypcIgZrOIW,Maybe,Tentative,2023-10-08T19:07:48Z,1,0,00UHG4TNWRtDPrTM4X,001MPbzljMNLiv5QZV,Account
0REdYT5Ur5JWFaCW1M,New,No response,2023-04-16T02:27:51Z,1,0,00U4DNhXT5Hy0SvUOB,003XFY8sQ1Ay3yuY27,Contact
0REP7VzyDhxp9HNWX4,Maybe,Tentative,2026-02-06T07:59:15Z,1,0,00U55kYykM13HjsU1F,005jW0WkCs1awbUYLA,User
0RE2DZw3EpdeHZ4OJM,Maybe,Tentative,2021-07-17T11:54:29Z,1,0,00UKwmECG0otNprECI,003gGNEby1fXhnOYTU,Contact
0REp0boIyCru1I9W65,Accepted,Accepted,2022-04-01T14:00:38Z,1,0,00UJnZjn7QjN9BI2B3,003a2EStO05FA7uA00,Contact
0REzSO6uPQnJhjdWRB,Accepted,Accepted,2023-07-16T04:24:44Z,1,0,00UEHAaR5tmI7192V3,0030KKuMuOgqfrFIK3,Contact
0RE1xohIvz9FljsO1N,Maybe,Tentative,2024-08-05T15:45:31Z,1,0,00UBj5sB9zcyyjz29C,,
0RE9aYFkVVgpSZt40N,Accepted,Accepted,2025-05-13T08:54:59Z,1,0,00UtD57hSjUZH2nMBX,005hvPRYHDjoBLOQ3X,User
0REQpar2Qf6oaAV44G,Accepted,Accepted,2025-05-19T23:19:45Z,1,0,00U6GSIh0DNpdsb238,003JKepolzJF9SeICO,Contact
0REpnuql6DIDQARW9T,Accepted,Accepted,2022-02-04T16:35:59Z,1,0,00UVcH6Oe1qfnzRE53,0036RMTwNUBJlvpA7C,Contact
0REiXUjQuHUGvqvWMV,Accepted,Accepted,2025-09-19T11:40:26Z,1,0,00UsYJZn1RJWx3w21Q,,
0RE0NcaUugw1ba94HT,Maybe,Tentative,2025-07-08T03:37:26Z,1,0,00Ulx116oOee140UM4,,
0REW6xs5gsLUl8PO4R,Declined,Declined,2025-03-19T16:49:05Z,1,0,00Utl7JkqFWpc64EMO,003Jy7SUOIQb9xzAPH,Contact
0REvaCEjqVlyetkWJV,Accepted,Accepted,2025-03-08T12:02:08Z,1,0,00UPDU9C3qrodhH2NW,0032vDjj6EPdDIQYFG,Contact
0REXEPxoErBmsdMGXZ,Declined,Declined,2024-09-06T08:35:10Z,1,0,00UphdiHDiIolyoUIN,003uH5OW5dswD39AOA,Contact
0REtjNOwixXmJUKWUE,Declined,Declined,2024-09-16T22:31:48Z,1,0,00U6gH3dLavX9q3UXH,,
0REzpu11ILiGFCrGPA,Maybe,Tentative,2024-05-12T22:10:41Z,1,0,00UrC9gt8gR32ogEKL,0056Go3C6Dl0bjnQEY,User
0RELvTZtwt3FyzUGPN,Declined,Declined,2023-06-14T09:08:19Z,1,0,00UkvjhdOSuUMlp21F,003ZUibBYGq8ojsIPW,Contact
0RE679jXuiqd6pIO30,Maybe,Tentative,2023-02-06T21:31:52Z,1,0,00UN8PzbawOMF2nEKM,003IJYZzBDflswfI3D,Contact
0REQOYp6vm59H4UO1B,New,No response,2021-02-05T07:28:10Z,1,0,00U7BHSXksoG1YN2YJ,005wmbTnVpYGoJ1AGI,User
0RE8YGRMyTasDmYGRS,Maybe,Tentative,2025-04-23T18:36:45Z,1,0,00UjI78TLt0PBeDUFX,00QlX1qvZ8n9KZwRD9,Lead
0REhvgpL53mhVkU48G,Maybe,Tentative,2025-05-09T15:20:21Z,1,0,00UCpMF3Tpcrt3fE44,005ifKSPcGiOhecIJG,User
0REatrEiaw9Tq8FOHC,Declined,Declined,2024-11-15T07:21:19Z,1,0,00U9iyIJgGRLfYAMSM,003RXAjrIEuybuWI16,Contact
0RETDPSF2phS4AoO1T,Declined,Declined,2022-06-09T12:07:17Z,1,0,00U02xyscj43T9P2UQ,003fyOha2wZud4VQJ2,Contact
0RECM2wHPG3fg4pWTC,Declined,Declined,2023-04-21T10:41:52Z,1,0,00Uy0TzUgiWEoU1M85,00QqggG7dxlggEXE7Z,Lead
0RE4rslYH5uz1pxWE0,Maybe,Tentative,2026-04-09T21:18:47Z,1,0,00UmBAc22rQ2PHIMTN,003aMwKdhCyWygqQZE,Contact
0RENcTKiV9Ygy7hWI8,Accepted,Accepted,2021-11-11T00:15:52Z,1,0,00UjJNs6dgEMRm9ER1,00Qidr88ghLsMnyEMF,Lead
0REtaAYueStvo25GZB,Maybe,Tentative,2023-02-13T22:16:57Z,1,0,00UyfdlRL7TJtVy2A1,005yrzZ2QLuB1ZZYH4,User
0REylme0dSEFbMyW5I,Accepted,Accepted,2023-08-14T04:10:45Z,1,0,00UBALg6XBbCjTCE0O,003kx8Da65rG4utQA5,Contact
0RENzdZlzhEl1RJ4SD,Declined,Declined,2025-05-15T14:56:54Z,1,0,00UkqFOttT3oI6iMDD,0058ltZKG17vpJbQJK,User
0REtPEI5VflPG2lG45,Declined,Declined,2026-03-19T00:03:07Z,1,0,00U0O1AXGz95x5Y269,001R0OuIWPEowdMYT2,Account
0REvhhhVvpAedMfWUR,New,No response,2021-02-24T09:36:00Z,1,0,00USnygziJNMOd0E5J,00Qai8meoii3Mzg24W,Lead
0REokKsDMQdE8MMW0M,Accepted,Accepted,2026-06-29T17:01:13Z,1,0,00UYh655RpU5qxSU7J,003VD2JfbrBwCTuQPC,Contact
0RETprkF9PGGA0AO6I,Declined,Declined,2023-03-24T10:51:54Z,1,0,00UESGMixNvcGMAUEI,003y2706GnkVV3oIOY,Contact
0REgLi3XfBEC0Ax4GJ,Maybe,Tentative,2021-01-15T06:39:43Z,1,0,00UmEV5j8m47XfwUF8,0018c9GjM4ln0cnQIN,Account
0RELeCUiyMcnq1eG48,New,No response,2024-06-13T19:26:59Z,1,0,00UzxPZxbUTt8YxUT5,00134kztbICJD2tYCZ,Account
0RE8NwliJKRddpo4NY,New,No response,2025-10-11T05:04:09Z,1,0,00UjKuctG4ZoTBJEFE,0051j8xdsf40yysQI6,User
0REqkWsrxXYSWHZ45M,Accepted,Accepted,2024-07-09T02:29:43Z,1,0,00UPF9abmiAeGliUNW,00QsEJuLnfIWgjtEVI,Lead
0RE0KBScLLO6e7YG0L,Accepted,Accepted,2022-06-30T14:44:36Z,1,0,00UzAwprESGLuHXUZM,005ztlrbFPcuOLhY8F,User
0REa4cemFA52zMhG3F,Maybe,Tentative,2021-08-04T14:49:05Z,1,0,00UGkY6EAGxNXFlUKI,005Me1PVqqNBxKJYQP,User
0REjOObNLxjRNoDGLF,New,No response,2021-12-04T07:26:33Z,1,0,00UCpvLMIIZWDERMGI,003AWiA5w6U96FlA3S,Contact
0RErQWWUAQICntrGCG,New,No response,2025-11-24T08:54:47Z,1,0,00U7CmFmO5NA6CnEKN,003KTlnkKDUBqWVAAT,Contact
0REvW0TrHjcUg9o4FW,Accepted,Accepted,2022-03-14T01:21:21Z,1,0,00UEDtShNRYUnz6ETI,,
0RElvntJptvxpQYOXU,Declined,Declined,2024-06-30T17:05:18Z,1,0,00U8tsXNYIarp00UMM,003sQMLfrlldS2kIWH,Contact
0REksy2SL3zYTnsGD3,New,No response,2026-02-12T11:37:47Z,1,0,00Upft57As1HjwY235,0055EGfQDBgoAh8IFH,User
0REQh1fZWmgKDKFW6C,New,No response,2022-10-04T20:52:47Z,1,0,00UXvKArA7AsGXYMC4,003ZCblHtIil5CiY1A,Contact
0REsgHzOZEnUh3UWVM,Accepted,Accepted,2024-08-20T21:54:22Z,1,0,00USYrbKuaZaQ6PMW4,001F0HyTq0ZVe9LIP9,Account
0RE7uaXk7HpUtJFGKV,Accepted,Accepted,2022-08-03T02:31:40Z,1,0,00UPjrvZDIbU9ExUFN,003riqTghihOvVdAW3,Contact
0REFB3F78PZcQH4OBT,Accepted,Accepted,2023-07-22T02:46:36Z,1,0,00UeNmKALZQdZumECA,005jW0WkCs1awbUYLA,User
0REaIxHq6ltY2LN4FQ,Maybe,Tentative,2026-05-23T21:30:00Z,1,0,00U0utYb2hFBR2CU17,,
0REGceddjuNz3R1GSW,New,No response,2024-02-05T15:12:30Z,1,0,00U0vmmqwnZP1h1EH9,003YdFPC0xpo260IVZ,Contact
0RE3NN8VtrMj3u8G13,New,No response,2025-12-05T09:02:25Z,1,0,00UJ84tu7Tb3iTAU1S,003vCvr6VLm8j3dQ1O,Contact
0RE8UlD3B4fIlAyGCU,Declined,Declined,2025-02-25T02:49:15Z,1,0,00UfQtPeOUkSn742CY,00QlBORhVD5YXFEEYW,Lead
0RELV5sjV7RqbdlOS0,Maybe,Tentative,2021-09-20T03:53:53Z,1,0,00UMb3BMvN71WbYUID,00QO4iHttIabwIfU1E,Lead
0RE1GOlqLoY5fi3W1G,Maybe,Tentative,2021-07-16T00:43:26Z,1,0,00UVJOzp3k6MK0AU50,0032p8oun2P6EjWAXK,Contact
0RE3u6Zovkw7iDzG9J,New,No response,2025-10-17T16:58:44Z,1,0,00UT93kgRHSEKfFUFO,005NvlW1Gc9rLAVAYL,User
0RE3ZVigz7YUg0L4NQ,New,No response,2024-02-19T06:21:14Z,1,0,00UHj4jYzGBAmHkMPV,,
0REQhkBK2OgQgwuWTY,Maybe,Tentative,2024-08-09T19:54:39Z,1,0,00UX8AccagaENaf2D4,003LLMi7KHedKFpYTU,Contact
0REcuOv9Vzf1fBFWHC,Accepted,Accepted,2024-05-12T18:35:52Z,1,0,00UaPXMbtAfh9tDETW,0031zBg6AMIS6xMQMH,Contact
0REVUFBkavE5Dsl490,Declined,Declined,2025-08-23T16:33:44Z,1,0,00UnCCO2iuMa3czEFN,00343LPiVMzOHpwQOI,Contact
0REYoS4EPNshanpW7Z,Maybe,Tentative,2024-04-27T21:44:49Z,1,0,00UvYaCPNIPED5BMFS,005uepIIzxcmHrDI1O,User
0REdSphmGOMUeHkOKB,Accepted,Accepted,2024-10-16T06:31:22Z,1,0,00UOqEYZS9rBKAhMXX,0057ufaHufy75ktAX1,User
0RE70pX0wL2v1r04Q1,Maybe,Tentative,2021-12-06T06:59:58Z,1,0,00U0KcrlfBUiJT8UTP,00QP7ZsKT2ptPH70EF,Lead
0REpNUzmr0t7LZWW17,Declined,Declined,2021-10-09T05:41:30Z,1,0,00UMh1HdyxkgtI0EBX,003ga46p12qyVlqA8Y,Contact
0REZRUofqIozR0mW9B,Declined,Declined,2024-03-10T15:35:04Z,1,0,00UIE5JzMb20bGHM90,005yqybzTtVK8u6IOR,User
0REQ6OGjInrn7aAWJ3,Maybe,Tentative,2024-10-29T07:40:12Z,1,0,00Uka0upqDTiWtKEO7,001WiF4egJw4fFCI62,Account
0REoilfY0JgiyTjG5Y,Accepted,Accepted,2023-09-01T20:41:54Z,1,0,00UGnge6eyDVtvEMF0,003UJMIOM9zfWh8QEM,Contact
0REyLxJtAEuWx79OC8,Accepted,Accepted,2024-05-19T18:48:17Z,1,0,00U006jc1bWsLA7UMJ,00173EM2FNl8MMUQT9,Account
0REzbzFnGWTAoVTWOH,Accepted,Accepted,2024-06-26T10:19:18Z,1,0,00Uh2kGad2yOWhzUMK,,
0RErkv1qnUPKWqoW3M,Declined,Declined,2023-10-17T05:36:40Z,1,0,00UH9SSYnhEwohlMOT,003wQNNb4smiWBWACB,Contact
0RECykwVzNx4ObROMF,Accepted,Accepted,2024-04-11T17:31:54Z,1,0,00Uc4lDNnz3QrBc2NG,003NOck8O3rY4waYUN,Contact
0REAa2H8M4JzxvFGUE,Accepted,Accepted,2021-12-30T13:01:20Z,1,0,00UWR6Uhj9oz85E2XL,003YDOcx3APUUSMI69,Contact
0REzpuILCzDR0EGWQ7,Declined,Declined,2021-12-24T22:20:09Z,1,0,00UD5VjwR9pVabNU5M,00QXtEvKLpujQkqU90,Lead
0REWluUDllb0ld6W8N,Declined,Declined,2021-02-26T08:47:09Z,1,0,00UX2N6JQhED4tbU4H,003vULZsZiuwyrdQJ5,Contact
0RELCEpoc1Eedfu4SB,Declined,Declined,2026-05-07T00:26:30Z,1,0,00UmGkj1w7ghhLN20H,003woNCXNVLDq9iIP3,Contact
0RE2O9YvYrNfxlR4ZN,Accepted,Accepted,2025-04-23T04:17:47Z,1,0,00UXmntLPv2FAsK26H,,
0REKzPIxpujoHXlGE4,New,No response,2021-03-18T16:59:18Z,1,0,00UQaY67zotNX7SMNH,005hp0uS7WWG0emI9I,User
0REvaUH1VYSywL8WCM,New,No response,2021-11-01T07:19:50Z,1,0,00UA1oXQsMmndR6U8A,005ifKSPcGiOhecIJG,User
0REiStwGInCPp15GZC,Maybe,Tentative,2026-05-12T14:37:50Z,1,0,00UGJI81HVUdg2a280,003dXy6e6uwVbwDIP6,Contact
0RE6BgOZI31qsgZ4F6,Declined,Declined,2024-08-04T00:24:44Z,1,0,00UW091Z3i535dzEAH,005pFLSqKe2EKv0Q0O,User
0REqZPXcx0RN5N9GE8,Declined,Declined,2022-03-14T15:52:36Z,1,0,00U6LNnqp0Mg68eU8S,0056Go3C6Dl0bjnQEY,User
0REp9w88NnJCKP1W6U,Maybe,Tentative,2025-02-10T08:39:44Z,1,0,00Urk2RJaU27nF1E52,00QZmOo1mqIUHITEJS,Lead
0RExIqO9kSlJkrvGXN,Accepted,Accepted,2023-02-23T16:10:51Z,1,0,00UVOPzKvqNoATmMS0,0030wi3NB6tDt7SAY9,Contact
0REgWljaoJZ61Pc4FA,Maybe,Tentative,2026-03-09T14:29:46Z,1,0,00UBQARuXLQWJV9M9E,005krCc5IJC2wfdQ2P,User
0REvxZx48Ml2QLm4L4,Accepted,Accepted,2026-02-05T09:51:48Z,1,0,00UVYUkDkKR8QzC28Q,005nzeP1FFxSfMhQ5C,User
0REmRgrIocys9aqO8N,Maybe,Tentative,2024-08-18T10:28:49Z,1,0,00UJsaCXQlQthRyMV2,,
0REEiHN71ltajjKWKH,Maybe,Tentative,2022-03-15T15:45:47Z,1,0,00U4rfKJjqUbQlx20T,0051j8xdsf40yysQI6,User
0REImIQeN5GNDxLGXN,Accepted,Accepted,2024-06-10T05:11:35Z,1,0,00UyXQtHUgNxp6lUBN,00QHqSE4BLW3hmhEWV,Lead
0RErgQv0fwqteL64MG,New,No response,2025-07-25T20:08:27Z,1,0,00UKh2ZCb915Bf3MNE,003z0M1XgsLnVmoIL2,Contact
0REyLXem4Z1CKxTGV2,Declined,Declined,2024-07-12T02:48:35Z,1,0,00UJbwRY58WPoAq2UK,005pAoa72XGI02qYGZ,User
0REg6GR0WLo8ImcWT8,Accepted,Accepted,2026-05-14T13:47:32Z,1,0,00UwLVpwGgOOu2dEJV,003JkkGDfJBiVsFAOO,Contact
0REQhH4cYi3sq1gWEO,Declined,Declined,2021-07-20T12:26:13Z,1,0,00UaGxwL1gQZOQUUS8,001paldePwcfVa7AJJ,Account
0REQlQs9OkaSjlKOD8,Accepted,Accepted,2025-04-18T20:10:33Z,1,0,00UAtJ7TlSJxtA22ZM,001WRBucYD7svO6IN5,Account
0RExZ8XtMIMDXIPGHQ,New,No response,2023-10-10T12:30:27Z,1,0,00UBj5sB9zcyyjz29C,003BWjAPrAVIkmPAUL,Contact
0REblWI6dGScIJwOY4,Accepted,Accepted,2024-10-02T19:30:50Z,1,0,00UiQUUGW83GncPM7O,001zKmRfZNU4LdqIBJ,Account
0RE3Hw6mdp1Z13TGCB,Maybe,Tentative,2021-08-31T10:10:18Z,1,0,00UbUAcwVSWo9GcEPQ,00QTTGuf3IVCPg32YM,Lead
0REymVi951Q7PXmWL1,Maybe,Tentative,2021-12-22T06:29:07Z,1,0,00Ur3DSnwXR0rmTEV6,001pP1IIRcMgryv82C,Lead
0REOokXlD42W6bLG34,Accepted,Accepted,2026-04-21T18:14:45Z,1,0,00UHfdNr1qeYfoZ26E,005ZSIqbJ44gxISAD6,User
0REjRnvEjsi0M0vGWT,Accepted,Accepted,2021-04-07T12:28:47Z,1,0,00UaLVfpedMqi9PU0X,0058ltZKG17vpJbQJK,User
0REqEyTupRzgY9DW8S,Declined,Declined,2024-10-16T19:54:47Z,1,0,00UfyL0GxJCGsTJUCQ,00Q5iJoFDF3q22z2ZV,Lead
0RECArUJF5AObEXOAC,New,No response,2021-12-13T03:09:49Z,1,0,00Urij2W7O4dLaVE5Q,003CrWnoDeTyHhVYCB,Contact
0REHftQ8O5X25TyWJY,Accepted,Accepted,2023-02-07T21:14:27Z,1,0,00U9T4tpBr3eVm8MI2,003vmqy5fND6SOaI5V,Contact
0REJNYy0jby9huxW0C,Accepted,Accepted,2021-10-19T13:12:55Z,1,0,00UD1vuOqw8dYtjMZK,,
0REYDePqHoFcnWyWTG,New,No response,2021-03-06T07:38:12Z,1,0,00U4qXdAegjrOIR2UH,0033vK4kL9GicJvQ7E,Contact
0RE7htcabMlldkm4FW,Accepted,Accepted,2024-08-05T16:23:11Z,1,0,00UkUIVMo28po8PUI5,00QJ71oXio2WhbJUV7,Lead
0REja4kFv7rAuOw40D,New,No response,2023-09-30T07:32:26Z,1,0,00UQVe9yKKShOdbUR8,,
0REABWCv6EG44IEGTA,Accepted,Accepted,2026-06-09T03:51:15Z,1,0,00UbztBlgUiN9hWUXO,003sRiiIXTJElH8ILC,Contact
0REg4UbkB5sTBq6GLX,New,No response,2022-07-19T12:13:45Z,1,0,00UFRn9VKWjFlKHE0K,003LlJq3Dr4OalLYX7,Contact
0RETwbJmw61BiKVG00,Accepted,Accepted,2021-12-06T23:34:38Z,1,0,00UcwIfAtGaZ1RE2DN,00QGABdoFxj7wHMUWD,Lead
0REXSkbzpk2HhUcGR9,Declined,Declined,2021-10-14T23:49:15Z,1,0,00U26aQEsFy2IluE52,005xk2KsXa5Ub6fA8M,User
0REEloj2HXxrHSJGQI,Maybe,Tentative,2025-01-05T17:37:43Z,1,0,00UmGXh0nGaoHwB23W,003iQyO82d4KMl0Y4B,Contact
0REUkh5SjKf43Sb4X3,Declined,Declined,2023-01-26T22:40:29Z,1,0,00Ui9HrYRs1ACkLUEB,003GbHpcXDChULtAL9,Contact
0REIvu5usJ92pcaW4U,Declined,Declined,2024-04-30T14:43:33Z,1,0,00UlMsCdnyCraMjUFG,00392tLpbfit5wCYOW,Contact
0REia9CUo4Inp6JW7Z,Accepted,Accepted,2022-10-04T02:15:44Z,1,0,00U129FFzpEkgOrM0I,0035IgKC3CNNpIAALQ,Contact
0RE8nNWpXM1pMwfO78,Declined,Declined,2024-09-20T01:26:12Z,1,0,00UZGq9fbWRjVtEEWI,,
0REVFjR4edeFFHnOPM,Declined,Declined,2023-01-25T08:22:16Z,1,0,00Ujb7sh898jpUqM4K,005qptAZodwwrZzYUF,User
0REgfbEXPchTuUQOJR,New,No response,2022-07-21T09:33:33Z,1,0,00Uf9yFgh3ArC5qU1H,0031XSf1bfZJESFIY3,Contact
0RErBe5tKeQt7Nu4T9,New,No response,2021-04-09T03:19:34Z,1,0,00U9A7l9PylaWmu2H4,003iLR5JlCDCrUlAL8,Contact
0REGjVWj0pztgMPO38,Accepted,Accepted,2022-10-30T04:56:34Z,1,0,00UqyzRqiRqiYCmU78,,
0REmYGREFVg7fitGS2,Accepted,Accepted,2021-05-30T02:07:36Z,1,0,00UduH2MCvXXGyT2N4,003LyTtz99flO3DYZ3,Contact
0REmhT6yvbbnxAmW1I,Maybe,Tentative,2022-12-02T11:46:26Z,1,0,00Ui3BzNahyt5DW26T,003jp8HgzxQgXoMYTO,Contact
0REBnhqAinDEHHZGYA,Accepted,Accepted,2026-05-21T20:00:53Z,1,0,00UkvjhdOSuUMlp21F,0036ewYutDgEhRaY0N,Contact
0REKCxb74P0uljoO5J,Maybe,Tentative,2025-06-18T17:49:24Z,1,0,00UqVZEvKuGQDBa2H7,00QK9N5ZUNNGuJm2FD,Lead
0REHeJ17p1vENnnGEH,Accepted,Accepted,2024-05-06T12:51:41Z,1,0,00UxyTpneNSZLN02L4,001BAfwqbwr0TsUA0T,Account
0REVVGFeHGvSq1cWBM,Maybe,Tentative,2022-02-20T05:11:22Z,1,0,00UsFOxyai3wZLuM9L,005pAoa72XGI02qYGZ,User
0REphaB3NVXIc4444V,Accepted,Accepted,2024-11-12T18:59:40Z,1,0,00UeOw4kg7oZNK0ED8,00QRZ9fVDIFumH7U01,Lead
0REGf3TzIKWJmSYW9S,New,No response,2021-03-12T06:30:25Z,1,0,00UZ2mxGXaRb63MMX6,003AJ3RqXmlhv7yQKP,Contact
0RER7U81k0vjWkq4U1,Maybe,Tentative,2022-12-09T07:05:32Z,1,0,00UES9m9lddepFiEK5,005Yv2qP5U7BDPiUPS,Lead
0REho4RMb0GOerUGNT,New,No response,2025-09-27T10:02:25Z,1,0,00U3zQDNPppcQYR25H,00QtemxP7esnpL7M2U,Lead
0REr72LxdkW72m64PJ,Maybe,Tentative,2024-12-24T20:48:01Z,1,0,00UGK4VhzuqkxFPUVN,003dei9jRhmpBmNQKM,Contact
0REzLLSB1vwLHCgO4J,New,No response,2022-12-01T22:11:34Z,1,0,00UKh2ZCb915Bf3MNE,00QRInUhBC4TxAwE8C,Lead
0RE4wAHgoW3xuxuW20,Maybe,Tentative,2021-07-13T22:33:54Z,1,0,00UlowXLi9X2H6gEN8,0035h3Lteqqq5apA6B,Contact
0REw1fkx1tIzhTJ47O,Accepted,Accepted,2023-10-23T09:40:07Z,1,0,00Uwo2mT9iqX9dJEDJ,,
0REiSJHmIlav4CP45C,Accepted,Accepted,2025-05-01T16:21:56Z,1,0,00U5cj92WodwvqDMB0,,
0REjuFXLO9xrDirGDN,New,No response,2024-07-01T05:56:15Z,1,0,00Ue3KAAiQ4ICmA2A0,003Fkk9CMoROyBZIBL,Contact
0REuy5SD5DZyBtI4S5,New,No response,2023-07-05T06:59:37Z,1,0,00U6LNnqp0Mg68eU8S,001qP46mGWsPnuOQ5R,Account
0RE6siFXulEEqWnWE2,Declined,Declined,2024-12-30T17:03:12Z,1,0,00UvrfUSN7h4tScMXK,003GweaslhRRyCLI5I,Contact
0REw089U3fBFCFeO43,Declined,Declined,2022-06-01T20:47:08Z,1,0,00Uvf7zli5JBHkh2RW,0037lrXnRl0lcElQ6Y,Contact
0REQzpcrCjPDvor44D,Declined,Declined,2022-03-31T08:15:39Z,1,0,00Uw8ZEfpGXIicq2ID,003cxU9UTk9dRNPQ35,Contact
0RE5RyZK0DxGzVV4EE,Maybe,Tentative,2021-04-11T18:42:56Z,1,0,00U6TIiXTduiIZtMOY,00QdBHs3GDE6tGs8DM,Lead
0REGeIiyqoAq8MhG7H,Accepted,Accepted,2024-10-24T06:32:43Z,1,0,00UBTfFMOuLOgdNMJ3,005dxKTxH6gxu99IEO,User
0REWOSxF3vY9MtcO5B,Accepted,Accepted,2023-03-18T15:16:44Z,1,0,00UIGQXi2mWlBj6UFI,003wXI8INfXqH4aIK3,Contact
0REcYxWcDRvjSGOOVQ,Maybe,Tentative,2024-07-08T06:52:43Z,1,0,00UBTfFMOuLOgdNMJ3,003mn0Redmq1QCa1TU,Lead
0REPuMrJDFHkPtmOQ7,Accepted,Accepted,2024-08-12T07:05:08Z,1,0,00UBj5sB9zcyyjz29C,005mKVeNm7pzbbYYYT,User
0REhQvay8c1etmOGTH,Declined,Declined,2025-07-03T15:37:58Z,1,0,00UgfL30B9sG1kOMBD,00QJBZtnhDreBmZURM,Lead
0REfBUBTow5LhYvGUK,Declined,Declined,2022-09-17T02:11:37Z,1,0,00UwSmSG0UzTdjj27D,00QacakUjAdiLnu290,Lead
0RE9ppKIuOG9tN7WE8,Accepted,Accepted,2022-07-23T11:48:17Z,1,0,00UqnNj00Y756QuU58,005lGkJeYS6wczpY2Q,User
0RE4R3TbVOstHTL4W5,Maybe,Tentative,2021-04-13T13:07:21Z,1,0,00UdjiOEvP8SvuMMT7,00Qb4hNws1ZQZuCMU1,Lead
0REjhIXOlEqrOTYWCJ,New,No response,2024-11-12T00:49:24Z,1,0,00U9XACYe5vZPgWMM7,00QiyUOaZwDzETNWGT,Lead
0RE4aw4a411zTI9GSC,Declined,Declined,2021-09-09T01:47:05Z,1,0,00U129FFzpEkgOrM0I,003QcMefpBN7uCgA7D,Contact
0REBzDWuIZCrCet4L0,New,No response,2024-05-11T22:35:52Z,1,0,00UBhCsqEq4WiYPU41,003WQXTOvKqXc2IQNR,Contact
0REqzC2VxNiZxbOGGX,Maybe,Tentative,2023-11-09T18:57:33Z,1,0,00UvEkbOFxbQhXy2Y9,005X9VIRE3gtc1zYMH,User
0REyTZKbu3kAdaCWGQ,New,No response,2024-01-17T10:01:58Z,1,0,00UKQuuudypIhpIUZ8,001mmu9iYNsqBnfYFC,Account
0REAMWhBCGFttXh43C,Declined,Declined,2023-04-27T20:26:50Z,1,0,00UfR224aPlsHD6EWL,,
0REzcLVSZvAit61G6R,New,No response,2025-03-11T01:55:54Z,1,0,00U4oOsW8isITyrEK6,00QrExiTxbmmqd3MSP,Lead
0REi7R49vCgVroDWKS,Declined,Declined,2023-05-11T01:34:48Z,1,0,00UrL50c5mWmGUMU1A,003Phi9zbJ7WeU2AYI,Contact
0REQgXZgTxhTJKAOSY,Maybe,Tentative,2025-11-28T03:11:12Z,1,0,00UrmeNuzE2oKEaE7S,00QFpYatf8JGzbjU33,Lead
0RE35BzpVCvPpbSOC9,Declined,Declined,2025-02-26T01:00:25Z,1,0,00U2T7PxqzML9H9UCP,003WOfZHVkwetIOQFH,Contact
0RE2m5RMuREhmw9W3G,New,No response,2023-06-25T16:22:59Z,1,0,00UNSRlFXuPVnWsMFT,003gsNxFrV3BYq7QRT,Contact
0REK3GZZySmXs43G2F,Maybe,Tentative,2024-02-16T04:38:37Z,1,0,00Umi2n0zSt4NEOUVL,,
0RES108FWh4k2AQG2S,New,No response,2022-06-23T14:40:21Z,1,0,00UaWsunkl0F6qkEDA,00QWwbJ2QCGW3wtMF8,Lead
0REu4IbgGsiZuGaWHO,Accepted,Accepted,2021-07-08T16:49:06Z,1,0,00UO2nuWM0dxO5WECQ,0039eRjyiv8I347AFD,Contact
0REbb9GaWFfuTCy4QK,Declined,Declined,2024-03-01T22:57:07Z,1,0,00U7G9lrGfbs8EeMUV,0058ltZKG17vpJbQJK,User
0RE9V0HCqlq3sLGOAK,New,No response,2022-10-03T14:57:31Z,1,0,00US5AtsRovOjla2JF,00315S4jsX1OtfpY8L,Contact
0REW5AIqyEDupZlWFF,Maybe,Tentative,2022-03-27T23:42:25Z,1,0,00UhtwYBdCI7BScUE5,00QRN6LgKW7Qbgp2CE,Lead
0REzzAp40XwWwzYG44,Maybe,Tentative,2024-12-19T04:59:41Z,1,0,00Ug5MZatemoMRKEIN,003eOp0jJiRxzWgQND,Contact
0REYFRTjdWHWggNW0I,Accepted,Accepted,2023-12-06T01:01:27Z,1,0,00UzzplVswKv7Z7M60,0037msR43PqnhnzA2O,Contact
0REV2uMXja0idGHO5Z,Maybe,Tentative,2022-03-04T11:36:08Z,1,0,00U006jc1bWsLA7UMJ,003mkJnCNNeHC7uQUC,Contact
0RExerg74OSmHuHGIS,Accepted,Accepted,2026-04-04T11:18:48Z,1,0,00Ud1ZiOpnNXf0tMOJ,00QUVRaBZzkEaaOKD8,Lead
0REcy3OSrr6tG3g4DB,New,No response,2022-05-16T23:11:02Z,1,0,00UV32bXdQ5w5lKMD5,005lJuJ789IRmEmQF4,User
0RE3Ktyu1XhLXsCG7R,New,No response,2022-10-28T08:29:22Z,1,0,00UMdi8vABTNKXOMJ5,003Lf45AXPYWuMBI4W,Contact
0RExJbkp5fiaxG1GP4,Maybe,Tentative,2024-12-25T16:35:45Z,1,0,00UnaInbx2j0pFPMQF,003YGDgi4wpYkizA4I,Contact
0RExWVcoWaYyVpoGGX,Declined,Declined,2023-07-07T22:15:58Z,1,0,00UQBRGr4snJKAUEQN,001U9TwW1ZhV64GITA,Account
0RE4Hz7N9mYdcfjWA1,New,No response,2025-11-09T21:54:24Z,1,0,00UzPpwjzOlnKoZEVD,0031s7LUXltdzj8IBZ,Contact
0REaIGOYluUWl9AGEY,Declined,Declined,2021-01-24T11:14:35Z,1,0,00UzrNdZiXefeWe24C,00Q5jnu9klqjoLyEHT,Lead
0REwBxcqZVGwzNSOKR,Accepted,Accepted,2022-08-12T00:07:59Z,1,0,00U9UVeuvLCqDrIUSQ,00QIPeYU1sRVhnsUUO,Lead
0REs8IanTEBQ4yk4O9,Maybe,Tentative,2022-12-16T05:20:58Z,1,0,00Ul27lrPJGsrmOUY6,005hvPRYHDjoBLOQ3X,User
0REjyb8nforsiSzOJE,Accepted,Accepted,2023-11-29T18:04:25Z,1,0,00UTWZTTPSbUwYO2UP,005Me1PVqqNBxKJYQP,User
0REL3UgYwRSkSC3OPS,Maybe,Tentative,2021-09-23T18:51:34Z,1,0,00UCTT0yQVzTiWwMD2,005yqybzTtVK8u6IOR,User
0REaye1Am54i15dWE3,Declined,Declined,2025-10-31T10:42:59Z,1,0,00Um33MCgBznW9EET1,003XK7ODHYJdsLLAHD,Contact
0RE3T94oaggzFIOOSH,New,No response,2025-08-25T08:45:14Z,1,0,00UVUf9eWCsj9l4UW4,00QmrOzXb6JjAn0UE6,Lead
0REOv2Bcg2K3YQcOD6,New,No response,2024-02-08T11:44:03Z,1,0,00Uwihl259y83IQMPC,003t1CEwBUqc6XgYYE,Contact
0REehCnQDr3mjnlW34,New,No response,2026-05-21T00:46:08Z,1,0,00UCf1QHaIFuX10MFI,003S1qgUUuYtj54QWN,Contact
0RE8CiJZtbNPvizGQ1,New,No response,2024-03-22T04:24:59Z,1,0,00UN6qVGIrkqws22SA,005mKVeNm7pzbbYYYT,User
0RE7eiE5czdAK35GS7,Maybe,Tentative,2021-12-03T10:20:57Z,1,0,00UqADq072M1VIaE2I,001BHesBUxj0L30KD3,Lead
0REAB31rKeuCavmWT7,Declined,Declined,2024-10-07T09:09:17Z,1,0,00UvRVXS4vMpAUmE5R,00QSDAFXXFHCc5jMG4,Lead
0REl0p7wZpW7hzDWEL,Accepted,Accepted,2022-08-25T23:16:52Z,1,0,00UcAE1ru2zLCzbMFY,001G40EGKjt7p96I7T,Account
0REfGLHP7v2cG0FOBH,Maybe,Tentative,2025-08-15T08:09:16Z,1,0,00UjMau8jRs13mnUVC,003td4GzVupmvlzANX,Contact
0RErgK9Ye5CQ41OWUN,Accepted,Accepted,2021-04-10T21:53:07Z,1,0,00U4qXdAegjrOIR2UH,00QkomKZEN40vmBETT,Lead
0REtYmbe35PnTpbGW3,Maybe,Tentative,2022-06-06T00:27:13Z,1,0,00ULGCQ5Crqjr0XM5T,00QHkf4hUfLxIQYUTX,Lead
0REB7pDzoEdeswqGO0,Declined,Declined,2023-01-02T21:29:42Z,1,0,00UPYuTKOrlzZQUEIU,003kzTeWiTEDz4SIFS,Contact
0REbrgWd4Nlb2KtO5G,Accepted,Accepted,2021-11-03T02:39:38Z,1,0,00UDLrAIjCzARpkMRH,00QqB9xl6gG4W2A2AL,Lead
0REk7WhsJYSHUxa43Z,New,No response,2023-03-20T06:21:41Z,1,0,00Uf6YeCwz2fU5zURC,003J3V6xY1AaiyqQ8E,Contact
0REu4HgJknY93cu4EU,Maybe,Tentative,2024-07-07T09:28:21Z,1,0,00UNSRlFXuPVnWsMFT,003gSF57GAU1jxkAFI,Contact
0REBeEsiKGyYr934S2,Accepted,Accepted,2021-08-21T01:01:23Z,1,0,00UKp8HzAIr7W1tM1N,003FH7fLXLiKc8oQPL,Contact
0REdJZLHKPJoPM9WO9,Declined,Declined,2022-09-30T03:28:30Z,1,0,00UjI78TLt0PBeDUFX,005Nr8mKUnQ3oinATY,User
0REwCmvXMxOU0bxWNM,Accepted,Accepted,2026-05-04T15:48:35Z,1,0,00UHnmPvNWUyjwrU3K,003nPbAyKFB9ieCAE2,Contact
0REhQNTX8qlUDEo4HW,New,No response,2026-04-29T06:47:44Z,1,0,00UlmBktg7iK4zLU20,0013Exk8MamWjQFGW3,Lead
0REk67g3pVn2D8ZWLO,New,No response,2025-01-10T03:38:59Z,1,0,00U006jc1bWsLA7UMJ,001wJoE3fYD2hwd303,Lead
0REBX70Tyc4boIUO4I,New,No response,2022-08-28T02:52:11Z,1,0,00UAj0ArwxEJDdl2GX,003eWy6yqXeGgNqYTR,Contact
0RETTdvvU6IsrqAOG0,Declined,Declined,2021-08-30T08:12:43Z,1,0,00UgSpnNcimXzMl2OC,001fj7OlQwZIZI1Y14,Lead
0REUeUSCiRyh2dZOQU,Accepted,Accepted,2024-07-14T21:36:54Z,1,0,00UcK7aTOTzuDYe2DD,00QYviucpwh1uxqE7U,Lead
0REDAo7kzWHrWHBORJ,Declined,Declined,2026-02-26T22:57:29Z,1,0,00UC66b1fVdisCiMVG,001bEjr0cyFC7SBAXL,Account
0RECfRlVd6i8jFqG9H,Maybe,Tentative,2026-01-10T02:12:45Z,1,0,00Ua4ywS2kG1x5qER8,00QeDwBYjdQVERQ7A7,Lead
0RESbP0LBGQOxSsWXX,New,No response,2026-05-06T16:03:43Z,1,0,00U8YMybybiGtOVEHL,005W8vdEbVdzOCdA62,User
0REYVelHy6BOsZPODL,Maybe,Tentative,2023-01-28T14:49:18Z,1,0,00U6GSIh0DNpdsb238,003gceY71ZavIIHILB,Contact
0REXTmZizQEIbrgGZK,Maybe,Tentative,2022-09-02T06:13:05Z,1,0,00UtWx23PoZ2qvCUBV,003OudIDdeswrwGIHG,Contact
0RExLLWqd6SOONo4W6,Declined,Declined,2025-09-12T13:57:45Z,1,0,00UGZGH5h7n38kB2HQ,0030e2mL8N1jKfuYES,Contact
0REDOTgrOK1fEnNOWD,Accepted,Accepted,2023-03-12T13:16:05Z,1,0,00UXhSzozeOfZiiE7K,003YJKqTOuw9L5BY6V,Contact
0REANh8BaBAvpnfWTA,Accepted,Accepted,2021-10-26T07:48:54Z,1,0,00UfbHOb8YyWkkYEDQ,003qZ2BFiYFEDWNAQ2,Contact
0REZF7rNTWnIvQJ42B,Declined,Declined,2023-12-30T02:44:25Z,1,0,00UTUe1DutozMRN2T7,003iCPqm24S6ofqAV0,Contact
0REroNAUyhkAgRGWA8,Accepted,Accepted,2024-10-28T12:27:32Z,1,0,00Uld0X7XoL5bb1MUP,003ywKk19lBskZGYHM,Contact
0RE6zL53GseoemOWKB,Declined,Declined,2021-06-11T09:41:01Z,1,0,00UpvfbSZjFup98E9L,003Xe2mCTgwPkcDYHE,Contact
0REUO49s5BlqOUbOTK,Maybe,Tentative,2021-03-21T09:06:09Z,1,0,00U9Qn8yHsXumxx29Q,005yrzZ2QLuB1ZZYH4,User
0REWnDi4nAzh5VHWHR,Declined,Declined,2024-01-30T21:15:26Z,1,0,00UfXRPnNH74shAMG7,003MBidwWTGRUHzYB4,Contact
0REfaQwWlokpvFY4G0,New,No response,2022-05-24T04:23:43Z,1,0,00UYqpNQnTRwNPzUP3,003b0wqN0HfzPHVYA9,Contact
0RE06ee1nIQ8lZQG4K,Accepted,Accepted,2023-04-14T12:37:30Z,1,0,00UBbbw1bb7y5OGE7Q,001jsWcaI2ueqNkQ4J,Account
0REWkLriLFJuPfVWDU,Declined,Declined,2021-04-02T08:05:28Z,1,0,00UHlSMkhyEKKHCUHO,005W8vdEbVdzOCdA62,User
0RE73SxrWbaH5sLOQF,Accepted,Accepted,2023-07-26T13:44:43Z,1,0,00UHiGJDMJp1OPNMTF,003MhRwdKWCgfJ2Q47,Contact
0RExxGneZEqkVqMGWS,New,No response,2021-04-21T11:29:37Z,1,0,00UQ9B9lXxBgDinMF6,001Ql5gfswhLAUiIZH,Account
0REQExNqrk4zMS9ODN,Declined,Declined,2024-06-06T15:14:33Z,1,0,00UX8gxE0GmUlOmMWU,003AjUK2cybvQvDQL1,Contact
0REUoDaZ6UtBJ5BOMY,Maybe,Tentative,2021-09-23T05:48:23Z,1,0,00Upad38MRVZFfZ2JD,00Q9rCNWHEieugG2KQ,Lead
0RESzb8dXugnBjmW9Q,Declined,Declined,2021-03-05T03:13:54Z,1,0,00UIaZzmTR5dCG7M6D,005RHpTOWiLP3HTIID,User
0RE2m14drqR7HEa4HG,Accepted,Accepted,2023-06-18T15:52:26Z,1,0,00UrAt2yQzZ9O9523B,001M2rDfuFzN9SZI6R,Account
0RETdTMCj2gmVFxOK8,Declined,Declined,2021-04-19T15:02:11Z,1,0,00UbUv7NDdEFXW02IM,005wmbTnVpYGoJ1AGI,User
0REc4vf13B68RIPWHZ,Maybe,Tentative,2026-04-19T10:56:15Z,1,0,00Ub4tkkq3cECYOE8I,005pFLSqKe2EKv0Q0O,User
0RE0EPvkwO0lj27WTQ,Declined,Declined,2024-02-18T04:23:43Z,1,0,00UfGDO4ObaRAnSULT,003j6lagqBOKu57YGY,Contact
0REfxRGxAKOey8IOIN,Accepted,Accepted,2022-08-08T21:25:59Z,1,0,00UHHJ4ANUE1R07M32,003pcRlDe14IHILAL9,Contact
0RETJsO8DdSWCFYGU3,New,No response,2025-08-08T15:48:29Z,1,0,00UDiCHGHEES3mHUV2,001oLYAPetlwyGk2SN,Lead
0RES9kRX3oR2KWdGX3,Maybe,Tentative,2023-12-11T08:03:36Z,1,0,00U824iNjWmxw0n2PQ,00QtR2iD3jjmtDjU8I,Lead
0REdcPXmwTGhkYQWAB,Accepted,Accepted,2025-05-18T11:21:19Z,1,0,00Ut5JVTLV16lOlMI7,0033jL15bG9xw8gI6S,Contact
0RET5l0o1BxXt58414,Declined,Declined,2024-01-28T21:50:31Z,1,0,00UKyHT9ILTN8gH2BN,003jCVZ4U8Q8pvqA2W,Contact
0RE759rE8bVFKH64EI,Declined,Declined,2021-01-03T12:52:14Z,1,0,00UJbwRY58WPoAq2UK,005YbujEVi8pPHuINT,User
0RE2ZAaXLIgJ79IGN6,Declined,Declined,2025-04-30T11:40:48Z,1,0,00UPfySoWmjrLdlMR9,003jf1t0MteutOBYJ6,Contact
0REdLYIdTaSg34lG93,New,No response,2023-07-22T23:24:48Z,1,0,00UXFGEYj2Y73lP2GZ,0036pKyOJBgDLuPISS,Contact
0RE1q75bOh592ZzG9X,Accepted,Accepted,2025-01-30T22:50:20Z,1,0,00UqyzRqiRqiYCmU78,003LD2kPtQRWQL7QDG,Contact
0REkWbBsIra6B4PGX4,Accepted,Accepted,2024-12-25T15:54:08Z,1,0,00Uz6kv0sdfhCwcETK,003iCB95EuODRoSQEP,Contact
0REOzxx3eeOSbjFWF5,New,No response,2025-04-21T08:07:58Z,1,0,00URG84Q58sr1kFUR9,0056BILiQX0m1w8QY3,User
0RE3hWZG7D6jCZx4SN,Declined,Declined,2023-09-16T09:28:36Z,1,0,00U006jc1bWsLA7UMJ,003DFx9HNm88TcXICQ,Contact
0REYEkZ0aNKzO8uWQ2,New,No response,2021-07-11T15:59:53Z,1,0,00U8AVbqAwsAvgm227,001g2MhymLdN59YQJG,Account
0REklYMbAdkCRk740J,Maybe,Tentative,2021-12-16T05:17:41Z,1,0,00UM1NbYEvPXSViUGV,003OGg9ZvpwA06oIKL,Contact
0REhjtFaGp66qkO4LS,New,No response,2024-11-17T16:32:18Z,1,0,00U9KfeONVWF8YAEZS,003GoxKt2kxvt2uQJH,Contact
0REBEX25uQgoAFJW4I,New,No response,2022-10-13T05:32:53Z,1,0,00UWYcUex77eN70E5A,005k3rdmx8LrOE0AIT,User
0REvoGcHGw4toc74XR,Maybe,Tentative,2025-07-28T20:36:48Z,1,0,00UoWYnt9PN8ovyMB4,003xDSL78d613FFY1F,Contact
0RE7GYQPIo6GJUy4R6,Declined,Declined,2026-02-24T12:25:01Z,1,0,00UbD0UBK2USlCV2WS,005dxKTxH6gxu99IEO,User
0REUuOG3H7ywpbvOJR,Accepted,Accepted,2022-10-08T07:32:45Z,1,0,00U0ZYe6qAbENfNE10,005hfmtBm0piYtTY6K,User
0RETPqHMa7XxV0mGKD,Accepted,Accepted,2023-01-23T21:35:44Z,1,0,00UIGPqlF4WWVw9MFQ,005lhMYUKPuvXDoIO8,User
0REC8NChlP1nBz5OPH,New,No response,2022-05-21T19:15:01Z,1,0,00U6zVo6Nygg5eVE9O,,
0RET7j8VMkmX4Wk4T8,Maybe,Tentative,2021-09-25T03:26:45Z,1,0,00Ui0EIu0qwuVD8MFD,003ZbsFp7oXia3iA34,Contact
0REsUJDIOW3kGws4RH,Declined,Declined,2021-02-24T10:45:25Z,1,0,00UWedEGPMgFWlLEL9,0051j8xdsf40yysQI6,User
0RE48Q1komP85M8OMT,Declined,Declined,2026-05-21T05:27:45Z,1,0,00U006jc1bWsLA7UMJ,0034sgxTTPLTPi4Y9W,Contact
0REqkBQxKZRJLkJOC5,Accepted,Accepted,2022-10-14T15:50:06Z,1,0,00Uk6LmM0Ths4YdEKK,001qn0PeVSegyj1AFD,Account
0REO0N0EkIJ8RqKOQ2,New,No response,2026-06-08T01:40:17Z,1,0,00UwNjQSAIhTk802KR,003o9UZEDhfqPufYGG,Contact
0RELphhPA2kSGEKGSM,Maybe,Tentative,2025-06-17T03:22:26Z,1,0,00UB1zzDMckFs4tEU9,001ev39cBq0xejNIY0,Account
0REUIyXg9nzYoS5OOP,New,No response,2023-10-02T05:32:23Z,1,0,00U5lniJtQiQhOgEO8,005krCc5IJC2wfdQ2P,User
0REC2qzRpe6Ki4S4CQ,Maybe,Tentative,2024-04-02T18:58:05Z,1,0,00U4ChaQQX8JIrWMTM,003fsY9xmzLb2Z7A1O,Contact
0REpaPm0htcZnLSW23,New,No response,2024-05-24T02:24:41Z,1,0,00UAP3QMFkmulwQURD,003g8C7MPRmlNHTYYN,Contact
0RE17IsorIMNqjmWL0,Maybe,Tentative,2022-07-11T03:59:00Z,1,0,00USUugITHhpZA1UVE,003FbR5EW5J2ZzlQZL,Contact
0RECKSreNeHTeB6WJM,Accepted,Accepted,2021-09-25T12:55:45Z,1,0,00UblOKlSZPHgQqUDD,00QdotioQdvcQJTURY,Lead
0REoNmkfXjoUMMTOKK,Maybe,Tentative,2021-12-25T06:18:42Z,1,0,00UNtjvBDe7KVi5UGN,003DzsGx5Fq1lXTIVL,Contact
0RE8Tzrn5O8dzUkGF6,New,No response,2024-12-18T13:35:07Z,1,0,00UU0uT0dAvM8a9M57,,
0REwIWtPEySjvKOWO7,Accepted,Accepted,2023-11-03T06:17:53Z,1,0,00UC6WMdSiMfbvpE9W,,
0REAX2w904AXCVB4VB,Maybe,Tentative,2024-04-15T00:58:33Z,1,0,00UQVe9yKKShOdbUR8,003K076t9EMOdrZIMF,Contact
0RE6hl3jJiKQyqlOU0,Maybe,Tentative,2022-09-02T22:03:15Z,1,0,00UyhhsV1MU28W1M2U,003KMIv36mAkfsUY6C,Contact
0REFIYzFEBkHghrWUI,New,No response,2023-12-18T06:32:06Z,1,0,00Umgb5EVtfYwSE2HZ,,
0RE8RpiRPIqO3KLW7R,New,No response,2024-05-10T22:08:14Z,1,0,00U0DnRDJZEQFW9EFB,,
0RECgprzqCDsKoZ4D5,Accepted,Accepted,2021-07-28T09:22:20Z,1,0,00UMlqk52ywttPAMSN,003koWoclygPITyIKQ,Contact
0REdT6O0ehnpyssGOT,Maybe,Tentative,2023-05-13T11:02:14Z,1,0,00UUqOMpxUCQVWzU2W,003BG6JQjrARVNaY8T,Contact
0REOve9Dq99IqK0GDB,New,No response,2024-11-29T22:37:51Z,1,0,00UrwhFay3UTjezENA,0037uvO6ccJp6wGQR7,Contact
0REgigUjskKuXwEW7I,Maybe,Tentative,2022-11-05T00:55:37Z,1,0,00U8aerw2WThxxO2FY,001cvG5DjhEsIaIAD0,Account
0RE9UKulNQlL6r0GDH,New,No response,2025-07-28T07:32:42Z,1,0,00UGdiSPPXzj5xJMNK,003B1KkPXByFmUdI6V,Contact
0REqS5FK2OEoJa7GJO,Accepted,Accepted,2024-06-13T12:54:33Z,1,0,00UcLqs6J3cOPdIE8T,003NmtdlMjbGHaXQSG,Contact
0REiRchCFdwrpTgOQJ,New,No response,2022-04-10T15:27:50Z,1,0,00U8i8t43w3QNYJMA8,003MaS87mCEpggOQI5,Contact
0REzfCiYLYJbCsIO7U,Maybe,Tentative,2024-02-14T22:58:39Z,1,0,00UGJI81HVUdg2a280,001gKEIo3A4yzmLATH,Account
0RE3cT8ivLmYGKuOZV,Declined,Declined,2023-10-20T19:27:37Z,1,0,00UaLVfpedMqi9PU0X,00QO6D7xPmF3jv79H9,Lead
0REfHPbBXT8r4DfO9O,Accepted,Accepted,2025-03-28T06:19:57Z,1,0,00UjVHoGn3BvezHU58,003wsC6L7LUvbrgAY7,Contact
0REjSTpe0QdBXxxG71,Maybe,Tentative,2022-05-24T18:57:57Z,1,0,00UabNN514OmGIgUVO,001OXfC2jDKfDmwYPX,Account
0REDCMQdgLgZ5pzWDY,Accepted,Accepted,2024-06-04T22:36:57Z,1,0,00UOleAN459qqcVUBJ,001r2Zt5bJoZh5cI46,Account
0REYjZNChDyaCmhWY9,Accepted,Accepted,2026-03-09T11:50:51Z,1,0,00UHPedhKpaHD7TUFJ,003lB2NenmLqpSgANW,Contact
0REybjTCCuTw3jCGY0,New,No response,2024-10-05T23:46:33Z,1,0,00U3YTZWILOkorfUUP,003pbW5ABWvUkq2ILY,Contact
0REGlRJq97DCQVNGDA,Maybe,Tentative,2024-05-01T08:14:42Z,1,0,00UXvKArA7AsGXYMC4,003DY4Vr4QymuaUQLH,Contact
0RERDWdygbNzEtSWY1,Maybe,Tentative,2022-06-03T00:32:15Z,1,0,00UoN0b7W5dAayj2MI,005TIJckr7dVcDJQZF,User
0REzCMprXBAwrfOWTS,Accepted,Accepted,2024-11-21T07:35:12Z,1,0,00U9hJ5kdVNx3NaEDO,003WBEmY2DvUC0JQHN,Contact
0REcRoZZqrsoKyIWPB,Declined,Declined,2023-06-01T22:39:59Z,1,0,00UA61jSEmgh4sp2V7,003cZrU6mBIImDmYUH,Contact
0RE7BYwZAMQBfjHGC4,New,No response,2023-12-15T17:51:02Z,1,0,00UIEvvwpgPAb2oURV,003cMX0lIecSIbxYI1,Contact
0REQiM7X2hVZT0N4T5,Maybe,Tentative,2025-11-30T05:18:19Z,1,0,00UZiqjf2ulfZb72QB,,
0REVEf0GwSA7K42WVQ,New,No response,2024-10-29T10:09:33Z,1,0,00UfUJA4Brmn7Qx2O7,,
0REzCtanZmlwhRg4ER,Accepted,Accepted,2021-01-09T09:57:12Z,1,0,00UY9PdHSxBQ6NeER9,001nrvjrS2WHC2oY9X,Account
0REuDwoJoTcqODLGTI,Accepted,Accepted,2023-04-17T09:11:21Z,1,0,00U1RsWDkQNiILaM41,005G7PmEiXypty3IQL,User
0REKmgmkaQsKnZU4LK,New,No response,2022-04-18T11:13:17Z,1,0,00UFGjSIhogNp8DEZ5,003yoRJlL7kWDV0I1D,Contact
0REm7BdK6c1oyKN418,Declined,Declined,2021-02-04T11:03:04Z,1,0,00UtsMOIfgqZgRJMMP,003tg75f77ILFFoADI,Contact
0REe0cQY68YEO1oW1Z,Maybe,Tentative,2021-10-12T17:20:30Z,1,0,00UfVUYEOy81Iut2AJ,003PRcXUmemAjU9YHV,Contact
0REIxthUPtTTMqWW50,New,No response,2024-04-04T05:02:43Z,1,0,00UfUJA4Brmn7Qx2O7,003t59Q046U5DdBQBI,Contact
0RE5sHVXTUfnjVXORS,New,No response,2025-03-01T07:45:58Z,1,0,00UZ2lTja21UPnt2A6,0032uHaUbTrA8sxY8T,Contact
0REP5bd4JiOgl8T4QG,Maybe,Tentative,2023-11-22T08:39:27Z,1,0,00UhpgQwGfK8CFdUVY,00351FmNWfOHXptIUX,Contact
0REeUAnv8YmoxZFON9,New,No response,2023-01-12T14:54:32Z,1,0,00UT5qjcvNMwCBs2RV,003nDBQCPPUVyeOA76,Contact
0REOVwKmc5Uppa2GP5,Maybe,Tentative,2023-05-10T01:42:07Z,1,0,00Uo9V4QJgAkmLpUUX,003xbP0dhxqV4EcAVD,Contact
0REd0zZt3akcdjhOOZ,Accepted,Accepted,2024-12-06T19:47:41Z,1,0,00UGe2K4SUkvP0b2D9,003gibM8EWLdfqIIMK,Contact
0REFE9idRimKw65GXL,Declined,Declined,2026-03-06T19:37:47Z,1,0,00U1sFx3E4KdDmPEAM,00QT6v8z4odWhxSEFH,Lead
0REgDcTQ6GpcHAPWJ3,Declined,Declined,2024-04-26T21:01:01Z,1,0,00Uv1YphzXbKtze23C,003QUsbNgVxP4HJYE9,Contact
0REF6pyyRG5oW3h469,Maybe,Tentative,2025-04-01T22:50:18Z,1,0,00U1LeXX8oN9OVM23U,005qptAZodwwrZzYUF,User
0REUC3oPcfSq6Ob4EM,Accepted,Accepted,2026-02-24T08:38:57Z,1,0,00UoTxi39BZ94CvE4R,005TU4vqRu98dHsY03,User
0REXl5hOL6qNY0M4VU,Declined,Declined,2024-11-04T17:41:53Z,1,0,00UJW47MibOHEj3UD5,00Qa9lRBV16ZU174W5,Lead
0RE5aaFFAGxXoaxOHW,Accepted,Accepted,2022-03-28T23:03:29Z,1,0,00UhjIV63aYhoAnMJ6,001Ekc6ysmrBHJMQF2,Account
0REStsa8g4EQFv14LA,New,No response,2026-05-13T13:37:38Z,1,0,00UpP0LEwhgXY2J22G,00QL6dKainFgymf2F9,Lead
0RE0wDG9DWxXqtc40V,Accepted,Accepted,2025-09-21T14:19:17Z,1,0,00Up65Cekw6JtDwEH5,001jKBzUVUKDjFLYTU,Account
0REFmlBBxZstF3dGJC,Accepted,Accepted,2023-06-13T11:09:52Z,1,0,00U44AbnEhhVd1128T,003m3ncht0KhZ0PATP,Contact
0RE0oAQ7MTvh1LFWNO,Declined,Declined,2023-05-25T02:01:20Z,1,0,00UWzEiJm9Syuau2CZ,005xwhqeeWgm4agYMN,User
0REO1Monx98FiMFW78,Maybe,Tentative,2025-11-04T01:22:40Z,1,0,00UMBw5yOip0KxzMOJ,005X9VIRE3gtc1zYMH,User
0REZV8vlkxRyT1hOQI,Maybe,Tentative,2026-05-08T21:58:17Z,1,0,00U49h4WQ7i7ImHEOG,005s4Xb2ZkbCAMvQEZ,User
0RED4PL2H5ARgnrWND,New,No response,2021-01-02T01:07:50Z,1,0,00USh3gfqp18ONjM2A,003yrrcpwda69qaQCT,Contact
0RE3BDwN2i6rh7AGZ6,Declined,Declined,2021-05-05T15:34:50Z,1,0,00UkaORRCFGdaygEYB,00QPUAlbV7iQrv52HW,Lead
0REZzV4FhJS2rSE4US,Accepted,Accepted,2024-12-05T06:37:22Z,1,0,00UA1WE5T4Eph5BED2,003S0zQPftBY4rtA8O,Contact
0RENL4nwk4IS2na4VW,Maybe,Tentative,2023-05-17T02:27:01Z,1,0,00U3JhGvdQcloUf24A,,
0REffDIq40TqcIPWQR,Declined,Declined,2024-03-04T00:57:26Z,1,0,00UhZDbWF72qrg5UAV,003ZGqrnGM2bGAFY4D,Contact
0REc3L8MNAIr0pxGJP,Accepted,Accepted,2024-11-14T01:24:41Z,1,0,00UXhSzozeOfZiiE7K,003VtyW41eLCT25YCC,Contact
0REdzF23TtQWi7IGU9,Accepted,Accepted,2026-01-16T23:29:57Z,1,0,00Uzs2RVQ8WUphg24W,,
0REjwi9wNOpb9sMOXK,Declined,Declined,2024-08-26T02:24:22Z,1,0,00Ub7rTM6FPkUd7MAZ,003sJSyYtqUzipCA70,Contact
0RERRm2TPVWZWyQG13,Declined,Declined,2022-09-07T06:18:29Z,1,0,00UgmQcaqDhPG8pMBI,003ZFwK8D99UlX4QPY,Contact
0REBkDh4meqFRZQWD2,Maybe,Tentative,2022-08-01T22:56:01Z,1,0,00UEtGTajYwb32d29R,003LsUD2wMm9ppCAJV,Contact
0RExriL0aQyyFGxW3Z,Declined,Declined,2024-08-25T07:09:07Z,1,0,00UjUrzmJqHunJd2IZ,003rOIPj473iJlUIZ3,Contact
0REPvhTtHXUPr1kGZ4,New,No response,2021-08-18T06:34:10Z,1,0,00U2I2D93qfp75bM7H,003lbKNMHNjtdqRARC,Contact
0REQcMPBKiIfCH2W0M,Accepted,Accepted,2022-07-08T08:09:16Z,1,0,00UC6WMdSiMfbvpE9W,001cnLEQk5pZMibQH2,Account
0REZ1MjypXjZxzHG3X,Maybe,Tentative,2023-06-28T03:08:48Z,1,0,00U7G9lrGfbs8EeMUV,003wYTI76UHoYx2AUY,Contact
0REuHoW1bmZgXqB4VU,Declined,Declined,2025-06-12T06:56:39Z,1,0,00UGpvs2ni2sQKA2TY,005dY26xUNDmki4A5N,User
0RE7VQpaGThWouAO7B,Accepted,Accepted,2025-03-12T14:13:13Z,1,0,00UPxRVhQ8yuaBkMZT,0034flqFUZ8tjbOQFU,Contact
0RE1dbcFCIKdCBHOAZ,Declined,Declined,2023-07-07T01:18:00Z,1,0,00UZ7ofTilpZkqTMV8,003jBHsfoVSp2QNAET,Contact
0REatv8LQ1p14IaG10,New,No response,2021-11-30T04:46:01Z,1,0,00UqtTjFzKYgtKgU9L,,
0REl1v1XHpuePMpGG9,Maybe,Tentative,2023-07-06T19:42:27Z,1,0,00U2XVIBVFp9vyJM3N,0032UyKmMuogGHjQS5,Contact
0REJ8dOfw1zTbkrOIR,New,No response,2024-10-06T22:17:14Z,1,0,00UPxRVhQ8yuaBkMZT,003KNJslKRqzwuIIK3,Contact
0REPgGvKN0nEem644R,Accepted,Accepted,2024-03-15T05:03:31Z,1,0,00UnZ0lRwaoxhPtMB2,003Mo2pbJ8lREz8I4C,Contact
0REp6gZxZqCnzcLGX0,Declined,Declined,2021-04-23T20:36:50Z,1,0,00U33clduJlJapsEPH,001b6L8DlV1y2PzQXZ,Account
0RE4CG8UHR1b5kDG0N,Declined,Declined,2023-04-05T06:59:06Z,1,0,00Uhgy7Dakzjj9PMJH,00Qx4aiXDMgDfU1UC9,Lead
0REzp4Jzun2CqE24L0,Accepted,Accepted,2023-07-15T08:25:39Z,1,0,00UprSZxh2DseEUM8S,,
0RERQEplQ9pf7MvOJ4,Accepted,Accepted,2023-05-25T06:19:15Z,1,0,00UbA637mpjaEocEWQ,00362G093UmsakKI2O,Contact
0REYuzybZS0WEewGMB,Declined,Declined,2024-08-23T21:33:04Z,1,0,00UN9nNrDDCok7YU0B,0031DLg0S7g7YETAC1,Contact
0REJcz3aKMmB50pWRC,Accepted,Accepted,2023-05-18T17:46:32Z,1,0,00UrTBoDsqm3k8m2HU,005s4Xb2ZkbCAMvQEZ,User
0RErPhHBXTp00nkOC3,Maybe,Tentative,2023-02-20T21:36:14Z,1,0,00UXGyLJSXBs8idMX2,,
0RERg5Lq55ZfyoBGD1,Accepted,Accepted,2025-05-10T16:49:21Z,1,0,00UZEtV14xEhFYuMS2,0038m4S7TpRnSUYIZD,Contact
0REKcWLArRepQjeG0S,New,No response,2026-04-25T12:53:33Z,1,0,00UFRn9VKWjFlKHE0K,003ekyB4pNej2sIID3,Contact
0RE3kAyFSeJQjirW5Q,Maybe,Tentative,2023-08-16T18:55:30Z,1,0,00U6hFh53WwaILSU93,0031zbyaheQNtduA6P,Contact
0REMorcPpgIMNwBOII,Maybe,Tentative,2021-06-11T09:15:13Z,1,0,00Uat7wWLCkvV2G2DQ,001d6L0YO7RdZlqYEZ,Account
0REWfzgcFfeV48TOAT,New,No response,2026-05-13T09:21:53Z,1,0,00UAtf1FwzXNCQo2ZC,003KQYscsqdESaeAKC,Contact
0REdp8vAAD5BZR6WTC,Maybe,Tentative,2024-04-28T14:12:54Z,1,0,00UwilW2W6CbqIhEB0,005kkEXkJiI87Ky5KO,Lead
0REwKeWBvYyMeTsWT6,Accepted,Accepted,2025-05-07T06:06:33Z,1,0,00UFSEtoM95EOESUR8,0032d55Lu3aGP4UY02,Contact
0REPT6iF5r5NV1jONY,Maybe,Tentative,2026-01-01T05:13:42Z,1,0,00U7ZLbFzAY9ucbMMY,003AoGknOz16FLIYMQ,Contact
0RE67NWCrNyGi9C4UY,Declined,Declined,2023-03-03T20:56:39Z,1,0,00UEA0zBN81NFUN2LH,003jtuSlBItisArQER,Contact
0REeeXsTYTzcdYy43J,Maybe,Tentative,2021-03-15T15:24:49Z,1,0,00UaD5sFrdbSkr9M44,003Z9p3iLikiLHLY2Q,Contact
0REFk3om8EZ2swb4H3,Accepted,Accepted,2024-04-19T20:05:31Z,1,0,00U5534U2MipqJSE8Z,,
0RE026lfvveeiF4OVU,Declined,Declined,2022-05-03T00:14:46Z,1,0,00UbRmUEWlLAC1f2PP,0034Oku3Bq8Qq3ZAJ9,Contact
0RE6RQZGVTP6x0C44P,Accepted,Accepted,2021-06-26T01:32:32Z,1,0,00UxftHBRGZ3mSxED7,003RFA3C5PZtjYrIEF,Contact
0REGVnnwxm8MbAVGOR,Declined,Declined,2024-05-17T11:40:08Z,1,0,00UfhFotZMhgFY62YG,003OlL6SECNDtLKYVE,Contact
0RE51kJjGXCmfVQ4D6,Accepted,Accepted,2022-09-06T11:22:03Z,1,0,00UgfL30B9sG1kOMBD,005hvPRYHDjoBLOQ3X,User
0RE0jQZo1Q45g0gOBD,Accepted,Accepted,2023-06-27T13:23:12Z,1,0,00U8AVbqAwsAvgm227,001TBaHImIEtjplQN7,Account
0REP0KBiPEGaswNW4Y,New,No response,2023-09-27T11:42:37Z,1,0,00UpCRy1o3YvuBpE2M,003rYm1EAhfyJPyQ52,Contact
0REkGaoEzlWXmvp4LO,Accepted,Accepted,2025-08-12T19:25:10Z,1,0,00UutFeJpr4qHzKUH1,00QzSt6YatdteK2EFP,Lead
0REz4G8bZWcd4LAWRN,Accepted,Accepted,2025-06-26T09:30:38Z,1,0,00Ug4HTsTPu6gRXMXB,00Q3LoqqSq0mNgIEYI,Lead
0RERhCN9fJTMW2j4DB,Declined,Declined,2025-02-11T17:32:23Z,1,0,00UpQruBV6NPZxMU24,,
0REQ7XIIRwSeOjmGOV,Accepted,Accepted,2024-06-16T16:05:13Z,1,0,00ULNvIMHmIDgYa20B,0032O4jCbCRLa3iYMT,Contact
0REJ1ohrv6dOV66GTK,Declined,Declined,2022-06-09T10:44:01Z,1,0,00U006jc1bWsLA7UMJ,003mzxvYX0gylHyAXZ,Contact
0REHTEXdymbKqHE4QN,Accepted,Accepted,2023-09-26T23:04:50Z,1,0,00Usv2v6RqczL1bUPK,001GNV0b9i7XYItYU8,Account
0REAIcwTK3l8apQO5Q,Maybe,Tentative,2021-06-19T20:58:53Z,1,0,00UDcnZdVFcjYV0MU3,0037KVl27m7XTIfIGO,Contact
0REfzaJPZoGiJu1OC4,Declined,Declined,2023-05-01T13:54:44Z,1,0,00UsoXPe9uiBNxHU28,,
0RE87IAwk1JkMnh4YW,Maybe,Tentative,2022-01-08T16:13:41Z,1,0,00ULNlT3THFp4qA2NG,0056Go3C6Dl0bjnQEY,User
0REz1DNyhK4MFgmWGM,Accepted,Accepted,2021-05-07T21:54:59Z,1,0,00UXZmiJ0dUOKO4M6K,003ZmYiT3WtaExxAUI,Contact
0REn8bEoqfXqz8OGIN,Maybe,Tentative,2022-09-29T13:58:26Z,1,0,00UwOAP9cl1RumxMAT,003N1gJ47YdD0WKY7U,Contact
0REiaXbTMY4yRjfO01,Declined,Declined,2023-05-25T00:13:51Z,1,0,00U2AKkvjm1FqgiU48,003bUNcpcDfbmERAX3,Contact
0REwFHkKZr25Z9WWPA,Accepted,Accepted,2025-03-02T00:08:03Z,1,0,00UMVYweY1OPnbY2PS,003nmblpeZJRycwAXV,Contact
0REECyScvwlwmzuOOO,Declined,Declined,2021-02-04T00:17:45Z,1,0,00UPa4T5tpsuXIA2DG,003sa1sCOZNTWwDQEN,Contact
0REH2dFPfPNSblm4VP,Maybe,Tentative,2021-05-26T08:44:49Z,1,0,00UcmAfTujdNPyG2S5,003JUYidSURardvA0X,Contact
0RENVMmBlFN8MD9GXP,Maybe,Tentative,2022-12-08T02:57:48Z,1,0,00UFofwfFBxJhQ22Q2,005dY26xUNDmki4A5N,User
0REqc69ui36jt92WLN,New,No response,2024-05-30T13:38:27Z,1,0,00U5lniJtQiQhOgEO8,003rYgrvc9K7YF1QGX,Contact
0REmH86092BhRyEWIJ,New,No response,2021-01-04T09:45:51Z,1,0,00U006jc1bWsLA7UMJ,0032Yekptbcp9qDAND,Lead
0REjR6CXeEsMvotOZU,Maybe,Tentative,2025-01-23T12:55:27Z,1,0,00U7uYv3cSsb8jSUBV,003aKKU9yG3DomjI1Q,Contact
0REVvuXRAaADfA8WLY,Declined,Declined,2023-03-22T19:30:36Z,1,0,00UZIirRxM3W1YCENC,00QBHUnHx47LehAMYI,Lead
0REotWhUqEhVgHUGTE,Accepted,Accepted,2025-05-24T16:00:16Z,1,0,00UjyxK7kfFE01A2QH,005TIJckr7dVcDJQZF,User
0RE1qUZB8TaP0ny42G,Declined,Declined,2024-07-16T18:17:03Z,1,0,00U71d6dWLnGnhY2P8,003VN4c3awd87rBYWB,Contact
0RERIaIVDWHYTDjW2K,Accepted,Accepted,2024-05-01T01:48:57Z,1,0,00Uhj7oWo0fw0BW24D,003j49YzoPrHKs4QJ6,Contact
0REeXuSiIssYTqZ4JF,Declined,Declined,2021-12-08T20:12:28Z,1,0,00UGeXVJKeD6vRfUHE,00Q0W2MTRvF7VoL26H,Lead
0REAcw2tdTMK9lX48Y,New,No response,2024-08-14T21:58:37Z,1,0,00UhJgxMBZLAOK9E5D,003uBLlm8nqHeGWAPL,Contact
0REaptzuApxTLh8OPD,Accepted,Accepted,2021-02-11T09:31:31Z,1,0,00U1n7kcD2zjYKtUOB,0039xwRHwigsnXFQBC,Contact
0RE8lLqkjqQBumrWMK,Maybe,Tentative,2024-04-13T10:59:04Z,1,0,00U0UqRQPeGv9JWE3D,005GbNCtnjvL8Lz4HU,Lead
0REvPglg7ppunMBWLN,Accepted,Accepted,2021-05-13T08:02:09Z,1,0,00UMBw5yOip0KxzMOJ,003uhAfHhn2QyORAOH,Contact
0REeG6UfsWqgohJW7I,New,No response,2023-07-08T11:02:08Z,1,0,00U3BwDgmx2tRXBE3O,005lJuJ789IRmEmQF4,User
0RE6T9DVkRjzanHWVL,Maybe,Tentative,2023-11-12T18:25:06Z,1,0,00UkoU4eAXuITyXMA5,,
0RExe4jJxzqacMq4B7,New,No response,2024-06-14T10:46:05Z,1,0,00UdBfItgLRaVnDMF0,,
0RE2uFvgELtvpwzGW7,Maybe,Tentative,2022-05-01T21:10:28Z,1,0,00UzAwprESGLuHXUZM,003vhSWjBZZjMpbYDN,Contact
0RECYgubMcfgOvm4WB,Declined,Declined,2023-05-31T16:21:25Z,1,0,00UfyAM8PO8UYPjMMH,005pFLSqKe2EKv0Q0O,User
0REbNeedUErdAHnO6V,Declined,Declined,2025-09-29T04:53:13Z,1,0,00UPFEuHu95FfsvU2R,005uepIIzxcmHrDI1O,User
0RErgib3CtQQ33SG50,Accepted,Accepted,2024-04-25T13:52:53Z,1,0,00U9A7l9PylaWmu2H4,003h2HSFyhUtjZzA14,Contact
0RE7KugrcY60Fc1GF7,Accepted,Accepted,2021-04-08T13:42:05Z,1,0,00UQoCt6CLg7ctUEX0,003lXhGE5w4ApFpI4I,Contact
0REYQNXyQcsGH0dWI3,New,No response,2025-08-28T06:03:41Z,1,0,00UVMPQ8pvdujHc2SA,00QLC0y2MNbvN3OM1C,Lead
0REdEk0ZXXRFjr8WGL,Maybe,Tentative,2021-01-27T13:58:35Z,1,0,00Um754vGsyhyCCU71,001Sv1GXPoTfSKpE0V,Lead
0REL3RZfGWjtN0fOY1,Accepted,Accepted,2023-09-08T13:29:42Z,1,0,00Ufjk8cgPchJahU2E,003oSLGQJ5AwRqGIP5,Contact
0REyXcIFmuoXh3bWY6,New,No response,2026-01-05T10:35:34Z,1,0,00UwilW2W6CbqIhEB0,003n8HZt4NM6tD7IME,Contact
0REwzF2lOki9yxXOXN,Declined,Declined,2021-04-17T07:33:18Z,1,0,00U0nB782aZGsZ8UH0,005G7PmEiXypty3IQL,User
0REdRMLHx8Pe7RaG0T,New,No response,2022-08-09T18:36:59Z,1,0,00UPXWy6HIRRkDyEFK,0039itNubm3uQOqYHJ,Contact
0REHQwCCrVSm9Mm4HX,Accepted,Accepted,2021-12-13T17:04:46Z,1,0,00UBpBO1jiGsv2nEZA,,
0REowkvT6gOiKa0WGY,Accepted,Accepted,2021-10-19T15:11:15Z,1,0,00UdH39FZ01yp8gE6Q,003ZYrjQOc11mxoIVN,Contact
0RE3y0ZNZpRxKFVOJZ,Maybe,Tentative,2021-06-14T18:31:17Z,1,0,00UF1yMU4INTxlTEQV,003UCatH93ztwEVQ2Q,Contact
0REhpCvREIlVVs9GXL,New,No response,2026-03-31T13:25:54Z,1,0,00UIGQXi2mWlBj6UFI,0015fdr3n38vtS2Q4V,Account
0RE2rZ2r9ZDCsam45Y,Maybe,Tentative,2022-11-23T01:52:13Z,1,0,00UCpMF3Tpcrt3fE44,003fos0iJ25tySdIDC,Lead
0REtMKRFQ9vsyQIOQD,Declined,Declined,2021-06-12T00:28:40Z,1,0,00UP9rR08uNBD2AM2N,,
0RERJ296MFzBKz6WBL,Accepted,Accepted,2023-02-26T10:01:54Z,1,0,00ULQBfTjetinQuEHY,0035aGnJu9oBcVHILJ,Contact
0REUyxgb09YSprlWR5,New,No response,2023-01-31T13:28:56Z,1,0,00UhJgxMBZLAOK9E5D,003Ds2YGIiay3SUYCI,Contact
0REmCtKpfXcmNZxO16,Maybe,Tentative,2022-06-14T12:37:56Z,1,0,00UDyRoVr0F8p41MZE,00Q8ceKhpJKWFEYUAV,Lead
0REBVdefr70sRtd4V6,Declined,Declined,2024-06-18T07:40:15Z,1,0,00U3yyX64Cij6LZ28G,00Q3EKy9zChx2qT2UY,Lead
0REjEU0CmsDJ688WFZ,Accepted,Accepted,2022-04-03T18:18:48Z,1,0,00Uyj5rS0ahxo2tUO4,003IBQ2GjwtlGMmQUQ,Contact
0REomJxqVIkTD21O24,New,No response,2023-11-09T23:36:56Z,1,0,00UiHLt6C08SkdNU93,003wtYbi0p2g5IYIYU,Contact
0REo681aNCNbQLhGSV,Accepted,Accepted,2023-09-13T18:41:38Z,1,0,00UdD5OQiByubevEEX,003UMEcKvJcUgurQ6P,Contact
0REFSoYdirdr8s9GUM,Accepted,Accepted,2025-03-02T18:59:42Z,1,0,00UPMY7GXYgEXGHUI9,,
0REvPW2ig6AJQY34TH,Declined,Declined,2025-08-30T01:40:40Z,1,0,00UZf95UnVUeiwf2LA,0033VgRWoDPXOFpQ0C,Contact
0REe8IiTCioHOvUGYO,Declined,Declined,2024-06-18T23:55:50Z,1,0,00UGgXmwnuYLELpEZR,005qptAZodwwrZzYUF,User
0RE4MbxG1rJefajG9T,Maybe,Tentative,2025-11-01T06:45:26Z,1,0,00UibuL5iOTr12KUY4,003gAT9CwfsSaNnIGT,Contact
0REWWyDeldOcP0oOMS,Maybe,Tentative,2022-04-30T02:43:05Z,1,0,00U0KcrlfBUiJT8UTP,00QW1Hz4bKnTiJMU4S,Lead
0RERESl6bGYXcap4YH,Maybe,Tentative,2024-05-29T17:47:44Z,1,0,00UoPilo31WktqaMFS,003cU8L4V0sTv4CYM8,Contact
0RE7gsg894cQrkzGJ4,Maybe,Tentative,2024-01-02T07:04:00Z,1,0,00UouwJFUEI5xfKUCQ,005Q6nhOxiXcbVOS5X,Lead
0RE7qdO3Nfy08x5OFA,Accepted,Accepted,2022-02-15T04:36:17Z,1,0,00UhYXUHAF3XCaNUXS,003S0DpUcGyn83CIFX,Contact
0REwTZWjDo4UXEgWI8,New,No response,2024-09-19T20:45:03Z,1,0,00UfrpPdceTU8tpEPY,005yqybzTtVK8u6IOR,User
0REIq8GoloI8TJSGOK,Declined,Declined,2025-11-26T15:14:58Z,1,0,00U5xY0E6Q4UYysMM7,001Le6Z1bT7O20fIWC,Account
0REVhgqMLAfHVFo4O9,Declined,Declined,2024-08-05T07:32:50Z,1,0,00Ud5gJ6aUEpv9oE0E,001ue1J9V7XEwHtA5N,Account
0RE9hnaWpPuU1EvOCB,Maybe,Tentative,2022-07-19T21:09:37Z,1,0,00UD0httC7hMr2SMLQ,003iQ2CWiPsjRiHA3A,Contact
0REZkEutCVVoWvm4K9,Maybe,Tentative,2026-05-30T06:41:20Z,1,0,00UzzplVswKv7Z7M60,0056BILiQX0m1w8QY3,User
0RE4HZiZEl9o4wtG3A,Accepted,Accepted,2025-11-08T04:14:37Z,1,0,00UAASVqQta0Ck1EGN,003y6ePFePqAiqhAK6,Contact
0REVRmgZ97v41QLOMF,Declined,Declined,2024-07-04T03:05:28Z,1,0,00UYLq1KBlK0khLU5O,003GIKNqqX4LLbtIH9,Lead
0REcGKCWHMHuZrv41S,New,No response,2022-10-14T13:37:50Z,1,0,00UEFlaNOQqMc2b2YF,003VeMNXOn4b6m3YPM,Contact
0REyWXirzCbQSDQWS4,New,No response,2024-02-25T23:11:44Z,1,0,00UIWEZNtcqxZw0UCN,005YLX0oRwAflvAQZO,User
0REggoEMOoxWVUcG20,Declined,Declined,2023-12-24T10:03:09Z,1,0,00UZiqjf2ulfZb72QB,003qPqYBIMAHfIGQCT,Lead
0RE62MlGwKpaUQwGWE,Declined,Declined,2021-08-16T17:45:46Z,1,0,00UXcWDqmA4R4AuE8X,005WXEV2UTDr9cIYIW,User
0RERY4KUh1fP4TJWQI,Declined,Declined,2026-04-04T23:13:08Z,1,0,00U2NiVW5vJXBc0M8X,003MU7FoAzObbaSY62,Contact
0RE2vubtutOZE3441M,Accepted,Accepted,2025-12-30T15:05:31Z,1,0,00UdQzww6xtY43UEX1,00QrkFqg3tCxPbi2WL,Lead
0REwce3sC8vGJurW5K,Accepted,Accepted,2021-08-25T03:58:10Z,1,0,00UtJSjuKA5Losr2NQ,0033kWpI3o5xgVEYRX,Contact
0REsTCHuLTZWxBIOJA,Accepted,Accepted,2026-01-04T13:54:06Z,1,0,00URgB6CB7tUg4HU6Z,005ifKSPcGiOhecIJG,User
0RE9o51N8DpiUFtGFX,New,No response,2025-08-11T23:42:38Z,1,0,00U8bAb00giTSFRM1C,005qptAZodwwrZzYUF,User
0RE5jGp849FHfelGCT,Maybe,Tentative,2024-07-20T11:53:51Z,1,0,00USdUNZPgUsW4MUK2,001Zk4o7YhsJVX1ID0,Account
0REW4Hj94dbNIIJ4P4,Accepted,Accepted,2024-04-26T09:05:21Z,1,0,00Uld0X7XoL5bb1MUP,0030maLlgcjcNIaIGI,Contact
0REFxftCPy6WuG3426,Maybe,Tentative,2023-10-25T18:13:44Z,1,0,00UVyMnQihjXba5U6U,003kW1RmJgDMQSFQN7,Contact
0REkaom7NWfbk474ZU,New,No response,2022-07-28T22:20:01Z,1,0,00UibuL5iOTr12KUY4,003wXaj6lOoSXpCQZM,Contact
0REfyQ7wpWQ6Ph04ZC,Declined,Declined,2026-06-29T17:01:06Z,1,0,00UxozxukYoc4lDMGG,003DG7Ix16qlS43IC6,Contact
0REKqMZFLslbAHY4RU,Accepted,Accepted,2022-08-24T05:46:58Z,1,0,00URu8iYcFus2itUUN,00QzDRjPA0y0vN8U69,Lead
0RESWQlsCwsuJp5W68,Maybe,Tentative,2021-06-10T05:36:48Z,1,0,00UBhGXmAJ5OD8sUG6,0039s3Fuj3bESMbIKS,Contact
0RE5G1RVyJLch5zO1J,Maybe,Tentative,2025-10-14T12:28:23Z,1,0,00UkV3Ny1MFRmz1M5D,003FvRTfDSIkznUAKO,Contact
0RE6LKHTzH739lEOZG,Declined,Declined,2023-09-20T01:46:42Z,1,0,00U5H8WMejOv2qa2SL,,
0REZNOd2oQXnLaVW1V,New,No response,2023-04-24T21:24:52Z,1,0,00UFB9T6tsP6L3fE3S,001pCWrmUg2EHGPAG8,Account
0REUuEbc2IfZLmx4R8,Maybe,Tentative,2022-12-15T12:39:05Z,1,0,00U006jc1bWsLA7UMJ,00QFb8mFcC9faeTFMU,Lead
0REJ4KPsaKK0v1NW96,Maybe,Tentative,2024-08-03T13:17:32Z,1,0,00UVJ3MgBDWHyPb2U0,00Q0nQgDByG60OW24F,Lead
0REHqkOthaTK8JH4R4,New,No response,2023-05-22T18:11:05Z,1,0,00UgSpnNcimXzMl2OC,001GmyY3gcLI5ZF4DW,Lead
0REY8KEmdDIPSCZGMV,Maybe,Tentative,2024-09-30T21:46:42Z,1,0,00UhKYOfMW9eLquMDT,00QzJyoJfyPUyk32D2,Lead
0REXlkpfJ3EvOBOWT0,New,No response,2025-08-25T04:47:38Z,1,0,00UeM3uMIq4vkEwEMO,00Q9q2qW4n5Vq6iXN2,Lead
0REJWlYLFJcZ3XpOYF,Declined,Declined,2021-11-05T15:22:30Z,1,0,00UgCegunCR6TFqM4U,003S3Xzjr6c05vhYJG,Contact
0REuQZxRD2UGKTX4LH,New,No response,2021-06-13T19:48:13Z,1,0,00UKJEJLVFNXakt2U7,003FIVmek07UaeQASM,Contact
0RElFudEKWrBUn044H,Accepted,Accepted,2021-07-01T03:15:07Z,1,0,00U19YdwOQPR1LcMF3,003WuzASvVoY4Q6AXR,Contact
0REkuyPnug1TkPnOKM,Maybe,Tentative,2024-11-10T23:20:06Z,1,0,00U16iV1zXX16WEEII,0032GzHIi5eWKRVYVK,Contact
0RE04fLJMP7GpBwW5U,Accepted,Accepted,2024-02-15T01:49:53Z,1,0,00UAFigUHHlznGuUKU,003ZfzudGNIIQ3mYTT,Contact
0REx0AehwFvLsuX48R,Accepted,Accepted,2026-04-05T21:34:14Z,1,0,00UwNjQSAIhTk802KR,001tvKQbYklnB9tY2P,Account
0RELm9H0i6vi0CwGC3,Accepted,Accepted,2021-06-08T00:24:02Z,1,0,00UF4jjBQRWfqgkMYU,,
0RE2bfGYbXnWh0VWXS,Maybe,Tentative,2024-08-23T20:46:20Z,1,0,00UW1dao7sDTNQYMO7,005iGLSQ44d4nET8QG,Lead
0REV9lgw1Hf4IzMGVY,Declined,Declined,2025-06-16T11:22:53Z,1,0,00Uq0pfkTujm6YxEJL,005qn7LR76DmPdbQZN,User
0REkNk6B5pgbBAb4FX,Maybe,Tentative,2024-03-02T06:37:30Z,1,0,00UcWLDFynaZNspMIB,001KqKN8Jf0F9i9AKQ,Account
0REIcrifSOBLQiuOBN,Declined,Declined,2021-12-09T03:54:08Z,1,0,00Umy0ZP571vOajEF3,003EGUHqPYObg5zQF1,Contact
0REHKi2O1jaoCoKWTT,New,No response,2023-04-23T00:14:04Z,1,0,00U4muyJjJB54JSEG6,003Jel62LGmuBhAQWI,Contact
0REHOSTOh0KltWuO46,Declined,Declined,2022-07-27T10:40:36Z,1,0,00UwwwRdL7mmy55MMZ,,
0REbawjUUuQ58RV4Z6,Declined,Declined,2024-10-09T09:59:50Z,1,0,00U38WriRgHBhdOU3Y,003XJ6q8jXAFplJQJ8,Contact
0REiSpGwTSVieyEWDH,New,No response,2023-05-29T22:34:16Z,1,0,00UgDVkjVm58W7VMAG,00QHOErhWN0j3DIE08,Lead
0RE2DNOBRzbTF0x4IA,Accepted,Accepted,2021-02-13T19:01:13Z,1,0,00UmSWL6xRfaFvjUBD,005dxKTxH6gxu99IEO,User
0RE9EJYdQmGQY9qWYR,Declined,Declined,2025-12-29T22:34:25Z,1,0,00URu8iYcFus2itUUN,003QFSmcv9b17NYE13,Lead
0REqxycKvu3wJqCWPH,Accepted,Accepted,2024-01-16T01:31:36Z,1,0,00Ubxolz6tFDysBEKH,003GHDRA5uyWzywQLQ,Contact
0REHHznE8KIxWJq43P,Accepted,Accepted,2021-02-14T16:34:46Z,1,0,00U9f6e3PIHEL5Y2K8,00Q2HTfrQfVWuUVE4A,Lead
0REU1gBFkXGfmVNODJ,Declined,Declined,2023-11-02T11:16:25Z,1,0,00U006jc1bWsLA7UMJ,003yVp6izS539etYWB,Contact
0REXkE7rYq7Ughh4AY,Accepted,Accepted,2023-09-19T00:27:13Z,1,0,00UrE4YvDe3q02cUOH,,
0RE53AAOST1mPUkGLG,New,No response,2024-11-05T18:13:39Z,1,0,00Uka0upqDTiWtKEO7,005pFLSqKe2EKv0Q0O,User
0REsiVr9TZySkkyOJL,New,No response,2025-01-03T15:07:38Z,1,0,00U006jc1bWsLA7UMJ,003HTQjXe9xMfTvYXH,Contact
0RE5vprOEYGaJllWOK,Accepted,Accepted,2022-10-06T13:16:19Z,1,0,00UAhhJLjTIwPYgE5W,003P4MTvFelGRodQ08,Contact
0RE18FFoUk8kMfnOSS,New,No response,2022-11-12T06:26:27Z,1,0,00UIyb9PsZgizbc23U,,
0REyPoEZbDrdBw3WVX,Maybe,Tentative,2021-01-19T18:53:24Z,1,0,00UkUzQdjWufNzWU24,,
0REcJDIB7Ugh4mjW3Y,Accepted,Accepted,2022-05-08T09:36:02Z,1,0,00UyAtXeT2MzF8y2ZG,003n1jeyVachCmzIYQ,Contact
0REKc7Im5XEBzyAO3K,New,No response,2022-08-23T07:23:15Z,1,0,00UiuSfMFRiaIIf2MF,,
0RESAfYTemwqDKK4DC,Accepted,Accepted,2026-02-08T19:16:41Z,1,0,00Uinu01kzR5IPy2UJ,0037F7ZQVrLuk6jA5E,Contact
0REJztuh2wGLhu1O24,New,No response,2021-01-27T15:18:58Z,1,0,00U7GamNVto0sz0M6N,,
0REjVRsGuo0KZAQG26,New,No response,2025-09-21T03:18:15Z,1,0,00UXmntLPv2FAsK26H,00343bIdpjNXmX0IFJ,Contact
0RE64wa1BNVhpQZGF3,Accepted,Accepted,2024-07-07T10:20:42Z,1,0,00UHNgIAeFIOvXT22P,001dst7EZIkJP6gQAU,Account
0REPsBKnIgaBxQlOLV,New,No response,2021-04-01T22:53:00Z,1,0,00UXIC7h2u82kZE20Y,00Qx5o58oifQCyMM6P,Lead
0REILOBQQgPuHsnGOV,Maybe,Tentative,2022-11-03T13:59:27Z,1,0,00UYYkR4YsKX7WTUN0,005sAEUaULAzZRzQYB,User
0REj7PZz4hEnJfMO4O,Declined,Declined,2025-12-22T19:39:39Z,1,0,00U7G9UHB5601BFMR8,00QPTNOLSVictHqWXC,Lead
0REnPnWY8IPlG9g4T3,Accepted,Accepted,2021-10-22T22:12:33Z,1,0,00UkAWGPBf0VFxj2VR,005G7PmEiXypty3IQL,User
0REQ2Hmig90Fa78G7O,New,No response,2023-04-23T21:08:36Z,1,0,00U8TezOx0SyJvdEXQ,001LW8OXe6IEB5RAZR,Account
0RER3KuFU1jJUshGWV,Accepted,Accepted,2023-09-15T09:25:41Z,1,0,00UUHXRZ048lmS0UV8,00Qmlsyxarlph1JUFP,Lead
0REOp7WLKbd7bY1G1F,Declined,Declined,2025-12-01T17:07:43Z,1,0,00UrwhFay3UTjezENA,003x2oHeNblehlIYHK,Contact
0REPbme1Oe513HCGLZ,New,No response,2022-09-19T13:41:09Z,1,0,00UCvrIPANPUXK82Y0,00QovG7Vl1CHn1yERX,Lead
0REIAm7dzOUKIwpWF3,Declined,Declined,2022-09-14T04:56:08Z,1,0,00UhKYOfMW9eLquMDT,,
0REXngkuXLSGSqpWNH,Maybe,Tentative,2023-10-07T03:47:29Z,1,0,00UzxPZxbUTt8YxUT5,,
0REhNTtLtbjeg95GEI,Accepted,Accepted,2022-11-12T00:38:56Z,1,0,00U8cwmyXTP8bpiEEY,00Qx92SrlgSdnglQ1J,Lead
0RE6VaRyFzbMDvUO0T,Declined,Declined,2026-04-22T00:32:51Z,1,0,00Ue4tgqHKBOhU2MO7,0031mDngmYeD5xrIKU,Contact
0REVUpED1V6nWTFWSK,New,No response,2022-01-26T08:06:51Z,1,0,00U0iivJ3KAJgDXM3W,003s8MYKvLvCt3ZAN8,Contact
0REBtAynIrZHBENWWS,Declined,Declined,2026-04-06T08:38:09Z,1,0,00U006jc1bWsLA7UMJ,00QNRtj0fYVmq1BES3,Lead
0REFXvuhq0QFDetW2B,Accepted,Accepted,2024-06-22T04:30:03Z,1,0,00UZ7ofTilpZkqTMV8,003fd0beHfeDCJbIXV,Contact
0REPnXIluD8F5AVWDH,Maybe,Tentative,2021-11-17T10:44:43Z,1,0,00UubL5o61gCreJ2TO,00QewJqqYU3pN1d2EN,Lead
0RETqWaHiiRDZLeWH2,Accepted,Accepted,2024-04-02T00:08:22Z,1,0,00UQBRGr4snJKAUEQN,005LSah1u1GnYGbYOG,User
0REep95la4DGYC6G9A,Accepted,Accepted,2024-01-04T13:57:34Z,1,0,00URRjatnnLdwUm2O3,005lJuJ789IRmEmQF4,User
0REBqu9GtY8PosV4ZZ,Accepted,Accepted,2021-05-15T08:09:10Z,1,0,00U0aYFpZlwRqLmMTG,003ibyqKksVRVY7QU1,Contact
0RE3Y2TaH3Pyyl44TM,Maybe,Tentative,2022-05-07T09:39:47Z,1,0,00U5xY0E6Q4UYysMM7,005WXEV2UTDr9cIYIW,User
0RErgimdJSiwRFp4SL,Maybe,Tentative,2022-02-15T22:51:55Z,1,0,00U5TuMnAhfKOKKUBI,,
0REmVdDPiPLykrgOLE,New,No response,2025-08-03T13:41:32Z,1,0,00UXWbniizDUDdF2O4,005s4Xb2ZkbCAMvQEZ,User
0REwskqjFMNwC33WF4,New,No response,2022-06-21T22:20:54Z,1,0,00URt5SwZ74gtgV2WU,0037a7gULvkdSXjYNJ,Contact
0RERjgy1z8uWKLUWC2,New,No response,2021-07-17T16:01:46Z,1,0,00UuoMTvQohsGsfU1U,005RHpTOWiLP3HTIID,User
0RE3W0hXxPqJLiiG1F,Maybe,Tentative,2021-06-09T12:41:28Z,1,0,00U3hchZknQJXK5MKK,003OopXSFvytwYZA6M,Contact
0RElLFNlXBghmANO5Z,Accepted,Accepted,2023-07-01T07:44:19Z,1,0,00UMlqk52ywttPAMSN,003E08tir7fAxwfQKQ,Contact
0REAEYfPIbPQETxWHF,Maybe,Tentative,2026-03-12T00:01:33Z,1,0,00UqBs6IG1vbunTME3,003rOvdnZgTQcfAQ9W,Contact
0RE35iy8uvo6SuZWX9,Maybe,Tentative,2023-08-17T17:50:03Z,1,0,00UlRUwcSYnUaCpEFX,001iIp10CH2rdjrQCH,Account
0RE9iHg04tOOtIBW6B,New,No response,2024-06-04T18:06:03Z,1,0,00UbFKY1T70z5mwMUX,005mKVeNm7pzbbYYYT,User
0REmvlWB0ZyOOl94Z7,New,No response,2026-03-06T04:30:27Z,1,0,00URZguJ6kdprJvUI7,00QcaOB0yhVPQzTE7I,Lead
0REVpqRCl6nF2PW485,Maybe,Tentative,2025-03-30T10:52:24Z,1,0,00U006jc1bWsLA7UMJ,00Q6MGUS897J5Pb21P,Lead
0REFsmhIK5tbfShOOH,Accepted,Accepted,2022-11-22T08:38:27Z,1,0,00UP9Giv0j9Xt1ZMVW,003BE7jcWkbZzB6Q3J,Contact
0RE6JBBPeDTHalwOBV,New,No response,2024-04-23T10:19:00Z,1,0,00UrrgeB3ldCpxd28T,,
0REknkfvlYUq0nLWFM,Maybe,Tentative,2026-04-03T02:41:48Z,1,0,00UOOjq7NN0nNVSEUJ,003v1uWh8LtptelY46,Contact
0REHezcM0cktYmJO7X,Maybe,Tentative,2024-06-24T05:38:15Z,1,0,00Um754vGsyhyCCU71,003L52iGUSEULYIQTF,Contact
0RElHtb6pgJ4IXjWGF,Maybe,Tentative,2022-05-30T01:15:31Z,1,0,00U18C9BTpwquIeUQ9,00QtL9bWBVNmzmqM2L,Lead
0REbYnUHG86h7UzWC8,New,No response,2022-06-11T13:13:25Z,1,0,00UgVDNBBzs46dcMTR,003Ko5fkzISRwyDIXS,Contact
0RE029D9xdhV0cROXX,Accepted,Accepted,2021-05-20T07:52:27Z,1,0,00Ucbtz4HXKJff6UX9,003OaPUIKvnN4iaA44,Contact
0REYhlaE7nwVOTbWJ0,Accepted,Accepted,2025-04-04T01:47:30Z,1,0,00UC1ClR67h4vf0MM2,0057jDImegCGqG7YZ2,User
0RE7EFj4THhsOaJGCX,Accepted,Accepted,2024-02-21T07:47:18Z,1,0,00UcvHnBvdffAEsEEJ,005dxKTxH6gxu99IEO,User
0REesQJ4yHBDIhAWTX,Maybe,Tentative,2024-06-17T21:36:24Z,1,0,00Uf5mX6pU8iwM5UAI,,
0RELvHDrT4kbRsxWDZ,New,No response,2022-03-23T16:11:17Z,1,0,00Ue0H6MqYXiTFDEG7,0039zPQ4xHnhcqGI7G,Contact
0REVdXlUOArdpaOW80,Maybe,Tentative,2022-11-18T05:10:32Z,1,0,00UhV6jFsw4AAMOMIK,00QF8Wl28NX4xwI2SN,Lead
0RE1ySjuHREPGDs4QW,Accepted,Accepted,2024-10-03T17:23:31Z,1,0,00UQoD86FXVZCDt2QJ,005hfmtBm0piYtTY6K,User
0REpmbdTR5M2zeuWLG,Accepted,Accepted,2024-05-17T13:15:25Z,1,0,00UXqcMqAWqOBrUEU7,003CPm2NIWJNvE5QZ4,Contact
0REC8wZAA9SYSHqW2Z,Accepted,Accepted,2026-05-04T09:55:38Z,1,0,00UC66b1fVdisCiMVG,003V70LfPwIXz1sII8,Contact
0REaFxh5CXkDtju4DR,Maybe,Tentative,2023-12-16T15:19:47Z,1,0,00UBj5sB9zcyyjz29C,003UUFIyuunUarnQRI,Contact
0REDaOmgpVMiLIE421,Accepted,Accepted,2025-01-16T19:53:03Z,1,0,00Ui3BzNahyt5DW26T,001zC4hdWCH77CfYVC,Account
0REDGOyCzUrrW4qWL8,Maybe,Tentative,2023-05-24T02:44:35Z,1,0,00URtvlazACwn1UEO2,003PX6YsKg0weOKIQC,Contact
0REGygAkSrvYk0yOPY,Declined,Declined,2023-05-12T19:26:59Z,1,0,00UtWx23PoZ2qvCUBV,003U3MWdCAswKgM180,Lead
0REsaJhXDg8MTYaOOD,New,No response,2023-08-30T02:05:13Z,1,0,00U8zex8wQb3aaR2QU,003B3AJH3u2wz9VQGN,Contact
0REbPcb0bYyP5sY4UL,Maybe,Tentative,2021-12-10T22:56:38Z,1,0,00UaUHc8N7iCGQcEO9,003BhpE4doSQY7nIZN,Contact
0RE9rPze9nfAbfPWHV,Maybe,Tentative,2022-08-10T09:20:14Z,1,0,00UJOfuG64bcoi0EO3,003idSte6iYGpKBASN,Contact
0RED40OXTYu0motGRE,New,No response,2021-05-29T02:53:38Z,1,0,00U7okA5tQv733gMVD,,
0REOyfP6x9RLAMJOBS,Declined,Declined,2025-06-21T17:50:02Z,1,0,00UV32bXdQ5w5lKMD5,00QrAV63ZKOOQhLM2V,Lead
0RE2xWtmnDx9Av449U,New,No response,2021-03-13T20:12:56Z,1,0,00UbLaQGWifFtC22W4,,
0REWHoLqPy89FaD4FQ,Declined,Declined,2024-01-18T00:23:47Z,1,0,00U3cOa7O9ojbLl2MB,003nq2wdHMWRCBZI0X,Contact
0RETSPpH9YontxsOIU,Maybe,Tentative,2024-07-20T08:06:16Z,1,0,00UxS1H0zYvQ9eyUEP,00QX7R39dZ5vKZwU0N,Lead
0REV7DXDxxBfXzxO4C,New,No response,2021-09-25T04:35:27Z,1,0,00UbpxDw07GvRqrEWP,00Q0g4omVneNG1q2Y9,Lead
0REiCpl5zByxVUVW3R,Maybe,Tentative,2022-04-14T05:22:49Z,1,0,00U39oSz46SlPFLMZV,0036LohQkeCB8QlQLX,Contact
0RE50EDF3hsACFTO3O,Accepted,Accepted,2024-09-07T17:43:18Z,1,0,00UGujrrUW2MNT02CH,00QzOZaTsL2fEdo2DK,Lead
0REG3ysMIMcRlvF4IK,Declined,Declined,2022-09-20T19:13:22Z,1,0,00UAlPjEOKPlhOF2DR,00QtGAdDUTdE10OE5S,Lead
0REkzM4QBtq2HE4GOE,Maybe,Tentative,2024-07-21T18:10:31Z,1,0,00UILQ1u25ya17UM1S,0055EGfQDBgoAh8IFH,User
0REy0edOJ479bXOW4Z,New,No response,2026-04-02T10:26:07Z,1,0,00U1Z8gjeC2zMcVUIU,00QjHPM0tHQM1wfMGC,Lead
0REawsXMscUfjaD4Q2,Accepted,Accepted,2025-05-13T06:59:47Z,1,0,00Ue3KAAiQ4ICmA2A0,,
0REoINsqid2WFmsW7D,New,No response,2024-10-25T04:28:44Z,1,0,00UfhUQUO9FsP3ZEYH,003qK42NKkhUdqCYID,Contact
0RErwejnVA9GygaWP5,Accepted,Accepted,2022-02-14T13:38:40Z,1,0,00Uf7aFUOdWrVSMMM6,005TIJckr7dVcDJQZF,User
0REjYdKLA0HPPXO4HF,Maybe,Tentative,2026-02-21T06:36:23Z,1,0,00U0azj4zGN4f1SMTE,00QDOWam0Og7jZvU2N,Lead
0REBnxAhrQNOafDWZ1,Accepted,Accepted,2022-09-10T12:29:42Z,1,0,00U5HJ8fCRnmgHoUKV,003mBsTTCT1n0dYAKW,Contact
0REGMt0uKcJzI6Q41B,Maybe,Tentative,2021-03-02T10:03:18Z,1,0,00UTGw6ZXe2W5g3ES9,00QfY4KdGU4bscbUYE,Lead
0REp99HrVHyAt2MOIZ,New,No response,2025-03-26T13:36:03Z,1,0,00UwpmC47wYmaEJMBQ,005zwu563HypMJOHUF,Lead
0RE2SIKgzgnnf0oWOO,Maybe,Tentative,2024-08-06T02:02:49Z,1,0,00UqlzV3Vzt7E42EEQ,003E2BS0qDYocWEY1Z,Contact
0REpPR5kVRvKqy9425,Maybe,Tentative,2021-08-07T13:26:23Z,1,0,00UWklDZDaX6MeTMPC,005iyjNv63mwrp8C1U,Lead
0RES9C1qeCZld97WPF,Maybe,Tentative,2024-09-20T02:19:07Z,1,0,00UtaesK4mfbGEUUDF,001O8ZWUKMYoipYYQ7,Account
0REqz9dXTnfQxmhOI9,Declined,Declined,2024-10-26T07:15:31Z,1,0,00UmBQDu5QTyKki27P,003GfMkMdyHHAVZFHG,Lead
0REZKP1BfDYN093GE7,Maybe,Tentative,2026-03-16T21:34:21Z,1,0,00Uv1H3mQW4MoFUUTN,00Q5WkTASTRoW6F1KJ,Lead
0REx66GFYrRgAFhG41,Accepted,Accepted,2022-06-18T19:15:23Z,1,0,00UTYSQQHqUZVX5M3G,003EwvbyLlUL57XQ7B,Contact
0REN8Fa5DlMmXGvWON,Maybe,Tentative,2023-11-01T08:15:43Z,1,0,00U2lAo253G6K7BUE6,005RHpTOWiLP3HTIID,User
0REhF9K4ft2HtaXWNJ,New,No response,2022-07-26T03:13:51Z,1,0,00U8ARGJeMSBSEDEJ7,00QRIeGyabQGBLTU6M,Lead
0REavJGi95rGrHRGAQ,Declined,Declined,2023-07-14T22:54:06Z,1,0,00U18C9BTpwquIeUQ9,0057ufaHufy75ktAX1,User
0REzN45dOqzmAeuWA9,Declined,Declined,2023-03-22T00:53:43Z,1,0,00UaG617OqqExstUIS,003KY5aV6QWmCdnYSA,Contact
0RE0UsAGzLnbjPTG95,Maybe,Tentative,2022-12-08T03:54:04Z,1,0,00Uek2VIVHMKQ9p285,003CgiJvxFSJcNTYAN,Contact
0REHWZksNYhqlHa4MS,Declined,Declined,2025-04-29T21:01:56Z,1,0,00UBjgrDuOLEH3n2O8,005Nr8mKUnQ3oinATY,User
0REWPstoh22FpytW3U,Declined,Declined,2022-10-12T12:03:34Z,1,0,00UMVYweY1OPnbY2PS,,
0RErqrXQsIqCq6rGBW,Accepted,Accepted,2023-07-08T12:46:42Z,1,0,00USNnWKVjCFrqgM9X,00QeUzfics1tZYxUYR,Lead
0REwhJiRpnfCYGtGBU,New,No response,2021-07-26T08:45:07Z,1,0,00UNTfswztgExH0U8I,003gGTRmmL5eT6AQJR,Contact
0RELRy0gfnioFh9W9W,Declined,Declined,2024-02-26T10:13:08Z,1,0,00U9T4tpBr3eVm8MI2,00152hx60eiLsO2QGQ,Account
0REbqRpq4dJKwTNG56,Maybe,Tentative,2024-06-11T08:11:45Z,1,0,00UDECCxWMnLQLH2L5,00QpMpLIGmPiikG2LV,Lead
0REgFwcaU6kdK7FWMQ,Maybe,Tentative,2021-05-22T14:30:53Z,1,0,00URZguJ6kdprJvUI7,003V36CaJrk07gQA07,Contact
0RENbmJ4xml3MuuOW8,Declined,Declined,2025-09-05T15:00:06Z,1,0,00UPeIXuaVkZzQWMIN,0039GuurGcl4vWqI7Q,Contact
0REAf2pEUbEx2OzW7T,Accepted,Accepted,2026-05-25T07:37:00Z,1,0,00UqVZEvKuGQDBa2H7,003cVGsrffaguWrYD5,Contact
0REKWlV7ks9eN2R454,Maybe,Tentative,2023-04-03T11:24:51Z,1,0,00UrsstPIqU6ZdZ2IL,,
0REStVF0N0fqEih4L2,Maybe,Tentative,2023-02-07T18:51:28Z,1,0,00U9D3z4qYOZACg2DS,003fLLOU0ayIcQ7R1T,Lead
0REzUpPbpWNN0hAWKF,New,No response,2021-01-30T13:11:09Z,1,0,00UcQpll82dslovE80,0037J2EATpSjnO5IMQ,Contact
0REhA9JOUYOC6xp4E2,New,No response,2021-07-08T17:00:29Z,1,0,00U8Ivwk3dl1V6rUDM,003nGjJ6FIdbpauQRK,Contact
0REksO77tHPN25DW43,Accepted,Accepted,2024-11-11T11:34:58Z,1,0,00U6BJ9kFSNtzYmMO8,003JLliZnGL5ZqZIJ6,Contact
0REpLyuvTNntNSiGU2,Maybe,Tentative,2026-01-21T10:19:54Z,1,0,00UGypeC3BtRNdvMEJ,003e0SfTKu9YWGpAJN,Contact
0REiX7nWLcAW9VlGPC,Maybe,Tentative,2022-10-15T02:33:30Z,1,0,00UEY99zzTuNbR5EFR,003FlAerSxK87n1YYX,Contact
0REKTxHFhoT97Jw4DL,Accepted,Accepted,2022-12-26T20:27:39Z,1,0,00UBmZ3wVzNnolI2W4,00Q3xsntIyqDppAMV5,Lead
0REZw7tmEQj3QD4GF6,Accepted,Accepted,2021-08-28T09:34:44Z,1,0,00UmfAH9XBPtkM12E1,003SDpJKWpDC3n9Y54,Contact
0RE129wKfENJbGB4FP,Maybe,Tentative,2025-08-19T03:49:39Z,1,0,00UvPsLcqVWvRbw27H,003H0qotUrGLyvSY1X,Contact
0RE3YtY8HzUPELHOK8,Maybe,Tentative,2024-05-30T18:35:00Z,1,0,00UXqcMqAWqOBrUEU7,001x4qMeufUWlfdINO,Account
0REZT0N7jtfL0mxOO2,Declined,Declined,2021-11-10T22:26:53Z,1,0,00U006jc1bWsLA7UMJ,003bYmDBFVRb9zYI4J,Contact
0REOCKnAojuF3pVWPH,Declined,Declined,2026-02-23T07:54:17Z,1,0,00U006jc1bWsLA7UMJ,00QgcouJy13P2nHUU7,Lead
0REGnc2lNFnTULQ4MN,Declined,Declined,2022-12-23T03:35:33Z,1,0,00UX45JBvQLREYpMSO,,
0REKrTtxpAzsYUoWXV,Declined,Declined,2021-12-20T17:43:24Z,1,0,00UUNry0EWXTtx2EPT,,
0REXo34530MY3C84ZC,Maybe,Tentative,2021-07-15T17:09:14Z,1,0,00UgadYM8ZNmiHxMGX,,
0REhixz47p1Xu7JO6E,Declined,Declined,2022-12-25T04:12:33Z,1,0,00U56yp6i17ApW7U24,003VDpvTs8k4wU8Q5V,Contact
0RE4iqlGTOmJB36OIF,Accepted,Accepted,2021-10-16T07:47:32Z,1,0,00UJEThYfEvt89eUO9,003ealrxc6ARozTI8G,Contact
0REVjjxdDmABFZIOXX,Declined,Declined,2024-01-13T19:57:19Z,1,0,00U1Jwpl7tFurBDM92,001DbG9gnZEl0ZPAAY,Account
0RE8L6adV8orOU94T0,Declined,Declined,2021-12-01T01:46:36Z,1,0,00U0kAIvmiZdQ2hUTV,,
0REabvU2w9cE7fgOQN,Accepted,Accepted,2023-07-07T19:24:25Z,1,0,00UGujrrUW2MNT02CH,003xO6diFWGivMyQH5,Contact
0RE6ZlkYswiTyamO9S,Declined,Declined,2021-05-15T06:58:45Z,1,0,00UhjIV63aYhoAnMJ6,003UTDUKVwA0KgvYYT,Contact
0REz9Vd2BZxXgAVOWT,Accepted,Accepted,2021-10-25T10:12:42Z,1,0,00ULi8O0BhiL2IPEBU,0038oFGKzJI7cNZIA6,Contact
0REvUOVpNZbIMuhGQ9,Maybe,Tentative,2026-04-16T04:32:45Z,1,0,00UiarmtwmbtNN522C,00QgkMiCGLfKZfC13A,Lead
0RECOcjmFS1eivTONE,Maybe,Tentative,2021-06-06T20:56:36Z,1,0,00URvw049a5VrSJMAR,005lGkJeYS6wczpY2Q,User
0REn0SHCUxj2KP7W15,New,No response,2022-12-22T11:03:10Z,1,0,00UbUv7NDdEFXW02IM,003k7MlNPkUKQTwI3K,Contact
0REKRZB7T4t8zTLOL2,Maybe,Tentative,2022-10-07T06:09:06Z,1,0,00UjUrzmJqHunJd2IZ,003UA5xXYG9MiJhQ1A,Contact
0REhoFbBs9xQxLbOF5,Declined,Declined,2025-10-20T01:06:24Z,1,0,00UbvCWZJwU9erpMID,0030qCKFbVvqMmGQEI,Contact
0REuSWmTNRTkTZsWS8,Declined,Declined,2023-12-26T08:04:47Z,1,0,00UblOKlSZPHgQqUDD,001wOS4RTezb6AxY4U,Account
0RE7SVLbp6VCcvhWYS,Accepted,Accepted,2021-10-30T09:32:00Z,1,0,00UP6qB5WG8NLmj2W1,003THT0jpN9NJqQQ7P,Contact
0RECaOd7DhLZShqO92,New,No response,2025-04-28T03:18:32Z,1,0,00UvXCDO3zGKzrNMBU,003VtDmSNTLupDqAIS,Contact
0REqK7wDBUuMrX4WD7,Declined,Declined,2026-06-03T03:41:58Z,1,0,00UI4KPMNlyrvkO23Y,001cML7G0gkmAuyYXM,Account
0RENDdRUKHsbOX24E5,Maybe,Tentative,2022-09-21T19:27:02Z,1,0,00UEva8U78KSA1420W,00QeUHzTyOp1aHfUNO,Lead
0REXzlqRZClagWEW3E,New,No response,2023-03-27T01:16:53Z,1,0,00UBbbnvWTtjHZfMSV,0032F7FDXqADR62QRJ,Contact
0REc3P8MoI61IWS46I,Declined,Declined,2022-08-13T16:25:38Z,1,0,00UK9xpSxKTrLXC2CF,003pC3VWabjXVkVY9F,Contact
0REb8EGB4o3AcG54XW,Declined,Declined,2024-02-12T00:47:14Z,1,0,00Uyeg8x3RMvZ7dEDM,003I2WoSMJ9De4LAQW,Contact
0REFvhEmEFnQaBZGKS,New,No response,2023-07-23T00:02:16Z,1,0,00UxS1H0zYvQ9eyUEP,003IfAq7AIh0R7AI4U,Contact
0RETyI0rCqS1fP0G6I,Maybe,Tentative,2022-04-20T02:47:12Z,1,0,00Uuk9PVwjy07vPML5,005mKVeNm7pzbbYYYT,User
0REEH5MkPttkNtYGMY,Maybe,Tentative,2025-01-17T10:51:19Z,1,0,00U6xyGBJpFn5uX27R,003o4TMGtqkbtDdIII,Contact
0REK0XmQbVYhi61OOC,Maybe,Tentative,2025-08-01T13:09:23Z,1,0,00UxozxukYoc4lDMGG,003PqbGzdOWzt2KAYH,Contact
0REDHxQHrxJsAA9O7K,Accepted,Accepted,2025-03-01T03:55:55Z,1,0,00UMsnMSVMkLwqK2OH,003ljgE2o5CJoOEI7M,Contact
0RE7S4kQTe5FxpYGXP,New,No response,2023-07-12T06:57:49Z,1,0,00UXU8qq9vPqP2dMLH,0057pBBoeyfvmpBIQ5,User
0REF81PMp4T6EXt480,Accepted,Accepted,2023-05-31T17:56:16Z,1,0,00UGNPU5hZL3yz72SH,00QJuBqJhgShfNc2RM,Lead
0REW4d0zbZjR7xgO8Z,Accepted,Accepted,2025-10-11T14:04:41Z,1,0,00UHiGJDMJp1OPNMTF,,
0RE0YbQHn2SmLziOK3,Declined,Declined,2022-09-01T14:19:13Z,1,0,00UYYkR4YsKX7WTUN0,003W4j2IQwOiUqBIH6,Contact
0REFWEibe8YZsKNWTT,Declined,Declined,2026-05-06T12:35:09Z,1,0,00Uvw8DlwjGsGaJ2VU,003aOXN8maPyJ9cYND,Contact
0REPcR9thGvnfKgOJC,Maybe,Tentative,2024-05-10T16:19:05Z,1,0,00U3o2FU6Chkj05UZZ,00QdXFqS2iSJQK1ETM,Lead
0REx1gSwf62og15WKW,Maybe,Tentative,2025-07-29T15:40:15Z,1,0,00UPjcnqpV2SvHZ2DF,003W8Rp9vqSfwteQQD,Contact
0REXFmQJnyrt9r8O7S,Declined,Declined,2024-09-16T18:19:51Z,1,0,00UmoKNJv3BFyi9EVC,,
0RElHpkiaohZJfqO61,Declined,Declined,2021-08-22T08:24:29Z,1,0,00UnEVZLqoYYQUhU05,,
0REa58jXsgKp61U4XH,Maybe,Tentative,2023-08-30T11:25:21Z,1,0,00U7uYv3cSsb8jSUBV,0038LGZLvsEDrffAG2,Contact
0REmFq8Iab64LbFG7S,New,No response,2024-07-22T23:34:57Z,1,0,00UCm3sABjm2nyqEZG,,
0REX3mZHtT9Z6hlOCF,Declined,Declined,2023-02-20T09:43:32Z,1,0,00UPfkqBosHYrxEMF1,005nzeP1FFxSfMhQ5C,User
0REbG5As2gr67ke4AD,New,No response,2022-02-01T06:29:29Z,1,0,00UAnC2Rqnw0dTk27X,001COXkNm3QMaIEDE2,Lead
0REBizS1hERo0Yz4H2,Accepted,Accepted,2023-05-16T08:00:29Z,1,0,00UUmzG4m84yYCgEIW,00QuVwPvF3JIV5vMMM,Lead
0RE4FmVCjsT6j1sG56,Declined,Declined,2025-10-04T18:23:54Z,1,0,00UbpxDw07GvRqrEWP,,
0REeHYaG4S7H43uG3R,Maybe,Tentative,2022-08-01T04:47:05Z,1,0,00U006jc1bWsLA7UMJ,003RrLQ3Ld9mOOhQUE,Contact
0RE59t9cRRLEbIuWW8,Maybe,Tentative,2025-04-20T19:55:51Z,1,0,00U8cwmyXTP8bpiEEY,003eLdeO57k71MPAG9,Contact
0RE4FgxzZFUt7UAG6O,Accepted,Accepted,2022-12-02T01:04:58Z,1,0,00UCgVYn3aWrTkXUAB,003LkvaYTpkYRA2AHT,Contact
0RE1atnE4IHfHgaOW1,New,No response,2023-04-13T21:44:58Z,1,0,00U6BJ9kFSNtzYmMO8,00QU0NMDkfVgyXKMEO,Lead
0REZr24JStrBFnGWDU,Declined,Declined,2021-11-01T17:21:09Z,1,0,00UwwwRdL7mmy55MMZ,003XCSqIckOHn4lIIS,Contact
0REKGs4XGk3yjUTOQ0,Maybe,Tentative,2024-01-18T14:43:08Z,1,0,00U9jSXO2hmSxnNUEO,003yupgGCl5JIUDAR4,Contact
0REyMHanGU5hmQVWMR,Maybe,Tentative,2025-11-21T21:05:55Z,1,0,00U16iV1zXX16WEEII,00142tCTlA12GP8QFU,Account
0RESydi45XJKFylGTQ,Accepted,Accepted,2022-05-09T12:53:22Z,1,0,00UgCegunCR6TFqM4U,0055EGfQDBgoAh8IFH,User
0REuvtmmdO0FcXN4BS,Accepted,Accepted,2023-06-09T07:05:15Z,1,0,00UfyL0GxJCGsTJUCQ,003HzCKayrm65wDY08,Contact
0REihuKobkGyrALWAK,Accepted,Accepted,2023-09-07T04:09:01Z,1,0,00UpwG0lEyBVA5s2SJ,00QJV647PRMKyD32QW,Lead
0RE2D8XmenqqMoqGT2,New,No response,2025-10-20T01:28:45Z,1,0,00UnZ0lRwaoxhPtMB2,003TYIKF3Ny96cVADR,Contact
0REkCt9ueruYARX44B,New,No response,2024-09-07T18:33:01Z,1,0,00ULBeFjbnxLii6EY0,00QKq3McHmbv2EJ2QM,Lead
0RE0gKmVgpQ9Rj64CD,Maybe,Tentative,2022-12-03T01:18:44Z,1,0,00Un4m82SYfhSf5EP9,001ZAfnqmR5VkxFD9N,Lead
0REO0OMJl8s59r04H4,Accepted,Accepted,2025-05-23T09:54:49Z,1,0,00UqDc9T9aGoILKEA0,003WJK5erxpQqeGIBF,Contact
0REU6etD5n3mbGr4OU,Accepted,Accepted,2022-09-02T07:24:38Z,1,0,00U5j1YLVBndtUGUJD,003eBJrduqPYUKLQAZ,Contact
0REnWWascyb8QohW23,Maybe,Tentative,2023-11-07T13:22:32Z,1,0,00UQ57sqE7zJK3Z2VX,00QFybcF8iRvoNy28A,Lead
0REmR2GXhgDqJy0WAD,Maybe,Tentative,2021-04-06T05:16:12Z,1,0,00UomvJtRRI7xSq21O,001qxvOxGkxKlKoYCS,Account
0REB9jEc2rm5xePGKD,Maybe,Tentative,2021-08-21T13:39:11Z,1,0,00Uf9yFgh3ArC5qU1H,003M3eXH0NFA7aZQ76,Contact
0RE66DsrziZy5pOWPD,Accepted,Accepted,2026-02-08T22:00:02Z,1,0,00Uexm8TaPaM4wM2YH,,
0REa4QawGXuG0NTG0T,New,No response,2026-01-16T06:13:16Z,1,0,00U8pbIF7AhJqbgUZJ,003MgDBGEmPiwO2IRE,Contact
0REddyKhV2Hls1cOMO,New,No response,2021-05-24T23:25:56Z,1,0,00UdNxfpwygWoU72OI,003NgFGSAt3xzoGAKH,Contact
0RETIAK2uVjiHtgWK1,Maybe,Tentative,2023-09-17T19:00:44Z,1,0,00UCoEyUD6M1JRv2SP,0036bmqoQnfpwNgQ2A,Contact
0REAJpv9RUXbS4kGEG,Declined,Declined,2025-03-20T09:16:22Z,1,0,00UKvIed67kzJcWE02,005xk2KsXa5Ub6fA8M,User
0RE5lLBEJIOGnRa4SU,New,No response,2024-02-06T00:39:43Z,1,0,00USf3qgzh3eZezUSR,0037W2ucLOs8FxjAB4,Contact
0RElmmb2csss04BOTH,Declined,Declined,2023-03-11T15:23:17Z,1,0,00UlmBktg7iK4zLU20,005k3rdmx8LrOE0AIT,User
0REMcHDFsIo0YJR4Q4,Declined,Declined,2021-05-01T06:47:37Z,1,0,00UqyAM0zaTAp5HM2G,003MUqfTUGPyDKeEAO,Lead
0REESs0pYJHjXw4W5G,Declined,Declined,2024-03-24T11:13:15Z,1,0,00UOuPiQ5CWz6Qv2AX,005k3rdmx8LrOE0AIT,User
0REfv4dgShUzWaIONI,New,No response,2023-08-03T20:47:18Z,1,0,00UrxfEvcmXkqrdENM,003nnVXCjUR28ayQTF,Contact
0REuPGyK7sTpesVWJ4,Accepted,Accepted,2026-03-20T18:02:21Z,1,0,00UqtTjFzKYgtKgU9L,0035An2zeM4uG5PYCV,Contact
0REakjFiezvdCe24UK,Maybe,Tentative,2026-04-15T12:56:08Z,1,0,00Ui9HrYRs1ACkLUEB,003NNQIxxg1LXB1IM6,Contact
0REHkZ0yLqlRF1EOES,New,No response,2022-12-14T04:17:15Z,1,0,00UY4UerwzosfP4295,003hOelU3VBYjk9QCL,Contact
0REEz6BziWsgceS4N9,Maybe,Tentative,2021-02-06T04:52:11Z,1,0,00U3VuL5nefhwvhMFF,005krCc5IJC2wfdQ2P,User
0REgOsNpqGQF2OXWR9,Accepted,Accepted,2022-12-06T04:57:34Z,1,0,00UBiB0xqpUAGcUMMK,003uXPAjP3crKTbIVX,Contact
0RELwssSWM3OoeB47R,Accepted,Accepted,2025-02-11T08:09:52Z,1,0,00U1HbfbkWdgPxbMJP,00Qsg1I6JpI2AMNMMN,Lead
0REmm380j29OEHqGOC,Accepted,Accepted,2021-07-26T11:53:06Z,1,0,00Uyg6tChPP9HG9UXZ,00QkKFNYGZrkkt3UZX,Lead
0REwkvacS7D5JN84MP,Accepted,Accepted,2022-06-30T05:50:11Z,1,0,00Uyg6tChPP9HG9UXZ,00QXO0Al05RrdJyMAG,Lead
0REB6A2osHDEMcPWOA,Accepted,Accepted,2022-08-17T07:55:11Z,1,0,00UxyTpneNSZLN02L4,003SiNJ0mE2Fz5qQP2,Contact
0REyzzZzniy2b1YG5N,Declined,Declined,2022-11-12T23:11:45Z,1,0,00U7W8dCiof4x49MOV,003g1jXJmFJ4W6mASA,Contact
0REfnCZYYpSvABI4H8,New,No response,2021-11-08T17:30:14Z,1,0,00UxTsA91kJD17PMQ5,00QQ2dcKLEEtXamMF7,Lead
0RE5fmSNxNIihvP4HU,Accepted,Accepted,2022-11-24T11:21:12Z,1,0,00UTioMgIE07YycED2,001mKhmK3YHBLkpIFQ,Account
0RENpqHgeyjcXS4GF1,New,No response,2022-10-12T06:38:17Z,1,0,00UcwIfAtGaZ1RE2DN,,
0REu6Zuus3rtIlqGWR,Accepted,Accepted,2026-01-12T11:06:41Z,1,0,00UBRZjmkb4NZxgE63,003WzLfPfvskzvPQNP,Contact
0REDBjPLfUuOaJSWSM,Accepted,Accepted,2023-10-25T06:05:22Z,1,0,00Uv8g9v0KpmAP12K1,,
0RECYetngPOrvcgOLW,Maybe,Tentative,2025-03-30T07:32:43Z,1,0,00UJJvfC8qeM5ClMHA,,
0RE1EpQN6PB5RVxWAG,Maybe,Tentative,2024-08-02T10:01:46Z,1,0,00UzkoDyVy4GCvoM8T,003hwzFQgXim37nIRE,Contact
0REPlv5njB7SyHAGVP,Accepted,Accepted,2024-06-21T03:51:11Z,1,0,00UTLBEm6tC3Go6UI6,003OlXRcERc0Fn1QKQ,Contact
0REop7y1s53yrE1OUK,Maybe,Tentative,2021-09-23T06:07:21Z,1,0,00UNTfswztgExH0U8I,001IQ2ziiojxbf8YX5,Account
0REE0YSDKMHebYk45Y,Accepted,Accepted,2023-07-29T12:43:09Z,1,0,00Urk2RJaU27nF1E52,003Sf5gZC0qTX4rIWP,Contact
0RENDf4HpLknC5WGE3,Accepted,Accepted,2024-04-01T09:09:44Z,1,0,00USv69C6EeA4o2E9T,003oQ1rVwVcpoeCERN,Lead
0REkdPNx3QlIlDUOMZ,Declined,Declined,2022-07-06T22:56:20Z,1,0,00UxvGUYpbUi9RBE5I,00Qkez3p2wvl5vPEZD,Lead
0RE09i35pSUBjek4P6,Maybe,Tentative,2025-01-28T22:18:55Z,1,0,00UbTR2g0dp0bPpU90,003Ms2NjBVHFa1qQ7F,Contact
0REdUTOZgYNnvRGWGL,New,No response,2021-07-11T22:40:24Z,1,0,00U006jc1bWsLA7UMJ,00QmET4VYHLMqs3MA5,Lead
0REY36UEFT9geroWSV,Accepted,Accepted,2024-07-23T08:40:27Z,1,0,00UBRZjmkb4NZxgE63,0034bSNcvxaJOubIRN,Contact
0REq37FLJRdR1JwGJ0,Maybe,Tentative,2023-07-05T11:28:11Z,1,0,00UUMTrm1X01dZR2HM,0057pBBoeyfvmpBIQ5,User
0REByqptIonuw5m4U3,Maybe,Tentative,2022-04-09T06:11:34Z,1,0,00UbFKY1T70z5mwMUX,003D3ER60MaDukjI8L,Contact
0REVyDoWe75jrjkOOM,Accepted,Accepted,2024-05-27T13:55:05Z,1,0,00UNX6dWRprbcebEWO,0030sKrr59bnBWGQWV,Contact
0REuQjXNkh85w6tOE1,Maybe,Tentative,2024-09-05T06:18:21Z,1,0,00UMaMLOS60NRjkER8,0039vrHZDDIGaHJA4T,Contact
0RE4bJSYggmlbhwO0J,Accepted,Accepted,2022-12-22T09:44:25Z,1,0,00UDeJ6pnCWKHy5ET6,003RIbSywAcBkQUAOJ,Contact
0REsDeCKUSOUt0nOB6,New,No response,2021-06-08T22:09:14Z,1,0,00UdZtWhwoJNcPmM5G,001Pv3IESUoMrhiAAG,Account
0RExpJYtw3GVhcbGD9,Maybe,Tentative,2025-02-03T23:02:24Z,1,0,00UkNMV6bBariyHEGX,00QJcgXyVZujx91URF,Lead
0RE6bPEHs9KDlSjW2L,Declined,Declined,2025-05-17T23:29:03Z,1,0,00UC2oeOnN2RfWAM0N,003pErX3JZ2L9MPSAR,Lead
0REWS4QgtlHvCbPWEJ,Accepted,Accepted,2024-09-08T20:14:34Z,1,0,00USJMelxAjkKIyUHO,001yVmlwCnpWY0fA4W,Account
0REXlGK4qsUp0pu48Q,Declined,Declined,2021-09-09T21:02:59Z,1,0,00UDVrd8NgzUZI9UQW,003JWsXDkgeQfLNQQC,Contact
0REAxpbnnB4aXxNWL3,Maybe,Tentative,2023-03-19T01:09:22Z,1,0,00UWedEGPMgFWlLEL9,003EAApQ6DjAsfKYK5,Contact
0REqzTxswrPHVqq4LZ,New,No response,2025-01-03T22:12:00Z,1,0,00UkUIVMo28po8PUI5,,
0REJhlVmRfjX35mGM4,Declined,Declined,2021-07-14T21:07:17Z,1,0,00UDyfw1yBeLWFB2KS,,
0RENdWBhgFApVdbG6W,Maybe,Tentative,2024-12-20T08:49:56Z,1,0,00UmoKNJv3BFyi9EVC,003MHeC1QqnXkp6QB5,Contact
0RET8tfNpIm30SI4M7,Maybe,Tentative,2021-08-23T03:05:57Z,1,0,00UllVVKbsz6XzYMC8,005dY26xUNDmki4A5N,User
0REr11JkoEiY4DnGOO,Declined,Declined,2021-11-19T16:39:35Z,1,0,00Uu5qlqAfaaY89M2P,,
0REvFG44iKHv0cjG5N,New,No response,2021-02-08T23:11:38Z,1,0,00UiuLOificf9qHMBG,003iUnQWCcRw0K5QTM,Contact
0REqxeIpC6MSJyt42F,Declined,Declined,2024-11-02T21:53:16Z,1,0,00U006jc1bWsLA7UMJ,003i4LUEWFpNaoLQUC,Contact
0REGRborfPUWiOYWGI,Maybe,Tentative,2023-03-20T08:15:47Z,1,0,00UXOAuMByXWGVYENR,0057jDImegCGqG7YZ2,User
0REZ8BL51F0N09FOPB,Maybe,Tentative,2024-03-04T19:20:00Z,1,0,00UPfxFhc7NEb3EE2Y,005uepIIzxcmHrDI1O,User
0RE6GgFAS8NmAEeOYZ,Declined,Declined,2023-01-03T07:47:33Z,1,0,00Ug8kUWX59mpjFEHX,00QcukeQ4KPYFco235,Lead
0RE8IRLmobqx12uGM7,Maybe,Tentative,2023-05-12T17:01:10Z,1,0,00UOUC1HCREhNT3EYD,003Ke4WFdW0CoW8ASR,Contact
0REbuiWqzi96LStO5J,Maybe,Tentative,2022-11-21T14:07:55Z,1,0,00UYaV51OwfggPwE6E,003XNoGMIPTvl16ANC,Contact
0REEd1T5aai7gSy4DZ,Accepted,Accepted,2022-11-16T01:51:15Z,1,0,00Urz90O5EhINKkMH9,,
0REgqUk787m8RW2OR0,Accepted,Accepted,2023-05-27T11:58:51Z,1,0,00UPN0ym8o5FysrE7X,005NradmkgHLf0bIJ5,User
0REAfR8iq6IlEiPGBV,Declined,Declined,2024-03-07T17:49:25Z,1,0,00UyiGHzL0qQBJrMAX,,
0RE65gAvh1zPr524LM,Declined,Declined,2022-09-14T17:27:27Z,1,0,00UZiQRQ48mhT9hELG,00363itkVboZZ8tQLD,Contact
0REqVVGyceF6v3x43X,Maybe,Tentative,2021-09-30T08:04:37Z,1,0,00UPDU9C3qrodhH2NW,005LSah1u1GnYGbYOG,User
0REUwz7hv4TFFNHG13,Accepted,Accepted,2023-12-27T02:14:05Z,1,0,00Ud1N2Tx8A5iG5E4Y,003xWEC3pwie7oEY82,Contact
0REzE4wFb8r1xYfG42,Accepted,Accepted,2022-06-02T18:33:22Z,1,0,00U9QlvxWunDE0ZEQB,003dhbqvcOmeH61IVE,Contact
0REF92QN5nSmMeLWBD,Maybe,Tentative,2026-03-01T11:54:08Z,1,0,00UVS2uNoQ8NFU5MO4,,
0REgU1qrpgJTSQ84MN,Declined,Declined,2025-02-11T16:32:53Z,1,0,00U7exoPjj3dVxNU9H,003elJUuW9sVEkFI8Y,Contact
0REpNNGerynMC0yW9I,Accepted,Accepted,2023-11-23T09:19:12Z,1,0,00UInFz4OVf07o5M5I,0030I2EUZyu1ilxAN0,Contact
0REXsOKaGQRxy6SO53,Maybe,Tentative,2025-09-03T01:49:05Z,1,0,00UlG54VmvDN3b5M1O,003M3ZXseoHu6DcQVR,Contact
0REevuiTF7hoGvJG8U,Accepted,Accepted,2024-08-18T08:05:32Z,1,0,00UXirTwEBFFSoFUGZ,005pFLSqKe2EKv0Q0O,User
0RE6cmSX8jZeKy7OQA,Accepted,Accepted,2026-05-13T03:26:13Z,1,0,00UTZhjZQciwgxY2L8,005b1OFAHFgyySPCO9,Lead
0REdjLqz30bEU6zWFJ,Accepted,Accepted,2022-03-23T19:49:56Z,1,0,00UbLaQGWifFtC22W4,00Q2Y8fIB1B80UAMXT,Lead
0REjKS45K8GTjEvWQ6,Accepted,Accepted,2022-12-09T13:28:54Z,1,0,00U7ZLbFzAY9ucbMMY,005ztlrbFPcuOLhY8F,User
0REBDBvVUhTyGaSWUF,New,No response,2025-06-11T09:26:18Z,1,0,00UfVUYEOy81Iut2AJ,003kCsx65ghko6fQ8Z,Contact
0REk0ouyCX9dhVjWBJ,Accepted,Accepted,2025-05-06T20:09:50Z,1,0,00UWww2MWlT9L7hETS,005VOHFbnLYK0gIIP7,User
0REBH5NF3ERCR6qWRE,Declined,Declined,2023-09-20T12:49:08Z,1,0,00Utt6FbGWwUd2mE03,005qptAZodwwrZzYUF,User
0REEjo2Dt3McvXKGW6,Maybe,Tentative,2025-05-01T21:00:31Z,1,0,00UjKuctG4ZoTBJEFE,003azJSR2ragVkrYFE,Contact
0REOScCd3e6nPrbOSF,Accepted,Accepted,2025-05-16T04:22:18Z,1,0,00UHXM0e4yDItU7MFH,005lJuJ789IRmEmQF4,User
0REVi4jKJnMlTLaOTI,New,No response,2025-02-01T01:33:26Z,1,0,00UZLBGYYrPymrlM28,003L5BUYiA6zPEpQB9,Contact
0REAu5GtbFW0U06WFW,New,No response,2024-12-31T11:56:46Z,1,0,00U5cj92WodwvqDMB0,0031pSvTZV7OfZtAV6,Contact
0REkjwXIIHdbLSV4KE,Declined,Declined,2022-03-21T08:07:33Z,1,0,00U7UMXVcIohQkeUGO,003lesXU7uXxsjtYHT,Contact
0RE1KMzljWL2fIT48C,Accepted,Accepted,2024-05-03T22:31:22Z,1,0,00Uyh2XGwG1T55mUEE,003y79c1yFgVZixIWN,Contact
0REkyNq4C2TmZEhG69,Declined,Declined,2024-07-06T11:59:56Z,1,0,00UBbbnvWTtjHZfMSV,003ICCOvVrZgKB9AAS,Contact
0REyM8AJnpyMxbMW6T,New,No response,2022-09-16T09:20:33Z,1,0,00UtR7mWHZ5ybsA276,003ElPSqGnL5349YXS,Contact
0REiY2bJvoLdax6G64,New,No response,2022-04-02T13:11:46Z,1,0,00U4oOsW8isITyrEK6,00Qzi7rOmoHM92gUV5,Lead
0RE1cNhAlAiwnCoGGH,Accepted,Accepted,2026-06-23T11:24:35Z,1,0,00UaA0iz3jxpZhfE3L,,
0RECCYAyTTi043sG30,New,No response,2025-08-05T07:04:20Z,1,0,00Us2YMY12oodhOEWX,003JvoXoFTycMnjQM5,Contact
0RExKkYQkn1smGgOXP,New,No response,2024-03-02T12:32:49Z,1,0,00UzjPcu8ZbW67OUS9,003e04AIBihHU6ZIAM,Contact
0REJI8bsk79lo2j4SH,New,No response,2022-06-19T15:40:22Z,1,0,00UUZoaOJ2Iq4Q2U0R,005IKQxHrnOfGBxYIU,User
0RE4yPJlVZ2tChL4BG,Accepted,Accepted,2022-07-16T20:12:28Z,1,0,00UZLBGYYrPymrlM28,003UtevdsYUcLJAQ8A,Contact
0REBouALbA6H6qmWH8,Maybe,Tentative,2021-07-25T17:23:12Z,1,0,00UbofN2I3o812oMWY,001MMbrZQQUkCyfI5Q,Account
0RERSvicWaviQoNG4I,New,No response,2024-03-11T16:00:37Z,1,0,00U006jc1bWsLA7UMJ,00Q9yt9ZznX1X3cMAQ,Lead
0REpQhIpNQMplR246W,Accepted,Accepted,2021-03-23T01:17:32Z,1,0,00UjZhgGM0QVfVoUAT,0033befOPPr0xxPY1E,Contact
0REwElkXBjYDYKYOUP,Accepted,Accepted,2024-09-05T03:33:13Z,1,0,00UTGw6ZXe2W5g3ES9,003XeNeElr8msePY20,Contact
0REZmWSH4roAzIEW1Y,Maybe,Tentative,2024-10-15T09:15:17Z,1,0,00U006jc1bWsLA7UMJ,0031VD9UKg8CI6sQCH,Contact
0RETu0mGW6fX9FpW96,Maybe,Tentative,2025-08-28T16:12:50Z,1,0,00UMWGuQZrLKVTI2J2,003bKkfXTcdaweU5VQ,Lead
0REfbqPIem22OiBGQK,Maybe,Tentative,2023-09-05T00:25:31Z,1,0,00UB6vxA5F9MUaFUD3,003XEACuOawdiiVA7I,Contact
0REiVag6vuROiCbGXT,Accepted,Accepted,2024-11-26T20:12:21Z,1,0,00UNkyUaUSMycJ2E9O,003D0r5zC0keCSRAML,Contact
0REElt6AXtQ8zuFG9A,New,No response,2024-10-27T17:57:04Z,1,0,00UYLq1KBlK0khLU5O,003NbNjLIUIBrJSH95,Lead
0RExAnodOQ2g2MQG5S,Declined,Declined,2022-01-24T22:15:15Z,1,0,00UJZn38nM51Q8tMYA,003moatACR4H0qAI31,Contact
0REsjRmHtM6JfWlGLX,Accepted,Accepted,2021-04-30T01:59:06Z,1,0,00UlGtyWBH3TGfGMK0,003exjZxGsG3qs1YQ1,Contact
0REHeMMclmdkCFbGT4,Accepted,Accepted,2024-12-10T14:46:06Z,1,0,00UN6qVGIrkqws22SA,003mOiCoYGhh0YQYIV,Contact
0REaWhbAAkoGLkVG8Z,Declined,Declined,2026-06-01T05:00:37Z,1,0,00UprSZxh2DseEUM8S,001FVBcrH6719XQAUS,Account
0REmwlY8zPOwsYcO8W,Accepted,Accepted,2023-11-23T23:24:26Z,1,0,00UEY99zzTuNbR5EFR,00QuDhMCV5FYYmoMM6,Lead
0REv9B9JjYv6KMjGWI,Maybe,Tentative,2026-06-20T02:50:23Z,1,0,00U0bxMAyv6owe3UNK,003CvuHFadBlBDpI4U,Contact
0REfVnxIckR5YHJ424,New,No response,2025-01-14T19:52:38Z,1,0,00UCGX2z4l3j6jKMO2,00QI5TEfZEs77RjE7W,Lead
0REF5e727ZmARUn4QR,Declined,Declined,2022-05-24T11:05:39Z,1,0,00Ukr3os7MuPR7pEBX,00Qa2xjWg1cdLZoM9H,Lead
0REveiyoAtlRuhKOUO,Accepted,Accepted,2021-10-03T07:01:52Z,1,0,00UATvng1c8XbmQMER,001pUY9CVMaLCa4YQV,Account
0REOo0Thww2fwvuOY7,Accepted,Accepted,2021-11-02T06:13:21Z,1,0,00Ul7fN9tJkb58f2FF,,
0RES0cnYzxKH0aPGFW,Accepted,Accepted,2021-05-15T07:33:30Z,1,0,00UDWivDlUM7C3PE9L,005wmbTnVpYGoJ1AGI,User
0REK3tChLbOtiI8WD9,Accepted,Accepted,2024-01-10T21:06:50Z,1,0,00U1HbfbkWdgPxbMJP,003NOqblprQXyXlIYB,Contact
0REmoLKsC4JmbmfORU,Accepted,Accepted,2024-02-08T04:55:41Z,1,0,00UE5jimZZDTylGU3M,005Rs7hUpU5rSN2OUU,Lead
0REmwbm1kp0P7E74KO,New,No response,2023-07-29T00:10:22Z,1,0,00UMVVAhZ4UtGNuUDA,005dxKTxH6gxu99IEO,User
0REMPeP3xo6XBZp42P,Maybe,Tentative,2025-02-27T00:46:50Z,1,0,00UeTr7Q6U02P2rU94,003fKL1ajAUvZsZQGZ,Contact
0REHaEpyVcusZOI442,Declined,Declined,2022-04-08T17:01:34Z,1,0,00U6HFllxyfF2QHU1Z,001JTximtecXZZ0IK7,Account
0RE9L37fgHAFA3LOOC,Maybe,Tentative,2022-04-16T16:50:51Z,1,0,00UPeIXuaVkZzQWMIN,003hCTxoAAKlB9rYEF,Contact
0REDhBgOnVFfLkrOQT,Maybe,Tentative,2023-08-31T06:22:24Z,1,0,00UhtwYBdCI7BScUE5,,
0RE3E7btIv0bIHHGD0,Accepted,Accepted,2024-07-26T17:04:44Z,1,0,00UiK27RqnyjBCNESS,003s6dF4hMdQPk0I7Y,Contact
0REY6gRJaKnxxmyOR1,Maybe,Tentative,2025-09-28T16:08:47Z,1,0,00UmfsPOErFjy4q2PF,003GZMiGhmxCKWdILH,Contact
0REp8ipxASwEpUPWW4,Maybe,Tentative,2021-09-21T05:21:31Z,1,0,00Ur4cCx6rXPAeHULT,001xCcjaWJxjfQtAJX,Account
0REVz4BJn7S1YtYG92,New,No response,2025-11-19T16:47:00Z,1,0,00U2T7PxqzML9H9UCP,,
0RES8DyXuMmKJRYGJ9,New,No response,2021-07-09T22:43:12Z,1,0,00UDIcfeIB3xEFn2N8,003dl4F05Fdtn0bIN6,Contact
0REY1xzIlEh0sXF4IA,Declined,Declined,2026-06-10T01:59:26Z,1,0,00UoN0b7W5dAayj2MI,,
0REx0dAxVCqXzV3G74,Maybe,Tentative,2021-09-03T17:15:51Z,1,0,00UUQSPG00psAII22V,,
0REaP7gAarQBL0SW9U,Maybe,Tentative,2022-06-05T03:32:06Z,1,0,00UGe2K4SUkvP0b2D9,003RFkT9hrPsRwsQDT,Contact
0REksJNo40lTQhy402,New,No response,2021-01-29T22:36:32Z,1,0,00URdMSjHSaAsM3M4Q,003TCFOwwx3mRARI3Z,Contact
0REmm9SCSomtAhBGGL,New,No response,2024-10-08T18:35:20Z,1,0,00UcLPG1Dekr3xHM2Q,003yrbLeuuGhniRI6Y,Contact
0RE4J0kweXDhnui454,Maybe,Tentative,2025-11-22T11:31:10Z,1,0,00UVVdnLYCmwYT4EXO,0039a9KrT0xu82FSEQ,Lead
0REoAtQZwUfEAHqWGP,Maybe,Tentative,2022-01-29T22:17:14Z,1,0,00U006jc1bWsLA7UMJ,003VZgg2JnsRE6JIPN,Contact
0REizSpyauAQoJ5GA1,Accepted,Accepted,2023-06-21T10:29:15Z,1,0,00UAhhJLjTIwPYgE5W,0034aOXLvFz8KLpQIU,Contact
0REs99Evzm9qZ1wWGH,Accepted,Accepted,2024-07-03T10:09:19Z,1,0,00UdiUt9GUjMC2n2KU,003dQtqeHPhJp2RQ4R,Contact
0REtyQDldDkrWloOMH,Accepted,Accepted,2023-02-03T12:12:07Z,1,0,00U2AKkvjm1FqgiU48,00Qh76rLKF4RhOUEE5,Lead
0RE7GLyZbQwtGF9GH2,Declined,Declined,2025-01-10T19:53:47Z,1,0,00U006jc1bWsLA7UMJ,001PzKgNp7GjqwfI1O,Account
0REAzajKndm7rlLG6W,Accepted,Accepted,2026-04-03T17:50:36Z,1,0,00UwO3HNb8swRnrURJ,003n7bCDQPRuiOLQ4T,Contact
0REFLMFoQgaDt3aGSE,New,No response,2025-05-09T23:54:32Z,1,0,00UE9hhxaxmFeIi2T3,001kbjBM76mvp9j3KU,Lead
0REy1q5c6xFJmYl4HM,Maybe,Tentative,2022-04-17T22:50:49Z,1,0,00UzClfM7JrGgNwUTQ,005mKVeNm7pzbbYYYT,User
0RELhyW3v0NgoPAOJZ,Accepted,Accepted,2026-04-08T18:49:45Z,1,0,00UA6u9MpbCLhO5E3J,003YpSLMz1fZOVbICU,Contact
0REmjzY7VdKu3OO46Q,Maybe,Tentative,2025-08-15T04:32:20Z,1,0,00UcaOh4pfhWJFiES7,005NradmkgHLf0bIJ5,User
0REvz1eIl4A3xLI4BG,Accepted,Accepted,2023-07-12T23:05:25Z,1,0,00UTG60nSZ6JHYgMZ3,00QrdBDcxlV7PBP2KA,Lead
0REhOw8EW0HhoISGN5,Accepted,Accepted,2024-03-22T03:12:56Z,1,0,00UfCQ92wCxHV5uMOH,001EocC12jSBhyyIOU,Account
0REqqO6kIy6bPxY4OM,Declined,Declined,2024-06-27T15:38:54Z,1,0,00UkqZa1llYjXiLEQS,001R0zWqbJMcj90A0M,Account
0REFyQfQZIHeZZkOSO,Accepted,Accepted,2025-11-13T22:45:29Z,1,0,00U6fj8LiKHFRdHU7S,00QEldfA0jXQydJEOC,Lead
0REtwBtnTRHfp1DON7,Declined,Declined,2021-04-12T09:43:28Z,1,0,00UsoXPe9uiBNxHU28,003HyElyrwbdqT8QAZ,Contact
0REz0qx9LYoosrsW3G,Declined,Declined,2021-04-27T07:16:34Z,1,0,00UlRUwcSYnUaCpEFX,003IPrkiTSRDMIRAYU,Contact
0REzapqPQ8HFMJP4Q7,Accepted,Accepted,2021-11-01T22:55:48Z,1,0,00UeDWAMII8SEx4MF5,001DbpAGYxaJeBJQYG,Account
0REsExe3pIuG1Qo4LQ,Declined,Declined,2024-06-07T18:49:44Z,1,0,00U0Sm8P4hFXAeSEA1,003jbE9pbXJbeuFYQZ,Contact
0REaDtTkFxmx5jhG4B,Accepted,Accepted,2024-02-18T19:30:58Z,1,0,00Us4Lbyr30D2stEZO,003NVY7EuWqQ3GgQ1R,Contact
0RE8kxIw7nZnDPSO8V,New,No response,2025-01-26T08:46:57Z,1,0,00Uho7cXn0sZS2ZMTK,00QF6JpZ88Ukcu0MZS,Lead
0REPbNWQz1MmkLXWTV,Declined,Declined,2023-12-24T05:41:36Z,1,0,00U2o2INcLXy9KoU13,005p2GAYlGaKkdGCHH,Lead
0REUp4knbCTYrxyW4Q,Maybe,Tentative,2025-05-22T12:56:32Z,1,0,00Uk1dO4kwm8In1UC1,00Qt1Xkxu82vxgUEFN,Lead
0REJkZ8g7UF2fMCWR6,New,No response,2024-02-18T15:01:41Z,1,0,00UdqAeW2OIWlqvE2Q,003ftagqbM4Nr19AO0,Contact
0REzQJ6zrF9OuliGCP,New,No response,2025-08-21T10:48:00Z,1,0,00UtRQedqwOz9b8UWD,003Sv4YREEIrw4eAD2,Contact
0RE9yJgobsbntcs42C,Declined,Declined,2022-05-07T11:54:32Z,1,0,00UyfHe5EpLkAyY2UB,003ZeQwcHUv9fmoZTK,Lead
0REDnulUK1Qhghs4MW,Accepted,Accepted,2023-12-05T06:29:11Z,1,0,00UUqOMpxUCQVWzU2W,003viysww6RaIvgAR3,Contact
0RE3tFXtHxSOaUxWFO,New,No response,2023-08-25T19:26:37Z,1,0,00U3zQDNPppcQYR25H,003OxXil7gvZrXfYIT,Contact
0REENUaZB9bMn82O3C,Accepted,Accepted,2024-04-01T17:37:43Z,1,0,00Ubxolz6tFDysBEKH,001SDonDyKHRDRwYPS,Account
0RENuXJpJ33RdBCOOF,Accepted,Accepted,2024-06-18T23:20:34Z,1,0,00U0nty9tXCjho1UXH,0016qNzHRpaK4VVIC7,Account
0RETQ2FkNdpmVp34HH,Accepted,Accepted,2022-06-07T22:18:36Z,1,0,00UgYfyRDSumW9JUGW,00QRc5sSnLGS5KiEY6,Lead
0REb0XgvOyRVaUDG1K,New,No response,2023-01-04T00:50:12Z,1,0,00UeDWAMII8SEx4MF5,003mndjN59quZqZITR,Contact
0REHpE7q6rONO7EWUL,Declined,Declined,2023-06-14T00:54:36Z,1,0,00U3VuL5nefhwvhMFF,003vtqpcbhIEl9sQ91,Contact
0REYT4OEpjV042uGK2,New,No response,2024-05-19T07:53:12Z,1,0,00UdjiOEvP8SvuMMT7,0059cNiXLcpBkagI2J,User
0RELwtP2XvEjAoy4M7,Maybe,Tentative,2021-04-25T07:15:49Z,1,0,00UQfxr1iT0jo9DMWE,003qX9PyVBghmgsYYV,Contact
0REChN7gU08GJeYW3Y,New,No response,2023-09-03T18:15:33Z,1,0,00Ud1ZiOpnNXf0tMOJ,005NradmkgHLf0bIJ5,User
0RE2xwnEUbaZzDW4A6,Declined,Declined,2022-08-03T05:48:49Z,1,0,00UWNmo305E0K1YEBI,003QtOXdXsP3do4QRR,Contact
0REBZtnek88bcrn4DK,Declined,Declined,2022-05-10T13:53:58Z,1,0,00UgwaaMGWBORCkMOE,003wnRXgnMlLVOyI8M,Contact
0REbqzs1X5kEQApGDL,Maybe,Tentative,2025-03-31T16:45:25Z,1,0,00UeM3uMIq4vkEwEMO,003mOaulT5tUPQNQYQ,Contact
0REcgVyEKT8kTuRGU2,Declined,Declined,2021-03-11T03:41:01Z,1,0,00UstxBMueT2wgpEX0,003TRozbZoPm9luQBT,Contact
0RERUgDNyPcIWS049T,Declined,Declined,2023-08-09T03:58:07Z,1,0,00UaA0iz3jxpZhfE3L,003h5OqMJqaaRmmIQ8,Contact
0REQphD7zTTjWZM4BP,New,No response,2024-06-28T07:22:37Z,1,0,00Uampa4xXAQvWM2HF,,
0RE8BxNI1qfOKTFWEQ,Accepted,Accepted,2024-11-04T03:36:08Z,1,0,00U61XewI3WqPqFEPM,00QignXD4qd2Ht12BI,Lead
0REOc21ZuqTv5RZW5N,Declined,Declined,2026-01-16T09:51:52Z,1,0,00U8zSAddkGYj8jETZ,00Qzluph27tPiDOOWI,Lead
0REZddFcee8NnSC4QI,New,No response,2022-08-09T13:48:33Z,1,0,00UX8gxE0GmUlOmMWU,0031P042walvFE4QG5,Contact
0REk2ywsgWoz3eAO5K,Accepted,Accepted,2022-06-03T02:11:27Z,1,0,00UM6RygNclS4TnEKG,,
0REMvZIqRdoghnNOYU,New,No response,2023-12-26T11:59:32Z,1,0,00U2g28HsXtQjQpUBS,003nCnPWx4o3oqwAUD,Contact
0RE6FG4bqqOQdBm4V9,New,No response,2026-03-02T15:54:52Z,1,0,00Uk1dO4kwm8In1UC1,003dsxP6afpCoNXI3A,Contact
0RE0rzsOIC8duumGPW,New,No response,2023-01-20T06:11:07Z,1,0,00UZOkl9HoZyXCs2RC,0039c0qERICaKo4AJ8,Contact
0RELmswqnUkMpwaWB7,Declined,Declined,2026-06-18T23:00:52Z,1,0,00UvHdk7OLRpfJjECA,00QbhZ9eksRgiYSUJ9,Lead
0RE6H8RRTbTLWibOU3,New,No response,2023-11-23T22:10:05Z,1,0,00U1JZQlPrHO3yzMUQ,003H9aCwChz4F49IW7,Contact
0REiVIDu5BRy4J8OMV,Accepted,Accepted,2022-02-23T05:23:14Z,1,0,00UNbUyfqWFrfz8EPD,003BFSmgmXsM1wDQUO,Contact
0REKvNFloJTEXwVO3Z,Accepted,Accepted,2024-01-17T20:13:54Z,1,0,00UOqEYZS9rBKAhMXX,003PBsusls9B0IbA36,Contact
0REFCkwZZjOEj3IO88,Maybe,Tentative,2024-04-16T21:26:31Z,1,0,00UfGDO4ObaRAnSULT,,
0REY2Ox08kB4UysWTG,Declined,Declined,2022-12-06T05:27:10Z,1,0,00UxftHBRGZ3mSxED7,00Q0NVuaafblLum23A,Lead
0REdXhPvUI3I5VGWA3,New,No response,2026-06-27T01:44:18Z,1,0,00U9V6WAVYfgohqUAU,,
0REuIgXtPc5fLvO45W,Declined,Declined,2026-04-01T01:22:40Z,1,0,00Ua97syz9DMCcFM4E,003zlDJBeSE6i1PIZ5,Contact
0REJKKFYPymUAQcGH0,Accepted,Accepted,2022-08-21T08:41:06Z,1,0,00UQoCt6CLg7ctUEX0,,
0REXkd9CxFI7dau4J4,Declined,Declined,2024-03-21T00:53:07Z,1,0,00U824iNjWmxw0n2PQ,003FvKS23VjSXt2YFC,Contact
0RE6pkpk2Pe7F7uWKW,Maybe,Tentative,2025-06-01T22:29:27Z,1,0,00UgYfyRDSumW9JUGW,003Wl0ymrSzU42PQ9I,Contact
0REb215w5RazCiRO4D,New,No response,2025-03-11T15:19:19Z,1,0,00Uwlb87ROJ9nk6M59,00Qcz83DRe9x41kUCK,Lead
0RE3jy02uPUBW5ROE6,Maybe,Tentative,2025-04-22T05:31:49Z,1,0,00UgqLlnWYwAQCHEJO,00QKi0zcx9ZCZOhMOP,Lead
0REfvFBgCtPuxIIOR0,Accepted,Accepted,2025-05-03T21:07:23Z,1,0,00UdDFO2caXZG6SMZZ,,
0REabmRM7VevuosWSL,Maybe,Tentative,2021-11-29T06:45:20Z,1,0,00UZV0Bj4VkD4oKEZ7,003974zjDXazCjRQDS,Contact
0REW46rfFNtvVPmW5H,Maybe,Tentative,2025-12-02T10:24:30Z,1,0,00UPS7BVZUMBC7L2YP,003nF0z5ePF8ABXBBO,Lead
0RExah3Jb6fVuZe49M,Declined,Declined,2023-08-08T22:51:38Z,1,0,00UCMG0OwZRr8jAUV8,003jpIM5bWThTevA49,Contact
0RErIWFS8X6thJ6WPH,Declined,Declined,2021-09-19T10:30:54Z,1,0,00UFGjSIhogNp8DEZ5,003LXPOThKMlCoaYI4,Contact
0REVGr8qogWrxY34FN,Accepted,Accepted,2022-05-16T18:10:40Z,1,0,00U6DXMANbIjxVFMWP,001Z9FmqrbfBXeVI9A,Account
0REtXleRxFL3KnCOLP,New,No response,2023-10-14T20:12:51Z,1,0,00UsoVCFSzk01JSUCB,005krCc5IJC2wfdQ2P,User
0RE2Fx4Smklwt8mOQK,Maybe,Tentative,2025-09-28T05:24:34Z,1,0,00UHndawDDMEWoV20L,0037hhldh7dgr24A9I,Contact
0RE6HM2Ld5G7S5SO0K,New,No response,2023-02-02T11:39:34Z,1,0,00UwWepPO5CPWPFEI2,003pG37dZHpzjtZY7Y,Contact
0REHVyhFaMsYFHRWOF,Maybe,Tentative,2022-08-12T05:51:26Z,1,0,00Ut1ANkXovEfw2MOB,003M6FZ9rsV26aRAG1,Contact
0REWQZ1ZaEj4cUjO8Q,New,No response,2024-05-29T01:50:52Z,1,0,00UkqFOttT3oI6iMDD,003bcY4sN0Fe2UaAF8,Contact
0REkF0KxliU318SOZ3,Maybe,Tentative,2026-05-14T12:07:39Z,1,0,00UvRva5dc50PfZUXQ,003IlcpXjWSwBK2QZW,Contact
0REfcugVYerJKx2WZU,Maybe,Tentative,2023-06-14T23:13:38Z,1,0,00UpVV7DMoUho8yUDA,005dxKTxH6gxu99IEO,User
0REUUaDZuDNvrbnGZN,Maybe,Tentative,2023-05-01T12:15:13Z,1,0,00UDIcfeIB3xEFn2N8,003s9U7a1ig8ZgrYE3,Contact
0RETSjPVuTHLRVGW0X,Maybe,Tentative,2025-07-31T21:36:29Z,1,0,00URG84Q58sr1kFUR9,001KtASdr5CCsaYA3B,Account
0REuUgxnRUH88w64PU,Declined,Declined,2025-11-18T06:32:39Z,1,0,00UNznElpRJnNGeEWB,005Nr8mKUnQ3oinATY,User
0REbIQbgrigDzGcW9B,Declined,Declined,2026-02-14T01:40:29Z,1,0,00U1N8pnQZr9uCJUVT,003KdEWrbm0QdXf977,Lead
0RE1OC3GTnRQr3WWXA,Maybe,Tentative,2022-04-07T01:22:23Z,1,0,00UPF9abmiAeGliUNW,003PeSNpruY1vqZYLE,Contact
0REYEAUynh6W7kGO2Q,Declined,Declined,2024-05-10T14:26:08Z,1,0,00UXaifxEMwccgiM7E,003IoHI3OjoF7EqQV7,Contact
0RENgzT55qRVtPuG1F,New,No response,2021-05-22T20:16:49Z,1,0,00UwbsOpwIIdgex2WI,001b9Ubd6IpdBJKANL,Account
0REicaKvF6Ynt2QOZL,Declined,Declined,2024-11-05T14:57:17Z,1,0,00UJGEQt107lTaaEXH,003GBf9PCF2onzTA4B,Contact
0RExjBeI1QBn4F9WSA,Accepted,Accepted,2025-05-26T05:15:10Z,1,0,00UpQruBV6NPZxMU24,003H2JskowFqPavQY6,Contact
0RE0L1yzhGvpgPIWHR,Declined,Declined,2021-05-07T12:32:58Z,1,0,00U1UYpgXYJHvaOMWH,003w3bFh9tGTwKJIHB,Contact
0REgzlGkArOpSrtO2V,New,No response,2023-06-29T08:16:31Z,1,0,00UQzUEwEkW8oy325T,003frNYz28OdxhIQXF,Contact
0REHiesDxhLisqH40Y,New,No response,2025-11-07T08:23:39Z,1,0,00UY1fxxfDWRyPaU6M,005NradmkgHLf0bIJ5,User
0REH7ExEwC93OxUG9X,Accepted,Accepted,2025-11-13T10:10:54Z,1,0,00UdAs67ovIxrVD2PY,00338UX9kGNIwR6YNC,Contact
0REI14SL4gtKT914EN,Accepted,Accepted,2026-05-06T23:48:45Z,1,0,00UbfA1mrs7Eg5fE09,003CScrbDxLMgj6INJ,Contact
0REDbnE2Vv91bgKWC4,Accepted,Accepted,2025-05-06T08:31:56Z,1,0,00ULi8O0BhiL2IPEBU,005dxKTxH6gxu99IEO,User
0REc7mH8LgyAwudOJ9,New,No response,2021-03-05T21:47:53Z,1,0,00UA1DL0ukVyMgOEZE,00Qoi05R82gHnoe25Q,Lead
0REh0KkO2Mk3lLVG9W,Declined,Declined,2024-09-24T15:43:17Z,1,0,00UPIY3mw5VF9SQ2FP,003b3iuoUKBfLUAIJA,Contact
0REa4GKLxXGDsBS497,Accepted,Accepted,2022-06-15T05:51:14Z,1,0,00UwwbwNbq7wB7g2E3,003fzPViYkMjgmEAZB,Contact
0RESshXr5KyPT2Z4BC,Declined,Declined,2025-10-09T03:28:07Z,1,0,00UyO6OZPtT7KLeUIX,003KbhyQIJhcY5vI43,Contact
0REXTaWBT8W5Sx34OV,Maybe,Tentative,2023-02-05T02:28:43Z,1,0,00UcaOh4pfhWJFiES7,,
0REUnTGQezgfv0J4TQ,Maybe,Tentative,2024-02-03T13:01:31Z,1,0,00UOznyxrpiqASsEJ3,0011JBrPJ5YTub6QBD,Account
0REivdYwYihYddbON4,Accepted,Accepted,2024-11-07T12:24:59Z,1,0,00URRP65z9GpMhc2RB,003R375X0ukUtivI7U,Contact
0REhPqAFzyMHoJlGW1,New,No response,2024-05-20T20:27:24Z,1,0,00UGq28SIZXwgQmEBI,003BiQogcR8V8aRIU5,Contact
0REDSrxbQFNnbNdGGG,New,No response,2025-10-12T13:52:40Z,1,0,00Uv0qw9NnG1UZzMLA,003QfRPBunwS0dvYKE,Contact
0REb6axrFTYP07n4XF,Maybe,Tentative,2025-10-02T09:50:19Z,1,0,00Uxq5zWF4kgcBEU9W,001DmIO5EqT4tawY4D,Account
0REUQm7fw5jFK3LGME,Accepted,Accepted,2021-06-22T21:58:14Z,1,0,00U8DI119DlfI2LU5O,00Q5wJE80tMfgUd2JE,Lead
0REk6oM2rm1mXNqOM6,New,No response,2024-06-08T11:12:44Z,1,0,00U9QlvxWunDE0ZEQB,005W8vdEbVdzOCdA62,User
0RE08XFfeOnTXAxO90,Maybe,Tentative,2023-10-05T20:20:37Z,1,0,00ULEiKRPheVXs4UZW,,
0RE14vA7CHJAxWQWTO,New,No response,2022-06-22T20:54:50Z,1,0,00UfNSBqAbOKog8UBQ,005lhMYUKPuvXDoIO8,User
0REtBl3qgwGaKXP4FA,New,No response,2022-10-07T06:37:19Z,1,0,00UtiflJhi4BexyELZ,005ZSIqbJ44gxISAD6,User
0RE48PeCeaMAQrtW1Z,Maybe,Tentative,2021-01-07T07:21:23Z,1,0,00UiHLt6C08SkdNU93,003zCKLKBY2WayZIVA,Contact
0REkzee5mNvOffk4UN,New,No response,2024-04-29T22:49:19Z,1,0,00UNkyUaUSMycJ2E9O,00QZiD4xgPU5NJFEJQ,Lead
0REj1LIo7HioWA8GL1,Maybe,Tentative,2023-04-06T14:15:37Z,1,0,00UAFigUHHlznGuUKU,003Hft4JMPdcICEALJ,Contact
0RExXER1E1EsmauOCL,Declined,Declined,2025-01-08T10:06:42Z,1,0,00U006jc1bWsLA7UMJ,003Tq49jYGnYlYbYDW,Contact
0REbbgDQEZS1VhoWRP,Accepted,Accepted,2023-10-02T00:12:05Z,1,0,00Ue4tgqHKBOhU2MO7,00376YCBgwVOAc2I8M,Contact
0REhJZVZy5p1IzYWNN,Declined,Declined,2026-04-23T18:11:29Z,1,0,00U49h4WQ7i7ImHEOG,,
0RElj2eQe4A6s1yWNB,New,No response,2024-02-15T01:24:16Z,1,0,00UrTBoDsqm3k8m2HU,003IRksS65HO8wmQ1A,Contact
0RESOVGdfinhn304GN,New,No response,2021-08-14T22:32:36Z,1,0,00Uw65uqYhn56EqEOE,,
0RE0FCVxYwzBDkUGWG,New,No response,2024-12-11T12:41:52Z,1,0,00UmWgnHhO5nm9RMOU,003qLZ2TMkz0uaGAT1,Contact
0REAq6XDG6bmSRKWTR,Maybe,Tentative,2026-05-12T08:07:20Z,1,0,00UNSzbvG1K2HtsE1O,003f4ot3tLycXfwQM5,Contact
0REW5sG2xv7bPWEWCL,Accepted,Accepted,2024-06-08T20:24:24Z,1,0,00UFofwfFBxJhQ22Q2,003mUajdwv6lK8jIWY,Contact
0RE2SseqgdXEYDIODX,Accepted,Accepted,2021-05-26T04:33:12Z,1,0,00UxfieQoBaQXkaEH5,00QZvqYzNfcxk34MUW,Lead
0RE31BpszlYHz9EWC0,Declined,Declined,2024-08-06T21:54:37Z,1,0,00UPCurw5JKXhGL258,003Y8RksK1iCHfGQ48,Contact
0RElf3m3bNQKob4WKH,Declined,Declined,2025-10-23T06:44:33Z,1,0,00UrsstPIqU6ZdZ2IL,00QemQqHqyukupsM2U,Lead
0RE6Ip8f3pVulaJWBN,Maybe,Tentative,2024-01-25T23:23:26Z,1,0,00U8xPZtGz692d52X4,,
0REpmqNQxQhnkqtWKO,Accepted,Accepted,2025-04-05T18:12:07Z,1,0,00UgqLlnWYwAQCHEJO,003sgR2q9AxKS7HYS0,Contact
0RENdqPvTYwmHy2G6R,New,No response,2022-08-08T04:40:10Z,1,0,00U0Sm8P4hFXAeSEA1,0058ltZKG17vpJbQJK,User
0REYumy0CTibzGG4R1,Maybe,Tentative,2024-01-21T19:44:52Z,1,0,00UC1ClR67h4vf0MM2,003QeNMjcAOpLehYGJ,Contact
0RElbAclzkZEdj4G1D,Declined,Declined,2024-07-07T00:42:20Z,1,0,00Um5cQexTFfeJQMRI,003iACK7CJakxp7YNX,Contact
0RERW1tf1d4Ts2DOMV,Declined,Declined,2026-02-01T16:21:15Z,1,0,00UnEVZLqoYYQUhU05,00QIc1kLwqFpGoI0GU,Lead
0REqaHPxKG1Cf8f4QJ,Declined,Declined,2024-12-08T21:49:46Z,1,0,00UZu6cihDnP8QkUB4,,
0RE2KkeDTceSmkwOT9,New,No response,2021-12-13T04:35:36Z,1,0,00UBj5sB9zcyyjz29C,003XyMpRNkbfCV9IA3,Contact
0REHGluVha9TcrbWOG,Maybe,Tentative,2022-06-15T21:34:44Z,1,0,00UFqFuxgniP2IYUU8,00382xhNJYN60LTLM1,Lead
0REyhX3lYgxiLta47K,New,No response,2023-09-16T00:24:32Z,1,0,00UPpdLLSyGE4fK2WU,003nS90mp63emBUYK4,Contact
0REtOtkV3fnbKTxOMG,New,No response,2024-11-17T22:22:26Z,1,0,00UOOzTivuYQRcHUD8,001yQSD3rwvt3ZBAV9,Account
0REaCO3Y8MonB1JWF7,Maybe,Tentative,2023-07-05T18:16:29Z,1,0,00UU0uT0dAvM8a9M57,001hgdJHI7bDrNzIKJ,Account
0REwy3VFU8GGCwPGEQ,Maybe,Tentative,2024-08-11T20:54:43Z,1,0,00UrL50c5mWmGUMU1A,003eq87fLqVZtodA76,Contact
0REVKXwba5CstYGGEH,Maybe,Tentative,2025-03-24T22:21:18Z,1,0,00UZJHRb5Y1SqeI2TI,003HluMIyIiWLdZXR0,Lead
0REuGuGfqX8oL9aWC7,Declined,Declined,2024-05-02T23:39:12Z,1,0,00URHGiz9NojhryU3T,005YLX0oRwAflvAQZO,User
0RE5umg6FlKU3ZtWRA,Accepted,Accepted,2021-01-22T15:51:07Z,1,0,00UIX8snyKjibXLMZK,003Gql7cL20isNIQSH,Contact
0REfQpUpdThiu6qOOM,Declined,Declined,2024-06-24T02:11:58Z,1,0,00UvAFMZZOSxJRfEKL,00QCAGBJJYOknKcUS7,Lead
0REuGjMPx6QESY7WP3,Accepted,Accepted,2022-06-22T01:16:25Z,1,0,00UeKi91Wgz1OC1MFK,,
0REnWe9cmOaJUQfO4R,New,No response,2023-11-24T13:17:19Z,1,0,00U2jyAZKitn8CvE7X,003fJVkLHH5nEXLAJL,Contact
0REs0yTH8bnoVqT4J3,Accepted,Accepted,2026-01-06T10:14:06Z,1,0,00UcaIQlDBip2bZUG5,0038kykNNnHKw2jIAK,Contact
0RERJuwugjIZbAX4F8,Accepted,Accepted,2023-08-14T20:10:06Z,1,0,00Uv0qw9NnG1UZzMLA,00QG1AVWtmZextUB58,Lead
0REUkR6j7epYPLKG9Q,Maybe,Tentative,2023-07-13T01:46:50Z,1,0,00UORbyEOXSMeIyMI4,00Qp9gQZUEnnBpHUMG,Lead
0REUKujRtO92jBWORI,New,No response,2024-06-18T16:01:15Z,1,0,00UhLbjYqpA67HQ2SA,001FifSg7G2gzZrY2M,Account
0RE6lh0SqQq6il3W1P,Accepted,Accepted,2023-11-21T13:07:39Z,1,0,00UJbcStzCivVe1EZQ,0032GuwJY0C8YovE29,Lead
0RE6xy5UkmwmI5oWA1,Declined,Declined,2022-07-10T20:47:10Z,1,0,00URdFcgOJd9MaFMY9,003XbH1YbwlcchBYEO,Contact
0RE6WrQAjohnxvOWM1,Declined,Declined,2021-12-24T23:11:26Z,1,0,00Uo9V4QJgAkmLpUUX,003kuYbSILmanGGQWO,Contact
0REmyNVDCiwTwSz4HT,Accepted,Accepted,2024-01-06T06:58:48Z,1,0,00UJ9q0Cm5hMFv9MAH,00Qcj5fKiGJz6pfMQO,Lead
0REemdnIjSkruDiWY0,Maybe,Tentative,2024-08-05T01:57:45Z,1,0,00Ukn3pTVsEQLZ32LD,003xKpYjRI45OxiI97,Contact
0REe9pVHHfTSCJlWN7,Accepted,Accepted,2022-10-27T11:02:33Z,1,0,00U9p7DB212QGbiULC,003euzwExYsJTIpY9B,Contact
0RE2EjRyC01bO4AO1N,Declined,Declined,2021-05-20T01:56:37Z,1,0,00UaGxwL1gQZOQUUS8,003A5vqtN4Vl7EPIM5,Contact
0RE6gH9Dj8YG6YaW39,Accepted,Accepted,2023-04-20T16:21:34Z,1,0,00UloN1bzmyLH6vU61,003hqbH6MOp2WJZYXE,Contact
0REibnOm9PLAL0kG6H,New,No response,2021-04-18T02:24:55Z,1,0,00UjyrCLIe6H0ys2RU,,
0REXWu9MZj6Bw9H45R,New,No response,2021-04-02T00:37:06Z,1,0,00U6fj8LiKHFRdHU7S,005mKVeNm7pzbbYYYT,User
0REQVtmQ4I8Ut2e4YD,Accepted,Accepted,2021-03-29T16:23:10Z,1,0,00U3cOa7O9ojbLl2MB,,
0REIaANN0bMDXsJWAJ,Accepted,Accepted,2022-03-26T08:57:01Z,1,0,00U5xNDS7EsTal8E3E,0035IrgAwJT31zLYVY,Contact
0REgZXGY2fv2bx74VI,New,No response,2024-05-28T12:37:55Z,1,0,00UAnHyQtlUgbT1MAY,,
0RE7S9bwA75BY2OO0Y,New,No response,2022-04-18T22:16:42Z,1,0,00UabNN514OmGIgUVO,003HBITmsdDovLfYDZ,Contact
0REl4acKR7TNEXk4FR,Maybe,Tentative,2025-11-19T23:23:03Z,1,0,00UORbyEOXSMeIyMI4,005W8vdEbVdzOCdA62,User
0REh7Digg8ZZhTLGNF,Maybe,Tentative,2021-05-06T12:30:25Z,1,0,00UiYW5VoDO9HgE27V,,
0REaOSlK4Y8SwYKOQ0,Maybe,Tentative,2021-08-29T03:29:47Z,1,0,00U2HElGQUB5l81MQJ,005gMY3fFnSvHOzQLX,User
0REY3UD81tl1BIv411,New,No response,2021-07-08T04:16:55Z,1,0,00UZGq9fbWRjVtEEWI,005xk2KsXa5Ub6fA8M,User
0REdmVdMExDqyIkW4R,New,No response,2026-06-13T10:09:43Z,1,0,00U4YMXNFg1UbDnE5W,001OphrQTgtGmAPIMC,Account
0REuXyaJsza279qOR7,Declined,Declined,2024-11-14T19:40:34Z,1,0,00U54dVV0e2w9YTU73,001rZKhxAH83TVvA97,Account
0RE9mEgkvOmjvls42R,Declined,Declined,2021-10-20T02:19:01Z,1,0,00UdwpDQm4q84lYEEJ,00QTSC3ABwV8f8GU57,Lead
0REIRQo7AL9XZ6mOG8,Maybe,Tentative,2026-06-13T07:31:18Z,1,0,00UYuwhoppEfMCuUWI,0051j8xdsf40yysQI6,User
0RELixnNJnKq48xWCE,Maybe,Tentative,2025-01-05T14:23:34Z,1,0,00UWqLnPLUSFw2wMZE,001DvFcs2OCjLNHAFJ,Account
0REMQj8IS58xE1eW83,Declined,Declined,2023-12-25T23:44:39Z,1,0,00Ut1ANkXovEfw2MOB,003D3vomlJS5FcPAGE,Contact
0REhOXFnBJnvCzDWHE,New,No response,2026-02-13T15:04:01Z,1,0,00UBiB0xqpUAGcUMMK,,
0RET4GroaUhRiW44Y2,Declined,Declined,2021-09-12T04:02:18Z,1,0,00UZ2lTja21UPnt2A6,003s1JrQYNqPqGT0H4,Lead
0RE8Bt8xsOmt3ERG30,Declined,Declined,2026-05-21T14:36:24Z,1,0,00U9VmkgQuk69zdUQP,00QTMeVLjkN5y9JML2,Lead
0REx1O97W6lXm3b4X0,Maybe,Tentative,2021-05-05T11:36:39Z,1,0,00UrjxCbHyonYphMV6,0039cNQbl70skPvATU,Contact
0REKh3HaKk9qYw0OB1,New,No response,2023-09-05T02:41:20Z,1,0,00UATvng1c8XbmQMER,,
0REzHCvCEyAC71l4R7,New,No response,2026-02-26T18:24:10Z,1,0,00UuGVqFzylmF3WM77,,
0REFAumphZbUz1SGNN,Accepted,Accepted,2021-10-11T15:55:30Z,1,0,00UvHdk7OLRpfJjECA,001qb5RFrl2MvvDIYA,Account
0REclaw6lNPUFlpG0Y,New,No response,2024-06-05T18:33:04Z,1,0,00U2YNbVEssZ3ZgMYG,005jW0WkCs1awbUYLA,User
0REWdklHqsJP0JMWE8,New,No response,2024-02-03T00:21:52Z,1,0,00UxvJbgw9Ico1vUG0,003NoFKJ7oGwsLIA00,Contact
0REzVJr5kCfwmbuW21,New,No response,2022-03-15T06:21:06Z,1,0,00Ubxolz6tFDysBEKH,003RrRSggJEjfUiQAM,Contact
0REg8TDEiaNfAEJ42R,Declined,Declined,2026-04-19T05:28:57Z,1,0,00UnMjDqzpJ2URYU1M,003TIIddCkriJd9EI3,Lead
0RErczLC581X7pXWS9,Accepted,Accepted,2024-09-21T19:01:45Z,1,0,00UoTxi39BZ94CvE4R,,
0RE6J8nOmGj0YnR4GI,Declined,Declined,2023-05-08T11:45:09Z,1,0,00U5u6KTdncrvhdM6E,005dxKTxH6gxu99IEO,User
0REQV0mq7HmNBkKWQ3,New,No response,2026-05-07T03:10:23Z,1,0,00UZt4pCnyFnicuEFH,0010APGD8asQ2PkIS9,Account
0REDKLEI5IPVCbnOJ6,Accepted,Accepted,2024-08-16T06:47:05Z,1,0,00UpNzNgiO8SOowEIK,0036f1HRQb2n0VlQB5,Contact
0REgKr2HDHg4Ifc4FT,New,No response,2022-02-26T10:07:42Z,1,0,00UYdH3AHOXo3uzMBE,001PuTTthcGKMiPQUX,Account
0RExCSzIYpDCi81WPZ,Maybe,Tentative,2021-04-11T19:00:35Z,1,0,00UAASVqQta0Ck1EGN,,
0RE6SwzgptFcVNeG7L,Declined,Declined,2023-06-09T01:38:16Z,1,0,00UPvop9GDv9Mqg2HH,00QpYyW2tJFk1dk2RA,Lead
0REm6vxYsEBHkcqGHL,Maybe,Tentative,2023-11-24T11:35:39Z,1,0,00Ud7tv3OCspyvxEO5,00QDonB7FyGZmEHMX1,Lead
0REXJlkxdJDiPPsGW4,Maybe,Tentative,2023-09-16T14:44:55Z,1,0,00UzGPLH2Y5LQJsUU5,003aOYRJR4o2kcUANS,Contact
0RESbRk6jfUTRkc43U,Maybe,Tentative,2021-11-24T00:57:22Z,1,0,00UNjWFV83KC2P4MV1,00QODmhP1PzKevJEUI,Lead
0REvvXIFm4pxwmyOY2,Accepted,Accepted,2023-11-30T05:38:03Z,1,0,00UzkoDyVy4GCvoM8T,003qf4McL0zrGCBQZ8,Contact
0REaLvR8TnTdqWkOQX,Declined,Declined,2023-11-18T05:11:50Z,1,0,00UGn6wdiJy1UN7ERZ,005dxKTxH6gxu99IEO,User
0REZodeNwl0wMemWGJ,Declined,Declined,2023-08-01T04:41:58Z,1,0,00UGHxa0wwOsj8LM08,005LSah1u1GnYGbYOG,User
0REK4dcV5FvOa1IG7U,Maybe,Tentative,2025-04-21T08:13:10Z,1,0,00UuDNCEmsgjnzwMSB,003zNc6gtnWv8F6AD8,Contact
0RE5VfCQjMeWzGdO3J,Declined,Declined,2025-12-23T13:19:11Z,1,0,00UjHUCt8f6JL5zUR5,00324SkSh22hkotYEY,Contact
0REqrAxJp6ihmEGOEH,New,No response,2024-08-25T06:44:35Z,1,0,00U3NsO6hUiwbSmE2I,00QiX2Iaf6uBnG12O8,Lead
0REuqZht18zmfi0W8Z,Declined,Declined,2025-03-02T03:18:12Z,1,0,00UzPqrgjrLPsydED8,001PygtS3FHgKj8Q8G,Account
0RECcCm72UWtVqKWD6,Maybe,Tentative,2026-01-18T15:48:19Z,1,0,00U37x2Ncgw9xLKMPY,0039NbehctfaYP7A9N,Contact
0RE7SXUV8VY5qAXGQU,Accepted,Accepted,2024-07-31T09:26:09Z,1,0,00UnLWISMxIhE5hMVJ,003Oezkqulk6ewjQIA,Contact
0RE96Mw3vZHFoAj474,Accepted,Accepted,2021-03-31T21:43:00Z,1,0,00UGpKGQPsJ62XB26G,001IZMzpc9F1Z8oAA7,Account
0REBcaGLlmhCjISOYB,Accepted,Accepted,2023-04-16T01:24:26Z,1,0,00UglL14feB2FELUUU,003RB5wkShZQjILYK9,Contact
0REEgUO3E2bUiCP40G,Accepted,Accepted,2023-03-18T15:18:44Z,1,0,00UN9nNrDDCok7YU0B,005jW0WkCs1awbUYLA,User
0REEIGEjazJmb6lW15,Accepted,Accepted,2025-09-13T23:56:45Z,1,0,00UhnTYw3vUY1cgEY1,003Ibhbg2TpDVscHOT,Lead
0REONEGWEBXWFTeOWH,Maybe,Tentative,2021-11-26T17:52:33Z,1,0,00UduH2MCvXXGyT2N4,00QrJBOdxJxF0lsCEN,Lead
0REv9ZBF76DDQfT4VN,Declined,Declined,2026-06-21T17:16:14Z,1,0,00UXSTBibDT5LGdM52,003mmgdgzVnG7x9ING,Contact
0REmTLp1QDfuPnR4ZM,Accepted,Accepted,2025-07-14T02:23:03Z,1,0,00UbTR2g0dp0bPpU90,,
0RELnjH8EKn066O4RB,New,No response,2026-03-03T18:31:38Z,1,0,00U289yflrEFjHo2YI,005gMY3fFnSvHOzQLX,User
0REjCG4KaHeEWBwWC7,Accepted,Accepted,2025-03-10T16:35:35Z,1,0,00UDd45a4pnT0Ke20H,0030O6AOuLKmcGDQ02,Contact
0REPrhRyxEvSTZIOZG,New,No response,2023-03-22T02:52:45Z,1,0,00UWHJQ4qQ3CkDe25S,0033QS3LikQqXBuIUW,Contact
0REVz66YboHwEVY4HR,Accepted,Accepted,2024-05-14T05:46:35Z,1,0,00UUqf6ZZ7uVn3SUNA,001MVhM44DqZNFnI35,Account
0REGqzEuAXyPoRZ4PQ,Declined,Declined,2024-06-15T21:25:49Z,1,0,00Ug5MZatemoMRKEIN,003IVW7t4JubGXDYGE,Contact
0RExzy0sZAy8zuWG3U,Maybe,Tentative,2024-11-30T08:15:36Z,1,0,00UKQuuudypIhpIUZ8,003Z9T6FmQw8X0gQT4,Contact
0RERGGlwNNM3gGz4NB,Maybe,Tentative,2021-01-01T14:39:08Z,1,0,00U9P5Ep1iuxYZ2228,001Ivgehi2RhpxmIXK,Account
0REyjAUTu9g4DGqW27,Accepted,Accepted,2021-08-07T21:49:24Z,1,0,00UpCRy1o3YvuBpE2M,005QCiUGxJnyyOsY12,User
0REtsZa7YesPV3jOEX,Maybe,Tentative,2022-08-27T08:55:52Z,1,0,00URtvlazACwn1UEO2,003IoCtpdAf1sHyQPE,Contact
0REYcjhe1OarpON4AE,New,No response,2021-11-28T07:22:40Z,1,0,00UIaZzmTR5dCG7M6D,003DxTzriaBcycZQE2,Contact
0RE2QB4Fpo0a33NWRW,New,No response,2024-12-05T22:45:50Z,1,0,00UVS2uNoQ8NFU5MO4,00Q7wPdPSVqkLv5U1W,Lead
0RERleaubP6wb8s4PH,Declined,Declined,2024-07-03T03:25:26Z,1,0,00UTYSQQHqUZVX5M3G,005RHpTOWiLP3HTIID,User
0REtkdUVfBASTJSONJ,Maybe,Tentative,2025-05-27T11:32:14Z,1,0,00UwpMjRfQTQ2aU220,003Xe5rt4wZIpq2YTG,Contact
0REILgcYhvJIyzE4H3,Accepted,Accepted,2022-03-25T08:47:20Z,1,0,00Up65Cekw6JtDwEH5,0033nvPqIBVsUj3Q2V,Contact
0REYYgPnXvRusxJ4KW,New,No response,2024-02-15T17:58:18Z,1,0,00U7pV65WMd52MRUVM,003pW8uDxULlS0bYO2,Contact
0REnkBvIqg6tQEeWKA,New,No response,2025-06-14T07:44:48Z,1,0,00UfCQ92wCxHV5uMOH,,
0REzEWq6qJTEGf1WAT,Declined,Declined,2025-08-30T00:46:58Z,1,0,00UOB4E8AaAo06BEH3,003pDMezXbwJtrSY8M,Contact
0REHHhEMzhggqxlG16,Maybe,Tentative,2024-09-22T08:44:33Z,1,0,00UhUKmzpZbJzy1E3S,005sAEUaULAzZRzQYB,User
0REZRPjV9njUOD14RB,New,No response,2021-06-19T01:44:52Z,1,0,00UMh1HdyxkgtI0EBX,001OyqT9LtQtE0fYGU,Account
0REICqd9cHLU8kaWK8,New,No response,2025-04-25T16:10:51Z,1,0,00UW1dao7sDTNQYMO7,00QMth9zNj0wZd68HW,Lead
0REK4DSSq9MqIH7G17,Accepted,Accepted,2021-01-15T17:30:57Z,1,0,00Uh2kGad2yOWhzUMK,003Wi80dxTCsfYLI77,Contact
0RE8InB16CwvBvCOD1,Maybe,Tentative,2021-05-30T06:02:56Z,1,0,00Un5qrsQZIN1CyM6W,001HUzAEaUc4liGY2K,Account
0RExxMVfc1tGbeGGJD,Maybe,Tentative,2026-03-14T13:32:39Z,1,0,00UdmA5S3ffUfE0E76,00QDViSXBRkgKuJGKC,Lead
0REtzW5CPFVvhOBWDM,Maybe,Tentative,2023-04-02T19:09:25Z,1,0,00Ur114IPxS15HkUKE,,
0REjzyt0Janqh3aWUW,Declined,Declined,2021-11-09T06:21:36Z,1,0,00UCGX2z4l3j6jKMO2,0032S7prrnFKYtRQH3,Contact
0REr004tFvmwEfhG4U,Declined,Declined,2025-07-28T06:11:36Z,1,0,00U3YTZWILOkorfUUP,,
0REPOrmdJAQvx6hGKF,Maybe,Tentative,2024-05-30T05:59:11Z,1,0,00U61XewI3WqPqFEPM,003VtHtQNFfQs5iQNM,Contact
0RECSqLv2MRrpFt49J,New,No response,2026-05-08T05:28:41Z,1,0,00UKySiSoUPCyMl2AT,00QiWgXhIITlTax2UG,Lead
0REtzAXoTtLfSmXWJC,New,No response,2024-04-18T07:23:49Z,1,0,00UGeXVJKeD6vRfUHE,003pcEmGuYt84v7YMG,Contact
0REc9okI9BfIo0iWMJ,Accepted,Accepted,2025-08-13T06:43:34Z,1,0,00UBg8IGOXNX4wpUMG,0031WKDQQmUL5UJAK8,Contact
0REMTX6dBcMaD3pGKH,Maybe,Tentative,2023-10-10T17:23:27Z,1,0,00UiuLOificf9qHMBG,0011Ah4A4sWSLAjA4O,Account
0REtG4QPPM7Bv3lWWZ,Maybe,Tentative,2025-11-02T02:34:40Z,1,0,00U4rfKJjqUbQlx20T,001BH0vNAlwEWFXALI,Account
0REPH92FvYzc1yQO6Z,Accepted,Accepted,2026-06-21T13:34:08Z,1,0,00Uho7cXn0sZS2ZMTK,,
0REwnOzrpYqmXa7GYV,Declined,Declined,2022-12-11T20:58:17Z,1,0,00Uui3v3y7BW1snELK,003uHXEGxdBdOxnQGN,Contact
0REUejos1YwZbyUOXJ,New,No response,2021-10-25T15:53:14Z,1,0,00UUmzG4m84yYCgEIW,003S8nQsC9va6ppY6P,Contact
0REFzmTUqfAP2g4GQJ,Declined,Declined,2026-06-07T15:09:03Z,1,0,00U38WriRgHBhdOU3Y,003A5xFu6Tp1zzlIZE,Contact
0REZOircniRZo3JW7Y,Declined,Declined,2025-03-27T15:51:57Z,1,0,00UW9icfDd20XpoU3T,0039D7aXvRQGJqiITC,Contact
0RE3FV3XC34xjnBOML,Maybe,Tentative,2025-11-23T22:09:45Z,1,0,00Ub7rTM6FPkUd7MAZ,003vzIhgcdGo6WyA8L,Contact
0REaoKk2RLi6H4zO0Y,Maybe,Tentative,2022-04-25T04:58:25Z,1,0,00UuDNCEmsgjnzwMSB,,
0RE18PMV4HS4s5n4DG,Maybe,Tentative,2023-07-20T04:59:12Z,1,0,00U31YTLnbY8fN9EIP,001I5KBo2Mtskg9I6K,Account
0REIO6u4bQZTlW24M6,Accepted,Accepted,2025-05-07T11:21:41Z,1,0,00Uk6LmM0Ths4YdEKK,,
0REZMAhIKB4xOh54GV,Maybe,Tentative,2024-02-20T16:14:17Z,1,0,00UW091Z3i535dzEAH,003966clXwIsEfbYTS,Contact
0REhAdf0HSfFYBLG2Y,Accepted,Accepted,2021-02-12T07:56:55Z,1,0,00UVSmjvnHLH9mMMDX,003hcRo1zSO0VqJA87,Contact
0REQ687pftbqK6nW2L,Maybe,Tentative,2025-02-22T16:47:07Z,1,0,00UNFWTtRI52Ysu2QI,,
0REHPNpNUJXguusGVE,Declined,Declined,2024-01-30T00:40:02Z,1,0,00USL4CysovfB9pURO,005Nr8mKUnQ3oinATY,User
0REa715TqwJEiOFOF0,Declined,Declined,2024-10-29T13:24:24Z,1,0,00URRP65z9GpMhc2RB,005YbujEVi8pPHuINT,User
0REUfwDqTxULUgTG91,Maybe,Tentative,2022-02-03T09:23:47Z,1,0,00UzXsEwiFHpESvEH7,003wPWh5IPvXbdQADI,Contact
0RECKRVbN9cD4n7GZ3,Maybe,Tentative,2023-01-01T04:00:39Z,1,0,00U8cblkbyW49oXEBA,00QdXJBWJT5cbdbMH1,Lead
0REcdWJYKIfSdEuGAS,New,No response,2025-10-30T19:40:49Z,1,0,00UXU8qq9vPqP2dMLH,003GOul1uSeAdI6IQH,Contact
0REbF8fgUpZLrKuGPH,New,No response,2022-02-28T00:27:55Z,1,0,00UXOAuMByXWGVYENR,005dxKTxH6gxu99IEO,User
0REGaiVdhSl48zd4N3,Maybe,Tentative,2024-08-11T08:54:17Z,1,0,00UAzNYUkfLE8RcEF9,,
0REWVF0XqIfPKUhWYI,New,No response,2023-10-31T23:27:27Z,1,0,00UIX8snyKjibXLMZK,,
0REUlhiKvkTXHCbGCU,Accepted,Accepted,2023-12-05T11:35:23Z,1,0,00UpP0LEwhgXY2J22G,00QWslzPKx2eiu82E5,Lead
0REHV3bDwGbwGq8G1X,Maybe,Tentative,2023-07-17T02:16:43Z,1,0,00U37x2Ncgw9xLKMPY,005mKVeNm7pzbbYYYT,User
0REDZvaOuBtfOuIGPL,Maybe,Tentative,2022-11-08T02:29:45Z,1,0,00UTMq2FZBNbQYg2LW,00Qbr3sYb5OyG2PAW5,Lead
0REJ6UvJHaxA4hKG3A,Declined,Declined,2022-05-02T18:46:01Z,1,0,00UEIe9y5eF9U6mMPJ,001uKtjv3QWz3nDQSN,Account
0REbYz4cQn3pmBHOD3,New,No response,2024-03-22T20:59:38Z,1,0,00Uuhw299mz4BkIMQ4,0032hDmPJusspmVYKP,Contact
0RE0M042Niw9dDgO5M,Declined,Declined,2022-02-22T19:09:49Z,1,0,00UtiflJhi4BexyELZ,,
0RERG1Zdgv9502WOUK,Declined,Declined,2022-10-31T04:48:33Z,1,0,00UaG617OqqExstUIS,00QwnrnlLRUdskd2ZH,Lead
0REaE42DiH84pwUOBM,Declined,Declined,2024-02-09T17:08:47Z,1,0,00UGgXmwnuYLELpEZR,005VOHFbnLYK0gIIP7,User
0REcVdcV370H0tJ4KR,Accepted,Accepted,2024-04-11T12:19:28Z,1,0,00UNwYOcPd5lcR9M81,005Vo9gpxbtHjOOIMV,User
0REa3vlzpMozmRG4HF,Accepted,Accepted,2022-08-19T04:33:20Z,1,0,00UZOkl9HoZyXCs2RC,003rtUMibap5lyBYSD,Contact
0REGtWl7v2KfjGwGBP,New,No response,2025-01-06T08:46:23Z,1,0,00UO9XBRp22ABkhUR5,0055EGfQDBgoAh8IFH,User
0REHLaRlR7mcvNb4QB,Accepted,Accepted,2023-11-16T10:09:51Z,1,0,00USUq8uDl9CIrLUPN,00Q112VMEvKfkmQU8V,Lead
0REVtnqpCaKWYBOGAJ,Accepted,Accepted,2023-02-01T03:28:24Z,1,0,00U1gAvEDTWNFz72FI,005yqybzTtVK8u6IOR,User
0REK2T16WKLdgRZWMD,Maybe,Tentative,2026-06-30T06:22:39Z,1,0,00UBubiWVBTyaI4ELK,005WXEV2UTDr9cIYIW,User
0REZSDHaNeiAw65WFN,New,No response,2026-06-04T01:23:12Z,1,0,00UGkY6EAGxNXFlUKI,00Qc7vTwmwyT2TM23U,Lead
0REKgopbiLMY9Ct4XL,New,No response,2025-10-22T01:13:09Z,1,0,00UXZmiJ0dUOKO4M6K,003OTMP0M0wQz2IYJ7,Contact
0REGTcn7mb4B8TE436,Accepted,Accepted,2024-10-14T03:15:54Z,1,0,00UHNgIAeFIOvXT22P,001SWxfQDjRDHu17R5,Lead
0RELFZul7Wcx7ai4X8,Accepted,Accepted,2022-04-26T17:31:39Z,1,0,00Ua4ywS2kG1x5qER8,003ACcgNQk1gIu3YOT,Contact
0RECvsjLztw078F4UN,New,No response,2021-05-21T15:50:43Z,1,0,00UU9r0QcojWjSAEW4,00QLEUiuDmSr4eD9PJ,Lead
0RE57Y23lcpMAb3447,Declined,Declined,2023-05-24T11:01:24Z,1,0,00Ujkeiqe3GDSRX2MZ,005lGkJeYS6wczpY2Q,User
0REqBT5KbFqC2II4B5,Declined,Declined,2021-04-13T02:42:20Z,1,0,00UfZG9QJ4LlynW2TV,003OIgHSksq2tYtQRO,Contact
0REzr2lnmYftOGSGNK,Maybe,Tentative,2023-03-28T22:00:48Z,1,0,00UU9r0QcojWjSAEW4,,
0REQG1NCVQRhLEiO99,New,No response,2022-12-26T17:04:32Z,1,0,00UBBeeS5uFQNLUM2X,003UB3aQqslZcKsQCF,Contact
0REhpz17U72rWd0GHA,Declined,Declined,2021-12-30T20:25:31Z,1,0,00Upd0DAycah6392CO,00QUjVseiiqxrtFUFA,Lead
0RE9WDAEJdCYdBg4W2,Declined,Declined,2021-04-27T02:19:23Z,1,0,00UJnZjn7QjN9BI2B3,0058ltZKG17vpJbQJK,User
0REosmuy2v1IWVWW1Q,Maybe,Tentative,2022-06-03T23:26:21Z,1,0,00U4muyJjJB54JSEG6,005hp0uS7WWG0emI9I,User
0REEGZ7tIA1XDLZO7F,Declined,Declined,2023-05-12T04:16:23Z,1,0,00UlhrVbi0BotSKUF1,001K8KFXGzOosWAASK,Account
0REyDLg199lebtoWYQ,Accepted,Accepted,2023-09-05T14:22:27Z,1,0,00UZLjxpLNw5VKn2DM,003nGkRyMWyM2SMA66,Contact
0REA1RZyaK5yGSLOZG,Accepted,Accepted,2025-06-19T18:29:30Z,1,0,00U9HXupUgT0bHjU8P,003RQmxBmgXrTwhQ30,Contact
0RELZNjNKsVWL9fGIX,Accepted,Accepted,2025-12-21T01:42:43Z,1,0,00U9D0Bls7jkDfY2NN,001b6YbqymKD3ZDA0A,Account
0RES05jwUCHGApA4F5,Declined,Declined,2023-04-27T05:31:33Z,1,0,00UrAt2yQzZ9O9523B,0057pBBoeyfvmpBIQ5,User
0REWzCkWIBNuras45F,Accepted,Accepted,2022-03-07T19:30:27Z,1,0,00UzglHciLwkvT72IV,003MuGPnDYbVNeZY97,Contact
0RE0lcRU0lqLPP7OTP,New,No response,2021-11-27T09:53:11Z,1,0,00UPfySoWmjrLdlMR9,,
0REquMB0i2raJ9OGA9,Accepted,Accepted,2021-05-06T08:47:31Z,1,0,00UGdiSPPXzj5xJMNK,003QrRvnnVKkSS9Y72,Contact
0RECs02CTPe4ABR4NB,Declined,Declined,2024-02-04T21:31:35Z,1,0,00Ufjk8cgPchJahU2E,,
0RErHnhpQTF7uwOWDW,Maybe,Tentative,2023-06-04T06:36:51Z,1,0,00UyXioADcNKaDfM84,005BLrN0FAgafzHY2K,User
0RExPeoJTTxA47n4IC,Declined,Declined,2024-08-07T04:39:18Z,1,0,00U006jc1bWsLA7UMJ,003AP1ZR1msFdc2ANA,Contact
0REJV6PAeqkuskrGUT,Maybe,Tentative,2024-01-23T08:06:33Z,1,0,00U1DVL29P2WZc1U1S,003GdKhTzjSREBgY71,Contact
0RE6cAK4qNuMdRgGJZ,New,No response,2021-08-26T14:24:22Z,1,0,00Uc1v9K5sscnZk2B3,003LuzbfCV9oTQJYKS,Contact
0REO2FHqePsKe7IOK5,Accepted,Accepted,2026-01-28T09:44:35Z,1,0,00Usv2v6RqczL1bUPK,00Q3gHjfE4qNRIo2BE,Lead
0REceBlm5FyugVjWEQ,Maybe,Tentative,2022-02-25T18:21:43Z,1,0,00UD55nG0lbFfGF2QJ,00QLSnsoXVHtb8sUCC,Lead
0REvYMzNM7wt8LJ47V,New,No response,2026-06-01T23:57:17Z,1,0,00UCCFWxP5qkppoUNV,,
0REH250BzJ9UTlYO0Z,New,No response,2022-09-19T21:05:35Z,1,0,00UWqLnPLUSFw2wMZE,003qKzLKDHmOzrHA0E,Contact
0RE2Vq1VvF8zQpL47N,Maybe,Tentative,2023-12-22T11:31:28Z,1,0,00UUy5sRYYS9VnVUR0,003MCgz28DRwInQIK4,Contact
0RERsKXBPb7M0XsGC5,New,No response,2021-02-05T21:32:40Z,1,0,00UgNEvnL14P7FXE8N,001IqTHPQDIx3azQWL,Account
0REfDqwNwZuBNvH42P,Accepted,Accepted,2024-04-23T09:39:30Z,1,0,00UyQc1xqYO1xfUU49,003v5R0JIimNeViI1D,Contact
0RE1a30zGx8dwi4O2A,New,No response,2021-09-02T03:59:11Z,1,0,00U1gj76L7hu1VAEHD,003CYKyRRyyBLH5IV6,Contact
0REko54CYvxWGTr4NP,Declined,Declined,2021-09-08T18:59:37Z,1,0,00UPzxtdsDDJVeBMKZ,003f9w9hQtlxEGRQQM,Contact
0REvfslhwnoskP2OHL,Declined,Declined,2025-11-19T11:23:47Z,1,0,00Udbsvlc3sZ1s5MAR,003ShRsGpj163ooYM7,Contact
0REh1shf0xgogUUGYY,New,No response,2021-03-27T01:48:43Z,1,0,00UGK6Fz0K4ZVR3MGL,00QKnyfKkNTvuliMSE,Lead
0REWypmhbsy2OZX4VI,New,No response,2026-06-04T19:52:34Z,1,0,00U3PE6sygkd8JVU26,001OH94vlTF3MI8Y08,Account
0REvdiJ68Rbs1OtWXY,Maybe,Tentative,2022-02-08T09:03:52Z,1,0,00UUy5sRYYS9VnVUR0,0059cNiXLcpBkagI2J,User
0REHglLaY4hEPkCOMW,New,No response,2025-04-08T09:13:23Z,1,0,00UbHKkk5kS5Y002G4,0039IYcMkc2rU2rIBM,Contact
0REjJEfuyahojCkOJX,Declined,Declined,2022-09-29T14:50:35Z,1,0,00UkaORRCFGdaygEYB,,
0REfKhZomvc7ar7OFA,Declined,Declined,2021-06-02T04:12:54Z,1,0,00UAlgVQOFL4u9n2KF,00QV2c2pIpLLweVM9R,Lead
0REJw1HbTGmVwv3GMF,Accepted,Accepted,2025-11-03T03:38:44Z,1,0,00UphdiHDiIolyoUIN,0031Ubn5eHQFuLUQ0K,Contact
0REbUee1F3QQaNH4WW,New,No response,2022-11-28T13:26:28Z,1,0,00UOuPiQ5CWz6Qv2AX,003BoOeoxrfoYPPAFM,Contact
0RET5fSyYgTTVYBWK8,Maybe,Tentative,2021-12-22T17:01:21Z,1,0,00Ua7Ev6l5lFZoUEFW,003uPtNFo04zIUP0B2,Lead
0REYKqVZEQaBS5A4EB,Maybe,Tentative,2024-11-17T03:27:11Z,1,0,00UBj5sB9zcyyjz29C,003MaCiwke54RXLY0N,Contact
0REMJlx6mC1da4AWB7,New,No response,2024-06-05T03:50:19Z,1,0,00UCpMF3Tpcrt3fE44,0012Mm2CXMo3FSXAIK,Account
0REyDnWp00hc4ILWSS,New,No response,2025-10-11T19:17:02Z,1,0,00Uq3WwILAnmvne2D4,,
0REo8ogWE3ReUVgO3F,Declined,Declined,2024-06-09T12:23:04Z,1,0,00U96LJQ6vpNthiEMM,003Nte2NbHH78qtQ8Y,Contact
0REhsFB4bwHF0AZ45M,Maybe,Tentative,2025-01-06T04:46:57Z,1,0,00UDcb3j89dGeV9EFP,0033MLwhB5do4U0ITM,Contact
0REG1lkTU8lnJm4G92,Declined,Declined,2021-04-14T08:39:10Z,1,0,00UMVVAhZ4UtGNuUDA,003IVtxL9cpsBxAIBO,Contact
0REtCp3azTHxZgmG7H,Accepted,Accepted,2021-08-06T05:14:05Z,1,0,00UubL5o61gCreJ2TO,0038mpZAjyw0zY6APK,Contact
0REJpSN9ghAS3PWOR3,Maybe,Tentative,2021-12-25T19:36:00Z,1,0,00UHlSMkhyEKKHCUHO,003DBYBnS0XPsYIA7H,Contact
0REEVmmndpeSE2gWWX,Maybe,Tentative,2024-06-26T06:47:42Z,1,0,00U8TTOL07PqfqnES2,00QX0cucWRdsAtW2TI,Lead
0REFtQqlT3elHoiGZH,New,No response,2022-01-12T04:31:52Z,1,0,00UcvHnBvdffAEsEEJ,001X50Bqc5cThUtYIX,Account
0REhQnTcjnTmmcBOEU,Accepted,Accepted,2024-02-26T10:27:53Z,1,0,00Uvw8DlwjGsGaJ2VU,0038MGXa74agJHTAYC,Contact
0RE4MIrErN9RaCU4FF,Accepted,Accepted,2022-10-11T07:43:21Z,1,0,00UQzUEwEkW8oy325T,,
0REXw94RhbmquBBWUX,Accepted,Accepted,2023-07-31T16:29:00Z,1,0,00Ub4tkkq3cECYOE8I,003L9uAYQt0cAHyIUX,Contact
0RENEmHiX0lFkssO9V,Accepted,Accepted,2022-04-06T03:08:23Z,1,0,00U0WhScqpPkdUWME3,0033Nvtxx8lL6ByAJZ,Contact
0REXojPXQLtWfFPWSJ,Accepted,Accepted,2022-06-22T05:14:58Z,1,0,00UGypeC3BtRNdvMEJ,003NTU3T0Co8c3eQAN,Contact
0REMU3RqJfx1JKpO4E,Declined,Declined,2024-10-27T06:32:05Z,1,0,00Ur7gIAklw7PKAEHA,0032hTOJ5XIfStEAUG,Lead
0RELubug1TbvEpI4JM,Declined,Declined,2024-09-08T03:59:07Z,1,0,00U6DXMANbIjxVFMWP,003vXMzAaLeE4mo5W1,Lead
0REMqiUG6h4ywptWIR,New,No response,2023-05-06T01:42:20Z,1,0,00UaUHc8N7iCGQcEO9,003eg96PxMSDqO5Y7O,Contact
0REYcwpFDdE5duBON5,Maybe,Tentative,2024-12-25T14:46:40Z,1,0,00U0UqRQPeGv9JWE3D,0031Y6K7QqCYZANQHG,Contact
0REtDFDAbTpkSPs45X,Accepted,Accepted,2026-05-12T22:29:09Z,1,0,00UdM8viI0kqJTfESL,00QGhTb9MhbnXxNU1X,Lead
0REi19dwcohsrP247X,Maybe,Tentative,2021-03-05T03:07:42Z,1,0,00UpVV7DMoUho8yUDA,00QLFFMWpaLIki9U88,Lead
0REtsWpYH1iRBqzGBB,Accepted,Accepted,2021-12-05T08:10:48Z,1,0,00UvRVXS4vMpAUmE5R,005yqybzTtVK8u6IOR,User
0REiBrKrcN014gf4NS,New,No response,2025-05-14T22:30:52Z,1,0,00UyuGFc5HjWpxsEBI,,
0REWtfwUWGCPVjrG0G,New,No response,2021-03-14T22:51:01Z,1,0,00UlcF2trjyy38128A,003rXK1SzUZaKFUYFN,Contact
0RE9ouZCszexxvn494,Declined,Declined,2025-06-04T06:09:37Z,1,0,00UCFs20drXdD82E40,001wXq5LbckG7u9AEU,Account
0REnKbBjmRkq4j3WFP,New,No response,2023-01-20T17:56:48Z,1,0,00UM1NbYEvPXSViUGV,001LInXZfFVYqWIIEB,Account
0RENB6saQvPcCtIOP6,Accepted,Accepted,2023-09-20T04:21:32Z,1,0,00Uv1YphzXbKtze23C,00Q555GU05s8D8v2G9,Lead
0REVJehARgrNJQ9OVU,New,No response,2023-04-12T23:19:20Z,1,0,00U6Unja1tDp8UJ2OY,003PaYsXugG26EiIWS,Contact
0REtEljcPPLHRqy4WE,New,No response,2024-12-15T04:38:02Z,1,0,00UteNxLz8qC426MYS,0034TaI45K3dHDFQ7H,Contact
0REkD3Z7mYOcNonOQJ,New,No response,2021-04-29T07:28:25Z,1,0,00USDeIUAvTv5jj2E8,005VOHFbnLYK0gIIP7,User
0REIWwpOOOANapBGD0,Declined,Declined,2022-04-18T03:14:33Z,1,0,00UDKJ0n9X0JU0rMI7,005hTpAX3O60UK0AAJ,User
0RE1edw3AfeuADu48L,Declined,Declined,2021-02-18T13:34:05Z,1,0,00UrxfEvcmXkqrdENM,00QqvToqUXGHTTS21Y,Lead
0RE7lQnldnQkDtCO8U,Maybe,Tentative,2026-06-26T11:33:50Z,1,0,00UzglHciLwkvT72IV,003HeEfaFl1u5DGTPY,Lead
0REMp8M5wKULGdu4SU,Accepted,Accepted,2022-01-31T21:15:38Z,1,0,00UAtf1FwzXNCQo2ZC,,
0RErpqpOId1gc0245Z,New,No response,2022-02-05T09:08:16Z,1,0,00UNjWFV83KC2P4MV1,003ehyNoKXJL01LISB,Contact
0RE7DiFO1lg3iTIG9B,Maybe,Tentative,2023-01-09T21:22:16Z,1,0,00U0AsoOYgmhdNLEPI,00QlmUEA0F1m5WmESW,Lead
0RE4rb9nmPoWFXYGIY,Maybe,Tentative,2025-10-06T20:16:32Z,1,0,00UxTsA91kJD17PMQ5,0032VBuNKmD8rJ2QHH,Contact
0REcMIMSs5jeUd1W9J,New,No response,2023-09-09T08:52:18Z,1,0,00U2mPbQV0XxdoKMIX,005TAC8sEs34lXc8HW,Lead
0REQ1OfRB2J39F4GS5,Accepted,Accepted,2024-10-16T08:39:48Z,1,0,00UqADq072M1VIaE2I,003Lwk67BtSWKB4ICU,Contact
0REthhQNevxHXB84X6,Accepted,Accepted,2023-10-27T20:10:27Z,1,0,00UBjgrDuOLEH3n2O8,,
0REknXXu7i5tDLAWEA,New,No response,2026-05-21T12:10:13Z,1,0,00UBmZ3wVzNnolI2W4,005js6e0hZobxkq1RN,Lead
0REdAi6WDgQ6ZSCGT1,New,No response,2024-02-28T21:46:30Z,1,0,00U0fDGbN8qIeqrEQ4,0017R1i3b17QyDUAUX,Account
0REL2HYXcv3qXFIG1S,Accepted,Accepted,2023-09-25T15:42:40Z,1,0,00UpvfbSZjFup98E9L,00315CDrgQ5tpKSQ2J,Contact
0RE9AL9Ui09FsQt48E,New,No response,2026-02-12T18:23:41Z,1,0,00UyILqiZqQQlyMEQS,005pFLSqKe2EKv0Q0O,User
0REhU9vyZHzpsFk4A2,Accepted,Accepted,2024-05-17T06:32:59Z,1,0,00UjyxK7kfFE01A2QH,,
0REvTL7mRFGltRGOMT,Declined,Declined,2025-02-06T19:06:11Z,1,0,00U5xNDS7EsTal8E3E,00QNu70HA3p2TRlU5G,Lead
0REOnjqzpjTkKVvWM8,New,No response,2024-02-21T13:45:04Z,1,0,00Usv2Qlv8A3CwpEAX,003ZMBiyO8IXgHCQ3U,Contact
0REbzdNLrODMMptW6X,Accepted,Accepted,2021-11-16T13:18:22Z,1,0,00UHfdNr1qeYfoZ26E,001BjMFM5mN692fQ0D,Account
0REtX46uanEcdubW2R,Accepted,Accepted,2025-10-29T06:32:08Z,1,0,00UKyHT9ILTN8gH2BN,003EDWvVYj5gAejIMY,Contact
0RErzlTd8l9QQUU4OB,Declined,Declined,2025-06-21T06:59:53Z,1,0,00UvEMSdEZp7QQ423F,003C7qNoE31DHCjADX,Contact
0REHTHsTIf2OpKHWDE,Declined,Declined,2023-03-23T04:11:52Z,1,0,00UssJ923AX9uazUGW,005hTpAX3O60UK0AAJ,User
0RE3Jy4jUmUKiwaWJG,Accepted,Accepted,2021-07-23T01:20:48Z,1,0,00Ud64R8tjNs3UyUND,003pqlMKQlhXNs9YWS,Contact
0REMSqgbwwENM3842J,Declined,Declined,2024-07-05T06:05:07Z,1,0,00UstxBMueT2wgpEX0,001zOsseTV2G23QAKL,Account
0REsKC5brDg62W7GRJ,Declined,Declined,2024-02-22T04:27:19Z,1,0,00UgcKqFEfXYP2IUCD,003LdfIBGK7EQ0gYSZ,Contact
0REGB0qW2k4P8qRGXX,Accepted,Accepted,2022-01-20T08:45:17Z,1,0,00USh3gfqp18ONjM2A,00QvpoTSjHZb18EU9I,Lead
0RE67w5z9A90eoe4N7,Maybe,Tentative,2024-01-18T11:03:04Z,1,0,00UK56H9U5rNEss2MU,003VZ9hJXxjtGw3QAM,Contact
0REcL7jwJFjdgTWO9O,Maybe,Tentative,2023-02-04T00:00:34Z,1,0,00U0vmmqwnZP1h1EH9,,
0RExocAlUYGGYDTWF0,Maybe,Tentative,2021-06-16T14:48:27Z,1,0,00UA61jSEmgh4sp2V7,003ZPGB8XLIst9AA3J,Contact
0REItUjHE9PEC9dOKA,Accepted,Accepted,2025-08-31T23:34:48Z,1,0,00UDcb3j89dGeV9EFP,,
0RECeFUS1KC30gnOXG,New,No response,2025-05-08T06:57:56Z,1,0,00Uh6IyuqLTUyDuUYC,003uIWWDu5XHBBvIH2,Contact
0REB0bHjwrAIf7FOW7,New,No response,2022-05-02T22:32:00Z,1,0,00UNtjvBDe7KVi5UGN,003h0ddRs4jXrgwQOI,Contact
0REwAmkrkaphlCr4TQ,Declined,Declined,2022-12-01T11:39:19Z,1,0,00UEHAaR5tmI7192V3,,
0REIzVUD7cJL3VkW3R,New,No response,2021-04-25T13:15:58Z,1,0,00UUFUUb9vWPd8ZU14,001ULTfosWQTQf5QW1,Account
0REOSbi7CalsS2eO22,Accepted,Accepted,2026-04-17T03:33:00Z,1,0,00UcaIQlDBip2bZUG5,,
0REifkNylwcGwGBOED,New,No response,2023-05-16T16:14:43Z,1,0,00Ukp62lyNAcX66UTQ,003hMDunMjNslIVQ8V,Contact
0REYH0GeWbXZmJZWUF,New,No response,2022-04-16T10:43:14Z,1,0,00U33clduJlJapsEPH,0039rEoLX65XSqVAZH,Contact
0RE4AJR3n9XTlReG4S,New,No response,2025-12-27T06:03:50Z,1,0,00UHPedhKpaHD7TUFJ,005VOHFbnLYK0gIIP7,User
0RE3rpSZxm57FxCG28,Maybe,Tentative,2024-07-17T22:35:30Z,1,0,00UA1DL0ukVyMgOEZE,0034NLRXc49Mr8gYJA,Contact
0REAZM70wnwK8QnOL0,Accepted,Accepted,2021-05-30T05:57:14Z,1,0,00UB57Bl0zWHxDFU0Q,00QBA92hTKUY9NgMX6,Lead
0REB8bAotkiusPG48X,Accepted,Accepted,2023-06-19T16:39:39Z,1,0,00Ui0EIu0qwuVD8MFD,005IKQxHrnOfGBxYIU,User
0REUeNjePXoAu4nWIM,Accepted,Accepted,2021-08-08T01:35:50Z,1,0,00UPN0ym8o5FysrE7X,005IKQxHrnOfGBxYIU,User
0RE4eq6uIP27QK0GNR,Declined,Declined,2025-06-22T15:05:14Z,1,0,00UYJEW2gH7Yg7qMAQ,001HMeyM0ISzwz5I0E,Account
0REo0PVK6Lo0nmrG00,Maybe,Tentative,2022-05-08T04:27:21Z,1,0,00UyYhU117RACJuUJT,003ako1JRaHiv3YI66,Contact
0RE4XzZJi3bQo1KOGE,New,No response,2025-02-18T21:31:01Z,1,0,00UkXywkGmdm29SM6U,003ZX6Xj89YKwHlYI8,Contact
0REotSiWIKSMGbF40Z,Declined,Declined,2022-05-27T01:41:42Z,1,0,00UN2fycX6cOuBHUE1,003vxQYogxx6ijFY4J,Contact
0REHy5P8XsKnBKVOMX,Declined,Declined,2025-03-20T08:56:09Z,1,0,00Uat7wWLCkvV2G2DQ,,
0REOlIUYd96jO7v40T,Maybe,Tentative,2026-06-30T11:52:36Z,1,0,00U7q4ymzZ3DBvp2NQ,001xWEEO3zOAo9KY3S,Account
0REiiNcPCFGl2ZwW9N,New,No response,2023-09-11T09:26:50Z,1,0,00Ul7fN9tJkb58f2FF,001CnMOxOxVLCc3Q42,Account
0REVNPWFYzvA8NROT8,Maybe,Tentative,2023-01-24T12:31:46Z,1,0,00UUQSPG00psAII22V,00QBS9DHiKOOk5AMNS,Lead
0REd6f4nwbfHOVc42J,Accepted,Accepted,2023-12-23T02:26:44Z,1,0,00UShnRICeRJtANMGN,003Pb89KV8XsE6tAP2,Contact
0REOq1S5Iy83d5XONN,Maybe,Tentative,2022-12-08T23:28:41Z,1,0,00UIfOAjbtL77Cl2VS,005aH9VqUeGuq5aPJM,Lead
0REd7TVyut6YrqoOP0,Declined,Declined,2023-08-16T11:42:58Z,1,0,00UQ2khQYGdJHCSU2X,003dHank2PqtZ4pI8H,Contact
0RENuf98LTvdz58WQI,Maybe,Tentative,2024-07-04T05:13:59Z,1,0,00U55kYykM13HjsU1F,0059cNiXLcpBkagI2J,User
0REklj3CNTnWm7f4VO,New,No response,2022-05-21T23:21:45Z,1,0,00UTRHYD0QOHcTCEKD,00QAN3bZOehobaYEEB,Lead
0REAsSTVqGZAt6iGQR,New,No response,2024-12-02T00:56:21Z,1,0,00U8TTOL07PqfqnES2,,
0REeqbGU2gohynTOQE,New,No response,2022-05-24T03:13:51Z,1,0,00UuqlhXprpOtvl2Z1,003z0yFpL28dVEwAVS,Contact
0REsOAzqur6GXrrW7L,Maybe,Tentative,2022-07-13T11:47:06Z,1,0,00UOVEyn6PoDw9GUT6,003DqjbhHLsEG4oQ9F,Lead
0REkyUDcm9G0ZBg4V2,Maybe,Tentative,2025-01-01T06:00:09Z,1,0,00UR6PhCtQvBAF12QQ,003F1rvx1Cnjq7oQ76,Contact
0REFH5FtB2Mcot9GY2,Declined,Declined,2026-03-14T20:02:43Z,1,0,00U8i8t43w3QNYJMA8,003EITgQp4xDjA6IV9,Contact
0REcn7MoVx3atbt4Y5,Accepted,Accepted,2026-02-21T16:57:32Z,1,0,00UxftHBRGZ3mSxED7,0031DHqKU2eEOyJIZZ,Contact
0REeDq1T7qqgdP942G,Maybe,Tentative,2022-09-17T21:16:58Z,1,0,00UJbcStzCivVe1EZQ,003ZyeA5eXuyMXKAUE,Contact
0REGb62wV7s4aLUG05,Accepted,Accepted,2024-08-20T13:48:36Z,1,0,00UPa4T5tpsuXIA2DG,,
0RE7Pk1FRCrZUhBGZG,Maybe,Tentative,2023-05-05T13:47:33Z,1,0,00Uu5qlqAfaaY89M2P,00QZD4ibfvIMk9fMNV,Lead
0RE7Na7ePITUy2PG8A,Maybe,Tentative,2025-05-07T15:43:48Z,1,0,00UbeA9GGFTvKVTEHX,003N8cUHZZGDBheYUK,Contact
0REJqslaOVOKlHI4W6,Accepted,Accepted,2021-04-01T23:47:02Z,1,0,00UkdsDfYa9NdGPESB,,
0RE6xkv4RhDGN9KGJA,Declined,Declined,2025-09-29T03:49:00Z,1,0,00UIfOAjbtL77Cl2VS,,
0RECBZuGabxuBgi4QU,Declined,Declined,2024-11-25T10:18:21Z,1,0,00Uj5xB5nHUr8MEUIA,00Q43nkjUXLuPg7W79,Lead
0REUIv55LTpn4TwGJP,Declined,Declined,2021-11-01T07:28:33Z,1,0,00URqSD1snNa8L7EA0,003o8Gbo8PQrVB9AF6,Contact
0RED3FJcKn9pIQtO0C,Maybe,Tentative,2022-12-03T22:19:13Z,1,0,00UFqFuxgniP2IYUU8,00QH6AQbTKE69oYEMD,Lead
0RELW1WEkkOMl0zWLP,New,No response,2025-07-13T02:10:15Z,1,0,00UlG54VmvDN3b5M1O,005Vo9gpxbtHjOOIMV,User
0RELVTAdpf2FSJaOC4,Maybe,Tentative,2021-07-12T03:06:42Z,1,0,00U1y0i8fy0V3CbMN1,,
0RE8meqGqcIXvXa4A0,Declined,Declined,2026-04-28T13:56:46Z,1,0,00UFB65T8MWdSKQ2JU,,
0REHFJzr49I2z18GNU,Declined,Declined,2026-02-01T16:16:59Z,1,0,00UJtyItk8s8jnVERP,003Mu9tTXYgpE1bAC3,Contact
0RE7CSEh1j3QK0dWOB,Accepted,Accepted,2024-08-06T17:38:42Z,1,0,00U2XVIBVFp9vyJM3N,003Ah8zNtdSdttoAQ0,Contact
0REbPQlAZTDNFUWG7R,Maybe,Tentative,2026-03-17T09:00:43Z,1,0,00UdH39FZ01yp8gE6Q,003P7EiiElTtwMbZCL,Lead
0RE9U2eGUyotS2AOQE,Maybe,Tentative,2024-01-24T14:11:31Z,1,0,00UJ84tu7Tb3iTAU1S,003C9BfHPwWWJ2mIXI,Contact
0REo9ndG0S1AKT3WJL,Declined,Declined,2025-06-12T08:48:44Z,1,0,00U9VmkgQuk69zdUQP,00QEykCSGyLczhZUIN,Lead
0REd7bsxWVkq9VMOZL,New,No response,2025-11-05T02:09:48Z,1,0,00Uhgy7Dakzjj9PMJH,003eZ2Th2GHWes2Q9R,Contact
0RE8coVeYn1r8qsGFC,Maybe,Tentative,2021-08-17T03:13:25Z,1,0,00UAD3RkpmmYsQbEIF,,
0REY6GsRqveC7U0W5I,Maybe,Tentative,2021-04-21T17:22:38Z,1,0,00UVbAh3FH9D2tXMGA,005LSah1u1GnYGbYOG,User
0REwClUXFKLwJg3GNL,New,No response,2025-11-19T07:05:08Z,1,0,00UF1yMU4INTxlTEQV,003OeYdS2JreqvUACI,Contact
0REfnspTtbpdxxPWOX,New,No response,2026-04-14T10:30:42Z,1,0,00UHXhRCk1iHKSJE29,0033HOWp6qXzxCPIVG,Contact
0REXH3p2DXQQXYM4GJ,Accepted,Accepted,2021-11-17T14:05:09Z,1,0,00USfljW7vshanjU5O,0051j8xdsf40yysQI6,User
0REA7u1iaFqyp2i4RB,Accepted,Accepted,2024-05-03T11:50:23Z,1,0,00UGZGH5h7n38kB2HQ,003sl6OvCXMcsqyYYL,Contact
0RExEYJ88xLeNYf469,Declined,Declined,2022-10-20T16:00:01Z,1,0,00U4rfKJjqUbQlx20T,00Q3pLdjv5eS0BPFVU,Lead
0RE3QOOmsgBKLl6W3S,Maybe,Tentative,2021-03-15T15:39:48Z,1,0,00UBbbw1bb7y5OGE7Q,001f3j7ZUJ5YxijYYQ,Account
0REPElp6ZcT6Q4pWF0,Declined,Declined,2026-06-23T12:25:37Z,1,0,00ULhwhDl4rVerkM5R,001aPvgDsUU73EoIG0,Account
0REBLyMQnkQcXKFO5B,Maybe,Tentative,2025-03-18T17:21:20Z,1,0,00UIo00PGwlTndvUNT,005gMY3fFnSvHOzQLX,User
0RExYOIILJDqc1DWKH,Maybe,Tentative,2023-08-27T15:02:28Z,1,0,00UTndz0fgh0DN8MZN,00Qk87ZZYzWMIkjEXD,Lead
0REzHgsB4MESu6YGNG,Declined,Declined,2025-12-13T08:19:27Z,1,0,00U2H5fYA648mIGEKP,003bJcoA58DEApFASK,Contact
0REdcEafz1X4DvmW8I,New,No response,2022-07-16T15:17:10Z,1,0,00UGrNYuWjsU2egMC5,,
0RErVdpzNxOXThRG4T,Declined,Declined,2021-04-05T21:45:31Z,1,0,00UsTSGkpWOjYMZE90,00QkkXsgvnhdRxnUFW,Lead
0RE4904XsTcHl61W38,New,No response,2025-11-06T00:23:09Z,1,0,00UVJOzp3k6MK0AU50,0054QkW1xqHAAglL3Z,Lead
0RE1j3xn6MB1bND4CQ,Accepted,Accepted,2026-01-01T14:51:00Z,1,0,00UEbufZdvvRgZ8UKR,0033vIPXyATtwhCAEG,Contact
0RErrGpZYoHdxYpWXX,Maybe,Tentative,2021-10-14T00:44:30Z,1,0,00UGqw0KXkZ5wBUUTK,0036M9oi3OkmErTIEE,Contact
0REmFS0CiZuSySyO1L,Declined,Declined,2023-03-09T19:42:19Z,1,0,00U1i0YILOs7Vqp202,003D0Bdf1C14kvBQQ7,Contact
0REE2yn98ZW87oV439,Accepted,Accepted,2025-03-02T12:22:40Z,1,0,00U3BwDgmx2tRXBE3O,,
0REF1APIYYLKBzq4A6,New,No response,2023-02-06T19:35:55Z,1,0,00UDVrd8NgzUZI9UQW,0052HQHVxXJDqnLCTI,Lead
0REmE7UqsaMbxNpG8H,New,No response,2026-03-11T05:46:08Z,1,0,00UjwmxuAqDB3YUMU6,00QS8tAYDy96Ug6M2A,Lead
0REKc0ubJip06gU4D5,Accepted,Accepted,2023-03-13T22:50:32Z,1,0,00UXXdQG1QbYAIXUG6,0057ufaHufy75ktAX1,User
0REZ5cVIoycwE8DOYP,New,No response,2024-05-14T19:19:32Z,1,0,00UhSmkz1mhRjXs2C2,001rLqfAY4OfLS1QF8,Account
0REZ4cHb19GRLqyGPG,Maybe,Tentative,2023-06-17T01:05:44Z,1,0,00UGpKGQPsJ62XB26G,0034xXN6eTO5dm0ACL,Contact
0RElL1lSuKWqp1UOWO,Declined,Declined,2022-01-01T08:45:59Z,1,0,00UIWEZNtcqxZw0UCN,00QPCLpag1wgNl2UJN,Lead
0RE1Ua4tYpKnm9VG33,Declined,Declined,2024-04-19T21:13:40Z,1,0,00U1msRRavREwlR22W,003xtccubI9QZ4nICT,Contact
0RERnmFdGKsj8qoOFY,Declined,Declined,2025-08-15T11:05:35Z,1,0,00Uwo2mT9iqX9dJEDJ,003C6A2ICEcjkLfY4J,Contact
0REobLhNizQLaVs48R,Maybe,Tentative,2023-04-25T03:53:50Z,1,0,00UjMau8jRs13mnUVC,0032lndyeYiy5hjYYH,Contact
0REzmyXbUwI8F6eWS6,Maybe,Tentative,2023-01-31T06:28:32Z,1,0,00UfPpfeQBblu4vECJ,0011qafIoKOaGWeA3A,Account
0REe14Zw1o78qXrWE1,Declined,Declined,2024-04-26T16:26:47Z,1,0,00UIJOQkISokDeIU9N,003YW7qNL2RKjOqYCD,Contact
0REdhn3pN8gpqY9WEC,Declined,Declined,2021-05-16T08:34:43Z,1,0,00Um2knBkSv6yuJM7P,003gBl0zvJ8uI8jIJ4,Contact
0REA2KsT0HL5iFZOCV,Declined,Declined,2023-03-01T11:26:09Z,1,0,00UIyJLZqGvyMsI2XV,005nd5TGZ9aJSYBF26,Lead
0REKRS2fWPbjNwLWFO,Accepted,Accepted,2025-07-09T04:23:22Z,1,0,00UEFlaNOQqMc2b2YF,003HWzfY8Kkbu7SA6F,Contact
0REGxYUBgQQHvSZWS7,Accepted,Accepted,2025-01-28T23:23:47Z,1,0,00UjGr9e1q2f5fLMSM,003VSx3gBhsvaiVQJK,Contact
0REJzc6NUwO5x6gOV5,Accepted,Accepted,2026-05-18T22:04:50Z,1,0,00UgVDNBBzs46dcMTR,003YKhyUZ3irYQMILZ,Contact
0REir6gdYjpMgtCOPC,Maybe,Tentative,2022-09-19T08:52:53Z,1,0,00UGkOx2W8cB6l2URN,001Q3kntrifzyYWI62,Account
0RE9Vpj9gZ5PR7pGGQ,Accepted,Accepted,2025-01-24T22:46:43Z,1,0,00UUNry0EWXTtx2EPT,003D3c4EiA0KVHYQ6Q,Contact
0REs1NIIVm4lmYuGN0,New,No response,2025-01-02T10:42:35Z,1,0,00U9HXupUgT0bHjU8P,,
0RE1qAMcsrovdqQW6L,New,No response,2021-07-05T06:26:41Z,1,0,00UOwOzZ0lOD6xmE3Q,003H5MSaG1GjBAEYHW,Contact
0RESI82oSUgfdkpGDN,Maybe,Tentative,2023-01-28T18:35:51Z,1,0,00UHG4TNWRtDPrTM4X,003eWhmT5dPzHuRQTV,Contact
0REgX1KSOSAz5BaO23,New,No response,2024-09-27T06:31:38Z,1,0,00UUfTHUIsJk4V0E52,0030tpEd8Opq0jbQ9C,Contact
0REcZ3kmWhaXXPOO0R,Declined,Declined,2022-05-13T16:45:16Z,1,0,00Ubxmpa4ySbquBUJK,003VxcdBObSgXOoYQB,Contact
0RE6Rxx4a1YILWGGHZ,Declined,Declined,2022-11-08T20:33:43Z,1,0,00Uhunnh1DY4V15UP7,005nzLVNGv2JP86TJT,Lead
0REqkTG2eW4ubtwW92,Accepted,Accepted,2024-02-21T20:18:30Z,1,0,00USYrbKuaZaQ6PMW4,003LtDyRa7YYs9EYDK,Contact
0REiLBzerteaQ0tG5X,Declined,Declined,2024-06-01T06:54:23Z,1,0,00UcG177uZDeXMz2K8,,
0REbhMz71fZMxqOOFT,New,No response,2025-05-16T04:50:23Z,1,0,00UAlPjEOKPlhOF2DR,003bl7ZTq6k6vEDAIG,Contact
0RESBgAm4nLcO8D43X,Accepted,Accepted,2022-08-08T23:37:39Z,1,0,00U006jc1bWsLA7UMJ,00QCi1HCXB2inFYMEF,Lead
0REMiRytdAKMiTe4BJ,Maybe,Tentative,2024-10-04T17:26:50Z,1,0,00UMbHIuVXTk2TtUVB,00QZe7QlCftU8ryECV,Lead
0REIDo5YayaeNjPGII,Accepted,Accepted,2021-05-26T22:08:29Z,1,0,00UzrNdZiXefeWe24C,005lkwCvvs1NKzQIH0,User
0REuaU3RopVssJ5GQ9,Accepted,Accepted,2022-02-27T21:46:07Z,1,0,00UWzEiJm9Syuau2CZ,0039hOoEmV9URW8A6H,Contact
0RELRRrmLreuDVjWS4,New,No response,2023-09-09T19:50:09Z,1,0,00UVOPzKvqNoATmMS0,003EpLPuIdH3ZkCY3G,Contact
0REY9NddPYHxTR64KS,Declined,Declined,2021-11-23T23:56:54Z,1,0,00U8tsXNYIarp00UMM,0037NqTBwWjr1kjA00,Contact
0REyvumqpxB4XLdOGT,New,No response,2022-01-13T10:00:15Z,1,0,00UF5c6iwPVWtA8ET2,003RjFwodbP5EfaADS,Contact
0REitT1BXaKm7C9W5O,New,No response,2022-03-22T02:57:16Z,1,0,00UEtGTajYwb32d29R,003Mqj2q9jdJsceAVN,Contact
0RED4R6yFUykL65GSE,Declined,Declined,2022-11-26T12:34:48Z,1,0,00Uo7WpS0Cwv8dDUFJ,003r0I2bhEeFqk2QO8,Contact
0REWPRfi5I4MNkpO76,Declined,Declined,2022-11-04T19:31:43Z,1,0,00U5QrrC70kahZ4MIV,005QCiUGxJnyyOsY12,User
0REe6rJbXb5vaNfWJK,Maybe,Tentative,2023-02-24T21:55:26Z,1,0,00UTndz0fgh0DN8MZN,0018haifivYezP7QUH,Account
0RE6zIfw7vZPTZlWK8,Maybe,Tentative,2021-01-22T08:42:39Z,1,0,00UHxIqg4mntdGgUC3,003DnDlPXrvzmkCIGX,Contact
0RE70CwJbjdoXxkWLC,New,No response,2023-06-27T19:11:49Z,1,0,00UdwpDQm4q84lYEEJ,005lhMYUKPuvXDoIO8,User
0REnM0qf9mdJiwCOZK,Declined,Declined,2026-05-28T16:09:58Z,1,0,00U006jc1bWsLA7UMJ,003WxfUdTj9cdJhYQK,Contact
0RE4hpOZZ1csgEXO8J,New,No response,2025-01-06T02:39:23Z,1,0,00UcG177uZDeXMz2K8,00QpoF24lYKDtan2V0,Lead
0REAwze9ixXShuEGUI,New,No response,2025-06-09T02:24:51Z,1,0,00UIJOQkISokDeIU9N,001vnn1W5RPN0LPYO8,Account
0REg4PbxMv1iPDzW86,Declined,Declined,2024-12-06T06:47:47Z,1,0,00UWMqYfiY09cR22Z7,00QqBeevU0zdLEnUVD,Lead
0REAAaWCxLSF68L4MN,Maybe,Tentative,2021-08-11T00:48:12Z,1,0,00UjVHoGn3BvezHU58,00QyuuUyFlFe8jUDMD,Lead
0REfw3oLMZeKoLYG6H,Declined,Declined,2022-07-02T14:17:17Z,1,0,00UD07JIqxEMF2HUEQ,0033cD3226r2rt9AGL,Contact
0RE3BMxm5qE00WHGYE,Declined,Declined,2023-01-06T02:20:55Z,1,0,00U78vZRbIyDwfBEVP,,
0REkBOyTGxm0J4aWR6,Declined,Declined,2021-01-02T05:00:18Z,1,0,00UZqrtqeuPsS29EHH,003Cz9egiq5deis2NK,Lead
0RETrYgIzg6tNm1WD1,Declined,Declined,2025-11-22T00:47:19Z,1,0,00UOleAN459qqcVUBJ,003fKnUeELo969mDYH,Lead
0REJvCZRi08fRwb43C,New,No response,2023-05-17T06:31:54Z,1,0,00U4hhvvHqhrFMKER1,0034sReClnPK0KLY7F,Contact
0RECyKMiFWEIfzaOGC,Accepted,Accepted,2023-07-04T04:47:48Z,1,0,00UxIka0aR6v207M0I,003uqaPRAYt8PdlQOW,Contact
0REAeBfqh2n4kYq4P3,Accepted,Accepted,2023-03-26T15:58:40Z,1,0,00UsX5MNxTlOpC0E0E,,
0REuje4TlXAF1ONWEN,New,No response,2022-01-10T01:07:36Z,1,0,00UkgSJSK7wAmdWUYN,003efXBMJZqDwiVYYC,Contact
0REeWkWp7ufct0IGHM,New,No response,2022-03-12T11:00:13Z,1,0,00UT93kgRHSEKfFUFO,001veU1rKvNzbBRQ2J,Account
0RExztKqSxnOxC8OEY,Maybe,Tentative,2023-04-30T17:13:31Z,1,0,00UnTsxJ2Jk8K1dU4R,003JQlxtzZzX1PhPRD,Lead
0REKi8HV8LmOy9L49Y,Accepted,Accepted,2025-12-26T20:02:35Z,1,0,00UH3SKHa7rIDrp2IQ,0039ldFG08cbPoeY3V,Contact
0REGTSyTEz6nsT348U,Accepted,Accepted,2022-03-08T18:25:55Z,1,0,00Uk4CiC5bRMSaTMUQ,0050m9uSyo9ZwSj2QH,Lead
0REZUVlVMd10vXUGD3,New,No response,2023-08-14T15:28:06Z,1,0,00Ujkyt2ZYh7f3J2WM,003bbt6hwtwIcbjIHQ,Contact
0REkWGAB07cwNnq4QZ,Accepted,Accepted,2024-10-09T10:50:02Z,1,0,00Un0UbvKmbbo6E24X,001mr80ElRqK1bZQVC,Account
0REB2mgX0pHuTha40B,Declined,Declined,2024-07-17T21:30:00Z,1,0,00UyAagOSQH5JctE5Z,003nEEZpEHQMiNGIEO,Contact
0REvIKCVz28Cxb2OSW,Declined,Declined,2021-07-03T03:18:55Z,1,0,00Ux74KujalZoWI28B,003EksnMRiNmAioI92,Contact
0REHuLSZgwLWlFYWE3,Declined,Declined,2023-06-05T20:14:59Z,1,0,00URHGiz9NojhryU3T,005QCiUGxJnyyOsY12,User
0REpaiMw7W6OSYWG86,Accepted,Accepted,2025-11-28T09:54:53Z,1,0,00U9wsf3HN5EKr328Y,00QzJCZAsmqPSzWM6H,Lead
0REIaRrge9CCLWyO0J,Declined,Declined,2025-05-17T07:36:15Z,1,0,00UbmAuuffyn4AeU1L,00QMM2t1dS8cE0m2HL,Lead
0REulgLEAgbJ1y1WHB,New,No response,2023-05-15T02:10:23Z,1,0,00U8ARGJeMSBSEDEJ7,00QIsVPZkubt4SiUK8,Lead
0REtzTtqfJXEdQkWUT,Accepted,Accepted,2023-01-05T07:36:16Z,1,0,00U2mPbQV0XxdoKMIX,,
0RElPyrENwEwISV42X,Accepted,Accepted,2025-06-25T14:45:34Z,1,0,00UD55nG0lbFfGF2QJ,001zBr7D0amNm8PY72,Account
0REIeQBXYJnxY2C4UG,Maybe,Tentative,2026-01-14T11:58:21Z,1,0,00Un5qrsQZIN1CyM6W,003QUdPFTL5lmb9I29,Contact
0RE7j42h9lq4GmSOED,Declined,Declined,2021-06-19T07:56:20Z,1,0,00UywNPok1eH8JNM10,00QQNgGtD7hMXpPEUP,Lead
0REYud46eKkHYkT4DS,Maybe,Tentative,2021-12-11T06:59:51Z,1,0,00U4ZehsYjs6IxzM01,003kxeIbYRarc1MYRV,Contact
0REtIUFzGC0HuNtGSA,New,No response,2021-01-10T09:22:03Z,1,0,00Uj7twdK2vGrbfU90,003NaKmR8suQAnkI7R,Contact
0REZycCf3f9zjfQWLV,New,No response,2024-06-01T00:07:52Z,1,0,00UTUe1DutozMRN2T7,003ar0bTD0EAavSI18,Contact
0REHo32g7vemxhhW2N,Maybe,Tentative,2024-03-10T11:51:38Z,1,0,00UyAagOSQH5JctE5Z,005hfmtBm0piYtTY6K,User
0REv9FUpuIY5WfZO48,New,No response,2021-06-12T21:34:50Z,1,0,00Uyeg8x3RMvZ7dEDM,003THfCH0BCByVVQEX,Contact
0RE4f7hYE5uFbBjOFI,Maybe,Tentative,2022-05-27T18:19:21Z,1,0,00U006jc1bWsLA7UMJ,00QYQRgdaxqS9gX2CP,Lead
0RE9fBEY6a9ylPO4TH,Maybe,Tentative,2025-12-31T00:57:53Z,1,0,00UyAtXeT2MzF8y2ZG,003QfTiTVMtfqu0IJ1,Contact
0REauGj4wm7OGD7G3W,Accepted,Accepted,2023-11-03T22:41:54Z,1,0,00UEIe9y5eF9U6mMPJ,003bnG9NZhIv4hMIRQ,Contact
0RE5KsPIgsWvCfQ48B,New,No response,2025-12-31T11:56:31Z,1,0,00UjJNs6dgEMRm9ER1,003DPCxbk2Q3smM6ER,Lead
0REgpOjuzCcb1LGWGQ,Maybe,Tentative,2024-05-23T01:19:51Z,1,0,00UXVS985Q7b6rCMHP,001gBBf5hGZhtlqEY6,Lead
0RE06AoUWSAUsWfOWI,Accepted,Accepted,2021-08-05T08:07:50Z,1,0,00UBuItoQELDe95UJK,003DGxJ8tFMKWT2Y2E,Contact
0REVSVOHxEHEE3eG2B,Declined,Declined,2021-03-24T01:17:13Z,1,0,00UVGcwu8ElEAwi22B,003OAkfyP4d2ErpYXI,Contact
0REh0DXLckgYc30OTQ,Maybe,Tentative,2022-08-24T00:32:23Z,1,0,00U0WhScqpPkdUWME3,003FVdzmg89BUslA0L,Contact
0RElEPnrClw9mTrO6M,Declined,Declined,2022-04-07T17:28:43Z,1,0,00UvXCDO3zGKzrNMBU,003cY6vpHkodggrI65,Contact
0REs6lgUqgAP6ZKOXX,Declined,Declined,2023-03-18T21:21:53Z,1,0,00UHG4TNWRtDPrTM4X,001GIi2sHi8hI1AQ7T,Account
0REUiHzBEaeF6xp45H,Accepted,Accepted,2023-12-25T09:30:01Z,1,0,00UUy8Tw8VwPadPM52,005YbujEVi8pPHuINT,User
0REkaWv9Q7Gb7WwG7R,Accepted,Accepted,2022-08-19T18:19:30Z,1,0,00Uj6uvvI0SobfgMWY,003Ec66kiJL5qvrYM5,Contact
0REf9IUpqnqXTV541M,Declined,Declined,2022-11-02T02:48:57Z,1,0,00U006jc1bWsLA7UMJ,003yq5gxHBGLn2EYLY,Contact
0REcU0090PjHy3EGKV,Accepted,Accepted,2021-04-04T12:49:06Z,1,0,00UiVmbPpg5vmWcMCS,003zaVLDO9Vk4P0IGZ,Contact
0REUvHfLtdNX7dkO2L,Maybe,Tentative,2022-05-06T06:28:13Z,1,0,00UxLEdnGkZK8hdUE2,003G4K2YKkR4WW8WDI,Lead
0RE282GZUxzr6ZxO8V,Declined,Declined,2023-03-22T13:12:29Z,1,0,00UXIC7h2u82kZE20Y,003tmqZfelCT2roY1H,Contact
0REZojxFxUV553hO1U,Declined,Declined,2025-11-19T14:15:59Z,1,0,00Uz77y9fErFKvOMS5,003MFEL7zy06OMDQY2,Contact
0REVIwmB89mNsgKWGA,Accepted,Accepted,2024-04-24T21:51:56Z,1,0,00UeOw4kg7oZNK0ED8,003CRDYjsTHsCzzYF5,Contact
0RE4ybJ6uk7883t4M0,Accepted,Accepted,2024-02-01T07:27:07Z,1,0,00UdmA5S3ffUfE0E76,,
0REQbz13X9Ti0puGPH,Declined,Declined,2023-02-02T03:50:37Z,1,0,00U9XACYe5vZPgWMM7,003dhEq28R9SWrsYJD,Contact
0REbm5MMcPnQGOlWZX,New,No response,2026-05-12T14:28:07Z,1,0,00U9V6WAVYfgohqUAU,00QbiaGDZ2LaUoM28S,Lead
0REq60AiqHJojC9432,Accepted,Accepted,2021-01-09T01:49:56Z,1,0,00US5AtsRovOjla2JF,003oViBvg6VZagCIGZ,Contact
0REC7FUJqMq1raqWGE,Accepted,Accepted,2022-07-07T15:04:47Z,1,0,00UR0PO9tuIkhgHE5Z,005hfmtBm0piYtTY6K,User
0REgNBpCLiUALjXGDS,Declined,Declined,2021-10-17T06:41:04Z,1,0,00UcAE1ru2zLCzbMFY,003hHNPTLKBHbAAYH3,Contact
0REnadNZkO7WurCWUS,Declined,Declined,2024-11-18T17:14:54Z,1,0,00UGDGQrZEAInkUEHX,003gzghdsTCV1cEANV,Contact
0REJrXp5s9MYMWwG59,Declined,Declined,2024-09-05T05:41:19Z,1,0,00UZLjxpLNw5VKn2DM,001Y94eVbSCMZThYRA,Account
0REbOUEWqRsTSFRWNB,Accepted,Accepted,2021-03-30T12:24:08Z,1,0,00UHHJ4ANUE1R07M32,,
0RE1r4T1gNkZyGAWC6,Declined,Declined,2025-03-24T16:41:49Z,1,0,00U1N8pnQZr9uCJUVT,,
0RE3zC1PVpKx95f4KL,Maybe,Tentative,2022-08-24T08:54:31Z,1,0,00Uq3WwILAnmvne2D4,001SpROmneVnpzUI6I,Account
0RE2soAWL5Qaev0OG3,New,No response,2021-03-09T09:06:09Z,1,0,00UdDFO2caXZG6SMZZ,00QeORw6MRRNU2NESY,Lead
0REvp82cpif4Hq74V1,New,No response,2026-01-30T16:07:21Z,1,0,00UXFGEYj2Y73lP2GZ,003Y8771g12DY7uA93,Contact
0REViwnVhEtuCUCWIZ,New,No response,2022-05-06T05:04:31Z,1,0,00U1UYpgXYJHvaOMWH,00QMo9DMzQhev1PE2J,Lead
0REBSsrHpEwvJM14V8,Maybe,Tentative,2023-03-04T02:14:42Z,1,0,00UPvop9GDv9Mqg2HH,005gMY3fFnSvHOzQLX,User
0RE1VhlL5yXLZAYGEV,Maybe,Tentative,2021-01-04T12:19:10Z,1,0,00UVJ3MgBDWHyPb2U0,,
0REd3gFTNinExGSWGL,Accepted,Accepted,2023-07-04T23:24:34Z,1,0,00UPCurw5JKXhGL258,003YqooDEA6F92hACU,Contact
0REHuD2otiR0hJe48T,New,No response,2024-07-12T21:36:28Z,1,0,00UQLUM62lczxW4MIV,003ZeCIf3GRvPUZY4J,Contact
0REPcqMedvRebNNG0Q,Maybe,Tentative,2026-04-21T02:43:16Z,1,0,00U25YBUej3u2AuE2X,003dN789cenjA2eA7H,Contact
0REAxcl7HGU2e5EOVF,Declined,Declined,2023-07-30T19:40:03Z,1,0,00UQV6ckPZBzjAQEW6,00QVvoJOZVxQA0bEWW,Lead
0REb1VHd6wh44jCO64,New,No response,2023-02-16T20:50:53Z,1,0,00UuGVqFzylmF3WM77,003dXGwafs3aJCkYNK,Contact
0REFBIA5eZ0hiZZ4EW,Declined,Declined,2021-10-28T13:47:11Z,1,0,00UBhGXmAJ5OD8sUG6,003haI7NPKn0gYsQ3M,Contact
0REYXI8VujY80HEOUZ,Maybe,Tentative,2025-06-02T11:30:27Z,1,0,00UY1fxxfDWRyPaU6M,003n0ffnQIik8YIGBP,Lead
0REHB8UPojOiC7NW1X,New,No response,2021-11-27T04:20:18Z,1,0,00UkgSJSK7wAmdWUYN,003gekCFe076ACrQZB,Contact
0REJb23l9EffQF0G1X,Accepted,Accepted,2025-03-04T18:18:38Z,1,0,00Uu3pR2odkvXhy2MS,003MqzQMaSwikQPA9S,Contact
0REhTUngZ0KNPQCWX2,New,No response,2023-06-25T02:39:21Z,1,0,00UxLEdnGkZK8hdUE2,001SDonDyKHRDRwYPS,Account
0RExoYXgY9jZbhjOHJ,New,No response,2021-01-01T06:28:13Z,1,0,00Uvf7zli5JBHkh2RW,005G7PmEiXypty3IQL,User
0REfxXDQzClhNFGG0I,Declined,Declined,2023-12-09T18:07:46Z,1,0,00UkUzQdjWufNzWU24,0036RNb35ZpB1g41W7,Lead
0RElZnoeG10yLA5OPC,Accepted,Accepted,2022-09-12T17:40:32Z,1,0,00UGDGQrZEAInkUEHX,,
0REdSxCk1nEEtoXW9N,Accepted,Accepted,2024-08-01T06:07:45Z,1,0,00UjJYSoXiQvdyDENM,001FChipDL8FyVaQQG,Account
0REHYH1ttoPzbJAOGI,Maybe,Tentative,2025-04-02T12:01:30Z,1,0,00UvEMSdEZp7QQ423F,001NlUpPvRS2wnzIYM,Account
0REh0wesa9rUGipWF7,Declined,Declined,2023-02-22T00:00:27Z,1,0,00UcQpll82dslovE80,001CobSEZTi3dLCAGD,Account
0RE6BRiDR6VoiBKG3J,Accepted,Accepted,2021-11-23T15:37:43Z,1,0,00Utt6FbGWwUd2mE03,005mKVeNm7pzbbYYYT,User
0REvvytsr6e0mZS4HF,New,No response,2022-12-14T19:22:33Z,1,0,00UTZhjZQciwgxY2L8,001oO1cKzq8oHa65F7,Lead
0REeIbyoimuQJel4EU,Accepted,Accepted,2022-12-21T14:35:02Z,1,0,00UzdpONQiFrnEyM4X,005gMY3fFnSvHOzQLX,User
0REvVI6ziVxWkdFO2B,New,No response,2025-10-05T01:45:42Z,1,0,00UthIZofVsSjEHU9V,001o5vm8lqkBKW6I3B,Account
0REQYj3BkIGWKKp4NO,New,No response,2023-08-15T01:53:42Z,1,0,00U25YBUej3u2AuE2X,003ObY6T5K3DWQxAUR,Contact
0REgPh5cAd5xWgVOWS,Declined,Declined,2022-04-29T13:39:32Z,1,0,00U3PE6sygkd8JVU26,003WY4K47MBpHinAFL,Contact
0REtRXpuCPujNmmWZE,Declined,Declined,2021-11-24T17:12:30Z,1,0,00UvRva5dc50PfZUXQ,005k3rdmx8LrOE0AIT,User
0RENeZAoEF6SEACOQ5,Declined,Declined,2023-06-22T03:29:38Z,1,0,00U5Uxeh6Q0XInVE4Z,003IDTX7DAlirrmQR1,Contact
0REkdsnymJX3xNRWRU,Maybe,Tentative,2024-06-26T20:59:13Z,1,0,00U006jc1bWsLA7UMJ,003o7AokIEksfBaIXM,Contact
0REEjEpY7VfcXbj4LR,New,No response,2023-03-05T04:57:17Z,1,0,00UhunD5x4plcczME9,001avRKkn0zGBkGQ4J,Account
0REmqDCqq7Phy7YWDJ,Maybe,Tentative,2022-03-23T02:42:51Z,1,0,00U006jc1bWsLA7UMJ,00QyVM8JT6pZQRaC3K,Lead
0RELucVYDM2ROnCOEW,Maybe,Tentative,2024-11-14T19:06:23Z,1,0,00UpPTjMk4fJyOiUKA,003WuzwyGGrq7mkQSD,Contact
0REUVoWHWRkGtkuOHO,Accepted,Accepted,2021-10-03T06:59:58Z,1,0,00UbmAuuffyn4AeU1L,003yFJa6PAPJltMY99,Contact
0REcGe5GTwqNOus4CD,Declined,Declined,2021-05-08T23:17:40Z,1,0,00U006jc1bWsLA7UMJ,003WYrxIg3vAyEnAW2,Contact
0RETPYBixO2NgbLGZN,New,No response,2025-04-11T22:30:37Z,1,0,00Uwlb87ROJ9nk6M59,005BLrN0FAgafzHY2K,User
0REJ8rqMdX84X014DT,New,No response,2023-06-22T18:37:06Z,1,0,00UomvJtRRI7xSq21O,003IjF3lsykS1tyI65,Contact
0REYQG0rHtxpfrDG2X,Declined,Declined,2021-01-20T03:41:55Z,1,0,00UW9icfDd20XpoU3T,003rKCQ5NwAa16AY52,Contact
0REAcnaFZ24ZondO0D,New,No response,2024-02-23T22:44:05Z,1,0,00UzAm7wdCAZOzrM6Y,0038t9cyDEE518SYI5,Contact
0REsEDsbCbvTBSV42H,Accepted,Accepted,2022-05-28T18:51:23Z,1,0,00UWXP37DmDVipG2RF,003OXM9PBNS93FRYE1,Contact
0REfDsBfhV2VLBZGB3,New,No response,2025-07-07T21:22:25Z,1,0,00UOOzTivuYQRcHUD8,003nbABOCORgwMAA2H,Contact
0REUZPhNmwREpKf4CN,Declined,Declined,2025-06-19T05:47:56Z,1,0,00UpPTjMk4fJyOiUKA,005lkwCvvs1NKzQIH0,User
0RE1BMQH1kYsR50OA5,Declined,Declined,2023-07-21T22:13:46Z,1,0,00UOz8c6fh5h3QCMOB,00QWSytQGt0ejIgE8X,Lead
0RE0AOgGsPvNFHT4EI,Declined,Declined,2025-04-13T06:58:36Z,1,0,00U26aQEsFy2IluE52,003bn4lVQmSeD2CAHI,Contact
0RE7ysgUuUlcdkbWTX,Declined,Declined,2024-08-11T13:31:22Z,1,0,00UmSb4usgEPCpeUH4,003Fz3E1XnVmgSjI0K,Contact
0RETYulzRm3zzsD4GW,Maybe,Tentative,2022-11-21T04:38:25Z,1,0,00UYbawTOW1urvC28M,005YbujEVi8pPHuINT,User
0RENlMA8vei0v794VO,Accepted,Accepted,2024-06-11T11:13:37Z,1,0,00UKND02bgdBDVB2BE,,
0REzDs9rrGrCXLL4HZ,Accepted,Accepted,2023-04-09T23:00:13Z,1,0,00Ub4tkkq3cECYOE8I,003lndG2IlBB4YnQI7,Contact
0REfRNRwX3bYjN94A9,Accepted,Accepted,2024-08-29T10:02:35Z,1,0,00UZEtV14xEhFYuMS2,003NgOuqAjnhAZhAIW,Contact
0REQJ4eI38R7rnc4NN,Maybe,Tentative,2023-06-11T05:35:22Z,1,0,00UVMPQ8pvdujHc2SA,0031ouue6VvMIHmY1K,Contact
0RE1Hw6CNLNQOJVG7A,Declined,Declined,2024-06-24T10:45:23Z,1,0,00Uj4SwOvovM1sPEGS,,
0REcTxKa5P9GpwpOG6,Maybe,Tentative,2023-07-17T20:15:52Z,1,0,00UkQatPGWK13WKM46,003AVwbKQi2MEUgQ7M,Contact
0REcVYVZAV3hkdlWA3,Maybe,Tentative,2022-03-30T08:04:22Z,1,0,00UB6vxA5F9MUaFUD3,001sAtRqmoa84s0IBV,Account
0REqnaeJlkQqw4FW7H,Maybe,Tentative,2025-03-22T06:01:48Z,1,0,00UctLzyLyvM0J2UJ4,,
0REE6TZOJdzc0Jf49L,Declined,Declined,2024-07-31T18:52:11Z,1,0,00UzibgM6C7QyLl26Z,00QondrJiMGVh5X22R,Lead
0REIynzbH67KGzoOS9,Accepted,Accepted,2025-08-30T22:29:07Z,1,0,00UeNmKALZQdZumECA,,
0REMVU5bRCR7E09GTZ,New,No response,2022-09-05T23:36:47Z,1,0,00Um33MCgBznW9EET1,,
0REKXMo9Gl0AmaoO91,Declined,Declined,2021-02-12T21:07:58Z,1,0,00U3D6mdnvBH983U1J,003rg0dlaCQurMSITE,Contact
0REvUbZDe1CxKUx4WH,New,No response,2025-09-21T20:54:37Z,1,0,00UvrfUSN7h4tScMXK,005pkLsIn2niErtP8J,Lead
0REX0gmiRroCCT0OOK,Declined,Declined,2021-04-08T21:21:24Z,1,0,00UeBdRwO0iqHu32QH,00QJDGUYigQl3h8MAC,Lead
0REGoeBmdYsAsw6O38,Accepted,Accepted,2024-04-01T04:10:36Z,1,0,00UiftuQi0UimFK2DQ,003tTdqCw3r025oI6L,Contact
0REtoJBE3QBTfZ44TW,New,No response,2024-12-06T21:56:38Z,1,0,00Un4m82SYfhSf5EP9,00QHoMJGwcYYBW725V,Lead
0REHj942bsDiw7kOP7,Maybe,Tentative,2023-04-21T01:10:03Z,1,0,00UdAs67ovIxrVD2PY,003Z8DKQdFUvmYjYO9,Lead
0REDFGm0yE2lVVl477,New,No response,2025-09-16T15:30:38Z,1,0,00ULNlT3THFp4qA2NG,005lkwCvvs1NKzQIH0,User
0REJlwZPSXMFpnxGFU,Maybe,Tentative,2024-04-29T20:27:05Z,1,0,00UNKGjS0aWqHZz2DG,003qtdY5hxm0m4uAVE,Contact
0REkLBEjgYFPvGHOE8,Accepted,Accepted,2023-09-25T02:27:16Z,1,0,00Uf6YeCwz2fU5zURC,003nDG4Edmka5a5A5U,Contact
0REHpedZJqFt5xRG7F,Maybe,Tentative,2023-10-13T00:01:03Z,1,0,00UQaY67zotNX7SMNH,003PBVebBHN0OZTY8C,Contact
0REvv4nVf5aKesi4S3,New,No response,2022-08-16T07:53:36Z,1,0,00Un58lDxBABBGQ2FU,00378FREBNFG2GrIA7,Contact
0REc3x8SJ247DhmOPZ,Maybe,Tentative,2024-02-21T22:05:55Z,1,0,00UXGyLJSXBs8idMX2,003jsjsu36S3FJ5A8A,Contact
0REaCT1yhXrwpXBGV2,New,No response,2025-07-22T11:47:04Z,1,0,00Uq7ajxDulXdz1MJA,00QMmTNZpx0wDIu21I,Lead
0RETl8it4cI60sIGIQ,Maybe,Tentative,2024-04-13T19:36:20Z,1,0,00UHXhRCk1iHKSJE29,00QfpqKbgjXKRTZEBL,Lead
0REhs0BEbBmSRz3GEI,Declined,Declined,2021-07-12T04:53:03Z,1,0,00Un58lDxBABBGQ2FU,00QR4g2DCWvJrD7EFB,Lead
0REOP4FaTb0QCrKGDQ,New,No response,2026-05-30T01:01:48Z,1,0,00UPy1TynpIx4caMWM,00QLidmsSMAFm782QJ,Lead
0REiK67SlyXc3qTWNY,Accepted,Accepted,2021-10-18T13:57:21Z,1,0,00UACrgzK0kkkgXEVT,003xHCmVK9xzUW6IM8,Contact
0RE5PN8RC6VNKZn4SF,Maybe,Tentative,2026-01-03T03:04:08Z,1,0,00U4zbPPDOaleZCELT,,
0REynJlkayuHYTkGC3,Declined,Declined,2025-01-24T15:02:01Z,1,0,00UA1oXQsMmndR6U8A,00QwjHG94fx2m9h23K,Lead
0REcWPbM1H9aLsjWRX,Accepted,Accepted,2022-06-29T03:00:12Z,1,0,00UWHJQ4qQ3CkDe25S,003yTjPUux1sOYvA9Z,Contact
0REwxOXmT5CqaXxWA9,Accepted,Accepted,2021-07-19T11:19:54Z,1,0,00UPxQUje6BY2anUCU,003CM9mmOrCSrVvYCN,Contact
0REaQPVZWl9TTXPW1N,Accepted,Accepted,2026-01-19T09:47:08Z,1,0,00UyYhU117RACJuUJT,0018wiQDxKxpFvLYGU,Account
0RE2zWwqz5uBCsVO3O,Declined,Declined,2024-12-25T16:42:09Z,1,0,00U5gbU6ameXVJFEV4,003ZF9xUAEo40shYBY,Contact
0REdeqHq6CYWqcoOB8,Maybe,Tentative,2021-12-11T20:22:41Z,1,0,00UQV6ckPZBzjAQEW6,003TeKUaLxb9fsDI3M,Contact
0REdXdXpTt0I5E2W33,Declined,Declined,2024-05-10T13:00:29Z,1,0,00UdBfItgLRaVnDMF0,0057ufaHufy75ktAX1,User
0REVrlLyDGvh7fNOC0,Declined,Declined,2024-05-18T02:00:04Z,1,0,00U2HElGQUB5l81MQJ,,
0RExAPX4lPZoMovG7G,Maybe,Tentative,2021-01-22T05:39:51Z,1,0,00Uzs2RVQ8WUphg24W,005Me1PVqqNBxKJYQP,User
0RELajpa4ihNU8KGUB,Accepted,Accepted,2022-02-21T07:54:08Z,1,0,00UN8PzbawOMF2nEKM,005sAEUaULAzZRzQYB,User
0REYDgWuJDtlh4QWCH,Accepted,Accepted,2022-10-03T08:14:25Z,1,0,00U006jc1bWsLA7UMJ,0033i2FC262REKsQD3,Contact
0RE2WSmHcwUIYMgGQO,New,No response,2021-09-19T23:00:54Z,1,0,00Ul1PMEZ63ozoIEMM,003CMYExvKPUP8QYBD,Contact
0RE3vTqKHZypGRP4HP,Accepted,Accepted,2025-04-22T10:42:52Z,1,0,00UNbUyfqWFrfz8EPD,001aRI7kJhlvTf0QY9,Account
0REc2RMgqvIvnwq45G,New,No response,2022-07-04T23:48:01Z,1,0,00U6ZHGN8BpVzQCM5L,003XmWAResB9MTuI3O,Contact
0RELiBHquKcFU62WUW,Declined,Declined,2022-09-25T22:02:57Z,1,0,00UUfTHUIsJk4V0E52,005lGkJeYS6wczpY2Q,User
0RE3WlO67uI1BhAG9X,Maybe,Tentative,2024-01-01T05:24:16Z,1,0,00U1n7kcD2zjYKtUOB,003YlPvMmGA2YmCQGF,Contact
0REqPrXfG8WXELu4DK,New,No response,2024-01-13T01:06:13Z,1,0,00UKp8HzAIr7W1tM1N,003u2f5oGPzB7zdA0X,Contact
0REgB28BchpEhppGXJ,New,No response,2026-05-08T22:44:52Z,1,0,00UJr7Sh1a0MSijMJ3,001hY0bG1ZS5TO8AMZ,Account
0REL1x7XdeaoMY5G4C,Declined,Declined,2021-02-16T07:26:17Z,1,0,00UwbsOpwIIdgex2WI,003Jr5qtRIQeLp8AP6,Contact
0REkmrYKLjrbRIzOZK,Maybe,Tentative,2024-08-07T17:52:30Z,1,0,00U006jc1bWsLA7UMJ,005wmbTnVpYGoJ1AGI,User
0REUrS92QDMqulS4E2,Declined,Declined,2025-09-20T09:15:56Z,1,0,00U0AsoOYgmhdNLEPI,0036mmNusffWovpIGN,Contact
0RExcxoF9UexsQe4KQ,Declined,Declined,2025-10-10T09:21:57Z,1,0,00UjfeqAdI2Hnbv2MV,0057pBBoeyfvmpBIQ5,User
0RE3smcwi2bTVt4O2Q,Maybe,Tentative,2022-04-05T18:49:55Z,1,0,00UtJSjuKA5Losr2NQ,001EzVzzzPDO3QjIJG,Account
0RESibjJxNj9DF44ZR,Accepted,Accepted,2023-06-29T12:21:52Z,1,0,00UloN1bzmyLH6vU61,003kupt4Om476CLIIA,Contact
0REdqqYrEYTC5YhGTU,New,No response,2025-06-30T18:02:36Z,1,0,00Uo76PQl7DBua5M44,005RHpTOWiLP3HTIID,User
0REvxxOjVZ5s3MuGU7,Accepted,Accepted,2022-07-02T07:11:37Z,1,0,00Um5cQexTFfeJQMRI,003suUemC5FOpHHATL,Contact
0REYHbbqb8KxTojGDQ,Declined,Declined,2024-10-08T07:30:00Z,1,0,00USUugITHhpZA1UVE,003tdhd5gh39imtAD6,Contact
0REXdilZr3yRQ1zGYV,New,No response,2024-09-21T05:10:30Z,1,0,00UbCf0is2I08OqMNQ,0016VNR5Nv4nAZ1IGT,Account
0RE2Qv3rNM0U4saWKM,Declined,Declined,2024-01-17T09:35:58Z,1,0,00UHkqAS8EmsNQIMIE,003XjSGqmjbqgdEIPG,Contact
0REYqflL7f5Hk4x42U,New,No response,2021-02-12T01:06:06Z,1,0,00UYkxYukaG6shTUPQ,005YLX0oRwAflvAQZO,User
0RER7qUBdwMa4tGG71,New,No response,2025-09-22T03:44:53Z,1,0,00UsX5MNxTlOpC0E0E,003caJUum9ureexY5I,Contact
0REZg6aESNbzBkDWEU,Accepted,Accepted,2026-03-20T07:47:15Z,1,0,00UOznyxrpiqASsEJ3,,
0REJ03uDfYCE0bnGPV,Accepted,Accepted,2024-10-10T18:28:07Z,1,0,00Uz77y9fErFKvOMS5,001qgtf3PTCXHoGGVF,Lead
0RENYcgegnKfewa4WR,Accepted,Accepted,2025-03-15T10:05:06Z,1,0,00UP6qB5WG8NLmj2W1,0056Go3C6Dl0bjnQEY,User
0RERheWuhRv5acF459,Maybe,Tentative,2022-12-21T05:52:07Z,1,0,00U7W8dCiof4x49MOV,003scAaVLxW1tCmYBX,Contact
0REIWoppQu1pHwGO9Y,Accepted,Accepted,2022-04-05T23:26:29Z,1,0,00U6Unja1tDp8UJ2OY,003cXEiEfiPaRQlAUB,Contact
0REs0uLKbgI5GPkWXX,New,No response,2022-08-30T21:32:57Z,1,0,00UD0httC7hMr2SMLQ,003jKLgBBZgnjjrAVG,Contact
0REI0qZZ0gCWBUa40W,Accepted,Accepted,2023-01-29T04:00:42Z,1,0,00UOhypEPliWsmxUY5,003vfnMzISQi4KMYKI,Contact
0REZqndUJ6KJ4dCWXO,Declined,Declined,2025-02-19T00:23:39Z,1,0,00UaPXMbtAfh9tDETW,003ETHkUVVKi5PSI55,Contact
0REnv8iiUefcG3dWI3,New,No response,2025-08-09T01:31:40Z,1,0,00UPMY7GXYgEXGHUI9,003iTmW3vNbCgffI76,Contact
0REa5a5hts6DOlqWGO,Maybe,Tentative,2022-08-25T15:30:04Z,1,0,00U5HJ8fCRnmgHoUKV,005lkwCvvs1NKzQIH0,User
0REzizBHdcgcO5r451,Accepted,Accepted,2022-02-27T20:35:43Z,1,0,00URRjatnnLdwUm2O3,001qwQ0uBTzXeScQCK,Account
0REec0XhCrhjHR7OZ6,New,No response,2023-04-07T17:41:25Z,1,0,00Ukn3pTVsEQLZ32LD,,
0RE8JMifnyioRiTG9G,Declined,Declined,2021-07-08T21:39:49Z,1,0,00U7G9UHB5601BFMR8,,
0REbbmxmTVgyod4WI6,New,No response,2021-04-01T13:27:26Z,1,0,00U1MFMHWrxWBdGEET,003CBTA7ejmf7lHQB2,Contact
0REqPkW4lJJWMBY4U6,Maybe,Tentative,2022-08-13T08:30:17Z,1,0,00UE93xAUhKKfADEKI,003pADi54pkd8XiIH1,Contact
0REtiumd2kZoWIeO0E,Accepted,Accepted,2024-12-15T13:06:15Z,1,0,00UB5KCWjyVbbk12I4,003s4EbxYNRHqPbQ0W,Contact
0REOouhcM8b36WY4K0,Accepted,Accepted,2023-05-18T16:27:33Z,1,0,00UyfHe5EpLkAyY2UB,003j2jAFojW9qjMQDM,Contact
0REi5qJFhIoRxKAOVX,Declined,Declined,2026-03-15T00:08:07Z,1,0,00UDnGpIP7oNCiT2C5,003qM11BKXiW5sKYSU,Contact
0REvnjEWlpZGacOWQ7,Accepted,Accepted,2025-04-11T14:59:12Z,1,0,00UH8jbFxt1LAyn28R,003Ih3fsy9c65GTQ1R,Contact
0REYWIvK5kq8c2NOXW,Maybe,Tentative,2021-07-09T11:41:53Z,1,0,00UmBAc22rQ2PHIMTN,003cuTGE1DhOEKZQCC,Contact
0REV1WrLoGB9NZaW3L,New,No response,2023-10-23T11:09:05Z,1,0,00UBFIB6m75CPZNEJU,0038hPjiyLY5KZaIZG,Contact
0RExie3sqvVwRDhOZW,New,No response,2022-08-28T21:05:02Z,1,0,00Ud7tv3OCspyvxEO5,003VxLo3FH5P5RIAB7,Contact
0REckpwmFQsh4E8WS4,Maybe,Tentative,2026-06-21T13:43:12Z,1,0,00U2YNbVEssZ3ZgMYG,001ckBA83DHLBWZQQX,Account
0RETCKrqi86GJlXO9I,Maybe,Tentative,2023-09-13T23:49:32Z,1,0,00UDcnZdVFcjYV0MU3,003GYnV08J7wbZUY7G,Contact
0REu4jahlUg2n9U4JQ,Accepted,Accepted,2022-03-15T03:03:43Z,1,0,00U1y0i8fy0V3CbMN1,003mYFAFR2j9W73QKR,Contact
0RE8LWLCsY7OV1DWBF,New,No response,2021-09-24T18:30:13Z,1,0,00Ub59xbPrQ58pI2NG,003KN79fSFd3oQ6IVK,Contact
0RE5m1DxXCpHLtgWFW,Accepted,Accepted,2022-07-30T23:52:39Z,1,0,00UkXywkGmdm29SM6U,0012Sv7fgBrqn2tAX8,Account
0REjHhmU1tDBY6VW48,Declined,Declined,2023-05-30T16:24:12Z,1,0,00UiK27RqnyjBCNESS,003KSHCpaRzgzM8ADK,Contact
0REWCnCBCAWWUNQO6Q,Declined,Declined,2023-03-29T16:11:55Z,1,0,00UESGMixNvcGMAUEI,003941DNldvTfMlASO,Contact
0RE5aOByQedTJsF4RU,Declined,Declined,2022-10-27T22:58:38Z,1,0,00U0MfbCnQKEhGtM3Q,005NvlW1Gc9rLAVAYL,User
0REp1CmxTxFMK6iG9N,Maybe,Tentative,2023-10-10T22:23:35Z,1,0,00UDyfw1yBeLWFB2KS,003nsgeIHO1g0nDAA9,Contact
0REiAzXW7MeFWGBGU4,Maybe,Tentative,2025-08-21T11:00:36Z,1,0,00UCX6PJBOensAWURB,003fXRtYH2J1xp9ADS,Contact
0REn3wpF9hW3FJYOGU,Declined,Declined,2021-09-20T10:05:06Z,1,0,00Uq7ajxDulXdz1MJA,00QKd3JzZcAFu5SEY4,Lead
0RE9x4vu3lK4eK0OLV,New,No response,2021-12-09T06:49:53Z,1,0,00URgB6CB7tUg4HU6Z,003PG11g6TmXEpFQ1I,Contact
0RESTRMNvciicK9OK1,New,No response,2025-06-03T03:53:43Z,1,0,00UOI2CVMUUwlUIM21,001FvdsL8UlrHiPQB9,Account
0RE2rak3mw7jdrV4V5,Declined,Declined,2024-12-26T20:46:51Z,1,0,00Un5qrsQZIN1CyM6W,005krCc5IJC2wfdQ2P,User
0REJkvROTDe2VsfOC5,Declined,Declined,2023-11-14T01:19:03Z,1,0,00UavRz9weSZHpEUMD,,
0REeMBhHHpiFN6nWID,Accepted,Accepted,2025-02-23T00:02:57Z,1,0,00ULhwhDl4rVerkM5R,005Vo9gpxbtHjOOIMV,User
0REmKO64rk3B4wnWOB,New,No response,2024-08-21T11:50:19Z,1,0,00UIGPqlF4WWVw9MFQ,005lGkJeYS6wczpY2Q,User
0REdrxIocecRac9OLB,New,No response,2021-03-04T17:25:11Z,1,0,00UbHsAuzw6GnXKESI,,
0REGtabrlKl72VGWPS,Accepted,Accepted,2026-06-10T14:02:22Z,1,0,00UGkOx2W8cB6l2URN,00Q9yLPNelbjke2UL4,Lead
0RESudAICpJuIHGGPJ,New,No response,2022-06-07T19:30:37Z,1,0,00UO9XBRp22ABkhUR5,003x2qh3J4SQZafI4R,Contact
0RErr7u5blIiYBTWPM,Maybe,Tentative,2024-10-28T08:29:26Z,1,0,00Utu03Y8POsJdIM7L,001FvdsL8UlrHiPQB9,Account
0RE8IfpVnD3vGpbWJH,Maybe,Tentative,2025-10-29T04:53:40Z,1,0,00UATIkZBb08gGHEFR,003zZN7kTdFUNzWQF9,Contact
0RElRLeqT71nooL4IA,Accepted,Accepted,2022-06-24T08:09:55Z,1,0,00UtfVUhe7a53XtMB3,005Nr8mKUnQ3oinATY,User
0REJ6bt0S2OtdiE4FZ,New,No response,2024-06-04T14:08:22Z,1,0,00U9iyIJgGRLfYAMSM,005Nr8mKUnQ3oinATY,User
0REiJdRoAi1HC1DO7C,Accepted,Accepted,2025-08-27T10:05:18Z,1,0,00UyQc1xqYO1xfUU49,003LBAW1Qwmk9A3QHR,Contact
0REF4oVQTVxghyqGCR,Declined,Declined,2021-11-04T00:28:38Z,1,0,00UCMG0OwZRr8jAUV8,,
0REkEZbTJOhs7ZJW5Q,Accepted,Accepted,2023-03-31T11:29:49Z,1,0,00UpwG0lEyBVA5s2SJ,003YP7uuJj5v7HqAZ1,Contact
0REU69LU2FJI3ZQG2A,New,No response,2025-07-07T23:24:13Z,1,0,00UXNrHHVZR1jV32E5,00157KzajWkpJuEKH0,Lead
0REg3SZ1vkqB0q7ONS,Declined,Declined,2021-12-24T12:47:43Z,1,0,00URNCGZbCAgx7wEUE,0035heRF4LfS5QHQ5B,Contact
0REHBx8yAdH0G48WWE,New,No response,2024-08-22T03:16:57Z,1,0,00U02xyscj43T9P2UQ,0038KoaB9nxZsSwIJL,Contact
0REPHX38S4bYPIaOC7,Maybe,Tentative,2025-09-27T19:41:01Z,1,0,00UGNPU5hZL3yz72SH,003pNoEJMAg1mnsABE,Contact
0REcBwevNYutTiwODZ,Declined,Declined,2026-04-18T10:30:04Z,1,0,00U5LqfdtcE5Ik0E4T,001smmPkB9oOSZnIQW,Account
0RE1YibRScUbKQZ4U2,Declined,Declined,2026-02-27T02:02:47Z,1,0,00UnaInbx2j0pFPMQF,003k49EWqm8xZQ600Y,Lead
0RErqQhhbRKdn82WO6,New,No response,2024-09-02T09:35:23Z,1,0,00UAnC2Rqnw0dTk27X,003FleqxJrSVsQzIBE,Contact
0REVXPHRz98j2yD4EX,Declined,Declined,2024-04-16T23:42:05Z,1,0,00UsoVCFSzk01JSUCB,0058ltZKG17vpJbQJK,User
0REmf8D1r1KnRk34S2,New,No response,2023-07-07T20:52:37Z,1,0,00UeYifRbJJMRNGM85,003LnI9G4tD6Pl4QW5,Contact
0REuHBcADhlFGPTWYU,Accepted,Accepted,2022-06-05T07:13:59Z,1,0,00U8bAb00giTSFRM1C,00Q5TIfsc1dzOceU1U,Lead
0REVosvb3iWiys5W83,Accepted,Accepted,2021-03-05T21:10:56Z,1,0,00UPXWy6HIRRkDyEFK,,
0REykhXgShnGC2gWFK,Maybe,Tentative,2021-07-14T20:57:29Z,1,0,00UdNxfpwygWoU72OI,00Q65IBKALbx7QcM4Y,Lead
0REq27rGROrza5gGIF,Maybe,Tentative,2025-07-21T14:28:06Z,1,0,00UVSmjvnHLH9mMMDX,003glOPy3BD2di1YT6,Contact
0REGuEd8LQ6hPiFGHB,Maybe,Tentative,2023-04-25T12:18:22Z,1,0,00Uznp7Z4afNOlB2C3,005dxKTxH6gxu99IEO,User
0RE0unzNGdnhCeNWXO,New,No response,2023-11-13T13:03:26Z,1,0,00UIGPqlF4WWVw9MFQ,003rKCQ5NwAa16AY52,Contact
0REVOT5JjAZB1JY4W8,Maybe,Tentative,2022-04-13T20:30:50Z,1,0,00UWklDZDaX6MeTMPC,001kgFF0qALhnGGYD4,Account
0RE6V20U5GjCQ3aONW,Maybe,Tentative,2022-11-30T09:37:06Z,1,0,00UHndawDDMEWoV20L,,
0REYJHY9UKCgR2eOJD,Maybe,Tentative,2021-05-16T12:44:32Z,1,0,00UteNxLz8qC426MYS,003bzqCPhHkdWt9INI,Contact
0REVgXtBehhkUU1WOS,Declined,Declined,2026-03-30T15:55:23Z,1,0,00UGnge6eyDVtvEMF0,,
0REln0OSY2KLhs6WJZ,Declined,Declined,2025-09-24T12:07:00Z,1,0,00UX1KcAi1DbszaMHF,00QnQIyfirNOw2bELH,Lead
0REqWREOPKJ3RIOG6M,Accepted,Accepted,2021-12-29T22:51:48Z,1,0,00UA6ZAUTW1qldB2KE,003hhxZFiMZEnBvAAR,Contact
0REW0OYCvlNjZV64JH,Maybe,Tentative,2022-08-30T18:17:50Z,1,0,00U1Z8gjeC2zMcVUIU,003dPfEG6RDwEw1Y3I,Contact
0REijv0aek7KCQiGN7,Maybe,Tentative,2023-02-08T11:31:51Z,1,0,00Uo76PQl7DBua5M44,003rN87YQtO4m2UQGR,Contact
0REnlNrGIrVOHnH4TY,Declined,Declined,2025-08-22T04:42:35Z,1,0,00U3JhGvdQcloUf24A,003MpYMZE7fF1T1AN0,Contact
0REcaE4TSN48r3NG8M,Declined,Declined,2024-09-24T00:38:20Z,1,0,00U587dpi3zNZqWMW8,003zvs8l0C9dJyOIX3,Contact
0REhuvBOvyc8KsCG7Z,Accepted,Accepted,2023-07-25T11:02:01Z,1,0,00UWR6Uhj9oz85E2XL,003mvVQdkNBgEFkA0U,Contact
0REfJ0Bys5NA5fwGSO,Maybe,Tentative,2022-01-19T16:43:59Z,1,0,00UfXRPnNH74shAMG7,003EimXQejACmoNYOP,Contact
0REWoB4fGEQ2BomGZQ,Accepted,Accepted,2021-08-04T16:30:43Z,1,0,00UbA637mpjaEocEWQ,001Ss8BCePpccqOF7K,Lead
0RE5pYjc1JC1pbnOL0,Accepted,Accepted,2023-05-10T16:04:45Z,1,0,00U9JWeVsrD71522DU,00Qpq3S5LbWHdpbU3A,Lead
0REoiIArlCZ0ZuLWBW,Maybe,Tentative,2023-03-17T16:49:15Z,1,0,00UdM8viI0kqJTfESL,,
0RE8lGr6wifKiTp4FA,Accepted,Accepted,2025-01-13T18:14:54Z,1,0,00UAP3QMFkmulwQURD,,
0REMZGAXez8WbT84XJ,Declined,Declined,2024-06-03T00:56:11Z,1,0,00UwwbwNbq7wB7g2E3,00373EqRvAJ5BuGQVH,Contact
0REpXMwgNJ2SBhfWX3,Maybe,Tentative,2022-09-16T09:37:07Z,1,0,00U4Xh1OjInq7GFMXC,005TU4vqRu98dHsY03,User
0RErZqw6YcHMSODOAV,Accepted,Accepted,2025-11-02T02:46:57Z,1,0,00Uj6uvvI0SobfgMWY,,
0REUK7GIhIkb3mHODC,Accepted,Accepted,2023-03-06T23:24:26Z,1,0,00U006jc1bWsLA7UMJ,003ivx8Uf855JuuQL9,Contact
0REAuB6QKZMS0wOOYH,Maybe,Tentative,2024-06-24T15:11:55Z,1,0,00UYuhgsNRY4RNuELM,003aAh08ESXLLNf8RY,Lead
0REWNXupVl111Nk4QJ,Declined,Declined,2023-04-07T19:52:10Z,1,0,00U9kYIT7GGU0lhEAA,0036GAztXD6NgynYLN,Contact
0REoYXppweCjidlO5P,New,No response,2026-04-04T14:02:41Z,1,0,00UwVp0ZRkbpLJ5E5G,005dxKTxH6gxu99IEO,User
0REgFSsSZFZiWSUOLC,New,No response,2025-08-15T10:44:58Z,1,0,00USTx0jvSxPJns298,005qn7LR76DmPdbQZN,User
0REedU3NjpGkK8GGS2,Declined,Declined,2025-12-14T23:47:46Z,1,0,00UWwrz2xXwDqSEE14,003PVjht8so2oTdQOV,Contact
0REFv9pDevl3bJJOBR,Declined,Declined,2022-04-16T08:32:12Z,1,0,00UHz84ysZpPucuEX3,001OR7GRtb417SOIE9,Account
0REh2X9VkPxRn9SW1Y,Maybe,Tentative,2024-12-25T00:30:25Z,1,0,00UNX6dWRprbcebEWO,00394wQRWKSVri5I25,Contact
0REU1vC3g2xYmPt4BG,Accepted,Accepted,2026-03-02T06:16:10Z,1,0,00UO39gm72XmtfNU2B,003fyk5MA1CwLYWYGO,Contact
0RE0nCX9vLgEXBxGVE,New,No response,2023-03-20T11:23:21Z,1,0,00UnCCO2iuMa3czEFN,003vQpw69dMhJp4Q6L,Contact
0REhWIkM8J3ah9UWL6,Declined,Declined,2022-05-30T09:52:32Z,1,0,00Ubxmpa4ySbquBUJK,003iMhFEz9vvPp9AEG,Contact
0REkGRG0TDz5mYgWRJ,Maybe,Tentative,2025-02-02T23:21:47Z,1,0,00UA1WE5T4Eph5BED2,003PDVgkuWRXxQKQ3C,Contact
0REAx7va8C47P1zOLM,New,No response,2025-03-13T23:24:39Z,1,0,00UoesQH8LLQKNf2A4,003F7xNHwBJn7AfAYF,Contact
0REs1ZGAqmaqonROQ1,Maybe,Tentative,2022-07-15T18:44:52Z,1,0,00UvYaCPNIPED5BMFS,003BpLOEBjhtrpuQWV,Contact
0REvEUB9Dm2Tt8vOO4,Maybe,Tentative,2026-01-06T10:13:27Z,1,0,00UjqJ4Ra4tjEPEU72,003FTdCX8an6rHoAK5,Contact
0REicWgLlCTrHyVG5Y,Maybe,Tentative,2023-03-19T17:12:48Z,1,0,00UbeA9GGFTvKVTEHX,001j6nRokzRlCs1Y07,Account
0REHgDJOyh5f0uD4VC,New,No response,2023-12-14T11:37:42Z,1,0,00UkdWkERC8HS50MSB,00QR40ShDN6aJIW2P4,Lead
0REMBanQKOqdNsOW6Q,Declined,Declined,2025-05-19T05:49:26Z,1,0,00UUqf6ZZ7uVn3SUNA,001X3Yql9lqICvlQUO,Account
0REGVuygIA5kJx0OF9,Maybe,Tentative,2021-02-27T23:03:02Z,1,0,00UPfkqBosHYrxEMF1,001OLdGcwV4anrfQXZ,Account
0REsFwz1How4pKeGZ1,Accepted,Accepted,2026-05-04T20:46:14Z,1,0,00UyuGFc5HjWpxsEBI,00QWt1rumb5jINDMM9,Lead
0REMPY2laYEypLIOIE,New,No response,2022-02-16T22:53:37Z,1,0,00UhYXUHAF3XCaNUXS,003qYH0SqftXW1aYMH,Contact
0REiUefcNbrysBHO3G,Accepted,Accepted,2026-03-10T05:21:02Z,1,0,00UWwrz2xXwDqSEE14,003jPpwwDoAri1LIRC,Contact
0REkcxDWvPkqNiRG48,New,No response,2022-07-13T06:29:34Z,1,0,00UpX7VFvM5Kc5GMLY,001L6QQcpJ1qXB2Y62,Account
0REqYuMQjIcI8K9OYP,New,No response,2021-05-19T10:47:26Z,1,0,00Ul27lrPJGsrmOUY6,003DHT1BWwla1twQJQ,Contact
0REfir4z70cGxoM4ZK,Accepted,Accepted,2022-07-10T10:44:35Z,1,0,00UDLrAIjCzARpkMRH,0019laP52dnqWh3AF4,Account
0RE7pkWqjChS6hkG95,Accepted,Accepted,2023-02-20T18:01:53Z,1,0,00ULBeFjbnxLii6EY0,003bpliG0OQeBdQAX0,Contact
0REKwXvY3r5RRUhWIF,Accepted,Accepted,2024-06-21T06:18:47Z,1,0,00U4Xh1OjInq7GFMXC,,
0REgHcBIlpvepyHWR2,Accepted,Accepted,2023-11-19T08:18:08Z,1,0,00UuqlhXprpOtvl2Z1,001da32nOD3rSAW1LW,Lead
0REtGF5sspT8k2xWFC,Declined,Declined,2023-12-05T09:41:23Z,1,0,00UfU794VcSj7fW2BN,003QUdPFTL5lmb9I29,Contact
0RE1zd5dpeA0ZLvW9E,Declined,Declined,2023-04-30T12:04:15Z,1,0,00U84Lwy3pzvnTiMPB,001qdzVzEft9QHHY1E,Account
0REkul4UBWVwZ71ODR,Declined,Declined,2023-07-24T04:07:52Z,1,0,00UXSTBibDT5LGdM52,003cWUYjziFUXOoIW9,Contact
0RE5gtER9mGtka1OW2,New,No response,2022-06-26T20:41:07Z,1,0,00UJtyItk8s8jnVERP,005dxKTxH6gxu99IEO,User
0RE7JywBKOEhzVVWVC,Declined,Declined,2021-11-06T08:28:38Z,1,0,00UoWYnt9PN8ovyMB4,0032A6uRmKTbKt8ADF,Contact
0REXQpRMcnsY54fO07,Accepted,Accepted,2021-12-14T14:19:42Z,1,0,00UhV6jFsw4AAMOMIK,003KHRGIQ3LptrWQF1,Contact
0REIQXeKnndUIzuOBM,New,No response,2021-08-28T09:59:04Z,1,0,00UYqpNQnTRwNPzUP3,003t8jpzMj1nP8TQM3,Contact
0REWkXfFO40nLh4WI3,Declined,Declined,2023-04-08T13:49:08Z,1,0,00UTMq2FZBNbQYg2LW,003CTAk4NcTPhsDQVS,Contact
0RE5wswqrgtmsKFOND,New,No response,2022-12-03T21:08:11Z,1,0,00UqR5d3NWvIMC6MRJ,001uaLZFmzUomVXQGA,Account
0RExqUyo5gggQ3MWJS,Declined,Declined,2022-05-26T17:13:01Z,1,0,00Uznp7Z4afNOlB2C3,003rCLXjA5zuMQ9YSM,Contact
0REDvwxnWoAIEZDGEX,Accepted,Accepted,2021-03-11T13:21:28Z,1,0,00U5YXQnFo95NntUN9,003m5pW1jukUWzjARJ,Contact
0REZe86uuG67AFtGMI,Declined,Declined,2025-04-30T15:15:34Z,1,0,00U3enLhcwurzgkEBJ,001ukaOZb8PEgK8SHS,Lead
0REDGH1KTgq3HWDW48,Declined,Declined,2025-09-01T01:03:40Z,1,0,00U8YMybybiGtOVEHL,003JIxQoODFL9M0IVQ,Contact
0REJx77loKO4AQbW9I,Accepted,Accepted,2023-09-18T05:56:40Z,1,0,00UCTT0yQVzTiWwMD2,0059nawAahYTYIrL6T,Lead
0RECa926Smkb5lYW1O,Maybe,Tentative,2026-01-12T02:12:06Z,1,0,00UDQ6ZFmYqzGKPE35,001vuI7W5NKUSqVAGG,Account
0RElDaI527Qjl4QOAM,Declined,Declined,2025-03-03T19:19:57Z,1,0,00UCvrIPANPUXK82Y0,003zoXe7FbPdXtfACG,Contact
0REtRhAKrUDLE9HGCT,New,No response,2023-01-07T11:59:16Z,1,0,00UCX6PJBOensAWURB,001Ok5JQopT2gTPQYR,Account
0REZLCm9NfDsilsGMV,New,No response,2025-06-29T18:06:45Z,1,0,00Uy0TzUgiWEoU1M85,003VZ91E2HD5eLsYOI,Contact
0REjEiFqnuwaf8wGB7,Maybe,Tentative,2021-07-14T04:21:55Z,1,0,00UoPilo31WktqaMFS,001CXiPlYrfwSgoQU2,Account
0RElkdUW93w3dgQ49S,New,No response,2023-07-04T18:39:13Z,1,0,00UfhFotZMhgFY62YG,00QI5geDEvC5jgXM9Y,Lead
0REPOw2ZXzaVgaWGBS,New,No response,2022-09-26T19:50:06Z,1,0,00UK9xpSxKTrLXC2CF,005dxKTxH6gxu99IEO,User
0REfTt3C29pxCdtOH2,New,No response,2023-05-23T15:24:15Z,1,0,00Ulz6T12ptyxIyM9J,005Vo9gpxbtHjOOIMV,User
0REq63V0iExvHLo40S,New,No response,2025-07-29T16:35:30Z,1,0,00UwxWNHb7VQEJ2UNL,003S8wRLfGomGFCAY7,Contact
0REDeiaeufvg9ZS4A5,Maybe,Tentative,2021-12-25T21:56:53Z,1,0,00UAFhyMJdHNquSM2D,003BxoQAfxO1TrZYEW,Contact
0REtRXXedfjJYLMWH5,Declined,Declined,2021-02-27T19:56:15Z,1,0,00UJZn38nM51Q8tMYA,003BezGw71lXosXA9D,Contact
0RE9LtcGgb02f0UO7M,Accepted,Accepted,2021-12-17T12:44:28Z,1,0,00U4ChaQQX8JIrWMTM,,
0REYU58sbBcobdOWI6,Accepted,Accepted,2021-12-17T03:37:21Z,1,0,00UedAUGGvcon1REFD,,
0RE0odomvfCRD8sGCP,Maybe,Tentative,2022-07-12T10:15:47Z,1,0,00UwpMjRfQTQ2aU220,003hYM21azNCP10ID1,Contact
0REnfxqYxbToh5HGMR,Accepted,Accepted,2023-07-01T00:18:35Z,1,0,00UP3SqkGQVo7acER0,00Q0zfIspGrvM4vUZ2,Lead
0REOGKLWNUeJrAfG54,Maybe,Tentative,2026-01-22T21:32:40Z,1,0,00U9hJ5kdVNx3NaEDO,00QU7WIntLyECKlUB8,Lead
0REZ8ki8hEEca3LOPZ,Declined,Declined,2022-12-22T14:42:47Z,1,0,00UzPpwjzOlnKoZEVD,003vrwFdLqT9RU4YM9,Contact
0REg5PGTgczBQk3O7T,New,No response,2021-11-23T11:45:46Z,1,0,00Uyh2XGwG1T55mUEE,00195IoHhooLntmYBW,Account
0RE8YaXCEznYpNjOTS,Declined,Declined,2025-01-17T09:48:25Z,1,0,00UVVdnLYCmwYT4EXO,,
0REpYRltz6qM7RRO12,Maybe,Tentative,2021-06-26T23:25:08Z,1,0,00UnlqMMDrcvEY72XN,005lJuJ789IRmEmQF4,User
0RErvTuEN1mRRlQ4AK,Declined,Declined,2025-10-09T13:30:06Z,1,0,00UqCvCix2G9Y9wEAL,00Q7vbkiFLdkwyi2IB,Lead
0REz8vKAH1iIbScGHK,Declined,Declined,2025-12-10T09:51:08Z,1,0,00U6F9ymHSpk067ER6,005nzeP1FFxSfMhQ5C,User
0REaZDgQWPIOlbuOU7,Accepted,Accepted,2025-06-24T13:52:27Z,1,0,00USJMelxAjkKIyUHO,0056BILiQX0m1w8QY3,User
0REwUOKffelw46tGBD,Maybe,Tentative,2023-11-24T13:09:53Z,1,0,00UI4KPMNlyrvkO23Y,001Rc1LJzjoerNoYJJ,Account
0REradqVG1NJIXFWLO,New,No response,2023-04-08T17:56:50Z,1,0,00UXVS985Q7b6rCMHP,003I7Bgv5zLxifTI9W,Contact
0REdRFJOjvJX0Xi4RA,Maybe,Tentative,2026-01-04T17:40:27Z,1,0,00UfhUQUO9FsP3ZEYH,003ZbZQM8O4y5KxAWK,Contact
0RET7m93SE6kmGBO4P,Accepted,Accepted,2021-09-14T20:53:32Z,1,0,00UthIZofVsSjEHU9V,005lhMYUKPuvXDoIO8,User
0REkOkhwjjPeRNt42O,Accepted,Accepted,2024-01-02T18:32:35Z,1,0,00Urz90O5EhINKkMH9,005wmbTnVpYGoJ1AGI,User
0RE7Cf9fy9a03vP4TF,Accepted,Accepted,2025-11-13T23:06:01Z,1,0,00UOowDFHk5Qt8lE2H,0013e2Rh2QW4yB5YBM,Account
0REoU0Q3H7pPgHxGT2,Maybe,Tentative,2025-09-29T18:12:08Z,1,0,00Um2mD30uTvCkZ2A3,003hLNSmMYZxGYWWZW,Lead
0REK9YrIW60kO4D4D1,New,No response,2026-01-22T14:36:22Z,1,0,00UWYD0y5sYmSSaE0A,003ftniDDEnnixkI5V,Contact
0REpzgtOdE1tvVO4K7,New,No response,2023-10-14T05:39:02Z,1,0,00UflFVwDlj1l6EU9H,005uepIIzxcmHrDI1O,User
0RExLaTBhRpYEEvG99,Accepted,Accepted,2022-06-25T14:07:17Z,1,0,00U0aYFpZlwRqLmMTG,005hp0uS7WWG0emI9I,User
0REWqpAs7QfHWrnO4S,Accepted,Accepted,2024-08-04T08:01:25Z,1,0,00U0bnNFasPcdco2P7,003HBVGQR6X79NxAFG,Contact
0REQ5qVLssFCCGC4NU,New,No response,2022-09-15T11:53:44Z,1,0,00UbUAcwVSWo9GcEPQ,,
0RE85EnPd31lQzaGUL,New,No response,2025-04-10T18:35:38Z,1,0,00UouwJFUEI5xfKUCQ,0057ufaHufy75ktAX1,User
0REZCdajSpOfI6IGH2,Declined,Declined,2023-02-28T02:57:21Z,1,0,00UBqV8F4w7Kc47U18,001lpuGrFmSTBnuY0M,Account
0REEHHgQB6GKF3b4G2,New,No response,2026-04-26T22:22:15Z,1,0,00UEjVSvdGRbXlRM7T,003z0SFUtDimbQwAKL,Contact
0REbMtguASfp1fOG2W,Declined,Declined,2025-11-10T15:50:15Z,1,0,00U7Tp7aW8fugqLMBI,,
0RESk3cDw306KUwWB9,New,No response,2026-05-22T19:58:59Z,1,0,00UvAFMZZOSxJRfEKL,003O70ZTNvghWTKGIL,Lead
0REmhshNddAZr4bOD1,Maybe,Tentative,2025-09-22T13:24:47Z,1,0,00UIyJLZqGvyMsI2XV,005dY26xUNDmki4A5N,User
0REjXnnWLOFFtl1GCY,Declined,Declined,2022-06-17T10:55:32Z,1,0,00UMaVZgqvu5AOQ20G,003DGGaZmOdCBiTII5,Contact
0REqi3YfGgn3hXJG5B,Declined,Declined,2025-02-02T12:02:47Z,1,0,00U9D3z4qYOZACg2DS,0034AowUY4tLX6BIQL,Contact
0REwfzdWVk3yTa0GC8,Maybe,Tentative,2024-06-26T03:08:25Z,1,0,00UHz84ysZpPucuEX3,005xwhqeeWgm4agYMN,User
0REIXV9OUiD8c6tOPO,Accepted,Accepted,2025-02-24T08:51:27Z,1,0,00UmYQ2eIRtrV5CE4U,005qptAZodwwrZzYUF,User
0REgeqblo0kAyLRO1L,Accepted,Accepted,2025-05-16T16:18:59Z,1,0,00UcL6t5NwR12EmEW7,003km1KrLUTF6h7A5Y,Contact
0REH9MkKGuWnp5sG2Y,Maybe,Tentative,2024-11-19T01:43:54Z,1,0,00UKvIed67kzJcWE02,,
0REsOqUWZ8Ch1D54XJ,New,No response,2021-08-07T09:23:00Z,1,0,00U6xyGBJpFn5uX27R,001Xr4ot1oG2AteQ4O,Account
0RE0Xv3gnvIRs50W13,Accepted,Accepted,2022-12-13T03:41:38Z,1,0,00UGJy1PNPijfpAUO9,005jW0WkCs1awbUYLA,User
0RE2I5XIoZCfpHkWMA,Accepted,Accepted,2021-02-09T21:08:52Z,1,0,00UnZ0lRwaoxhPtMB2,003MrOyeJlczlEjQEN,Contact
0REFX4h7sp5AKUfG6U,Accepted,Accepted,2025-04-17T05:11:03Z,1,0,00U9KfeONVWF8YAEZS,00QNDCwLaTKC4m5ZLB,Lead
0RELryiKIl9ojXs437,Declined,Declined,2022-05-15T05:02:59Z,1,0,00U006jc1bWsLA7UMJ,003xoJjqRuD6JQuINX,Contact
0RE6nLf7eMCtNyP4PL,Maybe,Tentative,2025-02-27T07:07:34Z,1,0,00Uj4SwOvovM1sPEGS,00QOLHAcI6p9gAOEVV,Lead
0RECYKRl3X5KmsyWCK,New,No response,2023-06-19T14:47:11Z,1,0,00UwVp0ZRkbpLJ5E5G,,
0REACzDWlK0dtIg4Y0,Maybe,Tentative,2023-02-10T22:23:48Z,1,0,00Uoj8iRb4KLqZA2G9,003ASaHRefQaSKZQ23,Contact
0REwTdA5hu4UMfD445,Accepted,Accepted,2023-05-07T12:56:40Z,1,0,00U006jc1bWsLA7UMJ,00QcrYFmV4djxTID59,Lead
0REwMqj4NKlgvoXOWT,Declined,Declined,2021-08-06T15:01:27Z,1,0,00U7ZBjU3ViW3wsMUT,003VFTZy2oG0jsrAS1,Contact
0RE7Fvje9MurbitGWM,New,No response,2025-02-14T12:11:15Z,1,0,00UWXP37DmDVipG2RF,003x8fjgq3Azg0PQN3,Contact
0REUnOqcjgjjzgnOG0,Accepted,Accepted,2022-05-14T21:22:50Z,1,0,00UQoD86FXVZCDt2QJ,005ztlrbFPcuOLhY8F,User
0REGGYtcrYjFFIEOLA,Maybe,Tentative,2025-05-08T12:07:13Z,1,0,00UiXmrGTcQQJsdU3F,003XLYg95CtXxfyIBH,Contact
0REkuoyAMlMdkTBWH9,Accepted,Accepted,2021-10-04T15:08:45Z,1,0,00U9UVeuvLCqDrIUSQ,003wFfQ0Kj6gykpQR8,Contact
0REs8AlzE6ltYUo4T1,Accepted,Accepted,2024-02-25T06:34:57Z,1,0,00U8pbIF7AhJqbgUZJ,003mOkC58L5m0JSIM2,Contact
0REGBQwOIzlUQjT43C,Maybe,Tentative,2026-04-14T05:53:51Z,1,0,00Ujb7sh898jpUqM4K,0031crtlbZFTq9oYI5,Contact
0REZUqX0yJwD10qOM8,New,No response,2026-06-30T09:47:03Z,1,0,00U7Zwzi9WKRPBHUNH,0039hNH0CIA8DWVYE1,Contact
0REKjHYiRnQZwdNO2X,New,No response,2025-05-17T21:52:21Z,1,0,00UtC4oUhvp1Y8nEZD,003C5xjym5yCYp0YF4,Contact
0REjThafTgUI9NVGRU,New,No response,2022-03-26T08:24:30Z,1,0,00UiaPRRsjIBvzc2G0,003XwlOCCmKzlaJARA,Contact
0REigYPXcZnWbIW45H,New,No response,2023-11-01T13:39:23Z,1,0,00UtRQedqwOz9b8UWD,00Q9ntQObqbyQ5jEJZ,Lead
0REXMY6nR69qDoxG2L,New,No response,2025-10-02T20:39:40Z,1,0,00UKySiSoUPCyMl2AT,00Qw8cqHO6OxQsL217,Lead
0RECXsSeLabUJY8GEX,Maybe,Tentative,2026-01-16T03:08:28Z,1,0,00UFIFMdlBVquorEKB,0035XXulAeWBcYeIKT,Contact
0REqy2IgITXKKIjWWH,Maybe,Tentative,2025-12-31T10:59:15Z,1,0,00UJW47MibOHEj3UD5,0030VnwN9BYQ14jQG1,Contact
0REyzjJCFyDgLl54R8,Accepted,Accepted,2023-10-03T19:26:43Z,1,0,00UZiQRQ48mhT9hELG,005IKQxHrnOfGBxYIU,User
0REXlmKK4qdIxVa4RC,Declined,Declined,2026-04-05T14:25:13Z,1,0,00Urxmee4MSMYEp29T,003nQPALgi7cRY6QP7,Contact
0REpdqoGevnhcst4G4,Maybe,Tentative,2021-11-22T21:39:06Z,1,0,00UrZpvbnDvUy5VMKU,003a7v5rClLranGAZQ,Contact
0RE1OVQOjzfvdMIWPR,New,No response,2022-10-15T07:57:28Z,1,0,00U3D6mdnvBH983U1J,0014pV3Hc4QcEQfYGG,Account
0REZiwUlXJdvAmC49S,New,No response,2023-05-07T07:55:17Z,1,0,00USDeIUAvTv5jj2E8,,
0RESfK3jdKABY0hO19,Declined,Declined,2022-11-01T01:44:16Z,1,0,00UzPfB6VKv0OwpETI,005hTpAX3O60UK0AAJ,User
0RExbVZX2nwOkKOG29,Maybe,Tentative,2023-01-14T08:41:14Z,1,0,00Ur28gpcGOudULMJ9,00QS5B6PThaYMLmMDC,Lead
0REtLJfqwSpnjYTOVN,Accepted,Accepted,2024-09-10T04:56:29Z,1,0,00Uoa5lt6NNLjOsU2T,00334AohxHZpdepQZO,Contact
0REOhnMcn69pNKIWPD,New,No response,2022-02-04T09:17:33Z,1,0,00Ulz6T12ptyxIyM9J,005yrzZ2QLuB1ZZYH4,User
0REmT06tsW80CZSWPP,Declined,Declined,2026-01-28T12:29:10Z,1,0,00U1DVL29P2WZc1U1S,003YF00aMIjSewVQZQ,Contact
0REIMOJCp3GWk2POOC,Accepted,Accepted,2026-06-16T01:48:07Z,1,0,00U5u6KTdncrvhdM6E,003UGv6TgrJ2iwnIYY,Contact
0REuzx39T4J7t84GLT,Declined,Declined,2023-12-19T19:59:25Z,1,0,00UVbAh3FH9D2tXMGA,,
0REJMRBtbd7KxG7W7G,New,No response,2023-04-04T15:37:53Z,1,0,00UYaV51OwfggPwE6E,003WEgjwl1vIvbnIIG,Contact
0REjn04hjNVlWpSGL9,Accepted,Accepted,2023-10-23T23:38:10Z,1,0,00U587dpi3zNZqWMW8,003724XN1HXXGaOYRR,Contact
0REkQHYLLioZpXFW8M,Declined,Declined,2024-12-28T21:04:03Z,1,0,00UjBFxdgwTdNdS2JW,,
0REtR8L3Ci0RVOnGXL,New,No response,2024-02-18T11:18:51Z,1,0,00UATIkZBb08gGHEFR,005Vo9gpxbtHjOOIMV,User
0REMlczZEKxRbnjGFA,Accepted,Accepted,2023-06-04T15:17:10Z,1,0,00UeUiywtXrPKxjMFA,001TgK7Trt797foQCB,Account
0REwN9G9BSbtPsrG6T,Declined,Declined,2024-12-24T19:57:00Z,1,0,00UPjcnqpV2SvHZ2DF,00QktQpiFiKQBaqUFB,Lead
0REHGQhlQlznLOsOQ2,Declined,Declined,2024-10-06T16:09:06Z,1,0,00U006jc1bWsLA7UMJ,003plVd4vJoJbCjYVJ,Contact
0REh9ANR3wZEE9hO8E,Maybe,Tentative,2026-03-26T22:00:22Z,1,0,00Us2YMY12oodhOEWX,0012Mm2CXMo3FSXAIK,Account
0REeCJ8SAPnLcP4WHN,New,No response,2023-12-10T14:54:50Z,1,0,00U9x6dHIWrZnlv2TV,0030bBuhufDcozbAA3,Contact
0REG2doSdQEEjJ84SB,Accepted,Accepted,2024-09-14T10:43:04Z,1,0,00UhLbjYqpA67HQ2SA,0033S4zFH6f42hbINE,Contact
0REKoLXy54Fk9jV4XC,Declined,Declined,2021-08-12T01:51:20Z,1,0,00UJEThYfEvt89eUO9,,
0REd2GeaeRuhcNM442,New,No response,2023-06-28T09:44:42Z,1,0,00U5a5U73ur1rgWM30,003VTvmrlQmQQa0AKQ,Contact
0RE5mbeEBg0pxDsGWC,New,No response,2024-05-04T07:10:55Z,1,0,00U81FIifx66dIB2WY,00Q56WOYc8rtPLUMKI,Lead
0RESkAeIOIgHzqOG5W,Maybe,Tentative,2024-06-12T02:28:18Z,1,0,00U6F9ymHSpk067ER6,003HfRHZstikM70IAV,Contact
0REvzWqnpXnVlj2G20,Maybe,Tentative,2026-06-07T11:17:01Z,1,0,00UXcWDqmA4R4AuE8X,00QTflKsP9z2AIeU9L,Lead
0RE8NSF7ecPBw3343Y,Accepted,Accepted,2021-04-29T21:47:15Z,1,0,00Uwihl259y83IQMPC,003cvhNN1iOTchhY1V,Contact
0RE4tZ7FiV0aQTBONK,New,No response,2022-05-03T10:18:55Z,1,0,00UOB4E8AaAo06BEH3,003yJH9AwCu69sSZ08,Lead
0REoBceNdWMgvyAOMR,Accepted,Accepted,2025-03-14T00:57:34Z,1,0,00UuWxDXsVCxHHyU67,0036IDX41NFUzcsQYY,Contact
0REq9dUejgr9MrpOO9,Declined,Declined,2023-07-04T14:02:19Z,1,0,00UIEvvwpgPAb2oURV,005pAoa72XGI02qYGZ,User
0REluNSRq5GEkyDO7U,New,No response,2022-02-09T03:23:02Z,1,0,00UE93xAUhKKfADEKI,001EfCWGYJDN0FJVGQ,Lead
0REpzj2ejCET8dWGY0,Maybe,Tentative,2021-07-04T04:33:37Z,1,0,00UOz8c6fh5h3QCMOB,003HrSEjdZAAENtY07,Contact
0REziX4uwEgkXAQ4EZ,Declined,Declined,2024-05-23T08:58:19Z,1,0,00UtC4oUhvp1Y8nEZD,,
0RENM6h7nkj1Enj4XT,New,No response,2021-01-19T13:14:31Z,1,0,00U1sFx3E4KdDmPEAM,0059cNiXLcpBkagI2J,User
0REM2IsmSwGCMofWYV,New,No response,2025-10-21T12:50:17Z,1,0,00Ub5ffMdLMa5oKU08,003W4DKHKXcD4DQQF7,Contact
0REUTeuFN5SwOwqGMI,New,No response,2022-01-06T00:49:48Z,1,0,00UuSU68kWnBr4hUI2,005ztlrbFPcuOLhY8F,User
0REyKcKOQjQSUavWB1,Maybe,Tentative,2021-03-25T08:57:07Z,1,0,00U0MfbCnQKEhGtM3Q,00QKJ0FOcINBUev7JL,Lead
0REhv28H5MbO3obGF6,Maybe,Tentative,2026-05-11T19:07:37Z,1,0,00UVYUkDkKR8QzC28Q,003BRwu2sKtgDFJIUG,Contact
0REAwc04njLyCwJ4Y0,Declined,Declined,2022-06-11T03:55:32Z,1,0,00UAXW54cbGb8TU2XZ,,
0REIHnnBZoMxUc2OK8,Declined,Declined,2022-03-12T04:15:41Z,1,0,00U5MpJghMNQ6oyM97,00QifnTtLv5N9v72XN,Lead
0REIGf9chVOK1obWI6,Maybe,Tentative,2024-05-14T23:15:42Z,1,0,00UfPpfeQBblu4vECJ,003GcXkVO0lvLZYAC3,Contact
0REjWELdh2trH39WMP,Maybe,Tentative,2022-06-23T00:53:30Z,1,0,00UywNPok1eH8JNM10,001n3aMHCveux7aI17,Account
0RErum1h1SiGgbxGPU,Declined,Declined,2026-05-26T07:43:11Z,1,0,00U1zb4X0M890XZEXJ,,
0REo3UIfPsXQcxRW1J,Declined,Declined,2024-09-25T01:22:05Z,1,0,00UDyRoVr0F8p41MZE,003dCFkX9dbaSbSYN7,Contact
0RE4rf882CWIlwqOMY,Maybe,Tentative,2021-04-20T21:14:45Z,1,0,00UXFdb9H0HJst7E3W,00QTTFZxRZ9CRTEMDP,Lead
0RE0Ol7trfJwhMlOUB,Accepted,Accepted,2025-07-12T19:07:15Z,1,0,00UUFUUb9vWPd8ZU14,,
0RE0ppwxge8gUFM4AR,Accepted,Accepted,2025-11-10T13:12:45Z,1,0,00UP9Giv0j9Xt1ZMVW,00QczOatOR1gejm2J6,Lead
0REhJUNLGZI3cE4W9X,Accepted,Accepted,2026-02-25T08:16:49Z,1,0,00UeUiywtXrPKxjMFA,003t3juN7QKh8rJYLV,Contact
0REdW9u8OtqztA6OIY,Accepted,Accepted,2023-10-24T18:41:06Z,1,0,00UOUC1HCREhNT3EYD,001fPZTPr8lY6HWABF,Account
0REXJJGbaKgfkerWIS,Accepted,Accepted,2021-05-05T23:28:28Z,1,0,00Umgb5EVtfYwSE2HZ,00Qq1vVhsIXocnXF2B,Lead
0RECzKNhktAc5c7W95,Accepted,Accepted,2023-08-15T14:54:38Z,1,0,00UD5VjwR9pVabNU5M,0034IqaYpR2BEBFBEA,Lead
0REfpl0eEdLFEIcGYC,New,No response,2026-04-19T06:52:50Z,1,0,00UvPDEBcEuvzSJ2O0,005qn7LR76DmPdbQZN,User
0REcmBdc5dlfv7oOEE,Declined,Declined,2026-02-11T14:09:37Z,1,0,00UDCKQdWPXDc2eEQ2,0039EBn5jJdV1XVA3C,Contact
0RE4TCzfNdGrp2e4LR,Accepted,Accepted,2022-10-15T04:22:14Z,1,0,00U0bxMAyv6owe3UNK,005TU4vqRu98dHsY03,User
0RE9mqMyCPYw5IVGVS,Declined,Declined,2026-06-23T16:59:40Z,1,0,00U006jc1bWsLA7UMJ,00QdPCwHG3bKImxMIV,Lead
0REZfhYBQ9P62iwGDU,Maybe,Tentative,2024-09-27T23:08:53Z,1,0,00U1zb4X0M890XZEXJ,00Q14UuucoY6DkoQ4U,Lead
0REunL3yMPJ5N1I44M,Accepted,Accepted,2023-12-15T09:42:21Z,1,0,00UGsCoQIX5bzOYM26,003QpUbKtwmcJ3HY8B,Contact
0REjHmPLDh9C3TzOAS,Maybe,Tentative,2022-05-15T03:14:53Z,1,0,00UO2nuWM0dxO5WECQ,003UCqQkPR1i6xLQQO,Contact
0REXkfWR3Xtihf8GZC,Declined,Declined,2022-09-05T17:10:05Z,1,0,00Uvx1nLp722VpmU5S,003qcbWFGoZQdQQIJ7,Contact
0REnPxIq4gQTPYvOBV,New,No response,2024-10-10T19:19:16Z,1,0,00UNKGjS0aWqHZz2DG,001ocDsJ4ykcJirTHO,Lead
0REAgNl1SpA6FWj4Q2,Accepted,Accepted,2021-09-19T16:40:46Z,1,0,00Ur7gIAklw7PKAEHA,0037jnBtdUsdG9zAXN,Contact
0REK1skgvlsVFlqGVM,New,No response,2025-11-21T07:07:52Z,1,0,00UmSWL6xRfaFvjUBD,0034KpBvPuOnjUDYVY,Contact
0REqXuyQtOgMfp54QI,Maybe,Tentative,2025-04-05T01:44:43Z,1,0,00UaWsunkl0F6qkEDA,005LSah1u1GnYGbYOG,User
0REQi5B90B7xdwbO7W,Declined,Declined,2024-12-01T17:10:34Z,1,0,00U3ofE7OOk62vwM2T,005Me1PVqqNBxKJYQP,User
0REb9yOXk0k1RJOGFM,Declined,Declined,2026-04-10T15:41:54Z,1,0,00UBqV8F4w7Kc47U18,003KtHm7uBbpVUkQ0I,Contact
0REJq1jNdCGd2LbWMS,New,No response,2024-11-10T20:05:34Z,1,0,00U4zbPPDOaleZCELT,00Q35h4eBLUg4UXMMK,Lead
0REvmfmRpdMtdPKOMI,Maybe,Tentative,2026-05-20T04:41:23Z,1,0,00U006jc1bWsLA7UMJ,003wLmgCk11X7nFIIH,Contact
0REGsnpcvOLKaevWOE,New,No response,2024-04-13T09:29:46Z,1,0,00USTx0jvSxPJns298,,
0REf1Vx7SS5SOwK4PW,Declined,Declined,2021-03-22T12:46:38Z,1,0,00UP9rR08uNBD2AM2N,005dxKTxH6gxu99IEO,User
0REZfS0NHu9MY8VOZ7,Declined,Declined,2023-07-17T09:10:16Z,1,0,00Uinu01kzR5IPy2UJ,003ynZAmhuHgXe5ALX,Contact
0REmBY3GcTw6ssv4L6,Maybe,Tentative,2022-09-26T02:59:45Z,1,0,00UfR224aPlsHD6EWL,003YBu3QGD5BRFXY2C,Contact
0REznGV4uoAd2yHGGD,Declined,Declined,2025-01-15T23:22:23Z,1,0,00UEjVSvdGRbXlRM7T,003y0u0DytJUnZuQ7T,Contact
0REFK5F8KsIQVtp4NF,Maybe,Tentative,2024-06-06T09:15:11Z,1,0,00UNznElpRJnNGeEWB,003KlL8x92ZcLhpI0V,Contact
0REQfVmD6KF6jgDG8E,Declined,Declined,2026-01-14T01:04:34Z,1,0,00UwO3HNb8swRnrURJ,0039kUTYqnZqDO3INU,Contact
0REuWFVwG7Nah6HG90,New,No response,2025-06-04T09:37:47Z,1,0,00U006jc1bWsLA7UMJ,003FiLvx69wZlsWISP,Contact
0REJanc2uwyzaYFO4W,Declined,Declined,2026-05-12T10:47:00Z,1,0,00UOVEyn6PoDw9GUT6,00QCUkSYC23syb7MPH,Lead
0REmn5XsQfx9UBtGA8,Declined,Declined,2026-05-11T16:30:56Z,1,0,00UFBGo3JFr8I8eU3X,003VMcAQu6AgWg0YG4,Contact
0RE36UXRELUryvE4VB,Declined,Declined,2023-08-16T14:14:18Z,1,0,00UzAm7wdCAZOzrM6Y,,
0RE6TfLG8UCW8nLWO8,Maybe,Tentative,2021-02-10T03:36:13Z,1,0,00UYbawTOW1urvC28M,,
0REyUkxPMsaQmgQOYN,Maybe,Tentative,2022-11-08T18:58:52Z,1,0,00UF4jjBQRWfqgkMYU,00Qf67jZjw484e0EKS,Lead
0REkTdLYTsvzabnGSF,New,No response,2022-03-24T10:29:27Z,1,0,00UWNmo305E0K1YEBI,00308VEAr9FPYWAQP1,Contact
0RE50AnDgThqRa54QO,Accepted,Accepted,2021-08-27T16:26:24Z,1,0,00U8kJGSoNxHydyU7C,0037x3dE82ZCNg7QBQ,Contact
0REyHyTOQGMW3QBOAW,Maybe,Tentative,2022-10-28T22:52:40Z,1,0,00UAW6a8vqxn0fT23Q,00QVr7YnqawknLkMFK,Lead
0REYk0aIFfH0ftgO62,New,No response,2021-11-19T13:23:26Z,1,0,00UbJQqZZbvyrBqEL9,003HQXKSm7Z4V96AEQ,Contact
0RE5ZPN6OXhoQVA44Z,New,No response,2025-09-01T20:45:25Z,1,0,00UwWfRhSkMg5KwM0X,003eYKBdQULHzTsAGR,Contact
0RETgzwE7qvhjFPGM2,Maybe,Tentative,2024-06-16T09:51:30Z,1,0,00UE5jimZZDTylGU3M,001tqRaHFT1utFgIDH,Account
0REoHDW6jUw0YhHGP1,Declined,Declined,2023-09-23T13:22:37Z,1,0,00UllVVKbsz6XzYMC8,001JcZQ7uhRMVxxILW,Account
0RE7k9SOmYRzTeRWBI,Accepted,Accepted,2026-02-10T05:50:00Z,1,0,00UNSzbvG1K2HtsE1O,0038Ax4M9YQiyOJIS1,Contact
0RE39FOJWNLf5k1W0K,Accepted,Accepted,2021-04-09T14:49:46Z,1,0,00UHpFypEx2lkIaU8X,003X7ywDdm75GXwAJZ,Contact
0RE1iWlQhtoFlpsOPE,Accepted,Accepted,2023-09-27T23:34:02Z,1,0,00U5j1YLVBndtUGUJD,,
0REhDDpBwMXm1Lg452,Declined,Declined,2022-05-19T17:13:51Z,1,0,00U006jc1bWsLA7UMJ,003rn9LQyie8Bi9QKZ,Contact
0REad8ePI4hEe4pGQ1,New,No response,2024-01-21T09:03:01Z,1,0,00UzPfB6VKv0OwpETI,00QDAOWXZJK6p2P2LF,Lead
0REQoh02FT3Avjk4N4,Maybe,Tentative,2023-09-30T18:16:17Z,1,0,00U6Len6tBccoopUR1,001Mpyhcy0YjCuyQPK,Account
0REgpdTQQl9jcJmOG2,Accepted,Accepted,2022-07-17T15:48:30Z,1,0,00UbAgfrwGqePxyUK4,003x6BiZELPWp5FYJ9,Contact
0REFPlrp8uXuPdaGVZ,New,No response,2025-12-11T18:42:36Z,1,0,00UDiCHGHEES3mHUV2,00Q5fsfMj73VX7r2ID,Lead
0REQWXkHsmOe5hpG82,Declined,Declined,2022-02-10T05:05:29Z,1,0,00UAlgVQOFL4u9n2KF,005TU4vqRu98dHsY03,User
0RENOdmt5m3wx9KWJU,Maybe,Tentative,2025-07-12T21:56:45Z,1,0,00Uj5xB5nHUr8MEUIA,005sAEUaULAzZRzQYB,User
0REveE1xVbuQkGE4XC,Maybe,Tentative,2021-10-01T20:19:08Z,1,0,00UbHsAuzw6GnXKESI,001v3PBn9EDl48XQNP,Account
0REUfeQitvbVjQKG6U,New,No response,2021-03-21T19:18:39Z,1,0,00UhnTYw3vUY1cgEY1,003xOJfhbxtP2TZYJZ,Contact
0REdcmLCurDaUNW4A2,New,No response,2025-07-21T05:00:22Z,1,0,00UxIka0aR6v207M0I,003nurDHlWLAK27Q1Q,Contact
0REVIr0emQmPZAwWHA,Declined,Declined,2024-05-16T16:13:11Z,1,0,00UMdi8vABTNKXOMJ5,003ORoNeSmxFDrPIIU,Contact
0REDTDhrj9sgY5DOB4,Declined,Declined,2023-12-14T07:35:02Z,1,0,00UuNDDOTUmCxl0ETG,00QgiI7zEZib3zx219,Lead
0REjO03AvgD2X0LG0L,Declined,Declined,2021-03-15T02:30:33Z,1,0,00U78vZRbIyDwfBEVP,003fgQdBHsToCSOINB,Contact
0RElNkqZvscqm00OJ2,Maybe,Tentative,2022-09-07T23:18:09Z,1,0,00UtD57hSjUZH2nMBX,001Dr3VLTdygyPzIUT,Account
0REZatKjl6brf1ROE1,Maybe,Tentative,2022-05-07T09:38:06Z,1,0,00Ua7Ev6l5lFZoUEFW,003FahRecXEW6aWQ7N,Contact
0REmS3ae9qawG454C0,Declined,Declined,2022-11-20T21:30:43Z,1,0,00UQEp2C7K707AjUDT,003NlXAe6NaQRtvYDS,Contact
0REmstLaDyezBRA4WX,Accepted,Accepted,2025-07-22T06:20:19Z,1,0,00U0O1AXGz95x5Y269,,
0RE7BqrJFL7cpoPGGK,Declined,Declined,2024-12-11T23:46:21Z,1,0,00UxvJbgw9Ico1vUG0,003H343HFGYN1QVYZD,Contact
0REEuepkJxn28AZW8I,Declined,Declined,2022-11-20T23:49:17Z,1,0,00UdiUt9GUjMC2n2KU,00QbUSB7E2cZLeA29C,Lead
0RECOva0R7AYDwgOAE,New,No response,2023-01-16T00:48:59Z,1,0,00U5a5U73ur1rgWM30,001Y7WfxpecwwzUQ8R,Account
0REOnUglW95hWgFOCT,New,No response,2026-02-15T00:27:07Z,1,0,00UVcjAFt9WJ9002D9,00308hejDMf87YtQXX,Contact
0RE0po4gGTznwze4VD,Maybe,Tentative,2025-06-14T11:46:25Z,1,0,00UNxCuUieXDVQeMH2,005dxKTxH6gxu99IEO,User
0REUsg1c1e4eFDJOR5,New,No response,2026-04-18T06:23:31Z,1,0,00UpD001kPjb3Is2ZM,003bdtenrfz7uTcAWS,Contact
0REkhdATddITLqk41P,Accepted,Accepted,2025-01-01T06:57:19Z,1,0,00UlqdJkf5TBGDAUSG,003Vov5oCX6NQVwQI1,Contact
0REnlMt8c943JY7G8X,Declined,Declined,2023-05-09T01:00:13Z,1,0,00Umy0ZP571vOajEF3,00QTstHRx9IWg4sM50,Lead
0RELbKxPrw86L6m4VX,New,No response,2025-06-25T18:18:43Z,1,0,00UES9m9lddepFiEK5,005hfmtBm0piYtTY6K,User
0REoqVysBTB7Kh2W9U,Declined,Declined,2024-04-22T20:17:19Z,1,0,00U006jc1bWsLA7UMJ,003LqLvVnacmmgpQXH,Contact
0REHbGLBFMTSr1UGFM,Accepted,Accepted,2023-01-14T18:39:15Z,1,0,00UmBAc22rQ2PHIMTN,003rTm7hZj8JtoNQBV,Contact
0REjZPJggYGZi85OO7,Declined,Declined,2021-04-11T16:37:02Z,1,0,00UNwBt0n9lbxCrE93,003tAC8ufGTCRIuIRK,Contact
0REFm9HxlirxpEm4H7,Maybe,Tentative,2021-06-12T12:38:40Z,1,0,00Uzf1qAqTuSoP4UPD,005BLrN0FAgafzHY2K,User
0REWcflpTimWQ464H5,Accepted,Accepted,2024-03-13T12:40:17Z,1,0,00UrZpvbnDvUy5VMKU,,
0REGRxuVbkcXkXPOV9,Declined,Declined,2021-11-27T08:49:47Z,1,0,00U4095BLs4FnIj2SU,005dxKTxH6gxu99IEO,User
0REf9KWtpWkbfq344A,Accepted,Accepted,2026-06-07T04:03:07Z,1,0,00UZf95UnVUeiwf2LA,,
0REsc5kR20w73TzG8V,Maybe,Tentative,2021-10-04T23:29:02Z,1,0,00UR0PO9tuIkhgHE5Z,003buvmdP5A3RUCAAL,Contact
0REfA5kSQfV2YHSWJF,New,No response,2025-05-26T12:23:18Z,1,0,00UtaesK4mfbGEUUDF,003uvZvc1h4sYnSYKT,Contact
0RE2Nl6TXfKSTJ6WL1,New,No response,2022-11-07T14:05:28Z,1,0,00UD07JIqxEMF2HUEQ,,
0RE1WFCcXxtKaWyGAO,New,No response,2021-10-22T21:00:10Z,1,0,00UvyTLtyjGD68IEE6,003LtDO7YzOyUhUA6A,Contact
0REsziyQJrXFpDnGYP,Declined,Declined,2026-06-17T17:03:05Z,1,0,00UJOfuG64bcoi0EO3,003BfsclFccL7DZQHB,Contact
0REDFLzZo8eAY6dWA2,Maybe,Tentative,2024-02-25T21:18:12Z,1,0,00UqlzV3Vzt7E42EEQ,003Ub3igccER7xLUMO,Lead
0RE2FQIGDmED3Sa4B0,Declined,Declined,2022-01-14T12:34:18Z,1,0,00UMb3BMvN71WbYUID,003ZdwLfEyXoPUIAPL,Contact
0RETUvrDb4yRCepOKG,Maybe,Tentative,2025-10-24T19:03:02Z,1,0,00UgHS4eg74BRNgMHN,003leIPgXIm3JsrYHC,Contact
0RE0NqqFZ5yUbiN4A5,Declined,Declined,2023-05-26T07:08:39Z,1,0,00UbWuU6e1JF6OgMVB,001J6hTar5vB37wAO0,Account
0REUqAElDxjGiXzOAM,Maybe,Tentative,2022-09-29T23:46:13Z,1,0,00ULzdNrSIBjg5KU2B,0057ufaHufy75ktAX1,User
0REl6W6UzAcg0JzOR9,New,No response,2023-07-02T05:15:03Z,1,0,00UNwBt0n9lbxCrE93,00QF5qbf3yGBCPyE5F,Lead
0REePLSm2eiDnUHGLF,New,No response,2025-09-19T00:18:02Z,1,0,00UAtJ7TlSJxtA22ZM,003Z7i47cIIFP47YOK,Contact
0REUeeTYi8pDYxu4GA,Maybe,Tentative,2026-05-18T17:20:22Z,1,0,00UmWgnHhO5nm9RMOU,005yrzZ2QLuB1ZZYH4,User
0REVpaCpQaYPJAmWC7,New,No response,2025-04-11T16:02:03Z,1,0,00UfbHOb8YyWkkYEDQ,00QBfUgpB6buKMo29P,Lead
0REE6wV68qgwmAo4E4,Declined,Declined,2024-10-21T22:46:18Z,1,0,00UleAq3V0pSlLu2ET,003WOAiVxN3PyWHA36,Contact
0REMOC0rSODvPnPG89,New,No response,2022-11-21T03:24:31Z,1,0,00UZ2mxGXaRb63MMX6,,
0REouqFaajWnrgcO7A,Maybe,Tentative,2024-10-01T23:38:36Z,1,0,00UkV3Ny1MFRmz1M5D,00Qcp61RadneXqA2Y7,Lead
0RErdrEAx6wSrZGWGV,Accepted,Accepted,2021-05-24T09:15:58Z,1,0,00Ut5JVTLV16lOlMI7,0036yjsLkZjdCzzQXA,Contact
0REsqgwX7R4xdObW7U,Accepted,Accepted,2021-04-05T23:27:50Z,1,0,00UxIcBHhiJ75thU5P,003Fw5RxAPJU0ZdABZ,Contact
0RE8U7hUIn680mkGUD,New,No response,2025-08-08T20:11:29Z,1,0,00UwWepPO5CPWPFEI2,003URlnxMHsDiDPQ7H,Contact
0REEFQj6j4vWAV9O1F,New,No response,2024-11-17T06:53:45Z,1,0,00Un0UbvKmbbo6E24X,00QZZa2rFa2tLMg28O,Lead
0REij9yUJ8ERdGoOX3,Maybe,Tentative,2025-10-12T11:44:10Z,1,0,00U2CWtOXGV9O182BM,003gZazPmf37RusA5F,Contact
0REsbCQeeZey4Gg4TO,Declined,Declined,2022-08-10T16:54:58Z,1,0,00UMbHIuVXTk2TtUVB,003i9MWMtK9HnOPIMJ,Contact
0RElwcRSeAqqJgQ4MJ,Accepted,Accepted,2025-10-21T02:14:52Z,1,0,00UA6ZAUTW1qldB2KE,005BLrN0FAgafzHY2K,User
0REfGnSHWSp2ptw465,Accepted,Accepted,2026-04-21T13:23:45Z,1,0,00UC7ldBMGUJMVxEDS,00QP7pAdRz05wlAEO2,Lead
0REVCB0EWu4bRO942E,New,No response,2024-05-09T04:54:48Z,1,0,00UT29J34Da4AQP256,003rDfKHYUrhrwFYLU,Contact
0REE3qixSZ8gvtbW4I,New,No response,2021-11-04T11:07:51Z,1,0,00UQfxr1iT0jo9DMWE,001X5lK5MbsgblUIV7,Account
0REnhnE5xBqskeo4N8,New,No response,2024-10-15T14:44:30Z,1,0,00UCaEnOlZW8hwyET9,00QJwHR0PxJmEJs2ZY,Lead
0RErAQgHjBy822OG66,Maybe,Tentative,2024-07-31T07:20:25Z,1,0,00UPy1TynpIx4caMWM,003lSqIBuJLGR6JY56,Contact
0RElx0PSRTcHKXIO05,Declined,Declined,2025-05-02T04:33:28Z,1,0,00UYkxYukaG6shTUPQ,003JnuXvNApvLnBAQA,Contact
0REFWTc496jF9dRODD,Accepted,Accepted,2022-11-13T22:58:36Z,1,0,00U1i0YILOs7Vqp202,001NhyJtP6xhp7RZHO,Lead
0REhz2ICMPJHXmwWQI,Accepted,Accepted,2024-04-08T18:04:16Z,1,0,00U1LeXX8oN9OVM23U,003XijlXXYNtjjrAZG,Contact
0RE9aG9XwMvVsHe4OY,New,No response,2024-05-29T16:32:51Z,1,0,00UiTk7DMpar2mwEOO,003iXDfXVz3BdKQQVR,Contact
0RE6clxIjy7D1th451,Maybe,Tentative,2022-02-24T06:09:47Z,1,0,00UkoU4eAXuITyXMA5,00Q3yN13j03qYwv24Y,Lead
0REZe9aJZK7EOIEWZ8,Maybe,Tentative,2021-06-21T10:57:32Z,1,0,00Urij2W7O4dLaVE5Q,003qZwo4RCko78uA4C,Contact
0REr17joHHwnzMPOXQ,Accepted,Accepted,2021-10-10T04:16:00Z,1,0,00UWww2MWlT9L7hETS,005NvlW1Gc9rLAVAYL,User
0REkCHgFD3w5N8HO8R,Declined,Declined,2026-05-14T14:14:36Z,1,0,00UOowDFHk5Qt8lE2H,00QSm9N00YAhtvB2MT,Lead
0RECUySMbyhFy50WFW,Maybe,Tentative,2025-04-11T02:11:06Z,1,0,00UA6u9MpbCLhO5E3J,00Q3j2porG7lH20E9T,Lead
0REKtDQCiiY3hGaO5B,Declined,Declined,2021-06-21T09:36:10Z,1,0,00UiXmrGTcQQJsdU3F,003a9cEVwuIOhZ2IHZ,Contact
0REUapNzHCVXGwPWUC,New,No response,2025-04-29T01:51:52Z,1,0,00UuoMTvQohsGsfU1U,0032cIJPDHioYkzYVI,Contact
0REoUZe0thLc19gOW1,Accepted,Accepted,2023-02-13T07:52:17Z,1,0,00ULQBfTjetinQuEHY,005nzeP1FFxSfMhQ5C,User
0REpp8aHGrOUq0XW7T,Maybe,Tentative,2024-02-08T10:18:59Z,1,0,00U006jc1bWsLA7UMJ,0035lztNUBNMXswYOA,Contact
0REVl2dU0BH5kyk490,Declined,Declined,2022-05-14T01:19:06Z,1,0,00UvU9FTkCEe88cU9R,003SCZl72BVRDqoAU1,Contact
0REOfTaOlyrKMwGWTL,Declined,Declined,2022-03-31T04:00:13Z,1,0,00Ud64R8tjNs3UyUND,005yqybzTtVK8u6IOR,User
0REQbTkejczjRhpO20,New,No response,2024-12-18T21:55:23Z,1,0,00UPfxFhc7NEb3EE2Y,003nQva0jGAkrqoION,Contact
0RE6CZOKxEioT8M4K1,Maybe,Tentative,2024-08-26T07:30:27Z,1,0,00U006jc1bWsLA7UMJ,00QTcVghf0rrFIe2HH,Lead
0REjgFekGSajIYpGTF,Accepted,Accepted,2023-12-15T21:19:02Z,1,0,00UGpvs2ni2sQKA2TY,001GikJVQQYFMgSI6M,Account
0REoRNTVa0o2uwAWHG,Declined,Declined,2022-04-22T13:11:27Z,1,0,00UDQ6ZFmYqzGKPE35,0032EAKca0kIqbpYN4,Contact
0REowoEvimwQGEGGD7,New,No response,2026-06-05T11:03:52Z,1,0,00U82ygnTHqEWrwEXJ,003H94JbW5Sm6buY4W,Contact
0REfhaKUDgsBFlTWKJ,Accepted,Accepted,2025-12-03T16:52:49Z,1,0,00Upft57As1HjwY235,,
0REU884SNe3r2ScGRM,New,No response,2025-07-17T20:09:41Z,1,0,00UXirTwEBFFSoFUGZ,,
0REtLVhvGhfyxJ0OOL,Declined,Declined,2026-04-07T07:10:57Z,1,0,00Ud5gJ6aUEpv9oE0E,005s4Xb2ZkbCAMvQEZ,User
0REP11IXq1b1nlDW10,Declined,Declined,2024-07-13T06:48:31Z,1,0,00UHJ7Oy9SU0948UJQ,003RD5gu5K35E72A7G,Contact
0REkChde3JlFEBHO1B,Declined,Declined,2021-04-20T17:11:03Z,1,0,00UdQzww6xtY43UEX1,005xwhqeeWgm4agYMN,User
0REVdCOc5twvy5d44D,Declined,Declined,2024-06-26T19:42:48Z,1,0,00U4ZehsYjs6IxzM01,0057jDImegCGqG7YZ2,User
0REpF2j5iZylNFG488,Maybe,Tentative,2026-06-10T16:40:10Z,1,0,00UmfAH9XBPtkM12E1,0018YzqdxvbgCoaYQU,Account
0REjveTySEgf3EQGFZ,New,No response,2026-03-26T08:42:04Z,1,0,00UNxCuUieXDVQeMH2,003GYNkXftXOoslYK3,Contact
0REKjcCvJmBijomWRC,New,No response,2021-10-17T19:42:51Z,1,0,00Uv1H3mQW4MoFUUTN,003gXnNZoWXyNSKQQ3,Contact
0REeclGtfiiSkp8O3Q,Declined,Declined,2025-08-15T05:07:47Z,1,0,00UQ9B9lXxBgDinMF6,003wMki5NXaC5XLQWK,Contact
0RESUr8OaMmDHpEWMT,Declined,Declined,2026-01-15T17:26:34Z,1,0,00UT29J34Da4AQP256,003H1yYI5SYtOjSAUN,Contact
0REFt0JhPa4lmfP4BA,Accepted,Accepted,2024-07-23T00:39:32Z,1,0,00UfEPUtlJY2YoRMOU,,
0REzB9OjU1BoGuC4E5,Maybe,Tentative,2023-12-30T11:52:19Z,1,0,00Uf7aFUOdWrVSMMM6,003tX2zwAt1G4xqQVK,Contact
0REctJmN6h196ixWBZ,Maybe,Tentative,2024-06-20T02:26:23Z,1,0,00UFBGo3JFr8I8eU3X,001RPYkI2OuKjJ4ACQ,Account
0REFyy9uJqD6IRmOWH,Declined,Declined,2025-07-02T18:54:44Z,1,0,00UVcjAFt9WJ9002D9,003Lu3JnExBmnNjQOV,Contact
0REE5zKrURjT3rS4DN,Declined,Declined,2025-10-10T07:09:14Z,1,0,00U2lAo253G6K7BUE6,003hp4wXHyQ4ojAYPY,Contact
0REyo705MtAiB0pONS,Maybe,Tentative,2023-06-02T18:03:01Z,1,0,00Uq0pfkTujm6YxEJL,00QSKfG460Z1VgP2O4,Lead
0REGKxdpUu6Yx16WIN,Declined,Declined,2023-02-28T12:25:00Z,1,0,00Ug4HTsTPu6gRXMXB,003L2XFTdblnovFIX1,Contact
0REnhDHU0lehmeGG19,Declined,Declined,2022-01-20T23:21:39Z,1,0,00U4YMXNFg1UbDnE5W,003uJedNLsEUuOzAGV,Contact
0RE60bGzYkLBIJ0WSP,New,No response,2023-03-12T18:33:32Z,1,0,00Ub59xbPrQ58pI2NG,003Wujln1WKKcf9YG0,Contact
0RE9FcmEAGjvNFhG9C,Accepted,Accepted,2023-01-02T20:53:54Z,1,0,00UhSmkz1mhRjXs2C2,0018fHG08zFMfdsQ4N,Account
0REPuJmldwTX6oK4HA,Declined,Declined,2021-07-11T01:26:19Z,1,0,00URqSD1snNa8L7EA0,003bLWkwRTWbbXTA77,Contact
0RE0Mm8q0BZkaK7OLR,Declined,Declined,2021-12-23T10:23:54Z,1,0,00URdMSjHSaAsM3M4Q,005VOHFbnLYK0gIIP7,User
0REuD1mn6Je7RHhW0B,New,No response,2025-06-26T19:13:19Z,1,0,00UxOc8DTHr7WYeMQ5,,
0REujqghCxe70rXWD0,New,No response,2025-08-13T03:31:27Z,1,0,00Ul3FbgO2oDuowMV9,003FFuUDgFan9kJQQ3,Contact
0REr8SLG6RWpkEiGGX,Accepted,Accepted,2024-02-27T09:32:36Z,1,0,00UbCf0is2I08OqMNQ,003sU1yP0UT4VvxQPE,Contact
0RE5r4pYieLfpPAGEH,Maybe,Tentative,2025-04-04T07:56:33Z,1,0,00U44AbnEhhVd1128T,003ufuo0RMtrVfHQU5,Contact
0REVJ7WOya2YDGhG0T,New,No response,2025-08-17T07:41:09Z,1,0,00UQEp2C7K707AjUDT,,
0REGtpXpW6tZ4iOOLU,New,No response,2023-06-20T19:56:17Z,1,0,00U9p7DB212QGbiULC,003ezCyox7B4VHNAOG,Contact
0REE3sXMr6RdqchWOX,Declined,Declined,2024-08-15T03:48:27Z,1,0,00U3uiyS0v8otplM6F,005hvPRYHDjoBLOQ3X,User
0RERYEp0mpoEA5tGLS,Accepted,Accepted,2022-03-23T07:38:37Z,1,0,00UIE5JzMb20bGHM90,005Me1PVqqNBxKJYQP,User
0REmnAuqYVsgvHIG04,Maybe,Tentative,2023-02-20T09:09:33Z,1,0,00U006jc1bWsLA7UMJ,00Q24M0wdYBK9g4ENJ,Lead
0REaoLqR3l5TMntO7S,Maybe,Tentative,2022-12-01T07:59:36Z,1,0,00Ul3FbgO2oDuowMV9,003xRAGl8SAXC36IS6,Contact
0REU2rCdzYgipes4K2,Accepted,Accepted,2022-05-21T21:00:33Z,1,0,00UnuU4xTyadYLOM69,,
0RE12SC75kcapLW4F4,Maybe,Tentative,2021-06-29T18:39:09Z,1,0,00UHpFypEx2lkIaU8X,0056BILiQX0m1w8QY3,User
0REcMj6a7AciEKbW0J,Maybe,Tentative,2023-09-10T13:27:01Z,1,0,00UsSofxVa6JvrJMW7,00QKw80j9TZ40VUEJI,Lead
0REvdLN8T3ftJPMOI6,Maybe,Tentative,2022-10-14T04:44:53Z,1,0,00U006jc1bWsLA7UMJ,0034Q5SoLVHvbAqYI4,Contact
0REy2BNJ26oRhRTWE0,Declined,Declined,2023-01-01T14:26:48Z,1,0,00U8zSAddkGYj8jETZ,005QCiUGxJnyyOsY12,User
0REqJS18O9QzxVtWI6,Maybe,Tentative,2022-03-04T17:36:25Z,1,0,00UXaifxEMwccgiM7E,00QQIbQq3j2PzG3UYQ,Lead
0RE8RkaH1VT2vRKW2O,New,No response,2025-11-19T23:42:38Z,1,0,00UeOw4kg7oZNK0ED8,001ExSAKzk0AhqsIN2,Account
0REUngCyqkK2w9i4P5,New,No response,2026-05-01T11:39:06Z,1,0,00Ut6WarUVg0mTYEX3,,
0REpMRoSxuUDOAZGQA,Maybe,Tentative,2022-06-21T14:44:45Z,1,0,00UfEPUtlJY2YoRMOU,003BxZ4Uth45BW7IYN,Contact
0REPI1Cog79XdUmOUE,New,No response,2023-10-19T20:11:34Z,1,0,00Ubrq1La6aNwhwMLX,,
0RERlemy5HBQ0dx458,Accepted,Accepted,2021-09-14T23:02:39Z,1,0,00UFB9T6tsP6L3fE3S,00QP1soJI0pL6FBUXV,Lead
0REVqtW35VZqEIR4VV,New,No response,2024-11-13T13:50:19Z,1,0,00U3uiyS0v8otplM6F,003jVRuaA1eyMjlAQ7,Contact
0REDyB4H3pRg7zF4SN,Accepted,Accepted,2025-12-18T11:30:49Z,1,0,00U2jyAZKitn8CvE7X,00QkKajXHGpdW94EH7,Lead
0REsvfei4jlBStRWBX,New,No response,2025-01-10T14:23:40Z,1,0,00UzibgM6C7QyLl26Z,0034SeMRhZnNA4bAKM,Contact
0RE3O5YfJH4uI4L4TT,Declined,Declined,2023-06-09T19:21:37Z,1,0,00Uhj7oWo0fw0BW24D,0030CQhMZFP5vpIYI1,Contact
0RETxKoD4dgMsQYGT3,New,No response,2021-05-02T07:25:14Z,1,0,00UudK7Er8c24pdUIF,00Q2gKYTpTsX1ikE8C,Lead
0REVNxskv1u3kX7OND,Accepted,Accepted,2023-10-28T05:15:52Z,1,0,00U5Uxeh6Q0XInVE4Z,005WXEV2UTDr9cIYIW,User
0REAImPs2pLboRV434,New,No response,2023-05-25T10:03:21Z,1,0,00URt5SwZ74gtgV2WU,001RUYGIDukMN3HIZS,Account
0REqAtS2MsgP79t42T,Declined,Declined,2025-07-06T01:37:50Z,1,0,00Ur3DSnwXR0rmTEV6,003MzEjs92OIMruAGM,Contact
0REcs3cv1R501z6OZR,Declined,Declined,2023-07-27T13:46:34Z,1,0,00Urf27rZ1AbdTlEJL,0034JXiziG8PDZeI0L,Contact
0REYHNLT1HJr3Nh4MB,Accepted,Accepted,2023-05-08T10:47:44Z,1,0,00UDd45a4pnT0Ke20H,003D2L3UNfBXw3mAVU,Contact
0RESutJioWnMB3J4H3,New,No response,2025-10-02T12:28:03Z,1,0,00UBubiWVBTyaI4ELK,003m51PQv9gnR31YU9,Contact
0REGMKmnFsvGIHIWUM,Declined,Declined,2022-07-27T20:11:41Z,1,0,00U9P5Ep1iuxYZ2228,003k7Mvu4HLbRdF9GF,Lead
0REwImqt0yNyU4TOM5,New,No response,2021-06-03T13:53:59Z,1,0,00UfZmNYFTQRNrkEKZ,00QiqMMT0hs5Ucz29C,Lead
0RE4u2ORgV1kKdpGWJ,New,No response,2023-03-09T09:05:25Z,1,0,00UACrgzK0kkkgXEVT,005pAoa72XGI02qYGZ,User
0RE1ZginfiVdOin40I,Declined,Declined,2025-11-25T23:03:16Z,1,0,00UauHLodXNicBnU2P,,
0REarEgEeqB28n6G96,Maybe,Tentative,2024-06-18T04:29:14Z,1,0,00U2NiVW5vJXBc0M8X,003mrfaqfU0KRpqY96,Contact
0REk9hjT8f23nSqG1D,New,No response,2021-09-30T03:23:24Z,1,0,00Uw65uqYhn56EqEOE,00Q4NcoLRdYhBEjMUT,Lead
0REsYN2JgxJCnHVOTU,Declined,Declined,2021-11-07T14:45:56Z,1,0,00UC7ldBMGUJMVxEDS,,
0RESXk8nNzbOpr44Z1,Declined,Declined,2022-10-17T03:38:56Z,1,0,00UCgVYn3aWrTkXUAB,0019ojrY0cvCQ2UQ6L,Account
0RE4R8EtluJ0Nps4MU,New,No response,2022-05-29T15:18:57Z,1,0,00URJkF6ExKgoij2Z8,00QzHmP6YtezbY4MF4,Lead
0RE23PjUXoTic8QGYY,Accepted,Accepted,2026-04-16T22:10:54Z,1,0,00Uvx1nLp722VpmU5S,001ygA3FAG75gTTAXO,Account
0REPhZIiUgA2CCEW62,Declined,Declined,2025-03-29T10:29:36Z,1,0,00UDCKQdWPXDc2eEQ2,00QzHMoUzMzuv8NUN2,Lead
0REgAv0DdDNnzaXOML,Declined,Declined,2025-05-03T03:55:29Z,1,0,00UQLUM62lczxW4MIV,003OLihz2AMqMbpQ43,Contact
0RE0ZFafcDEoSPP4VX,Declined,Declined,2024-03-22T18:44:30Z,1,0,00UgHS4eg74BRNgMHN,,
0REq6Z5B5jJ7IutGZO,Accepted,Accepted,2022-02-07T17:26:33Z,1,0,00Unyooui67DCpnEMZ,,
0RELz9MBgZcEEqfOZC,Accepted,Accepted,2022-06-05T18:54:07Z,1,0,00UjHUCt8f6JL5zUR5,,
0REvrjDmVM1y7M5W8Z,Declined,Declined,2024-12-28T09:24:43Z,1,0,00U006jc1bWsLA7UMJ,0037Z1wIgcENFXbIOW,Contact
0REwqR9u6Ctkv8cO5N,Accepted,Accepted,2023-07-26T00:13:14Z,1,0,00USNnWKVjCFrqgM9X,,
0REG8wFDCISRCh54CM,Accepted,Accepted,2024-08-18T19:31:12Z,1,0,00UewfAaEExtyWq2W0,00QINgmy22m0Wri1H9,Lead
0REqu8sdhe7kq6zGR9,Maybe,Tentative,2021-08-20T17:39:20Z,1,0,00UhpgQwGfK8CFdUVY,,
0REeEZTdvPb3RfMGFS,Accepted,Accepted,2026-06-30T08:06:44Z,1,0,00U7zwqOUbKVbBF2OE,003UX1oByehqzC6YKY,Contact
0REne87wBaDPnn44II,Accepted,Accepted,2023-08-15T12:02:11Z,1,0,00UPzxtdsDDJVeBMKZ,003WU4Q6S7FReEGY2S,Contact
0REmZMhvxqwpekEWTM,New,No response,2023-04-23T07:03:16Z,1,0,00U9JWeVsrD71522DU,003t60ZdAVywrDrQTA,Contact
0REUAZsaEBf9f354GC,Maybe,Tentative,2026-02-19T05:14:20Z,1,0,00UsTSGkpWOjYMZE90,001Fy7Iibsp9HpGQV5,Account
0RE6pyekRPfO9P4OFD,Declined,Declined,2025-08-13T01:50:12Z,1,0,00UcLPG1Dekr3xHM2Q,00QG409QRXhKJPcU1D,Lead
0REGRNnlf708MQyW1U,Declined,Declined,2024-07-28T00:12:40Z,1,0,00Uoa5lt6NNLjOsU2T,003e9SO55KcgAKPQ5C,Contact
0REwPTJCydYCzD44S4,New,No response,2026-06-24T10:47:39Z,1,0,00UYJEW2gH7Yg7qMAQ,001bW4KmrtugZ18ATX,Account
0REgjaRARqSvwi4O3N,Maybe,Tentative,2025-07-26T16:27:06Z,1,0,00U7UMXVcIohQkeUGO,001MfuiALipgsrAIEL,Account
0REjHerPCk0a9khGID,Maybe,Tentative,2026-02-07T13:24:51Z,1,0,00U2o2INcLXy9KoU13,003gEccA5slZCWYYJF,Contact
0REAnENX4uPWdJb4F9,New,No response,2022-01-10T12:09:24Z,1,0,00UurpQsXN2283w2PZ,0012n9SIy3FafTfYR5,Account
0RE8UqWvnJqgpce461,Accepted,Accepted,2024-05-17T20:29:06Z,1,0,00U2tG9eq1uo4T3EJK,003zxHlxoplJHvQY0O,Contact
0REbA8oSEgHJiB7O9K,Maybe,Tentative,2022-12-03T22:35:52Z,1,0,00UT5qjcvNMwCBs2RV,003VCiuiE6Fh61HYE7,Contact
0REXWfreYTKuavtG2D,Declined,Declined,2024-05-24T23:24:13Z,1,0,00Ucbtz4HXKJff6UX9,0031Zvig8Nwe5gjY3U,Contact
0REMZV99yfd8snCWS2,Accepted,Accepted,2024-03-21T17:54:22Z,1,0,00UGn6wdiJy1UN7ERZ,003pBqFqI40OWUHYP1,Contact
0REiZw9nrU0vQQ2OOB,Declined,Declined,2023-10-29T09:18:43Z,1,0,00UgDVkjVm58W7VMAG,001A4Dq0TjgGt1CEGA,Lead
0REuh7ns5bVpnmJO1W,Maybe,Tentative,2025-10-06T15:44:42Z,1,0,00U006jc1bWsLA7UMJ,00Q8UMNyoEUj43y2V3,Lead
0REPEE9ix6myyMEODV,New,No response,2021-10-31T16:29:04Z,1,0,00UX2N6JQhED4tbU4H,,
0REfK08FDoXNgwdW09,Accepted,Accepted,2023-07-18T18:05:33Z,1,0,00URdFcgOJd9MaFMY9,,
0REgevvZYgVMBTBOC0,New,No response,2026-06-21T06:28:39Z,1,0,00UqyAM0zaTAp5HM2G,00Q7e7Briy5g5mcEG3,Lead
0REQ1cUa7G5MDph4TY,New,No response,2025-04-04T22:36:12Z,1,0,00U31YTLnbY8fN9EIP,0018MjZShtig55PAG6,Account
0REhKGgsD2dzP2NWF7,Accepted,Accepted,2026-05-03T16:00:09Z,1,0,00U3NsO6hUiwbSmE2I,003E1GenYvHwp6bNIQ,Lead
0REEbxYoCRNFmBY4P5,Declined,Declined,2023-12-23T23:30:40Z,1,0,00UWYD0y5sYmSSaE0A,00QhxfGV9u1LAfLM39,Lead
0REVnl8speWxLBBO6W,Accepted,Accepted,2022-03-26T09:51:57Z,1,0,00U006jc1bWsLA7UMJ,00QrssxONtb0ZhFU23,Lead
0REXVXQAY0k6vj2OF9,Declined,Declined,2022-08-23T19:33:36Z,1,0,00U7q4ymzZ3DBvp2NQ,003CazuthmoYZmcAZN,Contact
0REwy2T6wQuXMSfW25,New,No response,2024-08-23T12:45:55Z,1,0,00UMSwMDSb4sxDSMEF,005wmbTnVpYGoJ1AGI,User
0REyySKg69WpXumW9L,Maybe,Tentative,2023-02-12T18:27:53Z,1,0,00UiuSfMFRiaIIf2MF,00Qvi3k04gyPEw0ENI,Lead
0REGX7zacuJLjwdWOK,New,No response,2024-01-31T23:34:06Z,1,0,00UZJHRb5Y1SqeI2TI,005lhMYUKPuvXDoIO8,User
0RE93AW4cudi0nsGZN,New,No response,2025-08-10T23:01:04Z,1,0,00UDnGpIP7oNCiT2C5,,
0REajvFuJgPeRYUGFF,Accepted,Accepted,2024-04-28T04:32:03Z,1,0,00UwWfRhSkMg5KwM0X,0051j8xdsf40yysQI6,User
0REblRu79iy0m9ZO50,Maybe,Tentative,2026-05-24T00:38:45Z,1,0,00UjqJ4Ra4tjEPEU72,003SGC03Rx0oc1mA5F,Contact
0REApcQNlcjamUTWHF,Accepted,Accepted,2024-10-15T00:09:47Z,1,0,00U2H5fYA648mIGEKP,003rTm7hZj8JtoNQBV,Contact
0REtbxtV1I8xHhyGL1,Declined,Declined,2024-03-17T08:31:05Z,1,0,00UB57Bl0zWHxDFU0Q,,
0REzqmsXptZxcD4OP0,Accepted,Accepted,2022-06-10T10:41:12Z,1,0,00UgwaaMGWBORCkMOE,,
0REDhIwpeIhcnwwOK6,Maybe,Tentative,2025-10-04T20:58:09Z,1,0,00Utl7JkqFWpc64EMO,0036L1PV31AwH0EIFZ,Contact
0REW1MiigxCrjpo49U,New,No response,2023-08-12T10:47:09Z,1,0,00UR6PhCtQvBAF12QQ,003V9OrTwPk7O33QQG,Contact
0REFUwTR8MmNqvbG75,Declined,Declined,2021-03-22T05:08:05Z,1,0,00UUZoaOJ2Iq4Q2U0R,005dxKTxH6gxu99IEO,User
0REw0pYll5RuJd3GQX,New,No response,2024-09-02T02:11:21Z,1,0,00UxOc8DTHr7WYeMQ5,00Q7wGkg4yfm36VECU,Lead
0RE8N6nWnjO3jVrOL5,Maybe,Tentative,2021-06-22T14:10:39Z,1,0,00U3hchZknQJXK5MKK,003lAaW56mi7TofAUG,Contact
0REeson4e6FQ8fQORK,Declined,Declined,2022-08-01T06:09:38Z,1,0,00UCpvLMIIZWDERMGI,00QvP7VY7xyP9jTM65,Lead
0REwzPuUY5QKu3lGA4,Accepted,Accepted,2024-08-09T16:08:57Z,1,0,00UWDp4oj0Z4cQQEPQ,003nOc6qmSvFg4kIR4,Contact
0REbx2EOC3tXNJPGR6,Maybe,Tentative,2022-02-08T15:13:00Z,1,0,00UkdWkERC8HS50MSB,,
0REYFOZAUGE5my7470,Declined,Declined,2025-10-26T03:29:19Z,1,0,00UGK6Fz0K4ZVR3MGL,003SxML7rauaYULISE,Contact
0REbT8ehw4fsaZp42T,New,No response,2022-03-19T17:17:23Z,1,0,00UHou2rB4TTzYzML1,001apZYag4darBdYRL,Account
0RE2Jj7fiwYatsVGL5,Accepted,Accepted,2025-12-02T23:29:13Z,1,0,00UauHLodXNicBnU2P,00QYE0K5ncPMXdBUDZ,Lead
0REJt396DxemsurG7D,Declined,Declined,2025-11-04T15:33:57Z,1,0,00UPzNSjY3HuV1xM0D,001CQsu3nn5gAVpQ7B,Account
0REq88lpxzIGo5xO5P,New,No response,2022-03-25T18:09:06Z,1,0,00UPS7BVZUMBC7L2YP,003hCtl2qwoiEypS6W,Lead
0REEo3WYK5mSFDS4Y1,New,No response,2026-03-21T10:28:55Z,1,0,00UkXywkGmdm29SM6U,0059cNiXLcpBkagI2J,User
0RER1AX2b78XPooWT5,Declined,Declined,2024-03-23T13:17:29Z,1,0,00UK56H9U5rNEss2MU,003PoMytXiLLY9MQ9O,Contact
0REtJ17k6QYZXMj4AI,New,No response,2021-04-19T11:38:20Z,1,0,00UjkIUu6XiUh5B2KN,0017rl4CBbT95B0YG7,Account
0REzCDrIdeN3bSfGO2,Maybe,Tentative,2021-03-17T14:27:06Z,1,0,00Ujkyt2ZYh7f3J2WM,00Qc8Y00nw8kjVjE95,Lead
0RErJAtKz11FvZUOLB,Maybe,Tentative,2022-07-29T19:52:28Z,1,0,00UGsCoQIX5bzOYM26,003wxcMknbhQxSeY78,Contact
0REhaAvTep1E3WmOH9,Maybe,Tentative,2024-06-13T02:54:05Z,1,0,00UvPDEBcEuvzSJ2O0,,
0REjCAlpAnvDi9D4TR,New,No response,2021-05-24T19:32:36Z,1,0,00UYrgRTWJmpzSZU3Z,00QJj0kBC17mAxc2O5,Lead
0REO4M4rdv8UZCPGCX,Declined,Declined,2024-08-01T17:19:37Z,1,0,00UDECCxWMnLQLH2L5,003O90KueB8OSbmIGQ,Contact
0RE4zBviqGWXh3SGDJ,Declined,Declined,2026-04-23T20:46:43Z,1,0,00U82ygnTHqEWrwEXJ,005qn7LR76DmPdbQZN,User
0RENPn6dosmlaqnW5C,Declined,Declined,2022-07-27T07:04:08Z,1,0,00UwSmSG0UzTdjj27D,00QkZpvBANDsRLDMNI,Lead
0REDls7HwKtyaeDWAC,Maybe,Tentative,2024-02-18T11:04:18Z,1,0,00UTLBEm6tC3Go6UI6,003rzl8QJiye2xyYHC,Contact
0RECBnEcfiIZsCA4FT,New,No response,2021-07-11T15:52:50Z,1,0,00UA8NOYVRE9XpzEPK,00QUVQMGvPw5tC7M8W,Lead
0REJsjIEK7ViS3DWK5,Declined,Declined,2026-02-05T21:56:59Z,1,0,00UlxB3TGOkciWJUN0,003Ib2geHHsVuzAQPF,Contact
0REFyut8wlxyAlg4ER,Declined,Declined,2026-03-18T03:28:52Z,1,0,00UhXKLk4CNSsGZE63,00QNtsYecjC6aNcMNY,Lead
0REMWxk1uto0AnmWKA,Accepted,Accepted,2025-01-05T03:16:39Z,1,0,00UyiGHzL0qQBJrMAX,00QNVx3rVjayPQUM9L,Lead
0REFJ8j49qaf6Y2GMI,Declined,Declined,2024-04-24T23:41:26Z,1,0,00Uu8AFpZp5yeljUO5,00QIYKY7dUD4vN7U12,Lead
0RETDNrNkXRAPFYOGP,Accepted,Accepted,2024-01-26T00:53:22Z,1,0,00UeYifRbJJMRNGM85,005X9VIRE3gtc1zYMH,User
0REAOBzIISZi36xOSY,Accepted,Accepted,2021-06-28T03:17:53Z,1,0,00U006jc1bWsLA7UMJ,003bSg0uOlqmDaVIBX,Contact
0RESKc54XFTbRhMG9N,Declined,Declined,2022-07-12T20:11:22Z,1,0,00Um9AEQX2SdCvEE3M,003jfoRxJl46zPYQL2,Contact
0REpOgdUVnxpUHaG8E,Accepted,Accepted,2021-02-14T12:55:17Z,1,0,00UEDtShNRYUnz6ETI,00QF3qoPFIKoJSPM4O,Lead
0RE8zdhWUxAXHZWO7X,Maybe,Tentative,2023-08-30T19:13:45Z,1,0,00Unyooui67DCpnEMZ,003iyqX46RecmhLITB,Contact
0REjJq2B8QJz8IMW10,Maybe,Tentative,2022-06-28T01:49:41Z,1,0,00U6HFllxyfF2QHU1Z,003DguSTXMnFhemYKP,Contact
0RE0QgHx8MKH6qpO3Z,New,No response,2021-05-26T03:03:09Z,1,0,00UyfdlRL7TJtVy2A1,0057jDImegCGqG7YZ2,User
0RE5lmq15iMeryp40K,Declined,Declined,2022-11-14T16:21:38Z,1,0,00USdUNZPgUsW4MUK2,00Qo506mij3RRQZ2D3,Lead
0RExj2GBLvmZmStGA8,Accepted,Accepted,2026-03-08T21:43:36Z,1,0,00UhUKmzpZbJzy1E3S,003kcUDbwhZXR7oYEA,Lead
0RE1bMSGWo2TJWRGVM,Accepted,Accepted,2024-08-11T18:45:02Z,1,0,00UO39gm72XmtfNU2B,005TIJckr7dVcDJQZF,User
0REFL8z9alSgZwQW9C,Declined,Declined,2021-04-10T04:09:45Z,1,0,00UvDZfldlX4WAsMRS,001KKprsa8fDGWEQ2J,Account
0REsjUxi5iUZjYo46R,Maybe,Tentative,2022-08-16T14:01:44Z,1,0,00Ujkeiqe3GDSRX2MZ,003uNABTA3HDsNTQ1G,Contact
0REVjI0ZIw6455E4UT,Accepted,Accepted,2023-11-20T04:19:29Z,1,0,00UlowXLi9X2H6gEN8,00Q0waAC8hWCxmZEJ1,Lead
0REJrfbSLk284eYG3W,Declined,Declined,2025-04-03T07:07:32Z,1,0,00UuNDDOTUmCxl0ETG,,
0REQepNQxLk4UcD4BD,New,No response,2023-10-08T04:51:11Z,1,0,00U7CmFmO5NA6CnEKN,005nzeP1FFxSfMhQ5C,User
0RE9OFDSfCdIEIuO1H,Declined,Declined,2025-12-11T07:53:32Z,1,0,00UQQ03cnW4asQoMGD,003sGE8qPep2Bn9AY8,Contact
0RERHYxMoL3ZcWbWS6,Declined,Declined,2025-08-16T09:04:21Z,1,0,00UAW6a8vqxn0fT23Q,00QjOBWVkOFOCoRM7D,Lead
0RE2eKYVVYAdK1r4HZ,Maybe,Tentative,2024-11-22T11:37:48Z,1,0,00U7pV65WMd52MRUVM,001ax6fYCGAkn42YO7,Account
0RE17rRBAGSVV0mGT9,Maybe,Tentative,2022-12-29T15:37:08Z,1,0,00UxfieQoBaQXkaEH5,001LDvrdIgxRUc4IID,Account
0REHQyEBIYXOubCGP5,Declined,Declined,2022-04-24T07:08:24Z,1,0,00UpX7VFvM5Kc5GMLY,003SEr5kv6qLws1Q0Z,Contact
0REigkZ6wq9WVLsGH9,Maybe,Tentative,2025-09-08T07:24:00Z,1,0,00ULzdNrSIBjg5KU2B,0031OgLshls4XrqQ85,Contact
0REag98RdCVXlKJGIL,Maybe,Tentative,2021-01-10T11:05:14Z,1,0,00UlMsCdnyCraMjUFG,003dsIJZJV6YL44ABX,Contact
0REj49SXokfwbCJGP4,Accepted,Accepted,2025-12-31T05:27:06Z,1,0,00UCf1QHaIFuX10MFI,003i57e7W8oxp9QYYL,Contact
0REew1KGdLeOGG4WG9,Maybe,Tentative,2025-11-12T07:31:47Z,1,0,00UhKYOfMW9eLquMDT,00Qhv6hNnglMkgEE3G,Lead
0REM3sjRx9iEvI9OQT,Declined,Declined,2023-10-05T03:14:34Z,1,0,00U45aCQDVQrPBAM4T,003ZDckJ3ln0ADXY1Q,Contact
0REHcyUkDwxml954W0,Maybe,Tentative,2024-11-07T06:22:07Z,1,0,00U006jc1bWsLA7UMJ,003fqAS4LPm78GPREG,Lead
0REpRN4SxuPTyC8OKJ,Declined,Declined,2025-06-07T19:01:49Z,1,0,00U7exoPjj3dVxNU9H,003h7T0PrfOKwRwY44,Contact
0REE1vWZchs3tVuOOH,Accepted,Accepted,2021-08-11T05:13:42Z,1,0,00U2I2D93qfp75bM7H,003uvIfIopZaMbyQ8S,Contact
0REEccY0mDT6sHUOTR,Maybe,Tentative,2021-09-12T00:48:28Z,1,0,00Ur28gpcGOudULMJ9,,
0REg9SieqgqpLRuWB3,Maybe,Tentative,2021-10-11T18:10:18Z,1,0,00UutFeJpr4qHzKUH1,001Ts4G5LvwmAxUY42,Account
0REgccktefb3HAj43N,New,No response,2022-03-02T18:17:31Z,1,0,00UX1KcAi1DbszaMHF,003vfxo5FjdBEEDQJV,Contact
0RELIzptMX3L664W2F,Declined,Declined,2026-05-27T07:07:15Z,1,0,00Uek2VIVHMKQ9p285,0039FrVc7BjMYXxYOW,Contact
0RESxAnSwVMMPNl4BY,Accepted,Accepted,2021-02-11T10:54:37Z,1,0,00Ukp62lyNAcX66UTQ,001t1tQX1aEupiNQXE,Account
0REP4pEqh2Ts4ZjOWG,Declined,Declined,2023-07-30T17:14:31Z,1,0,00UGqw0KXkZ5wBUUTK,00Qe1Lc5mtCeCBMW9A,Lead
0REgCbsLw2Jh9bqGPI,Declined,Declined,2022-09-18T13:36:04Z,1,0,00UNwYOcPd5lcR9M81,003Szs6n0rNq7lJAF4,Contact
0REM8at5L3SoRqqGRJ,Accepted,Accepted,2022-01-03T09:47:15Z,1,0,00UbWuU6e1JF6OgMVB,003KlIgjM61nu5oI9V,Contact
0RERdZR0iXKsWJkOQ0,New,No response,2021-04-11T13:23:54Z,1,0,00UZu6cihDnP8QkUB4,00Qqc7xSqAlFGSAM67,Lead
0REYCnzrM53cP06G5D,New,No response,2025-02-16T22:39:38Z,1,0,00UXWbniizDUDdF2O4,,
0REu3KSW2Xjsx9JG5K,Accepted,Accepted,2023-01-05T04:38:51Z,1,0,00Ucka8fLC0kjVX2X1,,
0REexCRqGfoWT7h4PE,Accepted,Accepted,2023-12-21T07:30:09Z,1,0,00UBALg6XBbCjTCE0O,003f49vfpd9cSwXA6F,Contact
0REHrQ5FPXndxV9O5C,Accepted,Accepted,2025-08-20T13:10:29Z,1,0,00UcL6t5NwR12EmEW7,003csjCNl69pveQAHU,Contact
0REyTNOMUfFUde3GNC,New,No response,2021-06-22T14:57:07Z,1,0,00UqBs6IG1vbunTME3,0014WYoiYbOMlUgQDX,Account
0REipLyOttoyHt3GR4,Accepted,Accepted,2023-03-04T05:14:11Z,1,0,00UiaPRRsjIBvzc2G0,0038gJHvjeY2Oe1A8W,Contact
0RETaykH1CQitArOS2,New,No response,2025-06-16T03:00:56Z,1,0,00ULGCQ5Crqjr0XM5T,00QOLtZNcVvG5YJO6T,Lead
0REemhvmo1MHaJS4F6,New,No response,2024-03-18T18:08:08Z,1,0,00U4SfD6K1kxyOAEOX,0030LfI9bdZF3eQINR,Contact
0RELkqTJGIbvY0J41R,New,No response,2024-05-16T08:10:35Z,1,0,00UnuU4xTyadYLOM69,0039HqdA25qDPmIIZ3,Contact
0REvQtvQSEtZ9wzGCS,Accepted,Accepted,2022-05-07T09:15:02Z,1,0,00UTG60nSZ6JHYgMZ3,003KE8zYLIMXkNaA5E,Contact
0REKz8jKkcnX0Ym46B,Accepted,Accepted,2021-04-20T15:29:04Z,1,0,00Uxq5zWF4kgcBEU9W,005YLX0oRwAflvAQZO,User
0RET3NRvLML3wAVGAT,Maybe,Tentative,2025-06-27T09:26:01Z,1,0,00UAFhyMJdHNquSM2D,003gZ0yj4Y8MCukIR4,Contact
0REdmdl2BLQ9kfiWXH,New,No response,2022-07-30T11:52:22Z,1,0,00UdZtWhwoJNcPmM5G,003SAUYTcKjhBmTIQ8,Contact
0REWwbAzltoElMoWD4,Maybe,Tentative,2026-01-18T21:37:59Z,1,0,00UYo00Fb5z7dt1U2I,,
0REyPBygIRxrEPSGVD,Accepted,Accepted,2025-11-06T14:31:07Z,1,0,00UH0oYgOlaqiFRM3Q,00Q2EXBQABlQO8221T,Lead
0REwaobZKi5OmEKGEF,Accepted,Accepted,2023-11-15T14:39:13Z,1,0,00UbNwocZ8otdQUECL,005xk2KsXa5Ub6fA8M,User
0REvrxSSRNBDxOf4ZG,Accepted,Accepted,2024-08-23T15:19:15Z,1,0,00UfU794VcSj7fW2BN,,
0REStwXtQpmANVBOHZ,Maybe,Tentative,2021-06-28T10:32:52Z,1,0,00UWYcUex77eN70E5A,001kpkteJ4XLaaYQTV,Account
0REcA21DtbqZ4tlOX1,Accepted,Accepted,2024-11-10T20:44:45Z,1,0,00UH9SSYnhEwohlMOT,003y9R3yE5mQtv4Q0K,Contact
0REcASTskF1zVBmWQH,Accepted,Accepted,2025-09-15T19:26:26Z,1,0,00UM1LZCTwbMS4TM4X,00Qwa6eBTUdgdW9EDT,Lead
0RE8OivCnbAAkMgW7Q,Maybe,Tentative,2023-03-31T11:05:25Z,1,0,00UjJYSoXiQvdyDENM,003T85cJjM9kvNXI4T,Contact
0REnyfCHjJLwuENO9P,Accepted,Accepted,2021-03-24T17:17:34Z,1,0,00USL4CysovfB9pURO,001YrVA37VnfW7fIO3,Account
0RED4WW4DRGUFva4Y9,Declined,Declined,2024-03-29T05:01:19Z,1,0,00UYrgRTWJmpzSZU3Z,005s4Xb2ZkbCAMvQEZ,User
0REVNHNBp62w7C3OFZ,Accepted,Accepted,2024-04-15T11:35:01Z,1,0,00UEA0zBN81NFUN2LH,00Q0UpSInOY0tAEMDR,Lead
0REUKYApupm8ivtWKD,Declined,Declined,2024-12-23T01:16:48Z,1,0,00UDVF72WTJ0Hmk2FM,003JT1QIxPg3Up0QZ6,Contact
0REwJKQcWLT4abe4P2,Accepted,Accepted,2021-10-15T11:24:05Z,1,0,00Ud1N2Tx8A5iG5E4Y,00QowrNFAj14naH1F5,Lead
0RE9RwUeHV3RUVMGKW,Maybe,Tentative,2024-12-27T23:15:02Z,1,0,00UavRz9weSZHpEUMD,003gEs8HBx1ehusI5A,Contact
0RE9iygiwdqMyCjW96,Maybe,Tentative,2023-05-26T09:53:07Z,1,0,00UtfVUhe7a53XtMB3,001KInyPfEAkhgcQEO,Account
0REZvBmExh6PMgiWUZ,New,No response,2022-09-08T03:14:47Z,1,0,00Uampa4xXAQvWM2HF,005sAEUaULAzZRzQYB,User
0RE9D6TtCxHqL2MWX5,Declined,Declined,2021-07-13T08:14:41Z,1,0,00U5QrrC70kahZ4MIV,003SSD819xSAeRJQQI,Contact
0REtQDQjQ66adU7WG5,New,No response,2023-07-20T17:04:58Z,1,0,00U4hhvvHqhrFMKER1,003WTy0tr2I5ravQWM,Contact
0RE0rbsCMCeSlNLG07,Accepted,Accepted,2023-03-28T13:16:50Z,1,0,00UvVX3wwC0mex72KM,003n4PysdqBrgwXIT1,Contact
0REa8t8lv5ndznnWUX,Maybe,Tentative,2023-04-26T15:30:17Z,1,0,00UwpMjRfQTQ2aU220,00QeUzfics1tZYxUYR,Lead
0RE9Pe9uzNAkIZi4ZD,Accepted,Accepted,2021-01-16T02:23:04Z,1,0,00U3enLhcwurzgkEBJ,003go4c3nStxcM3QTZ,Contact
0RE2ZcfLGnCYWWJOER,New,No response,2025-04-28T12:38:27Z,1,0,00Uc1v9K5sscnZk2B3,,
0REmNjAo1vKwtig47M,Accepted,Accepted,2025-06-09T06:17:20Z,1,0,00UcK7aTOTzuDYe2DD,003Mfp4ku7pOXLnYBE,Contact
0REVw4XjQmMtPhfGVI,Declined,Declined,2026-02-13T05:28:15Z,1,0,00UB1zzDMckFs4tEU9,,
0RE6ahcm5lN1zeFO18,Accepted,Accepted,2025-09-14T10:32:26Z,1,0,00U0nB782aZGsZ8UH0,00Qu1zWsmYYcL27UBY,Lead
0REMjER42CxDlC64R1,Declined,Declined,2023-02-17T01:03:06Z,1,0,00UVyMnQihjXba5U6U,003xcBn6fgJG8xkYE5,Contact
0RErMFu4VX3X09tOE1,Maybe,Tentative,2025-04-18T08:25:19Z,1,0,00UE1iZjHXEA8vYEPV,00QGlvB1zHkUitmUVJ,Lead
0RE69vzjlveiYV5GA3,Accepted,Accepted,2023-09-03T13:50:16Z,1,0,00U7Zwzi9WKRPBHUNH,001WPEcjxhamiNXYYJ,Account
0REgou0NiV9i1Ys43S,Accepted,Accepted,2022-03-13T07:04:53Z,1,0,00UTioMgIE07YycED2,003ACPpJ6DQepVdYPY,Contact
0REiJvYwxJrVFYFOL5,Declined,Declined,2023-10-10T05:31:16Z,1,0,00UyO6OZPtT7KLeUIX,00QmhXpKiL2GnEI2AW,Lead
0REuPYvIDXcNUF0GF6,Maybe,Tentative,2024-03-09T10:23:44Z,1,0,00U0iivJ3KAJgDXM3W,005NvlW1Gc9rLAVAYL,User
0REbPY21B0kBv0Z43G,New,No response,2021-01-28T15:33:17Z,1,0,00U1msRRavREwlR22W,003C96Qq6KmhADJAOX,Contact
0REadilEUReA6XiO1K,Declined,Declined,2024-09-04T04:48:03Z,1,0,00UlcF2trjyy38128A,,
0REqfKylQIz5b2y4FT,Declined,Declined,2026-04-14T04:07:32Z,1,0,00UbHqy3ecQeb6QUE1,003FD5dV6K3l93CAIJ,Contact
0REAYaCqPmdaQjrOS0,Accepted,Accepted,2023-11-17T14:04:36Z,1,0,00Ur114IPxS15HkUKE,00QoV7fwRsjR2LFEQ8,Lead
0REd6rxJfKU0T0T4G4,New,No response,2021-07-13T14:54:43Z,1,0,00URvw049a5VrSJMAR,005TU4vqRu98dHsY03,User
0REZVcchgd8kp2uGP1,Accepted,Accepted,2025-05-17T09:45:40Z,1,0,00UwpmC47wYmaEJMBQ,005pAoa72XGI02qYGZ,User
0REIJt9vEViZaoDO92,Maybe,Tentative,2021-09-07T01:33:24Z,1,0,00UGK4VhzuqkxFPUVN,003bFL2NaSJfrCpQXU,Contact
0REIXTmGxxin9qz48Q,Declined,Declined,2022-09-20T01:19:20Z,1,0,00UMsnMSVMkLwqK2OH,003lfTCNDHmobXYIMN,Contact
0REaStDAnDv9FrG445,Accepted,Accepted,2021-04-07T18:18:40Z,1,0,00UTwAjOoyQny1GU9Z,003IhTjEGYYSFfTY49,Contact
0REpewmzOXu7FVLW62,New,No response,2021-10-13T20:38:48Z,1,0,00UiYW5VoDO9HgE27V,003ORY9JKXMEQh7IXH,Contact
0REPxs8tDJdP5hYW8Z,New,No response,2026-06-06T07:49:16Z,1,0,00UkdsDfYa9NdGPESB,00QQ10gwSA0OKt8MAD,Lead
0REmaAl1U1HrfU2GHY,Declined,Declined,2026-06-22T09:26:13Z,1,0,00UzPqrgjrLPsydED8,003M1h4MwCZ6TwBIPK,Contact
0RERQ8ac5iGhlRVG8C,Maybe,Tentative,2023-11-23T04:04:01Z,1,0,00UnZ0lRwaoxhPtMB2,005NvlW1Gc9rLAVAYL,User
0REjo8cfzkgJBroOF6,Maybe,Tentative,2021-08-06T12:05:05Z,1,0,00UpNzNgiO8SOowEIK,0038KaVYDLfphloIAC,Contact
0REnBJyxQUbxzCd46Z,New,No response,2022-08-23T04:37:46Z,1,0,00UVcH6Oe1qfnzRE53,001vXGsLaTZksTjQHC,Account
0REhWQ1xfSPP144O81,Maybe,Tentative,2025-08-25T09:40:28Z,1,0,00UrjxCbHyonYphMV6,0032JMj0nM8q7ONY8A,Contact
0REvC4LtJCmCxXnWNI,New,No response,2022-10-26T09:22:18Z,1,0,00U84Lwy3pzvnTiMPB,005BLrN0FAgafzHY2K,User
0REY3bwku5163SuOS4,Declined,Declined,2021-08-08T09:20:04Z,1,0,00UcWLDFynaZNspMIB,001weXn951AJsDn68O,Lead
0RET6EGhZIaPUqGGNV,Declined,Declined,2021-11-20T07:17:03Z,1,0,00UYdH3AHOXo3uzMBE,,
0REZGZKEZ8IBr8XWCT,New,No response,2024-05-26T16:05:02Z,1,0,00UPFEuHu95FfsvU2R,,
0RERUWAtb1kmira4RG,Accepted,Accepted,2022-05-11T03:09:04Z,1,0,00UtsMOIfgqZgRJMMP,0039KYBF4fXQiHuAF4,Contact
0RE1KiIxT6TeaLDWTC,Declined,Declined,2023-11-20T09:11:04Z,1,0,00UHou2rB4TTzYzML1,00QRFyE9L1oh5d32S6,Lead
0REtXCCBqvhyvicWOZ,Declined,Declined,2022-04-19T10:47:22Z,1,0,00UrmeNuzE2oKEaE7S,003KxmES9YIa9mhYTX,Contact
0REp4XOI2H6gqHpWOG,Declined,Declined,2025-09-07T02:22:47Z,1,0,00Us4Lbyr30D2stEZO,003IyRNO6vqXiLiQD5,Contact
0REDzFeSbrsIfBZWOI,New,No response,2024-06-27T12:00:21Z,1,0,00UN2fycX6cOuBHUE1,003wtSOSBtayTcfITC,Contact
0RE2rxiKm69OFdTO2V,New,No response,2024-03-27T14:25:57Z,1,0,00UFIFMdlBVquorEKB,0039fhQQHYCvDQ1AFV,Contact
0REEf8PXksF2hmQGOT,Maybe,Tentative,2023-03-16T03:45:09Z,1,0,00UsiOuwFQPXINtUCL,003HYHpYDcI6KWiYKH,Contact
0REBMfOJH1l7S8gGDR,Accepted,Accepted,2023-02-19T03:38:07Z,1,0,00UsiOuwFQPXINtUCL,005WXEV2UTDr9cIYIW,User
0REhX0bL1nkvlDbWS6,Accepted,Accepted,2022-07-26T17:57:30Z,1,0,00UDWivDlUM7C3PE9L,003ilgtGMtANeRHA6L,Contact
0RE6UCBMcsAGD44GO9,Declined,Declined,2025-01-31T07:35:07Z,1,0,00U6Len6tBccoopUR1,0038UpwEk35ffeBQQI,Contact
0REhu7a2EqsTqBpW0X,New,No response,2025-01-11T22:01:29Z,1,0,00URelZtTeEY4Ws2TB,003S9VdAVGmZKDaQNA,Contact
0REeeiBwgraXFbL4LP,New,No response,2023-10-02T01:10:19Z,1,0,00UiTk7DMpar2mwEOO,003m7VFEeDJ9mFKIXK,Contact
0REHneB0EiZJZDa46F,New,No response,2024-09-28T17:44:25Z,1,0,00UDKJ0n9X0JU0rMI7,00QeaypqH2FX6LGE8A,Lead
0REbNrGwVfEy5HoWLE,Declined,Declined,2025-02-25T20:46:15Z,1,0,00U8kJGSoNxHydyU7C,003y4kBbZm52Aq6AZK,Contact
0REIVfwZkbUTsKN4J0,Maybe,Tentative,2022-05-17T13:25:13Z,1,0,00UHhhFu4KvEiFVM23,003dKm7AQJwq1fVQLN,Contact
0REoGNcIRYG4PVoGWJ,Maybe,Tentative,2021-04-11T22:37:08Z,1,0,00URNCGZbCAgx7wEUE,001yU1qilS2HtnNQUW,Account
0RE1byHp1F7leIPGIB,Maybe,Tentative,2022-06-12T23:49:06Z,1,0,00Ubrq1La6aNwhwMLX,003fCQnNtVMBpvcI61,Contact
0REZfyG0eqLvqGrGO3,Declined,Declined,2021-03-31T01:00:24Z,1,0,00U4SfD6K1kxyOAEOX,,
0REubgGKiOfEhxS4ZY,New,No response,2021-12-29T13:21:42Z,1,0,00UuWxDXsVCxHHyU67,003uql3pJq5GjswANL,Contact
0RE4iJOsFiDmn2NOB1,Accepted,Accepted,2023-01-03T18:18:02Z,1,0,00UewfAaEExtyWq2W0,003VeMNXOn4b6m3YPM,Contact
0REhaYwjQp8LZEx476,New,No response,2021-03-21T06:42:17Z,1,0,00URHKiVM9mTip7EOS,0039FRof5ffyRlsI2Z,Contact
0RExzh9VUs3zX1aGDC,New,No response,2023-11-11T01:58:52Z,1,0,00UVGcwu8ElEAwi22B,005yrzZ2QLuB1ZZYH4,User
0REWCuCuAMJWUz5W0S,Declined,Declined,2025-03-16T16:15:59Z,1,0,00ULBeFjbnxLii6EY0,003sa1sCOZNTWwDQEN,Contact
0RExYU6cw5Xdj7QOYM,Maybe,Tentative,2021-11-16T17:48:53Z,1,0,00UBuItoQELDe95UJK,003bwABqXXNG7IWYIN,Contact
0REqXJGaySJLP34G2E,New,No response,2022-07-04T11:09:01Z,1,0,00UfNSBqAbOKog8UBQ,003SNyJjjgE6TBNYAD,Contact
0RErPv5kkii4iP3WMO,Maybe,Tentative,2023-01-01T15:32:35Z,1,0,00Umi2n0zSt4NEOUVL,003wvsZJc0jEbZ3I65,Contact
0REtZyqXz5JHFmpG7O,Accepted,Accepted,2023-09-12T05:24:26Z,1,0,00U6TIiXTduiIZtMOY,003WGGhN9vqGYtMIBS,Contact
0REb6iqAtp22FeG4PF,Accepted,Accepted,2023-07-09T15:31:21Z,1,0,00UC2oeOnN2RfWAM0N,003VXTPtY3aCrHFQRI,Contact
0REmTRpNHzA16obO5S,Accepted,Accepted,2025-05-03T08:18:32Z,1,0,00U1MFMHWrxWBdGEET,003QtF6ypyXl9x7YZ2,Contact
0RE9Jg6qPvAajBMGUL,New,No response,2022-11-16T17:37:53Z,1,0,00UkAWGPBf0VFxj2VR,003q4mM8M5swTliYEV,Contact
0RE0DJyBTxkKh6IWNF,Accepted,Accepted,2026-06-23T12:34:45Z,1,0,00Ux2Boi7aqVvse25U,00Qv2ExW47KTOQp8P7,Lead
0REMYUUOet3GTuYG12,New,No response,2021-05-17T05:43:37Z,1,0,00UflFVwDlj1l6EU9H,00QlUzyaCbkFasT2SO,Lead
0RE7zJVxXtuZaUbGRA,Maybe,Tentative,2022-12-09T20:19:12Z,1,0,00Utu03Y8POsJdIM7L,003psFZ8iduZzPjI3E,Contact
0RE7sOV8z5s8kX6WJZ,Maybe,Tentative,2022-03-11T12:10:24Z,1,0,00U8DI119DlfI2LU5O,005G7PmEiXypty3IQL,User
0REbYX5GkA0we3uOQP,Maybe,Tentative,2022-07-04T01:01:25Z,1,0,00Ucka8fLC0kjVX2X1,003nJ2vEYsQQk0IQVH,Contact
0REUg2Z9xYR8Nmp490,Maybe,Tentative,2026-04-03T00:40:20Z,1,0,00UAD3RkpmmYsQbEIF,003OYlRigytfHN6IEE,Contact
0REswMnpYMNLDFiWU3,Accepted,Accepted,2023-06-17T22:17:33Z,1,0,00UdD5OQiByubevEEX,003p52UPTinQ0mzADQ,Contact
0RE0QhVjMsJTjIAGLC,Accepted,Accepted,2024-12-21T04:57:46Z,1,0,00U7ZBjU3ViW3wsMUT,001sxFqtMp1pxP6AMV,Account
0REiV48KOcRFLSiGQC,Maybe,Tentative,2023-11-08T20:10:06Z,1,0,00UfZG9QJ4LlynW2TV,001BH0vNAlwEWFXALI,Account
0REWDJ5DFKOPcNk4GW,Maybe,Tentative,2025-04-11T08:03:58Z,1,0,00UKND02bgdBDVB2BE,001dVg5Hd2ux7OeY11,Account
0REL3deCysrzdGcW65,Declined,Declined,2025-04-25T21:20:41Z,1,0,00U9f6e3PIHEL5Y2K8,00338EFCa6tmFcaIUK,Contact
0RE1b2suR2cVwWFW0G,Declined,Declined,2021-07-14T00:57:18Z,1,0,00UCCFWxP5qkppoUNV,003IATjwBrkrxicAUT,Contact
0REiqMP17g1quyfGLU,Accepted,Accepted,2023-02-09T11:29:14Z,1,0,00U006jc1bWsLA7UMJ,0014rAjCuliftUBIPG,Account
0REBADohIWk4PdY49D,Declined,Declined,2024-06-05T09:03:36Z,1,0,00UjGr9e1q2f5fLMSM,001rayeK09xezjmQSY,Account
0REmkp6QqbucG6IWG9,New,No response,2024-03-02T01:48:39Z,1,0,00UkqZa1llYjXiLEQS,001ZCfPCiKUOyBBA6I,Account
0REPiQLnIWtkvV2WI0,Declined,Declined,2026-05-09T03:12:28Z,1,0,00UNFWTtRI52Ysu2QI,0016bs349lxRsmUQ0V,Account
0RE5wiXxL0GKlTBWOE,New,No response,2021-11-29T07:59:57Z,1,0,00UbNwocZ8otdQUECL,00QmLWlWuabgHfl2I6,Lead
0RENNrfJEt0NsiqWW6,Maybe,Tentative,2023-07-26T08:16:40Z,1,0,00UCaEnOlZW8hwyET9,005hTpAX3O60UK0AAJ,User
0RE9R00JInElhu24T3,Accepted,Accepted,2021-05-24T04:24:28Z,1,0,00U006jc1bWsLA7UMJ,00QBxYI1YKdrnLm2K7,Lead
0REZwe3AUbJh1NrWMO,Maybe,Tentative,2025-10-06T17:28:40Z,1,0,00UWDp4oj0Z4cQQEPQ,003VMr2dUUitVLPA5B,Contact
0REIPXXAkCBRrSbOGC,Accepted,Accepted,2023-07-13T04:37:03Z,1,0,00ULEiKRPheVXs4UZW,005sAEUaULAzZRzQYB,User
0REOBMcbl05mGodG04,Accepted,Accepted,2025-02-15T23:08:08Z,1,0,00U8aerw2WThxxO2FY,0055EGfQDBgoAh8IFH,User
0RErNpkUEClXKlzWG6,Maybe,Tentative,2022-01-30T12:32:18Z,1,0,00UBhCsqEq4WiYPU41,001FzQ1Vu9hM4AsIVS,Account
0RETTS0fQsE3ZezOLH,New,No response,2021-04-13T12:31:47Z,1,0,00UiVmbPpg5vmWcMCS,003clJa1pOd8t9PISQ,Contact
0REynIsaDynJ2hqOCC,Maybe,Tentative,2021-03-02T12:47:32Z,1,0,00UX45JBvQLREYpMSO,005dY26xUNDmki4A5N,User
0RE1R4I68ssCbvgWK3,Accepted,Accepted,2021-09-19T16:11:25Z,1,0,00Udbsvlc3sZ1s5MAR,005ifKSPcGiOhecIJG,User
0REWCNpSpF5uzhOO2G,Maybe,Tentative,2026-02-05T04:18:51Z,1,0,00U2tG9eq1uo4T3EJK,003i2Cn7hctN1AWQYO,Contact
0REmYfYnyQvEXk5425,Maybe,Tentative,2026-02-22T06:26:12Z,1,0,00UE9hhxaxmFeIi2T3,005lkwCvvs1NKzQIH0,User
0REZq7iaT0BYDRbWQN,Maybe,Tentative,2023-04-03T16:42:19Z,1,0,00UvPsLcqVWvRbw27H,005NradmkgHLf0bIJ5,User
0RERrzS8F3a0w2LWCA,Accepted,Accepted,2023-09-19T06:01:14Z,1,0,00Uc0mDw6tHG9rSEZT,003y9k3H6fcFxwqAZR,Contact
0REjRedZRuDyyBwGEA,Maybe,Tentative,2024-10-27T09:12:35Z,1,0,00UJ4VrvSIHjwBJEB1,005RHpTOWiLP3HTIID,User
0RERyBtmw00EtEZG3F,Accepted,Accepted,2023-01-31T10:44:17Z,1,0,00Um2mD30uTvCkZ2A3,003Vic5uKMJIlQrAZ7,Contact
0REHZO6HWJj8vJh4U9,Declined,Declined,2023-05-20T04:07:23Z,1,0,00UlqdJkf5TBGDAUSG,003ehZ3DBIJah9fI53,Contact
0REDqve3OzCz7tFGZK,Maybe,Tentative,2023-08-02T02:08:22Z,1,0,00UAj0ArwxEJDdl2GX,003hzvSfhLntALrY81,Contact
0REl9oPdeKlrYWiO92,Maybe,Tentative,2026-01-12T16:14:27Z,1,0,00UE1iZjHXEA8vYEPV,003unNnhg4TgV1tAY1,Contact
0REPuWuZ3xhc45XOUS,Declined,Declined,2023-07-11T00:56:18Z,1,0,00U0bnNFasPcdco2P7,001rpVRMvKUYUnZQWY,Account
0REk0NEQ6Zn8oNY4ZF,Accepted,Accepted,2024-12-19T01:12:31Z,1,0,00U9jSXO2hmSxnNUEO,003FKXxBgBiznkCAKK,Contact
0REyih0niVV8gaaOHC,Maybe,Tentative,2023-07-23T12:48:54Z,1,0,00UGHxa0wwOsj8LM08,005hp0uS7WWG0emI9I,User
0RECD2nrwWhwU84WXG,Maybe,Tentative,2023-09-30T16:23:39Z,1,0,00U5MpJghMNQ6oyM97,001pUY9CVMaLCa4YQV,Account
0RERnyIjRHkO61D42N,Declined,Declined,2025-01-21T06:11:34Z,1,0,00UZV0Bj4VkD4oKEZ7,00QJuDymzlxnPu42GK,Lead
0RECSGeIZSViKCn48R,New,No response,2026-06-05T12:04:39Z,1,0,00UkNMV6bBariyHEGX,00QgoLHoB5b5RvYU7P,Lead
0REx2AzIT1bTwmaWQO,New,No response,2024-08-16T12:37:27Z,1,0,00UDeJ6pnCWKHy5ET6,003Gqj5HefvdveDABM,Contact
0RERX2Hyt4OLacU4RH,New,No response,2024-07-30T03:45:35Z,1,0,00UmEV5j8m47XfwUF8,001C3SilogoPTPGIWX,Account
0REZlR2XEKtqusnWSF,New,No response,2024-12-31T00:05:57Z,1,0,00UH3SKHa7rIDrp2IQ,003oOBOvrWV3r2WA8W,Contact
0RE3JGE9As4CzBS49J,New,No response,2025-06-20T10:16:31Z,1,0,00UH0oYgOlaqiFRM3Q,,
0REro5EUbpF0tbRGAD,Maybe,Tentative,2024-07-05T20:40:01Z,1,0,00UnLWISMxIhE5hMVJ,003RkNOcuqO0tHhA2N,Contact
0REZR00St2Xl6efGDE,New,No response,2023-02-26T22:32:01Z,1,0,00Uexm8TaPaM4wM2YH,001hKkYJ2feFOzrFZF,Lead
0RE3CVv0kLImYlmO3V,Maybe,Tentative,2026-05-07T10:42:47Z,1,0,00Uk4CiC5bRMSaTMUQ,003RBWNCUkv2pnuA0M,Contact
0REGO0Xy7qEhX0WWI8,New,No response,2025-08-10T21:49:01Z,1,0,00UeKi91Wgz1OC1MFK,00Qah6FYwpEhRIU2ET,Lead
0REnQfWGTpl2vhi4ZE,New,No response,2025-04-02T03:28:50Z,1,0,00UXNrHHVZR1jV32E5,005ztlrbFPcuOLhY8F,User
0REa4dkFEdMNaNh4V8,Maybe,Tentative,2022-08-22T00:57:50Z,1,0,00UrC9gt8gR32ogEKL,00QCQSEnKdMI4lrEIY,Lead
0REIfapDVd3QWGbOW5,Declined,Declined,2022-08-13T13:41:26Z,1,0,00UF5c6iwPVWtA8ET2,001IqN1uANorRv0AGO,Account
0REDzbJO4ZkLyCm4SQ,New,No response,2026-04-14T16:17:45Z,1,0,00UX8AccagaENaf2D4,,
0REZMcDVDqvhxTk4GM,Accepted,Accepted,2025-12-31T01:48:00Z,1,0,00U8Ivwk3dl1V6rUDM,00385RBEQxE85WSI3T,Contact
0REfeohbnsjnqv2GE5,Accepted,Accepted,2023-05-28T19:21:41Z,1,0,00UxDkF6QLdi82JEDQ,001I9h4vN2Mpc08I26,Account
0RED3BM9oenAJoYO9G,Accepted,Accepted,2022-11-28T02:20:04Z,1,0,00Uz6kv0sdfhCwcETK,003kcsyj2Z2Oh2IQUI,Contact
0REtnWfqe7ohIQTO6U,Maybe,Tentative,2024-07-10T11:56:48Z,1,0,00UMaMLOS60NRjkER8,00Q9NmRxtQfEG6p9MB,Lead
0RExTQLA4Y1ysJVWL7,New,No response,2024-12-21T01:24:25Z,1,0,00U0fDGbN8qIeqrEQ4,0032Ii64oiCGtApICZ,Contact
0RE6RLXEfogJx17WF6,Maybe,Tentative,2022-08-12T07:36:13Z,1,0,00U1JZQlPrHO3yzMUQ,003sGqFUY23ozJGG86,Lead
0REqPIdtNhLPqZl4U1,Declined,Declined,2021-09-04T01:40:28Z,1,0,00UFwS79sodgMdr2A7,00QhBCCzc88v7Mm2VZ,Lead
0REdbNQqAHQsjwY4F6,Declined,Declined,2026-03-10T13:37:52Z,1,0,00UJJvfC8qeM5ClMHA,00QtEDamOEWgM0YEET,Lead
0REJATXpIz8LnroOBF,Declined,Declined,2023-05-24T23:49:19Z,1,0,00Uj7twdK2vGrbfU90,001lY6NBb5ge9JhIW4,Account
0REfiI7ENXIreYIWOE,New,No response,2024-12-25T06:51:20Z,1,0,00UBFIB6m75CPZNEJU,00QTlxz8UGwcfV8U3D,Lead
0REFm2bueIjglxnGPW,Accepted,Accepted,2024-06-19T21:37:51Z,1,0,00UrrgeB3ldCpxd28T,001v16OKJFuZcV0QCS,Account
0RElFFVCPGacTIpGI9,Accepted,Accepted,2022-02-09T18:04:30Z,1,0,00USfljW7vshanjU5O,00Qiw2Lpb0yCJXP2CR,Lead
0REtKq8KfBuum6SORC,New,No response,2025-12-11T00:48:06Z,1,0,00UIo00PGwlTndvUNT,001FUJDI7PYzDeCQBR,Account
0RElNPo9PFwouB4W6V,Declined,Declined,2021-07-31T06:54:25Z,1,0,00UJGEQt107lTaaEXH,003feWpK26aaSYyI7B,Contact
0REk8Dlj5ULEVEQORF,Declined,Declined,2025-10-23T20:24:19Z,1,0,00Ut6WarUVg0mTYEX3,003Jimyj4FuxQX8Q32,Contact
0REu5faTV5ISqiFOF3,Maybe,Tentative,2023-12-29T03:15:45Z,1,0,00UMSwMDSb4sxDSMEF,005xk2KsXa5Ub6fA8M,User
0REN7Ump6vWo9Jc4PZ,Declined,Declined,2025-10-17T17:43:27Z,1,0,00Uu8AFpZp5yeljUO5,00QZ0uoucMWu0I9E9E,Lead
0REVMjDD3W6hYO7GFE,Accepted,Accepted,2025-07-23T04:47:54Z,1,0,00UfZmNYFTQRNrkEKZ,003lYtLpji3oHtSQB1,Contact
0REQ2TezuIu8mn2O4E,Maybe,Tentative,2024-01-24T00:07:04Z,1,0,00UlGtyWBH3TGfGMK0,00QdJtrKBCxbYHdU7P,Lead
0RERr3gOCVWCCIUWK3,Maybe,Tentative,2022-10-31T16:22:32Z,1,0,00U6hFh53WwaILSU93,001mdSX3YnkEjM0IVS,Account
0REhS50Wv9vtvt6GSY,New,No response,2023-05-29T21:37:27Z,1,0,00UjkIUu6XiUh5B2KN,00180qOlX8UtZ7HQTK,Account
0RE1RUaAO2doAfPO2I,Accepted,Accepted,2023-10-12T23:16:35Z,1,0,00U1gAvEDTWNFz72FI,005qn7LR76DmPdbQZN,User
0REnLAfAsc2HpTVGCK,Declined,Declined,2024-03-10T22:34:26Z,1,0,00UFwS79sodgMdr2A7,0035SOW38y1od8zIJW,Contact
0RERbBbTHyOTl4EGOM,Maybe,Tentative,2025-10-31T11:35:52Z,1,0,00UssJ923AX9uazUGW,005OGJ4ZKkNSzuuF8N,Lead
0REj3PzmtANHpVdWX6,New,No response,2023-12-24T19:34:42Z,1,0,00UEFlaNOQqMc2b2YF,00QMEsymcy3DtlZMFW,Lead
0REhzoxkqH6rsXC4R4,New,No response,2025-01-21T12:47:21Z,1,0,00UK9xpSxKTrLXC2CF,0056BILiQX0m1w8QY3,User
0REHeoVlPvdxidxW5O,New,No response,2024-10-31T16:51:44Z,1,0,00UPjrvZDIbU9ExUFN,005W8vdEbVdzOCdA62,User
0RE4T6Hh7g7HT15G51,New,No response,2021-05-25T17:54:20Z,1,0,00UQ2khQYGdJHCSU2X,00308aR2Ghbld2lQJO,Contact
0REIWd2Jy1C2ZNCOT1,New,No response,2022-01-01T19:13:40Z,1,0,00U006jc1bWsLA7UMJ,005gMY3fFnSvHOzQLX,User
0RESexrpmBbEiXH4HE,New,No response,2021-07-25T00:00:32Z,1,0,00UxIcBHhiJ75thU5P,003nUmR8FGkuy87IC1,Contact
0REm6kvYGhAMIjBWKI,Accepted,Accepted,2023-08-02T18:42:44Z,1,0,00UoDSEcLLQePATMX9,00342wZNlNNCXqSYCP,Contact
0RErvOpEAxcjpZKGRM,Accepted,Accepted,2023-01-22T00:40:10Z,1,0,00Usv2Qlv8A3CwpEAX,005dcozbUHKoCBMPSQ,Lead
0RExdWi2qHrl2riGTA,Accepted,Accepted,2022-06-22T11:28:54Z,1,0,00UEva8U78KSA1420W,00Q3Of6QqIazoySUFS,Lead
0REVnfCoE7ceDaIGJT,New,No response,2021-11-15T21:05:44Z,1,0,00UA8NOYVRE9XpzEPK,001oowXHzEaXod1YS1,Account
0RERjGN6FUYbbgxOPN,Accepted,Accepted,2024-12-19T15:19:55Z,1,0,00UmfsPOErFjy4q2PF,005IKQxHrnOfGBxYIU,User
0RE46JA3zck6b97OOH,New,No response,2024-11-02T15:56:24Z,1,0,00UGJy1PNPijfpAUO9,003gNkaswBOnskIYPY,Contact
0REq3L2N6IZfZHqG2D,New,No response,2024-03-16T13:12:35Z,1,0,00U289yflrEFjHo2YI,003HSSb269E8Oy0QZZ,Contact
0REX6SEdx3HoLFi4IO,New,No response,2024-09-11T22:27:54Z,1,0,00UZIirRxM3W1YCENC,003KJ8FJo8XNZ6MQ3J,Contact
0RERdgpF1hi22LyGAX,Accepted,Accepted,2022-12-19T04:05:35Z,1,0,00UyXQtHUgNxp6lUBN,00QSvjBGK6IkTaxMTQ,Lead
0REuaCDDKI3fj4xOZG,Declined,Declined,2022-07-27T23:58:33Z,1,0,00ULI3enCJAVjRl20K,00152hx60eiLsO2QGQ,Account
0REgHsB7S1pYnhROK4,Maybe,Tentative,2023-04-06T11:09:24Z,1,0,00UBBeeS5uFQNLUM2X,005YbujEVi8pPHuINT,User
0REq5IjfMyDLqblG5O,Maybe,Tentative,2021-07-26T09:08:57Z,1,0,00U5YXQnFo95NntUN9,003A6QRPAj6fxpNQST,Contact
0RE4rAy9eWvtLOVGG2,Accepted,Accepted,2023-07-19T03:47:45Z,1,0,00UpBDmCCAXMkurUY9,005lkwCvvs1NKzQIH0,User
0REzAwnfY5vCZNrG0X,Accepted,Accepted,2023-04-12T07:03:30Z,1,0,00U7FHzG3AYZaaYEEI,001ibK3DfU4t31gYAM,Account
0REjqtB97aa6bBaGYR,Declined,Declined,2024-12-04T16:45:06Z,1,0,00UxvGUYpbUi9RBE5I,005wmbTnVpYGoJ1AGI,User
0REuzWmhO0BAp58WBO,New,No response,2022-11-08T14:16:07Z,1,0,00Uc4lDNnz3QrBc2NG,003J6SQBqd1pRBMQ0G,Contact
0REC0rPEGn7e9ZdGQR,Declined,Declined,2022-08-21T12:10:17Z,1,0,00UTwAjOoyQny1GU9Z,00QAcece4vicNBQ29E,Lead
0REG40tOFD1EnGAWGJ,New,No response,2021-06-28T19:24:32Z,1,0,00Uo7WpS0Cwv8dDUFJ,003sSslBwo3YQeYYLF,Contact
0REWR1JSAJgNnVmO2A,Declined,Declined,2022-08-09T19:27:33Z,1,0,00UhunD5x4plcczME9,00QdhXyzDYpT2O9OI9,Lead
0REqS3BhbvSCCPUG5R,New,No response,2021-02-08T08:52:21Z,1,0,00UFSEtoM95EOESUR8,003Bl4Pp2ZDOQYhACV,Contact
0RExZpN4N2EIvJKGHJ,Maybe,Tentative,2022-08-10T10:00:19Z,1,0,00UCoEyUD6M1JRv2SP,0030pSnQNIb5d0oYHX,Contact
0RETqQDuWvDfIhT4C6,Accepted,Accepted,2023-09-12T05:11:28Z,1,0,00UY9PdHSxBQ6NeER9,003HBjDP3V2reIIAJN,Contact
0REgAWnuCbs7vSh4J5,Accepted,Accepted,2022-10-15T05:35:43Z,1,0,00Uyj5rS0ahxo2tUO4,0031Q3Evc7Xc9rbQI3,Contact
0RERxMtPVS73NNDGJ6,Declined,Declined,2021-12-18T04:56:43Z,1,0,00UcmAfTujdNPyG2S5,003WySQoonBYJ6tIT4,Contact
0RE2PyzQUqMtUXu40L,Accepted,Accepted,2022-02-14T23:53:57Z,1,0,00UGAARkn77lihxMUM,003PYALDHZwx2BLIUX,Contact
0REfJDw6UqDyR7PWFN,New,No response,2022-01-18T13:45:54Z,1,0,00UleAq3V0pSlLu2ET,001RiZCg1UERbAvQWO,Account
0REDZ4abWnE4V6PWOF,New,No response,2022-11-01T22:16:14Z,1,0,00U2Zg6Hh4FdICHUH2,0018sCn7wzuyGKcIWS,Account
0RE256QPQ4d2P8cWGT,Declined,Declined,2023-11-03T02:26:09Z,1,0,00UFB65T8MWdSKQ2JU,005xwhqeeWgm4agYMN,User
0RESHTRYrFUjM6oW29,Declined,Declined,2025-03-16T18:28:16Z,1,0,00UzjPcu8ZbW67OUS9,003WndbV6wgUMEJQFL,Contact
0REMG8ZXHFxCuJnOMF,Declined,Declined,2025-04-04T21:53:53Z,1,0,00U2g28HsXtQjQpUBS,003CdFzAkit5JdwQ55,Contact
0REnLkIEbqFgWTdWZ3,Declined,Declined,2022-10-26T22:34:48Z,1,0,00UPpdLLSyGE4fK2WU,003xzGmpYUQ0eYhQMY,Contact
0REOjWq3Ecr522rGVU,Maybe,Tentative,2021-01-19T21:26:53Z,1,0,00ULI3enCJAVjRl20K,003QN7E7foReTpiAH3,Contact
0REXnJ8N4QshEnWWAU,Maybe,Tentative,2022-07-04T19:08:28Z,1,0,00U006jc1bWsLA7UMJ,0059cNiXLcpBkagI2J,User
0REnPDH1eUgjvMu4YP,Maybe,Tentative,2025-12-18T13:02:08Z,1,0,00Uuhw299mz4BkIMQ4,003v06DT8zY7JRnYCH,Contact
0RE0O9YX3m061bnWYD,Accepted,Accepted,2025-11-10T13:17:12Z,1,0,00UzdpONQiFrnEyM4X,001jIiXAhBEHXIPYQP,Account
0REAQlSwmn5JhXaWHA,Declined,Declined,2024-07-15T20:58:04Z,1,0,00UmYQ2eIRtrV5CE4U,003BiVuwQpdIloXY64,Contact
0RExM7cncrfXf2VOGJ,New,No response,2025-11-05T16:19:45Z,1,0,00U3ofE7OOk62vwM2T,,
0REMAuKE7ybWXSoW8W,New,No response,2026-03-02T06:50:42Z,1,0,00U81FIifx66dIB2WY,003OnVQVbt2cOpYA2L,Contact
0REVSTzonjrJMyzWDR,Accepted,Accepted,2022-10-30T09:28:19Z,1,0,00UgcKqFEfXYP2IUCD,003yV84dOsc9TXNYUL,Contact
0REdgSMeWM3DU84W6P,New,No response,2022-03-29T16:12:40Z,1,0,00U0utYb2hFBR2CU17,003CSoanR8VB42SYF1,Contact
0RE7LXuF4qFyS9dGXO,Accepted,Accepted,2026-06-13T18:22:34Z,1,0,00U7Wzw1lI9S9hUMYA,0033DSnrIL2u0KKA6S,Contact
0REshUTfQdnzyhw4DH,Declined,Declined,2025-10-14T03:14:28Z,1,0,00U1RsWDkQNiILaM41,003qn7flMREuZdfQMB,Contact
0RER6BFOjPBpvfJGS8,Accepted,Accepted,2025-06-30T05:26:49Z,1,0,00U6ZHGN8BpVzQCM5L,,
0REXMcK7TdW0YwSWE9,Accepted,Accepted,2024-02-01T12:40:38Z,1,0,00Um2knBkSv6yuJM7P,001CWFhyR8QJd16AFG,Account
0RErTEGxLMUqKvIWV9,Accepted,Accepted,2023-01-06T01:49:03Z,1,0,00UbztBlgUiN9hWUXO,,
0REyOhY5fNnpg6PG04,Declined,Declined,2023-04-04T11:10:31Z,1,0,00UCm3sABjm2nyqEZG,0034zSxLgVmoVOHI64,Contact
0RE26hFhJKy75hsG0Q,Declined,Declined,2026-01-24T22:52:25Z,1,0,00UoesQH8LLQKNf2A4,003NxsyUn0x5nr3AFS,Contact
0REzFivy0GxWxZ4WDP,Accepted,Accepted,2023-03-11T23:27:54Z,1,0,00UPYuTKOrlzZQUEIU,,
0REeFonNsGTtQwTOFH,Declined,Declined,2024-04-25T20:55:07Z,1,0,00U006jc1bWsLA7UMJ,003USnXTdtUYl4AI7N,Contact
0REjFNzELXUlBy94Q3,Accepted,Accepted,2022-03-22T14:58:39Z,1,0,00U19YdwOQPR1LcMF3,0037Bsg2Pb6hce1Y60,Contact
0REgdka9zL4OTDeG68,Maybe,Tentative,2023-10-01T19:53:34Z,1,0,00UmGkj1w7ghhLN20H,0039soCLiud9MJJQXY,Contact
0REP2Vyf4U21sCOG5D,Accepted,Accepted,2023-07-10T20:14:31Z,1,0,00UqgyM91PIcK8YED4,003GCiusFbMca93YBA,Contact
0REDVuxucret8n0W6M,New,No response,2021-02-18T14:56:58Z,1,0,00Uzf1qAqTuSoP4UPD,005hp0uS7WWG0emI9I,User
0RERiUBlKrtyURTG0Z,Accepted,Accepted,2021-03-14T10:28:41Z,1,0,00UqR5d3NWvIMC6MRJ,00QloeStDTkqCl128I,Lead
0REihaj7QyjHwirWMF,New,No response,2021-04-08T04:44:00Z,1,0,00UuSU68kWnBr4hUI2,003SImDSLssLILLIW0,Contact
0REGxXiqB17Sd3340U,Declined,Declined,2021-03-15T19:39:31Z,1,0,00Ub5ffMdLMa5oKU08,,
