Id,Subject,StartDateTime,EndDateTime,Location,Type,Description,ShowAs,CreatedDate,IsAllDayEvent,WhatId,WhatType,WhoId,WhoType
00UPxQUje6BY2anUCU,Implementation check-in,2023-03-21T13:00:00Z,2023-03-21T13:30:00Z,Regional office,Call,Synthetic calendar activity for CRM workload testing.,Busy,2026-05-29T07:15:25Z,0,0017R1i3b17QyDUAUX,Account,003r0I2bhEeFqk2QO8,Contact
00UzrNdZiXefeWe24C,Implementation check-in,2022-01-07T15:00:00Z,2022-01-07T16:30:00Z,Customer office,Call,Synthetic calendar activity for CRM workload testing.,Busy,2025-06-21T06:04:53Z,0,500AK7DcYGk0xvXATU,Case,003YJKqTOuw9L5BY6V,Contact
00UE93xAUhKKfADEKI,Discovery session,2023-08-26T14:30:00Z,2023-08-26T15:00:00Z,Customer office,Workshop,Synthetic calendar activity for CRM workload testing.,Out of Office,2023-02-22T20:37:09Z,0,500tox5KudndMuYQPL,Case,003i4p6APoWTcRLIO0,Contact
00UdtxXebmuLWE2M99,Discovery session,2022-01-17T14:30:00Z,2022-01-17T15:00:00Z,Customer office,Workshop,Synthetic calendar activity for CRM workload testing.,Out of Office,2022-07-22T05:00:13Z,0,500BR4YiHWLO708Q2T,Case,003QfTiTVMtfqu0IJ1,Contact
00U5G517TCP2k3YMYY,Implementation check-in,2025-10-18T09:00:00Z,2025-10-18T09:45:00Z,Customer office,Workshop,Synthetic calendar activity for CRM workload testing.,Busy,2022-10-23T12:06:47Z,0,800oqsSwWdfbF7CY5U,Contract,003SAUYTcKjhBmTIQ8,Contact
00UE5jimZZDTylGU3M,Business review,2025-05-23T08:00:00Z,2025-05-23T08:30:00Z,Regional office,Call,Synthetic calendar activity for CRM workload testing.,Busy,2022-12-05T00:26:53Z,0,800xrloepD6l9xhY8I,Contract,003m51PQv9gnR31YU9,Contact
00U4IbYD9qwtOzRMSU,Implementation check-in,2026-05-17T09:00:00Z,2026-05-17T09:45:00Z,Online meeting,Meeting,Synthetic calendar activity for CRM workload testing.,Out of Office,2026-04-30T08:38:18Z,0,800IzBADA7mOjsmA4O,Opportunity,00QPTNOLSVictHqWXC,Lead
00U1DVL29P2WZc1U1S,Implementation check-in,2026-07-29T09:00:00Z,2026-07-29T09:45:00Z,Regional office,Call,Synthetic calendar activity for CRM workload testing.,Out of Office,2026-01-07T08:56:47Z,0,720hP6w22xszes4Y51,Opportunity,003LBAW1Qwmk9A3QHR,Contact
00UpRWIHn2K3sgFMG5,Discovery session,2022-05-22T15:00:00Z,2022-05-22T16:00:00Z,Regional office,Meeting,Synthetic calendar activity for CRM workload testing.,Out of Office,2023-03-22T17:52:55Z,0,700lhQ96Dnm7zA5QPX,Order,,
00UUqOMpxUCQVWzU2W,Business review,2022-12-08T16:00:00Z,2022-12-08T17:00:00Z,Customer office,Workshop,Synthetic calendar activity for CRM workload testing.,Out of Office,2025-04-10T07:36:24Z,0,,,,
00UXcpQ81HF9eAi2OO,Implementation check-in,2021-09-19T15:30:00Z,2021-09-19T16:30:00Z,Regional office,Call,Synthetic calendar activity for CRM workload testing.,Out of Office,2023-08-21T13:36:44Z,0,01tHvx2HKNjnSrwQW0,Product2,003Rz96fwVmBsarYJ1,Contact
00UM6RygNclS4TnEKG,Discovery session,2025-11-10T16:30:00Z,2025-11-10T18:00:00Z,Customer office,Workshop,Synthetic calendar activity for CRM workload testing.,Out of Office,2022-12-15T21:47:04Z,0,0018haifivYezP7QUH,Account,003tTdqCw3r025oI6L,Contact
00UB6vxA5F9MUaFUD3,Business review,2024-07-27T14:00:00Z,2024-07-27T15:00:00Z,Online meeting,Call,Synthetic calendar activity for CRM workload testing.,Busy,2021-07-12T12:40:46Z,0,726CAuE2OX9ciQtAAC,Opportunity,003MHeC1QqnXkp6QB5,Contact
00UKySiSoUPCyMl2AT,Implementation check-in,2023-11-26T11:30:00Z,2023-11-26T12:00:00Z,Regional office,Call,Synthetic calendar activity for CRM workload testing.,Busy,2024-02-05T01:54:50Z,0,,,003RD5gu5K35E72A7G,Contact
00U7OXyT27QmcxsE9O,Discovery session,2023-09-06T16:30:00Z,2023-09-06T17:15:00Z,Online meeting,Workshop,Synthetic calendar activity for CRM workload testing.,Out of Office,2021-09-17T03:06:16Z,0,001R0OuIWPEowdMYT2,Account,003VMr2dUUitVLPA5B,Contact
00UaK6ibmBOo6aqMKJ,Planning workshop,2022-05-25T14:30:00Z,2022-05-25T15:30:00Z,Customer office,Meeting,Synthetic calendar activity for CRM workload testing.,Busy,2021-11-24T13:24:29Z,0,800rZ13dombV64vARO,Opportunity,003GHDRA5uyWzywQLQ,Contact
00UBLt4iGAE3NFu2JN,Implementation check-in,2023-03-29T09:00:00Z,2023-03-29T09:45:00Z,Customer office,Call,Synthetic calendar activity for CRM workload testing.,Busy,2023-09-21T17:12:18Z,0,70iGFDinNwlr4UmAGT,Opportunity,003nUmR8FGkuy87IC1,Contact
00UpIAYg4RH8Sh0E93,Discovery session,2022-05-06T09:30:00Z,2022-05-06T10:30:00Z,Online meeting,Workshop,Synthetic calendar activity for CRM workload testing.,Busy,2024-04-25T08:04:55Z,0,02iDeXMl3dXXOicQY1,Asset,003mOkC58L5m0JSIM2,Contact
00UIX8snyKjibXLMZK,Planning workshop,2024-09-14T08:00:00Z,2024-09-14T08:30:00Z,Online meeting,Workshop,Synthetic calendar activity for CRM workload testing.,Out of Office,2021-03-06T16:58:17Z,0,701s2qORj9Q5274YHM,Campaign,0031Q3Evc7Xc9rbQI3,Contact
00U0bxMAyv6owe3UNK,Implementation check-in,2023-02-20T11:30:00Z,2023-02-20T13:00:00Z,Customer office,Workshop,Synthetic calendar activity for CRM workload testing.,Out of Office,2022-07-01T08:34:23Z,0,02iNtleIyKt4r83IY7,Asset,00385sanazmf8LuY2V,Contact
00U8Fdi63x6n5AZ2BD,Discovery session,2022-07-02T16:00:00Z,2022-07-02T16:45:00Z,Online meeting,Meeting,Synthetic calendar activity for CRM workload testing.,Out of Office,2024-07-08T06:22:37Z,0,00iqIKwdqI55cMpA5R,Opportunity,003uhAfHhn2QyORAOH,Contact
00UyAagOSQH5JctE5Z,Implementation check-in,2022-01-30T09:00:00Z,2022-01-30T10:30:00Z,Online meeting,Workshop,Synthetic calendar activity for CRM workload testing.,Out of Office,2024-11-14T12:16:42Z,0,511p7RfkmBgbBjSYVR,Order,003OeYdS2JreqvUACI,Contact
00UBqV8F4w7Kc47U18,Business review,2026-01-31T16:30:00Z,2026-01-31T17:15:00Z,Customer office,Call,Synthetic calendar activity for CRM workload testing.,Busy,2024-08-21T13:35:41Z,0,,,003HyElyrwbdqT8QAZ,Contact
00Ucka8fLC0kjVX2X1,Business review,2024-10-25T13:30:00Z,2024-10-25T14:30:00Z,Online meeting,Workshop,Synthetic calendar activity for CRM workload testing.,Out of Office,2026-04-02T04:39:16Z,0,500wrP3FKWu1E6MYGA,Case,003DHT1BWwla1twQJQ,Contact
00UA1oXQsMmndR6U8A,Discovery session,2026-04-05T11:30:00Z,2026-04-05T12:15:00Z,Customer office,Workshop,Synthetic calendar activity for CRM workload testing.,Out of Office,2022-07-05T18:50:45Z,0,801JUCFNcgzcvUuYSM,Opportunity,00Q3Of6QqIazoySUFS,Lead
00UkUzQdjWufNzWU24,Discovery session,2022-08-26T09:30:00Z,2022-08-26T10:15:00Z,Online meeting,Meeting,Synthetic calendar activity for CRM workload testing.,Busy,2026-04-08T04:38:50Z,0,006b88SMWQzTaIpIYP,Order,00QhJA6hSseAG1uMH1,Lead
00UykZwCm7uvZnYUF6,Discovery session,2026-05-15T15:30:00Z,2026-05-15T17:00:00Z,Online meeting,Call,Synthetic calendar activity for CRM workload testing.,Busy,2023-08-24T09:00:31Z,0,700HXReK0YYlpwkY13,Opportunity,003FQLn0e9xyU6lY7G,Contact
00Uv1H3mQW4MoFUUTN,Planning workshop,2024-03-21T11:00:00Z,2024-03-21T12:00:00Z,Online meeting,Call,Synthetic calendar activity for CRM workload testing.,Busy,2021-12-17T22:56:48Z,0,71tT1GP2wDzYpuLIQ1,Opportunity,003xDSL78d613FFY1F,Contact
00UAeqFULX1igLXMSF,Discovery session,2025-12-14T16:30:00Z,2025-12-14T17:30:00Z,Regional office,Meeting,Synthetic calendar activity for CRM workload testing.,Out of Office,2025-10-29T16:34:57Z,0,500t9HdlkPT29efAR2,Case,,
00UKp8HzAIr7W1tM1N,Implementation check-in,2021-04-28T16:00:00Z,2021-04-28T17:00:00Z,Online meeting,Meeting,Synthetic calendar activity for CRM workload testing.,Out of Office,2022-02-18T14:35:44Z,0,500GAney4E4y98BIC2,Case,003yVp6izS539etYWB,Contact
00UijPosFojz9g3U5L,Planning workshop,2022-01-16T14:30:00Z,2022-01-16T16:00:00Z,Regional office,Workshop,Synthetic calendar activity for CRM workload testing.,Busy,2023-04-22T08:37:11Z,0,711igRXfJ6BhQOgAQ0,Opportunity,003FIVmek07UaeQASM,Contact
00UnjHtJDYKGzThEBN,Discovery session,2023-01-18T11:00:00Z,2023-01-18T12:30:00Z,Online meeting,Call,Synthetic calendar activity for CRM workload testing.,Out of Office,2021-10-31T14:07:29Z,0,7016JVvcTYMBRjjQNA,Campaign,003unNnhg4TgV1tAY1,Contact
00U8zex8wQb3aaR2QU,Implementation check-in,2025-02-08T10:00:00Z,2025-02-08T10:30:00Z,Regional office,Meeting,Synthetic calendar activity for CRM workload testing.,Busy,2022-03-28T16:53:44Z,0,,,003pADi54pkd8XiIH1,Contact
00UhpgQwGfK8CFdUVY,Planning workshop,2025-06-28T09:30:00Z,2025-06-28T10:15:00Z,Customer office,Meeting,Synthetic calendar activity for CRM workload testing.,Busy,2023-06-30T08:27:57Z,0,001pUY9CVMaLCa4YQV,Account,003kxeIbYRarc1MYRV,Contact
00U6xyerJrXHltgMOJ,Implementation check-in,2023-10-23T14:00:00Z,2023-10-23T15:30:00Z,Regional office,Meeting,Synthetic calendar activity for CRM workload testing.,Out of Office,2022-08-06T02:35:30Z,0,500uq6VSoCl3YfgQWQ,Case,003xKpYjRI45OxiI97,Contact
00UcaOh4pfhWJFiES7,Implementation check-in,2022-12-03T13:30:00Z,2022-12-03T14:15:00Z,Online meeting,Call,Synthetic calendar activity for CRM workload testing.,Out of Office,2023-03-17T00:13:46Z,0,02ikSKacvhsxO1BAFO,Asset,,
00UYuKhyelVW1w02S5,Implementation check-in,2026-09-24T16:00:00Z,2026-09-24T17:00:00Z,Customer office,Meeting,Synthetic calendar activity for CRM workload testing.,Out of Office,2024-06-24T05:13:05Z,0,500ESKxMKGSyjNEAOV,Case,003M3eXH0NFA7aZQ76,Contact
00UGEyXaYarbrAS2KX,Planning workshop,2026-07-27T11:30:00Z,2026-07-27T12:00:00Z,Online meeting,Meeting,Synthetic calendar activity for CRM workload testing.,Out of Office,2026-01-30T03:32:01Z,0,001R0OuIWPEowdMYT2,Account,003kx8Da65rG4utQA5,Contact
00UiK27RqnyjBCNESS,Implementation check-in,2024-03-20T08:30:00Z,2024-03-20T09:15:00Z,Online meeting,Meeting,Synthetic calendar activity for CRM workload testing.,Out of Office,2021-10-10T06:33:42Z,0,001F0HyTq0ZVe9LIP9,Account,003D3c4EiA0KVHYQ6Q,Contact
00UdiotdlrYOWvsUJX,Discovery session,2023-09-06T10:30:00Z,2023-09-06T11:15:00Z,Regional office,Call,Synthetic calendar activity for CRM workload testing.,Busy,2025-12-09T13:13:12Z,0,701AUP2DWX9vWyrQNF,Campaign,003WzLfPfvskzvPQNP,Contact
00UEva8U78KSA1420W,Business review,2022-05-22T10:00:00Z,2022-05-22T11:30:00Z,Online meeting,Call,Synthetic calendar activity for CRM workload testing.,Busy,2022-10-03T05:32:35Z,0,00619ntde9Mf8BfQ4P,Opportunity,003a9cEVwuIOhZ2IHZ,Contact
00UmfAH9XBPtkM12E1,Implementation check-in,2024-08-22T13:00:00Z,2024-08-22T13:45:00Z,Online meeting,Meeting,Synthetic calendar activity for CRM workload testing.,Out of Office,2022-10-23T01:53:11Z,0,521mpPKRTUMfQI3A1Q,Opportunity,003HYHpYDcI6KWiYKH,Contact
00UJGEQt107lTaaEXH,Implementation check-in,2024-02-29T09:30:00Z,2024-02-29T10:30:00Z,Regional office,Meeting,Synthetic calendar activity for CRM workload testing.,Out of Office,2023-07-13T20:48:49Z,0,001tvKQbYklnB9tY2P,Account,003IJYZzBDflswfI3D,Contact
00UctLzyLyvM0J2UJ4,Planning workshop,2024-04-22T14:30:00Z,2024-04-22T15:15:00Z,Regional office,Meeting,Synthetic calendar activity for CRM workload testing.,Out of Office,2024-01-23T13:07:19Z,0,7019g7m2YfxR5uxQ6M,Campaign,003t59Q046U5DdBQBI,Contact
00U2HElGQUB5l81MQJ,Implementation check-in,2024-08-19T09:30:00Z,2024-08-19T10:30:00Z,Customer office,Meeting,Synthetic calendar activity for CRM workload testing.,Out of Office,2024-05-08T05:29:49Z,0,816jvzLq14lW3XrIBO,Opportunity,,
00U1HbfbkWdgPxbMJP,Implementation check-in,2025-12-15T13:30:00Z,2025-12-15T15:00:00Z,Online meeting,Call,Synthetic calendar activity for CRM workload testing.,Out of Office,2023-05-09T19:39:22Z,0,02iA4xKalezivqHAG9,Asset,003qX9PyVBghmgsYYV,Contact
00UuDNCEmsgjnzwMSB,Implementation check-in,2022-01-17T14:00:00Z,2022-01-17T14:45:00Z,Customer office,Workshop,Synthetic calendar activity for CRM workload testing.,Busy,2022-09-17T00:25:49Z,0,711PO7SHuw36oc0Q7Q,Order,003kzTeWiTEDz4SIFS,Contact
00UQYdkOuHEmShzU0W,Discovery session,2025-08-04T08:30:00Z,2025-08-04T09:15:00Z,Customer office,Meeting,Synthetic calendar activity for CRM workload testing.,Out of Office,2026-06-25T13:40:24Z,0,7016JVvcTYMBRjjQNA,Campaign,00Qk87ZZYzWMIkjEXD,Lead
00UfEPUtlJY2YoRMOU,Business review,2025-12-23T16:30:00Z,2025-12-23T18:00:00Z,Customer office,Workshop,Synthetic calendar activity for CRM workload testing.,Out of Office,2025-04-21T04:36:56Z,0,,,003z7ZbcBcDrjgLQK6,Contact
00UpD001kPjb3Is2ZM,Planning workshop,2023-10-17T13:30:00Z,2023-10-17T15:00:00Z,Customer office,Meeting,Synthetic calendar activity for CRM workload testing.,Busy,2026-03-02T19:26:28Z,0,82i8o4KUZogEMCHAP6,Opportunity,00QiYfcGcyaqrGn2I1,Lead
00UBqJnskwzqR1PE3S,Implementation check-in,2021-04-24T10:30:00Z,2021-04-24T12:00:00Z,Regional office,Call,Synthetic calendar activity for CRM workload testing.,Busy,2025-03-26T21:38:03Z,0,001Pv3IESUoMrhiAAG,Account,003dPfEG6RDwEw1Y3I,Contact
00UiaPRRsjIBvzc2G0,Implementation check-in,2026-05-02T08:30:00Z,2026-05-02T09:15:00Z,Customer office,Call,Synthetic calendar activity for CRM workload testing.,Busy,2023-05-17T15:03:27Z,0,02iYsg0TF3Vh1dSIKP,Asset,0032DjvAUIKhn8RIQI,Contact
00UBdEUZEVokOE32NR,Implementation check-in,2023-03-02T08:00:00Z,2023-03-02T09:00:00Z,Regional office,Workshop,Synthetic calendar activity for CRM workload testing.,Busy,2024-09-14T23:11:00Z,0,801rmDVqegLzveYA4W,Opportunity,,
00U5m927gRZS6afEQ9,Discovery session,2022-01-04T10:30:00Z,2022-01-04T11:30:00Z,Customer office,Workshop,Synthetic calendar activity for CRM workload testing.,Busy,2023-09-09T00:36:17Z,0,001KqKN8Jf0F9i9AKQ,Account,003Nte2NbHH78qtQ8Y,Contact
00UVcjAFt9WJ9002D9,Discovery session,2023-08-29T11:00:00Z,2023-08-29T12:30:00Z,Regional office,Meeting,Synthetic calendar activity for CRM workload testing.,Busy,2023-03-18T18:25:16Z,0,001wXq5LbckG7u9AEU,Account,,
00UXFGEYj2Y73lP2GZ,Business review,2023-10-14T08:00:00Z,2023-10-14T08:45:00Z,Online meeting,Call,Synthetic calendar activity for CRM workload testing.,Out of Office,2026-06-21T05:30:47Z,0,80iWtir5PL9VOk7QNC,Opportunity,003KNJslKRqzwuIIK3,Contact
00UgVDNBBzs46dcMTR,Discovery session,2026-10-01T09:30:00Z,2026-10-01T10:30:00Z,Online meeting,Call,Synthetic calendar activity for CRM workload testing.,Out of Office,2021-10-21T15:09:48Z,0,,,003o9UZEDhfqPufYGG,Contact
00UjUrzmJqHunJd2IZ,Implementation check-in,2022-11-01T08:30:00Z,2022-11-01T10:00:00Z,Customer office,Meeting,Synthetic calendar activity for CRM workload testing.,Out of Office,2023-10-24T18:39:22Z,0,500ExV0aQWUBak8A8N,Case,003BezGw71lXosXA9D,Contact
00UES9m9lddepFiEK5,Planning workshop,2025-07-28T15:30:00Z,2025-07-28T16:15:00Z,Online meeting,Meeting,Synthetic calendar activity for CRM workload testing.,Out of Office,2022-06-28T02:39:12Z,0,800c6BRUBx43sUQYKZ,Contract,0038Ax4M9YQiyOJIS1,Contact
00UXB2ZFQCGdWIWM2N,Implementation check-in,2024-05-15T16:30:00Z,2024-05-15T17:00:00Z,Online meeting,Meeting,Synthetic calendar activity for CRM workload testing.,Out of Office,2022-02-16T00:34:09Z,0,02ipFQ2mDs8eCxEAZN,Asset,003VtyW41eLCT25YCC,Contact
00UwRZcPw5esz5k2F3,Discovery session,2021-03-28T08:00:00Z,2021-03-28T09:30:00Z,Regional office,Call,Synthetic calendar activity for CRM workload testing.,Out of Office,2022-03-08T08:56:36Z,0,02irJI8JiYJRfWWIIV,Asset,003rYLYNapF82OGY59,Contact
00URdMSjHSaAsM3M4Q,Implementation check-in,2023-07-10T13:00:00Z,2023-07-10T13:30:00Z,Customer office,Workshop,Synthetic calendar activity for CRM workload testing.,Busy,2022-11-11T00:40:55Z,0,001vnn1W5RPN0LPYO8,Account,003vULZsZiuwyrdQJ5,Contact
00UjJNs6dgEMRm9ER1,Planning workshop,2022-07-05T09:30:00Z,2022-07-05T10:30:00Z,Regional office,Call,Synthetic calendar activity for CRM workload testing.,Busy,2022-02-06T08:42:26Z,0,001yQSD3rwvt3ZBAV9,Account,0030qCKFbVvqMmGQEI,Contact
00UmQfp7RNMWvuDM81,Planning workshop,2023-11-06T09:30:00Z,2023-11-06T10:15:00Z,Online meeting,Workshop,Synthetic calendar activity for CRM workload testing.,Busy,2022-12-29T19:47:05Z,0,02ipdUBo6hhc1fGIKF,Asset,00Q6MGUS897J5Pb21P,Lead
00UP3SqkGQVo7acER0,Planning workshop,2021-06-12T10:00:00Z,2021-06-12T10:45:00Z,Online meeting,Meeting,Synthetic calendar activity for CRM workload testing.,Busy,2025-11-24T17:49:55Z,0,711nKDDjsWx7USFADB,Opportunity,003ynZAmhuHgXe5ALX,Contact
00UNpwy9Wi0Yb3aEBW,Discovery session,2024-03-18T13:30:00Z,2024-03-18T14:00:00Z,Online meeting,Meeting,Synthetic calendar activity for CRM workload testing.,Out of Office,2022-05-17T19:13:41Z,0,001dUDfaBymF8HyAUN,Account,003GELqJgeaQWHwIPZ,Contact
00UIbNVHMdjJnvAU9S,Business review,2022-04-21T08:30:00Z,2022-04-21T09:30:00Z,Regional office,Meeting,Synthetic calendar activity for CRM workload testing.,Busy,2022-07-17T19:20:42Z,0,500T9S5EC3IIjFCAKF,Case,0030O6AOuLKmcGDQ02,Contact
00UNSzbvG1K2HtsE1O,Planning workshop,2022-02-05T08:00:00Z,2022-02-05T08:45:00Z,Online meeting,Call,Synthetic calendar activity for CRM workload testing.,Out of Office,2021-03-21T20:43:18Z,0,,,003Wwbin3iqodkMA1G,Contact
00UHGOjrLsQFOugMHX,Implementation check-in,2022-01-08T10:30:00Z,2022-01-08T11:15:00Z,Regional office,Call,Synthetic calendar activity for CRM workload testing.,Out of Office,2021-04-16T13:52:08Z,0,0017R1i3b17QyDUAUX,Account,003sl6OvCXMcsqyYYL,Contact
00UT7UOjHlxBpJM24Z,Discovery session,2023-12-03T16:00:00Z,2023-12-03T17:30:00Z,Customer office,Meeting,Synthetic calendar activity for CRM workload testing.,Out of Office,2021-11-16T13:33:01Z,0,0012Sv7fgBrqn2tAX8,Account,003hCTxoAAKlB9rYEF,Contact
00UAFhyMJdHNquSM2D,Planning workshop,2021-08-18T11:30:00Z,2021-08-18T12:15:00Z,Customer office,Workshop,Synthetic calendar activity for CRM workload testing.,Out of Office,2021-09-08T08:06:17Z,0,0012Sv7fgBrqn2tAX8,Account,003jPpwwDoAri1LIRC,Contact
00UQLUM62lczxW4MIV,Implementation check-in,2025-09-27T15:00:00Z,2025-09-27T15:30:00Z,Online meeting,Workshop,Synthetic calendar activity for CRM workload testing.,Busy,2022-06-11T02:34:25Z,0,01tP4esz3eZDbeDAWQ,Opportunity,003GZMiGhmxCKWdILH,Contact
00UaWsunkl0F6qkEDA,Business review,2024-12-13T16:30:00Z,2024-12-13T17:30:00Z,Customer office,Call,Synthetic calendar activity for CRM workload testing.,Busy,2021-12-23T04:40:04Z,0,001FChipDL8FyVaQQG,Account,0032MowSse5t9c6AC4,Contact
00Urf27rZ1AbdTlEJL,Business review,2021-10-27T13:30:00Z,2021-10-27T14:00:00Z,Customer office,Workshop,Synthetic calendar activity for CRM workload testing.,Busy,2023-02-22T13:08:06Z,0,001Ou3cLagv7VIiQYI,Opportunity,00Qe1Lc5mtCeCBMW9A,Lead
00U6Len6tBccoopUR1,Business review,2024-03-31T11:00:00Z,2024-03-31T12:00:00Z,Customer office,Workshop,Synthetic calendar activity for CRM workload testing.,Out of Office,2022-12-10T02:38:58Z,0,701T7xJocH3zs1NQYF,Campaign,003rCLXjA5zuMQ9YSM,Contact
00UeUiywtXrPKxjMFA,Implementation check-in,2021-04-24T08:30:00Z,2021-04-24T09:00:00Z,Online meeting,Workshop,Synthetic calendar activity for CRM workload testing.,Out of Office,2025-08-28T07:21:15Z,0,00iWWIiZJvnLomcIG5,Opportunity,00QX7R39dZ5vKZwU0N,Lead
00UjyrCLIe6H0ys2RU,Planning workshop,2022-05-18T16:30:00Z,2022-05-18T18:00:00Z,Customer office,Workshop,Synthetic calendar activity for CRM workload testing.,Out of Office,2025-11-27T11:00:15Z,0,0010APGD8asQ2PkIS9,Account,00Qpr6yVkW0UmZ6UGP,Lead
00UJtyItk8s8jnVERP,Implementation check-in,2025-01-11T16:30:00Z,2025-01-11T18:00:00Z,Online meeting,Workshop,Synthetic calendar activity for CRM workload testing.,Busy,2022-03-19T21:10:53Z,0,001IGpX26HWSL0HQPY,Account,003TCFOwwx3mRARI3Z,Contact
00Un0UbvKmbbo6E24X,Business review,2023-02-12T08:30:00Z,2023-02-12T09:00:00Z,Online meeting,Workshop,Synthetic calendar activity for CRM workload testing.,Out of Office,2021-01-26T02:27:39Z,0,026BVR57X8CvFHRYF7,Order,,
00U0aYFpZlwRqLmMTG,Planning workshop,2025-11-11T16:00:00Z,2025-11-11T16:45:00Z,Online meeting,Call,Synthetic calendar activity for CRM workload testing.,Busy,2023-10-04T20:30:30Z,0,500Ei25eFGDp8yEAY1,Case,003uIWWDu5XHBBvIH2,Contact
00UCpMF3Tpcrt3fE44,Discovery session,2025-04-09T15:00:00Z,2025-04-09T16:00:00Z,Online meeting,Workshop,Synthetic calendar activity for CRM workload testing.,Out of Office,2024-04-17T20:14:39Z,0,01665LIM3G7O2IEIRV,Opportunity,003WEOptIkt5mefQFY,Contact
00U3enLhcwurzgkEBJ,Business review,2023-01-14T11:30:00Z,2023-01-14T12:00:00Z,Customer office,Call,Synthetic calendar activity for CRM workload testing.,Out of Office,2023-10-03T21:14:21Z,0,500JHfQRYrJ24rmYRZ,Case,003ISCtQkOpeoZuQVQ,Contact
00UCFs20drXdD82E40,Business review,2024-07-30T14:30:00Z,2024-07-30T15:15:00Z,Regional office,Meeting,Synthetic calendar activity for CRM workload testing.,Busy,2023-05-04T22:58:58Z,0,02ifBXyOYIPDvNvA32,Asset,0037x3dE82ZCNg7QBQ,Contact
00UeDWAMII8SEx4MF5,Implementation check-in,2025-01-23T15:30:00Z,2025-01-23T16:15:00Z,Customer office,Workshop,Synthetic calendar activity for CRM workload testing.,Out of Office,2022-05-30T07:58:12Z,0,701a3iF8udc5uf6YH1,Order,00QI5TEfZEs77RjE7W,Lead
00U7CmFmO5NA6CnEKN,Implementation check-in,2021-12-20T11:00:00Z,2021-12-20T11:45:00Z,Regional office,Workshop,Synthetic calendar activity for CRM workload testing.,Out of Office,2022-10-20T02:31:29Z,0,02iECYVnajb38DtQ6U,Asset,003RFA3C5PZtjYrIEF,Contact
00UewfAaEExtyWq2W0,Discovery session,2024-12-08T10:00:00Z,2024-12-08T11:30:00Z,Online meeting,Meeting,Synthetic calendar activity for CRM workload testing.,Busy,2021-08-23T00:39:24Z,0,0161X3H4nd77ebTQHG,Opportunity,003CYKyRRyyBLH5IV6,Contact
00ULi8O0BhiL2IPEBU,Business review,2023-03-31T08:30:00Z,2023-03-31T09:00:00Z,Customer office,Workshop,Synthetic calendar activity for CRM workload testing.,Out of Office,2023-02-27T03:49:39Z,0,80iif3zS8vL3LMDA9N,Opportunity,,
00U02xyscj43T9P2UQ,Planning workshop,2026-04-06T15:00:00Z,2026-04-06T16:30:00Z,Online meeting,Call,Synthetic calendar activity for CRM workload testing.,Busy,2023-03-14T22:56:09Z,0,001L6QQcpJ1qXB2Y62,Account,00QOrPL1pOXtA1mUG0,Lead
00UcLqs6J3cOPdIE8T,Discovery session,2022-11-24T14:00:00Z,2022-11-24T15:00:00Z,Online meeting,Workshop,Synthetic calendar activity for CRM workload testing.,Out of Office,2025-04-19T22:55:51Z,0,02iqWp9whyiAjl2QHB,Asset,003pqlMKQlhXNs9YWS,Contact
00UpX7VFvM5Kc5GMLY,Discovery session,2022-11-25T16:00:00Z,2022-11-25T17:30:00Z,Customer office,Call,Synthetic calendar activity for CRM workload testing.,Out of Office,2022-09-20T13:02:43Z,0,700aFWZ3nbrzjg8YUW,Opportunity,,
00Uj5xB5nHUr8MEUIA,Planning workshop,2023-01-03T10:00:00Z,2023-01-03T11:00:00Z,Regional office,Workshop,Synthetic calendar activity for CRM workload testing.,Busy,2022-06-06T18:50:01Z,0,0019ojrY0cvCQ2UQ6L,Account,00Q65IBKALbx7QcM4Y,Lead
00UIaZzmTR5dCG7M6D,Discovery session,2026-06-03T15:30:00Z,2026-06-03T16:00:00Z,Online meeting,Workshop,Synthetic calendar activity for CRM workload testing.,Out of Office,2025-02-24T07:09:18Z,0,80189GKnKw0VwCqQPJ,Opportunity,003wAT566QI59hlHUK,Lead
00UCoEyUD6M1JRv2SP,Planning workshop,2023-11-11T11:00:00Z,2023-11-11T12:00:00Z,Regional office,Meeting,Synthetic calendar activity for CRM workload testing.,Out of Office,2025-10-19T13:51:59Z,0,71tJO4I6W8tx8W3YAF,Opportunity,00QD9UrZHTC7fXVMKP,Lead
00UEtGTajYwb32d29R,Business review,2022-10-24T16:30:00Z,2022-10-24T17:00:00Z,Online meeting,Workshop,Synthetic calendar activity for CRM workload testing.,Busy,2022-07-08T03:00:04Z,0,00ijCBPeUz5Qky5IPL,Opportunity,003ENBWzBF3YIoFYPD,Contact
00UgT002lGbTRmuMT1,Planning workshop,2024-09-26T14:00:00Z,2024-09-26T15:30:00Z,Online meeting,Workshop,Synthetic calendar activity for CRM workload testing.,Busy,2022-09-04T04:53:23Z,0,001CXiPlYrfwSgoQU2,Account,00QSkDLXMMSq1KwUA2,Lead
00UmTSZfPIaX0Fa2NY,Planning workshop,2026-01-26T09:00:00Z,2026-01-26T09:45:00Z,Online meeting,Meeting,Synthetic calendar activity for CRM workload testing.,Busy,2025-05-24T14:42:00Z,0,701T7xJocH3zs1NQYF,Campaign,,
00USq0LJoOlXF3TE88,Business review,2026-06-03T11:30:00Z,2026-06-03T12:00:00Z,Customer office,Meeting,Synthetic calendar activity for CRM workload testing.,Out of Office,2022-05-04T23:09:57Z,0,500eNGxpxGf0ABlAIV,Case,,
00Ugldl6jNQbsv6ELP,Implementation check-in,2023-10-17T10:30:00Z,2023-10-17T11:00:00Z,Customer office,Workshop,Synthetic calendar activity for CRM workload testing.,Busy,2021-11-29T18:43:42Z,0,01tdyvIgQpVTvgTYQH,Opportunity,003o9UZEDhfqPufYGG,Contact
00U23svoWcgft4NUFH,Planning workshop,2021-03-05T08:30:00Z,2021-03-05T09:15:00Z,Online meeting,Meeting,Synthetic calendar activity for CRM workload testing.,Busy,2023-02-13T04:03:52Z,0,80039yp08WU9HVvA16,Contract,00QovG7Vl1CHn1yERX,Lead
00UbJL9VriSU2IIMHJ,Business review,2021-05-26T08:00:00Z,2021-05-26T08:30:00Z,Customer office,Workshop,Synthetic calendar activity for CRM workload testing.,Busy,2024-01-25T15:14:13Z,0,800pHjoyPbLhnpsANO,Contract,0031ouue6VvMIHmY1K,Contact
00UdH39FZ01yp8gE6Q,Planning workshop,2025-09-03T09:30:00Z,2025-09-03T10:00:00Z,Customer office,Workshop,Synthetic calendar activity for CRM workload testing.,Busy,2024-09-04T04:46:52Z,0,001XOGQaJwZLxA8YV5,Account,003w5XxoufbDRWEAC2,Contact
00U7q4ymzZ3DBvp2NQ,Business review,2023-07-22T13:00:00Z,2023-07-22T14:30:00Z,Online meeting,Meeting,Synthetic calendar activity for CRM workload testing.,Out of Office,2021-09-08T22:34:56Z,0,001ll0htSxmTlUFAHW,Account,003MsemLqVvmkjoAQI,Contact
00Utau7fe3HrCRBUMV,Business review,2025-11-07T08:00:00Z,2025-11-07T09:30:00Z,Customer office,Meeting,Synthetic calendar activity for CRM workload testing.,Out of Office,2023-11-09T22:37:05Z,0,0018sCn7wzuyGKcIWS,Account,003h7T0PrfOKwRwY44,Contact
00UDxkXpAWnqm3dESM,Implementation check-in,2023-03-15T09:30:00Z,2023-03-15T10:30:00Z,Regional office,Meeting,Synthetic calendar activity for CRM workload testing.,Out of Office,2024-12-02T14:29:51Z,0,7019g7m2YfxR5uxQ6M,Campaign,003uwGp0ZUzZmWKILM,Contact
00UyuGFc5HjWpxsEBI,Planning workshop,2022-11-18T16:30:00Z,2022-11-18T17:30:00Z,Regional office,Call,Synthetic calendar activity for CRM workload testing.,Out of Office,2026-03-25T21:16:03Z,0,706hqp8mxB71nrAAPD,Opportunity,0031hsI8yhK8t9wA42,Contact
00Ui9HrYRs1ACkLUEB,Planning workshop,2022-04-23T13:30:00Z,2022-04-23T14:30:00Z,Regional office,Workshop,Synthetic calendar activity for CRM workload testing.,Out of Office,2023-05-22T12:02:39Z,0,500dBMrIIAZJSILYWT,Case,0031Ubn5eHQFuLUQ0K,Contact
00UgNEvnL14P7FXE8N,Implementation check-in,2023-01-29T11:00:00Z,2023-01-29T11:30:00Z,Regional office,Meeting,Synthetic calendar activity for CRM workload testing.,Busy,2022-01-17T02:52:49Z,0,01tLlltcGPITOCRAMC,Product2,003dsxP6afpCoNXI3A,Contact
00UW8krTh3BmkHt22M,Business review,2022-10-19T16:00:00Z,2022-10-19T17:00:00Z,Customer office,Meeting,Synthetic calendar activity for CRM workload testing.,Busy,2024-11-10T19:46:48Z,0,7212lBGld6d3jDdISJ,Opportunity,00QjOBWVkOFOCoRM7D,Lead
00UriCEkpaPyJx729V,Business review,2024-08-14T11:00:00Z,2024-08-14T11:30:00Z,Online meeting,Meeting,Synthetic calendar activity for CRM workload testing.,Busy,2024-02-13T09:21:02Z,0,800wTbmUAaqNpsYAFZ,Contract,003iUnQWCcRw0K5QTM,Contact
00Upft57As1HjwY235,Implementation check-in,2025-09-14T09:00:00Z,2025-09-14T10:00:00Z,Regional office,Meeting,Synthetic calendar activity for CRM workload testing.,Busy,2025-11-01T14:10:53Z,0,82tPtrVmmPDvG8BAW9,Opportunity,003dgi6puTJVuS7QB6,Contact
00UtsMOIfgqZgRJMMP,Business review,2021-08-09T10:00:00Z,2021-08-09T10:45:00Z,Online meeting,Workshop,Synthetic calendar activity for CRM workload testing.,Busy,2023-01-25T08:31:22Z,0,5006RSpluCHh6KjY1M,Case,00Qai8meoii3Mzg24W,Lead
00UD07JIqxEMF2HUEQ,Business review,2024-09-04T09:30:00Z,2024-09-04T10:00:00Z,Online meeting,Workshop,Synthetic calendar activity for CRM workload testing.,Busy,2021-08-30T17:01:34Z,0,8006Y4iXANmygtXYPR,Contract,00QmrOzXb6JjAn0UE6,Lead
00U16iV1zXX16WEEII,Implementation check-in,2026-02-06T16:00:00Z,2026-02-06T17:30:00Z,Regional office,Workshop,Synthetic calendar activity for CRM workload testing.,Busy,2024-08-19T15:32:12Z,0,82idEJODYkTMfvdAZ5,Opportunity,,
00UnEjWK3qOyRSX2VQ,Discovery session,2021-09-11T15:30:00Z,2021-09-11T16:30:00Z,Regional office,Workshop,Synthetic calendar activity for CRM workload testing.,Out of Office,2021-11-28T18:33:27Z,0,001MfuiALipgsrAIEL,Account,0031Q3Evc7Xc9rbQI3,Contact
00UDcnZdVFcjYV0MU3,Discovery session,2025-04-28T16:30:00Z,2025-04-28T17:30:00Z,Customer office,Call,Synthetic calendar activity for CRM workload testing.,Out of Office,2025-06-19T04:19:01Z,0,,,003glOPy3BD2di1YT6,Contact
00U5534U2MipqJSE8Z,Planning workshop,2021-05-30T16:00:00Z,2021-05-30T16:30:00Z,Regional office,Meeting,Synthetic calendar activity for CRM workload testing.,Out of Office,2021-09-05T09:44:28Z,0,0018MjZShtig55PAG6,Account,0037F7ZQVrLuk6jA5E,Contact
00U3hchZknQJXK5MKK,Discovery session,2026-07-03T10:30:00Z,2026-07-03T11:30:00Z,Regional office,Meeting,Synthetic calendar activity for CRM workload testing.,Busy,2025-05-30T15:22:41Z,0,726itersoyHJxBSACS,Opportunity,003RKx4RYpV8PObIGS,Contact
00UoTxi39BZ94CvE4R,Planning workshop,2026-05-04T13:00:00Z,2026-05-04T13:45:00Z,Customer office,Call,Synthetic calendar activity for CRM workload testing.,Busy,2023-01-10T17:54:46Z,0,02inkpqrLii5625YWS,Asset,0031u8vbGWa7ODyQZ7,Contact
00UWHJQ4qQ3CkDe25S,Discovery session,2022-07-13T15:00:00Z,2022-07-13T16:00:00Z,Regional office,Call,Synthetic calendar activity for CRM workload testing.,Busy,2025-08-30T11:08:44Z,0,00ijCBPeUz5Qky5IPL,Opportunity,,
00U7G9lrGfbs8EeMUV,Implementation check-in,2021-04-18T15:00:00Z,2021-04-18T16:30:00Z,Customer office,Workshop,Synthetic calendar activity for CRM workload testing.,Busy,2022-08-24T11:25:56Z,0,001JcZQ7uhRMVxxILW,Account,003OSDMabqDksLrQD8,Contact
00UsNbGORmEoitA24F,Implementation check-in,2023-07-01T11:00:00Z,2023-07-01T12:00:00Z,Online meeting,Workshop,Synthetic calendar activity for CRM workload testing.,Out of Office,2025-02-05T14:54:30Z,0,701DNuvDGEm4hghY4U,Campaign,00Q4Kik7zpqfyMc2LM,Lead
00USNnWKVjCFrqgM9X,Planning workshop,2025-10-02T11:30:00Z,2025-10-02T12:15:00Z,Customer office,Meeting,Synthetic calendar activity for CRM workload testing.,Out of Office,2025-11-08T21:56:10Z,0,82tNIDzfrf5G07qIST,Opportunity,003koWoclygPITyIKQ,Contact
00UXn0HE7xvjmIY293,Business review,2024-03-11T14:00:00Z,2024-03-11T14:30:00Z,Online meeting,Meeting,Synthetic calendar activity for CRM workload testing.,Out of Office,2024-03-07T05:22:59Z,0,500EFgn1V53ORC6IEU,Case,,
00UfOb2YC52ybUGUQ0,Discovery session,2026-03-04T09:30:00Z,2026-03-04T10:15:00Z,Regional office,Workshop,Synthetic calendar activity for CRM workload testing.,Out of Office,2023-08-21T17:10:53Z,0,0015fdr3n38vtS2Q4V,Account,003A5xFu6Tp1zzlIZE,Contact
00Uq9R7SUqODClZEY7,Planning workshop,2025-06-26T09:00:00Z,2025-06-26T10:30:00Z,Online meeting,Workshop,Synthetic calendar activity for CRM workload testing.,Out of Office,2023-02-03T20:27:18Z,0,821qtottAAusQkeAPP,Opportunity,00Qv2ExW47KTOQp8P7,Lead
00UIyb9PsZgizbc23U,Discovery session,2025-07-09T10:00:00Z,2025-07-09T11:30:00Z,Customer office,Meeting,Synthetic calendar activity for CRM workload testing.,Out of Office,2025-11-16T00:31:29Z,0,800aawsTVoY6sIFIQ3,Contract,0031VD9UKg8CI6sQCH,Contact
00U4YMXNFg1UbDnE5W,Planning workshop,2025-08-12T14:00:00Z,2025-08-12T14:30:00Z,Regional office,Call,Synthetic calendar activity for CRM workload testing.,Busy,2023-09-13T15:19:17Z,0,,,003nEEZpEHQMiNGIEO,Contact
00UCgVYn3aWrTkXUAB,Discovery session,2023-09-11T10:30:00Z,2023-09-11T11:30:00Z,Regional office,Call,Synthetic calendar activity for CRM workload testing.,Out of Office,2022-12-04T16:33:06Z,0,710QHOzzxyhjTfEIID,Opportunity,,
00Uk4CiC5bRMSaTMUQ,Planning workshop,2022-10-10T13:00:00Z,2022-10-10T13:30:00Z,Regional office,Call,Synthetic calendar activity for CRM workload testing.,Out of Office,2026-03-15T09:09:52Z,0,521n8wLYOIVQwnkA91,Opportunity,003fsY9xmzLb2Z7A1O,Contact
00UijyKm2uu07CSUI9,Implementation check-in,2023-08-23T09:00:00Z,2023-08-23T09:45:00Z,Regional office,Call,Synthetic calendar activity for CRM workload testing.,Busy,2021-01-22T15:28:51Z,0,526F3l9AGlkv8pfIWP,Opportunity,003IPrkiTSRDMIRAYU,Contact
00U1JZQlPrHO3yzMUQ,Business review,2023-07-21T09:30:00Z,2023-07-21T10:30:00Z,Online meeting,Workshop,Synthetic calendar activity for CRM workload testing.,Out of Office,2026-01-10T15:10:24Z,0,02iv9kP78HIa0ajQLY,Asset,003SCZl72BVRDqoAU1,Contact
00Ul7fN9tJkb58f2FF,Planning workshop,2021-06-07T08:00:00Z,2021-06-07T09:00:00Z,Regional office,Workshop,Synthetic calendar activity for CRM workload testing.,Out of Office,2025-12-07T09:44:24Z,0,001SDonDyKHRDRwYPS,Account,00QJcgXyVZujx91URF,Lead
00UiHLt6C08SkdNU93,Implementation check-in,2024-04-19T09:00:00Z,2024-04-19T09:30:00Z,Customer office,Meeting,Synthetic calendar activity for CRM workload testing.,Busy,2022-10-18T02:43:23Z,0,801JUCFNcgzcvUuYSM,Opportunity,003euzwExYsJTIpY9B,Contact
00UyfXDdiy3mKcY2FH,Discovery session,2025-09-19T13:30:00Z,2025-09-19T14:00:00Z,Online meeting,Call,Synthetic calendar activity for CRM workload testing.,Out of Office,2021-05-18T02:28:11Z,0,811AGzYwwbcrfyVQYD,Opportunity,00QkZpvBANDsRLDMNI,Lead
00UFkH6eLq467anEZZ,Implementation check-in,2025-04-21T13:30:00Z,2025-04-21T14:15:00Z,Customer office,Call,Synthetic calendar activity for CRM workload testing.,Out of Office,2022-09-17T09:03:22Z,0,500vzU9orpmzOe7QIA,Case,003cQYFJhLOFpaDATG,Contact
00UPN0ym8o5FysrE7X,Planning workshop,2023-10-16T16:00:00Z,2023-10-16T17:00:00Z,Online meeting,Workshop,Synthetic calendar activity for CRM workload testing.,Out of Office,2022-09-25T16:01:41Z,0,80tIcH6603TxTUmY63,Opportunity,00QQqJAaUviX8v0E5C,Lead
00UHpFypEx2lkIaU8X,Planning workshop,2022-03-21T10:30:00Z,2022-03-21T11:30:00Z,Online meeting,Workshop,Synthetic calendar activity for CRM workload testing.,Busy,2023-01-06T21:08:42Z,0,0015Cr2vcIsO2EGY08,Account,003e0SfTKu9YWGpAJN,Contact
00UJBzfbUwcfXu0M1R,Planning workshop,2022-05-19T15:00:00Z,2022-05-19T16:30:00Z,Customer office,Meeting,Synthetic calendar activity for CRM workload testing.,Busy,2021-04-19T17:58:23Z,0,500Dxo4d4uokvvoQB3,Case,00Qiw2Lpb0yCJXP2CR,Lead
00UPDU9C3qrodhH2NW,Discovery session,2025-11-27T09:00:00Z,2025-11-27T10:30:00Z,Online meeting,Meeting,Synthetic calendar activity for CRM workload testing.,Out of Office,2024-04-23T09:38:06Z,0,521EDoVz30PXBNTALP,Opportunity,,
00UteNxLz8qC426MYS,Business review,2021-07-14T08:00:00Z,2021-07-14T09:00:00Z,Online meeting,Call,Synthetic calendar activity for CRM workload testing.,Out of Office,2021-03-05T19:41:23Z,0,80iq1Bh2MseHsg3YUS,Opportunity,,
00UXaifxEMwccgiM7E,Discovery session,2023-03-31T15:30:00Z,2023-03-31T17:00:00Z,Regional office,Workshop,Synthetic calendar activity for CRM workload testing.,Busy,2023-10-17T09:20:31Z,0,001rpVRMvKUYUnZQWY,Account,0035h3Lteqqq5apA6B,Contact
00U4hhvvHqhrFMKER1,Discovery session,2023-01-18T10:30:00Z,2023-01-18T12:00:00Z,Online meeting,Call,Synthetic calendar activity for CRM workload testing.,Out of Office,2023-09-16T10:06:35Z,0,5002HMBG4Pkc6j9I6H,Case,,
00UWb8wYyMibqyh2AD,Business review,2023-08-21T11:00:00Z,2023-08-21T12:30:00Z,Customer office,Meeting,Synthetic calendar activity for CRM workload testing.,Out of Office,2025-01-17T23:57:27Z,0,,,003BhpE4doSQY7nIZN,Contact
00UvHawlmbtcfR0UWH,Business review,2024-05-19T14:00:00Z,2024-05-19T15:00:00Z,Regional office,Meeting,Synthetic calendar activity for CRM workload testing.,Busy,2022-06-07T22:11:29Z,0,500Uoi69mnCRM7uA5N,Case,0035aGnJu9oBcVHILJ,Contact
00UWYD0y5sYmSSaE0A,Business review,2021-11-08T11:30:00Z,2021-11-08T13:00:00Z,Online meeting,Call,Synthetic calendar activity for CRM workload testing.,Busy,2021-01-09T19:22:55Z,0,701s2qORj9Q5274YHM,Campaign,00373EqRvAJ5BuGQVH,Contact
00UX1KcAi1DbszaMHF,Implementation check-in,2026-04-11T13:30:00Z,2026-04-11T15:00:00Z,Customer office,Workshop,Synthetic calendar activity for CRM workload testing.,Out of Office,2021-11-01T16:16:15Z,0,526Imw6DY8mwXfkAXM,Order,00Q82WEZEQSczjOUX1,Lead
00UbHqy3ecQeb6QUE1,Implementation check-in,2024-08-28T16:30:00Z,2024-08-28T17:15:00Z,Online meeting,Call,Synthetic calendar activity for CRM workload testing.,Out of Office,2024-05-15T16:40:30Z,0,001JcZQ7uhRMVxxILW,Account,00QODmhP1PzKevJEUI,Lead
00UtfVUhe7a53XtMB3,Business review,2022-06-04T16:00:00Z,2022-06-04T16:30:00Z,Customer office,Call,Synthetic calendar activity for CRM workload testing.,Busy,2024-11-23T09:42:17Z,0,02i0kVCh166UqOVQOZ,Asset,003qZwo4RCko78uA4C,Contact
00UwwW2bzm8UCU8UOK,Planning workshop,2022-05-03T14:00:00Z,2022-05-03T15:30:00Z,Regional office,Workshop,Synthetic calendar activity for CRM workload testing.,Out of Office,2025-09-10T16:10:30Z,0,001pTLwbTFSx0AVIHA,Account,003IDTX7DAlirrmQR1,Contact
00URqSD1snNa8L7EA0,Planning workshop,2021-09-17T10:00:00Z,2021-09-17T10:30:00Z,Online meeting,Call,Synthetic calendar activity for CRM workload testing.,Busy,2021-08-30T04:15:42Z,0,001wZQxrqs61HJWYCI,Account,00Q7rZ5O1bVOxD32DR,Lead
00UQV6ckPZBzjAQEW6,Discovery session,2024-03-09T16:00:00Z,2024-03-09T16:30:00Z,Online meeting,Workshop,Synthetic calendar activity for CRM workload testing.,Out of Office,2025-03-11T18:36:39Z,0,,,,
00UGgXmwnuYLELpEZR,Business review,2025-10-22T10:00:00Z,2025-10-22T11:30:00Z,Customer office,Workshop,Synthetic calendar activity for CRM workload testing.,Out of Office,2021-01-31T22:38:14Z,0,70tgFgk04tdi6gGAPV,Opportunity,003ftniDDEnnixkI5V,Contact
00U3JhGvdQcloUf24A,Discovery session,2024-11-04T14:30:00Z,2024-11-04T16:00:00Z,Customer office,Meeting,Synthetic calendar activity for CRM workload testing.,Out of Office,2026-02-18T04:00:16Z,0,00txp86s8wpYXDTQ8N,Opportunity,003j2jAFojW9qjMQDM,Contact
00UD4NeHvLtEwoeMH5,Discovery session,2026-07-18T09:00:00Z,2026-07-18T09:45:00Z,Online meeting,Workshop,Synthetic calendar activity for CRM workload testing.,Out of Office,2021-08-21T13:34:41Z,0,,,003cQYFJhLOFpaDATG,Contact
00UuGVqFzylmF3WM77,Business review,2021-09-09T15:00:00Z,2021-09-09T16:00:00Z,Regional office,Workshop,Synthetic calendar activity for CRM workload testing.,Busy,2021-08-20T04:26:54Z,0,02i78TCAzu9XaRdYXI,Asset,003bnG9NZhIv4hMIRQ,Contact
00UMsnMSVMkLwqK2OH,Implementation check-in,2026-05-08T09:00:00Z,2026-05-08T10:00:00Z,Regional office,Meeting,Synthetic calendar activity for CRM workload testing.,Out of Office,2021-08-09T00:14:07Z,0,,,003SSAgSVe7BHknAZP,Contact
00UukMoOca6mCKFUG9,Business review,2026-01-23T09:00:00Z,2026-01-23T10:00:00Z,Online meeting,Meeting,Synthetic calendar activity for CRM workload testing.,Out of Office,2021-01-11T04:31:10Z,0,01t8oEVI4WFAWCXA5M,Product2,003Phi9zbJ7WeU2AYI,Contact
00UN6qVGIrkqws22SA,Discovery session,2022-03-29T08:00:00Z,2022-03-29T08:45:00Z,Regional office,Meeting,Synthetic calendar activity for CRM workload testing.,Out of Office,2025-02-19T16:51:50Z,0,,,003EGUHqPYObg5zQF1,Contact
00UVkCkESZcpG4lU5V,Implementation check-in,2023-04-12T14:30:00Z,2023-04-12T15:30:00Z,Regional office,Meeting,Synthetic calendar activity for CRM workload testing.,Busy,2025-03-31T20:45:57Z,0,001X50Bqc5cThUtYIX,Account,003OGg9ZvpwA06oIKL,Contact
00UTioMgIE07YycED2,Planning workshop,2025-04-22T09:30:00Z,2025-04-22T10:00:00Z,Regional office,Meeting,Synthetic calendar activity for CRM workload testing.,Out of Office,2022-01-09T04:48:29Z,0,02iHIcrvQjasxeeIW0,Asset,003H343HFGYN1QVYZD,Contact
00UIfULVX0laVao2GP,Planning workshop,2024-12-17T16:00:00Z,2024-12-17T16:45:00Z,Customer office,Call,Synthetic calendar activity for CRM workload testing.,Out of Office,2022-07-15T22:19:54Z,0,721GTQKklxSg6U2AAT,Opportunity,003csjCNl69pveQAHU,Contact
00UJnZjn7QjN9BI2B3,Planning workshop,2025-06-07T14:30:00Z,2025-06-07T15:00:00Z,Customer office,Call,Synthetic calendar activity for CRM workload testing.,Out of Office,2022-08-07T06:43:54Z,0,500XG8Nn2qy03aLQN6,Case,003RrRSggJEjfUiQAM,Contact
00UnEVZLqoYYQUhU05,Implementation check-in,2022-10-28T10:30:00Z,2022-10-28T11:00:00Z,Regional office,Workshop,Synthetic calendar activity for CRM workload testing.,Out of Office,2022-01-21T14:28:15Z,0,026CvoPIjoSqqQcY7O,Opportunity,0032GzHIi5eWKRVYVK,Contact
00U3ofE7OOk62vwM2T,Planning workshop,2021-11-26T09:00:00Z,2021-11-26T09:30:00Z,Regional office,Call,Synthetic calendar activity for CRM workload testing.,Out of Office,2021-03-20T23:59:17Z,0,500BDPmXkB07AiVYE0,Case,00Q7oWG89BuSorTUPH,Lead
00U37x2Ncgw9xLKMPY,Planning workshop,2022-05-24T09:30:00Z,2022-05-24T11:00:00Z,Customer office,Workshop,Synthetic calendar activity for CRM workload testing.,Busy,2026-03-25T16:31:41Z,0,001KQsenOWHB4fuQM5,Account,003C96Qq6KmhADJAOX,Contact
00UOVEyn6PoDw9GUT6,Discovery session,2021-08-07T14:30:00Z,2021-08-07T15:15:00Z,Customer office,Workshop,Synthetic calendar activity for CRM workload testing.,Out of Office,2025-01-24T16:53:08Z,0,001wXq5LbckG7u9AEU,Account,003Wl0ymrSzU42PQ9I,Contact
00UpCRy1o3YvuBpE2M,Business review,2025-08-11T13:00:00Z,2025-08-11T14:30:00Z,Online meeting,Call,Synthetic calendar activity for CRM workload testing.,Out of Office,2025-05-03T07:19:05Z,0,500IKm34zqGHGqFQM6,Case,003CTAk4NcTPhsDQVS,Contact
00U9rSvR4nDTaMZ2JN,Business review,2022-04-24T08:30:00Z,2022-04-24T09:30:00Z,Customer office,Workshop,Synthetic calendar activity for CRM workload testing.,Busy,2021-06-13T03:53:45Z,0,001fPZTPr8lY6HWABF,Account,003Jyxeap6vvFMFQUT,Contact
00UR0PO9tuIkhgHE5Z,Business review,2023-03-08T16:00:00Z,2023-03-08T17:30:00Z,Customer office,Call,Synthetic calendar activity for CRM workload testing.,Out of Office,2021-03-20T18:07:41Z,0,701bmC3dSpPfuEkATE,Campaign,0033kWpI3o5xgVEYRX,Contact
00UJglcaVD8c2N4M32,Planning workshop,2022-08-07T13:00:00Z,2022-08-07T14:30:00Z,Regional office,Meeting,Synthetic calendar activity for CRM workload testing.,Busy,2022-12-19T03:40:24Z,0,001Tn3lq2OpXiyaYCN,Account,,
00UHlSMkhyEKKHCUHO,Planning workshop,2023-12-20T10:30:00Z,2023-12-20T12:00:00Z,Online meeting,Call,Synthetic calendar activity for CRM workload testing.,Out of Office,2025-06-19T15:44:25Z,0,001BH0vNAlwEWFXALI,Account,003qtdY5hxm0m4uAVE,Contact
00UedAUGGvcon1REFD,Planning workshop,2023-04-10T08:00:00Z,2023-04-10T09:30:00Z,Customer office,Workshop,Synthetic calendar activity for CRM workload testing.,Busy,2025-06-17T00:34:46Z,0,526spsRumdUQ8zFYUC,Opportunity,003WEgjwl1vIvbnIIG,Contact
00UcJDXgfHA1l9VMPY,Planning workshop,2024-03-05T11:00:00Z,2024-03-05T12:30:00Z,Regional office,Meeting,Synthetic calendar activity for CRM workload testing.,Busy,2021-09-30T16:43:02Z,0,800QlpIV95QgNc1QMK,Contract,003QoedCHq98n2UIIB,Contact
00U0UqRQPeGv9JWE3D,Business review,2025-05-17T16:00:00Z,2025-05-17T17:00:00Z,Online meeting,Meeting,Synthetic calendar activity for CRM workload testing.,Out of Office,2025-02-24T07:04:19Z,0,02i0ufPvsxm49NPQ20,Asset,00315S4jsX1OtfpY8L,Contact
00UXmntLPv2FAsK26H,Discovery session,2026-03-01T14:00:00Z,2026-03-01T14:45:00Z,Customer office,Meeting,Synthetic calendar activity for CRM workload testing.,Out of Office,2021-07-14T00:36:59Z,0,500c2upBjswykeLQYP,Case,003fgQdBHsToCSOINB,Contact
00UUJp2bfrPXmErUMZ,Planning workshop,2021-04-26T15:30:00Z,2021-04-26T16:00:00Z,Online meeting,Call,Synthetic calendar activity for CRM workload testing.,Busy,2023-10-29T22:46:27Z,0,001rLqfAY4OfLS1QF8,Account,003yrbLeuuGhniRI6Y,Contact
00U4wr69ldzFw9w2W9,Business review,2022-06-07T10:00:00Z,2022-06-07T11:30:00Z,Regional office,Meeting,Synthetic calendar activity for CRM workload testing.,Out of Office,2024-06-26T06:01:40Z,0,800bVWfsWKIfEfrI5F,Contract,00Q43nkjUXLuPg7W79,Lead
00UnMjDqzpJ2URYU1M,Implementation check-in,2021-05-08T13:00:00Z,2021-05-08T14:00:00Z,Regional office,Meeting,Synthetic calendar activity for CRM workload testing.,Busy,2023-02-25T15:31:47Z,0,02tVu2sNbF2JB0fYO1,Opportunity,003tmqZfelCT2roY1H,Contact
00UmBQDu5QTyKki27P,Business review,2023-12-08T16:30:00Z,2023-12-08T17:30:00Z,Regional office,Workshop,Synthetic calendar activity for CRM workload testing.,Busy,2023-09-07T00:31:32Z,0,821X185b4Zyk2haIFT,Order,003B2rnKtJWVxnSYYD,Contact
00U2lAo253G6K7BUE6,Planning workshop,2024-01-28T13:30:00Z,2024-01-28T14:30:00Z,Customer office,Call,Synthetic calendar activity for CRM workload testing.,Busy,2021-03-18T05:43:53Z,0,0015fdr3n38vtS2Q4V,Account,003OWd5IYnLefvxA6Z,Contact
00UAHQr3ACyqD5nU22,Discovery session,2026-07-27T08:30:00Z,2026-07-27T09:00:00Z,Customer office,Workshop,Synthetic calendar activity for CRM workload testing.,Out of Office,2024-09-10T07:40:49Z,0,500ZaTBZ3vfSf1cQVM,Case,0039pUtDj0qneGfACK,Contact
00Ulz6T12ptyxIyM9J,Business review,2022-03-16T16:30:00Z,2022-03-16T18:00:00Z,Regional office,Workshop,Synthetic calendar activity for CRM workload testing.,Busy,2025-04-15T04:59:13Z,0,71taZWt3ojFBqZHATH,Opportunity,003oU1JTOqxuCm1QUN,Contact
00UZV0Bj4VkD4oKEZ7,Business review,2022-05-27T08:00:00Z,2022-05-27T09:00:00Z,Customer office,Workshop,Synthetic calendar activity for CRM workload testing.,Out of Office,2021-02-15T00:52:08Z,0,801rmDVqegLzveYA4W,Opportunity,003NyjlPDgcPxeNY4S,Contact
00UUFUUb9vWPd8ZU14,Business review,2022-03-21T08:30:00Z,2022-03-21T09:30:00Z,Online meeting,Meeting,Synthetic calendar activity for CRM workload testing.,Busy,2025-12-04T11:58:04Z,0,,,00QqB9xl6gG4W2A2AL,Lead
00UQ57sqE7zJK3Z2VX,Discovery session,2023-11-08T14:30:00Z,2023-11-08T15:00:00Z,Online meeting,Call,Synthetic calendar activity for CRM workload testing.,Busy,2023-12-10T10:44:47Z,0,001L6QQcpJ1qXB2Y62,Account,,
00UWwrz2xXwDqSEE14,Business review,2022-06-01T10:00:00Z,2022-06-01T10:30:00Z,Online meeting,Meeting,Synthetic calendar activity for CRM workload testing.,Out of Office,2022-12-10T20:59:29Z,0,02iSW8qhVoY2hZIA4Y,Asset,003TjBUAQhuDTFpYUE,Contact
00UAW6a8vqxn0fT23Q,Discovery session,2022-04-27T10:30:00Z,2022-04-27T11:30:00Z,Customer office,Call,Synthetic calendar activity for CRM workload testing.,Out of Office,2023-07-20T04:03:49Z,0,816hccitKK8hPHgQE6,Opportunity,00QtGAdDUTdE10OE5S,Lead
00UlG54VmvDN3b5M1O,Business review,2025-10-10T14:00:00Z,2025-10-10T15:00:00Z,Customer office,Meeting,Synthetic calendar activity for CRM workload testing.,Out of Office,2022-06-02T18:16:48Z,0,500yqcKJ0m6zNqdAR8,Case,003vfnMzISQi4KMYKI,Contact
00UbUv7NDdEFXW02IM,Planning workshop,2024-03-23T13:30:00Z,2024-03-23T14:30:00Z,Customer office,Workshop,Synthetic calendar activity for CRM workload testing.,Out of Office,2023-04-06T22:33:57Z,0,5000c9uDL5PwaPfIH3,Case,00QXLjQ6nKc1Ai9RKU,Lead
00UOOjq7NN0nNVSEUJ,Discovery session,2025-08-22T13:00:00Z,2025-08-22T14:30:00Z,Regional office,Call,Synthetic calendar activity for CRM workload testing.,Busy,2021-06-02T02:20:41Z,0,71taZWt3ojFBqZHATH,Opportunity,003JvoXoFTycMnjQM5,Contact
00UOleAN459qqcVUBJ,Discovery session,2023-04-09T11:00:00Z,2023-04-09T12:30:00Z,Online meeting,Call,Synthetic calendar activity for CRM workload testing.,Busy,2021-05-18T22:13:46Z,0,51tWWCb3IW3JNRXYIX,Order,003MkeaqDigmSTCIHK,Contact
00UrPN1LoEjw0ZdM3P,Implementation check-in,2023-09-22T08:30:00Z,2023-09-22T09:30:00Z,Customer office,Meeting,Synthetic calendar activity for CRM workload testing.,Out of Office,2024-03-02T23:50:33Z,0,001iMYD4nOjTT4yIZO,Account,003jp8HgzxQgXoMYTO,Contact
00UpBjWcyA6vc1gERJ,Business review,2026-07-11T13:00:00Z,2026-07-11T14:00:00Z,Customer office,Workshop,Synthetic calendar activity for CRM workload testing.,Out of Office,2021-10-01T07:06:11Z,0,500704dyXuhVk8JIAX,Case,0030maLlgcjcNIaIGI,Contact
00U2vx1e3Oj4aIyEHS,Business review,2025-05-21T11:30:00Z,2025-05-21T12:15:00Z,Regional office,Call,Synthetic calendar activity for CRM workload testing.,Out of Office,2024-01-19T18:58:47Z,0,800rB25qnUsPMDCAT8,Opportunity,003NTU3T0Co8c3eQAN,Contact
00UdjiOEvP8SvuMMT7,Implementation check-in,2023-04-10T10:30:00Z,2023-04-10T11:15:00Z,Customer office,Meeting,Synthetic calendar activity for CRM workload testing.,Out of Office,2021-03-04T15:19:56Z,0,01t5RWDmHRgJiIMYJP,Product2,003JUYidSURardvA0X,Contact
00UDyRoVr0F8p41MZE,Business review,2026-08-12T13:00:00Z,2026-08-12T13:45:00Z,Online meeting,Workshop,Synthetic calendar activity for CRM workload testing.,Busy,2022-11-25T17:47:49Z,0,001gQSNxeXgntf7YR3,Account,0031Ubn5eHQFuLUQ0K,Contact
00Un4m82SYfhSf5EP9,Discovery session,2024-05-12T10:30:00Z,2024-05-12T11:30:00Z,Customer office,Meeting,Synthetic calendar activity for CRM workload testing.,Out of Office,2023-07-08T16:14:10Z,0,,,00Q0NVuaafblLum23A,Lead
00UBiB0xqpUAGcUMMK,Discovery session,2024-12-18T14:30:00Z,2024-12-18T16:00:00Z,Customer office,Meeting,Synthetic calendar activity for CRM workload testing.,Busy,2025-09-08T03:51:03Z,0,001Q3kntrifzyYWI62,Account,0039c0qERICaKo4AJ8,Contact
00UR8rFzrBjvDztMX2,Business review,2023-12-04T09:00:00Z,2023-12-04T09:30:00Z,Online meeting,Workshop,Synthetic calendar activity for CRM workload testing.,Busy,2024-02-14T09:41:36Z,0,0014WYoiYbOMlUgQDX,Account,003PRcXUmemAjU9YHV,Contact
00ULI3enCJAVjRl20K,Business review,2026-09-16T09:30:00Z,2026-09-16T10:30:00Z,Customer office,Meeting,Synthetic calendar activity for CRM workload testing.,Out of Office,2022-10-24T03:12:40Z,0,02ijwxTcAR7md4GI2O,Asset,003VD2JfbrBwCTuQPC,Contact
00UGQXjOFiRS59tE37,Business review,2026-05-19T13:00:00Z,2026-05-19T13:30:00Z,Online meeting,Workshop,Synthetic calendar activity for CRM workload testing.,Busy,2021-03-29T11:56:27Z,0,016UTIPsm3Q5yn8A5M,Opportunity,00QINgmy22m0Wri1H9,Lead
00UuWxDXsVCxHHyU67,Discovery session,2023-06-13T13:30:00Z,2023-06-13T14:30:00Z,Regional office,Call,Synthetic calendar activity for CRM workload testing.,Out of Office,2022-10-17T19:49:54Z,0,51iE64LMWdla2UoYJF,Order,,
00UrCH25clFR8WhM17,Business review,2021-07-09T16:30:00Z,2021-07-09T17:00:00Z,Online meeting,Meeting,Synthetic calendar activity for CRM workload testing.,Busy,2025-02-10T18:02:53Z,0,72icO5RiRBZflxQYYM,Opportunity,003EpLPuIdH3ZkCY3G,Contact
00Uw65uqYhn56EqEOE,Business review,2024-03-22T11:00:00Z,2024-03-22T11:30:00Z,Customer office,Call,Synthetic calendar activity for CRM workload testing.,Busy,2022-11-05T18:40:41Z,0,010sAkIXh4YIj8HQ3U,Opportunity,0034SeMRhZnNA4bAKM,Contact
00UPQWrZL6dWzzR21S,Planning workshop,2025-11-12T16:30:00Z,2025-11-12T18:00:00Z,Online meeting,Workshop,Synthetic calendar activity for CRM workload testing.,Out of Office,2023-12-30T14:24:46Z,0,500IQfDDlnYFJPZI42,Case,003uJedNLsEUuOzAGV,Contact
00UIWpPhr6e3GjQM5I,Business review,2024-09-28T08:30:00Z,2024-09-28T09:15:00Z,Customer office,Workshop,Synthetic calendar activity for CRM workload testing.,Out of Office,2021-05-19T20:00:15Z,0,0014BI0PTpGJAb4ICJ,Account,003ICCOvVrZgKB9AAS,Contact
00UdhJAlLi7NotmUJ4,Implementation check-in,2024-02-14T15:00:00Z,2024-02-14T16:00:00Z,Online meeting,Call,Synthetic calendar activity for CRM workload testing.,Busy,2024-10-05T23:58:41Z,0,001dVg5Hd2ux7OeY11,Account,003eWhmT5dPzHuRQTV,Contact
00UqoGfNGPszavT2Q6,Planning workshop,2026-05-28T11:30:00Z,2026-05-28T12:00:00Z,Customer office,Workshop,Synthetic calendar activity for CRM workload testing.,Out of Office,2025-07-05T01:58:02Z,0,511cHYiBkget9ekI13,Opportunity,003WuzASvVoY4Q6AXR,Contact
00UeQX4y628pnEGEI7,Business review,2025-04-05T15:30:00Z,2025-04-05T17:00:00Z,Online meeting,Workshop,Synthetic calendar activity for CRM workload testing.,Busy,2025-04-29T10:54:30Z,0,700JRyKHqsq3xvxIRH,Opportunity,003vhSWjBZZjMpbYDN,Contact
00UDeJ6pnCWKHy5ET6,Implementation check-in,2021-07-27T14:30:00Z,2021-07-27T16:00:00Z,Regional office,Workshop,Synthetic calendar activity for CRM workload testing.,Busy,2025-04-05T18:44:29Z,0,001wXq5LbckG7u9AEU,Account,003hOelU3VBYjk9QCL,Contact
00UoIezPQPrNxwb228,Discovery session,2024-02-26T11:00:00Z,2024-02-26T12:00:00Z,Customer office,Workshop,Synthetic calendar activity for CRM workload testing.,Out of Office,2021-01-05T01:15:08Z,0,001KqKN8Jf0F9i9AKQ,Account,0033RZYz99EE8hOQSW,Contact
00U5u6KTdncrvhdM6E,Discovery session,2025-02-15T15:00:00Z,2025-02-15T15:45:00Z,Customer office,Workshop,Synthetic calendar activity for CRM workload testing.,Busy,2022-08-11T22:04:53Z,0,0014xFF5q1fi7GwQMP,Account,0031Q3Evc7Xc9rbQI3,Contact
00UB57Bl0zWHxDFU0Q,Planning workshop,2023-07-23T13:00:00Z,2023-07-23T13:30:00Z,Customer office,Meeting,Synthetic calendar activity for CRM workload testing.,Out of Office,2023-03-23T13:23:10Z,0,00ijCBPeUz5Qky5IPL,Opportunity,003bpliG0OQeBdQAX0,Contact
00UYuhgsNRY4RNuELM,Business review,2021-12-21T08:00:00Z,2021-12-21T09:30:00Z,Online meeting,Workshop,Synthetic calendar activity for CRM workload testing.,Out of Office,2025-01-24T20:42:38Z,0,500eaeUW9xgX1wUYAG,Case,0037a7gULvkdSXjYNJ,Contact
00UEMi14iS4X3Y3E2C,Discovery session,2026-02-04T14:00:00Z,2026-02-04T15:30:00Z,Customer office,Call,Synthetic calendar activity for CRM workload testing.,Busy,2023-08-24T20:42:14Z,0,001Pv3IESUoMrhiAAG,Account,00QdJtrKBCxbYHdU7P,Lead
00UenpjNySM1VOsMPU,Implementation check-in,2024-05-19T13:00:00Z,2024-05-19T14:00:00Z,Regional office,Call,Synthetic calendar activity for CRM workload testing.,Out of Office,2022-02-08T03:21:35Z,0,5002Imccu5wPs56Q2N,Case,00QNDCwLaTKC4m5ZLB,Lead
00UCZ0uU9fk4eDXETP,Planning workshop,2022-02-25T13:30:00Z,2022-02-25T14:15:00Z,Customer office,Call,Synthetic calendar activity for CRM workload testing.,Busy,2024-01-28T07:21:30Z,0,001jIiXAhBEHXIPYQP,Account,003PEqsLAqNvNCQY8Z,Contact
00U3VuL5nefhwvhMFF,Planning workshop,2024-05-07T11:00:00Z,2024-05-07T11:45:00Z,Online meeting,Workshop,Synthetic calendar activity for CRM workload testing.,Out of Office,2022-11-07T01:08:14Z,0,001OyqT9LtQtE0fYGU,Account,003lHeTJz2Li1ufIFV,Contact
00UACrgzK0kkkgXEVT,Discovery session,2023-05-24T14:30:00Z,2023-05-24T15:15:00Z,Customer office,Meeting,Synthetic calendar activity for CRM workload testing.,Busy,2021-02-28T20:22:46Z,0,01tfdIGGuNBWWCKI1L,Product2,003Wi80dxTCsfYLI77,Contact
00UsTdf5FdYgHYPEGV,Business review,2026-06-22T14:00:00Z,2026-06-22T15:00:00Z,Regional office,Workshop,Synthetic calendar activity for CRM workload testing.,Out of Office,2024-12-12T15:28:27Z,0,,,003M1h4MwCZ6TwBIPK,Contact
00UstxBMueT2wgpEX0,Implementation check-in,2023-06-25T10:00:00Z,2023-06-25T11:30:00Z,Customer office,Call,Synthetic calendar activity for CRM workload testing.,Busy,2025-11-10T19:49:05Z,0,02iJZYtAg225yX7QMH,Asset,003ahAqxGiFFa9nI0R,Contact
00UIeT72JBmQ5gZU4U,Implementation check-in,2025-01-18T08:30:00Z,2025-01-18T09:15:00Z,Regional office,Call,Synthetic calendar activity for CRM workload testing.,Busy,2021-03-29T04:02:33Z,0,001TBaHImIEtjplQN7,Account,003V36CaJrk07gQA07,Contact
00UXqcMqAWqOBrUEU7,Implementation check-in,2024-06-08T15:30:00Z,2024-06-08T16:15:00Z,Customer office,Workshop,Synthetic calendar activity for CRM workload testing.,Out of Office,2021-07-24T15:00:54Z,0,810Np4XhG7rD2G2QBP,Opportunity,00QBA92hTKUY9NgMX6,Lead
00UJ8sf2UbZYkD4U0P,Implementation check-in,2022-01-21T13:30:00Z,2022-01-21T14:30:00Z,Regional office,Workshop,Synthetic calendar activity for CRM workload testing.,Out of Office,2021-01-21T14:17:00Z,0,001L6QQcpJ1qXB2Y62,Account,003mvVQdkNBgEFkA0U,Contact
00UeG8huSw8IPjlEH5,Business review,2023-10-16T15:00:00Z,2023-10-16T15:30:00Z,Regional office,Workshop,Synthetic calendar activity for CRM workload testing.,Busy,2022-06-17T06:16:19Z,0,81ifOLG1ra92UnlQ70,Opportunity,003o1twgPhDKJpDA65,Contact
00UZqQc65YySIKr2XU,Planning workshop,2022-03-10T15:30:00Z,2022-03-10T16:00:00Z,Regional office,Workshop,Synthetic calendar activity for CRM workload testing.,Out of Office,2021-06-19T12:39:13Z,0,02iqMTWR5WJrHNmITZ,Asset,,
00UGtemfrRRC3KwU9H,Implementation check-in,2021-08-28T16:30:00Z,2021-08-28T17:00:00Z,Online meeting,Call,Synthetic calendar activity for CRM workload testing.,Busy,2022-01-11T19:01:24Z,0,02i2rrNa0tqxAiMYNN,Asset,0036bmqoQnfpwNgQ2A,Contact
00U4095BLs4FnIj2SU,Planning workshop,2023-12-21T16:00:00Z,2023-12-21T17:00:00Z,Online meeting,Meeting,Synthetic calendar activity for CRM workload testing.,Out of Office,2022-04-08T15:53:08Z,0,001upirIJhb5AGBA5J,Account,00QLidmsSMAFm782QJ,Lead
00U4oOsW8isITyrEK6,Discovery session,2025-11-24T11:00:00Z,2025-11-24T11:45:00Z,Customer office,Call,Synthetic calendar activity for CRM workload testing.,Out of Office,2023-12-09T07:05:56Z,0,001ZX951OeRh6EHIOJ,Account,003xoJjqRuD6JQuINX,Contact
00Uq3WwILAnmvne2D4,Business review,2022-05-15T11:00:00Z,2022-05-15T11:45:00Z,Customer office,Call,Synthetic calendar activity for CRM workload testing.,Busy,2023-09-27T00:50:57Z,0,50tDQAjXay993aYQ07,Opportunity,003riqTghihOvVdAW3,Contact
00UglL14feB2FELUUU,Planning workshop,2022-11-01T10:30:00Z,2022-11-01T11:15:00Z,Regional office,Meeting,Synthetic calendar activity for CRM workload testing.,Busy,2025-03-21T15:43:41Z,0,8007ObcJeKjfXoFI07,Contract,003CYKyRRyyBLH5IV6,Contact
00UPjrvZDIbU9ExUFN,Discovery session,2022-05-05T09:00:00Z,2022-05-05T10:30:00Z,Regional office,Meeting,Synthetic calendar activity for CRM workload testing.,Out of Office,2025-06-15T12:34:23Z,0,52tBxvqCScFZeiWA23,Opportunity,003J3V6xY1AaiyqQ8E,Contact
00UTRnWmyJBPJ3C2VV,Implementation check-in,2025-09-30T16:00:00Z,2025-09-30T17:30:00Z,Online meeting,Workshop,Synthetic calendar activity for CRM workload testing.,Out of Office,2025-01-02T04:26:57Z,0,706ThNDtIikLzwYIS4,Opportunity,0032Ii64oiCGtApICZ,Contact
00UjGr9e1q2f5fLMSM,Implementation check-in,2023-08-02T15:30:00Z,2023-08-02T16:00:00Z,Customer office,Call,Synthetic calendar activity for CRM workload testing.,Out of Office,2025-04-02T20:48:16Z,0,811UTIaOO54SbdUIJA,Order,003UtevdsYUcLJAQ8A,Contact
00UFeFacKiaxqmRUDN,Implementation check-in,2021-05-20T15:30:00Z,2021-05-20T16:15:00Z,Regional office,Call,Synthetic calendar activity for CRM workload testing.,Out of Office,2022-01-16T19:05:34Z,0,52i5pEXn6pAdR6eI4T,Opportunity,00QOLYCub1fAEg2E4M,Lead
00U6fj8LiKHFRdHU7S,Implementation check-in,2022-09-20T16:30:00Z,2022-09-20T17:30:00Z,Customer office,Workshop,Synthetic calendar activity for CRM workload testing.,Busy,2021-01-10T08:48:03Z,0,02i9JI58I7TMCN7IXU,Asset,00QSDAFXXFHCc5jMG4,Lead
00UWzPKS0LZwQ3eUOU,Business review,2022-09-20T14:30:00Z,2022-09-20T16:00:00Z,Regional office,Workshop,Synthetic calendar activity for CRM workload testing.,Out of Office,2025-09-09T00:13:44Z,0,5061EOOkyR9jRgBIJ8,Opportunity,003kCsx65ghko6fQ8Z,Contact
00UUHXRZ048lmS0UV8,Discovery session,2024-02-29T09:30:00Z,2024-02-29T10:30:00Z,Regional office,Call,Synthetic calendar activity for CRM workload testing.,Busy,2024-11-10T22:49:06Z,0,020fW53Isoqztc4QVF,Opportunity,003IijzTbFYVzxCICP,Contact
00UeCSMGNWflGI92UW,Planning workshop,2024-12-05T11:30:00Z,2024-12-05T12:15:00Z,Regional office,Meeting,Synthetic calendar activity for CRM workload testing.,Out of Office,2024-10-19T02:23:23Z,0,701zPCT7q7BesAmYT9,Campaign,003OxU85sBPVXS0IYY,Contact
00UD1TwGYgfotS3EUO,Business review,2025-05-29T13:00:00Z,2025-05-29T14:00:00Z,Online meeting,Workshop,Synthetic calendar activity for CRM workload testing.,Busy,2024-01-03T05:12:32Z,0,00ijCBPeUz5Qky5IPL,Opportunity,0039hNH0CIA8DWVYE1,Contact
00U8ARGJeMSBSEDEJ7,Implementation check-in,2021-05-04T09:30:00Z,2021-05-04T11:00:00Z,Customer office,Call,Synthetic calendar activity for CRM workload testing.,Busy,2024-01-15T09:09:15Z,0,701fkp1RoMk6AO1AXX,Campaign,003dI6f8FAWRsOlY5R,Contact
00UYLq1KBlK0khLU5O,Discovery session,2026-04-20T09:00:00Z,2026-04-20T09:45:00Z,Customer office,Workshop,Synthetic calendar activity for CRM workload testing.,Busy,2021-02-17T09:36:03Z,0,0017zKMESrLRf4iY3C,Account,003n8HZt4NM6tD7IME,Contact
00UdInJdVuwjoye27D,Business review,2023-06-25T16:30:00Z,2023-06-25T18:00:00Z,Regional office,Call,Synthetic calendar activity for CRM workload testing.,Out of Office,2025-10-18T15:27:59Z,0,001vuI7W5NKUSqVAGG,Account,,
00UduH2MCvXXGyT2N4,Business review,2025-08-26T14:00:00Z,2025-08-26T14:30:00Z,Regional office,Meeting,Synthetic calendar activity for CRM workload testing.,Out of Office,2023-09-23T12:21:09Z,0,701AUP2DWX9vWyrQNF,Campaign,,
00UsFOxyai3wZLuM9L,Implementation check-in,2021-03-23T14:30:00Z,2021-03-23T15:30:00Z,Customer office,Workshop,Synthetic calendar activity for CRM workload testing.,Busy,2021-09-13T17:19:52Z,0,,,003ACPpJ6DQepVdYPY,Contact
00UP9rR08uNBD2AM2N,Implementation check-in,2021-10-11T08:00:00Z,2021-10-11T08:45:00Z,Customer office,Workshop,Synthetic calendar activity for CRM workload testing.,Out of Office,2023-12-07T08:23:29Z,0,001XiuNt6euLMPwA7Z,Opportunity,,
00UwpmC47wYmaEJMBQ,Planning workshop,2023-07-30T13:00:00Z,2023-07-30T13:45:00Z,Customer office,Workshop,Synthetic calendar activity for CRM workload testing.,Out of Office,2021-07-06T06:53:26Z,0,001wp2Q6PkIMrfFY6U,Account,0031Zvig8Nwe5gjY3U,Contact
00UVYUkDkKR8QzC28Q,Discovery session,2024-04-08T16:30:00Z,2024-04-08T17:00:00Z,Regional office,Meeting,Synthetic calendar activity for CRM workload testing.,Busy,2021-02-16T13:12:50Z,0,706ThNDtIikLzwYIS4,Opportunity,00QVY2jmiPhVLK5VKB,Lead
00UheD07ejpjlFjMZ5,Discovery session,2022-09-10T15:30:00Z,2022-09-10T16:15:00Z,Online meeting,Workshop,Synthetic calendar activity for CRM workload testing.,Busy,2022-06-14T19:23:47Z,0,521h2dAg13tjtpzIBS,Order,003jfoRxJl46zPYQL2,Contact
00U5cj92WodwvqDMB0,Implementation check-in,2021-07-15T09:00:00Z,2021-07-15T09:30:00Z,Online meeting,Workshop,Synthetic calendar activity for CRM workload testing.,Out of Office,2025-01-08T23:00:52Z,0,001dUDfaBymF8HyAUN,Account,0031Q3Evc7Xc9rbQI3,Contact
00UuoMTvQohsGsfU1U,Business review,2022-11-11T13:00:00Z,2022-11-11T14:30:00Z,Online meeting,Call,Synthetic calendar activity for CRM workload testing.,Busy,2021-02-02T14:39:35Z,0,001fPZTPr8lY6HWABF,Account,003Oezkqulk6ewjQIA,Contact
00UPjcnqpV2SvHZ2DF,Planning workshop,2024-10-05T14:30:00Z,2024-10-05T15:15:00Z,Customer office,Call,Synthetic calendar activity for CRM workload testing.,Busy,2025-01-21T01:49:31Z,0,726XxhQQHpOWQ3kAZ3,Opportunity,0039pUtDj0qneGfACK,Contact
00U0Sm8P4hFXAeSEA1,Business review,2021-07-28T09:30:00Z,2021-07-28T10:30:00Z,Online meeting,Workshop,Synthetic calendar activity for CRM workload testing.,Busy,2022-10-27T22:53:15Z,0,001PUaO8FLbQ5tuY7R,Account,,
00U0vmmqwnZP1h1EH9,Planning workshop,2022-09-01T11:00:00Z,2022-09-01T12:00:00Z,Regional office,Call,Synthetic calendar activity for CRM workload testing.,Out of Office,2026-02-28T15:30:17Z,0,001lpuGrFmSTBnuY0M,Account,003QfRPBunwS0dvYKE,Contact
00U8Ivwk3dl1V6rUDM,Planning workshop,2024-12-01T15:30:00Z,2024-12-01T16:15:00Z,Online meeting,Call,Synthetic calendar activity for CRM workload testing.,Busy,2025-04-27T18:00:50Z,0,,,0032d55Lu3aGP4UY02,Contact
00Us2YMY12oodhOEWX,Implementation check-in,2024-10-28T14:00:00Z,2024-10-28T15:30:00Z,Regional office,Meeting,Synthetic calendar activity for CRM workload testing.,Out of Office,2024-07-13T04:00:48Z,0,,,003mndjN59quZqZITR,Contact
00UiJGv84k6c5g6U91,Discovery session,2023-10-11T11:00:00Z,2023-10-11T11:45:00Z,Regional office,Call,Synthetic calendar activity for CRM workload testing.,Out of Office,2022-02-26T22:28:53Z,0,81iIHdj0AoyTBidADX,Opportunity,003J1sCEAVcUhToYVZ,Contact
00ULmAGMusUrunb2ET,Implementation check-in,2024-11-18T15:00:00Z,2024-11-18T16:30:00Z,Online meeting,Workshop,Synthetic calendar activity for CRM workload testing.,Out of Office,2025-04-13T18:43:45Z,0,01tbDa8NhBMz25CILB,Product2,,
00Ul27lrPJGsrmOUY6,Discovery session,2026-05-12T15:00:00Z,2026-05-12T16:00:00Z,Regional office,Call,Synthetic calendar activity for CRM workload testing.,Busy,2021-03-12T10:39:41Z,0,001Dr3VLTdygyPzIUT,Account,003rTm7hZj8JtoNQBV,Contact
00U12EhfLYWQk4nUWN,Business review,2021-02-09T09:30:00Z,2021-02-09T10:00:00Z,Regional office,Meeting,Synthetic calendar activity for CRM workload testing.,Busy,2025-10-20T04:15:02Z,0,,,003xxlGV9jlpBgRAMR,Contact
00UsSofxVa6JvrJMW7,Implementation check-in,2026-09-12T13:30:00Z,2026-09-12T15:00:00Z,Regional office,Workshop,Synthetic calendar activity for CRM workload testing.,Out of Office,2022-01-10T23:04:36Z,0,0014RvX7ofOXrw9I9V,Account,003FVdzmg89BUslA0L,Contact
00Um33MCgBznW9EET1,Implementation check-in,2021-12-16T08:00:00Z,2021-12-16T09:30:00Z,Regional office,Workshop,Synthetic calendar activity for CRM workload testing.,Busy,2026-05-07T21:21:02Z,0,,,003Ms2NjBVHFa1qQ7F,Contact
00UkOLUQ9MHlKaEM6B,Implementation check-in,2024-03-15T13:00:00Z,2024-03-15T13:30:00Z,Online meeting,Call,Synthetic calendar activity for CRM workload testing.,Busy,2026-01-22T20:45:15Z,0,001wOS4RTezb6AxY4U,Account,0035heRF4LfS5QHQ5B,Contact
00Uc0mDw6tHG9rSEZT,Implementation check-in,2026-04-28T14:00:00Z,2026-04-28T15:00:00Z,Online meeting,Call,Synthetic calendar activity for CRM workload testing.,Busy,2023-11-17T11:06:14Z,0,521aHomGtEqto60Y0C,Opportunity,00QrExiTxbmmqd3MSP,Lead
00UPCurw5JKXhGL258,Planning workshop,2026-04-18T08:30:00Z,2026-04-18T09:30:00Z,Online meeting,Meeting,Synthetic calendar activity for CRM workload testing.,Out of Office,2025-06-03T13:51:42Z,0,,,00QRFyE9L1oh5d32S6,Lead
00Ur0bEhLg7vlR2UCA,Planning workshop,2025-07-11T11:30:00Z,2025-07-11T12:15:00Z,Customer office,Workshop,Synthetic calendar activity for CRM workload testing.,Out of Office,2021-04-30T07:07:41Z,0,00iWWIiZJvnLomcIG5,Opportunity,,
00UfZfNG1IID5kMEJL,Discovery session,2021-04-03T13:30:00Z,2021-04-03T14:00:00Z,Regional office,Workshop,Synthetic calendar activity for CRM workload testing.,Out of Office,2023-06-17T03:19:42Z,0,0014RvX7ofOXrw9I9V,Account,003IhTjEGYYSFfTY49,Contact
00UF9K7dNLGZ05X2AR,Implementation check-in,2021-05-23T11:30:00Z,2021-05-23T12:15:00Z,Regional office,Workshop,Synthetic calendar activity for CRM workload testing.,Out of Office,2022-05-26T09:10:32Z,0,,,003gZazPmf37RusA5F,Contact
00Uzs2RVQ8WUphg24W,Discovery session,2023-07-04T10:00:00Z,2023-07-04T10:30:00Z,Online meeting,Call,Synthetic calendar activity for CRM workload testing.,Busy,2021-06-15T01:50:44Z,0,001IQ2ziiojxbf8YX5,Account,0031Q3Evc7Xc9rbQI3,Contact
00UGjwpjtLiZqyjE7U,Business review,2024-08-29T14:30:00Z,2024-08-29T15:30:00Z,Online meeting,Call,Synthetic calendar activity for CRM workload testing.,Busy,2024-04-18T22:10:39Z,0,01tjyaSebi2TTnjA4L,Product2,00QifnTtLv5N9v72XN,Lead
00U349rnz1nQmt3MYC,Discovery session,2026-05-27T10:00:00Z,2026-05-27T10:45:00Z,Regional office,Meeting,Synthetic calendar activity for CRM workload testing.,Busy,2021-03-22T21:07:56Z,0,701QvNzI8kZyr86YGN,Campaign,003x5J5qfrfDUisIUR,Contact
00U7ZBjU3ViW3wsMUT,Discovery session,2024-08-30T14:00:00Z,2024-08-30T14:45:00Z,Customer office,Call,Synthetic calendar activity for CRM workload testing.,Out of Office,2023-06-17T03:18:40Z,0,71tJjIveWMK8HThASC,Opportunity,003rKCQ5NwAa16AY52,Contact
00UHPedhKpaHD7TUFJ,Planning workshop,2024-02-11T16:30:00Z,2024-02-11T17:30:00Z,Online meeting,Workshop,Synthetic calendar activity for CRM workload testing.,Busy,2024-06-06T05:24:43Z,0,,,003RFkT9hrPsRwsQDT,Contact
00UPiPjXurfyB9RMHT,Planning workshop,2024-10-10T15:30:00Z,2024-10-10T16:30:00Z,Regional office,Meeting,Synthetic calendar activity for CRM workload testing.,Out of Office,2023-04-25T17:36:11Z,0,820bVlsJKbrdccjYPJ,Opportunity,003L2XFTdblnovFIX1,Contact
00UVTQHGpQ50Mx0MAX,Implementation check-in,2021-04-09T08:00:00Z,2021-04-09T09:30:00Z,Online meeting,Meeting,Synthetic calendar activity for CRM workload testing.,Busy,2024-12-01T15:27:13Z,0,,,003PyZ38dL1GKh6AD3,Contact
00U78vZRbIyDwfBEVP,Discovery session,2021-09-21T15:30:00Z,2021-09-21T17:00:00Z,Regional office,Meeting,Synthetic calendar activity for CRM workload testing.,Out of Office,2022-01-05T22:51:02Z,0,500lPi2ZIJ1AdrIADN,Case,003mYFAFR2j9W73QKR,Contact
00UQ9B9lXxBgDinMF6,Discovery session,2021-12-19T09:30:00Z,2021-12-19T10:30:00Z,Online meeting,Call,Synthetic calendar activity for CRM workload testing.,Out of Office,2021-01-14T12:11:04Z,0,5001WvXUUxPvpZYQ6O,Case,0039hNH0CIA8DWVYE1,Contact
00UTeGpFUd6ztybUZC,Business review,2024-03-05T11:30:00Z,2024-03-05T12:15:00Z,Customer office,Meeting,Synthetic calendar activity for CRM workload testing.,Busy,2023-03-18T01:27:03Z,0,701k0l45djHyWZsAS1,Campaign,003KlL8x92ZcLhpI0V,Contact
00UAASVqQta0Ck1EGN,Discovery session,2024-06-07T08:30:00Z,2024-06-07T09:30:00Z,Customer office,Meeting,Synthetic calendar activity for CRM workload testing.,Out of Office,2024-12-19T10:40:12Z,0,816hccitKK8hPHgQE6,Opportunity,003gSF57GAU1jxkAFI,Contact
00UNSRlFXuPVnWsMFT,Business review,2024-11-24T16:00:00Z,2024-11-24T17:00:00Z,Customer office,Workshop,Synthetic calendar activity for CRM workload testing.,Out of Office,2023-12-19T18:24:29Z,0,5004NGWa8XnTmIYYV6,Case,003JLuZitQGrdm0A3X,Contact
00U9SgOqfRWMPvUUKN,Discovery session,2023-07-27T09:30:00Z,2023-07-27T11:00:00Z,Online meeting,Call,Synthetic calendar activity for CRM workload testing.,Out of Office,2022-06-09T08:21:23Z,0,001gcyiBi1aOx6uAJ7,Account,00Qn1ZZ3PKQSqUg23P,Lead
00U6F9ymHSpk067ER6,Business review,2024-04-05T09:00:00Z,2024-04-05T09:45:00Z,Regional office,Workshop,Synthetic calendar activity for CRM workload testing.,Busy,2022-11-14T06:52:03Z,0,710OWlhgQBz1dgiQSB,Opportunity,003WYrxIg3vAyEnAW2,Contact
00UZqyL3nRB3MePMMY,Business review,2023-05-22T16:00:00Z,2023-05-22T17:30:00Z,Online meeting,Meeting,Synthetic calendar activity for CRM workload testing.,Busy,2021-03-20T16:35:36Z,0,02in5eEKZgVag5IYCQ,Asset,003KxmES9YIa9mhYTX,Contact
00UOwOzZ0lOD6xmE3Q,Discovery session,2024-07-31T11:30:00Z,2024-07-31T13:00:00Z,Regional office,Call,Synthetic calendar activity for CRM workload testing.,Busy,2024-08-06T20:58:21Z,0,001ZX951OeRh6EHIOJ,Account,003724XN1HXXGaOYRR,Contact
00UMlqk52ywttPAMSN,Implementation check-in,2026-02-11T13:00:00Z,2026-02-11T14:30:00Z,Customer office,Workshop,Synthetic calendar activity for CRM workload testing.,Busy,2023-05-12T10:56:13Z,0,500oowxkxV4s3nnYH7,Opportunity,003YTJCIn3uIH7vYYH,Contact
00UQBRGr4snJKAUEQN,Implementation check-in,2025-08-08T09:30:00Z,2025-08-08T10:15:00Z,Customer office,Workshop,Synthetic calendar activity for CRM workload testing.,Out of Office,2023-02-12T01:21:02Z,0,7114KCSJqEfdNPZIN6,Opportunity,00QH6AQbTKE69oYEMD,Lead
00UKyHT9ILTN8gH2BN,Business review,2023-10-04T08:00:00Z,2023-10-04T08:45:00Z,Customer office,Workshop,Synthetic calendar activity for CRM workload testing.,Busy,2022-06-01T19:15:25Z,0,001kgFF0qALhnGGYD4,Account,003efXBMJZqDwiVYYC,Contact
00UdiUt9GUjMC2n2KU,Implementation check-in,2024-05-11T15:00:00Z,2024-05-11T16:00:00Z,Online meeting,Meeting,Synthetic calendar activity for CRM workload testing.,Out of Office,2021-05-09T04:09:21Z,0,021jvqwanvRq8PSQS3,Opportunity,,
00UGZGH5h7n38kB2HQ,Discovery session,2021-03-09T10:00:00Z,2021-03-09T10:30:00Z,Regional office,Meeting,Synthetic calendar activity for CRM workload testing.,Out of Office,2022-10-31T11:14:49Z,0,5011NNINPu91uTFIKD,Opportunity,00QjHPM0tHQM1wfMGC,Lead
00UkqZa1llYjXiLEQS,Discovery session,2023-08-17T16:30:00Z,2023-08-17T17:30:00Z,Online meeting,Meeting,Synthetic calendar activity for CRM workload testing.,Busy,2021-08-24T16:43:54Z,0,,,003XjSGqmjbqgdEIPG,Contact
00UvHdk7OLRpfJjECA,Business review,2023-12-31T13:30:00Z,2023-12-31T14:30:00Z,Regional office,Workshop,Synthetic calendar activity for CRM workload testing.,Out of Office,2023-07-11T16:41:24Z,0,001v16OKJFuZcV0QCS,Account,003KqBug3b1B6QlQE9,Contact
00UQoD86FXVZCDt2QJ,Planning workshop,2021-06-25T13:30:00Z,2021-06-25T14:00:00Z,Customer office,Workshop,Synthetic calendar activity for CRM workload testing.,Out of Office,2024-10-30T01:36:46Z,0,500d0rFPGOsGDk2QHU,Case,003oViBvg6VZagCIGZ,Contact
00Ub1iYu3B0Ng1rUQS,Discovery session,2022-07-09T14:30:00Z,2022-07-09T16:00:00Z,Regional office,Workshop,Synthetic calendar activity for CRM workload testing.,Out of Office,2026-04-17T02:33:01Z,0,0017Pw79T9KgAdXIW1,Account,003i2Cn7hctN1AWQYO,Contact
00U4zbPPDOaleZCELT,Implementation check-in,2024-08-20T13:00:00Z,2024-08-20T13:30:00Z,Regional office,Workshop,Synthetic calendar activity for CRM workload testing.,Busy,2021-03-13T22:23:14Z,0,501iOamI6vFewPbYG5,Opportunity,003Cz9egiq5deis2NK,Lead
00UmCIjeorC2NbyMST,Planning workshop,2022-01-01T10:00:00Z,2022-01-01T11:00:00Z,Customer office,Call,Synthetic calendar activity for CRM workload testing.,Out of Office,2023-09-10T10:07:02Z,0,501hQExXpzhYHxfAQC,Opportunity,003c1dg3F96dpopYZL,Contact
00UbofN2I3o812oMWY,Planning workshop,2023-11-10T13:00:00Z,2023-11-10T13:45:00Z,Regional office,Call,Synthetic calendar activity for CRM workload testing.,Out of Office,2026-03-12T13:24:27Z,0,02ijjXklJJlvjKqI7P,Asset,003UGv6TgrJ2iwnIYY,Contact
00UXJiXVQsMt9cQ293,Planning workshop,2025-06-08T15:30:00Z,2025-06-08T16:00:00Z,Regional office,Workshop,Synthetic calendar activity for CRM workload testing.,Out of Office,2025-05-28T02:14:55Z,0,706fB7PFHD0iA3dQG3,Opportunity,0031Q3Evc7Xc9rbQI3,Contact
00UGJy1PNPijfpAUO9,Discovery session,2026-09-01T15:00:00Z,2026-09-01T15:45:00Z,Regional office,Call,Synthetic calendar activity for CRM workload testing.,Out of Office,2024-05-24T09:44:14Z,0,01tTVbIpQ0ISm2pYRV,Product2,003BWrIDgk0dlGWQ9O,Contact
00UprSZxh2DseEUM8S,Business review,2025-04-24T10:00:00Z,2025-04-24T10:45:00Z,Customer office,Workshop,Synthetic calendar activity for CRM workload testing.,Out of Office,2025-05-30T04:05:48Z,0,001rpVRMvKUYUnZQWY,Account,003DzsGx5Fq1lXTIVL,Contact
00UfeDeTucdMdpaMLN,Business review,2025-05-07T09:00:00Z,2025-05-07T10:30:00Z,Regional office,Workshop,Synthetic calendar activity for CRM workload testing.,Busy,2024-09-05T09:42:38Z,0,001Dr3VLTdygyPzIUT,Account,,
00UrwZzdS0FiBV2MWQ,Planning workshop,2026-03-30T09:00:00Z,2026-03-30T10:30:00Z,Online meeting,Workshop,Synthetic calendar activity for CRM workload testing.,Out of Office,2025-03-20T01:14:28Z,0,,,0035heRF4LfS5QHQ5B,Contact
00U2H5fYA648mIGEKP,Business review,2022-07-16T08:30:00Z,2022-07-16T09:15:00Z,Online meeting,Workshop,Synthetic calendar activity for CRM workload testing.,Busy,2024-02-14T22:08:59Z,0,001C3SilogoPTPGIWX,Account,003y0u0DytJUnZuQ7T,Contact
00UN8PzbawOMF2nEKM,Discovery session,2026-07-25T13:00:00Z,2026-07-25T13:30:00Z,Customer office,Call,Synthetic calendar activity for CRM workload testing.,Out of Office,2022-04-15T12:29:27Z,0,,,0035YnOW4DxgYNkYW6,Contact
00UkUIVMo28po8PUI5,Discovery session,2022-03-25T11:00:00Z,2022-03-25T12:00:00Z,Customer office,Workshop,Synthetic calendar activity for CRM workload testing.,Out of Office,2022-12-02T13:11:51Z,0,001X5lK5MbsgblUIV7,Account,003rKCQ5NwAa16AY52,Contact
00UiZg6nU8pIt4fMLH,Planning workshop,2022-12-27T09:00:00Z,2022-12-27T09:30:00Z,Online meeting,Meeting,Synthetic calendar activity for CRM workload testing.,Busy,2023-06-09T22:37:23Z,0,001wZQxrqs61HJWYCI,Account,00QNWprflt37seR8C5,Lead
00UY8O0jDRzWZus2JG,Discovery session,2024-11-18T16:30:00Z,2024-11-18T17:00:00Z,Regional office,Call,Synthetic calendar activity for CRM workload testing.,Busy,2025-09-12T04:07:12Z,0,02iJTMm2GhfSGSPA53,Asset,003fHZG7YoVT0IdAH1,Contact
00Ud48WK3DnbgsM2YD,Discovery session,2021-12-16T11:30:00Z,2021-12-16T12:30:00Z,Online meeting,Workshop,Synthetic calendar activity for CRM workload testing.,Busy,2021-08-02T03:14:47Z,0,500Ru3W8DfODpo0ACL,Case,00QyxdTPOGTX9in2SP,Lead
00USUq8uDl9CIrLUPN,Discovery session,2025-07-24T13:30:00Z,2025-07-24T14:15:00Z,Regional office,Meeting,Synthetic calendar activity for CRM workload testing.,Out of Office,2024-11-12T12:21:18Z,0,701ij13ElUK36zHQ2S,Campaign,00QV2c2pIpLLweVM9R,Lead
00UtD57hSjUZH2nMBX,Discovery session,2026-07-08T15:00:00Z,2026-07-08T15:45:00Z,Online meeting,Call,Synthetic calendar activity for CRM workload testing.,Out of Office,2021-07-06T18:29:17Z,0,800kockSrUGlb2QALM,Contract,,
00UBjgrDuOLEH3n2O8,Business review,2025-02-27T09:00:00Z,2025-02-27T10:30:00Z,Customer office,Call,Synthetic calendar activity for CRM workload testing.,Out of Office,2021-01-02T10:59:53Z,0,701baEWnGlBqdzhA9Z,Campaign,003AqyY2IfcYiBkQLX,Contact
00UKufzBDmbZMYTMFT,Discovery session,2024-08-30T11:30:00Z,2024-08-30T12:30:00Z,Regional office,Meeting,Synthetic calendar activity for CRM workload testing.,Out of Office,2025-02-08T12:15:58Z,0,80tIwfuf51uL6FGQB6,Opportunity,003fMs2WmqbMFvAI9L,Contact
00UAhhJLjTIwPYgE5W,Planning workshop,2021-12-27T11:00:00Z,2021-12-27T12:00:00Z,Online meeting,Meeting,Synthetic calendar activity for CRM workload testing.,Busy,2023-11-19T12:27:38Z,0,00ijCBPeUz5Qky5IPL,Opportunity,003UEs9CxdrpcbTA64,Contact
00U3BwDgmx2tRXBE3O,Discovery session,2021-10-18T16:00:00Z,2021-10-18T16:45:00Z,Regional office,Call,Synthetic calendar activity for CRM workload testing.,Out of Office,2021-11-17T01:22:46Z,0,001mC8KS3W25A4qI66,Account,003H1yYI5SYtOjSAUN,Contact
00UrxfEvcmXkqrdENM,Business review,2024-09-10T13:30:00Z,2024-09-10T14:00:00Z,Customer office,Meeting,Synthetic calendar activity for CRM workload testing.,Out of Office,2023-08-16T20:32:04Z,0,,,003Xe5rt4wZIpq2YTG,Contact
00UC6WMdSiMfbvpE9W,Business review,2024-02-20T15:00:00Z,2024-02-20T15:45:00Z,Regional office,Call,Synthetic calendar activity for CRM workload testing.,Out of Office,2024-01-05T04:12:45Z,0,,,003zlDJBeSE6i1PIZ5,Contact
00UrrgeB3ldCpxd28T,Business review,2024-12-31T08:30:00Z,2024-12-31T09:30:00Z,Regional office,Workshop,Synthetic calendar activity for CRM workload testing.,Out of Office,2024-04-10T22:12:27Z,0,500PxOODxJW6yiDARM,Case,003CRDYjsTHsCzzYF5,Contact
00U7zwqOUbKVbBF2OE,Planning workshop,2026-05-31T09:00:00Z,2026-05-31T10:00:00Z,Online meeting,Call,Synthetic calendar activity for CRM workload testing.,Out of Office,2025-10-20T03:38:34Z,0,500CzdFs2SZLr4MAAY,Case,,
00UGB2CZjIHcmsCUGV,Implementation check-in,2024-10-09T08:00:00Z,2024-10-09T08:30:00Z,Online meeting,Meeting,Synthetic calendar activity for CRM workload testing.,Out of Office,2022-07-07T00:08:08Z,0,70i2P36afSR1lZJQ9Y,Opportunity,003ahBVJMXU6GMJIVW,Contact
00USUugITHhpZA1UVE,Business review,2026-02-17T14:30:00Z,2026-02-17T15:15:00Z,Online meeting,Call,Synthetic calendar activity for CRM workload testing.,Out of Office,2024-07-22T10:59:15Z,0,01tH9FF8fA9CZeKYBG,Product2,003suUemC5FOpHHATL,Contact
00UpAsG09Ogzo1S2K5,Implementation check-in,2025-06-03T08:00:00Z,2025-06-03T09:00:00Z,Regional office,Workshop,Synthetic calendar activity for CRM workload testing.,Busy,2021-02-09T02:33:13Z,0,,,00QJV647PRMKyD32QW,Lead
00UJ9q0Cm5hMFv9MAH,Planning workshop,2025-11-16T09:30:00Z,2025-11-16T10:15:00Z,Regional office,Call,Synthetic calendar activity for CRM workload testing.,Out of Office,2023-04-24T23:39:38Z,0,0018wiQDxKxpFvLYGU,Account,003FKXxBgBiznkCAKK,Contact
00UzkoDyVy4GCvoM8T,Business review,2022-10-17T11:00:00Z,2022-10-17T11:45:00Z,Customer office,Call,Synthetic calendar activity for CRM workload testing.,Busy,2023-07-06T01:37:06Z,0,500IDUWB178DUSaI57,Case,00Qm8UR7t1xHm5P2L2,Lead
00Uzf1qAqTuSoP4UPD,Discovery session,2021-10-07T15:00:00Z,2021-10-07T15:45:00Z,Online meeting,Call,Synthetic calendar activity for CRM workload testing.,Busy,2021-06-08T23:11:21Z,0,,,00Q3yN13j03qYwv24Y,Lead
00UFm0uP6ygsGexU5I,Discovery session,2025-05-25T09:00:00Z,2025-05-25T10:00:00Z,Regional office,Meeting,Synthetic calendar activity for CRM workload testing.,Out of Office,2023-07-26T19:56:56Z,0,001zDxxuW7kQ4BrAGJ,Account,003xWEC3pwie7oEY82,Contact
00UiftuQi0UimFK2DQ,Planning workshop,2025-11-04T08:00:00Z,2025-11-04T08:45:00Z,Customer office,Call,Synthetic calendar activity for CRM workload testing.,Out of Office,2024-06-09T11:37:25Z,0,800dZy01aYi4hFRAGV,Opportunity,003IijzTbFYVzxCICP,Contact
00Uw99fm3m2pioaUOP,Discovery session,2025-06-10T16:30:00Z,2025-06-10T17:30:00Z,Customer office,Call,Synthetic calendar activity for CRM workload testing.,Out of Office,2022-11-12T16:47:56Z,0,716qmgHwHx3T7jIQRC,Order,0031Q3Evc7Xc9rbQI3,Contact
00U6gH3dLavX9q3UXH,Implementation check-in,2023-07-05T08:30:00Z,2023-07-05T10:00:00Z,Online meeting,Workshop,Synthetic calendar activity for CRM workload testing.,Out of Office,2024-03-22T09:35:07Z,0,02iqt64WysTYLvyYVH,Asset,003EITgQp4xDjA6IV9,Contact
00UdOF8v6QTQChMM85,Business review,2023-10-02T16:30:00Z,2023-10-02T17:15:00Z,Regional office,Meeting,Synthetic calendar activity for CRM workload testing.,Out of Office,2021-12-05T18:50:37Z,0,001upirIJhb5AGBA5J,Account,00338UX9kGNIwR6YNC,Contact
00UY4UerwzosfP4295,Business review,2021-04-30T15:30:00Z,2021-04-30T16:15:00Z,Regional office,Meeting,Synthetic calendar activity for CRM workload testing.,Busy,2025-04-01T21:51:56Z,0,52ijFzGoeqRE12YQ8B,Order,003hVeHEc7g10BeA0G,Contact
00UzAm7wdCAZOzrM6Y,Implementation check-in,2023-08-17T15:30:00Z,2023-08-17T16:30:00Z,Regional office,Call,Synthetic calendar activity for CRM workload testing.,Out of Office,2021-10-29T21:08:33Z,0,500xgIJyQuBAKh1IFA,Case,,
00UjKuctG4ZoTBJEFE,Discovery session,2022-07-18T16:00:00Z,2022-07-18T17:00:00Z,Online meeting,Call,Synthetic calendar activity for CRM workload testing.,Out of Office,2024-11-07T15:57:05Z,0,,,003BWjAPrAVIkmPAUL,Contact
00UykBMsZXuHho3ER8,Planning workshop,2023-08-09T14:00:00Z,2023-08-09T14:30:00Z,Online meeting,Workshop,Synthetic calendar activity for CRM workload testing.,Out of Office,2022-12-03T10:23:38Z,0,001g2MhymLdN59YQJG,Account,00QZe7QlCftU8ryECV,Lead
00UgHS4eg74BRNgMHN,Discovery session,2024-06-15T15:00:00Z,2024-06-15T16:00:00Z,Online meeting,Workshop,Synthetic calendar activity for CRM workload testing.,Out of Office,2024-03-14T12:17:44Z,0,500FwxmWZsObGJeQOY,Case,003UMEcKvJcUgurQ6P,Contact
00UXhSzozeOfZiiE7K,Business review,2024-10-16T14:30:00Z,2024-10-16T15:00:00Z,Regional office,Call,Synthetic calendar activity for CRM workload testing.,Out of Office,2023-03-18T05:23:12Z,0,01t3uWsUwc7lErWQGB,Opportunity,,
00UWR6Uhj9oz85E2XL,Planning workshop,2022-04-05T09:30:00Z,2022-04-05T11:00:00Z,Online meeting,Workshop,Synthetic calendar activity for CRM workload testing.,Busy,2025-09-17T03:16:05Z,0,,,003MaS87mCEpggOQI5,Contact
00U26aQEsFy2IluE52,Implementation check-in,2023-12-09T10:00:00Z,2023-12-09T10:30:00Z,Customer office,Meeting,Synthetic calendar activity for CRM workload testing.,Busy,2025-12-08T06:05:50Z,0,00ijCBPeUz5Qky5IPL,Opportunity,003966clXwIsEfbYTS,Contact
00UcGZ1Ny0bQMSAMO7,Implementation check-in,2025-01-21T08:00:00Z,2025-01-21T08:30:00Z,Customer office,Meeting,Synthetic calendar activity for CRM workload testing.,Out of Office,2023-05-25T02:15:45Z,0,701LVVOQQeQAPERQND,Campaign,0037Z1wIgcENFXbIOW,Contact
00UO39gm72XmtfNU2B,Discovery session,2023-07-25T13:30:00Z,2023-07-25T14:00:00Z,Regional office,Meeting,Synthetic calendar activity for CRM workload testing.,Busy,2026-03-16T23:23:07Z,0,02iF2LlCHI85TpIA5T,Asset,,
00UnCCO2iuMa3czEFN,Implementation check-in,2025-05-07T09:30:00Z,2025-05-07T10:30:00Z,Regional office,Call,Synthetic calendar activity for CRM workload testing.,Busy,2025-07-08T11:48:35Z,0,,,00351FmNWfOHXptIUX,Contact
00U71d6dWLnGnhY2P8,Discovery session,2022-07-23T10:30:00Z,2022-07-23T11:15:00Z,Online meeting,Call,Synthetic calendar activity for CRM workload testing.,Out of Office,2024-12-10T23:16:21Z,0,026FFY5OeiKBXtzYT8,Opportunity,003NNQIxxg1LXB1IM6,Contact
00UDXPqhpTYOAXIU9H,Planning workshop,2021-08-07T11:30:00Z,2021-08-07T13:00:00Z,Regional office,Meeting,Synthetic calendar activity for CRM workload testing.,Out of Office,2022-04-15T08:44:02Z,0,500vuP3uEWHgnPRY2G,Case,00QzHmP6YtezbY4MF4,Lead
00UKvIed67kzJcWE02,Planning workshop,2022-07-04T11:30:00Z,2022-07-04T12:30:00Z,Online meeting,Workshop,Synthetic calendar activity for CRM workload testing.,Busy,2021-03-27T20:02:21Z,0,7110104sHd7nBOwQGT,Opportunity,003h6Iim0ZjrGUtAMN,Contact
00UGfSdI69VNYOpE2L,Implementation check-in,2022-02-02T16:00:00Z,2022-02-02T16:45:00Z,Online meeting,Meeting,Synthetic calendar activity for CRM workload testing.,Busy,2025-07-09T19:33:17Z,0,01toErtMLFCN4nLAFG,Product2,003ZDckJ3ln0ADXY1Q,Contact
00UwpMjRfQTQ2aU220,Discovery session,2022-03-22T09:30:00Z,2022-03-22T10:00:00Z,Regional office,Workshop,Synthetic calendar activity for CRM workload testing.,Out of Office,2021-05-28T11:14:21Z,0,001Dr3VLTdygyPzIUT,Account,003clJa1pOd8t9PISQ,Contact
00UiuSfMFRiaIIf2MF,Discovery session,2024-05-16T14:00:00Z,2024-05-16T15:00:00Z,Online meeting,Workshop,Synthetic calendar activity for CRM workload testing.,Busy,2024-12-16T16:45:59Z,0,006heAy12n5PZdLIRF,Opportunity,003SkZgQfyAEZsPL23,Lead
00UC5KxwDkC67kMMAU,Business review,2022-06-30T10:00:00Z,2022-06-30T10:30:00Z,Online meeting,Meeting,Synthetic calendar activity for CRM workload testing.,Out of Office,2023-05-28T11:11:20Z,0,001JTximtecXZZ0IK7,Account,003IDLAnjAhQBBjAVX,Contact
00UxDkF6QLdi82JEDQ,Discovery session,2022-09-15T16:30:00Z,2022-09-15T17:30:00Z,Customer office,Meeting,Synthetic calendar activity for CRM workload testing.,Busy,2025-08-12T11:44:21Z,0,500LH7yJYIecLMMAKM,Case,003r0I2bhEeFqk2QO8,Contact
00UAtf1FwzXNCQo2ZC,Discovery session,2022-09-30T13:00:00Z,2022-09-30T14:00:00Z,Online meeting,Workshop,Synthetic calendar activity for CRM workload testing.,Out of Office,2025-10-15T03:29:08Z,0,,,003lz3Jhuoxh6fXO9B,Lead
00UbMFsLGUQdslyUIK,Implementation check-in,2022-07-20T10:00:00Z,2022-07-20T11:30:00Z,Regional office,Meeting,Synthetic calendar activity for CRM workload testing.,Out of Office,2024-01-05T02:36:36Z,0,001dY5a5BYEJgVKQN0,Opportunity,00373EqRvAJ5BuGQVH,Contact
00UqyzRqiRqiYCmU78,Planning workshop,2024-09-23T13:30:00Z,2024-09-23T14:00:00Z,Online meeting,Workshop,Synthetic calendar activity for CRM workload testing.,Busy,2025-11-08T12:53:39Z,0,001BH0vNAlwEWFXALI,Account,003RB5wkShZQjILYK9,Contact
00UY7g60GI3DGF2UO8,Business review,2024-01-20T09:00:00Z,2024-01-20T10:00:00Z,Regional office,Workshop,Synthetic calendar activity for CRM workload testing.,Out of Office,2022-07-01T08:18:30Z,0,001pTLwbTFSx0AVIHA,Account,003P3d04rdXPYhwAN3,Contact
00U8goICSqXqmZdESS,Discovery session,2024-03-15T11:00:00Z,2024-03-15T11:45:00Z,Customer office,Workshop,Synthetic calendar activity for CRM workload testing.,Out of Office,2025-11-10T18:12:43Z,0,800ENiXZkrXgqEXQ70,Contract,0038LGZLvsEDrffAG2,Contact
00UeF0H4WXI5FrYEFC,Planning workshop,2024-04-26T16:30:00Z,2024-04-26T17:30:00Z,Customer office,Workshop,Synthetic calendar activity for CRM workload testing.,Busy,2022-11-12T21:33:15Z,0,,,003LXPOThKMlCoaYI4,Contact
00U9rVP3ZlyqfghU41,Planning workshop,2021-04-17T08:30:00Z,2021-04-17T09:15:00Z,Online meeting,Meeting,Synthetic calendar activity for CRM workload testing.,Out of Office,2021-11-15T16:45:26Z,0,02iZj7jwXsmGcm2AJZ,Asset,,
00UeNmKALZQdZumECA,Discovery session,2024-10-21T14:30:00Z,2024-10-21T15:30:00Z,Online meeting,Meeting,Synthetic calendar activity for CRM workload testing.,Busy,2026-06-25T00:36:51Z,0,00180qOlX8UtZ7HQTK,Account,003wYTI76UHoYx2AUY,Contact
00UMBw5yOip0KxzMOJ,Business review,2026-08-19T08:00:00Z,2026-08-19T09:30:00Z,Customer office,Call,Synthetic calendar activity for CRM workload testing.,Busy,2022-01-01T00:04:42Z,0,02iQNmc6WIQxCFWAZV,Asset,00QJ9lAI9CzwAGfMAT,Lead
00Uyj5rS0ahxo2tUO4,Business review,2021-02-13T11:30:00Z,2021-02-13T12:30:00Z,Regional office,Meeting,Synthetic calendar activity for CRM workload testing.,Busy,2024-03-02T21:13:47Z,0,80ipodFX8s3DDUoAAB,Opportunity,003tdhd5gh39imtAD6,Contact
00U8DI119DlfI2LU5O,Planning workshop,2023-06-09T11:30:00Z,2023-06-09T12:00:00Z,Customer office,Call,Synthetic calendar activity for CRM workload testing.,Out of Office,2025-10-08T16:25:58Z,0,,,003Gql7cL20isNIQSH,Contact
00U2gXZC42O8MsQU0M,Implementation check-in,2024-12-01T16:30:00Z,2024-12-01T17:30:00Z,Online meeting,Meeting,Synthetic calendar activity for CRM workload testing.,Busy,2025-08-29T13:10:41Z,0,011rT8TLmm58O2vILC,Opportunity,003pDMezXbwJtrSY8M,Contact
00UrZpvbnDvUy5VMKU,Discovery session,2021-06-18T10:30:00Z,2021-06-18T11:15:00Z,Regional office,Workshop,Synthetic calendar activity for CRM workload testing.,Busy,2022-11-29T07:44:53Z,0,001FzQ1Vu9hM4AsIVS,Account,003FleqxJrSVsQzIBE,Contact
00UudK7Er8c24pdUIF,Planning workshop,2024-11-18T09:00:00Z,2024-11-18T09:45:00Z,Customer office,Call,Synthetic calendar activity for CRM workload testing.,Out of Office,2023-06-06T14:26:12Z,0,01tlu1AkkC5qbbuYPR,Opportunity,0031mDngmYeD5xrIKU,Contact
00Urz90O5EhINKkMH9,Business review,2021-12-22T11:00:00Z,2021-12-22T11:30:00Z,Customer office,Call,Synthetic calendar activity for CRM workload testing.,Out of Office,2024-10-04T22:03:31Z,0,720yXQtdc9XGf19IEM,Opportunity,003OeYdS2JreqvUACI,Contact
00UQNBwVxqN3Ate24R,Planning workshop,2022-07-26T10:00:00Z,2022-07-26T11:30:00Z,Customer office,Meeting,Synthetic calendar activity for CRM workload testing.,Busy,2025-07-22T05:53:06Z,0,001lpuGrFmSTBnuY0M,Account,,
00U824iNjWmxw0n2PQ,Business review,2022-09-04T13:00:00Z,2022-09-04T13:30:00Z,Customer office,Call,Synthetic calendar activity for CRM workload testing.,Busy,2026-01-12T20:12:49Z,0,001IGpX26HWSL0HQPY,Account,00338EFCa6tmFcaIUK,Contact
00UU65vHiF86d1Z2NI,Business review,2025-07-25T14:30:00Z,2025-07-25T15:00:00Z,Online meeting,Call,Synthetic calendar activity for CRM workload testing.,Out of Office,2024-06-21T12:11:01Z,0,001v16OKJFuZcV0QCS,Account,,
00U6DXMANbIjxVFMWP,Planning workshop,2023-07-26T10:30:00Z,2023-07-26T11:30:00Z,Regional office,Meeting,Synthetic calendar activity for CRM workload testing.,Busy,2023-03-03T03:22:39Z,0,500omxYi0hTQz5nAHP,Opportunity,003oKgva7KPF3cdQRG,Contact
00UHiGJDMJp1OPNMTF,Planning workshop,2022-11-24T14:00:00Z,2022-11-24T14:30:00Z,Regional office,Workshop,Synthetic calendar activity for CRM workload testing.,Busy,2022-02-24T21:40:04Z,0,001X5lK5MbsgblUIV7,Account,003u64DMAtky5LJYER,Contact
00U7c6UP2iVqCny28R,Planning workshop,2021-11-18T14:30:00Z,2021-11-18T15:15:00Z,Customer office,Call,Synthetic calendar activity for CRM workload testing.,Busy,2024-07-03T23:41:32Z,0,02ilecJFpWq3pHxAP6,Asset,00302pKvuwVGg8hYLK,Contact
00UzbvzDCACsKAtEKH,Business review,2022-03-11T15:30:00Z,2022-03-11T17:00:00Z,Customer office,Meeting,Synthetic calendar activity for CRM workload testing.,Out of Office,2024-02-27T14:32:41Z,0,7100lBvWE3n9gKlQP5,Opportunity,003rTm7hZj8JtoNQBV,Contact
00U9T4tpBr3eVm8MI2,Business review,2025-05-19T14:30:00Z,2025-05-19T15:15:00Z,Online meeting,Workshop,Synthetic calendar activity for CRM workload testing.,Busy,2025-11-22T12:51:02Z,0,701fkp1RoMk6AO1AXX,Campaign,,
00Um2mD30uTvCkZ2A3,Implementation check-in,2023-01-25T08:30:00Z,2023-01-25T09:30:00Z,Online meeting,Workshop,Synthetic calendar activity for CRM workload testing.,Busy,2024-03-15T13:37:09Z,0,701baEWnGlBqdzhA9Z,Campaign,0038hPjiyLY5KZaIZG,Contact
00Uv6HU41t4D5dzEU9,Implementation check-in,2024-07-09T11:00:00Z,2024-07-09T11:45:00Z,Regional office,Meeting,Synthetic calendar activity for CRM workload testing.,Busy,2026-02-12T02:21:09Z,0,02iqwqJJsXiqsq9YHW,Asset,003ljgE2o5CJoOEI7M,Contact
00UAFigUHHlznGuUKU,Implementation check-in,2025-11-20T14:30:00Z,2025-11-20T15:30:00Z,Customer office,Meeting,Synthetic calendar activity for CRM workload testing.,Busy,2024-11-25T08:18:49Z,0,001n3aMHCveux7aI17,Account,,
00U7Zwzi9WKRPBHUNH,Implementation check-in,2026-06-12T13:30:00Z,2026-06-12T14:15:00Z,Regional office,Call,Synthetic calendar activity for CRM workload testing.,Busy,2022-08-03T23:23:39Z,0,800Fe8BbQcuOWcpQK3,Contract,00Q112VMEvKfkmQU8V,Lead
00Ui9PtwwdpPdMmEXP,Business review,2022-04-28T08:30:00Z,2022-04-28T09:00:00Z,Online meeting,Call,Synthetic calendar activity for CRM workload testing.,Busy,2025-09-04T00:06:03Z,0,02i70e0otS4pwayYCN,Asset,003Fkk9CMoROyBZIBL,Contact
00UjxmGdlWjtA5FE38,Implementation check-in,2025-02-20T13:30:00Z,2025-02-20T14:30:00Z,Customer office,Meeting,Synthetic calendar activity for CRM workload testing.,Out of Office,2022-10-27T20:55:51Z,0,001iMYD4nOjTT4yIZO,Account,0033HOWp6qXzxCPIVG,Contact
00UJsaCXQlQthRyMV2,Discovery session,2025-03-14T08:30:00Z,2025-03-14T09:15:00Z,Regional office,Meeting,Synthetic calendar activity for CRM workload testing.,Out of Office,2025-08-15T18:50:49Z,0,0016z7B3rnZB3aZYDJ,Account,003zCKLKBY2WayZIVA,Contact
00UabNN514OmGIgUVO,Implementation check-in,2022-10-12T16:30:00Z,2022-10-12T17:30:00Z,Regional office,Call,Synthetic calendar activity for CRM workload testing.,Out of Office,2023-12-19T12:09:29Z,0,001fPZTPr8lY6HWABF,Account,003JvekNEObXCPCYL1,Contact
00UjfeqAdI2Hnbv2MV,Planning workshop,2021-04-01T16:00:00Z,2021-04-01T17:30:00Z,Online meeting,Meeting,Synthetic calendar activity for CRM workload testing.,Out of Office,2023-07-09T19:30:24Z,0,80ig0h44cCZ9guhILV,Opportunity,0036bmqoQnfpwNgQ2A,Contact
00U8pbIF7AhJqbgUZJ,Discovery session,2024-09-06T15:00:00Z,2024-09-06T16:30:00Z,Online meeting,Workshop,Synthetic calendar activity for CRM workload testing.,Out of Office,2023-04-24T21:25:59Z,0,,,00QwjHG94fx2m9h23K,Lead
00UH3SKHa7rIDrp2IQ,Implementation check-in,2025-12-02T10:30:00Z,2025-12-02T11:30:00Z,Regional office,Workshop,Synthetic calendar activity for CRM workload testing.,Out of Office,2021-07-16T12:32:46Z,0,01tjRyBfxPJZEW0YDL,Product2,00Qcj5fKiGJz6pfMQO,Lead
00U3cOa7O9ojbLl2MB,Implementation check-in,2022-08-08T15:30:00Z,2022-08-08T16:15:00Z,Online meeting,Call,Synthetic calendar activity for CRM workload testing.,Busy,2024-03-26T12:50:32Z,0,02ijf6rVMhpXm2NY29,Asset,00QhAucCULx5QbyFLU,Lead
00UpwG0lEyBVA5s2SJ,Discovery session,2022-10-27T15:30:00Z,2022-10-27T16:30:00Z,Regional office,Meeting,Synthetic calendar activity for CRM workload testing.,Busy,2021-12-17T13:10:34Z,0,001hgdJHI7bDrNzIKJ,Account,,
00UPYuTKOrlzZQUEIU,Business review,2022-12-03T10:30:00Z,2022-12-03T11:15:00Z,Customer office,Workshop,Synthetic calendar activity for CRM workload testing.,Out of Office,2025-04-12T13:01:49Z,0,0018MjZShtig55PAG6,Account,003IJxV7zNMr7FtARO,Contact
00U0HU3GkyeXQJ1E3X,Business review,2025-10-24T10:30:00Z,2025-10-24T11:00:00Z,Customer office,Workshop,Synthetic calendar activity for CRM workload testing.,Out of Office,2022-01-05T08:51:49Z,0,001qh75A7jHuE1EI0O,Account,00QZ0uoucMWu0I9E9E,Lead
00UubL5o61gCreJ2TO,Discovery session,2024-01-14T11:00:00Z,2024-01-14T11:45:00Z,Customer office,Workshop,Synthetic calendar activity for CRM workload testing.,Out of Office,2025-01-24T16:10:06Z,0,,,003NxsyUn0x5nr3AFS,Contact
00UPFEuHu95FfsvU2R,Implementation check-in,2022-03-08T09:30:00Z,2022-03-08T10:30:00Z,Regional office,Workshop,Synthetic calendar activity for CRM workload testing.,Busy,2021-05-25T03:54:04Z,0,,,0034JXiziG8PDZeI0L,Contact
00Uj6uvvI0SobfgMWY,Planning workshop,2026-03-10T08:30:00Z,2026-03-10T09:00:00Z,Regional office,Workshop,Synthetic calendar activity for CRM workload testing.,Busy,2023-11-22T02:56:07Z,0,800IzBADA7mOjsmA4O,Opportunity,003xzGmpYUQ0eYhQMY,Contact
00U5t0ayv2T37AwEK1,Discovery session,2025-11-15T11:00:00Z,2025-11-15T12:30:00Z,Online meeting,Meeting,Synthetic calendar activity for CRM workload testing.,Out of Office,2025-09-01T10:58:41Z,0,0017R1i3b17QyDUAUX,Account,0039FRof5ffyRlsI2Z,Contact
00Ue4tgqHKBOhU2MO7,Planning workshop,2023-10-10T11:00:00Z,2023-10-10T12:30:00Z,Customer office,Workshop,Synthetic calendar activity for CRM workload testing.,Busy,2021-08-02T04:29:36Z,0,510pZvpQ5rEerZiQIL,Opportunity,00Q14UuucoY6DkoQ4U,Lead
00U7BHSXksoG1YN2YJ,Implementation check-in,2021-01-31T08:30:00Z,2021-01-31T10:00:00Z,Customer office,Workshop,Synthetic calendar activity for CRM workload testing.,Out of Office,2025-07-17T13:49:32Z,0,02iiwT1Fv1xVhbaAQH,Opportunity,0036pKyOJBgDLuPISS,Contact
00UzGPLH2Y5LQJsUU5,Planning workshop,2022-09-15T15:30:00Z,2022-09-15T16:00:00Z,Customer office,Workshop,Synthetic calendar activity for CRM workload testing.,Out of Office,2022-10-01T18:09:46Z,0,001hgdJHI7bDrNzIKJ,Account,003mndjN59quZqZITR,Contact
00UYwuHVbwh1cmcMVJ,Business review,2021-08-12T11:30:00Z,2021-08-12T13:00:00Z,Regional office,Call,Synthetic calendar activity for CRM workload testing.,Busy,2024-04-18T15:58:28Z,0,026O6gOrGPqb83jYQ6,Opportunity,0037aesTgeKVdiSYBL,Contact
00UVUf9eWCsj9l4UW4,Planning workshop,2026-04-27T13:00:00Z,2026-04-27T14:00:00Z,Online meeting,Call,Synthetic calendar activity for CRM workload testing.,Out of Office,2025-05-03T04:24:40Z,0,,,00Qdyw1r50wLBRaMEJ,Lead
00UxTsA91kJD17PMQ5,Business review,2025-01-24T14:00:00Z,2025-01-24T15:00:00Z,Regional office,Workshop,Synthetic calendar activity for CRM workload testing.,Out of Office,2024-09-10T16:21:08Z,0,701baEWnGlBqdzhA9Z,Campaign,003jpIM5bWThTevA49,Contact
00UdM8viI0kqJTfESL,Business review,2026-01-14T14:30:00Z,2026-01-14T15:15:00Z,Customer office,Call,Synthetic calendar activity for CRM workload testing.,Busy,2022-11-17T23:52:03Z,0,01tCRyGDRzBg7uOANM,Product2,003D0Bdf1C14kvBQQ7,Contact
00UUy8Tw8VwPadPM52,Implementation check-in,2022-02-23T15:30:00Z,2022-02-23T16:30:00Z,Customer office,Meeting,Synthetic calendar activity for CRM workload testing.,Busy,2026-04-20T04:14:11Z,0,001b6p7wMuocXZFIKR,Account,,
00UFB9T6tsP6L3fE3S,Discovery session,2021-07-24T10:30:00Z,2021-07-24T11:00:00Z,Online meeting,Call,Synthetic calendar activity for CRM workload testing.,Out of Office,2025-04-23T08:59:46Z,0,,,003oOBOvrWV3r2WA8W,Contact
00U18C9BTpwquIeUQ9,Implementation check-in,2022-01-30T14:00:00Z,2022-01-30T14:45:00Z,Customer office,Call,Synthetic calendar activity for CRM workload testing.,Out of Office,2022-01-03T17:06:09Z,0,82iOhvqkdKvlv9JY22,Opportunity,003rfuHfs51RYULQIE,Contact
00UbpxDw07GvRqrEWP,Business review,2025-01-30T14:30:00Z,2025-01-30T15:15:00Z,Customer office,Call,Synthetic calendar activity for CRM workload testing.,Busy,2021-12-30T13:11:25Z,0,81tdAGdH26F8088AZY,Opportunity,003y6ePFePqAiqhAK6,Contact
00UGNPU5hZL3yz72SH,Implementation check-in,2022-03-12T13:00:00Z,2022-03-12T14:30:00Z,Online meeting,Workshop,Synthetic calendar activity for CRM workload testing.,Busy,2024-05-04T05:39:28Z,0,811XTE2Rky3URobQRZ,Opportunity,,
00UXeMwPDytcsQBEWJ,Planning workshop,2022-05-19T14:30:00Z,2022-05-19T15:15:00Z,Online meeting,Meeting,Synthetic calendar activity for CRM workload testing.,Busy,2021-12-15T05:28:11Z,0,500GgJkW7vbKVIIALK,Case,0039D7aXvRQGJqiITC,Contact
00UA6ZAUTW1qldB2KE,Implementation check-in,2021-12-20T10:30:00Z,2021-12-20T11:15:00Z,Customer office,Workshop,Synthetic calendar activity for CRM workload testing.,Busy,2024-04-15T15:49:59Z,0,500gSnomi34s0RNA7B,Case,0031Q3Evc7Xc9rbQI3,Contact
00UhtwYBdCI7BScUE5,Planning workshop,2022-09-18T11:00:00Z,2022-09-18T11:30:00Z,Online meeting,Call,Synthetic calendar activity for CRM workload testing.,Busy,2024-03-24T22:15:56Z,0,00iA1KWe8K1vrY1ANF,Opportunity,003cXEiEfiPaRQlAUB,Contact
00UmBAc22rQ2PHIMTN,Discovery session,2025-09-22T15:30:00Z,2025-09-22T16:15:00Z,Regional office,Call,Synthetic calendar activity for CRM workload testing.,Busy,2025-03-27T01:53:24Z,0,51iB8VNbijPpetFIJJ,Opportunity,003PL78eCf0J4yUI26,Contact
00U0kAIvmiZdQ2hUTV,Business review,2025-04-19T13:00:00Z,2025-04-19T13:30:00Z,Customer office,Workshop,Synthetic calendar activity for CRM workload testing.,Busy,2024-12-14T05:58:58Z,0,7017OD7USLqvwTSQ40,Campaign,003bl7ZTq6k6vEDAIG,Contact
00UZy8CON9W73RRE3S,Implementation check-in,2025-02-16T08:00:00Z,2025-02-16T08:30:00Z,Customer office,Workshop,Synthetic calendar activity for CRM workload testing.,Busy,2024-03-31T13:11:14Z,0,001hgdJHI7bDrNzIKJ,Account,00Qk2CHsLnqIeWJUP7,Lead
00Ueqr9A4frIFvPMD2,Implementation check-in,2022-03-05T16:00:00Z,2022-03-05T16:30:00Z,Regional office,Workshop,Synthetic calendar activity for CRM workload testing.,Out of Office,2022-06-13T04:17:55Z,0,00tuIMF7s5oEPalQX0,Opportunity,0038PZTOzpYnmw1A52,Contact
00UbLaQGWifFtC22W4,Planning workshop,2021-06-23T09:30:00Z,2021-06-23T10:15:00Z,Regional office,Call,Synthetic calendar activity for CRM workload testing.,Out of Office,2024-06-06T02:06:14Z,0,,,,
00U13nMLnQAWJ4BUVD,Discovery session,2021-08-13T09:30:00Z,2021-08-13T10:30:00Z,Online meeting,Workshop,Synthetic calendar activity for CRM workload testing.,Busy,2022-03-08T09:30:32Z,0,02iw9SAtoU1KMQOQ1R,Asset,0039KYBF4fXQiHuAF4,Contact
00UrkWY7BaBj3U7MP2,Discovery session,2025-02-08T14:00:00Z,2025-02-08T14:45:00Z,Customer office,Call,Synthetic calendar activity for CRM workload testing.,Out of Office,2025-12-02T19:45:48Z,0,001upirIJhb5AGBA5J,Account,0039hOoEmV9URW8A6H,Contact
00Urij2W7O4dLaVE5Q,Planning workshop,2025-06-10T11:30:00Z,2025-06-10T12:30:00Z,Online meeting,Meeting,Synthetic calendar activity for CRM workload testing.,Out of Office,2023-04-24T08:32:43Z,0,701fkp1RoMk6AO1AXX,Campaign,00QDkwbZL2AjVR5MMK,Lead
00UwbsOpwIIdgex2WI,Discovery session,2023-03-25T10:30:00Z,2023-03-25T11:30:00Z,Regional office,Meeting,Synthetic calendar activity for CRM workload testing.,Busy,2022-06-21T04:58:30Z,0,500xZVEk5M2JjLqYX5,Case,003dl4F05Fdtn0bIN6,Contact
00UhSmkz1mhRjXs2C2,Business review,2025-08-17T10:00:00Z,2025-08-17T10:45:00Z,Online meeting,Meeting,Synthetic calendar activity for CRM workload testing.,Out of Office,2022-08-04T07:26:58Z,0,500xPpIXrLrREcrI6V,Case,00QTqhoDWcjRqn3U8M,Lead
00Ub4tkkq3cECYOE8I,Planning workshop,2025-05-15T13:30:00Z,2025-05-15T14:00:00Z,Regional office,Meeting,Synthetic calendar activity for CRM workload testing.,Out of Office,2025-05-26T03:59:47Z,0,001yQSD3rwvt3ZBAV9,Account,003nF0z5ePF8ABXBBO,Lead
00U8H2QyTTFjBIoUS7,Discovery session,2022-06-10T10:30:00Z,2022-06-10T11:15:00Z,Online meeting,Call,Synthetic calendar activity for CRM workload testing.,Out of Office,2021-04-04T09:39:56Z,0,001Ivgehi2RhpxmIXK,Account,003GYnV08J7wbZUY7G,Contact
00UWc6B56MUmRDTUEY,Business review,2025-06-12T08:30:00Z,2025-06-12T09:30:00Z,Customer office,Meeting,Synthetic calendar activity for CRM workload testing.,Busy,2025-07-21T21:57:17Z,0,7017OD7USLqvwTSQ40,Campaign,,
00UFGjSIhogNp8DEZ5,Business review,2023-10-13T14:00:00Z,2023-10-13T14:30:00Z,Regional office,Call,Synthetic calendar activity for CRM workload testing.,Busy,2023-02-18T20:36:04Z,0,701T7xJocH3zs1NQYF,Campaign,003LyTtz99flO3DYZ3,Contact
00Uo9V4QJgAkmLpUUX,Discovery session,2025-11-29T14:30:00Z,2025-11-29T15:15:00Z,Customer office,Call,Synthetic calendar activity for CRM workload testing.,Out of Office,2021-07-22T22:21:42Z,0,500k7aj0FX1xU9dIAW,Case,003hMDunMjNslIVQ8V,Contact
00UB5KCWjyVbbk12I4,Implementation check-in,2024-05-13T10:30:00Z,2024-05-13T11:00:00Z,Online meeting,Call,Synthetic calendar activity for CRM workload testing.,Out of Office,2024-07-13T02:49:05Z,0,001kgFF0qALhnGGYD4,Account,00QXtEvKLpujQkqU90,Lead
00UkPFMWvZffDhREJ7,Implementation check-in,2024-10-26T14:00:00Z,2024-10-26T14:30:00Z,Customer office,Meeting,Synthetic calendar activity for CRM workload testing.,Out of Office,2025-04-23T22:29:29Z,0,02iTXJcM6s8wVpmAW6,Asset,003rTm7hZj8JtoNQBV,Contact
00U2GQysUJbXGT9MZB,Implementation check-in,2025-05-20T08:00:00Z,2025-05-20T09:30:00Z,Online meeting,Call,Synthetic calendar activity for CRM workload testing.,Busy,2022-01-13T17:02:22Z,0,500UfWaEO0N9XrDQ0W,Case,00QSKfG460Z1VgP2O4,Lead
00UwxWNHb7VQEJ2UNL,Business review,2022-04-13T16:30:00Z,2022-04-13T17:00:00Z,Regional office,Meeting,Synthetic calendar activity for CRM workload testing.,Out of Office,2021-01-03T10:33:54Z,0,,,00Qx4aiXDMgDfU1UC9,Lead
00UngsUHjlvdXqkMR2,Planning workshop,2021-08-29T08:00:00Z,2021-08-29T08:45:00Z,Online meeting,Call,Synthetic calendar activity for CRM workload testing.,Out of Office,2023-05-17T06:40:37Z,0,500D8sFtF6iD9mhQQK,Case,0037DHIzOna6KtJY2L,Contact
00UX45JBvQLREYpMSO,Discovery session,2024-03-17T16:30:00Z,2024-03-17T18:00:00Z,Regional office,Meeting,Synthetic calendar activity for CRM workload testing.,Out of Office,2021-09-18T18:54:29Z,0,810Np4XhG7rD2G2QBP,Opportunity,003rDfKHYUrhrwFYLU,Contact
00UTG60nSZ6JHYgMZ3,Business review,2025-07-22T15:00:00Z,2025-07-22T15:30:00Z,Customer office,Meeting,Synthetic calendar activity for CRM workload testing.,Out of Office,2025-03-21T07:54:38Z,0,01t7U5ipBfHp1PQIKM,Product2,00338UX9kGNIwR6YNC,Contact
00UHou2rB4TTzYzML1,Planning workshop,2023-03-29T08:30:00Z,2023-03-29T10:00:00Z,Regional office,Call,Synthetic calendar activity for CRM workload testing.,Out of Office,2023-05-30T03:26:03Z,0,500956v3Rv1cd8RQAB,Case,003y3BNukyu5OKBID7,Contact
00U25YBUej3u2AuE2X,Discovery session,2023-09-22T13:00:00Z,2023-09-22T14:00:00Z,Customer office,Meeting,Synthetic calendar activity for CRM workload testing.,Busy,2021-06-05T19:46:13Z,0,,,003f4ot3tLycXfwQM5,Contact
00UhCvmMN1VbENRU69,Implementation check-in,2023-10-06T16:30:00Z,2023-10-06T17:15:00Z,Regional office,Call,Synthetic calendar activity for CRM workload testing.,Out of Office,2021-04-25T13:19:36Z,0,001zDxxuW7kQ4BrAGJ,Account,,
00U1wzh62HJ0GuYE5I,Implementation check-in,2025-10-02T13:30:00Z,2025-10-02T14:15:00Z,Regional office,Meeting,Synthetic calendar activity for CRM workload testing.,Out of Office,2025-06-30T11:59:33Z,0,500hA6g5wEy6U3uIRO,Case,003KtHm7uBbpVUkQ0I,Contact
00UcaIQlDBip2bZUG5,Discovery session,2023-07-29T09:30:00Z,2023-07-29T10:15:00Z,Customer office,Workshop,Synthetic calendar activity for CRM workload testing.,Out of Office,2021-02-15T14:21:16Z,0,001lpuGrFmSTBnuY0M,Account,003haI7NPKn0gYsQ3M,Contact
00UgcKqFEfXYP2IUCD,Planning workshop,2023-11-23T11:30:00Z,2023-11-23T12:30:00Z,Regional office,Meeting,Synthetic calendar activity for CRM workload testing.,Out of Office,2026-03-03T08:41:20Z,0,700ipkukY9AOYyQAL5,Opportunity,003NlXAe6NaQRtvYDS,Contact
00U006jc1bWsLA7UMJ,Planning workshop,2023-02-03T14:00:00Z,2023-02-03T14:45:00Z,Regional office,Call,Synthetic calendar activity for CRM workload testing.,Busy,2025-09-24T04:42:13Z,0,001wOS4RTezb6AxY4U,Account,003rXK1SzUZaKFUYFN,Contact
00U9xqLxbtcpW5n2KN,Implementation check-in,2023-01-06T13:00:00Z,2023-01-06T13:45:00Z,Online meeting,Workshop,Synthetic calendar activity for CRM workload testing.,Out of Office,2024-01-23T08:35:51Z,0,500Id94IPWEdmVBA0K,Case,,
00UwwwRdL7mmy55MMZ,Business review,2025-02-17T10:30:00Z,2025-02-17T11:30:00Z,Online meeting,Call,Synthetic calendar activity for CRM workload testing.,Out of Office,2023-11-20T04:26:01Z,0,02iNsJ96El2YDCpQD8,Asset,003m7VFEeDJ9mFKIXK,Contact
00UKQuuudypIhpIUZ8,Planning workshop,2026-02-12T08:00:00Z,2026-02-12T09:00:00Z,Customer office,Meeting,Synthetic calendar activity for CRM workload testing.,Busy,2024-09-23T15:24:27Z,0,001kgFF0qALhnGGYD4,Account,00311jogHN3a9H5QXX,Contact
00UbAgfrwGqePxyUK4,Implementation check-in,2022-02-25T09:00:00Z,2022-02-25T10:30:00Z,Customer office,Workshop,Synthetic calendar activity for CRM workload testing.,Out of Office,2025-11-21T16:31:00Z,0,81tXva17ARELY01YH0,Order,003iQyO82d4KMl0Y4B,Contact
00UmPncZpdi3U6T25R,Business review,2023-04-08T09:00:00Z,2023-04-08T09:45:00Z,Customer office,Workshop,Synthetic calendar activity for CRM workload testing.,Busy,2024-12-25T09:02:36Z,0,026xiH3u9M75ou6IW2,Opportunity,003GZMiGhmxCKWdILH,Contact
00UXFdb9H0HJst7E3W,Business review,2021-07-11T08:00:00Z,2021-07-11T08:30:00Z,Regional office,Meeting,Synthetic calendar activity for CRM workload testing.,Out of Office,2021-08-09T12:01:29Z,0,726CAuE2OX9ciQtAAC,Opportunity,003PcLfD8joXRqdQ17,Contact
00UYaV51OwfggPwE6E,Implementation check-in,2021-09-13T16:30:00Z,2021-09-13T17:00:00Z,Customer office,Meeting,Synthetic calendar activity for CRM workload testing.,Out of Office,2021-11-19T04:26:55Z,0,,,00324SkSh22hkotYEY,Contact
00UfrpPdceTU8tpEPY,Implementation check-in,2023-06-18T10:00:00Z,2023-06-18T11:30:00Z,Customer office,Call,Synthetic calendar activity for CRM workload testing.,Out of Office,2024-11-21T17:09:53Z,0,001oowXHzEaXod1YS1,Account,003ZGOxuAsxdo1XY37,Contact
00UcwIfAtGaZ1RE2DN,Business review,2023-06-09T15:30:00Z,2023-06-09T17:00:00Z,Customer office,Call,Synthetic calendar activity for CRM workload testing.,Busy,2021-11-17T01:21:43Z,0,72tUa1uhX12vVeVYV6,Order,003pcRlDe14IHILAL9,Contact
00UxS1H0zYvQ9eyUEP,Business review,2024-06-04T09:30:00Z,2024-06-04T10:15:00Z,Regional office,Call,Synthetic calendar activity for CRM workload testing.,Busy,2021-05-11T14:01:50Z,0,,,00361SAboucdOJGQ94,Contact
00U5HJ8fCRnmgHoUKV,Implementation check-in,2022-12-31T14:30:00Z,2022-12-31T15:00:00Z,Customer office,Call,Synthetic calendar activity for CRM workload testing.,Busy,2023-02-01T10:29:24Z,0,500mdpvojmmtgIWAX6,Case,003YKhyUZ3irYQMILZ,Contact
00U0utYb2hFBR2CU17,Implementation check-in,2022-04-19T13:00:00Z,2022-04-19T13:30:00Z,Regional office,Meeting,Synthetic calendar activity for CRM workload testing.,Out of Office,2021-01-01T13:06:51Z,0,02iSVuhGSt6JLdFYNI,Asset,003eYKBdQULHzTsAGR,Contact
00UHvgvm7w4kElGE6Y,Planning workshop,2025-02-12T15:00:00Z,2025-02-12T15:45:00Z,Online meeting,Meeting,Synthetic calendar activity for CRM workload testing.,Out of Office,2021-01-09T01:40:07Z,0,02iIAMqms38j7iYY5A,Asset,003S8wRLfGomGFCAY7,Contact
00UoGoOboG4e0UK2P2,Discovery session,2022-02-27T14:00:00Z,2022-02-27T15:00:00Z,Online meeting,Call,Synthetic calendar activity for CRM workload testing.,Busy,2022-05-04T22:51:50Z,0,701eYR0IxKvWggxING,Campaign,0031Q3Evc7Xc9rbQI3,Contact
00UyXioADcNKaDfM84,Implementation check-in,2022-05-18T09:30:00Z,2022-05-18T10:30:00Z,Online meeting,Call,Synthetic calendar activity for CRM workload testing.,Out of Office,2022-12-25T12:36:21Z,0,800aItMzuY7OrCNYE6,Contract,0031Q3Evc7Xc9rbQI3,Contact
00UyjxUWZJYRbI3E1Q,Planning workshop,2026-01-07T10:30:00Z,2026-01-07T11:15:00Z,Regional office,Meeting,Synthetic calendar activity for CRM workload testing.,Busy,2025-08-31T00:12:24Z,0,7110104sHd7nBOwQGT,Opportunity,003aOXN8maPyJ9cYND,Contact
00UP6qB5WG8NLmj2W1,Planning workshop,2022-06-11T10:30:00Z,2022-06-11T11:00:00Z,Regional office,Meeting,Synthetic calendar activity for CRM workload testing.,Busy,2021-06-02T20:03:59Z,0,001GIi2sHi8hI1AQ7T,Account,003PDVgkuWRXxQKQ3C,Contact
00UPcdcNZzYGt572V4,Business review,2026-07-25T15:30:00Z,2026-07-25T16:15:00Z,Regional office,Meeting,Synthetic calendar activity for CRM workload testing.,Busy,2023-07-19T21:31:47Z,0,02iG3GbukMYQ151YGL,Asset,0031Q3Evc7Xc9rbQI3,Contact
00Um5cQexTFfeJQMRI,Business review,2023-01-05T10:30:00Z,2023-01-05T11:00:00Z,Online meeting,Workshop,Synthetic calendar activity for CRM workload testing.,Busy,2026-03-19T12:44:33Z,0,026rEFr5eyVWlSZY8X,Opportunity,003hYM21azNCP10ID1,Contact
00U8YMybybiGtOVEHL,Discovery session,2026-04-26T11:00:00Z,2026-04-26T12:30:00Z,Regional office,Workshop,Synthetic calendar activity for CRM workload testing.,Out of Office,2025-06-12T05:01:47Z,0,001b0M2T66D7YH8ILK,Opportunity,00QtEDamOEWgM0YEET,Lead
00UGdiSPPXzj5xJMNK,Discovery session,2025-10-02T10:00:00Z,2025-10-02T10:45:00Z,Customer office,Meeting,Synthetic calendar activity for CRM workload testing.,Busy,2026-01-20T11:09:58Z,0,700nLoPgUoyjcN7Y8D,Opportunity,,
00UOx73AadSeJKGMYX,Business review,2025-03-11T09:00:00Z,2025-03-11T09:45:00Z,Regional office,Meeting,Synthetic calendar activity for CRM workload testing.,Busy,2025-07-18T16:02:32Z,0,02ix8DjrgZaXrWQIXQ,Asset,0031Y6K7QqCYZANQHG,Contact
00Umi2n0zSt4NEOUVL,Discovery session,2023-11-13T16:00:00Z,2023-11-13T16:45:00Z,Online meeting,Call,Synthetic calendar activity for CRM workload testing.,Out of Office,2026-05-02T02:45:57Z,0,500SScj3yV8x3uUI5K,Case,00QFb8mFcC9faeTFMU,Lead
00UHKgTlxxR5NJWEBK,Planning workshop,2023-09-02T08:30:00Z,2023-09-02T09:15:00Z,Regional office,Workshop,Synthetic calendar activity for CRM workload testing.,Busy,2023-08-22T01:37:59Z,0,506KFidge6NFupaQIL,Opportunity,0035h3Lteqqq5apA6B,Contact
00UqsQd7FRPLvXEEGQ,Business review,2022-08-21T16:30:00Z,2022-08-21T17:15:00Z,Customer office,Workshop,Synthetic calendar activity for CRM workload testing.,Out of Office,2021-08-15T09:53:31Z,0,0014xFF5q1fi7GwQMP,Account,003f49vfpd9cSwXA6F,Contact
00U3OzgOhLF2JfyMI3,Business review,2023-10-27T13:00:00Z,2023-10-27T14:30:00Z,Customer office,Call,Synthetic calendar activity for CRM workload testing.,Out of Office,2022-03-20T03:58:13Z,0,500hUZOkAbYEx1oI8S,Case,003a7v5rClLranGAZQ,Contact
00Uf7aFUOdWrVSMMM6,Discovery session,2025-08-28T15:30:00Z,2025-08-28T16:15:00Z,Online meeting,Meeting,Synthetic calendar activity for CRM workload testing.,Out of Office,2021-01-13T20:20:12Z,0,001MMbrZQQUkCyfI5Q,Account,00334AohxHZpdepQZO,Contact
00UjJYSoXiQvdyDENM,Planning workshop,2024-04-28T16:30:00Z,2024-04-28T17:00:00Z,Customer office,Call,Synthetic calendar activity for CRM workload testing.,Out of Office,2026-03-21T05:54:01Z,0,7017OD7USLqvwTSQ40,Campaign,003ZPGB8XLIst9AA3J,Contact
00UCvrIPANPUXK82Y0,Discovery session,2026-08-22T13:30:00Z,2026-08-22T15:00:00Z,Online meeting,Meeting,Synthetic calendar activity for CRM workload testing.,Busy,2021-01-01T08:55:30Z,0,51iQD0tQCZ7I9awQN4,Opportunity,003VRVU7KjdM2kOVKN,Lead
00UsGBQUkdKXQyGUOA,Business review,2021-12-29T08:00:00Z,2021-12-29T08:45:00Z,Customer office,Workshop,Synthetic calendar activity for CRM workload testing.,Out of Office,2024-05-16T10:17:56Z,0,001jIiXAhBEHXIPYQP,Account,0030e2mL8N1jKfuYES,Contact
00UeBdRwO0iqHu32QH,Planning workshop,2022-05-19T09:00:00Z,2022-05-19T10:30:00Z,Customer office,Call,Synthetic calendar activity for CRM workload testing.,Out of Office,2025-07-21T14:43:48Z,0,700aFWZ3nbrzjg8YUW,Opportunity,003gSItjdJa0xcXQ3R,Contact
00U37NEVX94Dabu2RG,Discovery session,2024-01-22T15:00:00Z,2024-01-22T16:00:00Z,Customer office,Workshop,Synthetic calendar activity for CRM workload testing.,Busy,2025-09-04T06:46:04Z,0,50092wxEAGkEgfaQ2X,Case,003eZ2Th2GHWes2Q9R,Contact
00UCTT0yQVzTiWwMD2,Planning workshop,2025-06-05T10:00:00Z,2025-06-05T11:30:00Z,Customer office,Workshop,Synthetic calendar activity for CRM workload testing.,Busy,2021-07-29T19:43:50Z,0,001mmu9iYNsqBnfYFC,Account,003h2HSFyhUtjZzA14,Contact
00U1gj76L7hu1VAEHD,Implementation check-in,2025-10-20T08:00:00Z,2025-10-20T08:45:00Z,Customer office,Meeting,Synthetic calendar activity for CRM workload testing.,Out of Office,2023-03-20T14:40:32Z,0,701bmC3dSpPfuEkATE,Campaign,0034NLRXc49Mr8gYJA,Contact
00UZGq9fbWRjVtEEWI,Discovery session,2024-02-17T14:30:00Z,2024-02-17T15:15:00Z,Online meeting,Call,Synthetic calendar activity for CRM workload testing.,Out of Office,2024-05-14T13:59:28Z,0,70izJscuGLLZ5kjAD2,Opportunity,0033S4zFH6f42hbINE,Contact
00UDIcfeIB3xEFn2N8,Discovery session,2024-08-12T16:00:00Z,2024-08-12T17:00:00Z,Customer office,Workshop,Synthetic calendar activity for CRM workload testing.,Out of Office,2025-06-01T23:20:30Z,0,026O6gOrGPqb83jYQ6,Opportunity,003WY4K47MBpHinAFL,Contact
00Ux74KujalZoWI28B,Business review,2024-01-17T10:30:00Z,2024-01-17T11:00:00Z,Regional office,Workshop,Synthetic calendar activity for CRM workload testing.,Busy,2021-12-09T22:42:35Z,0,001ULTfosWQTQf5QW1,Account,0031Q3Evc7Xc9rbQI3,Contact
00UQhzmpsQENFn3M2J,Business review,2023-02-01T08:00:00Z,2023-02-01T08:45:00Z,Customer office,Workshop,Synthetic calendar activity for CRM workload testing.,Busy,2022-11-20T19:35:20Z,0,00152hx60eiLsO2QGQ,Account,003z2MybJVMlLVKY2Q,Contact
00Ue10XXef5obwVE28,Discovery session,2022-10-15T09:00:00Z,2022-10-15T09:30:00Z,Customer office,Meeting,Synthetic calendar activity for CRM workload testing.,Out of Office,2021-03-16T06:58:08Z,0,001EocC12jSBhyyIOU,Account,,
00USYrbKuaZaQ6PMW4,Planning workshop,2021-12-25T09:00:00Z,2021-12-25T09:30:00Z,Online meeting,Workshop,Synthetic calendar activity for CRM workload testing.,Busy,2024-07-08T01:28:44Z,0,001IGpX26HWSL0HQPY,Account,003WU4Q6S7FReEGY2S,Contact
00UYegxiNY4ZAmtUXQ,Business review,2024-04-06T09:30:00Z,2024-04-06T10:15:00Z,Online meeting,Workshop,Synthetic calendar activity for CRM workload testing.,Out of Office,2025-06-01T18:47:34Z,0,00180qOlX8UtZ7HQTK,Account,003kzTeWiTEDz4SIFS,Contact
00UxIcBHhiJ75thU5P,Business review,2025-03-26T16:30:00Z,2025-03-26T17:15:00Z,Customer office,Workshop,Synthetic calendar activity for CRM workload testing.,Busy,2024-07-31T05:45:13Z,0,7019g7m2YfxR5uxQ6M,Campaign,003hzvSfhLntALrY81,Contact
00UauHLodXNicBnU2P,Planning workshop,2026-06-08T10:00:00Z,2026-06-08T10:45:00Z,Online meeting,Workshop,Synthetic calendar activity for CRM workload testing.,Busy,2022-05-29T03:57:00Z,0,72iELLOBDcXDk49AIU,Opportunity,003KJ8FJo8XNZ6MQ3J,Contact
00Ug4HTsTPu6gRXMXB,Implementation check-in,2024-05-09T09:00:00Z,2024-05-09T10:30:00Z,Online meeting,Workshop,Synthetic calendar activity for CRM workload testing.,Out of Office,2025-04-08T13:29:25Z,0,716dsrZwA95n9ZUQTQ,Opportunity,003AjUK2cybvQvDQL1,Contact
00UwY36ieSI2XmCMR7,Planning workshop,2023-04-24T09:00:00Z,2023-04-24T10:00:00Z,Online meeting,Meeting,Synthetic calendar activity for CRM workload testing.,Out of Office,2021-08-23T17:35:55Z,0,,,003IATjwBrkrxicAUT,Contact
00Us5cLHHyqJdZ2MH0,Planning workshop,2021-07-01T14:30:00Z,2021-07-01T15:30:00Z,Regional office,Meeting,Synthetic calendar activity for CRM workload testing.,Busy,2022-12-28T01:32:54Z,0,500sPSvPjJHQS8cYP4,Case,003dV7hH70niauTQ84,Contact
00UFSEtoM95EOESUR8,Discovery session,2025-05-15T16:00:00Z,2025-05-15T16:30:00Z,Customer office,Workshop,Synthetic calendar activity for CRM workload testing.,Out of Office,2022-10-27T11:23:21Z,0,0018MjZShtig55PAG6,Account,003bpliG0OQeBdQAX0,Contact
00UKVmryQujNUZ1UXF,Business review,2022-03-18T16:30:00Z,2022-03-18T17:30:00Z,Regional office,Workshop,Synthetic calendar activity for CRM workload testing.,Busy,2021-01-14T09:02:32Z,0,01i9H3v1jwLj12rYWG,Opportunity,,
00UsoCssBzydesV24K,Planning workshop,2023-10-14T16:00:00Z,2023-10-14T16:30:00Z,Online meeting,Call,Synthetic calendar activity for CRM workload testing.,Busy,2022-03-24T04:24:07Z,0,500J4QZrywq4trOABB,Opportunity,,
00UqxiBt2NQ4xZqMYT,Discovery session,2025-06-04T09:00:00Z,2025-06-04T10:00:00Z,Customer office,Meeting,Synthetic calendar activity for CRM workload testing.,Out of Office,2024-08-06T09:17:22Z,0,521mpPKRTUMfQI3A1Q,Opportunity,003OudIDdeswrwGIHG,Contact
00UHkqAS8EmsNQIMIE,Business review,2021-11-02T13:00:00Z,2021-11-02T13:45:00Z,Regional office,Workshop,Synthetic calendar activity for CRM workload testing.,Busy,2022-10-13T06:26:25Z,0,026xiH3u9M75ou6IW2,Opportunity,003o4TMGtqkbtDdIII,Contact
00UXvKArA7AsGXYMC4,Implementation check-in,2026-08-13T08:00:00Z,2026-08-13T08:30:00Z,Customer office,Meeting,Synthetic calendar activity for CRM workload testing.,Out of Office,2026-02-19T19:13:41Z,0,500qiqpT7ybCR2nI86,Case,003HvUWqBdPshygIG5,Contact
00UaMovETYOYGzmUH0,Discovery session,2025-06-14T08:00:00Z,2025-06-14T08:30:00Z,Regional office,Meeting,Synthetic calendar activity for CRM workload testing.,Out of Office,2022-03-27T19:10:31Z,0,500Cxea3n60DlKZQZ6,Case,00Q8oaNQIuAGen2C2N,Lead
00UBFIB6m75CPZNEJU,Business review,2023-04-15T08:00:00Z,2023-04-15T08:45:00Z,Regional office,Workshop,Synthetic calendar activity for CRM workload testing.,Out of Office,2021-11-22T16:38:37Z,0,02i4yxu1iA0zZHVQB5,Asset,003LlpXLjbdvYlrQM4,Contact
00UfiABwtFzLJ8uEMI,Discovery session,2021-09-08T15:30:00Z,2021-09-08T17:00:00Z,Online meeting,Call,Synthetic calendar activity for CRM workload testing.,Busy,2025-10-10T23:14:42Z,0,506KFidge6NFupaQIL,Opportunity,0036ZO11O9MlwGGARL,Contact
00UDVF72WTJ0Hmk2FM,Business review,2023-04-22T09:00:00Z,2023-04-22T09:45:00Z,Online meeting,Workshop,Synthetic calendar activity for CRM workload testing.,Out of Office,2023-05-16T02:17:09Z,0,5113O7OhVyVpRRPISJ,Opportunity,00Qc8Y00nw8kjVjE95,Lead
00URG84Q58sr1kFUR9,Implementation check-in,2026-08-29T10:00:00Z,2026-08-29T11:00:00Z,Customer office,Call,Synthetic calendar activity for CRM workload testing.,Busy,2021-04-03T21:58:01Z,0,800TTuku3jUZCA3YXQ,Contract,00QyHrFezruH87HUPM,Lead
00UVur2qyP9ffULUJ0,Discovery session,2022-08-16T10:30:00Z,2022-08-16T11:30:00Z,Regional office,Meeting,Synthetic calendar activity for CRM workload testing.,Busy,2022-10-12T05:48:51Z,0,500Yludj08C3bVCIBJ,Case,003RkNOcuqO0tHhA2N,Contact
00USd8flOypHOCN2IQ,Discovery session,2024-05-02T10:00:00Z,2024-05-02T10:45:00Z,Online meeting,Call,Synthetic calendar activity for CRM workload testing.,Out of Office,2022-06-08T15:19:38Z,0,02iLCwQ7iwGV5GEQW4,Asset,003MzEjs92OIMruAGM,Contact
00U1jJ23jhPJ9wIMM7,Implementation check-in,2026-08-10T09:30:00Z,2026-08-10T10:15:00Z,Online meeting,Workshop,Synthetic calendar activity for CRM workload testing.,Out of Office,2025-04-08T13:52:20Z,0,5004Xr7X73UCVxEIZ5,Case,,
00UMX455uEzOZZQU3N,Planning workshop,2024-02-11T13:00:00Z,2024-02-11T13:45:00Z,Regional office,Meeting,Synthetic calendar activity for CRM workload testing.,Busy,2025-01-22T16:33:16Z,0,02ikLGp3AHnXZdLYRX,Asset,,
00U6I7UslPgsdNXMYX,Business review,2024-07-02T09:00:00Z,2024-07-02T10:00:00Z,Online meeting,Call,Synthetic calendar activity for CRM workload testing.,Busy,2023-02-17T18:33:24Z,0,7010j7HiIFs5acMAA2,Campaign,003GjAG0PksZYGaY7O,Contact
00Uqwyqb2g5R2aeUG6,Business review,2025-11-02T14:00:00Z,2025-11-02T14:30:00Z,Customer office,Workshop,Synthetic calendar activity for CRM workload testing.,Busy,2025-03-24T06:55:35Z,0,001Mpyhcy0YjCuyQPK,Account,003AqyY2IfcYiBkQLX,Contact
00UsPYYjsfnoemcM1G,Business review,2024-06-19T11:30:00Z,2024-06-19T12:00:00Z,Regional office,Workshop,Synthetic calendar activity for CRM workload testing.,Busy,2023-05-06T00:23:05Z,0,72tXex0Rj4Ka2g5APC,Opportunity,003dhbqvcOmeH61IVE,Contact
00UfQtPeOUkSn742CY,Implementation check-in,2025-11-20T16:30:00Z,2025-11-20T17:15:00Z,Online meeting,Meeting,Synthetic calendar activity for CRM workload testing.,Busy,2021-05-01T19:47:25Z,0,51ttQqHg65h6nDOIJX,Order,0032vDjj6EPdDIQYFG,Contact
00UcjkaEB5GP9Cz25A,Implementation check-in,2024-11-26T11:30:00Z,2024-11-26T12:15:00Z,Online meeting,Workshop,Synthetic calendar activity for CRM workload testing.,Busy,2022-02-16T14:14:45Z,0,500qx1YgGnSjkhRQEE,Case,003P39CqbvZ8qZ8Y7T,Contact
00U49h4WQ7i7ImHEOG,Business review,2022-10-19T16:00:00Z,2022-10-19T17:30:00Z,Online meeting,Meeting,Synthetic calendar activity for CRM workload testing.,Out of Office,2021-12-08T18:41:13Z,0,701Dpaw66va6dUvYOQ,Campaign,003btzXZcImw2UuQZV,Contact
00UCCFWxP5qkppoUNV,Planning workshop,2021-10-04T16:30:00Z,2021-10-04T18:00:00Z,Customer office,Call,Synthetic calendar activity for CRM workload testing.,Busy,2026-03-04T22:25:13Z,0,50ivdAUc1oe0Sg0QG1,Opportunity,00QuVwPvF3JIV5vMMM,Lead
00UcG177uZDeXMz2K8,Implementation check-in,2021-07-14T08:00:00Z,2021-07-14T09:00:00Z,Customer office,Call,Synthetic calendar activity for CRM workload testing.,Busy,2022-08-23T04:19:50Z,0,02iS22kmtnTAmXQYS9,Opportunity,003nJ2vEYsQQk0IQVH,Contact
00UPy1TynpIx4caMWM,Implementation check-in,2024-02-28T15:00:00Z,2024-02-28T16:00:00Z,Online meeting,Meeting,Synthetic calendar activity for CRM workload testing.,Busy,2026-02-24T13:55:32Z,0,500YsqZevCnCImcIXR,Case,,
00UxozxukYoc4lDMGG,Planning workshop,2022-01-03T08:00:00Z,2022-01-03T08:30:00Z,Online meeting,Call,Synthetic calendar activity for CRM workload testing.,Busy,2022-11-28T19:28:15Z,0,5005frWInn3urJ8Q51,Case,,
00U9kYIT7GGU0lhEAA,Business review,2025-01-21T14:30:00Z,2025-01-21T15:15:00Z,Online meeting,Call,Synthetic calendar activity for CRM workload testing.,Out of Office,2023-07-18T05:01:03Z,0,,,003uvZvc1h4sYnSYKT,Contact
00U312RwlpNyNuGM8Y,Planning workshop,2026-01-11T14:00:00Z,2026-01-11T14:45:00Z,Customer office,Meeting,Synthetic calendar activity for CRM workload testing.,Busy,2026-05-04T20:01:31Z,0,500NgsA537xChaRAYK,Case,003EksnMRiNmAioI92,Contact
00UyaQrsYElP02aU2M,Business review,2024-04-06T09:00:00Z,2024-04-06T10:00:00Z,Regional office,Call,Synthetic calendar activity for CRM workload testing.,Out of Office,2025-11-08T02:15:58Z,0,511LnspktJO7jRfYPJ,Opportunity,00Qx92SrlgSdnglQ1J,Lead
00Ux2Boi7aqVvse25U,Discovery session,2024-02-01T14:30:00Z,2024-02-01T15:15:00Z,Customer office,Meeting,Synthetic calendar activity for CRM workload testing.,Busy,2026-01-25T05:44:49Z,0,726ubCp6MSaveepAVP,Opportunity,00310Bc9X27P5DIY78,Contact
00UrQCvenur6d2ZEUQ,Planning workshop,2022-07-03T08:00:00Z,2022-07-03T09:30:00Z,Customer office,Call,Synthetic calendar activity for CRM workload testing.,Busy,2025-10-14T07:28:23Z,0,001d6L0YO7RdZlqYEZ,Account,00Q8BQ4ZlE1JsMh2I7,Lead
00UAPSOSZxbum5UUMP,Implementation check-in,2025-09-27T13:30:00Z,2025-09-27T14:15:00Z,Online meeting,Call,Synthetic calendar activity for CRM workload testing.,Out of Office,2022-04-14T02:42:01Z,0,01thBQZLD1IHHQYICZ,Product2,,
00UATbLs2C4G3RWEBI,Discovery session,2025-12-08T14:30:00Z,2025-12-08T15:15:00Z,Online meeting,Call,Synthetic calendar activity for CRM workload testing.,Busy,2022-11-30T13:18:12Z,0,500lJ3YQ6I7I8yZIKO,Case,00343bIdpjNXmX0IFJ,Contact
00Ur4cCx6rXPAeHULT,Discovery session,2025-08-19T09:30:00Z,2025-08-19T10:15:00Z,Regional office,Meeting,Synthetic calendar activity for CRM workload testing.,Busy,2026-01-16T22:31:40Z,0,02iz1gJb26JrLjrYI0,Asset,0039GuurGcl4vWqI7Q,Contact
00UPcOWl6Afyt6GMDM,Implementation check-in,2023-09-26T11:30:00Z,2023-09-26T12:15:00Z,Online meeting,Call,Synthetic calendar activity for CRM workload testing.,Busy,2025-05-24T01:20:51Z,0,500XPEADVnUVNoJIXS,Case,003wj4aZ1eHyznPQLH,Contact
00U55kYykM13HjsU1F,Planning workshop,2022-07-03T14:30:00Z,2022-07-03T15:30:00Z,Online meeting,Call,Synthetic calendar activity for CRM workload testing.,Busy,2026-02-23T14:11:39Z,0,500UJEy9vlaphnDYJN,Opportunity,,
00UDd45a4pnT0Ke20H,Business review,2022-09-23T10:00:00Z,2022-09-23T11:30:00Z,Online meeting,Meeting,Synthetic calendar activity for CRM workload testing.,Out of Office,2025-02-19T07:38:11Z,0,00tuIMF7s5oEPalQX0,Opportunity,00Q7wGkg4yfm36VECU,Lead
00UPzNSjY3HuV1xM0D,Business review,2023-12-19T10:30:00Z,2023-12-19T11:30:00Z,Regional office,Workshop,Synthetic calendar activity for CRM workload testing.,Busy,2023-08-05T19:32:08Z,0,001g2MhymLdN59YQJG,Account,003M1h4MwCZ6TwBIPK,Contact
00UoDSEcLLQePATMX9,Discovery session,2022-10-12T15:30:00Z,2022-10-12T16:00:00Z,Regional office,Call,Synthetic calendar activity for CRM workload testing.,Out of Office,2024-07-09T08:30:14Z,0,001DLqMjZmJEMS7ID7,Account,003orhMESBUHCmIQGP,Contact
00UnR2bJxk9n3yKEL3,Implementation check-in,2022-01-27T08:30:00Z,2022-01-27T09:00:00Z,Regional office,Call,Synthetic calendar activity for CRM workload testing.,Busy,2024-02-19T06:57:25Z,0,,,0032lndyeYiy5hjYYH,Contact
00Ut6WarUVg0mTYEX3,Implementation check-in,2024-01-02T14:00:00Z,2024-01-02T14:45:00Z,Online meeting,Meeting,Synthetic calendar activity for CRM workload testing.,Out of Office,2026-02-12T01:51:41Z,0,701zPCT7q7BesAmYT9,Campaign,,
00U2Zg6Hh4FdICHUH2,Discovery session,2021-06-30T11:30:00Z,2021-06-30T12:15:00Z,Customer office,Meeting,Synthetic calendar activity for CRM workload testing.,Out of Office,2025-07-20T00:07:18Z,0,0019ojrY0cvCQ2UQ6L,Account,,
00UhV6jFsw4AAMOMIK,Planning workshop,2025-07-21T13:30:00Z,2025-07-21T14:15:00Z,Customer office,Meeting,Synthetic calendar activity for CRM workload testing.,Out of Office,2023-10-31T07:23:54Z,0,500Q3HBMWyorPWfIMP,Case,003GCiusFbMca93YBA,Contact
00UmSWL6xRfaFvjUBD,Discovery session,2026-05-23T14:30:00Z,2026-05-23T15:15:00Z,Customer office,Workshop,Synthetic calendar activity for CRM workload testing.,Busy,2022-11-19T16:44:08Z,0,52iIvIepjT8Ijm2QIX,Opportunity,00Q4NcoLRdYhBEjMUT,Lead
00Uh2kGad2yOWhzUMK,Discovery session,2024-07-03T09:00:00Z,2024-07-03T09:45:00Z,Customer office,Call,Synthetic calendar activity for CRM workload testing.,Busy,2024-11-24T21:25:11Z,0,701L7PbnIaoCL4kACA,Campaign,0039eRjyiv8I347AFD,Contact
00UC2oeOnN2RfWAM0N,Implementation check-in,2025-12-07T10:30:00Z,2025-12-07T11:15:00Z,Online meeting,Call,Synthetic calendar activity for CRM workload testing.,Busy,2025-09-12T20:50:40Z,0,0105eysXdevNjxeY3F,Opportunity,00QG1AVWtmZextUB58,Lead
00Ur28gpcGOudULMJ9,Discovery session,2024-08-05T13:00:00Z,2024-08-05T13:30:00Z,Regional office,Workshop,Synthetic calendar activity for CRM workload testing.,Out of Office,2021-10-12T18:43:53Z,0,821qtottAAusQkeAPP,Opportunity,00QeUHzTyOp1aHfUNO,Lead
00UvnTF60q9bohNMOE,Planning workshop,2023-05-27T09:30:00Z,2023-05-27T10:15:00Z,Online meeting,Call,Synthetic calendar activity for CRM workload testing.,Out of Office,2026-04-03T01:45:05Z,0,02isJnEDd16im2YAP0,Asset,0032UyKmMuogGHjQS5,Contact
00UfUJA4Brmn7Qx2O7,Implementation check-in,2021-12-18T13:00:00Z,2021-12-18T14:30:00Z,Regional office,Meeting,Synthetic calendar activity for CRM workload testing.,Busy,2025-04-19T22:08:08Z,0,52th6NaZzpxGAvAY03,Opportunity,003bUNcpcDfbmERAX3,Contact
00Uju0MssbpCZyS2W4,Discovery session,2023-03-25T13:00:00Z,2023-03-25T13:45:00Z,Customer office,Workshop,Synthetic calendar activity for CRM workload testing.,Busy,2025-01-04T14:41:57Z,0,001b6p7wMuocXZFIKR,Account,003MzEjs92OIMruAGM,Contact
00UZqrtqeuPsS29EHH,Implementation check-in,2024-01-31T13:30:00Z,2024-01-31T14:30:00Z,Online meeting,Call,Synthetic calendar activity for CRM workload testing.,Busy,2026-02-05T10:11:34Z,0,001zDxxuW7kQ4BrAGJ,Account,0032ArLNpNDWOqHYNC,Contact
00UM1LZCTwbMS4TM4X,Planning workshop,2026-05-18T08:00:00Z,2026-05-18T09:30:00Z,Regional office,Workshop,Synthetic calendar activity for CRM workload testing.,Out of Office,2021-08-06T13:30:33Z,0,00ijCBPeUz5Qky5IPL,Opportunity,0032DjvAUIKhn8RIQI,Contact
00UcL6t5NwR12EmEW7,Business review,2025-11-17T10:00:00Z,2025-11-17T10:45:00Z,Regional office,Workshop,Synthetic calendar activity for CRM workload testing.,Busy,2022-10-11T05:21:10Z,0,800rZ13dombV64vARO,Opportunity,003Nte2NbHH78qtQ8Y,Contact
00Uurfpuwojaqq22PZ,Business review,2025-01-18T14:30:00Z,2025-01-18T16:00:00Z,Regional office,Call,Synthetic calendar activity for CRM workload testing.,Out of Office,2021-05-23T16:04:30Z,0,001F0HyTq0ZVe9LIP9,Account,003NaKmR8suQAnkI7R,Contact
00U2CWtOXGV9O182BM,Implementation check-in,2024-09-18T08:00:00Z,2024-09-18T09:00:00Z,Customer office,Meeting,Synthetic calendar activity for CRM workload testing.,Out of Office,2025-06-06T21:33:08Z,0,50inwhIHEWxsdO8YG0,Opportunity,003ZdwLfEyXoPUIAPL,Contact
00Up65Cekw6JtDwEH5,Business review,2021-03-13T08:30:00Z,2021-03-13T09:15:00Z,Online meeting,Meeting,Synthetic calendar activity for CRM workload testing.,Out of Office,2024-09-26T01:05:15Z,0,80ibE9GfDE3WLvyAC9,Order,003b0wqN0HfzPHVYA9,Contact
00UsoVCFSzk01JSUCB,Implementation check-in,2021-12-13T15:30:00Z,2021-12-13T16:00:00Z,Online meeting,Workshop,Synthetic calendar activity for CRM workload testing.,Out of Office,2026-05-25T06:29:24Z,0,001FzQ1Vu9hM4AsIVS,Account,0031Q3Evc7Xc9rbQI3,Contact
00UkhQPZwtY9M7wUTM,Implementation check-in,2025-06-07T14:30:00Z,2025-06-07T15:00:00Z,Online meeting,Meeting,Synthetic calendar activity for CRM workload testing.,Out of Office,2021-05-30T06:32:19Z,0,001ULaAYdBnWIytQCT,Account,0035XXulAeWBcYeIKT,Contact
00UoO4zANvRX3ZnE1Q,Discovery session,2022-03-05T14:00:00Z,2022-03-05T14:30:00Z,Online meeting,Meeting,Synthetic calendar activity for CRM workload testing.,Busy,2022-07-12T02:15:49Z,0,82iSYQYHoA98FdPQOM,Opportunity,003ZeQwcHUv9fmoZTK,Lead
00URRP65z9GpMhc2RB,Planning workshop,2022-05-17T10:00:00Z,2022-05-17T11:30:00Z,Regional office,Meeting,Synthetic calendar activity for CRM workload testing.,Out of Office,2024-09-30T13:38:25Z,0,5261xjDdX1QGkqmIQC,Opportunity,,
00Ulx116oOee140UM4,Implementation check-in,2022-01-22T16:00:00Z,2022-01-22T17:00:00Z,Customer office,Meeting,Synthetic calendar activity for CRM workload testing.,Busy,2022-10-16T10:36:30Z,0,800vHqrvzyIHBSzYPY,Opportunity,0037aesTgeKVdiSYBL,Contact
00ULNvIMHmIDgYa20B,Business review,2025-03-19T16:30:00Z,2025-03-19T17:30:00Z,Customer office,Call,Synthetic calendar activity for CRM workload testing.,Busy,2026-03-13T07:39:54Z,0,001X50Bqc5cThUtYIX,Account,00Q5jnu9klqjoLyEHT,Lead
00URtvlazACwn1UEO2,Discovery session,2022-09-03T08:00:00Z,2022-09-03T08:45:00Z,Online meeting,Meeting,Synthetic calendar activity for CRM workload testing.,Busy,2021-05-12T08:11:55Z,0,500ZCAbxyaSIdCcAUE,Case,0039KYBF4fXQiHuAF4,Contact
00UqXVLV5btbXWcUWI,Implementation check-in,2026-09-17T09:00:00Z,2026-09-17T10:30:00Z,Online meeting,Meeting,Synthetic calendar activity for CRM workload testing.,Busy,2021-03-21T02:49:41Z,0,82iKI9N7Ofohz2WQLX,Opportunity,003sGE8qPep2Bn9AY8,Contact
00UMl5HcmtVjUbCMZ4,Planning workshop,2022-03-21T13:00:00Z,2022-03-21T14:30:00Z,Regional office,Workshop,Synthetic calendar activity for CRM workload testing.,Out of Office,2026-06-28T09:30:24Z,0,500oowxkxV4s3nnYH7,Opportunity,003i7AX88RSjKygAO5,Contact
00UMVVAhZ4UtGNuUDA,Business review,2024-08-03T13:00:00Z,2024-08-03T14:30:00Z,Online meeting,Workshop,Synthetic calendar activity for CRM workload testing.,Out of Office,2025-06-20T17:40:55Z,0,821AbkiganEss7hYIQ,Opportunity,,
00UtgEiROenEpMlEUS,Planning workshop,2026-06-10T13:30:00Z,2026-06-10T14:00:00Z,Regional office,Call,Synthetic calendar activity for CRM workload testing.,Out of Office,2024-10-26T07:22:35Z,0,001mC8KS3W25A4qI66,Account,003VTvmrlQmQQa0AKQ,Contact
00UX2N6JQhED4tbU4H,Planning workshop,2021-05-01T15:00:00Z,2021-05-01T15:30:00Z,Customer office,Call,Synthetic calendar activity for CRM workload testing.,Busy,2022-02-07T14:10:22Z,0,001GikJVQQYFMgSI6M,Account,0034B6n71XDATHeY83,Contact
00UGpR7LQFDOybGEFL,Business review,2023-11-04T13:30:00Z,2023-11-04T14:30:00Z,Customer office,Meeting,Synthetic calendar activity for CRM workload testing.,Busy,2021-05-06T07:22:33Z,0,511A48eaVhykxDtY98,Order,00Q7StxVYpsHIVNUKM,Lead
00UCo23qzQUcMi4UO5,Discovery session,2024-10-16T09:00:00Z,2024-10-16T09:30:00Z,Online meeting,Meeting,Synthetic calendar activity for CRM workload testing.,Busy,2025-06-26T07:13:14Z,0,500bSTr2uvWMzLoA4R,Case,0037hhldh7dgr24A9I,Contact
00UPpODjUwsCApzE06,Discovery session,2024-06-09T10:30:00Z,2024-06-09T11:15:00Z,Online meeting,Workshop,Synthetic calendar activity for CRM workload testing.,Busy,2025-08-21T04:34:39Z,0,500UAkPb9Jwcx7MIPR,Case,003t69nGwXnU10oIEM,Contact
00UYdH3AHOXo3uzMBE,Business review,2024-08-05T08:30:00Z,2024-08-05T09:30:00Z,Customer office,Meeting,Synthetic calendar activity for CRM workload testing.,Out of Office,2022-02-22T22:30:02Z,0,00134kztbICJD2tYCZ,Account,,
00U8aerw2WThxxO2FY,Discovery session,2023-05-16T14:00:00Z,2023-05-16T14:30:00Z,Online meeting,Meeting,Synthetic calendar activity for CRM workload testing.,Out of Office,2026-01-15T08:12:44Z,0,500tP3u8Q7etwPmQIH,Case,003MCgz28DRwInQIK4,Contact
00UMdi8vABTNKXOMJ5,Planning workshop,2022-12-10T08:30:00Z,2022-12-10T09:30:00Z,Customer office,Call,Synthetic calendar activity for CRM workload testing.,Busy,2021-08-05T23:46:12Z,0,500U7M4x0LcmmBOAC8,Case,003Bl4Pp2ZDOQYhACV,Contact
00UXcWDqmA4R4AuE8X,Business review,2022-08-17T08:00:00Z,2022-08-17T08:30:00Z,Online meeting,Call,Synthetic calendar activity for CRM workload testing.,Busy,2022-09-02T01:28:25Z,0,001U9TwW1ZhV64GITA,Account,0031Q3Evc7Xc9rbQI3,Contact
00UVRjYNTvo1eszMRY,Planning workshop,2026-07-22T10:30:00Z,2026-07-22T11:30:00Z,Customer office,Call,Synthetic calendar activity for CRM workload testing.,Busy,2021-03-13T16:35:37Z,0,500xMLkrW7CAb5lYQB,Case,003D0r5zC0keCSRAML,Contact
00UWzEiJm9Syuau2CZ,Planning workshop,2025-02-25T14:00:00Z,2025-02-25T15:30:00Z,Customer office,Workshop,Synthetic calendar activity for CRM workload testing.,Out of Office,2024-05-12T21:43:22Z,0,001G40EGKjt7p96I7T,Account,003ZeCIf3GRvPUZY4J,Contact
00U6eLHXnU6f8C52R4,Business review,2025-07-17T14:00:00Z,2025-07-17T15:00:00Z,Regional office,Call,Synthetic calendar activity for CRM workload testing.,Out of Office,2021-05-31T16:52:24Z,0,52tR0p53ylj7fAxAPB,Opportunity,003rTm7hZj8JtoNQBV,Contact
00UkNMV6bBariyHEGX,Business review,2023-12-13T10:30:00Z,2023-12-13T12:00:00Z,Customer office,Meeting,Synthetic calendar activity for CRM workload testing.,Busy,2022-01-01T07:41:34Z,0,82tgcC3HxXNlBACYTF,Opportunity,003hYM21azNCP10ID1,Contact
00UMaVZgqvu5AOQ20G,Business review,2022-04-08T13:30:00Z,2022-04-08T14:00:00Z,Regional office,Meeting,Synthetic calendar activity for CRM workload testing.,Out of Office,2026-03-10T23:09:30Z,0,001X50Bqc5cThUtYIX,Account,003WxfUdTj9cdJhYQK,Contact
00UlhrVbi0BotSKUF1,Planning workshop,2024-11-19T10:00:00Z,2024-11-19T10:30:00Z,Customer office,Workshop,Synthetic calendar activity for CRM workload testing.,Busy,2022-10-29T09:30:00Z,0,72tcxdVCdzng8jjIGV,Opportunity,00Q7vbkiFLdkwyi2IB,Lead
00U4qXdAegjrOIR2UH,Implementation check-in,2023-09-06T11:00:00Z,2023-09-06T12:00:00Z,Customer office,Meeting,Synthetic calendar activity for CRM workload testing.,Out of Office,2022-07-04T10:18:30Z,0,00ijCBPeUz5Qky5IPL,Opportunity,003T79uOZSlLCuJY8B,Contact
00UyfdlRL7TJtVy2A1,Discovery session,2024-03-04T13:00:00Z,2024-03-04T14:00:00Z,Regional office,Call,Synthetic calendar activity for CRM workload testing.,Busy,2026-05-11T05:29:45Z,0,701LVVOQQeQAPERQND,Campaign,003jpIM5bWThTevA49,Contact
00UT5qjcvNMwCBs2RV,Discovery session,2022-06-02T09:00:00Z,2022-06-02T09:30:00Z,Customer office,Call,Synthetic calendar activity for CRM workload testing.,Busy,2024-02-14T07:35:57Z,0,001SDonDyKHRDRwYPS,Account,003Hft4JMPdcICEALJ,Contact
00UlmBktg7iK4zLU20,Implementation check-in,2024-06-27T15:30:00Z,2024-06-27T16:00:00Z,Online meeting,Meeting,Synthetic calendar activity for CRM workload testing.,Busy,2021-11-05T03:23:05Z,0,7016crDLINhcuvpAZH,Campaign,00QpGhQLHfOnccbECZ,Lead
00ULNlT3THFp4qA2NG,Planning workshop,2022-02-08T15:30:00Z,2022-02-08T16:15:00Z,Customer office,Meeting,Synthetic calendar activity for CRM workload testing.,Busy,2021-07-01T15:47:43Z,0,001UaIRIhbhJyYQQFB,Opportunity,,
00UD0httC7hMr2SMLQ,Planning workshop,2025-12-04T14:30:00Z,2025-12-04T15:30:00Z,Regional office,Call,Synthetic calendar activity for CRM workload testing.,Out of Office,2026-04-01T09:18:54Z,0,001dUDfaBymF8HyAUN,Account,003m5pW1jukUWzjARJ,Contact
00UPtNhi7os3bPPM42,Business review,2025-03-21T14:30:00Z,2025-03-21T15:00:00Z,Regional office,Meeting,Synthetic calendar activity for CRM workload testing.,Busy,2024-10-23T08:29:34Z,0,70tgFgk04tdi6gGAPV,Opportunity,003VMcAQu6AgWg0YG4,Contact
00UjA1c0EZdAI9hE04,Planning workshop,2026-09-24T11:00:00Z,2026-09-24T12:00:00Z,Regional office,Meeting,Synthetic calendar activity for CRM workload testing.,Out of Office,2023-01-10T14:51:17Z,0,000wqpYfzH5iNPNYAV,Opportunity,0031Q3Evc7Xc9rbQI3,Contact
00UU0uT0dAvM8a9M57,Discovery session,2024-06-16T10:30:00Z,2024-06-16T11:30:00Z,Regional office,Meeting,Synthetic calendar activity for CRM workload testing.,Busy,2023-05-03T18:21:05Z,0,0016z7B3rnZB3aZYDJ,Account,0038l4VIHmJKGOrWKN,Lead
00UJbcStzCivVe1EZQ,Implementation check-in,2023-09-05T10:00:00Z,2023-09-05T11:30:00Z,Customer office,Meeting,Synthetic calendar activity for CRM workload testing.,Busy,2023-10-22T21:45:45Z,0,001Q3kntrifzyYWI62,Account,003jVRuaA1eyMjlAQ7,Contact
00U5MpJghMNQ6oyM97,Business review,2024-01-24T11:00:00Z,2024-01-24T11:45:00Z,Online meeting,Meeting,Synthetic calendar activity for CRM workload testing.,Busy,2025-08-30T07:57:23Z,0,001j6nRokzRlCs1Y07,Account,003sU1yP0UT4VvxQPE,Contact
00UqR5d3NWvIMC6MRJ,Implementation check-in,2025-08-06T16:30:00Z,2025-08-06T17:00:00Z,Regional office,Meeting,Synthetic calendar activity for CRM workload testing.,Out of Office,2025-01-05T15:57:15Z,0,8001LkXFbGoaJPdIB9,Contract,003FnRw4OpFruhcA9O,Contact
00UUqf6ZZ7uVn3SUNA,Discovery session,2024-01-04T13:30:00Z,2024-01-04T14:30:00Z,Customer office,Workshop,Synthetic calendar activity for CRM workload testing.,Busy,2024-03-09T09:53:23Z,0,511cHYiBkget9ekI13,Opportunity,0030LfI9bdZF3eQINR,Contact
00UMYZLlGwamJvAUUZ,Implementation check-in,2024-09-11T15:30:00Z,2024-09-11T16:15:00Z,Customer office,Workshop,Synthetic calendar activity for CRM workload testing.,Out of Office,2026-04-18T23:59:43Z,0,5007OjmmGg2h8LbQXE,Case,003jAZnIL7oYfk0Y1U,Contact
00UOMKdQcfjkOaMUF8,Discovery session,2023-08-11T14:30:00Z,2023-08-11T16:00:00Z,Customer office,Meeting,Synthetic calendar activity for CRM workload testing.,Busy,2025-01-14T17:32:23Z,0,5000hwGp7NMBWjhQBQ,Case,003duIT5I8wlyJdYN3,Contact
00UHndawDDMEWoV20L,Business review,2022-11-02T16:30:00Z,2022-11-02T17:30:00Z,Online meeting,Meeting,Synthetic calendar activity for CRM workload testing.,Out of Office,2025-11-19T07:08:33Z,0,721GTQKklxSg6U2AAT,Opportunity,003wHhejZPlmq9eY75,Contact
00Uu8AFpZp5yeljUO5,Implementation check-in,2025-10-06T13:30:00Z,2025-10-06T14:30:00Z,Online meeting,Workshop,Synthetic calendar activity for CRM workload testing.,Busy,2022-12-14T14:18:50Z,0,,,0036ewYutDgEhRaY0N,Contact
00USTx0jvSxPJns298,Implementation check-in,2023-07-04T10:30:00Z,2023-07-04T12:00:00Z,Online meeting,Meeting,Synthetic calendar activity for CRM workload testing.,Out of Office,2024-01-09T09:00:28Z,0,8061Ihx6uLTSTMtIRE,Opportunity,003GdKhTzjSREBgY71,Contact
00UXBC8imZCh4QLU69,Discovery session,2024-06-04T08:00:00Z,2024-06-04T08:45:00Z,Online meeting,Workshop,Synthetic calendar activity for CRM workload testing.,Busy,2023-03-05T03:17:43Z,0,00ijCBPeUz5Qky5IPL,Opportunity,003Mqj2q9jdJsceAVN,Contact
00UpNzNgiO8SOowEIK,Implementation check-in,2023-09-22T10:00:00Z,2023-09-22T10:45:00Z,Regional office,Call,Synthetic calendar activity for CRM workload testing.,Busy,2021-12-06T23:55:11Z,0,001evLCMHIsIpP4IS4,Account,0031Q3Evc7Xc9rbQI3,Contact
00UA26AUfoLCRtL2K6,Implementation check-in,2024-06-26T13:30:00Z,2024-06-26T14:00:00Z,Customer office,Workshop,Synthetic calendar activity for CRM workload testing.,Busy,2022-08-01T17:39:18Z,0,,,003OXM9PBNS93FRYE1,Contact
00UYIjYGsMdXe8qUA0,Implementation check-in,2023-07-02T10:00:00Z,2023-07-02T11:00:00Z,Customer office,Call,Synthetic calendar activity for CRM workload testing.,Out of Office,2024-06-07T04:48:31Z,0,,,003mkJnCNNeHC7uQUC,Contact
00Urk2RJaU27nF1E52,Implementation check-in,2026-02-07T15:00:00Z,2026-02-07T15:30:00Z,Regional office,Call,Synthetic calendar activity for CRM workload testing.,Out of Office,2025-06-27T22:56:37Z,0,02izLA8J8SPa59LI5X,Asset,003jp8HgzxQgXoMYTO,Contact
00UcLPG1Dekr3xHM2Q,Planning workshop,2022-01-21T16:00:00Z,2022-01-21T17:00:00Z,Regional office,Workshop,Synthetic calendar activity for CRM workload testing.,Out of Office,2021-06-20T08:10:05Z,0,010PIV2DESBupn5IVK,Opportunity,003JT1QIxPg3Up0QZ6,Contact
00UPMY7GXYgEXGHUI9,Implementation check-in,2024-12-23T08:30:00Z,2024-12-23T09:30:00Z,Online meeting,Meeting,Synthetic calendar activity for CRM workload testing.,Out of Office,2025-11-22T17:39:54Z,0,810y0lH3OXxqWsFIJT,Opportunity,00342wZNlNNCXqSYCP,Contact
00U6M6xFdkMF3npE1C,Discovery session,2024-09-18T15:30:00Z,2024-09-18T16:15:00Z,Regional office,Workshop,Synthetic calendar activity for CRM workload testing.,Out of Office,2022-04-06T12:15:09Z,0,011QK39k9PS7OogYUN,Order,003oeoe9jMRJtsFIXM,Contact
00Ucbtz4HXKJff6UX9,Business review,2022-07-13T10:30:00Z,2022-07-13T11:30:00Z,Online meeting,Meeting,Synthetic calendar activity for CRM workload testing.,Busy,2025-10-10T09:26:48Z,0,816wh1KMDhi7Fd9QP3,Opportunity,00QqFsdnp8542GNMVM,Lead
00U9FwPrIRqBBelEGI,Planning workshop,2025-03-30T08:00:00Z,2025-03-30T08:30:00Z,Customer office,Meeting,Synthetic calendar activity for CRM workload testing.,Busy,2025-07-27T03:10:05Z,0,001vuI7W5NKUSqVAGG,Account,003Hq23I188qWIQAOL,Contact
00UGrNYuWjsU2egMC5,Business review,2021-09-23T09:00:00Z,2021-09-23T10:00:00Z,Online meeting,Meeting,Synthetic calendar activity for CRM workload testing.,Busy,2022-11-21T05:35:10Z,0,01tehL51gEnarvLQGW,Opportunity,0039D7aXvRQGJqiITC,Contact
00UrLyzJsCT3IPzEG2,Discovery session,2022-06-23T16:30:00Z,2022-06-23T17:00:00Z,Customer office,Workshop,Synthetic calendar activity for CRM workload testing.,Busy,2025-06-12T04:01:36Z,0,800Qiw8nw8drSeGAXC,Opportunity,,
00UbztBlgUiN9hWUXO,Discovery session,2026-05-30T08:30:00Z,2026-05-30T09:00:00Z,Online meeting,Meeting,Synthetic calendar activity for CRM workload testing.,Busy,2023-06-04T01:29:34Z,0,,,003z4mCRo6uXiQXY1T,Contact
00U1XZYT8zsfdrtMZR,Discovery session,2022-02-10T11:30:00Z,2022-02-10T12:15:00Z,Regional office,Meeting,Synthetic calendar activity for CRM workload testing.,Busy,2021-12-12T17:00:56Z,0,001HUzAEaUc4liGY2K,Account,00QKAYmCP27Ts9IUUU,Lead
00UyYhU117RACJuUJT,Business review,2026-06-04T10:30:00Z,2026-06-04T12:00:00Z,Online meeting,Workshop,Synthetic calendar activity for CRM workload testing.,Out of Office,2025-12-29T20:42:08Z,0,701QvNzI8kZyr86YGN,Campaign,0036yjsLkZjdCzzQXA,Contact
00U1msRRavREwlR22W,Business review,2024-06-28T13:00:00Z,2024-06-28T14:30:00Z,Online meeting,Meeting,Synthetic calendar activity for CRM workload testing.,Out of Office,2024-12-01T22:49:51Z,0,7109fVIumfYROxoYBY,Opportunity,003UqSwyMQudmhRYY1,Contact
00UUuXlJN6DPXuo287,Planning workshop,2022-07-27T14:30:00Z,2022-07-27T15:15:00Z,Regional office,Workshop,Synthetic calendar activity for CRM workload testing.,Out of Office,2022-11-10T18:45:04Z,0,,,003cWUYjziFUXOoIW9,Contact
00US5AtsRovOjla2JF,Implementation check-in,2022-03-24T11:30:00Z,2022-03-24T13:00:00Z,Regional office,Meeting,Synthetic calendar activity for CRM workload testing.,Out of Office,2024-12-29T19:37:20Z,0,001vXGsLaTZksTjQHC,Account,003IoCtpdAf1sHyQPE,Contact
00UdJAkbSRuBedZMYA,Discovery session,2023-07-26T14:00:00Z,2023-07-26T15:30:00Z,Online meeting,Workshop,Synthetic calendar activity for CRM workload testing.,Out of Office,2023-01-26T08:44:02Z,0,0013e2Rh2QW4yB5YBM,Account,003WuzASvVoY4Q6AXR,Contact
00UaONrcf0mmctaUER,Planning workshop,2022-11-05T15:00:00Z,2022-11-05T16:30:00Z,Customer office,Meeting,Synthetic calendar activity for CRM workload testing.,Out of Office,2023-06-29T16:37:53Z,0,006lj43LWcVxgCsY4L,Opportunity,003VtHtQNFfQs5iQNM,Contact
00UH9SSYnhEwohlMOT,Planning workshop,2021-08-12T15:30:00Z,2021-08-12T16:30:00Z,Customer office,Call,Synthetic calendar activity for CRM workload testing.,Busy,2023-04-01T21:33:41Z,0,521LJWbOWfnkT52I54,Opportunity,003FjmtOHkaXHV8ATV,Contact
00UQQcTN2g2iKmc2DA,Business review,2026-01-18T10:00:00Z,2026-01-18T11:00:00Z,Customer office,Call,Synthetic calendar activity for CRM workload testing.,Out of Office,2025-06-29T09:11:56Z,0,001qxvOxGkxKlKoYCS,Account,003nmblpeZJRycwAXV,Contact
00UJW47MibOHEj3UD5,Implementation check-in,2021-07-13T08:00:00Z,2021-07-13T08:30:00Z,Customer office,Workshop,Synthetic calendar activity for CRM workload testing.,Busy,2025-01-19T22:24:17Z,0,001oL00mAodv6UcYFE,Opportunity,003D2L3UNfBXw3mAVU,Contact
00UHnmPvNWUyjwrU3K,Business review,2023-09-15T13:00:00Z,2023-09-15T14:30:00Z,Regional office,Workshop,Synthetic calendar activity for CRM workload testing.,Out of Office,2024-07-28T07:13:27Z,0,701DNuvDGEm4hghY4U,Campaign,003XbH1YbwlcchBYEO,Contact
00Uvf7zli5JBHkh2RW,Implementation check-in,2022-02-14T10:00:00Z,2022-02-14T11:00:00Z,Regional office,Meeting,Synthetic calendar activity for CRM workload testing.,Out of Office,2023-08-28T19:16:39Z,0,501JqXNS4eKhs4SAD0,Opportunity,00Q0cDWpXC0DBtjZ0H,Lead
00UvU9FTkCEe88cU9R,Discovery session,2025-07-26T15:00:00Z,2025-07-26T15:45:00Z,Regional office,Workshop,Synthetic calendar activity for CRM workload testing.,Busy,2022-12-30T22:50:22Z,0,7111gr5Czm59s4qQRS,Opportunity,003yJH9AwCu69sSZ08,Lead
00UlxB3TGOkciWJUN0,Business review,2021-11-29T10:00:00Z,2021-11-29T11:00:00Z,Customer office,Call,Synthetic calendar activity for CRM workload testing.,Busy,2022-08-21T19:56:54Z,0,001O8ZWUKMYoipYYQ7,Account,,
00UH1PJJAYep3Z8MBP,Business review,2021-05-09T08:30:00Z,2021-05-09T09:00:00Z,Regional office,Call,Synthetic calendar activity for CRM workload testing.,Out of Office,2023-10-02T15:47:20Z,0,700RYj9OJ0tobSgYEL,Opportunity,00Q7oaAyjRAswK4ZX1,Lead
00U9BepCLuzAxszMDC,Planning workshop,2026-04-19T15:00:00Z,2026-04-19T16:00:00Z,Online meeting,Call,Synthetic calendar activity for CRM workload testing.,Out of Office,2022-04-01T22:55:19Z,0,02tp6iXCgEYS9euITR,Opportunity,003941DNldvTfMlASO,Contact
00UgadYM8ZNmiHxMGX,Planning workshop,2023-06-23T11:00:00Z,2023-06-23T11:45:00Z,Online meeting,Call,Synthetic calendar activity for CRM workload testing.,Out of Office,2025-02-23T02:13:20Z,0,500vRTtt8EucL2LYCC,Case,003CPutK1O7jLZvIIB,Contact
00UHOKKXrlhT90oUPM,Planning workshop,2022-11-11T11:30:00Z,2022-11-11T13:00:00Z,Customer office,Meeting,Synthetic calendar activity for CRM workload testing.,Out of Office,2025-11-09T18:41:13Z,0,001JTximtecXZZ0IK7,Account,,
00UzibgM6C7QyLl26Z,Planning workshop,2026-01-21T14:30:00Z,2026-01-21T15:00:00Z,Online meeting,Meeting,Synthetic calendar activity for CRM workload testing.,Busy,2026-05-25T10:02:32Z,0,800D3E2vLxuopTnQDJ,Contract,,
00UCMG0OwZRr8jAUV8,Implementation check-in,2023-05-27T11:00:00Z,2023-05-27T11:45:00Z,Customer office,Meeting,Synthetic calendar activity for CRM workload testing.,Out of Office,2023-11-06T11:48:54Z,0,02iwRGSAwVdf8vTQ1C,Asset,003h0ddRs4jXrgwQOI,Contact
00UQfxr1iT0jo9DMWE,Implementation check-in,2022-08-09T13:00:00Z,2022-08-09T13:45:00Z,Regional office,Meeting,Synthetic calendar activity for CRM workload testing.,Out of Office,2024-11-01T21:39:31Z,0,51tB6jq7uWCBasGQN3,Opportunity,,
00U7zOQu6YIvwRdUH2,Implementation check-in,2026-07-24T14:00:00Z,2026-07-24T15:30:00Z,Online meeting,Call,Synthetic calendar activity for CRM workload testing.,Out of Office,2024-07-23T22:56:22Z,0,001OLEw0xIyryQpQ2X,Account,0039kLvgxKq4hD9IUA,Contact
00UBrJnftlJP4fGE8W,Discovery session,2023-03-04T14:00:00Z,2023-03-04T14:30:00Z,Regional office,Call,Synthetic calendar activity for CRM workload testing.,Out of Office,2021-01-24T09:37:46Z,0,0017q85b1UbQ3zNQ8K,Account,00363itkVboZZ8tQLD,Contact
00UW9icfDd20XpoU3T,Planning workshop,2023-01-07T16:00:00Z,2023-01-07T16:45:00Z,Online meeting,Workshop,Synthetic calendar activity for CRM workload testing.,Out of Office,2022-06-22T23:35:00Z,0,0015Cr2vcIsO2EGY08,Account,003y9R3yE5mQtv4Q0K,Contact
00UgfL30B9sG1kOMBD,Implementation check-in,2022-02-10T10:30:00Z,2022-02-10T11:00:00Z,Online meeting,Meeting,Synthetic calendar activity for CRM workload testing.,Out of Office,2021-03-15T12:22:23Z,0,,,003tvCM1fcuqQpjIHZ,Contact
00U2I2D93qfp75bM7H,Business review,2023-02-05T14:30:00Z,2023-02-05T15:15:00Z,Customer office,Call,Synthetic calendar activity for CRM workload testing.,Out of Office,2024-01-14T05:35:25Z,0,02tVBbUlSe9jR1yAQL,Opportunity,003FiLvx69wZlsWISP,Contact
00UzXsEwiFHpESvEH7,Planning workshop,2021-10-02T09:00:00Z,2021-10-02T09:45:00Z,Online meeting,Meeting,Synthetic calendar activity for CRM workload testing.,Out of Office,2023-07-31T00:24:36Z,0,,,003iACK7CJakxp7YNX,Contact
00UrZOgA7rnMhzg2ON,Discovery session,2025-06-02T08:30:00Z,2025-06-02T09:00:00Z,Regional office,Meeting,Synthetic calendar activity for CRM workload testing.,Out of Office,2025-06-05T12:18:12Z,0,001GvUdh6yZWB0wIIH,Account,,
00U4SfD6K1kxyOAEOX,Implementation check-in,2021-11-11T13:00:00Z,2021-11-11T14:30:00Z,Customer office,Meeting,Synthetic calendar activity for CRM workload testing.,Busy,2022-12-25T11:49:52Z,0,,,003m3ncht0KhZ0PATP,Contact
00UE9hhxaxmFeIi2T3,Implementation check-in,2023-08-12T09:30:00Z,2023-08-12T10:00:00Z,Customer office,Workshop,Synthetic calendar activity for CRM workload testing.,Busy,2025-01-07T01:20:50Z,0,001MMbrZQQUkCyfI5Q,Account,0034zSxLgVmoVOHI64,Contact
00UC66b1fVdisCiMVG,Implementation check-in,2023-11-02T13:30:00Z,2023-11-02T15:00:00Z,Online meeting,Call,Synthetic calendar activity for CRM workload testing.,Out of Office,2024-10-21T21:31:23Z,0,001Pv3IESUoMrhiAAG,Account,003OGg9ZvpwA06oIKL,Contact
00UrE4YvDe3q02cUOH,Business review,2025-04-14T14:30:00Z,2025-04-14T16:00:00Z,Customer office,Meeting,Synthetic calendar activity for CRM workload testing.,Busy,2026-05-04T12:08:37Z,0,00134kztbICJD2tYCZ,Account,00QfY4KdGU4bscbUYE,Lead
00UvEMSdEZp7QQ423F,Implementation check-in,2025-01-27T08:30:00Z,2025-01-27T10:00:00Z,Online meeting,Meeting,Synthetic calendar activity for CRM workload testing.,Out of Office,2025-08-25T16:43:59Z,0,001Tn3lq2OpXiyaYCN,Account,003NMoHLkDWagobAIJ,Contact
00UqyAM0zaTAp5HM2G,Business review,2026-01-04T14:00:00Z,2026-01-04T15:00:00Z,Customer office,Workshop,Synthetic calendar activity for CRM workload testing.,Out of Office,2023-07-27T00:31:03Z,0,0013e2Rh2QW4yB5YBM,Account,003H5MSaG1GjBAEYHW,Contact
00USf3qgzh3eZezUSR,Business review,2022-01-20T15:00:00Z,2022-01-20T15:45:00Z,Regional office,Workshop,Synthetic calendar activity for CRM workload testing.,Out of Office,2024-11-24T02:25:12Z,0,82iZkWaeuyP8zctA0X,Opportunity,0034AowUY4tLX6BIQL,Contact
00UloN1bzmyLH6vU61,Discovery session,2022-04-26T14:30:00Z,2022-04-26T15:30:00Z,Regional office,Call,Synthetic calendar activity for CRM workload testing.,Out of Office,2023-09-14T20:51:54Z,0,501YRozXd6JsJZZI4L,Opportunity,0033kWpI3o5xgVEYRX,Contact
00U8TTOL07PqfqnES2,Implementation check-in,2021-06-04T11:00:00Z,2021-06-04T12:00:00Z,Customer office,Call,Synthetic calendar activity for CRM workload testing.,Busy,2021-11-16T15:56:13Z,0,500b2RmBNYambnCQ4P,Case,0038mpZAjyw0zY6APK,Contact
00UYo00Fb5z7dt1U2I,Discovery session,2024-12-19T11:30:00Z,2024-12-19T12:30:00Z,Customer office,Call,Synthetic calendar activity for CRM workload testing.,Busy,2024-01-09T05:11:27Z,0,010EQOFvjlpqXRWYF9,Opportunity,003jsjsu36S3FJ5A8A,Contact
00U7mDcGljDOh2mUVB,Implementation check-in,2025-07-28T14:00:00Z,2025-07-28T14:30:00Z,Regional office,Call,Synthetic calendar activity for CRM workload testing.,Out of Office,2025-08-27T13:56:59Z,0,800iNl2XYTV1XPLY1O,Contract,003vtqpcbhIEl9sQ91,Contact
00U81y2Yfxa2yyG2QA,Implementation check-in,2023-03-30T09:30:00Z,2023-03-30T10:15:00Z,Regional office,Meeting,Synthetic calendar activity for CRM workload testing.,Out of Office,2021-05-06T13:44:12Z,0,500vRbILHYSs8bBQ8B,Case,003YF00aMIjSewVQZQ,Contact
00Uzv50vNSs0WdtMDU,Business review,2022-09-15T16:30:00Z,2022-09-15T17:00:00Z,Customer office,Call,Synthetic calendar activity for CRM workload testing.,Out of Office,2026-06-26T08:27:50Z,0,710jhYoO6Y4VsaCYR4,Order,003VeMNXOn4b6m3YPM,Contact
00UyQc1xqYO1xfUU49,Business review,2023-03-09T09:30:00Z,2023-03-09T10:00:00Z,Online meeting,Meeting,Synthetic calendar activity for CRM workload testing.,Out of Office,2021-02-08T07:49:51Z,0,02iXlAdBq966ddSYV2,Asset,0031Q3Evc7Xc9rbQI3,Contact
00UVbKx2lyi0AhvEEJ,Planning workshop,2022-11-22T15:30:00Z,2022-11-22T16:15:00Z,Customer office,Call,Synthetic calendar activity for CRM workload testing.,Out of Office,2025-09-10T10:50:55Z,0,001MetGBUEn7phAIPH,Account,0039itNubm3uQOqYHJ,Contact
00U05ylaHgGpvHkM05,Implementation check-in,2022-06-27T10:30:00Z,2022-06-27T11:00:00Z,Online meeting,Meeting,Synthetic calendar activity for CRM workload testing.,Out of Office,2022-02-21T20:03:34Z,0,001O8ZWUKMYoipYYQ7,Account,,
00URdFcgOJd9MaFMY9,Business review,2022-12-17T08:00:00Z,2022-12-17T08:45:00Z,Customer office,Meeting,Synthetic calendar activity for CRM workload testing.,Out of Office,2021-03-10T01:19:00Z,0,500t8rXyziNQsw4Q8L,Case,00QbhZ9eksRgiYSUJ9,Lead
00Ul1PMEZ63ozoIEMM,Business review,2023-09-26T15:00:00Z,2023-09-26T15:30:00Z,Online meeting,Workshop,Synthetic calendar activity for CRM workload testing.,Out of Office,2026-01-07T11:28:56Z,0,706hqp8mxB71nrAAPD,Opportunity,00QR4g2DCWvJrD7EFB,Lead
00UOrfcWBAtBlXFMXR,Planning workshop,2024-01-24T11:30:00Z,2024-01-24T12:00:00Z,Customer office,Workshop,Synthetic calendar activity for CRM workload testing.,Out of Office,2021-09-02T23:00:26Z,0,,,003VXTPtY3aCrHFQRI,Contact
00UM68FqszGyQwfUOJ,Business review,2021-12-19T13:30:00Z,2021-12-19T15:00:00Z,Customer office,Workshop,Synthetic calendar activity for CRM workload testing.,Busy,2024-04-19T01:23:10Z,0,0017Pw79T9KgAdXIW1,Account,00315S4jsX1OtfpY8L,Contact
00UGkY6EAGxNXFlUKI,Planning workshop,2022-02-14T10:30:00Z,2022-02-14T11:30:00Z,Regional office,Call,Synthetic calendar activity for CRM workload testing.,Out of Office,2024-02-07T21:25:19Z,0,,,,
00UzJ8pnSJQkVRWM5Y,Implementation check-in,2026-05-24T11:00:00Z,2026-05-24T12:30:00Z,Customer office,Call,Synthetic calendar activity for CRM workload testing.,Busy,2024-08-12T12:28:44Z,0,501DWuGTC7fBfPjICF,Opportunity,003HY3DOcAKhej8IEP,Contact
00URMt3gAJnGUvsE7D,Planning workshop,2025-09-12T11:00:00Z,2025-09-12T11:30:00Z,Customer office,Call,Synthetic calendar activity for CRM workload testing.,Out of Office,2022-03-12T19:48:14Z,0,726hjCBUiRc6Z6NYQ4,Opportunity,003fyk5MA1CwLYWYGO,Contact
00Ur7gIAklw7PKAEHA,Planning workshop,2023-12-21T15:30:00Z,2023-12-21T16:15:00Z,Online meeting,Call,Synthetic calendar activity for CRM workload testing.,Out of Office,2022-08-23T09:36:40Z,0,01tow8y2sel8hLYA1C,Product2,003t1CEwBUqc6XgYYE,Contact
00UfPpfeQBblu4vECJ,Planning workshop,2022-03-21T11:00:00Z,2022-03-21T11:45:00Z,Online meeting,Meeting,Synthetic calendar activity for CRM workload testing.,Busy,2023-01-18T10:05:01Z,0,70iBffOMspjqQZ5Q7X,Order,00Qw7nOq3vO2e2zGO5,Lead
00UNVnyEL0EiB60228,Discovery session,2022-12-25T15:00:00Z,2022-12-25T16:00:00Z,Customer office,Meeting,Synthetic calendar activity for CRM workload testing.,Busy,2025-03-26T20:45:06Z,0,500iisI735q7cJQA2T,Case,003FbR5EW5J2ZzlQZL,Contact
00UH1PTS0Lsm3cE24E,Business review,2024-03-22T13:00:00Z,2024-03-22T14:30:00Z,Customer office,Workshop,Synthetic calendar activity for CRM workload testing.,Out of Office,2021-02-22T04:57:39Z,0,02i7YS2KyDCTqyAA9H,Asset,003IFvzrklwkIuSYHQ,Contact
00UR6PhCtQvBAF12QQ,Implementation check-in,2024-04-18T14:30:00Z,2024-04-18T15:15:00Z,Online meeting,Workshop,Synthetic calendar activity for CRM workload testing.,Busy,2025-03-07T08:38:45Z,0,701AUP2DWX9vWyrQNF,Campaign,003ybXYXVJHCNMSY3I,Contact
00U9x6dHIWrZnlv2TV,Implementation check-in,2025-10-27T15:30:00Z,2025-10-27T16:15:00Z,Regional office,Workshop,Synthetic calendar activity for CRM workload testing.,Busy,2021-03-31T07:44:26Z,0,02i26XHZEhfBUGzY2K,Asset,00QKd3JzZcAFu5SEY4,Lead
00UXNrHHVZR1jV32E5,Implementation check-in,2025-12-04T08:00:00Z,2025-12-04T08:45:00Z,Online meeting,Call,Synthetic calendar activity for CRM workload testing.,Out of Office,2026-05-30T04:32:11Z,0,001C3SilogoPTPGIWX,Account,0039fhQQHYCvDQ1AFV,Contact
00U1LeXX8oN9OVM23U,Discovery session,2024-11-13T11:00:00Z,2024-11-13T11:30:00Z,Customer office,Meeting,Synthetic calendar activity for CRM workload testing.,Out of Office,2024-07-08T23:52:57Z,0,011zwMBpWYjHEirATP,Order,003S0zQPftBY4rtA8O,Contact
00Ur6lRG0Y9zdgf23I,Planning workshop,2023-12-12T08:30:00Z,2023-12-12T09:15:00Z,Online meeting,Call,Synthetic calendar activity for CRM workload testing.,Busy,2023-02-13T10:18:18Z,0,01i4IMardk5sqj4AS0,Opportunity,003W4DKHKXcD4DQQF7,Contact
00U3uiyS0v8otplM6F,Implementation check-in,2026-01-28T15:30:00Z,2026-01-28T16:30:00Z,Online meeting,Call,Synthetic calendar activity for CRM workload testing.,Busy,2026-06-16T20:39:43Z,0,72tGvZVTJcGCsPOQR7,Opportunity,003LZozjaiYJPEfQK1,Contact
00UBmZ3wVzNnolI2W4,Planning workshop,2024-02-18T09:30:00Z,2024-02-18T10:15:00Z,Customer office,Workshop,Synthetic calendar activity for CRM workload testing.,Busy,2023-06-18T22:13:17Z,0,,,,
00USd1zg1Bx4Ni4UKH,Business review,2021-03-07T13:30:00Z,2021-03-07T14:15:00Z,Regional office,Workshop,Synthetic calendar activity for CRM workload testing.,Busy,2021-01-04T18:09:46Z,0,500Z8doQG1Q0Z80YQ1,Case,003ETHkUVVKi5PSI55,Contact
00Uv9SGwmZ49jGRE0A,Business review,2022-08-30T10:30:00Z,2022-08-30T11:15:00Z,Customer office,Meeting,Synthetic calendar activity for CRM workload testing.,Busy,2024-07-13T19:27:25Z,0,701dvFZxXgmRnlIQM7,Campaign,00QzJCZAsmqPSzWM6H,Lead
00UA2WUooPmcabHEHO,Planning workshop,2025-02-17T13:30:00Z,2025-02-17T14:30:00Z,Online meeting,Meeting,Synthetic calendar activity for CRM workload testing.,Out of Office,2023-02-27T18:10:58Z,0,001rpVRMvKUYUnZQWY,Account,00QxSal4dKK4rt2M71,Lead
00UIGQXi2mWlBj6UFI,Business review,2023-10-17T09:30:00Z,2023-10-17T10:30:00Z,Online meeting,Call,Synthetic calendar activity for CRM workload testing.,Busy,2023-04-24T23:38:31Z,0,82iguBN6CwTjhOfY0A,Opportunity,00QMM2t1dS8cE0m2HL,Lead
00U58NtPv63F1NeEN5,Implementation check-in,2025-03-22T10:00:00Z,2025-03-22T10:30:00Z,Customer office,Workshop,Synthetic calendar activity for CRM workload testing.,Busy,2022-08-01T06:54:39Z,0,001ULTfosWQTQf5QW1,Account,003RD5gu5K35E72A7G,Contact
00Uwihl259y83IQMPC,Business review,2025-05-01T09:00:00Z,2025-05-01T09:45:00Z,Online meeting,Call,Synthetic calendar activity for CRM workload testing.,Out of Office,2024-03-20T13:42:34Z,0,50tgaEnDPMNIFBPAAE,Order,0030VnwN9BYQ14jQG1,Contact
00UUE9TtJnREx1rMGM,Business review,2023-03-11T16:00:00Z,2023-03-11T16:30:00Z,Online meeting,Meeting,Synthetic calendar activity for CRM workload testing.,Out of Office,2022-04-12T10:16:10Z,0,51tM5ryNTWZu5YKICY,Order,003sf9RoQw9WErdP1Q,Lead
00UPzxtdsDDJVeBMKZ,Implementation check-in,2021-10-15T09:30:00Z,2021-10-15T10:30:00Z,Online meeting,Call,Synthetic calendar activity for CRM workload testing.,Out of Office,2022-01-09T12:17:49Z,0,0018sCn7wzuyGKcIWS,Account,00QgoLHoB5b5RvYU7P,Lead
00UVe4JcfuZWj9DEY8,Planning workshop,2023-01-07T15:30:00Z,2023-01-07T16:15:00Z,Customer office,Call,Synthetic calendar activity for CRM workload testing.,Busy,2025-04-28T06:07:36Z,0,71tjE28RTCl2kE2I0Y,Opportunity,003bnlV75OUk1OtQ61,Contact
00URgB6CB7tUg4HU6Z,Planning workshop,2023-08-27T09:00:00Z,2023-08-27T10:00:00Z,Customer office,Workshop,Synthetic calendar activity for CRM workload testing.,Busy,2024-09-03T15:08:06Z,0,0012n9SIy3FafTfYR5,Account,,
00UkTVw0XWcDHnTMKW,Discovery session,2025-10-16T16:00:00Z,2025-10-16T17:00:00Z,Online meeting,Call,Synthetic calendar activity for CRM workload testing.,Busy,2025-07-28T10:36:11Z,0,721L9PVNy9jMezEQVX,Opportunity,003A35ZnnYpTFfeYG4,Contact
00UYMBhZtQIWFPIMOW,Discovery session,2023-06-10T09:30:00Z,2023-06-10T10:30:00Z,Customer office,Call,Synthetic calendar activity for CRM workload testing.,Out of Office,2021-10-05T08:19:00Z,0,02iFWsl2GCWGxyJQOV,Opportunity,003gGTRmmL5eT6AQJR,Contact
00UkXQHs060NOy8M5M,Implementation check-in,2022-07-29T09:00:00Z,2022-07-29T10:30:00Z,Customer office,Meeting,Synthetic calendar activity for CRM workload testing.,Out of Office,2022-06-24T14:33:09Z,0,0015fdr3n38vtS2Q4V,Account,003dKp0K9sauzCCQXW,Contact
00UPNPHAbt7khE32LP,Business review,2024-04-15T14:00:00Z,2024-04-15T14:30:00Z,Customer office,Call,Synthetic calendar activity for CRM workload testing.,Out of Office,2024-09-02T01:38:35Z,0,500xuH9PGOisfDpISK,Case,0032YUBb1deGb5cQNC,Contact
00UZQuEqW1ProSmMDJ,Business review,2023-10-28T13:00:00Z,2023-10-28T14:00:00Z,Customer office,Call,Synthetic calendar activity for CRM workload testing.,Out of Office,2026-03-07T12:20:00Z,0,510pZvpQ5rEerZiQIL,Opportunity,003glOPy3BD2di1YT6,Contact
00U19YdwOQPR1LcMF3,Business review,2025-01-17T13:00:00Z,2025-01-17T14:30:00Z,Regional office,Meeting,Synthetic calendar activity for CRM workload testing.,Out of Office,2024-06-08T22:17:45Z,0,52t7APNwtuwWW5fAQ6,Opportunity,003MqzQMaSwikQPA9S,Contact
00UMaMLOS60NRjkER8,Business review,2023-01-05T09:30:00Z,2023-01-05T10:30:00Z,Customer office,Call,Synthetic calendar activity for CRM workload testing.,Busy,2024-03-22T19:09:54Z,0,520LYGKOvaoDQUHYL8,Opportunity,,
00U2sSlQRaGVxCyE4E,Discovery session,2023-02-11T09:30:00Z,2023-02-11T10:30:00Z,Regional office,Meeting,Synthetic calendar activity for CRM workload testing.,Busy,2024-11-29T11:00:42Z,0,,,003USnXTdtUYl4AI7N,Contact
00UkQatPGWK13WKM46,Implementation check-in,2023-05-09T13:00:00Z,2023-05-09T13:45:00Z,Customer office,Workshop,Synthetic calendar activity for CRM workload testing.,Out of Office,2024-05-29T23:50:07Z,0,001n3aMHCveux7aI17,Account,003GweaslhRRyCLI5I,Contact
00ULzdNrSIBjg5KU2B,Discovery session,2022-05-26T15:00:00Z,2022-05-26T16:00:00Z,Regional office,Meeting,Synthetic calendar activity for CRM workload testing.,Out of Office,2024-09-15T22:04:18Z,0,510ilL9Y0sCGljGA02,Opportunity,,
00UMb3BMvN71WbYUID,Discovery session,2024-08-20T11:00:00Z,2024-08-20T12:00:00Z,Customer office,Call,Synthetic calendar activity for CRM workload testing.,Out of Office,2024-10-18T18:11:42Z,0,800F0UD6CGQr27yQX6,Contract,003vrwFdLqT9RU4YM9,Contact
00Umgb5EVtfYwSE2HZ,Business review,2021-11-24T08:30:00Z,2021-11-24T09:30:00Z,Online meeting,Workshop,Synthetic calendar activity for CRM workload testing.,Busy,2021-06-21T15:57:43Z,0,0015fdr3n38vtS2Q4V,Account,003VtHtQNFfQs5iQNM,Contact
00UdVQhdo3YKxUlE0M,Implementation check-in,2021-07-15T14:30:00Z,2021-07-15T15:30:00Z,Online meeting,Call,Synthetic calendar activity for CRM workload testing.,Busy,2021-01-21T03:10:29Z,0,020Gm4fyvFYFOodYIU,Opportunity,003Lf45AXPYWuMBI4W,Contact
00UXIC7h2u82kZE20Y,Implementation check-in,2024-12-10T14:00:00Z,2024-12-10T14:45:00Z,Online meeting,Call,Synthetic calendar activity for CRM workload testing.,Busy,2022-02-17T17:11:33Z,0,500cuTrR9CHfMNyI0N,Case,0034AowUY4tLX6BIQL,Contact
00UhJgxMBZLAOK9E5D,Implementation check-in,2025-04-07T11:00:00Z,2025-04-07T12:30:00Z,Regional office,Call,Synthetic calendar activity for CRM workload testing.,Busy,2021-10-05T02:19:03Z,0,,,003G1xx6KqMl4esY76,Contact
00UGj8SRVN8jBEA2B4,Business review,2023-05-05T15:30:00Z,2023-05-05T17:00:00Z,Regional office,Call,Synthetic calendar activity for CRM workload testing.,Out of Office,2024-12-12T10:37:56Z,0,5001W2d5GjZOAy6AWU,Case,0030A3IfpDdki9oAV6,Contact
00UKND02bgdBDVB2BE,Implementation check-in,2022-04-06T16:30:00Z,2022-04-06T17:00:00Z,Regional office,Call,Synthetic calendar activity for CRM workload testing.,Busy,2026-01-01T18:39:06Z,0,701uy02vAEj9sQvINI,Campaign,,
00Un2AkBnYa4wdt21Z,Implementation check-in,2023-06-03T13:30:00Z,2023-06-03T14:00:00Z,Regional office,Meeting,Synthetic calendar activity for CRM workload testing.,Out of Office,2023-08-13T17:09:11Z,0,0018YzqdxvbgCoaYQU,Account,003dHank2PqtZ4pI8H,Contact
00UehqXkFvjcR7FMHP,Implementation check-in,2024-01-07T10:30:00Z,2024-01-07T11:30:00Z,Online meeting,Meeting,Synthetic calendar activity for CRM workload testing.,Busy,2025-03-16T00:57:14Z,0,00180qOlX8UtZ7HQTK,Account,003OiBN34GSDT6gA97,Contact
00UD3EmzvoKCbG9UV7,Planning workshop,2021-09-19T10:00:00Z,2021-09-19T10:30:00Z,Regional office,Workshop,Synthetic calendar activity for CRM workload testing.,Out of Office,2025-11-09T06:28:09Z,0,701uy02vAEj9sQvINI,Campaign,003HNVZ0xqZOApDAML,Contact
00UiQUUGW83GncPM7O,Discovery session,2026-01-26T10:00:00Z,2026-01-26T11:00:00Z,Customer office,Meeting,Synthetic calendar activity for CRM workload testing.,Busy,2023-09-04T02:59:47Z,0,710OWlhgQBz1dgiQSB,Opportunity,003DG7Ix16qlS43IC6,Contact
00UleAq3V0pSlLu2ET,Business review,2024-01-29T14:30:00Z,2024-01-29T15:15:00Z,Online meeting,Call,Synthetic calendar activity for CRM workload testing.,Out of Office,2025-01-02T01:45:55Z,0,506KFidge6NFupaQIL,Opportunity,00385sanazmf8LuY2V,Contact
00UhLbjYqpA67HQ2SA,Business review,2022-06-29T15:00:00Z,2022-06-29T16:30:00Z,Regional office,Call,Synthetic calendar activity for CRM workload testing.,Out of Office,2024-10-12T23:43:38Z,0,001j6nRokzRlCs1Y07,Account,003jeCMjaawniZbO9W,Lead
00UkdsDfYa9NdGPESB,Planning workshop,2026-07-17T15:00:00Z,2026-07-17T15:45:00Z,Online meeting,Call,Synthetic calendar activity for CRM workload testing.,Out of Office,2023-01-12T13:00:38Z,0,70tPURsGhA2EuSIQ4H,Opportunity,003uHXEGxdBdOxnQGN,Contact
00UY1fxxfDWRyPaU6M,Business review,2021-07-23T16:30:00Z,2021-07-23T17:00:00Z,Customer office,Workshop,Synthetic calendar activity for CRM workload testing.,Busy,2021-01-16T10:59:39Z,0,001GikJVQQYFMgSI6M,Account,003idSte6iYGpKBASN,Contact
00UnZ0lRwaoxhPtMB2,Implementation check-in,2025-02-21T16:30:00Z,2025-02-21T17:15:00Z,Regional office,Meeting,Synthetic calendar activity for CRM workload testing.,Busy,2025-05-19T21:29:10Z,0,500D7IcC2poyyDDIT0,Case,003km1KrLUTF6h7A5Y,Contact
00Uh6IyuqLTUyDuUYC,Discovery session,2021-08-11T10:30:00Z,2021-08-11T11:30:00Z,Online meeting,Meeting,Synthetic calendar activity for CRM workload testing.,Out of Office,2022-05-16T19:03:01Z,0,0013e2Rh2QW4yB5YBM,Account,003AoGknOz16FLIYMQ,Contact
00UjI78TLt0PBeDUFX,Implementation check-in,2024-04-15T11:00:00Z,2024-04-15T11:30:00Z,Online meeting,Call,Synthetic calendar activity for CRM workload testing.,Out of Office,2021-07-24T17:04:42Z,0,510jeTNS5V4arVzQ1Z,Opportunity,0031Q3Evc7Xc9rbQI3,Contact
00UBhGXmAJ5OD8sUG6,Business review,2025-05-05T15:00:00Z,2025-05-05T15:45:00Z,Online meeting,Workshop,Synthetic calendar activity for CRM workload testing.,Out of Office,2023-11-30T12:46:59Z,0,0011Ah4A4sWSLAjA4O,Account,003VxcdBObSgXOoYQB,Contact
00UaGxwL1gQZOQUUS8,Discovery session,2026-07-08T10:00:00Z,2026-07-08T11:00:00Z,Customer office,Call,Synthetic calendar activity for CRM workload testing.,Out of Office,2025-08-16T19:07:57Z,0,701QvNzI8kZyr86YGN,Campaign,00QGlolLtRFtZqoUE2,Lead
00UhUKmzpZbJzy1E3S,Implementation check-in,2022-09-05T13:30:00Z,2022-09-05T14:30:00Z,Regional office,Meeting,Synthetic calendar activity for CRM workload testing.,Out of Office,2024-10-22T21:22:30Z,0,00ijCBPeUz5Qky5IPL,Opportunity,00Q7wPdPSVqkLv5U1W,Lead
00UvRva5dc50PfZUXQ,Planning workshop,2025-06-23T14:30:00Z,2025-06-23T15:15:00Z,Customer office,Workshop,Synthetic calendar activity for CRM workload testing.,Out of Office,2024-06-29T20:07:30Z,0,0018sCn7wzuyGKcIWS,Account,003PYALDHZwx2BLIUX,Contact
00UApM1PkIkWCmY2NW,Business review,2023-06-18T16:30:00Z,2023-06-18T17:30:00Z,Regional office,Workshop,Synthetic calendar activity for CRM workload testing.,Out of Office,2024-07-08T02:32:24Z,0,81tQaSgZobqPtS4Q5C,Opportunity,00QD44ntkNMmGWN2QX,Lead
00UNbUyfqWFrfz8EPD,Planning workshop,2023-01-23T10:00:00Z,2023-01-23T11:00:00Z,Customer office,Meeting,Synthetic calendar activity for CRM workload testing.,Busy,2025-08-01T22:31:16Z,0,02iPFbN8bD2v4CtI6G,Asset,003lYtLpji3oHtSQB1,Contact
00UEHAaR5tmI7192V3,Implementation check-in,2022-09-22T09:30:00Z,2022-09-22T11:00:00Z,Online meeting,Call,Synthetic calendar activity for CRM workload testing.,Busy,2023-07-12T23:44:10Z,0,520LYGKOvaoDQUHYL8,Opportunity,003nQPALgi7cRY6QP7,Contact
00U2g28HsXtQjQpUBS,Implementation check-in,2024-11-16T14:30:00Z,2024-11-16T15:30:00Z,Online meeting,Call,Synthetic calendar activity for CRM workload testing.,Busy,2026-06-03T00:58:50Z,0,50tFOmZ0XDIf1b5YML,Opportunity,003DGxJ8tFMKWT2Y2E,Contact
00UIWEZNtcqxZw0UCN,Planning workshop,2023-01-28T14:30:00Z,2023-01-28T15:30:00Z,Customer office,Meeting,Synthetic calendar activity for CRM workload testing.,Out of Office,2021-01-16T09:12:55Z,0,701s2qORj9Q5274YHM,Campaign,003AJ3RqXmlhv7yQKP,Contact
00U5H8WMejOv2qa2SL,Business review,2023-05-21T16:30:00Z,2023-05-21T18:00:00Z,Regional office,Workshop,Synthetic calendar activity for CRM workload testing.,Out of Office,2023-05-23T11:53:08Z,0,5006kFTyXxwVux9ILJ,Case,003LFe1mwW9KxYzS8Y,Lead
00UIU2zicIliegMEXY,Business review,2024-02-13T10:30:00Z,2024-02-13T11:30:00Z,Regional office,Call,Synthetic calendar activity for CRM workload testing.,Out of Office,2022-04-24T13:01:51Z,0,8109Mf3g1wQLaZVIXY,Opportunity,00QabMBr34W7PaNKMG,Lead
00U8Ckx7LcpTyuT2DZ,Discovery session,2024-07-03T15:30:00Z,2024-07-03T17:00:00Z,Online meeting,Meeting,Synthetic calendar activity for CRM workload testing.,Busy,2024-11-10T07:01:01Z,0,001BH0vNAlwEWFXALI,Account,003z0yFpL28dVEwAVS,Contact
00U6TIKwKvqdsFt2Z4,Discovery session,2021-05-31T15:00:00Z,2021-05-31T16:00:00Z,Customer office,Meeting,Synthetic calendar activity for CRM workload testing.,Out of Office,2026-06-10T14:10:35Z,0,72t2q3DABhIqIaiAA8,Order,,
00U6LNnqp0Mg68eU8S,Business review,2025-08-18T14:00:00Z,2025-08-18T14:30:00Z,Customer office,Call,Synthetic calendar activity for CRM workload testing.,Busy,2025-05-04T23:06:48Z,0,02iFNU8cNUb7DbMIXT,Asset,003HFR6Z7w4dO5jINX,Contact
00U8x8pFeti3AXFMQE,Implementation check-in,2022-10-13T08:30:00Z,2022-10-13T10:00:00Z,Online meeting,Workshop,Synthetic calendar activity for CRM workload testing.,Out of Office,2026-03-23T12:56:13Z,0,010DZv25sVANCq3AQV,Opportunity,003rzl8QJiye2xyYHC,Contact
00UvzehuQk9s2gXERR,Implementation check-in,2022-11-24T14:00:00Z,2022-11-24T15:30:00Z,Online meeting,Call,Synthetic calendar activity for CRM workload testing.,Out of Office,2022-07-09T20:24:08Z,0,701ij13ElUK36zHQ2S,Campaign,003h7T0PrfOKwRwY44,Contact
00UAtJ7TlSJxtA22ZM,Planning workshop,2021-12-27T15:30:00Z,2021-12-27T16:00:00Z,Online meeting,Workshop,Synthetic calendar activity for CRM workload testing.,Busy,2022-10-24T14:10:10Z,0,0019laP52dnqWh3AF4,Account,003GcXkVO0lvLZYAC3,Contact
00UJeyBMfY4IbeLUEP,Planning workshop,2021-12-14T14:30:00Z,2021-12-14T15:00:00Z,Online meeting,Workshop,Synthetic calendar activity for CRM workload testing.,Busy,2021-03-04T11:16:44Z,0,500yz5x2f6xYJ9HIUU,Case,,
00UWww2MWlT9L7hETS,Planning workshop,2021-06-07T14:30:00Z,2021-06-07T16:00:00Z,Online meeting,Meeting,Synthetic calendar activity for CRM workload testing.,Busy,2025-07-03T06:00:33Z,0,001BAfwqbwr0TsUA0T,Account,003uHXEGxdBdOxnQGN,Contact
00UWXP37DmDVipG2RF,Discovery session,2025-05-12T11:00:00Z,2025-05-12T11:30:00Z,Customer office,Meeting,Synthetic calendar activity for CRM workload testing.,Busy,2025-03-22T10:47:19Z,0,016nezGYukNi6QYIZM,Opportunity,003LuPeALFLZz60QDO,Contact
00UOUC1HCREhNT3EYD,Implementation check-in,2026-03-08T10:30:00Z,2026-03-08T11:30:00Z,Online meeting,Call,Synthetic calendar activity for CRM workload testing.,Busy,2021-02-02T10:31:11Z,0,701QvNzI8kZyr86YGN,Campaign,003A35ZnnYpTFfeYG4,Contact
00UZ3VcLVTyTL6tUT7,Planning workshop,2022-09-21T08:30:00Z,2022-09-21T10:00:00Z,Regional office,Call,Synthetic calendar activity for CRM workload testing.,Out of Office,2025-07-03T19:38:54Z,0,001KQsenOWHB4fuQM5,Account,00QQ10gwSA0OKt8MAD,Lead
00UDyfw1yBeLWFB2KS,Discovery session,2021-09-27T08:00:00Z,2021-09-27T08:30:00Z,Regional office,Workshop,Synthetic calendar activity for CRM workload testing.,Out of Office,2024-09-08T01:58:23Z,0,700HXReK0YYlpwkY13,Opportunity,,
00UNznElpRJnNGeEWB,Discovery session,2024-06-21T15:00:00Z,2024-06-21T15:30:00Z,Regional office,Call,Synthetic calendar activity for CRM workload testing.,Out of Office,2025-02-14T22:12:00Z,0,001yVmlwCnpWY0fA4W,Account,003Tq49jYGnYlYbYDW,Contact
00UwilW2W6CbqIhEB0,Planning workshop,2022-12-20T14:30:00Z,2022-12-20T15:15:00Z,Online meeting,Workshop,Synthetic calendar activity for CRM workload testing.,Out of Office,2024-01-23T22:48:53Z,0,,,,
00UnlqMMDrcvEY72XN,Discovery session,2021-09-21T11:30:00Z,2021-09-21T12:15:00Z,Customer office,Call,Synthetic calendar activity for CRM workload testing.,Busy,2025-12-11T16:05:38Z,0,800kC19Ckx0CP9oIY2,Contract,00QiWgXhIITlTax2UG,Lead
00UcQuKzJuhiNs5MTK,Planning workshop,2022-03-29T15:00:00Z,2022-03-29T16:00:00Z,Online meeting,Workshop,Synthetic calendar activity for CRM workload testing.,Busy,2024-07-27T09:01:34Z,0,500aEzkl6GNgottIZ0,Case,003BKm8d8y3hFeJAQZ,Contact
00U7Wzw1lI9S9hUMYA,Planning workshop,2022-08-21T14:30:00Z,2022-08-21T16:00:00Z,Regional office,Meeting,Synthetic calendar activity for CRM workload testing.,Busy,2026-06-30T07:09:42Z,0,,,003qX9PyVBghmgsYYV,Contact
00Uka0upqDTiWtKEO7,Planning workshop,2022-07-08T14:30:00Z,2022-07-08T15:00:00Z,Online meeting,Call,Synthetic calendar activity for CRM workload testing.,Busy,2025-09-16T17:02:11Z,0,001ZBID6zyXHdcLAAH,Account,003Lwk67BtSWKB4ICU,Contact
00UbTR2g0dp0bPpU90,Implementation check-in,2022-01-21T11:30:00Z,2022-01-21T12:30:00Z,Regional office,Call,Synthetic calendar activity for CRM workload testing.,Out of Office,2026-03-28T14:48:58Z,0,500B7REwwsfHoZBQXT,Case,003FbR5EW5J2ZzlQZL,Contact
00UgwaaMGWBORCkMOE,Implementation check-in,2021-09-19T13:30:00Z,2021-09-19T14:30:00Z,Customer office,Meeting,Synthetic calendar activity for CRM workload testing.,Busy,2025-03-08T19:52:43Z,0,0014WYoiYbOMlUgQDX,Account,003qZ2BFiYFEDWNAQ2,Contact
00UeAn0YwggyTWY26E,Planning workshop,2024-08-30T10:30:00Z,2024-08-30T11:30:00Z,Customer office,Meeting,Synthetic calendar activity for CRM workload testing.,Out of Office,2023-07-15T12:17:17Z,0,701ij13ElUK36zHQ2S,Campaign,0039ldFG08cbPoeY3V,Contact
00UCOF7b6gYHr8tEW6,Planning workshop,2022-06-18T11:00:00Z,2022-06-18T12:00:00Z,Regional office,Workshop,Synthetic calendar activity for CRM workload testing.,Out of Office,2021-11-20T06:32:08Z,0,816p3J8VmnEOsVcISX,Opportunity,003Y2cRuE4UwAjvQEK,Contact
00UqZkZQQrpOfwBU3G,Implementation check-in,2021-05-07T09:00:00Z,2021-05-07T09:45:00Z,Online meeting,Meeting,Synthetic calendar activity for CRM workload testing.,Out of Office,2025-01-06T22:08:45Z,0,800SuQGJYTRKVqTAP7,Contract,003Xe2mCTgwPkcDYHE,Contact
00U6HFllxyfF2QHU1Z,Discovery session,2021-11-13T15:30:00Z,2021-11-13T16:30:00Z,Regional office,Call,Synthetic calendar activity for CRM workload testing.,Out of Office,2023-02-08T03:28:32Z,0,711jyKmeift9k3zQ8Q,Opportunity,,
00Ud64R8tjNs3UyUND,Implementation check-in,2023-02-06T11:30:00Z,2023-02-06T12:00:00Z,Regional office,Meeting,Synthetic calendar activity for CRM workload testing.,Out of Office,2021-02-18T04:11:49Z,0,00ijCBPeUz5Qky5IPL,Opportunity,00QWwbJ2QCGW3wtMF8,Lead
00Um2knBkSv6yuJM7P,Implementation check-in,2021-01-26T13:30:00Z,2021-01-26T15:00:00Z,Regional office,Call,Synthetic calendar activity for CRM workload testing.,Busy,2025-04-20T10:22:25Z,0,701L7PbnIaoCL4kACA,Campaign,00Qn97g8d2mNdl8MCJ,Lead
00UE1iZjHXEA8vYEPV,Discovery session,2025-04-05T16:30:00Z,2025-04-05T17:30:00Z,Regional office,Workshop,Synthetic calendar activity for CRM workload testing.,Out of Office,2025-08-25T08:59:09Z,0,81tjXCdSMOR3xvtA79,Opportunity,003i7AX88RSjKygAO5,Contact
00U5MHyrDQ2yaBl2PG,Business review,2022-01-12T14:00:00Z,2022-01-12T15:30:00Z,Online meeting,Meeting,Synthetic calendar activity for CRM workload testing.,Out of Office,2022-05-17T09:01:33Z,0,001iMYD4nOjTT4yIZO,Account,00QfCx4NNXA5c34EGV,Lead
00UGkOx2W8cB6l2URN,Planning workshop,2023-10-08T11:30:00Z,2023-10-08T12:00:00Z,Customer office,Meeting,Synthetic calendar activity for CRM workload testing.,Out of Office,2025-08-10T20:40:03Z,0,50061TEvyTCbcFGA3Y,Opportunity,00QkkXsgvnhdRxnUFW,Lead
00UdwpDQm4q84lYEEJ,Business review,2024-06-23T16:30:00Z,2024-06-23T17:00:00Z,Regional office,Meeting,Synthetic calendar activity for CRM workload testing.,Out of Office,2022-08-21T20:00:42Z,0,02iQ1Iszd9rfeCGYR5,Asset,003PDVgkuWRXxQKQ3C,Contact
00UPvop9GDv9Mqg2HH,Implementation check-in,2024-02-26T14:00:00Z,2024-02-26T15:30:00Z,Online meeting,Call,Synthetic calendar activity for CRM workload testing.,Busy,2022-08-29T10:37:12Z,0,0012Mm2CXMo3FSXAIK,Account,003vxQYogxx6ijFY4J,Contact
00UTVTY5MuzHGIIMMQ,Planning workshop,2026-01-03T14:30:00Z,2026-01-03T15:00:00Z,Regional office,Call,Synthetic calendar activity for CRM workload testing.,Out of Office,2022-04-05T14:49:31Z,0,00152hx60eiLsO2QGQ,Account,,
00Urxmee4MSMYEp29T,Business review,2024-05-25T09:00:00Z,2024-05-25T10:00:00Z,Online meeting,Meeting,Synthetic calendar activity for CRM workload testing.,Out of Office,2024-10-30T05:44:54Z,0,02ijgMHnXiwDhVXYNU,Asset,0031s7LUXltdzj8IBZ,Contact
00UwWfRhSkMg5KwM0X,Planning workshop,2026-02-20T14:30:00Z,2026-02-20T15:30:00Z,Customer office,Call,Synthetic calendar activity for CRM workload testing.,Busy,2022-11-05T12:23:42Z,0,701zPCT7q7BesAmYT9,Campaign,003sJSyYtqUzipCA70,Contact
00UpPTjMk4fJyOiUKA,Planning workshop,2021-03-26T16:00:00Z,2021-03-26T17:00:00Z,Online meeting,Meeting,Synthetic calendar activity for CRM workload testing.,Out of Office,2022-05-21T10:45:48Z,0,0014BI0PTpGJAb4ICJ,Account,003mOiCoYGhh0YQYIV,Contact
00UqEzjkjJM4Tw3EP3,Discovery session,2023-11-21T10:00:00Z,2023-11-21T10:45:00Z,Regional office,Meeting,Synthetic calendar activity for CRM workload testing.,Busy,2021-12-03T22:25:21Z,0,016nezGYukNi6QYIZM,Opportunity,0036f1HRQb2n0VlQB5,Contact
00Uld0X7XoL5bb1MUP,Planning workshop,2025-08-28T16:30:00Z,2025-08-28T17:00:00Z,Regional office,Workshop,Synthetic calendar activity for CRM workload testing.,Out of Office,2025-08-19T06:14:07Z,0,816DaGwevVKHATLIK3,Opportunity,00QlHjZpXKLNH1ZG2M,Lead
00UWHKtA60KHSxb237,Implementation check-in,2025-12-19T11:00:00Z,2025-12-19T11:30:00Z,Regional office,Meeting,Synthetic calendar activity for CRM workload testing.,Busy,2023-02-22T11:38:29Z,0,,,00QF5qbf3yGBCPyE5F,Lead
00UaD5sFrdbSkr9M44,Discovery session,2025-05-17T15:30:00Z,2025-05-17T16:30:00Z,Customer office,Call,Synthetic calendar activity for CRM workload testing.,Busy,2022-01-09T12:15:18Z,0,520EiWZmXvkDTyvYKR,Opportunity,003h5OqMJqaaRmmIQ8,Contact
00USJMelxAjkKIyUHO,Discovery session,2024-11-13T16:30:00Z,2024-11-13T17:30:00Z,Regional office,Meeting,Synthetic calendar activity for CRM workload testing.,Out of Office,2021-03-11T02:05:16Z,0,5110ZOJX7nBAXF4YIM,Opportunity,0031Q3Evc7Xc9rbQI3,Contact
00UoxIvdYkk05rHU1X,Business review,2024-08-29T09:30:00Z,2024-08-29T10:30:00Z,Customer office,Call,Synthetic calendar activity for CRM workload testing.,Busy,2022-05-20T03:07:06Z,0,001MetGBUEn7phAIPH,Account,003KbhyQIJhcY5vI43,Contact
00UZdvvPX7lH0D4E14,Implementation check-in,2025-05-15T09:00:00Z,2025-05-15T10:30:00Z,Online meeting,Meeting,Synthetic calendar activity for CRM workload testing.,Out of Office,2021-04-23T08:14:17Z,0,011EmMMoe4AiNxvI4S,Opportunity,0037J2EATpSjnO5IMQ,Contact
00UYwAJM2tZbCKCE28,Business review,2025-03-22T11:30:00Z,2025-03-22T13:00:00Z,Customer office,Meeting,Synthetic calendar activity for CRM workload testing.,Out of Office,2023-02-18T20:01:16Z,0,7010j7HiIFs5acMAA2,Campaign,00Q8UMNyoEUj43y2V3,Lead
00UiVR2LjtO6lMpE4E,Implementation check-in,2024-04-15T10:30:00Z,2024-04-15T11:30:00Z,Customer office,Workshop,Synthetic calendar activity for CRM workload testing.,Out of Office,2021-12-16T09:48:57Z,0,0014RvX7ofOXrw9I9V,Account,00QuDhMCV5FYYmoMM6,Lead
00UNX6dWRprbcebEWO,Discovery session,2021-08-26T08:00:00Z,2021-08-26T08:45:00Z,Online meeting,Call,Synthetic calendar activity for CRM workload testing.,Out of Office,2025-03-18T13:46:40Z,0,0017Pw79T9KgAdXIW1,Account,003rYgrvc9K7YF1QGX,Contact
00USdUNZPgUsW4MUK2,Implementation check-in,2023-01-02T15:30:00Z,2023-01-02T16:30:00Z,Customer office,Call,Synthetic calendar activity for CRM workload testing.,Busy,2022-01-28T01:09:52Z,0,001ckBA83DHLBWZQQX,Account,00QLEUiuDmSr4eD9PJ,Lead
00UwLVpwGgOOu2dEJV,Planning workshop,2022-01-15T13:30:00Z,2022-01-15T15:00:00Z,Regional office,Call,Synthetic calendar activity for CRM workload testing.,Out of Office,2024-04-12T11:55:11Z,0,001vnn1W5RPN0LPYO8,Account,,
00Ult4sjPNGRgBrEPK,Business review,2022-05-22T10:00:00Z,2022-05-22T11:00:00Z,Regional office,Call,Synthetic calendar activity for CRM workload testing.,Busy,2024-12-01T04:35:01Z,0,02iZ0jUeFh04XDsYCS,Asset,003rTm7hZj8JtoNQBV,Contact
00UW1dao7sDTNQYMO7,Planning workshop,2022-03-11T16:00:00Z,2022-03-11T17:00:00Z,Online meeting,Meeting,Synthetic calendar activity for CRM workload testing.,Out of Office,2026-06-02T23:44:05Z,0,001gQSNxeXgntf7YR3,Account,00Qbr3sYb5OyG2PAW5,Lead
00UqK1tiCbjx6INUIY,Discovery session,2023-04-11T14:00:00Z,2023-04-11T14:30:00Z,Regional office,Call,Synthetic calendar activity for CRM workload testing.,Out of Office,2024-02-09T16:40:33Z,0,001ClNAQA1Xn4fUINT,Account,003HBjDP3V2reIIAJN,Contact
00UBpBO1jiGsv2nEZA,Planning workshop,2024-10-24T09:00:00Z,2024-10-24T10:00:00Z,Customer office,Workshop,Synthetic calendar activity for CRM workload testing.,Out of Office,2026-01-13T22:26:05Z,0,001ViLIuvoOkEvIYR2,Account,003NVY7EuWqQ3GgQ1R,Contact
00U7ZLbFzAY9ucbMMY,Planning workshop,2025-01-11T10:00:00Z,2025-01-11T10:45:00Z,Customer office,Call,Synthetic calendar activity for CRM workload testing.,Busy,2025-03-07T07:19:17Z,0,500Hw7SJvKNZJOdQML,Case,0033VgRWoDPXOFpQ0C,Contact
00UbUAcwVSWo9GcEPQ,Business review,2025-04-23T14:30:00Z,2025-04-23T15:00:00Z,Regional office,Call,Synthetic calendar activity for CRM workload testing.,Busy,2025-11-04T03:18:30Z,0,72iIgR6vwZzvAVWID9,Opportunity,0031PbPhiAJ3AnlAQK,Contact
00UoyKxjEbq0xHaEJD,Implementation check-in,2022-05-04T14:30:00Z,2022-05-04T15:00:00Z,Customer office,Meeting,Synthetic calendar activity for CRM workload testing.,Out of Office,2026-05-24T05:10:37Z,0,001BH0vNAlwEWFXALI,Account,003zvs8l0C9dJyOIX3,Contact
00UCX6PJBOensAWURB,Discovery session,2026-06-07T13:00:00Z,2026-06-07T14:00:00Z,Regional office,Call,Synthetic calendar activity for CRM workload testing.,Out of Office,2023-03-27T06:25:44Z,0,52trC9q4k0rZZPwASJ,Opportunity,00QBS9DHiKOOk5AMNS,Lead
00UQaY67zotNX7SMNH,Business review,2021-08-17T14:00:00Z,2021-08-17T15:30:00Z,Regional office,Call,Synthetic calendar activity for CRM workload testing.,Out of Office,2021-04-18T04:03:55Z,0,00ijCBPeUz5Qky5IPL,Opportunity,003RBWNCUkv2pnuA0M,Contact
00UGHxa0wwOsj8LM08,Business review,2023-10-17T11:00:00Z,2023-10-17T12:30:00Z,Regional office,Meeting,Synthetic calendar activity for CRM workload testing.,Out of Office,2022-03-12T09:29:04Z,0,001FifSg7G2gzZrY2M,Account,00QuiKTAfFTmcPKUS5,Lead
00U8TezOx0SyJvdEXQ,Planning workshop,2021-05-03T15:00:00Z,2021-05-03T16:00:00Z,Regional office,Workshop,Synthetic calendar activity for CRM workload testing.,Out of Office,2025-06-14T19:44:25Z,0,72tGvZVTJcGCsPOQR7,Opportunity,0031OgLshls4XrqQ85,Contact
00UthIZofVsSjEHU9V,Implementation check-in,2024-11-08T16:00:00Z,2024-11-08T16:30:00Z,Regional office,Meeting,Synthetic calendar activity for CRM workload testing.,Busy,2022-10-17T08:12:02Z,0,7114KCSJqEfdNPZIN6,Opportunity,00Qq1vVhsIXocnXF2B,Lead
00UXWbniizDUDdF2O4,Implementation check-in,2023-03-10T08:00:00Z,2023-03-10T09:00:00Z,Customer office,Call,Synthetic calendar activity for CRM workload testing.,Busy,2021-05-19T08:36:38Z,0,001ClNAQA1Xn4fUINT,Account,003pbW5ABWvUkq2ILY,Contact
00U9jSXO2hmSxnNUEO,Implementation check-in,2023-01-10T15:00:00Z,2023-01-10T15:30:00Z,Customer office,Meeting,Synthetic calendar activity for CRM workload testing.,Out of Office,2026-04-23T09:04:51Z,0,,,003SiNJ0mE2Fz5qQP2,Contact
00U1N8pnQZr9uCJUVT,Discovery session,2024-05-19T10:00:00Z,2024-05-19T11:30:00Z,Regional office,Workshop,Synthetic calendar activity for CRM workload testing.,Out of Office,2025-05-03T16:38:54Z,0,701DNuvDGEm4hghY4U,Campaign,003xO6diFWGivMyQH5,Contact
00U9f6e3PIHEL5Y2K8,Discovery session,2024-01-26T09:00:00Z,2024-01-26T10:00:00Z,Regional office,Call,Synthetic calendar activity for CRM workload testing.,Out of Office,2024-05-24T20:24:28Z,0,02i2mbLSeoAc9O0A37,Asset,003Mqj2q9jdJsceAVN,Contact
00UuQxUSs9m4OeYU24,Business review,2023-11-20T09:00:00Z,2023-11-20T10:30:00Z,Online meeting,Meeting,Synthetic calendar activity for CRM workload testing.,Busy,2025-05-17T14:40:26Z,0,500OQdlVcbShcGrIQT,Case,003tmqZfelCT2roY1H,Contact
00UBbbw1bb7y5OGE7Q,Business review,2026-05-18T10:30:00Z,2026-05-18T11:00:00Z,Online meeting,Workshop,Synthetic calendar activity for CRM workload testing.,Out of Office,2023-08-14T19:57:08Z,0,016Q4IB4dgbFOTrAV7,Opportunity,003SNyJjjgE6TBNYAD,Contact
00UPfkqBosHYrxEMF1,Business review,2025-02-11T14:00:00Z,2025-02-11T14:30:00Z,Online meeting,Meeting,Synthetic calendar activity for CRM workload testing.,Busy,2025-08-27T17:27:13Z,0,001SDonDyKHRDRwYPS,Account,003EimXQejACmoNYOP,Contact
00UTGw6ZXe2W5g3ES9,Planning workshop,2024-03-19T14:30:00Z,2024-03-19T15:30:00Z,Online meeting,Meeting,Synthetic calendar activity for CRM workload testing.,Out of Office,2024-04-08T00:43:53Z,0,801vGMBCN6szOwbYXA,Opportunity,,
00Ul3FbgO2oDuowMV9,Business review,2022-02-20T08:00:00Z,2022-02-20T09:00:00Z,Online meeting,Workshop,Synthetic calendar activity for CRM workload testing.,Out of Office,2024-07-17T00:04:39Z,0,001gQSNxeXgntf7YR3,Account,003idhGDkUxRGS2AJB,Contact
00UJ84tu7Tb3iTAU1S,Implementation check-in,2026-05-05T13:00:00Z,2026-05-05T14:00:00Z,Online meeting,Workshop,Synthetic calendar activity for CRM workload testing.,Busy,2022-11-10T00:01:32Z,0,02iiJ0VUK2MCewHIXO,Asset,003eOTdjGhUdoNPY55,Contact
00UHwBZAfpJ9HNiMXP,Business review,2022-08-05T13:00:00Z,2022-08-05T14:30:00Z,Customer office,Call,Synthetic calendar activity for CRM workload testing.,Out of Office,2026-02-23T07:57:14Z,0,516BZpqi92HfMiEAXD,Opportunity,0031Q3Evc7Xc9rbQI3,Contact
00UZiQRQ48mhT9hELG,Planning workshop,2026-06-25T15:00:00Z,2026-06-25T16:00:00Z,Regional office,Meeting,Synthetic calendar activity for CRM workload testing.,Busy,2021-06-14T03:26:12Z,0,500Do4EzCdJyKKZYHJ,Case,003YG7WvbgStD9wY4U,Contact
00UYrgRTWJmpzSZU3Z,Planning workshop,2025-03-21T08:30:00Z,2025-03-21T09:00:00Z,Online meeting,Workshop,Synthetic calendar activity for CRM workload testing.,Out of Office,2025-02-23T23:23:37Z,0,,,0033Qo4cfGxpEGdIZI,Contact
00U2T7PxqzML9H9UCP,Implementation check-in,2025-02-02T15:00:00Z,2025-02-02T16:30:00Z,Customer office,Call,Synthetic calendar activity for CRM workload testing.,Out of Office,2023-05-17T18:30:22Z,0,500XOSVsLRo5f9qQWP,Case,003NlXAe6NaQRtvYDS,Contact
00UWNmo305E0K1YEBI,Planning workshop,2025-08-03T16:00:00Z,2025-08-03T17:00:00Z,Customer office,Workshop,Synthetic calendar activity for CRM workload testing.,Out of Office,2025-10-11T20:59:29Z,0,0012n9SIy3FafTfYR5,Account,00Q3xsntIyqDppAMV5,Lead
00UdpRollkGJ51BMBC,Implementation check-in,2026-02-24T11:00:00Z,2026-02-24T11:30:00Z,Regional office,Call,Synthetic calendar activity for CRM workload testing.,Busy,2021-11-20T07:21:53Z,0,810i0zsC01BZNbxQ0V,Opportunity,003WJK5erxpQqeGIBF,Contact
00UOhypEPliWsmxUY5,Implementation check-in,2021-08-30T13:30:00Z,2021-08-30T14:30:00Z,Regional office,Meeting,Synthetic calendar activity for CRM workload testing.,Busy,2026-01-02T02:27:01Z,0,001tvKQbYklnB9tY2P,Account,003FiLvx69wZlsWISP,Contact
00UgPz4w2YYKlYo2ES,Implementation check-in,2026-03-31T15:00:00Z,2026-03-31T15:45:00Z,Customer office,Meeting,Synthetic calendar activity for CRM workload testing.,Out of Office,2024-08-02T13:06:54Z,0,001ll0htSxmTlUFAHW,Account,003iMhFEz9vvPp9AEG,Contact
00UAyEDmHzD35OoU3K,Business review,2025-09-15T16:30:00Z,2025-09-15T17:00:00Z,Regional office,Call,Synthetic calendar activity for CRM workload testing.,Busy,2021-09-14T07:10:30Z,0,700xlDDxmPozXu1YYY,Opportunity,00Q7WMsDcz5zq6s0FR,Lead
00U9Qn8yHsXumxx29Q,Implementation check-in,2025-08-25T09:00:00Z,2025-08-25T09:45:00Z,Online meeting,Meeting,Synthetic calendar activity for CRM workload testing.,Busy,2024-05-26T06:35:52Z,0,001cnLEQk5pZMibQH2,Account,003DBYBnS0XPsYIA7H,Contact
00UNTfswztgExH0U8I,Business review,2026-01-28T16:00:00Z,2026-01-28T16:45:00Z,Regional office,Call,Synthetic calendar activity for CRM workload testing.,Out of Office,2023-12-30T23:29:15Z,0,8104DpzgPn2sY8sIGF,Order,003KE8zYLIMXkNaA5E,Contact
00Uo76PQl7DBua5M44,Discovery session,2023-03-10T14:30:00Z,2023-03-10T15:15:00Z,Customer office,Workshop,Synthetic calendar activity for CRM workload testing.,Busy,2025-07-27T14:12:44Z,0,701T7xJocH3zs1NQYF,Campaign,003jGoziqs6ionMIIC,Contact
00U31YTLnbY8fN9EIP,Implementation check-in,2025-08-02T14:00:00Z,2025-08-02T14:45:00Z,Regional office,Meeting,Synthetic calendar activity for CRM workload testing.,Busy,2022-06-06T09:22:37Z,0,001ygA3FAG75gTTAXO,Account,00QlkR59YDndYw8ZDP,Lead
00UrjxCbHyonYphMV6,Business review,2023-11-28T16:00:00Z,2023-11-28T16:45:00Z,Customer office,Meeting,Synthetic calendar activity for CRM workload testing.,Out of Office,2023-12-06T23:23:04Z,0,001OyqT9LtQtE0fYGU,Account,,
00URJkF6ExKgoij2Z8,Business review,2025-04-05T15:00:00Z,2025-04-05T15:30:00Z,Regional office,Workshop,Synthetic calendar activity for CRM workload testing.,Busy,2025-10-11T17:21:26Z,0,010EQOFvjlpqXRWYF9,Opportunity,003CMYExvKPUP8QYBD,Contact
00UtC4oUhvp1Y8nEZD,Discovery session,2022-03-11T09:30:00Z,2022-03-11T10:00:00Z,Online meeting,Call,Synthetic calendar activity for CRM workload testing.,Busy,2021-04-04T09:30:46Z,0,00ijCBPeUz5Qky5IPL,Opportunity,00QRZ9fVDIFumH7U01,Lead
00U5OHMzgzcxHeRMU5,Implementation check-in,2022-09-06T11:00:00Z,2022-09-06T12:00:00Z,Online meeting,Workshop,Synthetic calendar activity for CRM workload testing.,Out of Office,2025-08-22T08:29:33Z,0,82tNIDzfrf5G07qIST,Opportunity,00QwcO51IcNkRVEEQU,Lead
00UNKGjS0aWqHZz2DG,Planning workshop,2024-08-20T08:00:00Z,2024-08-20T09:30:00Z,Regional office,Call,Synthetic calendar activity for CRM workload testing.,Busy,2026-03-29T02:33:19Z,0,001j6nRokzRlCs1Y07,Account,003rYm1EAhfyJPyQ52,Contact
00U9XACYe5vZPgWMM7,Planning workshop,2026-05-05T10:00:00Z,2026-05-05T10:30:00Z,Regional office,Meeting,Synthetic calendar activity for CRM workload testing.,Busy,2021-01-16T05:25:16Z,0,016sr1kcWt26zHYY92,Opportunity,,
00UruGmwmaobEA5EQQ,Discovery session,2022-06-02T14:00:00Z,2022-06-02T14:30:00Z,Online meeting,Workshop,Synthetic calendar activity for CRM workload testing.,Busy,2025-12-06T18:23:27Z,0,0017zKMESrLRf4iY3C,Account,003YdRU4gZrocWZQU5,Contact
00UDP91hbHpDtVO2J4,Discovery session,2025-07-06T09:00:00Z,2025-07-06T10:30:00Z,Online meeting,Meeting,Synthetic calendar activity for CRM workload testing.,Busy,2023-08-04T13:42:22Z,0,51t70vLfkJeg9kRIV6,Opportunity,,
00UphdiHDiIolyoUIN,Business review,2026-08-03T08:00:00Z,2026-08-03T08:30:00Z,Regional office,Call,Synthetic calendar activity for CRM workload testing.,Out of Office,2024-03-30T10:16:31Z,0,701baEWnGlBqdzhA9Z,Campaign,003iACK7CJakxp7YNX,Contact
00U1Jwpl7tFurBDM92,Discovery session,2022-02-01T10:00:00Z,2022-02-01T10:30:00Z,Regional office,Call,Synthetic calendar activity for CRM workload testing.,Out of Office,2024-07-01T15:26:17Z,0,0011Ah4A4sWSLAjA4O,Account,00QgkMiCGLfKZfC13A,Lead
00U8zSAddkGYj8jETZ,Business review,2021-10-01T10:00:00Z,2021-10-01T10:45:00Z,Customer office,Workshop,Synthetic calendar activity for CRM workload testing.,Busy,2025-09-27T17:27:08Z,0,001O8ZWUKMYoipYYQ7,Account,00QIsVPZkubt4SiUK8,Lead
00UJZn38nM51Q8tMYA,Business review,2023-10-17T13:00:00Z,2023-10-17T14:00:00Z,Regional office,Meeting,Synthetic calendar activity for CRM workload testing.,Busy,2021-03-07T12:56:26Z,0,0012Sv7fgBrqn2tAX8,Account,003ALU8RfKdcUlxQN4,Contact
00U84Lwy3pzvnTiMPB,Business review,2025-12-22T13:30:00Z,2025-12-22T14:15:00Z,Regional office,Call,Synthetic calendar activity for CRM workload testing.,Busy,2024-03-22T00:57:52Z,0,02i1ekUo9SMZSwZQ3S,Asset,003bBurZT3jFyReYX3,Contact
00UShnRICeRJtANMGN,Planning workshop,2023-11-02T08:00:00Z,2023-11-02T08:30:00Z,Customer office,Workshop,Synthetic calendar activity for CRM workload testing.,Busy,2022-03-08T13:15:18Z,0,811XgwwZNuhL9tDQKC,Opportunity,,
00UjwmxuAqDB3YUMU6,Planning workshop,2026-03-27T15:00:00Z,2026-03-27T16:00:00Z,Regional office,Workshop,Synthetic calendar activity for CRM workload testing.,Out of Office,2022-04-09T04:24:08Z,0,0105eysXdevNjxeY3F,Opportunity,003H0qotUrGLyvSY1X,Contact
00UKJEJLVFNXakt2U7,Planning workshop,2026-04-03T08:00:00Z,2026-04-03T08:30:00Z,Online meeting,Meeting,Synthetic calendar activity for CRM workload testing.,Out of Office,2022-07-25T03:32:46Z,0,001Hmzu237idVEDY59,Account,00QhxfGV9u1LAfLM39,Lead
00UgYfyRDSumW9JUGW,Implementation check-in,2024-02-26T10:00:00Z,2024-02-26T11:30:00Z,Online meeting,Call,Synthetic calendar activity for CRM workload testing.,Out of Office,2024-08-08T00:54:51Z,0,02tpaFf85ljoY7FYHM,Opportunity,00QSKdra96nv6QM2RO,Lead
00UaG617OqqExstUIS,Discovery session,2022-03-12T14:30:00Z,2022-03-12T15:00:00Z,Customer office,Call,Synthetic calendar activity for CRM workload testing.,Busy,2023-08-09T09:52:43Z,0,800F0QocCl6xxFJAV9,Contract,003LtDyRa7YYs9EYDK,Contact
00UFwS79sodgMdr2A7,Business review,2022-06-13T10:00:00Z,2022-06-13T11:00:00Z,Regional office,Meeting,Synthetic calendar activity for CRM workload testing.,Busy,2021-10-20T15:54:02Z,0,701LVVOQQeQAPERQND,Campaign,0039gRxdPvbNjbfQD2,Contact
00UJn3mJFRxlY1k2ZA,Implementation check-in,2022-03-20T15:30:00Z,2022-03-20T16:15:00Z,Regional office,Workshop,Synthetic calendar activity for CRM workload testing.,Busy,2021-04-15T18:34:06Z,0,001cnLEQk5pZMibQH2,Account,003nPbAyKFB9ieCAE2,Contact
00UCm3sABjm2nyqEZG,Implementation check-in,2024-03-19T14:30:00Z,2024-03-19T16:00:00Z,Customer office,Call,Synthetic calendar activity for CRM workload testing.,Out of Office,2025-04-30T22:50:23Z,0,0018sCn7wzuyGKcIWS,Account,003bFL2NaSJfrCpQXU,Contact
00UXGyLJSXBs8idMX2,Implementation check-in,2025-08-25T09:30:00Z,2025-08-25T10:00:00Z,Online meeting,Meeting,Synthetic calendar activity for CRM workload testing.,Out of Office,2023-09-13T12:15:15Z,0,701Dpaw66va6dUvYOQ,Campaign,003LsUD2wMm9ppCAJV,Contact
00UnTsxJ2Jk8K1dU4R,Business review,2023-01-03T14:00:00Z,2023-01-03T15:30:00Z,Customer office,Call,Synthetic calendar activity for CRM workload testing.,Out of Office,2021-01-25T20:44:01Z,0,70iTu1fQ8D8TKf7AVV,Order,003Jj7iLOhliCVOIT0,Contact
00UcK7aTOTzuDYe2DD,Business review,2021-01-11T10:00:00Z,2021-01-11T10:30:00Z,Regional office,Meeting,Synthetic calendar activity for CRM workload testing.,Busy,2022-02-02T01:03:52Z,0,5014Xk7FsInZnZWIT3,Opportunity,00QHqSE4BLW3hmhEWV,Lead
00UAJXk2CNHasMHUKL,Discovery session,2022-01-12T15:00:00Z,2022-01-12T16:30:00Z,Online meeting,Meeting,Synthetic calendar activity for CRM workload testing.,Busy,2023-02-08T23:01:32Z,0,02iEpmp4syknLMTITT,Asset,003MFEL7zy06OMDQY2,Contact
00UYBFtHA9dgnnPE4S,Planning workshop,2025-07-23T10:00:00Z,2025-07-23T11:30:00Z,Regional office,Call,Synthetic calendar activity for CRM workload testing.,Busy,2026-04-13T12:09:01Z,0,720hs9nlVqpsZGJQN5,Opportunity,00378FREBNFG2GrIA7,Contact
00UyiGHzL0qQBJrMAX,Discovery session,2025-09-25T10:30:00Z,2025-09-25T11:00:00Z,Customer office,Call,Synthetic calendar activity for CRM workload testing.,Busy,2021-07-08T05:51:46Z,0,001CXiPlYrfwSgoQU2,Account,003aA33FS09arwRQXC,Contact
00UG8trO9ogTwOvMLN,Discovery session,2025-12-12T16:00:00Z,2025-12-12T17:30:00Z,Regional office,Call,Synthetic calendar activity for CRM workload testing.,Out of Office,2023-05-06T01:29:08Z,0,701uy02vAEj9sQvINI,Campaign,003pC3VWabjXVkVY9F,Contact
00UwNjQSAIhTk802KR,Planning workshop,2025-01-10T08:00:00Z,2025-01-10T08:30:00Z,Online meeting,Workshop,Synthetic calendar activity for CRM workload testing.,Out of Office,2024-07-20T22:33:46Z,0,500Ly0TsCAAVG8xAQ9,Case,003t69nGwXnU10oIEM,Contact
00U0V1jPtBRdNwPUVC,Discovery session,2025-07-21T13:00:00Z,2025-07-21T14:00:00Z,Customer office,Workshop,Synthetic calendar activity for CRM workload testing.,Out of Office,2026-03-19T05:07:53Z,0,001LDvrdIgxRUc4IID,Account,003e5BCx9XKSAP3IU4,Contact
00UomU0qmnMQOdxE5O,Discovery session,2023-06-28T13:30:00Z,2023-06-28T15:00:00Z,Regional office,Workshop,Synthetic calendar activity for CRM workload testing.,Out of Office,2024-10-05T01:25:15Z,0,70iwkmQsAhcABLFQQN,Opportunity,003lkvZoDDt1xdhI3W,Contact
00UVbAh3FH9D2tXMGA,Discovery session,2025-05-26T09:30:00Z,2025-05-26T10:30:00Z,Regional office,Call,Synthetic calendar activity for CRM workload testing.,Out of Office,2021-10-11T15:23:51Z,0,510ByB59cMJw0tbYDV,Opportunity,003MSE2sPTBQUA2I1X,Contact
00UjkIUu6XiUh5B2KN,Business review,2026-04-14T16:30:00Z,2026-04-14T18:00:00Z,Customer office,Call,Synthetic calendar activity for CRM workload testing.,Busy,2021-11-17T06:51:42Z,0,001qn0PeVSegyj1AFD,Account,003P7EiiElTtwMbZCL,Lead
00U5LqfdtcE5Ik0E4T,Implementation check-in,2022-10-28T11:30:00Z,2022-10-28T13:00:00Z,Regional office,Meeting,Synthetic calendar activity for CRM workload testing.,Busy,2024-08-11T19:00:03Z,0,,,003DFx9HNm88TcXICQ,Contact
00UtBGvDSzoxRYrMJQ,Business review,2022-01-07T10:30:00Z,2022-01-07T11:00:00Z,Regional office,Call,Synthetic calendar activity for CRM workload testing.,Busy,2026-06-28T00:14:21Z,0,50ixod6uEodIRyrITH,Opportunity,003WBEmY2DvUC0JQHN,Contact
00UblOKlSZPHgQqUDD,Planning workshop,2021-05-11T10:30:00Z,2021-05-11T12:00:00Z,Customer office,Workshop,Synthetic calendar activity for CRM workload testing.,Out of Office,2023-02-07T11:05:17Z,0,001ev39cBq0xejNIY0,Account,003RrRSggJEjfUiQAM,Contact
00UrnlRwmgvHCOBUSW,Discovery session,2022-01-23T08:30:00Z,2022-01-23T09:00:00Z,Regional office,Call,Synthetic calendar activity for CRM workload testing.,Out of Office,2025-05-09T10:14:00Z,0,800b4hPm6qk3M2KARE,Opportunity,003cZ1PwW33yisTY2K,Contact
00USnygziJNMOd0E5J,Discovery session,2024-09-24T09:00:00Z,2024-09-24T10:00:00Z,Online meeting,Call,Synthetic calendar activity for CRM workload testing.,Out of Office,2023-02-07T04:00:21Z,0,516ILgCqG997k7VQH4,Opportunity,,
00U6ZHGN8BpVzQCM5L,Implementation check-in,2024-10-17T08:30:00Z,2024-10-17T09:00:00Z,Online meeting,Workshop,Synthetic calendar activity for CRM workload testing.,Out of Office,2022-03-01T04:26:46Z,0,001cnLEQk5pZMibQH2,Account,003yrrcpwda69qaQCT,Contact
00UFB65T8MWdSKQ2JU,Planning workshop,2025-08-23T16:00:00Z,2025-08-23T17:30:00Z,Online meeting,Meeting,Synthetic calendar activity for CRM workload testing.,Out of Office,2025-07-05T13:14:15Z,0,001tvKQbYklnB9tY2P,Account,0033befOPPr0xxPY1E,Contact
00UfyPiirD7HOFQ2XD,Business review,2023-03-10T16:30:00Z,2023-03-10T18:00:00Z,Online meeting,Call,Synthetic calendar activity for CRM workload testing.,Busy,2026-05-14T06:43:49Z,0,5168KK2y69MZusAA21,Opportunity,,
00UfXRPnNH74shAMG7,Planning workshop,2023-08-08T08:30:00Z,2023-08-08T10:00:00Z,Regional office,Workshop,Synthetic calendar activity for CRM workload testing.,Out of Office,2026-04-12T01:45:53Z,0,020fW53Isoqztc4QVF,Opportunity,003EGUHqPYObg5zQF1,Contact
00UXRIAch4Q1TkEU4L,Implementation check-in,2023-02-04T10:00:00Z,2023-02-04T11:00:00Z,Online meeting,Call,Synthetic calendar activity for CRM workload testing.,Out of Office,2024-04-09T04:52:19Z,0,001ll0htSxmTlUFAHW,Account,003ZFwK8D99UlX4QPY,Contact
00U1n7kcD2zjYKtUOB,Implementation check-in,2023-10-06T10:00:00Z,2023-10-06T10:45:00Z,Regional office,Meeting,Synthetic calendar activity for CRM workload testing.,Busy,2024-10-19T17:21:00Z,0,00tnwkWac5inb0BQGB,Opportunity,003BG6JQjrARVNaY8T,Contact
00Uz77y9fErFKvOMS5,Discovery session,2022-05-18T09:30:00Z,2022-05-18T10:30:00Z,Online meeting,Workshop,Synthetic calendar activity for CRM workload testing.,Busy,2024-01-03T16:52:56Z,0,826Zu6vzs07Yg80AR2,Opportunity,003IoHI3OjoF7EqQV7,Contact
00UrsstPIqU6ZdZ2IL,Implementation check-in,2026-01-03T14:30:00Z,2026-01-03T15:15:00Z,Online meeting,Meeting,Synthetic calendar activity for CRM workload testing.,Out of Office,2026-01-23T00:59:51Z,0,80079x86qqMK8rBI1W,Contract,003z0SFUtDimbQwAKL,Contact
00UM1vm9U84XzL82MK,Implementation check-in,2022-11-06T13:30:00Z,2022-11-06T14:15:00Z,Online meeting,Call,Synthetic calendar activity for CRM workload testing.,Out of Office,2022-12-11T21:19:19Z,0,800biHSFweEoDaFI77,Contract,003MgDBGEmPiwO2IRE,Contact
00UjMau8jRs13mnUVC,Implementation check-in,2024-06-26T10:30:00Z,2024-06-26T11:30:00Z,Online meeting,Workshop,Synthetic calendar activity for CRM workload testing.,Busy,2022-06-15T19:45:06Z,0,02icJKr6poCHo2eQKA,Asset,0031Q3Evc7Xc9rbQI3,Contact
00Utu03Y8POsJdIM7L,Planning workshop,2023-09-24T11:00:00Z,2023-09-24T12:00:00Z,Online meeting,Call,Synthetic calendar activity for CRM workload testing.,Out of Office,2025-11-03T07:40:07Z,0,,,003v5R0JIimNeViI1D,Contact
00U2BtLsTaZhc1eMN6,Implementation check-in,2022-03-28T11:00:00Z,2022-03-28T12:00:00Z,Online meeting,Call,Synthetic calendar activity for CRM workload testing.,Busy,2025-04-22T13:21:16Z,0,001qxvOxGkxKlKoYCS,Account,003QtF6ypyXl9x7YZ2,Contact
00UAhCVbW5UF9z5E34,Discovery session,2021-10-07T09:30:00Z,2021-10-07T10:30:00Z,Online meeting,Meeting,Synthetic calendar activity for CRM workload testing.,Busy,2026-06-04T15:15:47Z,0,820bVlsJKbrdccjYPJ,Opportunity,,
00Ud7tv3OCspyvxEO5,Discovery session,2023-03-04T13:30:00Z,2023-03-04T14:15:00Z,Regional office,Call,Synthetic calendar activity for CRM workload testing.,Out of Office,2021-11-04T01:48:30Z,0,,,003kx8Da65rG4utQA5,Contact
00UhXKLk4CNSsGZE63,Planning workshop,2024-01-03T09:00:00Z,2024-01-03T10:00:00Z,Regional office,Meeting,Synthetic calendar activity for CRM workload testing.,Busy,2021-12-01T10:21:32Z,0,816jvzLq14lW3XrIBO,Opportunity,003iQ2CWiPsjRiHA3A,Contact
00UF1SB6V8V1tLHU53,Business review,2025-07-18T09:00:00Z,2025-07-18T10:30:00Z,Regional office,Workshop,Synthetic calendar activity for CRM workload testing.,Out of Office,2021-05-07T03:25:35Z,0,001ygA3FAG75gTTAXO,Account,0034a0GDIMZmGWiARF,Contact
00UlK4a2csUl7NUU40,Planning workshop,2024-04-03T16:30:00Z,2024-04-03T17:00:00Z,Regional office,Meeting,Synthetic calendar activity for CRM workload testing.,Out of Office,2022-07-25T19:16:08Z,0,500dPsbFO6pKoQjQKF,Case,00QOLHAcI6p9gAOEVV,Lead
00UDflAA360SVtyU1D,Planning workshop,2026-03-18T10:30:00Z,2026-03-18T11:15:00Z,Customer office,Call,Synthetic calendar activity for CRM workload testing.,Busy,2026-02-10T05:01:27Z,0,00152hx60eiLsO2QGQ,Account,003nDBQCPPUVyeOA76,Contact
00U2XVIBVFp9vyJM3N,Discovery session,2022-05-08T10:00:00Z,2022-05-08T11:00:00Z,Regional office,Call,Synthetic calendar activity for CRM workload testing.,Out of Office,2024-04-22T07:26:08Z,0,7016crDLINhcuvpAZH,Campaign,003Vov5oCX6NQVwQI1,Contact
00UqDc9T9aGoILKEA0,Planning workshop,2025-11-17T08:30:00Z,2025-11-17T09:30:00Z,Regional office,Call,Synthetic calendar activity for CRM workload testing.,Out of Office,2022-06-13T04:07:01Z,0,8003R3lowrusGp3QO2,Contract,00Qmlsyxarlph1JUFP,Lead
00U1RsWDkQNiILaM41,Planning workshop,2021-11-03T13:30:00Z,2021-11-03T14:30:00Z,Regional office,Call,Synthetic calendar activity for CRM workload testing.,Out of Office,2022-03-17T01:38:38Z,0,001F0HyTq0ZVe9LIP9,Account,003qf4McL0zrGCBQZ8,Contact
00UIyJLZqGvyMsI2XV,Planning workshop,2026-09-05T15:00:00Z,2026-09-05T15:45:00Z,Customer office,Call,Synthetic calendar activity for CRM workload testing.,Out of Office,2024-03-07T19:22:14Z,0,026XSmGjpImwXoGQFT,Order,0036tBUVcKiSvpq76H,Lead
00UbvCWZJwU9erpMID,Implementation check-in,2023-03-22T08:00:00Z,2023-03-22T08:30:00Z,Customer office,Workshop,Synthetic calendar activity for CRM workload testing.,Busy,2022-06-04T09:43:04Z,0,02iDdigPtTC2JxpAYX,Asset,003OTMP0M0wQz2IYJ7,Contact
00UGn6wdiJy1UN7ERZ,Planning workshop,2024-07-06T09:30:00Z,2024-07-06T10:15:00Z,Regional office,Meeting,Synthetic calendar activity for CRM workload testing.,Busy,2021-07-10T19:55:04Z,0,7017OD7USLqvwTSQ40,Campaign,,
00UkV3Ny1MFRmz1M5D,Implementation check-in,2022-11-02T16:00:00Z,2022-11-02T17:30:00Z,Customer office,Workshop,Synthetic calendar activity for CRM workload testing.,Out of Office,2022-06-07T01:44:59Z,0,001Q3kntrifzyYWI62,Account,003n1jeyVachCmzIYQ,Contact
00U5QrrC70kahZ4MIV,Discovery session,2023-04-03T14:30:00Z,2023-04-03T16:00:00Z,Regional office,Meeting,Synthetic calendar activity for CRM workload testing.,Busy,2023-09-09T17:25:29Z,0,800uHuxUph9dreSQO6,Contract,00Qt1Xkxu82vxgUEFN,Lead
00U0MfbCnQKEhGtM3Q,Planning workshop,2026-04-01T15:00:00Z,2026-04-01T15:30:00Z,Regional office,Meeting,Synthetic calendar activity for CRM workload testing.,Busy,2025-11-25T10:07:21Z,0,81iIHdj0AoyTBidADX,Opportunity,003FTdCX8an6rHoAK5,Contact
00UNwYOcPd5lcR9M81,Implementation check-in,2022-11-16T13:00:00Z,2022-11-16T14:00:00Z,Customer office,Workshop,Synthetic calendar activity for CRM workload testing.,Out of Office,2023-04-21T14:51:28Z,0,,,003cHlxZyg7q4QEQ61,Contact
00UC7ldBMGUJMVxEDS,Planning workshop,2023-10-09T16:30:00Z,2023-10-09T17:00:00Z,Regional office,Meeting,Synthetic calendar activity for CRM workload testing.,Busy,2022-10-13T03:00:32Z,0,500rVSkEgMXvK0EQD3,Case,0033iQfx5q3nOeFIHK,Contact
00UfCQ92wCxHV5uMOH,Implementation check-in,2025-12-26T14:30:00Z,2025-12-26T15:00:00Z,Customer office,Workshop,Synthetic calendar activity for CRM workload testing.,Out of Office,2022-07-26T02:13:40Z,0,0012Mm2CXMo3FSXAIK,Account,00Qst2eHSgkRpqz2FV,Lead
00Ud5gJ6aUEpv9oE0E,Planning workshop,2025-12-25T08:00:00Z,2025-12-25T08:45:00Z,Customer office,Call,Synthetic calendar activity for CRM workload testing.,Out of Office,2023-07-15T05:58:29Z,0,001aJFstC9yWgafQNG,Account,003C9BfHPwWWJ2mIXI,Contact
00UuNDDOTUmCxl0ETG,Implementation check-in,2025-12-21T15:00:00Z,2025-12-21T16:00:00Z,Online meeting,Workshop,Synthetic calendar activity for CRM workload testing.,Out of Office,2023-01-16T09:27:22Z,0,02iCP17L5BGIGPWIT1,Asset,003ZbZQM8O4y5KxAWK,Contact
00UsoXPe9uiBNxHU28,Discovery session,2023-12-03T13:30:00Z,2023-12-03T14:30:00Z,Regional office,Meeting,Synthetic calendar activity for CRM workload testing.,Out of Office,2024-10-02T12:01:58Z,0,82tPtrVmmPDvG8BAW9,Opportunity,003GcXkVO0lvLZYAC3,Contact
00UvVOLaffYJbHq2C3,Planning workshop,2024-09-07T16:30:00Z,2024-09-07T18:00:00Z,Regional office,Call,Synthetic calendar activity for CRM workload testing.,Busy,2021-06-04T08:44:59Z,0,00txp86s8wpYXDTQ8N,Opportunity,003y79c1yFgVZixIWN,Contact
00UgjUCdDRkand824D,Implementation check-in,2025-03-11T10:00:00Z,2025-03-11T11:00:00Z,Customer office,Meeting,Synthetic calendar activity for CRM workload testing.,Busy,2021-12-28T10:15:21Z,0,500RKC1W4BLVQdOI10,Case,003UCatH93ztwEVQ2Q,Contact
00UGeXVJKeD6vRfUHE,Business review,2024-06-13T10:30:00Z,2024-06-13T11:15:00Z,Regional office,Call,Synthetic calendar activity for CRM workload testing.,Out of Office,2021-03-23T09:39:53Z,0,00iMCI0FdSRMC2lYEN,Opportunity,003myiDNlyhPnhDYE5,Contact
00UGqw0KXkZ5wBUUTK,Planning workshop,2023-08-04T09:30:00Z,2023-08-04T10:15:00Z,Online meeting,Workshop,Synthetic calendar activity for CRM workload testing.,Out of Office,2025-08-07T12:03:53Z,0,7016crDLINhcuvpAZH,Campaign,0031Q3Evc7Xc9rbQI3,Contact
00UDcb3j89dGeV9EFP,Planning workshop,2025-03-01T09:30:00Z,2025-03-01T10:00:00Z,Customer office,Meeting,Synthetic calendar activity for CRM workload testing.,Out of Office,2022-05-18T10:09:44Z,0,02iGT6Tz9uOHXN7YW1,Asset,003S0zQPftBY4rtA8O,Contact
00UmWgnHhO5nm9RMOU,Implementation check-in,2024-12-24T09:30:00Z,2024-12-24T10:30:00Z,Regional office,Call,Synthetic calendar activity for CRM workload testing.,Busy,2022-08-09T01:11:04Z,0,810ts46fmKDZIW9Y0M,Opportunity,003k4Y5lXmxalZuIH3,Contact
00UrU4m5Hd6j6PLERD,Implementation check-in,2021-12-30T10:30:00Z,2021-12-30T11:30:00Z,Customer office,Call,Synthetic calendar activity for CRM workload testing.,Out of Office,2024-05-03T02:58:35Z,0,02ih84vGd5eAmO2ID5,Asset,003AWiA5w6U96FlA3S,Contact
00UUwM7BgsEAZ0d2T5,Business review,2022-10-19T14:30:00Z,2022-10-19T15:15:00Z,Online meeting,Workshop,Synthetic calendar activity for CRM workload testing.,Busy,2023-10-08T16:24:35Z,0,001qn0PeVSegyj1AFD,Account,003QcMefpBN7uCgA7D,Contact
00UUXrUaelSbBG9E7W,Implementation check-in,2023-01-28T14:30:00Z,2023-01-28T15:15:00Z,Customer office,Workshop,Synthetic calendar activity for CRM workload testing.,Out of Office,2024-02-14T03:41:04Z,0,001kgFF0qALhnGGYD4,Account,003OopXSFvytwYZA6M,Contact
00U2Oz6mhBuAp2O2K9,Implementation check-in,2025-02-24T15:30:00Z,2025-02-24T16:15:00Z,Online meeting,Call,Synthetic calendar activity for CRM workload testing.,Out of Office,2021-08-02T02:59:28Z,0,01tVDQv03vu3kAWAII,Product2,003JKepolzJF9SeICO,Contact
00URZguJ6kdprJvUI7,Implementation check-in,2023-11-08T14:30:00Z,2023-11-08T15:00:00Z,Customer office,Workshop,Synthetic calendar activity for CRM workload testing.,Out of Office,2023-03-25T09:47:35Z,0,0018wiQDxKxpFvLYGU,Account,003ggMWzweopnRCAD7,Contact
00UHErpGXGnjTjF22C,Implementation check-in,2021-05-28T08:00:00Z,2021-05-28T08:45:00Z,Online meeting,Workshop,Synthetic calendar activity for CRM workload testing.,Out of Office,2024-05-04T17:56:21Z,0,001DvFcs2OCjLNHAFJ,Account,003y9exNLox3vl9I7U,Contact
00U44AbnEhhVd1128T,Discovery session,2026-08-02T11:00:00Z,2026-08-02T12:30:00Z,Online meeting,Workshop,Synthetic calendar activity for CRM workload testing.,Out of Office,2021-07-10T08:01:45Z,0,001F0HyTq0ZVe9LIP9,Account,003suUemC5FOpHHATL,Contact
00UvRVXS4vMpAUmE5R,Implementation check-in,2021-11-27T16:30:00Z,2021-11-27T17:30:00Z,Online meeting,Call,Synthetic calendar activity for CRM workload testing.,Out of Office,2024-02-15T18:41:14Z,0,,,003O1DPI7Ashi5WA7I,Contact
00Uampa4xXAQvWM2HF,Business review,2021-06-22T09:00:00Z,2021-06-22T10:00:00Z,Online meeting,Workshop,Synthetic calendar activity for CRM workload testing.,Busy,2022-12-19T02:50:01Z,0,800pdRvmMT62G8OAUJ,Contract,003xRKQzqPWoyqWIR0,Contact
00UVyMnQihjXba5U6U,Business review,2024-11-02T09:30:00Z,2024-11-02T10:00:00Z,Customer office,Meeting,Synthetic calendar activity for CRM workload testing.,Busy,2025-02-09T09:15:41Z,0,7019g7m2YfxR5uxQ6M,Campaign,00QUJzF0ACO0dC62FA,Lead
00UQQ2hjfXh6cYK2HD,Discovery session,2024-10-22T15:00:00Z,2024-10-22T15:30:00Z,Customer office,Workshop,Synthetic calendar activity for CRM workload testing.,Out of Office,2024-03-10T12:17:25Z,0,01tJCv6SzssB7KyQZG,Product2,003sa1sCOZNTWwDQEN,Contact
00U5fjAcEOhs3d4MVV,Discovery session,2026-04-28T10:30:00Z,2026-04-28T11:30:00Z,Online meeting,Workshop,Synthetic calendar activity for CRM workload testing.,Busy,2024-10-09T22:07:21Z,0,500yhpbtBDR1j5jIQS,Case,003eq87fLqVZtodA76,Contact
00Uav7G6S5Xq84REQN,Business review,2026-04-11T13:00:00Z,2026-04-11T14:30:00Z,Customer office,Workshop,Synthetic calendar activity for CRM workload testing.,Busy,2021-11-19T10:05:08Z,0,500T4a7CdePHZOPY1K,Case,,
00U9VmkgQuk69zdUQP,Implementation check-in,2026-04-21T15:00:00Z,2026-04-21T15:45:00Z,Regional office,Meeting,Synthetic calendar activity for CRM workload testing.,Out of Office,2024-11-23T05:50:41Z,0,800YdrAEHNvlZMqICG,Contract,00QIh9wPQiR4CJ4EMM,Lead
00UTZhjZQciwgxY2L8,Planning workshop,2022-04-27T11:00:00Z,2022-04-27T11:30:00Z,Online meeting,Meeting,Synthetic calendar activity for CRM workload testing.,Busy,2023-07-17T08:04:30Z,0,800rBFkFivPQUURQ3R,Contract,003jz7dUwvbtlg8AP0,Contact
00UibuL5iOTr12KUY4,Discovery session,2024-02-11T13:30:00Z,2024-02-11T14:15:00Z,Online meeting,Workshop,Synthetic calendar activity for CRM workload testing.,Busy,2023-09-27T17:21:51Z,0,001GikJVQQYFMgSI6M,Account,003LXPOThKMlCoaYI4,Contact
00UAzNYUkfLE8RcEF9,Discovery session,2024-10-22T13:30:00Z,2024-10-22T15:00:00Z,Regional office,Call,Synthetic calendar activity for CRM workload testing.,Busy,2022-04-08T08:36:22Z,0,016pAqnBiB30yflYL1,Order,,
00UUQSPG00psAII22V,Planning workshop,2023-12-05T11:00:00Z,2023-12-05T11:45:00Z,Online meeting,Call,Synthetic calendar activity for CRM workload testing.,Busy,2025-12-16T01:05:17Z,0,02iplBqj91y2OCQYPQ,Order,003cuTGE1DhOEKZQCC,Contact
00UHj4jYzGBAmHkMPV,Implementation check-in,2021-10-05T14:00:00Z,2021-10-05T14:45:00Z,Regional office,Meeting,Synthetic calendar activity for CRM workload testing.,Busy,2023-11-11T23:45:03Z,0,001Le6Z1bT7O20fIWC,Account,,
00UtJSjuKA5Losr2NQ,Discovery session,2025-01-20T10:00:00Z,2025-01-20T10:45:00Z,Customer office,Workshop,Synthetic calendar activity for CRM workload testing.,Out of Office,2026-01-27T20:35:19Z,0,02iDGa1L800y5oBY0Y,Asset,003CsTIhVIhic3fQ5Z,Contact
00UDnGpIP7oNCiT2C5,Business review,2024-03-12T13:00:00Z,2024-03-12T14:30:00Z,Regional office,Meeting,Synthetic calendar activity for CRM workload testing.,Busy,2025-04-17T20:11:17Z,0,0014rAjCuliftUBIPG,Account,003Ec66kiJL5qvrYM5,Contact
00Ud1ZiOpnNXf0tMOJ,Discovery session,2023-07-18T10:00:00Z,2023-07-18T11:00:00Z,Regional office,Workshop,Synthetic calendar activity for CRM workload testing.,Out of Office,2021-10-03T18:35:26Z,0,02inTsPnNxAUT5JQN2,Asset,,
00UTlKonCcQesT5UQM,Discovery session,2022-01-30T09:00:00Z,2022-01-30T10:00:00Z,Customer office,Workshop,Synthetic calendar activity for CRM workload testing.,Busy,2026-03-21T12:53:47Z,0,001Ou3cLagv7VIiQYI,Opportunity,003bJcoA58DEApFASK,Contact
00UZG1SGcp6WV3YMDT,Planning workshop,2023-05-12T09:30:00Z,2023-05-12T10:15:00Z,Customer office,Meeting,Synthetic calendar activity for CRM workload testing.,Out of Office,2025-10-10T07:22:38Z,0,001CUJom39MGP2ZQYD,Order,003Y908VJePSb0tY5C,Contact
00UkoU4eAXuITyXMA5,Implementation check-in,2024-02-26T13:00:00Z,2024-02-26T13:30:00Z,Regional office,Meeting,Synthetic calendar activity for CRM workload testing.,Out of Office,2026-06-17T02:04:14Z,0,500bA9JabGkX7DOYLZ,Opportunity,003Eiir1zfVRuSlIZ7,Contact
00UdX7izO9GGw5SU8D,Discovery session,2026-02-04T16:00:00Z,2026-02-04T17:30:00Z,Regional office,Call,Synthetic calendar activity for CRM workload testing.,Out of Office,2023-08-12T05:51:42Z,0,001mC8KS3W25A4qI66,Account,0030sKrr59bnBWGQWV,Contact
00ULECSZT37PkMuEV2,Business review,2023-12-15T10:30:00Z,2023-12-15T12:00:00Z,Online meeting,Call,Synthetic calendar activity for CRM workload testing.,Busy,2026-04-26T17:00:01Z,0,00ijCBPeUz5Qky5IPL,Opportunity,003OlXRcERc0Fn1QKQ,Contact
00Ubrq1La6aNwhwMLX,Business review,2026-05-25T14:00:00Z,2026-05-25T15:30:00Z,Online meeting,Workshop,Synthetic calendar activity for CRM workload testing.,Out of Office,2024-03-15T00:05:25Z,0,02i0uKlsS7wvO5aI3J,Asset,003qYkR1iSyPINlQL0,Contact
00UPeIXuaVkZzQWMIN,Discovery session,2025-08-10T13:00:00Z,2025-08-10T13:45:00Z,Regional office,Workshop,Synthetic calendar activity for CRM workload testing.,Out of Office,2025-10-15T14:28:42Z,0,001DLqMjZmJEMS7ID7,Account,003ekyB4pNej2sIID3,Contact
00Ujb7sh898jpUqM4K,Planning workshop,2023-05-24T15:00:00Z,2023-05-24T16:30:00Z,Online meeting,Call,Synthetic calendar activity for CRM workload testing.,Busy,2024-02-15T05:39:33Z,0,800z269R6ifpeYRQJR,Contract,003SSD819xSAeRJQQI,Contact
00UEDtShNRYUnz6ETI,Discovery session,2024-04-26T10:30:00Z,2024-04-26T11:00:00Z,Regional office,Call,Synthetic calendar activity for CRM workload testing.,Busy,2024-07-09T01:52:52Z,0,001vnn1W5RPN0LPYO8,Account,00QCe4CvkZ6Dp2V2PJ,Lead
00UndjlPNGS2rlPUJW,Discovery session,2022-01-12T15:30:00Z,2022-01-12T17:00:00Z,Online meeting,Workshop,Synthetic calendar activity for CRM workload testing.,Out of Office,2024-08-08T07:20:15Z,0,02izWOGqfg0dxi1QLT,Asset,003plVd4vJoJbCjYVJ,Contact
00UNFWTtRI52Ysu2QI,Planning workshop,2021-05-26T11:30:00Z,2021-05-26T12:15:00Z,Regional office,Meeting,Synthetic calendar activity for CRM workload testing.,Busy,2023-12-12T22:33:55Z,0,5006DP8PZ84uhURQ6Q,Case,003HfRHZstikM70IAV,Contact
00UGAARkn77lihxMUM,Business review,2025-08-01T11:00:00Z,2025-08-01T11:30:00Z,Online meeting,Workshop,Synthetic calendar activity for CRM workload testing.,Out of Office,2025-12-17T07:43:17Z,0,71iQQ8SGfolOwXNQYJ,Opportunity,003PePWYVD4dIBvQ7F,Contact
00UYYkR4YsKX7WTUN0,Business review,2024-11-26T16:00:00Z,2024-11-26T17:00:00Z,Customer office,Workshop,Synthetic calendar activity for CRM workload testing.,Out of Office,2025-01-26T04:43:45Z,0,001OR7GRtb417SOIE9,Account,003BpLOEBjhtrpuQWV,Contact
00UhZDbWF72qrg5UAV,Business review,2023-02-05T09:30:00Z,2023-02-05T10:00:00Z,Customer office,Call,Synthetic calendar activity for CRM workload testing.,Busy,2025-11-07T20:36:41Z,0,501bkOpDbyTdSMSQS1,Opportunity,003y4kBbZm52Aq6AZK,Contact
00UW091Z3i535dzEAH,Business review,2025-10-17T08:00:00Z,2025-10-17T09:00:00Z,Regional office,Workshop,Synthetic calendar activity for CRM workload testing.,Busy,2023-10-09T01:20:19Z,0,50015np2UZeK6gdQBE,Case,003VFTZy2oG0jsrAS1,Contact
00UF4jjBQRWfqgkMYU,Business review,2022-08-23T11:30:00Z,2022-08-23T12:00:00Z,Online meeting,Workshop,Synthetic calendar activity for CRM workload testing.,Busy,2024-04-26T05:05:42Z,0,701eYR0IxKvWggxING,Campaign,003YqooDEA6F92hACU,Contact
00UvJHqTo19OEBpERC,Planning workshop,2022-05-09T11:00:00Z,2022-05-09T12:00:00Z,Regional office,Call,Synthetic calendar activity for CRM workload testing.,Busy,2024-12-22T03:48:59Z,0,5019MojCtCuIh3uIRM,Order,003UB3aQqslZcKsQCF,Contact
00UGnge6eyDVtvEMF0,Planning workshop,2021-06-06T14:30:00Z,2021-06-06T15:30:00Z,Regional office,Meeting,Synthetic calendar activity for CRM workload testing.,Out of Office,2025-09-20T15:12:09Z,0,706mPS2KercmP4aQW9,Opportunity,003eg96PxMSDqO5Y7O,Contact
00UTMkeUB7zTZra2FQ,Business review,2023-05-21T09:00:00Z,2023-05-21T09:45:00Z,Regional office,Call,Synthetic calendar activity for CRM workload testing.,Busy,2022-05-07T08:18:55Z,0,001ckBA83DHLBWZQQX,Account,003JT1QIxPg3Up0QZ6,Contact
00Us80Ebd8BJSkh22Q,Implementation check-in,2023-03-19T16:30:00Z,2023-03-19T17:30:00Z,Customer office,Meeting,Synthetic calendar activity for CRM workload testing.,Out of Office,2024-03-11T08:54:48Z,0,501DWuGTC7fBfPjICF,Opportunity,00QhBCCzc88v7Mm2VZ,Lead
00U56yp6i17ApW7U24,Planning workshop,2022-09-16T10:30:00Z,2022-09-16T11:00:00Z,Online meeting,Meeting,Synthetic calendar activity for CRM workload testing.,Busy,2023-01-12T20:35:04Z,0,826Zu6vzs07Yg80AR2,Opportunity,0031XSf1bfZJESFIY3,Contact
00UiW11HYeMzLoa2GB,Implementation check-in,2021-05-16T11:30:00Z,2021-05-16T13:00:00Z,Online meeting,Call,Synthetic calendar activity for CRM workload testing.,Out of Office,2021-10-29T04:59:12Z,0,701bmC3dSpPfuEkATE,Campaign,003GweaslhRRyCLI5I,Contact
00UMbHIuVXTk2TtUVB,Business review,2023-07-20T15:00:00Z,2023-07-20T16:00:00Z,Customer office,Call,Synthetic calendar activity for CRM workload testing.,Busy,2021-11-10T03:01:26Z,0,001bEjr0cyFC7SBAXL,Account,003eg96PxMSDqO5Y7O,Contact
00UZLBGYYrPymrlM28,Planning workshop,2026-02-16T10:30:00Z,2026-02-16T12:00:00Z,Regional office,Meeting,Synthetic calendar activity for CRM workload testing.,Out of Office,2024-12-02T14:15:33Z,0,001xCcjaWJxjfQtAJX,Account,003n4PysdqBrgwXIT1,Contact
00Unyooui67DCpnEMZ,Discovery session,2023-07-24T14:00:00Z,2023-07-24T14:30:00Z,Online meeting,Meeting,Synthetic calendar activity for CRM workload testing.,Out of Office,2021-12-18T17:11:13Z,0,001xCcjaWJxjfQtAJX,Account,0031Q3Evc7Xc9rbQI3,Contact
00UbFKY1T70z5mwMUX,Implementation check-in,2025-06-06T11:30:00Z,2025-06-06T12:15:00Z,Customer office,Call,Synthetic calendar activity for CRM workload testing.,Busy,2021-10-25T09:06:06Z,0,01tPmYvxIX0qsDOIHK,Product2,0038kykNNnHKw2jIAK,Contact
00UgHpr6ZZ8HKOT2JR,Implementation check-in,2026-06-20T13:30:00Z,2026-06-20T14:00:00Z,Regional office,Meeting,Synthetic calendar activity for CRM workload testing.,Out of Office,2022-07-31T23:41:55Z,0,02io63ISCIPAe2WASK,Asset,,
00UyhhsV1MU28W1M2U,Planning workshop,2024-10-08T15:30:00Z,2024-10-08T17:00:00Z,Regional office,Call,Synthetic calendar activity for CRM workload testing.,Out of Office,2021-05-03T14:32:39Z,0,0010WdqUBYu4EriIM6,Account,003aOYRJR4o2kcUANS,Contact
00UjPdM07SodbdDMV2,Implementation check-in,2024-11-28T15:00:00Z,2024-11-28T15:45:00Z,Online meeting,Call,Synthetic calendar activity for CRM workload testing.,Out of Office,2023-01-20T12:40:10Z,0,,,00394wQRWKSVri5I25,Contact
00UJbwRY58WPoAq2UK,Business review,2025-01-23T15:30:00Z,2025-01-23T16:00:00Z,Regional office,Call,Synthetic calendar activity for CRM workload testing.,Busy,2021-06-07T01:30:50Z,0,001wOS4RTezb6AxY4U,Account,00QkgIavtoqrEuAUUI,Lead
00UyLmqvErJi96LUPX,Discovery session,2026-08-23T13:00:00Z,2026-08-23T14:00:00Z,Online meeting,Workshop,Synthetic calendar activity for CRM workload testing.,Out of Office,2025-08-12T19:25:37Z,0,001ll0htSxmTlUFAHW,Account,003tTdqCw3r025oI6L,Contact
00U6rdU73jaxUUc2YZ,Implementation check-in,2024-06-20T10:00:00Z,2024-06-20T11:30:00Z,Customer office,Call,Synthetic calendar activity for CRM workload testing.,Out of Office,2025-06-03T03:04:57Z,0,001ltvwfHnMcdhbAJS,Account,003n7DRKKJS9PqNQWE,Contact
00ULhwhDl4rVerkM5R,Discovery session,2023-08-03T11:30:00Z,2023-08-03T12:00:00Z,Customer office,Call,Synthetic calendar activity for CRM workload testing.,Busy,2025-02-02T13:23:09Z,0,701DNuvDGEm4hghY4U,Campaign,0039s3Fuj3bESMbIKS,Contact
00UezNVNUu1BjsnMX0,Business review,2026-04-15T11:30:00Z,2026-04-15T12:15:00Z,Regional office,Meeting,Synthetic calendar activity for CRM workload testing.,Out of Office,2021-05-09T06:15:14Z,0,701eYR0IxKvWggxING,Campaign,003TdS3ORzLYItLQPH,Contact
00UnmYQzMzmoyei2BL,Planning workshop,2021-05-24T10:30:00Z,2021-05-24T12:00:00Z,Online meeting,Workshop,Synthetic calendar activity for CRM workload testing.,Out of Office,2024-11-04T16:18:23Z,0,006GeC2qtMs0yY3YZO,Opportunity,,
00U5Uxeh6Q0XInVE4Z,Implementation check-in,2022-11-02T14:30:00Z,2022-11-02T16:00:00Z,Online meeting,Meeting,Synthetic calendar activity for CRM workload testing.,Busy,2021-02-25T18:07:46Z,0,701uy02vAEj9sQvINI,Campaign,003XeNeElr8msePY20,Contact
00UWMqYfiY09cR22Z7,Implementation check-in,2026-01-10T10:00:00Z,2026-01-10T11:00:00Z,Online meeting,Workshop,Synthetic calendar activity for CRM workload testing.,Out of Office,2024-06-30T05:30:56Z,0,800UuAJBnXDz811QU5,Contract,003R375X0ukUtivI7U,Contact
00U6Unja1tDp8UJ2OY,Business review,2025-03-04T10:00:00Z,2025-03-04T11:00:00Z,Regional office,Workshop,Synthetic calendar activity for CRM workload testing.,Out of Office,2022-08-18T00:59:41Z,0,820dkfx5MiN3Jf2AR6,Opportunity,00QmCKJB7PtkvMKMZX,Lead
00Uvz0CdF0KxMazUM9,Planning workshop,2026-06-09T10:00:00Z,2026-06-09T10:45:00Z,Regional office,Meeting,Synthetic calendar activity for CRM workload testing.,Out of Office,2022-01-12T01:33:51Z,0,500cVyzQ1FVfWyAA43,Case,0031zbyaheQNtduA6P,Contact
00U6vaWjwhhUpt6M80,Planning workshop,2026-05-15T09:00:00Z,2026-05-15T10:00:00Z,Regional office,Meeting,Synthetic calendar activity for CRM workload testing.,Busy,2023-07-08T20:55:02Z,0,521ZnDKIAdpMn14Q88,Opportunity,003Mq3yB1QMrWPSAUJ,Contact
00U1sFx3E4KdDmPEAM,Planning workshop,2024-04-29T15:00:00Z,2024-04-29T16:00:00Z,Regional office,Workshop,Synthetic calendar activity for CRM workload testing.,Busy,2025-08-12T11:50:51Z,0,001evLCMHIsIpP4IS4,Account,,
00U5cE4honKcRUxUYC,Planning workshop,2023-03-22T14:00:00Z,2023-03-22T15:00:00Z,Regional office,Workshop,Synthetic calendar activity for CRM workload testing.,Out of Office,2025-06-06T10:20:19Z,0,,,,
00Ug5MZatemoMRKEIN,Implementation check-in,2024-11-20T16:00:00Z,2024-11-20T17:00:00Z,Regional office,Call,Synthetic calendar activity for CRM workload testing.,Busy,2023-05-24T08:51:14Z,0,701QvNzI8kZyr86YGN,Campaign,003ezCyox7B4VHNAOG,Contact
00UG9FHBX7QMkab2EW,Business review,2025-04-29T09:30:00Z,2025-04-29T10:15:00Z,Customer office,Call,Synthetic calendar activity for CRM workload testing.,Out of Office,2024-04-06T09:27:47Z,0,00ijCBPeUz5Qky5IPL,Opportunity,003i6XJ36Xc1DSjQ8W,Contact
00UD55nG0lbFfGF2QJ,Implementation check-in,2022-12-19T13:00:00Z,2022-12-19T14:30:00Z,Regional office,Meeting,Synthetic calendar activity for CRM workload testing.,Busy,2021-11-28T11:47:38Z,0,810WEutgN41JOtwIBR,Opportunity,003YKhyUZ3irYQMILZ,Contact
00Us4Lbyr30D2stEZO,Business review,2025-12-07T09:00:00Z,2025-12-07T10:30:00Z,Online meeting,Workshop,Synthetic calendar activity for CRM workload testing.,Busy,2023-04-14T16:13:32Z,0,0209iZ621bh0jciAXC,Opportunity,003cuTGE1DhOEKZQCC,Contact
00UvPDEBcEuvzSJ2O0,Discovery session,2025-07-05T11:00:00Z,2025-07-05T11:30:00Z,Customer office,Workshop,Synthetic calendar activity for CRM workload testing.,Busy,2024-12-29T18:01:32Z,0,001ubaEHL3G30ZJYB5,Opportunity,003Hft4JMPdcICEALJ,Contact
00UK8K8clPbKXVt29U,Planning workshop,2023-11-18T09:00:00Z,2023-11-18T09:45:00Z,Online meeting,Workshop,Synthetic calendar activity for CRM workload testing.,Busy,2021-10-07T15:21:11Z,0,80ipodFX8s3DDUoAAB,Opportunity,00324SkSh22hkotYEY,Contact
00Uvhr8OJhoShLF296,Discovery session,2022-02-15T08:00:00Z,2022-02-15T09:00:00Z,Regional office,Meeting,Synthetic calendar activity for CRM workload testing.,Busy,2024-06-05T05:53:23Z,0,02iqdTamYwRkWmtINV,Asset,003MDLNBmHL5yk4AHY,Contact
00UC1ClR67h4vf0MM2,Discovery session,2025-12-08T10:00:00Z,2025-12-08T10:45:00Z,Customer office,Meeting,Synthetic calendar activity for CRM workload testing.,Busy,2024-12-05T02:47:38Z,0,,,00QloeStDTkqCl128I,Lead
00UM1NbYEvPXSViUGV,Implementation check-in,2024-01-05T11:30:00Z,2024-01-05T12:00:00Z,Customer office,Meeting,Synthetic calendar activity for CRM workload testing.,Out of Office,2025-04-09T00:31:31Z,0,02txIRzPecvW8WyY13,Opportunity,003gibM8EWLdfqIIMK,Contact
00UA8NOYVRE9XpzEPK,Planning workshop,2022-09-30T10:00:00Z,2022-09-30T10:30:00Z,Customer office,Meeting,Synthetic calendar activity for CRM workload testing.,Out of Office,2021-08-19T05:29:29Z,0,7019g7m2YfxR5uxQ6M,Campaign,003OLihz2AMqMbpQ43,Contact
00Un58lDxBABBGQ2FU,Planning workshop,2023-08-31T08:00:00Z,2023-08-31T09:00:00Z,Regional office,Meeting,Synthetic calendar activity for CRM workload testing.,Busy,2023-09-19T23:41:20Z,0,0014WYoiYbOMlUgQDX,Account,00300F7hDG51WfwQJX,Contact
00U3yyX64Cij6LZ28G,Implementation check-in,2024-08-26T11:30:00Z,2024-08-26T13:00:00Z,Regional office,Meeting,Synthetic calendar activity for CRM workload testing.,Busy,2023-08-19T14:52:17Z,0,7010j7HiIFs5acMAA2,Campaign,003KHRGIQ3LptrWQF1,Contact
00U9JWeVsrD71522DU,Planning workshop,2024-02-03T15:00:00Z,2024-02-03T16:30:00Z,Online meeting,Workshop,Synthetic calendar activity for CRM workload testing.,Out of Office,2021-12-19T11:27:41Z,0,001gcyiBi1aOx6uAJ7,Account,003QUsbNgVxP4HJYE9,Contact
00U3WW0oyU28EnBM9B,Implementation check-in,2025-07-10T10:00:00Z,2025-07-10T10:45:00Z,Customer office,Workshop,Synthetic calendar activity for CRM workload testing.,Busy,2025-01-26T22:21:12Z,0,00ijCBPeUz5Qky5IPL,Opportunity,003dJc5crNAzt7eYU5,Contact
00UZleAu9j8s2rJMVK,Discovery session,2021-07-02T11:00:00Z,2021-07-02T12:00:00Z,Customer office,Workshop,Synthetic calendar activity for CRM workload testing.,Busy,2024-03-11T20:33:08Z,0,001CXiPlYrfwSgoQU2,Account,003MZU0Q7PTeiKcYZF,Contact
00UTYSQQHqUZVX5M3G,Planning workshop,2026-02-14T15:00:00Z,2026-02-14T16:30:00Z,Regional office,Workshop,Synthetic calendar activity for CRM workload testing.,Out of Office,2023-03-03T13:53:24Z,0,0018wiQDxKxpFvLYGU,Account,003Ix0q9MoDXB9bQ7A,Contact
00Ul4YBR3K08M8N2WO,Planning workshop,2022-07-16T08:30:00Z,2022-07-16T09:00:00Z,Customer office,Call,Synthetic calendar activity for CRM workload testing.,Out of Office,2025-09-26T02:32:09Z,0,00619ntde9Mf8BfQ4P,Opportunity,003UA5xXYG9MiJhQ1A,Contact
00USh3gfqp18ONjM2A,Implementation check-in,2021-05-30T14:00:00Z,2021-05-30T15:00:00Z,Customer office,Call,Synthetic calendar activity for CRM workload testing.,Out of Office,2024-09-06T12:24:31Z,0,52tR0p53ylj7fAxAPB,Opportunity,003azJSR2ragVkrYFE,Contact
00UT29J34Da4AQP256,Implementation check-in,2025-04-27T10:00:00Z,2025-04-27T10:30:00Z,Customer office,Meeting,Synthetic calendar activity for CRM workload testing.,Busy,2021-04-08T16:58:21Z,0,001IQ2ziiojxbf8YX5,Account,0030I2EUZyu1ilxAN0,Contact
00U8bVngDLU5emj2GR,Business review,2026-02-23T11:30:00Z,2026-02-23T12:30:00Z,Online meeting,Workshop,Synthetic calendar activity for CRM workload testing.,Busy,2024-09-26T22:27:47Z,0,02il4nTZodLEb6wI59,Asset,003DPCxbk2Q3smM6ER,Lead
00ULBeFjbnxLii6EY0,Implementation check-in,2021-08-24T13:30:00Z,2021-08-24T14:15:00Z,Regional office,Workshop,Synthetic calendar activity for CRM workload testing.,Busy,2023-06-08T09:00:38Z,0,71tjE28RTCl2kE2I0Y,Opportunity,0036pKyOJBgDLuPISS,Contact
00UkvjhdOSuUMlp21F,Business review,2025-03-16T15:30:00Z,2025-03-16T16:00:00Z,Regional office,Meeting,Synthetic calendar activity for CRM workload testing.,Busy,2025-03-14T18:46:06Z,0,501iOamI6vFewPbYG5,Opportunity,003R8feqspattJPA37,Contact
00U0iivJ3KAJgDXM3W,Business review,2025-03-03T08:30:00Z,2025-03-03T09:00:00Z,Customer office,Workshop,Synthetic calendar activity for CRM workload testing.,Out of Office,2021-09-26T06:35:14Z,0,500t4jsbNV1KJVxY0X,Case,003zNc6gtnWv8F6AD8,Contact
00U7UMXVcIohQkeUGO,Discovery session,2022-04-19T09:30:00Z,2022-04-19T10:30:00Z,Customer office,Call,Synthetic calendar activity for CRM workload testing.,Out of Office,2025-11-09T00:05:15Z,0,,,003BxoQAfxO1TrZYEW,Contact
00UHJ7Oy9SU0948UJQ,Implementation check-in,2022-08-24T11:00:00Z,2022-08-24T12:30:00Z,Customer office,Meeting,Synthetic calendar activity for CRM workload testing.,Out of Office,2024-01-04T07:23:19Z,0,01i9H3v1jwLj12rYWG,Opportunity,003rfb3cO7MmMYsI30,Contact
00UnaInbx2j0pFPMQF,Business review,2022-07-01T16:00:00Z,2022-07-01T16:30:00Z,Customer office,Meeting,Synthetic calendar activity for CRM workload testing.,Out of Office,2023-07-23T03:57:52Z,0,7016JVvcTYMBRjjQNA,Campaign,,
00UNjWFV83KC2P4MV1,Implementation check-in,2022-01-26T11:00:00Z,2022-01-26T12:00:00Z,Online meeting,Meeting,Synthetic calendar activity for CRM workload testing.,Busy,2022-06-24T08:55:30Z,0,,,00QnjfJ0eDeiLxJMSS,Lead
00U3Xyg4JJOSqIF2RB,Business review,2022-10-12T11:00:00Z,2022-10-12T11:30:00Z,Online meeting,Meeting,Synthetic calendar activity for CRM workload testing.,Busy,2021-01-26T15:53:23Z,0,701AUP2DWX9vWyrQNF,Campaign,003u2f5oGPzB7zdA0X,Contact
00UVX2DT06uWPkKUNG,Implementation check-in,2026-01-21T11:00:00Z,2026-01-21T11:45:00Z,Online meeting,Meeting,Synthetic calendar activity for CRM workload testing.,Out of Office,2024-03-14T12:52:45Z,0,7112i1Hr50yHeraQMN,Opportunity,003Pb89KV8XsE6tAP2,Contact
00UJdjJr00CF4C5UK7,Business review,2022-03-08T15:00:00Z,2022-03-08T16:00:00Z,Online meeting,Meeting,Synthetic calendar activity for CRM workload testing.,Out of Office,2023-09-22T06:34:49Z,0,701k0l45djHyWZsAS1,Campaign,003qLZ2TMkz0uaGAT1,Contact
00U6TIiXTduiIZtMOY,Business review,2025-12-01T15:00:00Z,2025-12-01T16:30:00Z,Regional office,Meeting,Synthetic calendar activity for CRM workload testing.,Busy,2024-09-30T10:02:33Z,0,0015Cr2vcIsO2EGY08,Account,0033HOWp6qXzxCPIVG,Contact
00U9P5Ep1iuxYZ2228,Implementation check-in,2022-02-05T10:30:00Z,2022-02-05T12:00:00Z,Online meeting,Workshop,Synthetic calendar activity for CRM workload testing.,Out of Office,2024-05-20T15:35:29Z,0,,,,
00UbWuU6e1JF6OgMVB,Business review,2023-02-27T10:00:00Z,2023-02-27T11:00:00Z,Online meeting,Meeting,Synthetic calendar activity for CRM workload testing.,Out of Office,2022-08-13T23:35:08Z,0,02iBwYunt5wdyPaAUV,Asset,003BoOeoxrfoYPPAFM,Contact
00Ur5R0tDlgUbMaEXZ,Discovery session,2022-01-23T15:30:00Z,2022-01-23T17:00:00Z,Regional office,Workshop,Synthetic calendar activity for CRM workload testing.,Out of Office,2022-01-26T22:42:54Z,0,001ckBA83DHLBWZQQX,Account,003T3d2WiwNdnVdQCD,Contact
00UssJ923AX9uazUGW,Business review,2022-07-16T09:00:00Z,2022-07-16T09:45:00Z,Customer office,Workshop,Synthetic calendar activity for CRM workload testing.,Busy,2024-04-05T17:32:11Z,0,02i5tHwDGQ8OZEFAOS,Asset,003SDpJKWpDC3n9Y54,Contact
00UomvJtRRI7xSq21O,Discovery session,2021-09-18T10:30:00Z,2021-09-18T11:00:00Z,Online meeting,Meeting,Synthetic calendar activity for CRM workload testing.,Busy,2025-08-13T12:16:05Z,0,,,0037J2EATpSjnO5IMQ,Contact
00UOqEYZS9rBKAhMXX,Business review,2025-10-18T16:30:00Z,2025-10-18T17:15:00Z,Customer office,Meeting,Synthetic calendar activity for CRM workload testing.,Busy,2024-07-24T03:02:19Z,0,02txIRzPecvW8WyY13,Opportunity,003uhAfHhn2QyORAOH,Contact
00U1SPmdbYWph1iMEG,Planning workshop,2023-11-27T14:30:00Z,2023-11-27T16:00:00Z,Online meeting,Call,Synthetic calendar activity for CRM workload testing.,Out of Office,2023-09-14T08:52:48Z,0,701s2qORj9Q5274YHM,Campaign,,
00UfyL0GxJCGsTJUCQ,Business review,2024-01-08T15:00:00Z,2024-01-08T15:45:00Z,Customer office,Call,Synthetic calendar activity for CRM workload testing.,Busy,2022-03-12T18:50:49Z,0,01tSnOrHzEYjRlsIDJ,Product2,003f49vfpd9cSwXA6F,Contact
00UDECCxWMnLQLH2L5,Discovery session,2026-07-02T11:30:00Z,2026-07-02T12:30:00Z,Customer office,Meeting,Synthetic calendar activity for CRM workload testing.,Out of Office,2021-06-10T00:07:54Z,0,02itG0NkYz3qcP9IM8,Asset,003mjuXxIT09fGrAAO,Contact
00UKP8NX0jRYia8EXW,Business review,2021-11-10T15:00:00Z,2021-11-10T15:30:00Z,Customer office,Workshop,Synthetic calendar activity for CRM workload testing.,Out of Office,2024-12-08T14:11:26Z,0,01tzS9ohU8JW5tuYDD,Product2,00QnTyoj2eK0ZCGYK9,Lead
00UXbG7hWA9sro5UIK,Discovery session,2024-04-11T08:00:00Z,2024-04-11T08:30:00Z,Regional office,Call,Synthetic calendar activity for CRM workload testing.,Busy,2024-01-24T23:48:21Z,0,82689KnIcbNAgyTA3V,Opportunity,003uwa0GaixV5VQI3X,Contact
00UouwJFUEI5xfKUCQ,Implementation check-in,2023-10-02T15:00:00Z,2023-10-02T16:30:00Z,Customer office,Meeting,Synthetic calendar activity for CRM workload testing.,Out of Office,2023-01-11T17:37:44Z,0,701L7PbnIaoCL4kACA,Campaign,0032p8oun2P6EjWAXK,Contact
00UILQ1u25ya17UM1S,Business review,2022-11-28T09:00:00Z,2022-11-28T10:30:00Z,Online meeting,Workshop,Synthetic calendar activity for CRM workload testing.,Out of Office,2024-09-15T15:25:11Z,0,001lUr971GtA6wXYCT,Account,00Qpa6cvY4MOTT1MLH,Lead
00UxfieQoBaQXkaEH5,Discovery session,2021-07-18T11:30:00Z,2021-07-18T12:00:00Z,Customer office,Call,Synthetic calendar activity for CRM workload testing.,Out of Office,2022-07-29T11:06:16Z,0,000PVtknOKI3BHaY58,Opportunity,003buvmdP5A3RUCAAL,Contact
00UuSU68kWnBr4hUI2,Planning workshop,2026-05-11T13:30:00Z,2026-05-11T14:30:00Z,Customer office,Call,Synthetic calendar activity for CRM workload testing.,Out of Office,2024-08-23T08:45:43Z,0,701Dpaw66va6dUvYOQ,Campaign,003lesXU7uXxsjtYHT,Contact
00U8cwmyXTP8bpiEEY,Implementation check-in,2022-03-23T13:00:00Z,2022-03-23T13:45:00Z,Customer office,Workshop,Synthetic calendar activity for CRM workload testing.,Out of Office,2023-08-30T18:32:36Z,0,02iAtVAnynLexwLYFW,Asset,003ehyNoKXJL01LISB,Contact
00Ut6FIlNWnQu7VENH,Discovery session,2023-12-22T13:00:00Z,2023-12-22T13:30:00Z,Regional office,Meeting,Synthetic calendar activity for CRM workload testing.,Out of Office,2021-07-26T15:57:46Z,0,500TBzbSjeenGloI10,Case,,
00UJWS4LHyPgaEvMVS,Discovery session,2021-06-30T09:00:00Z,2021-06-30T09:45:00Z,Customer office,Meeting,Synthetic calendar activity for CRM workload testing.,Out of Office,2023-06-12T06:12:58Z,0,02iU2EQW8MOA1J8IIM,Asset,0038mpZAjyw0zY6APK,Contact
00UL6u2tdrhegp0M9V,Business review,2024-06-24T13:00:00Z,2024-06-24T14:00:00Z,Customer office,Workshop,Synthetic calendar activity for CRM workload testing.,Out of Office,2024-04-18T09:04:15Z,0,001kIZzocnhLCvOQBW,Account,003wPWh5IPvXbdQADI,Contact
00UUNry0EWXTtx2EPT,Discovery session,2022-04-01T15:00:00Z,2022-04-01T16:00:00Z,Online meeting,Call,Synthetic calendar activity for CRM workload testing.,Out of Office,2023-07-17T09:20:20Z,0,02ilaud6tWyMF9bIOS,Asset,003FH7fLXLiKc8oQPL,Contact
00UHG4TNWRtDPrTM4X,Planning workshop,2024-10-23T16:30:00Z,2024-10-23T17:00:00Z,Online meeting,Meeting,Synthetic calendar activity for CRM workload testing.,Busy,2023-10-24T07:11:42Z,0,0018haifivYezP7QUH,Account,003h2qhaI8M0YeoIEQ,Contact
00UZEvCLCgRrql92TV,Planning workshop,2026-06-10T15:30:00Z,2026-06-10T16:00:00Z,Online meeting,Meeting,Synthetic calendar activity for CRM workload testing.,Out of Office,2025-06-01T23:20:18Z,0,001ev39cBq0xejNIY0,Account,003BWrIDgk0dlGWQ9O,Contact
00UmUVoKAfuxyYJMHZ,Discovery session,2021-07-11T09:30:00Z,2021-07-11T10:30:00Z,Online meeting,Meeting,Synthetic calendar activity for CRM workload testing.,Out of Office,2021-08-03T02:47:09Z,0,701zPCT7q7BesAmYT9,Campaign,003gBl0zvJ8uI8jIJ4,Contact
00U3D6mdnvBH983U1J,Implementation check-in,2022-01-03T09:30:00Z,2022-01-03T10:15:00Z,Regional office,Workshop,Synthetic calendar activity for CRM workload testing.,Busy,2025-06-06T19:55:53Z,0,5009jZH2kJVWUyTQ9W,Case,003R3oAjKPJjXUrQC6,Contact
00UAnHyQtlUgbT1MAY,Planning workshop,2024-02-03T16:30:00Z,2024-02-03T17:15:00Z,Online meeting,Meeting,Synthetic calendar activity for CRM workload testing.,Busy,2025-06-28T14:51:56Z,0,001G40EGKjt7p96I7T,Account,0030bBuhufDcozbAA3,Contact
00UPIY3mw5VF9SQ2FP,Planning workshop,2022-04-11T08:30:00Z,2022-04-11T10:00:00Z,Customer office,Call,Synthetic calendar activity for CRM workload testing.,Busy,2025-11-04T10:05:41Z,0,800dkaw6CfGALmZACU,Contract,0033EcjyMCIQqMfYEB,Contact
00U9iyIJgGRLfYAMSM,Planning workshop,2026-02-02T09:00:00Z,2026-02-02T10:30:00Z,Regional office,Workshop,Synthetic calendar activity for CRM workload testing.,Out of Office,2024-09-24T11:54:32Z,0,500Q2cTozA6h6POIBP,Opportunity,003wPtZiQmPA7ykI74,Contact
00UUOkRehbF2cSZUMV,Implementation check-in,2022-06-15T16:30:00Z,2022-06-15T17:15:00Z,Regional office,Workshop,Synthetic calendar activity for CRM workload testing.,Busy,2025-12-04T08:53:32Z,0,001qn0PeVSegyj1AFD,Account,003FQLn0e9xyU6lY7G,Contact
00UVJ3MgBDWHyPb2U0,Implementation check-in,2024-09-23T09:30:00Z,2024-09-23T10:15:00Z,Online meeting,Call,Synthetic calendar activity for CRM workload testing.,Out of Office,2024-08-24T22:30:00Z,0,82iMTq96WLaRD1zAEY,Opportunity,003y1knBdIDifuNYM6,Contact
00UA61jSEmgh4sp2V7,Business review,2023-08-15T16:30:00Z,2023-08-15T17:30:00Z,Online meeting,Call,Synthetic calendar activity for CRM workload testing.,Busy,2026-02-08T00:13:18Z,0,001R0OuIWPEowdMYT2,Account,003PoMytXiLLY9MQ9O,Contact
00UqVZEvKuGQDBa2H7,Implementation check-in,2024-11-03T14:30:00Z,2024-11-03T15:15:00Z,Regional office,Call,Synthetic calendar activity for CRM workload testing.,Out of Office,2022-07-05T15:39:57Z,0,01i66jB7YseiJuuA70,Opportunity,0031Q3Evc7Xc9rbQI3,Contact
00U8cblkbyW49oXEBA,Business review,2022-05-03T14:30:00Z,2022-05-03T15:15:00Z,Customer office,Workshop,Synthetic calendar activity for CRM workload testing.,Busy,2023-01-15T01:40:54Z,0,02ia849yCa34TtVIMY,Asset,003lcwQRxprZpYMA25,Contact
00UlcF2trjyy38128A,Discovery session,2024-09-30T16:30:00Z,2024-09-30T17:15:00Z,Online meeting,Call,Synthetic calendar activity for CRM workload testing.,Out of Office,2024-05-31T02:47:46Z,0,001ygA3FAG75gTTAXO,Account,003SDpJKWpDC3n9Y54,Contact
00UO2nuWM0dxO5WECQ,Business review,2022-05-20T16:00:00Z,2022-05-20T17:30:00Z,Online meeting,Workshop,Synthetic calendar activity for CRM workload testing.,Busy,2025-02-25T03:09:27Z,0,02imA15TlV0zpAnQSR,Asset,,
00UmYQ2eIRtrV5CE4U,Implementation check-in,2026-07-10T14:00:00Z,2026-07-10T15:30:00Z,Regional office,Workshop,Synthetic calendar activity for CRM workload testing.,Out of Office,2022-03-05T22:52:59Z,0,701ij13ElUK36zHQ2S,Campaign,003PVjht8so2oTdQOV,Contact
00UItBgzuEhFXIp2I6,Implementation check-in,2023-06-28T11:00:00Z,2023-06-28T11:45:00Z,Regional office,Workshop,Synthetic calendar activity for CRM workload testing.,Out of Office,2026-04-26T21:08:06Z,0,001JcZQ7uhRMVxxILW,Account,,
00UCgxdmUbDcVlJEMW,Implementation check-in,2023-02-06T10:00:00Z,2023-02-06T11:30:00Z,Online meeting,Meeting,Synthetic calendar activity for CRM workload testing.,Busy,2025-10-29T23:12:11Z,0,801nfZnswQNLrZpYXQ,Opportunity,003HyElyrwbdqT8QAZ,Contact
00UBuItoQELDe95UJK,Discovery session,2021-11-05T14:30:00Z,2021-11-05T16:00:00Z,Regional office,Workshop,Synthetic calendar activity for CRM workload testing.,Out of Office,2026-02-01T03:39:35Z,0,500h9P3mlO6anEqAP9,Case,,
00UZyXiE2A06YwP23S,Business review,2025-10-26T09:00:00Z,2025-10-26T09:30:00Z,Customer office,Call,Synthetic calendar activity for CRM workload testing.,Out of Office,2023-04-08T14:05:04Z,0,52iUP44Z1VvVcIYA8B,Opportunity,003uqaPRAYt8PdlQOW,Contact
00Ujkeiqe3GDSRX2MZ,Implementation check-in,2024-12-27T13:00:00Z,2024-12-27T14:30:00Z,Regional office,Workshop,Synthetic calendar activity for CRM workload testing.,Out of Office,2023-09-09T01:32:25Z,0,7111gr5Czm59s4qQRS,Opportunity,003xHCmVK9xzUW6IM8,Contact
00UoWYnt9PN8ovyMB4,Discovery session,2024-12-23T16:30:00Z,2024-12-23T17:15:00Z,Customer office,Meeting,Synthetic calendar activity for CRM workload testing.,Busy,2023-08-10T17:33:39Z,0,800b4hPm6qk3M2KARE,Opportunity,003Mfp4ku7pOXLnYBE,Contact
00UzAwprESGLuHXUZM,Discovery session,2026-07-22T14:00:00Z,2026-07-22T14:45:00Z,Regional office,Meeting,Synthetic calendar activity for CRM workload testing.,Busy,2021-10-11T03:21:13Z,0,7017OD7USLqvwTSQ40,Campaign,003QcMefpBN7uCgA7D,Contact
00UjqJ4Ra4tjEPEU72,Discovery session,2022-07-31T16:00:00Z,2022-07-31T16:45:00Z,Customer office,Workshop,Synthetic calendar activity for CRM workload testing.,Busy,2025-12-23T13:24:24Z,0,00tK8p779q4DqJHYDL,Opportunity,0032uHaUbTrA8sxY8T,Contact
00UX8AccagaENaf2D4,Implementation check-in,2021-06-12T08:00:00Z,2021-06-12T09:00:00Z,Online meeting,Call,Synthetic calendar activity for CRM workload testing.,Busy,2023-03-11T14:26:06Z,0,02icNJrjooDqU56QAD,Asset,003ObY6T5K3DWQxAUR,Contact
00UTndz0fgh0DN8MZN,Business review,2025-03-15T10:00:00Z,2025-03-15T11:00:00Z,Regional office,Workshop,Synthetic calendar activity for CRM workload testing.,Out of Office,2021-11-03T13:46:01Z,0,001TBaHImIEtjplQN7,Account,003e9SO55KcgAKPQ5C,Contact
00UDLrAIjCzARpkMRH,Discovery session,2026-06-09T08:00:00Z,2026-06-09T09:00:00Z,Regional office,Call,Synthetic calendar activity for CRM workload testing.,Out of Office,2023-09-29T18:42:49Z,0,7109fVIumfYROxoYBY,Opportunity,,
00UYh655RpU5qxSU7J,Business review,2021-08-17T15:30:00Z,2021-08-17T16:00:00Z,Online meeting,Call,Synthetic calendar activity for CRM workload testing.,Busy,2021-11-27T23:20:36Z,0,001evLCMHIsIpP4IS4,Account,0030LfI9bdZF3eQINR,Contact
00UKlDEjRzJLMd2M1F,Business review,2026-02-18T15:30:00Z,2026-02-18T16:30:00Z,Regional office,Call,Synthetic calendar activity for CRM workload testing.,Busy,2021-05-15T04:58:09Z,0,001lUr971GtA6wXYCT,Account,0038KaVYDLfphloIAC,Contact
00UF5c6iwPVWtA8ET2,Business review,2026-06-16T13:30:00Z,2026-06-16T14:15:00Z,Customer office,Workshop,Synthetic calendar activity for CRM workload testing.,Busy,2026-01-17T00:15:45Z,0,701k0l45djHyWZsAS1,Campaign,003IhTjEGYYSFfTY49,Contact
00Ut5JVTLV16lOlMI7,Business review,2024-08-28T15:30:00Z,2024-08-28T16:00:00Z,Online meeting,Meeting,Synthetic calendar activity for CRM workload testing.,Busy,2024-05-01T23:26:05Z,0,001ZBID6zyXHdcLAAH,Account,003rTm7hZj8JtoNQBV,Contact
00UxE6uFR3mwzZtEVH,Planning workshop,2024-07-01T13:30:00Z,2024-07-01T15:00:00Z,Customer office,Workshop,Synthetic calendar activity for CRM workload testing.,Out of Office,2023-11-13T06:28:28Z,0,72t9zEkTwkivCQsA8X,Order,0030frhZtPJhLZwQAT,Contact
00UzPpwjzOlnKoZEVD,Discovery session,2024-04-27T14:30:00Z,2024-04-27T16:00:00Z,Online meeting,Workshop,Synthetic calendar activity for CRM workload testing.,Busy,2024-05-19T05:06:16Z,0,02tnP1UyY82cSyiIZD,Opportunity,003SGHtfbjI2AH1A2F,Contact
00Uf9yFgh3ArC5qU1H,Implementation check-in,2025-08-30T15:00:00Z,2025-08-30T16:00:00Z,Customer office,Call,Synthetic calendar activity for CRM workload testing.,Out of Office,2024-04-03T19:40:01Z,0,501JqXNS4eKhs4SAD0,Opportunity,003Fw5RxAPJU0ZdABZ,Contact
00UNxCuUieXDVQeMH2,Planning workshop,2025-10-01T16:30:00Z,2025-10-01T17:00:00Z,Customer office,Meeting,Synthetic calendar activity for CRM workload testing.,Busy,2024-12-30T01:25:26Z,0,026mpJ3qkHMPwcfA89,Order,003fXRtYH2J1xp9ADS,Contact
00UvrfUSN7h4tScMXK,Planning workshop,2022-03-03T09:30:00Z,2022-03-03T11:00:00Z,Customer office,Meeting,Synthetic calendar activity for CRM workload testing.,Busy,2021-11-14T04:42:07Z,0,701AUP2DWX9vWyrQNF,Campaign,00308aR2Ghbld2lQJO,Contact
00UDN1b8Zv78Vdx2KP,Discovery session,2023-02-19T10:00:00Z,2023-02-19T10:45:00Z,Online meeting,Call,Synthetic calendar activity for CRM workload testing.,Busy,2025-01-17T12:22:59Z,0,500ykliBCXgWhYkISA,Case,,
00UbmAuuffyn4AeU1L,Business review,2021-05-27T10:00:00Z,2021-05-27T10:45:00Z,Customer office,Meeting,Synthetic calendar activity for CRM workload testing.,Out of Office,2025-11-17T16:35:24Z,0,02iQ9hFoDDGvEY6QAK,Asset,0032TQrA3bO5liLQR5,Contact
00Uq8C6bsXwhvN424Y,Business review,2024-12-08T13:30:00Z,2024-12-08T14:30:00Z,Regional office,Call,Synthetic calendar activity for CRM workload testing.,Busy,2022-09-14T22:15:10Z,0,500Zmz94iab3HydQFG,Case,00Qhv6hNnglMkgEE3G,Lead
00Uvx1nLp722VpmU5S,Business review,2025-05-08T15:30:00Z,2025-05-08T17:00:00Z,Customer office,Call,Synthetic calendar activity for CRM workload testing.,Out of Office,2021-08-28T06:27:30Z,0,500ns4nWp71pJXqI60,Case,003ElPSqGnL5349YXS,Contact
00UjfSqC3HnIQiR2NZ,Planning workshop,2022-12-19T16:30:00Z,2022-12-19T17:00:00Z,Customer office,Meeting,Synthetic calendar activity for CRM workload testing.,Out of Office,2025-08-22T09:37:58Z,0,5003M4nlHoKgVCqYEX,Case,00QF1xcDHBou9XQMEP,Lead
00Um754vGsyhyCCU71,Discovery session,2024-02-22T09:00:00Z,2024-02-22T10:00:00Z,Customer office,Call,Synthetic calendar activity for CRM workload testing.,Out of Office,2025-07-06T06:38:16Z,0,001U9TwW1ZhV64GITA,Account,0032cIJPDHioYkzYVI,Contact
00USz336JNssL1dU06,Business review,2024-04-15T09:00:00Z,2024-04-15T09:45:00Z,Online meeting,Workshop,Synthetic calendar activity for CRM workload testing.,Busy,2024-07-25T14:10:52Z,0,001d6L0YO7RdZlqYEZ,Account,003DY4Vr4QymuaUQLH,Contact
00URHGiz9NojhryU3T,Discovery session,2026-05-04T09:30:00Z,2026-05-04T11:00:00Z,Customer office,Workshop,Synthetic calendar activity for CRM workload testing.,Busy,2022-10-15T10:36:36Z,0,506lz24Tb5X9TnaY3R,Opportunity,0031Q3Evc7Xc9rbQI3,Contact
00U5xNDS7EsTal8E3E,Implementation check-in,2023-04-04T16:30:00Z,2023-04-04T17:30:00Z,Regional office,Meeting,Synthetic calendar activity for CRM workload testing.,Busy,2025-05-11T10:37:04Z,0,501Uyjtx5bzEAz1YRV,Opportunity,003VeMNXOn4b6m3YPM,Contact
00U0WhScqpPkdUWME3,Planning workshop,2023-03-03T14:00:00Z,2023-03-03T14:30:00Z,Customer office,Meeting,Synthetic calendar activity for CRM workload testing.,Out of Office,2025-04-05T10:12:52Z,0,,,003gZazPmf37RusA5F,Contact
00UABY9liyPzKxjE9E,Discovery session,2026-07-06T14:30:00Z,2026-07-06T15:30:00Z,Regional office,Meeting,Synthetic calendar activity for CRM workload testing.,Out of Office,2025-05-24T11:11:01Z,0,006QRmC7byjDIKOY2O,Order,003iMhFEz9vvPp9AEG,Contact
00UVMPQ8pvdujHc2SA,Business review,2021-09-21T11:00:00Z,2021-09-21T11:30:00Z,Online meeting,Meeting,Synthetic calendar activity for CRM workload testing.,Busy,2022-01-16T14:08:14Z,0,800KDorsIospFtbYNG,Contract,003s6dF4hMdQPk0I7Y,Contact
00UcAE1ru2zLCzbMFY,Planning workshop,2025-05-06T14:00:00Z,2025-05-06T14:30:00Z,Regional office,Meeting,Synthetic calendar activity for CRM workload testing.,Out of Office,2022-10-02T22:44:43Z,0,,,00Qidr88ghLsMnyEMF,Lead
00UDCKQdWPXDc2eEQ2,Business review,2025-01-03T14:30:00Z,2025-01-03T15:00:00Z,Regional office,Call,Synthetic calendar activity for CRM workload testing.,Out of Office,2024-11-01T09:24:05Z,0,7107w2YsFXTaBbMYJI,Opportunity,003ahAqxGiFFa9nI0R,Contact
00URFK6MvNPlmFF20W,Planning workshop,2021-10-17T15:30:00Z,2021-10-17T16:15:00Z,Customer office,Workshop,Synthetic calendar activity for CRM workload testing.,Busy,2023-11-18T17:04:40Z,0,026bP5aoRYukgxlY0X,Order,,
00UF1yMU4INTxlTEQV,Planning workshop,2025-04-12T15:30:00Z,2025-04-12T17:00:00Z,Customer office,Workshop,Synthetic calendar activity for CRM workload testing.,Out of Office,2024-09-24T13:26:22Z,0,,,0036M9oi3OkmErTIEE,Contact
00UT1OiZZziqYj1UXH,Planning workshop,2023-06-29T13:00:00Z,2023-06-29T14:30:00Z,Customer office,Workshop,Synthetic calendar activity for CRM workload testing.,Out of Office,2021-05-19T08:40:49Z,0,,,003x8fjgq3Azg0PQN3,Contact
00UbHsAuzw6GnXKESI,Business review,2023-03-12T15:30:00Z,2023-03-12T16:15:00Z,Customer office,Call,Synthetic calendar activity for CRM workload testing.,Busy,2024-03-17T17:26:25Z,0,001Hmzu237idVEDY59,Account,003lSqIBuJLGR6JY56,Contact
00U9D0Bls7jkDfY2NN,Business review,2022-05-24T11:30:00Z,2022-05-24T12:00:00Z,Regional office,Workshop,Synthetic calendar activity for CRM workload testing.,Busy,2023-07-24T10:54:17Z,0,72iIgR6vwZzvAVWID9,Opportunity,003MZU0Q7PTeiKcYZF,Contact
00Uf5mX6pU8iwM5UAI,Planning workshop,2026-05-26T11:30:00Z,2026-05-26T13:00:00Z,Online meeting,Call,Synthetic calendar activity for CRM workload testing.,Busy,2022-09-05T09:27:59Z,0,011JxfixcCLvwAjYHP,Opportunity,,
00Udbsvlc3sZ1s5MAR,Discovery session,2025-11-06T10:30:00Z,2025-11-06T11:00:00Z,Customer office,Call,Synthetic calendar activity for CRM workload testing.,Out of Office,2022-01-17T13:32:59Z,0,,,003QYJse9mNIwwVAVV,Contact
00UeqIeQGFGuFDyUNA,Discovery session,2024-05-19T13:30:00Z,2024-05-19T14:30:00Z,Regional office,Meeting,Synthetic calendar activity for CRM workload testing.,Out of Office,2024-07-15T20:04:57Z,0,001Hmzu237idVEDY59,Account,003YP7uuJj5v7HqAZ1,Contact
00UaZIzTqVS2nnW27Q,Discovery session,2025-01-17T14:30:00Z,2025-01-17T15:15:00Z,Customer office,Meeting,Synthetic calendar activity for CRM workload testing.,Out of Office,2025-11-10T17:45:56Z,0,001Tn3lq2OpXiyaYCN,Account,00QVBa8QvIoFvwKUWM,Lead
00UdZtWhwoJNcPmM5G,Implementation check-in,2022-04-28T10:00:00Z,2022-04-28T10:45:00Z,Regional office,Workshop,Synthetic calendar activity for CRM workload testing.,Busy,2021-12-20T11:59:13Z,0,821L2kXekYpaJdVIFT,Opportunity,00QUVRaBZzkEaaOKD8,Lead
00UsX5MNxTlOpC0E0E,Implementation check-in,2022-11-10T10:30:00Z,2022-11-10T12:00:00Z,Customer office,Meeting,Synthetic calendar activity for CRM workload testing.,Out of Office,2021-02-01T12:31:12Z,0,001DvFcs2OCjLNHAFJ,Account,003td4GzVupmvlzANX,Contact
00UqlzV3Vzt7E42EEQ,Implementation check-in,2023-01-15T10:30:00Z,2023-01-15T11:15:00Z,Online meeting,Workshop,Synthetic calendar activity for CRM workload testing.,Out of Office,2025-09-01T20:38:31Z,0,001yVmlwCnpWY0fA4W,Account,00Qoi05R82gHnoe25Q,Lead
00UN6QykBMUnx8bELU,Discovery session,2023-05-10T08:30:00Z,2023-05-10T10:00:00Z,Customer office,Meeting,Synthetic calendar activity for CRM workload testing.,Busy,2025-09-16T09:38:54Z,0,01tehL51gEnarvLQGW,Opportunity,00QkomKZEN40vmBETT,Lead
00UJCV3WO1yOxQe25M,Business review,2026-05-09T14:30:00Z,2026-05-09T15:30:00Z,Customer office,Workshop,Synthetic calendar activity for CRM workload testing.,Busy,2025-07-06T05:35:24Z,0,,,003VCiuiE6Fh61HYE7,Contact
00U5gbU6ameXVJFEV4,Implementation check-in,2022-01-18T11:00:00Z,2022-01-18T11:45:00Z,Customer office,Workshop,Synthetic calendar activity for CRM workload testing.,Out of Office,2022-11-16T09:33:03Z,0,,,003vmqy5fND6SOaI5V,Contact
00UEGd0QrAqrm3iM04,Implementation check-in,2025-11-08T08:00:00Z,2025-11-08T08:30:00Z,Regional office,Meeting,Synthetic calendar activity for CRM workload testing.,Busy,2023-08-18T07:29:27Z,0,500WdhCnYxuzgyFY1W,Case,003cMX0lIecSIbxYI1,Contact
00Uv76nT09TMP2FU9L,Business review,2021-10-11T13:00:00Z,2021-10-11T14:00:00Z,Online meeting,Call,Synthetic calendar activity for CRM workload testing.,Busy,2024-04-19T16:50:12Z,0,70izJscuGLLZ5kjAD2,Opportunity,003yV84dOsc9TXNYUL,Contact
00UdBfItgLRaVnDMF0,Implementation check-in,2023-09-14T14:30:00Z,2023-09-14T15:15:00Z,Online meeting,Workshop,Synthetic calendar activity for CRM workload testing.,Busy,2024-03-20T07:39:23Z,0,800VBUvut5fQsV9YLK,Contract,,
00U4Xh1OjInq7GFMXC,Business review,2021-07-03T09:00:00Z,2021-07-03T09:45:00Z,Customer office,Call,Synthetic calendar activity for CRM workload testing.,Out of Office,2026-01-03T12:07:56Z,0,001yQSD3rwvt3ZBAV9,Account,003D3c4EiA0KVHYQ6Q,Contact
00UqnNj00Y756QuU58,Planning workshop,2026-01-29T08:30:00Z,2026-01-29T09:30:00Z,Customer office,Meeting,Synthetic calendar activity for CRM workload testing.,Out of Office,2026-06-15T00:41:02Z,0,500BRP2yihMtoSuQFB,Case,,
00UOZQcvpfPp52KM6W,Discovery session,2023-05-02T15:00:00Z,2023-05-02T16:00:00Z,Regional office,Meeting,Synthetic calendar activity for CRM workload testing.,Out of Office,2024-08-13T06:10:54Z,0,,,003WOAiVxN3PyWHA36,Contact
00UiVmbPpg5vmWcMCS,Planning workshop,2024-02-10T09:30:00Z,2024-02-10T10:00:00Z,Regional office,Workshop,Synthetic calendar activity for CRM workload testing.,Busy,2025-07-06T07:24:34Z,0,001bEjr0cyFC7SBAXL,Account,0031Q3Evc7Xc9rbQI3,Contact
00USTPGz2rWy1k02KW,Planning workshop,2024-05-16T10:00:00Z,2024-05-16T11:30:00Z,Customer office,Call,Synthetic calendar activity for CRM workload testing.,Out of Office,2021-01-16T21:15:07Z,0,5005yFgckE1ceDbIAC,Opportunity,003cXEiEfiPaRQlAUB,Contact
00UllVVKbsz6XzYMC8,Business review,2025-08-17T14:00:00Z,2025-08-17T14:30:00Z,Regional office,Call,Synthetic calendar activity for CRM workload testing.,Busy,2023-02-01T18:08:45Z,0,001oowXHzEaXod1YS1,Account,00QkKajXHGpdW94EH7,Lead
00UGypeC3BtRNdvMEJ,Implementation check-in,2025-09-14T16:30:00Z,2025-09-14T17:00:00Z,Regional office,Meeting,Synthetic calendar activity for CRM workload testing.,Busy,2024-05-28T07:51:07Z,0,500Xq9tyG1HDzz9Y3S,Case,0031Q3Evc7Xc9rbQI3,Contact
00UQQ03cnW4asQoMGD,Business review,2024-02-01T08:00:00Z,2024-02-01T08:30:00Z,Customer office,Call,Synthetic calendar activity for CRM workload testing.,Busy,2025-03-25T15:22:56Z,0,001XOGQaJwZLxA8YV5,Account,0034NLRXc49Mr8gYJA,Contact
00UHhhFu4KvEiFVM23,Implementation check-in,2021-12-18T15:00:00Z,2021-12-18T16:00:00Z,Regional office,Meeting,Synthetic calendar activity for CRM workload testing.,Busy,2021-10-15T04:44:05Z,0,7016crDLINhcuvpAZH,Campaign,0037F7ZQVrLuk6jA5E,Contact
00USDeIUAvTv5jj2E8,Business review,2026-03-26T11:30:00Z,2026-03-26T13:00:00Z,Online meeting,Workshop,Synthetic calendar activity for CRM workload testing.,Busy,2023-11-07T20:29:37Z,0,500vLM8O4lxkOE4QVS,Case,003moatACR4H0qAI31,Contact
00UWedEGPMgFWlLEL9,Planning workshop,2021-05-11T10:00:00Z,2021-05-11T11:30:00Z,Regional office,Meeting,Synthetic calendar activity for CRM workload testing.,Busy,2026-06-26T00:14:18Z,0,,,003I3dWkbTjcuLqIU3,Contact
00UbRmUEWlLAC1f2PP,Planning workshop,2021-10-07T14:00:00Z,2021-10-07T14:30:00Z,Customer office,Call,Synthetic calendar activity for CRM workload testing.,Busy,2022-11-15T20:39:05Z,0,701ij13ElUK36zHQ2S,Campaign,,
00UwWepPO5CPWPFEI2,Discovery session,2026-02-05T14:30:00Z,2026-02-05T15:00:00Z,Customer office,Meeting,Synthetic calendar activity for CRM workload testing.,Busy,2024-04-06T13:08:56Z,0,800i2e9JuQkjvVeIGG,Contract,003koWoclygPITyIKQ,Contact
00UH8jbFxt1LAyn28R,Planning workshop,2024-06-15T15:30:00Z,2024-06-15T16:00:00Z,Customer office,Meeting,Synthetic calendar activity for CRM workload testing.,Out of Office,2021-03-10T01:55:46Z,0,71t7Em0CjNehdJoY4T,Opportunity,0038kykNNnHKw2jIAK,Contact
00UyXQtHUgNxp6lUBN,Implementation check-in,2023-03-19T08:00:00Z,2023-03-19T08:45:00Z,Online meeting,Workshop,Synthetic calendar activity for CRM workload testing.,Out of Office,2021-04-17T19:33:22Z,0,,,003QBltyfxsedwvIDY,Contact
00UAC9A1ruwArta2ZY,Planning workshop,2023-05-29T11:30:00Z,2023-05-29T13:00:00Z,Customer office,Call,Synthetic calendar activity for CRM workload testing.,Out of Office,2021-03-12T16:18:00Z,0,026fIXSnC4XbAqbAIC,Opportunity,003Z7i47cIIFP47YOK,Contact
00UBj5sB9zcyyjz29C,Business review,2026-01-07T11:00:00Z,2026-01-07T12:00:00Z,Customer office,Call,Synthetic calendar activity for CRM workload testing.,Busy,2026-06-03T15:08:09Z,0,72tZRFHUoL5umGkI3B,Opportunity,003VMr2dUUitVLPA5B,Contact
00UAD3RkpmmYsQbEIF,Business review,2021-07-06T08:00:00Z,2021-07-06T08:30:00Z,Customer office,Workshop,Synthetic calendar activity for CRM workload testing.,Out of Office,2025-01-01T19:39:39Z,0,0014xFF5q1fi7GwQMP,Account,003bJcoA58DEApFASK,Contact
00UvVX3wwC0mex72KM,Implementation check-in,2026-03-28T08:30:00Z,2026-03-28T09:00:00Z,Online meeting,Meeting,Synthetic calendar activity for CRM workload testing.,Out of Office,2022-09-17T18:00:29Z,0,501iwVuT1jAKO8wY9A,Order,003UUFIyuunUarnQRI,Contact
00UZJHRb5Y1SqeI2TI,Planning workshop,2023-11-09T16:00:00Z,2023-11-09T17:30:00Z,Customer office,Call,Synthetic calendar activity for CRM workload testing.,Busy,2024-05-30T20:14:27Z,0,500qoufHBnN5MxAYZP,Case,0037Z1wIgcENFXbIOW,Contact
00UMVYweY1OPnbY2PS,Business review,2025-03-31T15:30:00Z,2025-03-31T16:15:00Z,Customer office,Workshop,Synthetic calendar activity for CRM workload testing.,Out of Office,2023-03-20T10:05:41Z,0,81tjXCdSMOR3xvtA79,Opportunity,0036IDX41NFUzcsQYY,Contact
00USfljW7vshanjU5O,Discovery session,2023-05-02T15:30:00Z,2023-05-02T16:00:00Z,Customer office,Meeting,Synthetic calendar activity for CRM workload testing.,Out of Office,2025-02-20T16:51:42Z,0,71iJPUzw352cqhrI4P,Opportunity,003SIbEzrYGgsFcQ55,Contact
00UUZoaOJ2Iq4Q2U0R,Business review,2024-12-01T09:00:00Z,2024-12-01T09:45:00Z,Customer office,Call,Synthetic calendar activity for CRM workload testing.,Out of Office,2026-01-18T06:17:59Z,0,0014rAjCuliftUBIPG,Account,0037jnBtdUsdG9zAXN,Contact
00Uc4lDNnz3QrBc2NG,Business review,2023-12-17T08:00:00Z,2023-12-17T08:45:00Z,Regional office,Meeting,Synthetic calendar activity for CRM workload testing.,Busy,2021-06-23T23:20:53Z,0,500HoAsfKJ6oI5WINU,Case,,
00UK56H9U5rNEss2MU,Discovery session,2023-06-10T09:00:00Z,2023-06-10T09:30:00Z,Online meeting,Workshop,Synthetic calendar activity for CRM workload testing.,Out of Office,2021-05-10T10:13:29Z,0,02iosG5N7aTyygtYEQ,Asset,003Mo2pbJ8lREz8I4C,Contact
00UlowXLi9X2H6gEN8,Planning workshop,2024-06-14T08:00:00Z,2024-06-14T09:00:00Z,Online meeting,Meeting,Synthetic calendar activity for CRM workload testing.,Out of Office,2021-07-14T10:27:53Z,0,001MfuiALipgsrAIEL,Account,003h5OqMJqaaRmmIQ8,Contact
00UFRuH8tPvL8vm22A,Planning workshop,2025-01-21T15:30:00Z,2025-01-21T16:15:00Z,Customer office,Workshop,Synthetic calendar activity for CRM workload testing.,Out of Office,2023-06-18T11:25:30Z,0,80iq1Bh2MseHsg3YUS,Opportunity,003ALU8RfKdcUlxQN4,Contact
00UdqAeW2OIWlqvE2Q,Business review,2025-05-20T14:00:00Z,2025-05-20T14:30:00Z,Customer office,Call,Synthetic calendar activity for CRM workload testing.,Busy,2024-07-22T02:11:22Z,0,001rLqfAY4OfLS1QF8,Account,003QUdPFTL5lmb9I29,Contact
00UiXmrGTcQQJsdU3F,Business review,2025-02-25T11:30:00Z,2025-02-25T13:00:00Z,Online meeting,Meeting,Synthetic calendar activity for CRM workload testing.,Busy,2021-02-19T04:53:06Z,0,001GikJVQQYFMgSI6M,Account,003ywKk19lBskZGYHM,Contact
00UOOzTivuYQRcHUD8,Business review,2026-03-14T09:00:00Z,2026-03-14T10:30:00Z,Online meeting,Meeting,Synthetic calendar activity for CRM workload testing.,Busy,2022-01-01T05:02:49Z,0,0013e2Rh2QW4yB5YBM,Account,00QEhyi0pVAegunMWD,Lead
00U5TuMnAhfKOKKUBI,Planning workshop,2025-03-18T10:30:00Z,2025-03-18T12:00:00Z,Online meeting,Meeting,Synthetic calendar activity for CRM workload testing.,Out of Office,2026-01-07T19:21:40Z,0,500sHwuaRlPXH3qYHL,Case,0034a0GDIMZmGWiARF,Contact
00UPpdLLSyGE4fK2WU,Discovery session,2025-04-16T08:30:00Z,2025-04-16T10:00:00Z,Customer office,Workshop,Synthetic calendar activity for CRM workload testing.,Busy,2022-03-28T17:29:57Z,0,500fgCCsu6Vp8eYA27,Case,,
00U6GSIh0DNpdsb238,Planning workshop,2022-02-22T09:00:00Z,2022-02-22T09:45:00Z,Online meeting,Workshop,Synthetic calendar activity for CRM workload testing.,Busy,2021-04-28T02:18:09Z,0,001ViLIuvoOkEvIYR2,Account,00Qkez3p2wvl5vPEZD,Lead
00UDeDbL9FXcM4LUOV,Planning workshop,2025-04-03T14:00:00Z,2025-04-03T15:00:00Z,Online meeting,Meeting,Synthetic calendar activity for CRM workload testing.,Out of Office,2021-01-20T01:58:13Z,0,001EocC12jSBhyyIOU,Account,00315CDrgQ5tpKSQ2J,Contact
00UVcH6Oe1qfnzRE53,Planning workshop,2025-01-06T13:00:00Z,2025-01-06T13:30:00Z,Online meeting,Call,Synthetic calendar activity for CRM workload testing.,Out of Office,2025-02-20T03:52:07Z,0,02i0mDk1E7emnTyQF5,Asset,003z0SFUtDimbQwAKL,Contact
00UZLjxpLNw5VKn2DM,Planning workshop,2023-10-03T08:30:00Z,2023-10-03T09:00:00Z,Regional office,Meeting,Synthetic calendar activity for CRM workload testing.,Out of Office,2023-03-19T17:57:05Z,0,500bA9JabGkX7DOYLZ,Opportunity,003i57e7W8oxp9QYYL,Contact
00UQGrEOI1bXM3iM5C,Planning workshop,2021-09-23T11:30:00Z,2021-09-23T12:30:00Z,Online meeting,Call,Synthetic calendar activity for CRM workload testing.,Busy,2022-01-19T06:00:08Z,0,500Z2pve6h9I2gFYMF,Case,003D0r5zC0keCSRAML,Contact
00UWpOpyTuNXjOz2U9,Business review,2022-06-16T13:00:00Z,2022-06-16T13:30:00Z,Online meeting,Meeting,Synthetic calendar activity for CRM workload testing.,Out of Office,2021-01-13T11:44:53Z,0,800UByZCU6JuZ44Y1O,Contract,003a7v5rClLranGAZQ,Contact
00UvtLAZCifkWsgUWY,Planning workshop,2022-06-09T15:00:00Z,2022-06-09T16:00:00Z,Regional office,Workshop,Synthetic calendar activity for CRM workload testing.,Out of Office,2024-03-16T14:42:58Z,0,701fkp1RoMk6AO1AXX,Campaign,003gNkaswBOnskIYPY,Contact
00UKvJpu4Z6NHWs221,Business review,2025-02-21T16:00:00Z,2025-02-21T16:30:00Z,Online meeting,Call,Synthetic calendar activity for CRM workload testing.,Out of Office,2026-01-21T20:35:20Z,0,01tFkHMuj8shz13IXI,Product2,00379aqfJGg6fFGQSY,Contact
00UQzUEwEkW8oy325T,Implementation check-in,2026-06-24T14:30:00Z,2026-06-24T16:00:00Z,Customer office,Workshop,Synthetic calendar activity for CRM workload testing.,Out of Office,2023-05-05T16:05:48Z,0,52tPmQukA58S2sxYT9,Opportunity,003n7DRKKJS9PqNQWE,Contact
00Uek2VIVHMKQ9p285,Implementation check-in,2023-10-09T16:30:00Z,2023-10-09T17:30:00Z,Regional office,Meeting,Synthetic calendar activity for CRM workload testing.,Out of Office,2022-12-10T21:14:41Z,0,001wp2Q6PkIMrfFY6U,Account,003hwzFQgXim37nIRE,Contact
00UGsCoQIX5bzOYM26,Planning workshop,2022-03-05T11:30:00Z,2022-03-05T12:30:00Z,Customer office,Meeting,Synthetic calendar activity for CRM workload testing.,Busy,2021-09-28T05:37:08Z,0,701eYR0IxKvWggxING,Campaign,003YF00aMIjSewVQZQ,Contact
00Ur7OLbLdtMVaxU0X,Business review,2025-08-09T11:00:00Z,2025-08-09T12:00:00Z,Regional office,Workshop,Synthetic calendar activity for CRM workload testing.,Out of Office,2021-08-14T18:13:35Z,0,720yXQtdc9XGf19IEM,Opportunity,003vv2AWpD90lRhAG2,Contact
00UzdpONQiFrnEyM4X,Implementation check-in,2024-04-19T09:00:00Z,2024-04-19T09:45:00Z,Online meeting,Call,Synthetic calendar activity for CRM workload testing.,Out of Office,2026-03-31T10:02:38Z,0,50ivdAUc1oe0Sg0QG1,Opportunity,003IVW7t4JubGXDYGE,Contact
00UxftHBRGZ3mSxED7,Planning workshop,2022-11-21T14:30:00Z,2022-11-21T15:30:00Z,Regional office,Workshop,Synthetic calendar activity for CRM workload testing.,Busy,2025-09-14T08:30:03Z,0,81t2GCtPy5CeWaoAK1,Order,00Qzi7rOmoHM92gUV5,Lead
00UvYaCPNIPED5BMFS,Implementation check-in,2025-08-26T14:00:00Z,2025-08-26T14:45:00Z,Regional office,Workshop,Synthetic calendar activity for CRM workload testing.,Out of Office,2024-05-23T19:02:54Z,0,5218kDGtvyPxwpRAE4,Opportunity,003ealrxc6ARozTI8G,Contact
00UCGX2z4l3j6jKMO2,Discovery session,2024-01-26T10:30:00Z,2024-01-26T11:30:00Z,Regional office,Workshop,Synthetic calendar activity for CRM workload testing.,Out of Office,2023-03-31T10:39:14Z,0,5006tht8RPNrpkjQ5J,Case,003qM11BKXiW5sKYSU,Contact
00UAOxLl4MsG8d2M3F,Business review,2026-03-10T10:00:00Z,2026-03-10T10:30:00Z,Customer office,Workshop,Synthetic calendar activity for CRM workload testing.,Out of Office,2026-03-25T11:53:40Z,0,700AZ5Efb7g1SiiYI7,Opportunity,003uqaPRAYt8PdlQOW,Contact
00U6Es7SRtbu3Jj29Y,Discovery session,2023-03-26T14:30:00Z,2023-03-26T15:00:00Z,Customer office,Workshop,Synthetic calendar activity for CRM workload testing.,Out of Office,2025-02-11T14:44:51Z,0,001PUaO8FLbQ5tuY7R,Account,,
00UfVUYEOy81Iut2AJ,Discovery session,2022-12-11T09:30:00Z,2022-12-11T10:00:00Z,Online meeting,Call,Synthetic calendar activity for CRM workload testing.,Out of Office,2024-10-13T17:21:53Z,0,,,0031Q3Evc7Xc9rbQI3,Contact
00Uvbn8CUqYCz9rMJJ,Discovery session,2022-10-11T16:00:00Z,2022-10-11T17:00:00Z,Online meeting,Call,Synthetic calendar activity for CRM workload testing.,Out of Office,2023-01-05T18:22:09Z,0,02t5r4FiTCfOemwAZY,Opportunity,0030maLlgcjcNIaIGI,Contact
00UAlPjEOKPlhOF2DR,Discovery session,2024-05-27T11:00:00Z,2024-05-27T12:30:00Z,Customer office,Workshop,Synthetic calendar activity for CRM workload testing.,Busy,2021-07-27T23:04:58Z,0,500jvMgLSOwcSO6APC,Case,003hNC8vMX8xq41YTF,Contact
00UJ4VrvSIHjwBJEB1,Implementation check-in,2024-08-22T10:00:00Z,2024-08-22T10:30:00Z,Regional office,Call,Synthetic calendar activity for CRM workload testing.,Busy,2025-07-04T22:08:46Z,0,02iPiAE8gcmXNC5QEK,Asset,003wQNNb4smiWBWACB,Contact
00UwSmSG0UzTdjj27D,Business review,2026-05-05T08:00:00Z,2026-05-05T09:00:00Z,Customer office,Workshop,Synthetic calendar activity for CRM workload testing.,Out of Office,2026-05-24T13:00:33Z,0,72tZRFHUoL5umGkI3B,Opportunity,003LtDO7YzOyUhUA6A,Contact
00Un5qrsQZIN1CyM6W,Planning workshop,2023-10-26T13:00:00Z,2023-10-26T13:45:00Z,Online meeting,Workshop,Synthetic calendar activity for CRM workload testing.,Out of Office,2025-05-01T09:54:09Z,0,,,003Z7i47cIIFP47YOK,Contact
00Uyh2XGwG1T55mUEE,Discovery session,2026-01-22T08:00:00Z,2026-01-22T08:30:00Z,Online meeting,Meeting,Synthetic calendar activity for CRM workload testing.,Busy,2026-01-22T22:08:44Z,0,006Aur0tlVRnqgSQFM,Opportunity,003kcsyj2Z2Oh2IQUI,Contact
00UzClfM7JrGgNwUTQ,Implementation check-in,2023-04-22T15:30:00Z,2023-04-22T16:30:00Z,Online meeting,Call,Synthetic calendar activity for CRM workload testing.,Out of Office,2024-09-08T22:35:28Z,0,02iFkgublySCKISIGR,Asset,003ZRmXunaCM7ErY90,Contact
00Uu3pR2odkvXhy2MS,Discovery session,2024-11-10T08:00:00Z,2024-11-10T08:45:00Z,Customer office,Meeting,Synthetic calendar activity for CRM workload testing.,Busy,2023-02-11T09:05:31Z,0,001pUY9CVMaLCa4YQV,Account,0032VBuNKmD8rJ2QHH,Contact
00UL4vpdgtQZzmgE0J,Implementation check-in,2023-10-23T14:00:00Z,2023-10-23T14:45:00Z,Customer office,Call,Synthetic calendar activity for CRM workload testing.,Out of Office,2025-11-17T23:36:47Z,0,001TgK7Trt797foQCB,Account,00QJBZtnhDreBmZURM,Lead
00UWHXS3Wgy48c52B2,Business review,2022-04-09T11:30:00Z,2022-04-09T12:00:00Z,Regional office,Workshop,Synthetic calendar activity for CRM workload testing.,Out of Office,2021-11-26T04:27:46Z,0,001lUr971GtA6wXYCT,Account,,
00U1Z8gjeC2zMcVUIU,Planning workshop,2024-01-06T10:30:00Z,2024-01-06T12:00:00Z,Customer office,Call,Synthetic calendar activity for CRM workload testing.,Busy,2024-03-22T11:12:27Z,0,001oUkNbbCllH3CABZ,Opportunity,003SCzJSSK6msjoI1S,Contact
00U3o2FU6Chkj05UZZ,Business review,2025-04-10T16:00:00Z,2025-04-10T16:30:00Z,Customer office,Workshop,Synthetic calendar activity for CRM workload testing.,Busy,2021-11-10T11:50:08Z,0,80ig0h44cCZ9guhILV,Opportunity,00QCi1HCXB2inFYMEF,Lead
00U4rfKJjqUbQlx20T,Discovery session,2026-07-27T13:30:00Z,2026-07-27T15:00:00Z,Regional office,Meeting,Synthetic calendar activity for CRM workload testing.,Busy,2024-06-03T04:02:59Z,0,02tVBbUlSe9jR1yAQL,Opportunity,00Qa2xjWg1cdLZoM9H,Lead
00UPfxFhc7NEb3EE2Y,Business review,2024-07-26T16:00:00Z,2024-07-26T16:30:00Z,Customer office,Call,Synthetic calendar activity for CRM workload testing.,Busy,2023-04-27T10:23:52Z,0,001g2MhymLdN59YQJG,Account,003fKL1ajAUvZsZQGZ,Contact
00UjxqdmMSrJP2nE33,Implementation check-in,2022-03-02T11:30:00Z,2022-03-02T12:30:00Z,Regional office,Meeting,Synthetic calendar activity for CRM workload testing.,Busy,2025-07-17T07:51:53Z,0,001Le6Z1bT7O20fIWC,Account,003KlIgjM61nu5oI9V,Contact
00UbHKkk5kS5Y002G4,Business review,2021-06-01T11:00:00Z,2021-06-01T12:30:00Z,Online meeting,Meeting,Synthetic calendar activity for CRM workload testing.,Busy,2025-07-08T00:46:29Z,0,711uY7MZQKn9iEyIYV,Opportunity,0035XXulAeWBcYeIKT,Contact
00UpQruBV6NPZxMU24,Discovery session,2025-05-24T10:30:00Z,2025-05-24T11:15:00Z,Online meeting,Meeting,Synthetic calendar activity for CRM workload testing.,Busy,2022-09-01T01:14:16Z,0,00iQdjx4xLmOmbDYYY,Opportunity,003A6QRPAj6fxpNQST,Contact
00URNCGZbCAgx7wEUE,Business review,2022-03-28T14:30:00Z,2022-03-28T15:30:00Z,Online meeting,Workshop,Synthetic calendar activity for CRM workload testing.,Out of Office,2021-05-10T19:25:45Z,0,0019ojrY0cvCQ2UQ6L,Account,,
00UzqFy7cwMOuUH29K,Planning workshop,2022-01-11T09:30:00Z,2022-01-11T10:15:00Z,Customer office,Workshop,Synthetic calendar activity for CRM workload testing.,Out of Office,2026-03-09T19:34:22Z,0,721L9PVNy9jMezEQVX,Opportunity,003wHhejZPlmq9eY75,Contact
00UtaesK4mfbGEUUDF,Planning workshop,2023-07-27T09:30:00Z,2023-07-27T10:15:00Z,Regional office,Meeting,Synthetic calendar activity for CRM workload testing.,Busy,2023-07-01T06:11:38Z,0,500PpVOPD0v35KzYXS,Case,003DguSTXMnFhemYKP,Contact
00U0AsoOYgmhdNLEPI,Planning workshop,2023-09-30T10:00:00Z,2023-09-30T11:30:00Z,Customer office,Call,Synthetic calendar activity for CRM workload testing.,Busy,2021-01-11T03:41:25Z,0,701dvFZxXgmRnlIQM7,Campaign,003Xe5rt4wZIpq2YTG,Contact
00Uhj7oWo0fw0BW24D,Business review,2025-06-20T08:30:00Z,2025-06-20T09:00:00Z,Customer office,Workshop,Synthetic calendar activity for CRM workload testing.,Busy,2022-12-05T18:42:40Z,0,0019laP52dnqWh3AF4,Account,0039FRof5ffyRlsI2Z,Contact
00UwTW14riD8Qj7MLD,Discovery session,2026-01-28T11:00:00Z,2026-01-28T11:30:00Z,Customer office,Call,Synthetic calendar activity for CRM workload testing.,Out of Office,2024-07-07T04:31:48Z,0,500hGT4xb2LvRIWQWA,Case,00QTTrkn0wEfKBfUZK,Lead
00UyNxg5hgyIKuH25R,Implementation check-in,2026-01-09T08:00:00Z,2026-01-09T09:30:00Z,Online meeting,Call,Synthetic calendar activity for CRM workload testing.,Busy,2024-05-11T05:51:45Z,0,7016crDLINhcuvpAZH,Campaign,003XjSGqmjbqgdEIPG,Contact
00UIJOQkISokDeIU9N,Business review,2021-04-05T15:00:00Z,2021-04-05T15:45:00Z,Regional office,Workshop,Synthetic calendar activity for CRM workload testing.,Out of Office,2022-11-09T11:36:14Z,0,800c9Ss6mA1hSENQB0,Contract,003TIIddCkriJd9EI3,Lead
00Uko7lOsCkf3XuMT3,Discovery session,2025-03-19T13:00:00Z,2025-03-19T14:00:00Z,Customer office,Call,Synthetic calendar activity for CRM workload testing.,Busy,2021-07-16T04:48:26Z,0,7019g7m2YfxR5uxQ6M,Campaign,003pErX3JZ2L9MPSAR,Lead
00U82ygnTHqEWrwEXJ,Implementation check-in,2025-05-23T11:00:00Z,2025-05-23T12:30:00Z,Online meeting,Meeting,Synthetic calendar activity for CRM workload testing.,Busy,2022-09-06T12:22:37Z,0,02inHUqPyXgpf8GILT,Opportunity,003W4DKHKXcD4DQQF7,Contact
00Ud5wPgko9sqH625Y,Discovery session,2026-07-08T15:00:00Z,2026-07-08T15:45:00Z,Regional office,Call,Synthetic calendar activity for CRM workload testing.,Busy,2023-10-31T05:34:55Z,0,,,003UPSyYLjPGpp7YUF,Contact
00UQePnHSxVkxHWMQP,Planning workshop,2025-03-17T11:30:00Z,2025-03-17T13:00:00Z,Online meeting,Meeting,Synthetic calendar activity for CRM workload testing.,Out of Office,2022-04-08T23:45:30Z,0,001ViLIuvoOkEvIYR2,Account,003qn7flMREuZdfQMB,Contact
00UTMq2FZBNbQYg2LW,Business review,2025-07-01T08:00:00Z,2025-07-01T09:30:00Z,Online meeting,Workshop,Synthetic calendar activity for CRM workload testing.,Busy,2025-05-28T19:20:38Z,0,001pTLwbTFSx0AVIHA,Account,003nurDHlWLAK27Q1Q,Contact
00Uf6YeCwz2fU5zURC,Discovery session,2023-08-25T14:00:00Z,2023-08-25T15:30:00Z,Regional office,Meeting,Synthetic calendar activity for CRM workload testing.,Out of Office,2021-08-26T12:27:07Z,0,001v16OKJFuZcV0QCS,Account,003MaCiwke54RXLY0N,Contact
00USL4CysovfB9pURO,Implementation check-in,2021-03-30T10:00:00Z,2021-03-30T10:45:00Z,Regional office,Workshop,Synthetic calendar activity for CRM workload testing.,Busy,2023-05-16T04:57:15Z,0,500SQ3j5dYUVffpAZE,Case,00QF8Wl28NX4xwI2SN,Lead
00Uz8BGJMOJX2M2UFL,Discovery session,2025-01-26T08:30:00Z,2025-01-26T09:30:00Z,Regional office,Workshop,Synthetic calendar activity for CRM workload testing.,Out of Office,2022-12-27T17:46:28Z,0,001ltvwfHnMcdhbAJS,Account,003q4mM8M5swTliYEV,Contact
00Us7evbtt7OeELM8T,Planning workshop,2025-12-15T14:00:00Z,2025-12-15T14:30:00Z,Regional office,Meeting,Synthetic calendar activity for CRM workload testing.,Out of Office,2021-06-13T15:30:06Z,0,81t5gLsXEkTMNZIYQY,Opportunity,003JjihyuhDEyEDJ24,Lead
00U9el1N4RALjcGEXR,Implementation check-in,2021-11-24T13:30:00Z,2021-11-24T14:00:00Z,Customer office,Call,Synthetic calendar activity for CRM workload testing.,Out of Office,2023-12-03T00:13:06Z,0,02iTZzlraqqyffjAKO,Asset,003D1HiqSb3yIm1QDF,Contact
00Uv1YphzXbKtze23C,Implementation check-in,2022-04-19T13:30:00Z,2022-04-19T14:00:00Z,Customer office,Meeting,Synthetic calendar activity for CRM workload testing.,Busy,2021-05-27T15:12:50Z,0,50tUVaQsg0U3gCNQO8,Opportunity,003wLmgCk11X7nFIIH,Contact
00UOuPiQ5CWz6Qv2AX,Implementation check-in,2025-12-10T11:00:00Z,2025-12-10T12:00:00Z,Online meeting,Meeting,Synthetic calendar activity for CRM workload testing.,Out of Office,2021-10-28T03:11:05Z,0,01tyFDvfjAnoVc9Q1B,Product2,003xO6diFWGivMyQH5,Contact
00UBkCdyu1LHLJhEEY,Business review,2024-08-24T16:30:00Z,2024-08-24T18:00:00Z,Regional office,Meeting,Synthetic calendar activity for CRM workload testing.,Busy,2025-08-31T09:29:51Z,0,01tE5PQcgk49jQkYPK,Product2,00QignXD4qd2Ht12BI,Lead
00UAJvwZnuV3JNC2WS,Planning workshop,2025-10-18T08:30:00Z,2025-10-18T09:00:00Z,Regional office,Meeting,Synthetic calendar activity for CRM workload testing.,Busy,2024-11-23T05:43:03Z,0,500NUAL8BEkd1aiY7E,Case,003QpUbKtwmcJ3HY8B,Contact
00U9QlvxWunDE0ZEQB,Planning workshop,2024-06-30T15:00:00Z,2024-06-30T16:00:00Z,Customer office,Meeting,Synthetic calendar activity for CRM workload testing.,Busy,2023-03-29T10:36:54Z,0,02i20ADUG8hnRsrIZE,Asset,003OjTHODJKyealQLG,Lead
00U9HXupUgT0bHjU8P,Business review,2023-11-08T16:00:00Z,2023-11-08T17:00:00Z,Regional office,Workshop,Synthetic calendar activity for CRM workload testing.,Busy,2022-03-16T23:17:09Z,0,00ijCBPeUz5Qky5IPL,Opportunity,003ilgtGMtANeRHA6L,Contact
00UY4FKJat6JFkoE2X,Implementation check-in,2023-12-08T08:00:00Z,2023-12-08T08:45:00Z,Online meeting,Workshop,Synthetic calendar activity for CRM workload testing.,Busy,2021-04-05T03:45:05Z,0,,,0030A3IfpDdki9oAV6,Contact
00UwSp0Cd7rHJgaM7V,Planning workshop,2021-11-16T11:30:00Z,2021-11-16T12:00:00Z,Customer office,Call,Synthetic calendar activity for CRM workload testing.,Busy,2026-03-28T12:17:08Z,0,001TBaHImIEtjplQN7,Account,003jVRuaA1eyMjlAQ7,Contact
00UGUz3nll7EetQ2XX,Planning workshop,2026-05-27T15:30:00Z,2026-05-27T16:00:00Z,Customer office,Call,Synthetic calendar activity for CRM workload testing.,Out of Office,2024-03-23T06:30:31Z,0,001yQSD3rwvt3ZBAV9,Account,00QgiI7zEZib3zx219,Lead
00UU9r0QcojWjSAEW4,Planning workshop,2022-10-04T14:30:00Z,2022-10-04T15:15:00Z,Online meeting,Meeting,Synthetic calendar activity for CRM workload testing.,Busy,2026-05-23T00:49:06Z,0,0063aZUeUVSU1ESQUF,Order,,
00UPfySoWmjrLdlMR9,Implementation check-in,2021-07-05T16:30:00Z,2021-07-05T17:00:00Z,Online meeting,Meeting,Synthetic calendar activity for CRM workload testing.,Busy,2023-10-20T10:50:48Z,0,001BAfwqbwr0TsUA0T,Account,0035UU5kxqtctGbQXY,Contact
00UtRQedqwOz9b8UWD,Business review,2021-11-12T14:30:00Z,2021-11-12T15:30:00Z,Online meeting,Call,Synthetic calendar activity for CRM workload testing.,Out of Office,2022-02-04T03:41:16Z,0,,,,
00UtHnmwtGfC56uM3B,Business review,2021-04-15T14:30:00Z,2021-04-15T15:00:00Z,Regional office,Call,Synthetic calendar activity for CRM workload testing.,Busy,2023-01-01T14:49:37Z,0,701dvFZxXgmRnlIQM7,Campaign,003qtdY5hxm0m4uAVE,Contact
00Ubewe1eKkIVmAUKS,Planning workshop,2024-01-25T14:00:00Z,2024-01-25T15:30:00Z,Customer office,Call,Synthetic calendar activity for CRM workload testing.,Busy,2026-03-08T12:58:57Z,0,001Mpyhcy0YjCuyQPK,Account,003ETHkUVVKi5PSI55,Contact
00UcQpll82dslovE80,Discovery session,2022-03-05T09:30:00Z,2022-03-05T11:00:00Z,Online meeting,Meeting,Synthetic calendar activity for CRM workload testing.,Out of Office,2021-10-07T07:36:07Z,0,7010j7HiIFs5acMAA2,Campaign,,
00UrwhFay3UTjezENA,Discovery session,2022-04-24T14:30:00Z,2022-04-24T16:00:00Z,Online meeting,Meeting,Synthetic calendar activity for CRM workload testing.,Busy,2024-10-31T16:30:48Z,0,501Uyjtx5bzEAz1YRV,Opportunity,00315CDrgQ5tpKSQ2J,Contact
00UvqUVPvti6JUeUAV,Implementation check-in,2026-01-09T14:00:00Z,2026-01-09T15:00:00Z,Customer office,Call,Synthetic calendar activity for CRM workload testing.,Out of Office,2021-09-24T20:20:06Z,0,001U9TwW1ZhV64GITA,Account,003xYHNKI2NMB4pI5P,Contact
00U0azj4zGN4f1SMTE,Implementation check-in,2024-04-06T16:00:00Z,2024-04-06T17:30:00Z,Online meeting,Meeting,Synthetic calendar activity for CRM workload testing.,Out of Office,2022-10-27T10:29:30Z,0,0012Mm2CXMo3FSXAIK,Account,003Fw5RxAPJU0ZdABZ,Contact
00UFofwfFBxJhQ22Q2,Implementation check-in,2023-06-14T08:30:00Z,2023-06-14T09:15:00Z,Customer office,Call,Synthetic calendar activity for CRM workload testing.,Out of Office,2021-07-11T11:16:57Z,0,81t16BtiGlvXBS6YOP,Opportunity,003O90KueB8OSbmIGQ,Contact
00U8kJGSoNxHydyU7C,Business review,2024-05-17T14:30:00Z,2024-05-17T15:30:00Z,Online meeting,Call,Synthetic calendar activity for CRM workload testing.,Busy,2023-01-14T03:37:26Z,0,,,003vULZsZiuwyrdQJ5,Contact
00UWqLnPLUSFw2wMZE,Planning workshop,2023-06-11T15:00:00Z,2023-06-11T15:30:00Z,Online meeting,Workshop,Synthetic calendar activity for CRM workload testing.,Busy,2021-08-16T05:57:23Z,0,52iQJC7aKesEHpLQF6,Opportunity,,
00U0I9smLkHfupjMI3,Planning workshop,2026-02-01T10:00:00Z,2026-02-01T11:30:00Z,Online meeting,Workshop,Synthetic calendar activity for CRM workload testing.,Out of Office,2026-06-20T18:38:19Z,0,701T7xJocH3zs1NQYF,Campaign,0037uvO6ccJp6wGQR7,Contact
00U3BWvcRX2dVtP2HL,Business review,2021-07-10T13:00:00Z,2021-07-10T14:00:00Z,Online meeting,Workshop,Synthetic calendar activity for CRM workload testing.,Busy,2023-08-16T11:07:42Z,0,001MfuiALipgsrAIEL,Account,003LBAW1Qwmk9A3QHR,Contact
00UlQkeMN7Eak9vUZ8,Planning workshop,2023-09-23T16:00:00Z,2023-09-23T16:45:00Z,Regional office,Call,Synthetic calendar activity for CRM workload testing.,Out of Office,2024-12-26T07:57:18Z,0,5004gW2JczLKzRcY3O,Case,003kW1RmJgDMQSFQN7,Contact
00UV32bXdQ5w5lKMD5,Discovery session,2025-11-29T09:00:00Z,2025-11-29T10:30:00Z,Regional office,Call,Synthetic calendar activity for CRM workload testing.,Busy,2025-04-23T00:09:03Z,0,00ijCBPeUz5Qky5IPL,Opportunity,003frNYz28OdxhIQXF,Contact
00URHKiVM9mTip7EOS,Planning workshop,2023-09-19T08:30:00Z,2023-09-19T09:30:00Z,Online meeting,Call,Synthetic calendar activity for CRM workload testing.,Busy,2022-05-30T14:58:14Z,0,810lr4J58Bd4DPJYBN,Opportunity,003gXnNZoWXyNSKQQ3,Contact
00Uuhw299mz4BkIMQ4,Planning workshop,2024-08-17T08:00:00Z,2024-08-17T09:00:00Z,Customer office,Meeting,Synthetic calendar activity for CRM workload testing.,Busy,2023-04-29T22:13:21Z,0,800IBNGcu9jdg6aY22,Contract,003Y8771g12DY7uA93,Contact
00U39oSz46SlPFLMZV,Planning workshop,2026-10-08T15:30:00Z,2026-10-08T17:00:00Z,Online meeting,Workshop,Synthetic calendar activity for CRM workload testing.,Busy,2026-05-19T03:11:21Z,0,0011Ah4A4sWSLAjA4O,Account,003cxU9UTk9dRNPQ35,Contact
00UbfA1mrs7Eg5fE09,Discovery session,2025-11-01T10:30:00Z,2025-11-01T11:00:00Z,Customer office,Meeting,Synthetic calendar activity for CRM workload testing.,Busy,2021-11-09T14:32:22Z,0,500dksyk0wtyGnSISG,Case,003rfb3cO7MmMYsI30,Contact
00UXVS985Q7b6rCMHP,Planning workshop,2021-10-01T16:30:00Z,2021-10-01T18:00:00Z,Regional office,Call,Synthetic calendar activity for CRM workload testing.,Busy,2024-07-23T06:58:28Z,0,,,003uHEMhYY2BbchADE,Contact
00Uyg6tChPP9HG9UXZ,Planning workshop,2026-03-11T11:30:00Z,2026-03-11T12:00:00Z,Online meeting,Workshop,Synthetic calendar activity for CRM workload testing.,Busy,2026-04-07T14:30:59Z,0,50tcKAfiif3AIsQQQ9,Order,,
00ULeKVwl2SCTjEM00,Planning workshop,2022-04-13T11:00:00Z,2022-04-13T12:00:00Z,Customer office,Workshop,Synthetic calendar activity for CRM workload testing.,Busy,2023-08-18T13:13:36Z,0,,,003y6ePFePqAiqhAK6,Contact
00UqtTjFzKYgtKgU9L,Implementation check-in,2022-11-09T16:00:00Z,2022-11-09T16:45:00Z,Regional office,Workshop,Synthetic calendar activity for CRM workload testing.,Busy,2023-06-07T09:28:43Z,0,001qh75A7jHuE1EI0O,Account,003Y8771g12DY7uA93,Contact
00UQTUuuxwPATcTU6R,Planning workshop,2021-08-28T15:30:00Z,2021-08-28T16:30:00Z,Customer office,Workshop,Synthetic calendar activity for CRM workload testing.,Out of Office,2022-09-22T11:12:26Z,0,50iEs2J2gfUFvVYY9V,Opportunity,00QdXJBWJT5cbdbMH1,Lead
00Uu5qlqAfaaY89M2P,Discovery session,2022-10-17T08:30:00Z,2022-10-17T10:00:00Z,Online meeting,Workshop,Synthetic calendar activity for CRM workload testing.,Busy,2022-06-25T09:57:21Z,0,001xCcjaWJxjfQtAJX,Account,003k7MlNPkUKQTwI3K,Contact
00UNwCvigC4lkimUNX,Discovery session,2024-01-25T10:00:00Z,2024-01-25T10:45:00Z,Customer office,Meeting,Synthetic calendar activity for CRM workload testing.,Busy,2025-11-26T14:06:07Z,0,02iL9OLlBupAfR2I3M,Asset,0031Q3Evc7Xc9rbQI3,Contact
00UHupA16UER3V6U9R,Implementation check-in,2022-02-01T10:00:00Z,2022-02-01T11:30:00Z,Customer office,Workshop,Synthetic calendar activity for CRM workload testing.,Busy,2026-03-07T02:39:20Z,0,50itVUNBfDJtJUBIBR,Opportunity,003vCvr6VLm8j3dQ1O,Contact
00Ua4ywS2kG1x5qER8,Business review,2021-07-02T11:30:00Z,2021-07-02T13:00:00Z,Customer office,Meeting,Synthetic calendar activity for CRM workload testing.,Busy,2025-01-27T13:52:48Z,0,,,003vzIhgcdGo6WyA8L,Contact
00UA6u9MpbCLhO5E3J,Planning workshop,2026-04-11T15:00:00Z,2026-04-11T15:30:00Z,Customer office,Meeting,Synthetic calendar activity for CRM workload testing.,Out of Office,2021-09-06T13:54:31Z,0,01t1WVbvQg0mCR8IQ5,Product2,003ObqNCrnxM5xqCAF,Lead
00UReeC8X7xHXyC2GW,Discovery session,2022-07-15T16:00:00Z,2022-07-15T17:30:00Z,Regional office,Call,Synthetic calendar activity for CRM workload testing.,Busy,2025-12-03T04:18:16Z,0,700Uv4OBKSrHegvA8L,Opportunity,003ZyeA5eXuyMXKAUE,Contact
00UtsUET7UJ8yPbE8N,Discovery session,2022-08-20T10:00:00Z,2022-08-20T11:30:00Z,Regional office,Workshop,Synthetic calendar activity for CRM workload testing.,Busy,2022-05-06T13:36:07Z,0,701gffawymfXeLpYMB,Opportunity,0031Q3Evc7Xc9rbQI3,Contact
00UZu6cihDnP8QkUB4,Business review,2023-01-04T09:30:00Z,2023-01-04T10:00:00Z,Customer office,Workshop,Synthetic calendar activity for CRM workload testing.,Out of Office,2025-02-26T00:01:48Z,0,0017q85b1UbQ3zNQ8K,Account,00Q9l0PHH7HHRtXEE6,Lead
00U61XewI3WqPqFEPM,Implementation check-in,2025-10-09T14:00:00Z,2025-10-09T14:45:00Z,Regional office,Call,Synthetic calendar activity for CRM workload testing.,Out of Office,2022-11-03T12:38:05Z,0,001v16OKJFuZcV0QCS,Account,003rTm7hZj8JtoNQBV,Contact
00UGXeyCuTyHpmWM5D,Business review,2021-01-19T16:30:00Z,2021-01-19T17:00:00Z,Online meeting,Meeting,Synthetic calendar activity for CRM workload testing.,Out of Office,2025-02-21T19:19:35Z,0,701fkp1RoMk6AO1AXX,Campaign,003wXI8INfXqH4aIK3,Contact
00UmEV5j8m47XfwUF8,Planning workshop,2022-09-22T14:00:00Z,2022-09-22T14:45:00Z,Customer office,Workshop,Synthetic calendar activity for CRM workload testing.,Busy,2021-05-04T00:57:21Z,0,51t70vLfkJeg9kRIV6,Opportunity,003aHFhAFUFcM41YBE,Contact
00UnewTVP4cKqxX2A5,Discovery session,2023-02-16T14:00:00Z,2023-02-16T15:00:00Z,Regional office,Workshop,Synthetic calendar activity for CRM workload testing.,Out of Office,2025-12-14T01:52:06Z,0,7100lBvWE3n9gKlQP5,Opportunity,0039R8Ib9TvdDA2IM7,Contact
00UfR224aPlsHD6EWL,Discovery session,2025-03-01T16:30:00Z,2025-03-01T17:30:00Z,Customer office,Meeting,Synthetic calendar activity for CRM workload testing.,Out of Office,2022-10-02T02:10:37Z,0,001GvUdh6yZWB0wIIH,Account,003uH5OW5dswD39AOA,Contact
00UzxPZxbUTt8YxUT5,Discovery session,2021-10-23T15:00:00Z,2021-10-23T15:45:00Z,Customer office,Call,Synthetic calendar activity for CRM workload testing.,Busy,2026-06-25T14:57:39Z,0,82iXF0oc6XjtAQoADN,Opportunity,003y79c1yFgVZixIWN,Contact
00U1gAvEDTWNFz72FI,Business review,2022-11-29T10:30:00Z,2022-11-29T12:00:00Z,Online meeting,Meeting,Synthetic calendar activity for CRM workload testing.,Busy,2021-04-18T17:44:01Z,0,02iPFNA5wcoLyVGAL1,Asset,00QRGIidfcdGgui6YW,Lead
00UHxIqg4mntdGgUC3,Planning workshop,2024-07-09T10:30:00Z,2024-07-09T11:00:00Z,Regional office,Meeting,Synthetic calendar activity for CRM workload testing.,Busy,2023-03-25T18:03:58Z,0,001Le6Z1bT7O20fIWC,Account,003DGxJ8tFMKWT2Y2E,Contact
00UAlgVQOFL4u9n2KF,Implementation check-in,2024-08-16T13:00:00Z,2024-08-16T14:00:00Z,Online meeting,Meeting,Synthetic calendar activity for CRM workload testing.,Busy,2023-07-18T10:21:59Z,0,701h6WB6JMkKORFIEG,Order,0031Q3Evc7Xc9rbQI3,Contact
00UgmQcaqDhPG8pMBI,Business review,2024-11-11T11:00:00Z,2024-11-11T11:30:00Z,Online meeting,Call,Synthetic calendar activity for CRM workload testing.,Out of Office,2022-06-12T12:42:33Z,0,001qxvOxGkxKlKoYCS,Account,003nbABOCORgwMAA2H,Contact
00U5MldAkX0Bka4UTB,Business review,2022-07-01T08:30:00Z,2022-07-01T10:00:00Z,Online meeting,Workshop,Synthetic calendar activity for CRM workload testing.,Out of Office,2021-10-05T20:48:55Z,0,02i5GeHaKl0lIMWYUG,Asset,,
00UJCVEiWewtuPW2U9,Discovery session,2026-08-14T11:00:00Z,2026-08-14T12:30:00Z,Regional office,Call,Synthetic calendar activity for CRM workload testing.,Out of Office,2025-07-07T16:32:18Z,0,01665LIM3G7O2IEIRV,Opportunity,003oKqkfdIU5Q4AYTI,Contact
00UdD5OQiByubevEEX,Business review,2026-04-10T08:00:00Z,2026-04-10T08:30:00Z,Regional office,Workshop,Synthetic calendar activity for CRM workload testing.,Out of Office,2023-09-06T05:12:50Z,0,500selSdpl85TbuQCI,Case,,
00UvPsLcqVWvRbw27H,Business review,2022-08-29T16:30:00Z,2022-08-29T17:30:00Z,Customer office,Workshop,Synthetic calendar activity for CRM workload testing.,Busy,2021-12-29T16:30:39Z,0,02iXdvMdHnroTBeAUC,Asset,003s8MYKvLvCt3ZAN8,Contact
00UfNSBqAbOKog8UBQ,Planning workshop,2021-03-29T13:30:00Z,2021-03-29T14:15:00Z,Regional office,Meeting,Synthetic calendar activity for CRM workload testing.,Out of Office,2024-06-27T12:03:22Z,0,02iGTMAI6rZRezhIVD,Asset,,
00Ue80Fv8JzKWIN2M0,Discovery session,2025-04-15T08:30:00Z,2025-04-15T10:00:00Z,Regional office,Call,Synthetic calendar activity for CRM workload testing.,Busy,2022-04-17T22:49:59Z,0,001OR7GRtb417SOIE9,Account,003S8wRLfGomGFCAY7,Contact
00UgKiqS8whhQXxMSS,Planning workshop,2023-11-26T08:30:00Z,2023-11-26T09:00:00Z,Customer office,Meeting,Synthetic calendar activity for CRM workload testing.,Busy,2025-06-16T09:16:17Z,0,500PHkPj5bCX2RXAT6,Case,003n4PysdqBrgwXIT1,Contact
00UUMTrm1X01dZR2HM,Implementation check-in,2021-07-09T13:00:00Z,2021-07-09T13:45:00Z,Regional office,Call,Synthetic calendar activity for CRM workload testing.,Out of Office,2021-10-12T09:56:02Z,0,001HUzAEaUc4liGY2K,Account,003M3ZXseoHu6DcQVR,Contact
00UvZAP3FjXq7zbEMA,Implementation check-in,2025-08-21T15:30:00Z,2025-08-21T17:00:00Z,Online meeting,Call,Synthetic calendar activity for CRM workload testing.,Busy,2025-09-29T07:36:02Z,0,500QhsIuwwyFj96ISY,Case,003z0M1XgsLnVmoIL2,Contact
00UmfsPOErFjy4q2PF,Business review,2025-04-28T16:00:00Z,2025-04-28T17:30:00Z,Online meeting,Call,Synthetic calendar activity for CRM workload testing.,Busy,2025-05-06T16:03:23Z,0,006NP7nicN4ZuyJIAI,Opportunity,003SzNkLgtmucDLITJ,Contact
00UN7OHa8z18P0lE9S,Business review,2021-07-04T10:00:00Z,2021-07-04T11:30:00Z,Customer office,Call,Synthetic calendar activity for CRM workload testing.,Busy,2023-02-17T09:13:46Z,0,00ijCBPeUz5Qky5IPL,Opportunity,003woNCXNVLDq9iIP3,Contact
00UaA0iz3jxpZhfE3L,Implementation check-in,2024-12-22T16:30:00Z,2024-12-22T17:00:00Z,Customer office,Call,Synthetic calendar activity for CRM workload testing.,Busy,2024-01-13T02:18:40Z,0,500xIf1mAZoffVHAQG,Case,003ejjJjH1rLLqkQHW,Contact
00UVJOzp3k6MK0AU50,Implementation check-in,2022-03-12T16:30:00Z,2022-03-12T17:15:00Z,Online meeting,Workshop,Synthetic calendar activity for CRM workload testing.,Out of Office,2023-07-14T13:59:19Z,0,50idFgBeIJEDPQXYQT,Opportunity,00QjUhjhg0soZZhMYC,Lead
00UPS7BVZUMBC7L2YP,Implementation check-in,2023-10-23T09:30:00Z,2023-10-23T10:00:00Z,Online meeting,Call,Synthetic calendar activity for CRM workload testing.,Busy,2021-12-12T07:24:13Z,0,001KQsenOWHB4fuQM5,Account,003rtUMibap5lyBYSD,Contact
00UcWLDFynaZNspMIB,Business review,2021-12-16T11:30:00Z,2021-12-16T12:30:00Z,Customer office,Call,Synthetic calendar activity for CRM workload testing.,Busy,2021-04-18T11:47:33Z,0,001C3SilogoPTPGIWX,Account,003p3cVUtyPUKjfQZW,Contact
00UNkyUaUSMycJ2E9O,Business review,2022-01-24T15:30:00Z,2022-01-24T16:00:00Z,Regional office,Workshop,Synthetic calendar activity for CRM workload testing.,Busy,2022-01-21T23:37:41Z,0,01ihdqt5T7XgHBuABO,Opportunity,,
00U45aCQDVQrPBAM4T,Planning workshop,2021-04-14T15:30:00Z,2021-04-14T16:15:00Z,Regional office,Meeting,Synthetic calendar activity for CRM workload testing.,Busy,2022-04-13T19:36:16Z,0,81iem8YBW2vBl6sYXX,Opportunity,,
00USn1XRPMgQKeU2GT,Discovery session,2024-12-20T14:00:00Z,2024-12-20T14:30:00Z,Customer office,Workshop,Synthetic calendar activity for CRM workload testing.,Busy,2021-03-06T16:42:36Z,0,716J4BS1pykr2rsQCF,Opportunity,003kupt4Om476CLIIA,Contact
00URu8iYcFus2itUUN,Planning workshop,2021-10-22T13:30:00Z,2021-10-22T15:00:00Z,Regional office,Meeting,Synthetic calendar activity for CRM workload testing.,Busy,2021-12-07T12:28:08Z,0,801vGMBCN6szOwbYXA,Opportunity,003gBl0zvJ8uI8jIJ4,Contact
00U6zVo6Nygg5eVE9O,Business review,2023-07-17T14:30:00Z,2023-07-17T15:00:00Z,Regional office,Call,Synthetic calendar activity for CRM workload testing.,Busy,2025-11-13T15:29:06Z,0,701dvFZxXgmRnlIQM7,Campaign,003VxLK4q5IbfQiIBO,Contact
00US0M7TJJPP2eZ2QG,Implementation check-in,2023-03-06T11:30:00Z,2023-03-06T12:30:00Z,Customer office,Call,Synthetic calendar activity for CRM workload testing.,Out of Office,2021-05-25T17:01:11Z,0,5061EOOkyR9jRgBIJ8,Opportunity,003vCvr6VLm8j3dQ1O,Contact
00UiarmtwmbtNN522C,Planning workshop,2024-02-10T09:30:00Z,2024-02-10T10:30:00Z,Customer office,Meeting,Synthetic calendar activity for CRM workload testing.,Busy,2025-02-04T16:30:44Z,0,0012Mm2CXMo3FSXAIK,Account,003ZUibBYGq8ojsIPW,Contact
00UmoKNJv3BFyi9EVC,Discovery session,2023-10-03T16:00:00Z,2023-10-03T16:45:00Z,Online meeting,Meeting,Synthetic calendar activity for CRM workload testing.,Out of Office,2021-11-18T08:08:08Z,0,000PVtknOKI3BHaY58,Opportunity,003gARJyTyhgduOYIS,Contact
00Uv0qw9NnG1UZzMLA,Discovery session,2021-10-22T09:00:00Z,2021-10-22T09:30:00Z,Regional office,Workshop,Synthetic calendar activity for CRM workload testing.,Busy,2022-03-14T08:41:59Z,0,001lpuGrFmSTBnuY0M,Account,003mn0Redmq1QCa1TU,Lead
00Um56iqk4fklnoUPN,Planning workshop,2024-08-05T08:00:00Z,2024-08-05T08:30:00Z,Online meeting,Call,Synthetic calendar activity for CRM workload testing.,Busy,2021-01-11T17:56:10Z,0,5009vC9CFLQtCVhY0V,Case,003IDTX7DAlirrmQR1,Contact
00UXSTBibDT5LGdM52,Planning workshop,2023-02-18T15:00:00Z,2023-02-18T16:00:00Z,Online meeting,Meeting,Synthetic calendar activity for CRM workload testing.,Busy,2024-03-07T04:29:59Z,0,001ULaAYdBnWIytQCT,Account,003CMXQsLON96SmYIN,Contact
00UOI2CVMUUwlUIM21,Implementation check-in,2024-11-30T13:00:00Z,2024-11-30T14:30:00Z,Customer office,Call,Synthetic calendar activity for CRM workload testing.,Busy,2022-09-20T15:00:32Z,0,001ev39cBq0xejNIY0,Account,003Lu3JnExBmnNjQOV,Contact
00UaUHc8N7iCGQcEO9,Business review,2026-07-08T13:30:00Z,2026-07-08T14:30:00Z,Online meeting,Meeting,Synthetic calendar activity for CRM workload testing.,Busy,2024-03-24T04:15:21Z,0,7017OD7USLqvwTSQ40,Campaign,003Wujln1WKKcf9YG0,Contact
00U9gkbhtJkRgWKM8H,Discovery session,2022-09-21T08:00:00Z,2022-09-21T08:45:00Z,Regional office,Meeting,Synthetic calendar activity for CRM workload testing.,Busy,2023-02-05T17:39:26Z,0,02iZsNqlad4RBe9ASZ,Asset,00QAyx6YihUnDOHEIZ,Lead
00U1gUGgaVqrG3p2DA,Business review,2023-11-22T08:00:00Z,2023-11-22T08:45:00Z,Online meeting,Meeting,Synthetic calendar activity for CRM workload testing.,Out of Office,2021-09-23T13:11:33Z,0,00ijCBPeUz5Qky5IPL,Opportunity,003auAiDxfCBSfzQ4P,Contact
00U9D3z4qYOZACg2DS,Business review,2023-04-22T10:30:00Z,2023-04-22T11:30:00Z,Online meeting,Call,Synthetic calendar activity for CRM workload testing.,Busy,2021-08-07T00:55:28Z,0,02iqIyIkQh1KKzdAXS,Asset,0030O6AOuLKmcGDQ02,Contact
00Uy4i1aQYLNaqWEDN,Planning workshop,2024-11-09T14:00:00Z,2024-11-09T15:30:00Z,Customer office,Meeting,Synthetic calendar activity for CRM workload testing.,Busy,2024-01-20T18:08:51Z,0,500O5gvrCqQXvWwASF,Case,0033nvPqIBVsUj3Q2V,Contact
00UdQzww6xtY43UEX1,Discovery session,2023-10-21T11:00:00Z,2023-10-21T12:00:00Z,Regional office,Workshop,Synthetic calendar activity for CRM workload testing.,Busy,2024-05-26T20:43:08Z,0,001JTximtecXZZ0IK7,Account,003g8C7MPRmlNHTYYN,Contact
00Ufjk8cgPchJahU2E,Discovery session,2021-07-24T08:30:00Z,2021-07-24T10:00:00Z,Customer office,Workshop,Synthetic calendar activity for CRM workload testing.,Busy,2023-03-27T11:19:33Z,0,001TgK7Trt797foQCB,Account,003vxQYogxx6ijFY4J,Contact
00UXU8qq9vPqP2dMLH,Discovery session,2022-12-18T08:30:00Z,2022-12-18T09:00:00Z,Online meeting,Meeting,Synthetic calendar activity for CRM workload testing.,Busy,2026-05-08T16:54:12Z,0,810bxkuzQPDh3uvAMF,Opportunity,003IyRNO6vqXiLiQD5,Contact
00UzgRB2oCoj8Mn2X3,Planning workshop,2022-01-08T11:00:00Z,2022-01-08T12:00:00Z,Online meeting,Workshop,Synthetic calendar activity for CRM workload testing.,Busy,2021-12-12T08:48:01Z,0,500DKw2NIkWn8H2Y7N,Case,0038Ax4M9YQiyOJIS1,Contact
00UOowDFHk5Qt8lE2H,Business review,2022-01-08T10:30:00Z,2022-01-08T11:15:00Z,Online meeting,Workshop,Synthetic calendar activity for CRM workload testing.,Out of Office,2021-09-17T08:57:01Z,0,501YRozXd6JsJZZI4L,Opportunity,00Q4yhJ5VS6WIFgMZO,Lead
00UUtjCIXLwAZdzE7Y,Business review,2023-06-12T15:00:00Z,2023-06-12T15:45:00Z,Online meeting,Meeting,Synthetic calendar activity for CRM workload testing.,Out of Office,2021-10-28T18:13:48Z,0,001JcZQ7uhRMVxxILW,Account,003q1p887NiIug2IFL,Lead
00Uui3v3y7BW1snELK,Implementation check-in,2026-02-01T09:30:00Z,2026-02-01T11:00:00Z,Regional office,Workshop,Synthetic calendar activity for CRM workload testing.,Busy,2022-07-27T15:41:58Z,0,81tp0rjFiQpPk6QI9L,Opportunity,003CM9mmOrCSrVvYCN,Contact
00UNwBt0n9lbxCrE93,Implementation check-in,2022-11-24T10:00:00Z,2022-11-24T10:45:00Z,Customer office,Call,Synthetic calendar activity for CRM workload testing.,Out of Office,2022-03-13T16:29:41Z,0,001qh75A7jHuE1EI0O,Account,003ufuo0RMtrVfHQU5,Contact
00UmGXh0nGaoHwB23W,Business review,2024-07-13T09:00:00Z,2024-07-13T10:30:00Z,Online meeting,Meeting,Synthetic calendar activity for CRM workload testing.,Busy,2023-11-02T11:52:07Z,0,001wXq5LbckG7u9AEU,Account,003gVdH6EpnZ6WvA5M,Contact
00UVOPzKvqNoATmMS0,Planning workshop,2021-04-05T13:00:00Z,2021-04-05T13:30:00Z,Customer office,Workshop,Synthetic calendar activity for CRM workload testing.,Out of Office,2021-04-14T04:30:20Z,0,500x2qelGSNI3TlYCJ,Case,003fgQdBHsToCSOINB,Contact
00UL79tkp548768M3M,Discovery session,2023-10-06T15:00:00Z,2023-10-06T16:00:00Z,Online meeting,Workshop,Synthetic calendar activity for CRM workload testing.,Busy,2021-12-31T08:18:04Z,0,50029wvxkccH32AIG8,Case,003lAaW56mi7TofAUG,Contact
00UeauQeQWgV8qA2GU,Business review,2023-01-01T15:00:00Z,2023-01-01T16:30:00Z,Online meeting,Workshop,Synthetic calendar activity for CRM workload testing.,Busy,2022-03-06T06:50:46Z,0,,,003DBpHSvQJQYzUQTK,Contact
00Us0gt9VkDX4t4EO3,Planning workshop,2024-10-19T15:30:00Z,2024-10-19T16:30:00Z,Regional office,Call,Synthetic calendar activity for CRM workload testing.,Out of Office,2021-10-21T22:16:00Z,0,001pTLwbTFSx0AVIHA,Account,003ivx8Uf855JuuQL9,Contact
00UHKA4Ky4rkMoJMGN,Implementation check-in,2021-04-20T13:00:00Z,2021-04-20T13:30:00Z,Regional office,Call,Synthetic calendar activity for CRM workload testing.,Busy,2021-06-27T23:38:37Z,0,02ijS88dCkAN7oHQDT,Asset,00Qc2AYSBl1dJfeDSC,Lead
00U0bnNFasPcdco2P7,Implementation check-in,2025-01-21T16:30:00Z,2025-01-21T18:00:00Z,Customer office,Meeting,Synthetic calendar activity for CRM workload testing.,Out of Office,2022-05-03T20:07:00Z,0,701LVVOQQeQAPERQND,Campaign,003q9AnRoEhLwgSQH8,Contact
00UrC9gt8gR32ogEKL,Planning workshop,2024-06-18T09:30:00Z,2024-06-18T11:00:00Z,Customer office,Workshop,Synthetic calendar activity for CRM workload testing.,Busy,2023-08-03T13:59:08Z,0,826g08vVGgEU6FqQUH,Opportunity,003LD2kPtQRWQL7QDG,Contact
00U07nCPrO5x1a72KU,Planning workshop,2024-10-31T15:00:00Z,2024-10-31T16:00:00Z,Customer office,Workshop,Synthetic calendar activity for CRM workload testing.,Out of Office,2023-07-06T16:39:11Z,0,,,003KJ8FJo8XNZ6MQ3J,Contact
00U8VC0Pm8YzVARMNB,Business review,2023-10-08T15:00:00Z,2023-10-08T16:00:00Z,Customer office,Workshop,Synthetic calendar activity for CRM workload testing.,Busy,2021-11-12T03:08:20Z,0,01t12GHQVKMd3OWIQ5,Opportunity,003KxmES9YIa9mhYTX,Contact
00UBBeeS5uFQNLUM2X,Business review,2023-08-04T16:30:00Z,2023-08-04T17:15:00Z,Regional office,Meeting,Synthetic calendar activity for CRM workload testing.,Busy,2024-12-05T01:00:52Z,0,701k0l45djHyWZsAS1,Campaign,0030lHU7dcnlxroI9E,Contact
00UHfdNr1qeYfoZ26E,Discovery session,2026-04-12T09:00:00Z,2026-04-12T10:00:00Z,Online meeting,Call,Synthetic calendar activity for CRM workload testing.,Busy,2025-10-07T00:40:58Z,0,000wqpYfzH5iNPNYAV,Opportunity,003FiLvx69wZlsWISP,Contact
00Uv8Zm0w5QDf2iE68,Business review,2025-07-03T09:00:00Z,2025-07-03T09:45:00Z,Regional office,Workshop,Synthetic calendar activity for CRM workload testing.,Out of Office,2026-06-17T04:20:44Z,0,7266OMC0nv5jUJ0IZL,Opportunity,00QzfmtRoLJ9AJUUHC,Lead
00UhRWmvBj4sMoZ2MR,Planning workshop,2021-12-04T16:30:00Z,2021-12-04T17:30:00Z,Regional office,Call,Synthetic calendar activity for CRM workload testing.,Busy,2025-09-23T11:08:12Z,0,001OR7GRtb417SOIE9,Account,,
00U6JReEPCYamGSMBR,Implementation check-in,2023-09-23T15:30:00Z,2023-09-23T17:00:00Z,Customer office,Meeting,Synthetic calendar activity for CRM workload testing.,Out of Office,2023-07-25T02:52:02Z,0,511ReMWzz0SO9AJA5T,Opportunity,00Qziyg0LCrhwpmU5B,Lead
00UWDp4oj0Z4cQQEPQ,Planning workshop,2024-10-27T14:00:00Z,2024-10-27T15:00:00Z,Online meeting,Meeting,Synthetic calendar activity for CRM workload testing.,Out of Office,2021-05-11T21:53:03Z,0,0011Ah4A4sWSLAjA4O,Account,,
00UpP0LEwhgXY2J22G,Planning workshop,2023-12-17T10:30:00Z,2023-12-17T12:00:00Z,Online meeting,Meeting,Synthetic calendar activity for CRM workload testing.,Busy,2026-04-15T00:04:45Z,0,80tGXaVLkhJzqtaIJH,Opportunity,,
00UL2Pdotroc9EtE27,Discovery session,2023-03-31T16:30:00Z,2023-03-31T17:30:00Z,Regional office,Meeting,Synthetic calendar activity for CRM workload testing.,Busy,2023-09-27T07:21:45Z,0,001KqKN8Jf0F9i9AKQ,Account,0033jL15bG9xw8gI6S,Contact
00UH0oYgOlaqiFRM3Q,Planning workshop,2025-05-07T09:00:00Z,2025-05-07T10:00:00Z,Customer office,Call,Synthetic calendar activity for CRM workload testing.,Out of Office,2021-06-27T19:12:51Z,0,00toCCSiPvzOx02AL7,Opportunity,003oOBOvrWV3r2WA8W,Contact
00UIpbfeaCDt285MNQ,Discovery session,2023-07-11T11:30:00Z,2023-07-11T12:15:00Z,Customer office,Call,Synthetic calendar activity for CRM workload testing.,Out of Office,2025-01-11T23:56:21Z,0,500gXsW3KnVriomAIG,Opportunity,003lvDZM4XkyQxVY3U,Contact
00UdAs67ovIxrVD2PY,Implementation check-in,2026-04-11T08:00:00Z,2026-04-11T08:30:00Z,Customer office,Meeting,Synthetic calendar activity for CRM workload testing.,Out of Office,2021-09-08T14:00:15Z,0,500EphqXh8ZAWCLQ7V,Case,00QHa4wG1ZxPStQR0A,Lead
00UD1P7HFbuDNmuU4Z,Planning workshop,2025-10-14T08:00:00Z,2025-10-14T08:30:00Z,Customer office,Meeting,Synthetic calendar activity for CRM workload testing.,Busy,2023-03-16T22:24:10Z,0,00isjDp7DggNzxqQ1K,Opportunity,00QCMDNmwe3VnA8UVK,Lead
00UDWivDlUM7C3PE9L,Planning workshop,2026-07-25T10:00:00Z,2026-07-25T11:00:00Z,Customer office,Meeting,Synthetic calendar activity for CRM workload testing.,Busy,2022-06-26T15:41:33Z,0,001vXGsLaTZksTjQHC,Account,0031Q3Evc7Xc9rbQI3,Contact
00Upd0DAycah6392CO,Business review,2022-04-04T11:30:00Z,2022-04-04T12:00:00Z,Online meeting,Meeting,Synthetic calendar activity for CRM workload testing.,Busy,2026-04-18T05:10:24Z,0,800TPWCqF9gFCDbYMI,Contract,,
00U1Kujtmb6DiCf2NJ,Business review,2023-02-09T11:30:00Z,2023-02-09T13:00:00Z,Regional office,Meeting,Synthetic calendar activity for CRM workload testing.,Out of Office,2025-01-28T08:50:30Z,0,80608LfI6eoL1PiYOU,Opportunity,003SBA1qSIqBF8LQK1,Contact
00UqCvCix2G9Y9wEAL,Discovery session,2022-08-20T08:30:00Z,2022-08-20T10:00:00Z,Customer office,Workshop,Synthetic calendar activity for CRM workload testing.,Busy,2024-02-23T17:57:08Z,0,526TlzauHPH30K4Y3Y,Opportunity,,
00UQR6aygDppqv22MN,Discovery session,2023-07-05T15:30:00Z,2023-07-05T16:00:00Z,Regional office,Workshop,Synthetic calendar activity for CRM workload testing.,Out of Office,2024-09-14T10:04:20Z,0,00iTrMmRyI0AC7FYOK,Opportunity,003Ht34jK36d5TyIHL,Contact
00UXrmIVSOxyHhTEGT,Business review,2024-02-16T11:30:00Z,2024-02-16T13:00:00Z,Online meeting,Workshop,Synthetic calendar activity for CRM workload testing.,Busy,2023-07-27T20:29:21Z,0,800tZTPydqmGZbWQ0F,Contract,,
00U802TuGiXsTuCUTI,Implementation check-in,2025-10-29T15:30:00Z,2025-10-29T16:00:00Z,Online meeting,Meeting,Synthetic calendar activity for CRM workload testing.,Busy,2022-11-08T03:47:22Z,0,001OLEw0xIyryQpQ2X,Account,00Q3LoqqSq0mNgIEYI,Lead
00USsmEA9GKsn8NUZ2,Discovery session,2022-05-27T16:00:00Z,2022-05-27T17:30:00Z,Customer office,Meeting,Synthetic calendar activity for CRM workload testing.,Busy,2022-02-03T13:45:11Z,0,701s2qORj9Q5274YHM,Campaign,,
00UD5VjwR9pVabNU5M,Implementation check-in,2024-01-19T16:00:00Z,2024-01-19T16:45:00Z,Online meeting,Workshop,Synthetic calendar activity for CRM workload testing.,Out of Office,2024-10-20T11:09:41Z,0,701baEWnGlBqdzhA9Z,Campaign,0036ewYutDgEhRaY0N,Contact
00U96LJQ6vpNthiEMM,Business review,2024-04-28T13:30:00Z,2024-04-28T14:15:00Z,Regional office,Call,Synthetic calendar activity for CRM workload testing.,Busy,2022-02-07T11:01:02Z,0,00iMCI0FdSRMC2lYEN,Opportunity,0034sReClnPK0KLY7F,Contact
00Uyf7TvP9gJua1E0E,Implementation check-in,2022-07-21T14:00:00Z,2022-07-21T14:30:00Z,Customer office,Workshop,Synthetic calendar activity for CRM workload testing.,Busy,2023-04-24T08:09:17Z,0,02ia43E4oDoaWQHYDQ,Asset,00QFU3r0AhpbiXt4WU,Lead
00UIEvvwpgPAb2oURV,Discovery session,2021-05-13T16:00:00Z,2021-05-13T16:45:00Z,Regional office,Call,Synthetic calendar activity for CRM workload testing.,Busy,2025-05-25T04:43:11Z,0,02iiV3yb2tEbANDIDI,Asset,0038gJHvjeY2Oe1A8W,Contact
00UgqLlnWYwAQCHEJO,Implementation check-in,2026-06-28T15:30:00Z,2026-06-28T17:00:00Z,Regional office,Meeting,Synthetic calendar activity for CRM workload testing.,Busy,2025-07-17T04:48:21Z,0,00180qOlX8UtZ7HQTK,Account,003ShRsGpj163ooYM7,Contact
00UWklDZDaX6MeTMPC,Business review,2026-03-24T13:00:00Z,2026-03-24T14:00:00Z,Regional office,Workshop,Synthetic calendar activity for CRM workload testing.,Out of Office,2024-04-18T21:23:10Z,0,,,0039zPQ4xHnhcqGI7G,Contact
00Ui3BzNahyt5DW26T,Planning workshop,2023-03-10T09:30:00Z,2023-03-10T10:00:00Z,Regional office,Call,Synthetic calendar activity for CRM workload testing.,Out of Office,2025-12-22T18:04:07Z,0,001yVmlwCnpWY0fA4W,Account,003Jr5qtRIQeLp8AP6,Contact
00UGr3qPJgiEmAuE66,Implementation check-in,2022-09-29T13:00:00Z,2022-09-29T13:45:00Z,Regional office,Call,Synthetic calendar activity for CRM workload testing.,Busy,2025-02-23T07:56:09Z,0,001ZBID6zyXHdcLAAH,Account,0031Q3Evc7Xc9rbQI3,Contact
00U8XsR94SArX792DT,Planning workshop,2021-07-29T11:30:00Z,2021-07-29T12:15:00Z,Customer office,Call,Synthetic calendar activity for CRM workload testing.,Busy,2025-08-28T17:02:32Z,0,00ijCBPeUz5Qky5IPL,Opportunity,003cU8L4V0sTv4CYM8,Contact
00Uxq5zWF4kgcBEU9W,Implementation check-in,2024-01-17T08:00:00Z,2024-01-17T08:45:00Z,Customer office,Meeting,Synthetic calendar activity for CRM workload testing.,Busy,2023-08-08T16:33:18Z,0,00ijCBPeUz5Qky5IPL,Opportunity,00QnMxIvnHOxIuT2AL,Lead
00UyEa1lpk9IRDIUZ7,Business review,2023-08-05T09:30:00Z,2023-08-05T11:00:00Z,Online meeting,Meeting,Synthetic calendar activity for CRM workload testing.,Busy,2021-04-17T16:01:00Z,0,70iEKKsvpW0SHkqQH8,Opportunity,003idhGDkUxRGS2AJB,Contact
00U0fDGbN8qIeqrEQ4,Discovery session,2022-03-12T11:30:00Z,2022-03-12T12:30:00Z,Customer office,Workshop,Synthetic calendar activity for CRM workload testing.,Out of Office,2025-06-09T01:03:45Z,0,500omxYi0hTQz5nAHP,Opportunity,003fjlGN43BzzLPYAU,Contact
00UGe2K4SUkvP0b2D9,Discovery session,2025-05-04T09:00:00Z,2025-05-04T09:45:00Z,Customer office,Workshop,Synthetic calendar activity for CRM workload testing.,Out of Office,2021-08-04T03:01:43Z,0,001G40EGKjt7p96I7T,Account,0039kLvgxKq4hD9IUA,Contact
00UDqU8U2ZhQz1lMT1,Discovery session,2023-05-07T10:30:00Z,2023-05-07T12:00:00Z,Customer office,Workshop,Synthetic calendar activity for CRM workload testing.,Busy,2024-01-12T18:41:31Z,0,52tBxvqCScFZeiWA23,Opportunity,00QS5B6PThaYMLmMDC,Lead
00Uo7WpS0Cwv8dDUFJ,Business review,2024-06-22T13:30:00Z,2024-06-22T15:00:00Z,Regional office,Call,Synthetic calendar activity for CRM workload testing.,Busy,2023-03-04T00:31:19Z,0,01tzXDuwSIeVNvXQKW,Product2,003UX1oByehqzC6YKY,Contact
00UDqYhjL1AfPjiEKP,Discovery session,2021-09-18T11:00:00Z,2021-09-18T12:30:00Z,Customer office,Meeting,Synthetic calendar activity for CRM workload testing.,Out of Office,2024-05-25T10:04:03Z,0,00iSq8SPerfTgkuQ4M,Opportunity,0037Bsg2Pb6hce1Y60,Contact
00UTJQZ9cQXj3nZELQ,Implementation check-in,2022-10-19T10:00:00Z,2022-10-19T11:30:00Z,Regional office,Call,Synthetic calendar activity for CRM workload testing.,Out of Office,2025-09-14T18:52:42Z,0,0010APGD8asQ2PkIS9,Account,003NaKmR8suQAnkI7R,Contact
00UoyQdM2MGPeq3M5D,Implementation check-in,2022-09-19T16:00:00Z,2022-09-19T16:30:00Z,Online meeting,Workshop,Synthetic calendar activity for CRM workload testing.,Out of Office,2021-09-10T10:00:51Z,0,001iWJjSJhQ7PeuAR2,Account,,
00UY81JhHG8OiE92EL,Discovery session,2023-07-10T15:30:00Z,2023-07-10T17:00:00Z,Customer office,Meeting,Synthetic calendar activity for CRM workload testing.,Out of Office,2025-04-28T07:15:51Z,0,716J4BS1pykr2rsQCF,Opportunity,003gsNxFrV3BYq7QRT,Contact
00UNxUcAbWISneJEA9,Discovery session,2025-03-23T10:30:00Z,2025-03-23T11:30:00Z,Online meeting,Call,Synthetic calendar activity for CRM workload testing.,Busy,2025-04-19T15:09:35Z,0,,,00QBfUgpB6buKMo29P,Lead
00UVS2uNoQ8NFU5MO4,Discovery session,2022-06-29T08:00:00Z,2022-06-29T09:00:00Z,Online meeting,Meeting,Synthetic calendar activity for CRM workload testing.,Busy,2023-07-06T19:04:43Z,0,001IQ2ziiojxbf8YX5,Account,0031Q3Evc7Xc9rbQI3,Contact
00UW7fsV0b4RHWd2HE,Implementation check-in,2024-07-19T08:30:00Z,2024-07-19T09:15:00Z,Customer office,Workshop,Synthetic calendar activity for CRM workload testing.,Busy,2022-05-27T10:30:32Z,0,,,,
00URrBzDVFQ7nW4M8I,Planning workshop,2024-08-28T16:00:00Z,2024-08-28T16:30:00Z,Regional office,Meeting,Synthetic calendar activity for CRM workload testing.,Busy,2026-01-23T22:25:06Z,0,01tdyvIgQpVTvgTYQH,Opportunity,003aKKU9yG3DomjI1Q,Contact
00UKwmECG0otNprECI,Business review,2025-03-09T15:30:00Z,2025-03-09T16:15:00Z,Regional office,Workshop,Synthetic calendar activity for CRM workload testing.,Busy,2024-11-02T17:02:28Z,0,,,0030I2EUZyu1ilxAN0,Contact
00UBJ65rc81rRUX28B,Planning workshop,2023-10-01T11:30:00Z,2023-10-01T13:00:00Z,Customer office,Workshop,Synthetic calendar activity for CRM workload testing.,Busy,2025-10-03T10:27:30Z,0,,,003bpliG0OQeBdQAX0,Contact
00UGK6Fz0K4ZVR3MGL,Implementation check-in,2021-05-08T10:00:00Z,2021-05-08T10:45:00Z,Online meeting,Meeting,Synthetic calendar activity for CRM workload testing.,Out of Office,2023-04-24T05:23:29Z,0,001wZQxrqs61HJWYCI,Account,003jXyri6v4rvjpQPL,Contact
00UvDZfldlX4WAsMRS,Implementation check-in,2024-06-14T08:00:00Z,2024-06-14T08:45:00Z,Regional office,Meeting,Synthetic calendar activity for CRM workload testing.,Out of Office,2024-09-15T18:29:48Z,0,5014Xk7FsInZnZWIT3,Opportunity,003jOQJspY5rCJrAQO,Contact
00Ukn3pTVsEQLZ32LD,Implementation check-in,2024-12-10T15:30:00Z,2024-12-10T17:00:00Z,Online meeting,Call,Synthetic calendar activity for CRM workload testing.,Out of Office,2021-09-06T15:23:12Z,0,70iwkmQsAhcABLFQQN,Opportunity,,
00UnLWISMxIhE5hMVJ,Planning workshop,2025-10-23T08:00:00Z,2025-10-23T09:30:00Z,Online meeting,Meeting,Synthetic calendar activity for CRM workload testing.,Out of Office,2022-03-28T05:30:19Z,0,5014PiktqOBH7FYYQX,Opportunity,003LFHlF1ywatB0I75,Contact
00UBALg6XBbCjTCE0O,Implementation check-in,2022-07-24T13:30:00Z,2022-07-24T14:30:00Z,Regional office,Workshop,Synthetic calendar activity for CRM workload testing.,Busy,2025-12-26T16:08:40Z,0,50iXmb70bfbD7KEAJ4,Opportunity,00Qvl1xUtxxARMFMH9,Lead
00U5lniJtQiQhOgEO8,Discovery session,2023-10-23T15:00:00Z,2023-10-23T16:00:00Z,Online meeting,Call,Synthetic calendar activity for CRM workload testing.,Out of Office,2025-08-03T19:05:13Z,0,,,003Q14cSJBEmxA7ISF,Contact
00UYJJfO0FZHzndUR6,Discovery session,2025-02-26T15:30:00Z,2025-02-26T17:00:00Z,Online meeting,Workshop,Synthetic calendar activity for CRM workload testing.,Out of Office,2021-06-21T12:03:21Z,0,0201RQhzNnvKuiQY9G,Opportunity,003H4HLUDMORMEg54Q,Lead
00UBbbnvWTtjHZfMSV,Implementation check-in,2023-01-02T09:30:00Z,2023-01-02T11:00:00Z,Regional office,Meeting,Synthetic calendar activity for CRM workload testing.,Out of Office,2025-10-04T06:52:16Z,0,500LZaQe7jL2wqLYP4,Case,003WtxHC3dI8uAEQ9Y,Contact
00UX8gxE0GmUlOmMWU,Planning workshop,2023-01-30T14:00:00Z,2023-01-30T14:45:00Z,Online meeting,Workshop,Synthetic calendar activity for CRM workload testing.,Out of Office,2023-10-08T02:00:17Z,0,0018YzqdxvbgCoaYQU,Account,003fJVkLHH5nEXLAJL,Contact
00U33clduJlJapsEPH,Implementation check-in,2023-04-29T15:00:00Z,2023-04-29T16:30:00Z,Customer office,Meeting,Synthetic calendar activity for CRM workload testing.,Out of Office,2023-01-14T14:33:05Z,0,00iqIKwdqI55cMpA5R,Opportunity,003eWy6yqXeGgNqYTR,Contact
00UZ2mxGXaRb63MMX6,Discovery session,2021-06-27T13:00:00Z,2021-06-27T14:00:00Z,Online meeting,Call,Synthetic calendar activity for CRM workload testing.,Busy,2021-08-17T05:55:24Z,0,026fIXSnC4XbAqbAIC,Opportunity,003qPqYBIMAHfIGQCT,Lead
00UAMjLln4adLxIERA,Discovery session,2026-06-08T08:00:00Z,2026-06-08T08:45:00Z,Regional office,Workshop,Synthetic calendar activity for CRM workload testing.,Out of Office,2022-09-12T07:27:00Z,0,011EaMcsl7WkDv4YXK,Order,003O70ZTNvghWTKGIL,Lead
00U37iPGfLEgwqo2A3,Business review,2023-05-23T15:30:00Z,2023-05-23T16:30:00Z,Customer office,Call,Synthetic calendar activity for CRM workload testing.,Busy,2025-09-15T12:06:34Z,0,510XlKVyPMJxen7Q4V,Opportunity,003jAZnIL7oYfk0Y1U,Contact
00U4DNhXT5Hy0SvUOB,Discovery session,2026-05-16T13:00:00Z,2026-05-16T14:30:00Z,Online meeting,Call,Synthetic calendar activity for CRM workload testing.,Out of Office,2025-09-27T16:48:41Z,0,,,00Q2rx6RKG4aZjEEJ9,Lead
00UK9xpSxKTrLXC2CF,Implementation check-in,2025-03-06T14:00:00Z,2025-03-06T14:45:00Z,Online meeting,Meeting,Synthetic calendar activity for CRM workload testing.,Out of Office,2023-02-09T01:25:00Z,0,00134kztbICJD2tYCZ,Account,00Qv4gmkHZ1mQP5UP1,Lead
00UGq28SIZXwgQmEBI,Business review,2024-02-04T08:30:00Z,2024-02-04T09:15:00Z,Regional office,Call,Synthetic calendar activity for CRM workload testing.,Out of Office,2021-09-14T04:50:47Z,0,02iwRwMCv4p24IEAXX,Asset,003auAiDxfCBSfzQ4P,Contact
00UyILqiZqQQlyMEQS,Business review,2025-03-10T11:00:00Z,2025-03-10T11:30:00Z,Customer office,Workshop,Synthetic calendar activity for CRM workload testing.,Busy,2025-05-21T17:54:56Z,0,016jItLFgRY0n7MYSE,Order,003m9HrWtv4UnT7IY5,Contact
00UlIvvjO7NkAMjUOV,Business review,2021-11-09T15:00:00Z,2021-11-09T15:45:00Z,Regional office,Meeting,Synthetic calendar activity for CRM workload testing.,Out of Office,2021-09-18T02:00:47Z,0,500FwJ43p85qBkvAP9,Case,003Oezkqulk6ewjQIA,Contact
00UKh2ZCb915Bf3MNE,Implementation check-in,2025-03-09T10:30:00Z,2025-03-09T12:00:00Z,Regional office,Workshop,Synthetic calendar activity for CRM workload testing.,Busy,2022-01-18T17:39:37Z,0,50034M0Qkp8qAeDAMQ,Case,003Vov5oCX6NQVwQI1,Contact
00Uznp7Z4afNOlB2C3,Planning workshop,2026-05-19T16:00:00Z,2026-05-19T17:00:00Z,Online meeting,Workshop,Synthetic calendar activity for CRM workload testing.,Busy,2021-08-31T02:51:20Z,0,001oL00mAodv6UcYFE,Opportunity,0031Q3Evc7Xc9rbQI3,Contact
00UTEDlj61O9jBDMON,Business review,2024-01-15T15:30:00Z,2024-01-15T17:00:00Z,Online meeting,Call,Synthetic calendar activity for CRM workload testing.,Busy,2025-07-17T09:56:58Z,0,0019ojrY0cvCQ2UQ6L,Account,00QF3qoPFIKoJSPM4O,Lead
00UoPilo31WktqaMFS,Implementation check-in,2024-06-30T14:00:00Z,2024-06-30T14:45:00Z,Regional office,Call,Synthetic calendar activity for CRM workload testing.,Busy,2023-09-07T21:03:31Z,0,001ULaAYdBnWIytQCT,Account,003rg0dlaCQurMSITE,Contact
00Ua7Ev6l5lFZoUEFW,Business review,2025-07-07T10:00:00Z,2025-07-07T11:00:00Z,Online meeting,Meeting,Synthetic calendar activity for CRM workload testing.,Busy,2023-11-06T00:26:28Z,0,500aEstcaON9fMKI50,Case,003FoMGunubWUg2I6F,Contact
00UeP8XjpZN7zTg2W5,Planning workshop,2022-03-24T11:30:00Z,2022-03-24T12:15:00Z,Regional office,Meeting,Synthetic calendar activity for CRM workload testing.,Busy,2024-12-11T03:53:22Z,0,001gQSNxeXgntf7YR3,Account,,
00Uk1dO4kwm8In1UC1,Business review,2021-08-09T14:30:00Z,2021-08-09T15:15:00Z,Customer office,Meeting,Synthetic calendar activity for CRM workload testing.,Busy,2021-08-08T06:46:41Z,0,02tVz3Af1pPpQWJIAJ,Opportunity,0039cNQbl70skPvATU,Contact
00Um9AEQX2SdCvEE3M,Business review,2026-03-08T13:00:00Z,2026-03-08T13:30:00Z,Online meeting,Workshop,Synthetic calendar activity for CRM workload testing.,Out of Office,2021-09-04T02:25:14Z,0,52ijn69SPLo4ed5IRV,Opportunity,003TzZb7WHFRbgHIUO,Contact
00UwVp0ZRkbpLJ5E5G,Implementation check-in,2026-03-01T15:30:00Z,2026-03-01T16:15:00Z,Online meeting,Call,Synthetic calendar activity for CRM workload testing.,Out of Office,2023-02-18T07:00:25Z,0,01tW9QP1juoicgIQUZ,Product2,003O84dQbjv4L4iAPU,Contact
00UEA0zBN81NFUN2LH,Planning workshop,2024-10-22T10:00:00Z,2024-10-22T11:00:00Z,Customer office,Call,Synthetic calendar activity for CRM workload testing.,Out of Office,2026-03-01T23:12:50Z,0,800E53kXU601l7PQLX,Contract,0031Q3Evc7Xc9rbQI3,Contact
00UD1vuOqw8dYtjMZK,Discovery session,2024-03-28T09:00:00Z,2024-03-28T10:00:00Z,Regional office,Workshop,Synthetic calendar activity for CRM workload testing.,Out of Office,2025-10-25T16:51:25Z,0,,,00QlBORhVD5YXFEEYW,Lead
00UB1zzDMckFs4tEU9,Implementation check-in,2021-09-25T10:30:00Z,2021-09-25T11:30:00Z,Customer office,Meeting,Synthetic calendar activity for CRM workload testing.,Out of Office,2023-01-25T01:09:19Z,0,0010WdqUBYu4EriIM6,Account,003gAT9CwfsSaNnIGT,Contact
00U7FHzG3AYZaaYEEI,Discovery session,2023-12-12T13:30:00Z,2023-12-12T15:00:00Z,Regional office,Meeting,Synthetic calendar activity for CRM workload testing.,Out of Office,2024-09-08T00:44:15Z,0,7112i1Hr50yHeraQMN,Opportunity,003x6BiZELPWp5FYJ9,Contact
00UxvJbgw9Ico1vUG0,Business review,2021-09-24T16:00:00Z,2021-09-24T17:30:00Z,Customer office,Meeting,Synthetic calendar activity for CRM workload testing.,Out of Office,2021-09-08T11:26:01Z,0,001vuI7W5NKUSqVAGG,Account,,
00URYtMAeawTuP9MSW,Business review,2025-10-31T13:30:00Z,2025-10-31T14:15:00Z,Online meeting,Workshop,Synthetic calendar activity for CRM workload testing.,Out of Office,2025-06-19T15:35:42Z,0,02i89R2P2Q3x0XIYAC,Asset,00QRIeGyabQGBLTU6M,Lead
00UoesQH8LLQKNf2A4,Discovery session,2023-04-02T14:00:00Z,2023-04-02T15:00:00Z,Regional office,Call,Synthetic calendar activity for CRM workload testing.,Busy,2025-12-13T23:05:01Z,0,71iX3qS4baYggv7AN6,Opportunity,00Q7e7Briy5g5mcEG3,Lead
00UnvvmYcg3OgQKMSD,Discovery session,2022-01-04T14:30:00Z,2022-01-04T16:00:00Z,Customer office,Meeting,Synthetic calendar activity for CRM workload testing.,Out of Office,2025-03-10T17:58:08Z,0,520SPOH7ogwGGxIAHG,Opportunity,0039IYcMkc2rU2rIBM,Contact
00UPa4T5tpsuXIA2DG,Discovery session,2025-04-16T14:00:00Z,2025-04-16T15:00:00Z,Customer office,Call,Synthetic calendar activity for CRM workload testing.,Busy,2022-11-05T21:34:03Z,0,02tpaFf85ljoY7FYHM,Opportunity,,
00UDVrd8NgzUZI9UQW,Implementation check-in,2023-06-17T08:30:00Z,2023-06-17T10:00:00Z,Customer office,Call,Synthetic calendar activity for CRM workload testing.,Busy,2023-03-09T19:33:00Z,0,521FiKnX1ihmKBmIQQ,Opportunity,003exjZxGsG3qs1YQ1,Contact
00UAFESCQoRy4GTEVX,Business review,2024-12-02T09:00:00Z,2024-12-02T10:00:00Z,Online meeting,Meeting,Synthetic calendar activity for CRM workload testing.,Out of Office,2025-01-09T08:04:30Z,0,701bmC3dSpPfuEkATE,Campaign,003Jj7iLOhliCVOIT0,Contact
00UZSL0OoYXpk0wMYW,Discovery session,2024-03-16T09:30:00Z,2024-03-16T10:30:00Z,Online meeting,Meeting,Synthetic calendar activity for CRM workload testing.,Out of Office,2024-03-19T15:33:10Z,0,820dkfx5MiN3Jf2AR6,Opportunity,003aOXN8maPyJ9cYND,Contact
00UwrgwV6yLHB3E2A7,Implementation check-in,2024-06-25T11:00:00Z,2024-06-25T12:00:00Z,Regional office,Workshop,Synthetic calendar activity for CRM workload testing.,Out of Office,2026-03-04T03:28:12Z,0,00iQdjx4xLmOmbDYYY,Opportunity,00Q5fsfMj73VX7r2ID,Lead
00UpvfbSZjFup98E9L,Business review,2022-03-23T10:30:00Z,2022-03-23T11:30:00Z,Online meeting,Meeting,Synthetic calendar activity for CRM workload testing.,Busy,2025-09-24T07:40:37Z,0,001G40EGKjt7p96I7T,Account,003VFTZy2oG0jsrAS1,Contact
00U9hjA41YnOueFECM,Discovery session,2023-10-09T11:00:00Z,2023-10-09T11:30:00Z,Regional office,Call,Synthetic calendar activity for CRM workload testing.,Out of Office,2022-07-30T05:35:16Z,0,7266OMC0nv5jUJ0IZL,Opportunity,003xx93G3HdGJQbIZE,Contact
00UifF7wJ7xr6SsEDA,Planning workshop,2025-01-22T16:30:00Z,2025-01-22T18:00:00Z,Online meeting,Workshop,Synthetic calendar activity for CRM workload testing.,Out of Office,2023-03-20T12:09:43Z,0,02i6n19H5pnNiEJQ3P,Asset,0031Q3Evc7Xc9rbQI3,Contact
00U40k60kO1CLWhU5Q,Implementation check-in,2023-08-28T16:30:00Z,2023-08-28T18:00:00Z,Online meeting,Workshop,Synthetic calendar activity for CRM workload testing.,Busy,2025-06-29T21:16:40Z,0,500TdBOhJ7viHWcI5D,Case,003hMDunMjNslIVQ8V,Contact
00URKPAbyskzsYiE64,Implementation check-in,2022-11-07T11:30:00Z,2022-11-07T12:00:00Z,Customer office,Meeting,Synthetic calendar activity for CRM workload testing.,Busy,2023-10-03T12:49:06Z,0,701L7PbnIaoCL4kACA,Campaign,0033cD3226r2rt9AGL,Contact
00Us6o11FA3K71aUGW,Implementation check-in,2022-11-17T10:30:00Z,2022-11-17T11:30:00Z,Online meeting,Workshop,Synthetic calendar activity for CRM workload testing.,Busy,2021-07-18T15:18:17Z,0,02irF7bEDDnoCW3Q26,Asset,003MaCiwke54RXLY0N,Contact
00UxIka0aR6v207M0I,Business review,2022-12-10T13:30:00Z,2022-12-10T15:00:00Z,Regional office,Meeting,Synthetic calendar activity for CRM workload testing.,Out of Office,2023-10-10T08:21:36Z,0,,,0034SeMRhZnNA4bAKM,Contact
00UywNPok1eH8JNM10,Business review,2021-06-23T08:30:00Z,2021-06-23T09:00:00Z,Online meeting,Workshop,Synthetic calendar activity for CRM workload testing.,Out of Office,2026-05-04T05:04:02Z,0,02iZdHvFFzbuzFtY37,Asset,,
00UFRn9VKWjFlKHE0K,Business review,2025-06-22T11:00:00Z,2025-06-22T11:45:00Z,Regional office,Meeting,Synthetic calendar activity for CRM workload testing.,Out of Office,2022-03-20T13:15:40Z,0,0014WYoiYbOMlUgQDX,Account,003iXDfXVz3BdKQQVR,Contact
00UYqpNQnTRwNPzUP3,Discovery session,2025-07-26T15:00:00Z,2025-07-26T16:30:00Z,Customer office,Meeting,Synthetic calendar activity for CRM workload testing.,Busy,2022-08-09T18:26:18Z,0,01tcaoN6u2mHIFoQPB,Product2,0036M9oi3OkmErTIEE,Contact
00UuebNXwwvd2Tr2UQ,Planning workshop,2021-05-03T16:30:00Z,2021-05-03T18:00:00Z,Regional office,Call,Synthetic calendar activity for CRM workload testing.,Busy,2024-12-15T23:08:46Z,0,001LDvrdIgxRUc4IID,Account,003MpYMZE7fF1T1AN0,Contact
00UlGtyWBH3TGfGMK0,Discovery session,2023-08-05T09:30:00Z,2023-08-05T10:15:00Z,Customer office,Meeting,Synthetic calendar activity for CRM workload testing.,Out of Office,2023-10-13T06:08:10Z,0,801nfZnswQNLrZpYXQ,Opportunity,00338EFCa6tmFcaIUK,Contact
00UwRFf1goby2stM6O,Discovery session,2024-01-14T16:30:00Z,2024-01-14T17:00:00Z,Regional office,Meeting,Synthetic calendar activity for CRM workload testing.,Out of Office,2021-02-21T22:14:41Z,0,526TlzauHPH30K4Y3Y,Opportunity,0030Yegg0yQ11T7IA4,Contact
00UQoCt6CLg7ctUEX0,Business review,2021-10-31T13:30:00Z,2021-10-31T14:30:00Z,Online meeting,Workshop,Synthetic calendar activity for CRM workload testing.,Busy,2021-08-21T14:16:23Z,0,52tsdQVzzk5eS9DI06,Order,00QzDRjPA0y0vN8U69,Lead
00Utl7JkqFWpc64EMO,Planning workshop,2023-06-25T15:30:00Z,2023-06-25T16:30:00Z,Customer office,Meeting,Synthetic calendar activity for CRM workload testing.,Out of Office,2022-08-14T09:09:03Z,0,800bqRPbeTRLrxiYTF,Contract,003FVdzmg89BUslA0L,Contact
00U38WriRgHBhdOU3Y,Discovery session,2025-08-19T14:30:00Z,2025-08-19T15:30:00Z,Regional office,Meeting,Synthetic calendar activity for CRM workload testing.,Out of Office,2025-04-27T16:56:58Z,0,,,003KSHCpaRzgzM8ADK,Contact
00UaPJaZVL3ngHP2JE,Planning workshop,2022-06-14T08:30:00Z,2022-06-14T09:00:00Z,Online meeting,Meeting,Synthetic calendar activity for CRM workload testing.,Busy,2024-09-22T16:34:56Z,0,51iB8VNbijPpetFIJJ,Opportunity,0038gJHvjeY2Oe1A8W,Contact
00UGdeCyrf8u37IU0V,Business review,2026-02-20T10:30:00Z,2026-02-20T11:15:00Z,Regional office,Call,Synthetic calendar activity for CRM workload testing.,Out of Office,2021-08-12T00:01:47Z,0,001ClNAQA1Xn4fUINT,Account,00QIMg6mEhRjb6H28E,Lead
00UOB4E8AaAo06BEH3,Planning workshop,2026-07-19T09:00:00Z,2026-07-19T10:00:00Z,Regional office,Meeting,Synthetic calendar activity for CRM workload testing.,Out of Office,2024-07-03T14:42:16Z,0,816ub6hPcL9xyf9IYI,Opportunity,00QFpYatf8JGzbjU33,Lead
00UFqFuxgniP2IYUU8,Implementation check-in,2023-11-05T16:30:00Z,2023-11-05T17:15:00Z,Regional office,Meeting,Synthetic calendar activity for CRM workload testing.,Busy,2025-02-15T11:45:23Z,0,001OLEw0xIyryQpQ2X,Account,003cVGsrffaguWrYD5,Contact
00U3zQDNPppcQYR25H,Discovery session,2025-11-27T15:30:00Z,2025-11-27T16:00:00Z,Online meeting,Workshop,Synthetic calendar activity for CRM workload testing.,Out of Office,2024-06-11T22:45:59Z,0,02i1bDs4ppFoIVAYKK,Asset,003wnx6TO7u8vzEIU0,Lead
00Umy0ZP571vOajEF3,Business review,2025-11-09T08:30:00Z,2025-11-09T09:30:00Z,Online meeting,Meeting,Synthetic calendar activity for CRM workload testing.,Busy,2021-09-07T08:16:08Z,0,,,0034sReClnPK0KLY7F,Contact
00U8AVbqAwsAvgm227,Discovery session,2025-04-10T11:30:00Z,2025-04-10T13:00:00Z,Customer office,Call,Synthetic calendar activity for CRM workload testing.,Out of Office,2023-08-18T18:44:27Z,0,726XozNERgAAZDlIZ8,Opportunity,00QFqWM1vG2nBRvUA4,Lead
00UlRUwcSYnUaCpEFX,Business review,2021-04-06T10:30:00Z,2021-04-06T11:30:00Z,Customer office,Call,Synthetic calendar activity for CRM workload testing.,Busy,2026-02-13T16:19:02Z,0,001FChipDL8FyVaQQG,Account,003SJyQYGz4dPYDY8D,Contact
00UA61L64nXf168U2U,Business review,2023-09-12T16:00:00Z,2023-09-12T16:45:00Z,Customer office,Call,Synthetic calendar activity for CRM workload testing.,Out of Office,2025-03-22T21:25:49Z,0,00iSq8SPerfTgkuQ4M,Opportunity,003UAX9dkUBOih0AOO,Contact
00U25ssnvi8Ij2S274,Implementation check-in,2026-02-19T11:30:00Z,2026-02-19T12:00:00Z,Online meeting,Meeting,Synthetic calendar activity for CRM workload testing.,Busy,2021-12-10T07:42:41Z,0,500tVE4tpC6IZUCARK,Case,003hNF3GvpEpAzWIEV,Contact
00UggwOIzo0GlItUE6,Planning workshop,2023-12-15T09:00:00Z,2023-12-15T09:30:00Z,Regional office,Workshop,Synthetic calendar activity for CRM workload testing.,Busy,2024-04-10T07:18:15Z,0,001dVg5Hd2ux7OeY11,Account,00QJuBqJhgShfNc2RM,Lead
00UjVHoGn3BvezHU58,Implementation check-in,2025-02-22T14:00:00Z,2025-02-22T14:30:00Z,Customer office,Workshop,Synthetic calendar activity for CRM workload testing.,Out of Office,2023-05-30T22:30:08Z,0,800cglw2UdkqG4hYIT,Contract,00QdKg3zt3FYToMH5M,Lead
00U4muyJjJB54JSEG6,Planning workshop,2026-03-03T16:00:00Z,2026-03-03T17:30:00Z,Online meeting,Call,Synthetic calendar activity for CRM workload testing.,Out of Office,2022-06-28T01:10:39Z,0,001rLqfAY4OfLS1QF8,Account,003V70LfPwIXz1sII8,Contact
00UqgyM91PIcK8YED4,Discovery session,2021-09-08T08:30:00Z,2021-09-08T10:00:00Z,Customer office,Call,Synthetic calendar activity for CRM workload testing.,Busy,2024-03-12T04:05:07Z,0,026dgqdFsacCYffA2Q,Order,003g8YnJ45l2eWdK2T,Lead
00U4Mm24riwlym3MQW,Planning workshop,2021-12-29T09:30:00Z,2021-12-29T11:00:00Z,Regional office,Call,Synthetic calendar activity for CRM workload testing.,Busy,2023-01-29T07:39:45Z,0,51t4ISe2oquT5onIYK,Opportunity,00Q9hv9QzJBUvsaE8M,Lead
00Uc1v9K5sscnZk2B3,Planning workshop,2024-11-29T10:00:00Z,2024-11-29T10:30:00Z,Regional office,Call,Synthetic calendar activity for CRM workload testing.,Busy,2021-10-18T01:18:19Z,0,0018wiQDxKxpFvLYGU,Account,,
00UtR7mWHZ5ybsA276,Planning workshop,2025-05-05T11:30:00Z,2025-05-05T12:30:00Z,Regional office,Meeting,Synthetic calendar activity for CRM workload testing.,Busy,2025-03-03T17:28:01Z,0,001GvUdh6yZWB0wIIH,Account,003EITgQp4xDjA6IV9,Contact
00UjZhgGM0QVfVoUAT,Discovery session,2023-10-05T14:30:00Z,2023-10-05T16:00:00Z,Customer office,Call,Synthetic calendar activity for CRM workload testing.,Out of Office,2025-05-25T05:46:45Z,0,001EocC12jSBhyyIOU,Account,0031Q3Evc7Xc9rbQI3,Contact
00UIo00PGwlTndvUNT,Planning workshop,2023-03-20T13:30:00Z,2023-03-20T14:00:00Z,Regional office,Meeting,Synthetic calendar activity for CRM workload testing.,Out of Office,2024-07-17T03:20:36Z,0,52tZyxdG49iTgEvI74,Opportunity,003YIHp1TArqzm1QFV,Contact
00UjyxK7kfFE01A2QH,Planning workshop,2022-12-02T15:30:00Z,2022-12-02T16:15:00Z,Regional office,Meeting,Synthetic calendar activity for CRM workload testing.,Busy,2023-10-13T07:55:01Z,0,52tJCz8frqchjyuY71,Opportunity,00QHOErhWN0j3DIE08,Lead
00UdDFO2caXZG6SMZZ,Planning workshop,2024-04-25T14:30:00Z,2024-04-25T15:15:00Z,Customer office,Meeting,Synthetic calendar activity for CRM workload testing.,Out of Office,2021-01-04T18:50:36Z,0,001ULTfosWQTQf5QW1,Account,003P4MTvFelGRodQ08,Contact
00UrL50c5mWmGUMU1A,Business review,2024-01-10T09:30:00Z,2024-01-10T11:00:00Z,Regional office,Call,Synthetic calendar activity for CRM workload testing.,Busy,2023-03-15T02:58:03Z,0,5001XPeU0tP4mihQCG,Case,003J3V6xY1AaiyqQ8E,Contact
00U2YNbVEssZ3ZgMYG,Implementation check-in,2026-03-06T08:00:00Z,2026-03-06T08:30:00Z,Regional office,Meeting,Synthetic calendar activity for CRM workload testing.,Busy,2022-08-14T10:44:04Z,0,520SPOH7ogwGGxIAHG,Opportunity,003iXDfXVz3BdKQQVR,Contact
00UMh1HdyxkgtI0EBX,Implementation check-in,2021-06-21T10:00:00Z,2021-06-21T11:00:00Z,Online meeting,Call,Synthetic calendar activity for CRM workload testing.,Out of Office,2021-12-13T01:45:26Z,0,506lz24Tb5X9TnaY3R,Opportunity,,
00UTUe1DutozMRN2T7,Business review,2024-12-26T10:30:00Z,2024-12-26T12:00:00Z,Regional office,Meeting,Synthetic calendar activity for CRM workload testing.,Out of Office,2021-01-27T01:05:14Z,0,001R0OuIWPEowdMYT2,Account,0034EVtFHrdogVcQRN,Contact
00UTWZTTPSbUwYO2UP,Business review,2023-02-02T11:00:00Z,2023-02-02T11:45:00Z,Regional office,Meeting,Synthetic calendar activity for CRM workload testing.,Busy,2021-02-24T02:00:29Z,0,500JnRStY81eBchIF6,Case,003psFZ8iduZzPjI3E,Contact
00U1i0YILOs7Vqp202,Implementation check-in,2021-01-21T10:00:00Z,2021-01-21T11:00:00Z,Regional office,Workshop,Synthetic calendar activity for CRM workload testing.,Busy,2021-08-30T22:26:04Z,0,,,003kxeIbYRarc1MYRV,Contact
00UlxF5uhDEPxS1EM3,Planning workshop,2022-01-28T16:30:00Z,2022-01-28T17:30:00Z,Customer office,Call,Synthetic calendar activity for CRM workload testing.,Busy,2025-05-28T13:26:17Z,0,001XOGQaJwZLxA8YV5,Account,003Vq9Ox7LeTk4GQP4,Contact
00Ur3DSnwXR0rmTEV6,Business review,2023-07-01T14:30:00Z,2023-07-01T15:00:00Z,Online meeting,Call,Synthetic calendar activity for CRM workload testing.,Out of Office,2025-07-25T13:42:26Z,0,001Le6Z1bT7O20fIWC,Account,,
00UcvTejWo32Qn326E,Discovery session,2023-03-06T08:30:00Z,2023-03-06T09:00:00Z,Regional office,Meeting,Synthetic calendar activity for CRM workload testing.,Busy,2021-02-06T02:41:26Z,0,001DLqMjZmJEMS7ID7,Account,003s4EbxYNRHqPbQ0W,Contact
00UoN0b7W5dAayj2MI,Planning workshop,2021-06-19T14:30:00Z,2021-06-19T16:00:00Z,Customer office,Call,Synthetic calendar activity for CRM workload testing.,Out of Office,2024-11-04T07:30:44Z,0,0018YzqdxvbgCoaYQU,Account,003HWQXyBT2LZAIIEP,Contact
00UGujrrUW2MNT02CH,Business review,2023-07-28T09:30:00Z,2023-07-28T10:15:00Z,Online meeting,Call,Synthetic calendar activity for CRM workload testing.,Busy,2021-12-17T05:12:23Z,0,500sQ8uefTZDKfqA80,Case,0034EVtFHrdogVcQRN,Contact
00UHXhRCk1iHKSJE29,Planning workshop,2021-11-15T11:30:00Z,2021-11-15T12:30:00Z,Customer office,Meeting,Synthetic calendar activity for CRM workload testing.,Out of Office,2023-01-12T08:33:54Z,0,001hgdJHI7bDrNzIKJ,Account,003zlDJBeSE6i1PIZ5,Contact
00UZoCUp6S1WA7z2M5,Planning workshop,2022-05-26T15:00:00Z,2022-05-26T16:00:00Z,Online meeting,Workshop,Synthetic calendar activity for CRM workload testing.,Out of Office,2023-05-23T04:37:54Z,0,001PUaO8FLbQ5tuY7R,Account,003VDpvTs8k4wU8Q5V,Contact
00U0O1AXGz95x5Y269,Business review,2021-07-14T13:00:00Z,2021-07-14T14:00:00Z,Regional office,Meeting,Synthetic calendar activity for CRM workload testing.,Out of Office,2024-05-12T03:23:12Z,0,810a0t8k1FUXv1cI0V,Opportunity,,
00UVoA67GbOnmyS2Y2,Planning workshop,2026-03-09T15:30:00Z,2026-03-09T16:30:00Z,Customer office,Call,Synthetic calendar activity for CRM workload testing.,Busy,2022-04-21T05:49:41Z,0,,,003IlcpXjWSwBK2QZW,Contact
00U7W8dCiof4x49MOV,Planning workshop,2023-08-24T09:30:00Z,2023-08-24T10:15:00Z,Regional office,Meeting,Synthetic calendar activity for CRM workload testing.,Busy,2024-02-14T19:38:04Z,0,51tB6jq7uWCBasGQN3,Opportunity,0037Bsg2Pb6hce1Y60,Contact
00UBTfFMOuLOgdNMJ3,Business review,2021-07-16T08:30:00Z,2021-07-16T09:15:00Z,Regional office,Workshop,Synthetic calendar activity for CRM workload testing.,Busy,2021-08-24T12:23:52Z,0,001IGpX26HWSL0HQPY,Account,003pG37dZHpzjtZY7Y,Contact
00U54dVV0e2w9YTU73,Planning workshop,2024-05-21T11:30:00Z,2024-05-21T12:30:00Z,Online meeting,Meeting,Synthetic calendar activity for CRM workload testing.,Busy,2026-02-10T20:25:10Z,0,01tlu1AkkC5qbbuYPR,Opportunity,00QVB9CjZnygkhQM3L,Lead
00UPXWy6HIRRkDyEFK,Business review,2021-04-30T14:00:00Z,2021-04-30T14:30:00Z,Online meeting,Meeting,Synthetic calendar activity for CRM workload testing.,Out of Office,2024-06-04T05:25:37Z,0,0014rAjCuliftUBIPG,Account,0031DLg0S7g7YETAC1,Contact
00UeM3uMIq4vkEwEMO,Planning workshop,2026-03-02T13:30:00Z,2026-03-02T14:00:00Z,Regional office,Call,Synthetic calendar activity for CRM workload testing.,Out of Office,2025-12-19T00:16:11Z,0,500ofA9nvaaz8geICM,Case,003974zjDXazCjRQDS,Contact
00U1MFMHWrxWBdGEET,Business review,2024-03-24T09:00:00Z,2024-03-24T09:30:00Z,Customer office,Call,Synthetic calendar activity for CRM workload testing.,Out of Office,2022-07-02T13:34:43Z,0,001ev39cBq0xejNIY0,Account,003ALU8RfKdcUlxQN4,Contact
00UkXywkGmdm29SM6U,Planning workshop,2025-06-06T11:00:00Z,2025-06-06T12:00:00Z,Customer office,Meeting,Synthetic calendar activity for CRM workload testing.,Out of Office,2023-07-13T07:29:52Z,0,01tD1mF9ntG1JYcYGZ,Opportunity,003URlnxMHsDiDPQ7H,Contact
00UXx9gmBddP9iJEMR,Planning workshop,2026-07-12T11:30:00Z,2026-07-12T12:30:00Z,Online meeting,Meeting,Synthetic calendar activity for CRM workload testing.,Out of Office,2025-01-03T20:45:27Z,0,0010APGD8asQ2PkIS9,Account,00394wQRWKSVri5I25,Contact
00UfGDO4ObaRAnSULT,Planning workshop,2021-03-09T10:00:00Z,2021-03-09T11:00:00Z,Online meeting,Workshop,Synthetic calendar activity for CRM workload testing.,Busy,2022-07-28T14:24:07Z,0,001mmu9iYNsqBnfYFC,Account,003BoOeoxrfoYPPAFM,Contact
00UeKi91Wgz1OC1MFK,Implementation check-in,2026-08-01T16:30:00Z,2026-08-01T17:00:00Z,Regional office,Call,Synthetic calendar activity for CRM workload testing.,Out of Office,2023-08-26T06:41:36Z,0,,,00QLSnsoXVHtb8sUCC,Lead
00UnuU4xTyadYLOM69,Planning workshop,2024-08-13T15:30:00Z,2024-08-13T16:00:00Z,Online meeting,Workshop,Synthetic calendar activity for CRM workload testing.,Busy,2024-01-27T00:33:17Z,0,001CXiPlYrfwSgoQU2,Account,003QfTiTVMtfqu0IJ1,Contact
00Ule5OgcsV6QuMEGX,Discovery session,2025-02-07T11:00:00Z,2025-02-07T11:45:00Z,Customer office,Call,Synthetic calendar activity for CRM workload testing.,Out of Office,2022-05-25T22:24:38Z,0,0019laP52dnqWh3AF4,Account,0039mhj999GyrjIQQT,Contact
00UOz8c6fh5h3QCMOB,Implementation check-in,2022-05-16T09:00:00Z,2022-05-16T09:45:00Z,Regional office,Call,Synthetic calendar activity for CRM workload testing.,Out of Office,2026-05-14T12:24:30Z,0,0017zKMESrLRf4iY3C,Account,003Sf5gZC0qTX4rIWP,Contact
00UHa6malFUdgMf2CS,Business review,2023-03-23T11:00:00Z,2023-03-23T11:45:00Z,Regional office,Call,Synthetic calendar activity for CRM workload testing.,Busy,2025-09-11T15:19:45Z,0,026HJzJ4zsmILV2Q8A,Opportunity,003BWjAPrAVIkmPAUL,Contact
00UNXzpjIO2jRkL2LJ,Implementation check-in,2024-02-09T11:00:00Z,2024-02-09T11:30:00Z,Regional office,Meeting,Synthetic calendar activity for CRM workload testing.,Busy,2021-04-05T08:15:21Z,0,810bxkuzQPDh3uvAMF,Opportunity,003z2biclLyTGDCI9L,Contact
00UDY7Y1z6ZhQ8qUGO,Discovery session,2024-01-21T15:30:00Z,2024-01-21T16:15:00Z,Online meeting,Meeting,Synthetic calendar activity for CRM workload testing.,Busy,2022-08-31T15:37:17Z,0,8006XciettCNl6fYAJ,Contract,,
00UDQ6ZFmYqzGKPE35,Implementation check-in,2023-09-28T08:00:00Z,2023-09-28T09:30:00Z,Online meeting,Workshop,Synthetic calendar activity for CRM workload testing.,Out of Office,2022-03-23T09:15:54Z,0,50tcyEvbSDN8M4eYUK,Opportunity,00335UGjMvRVypoBSV,Lead
00UutFeJpr4qHzKUH1,Discovery session,2026-03-05T16:30:00Z,2026-03-05T17:00:00Z,Customer office,Meeting,Synthetic calendar activity for CRM workload testing.,Out of Office,2022-02-09T20:14:31Z,0,001DvFcs2OCjLNHAFJ,Account,003CrWnoDeTyHhVYCB,Contact
00Uhunnh1DY4V15UP7,Implementation check-in,2023-05-19T08:30:00Z,2023-05-19T09:15:00Z,Customer office,Workshop,Synthetic calendar activity for CRM workload testing.,Out of Office,2021-04-15T12:52:59Z,0,001mmu9iYNsqBnfYFC,Account,003rTm7hZj8JtoNQBV,Contact
00U1000kgqSu7JM2JJ,Business review,2022-09-27T16:00:00Z,2022-09-27T17:30:00Z,Regional office,Call,Synthetic calendar activity for CRM workload testing.,Out of Office,2023-10-14T18:19:12Z,0,500Q2cTozA6h6POIBP,Opportunity,003OnVQVbt2cOpYA2L,Contact
00UORbyEOXSMeIyMI4,Discovery session,2023-01-24T08:00:00Z,2023-01-24T09:30:00Z,Regional office,Workshop,Synthetic calendar activity for CRM workload testing.,Busy,2023-03-21T13:10:52Z,0,00ijCBPeUz5Qky5IPL,Opportunity,003qn7flMREuZdfQMB,Contact
00UVqABvH34Zpne2GG,Planning workshop,2025-03-04T14:30:00Z,2025-03-04T16:00:00Z,Online meeting,Workshop,Synthetic calendar activity for CRM workload testing.,Out of Office,2023-05-14T00:56:42Z,0,810eNr2w9bo9QOsYDP,Opportunity,00Qn42lhptWcLheMJV,Lead
00UMhiPo3eYZWZDUHG,Implementation check-in,2024-12-22T08:00:00Z,2024-12-22T08:30:00Z,Customer office,Workshop,Synthetic calendar activity for CRM workload testing.,Busy,2021-03-19T09:22:16Z,0,720hP6w22xszes4Y51,Opportunity,003rTm7hZj8JtoNQBV,Contact
00Uv8g9v0KpmAP12K1,Discovery session,2021-12-20T16:00:00Z,2021-12-20T17:00:00Z,Regional office,Meeting,Synthetic calendar activity for CRM workload testing.,Busy,2024-07-23T09:52:52Z,0,01t12GHQVKMd3OWIQ5,Opportunity,00Qk9iyJFYgUnrw2RU,Lead
00UCVYiSiQIQPur2E5,Business review,2022-06-25T16:00:00Z,2022-06-25T16:30:00Z,Online meeting,Call,Synthetic calendar activity for CRM workload testing.,Out of Office,2025-11-10T01:52:44Z,0,001MetGBUEn7phAIPH,Account,003UX1oByehqzC6YKY,Contact
00ULjRXYJnBvtPZMIL,Implementation check-in,2021-11-26T13:30:00Z,2021-11-26T14:30:00Z,Regional office,Workshop,Synthetic calendar activity for CRM workload testing.,Out of Office,2022-10-01T02:42:45Z,0,02iEhQ4UTYmJ95vYMW,Asset,003QUADnkYpJrMFIP1,Contact
00UU5hG0QmNNDS1UTK,Implementation check-in,2026-06-06T16:30:00Z,2026-06-06T17:30:00Z,Regional office,Workshop,Synthetic calendar activity for CRM workload testing.,Out of Office,2021-07-02T08:43:58Z,0,001ULTfosWQTQf5QW1,Account,003mnukqvEC7ItTAVT,Contact
00UqBs6IG1vbunTME3,Implementation check-in,2026-08-22T11:00:00Z,2026-08-22T12:00:00Z,Online meeting,Meeting,Synthetic calendar activity for CRM workload testing.,Busy,2025-11-27T11:03:35Z,0,82idEJODYkTMfvdAZ5,Opportunity,003Lf45AXPYWuMBI4W,Contact
00UkdJWAAtiM19UM6T,Discovery session,2024-09-13T16:30:00Z,2024-09-13T17:15:00Z,Regional office,Meeting,Synthetic calendar activity for CRM workload testing.,Busy,2023-11-19T03:31:39Z,0,001Ivgehi2RhpxmIXK,Account,003mvVQdkNBgEFkA0U,Contact
00UlI2YuPuApmQQE5A,Business review,2024-01-19T14:30:00Z,2024-01-19T15:00:00Z,Regional office,Meeting,Synthetic calendar activity for CRM workload testing.,Out of Office,2023-03-14T14:54:28Z,0,700RYj9OJ0tobSgYEL,Opportunity,00QF6JpZ88Ukcu0MZS,Lead
00UEIe9y5eF9U6mMPJ,Planning workshop,2022-04-07T10:30:00Z,2022-04-07T11:15:00Z,Regional office,Call,Synthetic calendar activity for CRM workload testing.,Out of Office,2026-03-27T09:18:11Z,0,701EsLuEhnkDYlxYN5,Opportunity,003FD5dV6K3l93CAIJ,Contact
00Ut1ANkXovEfw2MOB,Business review,2024-11-28T15:00:00Z,2024-11-28T15:45:00Z,Customer office,Call,Synthetic calendar activity for CRM workload testing.,Out of Office,2023-09-02T09:40:33Z,0,001tqRaHFT1utFgIDH,Account,003URlnxMHsDiDPQ7H,Contact
00U9wsf3HN5EKr328Y,Business review,2025-07-12T08:00:00Z,2025-07-12T09:30:00Z,Regional office,Meeting,Synthetic calendar activity for CRM workload testing.,Busy,2024-11-01T11:49:17Z,0,500uGrxKESC5uQIIZT,Case,00QbmnXkgvQgXg4EAR,Lead
00UurpQsXN2283w2PZ,Business review,2026-02-23T09:00:00Z,2026-02-23T10:00:00Z,Customer office,Meeting,Synthetic calendar activity for CRM workload testing.,Out of Office,2022-08-19T09:06:23Z,0,,,003iQ2CWiPsjRiHA3A,Contact
00UR55tkP0OeqYa20Q,Planning workshop,2024-03-03T09:30:00Z,2024-03-03T10:15:00Z,Customer office,Workshop,Synthetic calendar activity for CRM workload testing.,Busy,2023-03-25T05:29:16Z,0,0161X3H4nd77ebTQHG,Opportunity,003xKpYjRI45OxiI97,Contact
00UInFz4OVf07o5M5I,Implementation check-in,2025-11-25T14:30:00Z,2025-11-25T15:15:00Z,Regional office,Meeting,Synthetic calendar activity for CRM workload testing.,Out of Office,2022-06-12T23:10:00Z,0,51ijbWZ6sr4qhPXYSY,Order,0031Q3Evc7Xc9rbQI3,Contact
00U9owxCwn33DuI2O4,Business review,2023-06-04T15:00:00Z,2023-06-04T16:30:00Z,Regional office,Meeting,Synthetic calendar activity for CRM workload testing.,Out of Office,2026-03-25T15:21:10Z,0,001BAfwqbwr0TsUA0T,Account,,
00UXOAuMByXWGVYENR,Discovery session,2024-01-01T10:00:00Z,2024-01-01T11:30:00Z,Customer office,Workshop,Synthetic calendar activity for CRM workload testing.,Out of Office,2023-07-30T00:10:27Z,0,8168uwBtDwPU4BxQ5U,Opportunity,00QzHMoUzMzuv8NUN2,Lead
00UHHJ4ANUE1R07M32,Implementation check-in,2025-01-02T08:30:00Z,2025-01-02T10:00:00Z,Regional office,Call,Synthetic calendar activity for CRM workload testing.,Busy,2025-07-04T05:19:20Z,0,010qLMB0uAjOAJMAKD,Opportunity,003uNABTA3HDsNTQ1G,Contact
00UpbqOUjlSIzRm21C,Implementation check-in,2022-10-23T14:30:00Z,2022-10-23T15:15:00Z,Customer office,Call,Synthetic calendar activity for CRM workload testing.,Out of Office,2024-12-08T04:41:00Z,0,001ubaEHL3G30ZJYB5,Opportunity,,
00UillNgY36TCWGENQ,Implementation check-in,2022-09-19T14:00:00Z,2022-09-19T15:00:00Z,Regional office,Meeting,Synthetic calendar activity for CRM workload testing.,Busy,2026-03-30T02:20:43Z,0,,,003ZDckJ3ln0ADXY1Q,Contact
00UMSwMDSb4sxDSMEF,Implementation check-in,2024-07-17T08:00:00Z,2024-07-17T09:00:00Z,Regional office,Call,Synthetic calendar activity for CRM workload testing.,Busy,2025-08-05T05:15:25Z,0,001X5lK5MbsgblUIV7,Account,003ehyNoKXJL01LISB,Contact
00UrjO4x170WQOP2VX,Implementation check-in,2024-02-10T10:00:00Z,2024-02-10T10:45:00Z,Online meeting,Call,Synthetic calendar activity for CRM workload testing.,Out of Office,2024-04-07T06:32:30Z,0,,,00QyqWMyARIvtXnE60,Lead
00UOFVCZgIjehtNMFA,Planning workshop,2022-08-05T16:00:00Z,2022-08-05T17:00:00Z,Regional office,Meeting,Synthetic calendar activity for CRM workload testing.,Busy,2021-08-01T00:26:08Z,0,500vN71Gjhbk1IAQ3T,Case,0039eRjyiv8I347AFD,Contact
00UTRHYD0QOHcTCEKD,Implementation check-in,2026-05-04T11:00:00Z,2026-05-04T11:30:00Z,Customer office,Call,Synthetic calendar activity for CRM workload testing.,Busy,2021-06-14T03:58:00Z,0,,,0039I6GE1yzYwH8868,Lead
00UuxYkmXmoEcviM94,Planning workshop,2022-07-11T11:00:00Z,2022-07-11T11:30:00Z,Online meeting,Workshop,Synthetic calendar activity for CRM workload testing.,Out of Office,2021-11-28T01:49:31Z,0,5006k1RoD5DB8ghQON,Case,003tGuzsxGZam6lYCX,Contact
00Uyeg8x3RMvZ7dEDM,Business review,2025-10-05T16:00:00Z,2025-10-05T16:30:00Z,Customer office,Workshop,Synthetic calendar activity for CRM workload testing.,Busy,2025-03-04T00:01:06Z,0,7010j7HiIFs5acMAA2,Campaign,003tJXtlaXNJ12jYX3,Contact
00Ur114IPxS15HkUKE,Implementation check-in,2022-08-21T14:00:00Z,2022-08-21T14:30:00Z,Regional office,Call,Synthetic calendar activity for CRM workload testing.,Out of Office,2025-01-30T06:53:52Z,0,001vXGsLaTZksTjQHC,Account,00QnoIqJ7jS1kQg74D,Lead
00UBRZjmkb4NZxgE63,Business review,2023-05-15T08:00:00Z,2023-05-15T08:45:00Z,Regional office,Workshop,Synthetic calendar activity for CRM workload testing.,Busy,2024-05-30T10:15:54Z,0,001HUzAEaUc4liGY2K,Account,003EAApQ6DjAsfKYK5,Contact
00Uq0pfkTujm6YxEJL,Business review,2025-07-25T11:00:00Z,2025-07-25T11:30:00Z,Customer office,Workshop,Synthetic calendar activity for CRM workload testing.,Out of Office,2023-02-17T23:49:08Z,0,016UTIPsm3Q5yn8A5M,Opportunity,003s6dF4hMdQPk0I7Y,Contact
00UjAv6bath18fW2ZY,Planning workshop,2024-12-19T14:30:00Z,2024-12-19T15:15:00Z,Regional office,Workshop,Synthetic calendar activity for CRM workload testing.,Busy,2021-08-24T14:24:14Z,0,001TBaHImIEtjplQN7,Account,003RjFwodbP5EfaADS,Contact
00U7uYv3cSsb8jSUBV,Discovery session,2024-09-29T11:30:00Z,2024-09-29T12:30:00Z,Regional office,Workshop,Synthetic calendar activity for CRM workload testing.,Out of Office,2023-03-22T01:52:06Z,0,510jeTNS5V4arVzQ1Z,Opportunity,003vk7NGVpjseKTY67,Lead
00Ujkyt2ZYh7f3J2WM,Discovery session,2026-02-24T14:30:00Z,2026-02-24T15:30:00Z,Online meeting,Meeting,Synthetic calendar activity for CRM workload testing.,Busy,2021-05-20T00:42:48Z,0,500EZnrltFyqJuiAOM,Case,0039itNubm3uQOqYHJ,Contact
00UkdWkERC8HS50MSB,Planning workshop,2025-03-22T10:30:00Z,2025-03-22T12:00:00Z,Customer office,Workshop,Synthetic calendar activity for CRM workload testing.,Out of Office,2024-09-05T11:49:25Z,0,00ixs5i8iJUUoBHYRD,Opportunity,003sSslBwo3YQeYYLF,Contact
00UZ7ofTilpZkqTMV8,Business review,2025-01-11T15:00:00Z,2025-01-11T15:30:00Z,Online meeting,Workshop,Synthetic calendar activity for CRM workload testing.,Out of Office,2024-05-09T05:43:07Z,0,700AZ5Efb7g1SiiYI7,Opportunity,00Q1z6j0fQ1VQzwMD2,Lead
00Utt6FbGWwUd2mE03,Business review,2022-12-26T13:30:00Z,2022-12-26T14:30:00Z,Customer office,Workshop,Synthetic calendar activity for CRM workload testing.,Out of Office,2023-05-18T14:05:16Z,0,001Q3kntrifzyYWI62,Account,0033MLwhB5do4U0ITM,Contact
00UEjVSvdGRbXlRM7T,Planning workshop,2024-02-23T09:30:00Z,2024-02-23T10:30:00Z,Online meeting,Call,Synthetic calendar activity for CRM workload testing.,Out of Office,2023-02-17T02:43:29Z,0,701Dpaw66va6dUvYOQ,Campaign,00QK9N5ZUNNGuJm2FD,Lead
00U129FFzpEkgOrM0I,Discovery session,2022-07-30T15:00:00Z,2022-07-30T15:45:00Z,Customer office,Workshop,Synthetic calendar activity for CRM workload testing.,Busy,2021-07-04T04:45:43Z,0,7016JVvcTYMBRjjQNA,Campaign,003ruHWzIQwM2ygQ4L,Contact
00UVG9EploLFZWSEI1,Planning workshop,2026-06-18T11:30:00Z,2026-06-18T12:30:00Z,Customer office,Call,Synthetic calendar activity for CRM workload testing.,Out of Office,2021-03-19T20:00:38Z,0,,,003iTmW3vNbCgffI76,Contact
00URFGzWShWKzhJ2B8,Business review,2023-10-21T11:30:00Z,2023-10-21T12:15:00Z,Regional office,Meeting,Synthetic calendar activity for CRM workload testing.,Busy,2023-03-29T03:46:05Z,0,8106FjDlfsJJjsuALI,Order,003sSslBwo3YQeYYLF,Contact
00UuqlhXprpOtvl2Z1,Business review,2024-01-26T09:30:00Z,2024-01-26T11:00:00Z,Online meeting,Meeting,Synthetic calendar activity for CRM workload testing.,Out of Office,2024-08-12T12:09:00Z,0,701uy02vAEj9sQvINI,Campaign,003s1JrQYNqPqGT0H4,Lead
00Uizucd209EgpbE9E,Planning workshop,2024-08-20T08:00:00Z,2024-08-20T09:00:00Z,Regional office,Call,Synthetic calendar activity for CRM workload testing.,Busy,2024-02-29T09:15:06Z,0,01ipBE9FncIOp9LYNF,Opportunity,00QTMeVLjkN5y9JML2,Lead
00UZf95UnVUeiwf2LA,Planning workshop,2026-02-17T09:30:00Z,2026-02-17T10:30:00Z,Online meeting,Workshop,Synthetic calendar activity for CRM workload testing.,Out of Office,2024-05-20T21:35:54Z,0,001rpVRMvKUYUnZQWY,Account,003sGqFUY23ozJGG86,Lead
00U8tsXNYIarp00UMM,Planning workshop,2023-05-16T16:00:00Z,2023-05-16T17:00:00Z,Online meeting,Call,Synthetic calendar activity for CRM workload testing.,Busy,2023-10-03T19:16:54Z,0,800QxMVsNQ8IKBGQ8C,Contract,00QXO0Al05RrdJyMAG,Lead
00UfhUQUO9FsP3ZEYH,Planning workshop,2026-08-09T15:30:00Z,2026-08-09T16:15:00Z,Online meeting,Workshop,Synthetic calendar activity for CRM workload testing.,Busy,2022-08-13T21:42:16Z,0,,,003j49YzoPrHKs4QJ6,Contact
00U0SvTXMzhcFM42OX,Discovery session,2025-05-04T08:30:00Z,2025-05-04T09:15:00Z,Customer office,Meeting,Synthetic calendar activity for CRM workload testing.,Out of Office,2023-11-15T15:26:00Z,0,52tU95rJYmkebocIIB,Opportunity,003DnDlPXrvzmkCIGX,Contact
00UGpKGQPsJ62XB26G,Implementation check-in,2025-12-31T16:00:00Z,2025-12-31T17:30:00Z,Regional office,Call,Synthetic calendar activity for CRM workload testing.,Out of Office,2023-08-05T12:19:09Z,0,001wOS4RTezb6AxY4U,Account,00338Zpfu6vT22ZQ3O,Contact
00UjHUCt8f6JL5zUR5,Business review,2024-03-31T08:00:00Z,2024-03-31T08:30:00Z,Customer office,Meeting,Synthetic calendar activity for CRM workload testing.,Out of Office,2022-07-21T16:47:04Z,0,001ZX951OeRh6EHIOJ,Account,003wxcMknbhQxSeY78,Contact
00UDKJ0n9X0JU0rMI7,Discovery session,2025-06-01T10:00:00Z,2025-06-01T11:00:00Z,Online meeting,Meeting,Synthetic calendar activity for CRM workload testing.,Out of Office,2026-06-20T16:24:08Z,0,726CAuE2OX9ciQtAAC,Opportunity,00QDGAh8QjTQQYT46O,Lead
00UGpvs2ni2sQKA2TY,Discovery session,2022-07-16T08:30:00Z,2022-07-16T10:00:00Z,Customer office,Workshop,Synthetic calendar activity for CRM workload testing.,Busy,2021-04-26T23:54:09Z,0,701LVVOQQeQAPERQND,Campaign,003lfTCNDHmobXYIMN,Contact
00UATvng1c8XbmQMER,Planning workshop,2023-04-01T11:30:00Z,2023-04-01T12:30:00Z,Online meeting,Workshop,Synthetic calendar activity for CRM workload testing.,Busy,2022-09-30T07:09:03Z,0,01ipBE9FncIOp9LYNF,Opportunity,,
00UBQARuXLQWJV9M9E,Planning workshop,2021-10-10T15:30:00Z,2021-10-10T16:30:00Z,Regional office,Call,Synthetic calendar activity for CRM workload testing.,Out of Office,2024-06-21T19:35:32Z,0,001dVg5Hd2ux7OeY11,Account,003yrbLeuuGhniRI6Y,Contact
00U3NsO6hUiwbSmE2I,Implementation check-in,2023-06-23T16:00:00Z,2023-06-23T17:30:00Z,Regional office,Workshop,Synthetic calendar activity for CRM workload testing.,Out of Office,2022-07-31T08:08:21Z,0,700Z8oS94ZFqXc5YGZ,Opportunity,00314EqFS46qtYqQRH,Contact
00Ub59xbPrQ58pI2NG,Discovery session,2025-08-29T11:00:00Z,2025-08-29T11:30:00Z,Online meeting,Workshop,Synthetic calendar activity for CRM workload testing.,Busy,2021-02-10T07:26:47Z,0,001O8ZWUKMYoipYYQ7,Account,0039mhj999GyrjIQQT,Contact
00Ub7rTM6FPkUd7MAZ,Business review,2021-04-10T09:30:00Z,2021-04-10T10:15:00Z,Customer office,Call,Synthetic calendar activity for CRM workload testing.,Out of Office,2022-08-08T02:01:12Z,0,5008GoAPykFpq7MAK8,Case,00Q555GU05s8D8v2G9,Lead
00UZ3z4fPDIbtIjEN9,Planning workshop,2024-12-25T16:00:00Z,2024-12-25T17:30:00Z,Regional office,Call,Synthetic calendar activity for CRM workload testing.,Busy,2024-04-16T10:35:15Z,0,001PUaO8FLbQ5tuY7R,Account,003PG11g6TmXEpFQ1I,Contact
00UxyTpneNSZLN02L4,Discovery session,2022-08-06T09:00:00Z,2022-08-06T10:30:00Z,Customer office,Call,Synthetic calendar activity for CRM workload testing.,Out of Office,2021-08-20T17:10:33Z,0,5263f6aPNLmUo00Q7F,Opportunity,003ZbZQM8O4y5KxAWK,Contact
00Uvc5uXBhQqHz72NO,Business review,2021-12-16T16:00:00Z,2021-12-16T17:30:00Z,Online meeting,Call,Synthetic calendar activity for CRM workload testing.,Busy,2022-05-27T14:51:58Z,0,80iif3zS8vL3LMDA9N,Opportunity,003MpYMZE7fF1T1AN0,Contact
00Upad38MRVZFfZ2JD,Planning workshop,2023-01-12T09:30:00Z,2023-01-12T10:00:00Z,Customer office,Call,Synthetic calendar activity for CRM workload testing.,Busy,2024-05-15T14:37:15Z,0,500XnB1Zq9kVWIlQ76,Case,00QilzQF4lGNcIqUAR,Lead
00U7okA5tQv733gMVD,Business review,2026-02-25T10:00:00Z,2026-02-25T10:45:00Z,Regional office,Call,Synthetic calendar activity for CRM workload testing.,Busy,2024-04-12T19:31:03Z,0,701k0l45djHyWZsAS1,Campaign,003XbH1YbwlcchBYEO,Contact
00Uz1dYnaoua4KA2WG,Business review,2023-04-09T11:00:00Z,2023-04-09T11:30:00Z,Customer office,Call,Synthetic calendar activity for CRM workload testing.,Busy,2021-12-20T23:55:19Z,0,02iS10yANukMxlIYZQ,Asset,0036f1HRQb2n0VlQB5,Contact
00U5uG2ZJrpGChEENB,Implementation check-in,2022-06-21T14:00:00Z,2022-06-21T15:30:00Z,Customer office,Call,Synthetic calendar activity for CRM workload testing.,Out of Office,2021-08-13T18:17:16Z,0,01tJJToWew3jl1jYQN,Product2,003jGUbFYXqxnmyQ4F,Contact
00U4ChaQQX8JIrWMTM,Discovery session,2021-11-09T09:30:00Z,2021-11-09T10:00:00Z,Customer office,Call,Synthetic calendar activity for CRM workload testing.,Busy,2023-01-11T19:21:05Z,0,8000PJp9yvn57VuQXG,Contract,003Ms2NjBVHFa1qQ7F,Contact
00Uz6kv0sdfhCwcETK,Implementation check-in,2025-04-10T10:30:00Z,2025-04-10T11:15:00Z,Customer office,Workshop,Synthetic calendar activity for CRM workload testing.,Busy,2021-09-29T12:20:32Z,0,520ug8jt9tBboB3ABI,Order,0031VD9UKg8CI6sQCH,Contact
00UVVdnLYCmwYT4EXO,Planning workshop,2025-08-19T11:00:00Z,2025-08-19T11:45:00Z,Customer office,Workshop,Synthetic calendar activity for CRM workload testing.,Out of Office,2024-12-29T09:25:27Z,0,001dVg5Hd2ux7OeY11,Account,003N1gJ47YdD0WKY7U,Contact
00UhunD5x4plcczME9,Business review,2026-04-29T15:00:00Z,2026-04-29T16:30:00Z,Customer office,Workshop,Synthetic calendar activity for CRM workload testing.,Out of Office,2021-04-08T17:24:50Z,0,710ovmDHEhzjIAhYIQ,Opportunity,003Gqj5HefvdveDABM,Contact
00UfZmNYFTQRNrkEKZ,Implementation check-in,2024-12-07T11:00:00Z,2024-12-07T12:00:00Z,Regional office,Call,Synthetic calendar activity for CRM workload testing.,Out of Office,2025-04-05T02:08:41Z,0,01ianeLPVLfExBXYFP,Opportunity,003MU7FoAzObbaSY62,Contact
00Uz3jRFP8lJzdOECD,Business review,2024-08-05T15:30:00Z,2024-08-05T16:00:00Z,Customer office,Workshop,Synthetic calendar activity for CRM workload testing.,Busy,2024-10-15T07:15:06Z,0,02tnP1UyY82cSyiIZD,Opportunity,003IJYZzBDflswfI3D,Contact
00UFBGo3JFr8I8eU3X,Implementation check-in,2021-02-02T14:00:00Z,2021-02-02T15:30:00Z,Customer office,Meeting,Synthetic calendar activity for CRM workload testing.,Busy,2023-06-02T18:37:48Z,0,500CTTG5omi9arKIH6,Case,0039s3Fuj3bESMbIKS,Contact
00U3AiRCF8P50TWMHP,Implementation check-in,2023-02-26T10:00:00Z,2023-02-26T10:30:00Z,Online meeting,Call,Synthetic calendar activity for CRM workload testing.,Busy,2026-04-12T02:38:47Z,0,51iDTuNgsYSnlfNQAZ,Order,003VSx3gBhsvaiVQJK,Contact
00UUmzG4m84yYCgEIW,Planning workshop,2023-04-26T09:00:00Z,2023-04-26T09:45:00Z,Online meeting,Meeting,Synthetic calendar activity for CRM workload testing.,Busy,2025-05-21T11:35:57Z,0,800O3YNvNipydL6IQT,Contract,003YW7qNL2RKjOqYCD,Contact
00U5j1YLVBndtUGUJD,Planning workshop,2022-07-22T13:00:00Z,2022-07-22T14:30:00Z,Online meeting,Workshop,Synthetic calendar activity for CRM workload testing.,Out of Office,2021-06-12T03:23:54Z,0,01tNxoTQ4jtr1L6AQ6,Product2,003vzIhgcdGo6WyA8L,Contact
00Uv6V8oqawjW3T2EF,Discovery session,2025-03-29T13:00:00Z,2025-03-29T13:30:00Z,Customer office,Meeting,Synthetic calendar activity for CRM workload testing.,Out of Office,2024-07-13T18:58:59Z,0,001Ivgehi2RhpxmIXK,Account,0038m4S7TpRnSUYIZD,Contact
00U4uVEgFrVxjCV2J5,Implementation check-in,2024-11-23T11:30:00Z,2024-11-23T12:30:00Z,Customer office,Call,Synthetic calendar activity for CRM workload testing.,Out of Office,2021-11-10T21:00:57Z,0,71tPa9pj2CKPA1qQMG,Opportunity,00QKkM4x0wCeejSMB5,Lead
00UJOfuG64bcoi0EO3,Business review,2023-02-07T11:30:00Z,2023-02-07T12:00:00Z,Online meeting,Workshop,Synthetic calendar activity for CRM workload testing.,Busy,2021-09-29T17:17:01Z,0,001FChipDL8FyVaQQG,Account,003TYE5PAcFh1z9APN,Contact
00UJLL7xMqJKY1JUT5,Planning workshop,2025-03-08T13:30:00Z,2025-03-08T14:15:00Z,Online meeting,Call,Synthetic calendar activity for CRM workload testing.,Out of Office,2024-06-15T02:57:46Z,0,,,003NSNqWcJh2Q74I73,Contact
00UpBdHf8XLcdm4E7N,Business review,2024-07-16T14:00:00Z,2024-07-16T15:30:00Z,Customer office,Call,Synthetic calendar activity for CRM workload testing.,Out of Office,2025-05-05T15:13:09Z,0,02i5mUqm07IpLTHYX2,Asset,,
00UfZG9QJ4LlynW2TV,Planning workshop,2025-03-29T08:00:00Z,2025-03-29T08:30:00Z,Customer office,Call,Synthetic calendar activity for CRM workload testing.,Out of Office,2025-11-22T19:55:43Z,0,516a0xBwxWMNkAxI3M,Opportunity,,
00Uat7wWLCkvV2G2DQ,Business review,2023-03-19T13:00:00Z,2023-03-19T13:45:00Z,Customer office,Meeting,Synthetic calendar activity for CRM workload testing.,Busy,2026-04-14T00:13:08Z,0,001Mpyhcy0YjCuyQPK,Account,003NSNqWcJh2Q74I73,Contact
00UgDVkjVm58W7VMAG,Business review,2024-09-13T13:30:00Z,2024-09-13T14:15:00Z,Regional office,Meeting,Synthetic calendar activity for CRM workload testing.,Busy,2023-10-08T09:47:29Z,0,801mn7LPXOVniJyI2X,Opportunity,003t1CEwBUqc6XgYYE,Contact
00Ukr3os7MuPR7pEBX,Implementation check-in,2023-09-09T13:00:00Z,2023-09-09T13:30:00Z,Online meeting,Workshop,Synthetic calendar activity for CRM workload testing.,Out of Office,2025-03-28T13:52:05Z,0,01tTiYOuKc2VhIKABY,Product2,0031Q3Evc7Xc9rbQI3,Contact
00UGDGQrZEAInkUEHX,Planning workshop,2026-03-13T10:30:00Z,2026-03-13T12:00:00Z,Online meeting,Call,Synthetic calendar activity for CRM workload testing.,Out of Office,2023-09-08T03:04:13Z,0,52iOu1GfhrjzgJnY0N,Order,003jKLgBBZgnjjrAVG,Contact
00UkAWGPBf0VFxj2VR,Implementation check-in,2024-05-29T11:00:00Z,2024-05-29T11:45:00Z,Customer office,Workshop,Synthetic calendar activity for CRM workload testing.,Out of Office,2024-10-16T12:27:32Z,0,001DLqMjZmJEMS7ID7,Account,003CScrbDxLMgj6INJ,Contact
00UdDzgWC30LX1M2S2,Discovery session,2026-01-24T08:00:00Z,2026-01-24T09:00:00Z,Regional office,Workshop,Synthetic calendar activity for CRM workload testing.,Busy,2024-12-24T18:53:51Z,0,001vXGsLaTZksTjQHC,Account,0039HqdA25qDPmIIZ3,Contact
00UaLVfpedMqi9PU0X,Discovery session,2022-08-17T14:00:00Z,2022-08-17T15:00:00Z,Regional office,Meeting,Synthetic calendar activity for CRM workload testing.,Busy,2021-12-01T23:15:20Z,0,01tfpNseevgyHG4I4H,Product2,003pHHENHNnxmBcI4E,Contact
00UXXdQG1QbYAIXUG6,Planning workshop,2022-05-28T11:30:00Z,2022-05-28T12:30:00Z,Customer office,Workshop,Synthetic calendar activity for CRM workload testing.,Out of Office,2023-01-20T10:22:52Z,0,500tI568VQPFHh8YA9,Case,003R375X0ukUtivI7U,Contact
00U1vU9KRFBRPAnEKU,Planning workshop,2024-09-23T09:30:00Z,2024-09-23T10:15:00Z,Regional office,Call,Synthetic calendar activity for CRM workload testing.,Busy,2023-08-21T18:41:47Z,0,701baEWnGlBqdzhA9Z,Campaign,003o7AokIEksfBaIXM,Contact
00ULMkByApWPThxE3Q,Planning workshop,2021-06-26T16:00:00Z,2021-06-26T16:30:00Z,Online meeting,Meeting,Synthetic calendar activity for CRM workload testing.,Busy,2022-02-15T08:02:09Z,0,500WCW6WhG5a741IQG,Case,003cMX0lIecSIbxYI1,Contact
00UsYJZn1RJWx3w21Q,Implementation check-in,2024-07-09T10:00:00Z,2024-07-09T11:30:00Z,Regional office,Call,Synthetic calendar activity for CRM workload testing.,Out of Office,2021-10-18T03:33:26Z,0,820k7BRYhy6wZm7IHH,Opportunity,0031Q3Evc7Xc9rbQI3,Contact
00Ue0H6MqYXiTFDEG7,Discovery session,2026-09-17T11:00:00Z,2026-09-17T11:30:00Z,Customer office,Workshop,Synthetic calendar activity for CRM workload testing.,Busy,2025-03-17T08:29:46Z,0,501XZ94f9Gshb4CASW,Opportunity,003a8uxJvoTFQlj8IL,Lead
00U5dGB13XyDBxNUD6,Implementation check-in,2022-01-21T10:30:00Z,2022-01-21T11:30:00Z,Customer office,Meeting,Synthetic calendar activity for CRM workload testing.,Busy,2025-07-21T23:27:44Z,0,52iIvIepjT8Ijm2QIX,Opportunity,003cFniDk18INNVAMY,Contact
00UN8E2IwgkriNP22C,Discovery session,2026-07-09T15:00:00Z,2026-07-09T16:30:00Z,Online meeting,Call,Synthetic calendar activity for CRM workload testing.,Out of Office,2024-02-18T20:55:31Z,0,701eYR0IxKvWggxING,Campaign,003bSg0uOlqmDaVIBX,Contact
00UkqFOttT3oI6iMDD,Business review,2024-03-21T08:30:00Z,2024-03-21T09:15:00Z,Customer office,Workshop,Synthetic calendar activity for CRM workload testing.,Out of Office,2026-01-06T08:32:40Z,0,02iJ7r0NRvDrfh0YD4,Asset,003VCiuiE6Fh61HYE7,Contact
00UMWGuQZrLKVTI2J2,Planning workshop,2022-07-06T09:30:00Z,2022-07-06T11:00:00Z,Customer office,Meeting,Synthetic calendar activity for CRM workload testing.,Out of Office,2021-03-08T21:02:10Z,0,001tvKQbYklnB9tY2P,Account,00Q2EXBQABlQO8221T,Lead
00Ubxolz6tFDysBEKH,Planning workshop,2024-01-27T14:30:00Z,2024-01-27T16:00:00Z,Online meeting,Call,Synthetic calendar activity for CRM workload testing.,Busy,2021-08-13T16:42:50Z,0,02tpaFf85ljoY7FYHM,Opportunity,003Yiga9CLvf2dQYGF,Contact
00UZ2lTja21UPnt2A6,Business review,2026-04-01T11:00:00Z,2026-04-01T11:30:00Z,Regional office,Call,Synthetic calendar activity for CRM workload testing.,Busy,2021-04-29T08:48:00Z,0,,,003v5R0JIimNeViI1D,Contact
00UpBDmCCAXMkurUY9,Planning workshop,2024-06-05T11:30:00Z,2024-06-05T13:00:00Z,Regional office,Workshop,Synthetic calendar activity for CRM workload testing.,Busy,2025-11-15T19:22:42Z,0,02iS22kmtnTAmXQYS9,Opportunity,003DY4Vr4QymuaUQLH,Contact
00UlMsCdnyCraMjUFG,Discovery session,2024-12-09T16:30:00Z,2024-12-09T17:15:00Z,Online meeting,Call,Synthetic calendar activity for CRM workload testing.,Busy,2025-06-02T03:58:27Z,0,02iaIEtvmu6FlkmQT9,Asset,00QJXs058zl1WapGMG,Lead
00UiYW5VoDO9HgE27V,Planning workshop,2023-06-16T10:30:00Z,2023-06-16T11:15:00Z,Online meeting,Call,Synthetic calendar activity for CRM workload testing.,Out of Office,2025-02-23T08:16:49Z,0,00iIXtwNrf2ood7QEH,Opportunity,0033XGztMNRMu6dQEB,Contact
00UeYifRbJJMRNGM85,Discovery session,2023-08-19T13:00:00Z,2023-08-19T14:00:00Z,Regional office,Call,Synthetic calendar activity for CRM workload testing.,Out of Office,2022-01-03T12:45:06Z,0,701QvNzI8kZyr86YGN,Campaign,003CTAk4NcTPhsDQVS,Contact
00U6uVibOyDGyOCU6G,Discovery session,2025-04-04T15:30:00Z,2025-04-04T16:00:00Z,Regional office,Call,Synthetic calendar activity for CRM workload testing.,Busy,2021-10-13T20:49:35Z,0,800UWmTFNBO8gEGA6V,Contract,003eBJrduqPYUKLQAZ,Contact
00U4Ir1fIHFznqeEGM,Business review,2025-01-17T10:00:00Z,2025-01-17T11:00:00Z,Customer office,Meeting,Synthetic calendar activity for CRM workload testing.,Out of Office,2025-06-30T02:48:19Z,0,701eBZTq7oipTE6QF6,Opportunity,00QQIbQq3j2PzG3UYQ,Lead
00UEFlaNOQqMc2b2YF,Implementation check-in,2021-10-12T08:00:00Z,2021-10-12T08:30:00Z,Regional office,Meeting,Synthetic calendar activity for CRM workload testing.,Busy,2021-08-05T12:42:11Z,0,001iWJjSJhQ7PeuAR2,Account,003azJSR2ragVkrYFE,Contact
00UOznyxrpiqASsEJ3,Planning workshop,2021-05-07T08:00:00Z,2021-05-07T08:45:00Z,Online meeting,Workshop,Synthetic calendar activity for CRM workload testing.,Out of Office,2021-02-26T15:19:28Z,0,701bmC3dSpPfuEkATE,Campaign,003fXRtYH2J1xp9ADS,Contact
00U0nB782aZGsZ8UH0,Planning workshop,2021-04-26T14:00:00Z,2021-04-26T14:45:00Z,Online meeting,Meeting,Synthetic calendar activity for CRM workload testing.,Busy,2024-12-06T01:53:02Z,0,701s2qORj9Q5274YHM,Campaign,003ObY6T5K3DWQxAUR,Contact
00UJCiRNyZpM4R1MIZ,Discovery session,2026-04-22T13:30:00Z,2026-04-22T15:00:00Z,Customer office,Workshop,Synthetic calendar activity for CRM workload testing.,Busy,2024-10-22T05:48:19Z,0,726LutHRC9ADmm5YST,Opportunity,003eLdeO57k71MPAG9,Contact
00U81FIifx66dIB2WY,Implementation check-in,2022-05-31T15:30:00Z,2022-05-31T16:15:00Z,Customer office,Meeting,Synthetic calendar activity for CRM workload testing.,Busy,2023-08-15T20:15:35Z,0,71iAFTupKfJkisWA3O,Opportunity,,
00UBbMyaigl2MSoU3D,Discovery session,2026-03-17T13:00:00Z,2026-03-17T13:45:00Z,Customer office,Call,Synthetic calendar activity for CRM workload testing.,Busy,2021-03-28T01:18:09Z,0,701Dpaw66va6dUvYOQ,Campaign,003i3Fet9kkPOYUAJI,Contact
00UCpK2xq5uN2ZZENX,Discovery session,2022-04-23T14:30:00Z,2022-04-23T16:00:00Z,Regional office,Call,Synthetic calendar activity for CRM workload testing.,Out of Office,2021-11-13T20:51:21Z,0,00ijCBPeUz5Qky5IPL,Opportunity,003ZbsFp7oXia3iA34,Contact
00U8EKUp5sPidSSMBX,Business review,2021-10-08T08:30:00Z,2021-10-08T09:15:00Z,Regional office,Call,Synthetic calendar activity for CRM workload testing.,Out of Office,2022-04-09T07:07:29Z,0,7010j7HiIFs5acMAA2,Campaign,003D3vomlJS5FcPAGE,Contact
00UhjIV63aYhoAnMJ6,Planning workshop,2025-05-06T14:30:00Z,2025-05-06T15:30:00Z,Online meeting,Meeting,Synthetic calendar activity for CRM workload testing.,Out of Office,2022-02-25T19:52:05Z,0,001FChipDL8FyVaQQG,Account,,
00UYuwhoppEfMCuUWI,Planning workshop,2025-10-12T09:00:00Z,2025-10-12T10:30:00Z,Customer office,Call,Synthetic calendar activity for CRM workload testing.,Out of Office,2021-12-04T23:54:28Z,0,71iuskDkUQF9eXuY5A,Order,0032GNqrOy9A8LKAWC,Contact
00UAXW54cbGb8TU2XZ,Planning workshop,2023-07-01T14:30:00Z,2023-07-01T16:00:00Z,Customer office,Meeting,Synthetic calendar activity for CRM workload testing.,Busy,2024-04-06T19:43:04Z,0,001Pv3IESUoMrhiAAG,Account,003HWQXyBT2LZAIIEP,Contact
00UeOw4kg7oZNK0ED8,Planning workshop,2022-08-06T09:30:00Z,2022-08-06T10:30:00Z,Customer office,Meeting,Synthetic calendar activity for CRM workload testing.,Busy,2024-12-04T16:32:00Z,0,720susxuGmjB8FsYC7,Order,003g8C7MPRmlNHTYYN,Contact
00UT93kgRHSEKfFUFO,Planning workshop,2022-05-04T09:30:00Z,2022-05-04T10:30:00Z,Regional office,Workshop,Synthetic calendar activity for CRM workload testing.,Busy,2024-06-27T06:57:58Z,0,800WGmMAqFXhoiTIUV,Contract,003JIxQoODFL9M0IVQ,Contact
00USv69C6EeA4o2E9T,Business review,2025-12-05T14:00:00Z,2025-12-05T14:45:00Z,Customer office,Workshop,Synthetic calendar activity for CRM workload testing.,Out of Office,2025-05-29T18:03:02Z,0,001ltvwfHnMcdhbAJS,Account,,
00U8u8FxH1VZHwiM5Y,Discovery session,2025-03-19T16:00:00Z,2025-03-19T16:45:00Z,Customer office,Workshop,Synthetic calendar activity for CRM workload testing.,Out of Office,2026-05-10T09:31:39Z,0,02iIWXAJD6iMnvNQT2,Asset,00QWipUmZbJFX0e2OD,Lead
00U9lHFU0H465XlEGG,Planning workshop,2021-06-12T11:00:00Z,2021-06-12T12:30:00Z,Customer office,Workshop,Synthetic calendar activity for CRM workload testing.,Out of Office,2022-03-05T09:56:40Z,0,701EsLuEhnkDYlxYN5,Opportunity,0030sKrr59bnBWGQWV,Contact
00UsPfUORn2zmUlE3U,Planning workshop,2025-06-01T13:00:00Z,2025-06-01T13:45:00Z,Customer office,Call,Synthetic calendar activity for CRM workload testing.,Out of Office,2026-04-02T17:15:35Z,0,716PLRyHOjrYVV6QRB,Order,003wXaj6lOoSXpCQZM,Contact
00UsiOuwFQPXINtUCL,Discovery session,2025-02-17T08:30:00Z,2025-02-17T09:30:00Z,Customer office,Call,Synthetic calendar activity for CRM workload testing.,Out of Office,2024-02-18T21:34:39Z,0,001X5lK5MbsgblUIV7,Account,003jcLRXVtoXDhyQMP,Contact
00UdaYqUV4Zz7gpMXG,Implementation check-in,2022-08-16T08:00:00Z,2022-08-16T09:30:00Z,Customer office,Meeting,Synthetic calendar activity for CRM workload testing.,Out of Office,2024-08-09T09:22:13Z,0,52tafsWd7VWGKGTIMO,Order,,
00UrYYGsTlv0BmmUNH,Discovery session,2022-01-23T15:00:00Z,2022-01-23T15:45:00Z,Online meeting,Call,Synthetic calendar activity for CRM workload testing.,Busy,2024-06-17T14:23:00Z,0,,,,
00UflYMSf74fQWuEJ1,Planning workshop,2021-03-12T14:00:00Z,2021-03-12T14:30:00Z,Customer office,Call,Synthetic calendar activity for CRM workload testing.,Busy,2025-04-30T01:22:51Z,0,701AUP2DWX9vWyrQNF,Campaign,003zoXe7FbPdXtfACG,Contact
00UgSpnNcimXzMl2OC,Discovery session,2022-10-18T09:00:00Z,2022-10-18T09:45:00Z,Regional office,Meeting,Synthetic calendar activity for CRM workload testing.,Busy,2024-12-20T00:08:57Z,0,001L6QQcpJ1qXB2Y62,Account,00QMmTNZpx0wDIu21I,Lead
00UWS4ixinjxK1K2JV,Discovery session,2021-05-08T10:30:00Z,2021-05-08T11:15:00Z,Online meeting,Workshop,Synthetic calendar activity for CRM workload testing.,Busy,2023-12-15T20:22:18Z,0,82taXSqnyACT0REIDI,Order,003ftagqbM4Nr19AO0,Contact
00UGfimr3rF7D88MTX,Discovery session,2025-03-23T14:30:00Z,2025-03-23T15:30:00Z,Regional office,Workshop,Synthetic calendar activity for CRM workload testing.,Out of Office,2023-10-16T04:17:04Z,0,,,003qK42NKkhUdqCYID,Contact
00UHz84ysZpPucuEX3,Implementation check-in,2024-03-03T14:00:00Z,2024-03-03T15:00:00Z,Regional office,Call,Synthetic calendar activity for CRM workload testing.,Busy,2023-12-20T16:49:05Z,0,51i9rNqdYClkr0zIFJ,Opportunity,00Q0ZAXErYu32hDRCR,Lead
00UFYxEkOvEmby2UEX,Planning workshop,2022-08-11T10:30:00Z,2022-08-11T11:15:00Z,Customer office,Meeting,Synthetic calendar activity for CRM workload testing.,Out of Office,2024-02-16T00:13:46Z,0,81tYw0ANPUQ2I6WQS2,Opportunity,003ABq7AEPasjoXYH0,Contact
00UNtjvBDe7KVi5UGN,Business review,2023-05-13T09:30:00Z,2023-05-13T11:00:00Z,Regional office,Workshop,Synthetic calendar activity for CRM workload testing.,Busy,2022-11-01T02:51:29Z,0,701zPCT7q7BesAmYT9,Campaign,00QrkFqg3tCxPbi2WL,Lead
00U7pV65WMd52MRUVM,Discovery session,2024-07-25T13:30:00Z,2024-07-25T14:00:00Z,Customer office,Call,Synthetic calendar activity for CRM workload testing.,Busy,2022-07-07T02:17:36Z,0,001oowXHzEaXod1YS1,Account,003ZfzudGNIIQ3mYTT,Contact
00UXUBeHUwxTwe6E5U,Planning workshop,2024-10-12T09:00:00Z,2024-10-12T09:30:00Z,Customer office,Meeting,Synthetic calendar activity for CRM workload testing.,Busy,2023-11-01T10:12:22Z,0,0017R1i3b17QyDUAUX,Account,003DmIhesMxMxM7IHY,Contact
00UbA637mpjaEocEWQ,Planning workshop,2022-04-15T09:00:00Z,2022-04-15T10:00:00Z,Online meeting,Meeting,Synthetic calendar activity for CRM workload testing.,Busy,2023-04-09T20:07:36Z,0,500q3NMOwGfjHfKY4Q,Case,0037x3dE82ZCNg7QBQ,Contact
00U9QoMebQNN1BXM0V,Discovery session,2022-07-14T15:00:00Z,2022-07-14T15:30:00Z,Regional office,Call,Synthetic calendar activity for CRM workload testing.,Busy,2021-07-12T21:22:32Z,0,516T1jyYjH3KRCII9F,Opportunity,003RIbSywAcBkQUAOJ,Contact
00UwOAP9cl1RumxMAT,Planning workshop,2022-01-25T16:30:00Z,2022-01-25T17:15:00Z,Online meeting,Meeting,Synthetic calendar activity for CRM workload testing.,Busy,2021-09-02T08:33:35Z,0,821IrhP5JDNTKeQQ08,Opportunity,0031Q3Evc7Xc9rbQI3,Contact
00UIV2S2ib1uPSF2G4,Discovery session,2022-04-12T09:30:00Z,2022-04-12T11:00:00Z,Customer office,Workshop,Synthetic calendar activity for CRM workload testing.,Out of Office,2025-03-23T13:53:41Z,0,,,003VMcAQu6AgWg0YG4,Contact
00UXZmiJ0dUOKO4M6K,Planning workshop,2022-10-07T15:30:00Z,2022-10-07T16:00:00Z,Customer office,Meeting,Synthetic calendar activity for CRM workload testing.,Out of Office,2023-02-02T12:09:53Z,0,0014BI0PTpGJAb4ICJ,Account,003CazuthmoYZmcAZN,Contact
00UnmvHd8ECPDpwEZH,Business review,2026-07-03T14:00:00Z,2026-07-03T14:45:00Z,Customer office,Meeting,Synthetic calendar activity for CRM workload testing.,Out of Office,2025-04-23T22:47:29Z,0,001Hmzu237idVEDY59,Account,003kCsx65ghko6fQ8Z,Contact
00UhKYOfMW9eLquMDT,Discovery session,2026-02-21T11:00:00Z,2026-02-21T12:30:00Z,Regional office,Call,Synthetic calendar activity for CRM workload testing.,Busy,2026-05-15T11:21:20Z,0,02ipvKudlT5HYG0I7R,Asset,003moatACR4H0qAI31,Contact
00UvEkbOFxbQhXy2Y9,Implementation check-in,2024-09-17T10:30:00Z,2024-09-17T11:15:00Z,Regional office,Workshop,Synthetic calendar activity for CRM workload testing.,Out of Office,2022-03-27T12:53:02Z,0,51t4ISe2oquT5onIYK,Opportunity,003KSHCpaRzgzM8ADK,Contact
00UQ2khQYGdJHCSU2X,Discovery session,2023-05-19T11:00:00Z,2023-05-19T12:00:00Z,Customer office,Meeting,Synthetic calendar activity for CRM workload testing.,Busy,2021-03-28T21:41:18Z,0,701baEWnGlBqdzhA9Z,Campaign,003UY2oCkarj96lQDX,Contact
00U9p7DB212QGbiULC,Discovery session,2024-12-27T10:30:00Z,2024-12-27T12:00:00Z,Regional office,Meeting,Synthetic calendar activity for CRM workload testing.,Out of Office,2023-04-12T16:16:45Z,0,82iZkWaeuyP8zctA0X,Opportunity,0031Q3Evc7Xc9rbQI3,Contact
00UiTk7DMpar2mwEOO,Planning workshop,2021-08-02T10:30:00Z,2021-08-02T11:00:00Z,Customer office,Workshop,Synthetic calendar activity for CRM workload testing.,Out of Office,2022-05-04T13:04:35Z,0,51tCO1aeW2hjHWTY77,Opportunity,003nq2wdHMWRCBZI0X,Contact
00U0DnRDJZEQFW9EFB,Planning workshop,2023-04-17T09:00:00Z,2023-04-17T09:30:00Z,Regional office,Meeting,Synthetic calendar activity for CRM workload testing.,Busy,2024-09-01T16:33:24Z,0,52iJ6P9RGzERsxwADO,Opportunity,,
00U1nDG0OVCCDH9EOJ,Business review,2021-04-09T16:30:00Z,2021-04-09T17:15:00Z,Regional office,Call,Synthetic calendar activity for CRM workload testing.,Busy,2024-10-21T21:24:39Z,0,00ijCBPeUz5Qky5IPL,Opportunity,003b5App7BPEwpaYJM,Contact
00U0UNrXRr4u0Xi2ZU,Implementation check-in,2023-03-06T10:00:00Z,2023-03-06T11:00:00Z,Regional office,Call,Synthetic calendar activity for CRM workload testing.,Out of Office,2024-11-27T14:23:54Z,0,800umqU9rL9AwDHYLO,Contract,00QbiaGDZ2LaUoM28S,Lead
00UGK4VhzuqkxFPUVN,Discovery session,2022-04-27T08:30:00Z,2022-04-27T10:00:00Z,Online meeting,Call,Synthetic calendar activity for CRM workload testing.,Busy,2024-05-05T07:31:58Z,0,8004N5me67X1UnjY4Z,Contract,00Q51zXRJKoaqRh2O7,Lead
00UXTlPrD87fc65UJT,Business review,2025-07-19T14:00:00Z,2025-07-19T15:00:00Z,Customer office,Meeting,Synthetic calendar activity for CRM workload testing.,Out of Office,2023-09-14T15:24:14Z,0,7001ARnqX538iYMQHE,Order,003PcLfD8joXRqdQ17,Contact
00UkgSJSK7wAmdWUYN,Implementation check-in,2026-02-28T15:00:00Z,2026-02-28T15:45:00Z,Online meeting,Workshop,Synthetic calendar activity for CRM workload testing.,Busy,2025-11-06T15:24:06Z,0,500yM8uUmQMDnjwIGB,Case,0032H8gQHROz6gcQPL,Contact
00UAj0ArwxEJDdl2GX,Business review,2025-11-30T16:00:00Z,2025-11-30T16:45:00Z,Regional office,Workshop,Synthetic calendar activity for CRM workload testing.,Out of Office,2021-05-27T14:02:31Z,0,500pDeflY4PEucJYE9,Case,,
00UoBOwzUAjIDheMXU,Implementation check-in,2023-04-10T09:00:00Z,2023-04-10T10:30:00Z,Online meeting,Meeting,Synthetic calendar activity for CRM workload testing.,Busy,2023-01-16T03:48:43Z,0,,,003iQyO82d4KMl0Y4B,Contact
00UZwPMLmVWz7Fn2CA,Business review,2024-06-28T08:30:00Z,2024-06-28T09:30:00Z,Customer office,Workshop,Synthetic calendar activity for CRM workload testing.,Out of Office,2021-01-09T13:32:21Z,0,,,003GdAWYE90Z1GMIR7,Contact
00UavRz9weSZHpEUMD,Business review,2023-04-08T14:00:00Z,2023-04-08T14:30:00Z,Online meeting,Call,Synthetic calendar activity for CRM workload testing.,Out of Office,2026-05-07T19:29:27Z,0,52tJCz8frqchjyuY71,Opportunity,003XCSqIckOHn4lIIS,Contact
00UjBFxdgwTdNdS2JW,Discovery session,2022-05-24T16:00:00Z,2022-05-24T16:30:00Z,Online meeting,Meeting,Synthetic calendar activity for CRM workload testing.,Busy,2024-11-30T12:35:53Z,0,02izfnzYiZHIHqAAYH,Asset,003XGJBvjpTzhTrYE3,Contact
00Ud1N2Tx8A5iG5E4Y,Implementation check-in,2025-04-19T10:00:00Z,2025-04-19T10:45:00Z,Regional office,Workshop,Synthetic calendar activity for CRM workload testing.,Busy,2021-10-11T09:04:25Z,0,701uy02vAEj9sQvINI,Campaign,003PyfsmoB4Y1LhQ8Z,Contact
00UyUpP7Hx6iVYsERD,Planning workshop,2021-05-10T08:00:00Z,2021-05-10T09:00:00Z,Online meeting,Workshop,Synthetic calendar activity for CRM workload testing.,Busy,2024-10-01T03:46:12Z,0,7016JVvcTYMBRjjQNA,Campaign,003iPxRW4x8Atg0QMZ,Contact
00U9UVeuvLCqDrIUSQ,Planning workshop,2022-03-08T09:00:00Z,2022-03-08T09:45:00Z,Online meeting,Workshop,Synthetic calendar activity for CRM workload testing.,Out of Office,2023-06-08T10:02:48Z,0,526F3l9AGlkv8pfIWP,Opportunity,00Qah6FYwpEhRIU2ET,Lead
00UbJQqZZbvyrBqEL9,Implementation check-in,2023-04-18T08:00:00Z,2023-04-18T08:30:00Z,Online meeting,Call,Synthetic calendar activity for CRM workload testing.,Out of Office,2024-01-07T14:15:05Z,0,02i8ceLoaWfliMHQHW,Asset,003dCwB44DHL6noALE,Contact
00Uoa5lt6NNLjOsU2T,Implementation check-in,2022-04-22T16:00:00Z,2022-04-22T17:00:00Z,Regional office,Call,Synthetic calendar activity for CRM workload testing.,Busy,2022-08-20T18:17:01Z,0,001FzQ1Vu9hM4AsIVS,Account,0039NbehctfaYP7A9N,Contact
00URcSDpfO6vHymUI7,Business review,2021-12-10T10:00:00Z,2021-12-10T10:45:00Z,Customer office,Workshop,Synthetic calendar activity for CRM workload testing.,Busy,2025-05-01T14:24:59Z,0,800ZLfuUv69zjcQIW6,Contract,003EXtBzfFLxFbpQ92,Contact
00UB4N2sXjacUDkEPY,Discovery session,2024-07-13T10:30:00Z,2024-07-13T12:00:00Z,Customer office,Workshop,Synthetic calendar activity for CRM workload testing.,Busy,2026-06-20T07:28:19Z,0,001LDvrdIgxRUc4IID,Account,003jPpwwDoAri1LIRC,Contact
00UexUbMZ8iUBjNMMR,Implementation check-in,2022-10-11T13:30:00Z,2022-10-11T15:00:00Z,Online meeting,Workshop,Synthetic calendar activity for CRM workload testing.,Busy,2024-03-01T07:57:40Z,0,810oLjx3DaEqk2RAWB,Opportunity,003wj4aZ1eHyznPQLH,Contact
00U6kelSRiCHecXEQO,Business review,2025-08-30T10:30:00Z,2025-08-30T11:15:00Z,Online meeting,Call,Synthetic calendar activity for CRM workload testing.,Out of Office,2022-04-13T10:45:43Z,0,,,003efXBMJZqDwiVYYC,Contact
00UYJEW2gH7Yg7qMAQ,Business review,2024-09-12T10:30:00Z,2024-09-12T12:00:00Z,Regional office,Call,Synthetic calendar activity for CRM workload testing.,Out of Office,2023-09-18T17:24:38Z,0,821Oa65M3Z3hR4DQ9X,Opportunity,00QP7pAdRz05wlAEO2,Lead
00UZOkl9HoZyXCs2RC,Planning workshop,2022-09-10T14:00:00Z,2022-09-10T15:00:00Z,Customer office,Workshop,Synthetic calendar activity for CRM workload testing.,Out of Office,2025-12-26T05:17:55Z,0,001aJFstC9yWgafQNG,Account,003QpUbKtwmcJ3HY8B,Contact
00Uk6LmM0Ths4YdEKK,Business review,2026-08-05T10:30:00Z,2026-08-05T11:15:00Z,Regional office,Meeting,Synthetic calendar activity for CRM workload testing.,Out of Office,2025-08-02T20:35:08Z,0,72tcxdVCdzng8jjIGV,Opportunity,003ekyB4pNej2sIID3,Contact
00UWiq0mE2BEZHTU16,Planning workshop,2022-03-05T14:30:00Z,2022-03-05T15:30:00Z,Online meeting,Call,Synthetic calendar activity for CRM workload testing.,Out of Office,2024-11-08T22:31:23Z,0,01tP4esz3eZDbeDAWQ,Opportunity,003BRwu2sKtgDFJIUG,Contact
00UOT0VKVEO7I0zEAG,Business review,2026-02-26T11:30:00Z,2026-02-26T13:00:00Z,Customer office,Workshop,Synthetic calendar activity for CRM workload testing.,Busy,2023-01-13T20:43:19Z,0,02iBmbfzG6eHaT2A8H,Asset,003uIWWDu5XHBBvIH2,Contact
00Uq7ajxDulXdz1MJA,Implementation check-in,2026-03-20T15:00:00Z,2026-03-20T16:00:00Z,Regional office,Call,Synthetic calendar activity for CRM workload testing.,Out of Office,2022-09-24T23:46:29Z,0,52th6NaZzpxGAvAY03,Opportunity,003ako1JRaHiv3YI66,Contact
00Ujo6gHjihErLC23R,Business review,2024-05-22T10:30:00Z,2024-05-22T11:15:00Z,Online meeting,Workshop,Synthetic calendar activity for CRM workload testing.,Out of Office,2024-05-24T16:46:16Z,0,001gcyiBi1aOx6uAJ7,Account,00QoyY82B1jhKdcDCF,Lead
00UEbufZdvvRgZ8UKR,Planning workshop,2022-12-16T10:00:00Z,2022-12-16T11:30:00Z,Regional office,Meeting,Synthetic calendar activity for CRM workload testing.,Busy,2024-06-11T20:44:10Z,0,500a4Fy2wDn9oS5IZA,Case,003go4c3nStxcM3QTZ,Contact
00U7GamNVto0sz0M6N,Planning workshop,2024-01-03T15:30:00Z,2024-01-03T16:15:00Z,Regional office,Workshop,Synthetic calendar activity for CRM workload testing.,Out of Office,2023-03-19T07:24:35Z,0,001KQsenOWHB4fuQM5,Account,,
00Ut9xVSaQEqO4oU8W,Business review,2021-05-01T15:00:00Z,2021-05-01T16:30:00Z,Online meeting,Meeting,Synthetic calendar activity for CRM workload testing.,Out of Office,2025-05-23T19:07:16Z,0,001cnLEQk5pZMibQH2,Account,003ibyqKksVRVY7QU1,Contact
00U2jyAZKitn8CvE7X,Business review,2022-05-20T14:30:00Z,2022-05-20T16:00:00Z,Regional office,Workshop,Synthetic calendar activity for CRM workload testing.,Busy,2026-03-30T13:09:42Z,0,0017q85b1UbQ3zNQ8K,Account,00QIY2JPX5XnQcKEIS,Lead
00UA1DL0ukVyMgOEZE,Business review,2023-05-27T16:30:00Z,2023-05-27T18:00:00Z,Online meeting,Meeting,Synthetic calendar activity for CRM workload testing.,Busy,2026-06-10T09:02:11Z,0,02iTKxzAu4XMXvtYKN,Asset,00QAN3bZOehobaYEEB,Lead
00U0nty9tXCjho1UXH,Implementation check-in,2026-03-07T16:30:00Z,2026-03-07T17:15:00Z,Regional office,Call,Synthetic calendar activity for CRM workload testing.,Busy,2023-01-14T14:49:43Z,0,50inwhIHEWxsdO8YG0,Opportunity,003gg89u20676IeIXS,Contact
00UHZYzTbBypY7u24C,Business review,2025-07-04T14:30:00Z,2025-07-04T15:15:00Z,Online meeting,Workshop,Synthetic calendar activity for CRM workload testing.,Out of Office,2026-03-04T16:13:43Z,0,500irg3eBCKlFLkYFE,Case,00QCUkSYC23syb7MPH,Lead
00UxOc8DTHr7WYeMQ5,Discovery session,2022-01-23T14:30:00Z,2022-01-23T15:30:00Z,Customer office,Workshop,Synthetic calendar activity for CRM workload testing.,Busy,2021-03-20T22:50:44Z,0,,,003mYFAFR2j9W73QKR,Contact
00U3PE6sygkd8JVU26,Business review,2023-06-26T10:00:00Z,2023-06-26T11:30:00Z,Online meeting,Meeting,Synthetic calendar activity for CRM workload testing.,Busy,2024-08-13T06:45:49Z,0,016qwCAFG80w9EFAFW,Order,0030KKuMuOgqfrFIK3,Contact
00UxLEdnGkZK8hdUE2,Planning workshop,2022-08-23T11:00:00Z,2022-08-23T12:30:00Z,Regional office,Workshop,Synthetic calendar activity for CRM workload testing.,Busy,2024-09-23T05:44:50Z,0,801oHU9AvbVZ3maQ0U,Opportunity,003m13Waknf6PNX8VB,Lead
00UUdHkVksd4CoPM6Y,Discovery session,2025-01-11T10:30:00Z,2025-01-11T12:00:00Z,Customer office,Meeting,Synthetic calendar activity for CRM workload testing.,Busy,2025-01-03T13:35:32Z,0,5009Y4Hkt9I8SpYIR3,Case,003mOaulT5tUPQNQYQ,Contact
00Ua97syz9DMCcFM4E,Planning workshop,2024-09-07T14:00:00Z,2024-09-07T15:00:00Z,Online meeting,Workshop,Synthetic calendar activity for CRM workload testing.,Busy,2023-08-18T11:37:35Z,0,706URexXAhKOqeCQCV,Opportunity,003EAApQ6DjAsfKYK5,Contact
00UvXCDO3zGKzrNMBU,Business review,2023-01-19T09:00:00Z,2023-01-19T09:45:00Z,Online meeting,Call,Synthetic calendar activity for CRM workload testing.,Busy,2025-10-20T09:03:43Z,0,500e5TqEY2dT1qyQWP,Case,003tg75f77ILFFoADI,Contact
00UPF9abmiAeGliUNW,Discovery session,2023-01-03T16:30:00Z,2023-01-03T17:15:00Z,Regional office,Meeting,Synthetic calendar activity for CRM workload testing.,Out of Office,2021-01-01T17:44:12Z,0,000ivHnEkBtiEjzAF1,Opportunity,0037WNG7p57RSWoIFK,Contact
00U9A7l9PylaWmu2H4,Planning workshop,2026-05-15T13:00:00Z,2026-05-15T14:30:00Z,Customer office,Workshop,Synthetic calendar activity for CRM workload testing.,Busy,2025-03-20T05:28:11Z,0,516a0xBwxWMNkAxI3M,Opportunity,0030wi3NB6tDt7SAY9,Contact
00UyO6OZPtT7KLeUIX,Implementation check-in,2024-01-14T11:00:00Z,2024-01-14T12:00:00Z,Online meeting,Meeting,Synthetic calendar activity for CRM workload testing.,Busy,2021-10-22T19:20:04Z,0,701dvFZxXgmRnlIQM7,Campaign,0034bSNcvxaJOubIRN,Contact
00UO9XBRp22ABkhUR5,Business review,2023-08-16T15:00:00Z,2023-08-16T16:00:00Z,Regional office,Workshop,Synthetic calendar activity for CRM workload testing.,Busy,2024-08-12T01:36:35Z,0,001FifSg7G2gzZrY2M,Account,003g1jXJmFJ4W6mASA,Contact
00UCf1QHaIFuX10MFI,Implementation check-in,2023-10-04T13:30:00Z,2023-10-04T14:15:00Z,Customer office,Meeting,Synthetic calendar activity for CRM workload testing.,Busy,2022-09-07T05:07:49Z,0,02ijMCp2bkiT4NPAO3,Asset,00Qc7vTwmwyT2TM23U,Lead
00Uu5l5619d9Q8QMFN,Business review,2025-10-26T16:30:00Z,2025-10-26T17:15:00Z,Regional office,Call,Synthetic calendar activity for CRM workload testing.,Out of Office,2021-07-26T13:09:19Z,0,00682pc98Lt7LCdAVA,Opportunity,0031P042walvFE4QG5,Contact
00UcvHnBvdffAEsEEJ,Discovery session,2022-12-08T16:30:00Z,2022-12-08T17:00:00Z,Regional office,Call,Synthetic calendar activity for CRM workload testing.,Out of Office,2023-09-01T02:36:19Z,0,001jIiXAhBEHXIPYQP,Account,00QX0cucWRdsAtW2TI,Lead
00U5a5U73ur1rgWM30,Implementation check-in,2021-05-13T13:00:00Z,2021-05-13T13:30:00Z,Customer office,Workshop,Synthetic calendar activity for CRM workload testing.,Out of Office,2026-03-02T12:55:18Z,0,800V8lGTMkQwWVOI27,Contract,003gceY71ZavIIHILB,Contact
00U0KcrlfBUiJT8UTP,Implementation check-in,2026-08-27T14:30:00Z,2026-08-27T16:00:00Z,Regional office,Meeting,Synthetic calendar activity for CRM workload testing.,Busy,2023-06-23T19:25:14Z,0,,,003A5vqtN4Vl7EPIM5,Contact
00Uqy2CmoNGjIAdM22,Planning workshop,2026-08-05T13:30:00Z,2026-08-05T15:00:00Z,Regional office,Meeting,Synthetic calendar activity for CRM workload testing.,Busy,2024-02-07T11:49:07Z,0,001b6p7wMuocXZFIKR,Account,00Qcz83DRe9x41kUCK,Lead
00U6hFh53WwaILSU93,Business review,2025-07-13T16:00:00Z,2025-07-13T16:45:00Z,Regional office,Call,Synthetic calendar activity for CRM workload testing.,Out of Office,2021-01-22T19:01:13Z,0,8000iu1gPnwYYKdYOU,Contract,003AJ3RqXmlhv7yQKP,Contact
00UfbHOb8YyWkkYEDQ,Planning workshop,2024-09-02T11:00:00Z,2024-09-02T12:30:00Z,Customer office,Workshop,Synthetic calendar activity for CRM workload testing.,Out of Office,2022-08-31T14:14:43Z,0,800JionEv43ghMIAAH,Contract,003ZFwK8D99UlX4QPY,Contact
00UrTBoDsqm3k8m2HU,Implementation check-in,2024-05-07T11:00:00Z,2024-05-07T11:45:00Z,Regional office,Workshop,Synthetic calendar activity for CRM workload testing.,Out of Office,2022-04-28T13:44:31Z,0,526spsRumdUQ8zFYUC,Opportunity,003RFkT9hrPsRwsQDT,Contact
00UwwbwNbq7wB7g2E3,Implementation check-in,2021-03-20T11:30:00Z,2021-03-20T13:00:00Z,Regional office,Meeting,Synthetic calendar activity for CRM workload testing.,Out of Office,2023-02-25T23:55:42Z,0,,,,
00Uy8rAMgqD9y4DMIZ,Business review,2022-09-30T14:30:00Z,2022-09-30T15:30:00Z,Online meeting,Workshop,Synthetic calendar activity for CRM workload testing.,Out of Office,2022-10-31T23:13:41Z,0,5218kDGtvyPxwpRAE4,Opportunity,003B1KkPXByFmUdI6V,Contact
00U2OvwzNdjjN9xMOJ,Planning workshop,2025-02-14T16:30:00Z,2025-02-14T17:30:00Z,Online meeting,Workshop,Synthetic calendar activity for CRM workload testing.,Out of Office,2023-10-03T04:41:42Z,0,700JRyKHqsq3xvxIRH,Opportunity,00QKnyfKkNTvuliMSE,Lead
00U8xPZtGz692d52X4,Planning workshop,2023-08-14T16:00:00Z,2023-08-14T17:00:00Z,Regional office,Workshop,Synthetic calendar activity for CRM workload testing.,Out of Office,2024-03-08T18:17:38Z,0,02igyyOjgjzfcYvAMT,Asset,0038KaVYDLfphloIAC,Contact
00UzglHciLwkvT72IV,Implementation check-in,2021-10-11T15:30:00Z,2021-10-11T16:15:00Z,Customer office,Call,Synthetic calendar activity for CRM workload testing.,Busy,2023-03-28T23:48:30Z,0,510ilL9Y0sCGljGA02,Opportunity,0034zSxLgVmoVOHI64,Contact
00UknS1ZqRy7VLOE45,Discovery session,2023-09-12T09:00:00Z,2023-09-12T10:30:00Z,Online meeting,Workshop,Synthetic calendar activity for CRM workload testing.,Busy,2026-04-14T01:07:32Z,0,500QQqdqyfSOtsKIXM,Case,0034aOXLvFz8KLpQIU,Contact
00UQU4nH0uqExZtMLH,Business review,2023-04-18T11:30:00Z,2023-04-18T12:00:00Z,Regional office,Workshop,Synthetic calendar activity for CRM workload testing.,Busy,2025-07-05T01:17:46Z,0,821Oa65M3Z3hR4DQ9X,Opportunity,003CEgLjeVi1tr387U,Lead
00U2mPbQV0XxdoKMIX,Discovery session,2025-03-28T10:30:00Z,2025-03-28T11:15:00Z,Customer office,Meeting,Synthetic calendar activity for CRM workload testing.,Busy,2024-12-23T16:52:54Z,0,811EZMzVncgRwb8YBS,Order,003QfRPBunwS0dvYKE,Contact
00Uoj8iRb4KLqZA2G9,Implementation check-in,2026-08-08T08:30:00Z,2026-08-08T09:30:00Z,Customer office,Meeting,Synthetic calendar activity for CRM workload testing.,Busy,2024-02-23T12:51:43Z,0,001kIZzocnhLCvOQBW,Account,003RXAjrIEuybuWI16,Contact
00U9hJ5kdVNx3NaEDO,Business review,2024-04-23T09:30:00Z,2024-04-23T10:30:00Z,Online meeting,Workshop,Synthetic calendar activity for CRM workload testing.,Out of Office,2026-01-15T12:12:37Z,0,001tqRaHFT1utFgIDH,Account,003T85cJjM9kvNXI4T,Contact
00UZiqjf2ulfZb72QB,Discovery session,2026-01-24T08:00:00Z,2026-01-24T08:45:00Z,Online meeting,Meeting,Synthetic calendar activity for CRM workload testing.,Out of Office,2026-05-20T07:14:42Z,0,706mPS2KercmP4aQW9,Opportunity,003k4Y5lXmxalZuIH3,Contact
00U9V6WAVYfgohqUAU,Planning workshop,2022-03-12T13:30:00Z,2022-03-12T14:00:00Z,Customer office,Workshop,Synthetic calendar activity for CRM workload testing.,Out of Office,2021-08-13T07:05:20Z,0,011uTS0O62cBIW1YEA,Opportunity,00Q1CkmtWejv7IK2IJ,Lead
00Uvw8DlwjGsGaJ2VU,Planning workshop,2021-02-28T10:30:00Z,2021-02-28T11:00:00Z,Online meeting,Meeting,Synthetic calendar activity for CRM workload testing.,Out of Office,2022-09-03T19:46:39Z,0,02ii7rlXIoohOd9I08,Asset,00Qp7traNGjb8ZDEZS,Lead
00U1y0i8fy0V3CbMN1,Discovery session,2022-05-19T10:00:00Z,2022-05-19T11:30:00Z,Regional office,Meeting,Synthetic calendar activity for CRM workload testing.,Out of Office,2021-10-10T20:05:15Z,0,511qzmAzIJTfrsIQWH,Order,0031xCMEyljPzCpIXV,Contact
00Uinu01kzR5IPy2UJ,Business review,2023-03-13T09:00:00Z,2023-03-13T10:30:00Z,Regional office,Workshop,Synthetic calendar activity for CRM workload testing.,Busy,2021-02-02T13:35:11Z,0,01i4IMardk5sqj4AS0,Opportunity,00QewJqqYU3pN1d2EN,Lead
00UayzqCZvijx5O2RU,Planning workshop,2023-10-25T08:30:00Z,2023-10-25T09:30:00Z,Regional office,Call,Synthetic calendar activity for CRM workload testing.,Out of Office,2024-01-09T13:06:02Z,0,00isjDp7DggNzxqQ1K,Opportunity,0031OgLshls4XrqQ85,Contact
00U8bAb00giTSFRM1C,Business review,2023-06-25T11:00:00Z,2023-06-25T11:30:00Z,Customer office,Call,Synthetic calendar activity for CRM workload testing.,Out of Office,2025-07-06T20:56:43Z,0,0010APGD8asQ2PkIS9,Account,00QEykCSGyLczhZUIN,Lead
00U5YXQnFo95NntUN9,Discovery session,2023-02-17T16:30:00Z,2023-02-17T17:15:00Z,Regional office,Meeting,Synthetic calendar activity for CRM workload testing.,Busy,2025-09-15T20:05:44Z,0,71i9FTNyZtivXqvA0X,Opportunity,003TKgXEWOfUh8KAEF,Contact
00UV8b9K2pcKx63UTN,Business review,2022-11-22T14:30:00Z,2022-11-22T15:30:00Z,Online meeting,Meeting,Synthetic calendar activity for CRM workload testing.,Busy,2024-10-17T15:52:36Z,0,,,00QTTGuf3IVCPg32YM,Lead
00UlWBKlpTUrWf6260,Planning workshop,2022-02-26T13:00:00Z,2022-02-26T14:30:00Z,Online meeting,Workshop,Synthetic calendar activity for CRM workload testing.,Out of Office,2022-03-29T14:02:31Z,0,010zVx6chGDncbSYXH,Opportunity,003oKqkfdIU5Q4AYTI,Contact
00UqADq072M1VIaE2I,Business review,2026-03-07T15:30:00Z,2026-03-07T16:00:00Z,Online meeting,Workshop,Synthetic calendar activity for CRM workload testing.,Busy,2022-12-18T18:58:10Z,0,821AbkiganEss7hYIQ,Opportunity,003bUNcpcDfbmERAX3,Contact
00UHKfcj2PShwrBU8A,Implementation check-in,2025-01-02T08:30:00Z,2025-01-02T10:00:00Z,Customer office,Meeting,Synthetic calendar activity for CRM workload testing.,Out of Office,2025-08-19T17:14:34Z,0,800Jy2Fn9zw9YOfA42,Contract,,
00UspUJmt1YITZCED5,Discovery session,2021-07-31T11:00:00Z,2021-07-31T12:30:00Z,Online meeting,Meeting,Synthetic calendar activity for CRM workload testing.,Out of Office,2023-02-24T23:09:42Z,0,7212lBGld6d3jDdISJ,Opportunity,0032O4jCbCRLa3iYMT,Contact
00UvhIq3cmgkxFPEQG,Planning workshop,2024-04-28T16:00:00Z,2024-04-28T17:30:00Z,Customer office,Call,Synthetic calendar activity for CRM workload testing.,Busy,2022-05-27T23:18:57Z,0,500OaIRwD2VvNVuAGV,Case,003D2L3UNfBXw3mAVU,Contact
00UecOr5PpdotU3ET3,Business review,2023-12-15T15:00:00Z,2023-12-15T15:45:00Z,Regional office,Workshop,Synthetic calendar activity for CRM workload testing.,Busy,2023-03-23T23:19:12Z,0,810U0ikkjudK62DI7W,Order,003t3juN7QKh8rJYLV,Contact
00UddvAaoTk0spj2IP,Implementation check-in,2024-09-24T14:30:00Z,2024-09-24T15:30:00Z,Customer office,Call,Synthetic calendar activity for CRM workload testing.,Out of Office,2023-11-14T09:49:05Z,0,,,,
00UFIFMdlBVquorEKB,Discovery session,2023-11-30T11:30:00Z,2023-11-30T12:15:00Z,Online meeting,Call,Synthetic calendar activity for CRM workload testing.,Busy,2022-11-19T23:44:13Z,0,500CVJ8gQ8BywNAYPA,Case,003V70LfPwIXz1sII8,Contact
00UESGMixNvcGMAUEI,Discovery session,2026-02-19T15:00:00Z,2026-02-19T15:30:00Z,Online meeting,Meeting,Synthetic calendar activity for CRM workload testing.,Busy,2023-10-21T10:33:34Z,0,700xlDDxmPozXu1YYY,Opportunity,003AEFK8qD0BZH4AK2,Contact
00UrAt2yQzZ9O9523B,Planning workshop,2025-10-15T08:30:00Z,2025-10-15T09:00:00Z,Regional office,Call,Synthetic calendar activity for CRM workload testing.,Busy,2024-03-19T10:53:30Z,0,02iDY0WnClXpc1oAED,Order,0033MLwhB5do4U0ITM,Contact
00UnTWOuVaaVfE0MM4,Discovery session,2023-11-01T15:00:00Z,2023-11-01T16:00:00Z,Customer office,Workshop,Synthetic calendar activity for CRM workload testing.,Out of Office,2026-02-06T02:15:13Z,0,800M9JcRqVGWCc8YCF,Contract,003ar0bTD0EAavSI18,Contact
00Uuk9PVwjy07vPML5,Business review,2021-07-13T15:30:00Z,2021-07-13T16:00:00Z,Customer office,Meeting,Synthetic calendar activity for CRM workload testing.,Out of Office,2021-03-29T04:14:41Z,0,,,003CSoanR8VB42SYF1,Contact
00ULQBfTjetinQuEHY,Planning workshop,2024-06-04T11:00:00Z,2024-06-04T11:45:00Z,Regional office,Call,Synthetic calendar activity for CRM workload testing.,Out of Office,2023-06-15T14:59:02Z,0,5002mJfbBffYDOtYUJ,Case,003hR6TrgcBPOioAGZ,Contact
00U7exoPjj3dVxNU9H,Discovery session,2024-09-26T14:00:00Z,2024-09-26T15:30:00Z,Regional office,Call,Synthetic calendar activity for CRM workload testing.,Busy,2022-01-22T13:08:26Z,0,800q5eHXZTQReDFQSB,Contract,0033DSnrIL2u0KKA6S,Contact
00U9KfeONVWF8YAEZS,Discovery session,2022-02-27T09:00:00Z,2022-02-27T09:45:00Z,Customer office,Workshop,Synthetic calendar activity for CRM workload testing.,Out of Office,2021-08-02T07:00:54Z,0,02itBTI0OZIqWkUQMZ,Asset,003WndbV6wgUMEJQFL,Contact
00U3rEuJy7hZflvMU9,Implementation check-in,2022-01-10T09:30:00Z,2022-01-10T10:30:00Z,Online meeting,Workshop,Synthetic calendar activity for CRM workload testing.,Busy,2022-12-10T16:00:38Z,0,0209iZ621bh0jciAXC,Opportunity,003Rz96fwVmBsarYJ1,Contact
00UW9VmygmQoZHNUM4,Discovery session,2023-04-03T11:00:00Z,2023-04-03T11:45:00Z,Customer office,Workshop,Synthetic calendar activity for CRM workload testing.,Busy,2021-09-15T18:48:05Z,0,5067UXCPF5tP5Y0ACJ,Order,003XJ6q8jXAFplJQJ8,Contact
00UNRqdnAL4pcP3M26,Implementation check-in,2021-09-08T16:30:00Z,2021-09-08T17:15:00Z,Customer office,Call,Synthetic calendar activity for CRM workload testing.,Busy,2024-04-02T01:11:47Z,0,001j6nRokzRlCs1Y07,Account,00QGABdoFxj7wHMUWD,Lead
00Uj7twdK2vGrbfU90,Business review,2022-11-27T13:30:00Z,2022-11-27T14:30:00Z,Regional office,Meeting,Synthetic calendar activity for CRM workload testing.,Busy,2023-05-16T22:49:05Z,0,001d6L0YO7RdZlqYEZ,Account,0035o5gdXA6uoljY5G,Contact
00UVSmjvnHLH9mMMDX,Discovery session,2026-04-06T10:30:00Z,2026-04-06T11:15:00Z,Customer office,Workshop,Synthetic calendar activity for CRM workload testing.,Out of Office,2026-03-16T19:14:19Z,0,001TgK7Trt797foQCB,Account,003xFiI7qMgIrtWQNK,Contact
00UOWvRdFNBeOehUMW,Planning workshop,2024-10-21T09:30:00Z,2024-10-21T10:00:00Z,Customer office,Meeting,Synthetic calendar activity for CRM workload testing.,Out of Office,2022-10-16T10:50:41Z,0,500Ikaf5tm5NsfcYXC,Case,003LuzbfCV9oTQJYKS,Contact
00U3YTZWILOkorfUUP,Business review,2025-01-28T10:30:00Z,2025-01-28T11:15:00Z,Regional office,Meeting,Synthetic calendar activity for CRM workload testing.,Out of Office,2026-02-14T02:16:31Z,0,,,0030KF1SawNrgsQI1O,Contact
00URelZtTeEY4Ws2TB,Planning workshop,2024-04-10T11:00:00Z,2024-04-10T11:30:00Z,Online meeting,Workshop,Synthetic calendar activity for CRM workload testing.,Busy,2022-09-17T23:53:40Z,0,001aJFstC9yWgafQNG,Account,0031Q3Evc7Xc9rbQI3,Contact
00UbeA9GGFTvKVTEHX,Implementation check-in,2023-02-22T08:30:00Z,2023-02-22T09:00:00Z,Customer office,Meeting,Synthetic calendar activity for CRM workload testing.,Out of Office,2022-02-18T06:16:52Z,0,0012n9SIy3FafTfYR5,Account,003XLYg95CtXxfyIBH,Contact
00UafpHssEDX8dS2SP,Planning workshop,2023-07-13T10:00:00Z,2023-07-13T11:30:00Z,Online meeting,Meeting,Synthetic calendar activity for CRM workload testing.,Busy,2025-07-11T16:12:50Z,0,001090dOglSs51yA79,Order,00QBHUnHx47LehAMYI,Lead
00Uwlb87ROJ9nk6M59,Planning workshop,2026-05-21T11:30:00Z,2026-05-21T12:15:00Z,Online meeting,Call,Synthetic calendar activity for CRM workload testing.,Out of Office,2021-01-04T17:32:33Z,0,811XgwwZNuhL9tDQKC,Opportunity,003vfxo5FjdBEEDQJV,Contact
00UEY99zzTuNbR5EFR,Business review,2024-11-06T09:00:00Z,2024-11-06T10:00:00Z,Regional office,Meeting,Synthetic calendar activity for CRM workload testing.,Busy,2024-09-19T14:12:53Z,0,001ULaAYdBnWIytQCT,Account,00Q2HTfrQfVWuUVE4A,Lead
00Uy4l4RJlyp9TSM8V,Implementation check-in,2022-04-25T14:30:00Z,2022-04-25T16:00:00Z,Regional office,Workshop,Synthetic calendar activity for CRM workload testing.,Out of Office,2024-07-05T23:00:02Z,0,521FiKnX1ihmKBmIQQ,Opportunity,003BxZ4Uth45BW7IYN,Contact
00UqTZigCFY0dvjU67,Discovery session,2025-02-19T09:30:00Z,2025-02-19T10:15:00Z,Customer office,Meeting,Synthetic calendar activity for CRM workload testing.,Busy,2022-11-27T09:29:14Z,0,500CpPcUfYURLpBIE4,Case,0033vK4kL9GicJvQ7E,Contact
00U1UYpgXYJHvaOMWH,Discovery session,2025-02-27T11:00:00Z,2025-02-27T11:30:00Z,Regional office,Workshop,Synthetic calendar activity for CRM workload testing.,Busy,2024-04-18T07:06:52Z,0,001GIi2sHi8hI1AQ7T,Account,003sQMLfrlldS2kIWH,Contact
00UbNwocZ8otdQUECL,Implementation check-in,2023-09-19T10:00:00Z,2023-09-19T11:30:00Z,Customer office,Meeting,Synthetic calendar activity for CRM workload testing.,Out of Office,2022-11-27T22:59:56Z,0,800L7ebtuFTJbNAQLT,Contract,0031mDngmYeD5xrIKU,Contact
00UMCCtWycjgcdvUJQ,Discovery session,2021-09-21T16:30:00Z,2021-09-21T18:00:00Z,Customer office,Call,Synthetic calendar activity for CRM workload testing.,Busy,2025-11-19T14:52:11Z,0,500aQIdYV4WZEUIIOP,Case,00QpMpLIGmPiikG2LV,Lead
00UUfPOstaJRuAn2D8,Discovery session,2021-11-16T11:00:00Z,2021-11-16T11:45:00Z,Online meeting,Call,Synthetic calendar activity for CRM workload testing.,Busy,2024-02-06T16:13:40Z,0,001EocC12jSBhyyIOU,Account,003PjOdPb3SIRUrQQT,Contact
00Ue3KAAiQ4ICmA2A0,Implementation check-in,2025-01-29T14:30:00Z,2025-01-29T15:30:00Z,Regional office,Call,Synthetic calendar activity for CRM workload testing.,Busy,2024-05-01T11:00:43Z,0,001fPZTPr8lY6HWABF,Account,003y9k3H6fcFxwqAZR,Contact
00UN2fycX6cOuBHUE1,Planning workshop,2021-03-16T13:00:00Z,2021-03-16T13:45:00Z,Customer office,Meeting,Synthetic calendar activity for CRM workload testing.,Out of Office,2025-04-04T08:54:40Z,0,516dKiq4krLu3B0YT2,Opportunity,003w3bFh9tGTwKJIHB,Contact
00Ui0EIu0qwuVD8MFD,Planning workshop,2021-07-13T15:30:00Z,2021-07-13T17:00:00Z,Regional office,Workshop,Synthetic calendar activity for CRM workload testing.,Busy,2024-08-02T00:41:26Z,0,701k0l45djHyWZsAS1,Campaign,003QeNMjcAOpLehYGJ,Contact
00UXnE5wiqz1TVzELS,Discovery session,2023-06-27T10:30:00Z,2023-06-27T11:00:00Z,Customer office,Call,Synthetic calendar activity for CRM workload testing.,Out of Office,2022-06-12T00:44:13Z,0,500jEjktmLXpwkYATP,Case,003lOy06ccCq0IRQLW,Contact
00UkBBSQQu5wvdBU0Y,Implementation check-in,2022-02-14T16:00:00Z,2022-02-14T17:00:00Z,Customer office,Meeting,Synthetic calendar activity for CRM workload testing.,Out of Office,2021-07-22T10:34:45Z,0,500i6KSoLAnIGUUA1M,Case,003jfoRxJl46zPYQL2,Contact
00UvURP14WAYVxAEN3,Planning workshop,2024-08-18T08:30:00Z,2024-08-18T10:00:00Z,Online meeting,Meeting,Synthetic calendar activity for CRM workload testing.,Busy,2024-12-18T02:06:11Z,0,50iTnLuA85S8qYoQYM,Opportunity,00351FmNWfOHXptIUX,Contact
00UfPOECwTX6vadU0R,Planning workshop,2024-03-18T15:30:00Z,2024-03-18T16:30:00Z,Regional office,Workshop,Synthetic calendar activity for CRM workload testing.,Busy,2021-09-01T15:05:36Z,0,02ikGvmq1q2jszEY3X,Asset,003Wwbin3iqodkMA1G,Contact
00UhYXUHAF3XCaNUXS,Business review,2026-03-31T09:30:00Z,2026-03-31T10:15:00Z,Customer office,Call,Synthetic calendar activity for CRM workload testing.,Busy,2025-12-27T06:03:20Z,0,001MMbrZQQUkCyfI5Q,Account,00QlmUEA0F1m5WmESW,Lead
00UaPXMbtAfh9tDETW,Implementation check-in,2025-08-18T09:30:00Z,2025-08-18T10:15:00Z,Customer office,Workshop,Synthetic calendar activity for CRM workload testing.,Out of Office,2021-07-31T06:45:28Z,0,81t16BtiGlvXBS6YOP,Opportunity,003he5vZFsM4U6hQ0K,Contact
00UYbawTOW1urvC28M,Business review,2021-02-27T10:30:00Z,2021-02-27T12:00:00Z,Regional office,Call,Synthetic calendar activity for CRM workload testing.,Out of Office,2024-11-10T03:56:57Z,0,001SDonDyKHRDRwYPS,Account,003wnRXgnMlLVOyI8M,Contact
00U5xY0E6Q4UYysMM7,Planning workshop,2025-09-23T15:30:00Z,2025-09-23T16:30:00Z,Customer office,Workshop,Synthetic calendar activity for CRM workload testing.,Busy,2025-04-21T22:12:36Z,0,70im4fcBOn2NvJPAJ4,Order,003haI7NPKn0gYsQ3M,Contact
00UInod20JD0ia3MO6,Planning workshop,2025-04-25T08:00:00Z,2025-04-25T09:30:00Z,Regional office,Call,Synthetic calendar activity for CRM workload testing.,Out of Office,2021-09-13T19:15:15Z,0,02iAKirhNVmYi7QQZT,Asset,003CPm2NIWJNvE5QZ4,Contact
00UATIkZBb08gGHEFR,Business review,2026-06-16T10:30:00Z,2026-06-16T11:00:00Z,Customer office,Workshop,Synthetic calendar activity for CRM workload testing.,Out of Office,2024-01-31T19:16:52Z,0,800Upq2EfMypGYhQT5,Contract,00QrdBDcxlV7PBP2KA,Lead
00U988YT8ocv8MJUU4,Planning workshop,2023-06-26T16:30:00Z,2023-06-26T17:15:00Z,Customer office,Workshop,Synthetic calendar activity for CRM workload testing.,Out of Office,2022-06-22T10:45:13Z,0,800bjmohWwCP7WSIB5,Contract,003Fz3E1XnVmgSjI0K,Contact
00UIGPqlF4WWVw9MFQ,Implementation check-in,2025-04-23T15:00:00Z,2025-04-23T16:00:00Z,Regional office,Meeting,Synthetic calendar activity for CRM workload testing.,Busy,2023-12-28T00:19:32Z,0,81tAwxhQDfkHiXIYLQ,Order,003S8nQsC9va6ppY6P,Contact
00UpVV7DMoUho8yUDA,Implementation check-in,2022-06-18T13:00:00Z,2022-06-18T13:45:00Z,Regional office,Workshop,Synthetic calendar activity for CRM workload testing.,Busy,2023-11-17T14:42:14Z,0,500hzj7G15Vpp6hQNR,Case,00QjiBXKppXjypkEY9,Lead
00UQVe9yKKShOdbUR8,Discovery session,2021-03-15T08:30:00Z,2021-03-15T09:15:00Z,Online meeting,Call,Synthetic calendar activity for CRM workload testing.,Out of Office,2024-06-09T07:24:09Z,0,020HoV5X6OcTr3rI9R,Opportunity,,
00UzzplVswKv7Z7M60,Implementation check-in,2023-03-12T14:00:00Z,2023-03-12T15:30:00Z,Regional office,Workshop,Synthetic calendar activity for CRM workload testing.,Out of Office,2023-06-13T07:30:27Z,0,80is1gQgzowKZheA4X,Opportunity,00Qak5koS06dpjXUR8,Lead
00Ukp62lyNAcX66UTQ,Business review,2022-12-23T13:00:00Z,2022-12-23T14:30:00Z,Regional office,Meeting,Synthetic calendar activity for CRM workload testing.,Busy,2024-10-11T16:41:49Z,0,500lYuV1meyGAOvYZK,Case,0034TaI45K3dHDFQ7H,Contact
00UkaORRCFGdaygEYB,Discovery session,2023-02-27T14:30:00Z,2023-02-27T15:00:00Z,Customer office,Call,Synthetic calendar activity for CRM workload testing.,Out of Office,2023-04-05T12:27:40Z,0,500UJEy9vlaphnDYJN,Opportunity,003oeoe9jMRJtsFIXM,Contact
00UCaEnOlZW8hwyET9,Implementation check-in,2024-12-12T09:30:00Z,2024-12-12T11:00:00Z,Customer office,Workshop,Synthetic calendar activity for CRM workload testing.,Busy,2021-02-24T07:05:11Z,0,001OyqT9LtQtE0fYGU,Account,003ZmYiT3WtaExxAUI,Contact
00U7G9UHB5601BFMR8,Implementation check-in,2024-02-04T16:00:00Z,2024-02-04T17:00:00Z,Online meeting,Workshop,Synthetic calendar activity for CRM workload testing.,Out of Office,2024-11-05T12:41:35Z,0,726hjCBUiRc6Z6NYQ4,Opportunity,003ufuo0RMtrVfHQU5,Contact
00UIE5JzMb20bGHM90,Planning workshop,2021-08-16T16:00:00Z,2021-08-16T17:00:00Z,Online meeting,Meeting,Synthetic calendar activity for CRM workload testing.,Busy,2025-12-16T04:34:53Z,0,0018haifivYezP7QUH,Account,003C5xjym5yCYp0YF4,Contact
00UWMFfojjoUqcj20K,Planning workshop,2024-10-28T11:00:00Z,2024-10-28T12:00:00Z,Online meeting,Meeting,Synthetic calendar activity for CRM workload testing.,Busy,2021-02-14T17:06:28Z,0,5009XLnXFS2Uo21IBL,Case,003hl7pZAG0UVWaIY9,Contact
00Ubxmpa4ySbquBUJK,Business review,2025-11-03T14:00:00Z,2025-11-03T14:45:00Z,Online meeting,Call,Synthetic calendar activity for CRM workload testing.,Out of Office,2026-03-25T15:50:13Z,0,0014xFF5q1fi7GwQMP,Account,00QZmOo1mqIUHITEJS,Lead
00UsTSGkpWOjYMZE90,Business review,2025-06-27T11:30:00Z,2025-06-27T12:15:00Z,Customer office,Call,Synthetic calendar activity for CRM workload testing.,Busy,2024-07-21T03:20:35Z,0,001OyqT9LtQtE0fYGU,Account,00QAcece4vicNBQ29E,Lead
00Uj4SwOvovM1sPEGS,Business review,2024-03-16T10:30:00Z,2024-03-16T11:00:00Z,Customer office,Workshop,Synthetic calendar activity for CRM workload testing.,Out of Office,2022-06-14T03:52:00Z,0,8008MBXqOXYhLGiQE0,Order,00Q3EKy9zChx2qT2UY,Lead
00UcKw1tNdURvyPM5O,Business review,2023-06-01T16:00:00Z,2023-06-01T17:30:00Z,Customer office,Call,Synthetic calendar activity for CRM workload testing.,Busy,2025-11-03T02:43:24Z,0,810xadwgfYTSBtSIEZ,Order,003bl7ZTq6k6vEDAIG,Contact
00Uho7cXn0sZS2ZMTK,Business review,2021-09-09T16:00:00Z,2021-09-09T16:45:00Z,Regional office,Meeting,Synthetic calendar activity for CRM workload testing.,Out of Office,2025-07-26T00:23:08Z,0,721CmA86MnDG5WjQIG,Opportunity,00QKJ0FOcINBUev7JL,Lead
00UXdDPj4tOV2wNERS,Implementation check-in,2022-06-26T13:00:00Z,2022-06-26T14:30:00Z,Customer office,Meeting,Synthetic calendar activity for CRM workload testing.,Out of Office,2022-01-17T12:58:22Z,0,0010WdqUBYu4EriIM6,Account,003t60ZdAVywrDrQTA,Contact
00U6xyGBJpFn5uX27R,Planning workshop,2025-12-25T13:00:00Z,2025-12-25T14:00:00Z,Online meeting,Workshop,Synthetic calendar activity for CRM workload testing.,Busy,2023-05-02T01:12:36Z,0,500m9EIOaUKBT1vI9Z,Case,003w5XxoufbDRWEAC2,Contact
00UrINtV0C02wlzUWB,Discovery session,2021-07-30T15:30:00Z,2021-07-30T16:15:00Z,Customer office,Call,Synthetic calendar activity for CRM workload testing.,Out of Office,2021-05-23T21:55:44Z,0,51t5F1zRx4iucS9YLI,Opportunity,003B3AJH3u2wz9VQGN,Contact
00UcvhcMjbV6q7qEOI,Implementation check-in,2024-10-18T11:00:00Z,2024-10-18T12:30:00Z,Online meeting,Workshop,Synthetic calendar activity for CRM workload testing.,Out of Office,2025-07-14T00:20:59Z,0,800rh1eUCczpRsCIIK,Contract,003nnVXCjUR28ayQTF,Contact
00UcmAfTujdNPyG2S5,Business review,2021-07-28T09:00:00Z,2021-07-28T09:30:00Z,Regional office,Meeting,Synthetic calendar activity for CRM workload testing.,Busy,2023-07-23T16:41:28Z,0,816p3J8VmnEOsVcISX,Opportunity,003QN7E7foReTpiAH3,Contact
00UTjW2v70NLB3dM3K,Business review,2024-05-08T11:30:00Z,2024-05-08T12:30:00Z,Online meeting,Workshop,Synthetic calendar activity for CRM workload testing.,Busy,2023-02-27T07:03:49Z,0,001qn0PeVSegyj1AFD,Account,,
00Uhgy7Dakzjj9PMJH,Planning workshop,2023-10-10T08:30:00Z,2023-10-10T10:00:00Z,Customer office,Call,Synthetic calendar activity for CRM workload testing.,Busy,2025-05-06T14:11:34Z,0,816mvBBvLAo5nuTQ8Q,Opportunity,00QD7KZq4YcZLbJME7,Lead
00URvw049a5VrSJMAR,Implementation check-in,2025-05-23T16:00:00Z,2025-05-23T17:30:00Z,Regional office,Workshop,Synthetic calendar activity for CRM workload testing.,Busy,2025-05-25T23:09:16Z,0,701bmC3dSpPfuEkATE,Campaign,003MnJVzYDGu7zUAKK,Contact
00UdNxfpwygWoU72OI,Implementation check-in,2026-08-31T09:00:00Z,2026-08-31T09:30:00Z,Regional office,Meeting,Synthetic calendar activity for CRM workload testing.,Out of Office,2026-05-11T09:05:35Z,0,,,,
00UN9nNrDDCok7YU0B,Business review,2022-07-24T14:00:00Z,2022-07-24T15:30:00Z,Customer office,Call,Synthetic calendar activity for CRM workload testing.,Busy,2025-01-27T04:09:57Z,0,500FuEZPTaNsDUoAM3,Case,00QImjgvwr3RFaNEF2,Lead
00UBg8IGOXNX4wpUMG,Business review,2023-10-23T14:30:00Z,2023-10-23T16:00:00Z,Regional office,Meeting,Synthetic calendar activity for CRM workload testing.,Out of Office,2024-03-31T12:55:19Z,0,,,,
00UUfTHUIsJk4V0E52,Discovery session,2025-02-04T13:00:00Z,2025-02-04T14:00:00Z,Regional office,Workshop,Synthetic calendar activity for CRM workload testing.,Out of Office,2024-07-19T16:13:30Z,0,02i47Q4TFGAM0bLQGT,Asset,003yzyyLfiyTPJdYUU,Contact
00Up6DRsjp9dsU1E9P,Implementation check-in,2025-05-29T11:00:00Z,2025-05-29T12:30:00Z,Online meeting,Call,Synthetic calendar activity for CRM workload testing.,Out of Office,2026-04-02T19:37:23Z,0,82689KnIcbNAgyTA3V,Opportunity,003qZwo4RCko78uA4C,Contact
00UAnC2Rqnw0dTk27X,Planning workshop,2026-07-04T14:00:00Z,2026-07-04T15:00:00Z,Online meeting,Meeting,Synthetic calendar activity for CRM workload testing.,Busy,2026-05-07T09:10:50Z,0,00ijCBPeUz5Qky5IPL,Opportunity,003bou0dAYXn7MIQQ7,Contact
00UXpBeaAyJEUHOE31,Planning workshop,2026-07-18T15:30:00Z,2026-07-18T16:15:00Z,Regional office,Meeting,Synthetic calendar activity for CRM workload testing.,Busy,2026-03-22T13:42:59Z,0,81t4p4m3KTfbJKWYH1,Opportunity,,
00UvAFMZZOSxJRfEKL,Planning workshop,2024-04-05T15:30:00Z,2024-04-05T16:00:00Z,Regional office,Meeting,Synthetic calendar activity for CRM workload testing.,Out of Office,2021-09-18T21:27:00Z,0,810ts46fmKDZIW9Y0M,Opportunity,00Q35h4eBLUg4UXMMK,Lead
00Urm5TtgG9lcYmUNE,Planning workshop,2025-08-14T13:00:00Z,2025-08-14T14:00:00Z,Regional office,Workshop,Synthetic calendar activity for CRM workload testing.,Busy,2026-04-27T08:30:15Z,0,80ii0Dr17V5WVEiYLE,Opportunity,0037lrXnRl0lcElQ6Y,Contact
00U39fQT5dF7wFTEED,Implementation check-in,2026-05-20T11:30:00Z,2026-05-20T12:00:00Z,Online meeting,Workshop,Synthetic calendar activity for CRM workload testing.,Out of Office,2024-08-19T21:57:25Z,0,001vnn1W5RPN0LPYO8,Account,0033jBp3Eue1ozkQ2D,Contact
00UP69N1tG0MUN0E6A,Business review,2024-09-22T16:30:00Z,2024-09-22T17:15:00Z,Online meeting,Call,Synthetic calendar activity for CRM workload testing.,Busy,2023-07-24T12:23:57Z,0,001X50Bqc5cThUtYIX,Account,0031zbyaheQNtduA6P,Contact
00UI4KPMNlyrvkO23Y,Business review,2021-04-09T15:00:00Z,2021-04-09T16:00:00Z,Customer office,Workshop,Synthetic calendar activity for CRM workload testing.,Out of Office,2024-12-07T16:47:34Z,0,510IiJQoTkJO8rAY7C,Opportunity,003rOvdnZgTQcfAQ9W,Contact
00USPSZFAQJFxJ4UZS,Implementation check-in,2022-11-02T13:00:00Z,2022-11-02T14:00:00Z,Online meeting,Workshop,Synthetic calendar activity for CRM workload testing.,Busy,2022-03-21T03:35:46Z,0,701DNuvDGEm4hghY4U,Campaign,003zx5EOAde6p0gQGD,Contact
00U5clpw4EgMpNTEFT,Business review,2022-04-03T13:30:00Z,2022-04-03T14:15:00Z,Customer office,Workshop,Synthetic calendar activity for CRM workload testing.,Out of Office,2021-10-23T08:56:25Z,0,721CmA86MnDG5WjQIG,Opportunity,00Q2Seo6a80pqnO6YK,Lead
00U5GBwoZyD2uJREP6,Business review,2022-03-23T14:30:00Z,2022-03-23T15:30:00Z,Regional office,Meeting,Synthetic calendar activity for CRM workload testing.,Out of Office,2024-07-04T05:24:15Z,0,001T62ckZCl2uOfAEE,Opportunity,003HNVZ0xqZOApDAML,Contact
00Usv2Qlv8A3CwpEAX,Planning workshop,2024-12-03T15:30:00Z,2024-12-03T16:30:00Z,Regional office,Meeting,Synthetic calendar activity for CRM workload testing.,Out of Office,2023-09-04T00:49:42Z,0,00134kztbICJD2tYCZ,Account,0030uve0uR7ifGVAMX,Lead
00UV0dMXVDmw8HtE3R,Discovery session,2021-12-22T15:30:00Z,2021-12-22T16:30:00Z,Customer office,Meeting,Synthetic calendar activity for CRM workload testing.,Out of Office,2021-02-09T09:34:30Z,0,706Hr5e3P6NdDKCQ0B,Order,003MU7FoAzObbaSY62,Contact
00U2tG9eq1uo4T3EJK,Implementation check-in,2021-08-02T16:00:00Z,2021-08-02T17:30:00Z,Online meeting,Call,Synthetic calendar activity for CRM workload testing.,Out of Office,2024-08-10T14:07:06Z,0,02iLAoa4FRQuJCzA1W,Asset,003C7qNoE31DHCjADX,Contact
00UhS6nNsI8CzzZ24E,Implementation check-in,2022-02-01T13:00:00Z,2022-02-01T14:00:00Z,Customer office,Call,Synthetic calendar activity for CRM workload testing.,Out of Office,2026-04-22T15:31:06Z,0,51injezsHr1aqXFYI4,Order,00376YCBgwVOAc2I8M,Contact
00URt5SwZ74gtgV2WU,Implementation check-in,2025-10-10T09:00:00Z,2025-10-10T10:30:00Z,Customer office,Call,Synthetic calendar activity for CRM workload testing.,Out of Office,2024-07-12T06:53:06Z,0,01t3uWsUwc7lErWQGB,Opportunity,0038UpwEk35ffeBQQI,Contact
00UfyAM8PO8UYPjMMH,Discovery session,2024-03-26T14:00:00Z,2024-03-26T14:45:00Z,Regional office,Meeting,Synthetic calendar activity for CRM workload testing.,Busy,2026-01-24T17:50:49Z,0,001yVmlwCnpWY0fA4W,Account,003xOJfhbxtP2TZYJZ,Contact
00UP9Giv0j9Xt1ZMVW,Planning workshop,2026-01-19T16:00:00Z,2026-01-19T16:45:00Z,Regional office,Workshop,Synthetic calendar activity for CRM workload testing.,Out of Office,2025-06-13T08:54:44Z,0,510IiJQoTkJO8rAY7C,Opportunity,003BiVuwQpdIloXY64,Contact
00UgUkO1zxoLciZ20F,Discovery session,2024-11-27T15:30:00Z,2024-11-27T17:00:00Z,Customer office,Meeting,Synthetic calendar activity for CRM workload testing.,Busy,2022-02-19T16:58:18Z,0,500L7DYTbWXQrqWQBW,Case,00QI5geDEvC5jgXM9Y,Lead
00UzPqrgjrLPsydED8,Business review,2021-07-31T11:00:00Z,2021-07-31T11:45:00Z,Regional office,Workshop,Synthetic calendar activity for CRM workload testing.,Busy,2023-08-14T18:13:57Z,0,71iX3qS4baYggv7AN6,Opportunity,003iyqX46RecmhLITB,Contact
00UELjBSlV7LA9sEIK,Business review,2021-03-13T16:30:00Z,2021-03-13T17:00:00Z,Online meeting,Meeting,Synthetic calendar activity for CRM workload testing.,Out of Office,2023-08-30T12:32:25Z,0,001oowXHzEaXod1YS1,Account,,
00UZGLCuqKCg0Kn2JU,Discovery session,2021-12-19T14:00:00Z,2021-12-19T15:00:00Z,Online meeting,Workshop,Synthetic calendar activity for CRM workload testing.,Busy,2025-12-25T00:13:38Z,0,500FveuVQlJ7lBaIJ0,Case,,
00UvaZi43JVEMnUE4Q,Implementation check-in,2023-03-22T14:00:00Z,2023-03-22T14:45:00Z,Customer office,Meeting,Synthetic calendar activity for CRM workload testing.,Out of Office,2026-06-27T06:40:37Z,0,800n4tz6aaLIhBDI9E,Contract,003cvhNN1iOTchhY1V,Contact
00UfU794VcSj7fW2BN,Business review,2021-07-24T14:30:00Z,2021-07-24T15:30:00Z,Customer office,Meeting,Synthetic calendar activity for CRM workload testing.,Busy,2021-03-19T03:11:12Z,0,021PvkDEsMHKEpFADA,Opportunity,00Qa7kvLv9H2sqUU32,Lead
00UJEThYfEvt89eUO9,Business review,2024-02-29T08:30:00Z,2024-02-29T10:00:00Z,Regional office,Meeting,Synthetic calendar activity for CRM workload testing.,Out of Office,2024-08-05T02:05:19Z,0,701ij13ElUK36zHQ2S,Campaign,003pwCJpH7Tn6fKAUW,Contact
00UyfHe5EpLkAyY2UB,Planning workshop,2022-04-12T16:30:00Z,2022-04-12T17:00:00Z,Customer office,Meeting,Synthetic calendar activity for CRM workload testing.,Busy,2023-02-12T05:46:03Z,0,001n3aMHCveux7aI17,Account,003oHuUxE0gFLemY0B,Contact
00UbD0UBK2USlCV2WS,Implementation check-in,2021-08-12T10:30:00Z,2021-08-12T11:00:00Z,Online meeting,Call,Synthetic calendar activity for CRM workload testing.,Out of Office,2022-01-18T02:48:39Z,0,016sr1kcWt26zHYY92,Opportunity,003eWy6yqXeGgNqYTR,Contact
00UquwsqSOUoGExEID,Planning workshop,2021-03-09T16:30:00Z,2021-03-09T17:30:00Z,Online meeting,Meeting,Synthetic calendar activity for CRM workload testing.,Out of Office,2025-05-02T11:38:32Z,0,001b6p7wMuocXZFIKR,Account,003yrrcpwda69qaQCT,Contact
00UAP3QMFkmulwQURD,Implementation check-in,2022-12-12T08:30:00Z,2022-12-12T09:15:00Z,Regional office,Call,Synthetic calendar activity for CRM workload testing.,Out of Office,2024-04-07T12:51:45Z,0,016C2EooReZg2WZYG1,Opportunity,003ZRmXunaCM7ErY90,Contact
00Uml2hf7cW6W4xU14,Discovery session,2025-05-09T10:30:00Z,2025-05-09T12:00:00Z,Online meeting,Workshop,Synthetic calendar activity for CRM workload testing.,Busy,2021-04-04T20:06:24Z,0,701eYR0IxKvWggxING,Campaign,0035YnOW4DxgYNkYW6,Contact
00UIfOAjbtL77Cl2VS,Planning workshop,2024-05-04T16:30:00Z,2024-05-04T17:30:00Z,Online meeting,Workshop,Synthetic calendar activity for CRM workload testing.,Out of Office,2024-10-09T21:43:44Z,0,800Hra3ltpziM6lICV,Contract,,
00ULcwgrEw9uYBK2UL,Discovery session,2023-09-26T08:00:00Z,2023-09-26T09:00:00Z,Regional office,Call,Synthetic calendar activity for CRM workload testing.,Out of Office,2025-08-18T18:44:29Z,0,800hJW9ycp2PBJaQNP,Opportunity,00QTlxz8UGwcfV8U3D,Lead
00UwO3HNb8swRnrURJ,Business review,2021-12-17T10:00:00Z,2021-12-17T10:30:00Z,Online meeting,Meeting,Synthetic calendar activity for CRM workload testing.,Out of Office,2024-05-04T10:10:15Z,0,001bEjr0cyFC7SBAXL,Account,003KbRL6kUQ6YHhIGW,Contact
00UqWyZRDP6JzbgMMM,Planning workshop,2023-08-26T10:00:00Z,2023-08-26T11:00:00Z,Regional office,Workshop,Synthetic calendar activity for CRM workload testing.,Out of Office,2022-09-22T11:32:49Z,0,701DNuvDGEm4hghY4U,Campaign,003LkvaYTpkYRA2AHT,Contact
00U2NiVW5vJXBc0M8X,Business review,2025-02-05T09:00:00Z,2025-02-05T10:00:00Z,Online meeting,Meeting,Synthetic calendar activity for CRM workload testing.,Out of Office,2023-12-02T23:52:37Z,0,500gXsW3KnVriomAIG,Opportunity,003VZgg2JnsRE6JIPN,Contact
00UZEtV14xEhFYuMS2,Planning workshop,2026-08-06T16:30:00Z,2026-08-06T17:15:00Z,Regional office,Call,Synthetic calendar activity for CRM workload testing.,Out of Office,2024-12-15T00:27:14Z,0,800rXkhjtm8lKhTAR3,Order,003XJ6q8jXAFplJQJ8,Contact
00UQEp2C7K707AjUDT,Planning workshop,2023-05-26T11:30:00Z,2023-05-26T12:30:00Z,Regional office,Call,Synthetic calendar activity for CRM workload testing.,Busy,2024-08-03T01:02:40Z,0,72iZOrQJ4pSUvvwIYE,Order,,
00UmSb4usgEPCpeUH4,Business review,2022-08-25T16:00:00Z,2022-08-25T17:30:00Z,Customer office,Call,Synthetic calendar activity for CRM workload testing.,Busy,2022-02-14T01:20:50Z,0,706URexXAhKOqeCQCV,Opportunity,003viysww6RaIvgAR3,Contact
00UDiCHGHEES3mHUV2,Discovery session,2026-04-06T10:00:00Z,2026-04-06T11:30:00Z,Regional office,Meeting,Synthetic calendar activity for CRM workload testing.,Busy,2025-09-18T10:22:49Z,0,001ckBA83DHLBWZQQX,Account,0034KEv2GplaAylCFP,Lead
00UWYcUex77eN70E5A,Discovery session,2022-04-29T10:30:00Z,2022-04-29T12:00:00Z,Online meeting,Workshop,Synthetic calendar activity for CRM workload testing.,Busy,2023-05-17T11:49:13Z,0,001pUY9CVMaLCa4YQV,Account,003pWtyXQCzkq06YC0,Contact
00UJr7Sh1a0MSijMJ3,Planning workshop,2024-04-18T11:00:00Z,2024-04-18T12:30:00Z,Online meeting,Call,Synthetic calendar activity for CRM workload testing.,Out of Office,2025-11-19T21:49:19Z,0,02iQP7AAPvMqbbeAPS,Asset,003xbP0dhxqV4EcAVD,Contact
00UrmeNuzE2oKEaE7S,Business review,2024-08-15T15:30:00Z,2024-08-15T16:00:00Z,Regional office,Call,Synthetic calendar activity for CRM workload testing.,Busy,2021-03-18T23:36:26Z,0,510u5Zwc07XQ5giQ7I,Opportunity,0035An2zeM4uG5PYCV,Contact
00UGJI81HVUdg2a280,Discovery session,2023-12-05T13:30:00Z,2023-12-05T14:15:00Z,Regional office,Meeting,Synthetic calendar activity for CRM workload testing.,Busy,2025-05-19T17:14:20Z,0,5005yFgckE1ceDbIAC,Opportunity,003TCsH1Z5Gye8pQMH,Contact
00UXirTwEBFFSoFUGZ,Implementation check-in,2024-11-07T09:30:00Z,2024-11-07T10:00:00Z,Online meeting,Call,Synthetic calendar activity for CRM workload testing.,Busy,2026-05-23T23:01:16Z,0,726CAuE2OX9ciQtAAC,Opportunity,00QWyaaDtpB0DrZEAH,Lead
00UVGcwu8ElEAwi22B,Business review,2025-06-26T15:30:00Z,2025-06-26T16:30:00Z,Regional office,Meeting,Synthetic calendar activity for CRM workload testing.,Busy,2023-07-02T23:37:22Z,0,80tGXaVLkhJzqtaIJH,Opportunity,0039Qff3gk1WxN3AK8,Lead
00UxvGUYpbUi9RBE5I,Planning workshop,2026-04-23T13:30:00Z,2026-04-23T14:30:00Z,Customer office,Call,Synthetic calendar activity for CRM workload testing.,Busy,2022-05-26T09:23:32Z,0,500HF2BeFGvzcbPAZJ,Case,003nsgeIHO1g0nDAA9,Contact
00UUy5sRYYS9VnVUR0,Planning workshop,2023-01-12T16:30:00Z,2023-01-12T17:15:00Z,Online meeting,Call,Synthetic calendar activity for CRM workload testing.,Out of Office,2024-06-03T02:11:35Z,0,001OR7GRtb417SOIE9,Account,0033Ovu7A9ADGEqYAE,Contact
00UUAgIFm4ppMOj2T9,Discovery session,2023-03-20T11:00:00Z,2023-03-20T11:45:00Z,Regional office,Call,Synthetic calendar activity for CRM workload testing.,Busy,2024-09-16T19:23:47Z,0,01t3Nq3JHhA4xigQ1N,Opportunity,003dsxP6afpCoNXI3A,Contact
00UNtNa2jm4nvd8248,Planning workshop,2024-08-17T08:30:00Z,2024-08-17T09:15:00Z,Regional office,Meeting,Synthetic calendar activity for CRM workload testing.,Busy,2022-08-23T09:58:59Z,0,7016crDLINhcuvpAZH,Campaign,00QtR2iD3jjmtDjU8I,Lead
00U7Tp7aW8fugqLMBI,Planning workshop,2024-11-10T16:00:00Z,2024-11-10T17:00:00Z,Customer office,Meeting,Synthetic calendar activity for CRM workload testing.,Busy,2022-05-21T09:39:14Z,0,720hs9nlVqpsZGJQN5,Opportunity,003SsGIBufjqAdwY8V,Contact
00UUDdHi00cQZ5GEV6,Business review,2022-03-12T11:30:00Z,2022-03-12T12:15:00Z,Regional office,Call,Synthetic calendar activity for CRM workload testing.,Out of Office,2021-01-29T14:29:49Z,0,02iywliS3db9LSPIV8,Asset,003wFfQ0Kj6gykpQR8,Contact
00Ud6CFGY2GBrTsMYB,Planning workshop,2023-01-05T16:30:00Z,2023-01-05T17:00:00Z,Online meeting,Meeting,Synthetic calendar activity for CRM workload testing.,Busy,2021-11-14T16:11:28Z,0,001GIi2sHi8hI1AQ7T,Account,003H1yYI5SYtOjSAUN,Contact
00U289yflrEFjHo2YI,Planning workshop,2024-01-16T10:30:00Z,2024-01-16T11:30:00Z,Regional office,Workshop,Synthetic calendar activity for CRM workload testing.,Busy,2025-07-31T22:51:36Z,0,001Ivgehi2RhpxmIXK,Account,00QPC6VBW607Qp4FGQ,Lead
00UazD4FGmVlMBqMAL,Discovery session,2024-06-23T10:30:00Z,2024-06-23T11:30:00Z,Online meeting,Meeting,Synthetic calendar activity for CRM workload testing.,Busy,2026-04-04T00:58:19Z,0,,,0031Q3Evc7Xc9rbQI3,Contact
00Uwo2mT9iqX9dJEDJ,Business review,2025-03-02T11:00:00Z,2025-03-02T11:45:00Z,Regional office,Meeting,Synthetic calendar activity for CRM workload testing.,Busy,2021-03-04T10:05:32Z,0,52ijn69SPLo4ed5IRV,Opportunity,003JnuXvNApvLnBAQA,Contact
00UZIirRxM3W1YCENC,Business review,2026-03-12T08:00:00Z,2026-03-12T09:30:00Z,Customer office,Workshop,Synthetic calendar activity for CRM workload testing.,Out of Office,2025-02-20T03:01:59Z,0,0018MjZShtig55PAG6,Account,003IDLAnjAhQBBjAVX,Contact
00U5J9onXC6sMFH22L,Discovery session,2022-01-24T08:30:00Z,2022-01-24T09:30:00Z,Customer office,Call,Synthetic calendar activity for CRM workload testing.,Out of Office,2025-02-27T14:35:16Z,0,001iWJjSJhQ7PeuAR2,Account,003V7ltdITL7XlVA03,Contact
00Uw8ZEfpGXIicq2ID,Implementation check-in,2023-01-08T10:30:00Z,2023-01-08T11:30:00Z,Online meeting,Workshop,Synthetic calendar activity for CRM workload testing.,Out of Office,2021-11-04T16:59:50Z,0,001ZX951OeRh6EHIOJ,Account,003rn9LQyie8Bi9QKZ,Contact
00UtiflJhi4BexyELZ,Discovery session,2022-07-13T09:00:00Z,2022-07-13T09:45:00Z,Customer office,Call,Synthetic calendar activity for CRM workload testing.,Busy,2022-04-12T21:30:48Z,0,02iPGcO80K5VyJKQP5,Asset,,
00U4ZehsYjs6IxzM01,Discovery session,2026-03-10T13:30:00Z,2026-03-10T14:15:00Z,Online meeting,Meeting,Synthetic calendar activity for CRM workload testing.,Out of Office,2021-07-28T20:46:19Z,0,701LVVOQQeQAPERQND,Campaign,0031Q3Evc7Xc9rbQI3,Contact
00UdDpVWBx25JrLM9C,Implementation check-in,2024-05-19T10:30:00Z,2024-05-19T11:30:00Z,Regional office,Meeting,Synthetic calendar activity for CRM workload testing.,Out of Office,2026-05-19T07:20:16Z,0,70iEKKsvpW0SHkqQH8,Opportunity,003wwYenD3iLD6Y6E5,Lead
00UY9PdHSxBQ6NeER9,Discovery session,2024-04-16T15:30:00Z,2024-04-16T16:00:00Z,Regional office,Meeting,Synthetic calendar activity for CRM workload testing.,Out of Office,2023-03-17T19:36:06Z,0,00152hx60eiLsO2QGQ,Account,003cY6vpHkodggrI65,Contact
00U7uru3qLsTCCeE1Q,Discovery session,2024-06-24T11:00:00Z,2024-06-24T11:45:00Z,Customer office,Meeting,Synthetic calendar activity for CRM workload testing.,Busy,2021-10-13T10:41:47Z,0,7007XajoQqgjc5CIMK,Opportunity,,
00U16FAHvZhgtNAEJS,Business review,2026-05-22T10:30:00Z,2026-05-22T11:15:00Z,Online meeting,Call,Synthetic calendar activity for CRM workload testing.,Out of Office,2022-04-15T08:58:35Z,0,02iSXPkS8wDWF2rYW9,Asset,00Qf67jZjw484e0EKS,Lead
00U0ZYe6qAbENfNE10,Implementation check-in,2022-05-15T14:00:00Z,2022-05-15T15:30:00Z,Regional office,Call,Synthetic calendar activity for CRM workload testing.,Out of Office,2024-02-07T14:17:20Z,0,51653Kd9Sa8CKXdA0E,Order,003uql3pJq5GjswANL,Contact
00UXhh7CUH7bq1A2K1,Business review,2025-11-09T15:30:00Z,2025-11-09T16:00:00Z,Regional office,Call,Synthetic calendar activity for CRM workload testing.,Out of Office,2026-02-14T22:31:26Z,0,50061TEvyTCbcFGA3Y,Opportunity,0038MGXa74agJHTAYC,Contact
00UvyTLtyjGD68IEE6,Planning workshop,2023-12-01T14:30:00Z,2023-12-01T15:00:00Z,Customer office,Workshop,Synthetic calendar activity for CRM workload testing.,Out of Office,2022-11-02T05:53:12Z,0,021jvqwanvRq8PSQS3,Opportunity,003Ib2geHHsVuzAQPF,Contact
00UhnTYw3vUY1cgEY1,Planning workshop,2025-06-14T16:00:00Z,2025-06-14T17:30:00Z,Regional office,Workshop,Synthetic calendar activity for CRM workload testing.,Out of Office,2024-03-22T03:47:10Z,0,701zPCT7q7BesAmYT9,Campaign,003wvsZJc0jEbZ3I65,Contact
00UTLBEm6tC3Go6UI6,Business review,2025-04-13T16:30:00Z,2025-04-13T17:15:00Z,Online meeting,Workshop,Synthetic calendar activity for CRM workload testing.,Busy,2024-09-08T15:44:05Z,0,,,003RQpJS1rnZYjBAQ9,Contact
00UyAtXeT2MzF8y2ZG,Discovery session,2024-08-04T09:30:00Z,2024-08-04T10:00:00Z,Regional office,Meeting,Synthetic calendar activity for CRM workload testing.,Out of Office,2022-05-29T02:03:41Z,0,8104BWEK6Vg8jxoQ0U,Opportunity,,
00U587dpi3zNZqWMW8,Discovery session,2026-04-28T09:00:00Z,2026-04-28T09:45:00Z,Regional office,Workshop,Synthetic calendar activity for CRM workload testing.,Busy,2024-02-15T17:17:37Z,0,01t8I3IcAgR0TlmYMW,Product2,003CdFzAkit5JdwQ55,Contact
00UflFVwDlj1l6EU9H,Business review,2026-01-08T10:00:00Z,2026-01-08T10:45:00Z,Online meeting,Call,Synthetic calendar activity for CRM workload testing.,Busy,2022-01-10T10:49:23Z,0,00ijCBPeUz5Qky5IPL,Opportunity,,
00UCpvLMIIZWDERMGI,Discovery session,2021-10-25T08:30:00Z,2021-10-25T09:00:00Z,Online meeting,Call,Synthetic calendar activity for CRM workload testing.,Busy,2021-11-03T02:26:00Z,0,51tCO1aeW2hjHWTY77,Opportunity,003hOelU3VBYjk9QCL,Contact
00UPxRVhQ8yuaBkMZT,Discovery session,2026-06-09T09:30:00Z,2026-06-09T10:30:00Z,Customer office,Workshop,Synthetic calendar activity for CRM workload testing.,Out of Office,2024-06-12T17:15:08Z,0,52t57fX3JX9To5eAK1,Order,00Qh5yubIn9pWLw2AQ,Lead
00UBhCsqEq4WiYPU41,Discovery session,2023-04-02T11:00:00Z,2023-04-02T11:30:00Z,Regional office,Call,Synthetic calendar activity for CRM workload testing.,Busy,2023-01-16T06:59:37Z,0,500CznuhieOdNgvQIO,Case,003p52UPTinQ0mzADQ,Contact
00UmGkj1w7ghhLN20H,Discovery session,2021-06-26T13:30:00Z,2021-06-26T14:00:00Z,Customer office,Workshop,Synthetic calendar activity for CRM workload testing.,Busy,2023-12-19T19:46:30Z,0,500HHw7Bd7chPRnY5F,Case,003m5pW1jukUWzjARJ,Contact
00Uw03GA5UayyiLU8P,Implementation check-in,2026-05-25T15:00:00Z,2026-05-25T16:00:00Z,Customer office,Meeting,Synthetic calendar activity for CRM workload testing.,Out of Office,2025-05-21T17:11:25Z,0,01tnSmeh0qnccnoQDY,Product2,003sQMLfrlldS2kIWH,Contact
00UMIHZ2xcmABuZEED,Discovery session,2024-06-01T11:00:00Z,2024-06-01T12:30:00Z,Regional office,Call,Synthetic calendar activity for CRM workload testing.,Busy,2022-02-24T00:43:22Z,0,001TgK7Trt797foQCB,Account,003uH5OW5dswD39AOA,Contact
00UJJvfC8qeM5ClMHA,Implementation check-in,2023-08-01T14:30:00Z,2023-08-01T15:15:00Z,Online meeting,Workshop,Synthetic calendar activity for CRM workload testing.,Busy,2024-01-01T10:28:27Z,0,701L7PbnIaoCL4kACA,Campaign,00QbnncQWlTONvuUV2,Lead
00ULGCQ5Crqjr0XM5T,Discovery session,2023-01-06T14:30:00Z,2023-01-06T16:00:00Z,Customer office,Workshop,Synthetic calendar activity for CRM workload testing.,Out of Office,2022-09-05T07:47:50Z,0,010qLMB0uAjOAJMAKD,Opportunity,003s4EbxYNRHqPbQ0W,Contact
00UtBXW4li0YRcx2K2,Planning workshop,2026-06-10T10:00:00Z,2026-06-10T10:45:00Z,Customer office,Meeting,Synthetic calendar activity for CRM workload testing.,Out of Office,2026-01-02T03:12:03Z,0,5001xnBvuQMhtlFQ4B,Case,003C6A2ICEcjkLfY4J,Contact
00Uexm8TaPaM4wM2YH,Discovery session,2025-11-30T09:00:00Z,2025-11-30T09:30:00Z,Regional office,Call,Synthetic calendar activity for CRM workload testing.,Out of Office,2022-08-20T09:00:46Z,0,800Qiw8nw8drSeGAXC,Opportunity,00Qcp61RadneXqA2Y7,Lead
00UMgKUM3n1Q27M2JD,Discovery session,2021-12-31T14:00:00Z,2021-12-31T15:00:00Z,Online meeting,Workshop,Synthetic calendar activity for CRM workload testing.,Out of Office,2021-04-15T13:24:26Z,0,001n3aMHCveux7aI17,Account,003OnVQVbt2cOpYA2L,Contact
00UzjPcu8ZbW67OUS9,Discovery session,2023-01-17T08:00:00Z,2023-01-17T08:45:00Z,Regional office,Meeting,Synthetic calendar activity for CRM workload testing.,Out of Office,2025-04-25T02:57:28Z,0,800dZy01aYi4hFRAGV,Opportunity,,
00UL0S24ngOSd32MAT,Discovery session,2025-01-16T09:30:00Z,2025-01-16T10:15:00Z,Customer office,Meeting,Synthetic calendar activity for CRM workload testing.,Out of Office,2023-02-14T03:43:14Z,0,001kIZzocnhLCvOQBW,Account,003pLHDBsvaSNsGQ3J,Contact
00U2AKkvjm1FqgiU48,Implementation check-in,2023-04-06T09:00:00Z,2023-04-06T09:45:00Z,Customer office,Call,Synthetic calendar activity for CRM workload testing.,Out of Office,2024-01-30T23:20:37Z,0,521Z8bPwg6uzfZEA99,Opportunity,003VZ9hJXxjtGw3QAM,Contact
00UiLt32Q0dmrwl21J,Discovery session,2022-10-05T09:00:00Z,2022-10-05T09:45:00Z,Online meeting,Call,Synthetic calendar activity for CRM workload testing.,Out of Office,2024-09-30T01:23:17Z,0,710cjvPbFrUQCs3I5D,Opportunity,003RQpJS1rnZYjBAQ9,Contact
00UfhFotZMhgFY62YG,Planning workshop,2024-03-22T13:00:00Z,2024-03-22T13:30:00Z,Regional office,Workshop,Synthetic calendar activity for CRM workload testing.,Out of Office,2024-03-25T01:32:20Z,0,001FifSg7G2gzZrY2M,Account,003FahRecXEW6aWQ7N,Contact
00Usv2v6RqczL1bUPK,Planning workshop,2023-05-13T13:00:00Z,2023-05-13T14:30:00Z,Customer office,Workshop,Synthetic calendar activity for CRM workload testing.,Out of Office,2022-10-07T02:10:43Z,0,7016JVvcTYMBRjjQNA,Campaign,003GweaslhRRyCLI5I,Contact
00UXUGuFq5Ght7F2B8,Planning workshop,2024-07-05T13:00:00Z,2024-07-05T14:30:00Z,Online meeting,Meeting,Synthetic calendar activity for CRM workload testing.,Out of Office,2026-04-07T14:32:36Z,0,500b72LIg7U3mB2IUG,Case,003PX6YsKg0weOKIQC,Contact
00UXPZYhlxdhOJLUIY,Discovery session,2024-01-08T13:30:00Z,2024-01-08T14:00:00Z,Customer office,Workshop,Synthetic calendar activity for CRM workload testing.,Out of Office,2022-09-21T09:25:19Z,0,500c0lCUHwglMPlQNP,Case,003sRiiIXTJElH8ILC,Contact
00UTwAjOoyQny1GU9Z,Planning workshop,2025-06-17T14:00:00Z,2025-06-17T15:30:00Z,Regional office,Workshop,Synthetic calendar activity for CRM workload testing.,Busy,2026-06-12T20:21:15Z,0,810oLjx3DaEqk2RAWB,Opportunity,003mS2nvRXjg1y7Y8L,Contact
00UbCf0is2I08OqMNQ,Planning workshop,2022-05-11T11:00:00Z,2022-05-11T12:30:00Z,Customer office,Workshop,Synthetic calendar activity for CRM workload testing.,Out of Office,2022-01-02T05:04:28Z,0,0016z7B3rnZB3aZYDJ,Account,00QT6v8z4odWhxSEFH,Lead
00Ub5ffMdLMa5oKU08,Planning workshop,2021-08-29T11:00:00Z,2021-08-29T11:30:00Z,Regional office,Meeting,Synthetic calendar activity for CRM workload testing.,Out of Office,2026-06-17T02:10:58Z,0,0017q85b1UbQ3zNQ8K,Account,00QPUAlbV7iQrv52HW,Lead
00URRjatnnLdwUm2O3,Implementation check-in,2025-01-22T15:30:00Z,2025-01-22T16:15:00Z,Customer office,Workshop,Synthetic calendar activity for CRM workload testing.,Out of Office,2023-01-12T11:07:28Z,0,701T7xJocH3zs1NQYF,Campaign,003SEr5kv6qLws1Q0Z,Contact
00UlqdJkf5TBGDAUSG,Planning workshop,2025-01-18T13:30:00Z,2025-01-18T14:15:00Z,Online meeting,Call,Synthetic calendar activity for CRM workload testing.,Busy,2022-04-09T17:23:21Z,0,500hRGjE7ylNLtIY9Z,Case,00QvweKp50wmicxUXX,Lead
00UgCegunCR6TFqM4U,Discovery session,2023-08-11T10:00:00Z,2023-08-11T10:45:00Z,Regional office,Meeting,Synthetic calendar activity for CRM workload testing.,Out of Office,2022-02-10T05:48:37Z,0,500ADdIU2Xid0UkAG3,Case,003ZYrjQOc11mxoIVN,Contact
00U2o2INcLXy9KoU13,Planning workshop,2021-06-01T13:30:00Z,2021-06-01T15:00:00Z,Online meeting,Workshop,Synthetic calendar activity for CRM workload testing.,Out of Office,2025-04-06T00:15:48Z,0,001jIiXAhBEHXIPYQP,Account,003MtjQuiO2V6tgARQ,Contact
00UHNgIAeFIOvXT22P,Discovery session,2024-02-20T08:30:00Z,2024-02-20T10:00:00Z,Customer office,Workshop,Synthetic calendar activity for CRM workload testing.,Out of Office,2023-12-13T11:02:03Z,0,5001fwepBWA5a9AQZE,Case,0031DHqKU2eEOyJIZZ,Contact
00UlvsZ8P0XIeNqUZF,Planning workshop,2022-10-10T14:00:00Z,2022-10-10T15:30:00Z,Customer office,Workshop,Synthetic calendar activity for CRM workload testing.,Out of Office,2024-03-06T01:33:19Z,0,711jyKmeift9k3zQ8Q,Opportunity,003jGUbFYXqxnmyQ4F,Contact
00UbimRCcADBfF82KR,Planning workshop,2022-09-30T16:30:00Z,2022-09-30T17:15:00Z,Online meeting,Workshop,Synthetic calendar activity for CRM workload testing.,Out of Office,2022-06-21T06:03:40Z,0,701dvFZxXgmRnlIQM7,Campaign,003FiLvx69wZlsWISP,Contact
00U8i8t43w3QNYJMA8,Implementation check-in,2025-07-14T16:30:00Z,2025-07-14T18:00:00Z,Online meeting,Workshop,Synthetic calendar activity for CRM workload testing.,Out of Office,2026-01-05T10:18:45Z,0,701Dpaw66va6dUvYOQ,Campaign,003Wl0ymrSzU42PQ9I,Contact
00UkYvFjIvUbqXnUJF,Business review,2025-06-04T14:30:00Z,2025-06-04T15:30:00Z,Online meeting,Meeting,Synthetic calendar activity for CRM workload testing.,Out of Office,2021-02-03T15:05:18Z,0,0014BI0PTpGJAb4ICJ,Account,003YlPvMmGA2YmCQGF,Contact
00UeTr7Q6U02P2rU94,Discovery session,2026-04-21T09:30:00Z,2026-04-21T10:15:00Z,Customer office,Call,Synthetic calendar activity for CRM workload testing.,Busy,2025-01-10T22:22:43Z,0,00tQfmtHVETDnOSQ5P,Opportunity,003bzVWrBBrdQTCAC9,Contact
00U1zb4X0M890XZEXJ,Business review,2022-09-05T10:30:00Z,2022-09-05T12:00:00Z,Online meeting,Workshop,Synthetic calendar activity for CRM workload testing.,Busy,2024-05-16T15:45:37Z,0,,,003x0VepNyTEttzY7F,Contact
00UA1WE5T4Eph5BED2,Planning workshop,2025-04-04T09:30:00Z,2025-04-04T11:00:00Z,Regional office,Workshop,Synthetic calendar activity for CRM workload testing.,Busy,2024-09-22T00:12:06Z,0,500P67xIKZ1JdIXQB0,Case,003Z9p3iLikiLHLY2Q,Contact
00UBubiWVBTyaI4ELK,Implementation check-in,2023-09-20T08:30:00Z,2023-09-20T09:00:00Z,Customer office,Meeting,Synthetic calendar activity for CRM workload testing.,Busy,2025-05-05T03:53:28Z,0,500RdpOApDVFVF5YLB,Case,003BskLh21cVrRtYUX,Contact
00UYkxYukaG6shTUPQ,Planning workshop,2023-04-06T13:30:00Z,2023-04-06T14:30:00Z,Online meeting,Call,Synthetic calendar activity for CRM workload testing.,Out of Office,2022-03-17T12:48:49Z,0,70tTifvSS1FGMMJQ9A,Opportunity,003OAkfyP4d2ErpYXI,Contact
00Ug8kUWX59mpjFEHX,Discovery session,2021-11-01T10:30:00Z,2021-11-01T11:15:00Z,Regional office,Workshop,Synthetic calendar activity for CRM workload testing.,Out of Office,2022-05-24T07:01:06Z,0,001tqRaHFT1utFgIDH,Account,003GbHpcXDChULtAL9,Contact
00U6BJ9kFSNtzYmMO8,Business review,2022-11-15T10:00:00Z,2022-11-15T10:30:00Z,Online meeting,Workshop,Synthetic calendar activity for CRM workload testing.,Out of Office,2022-04-11T20:31:22Z,0,,,003QtF6ypyXl9x7YZ2,Contact
00Uy0TzUgiWEoU1M85,Discovery session,2023-07-02T11:30:00Z,2023-07-02T13:00:00Z,Regional office,Call,Synthetic calendar activity for CRM workload testing.,Out of Office,2022-01-11T15:03:52Z,0,00ixs5i8iJUUoBHYRD,Opportunity,003PG11g6TmXEpFQ1I,Contact
00U6xTSDKhtVqiNUYD,Implementation check-in,2023-08-13T16:30:00Z,2023-08-13T17:15:00Z,Regional office,Meeting,Synthetic calendar activity for CRM workload testing.,Out of Office,2022-06-06T23:27:40Z,0,500a71OgRKKcEaWIIJ,Case,003fd0beHfeDCJbIXV,Contact
00UzPfB6VKv0OwpETI,Implementation check-in,2025-03-08T16:00:00Z,2025-03-08T17:30:00Z,Regional office,Call,Synthetic calendar activity for CRM workload testing.,Busy,2025-06-18T20:04:43Z,0,52trC9q4k0rZZPwASJ,Opportunity,003zxHlxoplJHvQY0O,Contact
00Ur7sEAhS6y2GyU5Y,Implementation check-in,2022-11-29T08:30:00Z,2022-11-29T10:00:00Z,Online meeting,Meeting,Synthetic calendar activity for CRM workload testing.,Out of Office,2022-06-13T20:13:17Z,0,8114TeEZP44D2r9AVD,Opportunity,0031Q3Evc7Xc9rbQI3,Contact
00UmtGm4tZHbcPbEIT,Business review,2024-01-15T11:00:00Z,2024-01-15T11:30:00Z,Regional office,Meeting,Synthetic calendar activity for CRM workload testing.,Busy,2023-06-23T16:11:36Z,0,001ib7FXZt0jhJBYVP,Opportunity,003nIHFJyUuvLT9AUC,Contact
00UiuLOificf9qHMBG,Implementation check-in,2025-03-03T16:00:00Z,2025-03-03T17:30:00Z,Online meeting,Workshop,Synthetic calendar activity for CRM workload testing.,Out of Office,2022-04-20T21:58:35Z,0,500zKd9dtTYyYrnIXK,Case,003OeAYHBMeWG8UIKO,Contact
00UaJjw2PqpuaTK2YL,Implementation check-in,2023-07-03T11:00:00Z,2023-07-03T12:30:00Z,Regional office,Call,Synthetic calendar activity for CRM workload testing.,Busy,2026-03-07T11:35:48Z,0,701fkp1RoMk6AO1AXX,Campaign,003aKKU9yG3DomjI1Q,Contact
00UZt4pCnyFnicuEFH,Discovery session,2021-06-29T10:30:00Z,2021-06-29T11:00:00Z,Regional office,Call,Synthetic calendar activity for CRM workload testing.,Out of Office,2024-04-10T12:43:04Z,0,800CzxUbTu2VpkaANO,Contract,0034Q5SoLVHvbAqYI4,Contact
00ULEiKRPheVXs4UZW,Business review,2025-03-31T14:00:00Z,2025-03-31T14:45:00Z,Online meeting,Workshop,Synthetic calendar activity for CRM workload testing.,Out of Office,2026-06-10T02:24:43Z,0,71iAFTupKfJkisWA3O,Opportunity,0033RMdmQ37dTrIDTG,Lead
00UtWx23PoZ2qvCUBV,Business review,2022-03-31T14:30:00Z,2022-03-31T15:00:00Z,Online meeting,Workshop,Synthetic calendar activity for CRM workload testing.,Busy,2024-04-28T02:53:19Z,0,0014rAjCuliftUBIPG,Account,003nfijHXhEFiafAZN,Contact
00UaDiY4tRnm72d2AZ,Business review,2021-07-14T11:30:00Z,2021-07-14T12:30:00Z,Customer office,Call,Synthetic calendar activity for CRM workload testing.,Out of Office,2022-06-08T10:50:37Z,0,001KqKN8Jf0F9i9AKQ,Account,00QIYKY7dUD4vN7U12,Lead
00UdmA5S3ffUfE0E76,Planning workshop,2025-10-12T08:00:00Z,2025-10-12T08:30:00Z,Regional office,Call,Synthetic calendar activity for CRM workload testing.,Out of Office,2022-02-20T04:12:38Z,0,701L7PbnIaoCL4kACA,Campaign,00QnD8OZscDn9fV2FB,Lead
00UHXM0e4yDItU7MFH,Planning workshop,2021-10-18T10:00:00Z,2021-10-18T11:30:00Z,Regional office,Call,Synthetic calendar activity for CRM workload testing.,Out of Office,2022-08-31T11:14:32Z,0,001wp2Q6PkIMrfFY6U,Account,00QRInUhBC4TxAwE8C,Lead
00UDzenbKPhJWlcUZT,Implementation check-in,2021-12-17T14:00:00Z,2021-12-17T14:30:00Z,Regional office,Call,Synthetic calendar activity for CRM workload testing.,Busy,2024-01-13T14:51:11Z,0,001ltvwfHnMcdhbAJS,Account,0031Q3Evc7Xc9rbQI3,Contact
00UFqlDJBmG9Ev72W4,Planning workshop,2025-10-12T14:00:00Z,2025-10-12T14:30:00Z,Customer office,Workshop,Synthetic calendar activity for CRM workload testing.,Busy,2021-04-15T09:27:12Z,0,006Aur0tlVRnqgSQFM,Opportunity,003iGzeGq7EA63fI29,Contact
