Id,TeamMemberRole,OpportunityAccessLevel,CreatedDate,OpportunityId,UserId
00qI2aKsrrfc34pAN4,Sales Engineer,Edit,2024-01-14T07:35:59Z,006VnpdoBIZCpspASY,005IKQxHrnOfGBxYIU
00qb8PrKTyk3GPFYB5,Executive Sponsor,Read,2021-10-05T08:59:32Z,72ieRpFxOglko7jQAZ,005xEqNFzxKXya6IGV
00qUOyMifGFIYVbYSE,Account Executive,Read,2022-05-13T19:41:42Z,51tfA8ZEmE4BtVvAE8,005NradmkgHLf0bIJ5
00q0vMZmZmSLgOLA5U,Sales Engineer,Edit,2022-12-24T12:31:46Z,51iB8VNbijPpetFIJJ,005pFLSqKe2EKv0Q0O
00qlS5smMIQ1PaUQ3M,Executive Sponsor,Read,2023-07-25T12:35:26Z,720hs9nlVqpsZGJQN5,0055EGfQDBgoAh8IFH
00qkXBIYho5JvuBY8W,Sales Engineer,Edit,2024-08-11T08:51:07Z,500oowxkxV4s3nnYH7,005hfmtBm0piYtTY6K
00qLg2UFRzuOEjbIMF,Executive Sponsor,Edit,2023-10-20T08:52:11Z,70trphiT60GMX0jQVT,005RHpTOWiLP3HTIID
00qNaAkp1uMYFzrYMN,Specialist,Edit,2021-02-17T10:08:57Z,711XnpU5BC0GELIQ7O,005qn7LR76DmPdbQZN
00qZEJU6AoM8KfqAZ1,Executive Sponsor,Read,2024-04-11T11:04:42Z,0062ZVXV6ftQ4OHYB2,005dxKTxH6gxu99IEO
00qh3IeF5K9j2YEYXG,Account Executive,Edit,2023-04-30T23:23:16Z,500wanHgIr5sM0KQUT,005G7PmEiXypty3IQL
00qFslizCErKpw5YFM,Account Executive,Read,2026-03-05T23:48:20Z,810oLjx3DaEqk2RAWB,005xwhqeeWgm4agYMN
00qZVz5witYfgNiQVR,Sales Engineer,Read,2021-04-06T03:05:57Z,01iyRlIGRzmILgdI6F,0055EGfQDBgoAh8IFH
00qzfY3A4ObaB7uA2R,Specialist,Read,2025-03-19T15:05:04Z,026FFY5OeiKBXtzYT8,005lhMYUKPuvXDoIO8
00qYBQK4XcLQQSmQ3W,Sales Engineer,Read,2021-10-11T15:01:39Z,801mn7LPXOVniJyI2X,005LSah1u1GnYGbYOG
00qdyRd4GVVkiouYLZ,Sales Engineer,Read,2021-08-24T06:25:39Z,816jvzLq14lW3XrIBO,005hp0uS7WWG0emI9I
00qpFlDAPACLBAqIAQ,Sales Engineer,Read,2026-03-06T02:59:48Z,811AGzYwwbcrfyVQYD,005pFLSqKe2EKv0Q0O
00qyCty1jrEnYhwQ55,Account Executive,Edit,2025-09-07T03:07:35Z,006FW7esflWhZJjQZQ,005yqybzTtVK8u6IOR
00qYZ7gKxhRKvsoIJ2,Specialist,Read,2026-01-18T20:13:11Z,80ig0h44cCZ9guhILV,005gMY3fFnSvHOzQLX
00qDTbFY4F024GrA9R,Specialist,Edit,2025-12-09T03:30:48Z,810ts46fmKDZIW9Y0M,005RuPGFXVl50YyAI2
00qlyALdDTGo2LZAME,Account Executive,Edit,2021-10-11T19:32:40Z,00ijCBPeUz5Qky5IPL,0058ltZKG17vpJbQJK
00q7wJ2nbuI5GtGYGE,Account Executive,Read,2025-03-02T08:52:11Z,700JRyKHqsq3xvxIRH,005RHpTOWiLP3HTIID
00qHF2RlbRD60sNY0L,Account Executive,Edit,2025-03-17T04:19:40Z,006apT08amon0XbYH3,005hp0uS7WWG0emI9I
00qqIT8sMH1LwmeQ73,Account Executive,Read,2025-07-13T05:37:45Z,72iIgR6vwZzvAVWID9,005si8rNhwYkQikIOL
00qomFLwXFFA4n5QL8,Executive Sponsor,Read,2023-11-29T06:45:08Z,711jyKmeift9k3zQ8Q,005XE0YLnoIgg8hAV9
00qwirYfmP6yNNSAJ1,Sales Engineer,Read,2021-08-31T19:20:17Z,506NpocNdGAATxXY9N,005qOi29J2o9pHYYCI
00qcXQj2BtCiUPZA2U,Account Executive,Edit,2023-12-07T11:20:48Z,8114TeEZP44D2r9AVD,005xwhqeeWgm4agYMN
00qNo84ijjWc4pxIJ1,Sales Engineer,Edit,2024-07-27T17:08:06Z,800b4hPm6qk3M2KARE,005gMY3fFnSvHOzQLX
00q3wKo5hMAadEYY66,Executive Sponsor,Read,2023-08-08T04:52:44Z,0061IIS0Mcc4usYIDW,005gMY3fFnSvHOzQLX
00qW4xD5lFwHcdeIFW,Specialist,Read,2023-02-14T08:29:30Z,006DBrwDdwHfBPgYBC,005lJuJ789IRmEmQF4
00qj9Nwht47Tm4xA47,Specialist,Read,2022-09-25T20:18:27Z,810WEutgN41JOtwIBR,005W8vdEbVdzOCdA62
00qtk7sit1jzP0bIGD,Account Executive,Edit,2025-04-30T00:27:03Z,81t4p4m3KTfbJKWYH1,005pAoa72XGI02qYGZ
00qTxT8htwUHV18AFT,Account Executive,Edit,2024-10-16T16:14:58Z,720YuKlN0x1ulxYY2I,0059cNiXLcpBkagI2J
00qwGpaqYIVL87YA9G,Sales Engineer,Read,2021-07-29T12:35:46Z,00632Bo1soYBvCPYRN,005hfmtBm0piYtTY6K
00qTMqW2r5EKmWIAB8,Account Executive,Edit,2022-02-02T04:41:35Z,02tVBbUlSe9jR1yAQL,005s4Xb2ZkbCAMvQEZ
00qRCz49XyyqGANQTO,Specialist,Edit,2022-08-09T12:02:09Z,006ws5fxY6DVEQqYK8,0051j8xdsf40yysQI6
00qIZ5B7GBZIWlcAM5,Executive Sponsor,Edit,2025-06-05T16:02:26Z,006VgjXEf7yEhSWQ2W,005IKQxHrnOfGBxYIU
00qGmr0SX406fqdYLH,Executive Sponsor,Edit,2021-03-01T18:24:58Z,006cwzBlJAteYuFALQ,005YLX0oRwAflvAQZO
00qpaS3rzykiuRDA3A,Specialist,Edit,2024-12-22T15:53:51Z,001ubaEHL3G30ZJYB5,005Nr8mKUnQ3oinATY
00qf9l8U7Mq1II1AKL,Executive Sponsor,Edit,2022-09-06T12:37:15Z,0066UKmNdtzZR9BQCL,005gMY3fFnSvHOzQLX
00qKK7RWSsCZ7JhYPW,Account Executive,Read,2021-08-03T14:01:21Z,500bA9JabGkX7DOYLZ,005hp0uS7WWG0emI9I
00qQK1jy4LEQ2cVAS3,Sales Engineer,Edit,2024-09-22T14:38:53Z,80iWtir5PL9VOk7QNC,005pFLSqKe2EKv0Q0O
00qNzLpxkCwiLLPY3L,Sales Engineer,Read,2023-06-26T10:39:57Z,820bVlsJKbrdccjYPJ,005s4Xb2ZkbCAMvQEZ
00qguVKSzNu6tjSAO9,Sales Engineer,Read,2024-12-23T22:03:55Z,70iEKKsvpW0SHkqQH8,005XE0YLnoIgg8hAV9
00qC9j5t61MMI3yAKY,Executive Sponsor,Read,2025-03-06T16:20:52Z,006F3BVw3SjttvbAU1,005YLX0oRwAflvAQZO
00qJ2pagTQoARGYIPT,Sales Engineer,Read,2025-12-15T14:41:58Z,006XYNbHvhDXydkYO1,005mKVeNm7pzbbYYYT
00qJLM1t2L8fYleIXO,Executive Sponsor,Read,2023-06-08T17:30:37Z,006XbSVM6Qu5YBiQFJ,005lkwCvvs1NKzQIH0
00qPWnqy0aW6OjwQ0V,Specialist,Edit,2024-10-19T12:12:31Z,71iX3qS4baYggv7AN6,005YbujEVi8pPHuINT
00qARWBzcDMARvXY2A,Executive Sponsor,Read,2021-12-07T14:15:56Z,006WszjSMO6G9CjA99,005qn7LR76DmPdbQZN
00q5xVcCLMq2c3xQHD,Specialist,Edit,2025-11-05T00:30:21Z,80iuvw8G1Gk2RsPQXY,005xk2KsXa5Ub6fA8M
00qO5e0249T0ROYYFI,Account Executive,Read,2026-06-22T03:12:47Z,501iOamI6vFewPbYG5,005ifKSPcGiOhecIJG
00qrdR8qjYujKtRQVA,Sales Engineer,Read,2022-09-29T22:56:21Z,720YuKlN0x1ulxYY2I,005xwhqeeWgm4agYMN
00qCBaKwpLxGMpvYSE,Account Executive,Edit,2021-01-14T00:59:13Z,52tUaFdzTaQV8k5QRV,005G7PmEiXypty3IQL
00qsDqiedForWvmY22,Specialist,Edit,2022-03-25T00:50:13Z,821qtottAAusQkeAPP,0056BILiQX0m1w8QY3
00qOZTvz4E837ToYIZ,Account Executive,Read,2022-07-22T12:50:58Z,801JUCFNcgzcvUuYSM,0058ltZKG17vpJbQJK
00q6Ckio7JcIjKiA95,Specialist,Read,2025-07-02T01:48:41Z,800b4hPm6qk3M2KARE,0053ucGskT1mdlKYCB
00qrJf6HtvVPW9MQ68,Account Executive,Edit,2022-07-26T23:39:47Z,006t7dR1cWsHmILAD0,0056BILiQX0m1w8QY3
00qcgi4aA7E3xGUQ5M,Account Executive,Edit,2026-04-03T19:28:23Z,51iB8VNbijPpetFIJJ,005pAoa72XGI02qYGZ
00qHJthdeIaRM0kIOL,Specialist,Edit,2024-11-15T06:25:19Z,52tZyxdG49iTgEvI74,005TU4vqRu98dHsY03
00qIcyn0Ium93SCI38,Account Executive,Read,2024-11-23T10:14:18Z,72iELLOBDcXDk49AIU,005oCyN03vzPYXsQE2
00qfbG7saf9jksFIEM,Specialist,Edit,2025-10-19T03:41:25Z,006cokd0oy31bp9YH0,005xwhqeeWgm4agYMN
00q8tK8rWCabdB5Q05,Specialist,Edit,2021-04-23T02:51:22Z,006mAqCQLvoO5idYZI,005qn7LR76DmPdbQZN
00qIJHKwThyWBDzYYU,Sales Engineer,Read,2024-02-03T05:03:54Z,0001FxlgbKgn74EIC5,005VOHFbnLYK0gIIP7
00qd6kKjosXn9IDI6Q,Specialist,Edit,2024-11-12T12:41:24Z,006WIBRSsOcAh4YA3G,005oCyN03vzPYXsQE2
00qC4t3Y0qiKpjFYLF,Specialist,Edit,2024-01-05T21:05:14Z,526gLd6SfX4QF0jAQ0,005uepIIzxcmHrDI1O
00qLVDVQyMMAdTNI5F,Specialist,Read,2022-08-28T06:13:43Z,721N1T1KDCjQ5RVIKZ,005BLrN0FAgafzHY2K
00qTlhiEBZAQelKAXU,Sales Engineer,Read,2023-12-23T16:46:55Z,00iA1KWe8K1vrY1ANF,005lGkJeYS6wczpY2Q
00qJFOBGupsGZpgYU8,Specialist,Edit,2024-10-11T21:08:46Z,810eNr2w9bo9QOsYDP,005RHpTOWiLP3HTIID
00qLisqafO3RXWRQ2T,Executive Sponsor,Edit,2025-12-25T13:09:21Z,006Dz4Suk7tSf7PYVV,005lGkJeYS6wczpY2Q
00qJlbmah3SjFCvIEM,Specialist,Edit,2021-03-06T02:53:14Z,810a0t8k1FUXv1cI0V,005mKVeNm7pzbbYYYT
00qup9GmFgcaiHXABW,Account Executive,Edit,2026-05-29T22:20:13Z,006him88BidBWvgAE5,005dxKTxH6gxu99IEO
00qd0Q8Ds9Tc0xGQOQ,Sales Engineer,Edit,2021-07-11T22:08:31Z,006vRmwy1MfWv3NIQ3,0056kxsLcWcZ0y6Y1M
00qUd2ZbgfNdjHdABF,Specialist,Read,2022-04-07T23:56:25Z,00ixs5i8iJUUoBHYRD,005ztlrbFPcuOLhY8F
00qBkeQNOPjf1x4IPX,Sales Engineer,Edit,2024-06-06T12:15:48Z,521mpPKRTUMfQI3A1Q,005VOHFbnLYK0gIIP7
00q7R8dl2ewgqD3A5V,Specialist,Edit,2022-06-12T00:33:31Z,801vGMBCN6szOwbYXA,005Vo9gpxbtHjOOIMV
00qAHRQoJrwJtX2A8M,Specialist,Edit,2024-11-02T11:05:06Z,71iAFTupKfJkisWA3O,005sAEUaULAzZRzQYB
00qP9jNikHi7NrlYJZ,Account Executive,Read,2021-02-01T10:46:46Z,50inwhIHEWxsdO8YG0,0056BILiQX0m1w8QY3
00qtrEgaZCCytqQQO7,Specialist,Edit,2024-01-25T04:08:30Z,006XOXtUBR5z1QYYWS,005qptAZodwwrZzYUF
00qszMFxmL0jH0eI19,Executive Sponsor,Read,2026-05-24T15:26:35Z,006yDJdvo00qvdmALK,0055EGfQDBgoAh8IFH
00q1ecFRH4b3WdpIUP,Account Executive,Edit,2023-01-31T14:33:07Z,70izJscuGLLZ5kjAD2,005wmbTnVpYGoJ1AGI
00ql83l9r21DZd7QLM,Sales Engineer,Read,2021-07-22T17:19:59Z,006RDEKK5DqXkskAUM,005krCc5IJC2wfdQ2P
00qMyYx0ak2o5gaAY3,Executive Sponsor,Read,2021-05-05T22:24:15Z,006WonYZXAjQ90LQSO,005W8vdEbVdzOCdA62
00qJUGYGp2VcCTkYOO,Sales Engineer,Edit,2022-10-01T14:35:46Z,511ReMWzz0SO9AJA5T,0053ucGskT1mdlKYCB
00qirYvK7JtRGuRII3,Sales Engineer,Edit,2026-03-28T00:02:15Z,800b4hPm6qk3M2KARE,005lhMYUKPuvXDoIO8
00qpEVkU2tJ8G5OYCV,Sales Engineer,Read,2026-02-01T21:08:58Z,501AfvHothHUh1WQ9N,005LSah1u1GnYGbYOG
00qtHzJoKnkxXQUA8I,Specialist,Edit,2023-04-28T09:19:01Z,721CmA86MnDG5WjQIG,0059cNiXLcpBkagI2J
00qqQRqAx7voHlQQTM,Executive Sponsor,Read,2022-07-25T10:06:28Z,006lwvKYo99egSWY56,005qOi29J2o9pHYYCI
00qXHuXMEFzamOOIUG,Account Executive,Read,2024-10-21T03:02:20Z,501DWuGTC7fBfPjICF,005W8vdEbVdzOCdA62
00qq06TcZTAVQijYI3,Sales Engineer,Read,2024-08-27T08:44:48Z,820dkfx5MiN3Jf2AR6,005Vo9gpxbtHjOOIMV
00qp4UfzpopYNy2QIJ,Executive Sponsor,Edit,2021-05-15T02:36:46Z,721L9PVNy9jMezEQVX,005VOHFbnLYK0gIIP7
00qOVovsmC22gcmQPH,Specialist,Read,2026-01-28T11:09:22Z,80t37iypOi0vj92Q9J,005RHpTOWiLP3HTIID
00qoQhgZ5ok92ikY0D,Specialist,Edit,2024-10-03T13:28:30Z,0067VUv74zEOEZ0I7M,0059cNiXLcpBkagI2J
00qbAftLnkWoivOA2O,Specialist,Edit,2021-03-27T18:34:39Z,006ccAkWsnFcxaCAY0,0058ltZKG17vpJbQJK
00qXwK2OZu7TM1cI2F,Account Executive,Read,2024-08-24T19:46:01Z,006TKuc6w3hFq6FYVL,0059cNiXLcpBkagI2J
00qklPgIG6GsbkiQ70,Account Executive,Read,2022-12-12T13:36:30Z,506KFidge6NFupaQIL,005W8vdEbVdzOCdA62
00qP4R1Y22aj1YZQ2W,Executive Sponsor,Edit,2022-06-10T05:41:47Z,526oIi4wwv9ub5TYYU,005btAWhiiwsSYtA2R
00qycmIzh7IrwfTA0S,Specialist,Edit,2026-06-18T15:45:20Z,810y0lH3OXxqWsFIJT,005btAWhiiwsSYtA2R
00q8tt3HsfZHQ3eQHB,Executive Sponsor,Edit,2023-06-15T03:48:42Z,000xXneMwf8WkNFIAK,005IKQxHrnOfGBxYIU
00q7ZkIG4jFDlJEY0J,Specialist,Edit,2025-07-11T21:13:24Z,506XjHG2raFLQItI0E,005pFLSqKe2EKv0Q0O
00qlp4NWE1G5tr9QPT,Account Executive,Read,2021-11-23T08:49:15Z,800b4hPm6qk3M2KARE,005IKQxHrnOfGBxYIU
00qxGazH4Zuii44IEB,Executive Sponsor,Read,2021-04-15T16:41:35Z,711nKDDjsWx7USFADB,005mKVeNm7pzbbYYYT
00q3j7cMaOIbLypY4O,Specialist,Read,2023-06-27T20:48:24Z,82tPtrVmmPDvG8BAW9,005W8vdEbVdzOCdA62
00qWoaY0Ahgpo2iYXA,Account Executive,Read,2023-12-31T23:29:57Z,006vIpHM2n19iepAAQ,005dY26xUNDmki4A5N
00q9WdnPnIXMYkEYEO,Account Executive,Read,2024-10-03T07:04:14Z,816kfHeWqZTzwJoQFU,005LSah1u1GnYGbYOG
00qwRECQqw4EDy5YJP,Executive Sponsor,Read,2025-08-22T14:20:06Z,006X6DKj6XkdUKXAAT,005wmbTnVpYGoJ1AGI
00qkQar4tYp4hfOYRO,Sales Engineer,Read,2022-04-11T00:31:08Z,006XxKqy2Z2WptSYVC,005IKQxHrnOfGBxYIU
00qZQAXvDchVI9RAYM,Specialist,Edit,2022-10-14T07:56:36Z,006Qp2KxEpiKOvuIDH,005YLX0oRwAflvAQZO
00qKrV36SVDAGhTAWR,Account Executive,Edit,2026-03-17T18:52:17Z,00txp86s8wpYXDTQ8N,0051j8xdsf40yysQI6
00qnTAISb7B38tBQJB,Specialist,Read,2026-02-02T01:08:41Z,81tp0rjFiQpPk6QI9L,005dxKTxH6gxu99IEO
00qU0l4S4eddMP1IIC,Sales Engineer,Read,2024-10-10T00:11:56Z,006XYm0ra9sX98MINR,005pFLSqKe2EKv0Q0O
00qk51Ifs5s7XUDYPA,Account Executive,Edit,2024-10-17T07:34:05Z,006v4NgLKt1LzlOAPT,005xEqNFzxKXya6IGV
00qMu26xnjlyFOcAH6,Executive Sponsor,Read,2024-06-27T05:57:53Z,501iOamI6vFewPbYG5,005pFLSqKe2EKv0Q0O
00q5XlZkTEMGeqfYZE,Account Executive,Edit,2023-09-22T16:03:33Z,006aQnsPegkc0cyQ0Q,005xk2KsXa5Ub6fA8M
00qnJw9Xi8xRCBvIMH,Account Executive,Read,2021-05-15T00:50:34Z,00637kOJWWqJdXyIJE,005IKQxHrnOfGBxYIU
00qKGOxpd5WtOnuI9F,Specialist,Edit,2022-09-07T04:33:38Z,006ksFDjDwxcXhcYWX,0056kxsLcWcZ0y6Y1M
00qG4dJ22jaiHbYQ4D,Executive Sponsor,Read,2023-07-18T15:22:42Z,006qYgHdEjOWzxkY14,0058ltZKG17vpJbQJK
00q47aOYLdu8CUoQZW,Sales Engineer,Edit,2025-04-17T19:29:40Z,816p3J8VmnEOsVcISX,005uepIIzxcmHrDI1O
00qhItcBvzr2VIBALH,Sales Engineer,Read,2022-03-24T11:06:07Z,021EN8Fd1z1p8WxA9N,005qptAZodwwrZzYUF
00qrkHKLbSJDt5GQMG,Executive Sponsor,Edit,2023-11-04T11:39:08Z,02tpaFf85ljoY7FYHM,0056Go3C6Dl0bjnQEY
00qVwwRfRe7CIY9Y91,Account Executive,Edit,2023-05-11T20:16:52Z,520LYGKOvaoDQUHYL8,0056kxsLcWcZ0y6Y1M
00qB3n8b8FPcLIUIQT,Sales Engineer,Edit,2024-08-07T14:33:25Z,001oUkNbbCllH3CABZ,0053ucGskT1mdlKYCB
00qApk4JdDAyhL2Q16,Executive Sponsor,Read,2026-01-29T00:14:06Z,810AfXY7CkI2OtTAKH,005qptAZodwwrZzYUF
00qV8BxXkVkNvDIAS8,Executive Sponsor,Read,2021-04-17T17:58:36Z,006A4LBPr9HWFUiQYO,005Vo9gpxbtHjOOIMV
00qM1QyOFuIVMF8A3E,Account Executive,Edit,2026-06-22T04:44:48Z,006hzSuTtzeIfSNQQM,005ifKSPcGiOhecIJG
00q4bnNyA81S9afA1O,Sales Engineer,Edit,2024-03-11T11:18:24Z,5260ID9UWO3NsN8AI5,005uepIIzxcmHrDI1O
00qzXdhsf0tGy0UIXS,Account Executive,Read,2023-04-17T04:03:24Z,52twUqMYL1d6Ai8AH2,005xEqNFzxKXya6IGV
00q8D5GSVrv0rltY9H,Executive Sponsor,Read,2024-08-31T00:51:20Z,716abaFu5JRwcMCIE0,005TU4vqRu98dHsY03
00qt1VCL5YNThvcA7A,Sales Engineer,Edit,2022-07-08T15:44:09Z,701EsLuEhnkDYlxYN5,005s4Xb2ZkbCAMvQEZ
00q6ZDWd47niraQQC3,Specialist,Edit,2024-01-10T14:16:42Z,006E4scDKGSPsigIW3,005G7PmEiXypty3IQL
00qTeCAlaLCcXkRQDI,Specialist,Edit,2024-07-18T10:17:44Z,006TF68FDH8V1zoAAG,005qptAZodwwrZzYUF
00qpJNKYgSIh5PIAJ9,Account Executive,Read,2025-10-21T06:27:40Z,006RDEKK5DqXkskAUM,005pAoa72XGI02qYGZ
00qqnPxiEGqOuKTY3U,Executive Sponsor,Edit,2021-07-12T16:46:03Z,006rhMmkOulVFXkQR9,005VOHFbnLYK0gIIP7
00qTlSMVIXTsS2qIL4,Sales Engineer,Read,2023-05-06T13:48:22Z,006oKygqAo4BEx7Y25,0055EGfQDBgoAh8IFH
00qMKYIvTDij6ltQS0,Sales Engineer,Read,2021-04-11T00:28:46Z,02txIRzPecvW8WyY13,005lJuJ789IRmEmQF4
00qEIqqztKASLYaYUP,Account Executive,Edit,2022-02-04T03:28:44Z,811H4d9tvIFq8siIC1,005ztlrbFPcuOLhY8F
00qCAqKYNPvCdQrY7S,Sales Engineer,Edit,2025-04-06T16:47:28Z,006QJIXxGyVD2r0AHP,005W8vdEbVdzOCdA62
00qM7jJWvIeXJ8sQ3O,Sales Engineer,Read,2025-11-24T20:57:50Z,006EJMe6nq0y8lIYL6,005wmbTnVpYGoJ1AGI
00qfF2FmcTkd0oZYR1,Specialist,Edit,2024-11-10T02:07:11Z,0061UoLhoE9vnTnQ3L,005Nr8mKUnQ3oinATY
00qOoi8zT9qGRr8A3N,Account Executive,Read,2025-10-22T21:50:13Z,720N6RfLbcjhIOAYHT,0056BILiQX0m1w8QY3
00qbTvCp7aXNdZEQ3U,Specialist,Read,2024-11-25T04:11:59Z,51tHCyyA740NmEDIRA,005YbujEVi8pPHuINT
00qoKXzDc7FOm3rY20,Specialist,Edit,2022-07-14T14:23:46Z,006j7zGZCNsBw5SAG7,005TU4vqRu98dHsY03
00qRnvS6uC6xDuOIFP,Sales Engineer,Read,2021-11-03T14:35:00Z,00tK8p779q4DqJHYDL,005si8rNhwYkQikIOL
00qQ6gPgszibaNeYWZ,Executive Sponsor,Edit,2024-10-04T03:14:29Z,006ZCsT1xiI0zuZYAP,005pAoa72XGI02qYGZ
00qckSkpsfRDoUFQ4I,Specialist,Edit,2024-08-14T11:21:37Z,51i2GeNDNtSqHb1QVK,005NradmkgHLf0bIJ5
00qr6MUZ7rwtqGzY85,Sales Engineer,Read,2024-03-11T21:31:15Z,006t7dR1cWsHmILAD0,005BLrN0FAgafzHY2K
00qZUzaaIjrAXewQ5X,Account Executive,Edit,2024-10-04T18:02:11Z,506lz24Tb5X9TnaY3R,0057jDImegCGqG7YZ2
00qLscJnlp3th92QQJ,Executive Sponsor,Edit,2025-12-22T03:50:00Z,720ny8nFJHudrPnARO,005qptAZodwwrZzYUF
00qEzs2Pj9wcNxBII9,Account Executive,Edit,2024-01-08T06:10:11Z,811AGzYwwbcrfyVQYD,005NradmkgHLf0bIJ5
00qUAcs3LXvZ5a8QJF,Executive Sponsor,Edit,2022-03-23T13:28:19Z,0064Tm6PZkvXXjaQ4O,005nzeP1FFxSfMhQ5C
00qcpdDc0trE95dY48,Account Executive,Edit,2024-12-02T04:33:34Z,72iELLOBDcXDk49AIU,005qptAZodwwrZzYUF
00qOO1svyhPiabxYPL,Specialist,Read,2021-01-09T15:10:59Z,7266OMC0nv5jUJ0IZL,005qn7LR76DmPdbQZN
00qFbkcVuPHx15lYQF,Account Executive,Edit,2025-09-16T17:35:01Z,716F22xLzwDVzuGA3J,005sAEUaULAzZRzQYB
00qEeYPVR3VHieXAYZ,Specialist,Read,2021-05-26T02:50:43Z,821IrhP5JDNTKeQQ08,005hvPRYHDjoBLOQ3X
00q1KTuMpIc8c1iIUO,Account Executive,Read,2024-01-17T14:55:11Z,001Ou3cLagv7VIiQYI,005ztlrbFPcuOLhY8F
00qJkUpdJeUrrmXQ9W,Executive Sponsor,Read,2024-08-31T07:33:52Z,800b4hPm6qk3M2KARE,005lJuJ789IRmEmQF4
00qjTQPT1NzOULwQK3,Specialist,Edit,2025-03-03T03:31:47Z,006dYZQC8LGUICdQ6J,0057ufaHufy75ktAX1
00qrOnlARbF2CEhAO8,Specialist,Edit,2024-07-18T01:52:16Z,006aSAlPyrq3CVXAAG,0057jDImegCGqG7YZ2
00qd7FwRxOOlWmpA2K,Account Executive,Read,2025-05-14T01:50:52Z,51i9rNqdYClkr0zIFJ,0056kxsLcWcZ0y6Y1M
00q5M6yuzfk8WAdIAF,Sales Engineer,Edit,2023-09-15T20:16:36Z,820ublfModfHT3tAJO,005wmbTnVpYGoJ1AGI
00qFvvma9qzBpGYQZW,Account Executive,Read,2022-08-29T07:58:49Z,01i0VEuLsNMmv1bI17,0056kxsLcWcZ0y6Y1M
00qCGtpgHmDsJZ6Q2R,Sales Engineer,Read,2025-07-20T21:06:53Z,006DT63lZ5HkzeVA0Z,0056Go3C6Dl0bjnQEY
00qrv96QYBEIqeIQO3,Specialist,Read,2024-04-01T13:17:58Z,800IzBADA7mOjsmA4O,005hvPRYHDjoBLOQ3X
00qZZaDN57JI1eyAJV,Executive Sponsor,Read,2024-11-30T05:22:12Z,006jl2nL2xxcaxIYP5,0051j8xdsf40yysQI6
00qsV9UIaL8gtTjAU2,Sales Engineer,Read,2022-05-18T10:58:05Z,006lwvKYo99egSWY56,005RHpTOWiLP3HTIID
00qlq5RowrzH0m9II1,Executive Sponsor,Edit,2024-03-24T08:44:59Z,72icO5RiRBZflxQYYM,0058ltZKG17vpJbQJK
00qarJm0caY8H3TQ0Y,Executive Sponsor,Edit,2024-11-04T08:16:04Z,026CvoPIjoSqqQcY7O,005hTpAX3O60UK0AAJ
00qzDBQOi7NMUxCYD8,Account Executive,Edit,2022-11-16T08:24:31Z,006Y9nOjEpG1UpFYNC,005LSah1u1GnYGbYOG
00quSviyNVeD3zgYGG,Executive Sponsor,Edit,2024-04-01T05:20:14Z,016nezGYukNi6QYIZM,005dxKTxH6gxu99IEO
00qNypwwmC6J5K1QSC,Account Executive,Edit,2021-04-21T16:38:06Z,70615XF1CMiOFu0Q40,005si8rNhwYkQikIOL
00qRzw1TbBf65bNQ2V,Specialist,Read,2025-05-02T17:36:27Z,82tMiSqxHwS9URJYUW,005mKVeNm7pzbbYYYT
00qhTWWXpYDXqPCALT,Specialist,Edit,2024-05-15T12:59:54Z,826g08vVGgEU6FqQUH,005hp0uS7WWG0emI9I
00quAgravrI8ZIBQID,Executive Sponsor,Read,2021-09-28T03:35:02Z,006bSeYa8RGzU9LYYM,005Nr8mKUnQ3oinATY
00qDi732H4Wv9dpY1A,Specialist,Read,2022-08-08T08:33:43Z,006rUY5OiC5YhNEA7B,0051j8xdsf40yysQI6
00q3IkU5AQfvrXqQH1,Specialist,Edit,2021-07-29T22:19:39Z,021bXGgw3Tw5UXiIIS,005VOHFbnLYK0gIIP7
00qCxyQN4dxPPW0QJM,Executive Sponsor,Read,2024-03-19T21:35:27Z,00tvJH5KgpFjKEsYR9,005yqybzTtVK8u6IOR
00qSUQyRJkjoxUHYM9,Specialist,Edit,2024-03-24T12:55:12Z,82689KnIcbNAgyTA3V,005lJuJ789IRmEmQF4
00qSZkaFPEh0VTSY6C,Executive Sponsor,Edit,2021-01-02T20:20:41Z,006XbSVM6Qu5YBiQFJ,005btAWhiiwsSYtA2R
00q3osB86HAmHGXAX0,Executive Sponsor,Edit,2024-08-10T11:04:29Z,006kf2nLFdad71sAIO,0058ltZKG17vpJbQJK
00qT7xvPHqqJ0ADQEV,Sales Engineer,Edit,2025-08-10T22:35:04Z,511NIp2TtJoPLjwY55,005lhMYUKPuvXDoIO8
00qmkm28QXfM9WCANI,Specialist,Read,2024-05-14T05:53:22Z,011B9Ic67Froq40Y1H,005s4Xb2ZkbCAMvQEZ
00qRhKEPOvGhPV1QN8,Executive Sponsor,Read,2025-09-29T07:15:26Z,006vG1ZO5JrIFxYAHH,005W8vdEbVdzOCdA62
00qlU4LOTdVmrpWIE0,Specialist,Edit,2024-03-18T06:42:53Z,0060AhykALw8QCnQ2A,005gMY3fFnSvHOzQLX
00qkaEvFdBCDY8WQF0,Specialist,Read,2022-05-14T08:21:38Z,006I9L295zXfyQJIBG,005TU4vqRu98dHsY03
00qPUXE846mobArQD6,Specialist,Read,2022-09-09T08:40:39Z,006SZIt0xL80Y7MAPK,005dY26xUNDmki4A5N
00qk9Q5kC5MTwgjATK,Account Executive,Edit,2023-11-01T03:12:19Z,006EDgmq5nsA2r7A84,005hvPRYHDjoBLOQ3X
00qpVGXmtO7QwZ4Q5T,Specialist,Edit,2026-03-30T03:06:43Z,006GwwCwriCRa0eQH8,005s4Xb2ZkbCAMvQEZ
00qULF0fX6uJw5fYTI,Account Executive,Read,2025-01-03T05:58:48Z,006qj9ExS5EJYy0AVS,005dY26xUNDmki4A5N
00qGCP0G3F2JoZFI1X,Sales Engineer,Read,2026-01-20T20:18:15Z,82iMTq96WLaRD1zAEY,005G7PmEiXypty3IQL
00qe4BCHL68B27iIQB,Sales Engineer,Read,2021-06-27T02:56:19Z,000pvDVfdIPtBmlASO,005lkwCvvs1NKzQIH0
00q1P7plh5lVwe2QCV,Sales Engineer,Read,2023-01-24T02:42:23Z,01t3Nq3JHhA4xigQ1N,005TU4vqRu98dHsY03
00qNuHMTSVzCIlnYX6,Executive Sponsor,Read,2026-04-17T20:00:39Z,82tNIDzfrf5G07qIST,005RHpTOWiLP3HTIID
00qT4QIp5pJQJsFI94,Specialist,Edit,2026-05-08T07:12:42Z,006t3RhL6YOQkosAYF,005W8vdEbVdzOCdA62
00qqVlsTFbkaGaxQ7P,Executive Sponsor,Read,2025-06-29T20:14:22Z,72iyqvttgO7N6EyABY,005XE0YLnoIgg8hAV9
00q8LHUwuZ5VuxFAVK,Specialist,Edit,2021-03-23T12:03:16Z,710O2UeQUVFxpr8ICS,005yrzZ2QLuB1ZZYH4
00qsnVhfl9b2XaEQKZ,Executive Sponsor,Read,2025-06-22T05:33:56Z,01t3Nq3JHhA4xigQ1N,005hfmtBm0piYtTY6K
00qK6E4JlN8Gb6zIS1,Account Executive,Edit,2024-02-27T05:43:24Z,006b5HcI332GhHZI2T,005s4Xb2ZkbCAMvQEZ
00qrUkUkeWjQWrqYT7,Specialist,Read,2025-12-12T00:37:27Z,821HVM9sxaI7UFEQ2J,0056Go3C6Dl0bjnQEY
00q4jdKKoEpf3zmI8Y,Account Executive,Read,2025-12-25T01:06:02Z,800vHqrvzyIHBSzYPY,005VOHFbnLYK0gIIP7
00qW7iQdNLapPZ4QX9,Account Executive,Edit,2022-12-02T15:55:15Z,006IRDHZKx9cElBAN3,005VOHFbnLYK0gIIP7
00q7v3fljKev2JcIPJ,Sales Engineer,Edit,2021-07-22T06:25:49Z,71iZ1906woYvO5yY9W,005gMY3fFnSvHOzQLX
00qLkUMbgV4KXeMA2M,Account Executive,Read,2025-02-06T00:43:47Z,006hEzKERT2fiQWAH9,005qptAZodwwrZzYUF
00qCQvaK16jVdjPA5H,Sales Engineer,Read,2025-07-04T16:55:21Z,006uyPvdHXhpZOyQTO,005yqybzTtVK8u6IOR
00qB2gu4bDAT4M6QUQ,Executive Sponsor,Edit,2021-06-26T21:58:09Z,006zOXPozGWvIdBYAC,005gMY3fFnSvHOzQLX
00q0kLnDvTnVWOoA7S,Specialist,Edit,2023-11-29T16:04:38Z,006kvwdfIVI9fRdA9N,005mKVeNm7pzbbYYYT
00qpYIMqnQLTGZUAVL,Account Executive,Read,2023-05-10T14:47:39Z,006Hek2NzkQMIgOYM0,005YbujEVi8pPHuINT
00qkTKpSMsuHDiNYRM,Specialist,Read,2022-06-06T11:16:56Z,010EQOFvjlpqXRWYF9,0059cNiXLcpBkagI2J
00qR7o5KrHn6sztQ82,Account Executive,Edit,2023-09-08T01:20:09Z,026rEFr5eyVWlSZY8X,0056Go3C6Dl0bjnQEY
00q83EBF2J7ZmNxQIN,Executive Sponsor,Read,2022-02-07T03:22:04Z,711igRXfJ6BhQOgAQ0,0051j8xdsf40yysQI6
00qLpa3Ic1xr5CkA8M,Sales Engineer,Edit,2022-10-15T02:33:10Z,02iyHkDSFwt3CjhYF8,005XE0YLnoIgg8hAV9
00qOeGZRxjfmU4bAIB,Specialist,Edit,2024-03-02T08:23:35Z,006UcoJCSG8nRUVASE,0056BILiQX0m1w8QY3
00qWz2W01RPO4krYNW,Executive Sponsor,Read,2025-06-26T00:31:05Z,006heAy12n5PZdLIRF,0057ufaHufy75ktAX1
00qp5WjL4f3mwDEY0M,Sales Engineer,Edit,2025-11-27T07:50:37Z,520XJrk2Cut9UV0QB6,0056BILiQX0m1w8QY3
00qo7h6u52dN1DsY07,Account Executive,Read,2025-08-31T03:42:34Z,0068LCGroma0otVQCZ,005qptAZodwwrZzYUF
00qVqR2pokkY4DiY1A,Executive Sponsor,Read,2025-06-27T19:38:25Z,72iluT5eN6NWsjpI9J,0051j8xdsf40yysQI6
00qzBXi8zgatboTI4X,Executive Sponsor,Read,2023-09-22T12:34:02Z,816hccitKK8hPHgQE6,005nzeP1FFxSfMhQ5C
00qnHBZxBxmEzj0ABM,Sales Engineer,Edit,2025-10-09T12:09:10Z,72tcxdVCdzng8jjIGV,005nzeP1FFxSfMhQ5C
00qVcmBTTqZ2auRIVB,Specialist,Edit,2021-03-11T08:08:43Z,0061Ue1XaQ1ptTZIHJ,005qOi29J2o9pHYYCI
00q5oSJdSw7e0zyQHD,Executive Sponsor,Edit,2025-05-26T09:26:23Z,006jmtEA69nNprTQUT,005pAoa72XGI02qYGZ
00qmeTSqsVvT12pAJE,Account Executive,Read,2021-09-25T01:39:20Z,5011NNINPu91uTFIKD,005VOHFbnLYK0gIIP7
00qgGggZ5vQSNesQKD,Account Executive,Edit,2025-08-08T14:09:09Z,006QHb4hjrlFHNuI4C,005hvPRYHDjoBLOQ3X
00qmj7Q2ta5L560A3M,Specialist,Edit,2023-05-21T19:43:15Z,7111gr5Czm59s4qQRS,005NvlW1Gc9rLAVAYL
00qNKbMXYAHEMbUI6H,Specialist,Edit,2022-07-14T00:53:38Z,7101dUkY1U35qLtQLO,005Vo9gpxbtHjOOIMV
00qaB2UJdX1zy5uY05,Account Executive,Read,2025-12-19T05:35:59Z,006i40zeIfRSBOZYW8,005ifKSPcGiOhecIJG
00q6noSloDt2aWRQQI,Sales Engineer,Edit,2024-08-18T22:55:53Z,7112i1Hr50yHeraQMN,005dxKTxH6gxu99IEO
00qv8DtvmkwMZLlAXH,Specialist,Edit,2022-02-15T04:34:49Z,70t9ioE68Kz1UWuIGI,005btAWhiiwsSYtA2R
00q02XXRLJaPgtvQHP,Account Executive,Read,2021-11-02T07:59:56Z,006TZoK03XTSLqlQNH,005yqybzTtVK8u6IOR
00qDQ48dMEHshBWINB,Specialist,Edit,2022-04-26T10:48:05Z,0061qThIuslKrF7IVW,005RHpTOWiLP3HTIID
00q9ier3ZW2NzWsI4O,Executive Sponsor,Read,2021-11-13T04:25:45Z,0061nKAThPxXHB6Q7G,005RHpTOWiLP3HTIID
00queJKlw1Sk9yvIWV,Specialist,Read,2021-01-04T08:07:42Z,006cKDAmVaeja9FQ08,005si8rNhwYkQikIOL
00qYsssDOdl6eduYZX,Sales Engineer,Edit,2026-05-17T11:04:17Z,006f78C28OIfLG7Q38,005xEqNFzxKXya6IGV
00q2LxLdOVCukMaYGU,Executive Sponsor,Edit,2024-10-14T15:47:05Z,006pTiIGvFfuc6nIM4,005XE0YLnoIgg8hAV9
00qSiNRm6jFrJQOQN2,Account Executive,Edit,2024-04-19T17:20:46Z,006lUFzRC8ojheSYE5,005XE0YLnoIgg8hAV9
00qZjvi1Lf0rL85IVT,Specialist,Read,2024-11-02T19:13:14Z,006wYYi8zWX9AwWQDM,005G7PmEiXypty3IQL
00q2J6DYv9Q3sjCAOW,Sales Engineer,Read,2024-10-26T09:55:15Z,006IsR4se1fnguyI74,005NradmkgHLf0bIJ5
00q30HEU2VAHXwzIR9,Specialist,Edit,2022-01-21T15:27:15Z,82i7bmCXUJrqN62YKI,005pAoa72XGI02qYGZ
00qYaWtsHvMHgGdQQH,Account Executive,Edit,2022-09-13T04:14:27Z,721nsMnwjgQDZK1A3R,005Nr8mKUnQ3oinATY
00qzgxnD7mw4aIjQ1P,Account Executive,Edit,2023-08-12T21:38:08Z,821L2kXekYpaJdVIFT,005hp0uS7WWG0emI9I
00qXho1cOub2d47YDY,Specialist,Edit,2024-10-01T12:57:30Z,0102fLtQLEL1WDgAOG,005lGkJeYS6wczpY2Q
00qtts6tzpYJH7jAP6,Executive Sponsor,Edit,2024-04-27T16:08:45Z,800b4hPm6qk3M2KARE,005sAEUaULAzZRzQYB
00quLJpdc99Vk9cQDW,Executive Sponsor,Read,2022-05-21T08:14:54Z,800b4hPm6qk3M2KARE,005oCyN03vzPYXsQE2
00qKffuvADBOKEgYED,Executive Sponsor,Read,2024-07-06T10:12:50Z,5261xjDdX1QGkqmIQC,005qOi29J2o9pHYYCI
00qZnkbHNVEn1jaYJC,Account Executive,Read,2026-03-24T21:22:42Z,010zVx6chGDncbSYXH,005lGkJeYS6wczpY2Q
00qrJz8BVq19K7mYBP,Sales Engineer,Read,2026-06-03T12:20:16Z,521FiKnX1ihmKBmIQQ,005mKVeNm7pzbbYYYT
00qd3W1N5TF1meoQEB,Specialist,Edit,2025-04-07T10:06:34Z,0064cui7UE1lTH6YBI,005krCc5IJC2wfdQ2P
00qpq99Qt7Q17unYJI,Account Executive,Edit,2024-09-14T07:42:46Z,0061pygj9yKmEGZI4D,0051j8xdsf40yysQI6
00qe48bheiEuEJkI2Y,Executive Sponsor,Read,2025-04-16T23:55:01Z,0260N5i4vuk6s1OQ49,005ztlrbFPcuOLhY8F
00qYarZ6QFWYamwIHM,Account Executive,Edit,2024-06-06T15:40:39Z,511VHg0pbxkr9bRQ1X,005NradmkgHLf0bIJ5
00qQEmtvcVgZbbKAS2,Executive Sponsor,Read,2021-11-17T15:23:22Z,816hccitKK8hPHgQE6,005ztlrbFPcuOLhY8F
00q5PiH0oHgucqRQUG,Executive Sponsor,Read,2022-09-06T03:01:29Z,71t28amFa9oDUl7Q32,005hp0uS7WWG0emI9I
00qrGOyRqCJ8oB3QE0,Specialist,Read,2025-07-25T11:23:13Z,71tHROrc8FGINvpYXY,005s4Xb2ZkbCAMvQEZ
00qSIS6Jvf4o8QKAX2,Account Executive,Edit,2021-06-29T03:01:52Z,0069FS87P3TelIHY31,005YLX0oRwAflvAQZO
00qSBNmglkx5UEGI65,Executive Sponsor,Read,2023-09-07T02:50:23Z,0161X3H4nd77ebTQHG,005qptAZodwwrZzYUF
00q32l2LzKC4YXEI6U,Sales Engineer,Edit,2026-01-13T03:50:29Z,511LnspktJO7jRfYPJ,005lGkJeYS6wczpY2Q
00q5OqyosVOAzpPAPO,Specialist,Edit,2023-01-10T14:02:04Z,006kAGeAabJUDUDIQL,005RHpTOWiLP3HTIID
00qhDYNvS9XN60lICY,Account Executive,Read,2023-05-29T04:29:14Z,01i0VEuLsNMmv1bI17,005IKQxHrnOfGBxYIU
00q9i5nTA9NBOkdITY,Sales Engineer,Read,2024-08-06T19:42:52Z,71tHROrc8FGINvpYXY,005wmbTnVpYGoJ1AGI
00q7JSPcQuEeYtzY3U,Sales Engineer,Edit,2021-12-24T13:21:17Z,706mPS2KercmP4aQW9,0056Go3C6Dl0bjnQEY
00qcutb61b3pmuCI9D,Account Executive,Read,2021-06-14T21:38:19Z,006j7zGZCNsBw5SAG7,005krCc5IJC2wfdQ2P
00qVSmCd0rauODAAXT,Specialist,Read,2025-06-20T13:13:16Z,026afXqJsqApMTbYMJ,005TU4vqRu98dHsY03
00qCybHSkej06D2YYW,Sales Engineer,Edit,2023-03-27T19:11:33Z,006jmtEA69nNprTQUT,005yrzZ2QLuB1ZZYH4
00qXNmSskN8XjN6AKD,Account Executive,Read,2025-10-18T14:55:37Z,006FAqMhkGUPiYaY9D,005sAEUaULAzZRzQYB
00q4fpoaju4kzowA9M,Account Executive,Read,2025-04-01T13:32:36Z,016Q4IB4dgbFOTrAV7,005xwhqeeWgm4agYMN
00qbuVMGkuHAyStA4O,Specialist,Edit,2021-04-01T03:19:59Z,021E6l7PS6CcI0YY4H,005oCyN03vzPYXsQE2
00qgYGfixTeIQzDAUA,Executive Sponsor,Edit,2022-02-23T02:50:39Z,006sfIuTzJMiMVdAK8,005dY26xUNDmki4A5N
00qFWZVHBeoXNJPYG1,Executive Sponsor,Read,2025-03-14T00:59:51Z,52tXAevScYksrsQQ5B,0057ufaHufy75ktAX1
00qIZkNJSNqcKd3A9B,Specialist,Read,2022-03-17T21:22:11Z,511wLKR6pa9CynzQH6,005BLrN0FAgafzHY2K
00qwKU7OTlW9srRI8G,Executive Sponsor,Edit,2024-11-20T12:33:46Z,010lqfRSNaweQEsI1C,005NradmkgHLf0bIJ5
00qNLiD5rOpOnI0I95,Executive Sponsor,Edit,2022-11-11T08:30:37Z,006ohHAdK4zP49EA8O,005Nr8mKUnQ3oinATY
00qr7likYHvaoe2I6M,Executive Sponsor,Read,2022-06-18T04:19:09Z,50iEs2J2gfUFvVYY9V,005W8vdEbVdzOCdA62
00qheyfifZJiViUA1V,Sales Engineer,Read,2022-04-21T06:39:55Z,006aL3iOS5IjChvQNY,0058ltZKG17vpJbQJK
00qRUDtdVN530tHAWA,Executive Sponsor,Read,2025-03-03T13:21:50Z,011v5nK9d2yAXLYIET,0055EGfQDBgoAh8IFH
00q30CMa2AolUiLI3F,Account Executive,Edit,2026-01-14T17:43:15Z,820vqYOyZYDm1OzQZ2,005dY26xUNDmki4A5N
00q7LvyQhXob9DVA12,Executive Sponsor,Read,2022-08-04T16:56:38Z,52tJCz8frqchjyuY71,005krCc5IJC2wfdQ2P
00qu9pZQ87D2kP5AEB,Sales Engineer,Read,2024-05-30T09:07:57Z,006zOXPozGWvIdBYAC,005lJuJ789IRmEmQF4
00qj1xippjR2wsQIDJ,Sales Engineer,Edit,2023-11-02T12:33:28Z,006lolrGmYQAjeDAYZ,005hvPRYHDjoBLOQ3X
00qVtLgLbRnZR9WIUS,Executive Sponsor,Edit,2025-02-23T04:08:20Z,510pZvpQ5rEerZiQIL,005hTpAX3O60UK0AAJ
00qADmJ5sVAjv7RY90,Executive Sponsor,Read,2023-03-01T06:17:01Z,800b4hPm6qk3M2KARE,005qOi29J2o9pHYYCI
00qNqVb0QiOD1NHAMC,Account Executive,Edit,2021-03-10T11:10:33Z,720Uzbvln6QAcFJYPD,005krCc5IJC2wfdQ2P
00qtHYjQFE4yatpY1I,Executive Sponsor,Edit,2025-04-26T00:06:38Z,006DWcdP5R43VoTQK6,005Nr8mKUnQ3oinATY
00q1WJpX9xUeRGjAFD,Executive Sponsor,Edit,2022-06-02T08:57:09Z,816OkDXbVyllg8hYUU,0059cNiXLcpBkagI2J
00qR32kBwapfX14ALW,Specialist,Read,2024-09-13T23:55:52Z,72tXex0Rj4Ka2g5APC,005BLrN0FAgafzHY2K
00qvKXP18HmdpFCQZY,Account Executive,Edit,2022-09-17T00:08:51Z,52tPmQukA58S2sxYT9,0056Go3C6Dl0bjnQEY
00qazWwi7gpCENrIY5,Account Executive,Edit,2024-02-17T01:55:49Z,006pJUzbZ2p7iaMA19,005G7PmEiXypty3IQL
00qbxiHUPmDiuDdQ1F,Executive Sponsor,Read,2025-12-20T08:20:55Z,006t3RhL6YOQkosAYF,005hfmtBm0piYtTY6K
00qPBRUczzWB3INITA,Account Executive,Read,2025-09-06T11:21:03Z,01i9H3v1jwLj12rYWG,005hfmtBm0piYtTY6K
00qpox5Gu6lsOhGYVU,Sales Engineer,Edit,2023-10-06T19:34:08Z,806zC066SkHg9tdYET,005hfmtBm0piYtTY6K
00qMnXCpyvVQJKPY4U,Sales Engineer,Read,2022-02-28T06:54:11Z,01tlu1AkkC5qbbuYPR,005oCyN03vzPYXsQE2
00qerQ5pk4KN7P4AR3,Account Executive,Edit,2023-05-31T09:44:09Z,006CxP9McwtRCBxIQH,005ztlrbFPcuOLhY8F
00qYyp7JILtG9LRQJK,Account Executive,Read,2025-11-04T17:17:00Z,810m3Fxlapz7LJhI0X,005oCyN03vzPYXsQE2
00qjHhL7fIdCs9NQB2,Executive Sponsor,Edit,2021-07-31T15:10:40Z,510IQPDyR2DAOuCIPM,005lkwCvvs1NKzQIH0
00qg1wofiK9vfSVIWU,Sales Engineer,Read,2023-06-03T07:10:34Z,5004SDmkvBBCJoKIVT,005LSah1u1GnYGbYOG
00qeL8D29lFLfSzQ25,Specialist,Edit,2025-01-24T07:31:50Z,800b4hPm6qk3M2KARE,005hTpAX3O60UK0AAJ
00qMk4CzPbiOVcFQ9U,Specialist,Read,2021-05-04T17:59:57Z,826PiSLvhWW4Zp5I0S,005xwhqeeWgm4agYMN
00qag4yTlfmLa2uQWA,Sales Engineer,Read,2026-06-10T11:53:18Z,006aXqvn24iiZUPQ5W,0056BILiQX0m1w8QY3
00qS6ifk3L97AtqQL3,Executive Sponsor,Read,2021-04-26T19:36:12Z,02tVu2sNbF2JB0fYO1,005dxKTxH6gxu99IEO
00q4SlWRjyvYuGXQ88,Sales Engineer,Edit,2026-01-07T07:34:06Z,02iFWsl2GCWGxyJQOV,0058ltZKG17vpJbQJK
00qtvNGZMXduYUvIRN,Specialist,Edit,2021-07-26T03:48:22Z,711XnpU5BC0GELIQ7O,0058ltZKG17vpJbQJK
00qrkJi7MYskD1hACU,Account Executive,Read,2021-03-15T06:24:37Z,01i9H3v1jwLj12rYWG,005yrzZ2QLuB1ZZYH4
00qFdVcifaGlXRTIGI,Specialist,Read,2021-09-19T22:30:11Z,00iSq8SPerfTgkuQ4M,0056BILiQX0m1w8QY3
00qm3Vw9JhskXarAI7,Account Executive,Read,2024-04-05T11:00:05Z,01t3uWsUwc7lErWQGB,005sAEUaULAzZRzQYB
00qwJYPOuee5mcLIWQ,Sales Engineer,Edit,2025-02-03T17:48:35Z,800b4hPm6qk3M2KARE,005uepIIzxcmHrDI1O
00qiXmqfUBRrViGYD7,Account Executive,Read,2023-03-27T23:36:26Z,006MMRYM6xOguWEQLD,0056BILiQX0m1w8QY3
00qCPAJmTZKJrYBAX4,Account Executive,Edit,2021-11-28T15:06:37Z,006shRlqZmnnyfUYE0,0055EGfQDBgoAh8IFH
00quQMa9E1QWpwxY8D,Sales Engineer,Edit,2023-11-03T20:21:28Z,01t3uWsUwc7lErWQGB,005uepIIzxcmHrDI1O
00qQS8SZRC9AM3oYE5,Account Executive,Read,2023-08-24T21:29:04Z,506XjHG2raFLQItI0E,005NvlW1Gc9rLAVAYL
00qUPQQclnXHNFPIBY,Specialist,Edit,2023-08-24T14:36:27Z,816jvzLq14lW3XrIBO,005lJuJ789IRmEmQF4
00qoclcGwt45iXeAWW,Specialist,Read,2023-11-09T04:40:01Z,00tuIMF7s5oEPalQX0,005BLrN0FAgafzHY2K
00qfWVz3lxTIBKzYVG,Account Executive,Edit,2022-01-16T14:46:05Z,006fZQxsorL6CzhIVL,005dY26xUNDmki4A5N
00qnMYVj9Bi6eGYAUC,Sales Engineer,Read,2021-08-27T20:47:31Z,006QHb4hjrlFHNuI4C,005lhMYUKPuvXDoIO8
00q5ytBeIYoWHRvYK0,Executive Sponsor,Edit,2023-03-13T00:05:23Z,006PpywtLUcBv3OAD9,005Vo9gpxbtHjOOIMV
00qKpNZFPptsKeVQ9K,Account Executive,Read,2024-03-01T04:05:00Z,006Cit730YdKuQBYML,005oCyN03vzPYXsQE2
00qQ75QvRfMsGRNQNC,Account Executive,Edit,2025-07-12T11:47:49Z,810m3Fxlapz7LJhI0X,005lkwCvvs1NKzQIH0
00qoHC3ytrqGWL8QFR,Specialist,Edit,2022-06-10T18:41:36Z,020Gm4fyvFYFOodYIU,005oCyN03vzPYXsQE2
00qwusKtuopv5kaAA5,Executive Sponsor,Edit,2024-09-03T20:22:20Z,810WEutgN41JOtwIBR,005xk2KsXa5Ub6fA8M
00qsnFqwR421NVkAUZ,Executive Sponsor,Edit,2023-04-24T15:31:07Z,006lBYVFDwbaYhqI0M,005si8rNhwYkQikIOL
00qiPVRe5AG47KHQDI,Executive Sponsor,Read,2024-01-19T02:48:44Z,006sWP46Zv43vDZYLD,005hTpAX3O60UK0AAJ
00q4Elsh2wpMW8KIBS,Sales Engineer,Read,2025-06-25T01:08:33Z,006xchVFex2M36BY56,005dY26xUNDmki4A5N
00qD8Kz4ZNmgrlzQMM,Executive Sponsor,Edit,2023-07-30T18:41:26Z,80tJLbrdX7xrvrIIWM,005hvPRYHDjoBLOQ3X
00q76wf2APamPVNI8C,Account Executive,Edit,2025-02-18T08:22:05Z,500J4QZrywq4trOABB,0059cNiXLcpBkagI2J
00qBM0r1mkRclPQA42,Account Executive,Edit,2025-10-27T08:34:36Z,006gQCGCiLbdaimACJ,005wmbTnVpYGoJ1AGI
00qh46Yzz4Md8fHIUY,Executive Sponsor,Read,2026-05-06T14:22:10Z,006CHsqxiqjM02AIKO,005NradmkgHLf0bIJ5
00q3uToUBVyjj6jI7A,Sales Engineer,Edit,2021-05-22T07:57:06Z,006v4NgLKt1LzlOAPT,005NvlW1Gc9rLAVAYL
00q3rLMDXi8GAdAYRG,Specialist,Read,2024-02-29T14:24:40Z,800b4hPm6qk3M2KARE,005lGkJeYS6wczpY2Q
00qlwX8txdVOG3sILD,Sales Engineer,Read,2024-06-04T13:43:04Z,7266OMC0nv5jUJ0IZL,005nzeP1FFxSfMhQ5C
00qV9kCwk5i2KAsAW9,Executive Sponsor,Edit,2021-08-09T09:39:57Z,5218LcM3skmx3BSQLQ,005xk2KsXa5Ub6fA8M
00qI9OYbX3cowvlQ0C,Sales Engineer,Read,2023-02-08T14:11:24Z,82idEJODYkTMfvdAZ5,005YbujEVi8pPHuINT
00q2t1U8Tq0BbOqQYB,Account Executive,Edit,2022-01-22T01:20:05Z,706URexXAhKOqeCQCV,005xk2KsXa5Ub6fA8M
00qm1mwwWbA7UyzYVA,Sales Engineer,Edit,2021-02-05T05:51:13Z,00iIXtwNrf2ood7QEH,005RHpTOWiLP3HTIID
00qt3sKvRRdmTnnQG7,Sales Engineer,Read,2024-06-09T23:14:53Z,826GsbDvVkiJJzTQA4,005xk2KsXa5Ub6fA8M
00qMe3RZz29snaTAHV,Account Executive,Edit,2022-02-17T13:30:20Z,80iif3zS8vL3LMDA9N,005oCyN03vzPYXsQE2
00qNZ2o7TaVNokXIE6,Specialist,Read,2023-04-16T22:03:14Z,50695DFUmYVrjrtYWX,005RHpTOWiLP3HTIID
00qD9Di7UJlKBOSA0J,Executive Sponsor,Edit,2024-12-20T00:02:12Z,80idHfxld1aKE4xQ8M,005sAEUaULAzZRzQYB
00qME3sgeRJSZtlQFB,Account Executive,Read,2025-10-10T18:10:44Z,006FAqMhkGUPiYaY9D,005W8vdEbVdzOCdA62
00qGNxmLhJxuMkfAV2,Account Executive,Read,2023-05-31T14:21:23Z,80iqmPYFt3m6LFIYUR,005qOi29J2o9pHYYCI
00qswpcJMcp1eYOIQF,Account Executive,Edit,2023-09-26T18:26:33Z,7114KCSJqEfdNPZIN6,0057jDImegCGqG7YZ2
00qk0itvGsUuZC7IO8,Account Executive,Edit,2025-07-28T03:04:40Z,800b4hPm6qk3M2KARE,0056Go3C6Dl0bjnQEY
00qDzjYoQAZQhgBIGW,Sales Engineer,Read,2023-11-15T08:51:48Z,01tD1mF9ntG1JYcYGZ,005yrzZ2QLuB1ZZYH4
00qEZEP4tEz5xXlY50,Specialist,Read,2024-12-28T11:19:29Z,006gN2cRh82e4A9IAZ,005Nr8mKUnQ3oinATY
00qwIPLjKPFd2W6I0A,Specialist,Edit,2021-05-10T12:27:55Z,71tmh8IYtV6KefrAW8,005BLrN0FAgafzHY2K
00qAGfUfpjW1zW2YQ5,Sales Engineer,Read,2026-05-23T16:30:38Z,52ii6xLGKZevuFNI40,005xEqNFzxKXya6IGV
00qG4rNRu2KEwopY5O,Sales Engineer,Read,2023-09-18T20:13:06Z,006GeC2qtMs0yY3YZO,0055EGfQDBgoAh8IFH
00qqbNBHzlsXuNXI4T,Account Executive,Read,2024-07-19T11:36:27Z,01te3zIh35yJ4wEASP,0057ufaHufy75ktAX1
00q40ruDRDVf4QwYT4,Executive Sponsor,Read,2025-09-25T02:34:14Z,706mPS2KercmP4aQW9,005qptAZodwwrZzYUF
00qLV4lZqVZjUrBALE,Account Executive,Edit,2021-04-14T21:03:35Z,016Q4IB4dgbFOTrAV7,005wmbTnVpYGoJ1AGI
00qO2vjeHbyHb6RI9B,Executive Sponsor,Read,2021-12-24T21:51:25Z,81t04RUKzfxWYDPA3Z,0056BILiQX0m1w8QY3
00qpiOpFelNgzE8IYY,Sales Engineer,Read,2022-04-15T18:14:19Z,006PcUQhx8X9vEHY3A,005hfmtBm0piYtTY6K
00qD9aSIdrLA2AIYHZ,Executive Sponsor,Read,2025-12-19T15:57:09Z,526tiVAAPhLu2fXQKK,005dxKTxH6gxu99IEO
00qNEprJ0GlOltsY81,Executive Sponsor,Read,2022-01-30T11:42:24Z,510u5Zwc07XQ5giQ7I,0056Go3C6Dl0bjnQEY
00qzCRNFYzGXWLqYNB,Executive Sponsor,Edit,2026-01-02T05:27:48Z,006Hkov20o4x3rpQGG,0059cNiXLcpBkagI2J
00qOAd41jOXmVomYH2,Account Executive,Edit,2021-06-02T16:56:20Z,521ZomOuXMlyxiZY73,005dY26xUNDmki4A5N
00qgUXnWrOMQ7msYNM,Sales Engineer,Read,2022-09-28T20:05:02Z,720Uzbvln6QAcFJYPD,005hfmtBm0piYtTY6K
00qk7QhX7qjtaC7QVT,Specialist,Edit,2026-04-27T12:13:00Z,506KFidge6NFupaQIL,005dxKTxH6gxu99IEO
00qMlqd0EFztntjAVI,Sales Engineer,Read,2022-11-01T14:06:20Z,006b2uTzEH4AvHaYQB,005pAoa72XGI02qYGZ
00qP5Qi41nvxHYdAWZ,Account Executive,Edit,2025-12-02T21:24:35Z,006TFOyaj6QflaUA0Q,005mKVeNm7pzbbYYYT
00qM3QDCpngm5fCAW5,Specialist,Edit,2021-12-15T00:47:32Z,006nhw8UIvDED2WYPB,0056kxsLcWcZ0y6Y1M
00qmDjoKAR7RwYAIT1,Account Executive,Read,2024-01-18T16:54:46Z,726XozNERgAAZDlIZ8,005krCc5IJC2wfdQ2P
00qlZGG5sTTCUyMYB2,Specialist,Read,2024-01-06T18:05:41Z,006XYNbHvhDXydkYO1,005xEqNFzxKXya6IGV
00qz6Rr4ERY1LBUALT,Executive Sponsor,Edit,2024-08-31T18:22:02Z,0061pygj9yKmEGZI4D,005yrzZ2QLuB1ZZYH4
00qs3QEaBAPm6eVA1A,Specialist,Read,2024-01-27T09:24:59Z,720e1Bad6wwg7UDYVL,005G7PmEiXypty3IQL
00q2UJ0uYLignIGIWQ,Sales Engineer,Edit,2022-09-13T06:09:30Z,016C2EooReZg2WZYG1,005NradmkgHLf0bIJ5
00qGYeqoYJ9JbeAI05,Account Executive,Read,2026-06-03T23:38:30Z,006cokd0oy31bp9YH0,005ztlrbFPcuOLhY8F
00qaFRIm8sDSg77QV1,Specialist,Edit,2023-01-04T15:30:38Z,81iem8YBW2vBl6sYXX,005NradmkgHLf0bIJ5
00q25LKmpN8g8TJQAR,Sales Engineer,Edit,2021-10-19T07:23:07Z,006KHnkfpxHJjhvA9C,005nzeP1FFxSfMhQ5C
00quI3dYUoGYZJIAGF,Executive Sponsor,Edit,2022-02-22T17:08:09Z,810Np4XhG7rD2G2QBP,005qOi29J2o9pHYYCI
00q5DaZ3IktJB3SI44,Sales Engineer,Edit,2026-03-14T05:50:30Z,006jLFnU9ey4iUXI3U,005mKVeNm7pzbbYYYT
00qkG4WpUXY50A8YZS,Specialist,Edit,2025-04-07T03:02:16Z,020CZweFplpAgAGALQ,005yrzZ2QLuB1ZZYH4
00qJ7ZagQBgWQZKQTS,Account Executive,Edit,2021-11-29T07:57:44Z,70iWEYFezjbj27aIL5,005btAWhiiwsSYtA2R
00q4dCDWvGsSQrBI13,Account Executive,Edit,2024-06-02T11:07:28Z,006S4eaNJURyQpNY57,005NvlW1Gc9rLAVAYL
00qXJkKNSziN3JHQG9,Account Executive,Read,2024-03-03T14:24:25Z,80608LfI6eoL1PiYOU,0055EGfQDBgoAh8IFH
00qEC2GAWDsiQlgQFT,Account Executive,Edit,2024-01-28T22:08:58Z,52tXl8ylcDz2RlRQ2J,005oCyN03vzPYXsQE2
00quoJHsmXhoyTSY6F,Account Executive,Edit,2024-03-10T00:04:13Z,011B9Ic67Froq40Y1H,0056Go3C6Dl0bjnQEY
00qOudVVAtTvd6BASN,Specialist,Read,2022-02-21T20:01:36Z,006G8Xh0CODOy41Q3W,0058ltZKG17vpJbQJK
00qQZisGSSBsKUqI97,Specialist,Edit,2021-11-27T06:00:10Z,006a6Br7MTUA28eIPE,005pAoa72XGI02qYGZ
00q5Dj2JUkTP9VBQNE,Executive Sponsor,Edit,2022-05-07T16:07:44Z,5061EOOkyR9jRgBIJ8,005YbujEVi8pPHuINT
00qH7wssm68iBp7QSN,Specialist,Edit,2022-09-15T08:22:59Z,006ccAkWsnFcxaCAY0,005YbujEVi8pPHuINT
00qIfTA8z3UEEMdIWL,Sales Engineer,Edit,2021-07-10T21:41:32Z,001dY5a5BYEJgVKQN0,005xEqNFzxKXya6IGV
00q8vZPxRrZWCYgIXE,Account Executive,Edit,2021-03-30T00:00:59Z,006nhw8UIvDED2WYPB,005lJuJ789IRmEmQF4
00qE4maYP7tyNP6QQF,Sales Engineer,Read,2024-08-04T10:02:15Z,006pCWNQf7rGJ3NYY8,005pAoa72XGI02qYGZ
00qMSPt5JG45ebqQMK,Specialist,Read,2021-11-21T08:26:08Z,0064Fs0btYLsyeaI7G,005lkwCvvs1NKzQIH0
00qQRwQZYHM4L8nA8N,Account Executive,Read,2023-08-04T18:29:55Z,006yjjkxIJr8JLMA8T,005lhMYUKPuvXDoIO8
00qznnpGSkRm83uATH,Executive Sponsor,Read,2026-05-25T08:11:55Z,0067BUNTMJSrk2II80,005LSah1u1GnYGbYOG
00qy7fagPiTmHdwQ6R,Account Executive,Edit,2023-03-31T23:02:31Z,800b4hPm6qk3M2KARE,005TU4vqRu98dHsY03
00qhitOhoHWntAzIH6,Executive Sponsor,Read,2025-10-20T11:42:02Z,0065QN8cBBDCpQCYJW,005XE0YLnoIgg8hAV9
00qZH1RX74MpZsRQ24,Account Executive,Read,2026-06-24T03:27:08Z,00iqIKwdqI55cMpA5R,005hfmtBm0piYtTY6K
00qlYbWOs5deL39QQP,Sales Engineer,Edit,2025-01-02T12:04:55Z,81tjXCdSMOR3xvtA79,005lkwCvvs1NKzQIH0
00qfWkISkIzsjOjAH6,Account Executive,Edit,2021-01-12T02:06:35Z,800b4hPm6qk3M2KARE,0059cNiXLcpBkagI2J
00qDWFaloQPS5PsQTH,Sales Engineer,Edit,2025-10-06T08:49:55Z,006mAqCQLvoO5idYZI,005RHpTOWiLP3HTIID
00qM4NJXefnd9q6YJP,Executive Sponsor,Read,2024-03-15T20:17:48Z,006WbpAq9qY2un1YSC,005hvPRYHDjoBLOQ3X
00q9UNgCkqPBpZRI4F,Sales Engineer,Read,2022-12-14T00:23:04Z,01ihdqt5T7XgHBuABO,005si8rNhwYkQikIOL
00q0Xs7QezwiH52IOW,Account Executive,Edit,2025-06-13T21:20:53Z,006UjOrr7j0yErBITV,005YbujEVi8pPHuINT
00q2qBp4O0wUSsMA3Z,Executive Sponsor,Edit,2024-06-17T17:35:42Z,02tVz3Af1pPpQWJIAJ,005yrzZ2QLuB1ZZYH4
00qbm7rzKbkltv0ACU,Sales Engineer,Edit,2021-06-23T22:12:09Z,006iaDkq3CC7VlJI4X,0056kxsLcWcZ0y6Y1M
00qV5ZkflJqyiegINI,Sales Engineer,Read,2024-01-26T22:22:53Z,82tMiSqxHwS9URJYUW,005s4Xb2ZkbCAMvQEZ
00qAUv5AsAScoC7A0K,Specialist,Edit,2022-07-18T05:39:37Z,006xJ6XiObowSlWQBY,005krCc5IJC2wfdQ2P
00qeayJJ2LBhMCWABB,Specialist,Edit,2024-10-26T22:03:46Z,521FiKnX1ihmKBmIQQ,005uepIIzxcmHrDI1O
00qQbLfXkPZJr7JI1X,Executive Sponsor,Edit,2025-05-17T17:24:32Z,006f78C28OIfLG7Q38,005qOi29J2o9pHYYCI
00qhLMIBQ0bfjL2I3Y,Specialist,Read,2024-02-09T10:26:49Z,006ANGcv4DBMLRtI6M,005XE0YLnoIgg8hAV9
00qbAAE2jWU0w6xYYX,Specialist,Read,2022-11-21T03:34:41Z,011rT8TLmm58O2vILC,005IKQxHrnOfGBxYIU
00q5SbkFAKe0HTEQKG,Account Executive,Edit,2022-09-14T20:24:52Z,51tfA8ZEmE4BtVvAE8,005gMY3fFnSvHOzQLX
00qTrOEiBHInmU7QJU,Account Executive,Edit,2026-01-17T13:34:01Z,8061Ihx6uLTSTMtIRE,0056Go3C6Dl0bjnQEY
00qb7xa5dscgZawI4A,Specialist,Read,2024-11-19T12:02:39Z,021eKdhMYbzXcloIFK,005btAWhiiwsSYtA2R
00qZaZrwAbOXjOrASC,Executive Sponsor,Read,2021-11-23T01:30:07Z,011rT8TLmm58O2vILC,005uepIIzxcmHrDI1O
00qJInjXEHRG7FlQ8Y,Sales Engineer,Read,2026-03-13T02:55:52Z,720yXQtdc9XGf19IEM,005xEqNFzxKXya6IGV
00qcOQ9r09JCAPtIKH,Sales Engineer,Read,2025-12-02T23:36:58Z,00672IAiff7MHPZYC1,005yqybzTtVK8u6IOR
00qE13eFKue83HmQK9,Executive Sponsor,Edit,2023-05-03T03:36:17Z,700RYj9OJ0tobSgYEL,005hp0uS7WWG0emI9I
00qZLGeUA9C9E9qQQI,Executive Sponsor,Edit,2024-01-17T15:20:15Z,006vpE0ihQzQVVuQPF,005yrzZ2QLuB1ZZYH4
00qI4vpvMkrMD4zI51,Executive Sponsor,Edit,2022-05-01T15:23:13Z,0064GRvbDOzL1bSAZ9,005qOi29J2o9pHYYCI
00qv2Myoak276qDAX7,Specialist,Read,2022-04-19T04:15:44Z,5014PiktqOBH7FYYQX,005G7PmEiXypty3IQL
00quKPtyF5VISCqYYF,Specialist,Read,2024-06-04T19:13:03Z,006dY4sNsWid2GRAPM,005oCyN03vzPYXsQE2
00qUVf65XFoyMMJIS9,Sales Engineer,Read,2023-08-03T09:06:52Z,006jUzASlsTXfepI65,005ifKSPcGiOhecIJG
00qWYJyBg68C0MMYZN,Specialist,Edit,2024-08-01T16:29:56Z,80iqmPYFt3m6LFIYUR,005NvlW1Gc9rLAVAYL
00q5sGqEvSnLqx5Y2C,Specialist,Read,2025-07-23T10:51:18Z,006K45NvXKh9aHIYHT,005dY26xUNDmki4A5N
00q2DNfpoZIPiGnIBZ,Account Executive,Edit,2023-12-24T21:58:44Z,020fW53Isoqztc4QVF,005lJuJ789IRmEmQF4
00qO5YzNVfz8mzmIL8,Sales Engineer,Edit,2023-07-20T20:41:11Z,006erXqFwh1NIFiQ26,005sAEUaULAzZRzQYB
00qBykFYzerJ5xcQB4,Specialist,Edit,2022-05-07T21:33:11Z,006qsnXQBpn0hBhYLB,005G7PmEiXypty3IQL
00qDVsaAD7XzhgeIQB,Executive Sponsor,Read,2023-12-01T01:53:49Z,011HMYcl7buHdcYITP,005hp0uS7WWG0emI9I
00qoEIYBMIJYLSSYCQ,Account Executive,Edit,2026-06-02T16:50:05Z,0061NMs5MRG7sHyINX,005IKQxHrnOfGBxYIU
00qWXbNUSu7J5aDQ9J,Account Executive,Edit,2021-01-24T09:12:39Z,006wQ7Ukj2LoQvbAU2,005xwhqeeWgm4agYMN
00qRcOtxirXAZsBI4A,Executive Sponsor,Edit,2024-10-26T23:42:06Z,5067hMRFfzYtPfUQ1H,005NradmkgHLf0bIJ5
00qTODCqhiUd81TYC5,Specialist,Edit,2022-08-13T12:32:44Z,80txT1CJqp3g7p2A0R,005hp0uS7WWG0emI9I
00qd3K7vn54oEVmAGZ,Sales Engineer,Read,2024-10-30T21:49:04Z,006WAXAIbChcpk5AOP,005NvlW1Gc9rLAVAYL
00qvrXjpmgYxmsNQZM,Executive Sponsor,Edit,2021-06-09T03:19:29Z,006vIpHM2n19iepAAQ,005hp0uS7WWG0emI9I
00qARU7u3xaG3zgQ0F,Specialist,Read,2021-04-21T20:31:48Z,006gFU6rJSegMz4QTC,005krCc5IJC2wfdQ2P
00qqVEwgXDMzTH1IBE,Sales Engineer,Edit,2024-01-06T13:32:41Z,726itersoyHJxBSACS,005xk2KsXa5Ub6fA8M
00qWMtZA4QDg5DSQ7I,Executive Sponsor,Edit,2025-11-11T16:18:07Z,006Jx6kXJ3DTO86YO8,0056kxsLcWcZ0y6Y1M
00qiLaXLx3YJ3iuQW8,Account Executive,Read,2023-05-04T12:43:53Z,02txIRzPecvW8WyY13,0051j8xdsf40yysQI6
00qR0pIDBldaNnzYK7,Sales Engineer,Edit,2022-06-02T17:40:02Z,006jTbz26awzCq6QQS,005Nr8mKUnQ3oinATY
00qQ2QtpdSVH1QGA0J,Specialist,Edit,2025-11-23T20:24:27Z,006M94a2REWmCy0I1A,005lhMYUKPuvXDoIO8
00qoNsCiIjRBxx1QP0,Specialist,Read,2024-11-14T16:02:08Z,006ovbeKWlewgCsQHL,005sAEUaULAzZRzQYB
00qbaIivPztk6BJYZY,Sales Engineer,Edit,2024-04-19T00:17:55Z,006ITobJW1wzwlKAY8,005hTpAX3O60UK0AAJ
00qe7vJLgi9PZn0YHY,Sales Engineer,Edit,2021-07-04T19:05:40Z,006pJXsG6hijxZrIT8,0058ltZKG17vpJbQJK
00qLToQP3c1zCHKQ8Y,Sales Engineer,Read,2024-09-25T04:49:43Z,006jLFnU9ey4iUXI3U,005gMY3fFnSvHOzQLX
00q1bzzzGmW7xW1ATM,Account Executive,Read,2025-12-22T22:27:06Z,006ovbeKWlewgCsQHL,0057ufaHufy75ktAX1
00qRBXMRMOAgRoJIC4,Executive Sponsor,Read,2023-12-19T21:14:21Z,00txYFedtVRgVWeY2M,005RHpTOWiLP3HTIID
00qmFKF8WKhGObWAAU,Executive Sponsor,Read,2022-04-30T18:55:30Z,006S3g4gCkOZWiLAUR,005gMY3fFnSvHOzQLX
00qbOjdZNzdGfbxIP4,Account Executive,Edit,2024-01-01T16:59:12Z,010zVx6chGDncbSYXH,005dY26xUNDmki4A5N
00qjkJ5IYTDmfQrYUE,Account Executive,Edit,2021-07-27T16:41:45Z,006Eh6sjBrU6EvBYMR,005lGkJeYS6wczpY2Q
00qY2tHKrtoVBDZA1K,Specialist,Edit,2021-05-20T23:41:50Z,006Be7z49mqtSRmIKJ,005si8rNhwYkQikIOL
00qC11L3qPKNNqrQTL,Sales Engineer,Edit,2021-05-16T04:19:20Z,006JBCuzYapF5eRQOG,005btAWhiiwsSYtA2R
00qv5jh6R4UGSDCYZW,Sales Engineer,Edit,2025-06-06T05:04:04Z,006QS2qALHX7QOkYC7,005nzeP1FFxSfMhQ5C
00qihr8Sve8GAyZQO8,Executive Sponsor,Edit,2025-10-16T17:20:49Z,006xYftB5canLbLQ58,005si8rNhwYkQikIOL
00qVueGIWd8sEd0A3D,Sales Engineer,Read,2023-07-26T01:41:04Z,520n6Vnw0BPEewZQVV,0056BILiQX0m1w8QY3
00qZchEBG1iNqMRI16,Executive Sponsor,Edit,2023-10-02T22:15:01Z,006OEaPoijxgVI3QDV,005sAEUaULAzZRzQYB
00qVJ24BJosqPXQIUE,Sales Engineer,Read,2023-01-25T15:19:49Z,006Ar9yFc3ERTHjYP3,005ifKSPcGiOhecIJG
00qC3s8mv0j8F4MY2F,Executive Sponsor,Read,2024-04-14T17:41:53Z,00iqFhLrcm84fnfY73,005gMY3fFnSvHOzQLX
00qOtNPvZOBJnNkYWQ,Account Executive,Read,2021-11-30T18:37:13Z,006icyd7oXmbnsJQ85,005uepIIzxcmHrDI1O
00qo7Mqk2rQXpIZA6Z,Executive Sponsor,Edit,2022-03-05T11:55:34Z,006i4xVpYvfU5aYY8O,005lkwCvvs1NKzQIH0
00qS8eOj9d5PnxMYXD,Specialist,Edit,2024-10-06T22:47:53Z,821Oa65M3Z3hR4DQ9X,005dxKTxH6gxu99IEO
00qy0PPdQN6tTXDAUL,Account Executive,Read,2021-12-15T13:56:04Z,006WLgG15MIpjcUI3B,005XE0YLnoIgg8hAV9
00qfPOuvSBRiwTRI8W,Executive Sponsor,Edit,2026-01-21T09:39:25Z,00txYFedtVRgVWeY2M,0055EGfQDBgoAh8IFH
00qe51h75HmUMWfIQX,Sales Engineer,Read,2023-12-25T17:59:45Z,81tjXCdSMOR3xvtA79,005mKVeNm7pzbbYYYT
00qKZ4sqpXWeE1QQK5,Account Executive,Read,2023-11-17T11:06:03Z,7109fVIumfYROxoYBY,0059cNiXLcpBkagI2J
00qrz7e7uPjqVrpQEK,Sales Engineer,Read,2023-08-11T08:42:56Z,006ImCBjL3nyFswYR6,005IKQxHrnOfGBxYIU
00qW5sk0yZsZSUOYBV,Account Executive,Edit,2026-04-15T06:27:02Z,806oZbrY2Wwhpt1IBF,0055EGfQDBgoAh8IFH
00qsY8duJkljEIHYIG,Account Executive,Read,2024-04-25T01:10:42Z,006RKsWbGnLeT0ZAGB,005BLrN0FAgafzHY2K
00qQdfuZ0ceASEJA5D,Executive Sponsor,Read,2026-03-21T18:47:07Z,8104BWEK6Vg8jxoQ0U,005W8vdEbVdzOCdA62
00qhWWjNo5vZl7AAWE,Account Executive,Read,2025-08-26T02:59:21Z,006QfDfXqSEXxGIQT3,005BLrN0FAgafzHY2K
00qGXLeAU1qlLVQYGR,Specialist,Edit,2024-07-15T23:13:01Z,006csttRXTGIeDMA2L,005Nr8mKUnQ3oinATY
00qjKd780wObpVyQQU,Executive Sponsor,Edit,2024-04-27T19:23:03Z,006GLbxrwfSO2q1QTV,005xk2KsXa5Ub6fA8M
00qeOZQHppbohzbYW0,Specialist,Edit,2025-11-28T03:59:30Z,001oUkNbbCllH3CABZ,005mKVeNm7pzbbYYYT
00qGcxA1uOzQ7StAF5,Sales Engineer,Edit,2025-12-02T10:07:54Z,006JwrGXNqeDpekA2Y,005yqybzTtVK8u6IOR
00qnx3cjI0xTrEtIMV,Specialist,Read,2024-04-18T04:40:00Z,006uOtoSKqGQMgYYMN,005YLX0oRwAflvAQZO
00qnyS8FmM3NDnxYTX,Specialist,Read,2022-09-24T12:13:01Z,51t70vLfkJeg9kRIV6,0056Go3C6Dl0bjnQEY
00q8ZiCdtDe6OSuI7A,Account Executive,Edit,2023-09-12T21:35:55Z,50icrSiQzUGLCMkIXR,005nzeP1FFxSfMhQ5C
00qEzveu8s4oeSnY2A,Executive Sponsor,Edit,2021-11-26T10:10:19Z,81t16BtiGlvXBS6YOP,005wmbTnVpYGoJ1AGI
00qtUq5LQDDQraeQG4,Account Executive,Read,2025-01-06T00:17:30Z,006hEzKERT2fiQWAH9,005RHpTOWiLP3HTIID
00qNKoceRS2oEfXQEG,Account Executive,Edit,2024-01-03T20:17:18Z,0202YwTxfMWSyIKITV,005uepIIzxcmHrDI1O
00qzfAtQIb0BL90QAX,Executive Sponsor,Edit,2023-05-09T03:24:10Z,706ILyC8RoCvI4iAL6,005TU4vqRu98dHsY03
00qPOhJaZbKaX5XQST,Sales Engineer,Read,2021-01-11T08:54:05Z,810r9c2qkQvUR64IFG,005dxKTxH6gxu99IEO
00qPavpMgoJDaoRYIZ,Sales Engineer,Read,2022-09-11T02:36:26Z,5014PiktqOBH7FYYQX,005BLrN0FAgafzHY2K
00q09YoSubcLpEQYQK,Executive Sponsor,Read,2024-07-05T17:26:21Z,726U8oNm8SnQFZ6IES,005YbujEVi8pPHuINT
00qYzhsfByhI0plIYW,Specialist,Read,2022-01-28T14:57:02Z,006RiaoIeqRgc7vAIO,005xEqNFzxKXya6IGV
00qYYGyJCtH8FmMA7T,Sales Engineer,Edit,2025-01-22T00:53:51Z,006XOXtUBR5z1QYYWS,005pAoa72XGI02qYGZ
00qgRcfqMTA31u7YVV,Specialist,Edit,2022-09-23T02:31:34Z,00iWWIiZJvnLomcIG5,005hp0uS7WWG0emI9I
00qipF133rKgar8QUZ,Sales Engineer,Read,2025-02-18T09:21:00Z,006VrmPXxpzFyZbI41,005ifKSPcGiOhecIJG
00qQUd0DbSYF7teAT4,Executive Sponsor,Edit,2022-02-06T11:50:42Z,006qYgHdEjOWzxkY14,005Vo9gpxbtHjOOIMV
00qCYIZ0CQ9gtSfQY7,Sales Engineer,Read,2022-12-16T11:19:59Z,011Y8cRXbmQoZrAA1Z,005sAEUaULAzZRzQYB
00qu4c02rq3HjVAYSX,Sales Engineer,Edit,2025-07-28T08:40:33Z,806MNuDPlV5veZFQWY,005mKVeNm7pzbbYYYT
00qV7VKti5LgWryQ95,Executive Sponsor,Edit,2021-01-04T06:15:55Z,521frQ5k77mkPylINK,0058ltZKG17vpJbQJK
00qMSqhGKrKq2BoQA8,Specialist,Edit,2025-07-05T03:56:54Z,510sLRGTwjg2UWuQRF,005mKVeNm7pzbbYYYT
00qGWHgrmHvKA6pAJF,Executive Sponsor,Edit,2021-09-08T22:15:16Z,72tVidhjyDNNhDkQR5,005qptAZodwwrZzYUF
00qe5vqoIEKQKMaIML,Specialist,Edit,2022-08-07T14:45:44Z,006X6zSnvlT5HHnAH1,005RuPGFXVl50YyAI2
00qVnnvCsRioBJpQJU,Account Executive,Edit,2021-08-20T15:03:23Z,70tPURsGhA2EuSIQ4H,005qptAZodwwrZzYUF
00qLfau1ZOWcHQqAUS,Specialist,Edit,2022-07-14T13:32:10Z,006PcUQhx8X9vEHY3A,005nzeP1FFxSfMhQ5C
00qmHEV3bKXUNPiAWN,Account Executive,Edit,2026-02-15T07:20:56Z,006g2tV35CFtIljI1T,005yrzZ2QLuB1ZZYH4
00qMHfNVKGYJSw5IZJ,Account Executive,Read,2023-03-13T02:38:36Z,721GTQKklxSg6U2AAT,005VOHFbnLYK0gIIP7
00qECERl0VPKQDiQRV,Executive Sponsor,Read,2024-10-21T20:53:46Z,81tjXCdSMOR3xvtA79,005uepIIzxcmHrDI1O
00q8eKWLvyzTiDeI2G,Sales Engineer,Edit,2021-06-23T04:45:48Z,71t28amFa9oDUl7Q32,0056BILiQX0m1w8QY3
00qsSGDg8WRQMapYTD,Sales Engineer,Edit,2021-03-23T10:44:19Z,82iOhvqkdKvlv9JY22,005xwhqeeWgm4agYMN
00qHnvms6tKE2gLIZ7,Executive Sponsor,Read,2021-01-31T08:34:01Z,70ijdaOO2MtXavKYPA,005TU4vqRu98dHsY03
00qB9QhAha8vA08AZS,Account Executive,Edit,2025-08-31T22:37:23Z,006Cit730YdKuQBYML,005wmbTnVpYGoJ1AGI
00qOwbbmK9vAL0sAFX,Specialist,Edit,2022-09-03T02:01:35Z,7100lBvWE3n9gKlQP5,005s4Xb2ZkbCAMvQEZ
00qQnSpibhhOTfZA8H,Specialist,Edit,2023-05-20T16:13:09Z,006nEs62kO0ZXqjYFL,005lkwCvvs1NKzQIH0
00qSY6Am4WybKouANL,Sales Engineer,Read,2024-12-24T07:02:11Z,0062QxpaaZxZ9lmY5A,005yrzZ2QLuB1ZZYH4
00qa6YVDtHUqljpQHB,Executive Sponsor,Edit,2023-05-20T20:18:44Z,006y2sZomStbAjEI3Q,005dY26xUNDmki4A5N
00qp8eZiIEXO7xIYEJ,Sales Engineer,Read,2023-10-17T12:05:01Z,50tf4CWYq6976H4IP3,005XE0YLnoIgg8hAV9
00qEUjcMEBgJ0QBQ30,Sales Engineer,Read,2025-06-12T17:44:59Z,52tF2Dlx5paG5c8Y5C,005yqybzTtVK8u6IOR
00qw9yWywBm6pFzAJO,Executive Sponsor,Read,2024-12-08T20:29:38Z,01t12GHQVKMd3OWIQ5,005lGkJeYS6wczpY2Q
00qTHZsHXnb74RNI7R,Sales Engineer,Edit,2023-12-29T18:21:50Z,52tBxvqCScFZeiWA23,005xk2KsXa5Ub6fA8M
00qqG6MsHSIfuMZAXA,Specialist,Edit,2022-05-30T13:08:40Z,700Uv4OBKSrHegvA8L,005krCc5IJC2wfdQ2P
00qxO2i68D9ZfpNA1G,Specialist,Read,2022-02-28T13:30:13Z,01t6KOBy3HBszRYIB8,005dY26xUNDmki4A5N
00qMDQgMoRIH4psQ8C,Sales Engineer,Read,2024-05-16T00:14:13Z,80iq1Bh2MseHsg3YUS,005xEqNFzxKXya6IGV
00qIMAihoSS4rGcQT1,Executive Sponsor,Read,2024-11-25T11:28:27Z,52iIvIepjT8Ijm2QIX,0057ufaHufy75ktAX1
00qEm4fx3wpvwlOIT9,Sales Engineer,Read,2025-08-13T06:04:11Z,7100lBvWE3n9gKlQP5,005hTpAX3O60UK0AAJ
00qbjBRIdNr8HzGY9P,Executive Sponsor,Edit,2021-07-19T11:01:55Z,52iJ6P9RGzERsxwADO,005pAoa72XGI02qYGZ
00qlCFpTraCB2gRAPK,Specialist,Read,2021-11-24T22:31:58Z,006nxgHSQTd46Z3ICQ,005qptAZodwwrZzYUF
00qkiIZfaPN88z0YZV,Account Executive,Edit,2021-07-09T21:05:56Z,02tVBbUlSe9jR1yAQL,005Vo9gpxbtHjOOIMV
00q8SDpTTzChQBzACK,Account Executive,Edit,2023-04-09T00:08:15Z,006yjjkxIJr8JLMA8T,0059cNiXLcpBkagI2J
00qbpvnvwDLwgnHA8G,Specialist,Edit,2022-06-25T03:43:30Z,006XyK3Usoqe1pXQ0H,005LSah1u1GnYGbYOG
00qwL782oGQJAJmAZR,Account Executive,Read,2025-08-17T04:38:13Z,006gB9wvQnV0b9WIDU,005NradmkgHLf0bIJ5
00q27fr2WEfAlbJQE0,Account Executive,Read,2026-06-26T19:28:48Z,801vGMBCN6szOwbYXA,005dxKTxH6gxu99IEO
00qkJIYYG16GbJSIID,Specialist,Edit,2025-01-03T20:53:18Z,006BOsi2F2nXNcVIMM,005G7PmEiXypty3IQL
00qyUZRKDZBsFQoQPI,Executive Sponsor,Read,2021-03-08T04:15:21Z,006hof4HCVUVLzkYA3,005dxKTxH6gxu99IEO
00qCUWM6ctlCmVfAZE,Specialist,Edit,2024-01-15T22:41:07Z,00682pc98Lt7LCdAVA,005lJuJ789IRmEmQF4
00qEYAvX1y3VEtSA25,Account Executive,Edit,2025-12-10T23:24:12Z,006jUzASlsTXfepI65,005ztlrbFPcuOLhY8F
00qJOIeadieXGITAEM,Executive Sponsor,Read,2023-04-24T04:18:43Z,006nkFuAiubILPBQD0,005btAWhiiwsSYtA2R
00q9xfIxuTYS6LYI0A,Sales Engineer,Read,2026-06-26T17:55:30Z,006zQjIW1wpr9UTY6I,005wmbTnVpYGoJ1AGI
00q4TQ48zfD1vtFAOF,Sales Engineer,Edit,2022-02-02T16:02:17Z,526hrbbbEp7wldeA1B,005hvPRYHDjoBLOQ3X
00qt29GvLgg6EOoI24,Sales Engineer,Edit,2022-03-29T04:09:34Z,0068CmpmhHtxNAzYJM,005pAoa72XGI02qYGZ
00qFfRGUopo54gFICZ,Specialist,Read,2024-05-01T09:02:55Z,006y6TIUeR343JzI41,005TU4vqRu98dHsY03
00qzsCnzGvOn4j3AIH,Sales Engineer,Read,2021-03-13T14:36:57Z,81tHjA0goD8mPAOI4W,005gMY3fFnSvHOzQLX
00qcuLJV6mz6xkwYVU,Sales Engineer,Edit,2025-02-08T19:29:34Z,001Ou3cLagv7VIiQYI,0051j8xdsf40yysQI6
00qQFGaGxSWwToEYZP,Account Executive,Edit,2026-05-11T19:24:20Z,510VO5MURhSxzZ6AYH,005NvlW1Gc9rLAVAYL
00qfoKtwa1ymA0AAKB,Account Executive,Read,2023-05-19T17:08:04Z,81iQSitxDjFggR0IUS,005ztlrbFPcuOLhY8F
00qx6YUnH6a3g5oYEN,Sales Engineer,Read,2023-06-01T01:01:24Z,006Y9nOjEpG1UpFYNC,005RHpTOWiLP3HTIID
00qDSbHzsgEzbCpQW1,Executive Sponsor,Edit,2023-04-27T09:02:28Z,826Zu6vzs07Yg80AR2,005XE0YLnoIgg8hAV9
00qgKgxeWQVaQ9LIQR,Specialist,Read,2022-06-03T09:14:35Z,006yBJFsYTWJ5NEAQX,005pFLSqKe2EKv0Q0O
00qF0nY5qocyEYxAH2,Account Executive,Read,2025-04-29T10:52:25Z,706yIwidypSznxrQ80,005mKVeNm7pzbbYYYT
00qeoQc0BoE9AxCAP7,Sales Engineer,Read,2025-06-07T01:21:28Z,52tF2Dlx5paG5c8Y5C,005pAoa72XGI02qYGZ
00qWuDbbXRDm4iAYVC,Executive Sponsor,Edit,2026-02-20T04:56:21Z,8109Mf3g1wQLaZVIXY,005IKQxHrnOfGBxYIU
00qym68AChZMzQaQRN,Specialist,Edit,2026-03-08T08:24:36Z,006G8Xh0CODOy41Q3W,005yqybzTtVK8u6IOR
00qMre5W2JxQmNOQ35,Sales Engineer,Read,2024-08-15T09:04:43Z,006Hh9cMgbG5BskAGG,005btAWhiiwsSYtA2R
00qyHIGBE4BxIMZI9I,Account Executive,Edit,2025-12-30T08:50:09Z,01tQM5PnFWcp4iOYNC,005TU4vqRu98dHsY03
00q3w2R2ZYdhrnrILP,Sales Engineer,Edit,2025-07-28T04:10:18Z,800rZ13dombV64vARO,005btAWhiiwsSYtA2R
00qALXXPt9iB14dITB,Sales Engineer,Read,2025-12-11T19:46:03Z,500gXsW3KnVriomAIG,005BLrN0FAgafzHY2K
00qdc0mr8AyQvTGAUT,Account Executive,Edit,2024-04-23T22:32:41Z,006EtRoI6GdsomhQGU,005Nr8mKUnQ3oinATY
00qUn0HaPjLNahNICZ,Sales Engineer,Read,2021-04-26T11:41:30Z,700nLoPgUoyjcN7Y8D,005W8vdEbVdzOCdA62
00qRXTjq7URezr4IC2,Sales Engineer,Edit,2022-04-23T01:22:33Z,0069XmIipc9u2YrIUP,0057jDImegCGqG7YZ2
00qHpydWyTDRZ5xIRY,Specialist,Read,2025-06-05T03:18:16Z,800b4hPm6qk3M2KARE,005xk2KsXa5Ub6fA8M
00q4ANzd4TNA4zDIWY,Sales Engineer,Edit,2025-09-11T15:38:25Z,006fLXXRmFzm5m5QSV,0055EGfQDBgoAh8IFH
00qzAXgGxSiAypTILK,Sales Engineer,Read,2021-08-12T15:37:33Z,70tTifvSS1FGMMJQ9A,0057pBBoeyfvmpBIQ5
00qVoCJwiVpfq2VIF6,Executive Sponsor,Edit,2026-05-15T23:55:13Z,816p3J8VmnEOsVcISX,005dY26xUNDmki4A5N
00qCCVPYq8kPDWLYEP,Executive Sponsor,Read,2024-10-18T00:27:39Z,50itVUNBfDJtJUBIBR,005G7PmEiXypty3IQL
00qR007AO1X3nE5IIW,Account Executive,Edit,2026-02-07T14:25:34Z,826krwx77MmAQbbQ3A,0059cNiXLcpBkagI2J
00qwGROvMa6mub6QZR,Specialist,Edit,2021-12-28T22:16:05Z,810i0zsC01BZNbxQ0V,005hfmtBm0piYtTY6K
00qC1VDsqMTq4R4I5Y,Account Executive,Edit,2024-02-11T21:17:21Z,510sLRGTwjg2UWuQRF,005hp0uS7WWG0emI9I
00quTIy8Lom9NxqQ2P,Executive Sponsor,Edit,2025-08-20T02:57:22Z,006e7avIrKKzHdeY3X,005dxKTxH6gxu99IEO
00qa45UDqmpuZWLA97,Account Executive,Read,2021-09-03T08:21:04Z,80tIcH6603TxTUmY63,005Nr8mKUnQ3oinATY
00qSdSR6pBXtTqJIZE,Executive Sponsor,Edit,2024-06-04T07:21:37Z,821RcMhHKoORhOlIOO,005qptAZodwwrZzYUF
00qgIlWYNMqIEahQQW,Sales Engineer,Read,2023-05-23T22:51:51Z,006cNnkix7us8rAIVI,005nzeP1FFxSfMhQ5C
00qlpAVbmwZiuv9I3J,Executive Sponsor,Edit,2024-05-04T00:16:32Z,006pFJpL7bJOER9YIK,005NradmkgHLf0bIJ5
00q3q8ZHFUDyjrEAKA,Sales Engineer,Read,2025-07-13T10:26:48Z,5061EOOkyR9jRgBIJ8,005NvlW1Gc9rLAVAYL
00qzPTVASzyX3vOQXF,Specialist,Read,2025-07-18T08:47:27Z,00toCCSiPvzOx02AL7,005hp0uS7WWG0emI9I
00qeMvNM8UNTZAIQ6T,Sales Engineer,Edit,2025-09-29T08:02:48Z,71iAW7GO0dwXsl4Q1S,005XE0YLnoIgg8hAV9
00qLx3lrIX7gVufAWG,Sales Engineer,Read,2024-08-26T09:16:17Z,516dKiq4krLu3B0YT2,005lGkJeYS6wczpY2Q
00qKwTa4ca5HZCIYKU,Account Executive,Read,2024-05-16T02:49:45Z,01tD1mF9ntG1JYcYGZ,005si8rNhwYkQikIOL
00qnnm8sxxAjvcnYUZ,Account Executive,Read,2025-05-29T16:28:57Z,0061SrMEnwCH7hEQ5W,005LSah1u1GnYGbYOG
00qzQsZeBuJh0MZQEG,Account Executive,Edit,2024-12-18T02:43:27Z,006GLbxrwfSO2q1QTV,0059cNiXLcpBkagI2J
00qv535Foxn8TISA4O,Account Executive,Read,2022-08-21T17:57:05Z,821PrCNGNjz4IXXAB7,005VOHFbnLYK0gIIP7
00qABNZkYlNLQqUYCU,Executive Sponsor,Read,2023-12-11T12:44:36Z,010lqfRSNaweQEsI1C,005hvPRYHDjoBLOQ3X
00qErtx7Zg3qx7XIMW,Sales Engineer,Edit,2025-04-19T00:26:39Z,52t7APNwtuwWW5fAQ6,005lkwCvvs1NKzQIH0
00qXJXZAsNtpAGZA5B,Account Executive,Read,2023-10-12T17:46:35Z,006rbw90vWBViXOAOH,005xwhqeeWgm4agYMN
00qbUhH1A7F1tU8IEI,Specialist,Read,2025-04-05T01:40:57Z,006uNNxsCDR2JbcI6P,005ztlrbFPcuOLhY8F
00qoLSnxIRP6uvAI0U,Sales Engineer,Read,2025-05-08T18:39:30Z,026rEFr5eyVWlSZY8X,005lkwCvvs1NKzQIH0
00qZIyxlrr5eSHvACK,Account Executive,Edit,2025-03-10T07:43:07Z,006dwjmrpJrTWoZQ2M,005yrzZ2QLuB1ZZYH4
00qewKyl1WlGs9XI4N,Executive Sponsor,Edit,2021-11-23T23:18:59Z,701gffawymfXeLpYMB,005lJuJ789IRmEmQF4
00qehIPJBWhLIhEI59,Executive Sponsor,Edit,2026-03-03T17:23:57Z,006HRhq0OwdVcBnQ27,005LSah1u1GnYGbYOG
00qsdiRobBBaoVYYZJ,Account Executive,Edit,2025-07-31T14:08:40Z,82itXwKAVNO8tSuYZE,0055EGfQDBgoAh8IFH
00qktvpDyWWHOcZAA3,Account Executive,Edit,2022-03-28T03:25:56Z,006DNVYpZAeKKNsIZ8,005btAWhiiwsSYtA2R
00qHHojME82BkLkAOD,Specialist,Edit,2024-11-15T02:40:41Z,006aA3yAV466PkYAKT,0056BILiQX0m1w8QY3
00qpRN0GAvqRGxeQAJ,Account Executive,Edit,2022-04-13T22:21:02Z,001pIL1pKCki17BQWN,0056BILiQX0m1w8QY3
00qwK1pU5f1NNhJAZC,Executive Sponsor,Edit,2024-12-12T10:25:05Z,801oHU9AvbVZ3maQ0U,0058ltZKG17vpJbQJK
00q4RszIv1C6qHXIHA,Sales Engineer,Read,2023-02-09T23:51:28Z,81ifOLG1ra92UnlQ70,0057ufaHufy75ktAX1
00q951GwMzuAQRfAF0,Specialist,Edit,2026-05-21T18:03:03Z,5004SDmkvBBCJoKIVT,005pAoa72XGI02qYGZ
00q07PhQRmzNe1VIH3,Sales Engineer,Edit,2024-01-06T07:32:40Z,71taZWt3ojFBqZHATH,005uepIIzxcmHrDI1O
00qItI5osoBNsqfALD,Executive Sponsor,Edit,2023-07-07T04:32:38Z,006Q7tlizjOAQTxA13,005G7PmEiXypty3IQL
00qm0x1mPlYfhvZY5Z,Account Executive,Read,2026-05-01T18:23:23Z,006mKMwUt7UnEV9YZQ,005uepIIzxcmHrDI1O
00qFHJXMRJgMhRJA2C,Executive Sponsor,Edit,2024-09-01T09:56:21Z,00648rOD1tDCPslQZY,005ztlrbFPcuOLhY8F
00qNXjJgujNXMU6A0C,Specialist,Edit,2024-01-13T09:30:20Z,80ipodFX8s3DDUoAAB,005RHpTOWiLP3HTIID
00qujyHDjHrz2zvQKJ,Sales Engineer,Edit,2025-04-20T23:17:10Z,00619ntde9Mf8BfQ4P,0056Go3C6Dl0bjnQEY
00qqE5WsjOBjsHlAJS,Executive Sponsor,Read,2021-10-30T11:09:39Z,500UJEy9vlaphnDYJN,005Vo9gpxbtHjOOIMV
00qi9JO1PKDVGnOAWN,Specialist,Edit,2022-12-01T15:50:02Z,006AjJkIcXHvgtSARC,005dY26xUNDmki4A5N
00qSIJhdabLB58eQLM,Specialist,Edit,2024-08-19T10:53:24Z,006jN2Dw7tUsqmqQBB,005xk2KsXa5Ub6fA8M
00qx9JApdifsYeCQ7K,Executive Sponsor,Edit,2021-05-07T08:35:17Z,0068fahOWMaB4opQX9,005btAWhiiwsSYtA2R
00qSC6JVq5ME4BQY2V,Account Executive,Read,2024-11-04T20:52:07Z,026O6gOrGPqb83jYQ6,005mKVeNm7pzbbYYYT
00qpLbq33e3eKTzIY5,Executive Sponsor,Read,2025-04-26T23:54:07Z,02inFI2zQXHfDeCQAL,005lkwCvvs1NKzQIH0
00q0HTetsAjh6f3YVK,Account Executive,Edit,2025-11-21T04:55:11Z,016646B4me1oKQSY7Y,005hTpAX3O60UK0AAJ
00qYBju2IFlEI7jQ11,Specialist,Edit,2023-01-23T12:29:34Z,00671SdVpjtpgDaQPP,0056BILiQX0m1w8QY3
00q8BYGLOX5h5EGA9Q,Account Executive,Edit,2021-03-02T19:21:27Z,71tmh8IYtV6KefrAW8,005ztlrbFPcuOLhY8F
00qxppP3mPkrZlwQVD,Executive Sponsor,Read,2024-12-16T03:59:31Z,521EDoVz30PXBNTALP,005BLrN0FAgafzHY2K
00qC5MJ12pQQvI8IF4,Specialist,Read,2021-04-15T01:59:46Z,006NeJlsYNuod3eAS2,005lhMYUKPuvXDoIO8
00qQnmIvBP55KrqQ7Z,Sales Engineer,Read,2022-09-19T21:35:12Z,700JRyKHqsq3xvxIRH,005Nr8mKUnQ3oinATY
00qKIdf8MTOILKvYX9,Executive Sponsor,Read,2022-11-24T23:09:44Z,716J4BS1pykr2rsQCF,0056kxsLcWcZ0y6Y1M
00qdptUrhOgE8EVQ6N,Specialist,Read,2024-05-01T13:28:26Z,006PpywtLUcBv3OAD9,005VOHFbnLYK0gIIP7
00qu3ZJxep0ixmGQCO,Account Executive,Read,2023-03-09T18:38:16Z,82t020hrM2d0NJQA3Q,005dY26xUNDmki4A5N
00q11aprR7DAeU7AB4,Specialist,Read,2024-06-15T04:10:31Z,700aFWZ3nbrzjg8YUW,0057ufaHufy75ktAX1
00qju2RTzOCLUBaQO5,Specialist,Read,2021-08-19T16:25:01Z,006lWIsCXMguRQfQMM,005yqybzTtVK8u6IOR
00qOHZt1lz6J7zJY8Y,Sales Engineer,Edit,2023-11-25T15:47:25Z,006gQcx3HZHS3GXQDZ,0057ufaHufy75ktAX1
00qlslq3JAlHgPQYTT,Sales Engineer,Read,2025-09-18T03:56:34Z,006wQoSVoPXEowHQLD,005sAEUaULAzZRzQYB
00q7enccaAoQvQ3ANC,Executive Sponsor,Read,2023-09-18T20:30:58Z,006UV9djzHiFM1mIEZ,005xEqNFzxKXya6IGV
00qi2faHAxGCH3AAS6,Executive Sponsor,Edit,2024-09-20T18:49:03Z,00tZLRdA6SIdImoI1T,0051j8xdsf40yysQI6
00q0ZQpqylbkKorQ7B,Executive Sponsor,Read,2024-03-26T13:57:28Z,716F22xLzwDVzuGA3J,005btAWhiiwsSYtA2R
00qjRCczFkkOxMyA2O,Executive Sponsor,Edit,2022-04-27T07:01:43Z,810bxkuzQPDh3uvAMF,005nzeP1FFxSfMhQ5C
00qgGHl9rofhtpsAEE,Specialist,Read,2023-07-20T18:15:26Z,82689KnIcbNAgyTA3V,005hp0uS7WWG0emI9I
00qGUoKmJQeLD5VIFS,Executive Sponsor,Edit,2025-10-15T10:14:29Z,81tHjA0goD8mPAOI4W,005qptAZodwwrZzYUF
00qvySgnajW3Y6MYPD,Executive Sponsor,Read,2025-05-30T00:24:54Z,72tGvZVTJcGCsPOQR7,005pFLSqKe2EKv0Q0O
00qLA3NHGUNZtXGA4U,Specialist,Edit,2021-06-14T07:00:19Z,701ZKEVK2K8qBjzA6V,005hvPRYHDjoBLOQ3X
00qazDtsHnLwhwpAG2,Specialist,Read,2021-10-29T12:22:01Z,721CmA86MnDG5WjQIG,005si8rNhwYkQikIOL
00qzHHPUyop7uOgQ73,Sales Engineer,Edit,2022-09-16T22:34:35Z,80tIwfuf51uL6FGQB6,005oCyN03vzPYXsQE2
00qekyYH7lVApwkQQC,Executive Sponsor,Read,2023-09-04T02:22:28Z,51t4ISe2oquT5onIYK,005ifKSPcGiOhecIJG
00qufjLRrkVmAKtI3E,Specialist,Edit,2025-11-20T06:06:00Z,710OWlhgQBz1dgiQSB,005RHpTOWiLP3HTIID
00q9XlCk3RT1gp0YK3,Account Executive,Read,2022-10-19T13:18:23Z,51t5F1zRx4iucS9YLI,005lGkJeYS6wczpY2Q
00qXEJW1oWWPdnOY4I,Executive Sponsor,Edit,2025-11-29T21:00:21Z,006Sio6cQBleCzfIPI,005VOHFbnLYK0gIIP7
00qBaq6pQB5w04CYK2,Specialist,Edit,2024-02-07T11:17:46Z,006Xr51ApbSx6A3ANN,005sAEUaULAzZRzQYB
00qgkch0cmyE50LYQD,Specialist,Read,2022-07-15T11:20:03Z,006MqvQY1t1liwuIRM,005hTpAX3O60UK0AAJ
00qAhECRNveP2dmQ1K,Executive Sponsor,Edit,2022-09-30T18:23:09Z,0061Ue1XaQ1ptTZIHJ,0057jDImegCGqG7YZ2
00qlXIvRlfQMD2EIAZ,Sales Engineer,Edit,2026-04-19T04:26:00Z,0062VPDsrhKxf5WI35,005s4Xb2ZkbCAMvQEZ
00qY5pkZiQnUMuAQVO,Executive Sponsor,Read,2024-01-13T00:36:41Z,006Cm8Rn4HErLBzA3Y,005lkwCvvs1NKzQIH0
00qbJK2DPFgqhyTAZ3,Account Executive,Read,2021-07-03T09:02:05Z,006ws5fxY6DVEQqYK8,005BLrN0FAgafzHY2K
00qARkFhiUvAmVOIQN,Sales Engineer,Edit,2023-12-21T19:45:58Z,006byrE50NITff0Q8R,005IKQxHrnOfGBxYIU
00qyioyq4OAiH9OYH6,Specialist,Read,2025-02-16T17:56:23Z,021E6l7PS6CcI0YY4H,005hp0uS7WWG0emI9I
00qQTYsr1ajtJjSAV3,Sales Engineer,Edit,2023-10-11T08:06:03Z,0068U4Bp9qWzFmGIW3,005LSah1u1GnYGbYOG
00qDrExsxEmLEiHQWL,Account Executive,Edit,2025-12-22T21:58:30Z,016sr1kcWt26zHYY92,005BLrN0FAgafzHY2K
00qAkdo3blYjfieI2P,Sales Engineer,Edit,2023-10-29T13:46:14Z,006WvaNtm68arnbYH6,005lhMYUKPuvXDoIO8
00qYvsHEwBh9imcYSN,Executive Sponsor,Edit,2025-01-02T19:08:04Z,701LeKI12QwaOr8IQU,005lJuJ789IRmEmQF4
00qiAh2Rg78qCp0Q6M,Executive Sponsor,Read,2025-04-03T02:15:05Z,811YmW81nAPrjTaIBR,005VOHFbnLYK0gIIP7
00q00htmU9NF2bLQ6T,Executive Sponsor,Edit,2023-07-23T07:46:44Z,820Jb4ogspC9zPxY2T,005LSah1u1GnYGbYOG
00qSMo2pODiyKs0IV4,Executive Sponsor,Edit,2025-05-25T20:07:56Z,006k9D7myVpRB2wYGP,005xEqNFzxKXya6IGV
00qj6NfWbqxo2vsANC,Account Executive,Read,2022-08-12T10:56:38Z,0060AhykALw8QCnQ2A,005mKVeNm7pzbbYYYT
00qDvf0MyXCHLlVI3T,Account Executive,Read,2025-10-15T14:43:31Z,010iCgrKVEMzbs7YKK,005TU4vqRu98dHsY03
00q2hg5Ey8m6tVPYNE,Account Executive,Read,2023-01-08T12:49:53Z,006256MqpWNIFykIC2,0056Go3C6Dl0bjnQEY
00q1PuYcXmQ0kZ6YN0,Executive Sponsor,Read,2024-01-24T12:50:40Z,510u5Zwc07XQ5giQ7I,005XE0YLnoIgg8hAV9
00qen59RX7aApTUA88,Sales Engineer,Read,2021-01-10T11:21:14Z,006qsnXQBpn0hBhYLB,005hTpAX3O60UK0AAJ
00qmpWXkcPwdB92AYS,Account Executive,Edit,2024-02-18T20:26:18Z,006Aur0tlVRnqgSQFM,005Nr8mKUnQ3oinATY
00q3Y6CzPuvt57DAIN,Sales Engineer,Edit,2024-12-21T17:52:16Z,006sfIuTzJMiMVdAK8,005yqybzTtVK8u6IOR
00qD6XPkIG4JgO6ANR,Sales Engineer,Edit,2023-12-26T21:32:54Z,800rZ13dombV64vARO,005xwhqeeWgm4agYMN
00qjr9HAREJwf6oYO1,Executive Sponsor,Edit,2024-07-17T15:17:58Z,006k9D7myVpRB2wYGP,005hTpAX3O60UK0AAJ
00q7CwWWgfidYYiAO3,Account Executive,Read,2026-05-15T13:35:30Z,006gAp3k0tp91QTQ8M,005yrzZ2QLuB1ZZYH4
00qV5lzYM9bBIOiYKW,Executive Sponsor,Edit,2022-02-28T01:33:40Z,701ZKEVK2K8qBjzA6V,005YLX0oRwAflvAQZO
00qmHQVRIq2IeJDAQ2,Account Executive,Read,2026-02-24T11:37:16Z,0200uJY3Tu7ygdyIMF,005uepIIzxcmHrDI1O
00qja6iRNrJpAJKYJ7,Specialist,Edit,2021-12-17T06:09:37Z,50tDQAjXay993aYQ07,005ifKSPcGiOhecIJG
00q5pT1RLhGnv4YYQV,Executive Sponsor,Read,2026-04-01T18:31:08Z,006iaDkq3CC7VlJI4X,005yqybzTtVK8u6IOR
00qzCsSx6OOdoRIIFG,Executive Sponsor,Read,2022-01-05T01:06:36Z,0064YSqu2p4Tof7Y6X,005Nr8mKUnQ3oinATY
00quXR77GlqdazCIPU,Sales Engineer,Read,2022-07-28T06:56:04Z,006I1lRPeWsjOysYN7,005W8vdEbVdzOCdA62
00qvDWfsYVTmtgbA90,Specialist,Read,2024-05-10T08:37:17Z,006DyTvQPKimCaHIY6,005YbujEVi8pPHuINT
00qypkPfxf4hgzYAFY,Sales Engineer,Read,2021-06-04T08:38:09Z,70iwkmQsAhcABLFQQN,005YLX0oRwAflvAQZO
00qv9AAn8kXWujEQ43,Executive Sponsor,Edit,2023-11-26T22:38:56Z,006ht8t2NwasA3vIGI,005sAEUaULAzZRzQYB
00qydhFrowLP04EIUR,Executive Sponsor,Read,2025-09-30T10:21:35Z,006ne2Lc3ezbmVgAEQ,005dY26xUNDmki4A5N
00qy9Aj2FAQABp3Q2R,Account Executive,Edit,2022-01-23T18:04:12Z,011uTS0O62cBIW1YEA,005W8vdEbVdzOCdA62
00qxUbRrdtFXQQbIY9,Sales Engineer,Read,2025-03-12T07:25:56Z,01665LIM3G7O2IEIRV,005RHpTOWiLP3HTIID
00qP5cP2A7nwXHoQQ8,Specialist,Edit,2022-01-31T11:28:31Z,00iQdjx4xLmOmbDYYY,0056Go3C6Dl0bjnQEY
00qC4chbHtEBXYbY45,Sales Engineer,Edit,2026-02-02T15:37:54Z,006pBR74v5gs1KhALD,0055EGfQDBgoAh8IFH
00qKVtBJn0EOBVUI1Z,Executive Sponsor,Read,2021-03-16T05:39:42Z,72icO5RiRBZflxQYYM,005XE0YLnoIgg8hAV9
00quwyjdVho8zysYWK,Sales Engineer,Edit,2022-04-07T05:12:46Z,006uNNxsCDR2JbcI6P,005LSah1u1GnYGbYOG
00qzyD1jp3jNimWYWQ,Sales Engineer,Read,2022-08-30T23:51:56Z,006hkYeQWT3Dvx0QD1,005LSah1u1GnYGbYOG
00qV3WfLua5UwxZY2U,Account Executive,Read,2023-01-07T14:59:55Z,006fPKoc4xFqcrcA4V,005XE0YLnoIgg8hAV9
00qtS9U9TZxeLNaQPF,Sales Engineer,Edit,2021-05-15T21:04:39Z,006gPmw4fi4K2HYI9X,005xEqNFzxKXya6IGV
00qv7BKoRQnHnPcYUY,Account Executive,Edit,2022-04-04T07:10:03Z,006Z7PthfrMPBYoIQF,0056Go3C6Dl0bjnQEY
00qy76mAf9w24fsIOG,Executive Sponsor,Read,2024-07-11T07:27:15Z,800b4hPm6qk3M2KARE,005ifKSPcGiOhecIJG
00qbeAqs3SjI03oQAK,Sales Engineer,Edit,2026-04-07T14:37:41Z,826PiSLvhWW4Zp5I0S,005lkwCvvs1NKzQIH0
00qdsSIZ6PFu0OmYJU,Specialist,Read,2021-04-18T21:44:24Z,8114TeEZP44D2r9AVD,005LSah1u1GnYGbYOG
00q322edLSidH8gQ76,Sales Engineer,Edit,2022-11-17T17:43:05Z,006Yul1mxRT24JRI5V,005ifKSPcGiOhecIJG
00qSNdiAuSZObU7IUO,Executive Sponsor,Edit,2022-04-26T22:33:51Z,006GeC2qtMs0yY3YZO,005btAWhiiwsSYtA2R
00qWeMWQvczXgjoAFU,Executive Sponsor,Edit,2025-10-16T17:09:48Z,006Aur0tlVRnqgSQFM,005s4Xb2ZkbCAMvQEZ
00qKXgreW4RLHtoYJZ,Specialist,Edit,2023-12-28T05:26:49Z,006TYKGV7Xfu4rjA9H,0056BILiQX0m1w8QY3
00qsKIUOi3fmEAcQ0D,Account Executive,Edit,2024-09-01T10:20:14Z,50ivdAUc1oe0Sg0QG1,0055EGfQDBgoAh8IFH
00qTNQV7ZY4O0bEYQE,Account Executive,Read,2024-11-09T01:45:25Z,026afXqJsqApMTbYMJ,005oCyN03vzPYXsQE2
00qMsj9fG8R3dTzIFR,Account Executive,Read,2022-11-10T14:14:19Z,006KY5EUmtFCLYFYIW,005YLX0oRwAflvAQZO
00qnoySS0cbiLD7QNO,Executive Sponsor,Edit,2025-03-31T11:54:45Z,006lZoIVAKFfXeOA5D,005sAEUaULAzZRzQYB
00qaLB3IzKAx6VYY8K,Specialist,Edit,2021-01-26T11:55:47Z,01t12GHQVKMd3OWIQ5,005LSah1u1GnYGbYOG
00qM9H5rm6XqqdsYRF,Executive Sponsor,Read,2024-06-18T18:50:13Z,016sr1kcWt26zHYY92,005XE0YLnoIgg8hAV9
00qYa1upLwIO28LAW1,Sales Engineer,Read,2024-07-07T13:25:29Z,5218kDGtvyPxwpRAE4,005NradmkgHLf0bIJ5
00q8HtsUvuauKY9QXN,Executive Sponsor,Read,2023-04-17T01:42:50Z,006dKL0XzsLR04JI77,0056kxsLcWcZ0y6Y1M
00qX9rxdiclw98XQ0E,Executive Sponsor,Edit,2022-01-09T04:00:01Z,006Eh6sjBrU6EvBYMR,005si8rNhwYkQikIOL
00qv1ILmAP0QPUGIRT,Account Executive,Read,2023-01-13T01:05:30Z,71tPa9pj2CKPA1qQMG,005xwhqeeWgm4agYMN
00qSugbNODEcbQDAX7,Specialist,Edit,2024-01-10T15:04:08Z,006hLA2JQUbQQsrY23,005G7PmEiXypty3IQL
00qAYHLL9vhYXt0A4G,Specialist,Edit,2021-12-11T14:56:48Z,711dn2RBaHJNB4NIO3,005k3rdmx8LrOE0AIT
00q3XMxH6GCD4gfQS4,Executive Sponsor,Read,2025-09-02T05:47:07Z,700xlDDxmPozXu1YYY,005yrzZ2QLuB1ZZYH4
00qObRDOfirFPndY6C,Account Executive,Edit,2025-08-05T11:49:22Z,800Qiw8nw8drSeGAXC,005mKVeNm7pzbbYYYT
00q7y07I5W1vyAsQ8N,Specialist,Read,2026-04-13T03:23:20Z,006DdeC36MIzT7wIBL,0059cNiXLcpBkagI2J
00qMO0cae2Lycm8YSD,Executive Sponsor,Read,2021-07-20T18:53:11Z,006sl2tkqG5qvNPACT,005lhMYUKPuvXDoIO8
00q8VK5riM0V6JxY3F,Account Executive,Edit,2021-08-11T02:59:05Z,801rmDVqegLzveYA4W,005wmbTnVpYGoJ1AGI
00qvrUEMW3NOP7OAO5,Sales Engineer,Read,2022-08-05T01:12:09Z,7265zp4YbtSmDykYMZ,005uepIIzxcmHrDI1O
00qa2KougEkD5JaIMU,Account Executive,Edit,2024-06-16T13:30:54Z,816NH1Uknj79qGbQHV,005mKVeNm7pzbbYYYT
00q508PCP1Z0uuhISL,Account Executive,Edit,2024-09-28T17:51:04Z,516a0xBwxWMNkAxI3M,005s4Xb2ZkbCAMvQEZ
00qXffAJ0InxLIOQLX,Executive Sponsor,Read,2021-03-06T04:15:40Z,006rP5ZebLnGzFmQYQ,005NvlW1Gc9rLAVAYL
00q5Vhw0TdDYpjwA9I,Specialist,Edit,2022-07-07T04:43:14Z,006cKDAmVaeja9FQ08,0056kxsLcWcZ0y6Y1M
00qotXMlwYMkq5WI7M,Executive Sponsor,Edit,2025-06-28T15:13:03Z,006hzSuTtzeIfSNQQM,005qn7LR76DmPdbQZN
00qxgHSwowD2eWyACD,Account Executive,Edit,2023-04-01T09:49:31Z,0061a0N3TcwgYlmIJU,005hp0uS7WWG0emI9I
00qbsFjwwONvqhoA41,Sales Engineer,Edit,2023-04-07T04:28:26Z,511ReMWzz0SO9AJA5T,005W8vdEbVdzOCdA62
00qL5od2UZdpCxVA9F,Executive Sponsor,Edit,2025-07-27T17:03:14Z,7110104sHd7nBOwQGT,005pAoa72XGI02qYGZ
00qJF4blmQnenOaQ6Z,Account Executive,Edit,2025-11-01T13:52:54Z,006B0jdoc5Fc2l1QYJ,005oCyN03vzPYXsQE2
00qvO9YZW1uSukjIN8,Executive Sponsor,Edit,2024-07-30T05:35:22Z,02t5r4FiTCfOemwAZY,005dxKTxH6gxu99IEO
00qhGNOsghOJUAsIMH,Specialist,Edit,2025-12-12T07:51:17Z,006pTiIGvFfuc6nIM4,005RuPGFXVl50YyAI2
00qwcse56HgZOC3QGW,Account Executive,Edit,2022-01-24T06:52:53Z,720yXQtdc9XGf19IEM,005dxKTxH6gxu99IEO
00qZZAayD24glkpQO1,Executive Sponsor,Edit,2021-09-22T21:10:23Z,71tT1GP2wDzYpuLIQ1,005mKVeNm7pzbbYYYT
00quruZreWHbsUBQY7,Executive Sponsor,Read,2023-09-19T02:43:34Z,711nKDDjsWx7USFADB,0058ltZKG17vpJbQJK
00qqbpuPyNAZb7sYIQ,Executive Sponsor,Edit,2021-02-09T22:19:28Z,006aSHPcPh3QQb5ABZ,005xEqNFzxKXya6IGV
00qBTviZaAem5S1QH9,Specialist,Read,2021-05-01T23:55:08Z,500J4QZrywq4trOABB,005ifKSPcGiOhecIJG
00qNxM080UKn1FKIA7,Account Executive,Edit,2024-03-21T20:46:37Z,701kaNmdBiDCvfPYHU,005krCc5IJC2wfdQ2P
00qYwaGIjqMcH5FI96,Specialist,Read,2025-04-07T19:58:22Z,00i5NoS0FHkqTteQ5Q,0059cNiXLcpBkagI2J
00qCL6pa1rXrvNmIO2,Specialist,Read,2025-05-14T18:16:48Z,800b4hPm6qk3M2KARE,005YbujEVi8pPHuINT
00qVAH7DNp3b2DXATA,Account Executive,Edit,2021-01-21T16:25:50Z,81tQaSgZobqPtS4Q5C,005xk2KsXa5Ub6fA8M
00qkC3jHsUo3gymQCP,Sales Engineer,Edit,2025-07-07T07:34:05Z,006NogwlUPEtFtDQKV,005RuPGFXVl50YyAI2
00qfMyIWd38zUe8IFO,Executive Sponsor,Edit,2023-04-24T16:40:41Z,51tCO1aeW2hjHWTY77,005xwhqeeWgm4agYMN
00qh4uzCoVg0qzeAYO,Specialist,Edit,2023-06-22T20:51:42Z,0209iZ621bh0jciAXC,005BLrN0FAgafzHY2K
00qu99JriYHPK85ISL,Executive Sponsor,Edit,2026-04-06T03:35:27Z,51iBOICsBTqL8e5QBJ,005Vo9gpxbtHjOOIMV
00qXVzbAC1NWqnAI12,Sales Engineer,Read,2021-06-13T18:00:09Z,82iSvD5Ndqnr40yICG,005lkwCvvs1NKzQIH0
00qnS1wKwQc0yE8QV7,Account Executive,Read,2024-10-31T18:39:36Z,006Thn5SzoAO6IXQ7U,005lGkJeYS6wczpY2Q
00qWcsrphSQFLITIC9,Specialist,Read,2025-03-27T20:50:48Z,00txYFedtVRgVWeY2M,005NvlW1Gc9rLAVAYL
00qYapLEsmPMXWFIQ1,Sales Engineer,Edit,2022-04-21T22:28:42Z,006zlCp7JHHsHxzYN9,005YbujEVi8pPHuINT
00qBxFd9HZHvhXpQAV,Executive Sponsor,Edit,2026-06-24T14:40:19Z,006E4scDKGSPsigIW3,005oCyN03vzPYXsQE2
00q5SqgcBlYJonmYDV,Account Executive,Read,2025-08-05T02:39:26Z,006z2g61Ka8pT1mQFV,005YLX0oRwAflvAQZO
00qAv3YzJl7Txx8IBR,Executive Sponsor,Edit,2024-07-17T20:40:52Z,006mNZ7IR8DOFgbIXB,0056Go3C6Dl0bjnQEY
00q3EVYWjhrtpivIVS,Specialist,Read,2023-07-02T05:31:04Z,82iagHzkTkAOFAFI1V,005mKVeNm7pzbbYYYT
00qV2bKJQAVw59KA4V,Account Executive,Read,2025-07-24T11:27:39Z,026O6gOrGPqb83jYQ6,0058ltZKG17vpJbQJK
00qe5RPQfX0o1EsYW1,Executive Sponsor,Edit,2025-10-02T01:16:37Z,001kpNvHYOV8pLjIXE,005sAEUaULAzZRzQYB
00qZ2vaokv7Mcc5YL2,Sales Engineer,Edit,2023-06-26T06:14:41Z,001UaIRIhbhJyYQQFB,0057jDImegCGqG7YZ2
00q376tp9KhXZhkITB,Sales Engineer,Edit,2022-09-01T07:52:43Z,81t16BtiGlvXBS6YOP,005btAWhiiwsSYtA2R
00qXfmuROPx5f6JAW3,Sales Engineer,Edit,2026-01-22T13:41:40Z,006WEnTQNP1iD30YPN,005s4Xb2ZkbCAMvQEZ
00qvnd967Jlj6VdIN7,Account Executive,Read,2026-04-07T04:24:33Z,700xlDDxmPozXu1YYY,005s4Xb2ZkbCAMvQEZ
00qP91LSJYU23oIYE4,Specialist,Read,2022-01-19T19:09:07Z,006JwrGXNqeDpekA2Y,005krCc5IJC2wfdQ2P
00qkQzyHYj39cvxYDP,Sales Engineer,Edit,2025-05-08T16:34:18Z,700iXISfEZtGIPpAWH,0057ufaHufy75ktAX1
00qzflGHS8MtUUzYLJ,Account Executive,Read,2025-01-09T15:14:24Z,006FaNUbs0YDJ0PIUC,005hTpAX3O60UK0AAJ
00qZ1xvDsov643HY7G,Sales Engineer,Read,2021-01-15T02:50:39Z,006Jwsa3eFMG33rQAI,005qn7LR76DmPdbQZN
00qjKlI75mgl6nLQJW,Account Executive,Read,2026-04-21T09:24:19Z,500bGsYyxmgR7AMIUZ,005TU4vqRu98dHsY03
00qTsRpiVYjeveEART,Sales Engineer,Read,2023-05-18T13:46:25Z,526gLd6SfX4QF0jAQ0,005xEqNFzxKXya6IGV
00q7O4TkdZLKMe9QXH,Executive Sponsor,Edit,2022-09-02T18:04:30Z,0068H5q0uIDtBo1YDL,005si8rNhwYkQikIOL
00qELcSAXvw45cCQA6,Account Executive,Edit,2023-08-14T16:18:29Z,00iSq8SPerfTgkuQ4M,0057jDImegCGqG7YZ2
00qCHt4KDnnD7agY8M,Executive Sponsor,Read,2023-10-28T12:01:33Z,006rhMmkOulVFXkQR9,0056kxsLcWcZ0y6Y1M
00qWGLt1R4iAZSGQXN,Executive Sponsor,Read,2026-04-08T13:45:02Z,006t6F5ojCBw3VQAU3,005si8rNhwYkQikIOL
00qGYmUsrlWFbkEQ1D,Account Executive,Edit,2025-07-06T08:02:40Z,006aXqvn24iiZUPQ5W,005yqybzTtVK8u6IOR
00qDDADXn5XcEprQBQ,Account Executive,Read,2025-04-04T13:47:11Z,810lr4J58Bd4DPJYBN,0056kxsLcWcZ0y6Y1M
00qsnyXarUDrTfGIPV,Executive Sponsor,Edit,2025-03-26T11:29:28Z,006mJbO3g0fjtf8YEB,005lhMYUKPuvXDoIO8
00qLKwsVxb84G0bQF2,Executive Sponsor,Edit,2023-10-03T13:30:03Z,006jm2QtLYuPp0jI48,005RuPGFXVl50YyAI2
00qPBKFd9fh5vBDAN0,Sales Engineer,Read,2024-06-01T05:08:34Z,006q3eJe87yNMSCYYR,005qn7LR76DmPdbQZN
00qkFWDU6bPQwjtYBO,Sales Engineer,Read,2025-11-07T08:51:40Z,006PA4qWVvMsIU2AVV,005Nr8mKUnQ3oinATY
00qihQQ1vXdEdvvYHI,Specialist,Read,2024-12-26T07:40:48Z,800rB25qnUsPMDCAT8,005lkwCvvs1NKzQIH0
00qj6U6xlv2OB3hIJ2,Specialist,Edit,2021-10-23T15:14:09Z,02tvRmJ3KgjkxLBYSA,005wmbTnVpYGoJ1AGI
00qRf7mCp6wb5xrY1E,Executive Sponsor,Read,2025-02-15T09:33:33Z,00620lO3NhEVNm4YMH,005qOi29J2o9pHYYCI
00ql5lEUbiiC0bGQ9L,Executive Sponsor,Read,2021-10-17T02:59:04Z,006LBCI52h0sNhLQ5G,005XE0YLnoIgg8hAV9
00qhEkL7YfBkQfoYGY,Specialist,Read,2022-01-31T17:43:44Z,511VHg0pbxkr9bRQ1X,005hTpAX3O60UK0AAJ
00qiW5WmN0X8pZ4QHP,Account Executive,Edit,2023-02-10T09:33:21Z,010qrGV2IR04JXPIOG,005nzeP1FFxSfMhQ5C
00qrdfvk9lpF2yBAIO,Executive Sponsor,Read,2022-11-03T06:19:24Z,51t4ISe2oquT5onIYK,0058ltZKG17vpJbQJK
00qXzUQ4HeftfgJIYP,Executive Sponsor,Edit,2021-05-05T10:34:44Z,70iAIXv9JDYCOPBAXU,005krCc5IJC2wfdQ2P
00qZeBrbsb4x8qpI95,Sales Engineer,Read,2023-08-16T12:40:18Z,726hjCBUiRc6Z6NYQ4,005gMY3fFnSvHOzQLX
00q1i36kEEZB9bdY0A,Specialist,Read,2025-12-05T20:16:33Z,01tV4GKLLNYwoIMQAI,005BLrN0FAgafzHY2K
00qVKGXoIUONPn5Y97,Specialist,Edit,2024-07-05T13:04:01Z,006e7avIrKKzHdeY3X,0057jDImegCGqG7YZ2
00qot3SvS6W8JTVILY,Specialist,Edit,2024-06-06T19:53:37Z,006TQ9IAaUE9rbLQN4,005oCyN03vzPYXsQE2
00q46pPeGdMGcIeIDP,Specialist,Edit,2023-09-21T00:18:57Z,7110104sHd7nBOwQGT,005yqybzTtVK8u6IOR
00qvetoKI0vNmTgYUY,Account Executive,Read,2025-05-26T15:11:09Z,800b4hPm6qk3M2KARE,005qn7LR76DmPdbQZN
00q4IlbyBJuntGDAB1,Specialist,Edit,2025-06-18T18:08:01Z,5066pzgBEFe1MgMYXY,005yrzZ2QLuB1ZZYH4
00qyxoAnouFKeYLA57,Sales Engineer,Edit,2022-10-23T22:27:34Z,02tpaFf85ljoY7FYHM,005TU4vqRu98dHsY03
00qYbF5H9gM7ErxA23,Sales Engineer,Read,2022-09-24T16:19:20Z,006ptBWxQBn6whtIPE,0058ltZKG17vpJbQJK
00qCEkiiFEzZt5tQPY,Executive Sponsor,Edit,2021-01-25T18:18:01Z,010DZv25sVANCq3AQV,005hfmtBm0piYtTY6K
00qEm18dlLIS2jlQT8,Executive Sponsor,Edit,2024-11-04T05:01:32Z,500omxYi0hTQz5nAHP,005Nr8mKUnQ3oinATY
00qGDMq5pBydTKQQQ9,Sales Engineer,Edit,2021-03-11T09:53:11Z,01ianeLPVLfExBXYFP,005lkwCvvs1NKzQIH0
00qlKa6wm31yZZPYSV,Sales Engineer,Edit,2021-07-31T23:42:51Z,006dbT5cOGDgHY6QVK,005TU4vqRu98dHsY03
00q2eWXUD4Nho8TIDO,Sales Engineer,Read,2021-03-18T10:05:20Z,0062uIIvmbCZQlnQEZ,005hp0uS7WWG0emI9I
00qaveqZNon3gOOARL,Account Executive,Read,2026-05-07T13:20:41Z,7107w2YsFXTaBbMYJI,005NradmkgHLf0bIJ5
00qmBeeNurrYwSmAF5,Account Executive,Edit,2024-01-24T18:12:35Z,71tJjIveWMK8HThASC,0059cNiXLcpBkagI2J
00qEH03JjWSLy8lA73,Account Executive,Read,2024-07-01T21:59:31Z,001u1OOodfcF8MkAB6,005dxKTxH6gxu99IEO
00q0F7Ez7ogrJmmYII,Executive Sponsor,Read,2022-02-26T20:57:06Z,521aHomGtEqto60Y0C,005yqybzTtVK8u6IOR
00qbsuazC1JETofQW3,Specialist,Read,2025-01-25T08:11:51Z,81tjXCdSMOR3xvtA79,005hvPRYHDjoBLOQ3X
00qeyxvcnS2HssjIUR,Executive Sponsor,Edit,2022-06-18T00:07:51Z,801rmDVqegLzveYA4W,005RuPGFXVl50YyAI2
00q1mGhkI7JPpl9I7Q,Sales Engineer,Read,2022-11-07T10:25:16Z,820dkfx5MiN3Jf2AR6,0057jDImegCGqG7YZ2
00qnAmwlMuWyqZqYOU,Sales Engineer,Edit,2025-11-18T22:34:59Z,0161X3H4nd77ebTQHG,005pFLSqKe2EKv0Q0O
00q7XTd3Y3kDq1AAEX,Specialist,Edit,2025-04-29T14:19:50Z,006fZQxsorL6CzhIVL,005dxKTxH6gxu99IEO
00qGEMl4m4HysU5IHG,Account Executive,Edit,2026-04-09T21:52:59Z,70iGFDinNwlr4UmAGT,0058ltZKG17vpJbQJK
00qZWy4RCa1id3wI33,Executive Sponsor,Edit,2021-07-28T17:07:12Z,02tp6iXCgEYS9euITR,005IKQxHrnOfGBxYIU
00qNNh2VFpDnec7A8V,Sales Engineer,Edit,2024-06-13T11:03:50Z,720o1Ib5COzz3xLY7Q,005si8rNhwYkQikIOL
00qrm2ad3CV5vnjQ2M,Account Executive,Edit,2021-07-07T02:27:49Z,826GsbDvVkiJJzTQA4,0056BILiQX0m1w8QY3
00qZ2an7zyD1tsRQGZ,Account Executive,Edit,2022-04-03T06:57:16Z,006mkCMcB4KAGgUQ41,005krCc5IJC2wfdQ2P
00qmEz0JZNLLKFdIC8,Account Executive,Edit,2022-09-18T22:37:25Z,006Bzps5QObIsvZAF6,0057jDImegCGqG7YZ2
00qqPU0olZ41YH5QN6,Executive Sponsor,Read,2024-09-18T14:55:18Z,50icrSiQzUGLCMkIXR,005qn7LR76DmPdbQZN
00qqs5wnOzxK2eZQAI,Account Executive,Read,2024-06-26T12:41:39Z,00109Wkb6Ad98AMIR6,005lGkJeYS6wczpY2Q
00qqI3V75yZj956QBW,Sales Engineer,Read,2023-07-09T08:33:50Z,006GwwCwriCRa0eQH8,005yqybzTtVK8u6IOR
00qlgaKbSOlvE0gA3H,Specialist,Edit,2023-06-15T11:54:41Z,0161X3H4nd77ebTQHG,0053ucGskT1mdlKYCB
00qUzOGWSDWOuILA54,Sales Engineer,Read,2023-04-17T23:35:37Z,006NQJiNJvwvLwnAR1,005xEqNFzxKXya6IGV
00q9m6824Mw2421I6V,Specialist,Edit,2021-01-30T21:58:29Z,52tZyxdG49iTgEvI74,005VOHFbnLYK0gIIP7
00qV8ZQwB9iaQyXAFP,Executive Sponsor,Edit,2022-08-18T22:41:02Z,006w9QKnB15bM4ZYLI,005XE0YLnoIgg8hAV9
00qOX5b9yYZDIyhI3P,Executive Sponsor,Read,2023-07-21T20:48:03Z,52tR0p53ylj7fAxAPB,005IKQxHrnOfGBxYIU
00qnrSdfI89LSkrI03,Executive Sponsor,Edit,2026-06-30T23:23:41Z,820ublfModfHT3tAJO,005uepIIzxcmHrDI1O
00qkoOvTTB7s9JtICQ,Sales Engineer,Read,2022-11-29T14:10:20Z,006aQoPPgaUNgRbYM8,005yqybzTtVK8u6IOR
00qBJmK1CyfULNqYPW,Account Executive,Edit,2022-07-13T09:01:54Z,006KLFzhTTzXvGNARK,005hfmtBm0piYtTY6K
00q0iZLVBL6nyoGITZ,Sales Engineer,Read,2025-10-11T13:31:07Z,006YozIUxRA6MGqY9R,005yqybzTtVK8u6IOR
00qlPiV58H8TJnTAA4,Sales Engineer,Edit,2022-10-04T19:19:31Z,71tLlvJ88NTOkhhACY,005xk2KsXa5Ub6fA8M
00qMkk6ft51Z70qIIQ,Sales Engineer,Edit,2026-06-16T23:34:41Z,010sAkIXh4YIj8HQ3U,005VOHFbnLYK0gIIP7
00qT8pwLGGa4x1WQQ2,Account Executive,Edit,2022-07-14T11:35:27Z,500gXsW3KnVriomAIG,005YLX0oRwAflvAQZO
00qn7VSzWgVrM9mY0C,Sales Engineer,Edit,2026-04-09T10:27:26Z,721N1T1KDCjQ5RVIKZ,005VOHFbnLYK0gIIP7
00qrKIDGyysr24BQ71,Sales Engineer,Read,2023-03-09T04:51:00Z,501AfvHothHUh1WQ9N,0058ltZKG17vpJbQJK
00qhif38h3YDa0iYOY,Specialist,Edit,2023-12-29T02:16:12Z,006U1yV85DXdTDaQAZ,005lhMYUKPuvXDoIO8
00qsHnYGps4OxgLY7C,Executive Sponsor,Read,2021-12-10T06:52:09Z,51iB8VNbijPpetFIJJ,005lkwCvvs1NKzQIH0
00qNAKLg5hrjyXlAXX,Specialist,Edit,2026-03-18T04:46:16Z,506AofLThebLHyBA0Y,005Nr8mKUnQ3oinATY
00qY4DEChUvRyy8YGK,Specialist,Read,2023-05-25T08:22:42Z,506NpocNdGAATxXY9N,005wmbTnVpYGoJ1AGI
00qOfdg1xbM8QF0YFX,Executive Sponsor,Edit,2023-05-21T12:20:39Z,7009ndT7eooqEpOQ0X,0056Go3C6Dl0bjnQEY
00qtLlShWlgZO3XA31,Executive Sponsor,Edit,2021-07-03T00:24:28Z,006l2kCS4zGpaLLQ1Y,005LrfdIjIayQZ0A6D
00qsiyctuL2pjMeIZF,Executive Sponsor,Read,2025-11-16T21:05:13Z,006OHNFTkrZ5IYrAI6,005krCc5IJC2wfdQ2P
00qqc52Yc1WmPPSYH4,Specialist,Edit,2021-11-24T12:51:49Z,0068fahOWMaB4opQX9,005hfmtBm0piYtTY6K
00qV9DkUyYTbb0kYXY,Executive Sponsor,Read,2023-07-16T05:00:26Z,006xg6DrSgjRwccI6H,005BLrN0FAgafzHY2K
00qFB9q1XplGkfDAR0,Executive Sponsor,Edit,2025-12-17T01:52:00Z,5263f6aPNLmUo00Q7F,005pFLSqKe2EKv0Q0O
00qCztCCWaKJswkIT0,Account Executive,Edit,2024-02-08T02:20:17Z,520SPOH7ogwGGxIAHG,005TU4vqRu98dHsY03
00qNISgzBdnmLgAI9E,Account Executive,Edit,2022-02-24T17:09:40Z,006j9E323d5DOdfYF3,005xk2KsXa5Ub6fA8M
00qe4u2ItzjDeblQL0,Account Executive,Read,2024-01-23T23:30:48Z,816w3x3e88STxUPYSA,0053ucGskT1mdlKYCB
00qdIcgI6AQs0CMIVS,Sales Engineer,Edit,2024-08-18T02:44:56Z,500omxYi0hTQz5nAHP,005qptAZodwwrZzYUF
00qnMUBdTCwzhtvYKQ,Specialist,Edit,2022-06-24T20:03:40Z,006ciCmaANfGW2GAJ5,005lkwCvvs1NKzQIH0
00qdxqBO0CeMNmTA5C,Sales Engineer,Edit,2026-01-12T16:27:05Z,006pJUzbZ2p7iaMA19,005mKVeNm7pzbbYYYT
00qPeMkKp5p9rqcQJL,Executive Sponsor,Edit,2023-04-12T21:26:35Z,006iBddcNa259HfYWT,005btAWhiiwsSYtA2R
00qZyySYLDlBMOVQAU,Specialist,Edit,2022-04-06T14:30:14Z,006Jx6kXJ3DTO86YO8,005VOHFbnLYK0gIIP7
00qoZiHRnmO79EyIN8,Sales Engineer,Edit,2021-11-22T07:18:43Z,006X6zSnvlT5HHnAH1,005nzeP1FFxSfMhQ5C
00qXaRqHmIIiuGPY6Y,Specialist,Read,2021-05-13T04:24:36Z,006MN9f5TYwzARnYPS,005ifKSPcGiOhecIJG
00qIqntwzSe5GHuAHB,Sales Engineer,Edit,2021-08-29T13:53:41Z,006dAB04gfBwA9TQD2,005oCyN03vzPYXsQE2
00qxKzs5hMAZG3DQQP,Sales Engineer,Read,2024-08-12T03:16:05Z,00672IAiff7MHPZYC1,005gMY3fFnSvHOzQLX
00qkO7DWfJT7DKoAJE,Sales Engineer,Read,2022-01-08T08:57:11Z,006MpWBGoNhmLKWYMH,005YLX0oRwAflvAQZO
00qkPTENME9IRGEAUK,Specialist,Read,2023-04-03T15:42:20Z,52izos8oLQ3dD3sA0D,005krCc5IJC2wfdQ2P
00q9SjLIYXOXvuTQDM,Specialist,Read,2021-11-19T05:26:00Z,016646B4me1oKQSY7Y,0059cNiXLcpBkagI2J
00qkoau2L2IUT5jA29,Sales Engineer,Read,2023-12-15T10:42:07Z,006G7lN7lAM26Y8Q8S,005krCc5IJC2wfdQ2P
00qOrKTzdJXJ7YoI57,Sales Engineer,Edit,2025-03-23T07:38:16Z,52tBxvqCScFZeiWA23,005xEqNFzxKXya6IGV
00qe1jfM8enccedAAE,Specialist,Edit,2024-08-29T02:24:32Z,50tn6JODXXb6WjIYGE,005hTpAX3O60UK0AAJ
00qao9CYiPOGZmuQ6P,Account Executive,Edit,2022-06-05T04:05:26Z,521Z8bPwg6uzfZEA99,005NvlW1Gc9rLAVAYL
00qoSOap4gKjVrYQB3,Executive Sponsor,Read,2024-04-17T03:56:46Z,006oXaKvKPkU2ZqQFZ,005lhMYUKPuvXDoIO8
00qT3un9zwvzHzDYNN,Account Executive,Read,2025-07-01T15:50:17Z,006byrE50NITff0Q8R,0057ufaHufy75ktAX1
00qKvLW8cqwsqujQOL,Sales Engineer,Read,2024-11-08T05:11:06Z,021UsjaVO0HzQqsIX9,005s4Xb2ZkbCAMvQEZ
00qnd8zOLWEbFo1AL4,Account Executive,Edit,2022-07-10T10:24:40Z,720d3DtIj9J361MI3P,005TU4vqRu98dHsY03
00qFx0dwGLVWdVKI7E,Executive Sponsor,Edit,2022-05-26T17:01:10Z,006OLd7bfB8DbX9QKZ,005YLX0oRwAflvAQZO
00qrixEo4FES9KtIAN,Sales Engineer,Read,2023-11-15T07:37:41Z,720hs9nlVqpsZGJQN5,005hp0uS7WWG0emI9I
00qmJ8ba9LavyWhQH1,Sales Engineer,Edit,2023-02-26T11:55:45Z,006lUFzRC8ojheSYE5,005lGkJeYS6wczpY2Q
00qsJCHKuxky5M7YP4,Sales Engineer,Read,2022-01-22T10:49:38Z,00ixs5i8iJUUoBHYRD,005xwhqeeWgm4agYMN
00qrWjZ9mZlIdSOQ8U,Executive Sponsor,Read,2023-11-28T17:00:25Z,80608LfI6eoL1PiYOU,0056kxsLcWcZ0y6Y1M
00qNNONlM39N0NKYE9,Sales Engineer,Edit,2022-09-25T09:11:26Z,806oMmi8VuTjHdWQVR,005hvPRYHDjoBLOQ3X
00qgew8uJL36PU6IH1,Executive Sponsor,Edit,2021-04-19T14:25:18Z,006fPKoc4xFqcrcA4V,005xEqNFzxKXya6IGV
00qCnJjw84JTvk0Q4A,Sales Engineer,Edit,2022-12-28T19:36:44Z,70181BSMex1BV2oY2A,0056BILiQX0m1w8QY3
00q3A2f3xE9h8rWYL5,Executive Sponsor,Read,2022-03-15T22:25:27Z,821IrhP5JDNTKeQQ08,005G7PmEiXypty3IQL
00qU6mhfAjvzGVQYGT,Executive Sponsor,Read,2022-11-23T14:25:58Z,521mpPKRTUMfQI3A1Q,005gMY3fFnSvHOzQLX
00qteiWkBrMd3yoYQB,Sales Engineer,Read,2023-03-21T20:55:04Z,51iOCTKsAi3opKsYHX,005lhMYUKPuvXDoIO8
00qd3ahn6TSBZhQY7X,Executive Sponsor,Edit,2023-02-06T04:41:45Z,720d3DtIj9J361MI3P,005RuPGFXVl50YyAI2
00qfgs7QpwyBpGbYNC,Executive Sponsor,Read,2026-03-16T15:47:31Z,006shRlqZmnnyfUYE0,0059cNiXLcpBkagI2J
00qOVj7f7Ts0NieYSP,Sales Engineer,Edit,2025-01-22T18:06:54Z,526spsRumdUQ8zFYUC,005Nr8mKUnQ3oinATY
00qUzhTi7p3Cb7qIEB,Specialist,Edit,2022-04-11T15:08:55Z,006rv68Dcrw9aiCQPM,005BLrN0FAgafzHY2K
00q05wg3FlLjgRcIGS,Sales Engineer,Edit,2025-12-25T00:13:10Z,526TlzauHPH30K4Y3Y,005lJuJ789IRmEmQF4
00qxOAKe9WHOJ04YFI,Specialist,Read,2024-09-08T23:32:23Z,006np06P018E9P5A4Q,005IKQxHrnOfGBxYIU
00qhEL0wMH04wF3QJV,Sales Engineer,Read,2025-03-20T09:24:14Z,006Qa9Yby9ozfEbQ9V,005VOHFbnLYK0gIIP7
00qCa05s6mKHDZ7AWJ,Account Executive,Read,2025-05-24T20:31:51Z,006rNyqk5g1Hm0EAMQ,005YbujEVi8pPHuINT
00qknhFCd9LgvMJASE,Sales Engineer,Edit,2025-02-24T22:07:56Z,006icyd7oXmbnsJQ85,005hfmtBm0piYtTY6K
00q09Xt1MAhyueXIKR,Account Executive,Edit,2026-01-11T04:40:16Z,72tXex0Rj4Ka2g5APC,0057jDImegCGqG7YZ2
00qenOW5ChympXWAXJ,Sales Engineer,Edit,2022-06-10T17:40:35Z,00tVYwg6Z9IS072YB0,005Vo9gpxbtHjOOIMV
00qMWxq58RuuVlGQ2D,Account Executive,Read,2022-12-09T11:58:09Z,01ihdqt5T7XgHBuABO,005G7PmEiXypty3IQL
00qSIm2nY8GZ4izYF9,Specialist,Edit,2025-12-15T02:27:48Z,006dAB04gfBwA9TQD2,0053ucGskT1mdlKYCB
00qFlLS6sMGmJXgILO,Specialist,Read,2023-10-30T11:47:42Z,006tqUW9HkxrJyGAJ8,005xwhqeeWgm4agYMN
00qkmwnGEtKXuBHIOB,Specialist,Read,2024-02-20T12:56:30Z,81tjXCdSMOR3xvtA79,005qptAZodwwrZzYUF
00q91ZvS5GY21AIQOS,Executive Sponsor,Edit,2025-02-19T10:45:13Z,51iauodXi8yLeTkQJF,0051j8xdsf40yysQI6
00qGW303xr4BSt5IEW,Account Executive,Read,2021-11-10T14:17:18Z,0069DzgJkCYuxnZQ6R,005lkwCvvs1NKzQIH0
00q4FztFBdIJC9nQKK,Specialist,Read,2022-01-08T12:15:08Z,82iSYQYHoA98FdPQOM,005gMY3fFnSvHOzQLX
00qGnmEIm8yYHJTYOJ,Executive Sponsor,Read,2022-04-24T20:00:30Z,800b4hPm6qk3M2KARE,005pFLSqKe2EKv0Q0O
00qdgmuQUJF2G0PYPB,Sales Engineer,Edit,2025-01-15T11:59:50Z,700nLoPgUoyjcN7Y8D,0057ufaHufy75ktAX1
00qG5LGwFQWY1nTI73,Sales Engineer,Edit,2021-03-25T15:36:56Z,71iJPUzw352cqhrI4P,005xk2KsXa5Ub6fA8M
00q2QZVgCo5gStRYKQ,Specialist,Edit,2025-07-06T23:23:32Z,810ts46fmKDZIW9Y0M,005nzeP1FFxSfMhQ5C
00qzXqvdLqscVq9ILJ,Account Executive,Edit,2023-09-08T01:38:14Z,01tQM5PnFWcp4iOYNC,005hfmtBm0piYtTY6K
00qsTZuEV2rLb0gQCJ,Executive Sponsor,Read,2025-03-05T11:17:32Z,0064cui7UE1lTH6YBI,005NvlW1Gc9rLAVAYL
00qSaHE0YHtHfrRI7N,Executive Sponsor,Edit,2025-10-24T18:34:08Z,0064Fs0btYLsyeaI7G,0056kxsLcWcZ0y6Y1M
00qIaENDY99XqsZYSS,Account Executive,Read,2021-12-10T21:54:54Z,006j4O7wvgZ0tltADF,0051j8xdsf40yysQI6
00q2RAXOfoP9OxKQC0,Sales Engineer,Read,2022-05-04T04:24:58Z,82iMTq96WLaRD1zAEY,005dY26xUNDmki4A5N
00qm0sLVydsFP4fQHH,Account Executive,Read,2024-03-18T11:27:50Z,006zlCp7JHHsHxzYN9,0056BILiQX0m1w8QY3
00qi9QlajPQXm40Y9W,Specialist,Edit,2023-10-06T19:45:29Z,0068LCGroma0otVQCZ,005ztlrbFPcuOLhY8F
00qTNC5mpLpnDKLAD3,Specialist,Read,2022-04-15T03:35:56Z,81tA5YbVu1uMoiMI5D,005XE0YLnoIgg8hAV9
00qVRbHIxSau554IOX,Executive Sponsor,Edit,2023-03-30T20:22:14Z,7107w2YsFXTaBbMYJI,005xwhqeeWgm4agYMN
00qlMnDmJ8WSfwMYW9,Account Executive,Edit,2023-07-07T11:10:43Z,52tLaCdL9BDn6axIDS,005Nr8mKUnQ3oinATY
00qhZDSs51wowwvACT,Account Executive,Edit,2022-04-15T04:16:24Z,726ubCp6MSaveepAVP,005gMY3fFnSvHOzQLX
00qVG4qm5KBGwb3Y55,Specialist,Read,2022-11-19T08:15:32Z,7114KCSJqEfdNPZIN6,0059cNiXLcpBkagI2J
00qfrK1iiD0b2YfQPT,Specialist,Read,2026-04-26T02:36:31Z,800b4hPm6qk3M2KARE,005hfmtBm0piYtTY6K
00qKKAJQSMpLOEUYFB,Sales Engineer,Read,2021-03-04T12:59:21Z,006iBddcNa259HfYWT,005gMY3fFnSvHOzQLX
00qQFWwBVmDpyhNINS,Executive Sponsor,Edit,2026-01-21T06:58:02Z,006I9L295zXfyQJIBG,0056kxsLcWcZ0y6Y1M
00qmoA1trgkSoDrI39,Specialist,Edit,2021-02-15T09:04:37Z,006BOsi2F2nXNcVIMM,005hp0uS7WWG0emI9I
00qSJMIVbxurpppAJR,Specialist,Read,2026-04-23T11:59:06Z,006jl2nL2xxcaxIYP5,005oCyN03vzPYXsQE2
00qldKXb1jmEldnQJO,Specialist,Edit,2025-07-02T15:40:13Z,006WkS1a4JlN7O5QFJ,0056Go3C6Dl0bjnQEY
00qnnsIjtTMmwU4AJU,Account Executive,Read,2021-01-14T06:55:44Z,006HUswLQ6dv8goIE6,005NvlW1Gc9rLAVAYL
00qe8bik4NG4Ln0I6L,Account Executive,Read,2021-09-24T09:39:01Z,01iyRlIGRzmILgdI6F,005Nr8mKUnQ3oinATY
00qMO7k80HZU2oaAH1,Account Executive,Edit,2023-06-28T14:19:27Z,006WIBRSsOcAh4YA3G,005NradmkgHLf0bIJ5
00qo0LMVc8TEnebY8G,Sales Engineer,Read,2023-07-16T00:26:45Z,006gznTwTPfHgsNQ6L,005xwhqeeWgm4agYMN
00qE39HYAweaFE2IVE,Account Executive,Read,2022-06-25T16:10:37Z,800b4hPm6qk3M2KARE,005hp0uS7WWG0emI9I
00qYHGs9grUq2BAQR8,Account Executive,Read,2026-03-06T09:22:34Z,006oXaKvKPkU2ZqQFZ,005sAEUaULAzZRzQYB
00qBSNudZq6DNAuQ79,Sales Engineer,Read,2024-07-19T19:24:11Z,006Q7tlizjOAQTxA13,005hvPRYHDjoBLOQ3X
00qyjD5UxsWS5K3IAN,Specialist,Read,2025-09-19T22:54:11Z,006ynW7PBgOdgXiISI,0058ltZKG17vpJbQJK
00qKnP7SQRqZ5ZxQKJ,Specialist,Edit,2021-04-07T11:56:20Z,006ne2Lc3ezbmVgAEQ,005xk2KsXa5Ub6fA8M
00qx0GQ75gNKa48AWO,Account Executive,Read,2024-10-20T09:25:25Z,72tGvZVTJcGCsPOQR7,005lhMYUKPuvXDoIO8
00qFxTmcwNimyJ0QB4,Specialist,Edit,2024-11-07T16:28:47Z,80idHfxld1aKE4xQ8M,0053ucGskT1mdlKYCB
00qEpRqGS0NO9tsA4F,Account Executive,Read,2023-12-15T11:28:18Z,510UTmIoMkdLeZsYYB,0051j8xdsf40yysQI6
00qqPJUYLlbfuNJQKO,Executive Sponsor,Read,2022-03-07T02:31:39Z,010EQOFvjlpqXRWYF9,005dxKTxH6gxu99IEO
00qIuT6Ssz8vtH4QMW,Specialist,Edit,2022-09-23T08:26:46Z,80is1gQgzowKZheA4X,005oCyN03vzPYXsQE2
00qm7fPUgtj3Co3QWL,Specialist,Edit,2023-07-20T04:46:44Z,006XxKqy2Z2WptSYVC,005sAEUaULAzZRzQYB
00quK42LCgITW82Q2A,Executive Sponsor,Read,2025-06-18T06:55:40Z,006a0sx0iWwziEqIJS,005wmbTnVpYGoJ1AGI
00qh4pSlesHxBQgI33,Account Executive,Read,2022-10-09T01:21:00Z,006FaNUbs0YDJ0PIUC,005ifKSPcGiOhecIJG
00qKTGDaZJjug7CI39,Account Executive,Read,2022-03-03T18:10:35Z,80608LfI6eoL1PiYOU,005nzeP1FFxSfMhQ5C
00q2JtM1QdE3JYHABY,Specialist,Edit,2022-07-11T11:57:20Z,006Yu8cGnL42jpzIAY,005qOi29J2o9pHYYCI
00qEvMjVvbtAxFrQUE,Specialist,Read,2021-01-18T08:46:15Z,50tcyEvbSDN8M4eYUK,005nzeP1FFxSfMhQ5C
00qBoaIaf6tquFlAGP,Account Executive,Edit,2024-05-31T18:57:57Z,006N4lxhWdYW3NoIQS,005G7PmEiXypty3IQL
00qHCLvS6MNxwbyQ5Y,Specialist,Edit,2024-09-03T12:41:22Z,00isjDp7DggNzxqQ1K,005xwhqeeWgm4agYMN
00qY1HvmuqvFjOFQXB,Specialist,Edit,2026-06-16T10:08:43Z,006XYm0ra9sX98MINR,005ztlrbFPcuOLhY8F
00q5Zd6tu1GgWYjIPC,Executive Sponsor,Edit,2024-01-29T01:17:30Z,001ubaEHL3G30ZJYB5,005hTpAX3O60UK0AAJ
00qqST3fwx6SiZyAGO,Executive Sponsor,Edit,2023-07-03T07:49:45Z,520n6Vnw0BPEewZQVV,005XE0YLnoIgg8hAV9
00qJ1uaONQega0dY5Z,Sales Engineer,Read,2026-05-07T08:52:57Z,00iTrMmRyI0AC7FYOK,005s4Xb2ZkbCAMvQEZ
00qEgii1NHteo0kADY,Executive Sponsor,Read,2023-01-25T23:31:57Z,001v9B7cfK1SYjJIJ3,005gMY3fFnSvHOzQLX
00qZbkzX5g2bkXOIZR,Sales Engineer,Read,2023-07-21T08:46:39Z,711igRXfJ6BhQOgAQ0,005NvlW1Gc9rLAVAYL
00qqkiK2PUU9uM1Q1X,Executive Sponsor,Edit,2025-07-21T14:09:52Z,006wLJAvWUecVT0IFQ,005VOHFbnLYK0gIIP7
00qEHf6urcZI4GCA6I,Executive Sponsor,Read,2022-12-05T17:31:21Z,5118A3WWZEqspGMQ9H,005xEqNFzxKXya6IGV
00qON27N5adoCCKA91,Executive Sponsor,Edit,2022-01-05T13:51:54Z,806StPGH4FF48KzY6G,005yrzZ2QLuB1ZZYH4
00qsf1BNJDVQsQxAXQ,Specialist,Read,2022-10-23T04:14:15Z,500bA9JabGkX7DOYLZ,005hTpAX3O60UK0AAJ
00qixP20p8Ue0lfAN7,Executive Sponsor,Edit,2024-04-11T03:52:17Z,506KFidge6NFupaQIL,005dY26xUNDmki4A5N
00q1iBCLdxnEhpsQUL,Executive Sponsor,Read,2025-10-27T11:48:23Z,816QSg0GF2pqQnfIKH,005W8vdEbVdzOCdA62
00qhkXj5sli156fIB0,Sales Engineer,Read,2023-11-27T21:06:55Z,516BZpqi92HfMiEAXD,0056Go3C6Dl0bjnQEY
00qJq0MJoaVrF0bAYU,Executive Sponsor,Edit,2022-09-29T13:17:20Z,52iIvIepjT8Ijm2QIX,005wmbTnVpYGoJ1AGI
00q8XTmKn2g3rx6QK4,Account Executive,Read,2026-04-15T17:29:41Z,50itVUNBfDJtJUBIBR,005Vo9gpxbtHjOOIMV
00qF1iOIRCnjtnNAGP,Sales Engineer,Read,2025-05-21T12:13:22Z,0066YDVwf0HoF8cQ3O,005qOi29J2o9pHYYCI
00qmuaEXvhTagw7QBH,Account Executive,Edit,2021-06-21T09:25:43Z,511rCYELNBcd4IvA18,005ztlrbFPcuOLhY8F
00qA1M0iI99IfhQAB5,Specialist,Edit,2024-11-11T07:53:29Z,0064bcL3jgpgPnnAG0,005hTpAX3O60UK0AAJ
00qjm9jBHS5CNCXI92,Executive Sponsor,Read,2024-08-05T15:56:38Z,0064shnbtdKckpMYPU,0053ucGskT1mdlKYCB
00q5YBTSQNtMJvhIOS,Specialist,Read,2025-06-08T14:47:23Z,706fB7PFHD0iA3dQG3,005Vo9gpxbtHjOOIMV
00qzsmySEfOPTzjIK6,Specialist,Read,2021-10-10T07:58:00Z,811YmW81nAPrjTaIBR,005nzeP1FFxSfMhQ5C
00qkrSiVquYxsttY7L,Sales Engineer,Edit,2022-04-12T22:01:19Z,50tDPsuDagUalCrIV2,005yqybzTtVK8u6IOR
00qGRJim4yxIjwCQ3L,Account Executive,Read,2025-07-30T20:17:52Z,51tB6jq7uWCBasGQN3,005sAEUaULAzZRzQYB
00qa0Se5MpoJss2Q7W,Account Executive,Edit,2024-09-20T00:16:40Z,006nxgHSQTd46Z3ICQ,0059cNiXLcpBkagI2J
00quQrHlHas39hVQLN,Executive Sponsor,Read,2026-04-30T19:57:09Z,816NH1Uknj79qGbQHV,005RuPGFXVl50YyAI2
00qBZH2zB3cKOwmQJ5,Sales Engineer,Edit,2022-07-18T15:33:07Z,006X6DKj6XkdUKXAAT,005hfmtBm0piYtTY6K
00qfndsFPReu81rYKE,Account Executive,Edit,2022-10-15T11:35:19Z,506KFidge6NFupaQIL,005hp0uS7WWG0emI9I
00qCztDBZ6D5WjXADA,Executive Sponsor,Edit,2025-04-14T09:04:47Z,006Xr51ApbSx6A3ANN,005NvlW1Gc9rLAVAYL
00qbi8vc6WlXlZwIVH,Account Executive,Read,2022-04-04T07:19:41Z,700HXReK0YYlpwkY13,005lJuJ789IRmEmQF4
00q51jkJrklll0XYDV,Executive Sponsor,Edit,2025-01-06T20:47:06Z,006aQoPPgaUNgRbYM8,005Nr8mKUnQ3oinATY
00qJlmDAaUdCzl9Q4O,Sales Engineer,Edit,2021-04-14T10:16:30Z,006uJMzED6Hs1DdYML,005XE0YLnoIgg8hAV9
00q6K0048cqnJBEAKR,Executive Sponsor,Read,2025-11-01T14:32:55Z,7101dUkY1U35qLtQLO,005RuPGFXVl50YyAI2
00qIUxf7nIA2992I18,Account Executive,Read,2023-07-30T06:46:16Z,81tp0rjFiQpPk6QI9L,005W8vdEbVdzOCdA62
00qft9aceebZqfTYN6,Executive Sponsor,Read,2023-02-18T12:22:32Z,006him88BidBWvgAE5,005ifKSPcGiOhecIJG
00qw8c1HVUTH6CyA9D,Sales Engineer,Read,2026-02-22T17:18:06Z,006b5HcI332GhHZI2T,0056kxsLcWcZ0y6Y1M
00qjuWLkIJRpBjbYCC,Account Executive,Edit,2022-12-20T14:55:11Z,021PvkDEsMHKEpFADA,005IKQxHrnOfGBxYIU
00qL8O7rlmtvW3sY92,Account Executive,Read,2021-05-10T14:59:59Z,006uOxJYDyQJ2U4QO8,0056Go3C6Dl0bjnQEY
00qWqgqC6eXwrO5IYL,Executive Sponsor,Edit,2023-05-18T20:37:13Z,006lWIsCXMguRQfQMM,005dxKTxH6gxu99IEO
00qnaavRKK6Ex3vAQ5,Executive Sponsor,Read,2024-06-06T13:13:19Z,710OWlhgQBz1dgiQSB,005TU4vqRu98dHsY03
00qWvYsPyam6tCZY1T,Executive Sponsor,Edit,2025-04-26T18:10:45Z,0161X3H4nd77ebTQHG,005sAEUaULAzZRzQYB
00qsz25VLDyWyxDAX6,Specialist,Read,2024-01-14T22:14:55Z,71iZ1906woYvO5yY9W,005yqybzTtVK8u6IOR
00q1x0mizx1uzctI6S,Account Executive,Read,2023-08-19T08:38:08Z,00631GIvihJzBLjIQL,0056Go3C6Dl0bjnQEY
00qvEVpJnG9n4GrQZA,Specialist,Read,2023-09-03T02:58:15Z,726CAuE2OX9ciQtAAC,005YLX0oRwAflvAQZO
00qyeP7oCR2Ojq5QLL,Specialist,Read,2025-12-01T09:14:55Z,526hrbbbEp7wldeA1B,0055EGfQDBgoAh8IFH
00qjUBJizqDgTUKAO6,Account Executive,Edit,2023-01-07T20:21:33Z,70tgFgk04tdi6gGAPV,005ifKSPcGiOhecIJG
00qnIesZxRHZCdsINI,Account Executive,Edit,2023-01-30T09:45:08Z,00696luqMdP6Wm4YX0,005xwhqeeWgm4agYMN
00qPFxTGkxyDbLkQBY,Specialist,Edit,2026-03-17T18:54:40Z,006zBlVXRON0pu2IAG,005NradmkgHLf0bIJ5
00qS1DDHbcwOclZIP0,Sales Engineer,Edit,2021-03-29T09:34:25Z,51tCO1aeW2hjHWTY77,0057ufaHufy75ktAX1
00qwWnJwd3utZqQI3Z,Sales Engineer,Read,2021-08-01T00:02:03Z,516RbQ68qhnEwc2A7F,005hvPRYHDjoBLOQ3X
00qapzbCSdNJEgGIO6,Sales Engineer,Read,2025-02-16T12:34:31Z,006F3BVw3SjttvbAU1,005YbujEVi8pPHuINT
00qYHgPh2tgVURzI9W,Account Executive,Read,2023-01-07T00:07:55Z,510pZvpQ5rEerZiQIL,005G7PmEiXypty3IQL
00qGXA61NzIucmII13,Specialist,Read,2024-07-05T03:32:17Z,5011NNINPu91uTFIKD,005Nr8mKUnQ3oinATY
00qgl9KhtG7n7VBQ6V,Executive Sponsor,Edit,2025-02-19T01:28:22Z,006NS7Cb71T2retY7N,005xwhqeeWgm4agYMN
00qZlnQ1yh2YRrSIF6,Executive Sponsor,Edit,2021-11-12T01:11:01Z,001v9B7cfK1SYjJIJ3,005xk2KsXa5Ub6fA8M
00qhRrlrRdJytMTQ5G,Executive Sponsor,Read,2022-05-11T22:58:53Z,006Fr4bKzYeqWb9ANS,005NvlW1Gc9rLAVAYL
00qOlXmROuhDH7PA52,Specialist,Edit,2023-12-05T08:33:21Z,006oAJsAbMdLn7iAI5,0059cNiXLcpBkagI2J
00q098pH15kYLDlQKG,Executive Sponsor,Read,2021-03-22T18:23:08Z,70i2P36afSR1lZJQ9Y,005qn7LR76DmPdbQZN
00q6kWw7bO6mSXcYQ7,Executive Sponsor,Edit,2023-04-21T18:52:31Z,006Ngp3eXn7oUtMIL0,005Nr8mKUnQ3oinATY
00qwvNWkkRI3pDzYYF,Account Executive,Read,2026-06-11T22:48:32Z,006pFJpL7bJOER9YIK,0059cNiXLcpBkagI2J
00qSfhX2IWOLG9xIOU,Executive Sponsor,Read,2025-10-09T13:58:04Z,006DNVYpZAeKKNsIZ8,0058ltZKG17vpJbQJK
00qqRNk680wsn2DAV3,Sales Engineer,Edit,2022-03-27T04:56:55Z,82iagHzkTkAOFAFI1V,005RuPGFXVl50YyAI2
00qHvbxmdaaENY6AJ8,Sales Engineer,Read,2021-01-29T15:10:50Z,0062scKm4y13WyjQ8J,005ztlrbFPcuOLhY8F
00qVFmlWzUYg5JbIBK,Account Executive,Read,2022-09-08T23:58:32Z,71taZWt3ojFBqZHATH,005krCc5IJC2wfdQ2P
00qzhk5003KTlGFYYN,Account Executive,Edit,2021-01-07T12:25:44Z,006gqMyJYjomeSSARY,0051j8xdsf40yysQI6
00q2D14RUMHUHamQF3,Account Executive,Read,2024-03-27T17:10:33Z,00toCCSiPvzOx02AL7,005oCyN03vzPYXsQE2
00qHordAV4XoS3DIML,Specialist,Read,2023-11-22T13:19:56Z,006MlJs2pvRBVo1YFB,005ifKSPcGiOhecIJG
00qbV3DBUSURXPSI56,Account Executive,Read,2024-08-26T09:14:10Z,000wqpYfzH5iNPNYAV,005Vo9gpxbtHjOOIMV
00qxVzRsKBim8bXQOU,Sales Engineer,Read,2025-03-23T13:06:52Z,8064auPFKn88uyxYHW,005wmbTnVpYGoJ1AGI
00q0o3gJXJizc7cITK,Executive Sponsor,Read,2024-03-19T15:39:46Z,006ImCBjL3nyFswYR6,0056kxsLcWcZ0y6Y1M
00qjiMp2u3lXk4VI69,Specialist,Read,2021-10-20T16:18:02Z,7007XajoQqgjc5CIMK,0057ufaHufy75ktAX1
00qOwzhuzgA0HxBA3C,Executive Sponsor,Edit,2024-11-24T15:44:38Z,006CHsqxiqjM02AIKO,005lhMYUKPuvXDoIO8
00q88mOblaqDaxhIMC,Executive Sponsor,Edit,2025-04-13T12:05:36Z,006J24dpSTYD3dmYA2,005mKVeNm7pzbbYYYT
00qgmnX44FtbIAJQK8,Executive Sponsor,Read,2023-12-27T21:11:33Z,006r4qdkepshooRIAE,005wmbTnVpYGoJ1AGI
00q3TMGXraLYzDsQ1N,Executive Sponsor,Edit,2025-08-03T23:38:19Z,8168uwBtDwPU4BxQ5U,005uepIIzxcmHrDI1O
00q2VjGqfAGf9lnITQ,Executive Sponsor,Read,2024-09-30T04:00:26Z,0069DzgJkCYuxnZQ6R,0057jDImegCGqG7YZ2
00qXMui7LuyEWRjY7V,Executive Sponsor,Read,2023-09-30T02:59:02Z,811XTE2Rky3URobQRZ,005lkwCvvs1NKzQIH0
00qzXb9WeQ1EFtUIS2,Sales Engineer,Read,2025-11-29T07:44:35Z,006rosvu0LndxfWIPI,005xk2KsXa5Ub6fA8M
00qUXxaRc83qe5BAFW,Sales Engineer,Edit,2025-04-09T08:07:08Z,506lE6RMDqvThysAOK,0055EGfQDBgoAh8IFH
00qumqPyy31WrrxIQE,Specialist,Edit,2023-10-12T22:41:19Z,006nJcY7QX4evvNIVR,005dxKTxH6gxu99IEO
00qoWDuP12c97tRYCG,Sales Engineer,Read,2024-05-16T14:31:20Z,006mzWe58RdMo3xAFH,005hfmtBm0piYtTY6K
00qbNYMGW6WVc0DIHB,Specialist,Edit,2023-09-30T15:20:45Z,006mNZ7IR8DOFgbIXB,005nzeP1FFxSfMhQ5C
00q0aySgX7q4YcvQ95,Executive Sponsor,Read,2021-03-05T09:09:46Z,52tJCz8frqchjyuY71,005dxKTxH6gxu99IEO
00qpBytX5tcC2CuAJF,Specialist,Edit,2023-02-12T19:48:10Z,52ijn69SPLo4ed5IRV,0059cNiXLcpBkagI2J
00qbfsOHYe5yiF1YKD,Specialist,Edit,2023-11-30T23:00:42Z,016XNH4QZ7kxqA4YQL,0055EGfQDBgoAh8IFH
00q0SElDUlf0iQAITW,Account Executive,Edit,2021-02-23T18:38:56Z,006Don2vq9WqhYJQIR,005Vo9gpxbtHjOOIMV
00q0DvuiYPggi9CAAO,Executive Sponsor,Read,2023-10-07T03:50:14Z,82t6myuARNIiQTlYD6,0056Go3C6Dl0bjnQEY
00qxeumNAlGogVnAN2,Executive Sponsor,Read,2026-04-25T16:38:27Z,52iUP44Z1VvVcIYA8B,0059cNiXLcpBkagI2J
00q9E8NSZGxGaE9YX5,Executive Sponsor,Edit,2021-12-02T17:56:58Z,516RbQ68qhnEwc2A7F,005yqybzTtVK8u6IOR
00ql03pDdwf1DHYILV,Specialist,Read,2024-03-29T05:28:33Z,7212lBGld6d3jDdISJ,005s4Xb2ZkbCAMvQEZ
00qaIbCVHGcbSZAQ3E,Account Executive,Edit,2022-01-06T02:46:42Z,700Uv4OBKSrHegvA8L,005RHpTOWiLP3HTIID
00qNxRCBmALXN1KQ50,Executive Sponsor,Read,2022-07-07T17:27:43Z,70tgFgk04tdi6gGAPV,005dY26xUNDmki4A5N
00qcWb21ySkAOjwA99,Sales Engineer,Edit,2022-09-09T19:10:05Z,006ZDdH46cCuqF0YRL,0057jDImegCGqG7YZ2
00qx0qYbtyKsyvtAFF,Specialist,Read,2021-11-06T02:01:06Z,006DBrwDdwHfBPgYBC,005nzeP1FFxSfMhQ5C
00qhuKTbzVkbErfQOQ,Specialist,Edit,2023-07-01T19:48:54Z,80iFznLOYTxhHHUQ1L,005pAoa72XGI02qYGZ
00qvbk5mjGZZVe4I0Q,Account Executive,Read,2022-04-24T18:32:11Z,800b4hPm6qk3M2KARE,0056BILiQX0m1w8QY3
00qg3T0mEFZtYrEYRL,Account Executive,Read,2021-08-27T07:57:03Z,706ILyC8RoCvI4iAL6,005s4Xb2ZkbCAMvQEZ
00q97aWjYLzP9sVQPV,Executive Sponsor,Edit,2022-07-05T22:54:09Z,510IQPDyR2DAOuCIPM,005NradmkgHLf0bIJ5
00qhqDJLJLLj8ShAOV,Executive Sponsor,Edit,2021-05-31T06:44:01Z,00619ntde9Mf8BfQ4P,005Vo9gpxbtHjOOIMV
00qduUhM8VYWq3pIEN,Executive Sponsor,Read,2023-11-27T07:20:19Z,006OHS32pgAomz6I24,005si8rNhwYkQikIOL
00qdPLhsLEppTDzQJK,Sales Engineer,Read,2022-10-11T18:00:38Z,006WhXbCRPuW6KKAM3,0058ltZKG17vpJbQJK
00q38cvO2XJeLHyAUT,Account Executive,Read,2021-05-23T11:30:10Z,810y0lH3OXxqWsFIJT,005G7PmEiXypty3IQL
00qnQEDgCzADtdJYTB,Sales Engineer,Read,2024-02-28T00:43:19Z,71tjE28RTCl2kE2I0Y,005krCc5IJC2wfdQ2P
00qwdHdPPkm8zGGQ4Q,Executive Sponsor,Edit,2023-06-29T04:19:12Z,006TQ9IAaUE9rbLQN4,005LSah1u1GnYGbYOG
00q9b9qbwQr7NMDAHP,Executive Sponsor,Edit,2023-10-03T16:39:41Z,820Xs6GAlVCwBRZY73,0053ucGskT1mdlKYCB
00qosHGMKErgER5IDD,Specialist,Edit,2022-07-24T03:09:46Z,5260ID9UWO3NsN8AI5,005hTpAX3O60UK0AAJ
00qiuhIJD3yYU1bAII,Executive Sponsor,Edit,2024-03-01T04:23:07Z,006rm6acotUVy8XIRX,005Vo9gpxbtHjOOIMV
00qK3vic8LRlx8GYV7,Account Executive,Read,2022-08-31T19:59:46Z,006wYYi8zWX9AwWQDM,0059cNiXLcpBkagI2J
00q3CDBwoXPR9nGAIT,Sales Engineer,Read,2023-03-13T16:37:52Z,006l2kCS4zGpaLLQ1Y,005RuPGFXVl50YyAI2
00q2nD0dTzCrOh6A6S,Sales Engineer,Read,2022-06-28T21:05:24Z,006qbKmy2UA4PO7Y8F,005G7PmEiXypty3IQL
00q19CWYawDuYdOA7O,Specialist,Edit,2023-10-27T14:57:42Z,006dYZQC8LGUICdQ6J,005LSah1u1GnYGbYOG
00qi8jsLwEYawjIINX,Account Executive,Read,2025-03-11T17:32:43Z,006nnGvEDepIXmMIDB,005ifKSPcGiOhecIJG
00qbZajPCYuPdD1YRM,Sales Engineer,Read,2021-06-12T11:45:37Z,82idEJODYkTMfvdAZ5,0057jDImegCGqG7YZ2
00qVK08GqcY0S4nYVE,Sales Engineer,Edit,2024-01-15T06:52:53Z,006xYftB5canLbLQ58,005BLrN0FAgafzHY2K
00qbfr68FwGxMzKIZF,Executive Sponsor,Read,2025-10-13T23:34:32Z,80tJLbrdX7xrvrIIWM,0057jDImegCGqG7YZ2
00qd815ceZHiYgHA2M,Specialist,Read,2023-10-08T02:03:32Z,801oHU9AvbVZ3maQ0U,005mKVeNm7pzbbYYYT
00q0N87G6acAH66Q71,Account Executive,Read,2021-03-04T21:46:52Z,006kf2nLFdad71sAIO,005hvPRYHDjoBLOQ3X
00q54OSLSYPWLFkIEP,Sales Engineer,Read,2024-04-19T12:14:20Z,826CwRcjav3cDKmIJB,005xk2KsXa5Ub6fA8M
00qNmKnH1LmqsA4ABX,Specialist,Edit,2023-11-06T12:17:05Z,8109Mf3g1wQLaZVIXY,0051j8xdsf40yysQI6
00qfEJrjqx5EbjJAH0,Specialist,Edit,2022-07-17T22:16:40Z,006CcicnqotKbV7QA3,005lJuJ789IRmEmQF4
00qCD7N8deiC5HnQK2,Specialist,Edit,2021-12-30T13:16:03Z,006dKL0XzsLR04JI77,005LSah1u1GnYGbYOG
00qGNJjZ4EDuZFUQQ4,Account Executive,Edit,2023-12-07T23:08:22Z,006oHxWmI8eINCNYAY,005s4Xb2ZkbCAMvQEZ
00qzaYu2WkJTIMSITK,Specialist,Edit,2026-05-01T10:24:18Z,006vkQMxOuPNdbfIGH,005LSah1u1GnYGbYOG
00qf3LQXl7ZhcH2AWT,Specialist,Edit,2022-02-21T08:53:13Z,52tU95rJYmkebocIIB,005yrzZ2QLuB1ZZYH4
00qgm8Wb99AfjyGII4,Sales Engineer,Edit,2026-04-24T13:03:11Z,7007XajoQqgjc5CIMK,005Nr8mKUnQ3oinATY
00qF1ITcndPVV28YBI,Sales Engineer,Edit,2025-10-23T01:33:54Z,00648rOD1tDCPslQZY,005IKQxHrnOfGBxYIU
00qoVoc6ISH5QiYIU1,Account Executive,Read,2026-06-13T12:57:57Z,70iEKKsvpW0SHkqQH8,005xEqNFzxKXya6IGV
00qpY2yt8YVP8eUQI2,Sales Engineer,Read,2021-05-24T19:56:33Z,52tLaCdL9BDn6axIDS,0051j8xdsf40yysQI6
00qJ8IzGoLue4vUY5G,Sales Engineer,Edit,2022-12-13T13:53:26Z,720hP6w22xszes4Y51,005ifKSPcGiOhecIJG
00ql8a9QL4xJtAMI8I,Executive Sponsor,Edit,2024-03-05T14:49:49Z,500Q2cTozA6h6POIBP,005qn7LR76DmPdbQZN
00qjrHT4WoiELS5QZZ,Specialist,Read,2023-01-06T18:14:56Z,006MgQnB3hrVK2oYP0,005yqybzTtVK8u6IOR
00qVjalL9RJz2WYIVD,Specialist,Read,2021-10-11T21:06:33Z,51iQD0tQCZ7I9awQN4,005qptAZodwwrZzYUF
00qlQ7FgtKSeTLJY4Z,Specialist,Edit,2025-10-17T05:47:27Z,700HXReK0YYlpwkY13,0051j8xdsf40yysQI6
00qBELcacaxE9QCA4V,Executive Sponsor,Read,2022-09-15T00:02:35Z,011JxfixcCLvwAjYHP,0057ufaHufy75ktAX1
00qsUGzq0rkwoh9QM3,Executive Sponsor,Read,2023-09-09T03:18:16Z,010qrGV2IR04JXPIOG,005hp0uS7WWG0emI9I
00qwVNLLlbEEePmA1K,Executive Sponsor,Read,2022-07-24T20:02:10Z,011HMYcl7buHdcYITP,005gMY3fFnSvHOzQLX
00qKtzb8NOrr7xOAN8,Executive Sponsor,Read,2024-03-03T11:09:26Z,800b4hPm6qk3M2KARE,005qptAZodwwrZzYUF
00qUGR0i0TwPoIlQ34,Executive Sponsor,Edit,2022-06-16T15:36:16Z,0060fpWHPzBid9MQTD,005lJuJ789IRmEmQF4
00q2vYL62PU7NiTQKY,Sales Engineer,Edit,2023-01-17T23:36:18Z,0068CmpmhHtxNAzYJM,005pFLSqKe2EKv0Q0O
00qpiOynDDmXVa2IZI,Account Executive,Read,2021-12-29T15:20:49Z,520tpdZF37z5lm2IER,005qOi29J2o9pHYYCI
00qSgDxSr2R1yW9QO0,Specialist,Read,2024-06-20T07:23:53Z,006256MqpWNIFykIC2,005RuPGFXVl50YyAI2
00qYIuu1uIHatZZQJD,Account Executive,Edit,2025-04-04T01:15:42Z,826Zu6vzs07Yg80AR2,005lhMYUKPuvXDoIO8
00qE2aGxlonTV43I1R,Executive Sponsor,Edit,2023-05-03T02:52:30Z,82iSvD5Ndqnr40yICG,005mKVeNm7pzbbYYYT
00qdrLOzl24PPx3YHR,Executive Sponsor,Edit,2024-09-15T04:11:49Z,706hqp8mxB71nrAAPD,005RuPGFXVl50YyAI2
00qeInk5tdZ6N5oQ6P,Specialist,Read,2021-12-23T18:01:02Z,800b4hPm6qk3M2KARE,005W8vdEbVdzOCdA62
00q5K1o7asK6w5aYA7,Specialist,Read,2025-03-30T15:38:42Z,006jm2QtLYuPp0jI48,005wmbTnVpYGoJ1AGI
00qXU09vSDUEi17AEG,Specialist,Read,2025-09-08T15:40:31Z,81iQSitxDjFggR0IUS,0051j8xdsf40yysQI6
00q4TNVcQa9PUpwQJ3,Executive Sponsor,Edit,2026-01-01T17:00:37Z,01iEa511wLJYEKAAFG,005lGkJeYS6wczpY2Q
00q2hcMSZCfKgEHQP9,Executive Sponsor,Edit,2024-02-10T15:18:49Z,70iwkmQsAhcABLFQQN,005YbujEVi8pPHuINT
00qepiewSklcM5RY57,Executive Sponsor,Edit,2024-01-17T19:19:33Z,511cHYiBkget9ekI13,005hp0uS7WWG0emI9I
00qEWxXqeNEyKwYYPX,Account Executive,Read,2026-02-25T06:32:39Z,006LfsPZOgeTmYBYKR,005lhMYUKPuvXDoIO8
00qoZv904gcVTo3ITE,Account Executive,Read,2022-08-02T12:15:25Z,0065dFJTPLJ2lzxQYM,005G7PmEiXypty3IQL
00qfEQ4BQqs6cjSA0S,Sales Engineer,Read,2025-07-26T12:38:21Z,826G52r1iX8Nnp4QKI,005btAWhiiwsSYtA2R
00qPuaKraUTs72UY44,Specialist,Read,2024-08-29T03:23:53Z,516T1jyYjH3KRCII9F,005pFLSqKe2EKv0Q0O
00qzQQXVb0M4WtbQR7,Sales Engineer,Edit,2026-02-18T12:50:44Z,006Ngp3eXn7oUtMIL0,005RuPGFXVl50YyAI2
00qrJF7fqwcyfTqYAE,Account Executive,Read,2021-04-16T03:03:23Z,006oAJsAbMdLn7iAI5,005ztlrbFPcuOLhY8F
00q2lFlMvnxoH7YYQO,Account Executive,Read,2022-05-02T18:15:01Z,01tdyvIgQpVTvgTYQH,005mKVeNm7pzbbYYYT
00qrY8MlDYPnn9BAIA,Account Executive,Read,2025-05-21T01:03:20Z,006fjS5Ew4iv3VmADQ,005RuPGFXVl50YyAI2
00qSaybili66EJsAPC,Account Executive,Read,2025-09-02T09:17:23Z,8104BWEK6Vg8jxoQ0U,005dxKTxH6gxu99IEO
00qZOWyXz7TIC8FAI9,Account Executive,Read,2024-04-19T17:23:50Z,52izos8oLQ3dD3sA0D,005pFLSqKe2EKv0Q0O
00q1LPEnNe02lvcQUH,Specialist,Read,2026-01-04T14:21:52Z,006VqFLsQXSeznYAJW,005YbujEVi8pPHuINT
00qZg99SYCqoG9sAJ9,Specialist,Read,2025-03-27T20:44:08Z,511rCYELNBcd4IvA18,005lhMYUKPuvXDoIO8
00qKbNW1EIywv8JQSL,Account Executive,Read,2022-10-16T06:21:06Z,006JBCuzYapF5eRQOG,005yqybzTtVK8u6IOR
00qnWUg7SQjqKD2QDS,Account Executive,Edit,2024-12-30T17:20:04Z,52i5pEXn6pAdR6eI4T,0057ufaHufy75ktAX1
00qUx7iuHGEEpBGQTT,Account Executive,Edit,2025-08-26T13:59:09Z,806oZbrY2Wwhpt1IBF,005qn7LR76DmPdbQZN
00qNI5Xp1H7wOlLYIK,Executive Sponsor,Read,2021-01-25T00:32:26Z,726CAuE2OX9ciQtAAC,005si8rNhwYkQikIOL
00qoBN7lIzxxhtxQSK,Account Executive,Edit,2025-03-03T18:17:46Z,516BZpqi92HfMiEAXD,005W8vdEbVdzOCdA62
00qfZG2Q8x1J1MtY5Y,Sales Engineer,Edit,2025-07-30T16:28:45Z,01tBe6YHqK3HBCaQ0M,005pFLSqKe2EKv0Q0O
00qZvZInZpSU58kIGU,Specialist,Edit,2026-02-02T05:44:18Z,52trC9q4k0rZZPwASJ,005NradmkgHLf0bIJ5
00qjKxkcywsVxNZI4I,Sales Engineer,Edit,2024-05-31T03:49:48Z,526tiVAAPhLu2fXQKK,005gMY3fFnSvHOzQLX
00qhVIOFpvK5PsQA2M,Specialist,Read,2024-03-10T13:25:29Z,006N7rXHgE2rv1zYQ4,0059cNiXLcpBkagI2J
00qIq88nvJ3FWQ9A59,Account Executive,Edit,2026-04-16T13:16:46Z,021UsjaVO0HzQqsIX9,005lhMYUKPuvXDoIO8
00qYItIPtaGQ4K3IUQ,Sales Engineer,Edit,2025-10-13T21:59:57Z,01ianeLPVLfExBXYFP,005Vo9gpxbtHjOOIMV
00qiJ1wP0PH0GA1QKP,Account Executive,Edit,2021-05-01T08:44:17Z,00671SdVpjtpgDaQPP,005pFLSqKe2EKv0Q0O
00qlR5HOwId5ue6YB5,Sales Engineer,Edit,2023-07-28T02:38:39Z,00696luqMdP6Wm4YX0,005qOi29J2o9pHYYCI
00qMpmiClo1xk3HIY0,Specialist,Read,2025-01-24T07:11:43Z,7203OQNAvLWnbb3Q5E,005lkwCvvs1NKzQIH0
00qYgyzztwrLTXTAGT,Sales Engineer,Read,2024-07-20T10:39:10Z,006WhXbCRPuW6KKAM3,005lJuJ789IRmEmQF4
00qBl3TIWoYpdAoI80,Executive Sponsor,Edit,2026-02-25T08:48:32Z,0065Qxa1qeTLEEUACK,005pFLSqKe2EKv0Q0O
00qGuAqoyK2GorwA6L,Sales Engineer,Read,2023-07-24T18:21:49Z,006Yul1mxRT24JRI5V,0051j8xdsf40yysQI6
00qgN0eVLojh1O5Q3Z,Executive Sponsor,Edit,2024-03-09T09:48:20Z,006lsVcb21ouqEAQD7,0056BILiQX0m1w8QY3
00qTeOD7CkudlYDAEI,Specialist,Edit,2024-04-22T03:18:23Z,51tCO1aeW2hjHWTY77,005Vo9gpxbtHjOOIMV
00qqkVKIlWWjyyzAM3,Sales Engineer,Read,2022-04-07T07:41:05Z,006RiaoIeqRgc7vAIO,005lhMYUKPuvXDoIO8
00qHjMyVGMKCqyEAK5,Account Executive,Edit,2023-12-11T08:59:25Z,726ubCp6MSaveepAVP,005ifKSPcGiOhecIJG
00qCkEFkvfXdm3sAGQ,Executive Sponsor,Read,2026-03-27T13:26:17Z,710cjvPbFrUQCs3I5D,005lkwCvvs1NKzQIH0
00q3L6O8MGXLh9bAOJ,Executive Sponsor,Read,2021-01-25T06:55:22Z,01i66jB7YseiJuuA70,005gMY3fFnSvHOzQLX
00qVx84ge7VhBBJQTO,Specialist,Read,2025-06-21T22:45:54Z,006gznTwTPfHgsNQ6L,005ztlrbFPcuOLhY8F
00qdWl7a9e7SgiJQUV,Executive Sponsor,Read,2021-07-16T17:55:56Z,01t6KOBy3HBszRYIB8,0051j8xdsf40yysQI6
00qNcBRPw9I9Cc6I0N,Executive Sponsor,Edit,2023-01-20T03:19:14Z,00tVYwg6Z9IS072YB0,0056kxsLcWcZ0y6Y1M
00qJI5gra6wosrAAIR,Executive Sponsor,Edit,2024-08-05T20:40:41Z,0068jH15h6z8GI9IK4,005xk2KsXa5Ub6fA8M
00qblAPqqhEva8FQFD,Sales Engineer,Edit,2021-12-22T13:36:42Z,006i4xVpYvfU5aYY8O,005YLX0oRwAflvAQZO
00qC7uVXg0HmIToI0E,Executive Sponsor,Read,2024-02-05T23:29:23Z,726itersoyHJxBSACS,005xwhqeeWgm4agYMN
00qd0mDJ0BDANrrQNS,Sales Engineer,Edit,2022-11-14T11:26:05Z,821rutR1vVYYPv7Q11,005btAWhiiwsSYtA2R
00qwXkAqT7pWyHxQAO,Specialist,Read,2022-07-25T06:33:20Z,52tR0p53ylj7fAxAPB,005YbujEVi8pPHuINT
00qX4mkpFQYFRLKA09,Executive Sponsor,Edit,2026-06-28T12:06:19Z,811H4d9tvIFq8siIC1,005yqybzTtVK8u6IOR
00qEYpKVU8agDPFAXZ,Sales Engineer,Edit,2021-12-15T04:47:32Z,826krwx77MmAQbbQ3A,0057jDImegCGqG7YZ2
00qcqYsOVoOjH67A92,Account Executive,Edit,2025-04-25T22:10:34Z,006Z3u7ppaB20gxQ0Y,005qOi29J2o9pHYYCI
00qQcbwAbjVb2pOAKG,Account Executive,Read,2023-01-29T14:13:20Z,520XJrk2Cut9UV0QB6,005xwhqeeWgm4agYMN
00qFMJBUkuMks0lITE,Sales Engineer,Read,2024-02-14T02:35:33Z,710QHOzzxyhjTfEIID,005lJuJ789IRmEmQF4
00qWZoCs8MvZxjeAF9,Sales Engineer,Edit,2023-01-15T19:53:30Z,52tPmQukA58S2sxYT9,005xwhqeeWgm4agYMN
00qbTU9jZ7TUqjqYU7,Specialist,Read,2023-06-10T12:12:39Z,50te6kBScamVZnPYW2,005hvPRYHDjoBLOQ3X
00qA3GETTB4E2i4QOP,Specialist,Read,2026-01-26T00:50:00Z,72ik8dNleqayzEcQHA,005YbujEVi8pPHuINT
00qhTfQhPFRZ3RDQCX,Sales Engineer,Edit,2025-11-21T18:03:22Z,006djs3y9H8Y08YYDX,005qn7LR76DmPdbQZN
00qqGKQbWThxi0HIIH,Specialist,Edit,2025-06-13T09:04:24Z,006EJMe6nq0y8lIYL6,005xwhqeeWgm4agYMN
00qOqZYXohdJvk6Y6W,Account Executive,Edit,2025-09-27T10:01:38Z,821L2kXekYpaJdVIFT,005ztlrbFPcuOLhY8F
00qLDljQlmfvw9RAC1,Sales Engineer,Read,2022-06-12T23:11:24Z,006rBHwox1iD1pQQOC,005oCyN03vzPYXsQE2
00qRGBraEhVzQt8I2B,Account Executive,Edit,2026-04-21T12:12:37Z,006suguxvWSHIgCAVV,005RHpTOWiLP3HTIID
00qANIqPO217XbRQWJ,Account Executive,Read,2022-03-16T19:08:56Z,810lr4J58Bd4DPJYBN,005G7PmEiXypty3IQL
00qv2Cj8ipDtBZ7Y90,Account Executive,Edit,2023-11-23T11:21:17Z,006XCzJW4rLVIIJIY4,0058ltZKG17vpJbQJK
00qCKkLwDknRRpuICB,Executive Sponsor,Read,2023-03-29T20:55:53Z,810Np4XhG7rD2G2QBP,005sAEUaULAzZRzQYB
00qKG8DHqC6bMb7AEN,Specialist,Read,2023-12-16T02:28:31Z,816wh1KMDhi7Fd9QP3,005qptAZodwwrZzYUF
00q4QfdJ2qmBvWvA9P,Sales Engineer,Read,2021-02-13T17:40:35Z,0063H6zpevnH9p6Q1Z,005wmbTnVpYGoJ1AGI
00qcraRfeubzFg9AP2,Executive Sponsor,Read,2026-01-27T16:01:19Z,520tpdZF37z5lm2IER,005Nr8mKUnQ3oinATY
00qH2ncfstr7lNQQXF,Sales Engineer,Read,2023-01-14T06:44:56Z,006jjkICVDTN6PqYR9,0056BILiQX0m1w8QY3
00qswZFuqye4ebnIBD,Sales Engineer,Read,2025-05-21T05:52:05Z,006gAp3k0tp91QTQ8M,0056BILiQX0m1w8QY3
00qtmnua704CxMAY7R,Specialist,Read,2021-10-19T06:53:03Z,011uTS0O62cBIW1YEA,005TU4vqRu98dHsY03
00qy5FiAIy3N8V9I8C,Sales Engineer,Edit,2024-01-27T22:09:53Z,72ttHoExhn8TD4pYOO,005qOi29J2o9pHYYCI
00qRCIgbIamNcdMADQ,Sales Engineer,Read,2026-05-25T22:46:38Z,521EDoVz30PXBNTALP,005yrzZ2QLuB1ZZYH4
00qnCxS5qtRYyXMIZU,Specialist,Edit,2021-05-22T00:45:56Z,020CZweFplpAgAGALQ,005krCc5IJC2wfdQ2P
00qvUO0HJ3hUeKhQR9,Executive Sponsor,Read,2025-02-03T08:05:41Z,006US9BsmcxRtyEIMR,005IKQxHrnOfGBxYIU
00qLn59XOCmJeF7ID0,Sales Engineer,Edit,2024-08-07T23:30:18Z,006o1Gh8JFy138SACI,005dY26xUNDmki4A5N
00q6Rsl4CBjaOSIIMB,Sales Engineer,Edit,2024-01-21T00:28:49Z,006lj43LWcVxgCsY4L,0051j8xdsf40yysQI6
00q4v2cc7l4geVyYZP,Sales Engineer,Read,2025-12-14T09:57:24Z,006pgNnpMiimJ6RYBD,0056kxsLcWcZ0y6Y1M
00qNajf2yECaJc8IDZ,Executive Sponsor,Edit,2025-07-22T20:33:23Z,82iKI9N7Ofohz2WQLX,005YbujEVi8pPHuINT
00qukgCMHdjziQAQUR,Specialist,Read,2023-07-30T11:14:00Z,006erXqFwh1NIFiQ26,005lJuJ789IRmEmQF4
00qR4FpKlnpqJQYAGQ,Specialist,Edit,2023-02-24T02:47:18Z,001oL00mAodv6UcYFE,005lGkJeYS6wczpY2Q
00qRh3RytK9gAK2IBN,Account Executive,Read,2023-10-14T21:32:58Z,010PIV2DESBupn5IVK,005krCc5IJC2wfdQ2P
00qYM09u6CZiDQFQJF,Executive Sponsor,Read,2026-02-04T21:49:31Z,526spsRumdUQ8zFYUC,005oCyN03vzPYXsQE2
00qW8zE8t8c3nKSI3F,Executive Sponsor,Edit,2021-02-17T12:06:19Z,726zLYBE4CZwDwiYXE,005dxKTxH6gxu99IEO
00q1DkbyKNEkJ8EQ2R,Specialist,Edit,2022-07-29T06:19:31Z,00isjDp7DggNzxqQ1K,005dxKTxH6gxu99IEO
00qNDecWMqlmDVCIY2,Sales Engineer,Read,2026-02-06T07:41:13Z,006Fr4bKzYeqWb9ANS,005oCyN03vzPYXsQE2
00q0StmT7Rc8vTaA9V,Specialist,Edit,2021-01-05T21:54:16Z,800vHqrvzyIHBSzYPY,005pFLSqKe2EKv0Q0O
00qb0cd8K46UX47Y9J,Specialist,Edit,2026-04-11T12:19:03Z,006zQjIW1wpr9UTY6I,005uepIIzxcmHrDI1O
00qctZESSyQD5h5IQQ,Sales Engineer,Edit,2021-09-19T05:30:37Z,00tZLRdA6SIdImoI1T,005lkwCvvs1NKzQIH0
00qlXiJVbMuGF3aYVY,Account Executive,Edit,2024-06-12T01:26:20Z,006kl2qCb66wcFrYSY,0051j8xdsf40yysQI6
00qzkyhy1OrGCzVAU6,Specialist,Read,2021-01-31T07:05:39Z,006Cm8Rn4HErLBzA3Y,0056BILiQX0m1w8QY3
00qlCR8FYikzeU0ASI,Executive Sponsor,Read,2021-11-20T13:37:24Z,006gQcx3HZHS3GXQDZ,005uepIIzxcmHrDI1O
00qCiFfVKzG2CzTIG3,Specialist,Read,2021-09-03T13:26:23Z,006SGJN0R7LuvayYPY,005hfmtBm0piYtTY6K
00qwWXf7PPvr6i8YFF,Account Executive,Edit,2026-02-01T06:51:18Z,510ilL9Y0sCGljGA02,005YbujEVi8pPHuINT
00qh4M9Of8W2rofIOX,Specialist,Edit,2025-11-11T00:41:08Z,00637kOJWWqJdXyIJE,0057ufaHufy75ktAX1
00qH7b8JHOfvzrnAOA,Account Executive,Edit,2022-03-01T12:20:56Z,01i4IMardk5sqj4AS0,005lkwCvvs1NKzQIH0
00qDTioWF6oMjc9AAL,Account Executive,Edit,2021-03-29T06:59:27Z,01tehL51gEnarvLQGW,005W8vdEbVdzOCdA62
00qljFhYMhq7M0HQOL,Sales Engineer,Read,2025-10-14T17:12:14Z,02inHUqPyXgpf8GILT,005dxKTxH6gxu99IEO
00qcU0SaCiH5skMQTA,Specialist,Read,2023-03-20T05:24:41Z,0060fyqkOBlBEsPIQ3,005ztlrbFPcuOLhY8F
00qSycGqUU3BuKiQTC,Account Executive,Edit,2025-06-28T15:58:43Z,50ixod6uEodIRyrITH,005pFLSqKe2EKv0Q0O
00qsYKtIw6d62mPYZX,Sales Engineer,Edit,2024-07-20T07:25:17Z,006aSHPcPh3QQb5ABZ,005pFLSqKe2EKv0Q0O
00qytNqlRppNhw1A19,Sales Engineer,Read,2024-08-29T20:33:24Z,0065MMZsFYroY4RAAH,005uepIIzxcmHrDI1O
00qs80mYSkc6oxVYPZ,Executive Sponsor,Read,2021-01-13T04:11:23Z,800b4hPm6qk3M2KARE,005xEqNFzxKXya6IGV
00qSrkn2dlIJMw9I67,Executive Sponsor,Edit,2025-06-08T05:46:16Z,51t70vLfkJeg9kRIV6,005krCc5IJC2wfdQ2P
00qTuCYULRWrGZGYS6,Executive Sponsor,Read,2025-04-26T14:33:17Z,7009ndT7eooqEpOQ0X,005hp0uS7WWG0emI9I
00qOJZfi9uKL6IXI98,Account Executive,Read,2023-08-03T04:46:27Z,006jJ8ct8ZaHG4cYCD,0056Go3C6Dl0bjnQEY
00qwHHXLYj3G907Q3P,Executive Sponsor,Edit,2021-07-28T14:08:09Z,006x1v6emgXFNcTYVV,005VOHFbnLYK0gIIP7
00qIL6KSNcrdA6NQM4,Specialist,Read,2023-01-29T00:57:13Z,006I1lRPeWsjOysYN7,005xk2KsXa5Ub6fA8M
00qy8tTUd0URIx5YL6,Sales Engineer,Edit,2025-09-09T06:53:54Z,006wLJAvWUecVT0IFQ,005RuPGFXVl50YyAI2
00qE6tXns8w5aPMAVD,Account Executive,Edit,2024-08-22T23:50:14Z,70ijdaOO2MtXavKYPA,005LSah1u1GnYGbYOG
00qMPbwH5Wxf2TLQN5,Specialist,Read,2024-04-13T04:02:02Z,006o1Gh8JFy138SACI,0056Go3C6Dl0bjnQEY
00q9EZA5T8l8wP5YYH,Account Executive,Edit,2021-09-12T08:34:47Z,811XTE2Rky3URobQRZ,005hp0uS7WWG0emI9I
00qcuUWxEqnIuxQA4D,Sales Engineer,Edit,2021-10-12T15:24:51Z,726M3cS0So6xFBUAP5,005hfmtBm0piYtTY6K
00qpHnLoi9VZbiZQ29,Account Executive,Read,2023-07-14T05:40:27Z,800b4hPm6qk3M2KARE,005krCc5IJC2wfdQ2P
00qCm5VmnC3DSFtIHR,Account Executive,Read,2025-07-14T05:15:07Z,511wLKR6pa9CynzQH6,0056Go3C6Dl0bjnQEY
00qOyyhyjUMOnDqYJH,Executive Sponsor,Edit,2025-03-20T01:17:03Z,82iZkWaeuyP8zctA0X,005W8vdEbVdzOCdA62
00qA7AtRHnNXDcOI55,Specialist,Read,2025-04-11T09:59:37Z,710cjvPbFrUQCs3I5D,005dxKTxH6gxu99IEO
00qbwWGI7f2pGxmQG8,Account Executive,Edit,2024-07-27T09:14:35Z,006KY5EUmtFCLYFYIW,0056kxsLcWcZ0y6Y1M
00qMqqkBU1j893yQOM,Account Executive,Read,2021-11-24T22:51:16Z,01665LIM3G7O2IEIRV,0056kxsLcWcZ0y6Y1M
00qibmukXSfC5oGQDW,Account Executive,Read,2021-12-26T05:12:31Z,006rBHwox1iD1pQQOC,005sAEUaULAzZRzQYB
00qUjPQ2oDC6VT8IQM,Executive Sponsor,Edit,2021-11-01T13:16:51Z,821aKcShneRXODHYYU,005wmbTnVpYGoJ1AGI
00qe5FSb71f1XRzYED,Specialist,Edit,2021-01-09T17:54:23Z,006nxgHSQTd46Z3ICQ,005W8vdEbVdzOCdA62
00q84uzHNstSmfPQ9L,Account Executive,Edit,2022-10-21T09:47:00Z,02iiwT1Fv1xVhbaAQH,005si8rNhwYkQikIOL
00qwvj8uQ5ku1rZYKK,Specialist,Edit,2025-12-04T08:34:56Z,511cHYiBkget9ekI13,0055EGfQDBgoAh8IFH
00qKcKfE0CooXuNASY,Specialist,Read,2022-11-07T12:01:43Z,00i6MIAyfWb51IPI7H,0053ucGskT1mdlKYCB
00qRSvM0wHaxUKRYAG,Sales Engineer,Read,2026-04-08T01:47:39Z,72tZRFHUoL5umGkI3B,005uepIIzxcmHrDI1O
00qt69GyOZ8zo8iQWG,Specialist,Read,2022-02-07T21:33:04Z,006ooveUCrUvTtuANP,005mKVeNm7pzbbYYYT
00qUzZU5r7hxjXpIO3,Executive Sponsor,Read,2024-02-17T05:54:25Z,0069eIJaAD2ocYEA87,0056BILiQX0m1w8QY3
00qnJhURicp1jepQK3,Account Executive,Read,2024-03-14T22:52:02Z,80189GKnKw0VwCqQPJ,005wmbTnVpYGoJ1AGI
00q8qOP3C2OOwKNA49,Account Executive,Edit,2021-10-13T11:51:06Z,811VQy3NZqgmmwwYEI,005pFLSqKe2EKv0Q0O
00qHjxsoqlyW5ExAH7,Account Executive,Edit,2023-08-20T19:43:57Z,800dZy01aYi4hFRAGV,005oCyN03vzPYXsQE2
00qDQUwnhVX69YfIG5,Sales Engineer,Read,2022-09-18T21:53:09Z,811XgwwZNuhL9tDQKC,005qn7LR76DmPdbQZN
00qb6M1L9JzH2klIMD,Sales Engineer,Edit,2026-06-20T17:41:10Z,50tUVaQsg0U3gCNQO8,005yrzZ2QLuB1ZZYH4
00qECDygtrYKAdtI81,Executive Sponsor,Read,2024-06-30T19:50:18Z,006H5fFhSnXQnHSI4Z,005lhMYUKPuvXDoIO8
00qbCVteUn977QoIDV,Sales Engineer,Edit,2025-06-07T03:34:54Z,006qMvQmhYA7gSZYT6,0056Go3C6Dl0bjnQEY
00qIoSrZsjBf6fyIJX,Executive Sponsor,Read,2023-04-18T21:17:38Z,006VqFLsQXSeznYAJW,0053ucGskT1mdlKYCB
00qxbImWHCQmlo2AS4,Sales Engineer,Read,2025-05-16T19:11:22Z,026xiH3u9M75ou6IW2,005Vo9gpxbtHjOOIMV
00q1TUT6lU1fLMtAMN,Sales Engineer,Read,2021-06-03T01:05:49Z,80tobc4ke2BPPvLYSC,005LSah1u1GnYGbYOG
00qqkjU8an5gi1bA0S,Specialist,Read,2021-10-06T02:59:37Z,800b4hPm6qk3M2KARE,005lkwCvvs1NKzQIH0
00qz9bMadN79ZMqQ2W,Sales Engineer,Read,2026-05-10T04:11:38Z,010DZv25sVANCq3AQV,005lJuJ789IRmEmQF4
00qBwn3zJPH1M0XYKZ,Specialist,Edit,2026-04-06T18:27:46Z,006gQCGCiLbdaimACJ,005hTpAX3O60UK0AAJ
00qlk2vXhyM9uBfAEO,Executive Sponsor,Read,2023-08-17T13:35:11Z,710QHOzzxyhjTfEIID,0053ucGskT1mdlKYCB
00qUqTvjVA2fRU0Q6E,Account Executive,Read,2026-06-28T06:00:03Z,006kvwdfIVI9fRdA9N,005hvPRYHDjoBLOQ3X
00qjHt2T2Lb7SQgQAK,Account Executive,Read,2025-05-14T12:50:16Z,70trphiT60GMX0jQVT,005LSah1u1GnYGbYOG
00qo7VUw3MqbrA8Q4Y,Sales Engineer,Read,2023-03-20T23:20:32Z,006dzHnAED6PNrzII8,005si8rNhwYkQikIOL
00qWWtJY6RZ1rZDIXM,Executive Sponsor,Read,2025-02-08T09:42:38Z,0067aXW9gWvw28fQH9,005YbujEVi8pPHuINT
00qy9Y4meRUX5jSA0F,Sales Engineer,Edit,2026-05-11T17:39:46Z,52tXl8ylcDz2RlRQ2J,005ztlrbFPcuOLhY8F
00q1leMY2ukXDDEYWJ,Specialist,Edit,2021-06-11T07:27:05Z,006Hek2NzkQMIgOYM0,005LSah1u1GnYGbYOG
00qbKg10x9gf7D4AMX,Specialist,Edit,2023-08-21T16:34:51Z,006QJIXxGyVD2r0AHP,005ifKSPcGiOhecIJG
00qOG2Vcags2kKSAOM,Specialist,Read,2024-05-02T15:09:31Z,006TZoK03XTSLqlQNH,005uepIIzxcmHrDI1O
00q7897NHyJTqYzAE2,Sales Engineer,Edit,2025-04-24T21:37:52Z,516Cx2wqpjjPwLpIDO,005G7PmEiXypty3IQL
00q1FKhgLYvhJSMIJW,Sales Engineer,Read,2025-06-18T13:54:44Z,006SuDVGLO3qOvkI56,005hTpAX3O60UK0AAJ
00qVHD0nxuPwaNaA6A,Sales Engineer,Edit,2023-10-24T12:03:55Z,006Hh9cMgbG5BskAGG,005IKQxHrnOfGBxYIU
00qsXythr2bEQ0lIYK,Sales Engineer,Edit,2023-08-25T15:26:54Z,0061a0N3TcwgYlmIJU,0053ucGskT1mdlKYCB
00qaBT3fCW5UYShYLD,Account Executive,Read,2025-12-05T10:34:05Z,701Ejd0faIkp4zwI6I,005lhMYUKPuvXDoIO8
00qVjq8syfqPshPIDA,Sales Engineer,Edit,2024-05-02T16:22:49Z,82iguBN6CwTjhOfY0A,005YLX0oRwAflvAQZO
00q0OuDIPADPglJA98,Account Executive,Read,2023-03-23T13:49:48Z,0062nPkjTHRCc4xAGA,005gMY3fFnSvHOzQLX
00qWJpeYZaJldwGIT1,Account Executive,Read,2024-03-17T23:09:27Z,00631GIvihJzBLjIQL,0055EGfQDBgoAh8IFH
00qowLkhrcs4tQZQTE,Account Executive,Edit,2025-06-12T16:38:25Z,006IsR4se1fnguyI74,005XE0YLnoIgg8hAV9
00qx3HIjPiAUiE8QL1,Sales Engineer,Read,2022-02-28T05:45:12Z,006ZCsT1xiI0zuZYAP,005si8rNhwYkQikIOL
00qbgA5hGkyztnRQG3,Executive Sponsor,Edit,2021-03-23T00:28:10Z,006cSgQgdiJ42DnI54,0058ltZKG17vpJbQJK
00qxalsfwJgp2IHA9C,Account Executive,Read,2023-03-24T19:00:59Z,006kAGeAabJUDUDIQL,005nzeP1FFxSfMhQ5C
00qdFmWHi0OHO7cAB5,Executive Sponsor,Edit,2023-10-03T07:10:28Z,0061JbupnVunqbdITT,005yrzZ2QLuB1ZZYH4
00q4beuw0e2sTTOY81,Specialist,Read,2025-02-04T23:51:36Z,721L9PVNy9jMezEQVX,005btAWhiiwsSYtA2R
00qOHGSNOFRXApiAOT,Specialist,Read,2022-04-19T07:15:57Z,521n8wLYOIVQwnkA91,005gMY3fFnSvHOzQLX
00qrD2VEHZ6ClRrQUS,Sales Engineer,Read,2026-01-18T16:01:56Z,006csbwE77CaSuXQOW,005btAWhiiwsSYtA2R
00qpC7CHBCEFDrnIFI,Executive Sponsor,Edit,2022-05-02T17:05:46Z,00631F4ooCdwrqsY33,0059cNiXLcpBkagI2J
00q5AUuYZhQ7mipAVY,Sales Engineer,Edit,2025-11-12T09:20:02Z,0063VITrqRr1fHqALS,0051j8xdsf40yysQI6
00qLhYMTo0I2DfWQZO,Sales Engineer,Edit,2024-01-05T19:04:38Z,81tA5YbVu1uMoiMI5D,005Vo9gpxbtHjOOIMV
00q8BzrSIfY8libYEI,Specialist,Read,2021-10-02T09:43:15Z,006uNNxsCDR2JbcI6P,005uepIIzxcmHrDI1O
00qOJOwq8fu8wa4Q9F,Specialist,Read,2023-03-20T03:43:54Z,511eM2lrl9Ozn6fAVQ,005RHpTOWiLP3HTIID
00qq3q56HVBHQ7TA0M,Specialist,Read,2021-05-04T11:25:05Z,006s2a6knML0XkuIJB,005qn7LR76DmPdbQZN
00qvN1MDdDudH9bY0P,Sales Engineer,Read,2021-09-15T16:23:48Z,006SGJN0R7LuvayYPY,0059cNiXLcpBkagI2J
00qgAC4COIZxUsdQBN,Specialist,Edit,2025-04-27T21:26:44Z,006lZoIVAKFfXeOA5D,005RHpTOWiLP3HTIID
00qkTcOT23n9iJnQ07,Sales Engineer,Read,2023-06-20T07:45:53Z,006Z3u7ppaB20gxQ0Y,005xEqNFzxKXya6IGV
00q38FmGgzYyry8QCQ,Sales Engineer,Read,2025-05-22T08:09:08Z,006Don2vq9WqhYJQIR,0057jDImegCGqG7YZ2
00qJNAMWKhn9sD4QCF,Executive Sponsor,Read,2023-01-14T08:10:00Z,006UjOrr7j0yErBITV,005XE0YLnoIgg8hAV9
00qJyTMBsuZ7cJKAMC,Sales Engineer,Edit,2023-04-13T19:39:52Z,006x2xe6kaSh69sAP8,005hvPRYHDjoBLOQ3X
00qmoo6sJnIHRDEY6F,Account Executive,Read,2023-07-25T00:28:37Z,50tf4CWYq6976H4IP3,005pFLSqKe2EKv0Q0O
00qhu48ADacn6vlQKO,Specialist,Read,2021-08-18T01:41:21Z,70t9ioE68Kz1UWuIGI,005G7PmEiXypty3IQL
00qCN8xmteXsvzYI85,Account Executive,Read,2025-07-26T16:25:38Z,006DNoRwygowZthYKS,005xEqNFzxKXya6IGV
00qb0gOQCwXtybjIUY,Sales Engineer,Read,2024-02-08T22:58:37Z,006XyK3Usoqe1pXQ0H,005lkwCvvs1NKzQIH0
00qymVGJOMc5299QBK,Executive Sponsor,Read,2025-01-11T00:10:14Z,500prBGPio0jxLPQI6,005krCc5IJC2wfdQ2P
00qf9bjvyNWCAlII81,Account Executive,Edit,2025-07-20T07:06:22Z,006CcicnqotKbV7QA3,005BLrN0FAgafzHY2K
00qG5CRsR0ia44tAAS,Specialist,Read,2024-10-26T18:37:09Z,006suCA8Xg8hP7SQ38,005dY26xUNDmki4A5N
00qAi0PCMoSPnUZAOY,Executive Sponsor,Edit,2024-03-07T05:07:20Z,52ii6xLGKZevuFNI40,005oCyN03vzPYXsQE2
00qqoGr3RbjoT3cIRI,Executive Sponsor,Edit,2021-02-14T11:41:20Z,006KvgqOCDEtXcYI4R,005hp0uS7WWG0emI9I
00qsMXPP1OhZRjNQQ5,Account Executive,Edit,2022-04-03T08:00:41Z,006rv68Dcrw9aiCQPM,005Vo9gpxbtHjOOIMV
00qQFfciVLZkj4YI75,Account Executive,Read,2024-08-24T17:35:29Z,021jvqwanvRq8PSQS3,005qptAZodwwrZzYUF
00q2Hu5tn5EUtOEAV4,Sales Engineer,Edit,2023-08-06T09:27:26Z,006rbw90vWBViXOAOH,0059cNiXLcpBkagI2J
00qhjgwJXcB8el1IBO,Executive Sponsor,Read,2025-12-20T05:38:38Z,006nNZWqxGEH725AZ4,005TU4vqRu98dHsY03
00qtcchh2whIUcVAS8,Specialist,Edit,2025-02-19T12:30:10Z,0114VX34JojdXVkQA0,005TU4vqRu98dHsY03
00qKfYxqiY5tFxQYLH,Executive Sponsor,Edit,2023-03-24T05:39:00Z,00iQdjx4xLmOmbDYYY,0051j8xdsf40yysQI6
00qGLFfDa4kKkFrQ63,Executive Sponsor,Read,2024-08-30T20:29:20Z,006x2xe6kaSh69sAP8,005YbujEVi8pPHuINT
00qQhGgQvPke0knYY4,Executive Sponsor,Read,2023-11-28T03:54:06Z,006yDJdvo00qvdmALK,0051j8xdsf40yysQI6
00qT0EpXQooP6RSYG3,Specialist,Read,2023-08-13T09:04:56Z,810AfXY7CkI2OtTAKH,005uepIIzxcmHrDI1O
00qXDhHu08mRJwEI3S,Executive Sponsor,Read,2023-10-11T15:35:01Z,02inFI2zQXHfDeCQAL,005dY26xUNDmki4A5N
00q8LUQP2vL0Pv0AGG,Sales Engineer,Edit,2026-06-27T21:34:05Z,700wA90FDeQiZ6wQI3,005s4Xb2ZkbCAMvQEZ
00qpurzWRz6MDFHACQ,Sales Engineer,Read,2021-06-20T08:25:59Z,026pLi5YaivbPOPQG6,005NradmkgHLf0bIJ5
00qq8YhLmi7oowOI9M,Sales Engineer,Edit,2025-09-02T22:28:31Z,006ZNylqhQEimcZQR4,005si8rNhwYkQikIOL
00qV7ywrUd2lnyoIK8,Account Executive,Read,2021-07-18T12:09:25Z,510XlKVyPMJxen7Q4V,0057ufaHufy75ktAX1
00q7bvp6IDVDY8WQUS,Specialist,Edit,2023-11-27T21:58:23Z,006kfWH3fHnKyijQ5P,005pFLSqKe2EKv0Q0O
00qMuHD4KCDRFrlQS2,Sales Engineer,Read,2024-01-26T08:57:34Z,70iGFDinNwlr4UmAGT,005dxKTxH6gxu99IEO
00qwN909r6D5dJ5ICF,Specialist,Read,2026-01-28T08:58:42Z,001u1OOodfcF8MkAB6,005hvPRYHDjoBLOQ3X
00qxOHSgaEvRomCQFZ,Specialist,Edit,2021-08-04T21:02:39Z,006W5p2czSs2evdA30,0055EGfQDBgoAh8IFH
00qhJtiFrsx8SJeIX6,Executive Sponsor,Read,2026-04-27T12:35:01Z,500bGsYyxmgR7AMIUZ,005hp0uS7WWG0emI9I
00qRjtPN2Qg2GLjIAT,Account Executive,Read,2025-01-24T17:20:26Z,006mxnurp6XRsd0YOV,005YLX0oRwAflvAQZO
00qgArv7DkPpKSqI5V,Executive Sponsor,Read,2022-02-11T21:46:37Z,006ptlKteEjaZoiA7P,005NradmkgHLf0bIJ5
00qrAsDqL0MOQgVA8P,Executive Sponsor,Edit,2026-01-11T21:30:55Z,820Jb4ogspC9zPxY2T,005pAoa72XGI02qYGZ
00q8QaYmvmirMUJIQ8,Sales Engineer,Edit,2025-03-29T19:32:54Z,0209iZ621bh0jciAXC,0053ucGskT1mdlKYCB
00q2rWSpCXdQdLdI8W,Account Executive,Read,2025-09-17T19:47:05Z,71tJjIveWMK8HThASC,005W8vdEbVdzOCdA62
00qsJAw8JbPBjF1ADV,Executive Sponsor,Edit,2022-05-08T10:28:04Z,006oCgHwGOQu57JQKC,005TU4vqRu98dHsY03
00qE4pjRPsUtN2zAWD,Executive Sponsor,Read,2023-06-26T00:50:53Z,006TsCc1r4nTt7BIKI,005ztlrbFPcuOLhY8F
00qDxGBeAJ1FgnuQM3,Account Executive,Edit,2023-03-18T14:14:18Z,81t16BtiGlvXBS6YOP,005RHpTOWiLP3HTIID
00qzs0Qb2PtA6FLYHH,Specialist,Read,2023-08-01T02:57:12Z,816ub6hPcL9xyf9IYI,005qOi29J2o9pHYYCI
00qQMb0c1hRKF09YWO,Sales Engineer,Read,2023-01-26T23:32:22Z,0069XmIipc9u2YrIUP,0056kxsLcWcZ0y6Y1M
00qHo5V0pFBRaBrI3Q,Sales Engineer,Edit,2023-01-20T11:02:52Z,006l7f2kBpCZ7noI5Q,005lhMYUKPuvXDoIO8
00quHfd5VUaOl24Q6D,Executive Sponsor,Read,2021-03-15T06:51:41Z,71039gZq2bNxatoQZ9,005krCc5IJC2wfdQ2P
00qR9qOb3ypxmHrYW1,Specialist,Edit,2026-03-26T03:42:48Z,516a0xBwxWMNkAxI3M,0056Go3C6Dl0bjnQEY
00qorKPrd5pX1ENAMU,Specialist,Read,2025-06-05T13:52:59Z,0201RQhzNnvKuiQY9G,005hfmtBm0piYtTY6K
00quR3z9X9P8RBbIEI,Specialist,Edit,2021-10-19T22:53:57Z,006rOXi3qQ0tFMMA11,005yqybzTtVK8u6IOR
00qTOGQhEzYy9qtYCJ,Account Executive,Edit,2022-11-11T23:28:34Z,80is1gQgzowKZheA4X,005uepIIzxcmHrDI1O
00qScb3sSym0jfvITS,Specialist,Edit,2021-05-22T02:30:44Z,501YRozXd6JsJZZI4L,005ztlrbFPcuOLhY8F
00qbjPKwONT15nSQSX,Executive Sponsor,Edit,2024-09-12T03:25:08Z,00620lO3NhEVNm4YMH,005uepIIzxcmHrDI1O
00qQYKGyCMBF4enI49,Sales Engineer,Read,2023-09-04T14:54:59Z,006RKsWbGnLeT0ZAGB,005ifKSPcGiOhecIJG
00qvPpBpWTVv3dBQHR,Specialist,Edit,2023-05-07T07:08:06Z,006tG1bv8XHt2VHY2D,0056Go3C6Dl0bjnQEY
00qImxBiiU11LcEYDE,Specialist,Edit,2022-09-18T08:13:43Z,006xg6DrSgjRwccI6H,0058ltZKG17vpJbQJK
00qKFs5qtuLbXAgQZZ,Specialist,Read,2022-01-12T19:17:26Z,006fMmIfjg0R7PKQFA,005oCyN03vzPYXsQE2
00q3NyK1YA2dFpRYBB,Executive Sponsor,Read,2022-12-22T11:02:08Z,5261xjDdX1QGkqmIQC,005hp0uS7WWG0emI9I
00qeVJI4AsnD8pzYSF,Account Executive,Read,2023-01-23T14:14:40Z,01i66jB7YseiJuuA70,005dxKTxH6gxu99IEO
00q5g5QABd2tx9eY5D,Account Executive,Read,2025-04-16T22:22:20Z,006G7lN7lAM26Y8Q8S,005ifKSPcGiOhecIJG
00qKXrJQAJFYGJvYFH,Specialist,Read,2024-05-30T17:00:40Z,006dY7oWzVLeAQbYGM,005ztlrbFPcuOLhY8F
00q719rrsWBeXI4IOL,Specialist,Read,2021-03-01T09:38:20Z,006DWcdP5R43VoTQK6,005mKVeNm7pzbbYYYT
00qXMRSyNtpfVkDIO1,Account Executive,Edit,2021-07-07T00:31:16Z,721T9noLs7XaVr3I9I,0059cNiXLcpBkagI2J
00qAYuurGhpCizrIQK,Specialist,Edit,2025-04-02T12:14:42Z,510zfYYMjTEzrHZQSO,005s4Xb2ZkbCAMvQEZ
00qvs0WIbScntCoIZM,Account Executive,Read,2024-11-25T19:01:43Z,006aA3yAV466PkYAKT,0058ltZKG17vpJbQJK
00qjve5AFxXleyiIPW,Specialist,Read,2025-04-25T12:33:16Z,0169bF3F2SUcb85AFS,005xEqNFzxKXya6IGV
00qKedgcKeMotqdQ49,Specialist,Read,2022-10-01T10:46:41Z,000UXXuEihvqi7kY6R,005yqybzTtVK8u6IOR
00q5Kmr8nrpaeqKAO3,Sales Engineer,Read,2024-07-17T07:56:08Z,70iAIXv9JDYCOPBAXU,005Nr8mKUnQ3oinATY
00q0A45JocKDMXnIQ8,Account Executive,Read,2021-10-03T19:14:28Z,006CxP9McwtRCBxIQH,005LSah1u1GnYGbYOG
00qfhmPKS5N7ANLAZK,Account Executive,Read,2024-04-02T02:30:20Z,006nNZWqxGEH725AZ4,005hp0uS7WWG0emI9I
00qRI5ysu1Ag4uSYB8,Specialist,Read,2023-12-19T08:55:50Z,80tGXaVLkhJzqtaIJH,005YLX0oRwAflvAQZO
00qw8TaNjMkvPmrQ7H,Sales Engineer,Read,2023-11-02T21:07:17Z,006ANGcv4DBMLRtI6M,005dY26xUNDmki4A5N
00qwkcNHz0GssqJAYB,Sales Engineer,Read,2023-11-11T18:43:05Z,70tTifvSS1FGMMJQ9A,005xEqNFzxKXya6IGV
00qvhVwBt9Qwm6fY5H,Executive Sponsor,Edit,2026-04-27T09:00:16Z,5261xjDdX1QGkqmIQC,0055EGfQDBgoAh8IFH
00qixzLBjpbYAR6YI2,Sales Engineer,Edit,2021-05-06T20:21:14Z,006MSXgE1lgC9kNIB0,0058ltZKG17vpJbQJK
00qPmIGkKMcsmVZA70,Specialist,Read,2025-07-17T18:10:44Z,00iqIKwdqI55cMpA5R,005nzeP1FFxSfMhQ5C
00qZCd9Z7D9EGobA13,Sales Engineer,Read,2024-01-17T00:24:24Z,720hP6w22xszes4Y51,005pAoa72XGI02qYGZ
00qcgSf2vN8KfzrASJ,Executive Sponsor,Edit,2023-05-20T23:57:30Z,006QLmXIFixvAu5AMB,005xwhqeeWgm4agYMN
00qMHAvGiuCRJiuQQ4,Specialist,Read,2024-02-22T03:40:56Z,00631F4ooCdwrqsY33,0056BILiQX0m1w8QY3
00qMSgcoyjDJZppAH6,Specialist,Edit,2024-12-17T14:55:05Z,720N6RfLbcjhIOAYHT,0053ucGskT1mdlKYCB
00q8IED9w2Slo6VI3F,Executive Sponsor,Read,2024-11-15T19:56:13Z,006MqvQY1t1liwuIRM,005RuPGFXVl50YyAI2
00qybX7acqKARfvY4W,Account Executive,Edit,2023-12-23T14:19:39Z,52twUqMYL1d6Ai8AH2,0057ufaHufy75ktAX1
00qJggSM5t7vS9cAAJ,Sales Engineer,Read,2023-09-12T01:58:29Z,516ILgCqG997k7VQH4,005nzeP1FFxSfMhQ5C
00qQslVy3rYhoMrYEK,Account Executive,Read,2022-04-19T10:25:06Z,006rm6acotUVy8XIRX,005krCc5IJC2wfdQ2P
00qremG7Dm0Z5noIFZ,Specialist,Read,2024-11-29T13:52:10Z,006gxVBpOMV2bQRQK2,0051j8xdsf40yysQI6
00qjvDREpVjrDgCYUR,Specialist,Read,2023-07-24T09:40:43Z,7110104sHd7nBOwQGT,005lGkJeYS6wczpY2Q
00qooRnMwXFofGvIYH,Account Executive,Read,2022-11-05T08:35:26Z,510zfYYMjTEzrHZQSO,005hTpAX3O60UK0AAJ
00qg73j5Q10WcufYH1,Executive Sponsor,Read,2024-05-03T10:19:41Z,006g2tV35CFtIljI1T,005RuPGFXVl50YyAI2
00qCgvrLjwuJO9SQJR,Specialist,Read,2026-04-10T15:10:17Z,006Qa9Yby9ozfEbQ9V,005BLrN0FAgafzHY2K
00qTFKiyEtRnPwVAMY,Executive Sponsor,Read,2026-02-08T06:59:24Z,02tnP1UyY82cSyiIZD,005pAoa72XGI02qYGZ
00q8Zc6pZi9HIIeQNE,Account Executive,Read,2022-09-15T06:19:58Z,006op3LuFUfeyZzYNT,005IKQxHrnOfGBxYIU
00qIKaY81ByUYQmY7C,Sales Engineer,Edit,2024-10-06T00:50:08Z,716bgY3jb0aZys5AHA,0053ucGskT1mdlKYCB
00qYue7RF1uKI9YA94,Specialist,Edit,2022-01-23T20:15:20Z,006ZDdH46cCuqF0YRL,005NradmkgHLf0bIJ5
00qB8OyRVe3F7fuAJQ,Executive Sponsor,Read,2023-08-05T14:39:13Z,011EmMMoe4AiNxvI4S,0058ltZKG17vpJbQJK
00qkcadBxh6BsNTIY6,Account Executive,Edit,2025-10-29T09:56:52Z,526TlzauHPH30K4Y3Y,005lkwCvvs1NKzQIH0
00qrBKj4DHvrinvITF,Account Executive,Edit,2023-09-12T23:07:40Z,00tvJH5KgpFjKEsYR9,005si8rNhwYkQikIOL
00qXYOlOFZ9p1XfYI5,Specialist,Edit,2022-09-18T20:25:21Z,006DyTvQPKimCaHIY6,005lJuJ789IRmEmQF4
00q2pGpJK72WFEQADD,Account Executive,Read,2022-12-17T21:20:20Z,521ZnDKIAdpMn14Q88,0058ltZKG17vpJbQJK
00qNj2I9EjBVn4OQUB,Specialist,Edit,2025-09-15T01:14:15Z,811XgwwZNuhL9tDQKC,005hp0uS7WWG0emI9I
00qdpxZehEzQtuYIGQ,Specialist,Read,2023-01-01T14:49:12Z,006W5p2czSs2evdA30,005dxKTxH6gxu99IEO
00qYDT1tvESBrGLAYP,Specialist,Edit,2024-05-04T12:09:22Z,021EN8Fd1z1p8WxA9N,005gMY3fFnSvHOzQLX
00qYmbhr8rA1iMuY2X,Specialist,Edit,2024-12-01T00:15:10Z,82itXwKAVNO8tSuYZE,005G7PmEiXypty3IQL
00qykS1nLzSIjRzABF,Specialist,Edit,2025-07-01T18:59:25Z,006hynEucaTRl9hACY,0057jDImegCGqG7YZ2
00q8uBQkKCljZvoIN3,Executive Sponsor,Edit,2021-03-31T13:59:32Z,716r3vXZV1fFbgCQPQ,005yrzZ2QLuB1ZZYH4
00q5UKgZpJH2lj2YC3,Executive Sponsor,Edit,2025-07-09T16:10:49Z,52iUP44Z1VvVcIYA8B,005W8vdEbVdzOCdA62
00qGyjk9oILerqsQUS,Executive Sponsor,Edit,2023-07-11T08:05:22Z,006Ar9yFc3ERTHjYP3,005lJuJ789IRmEmQF4
00qRTIbJuLnBaiDATB,Account Executive,Read,2021-11-04T06:29:15Z,02t5r4FiTCfOemwAZY,0057jDImegCGqG7YZ2
00qjkEy793ebWY0I9J,Sales Engineer,Edit,2021-10-17T20:36:37Z,5110ZOJX7nBAXF4YIM,005yrzZ2QLuB1ZZYH4
00q9o5ClJNMEZaFQML,Sales Engineer,Read,2025-10-25T15:56:10Z,006Lxqd7zx3kqpLAYY,005lGkJeYS6wczpY2Q
00qTqBOi0GoY2zFYUH,Executive Sponsor,Read,2023-06-04T02:19:09Z,00682pc98Lt7LCdAVA,005G7PmEiXypty3IQL
00qIKR7gNyL7GwiAP1,Specialist,Edit,2024-11-06T10:32:01Z,80tobc4ke2BPPvLYSC,005ifKSPcGiOhecIJG
00qiRQoQo8U9wmyITK,Specialist,Read,2025-09-12T14:13:38Z,50iXmb70bfbD7KEAJ4,005pFLSqKe2EKv0Q0O
00qETWqYyj3Yg2EY7U,Specialist,Edit,2023-10-16T19:48:51Z,006DT63lZ5HkzeVA0Z,005si8rNhwYkQikIOL
00ql7ZeCNa7GyAfQT3,Specialist,Edit,2021-02-13T04:24:22Z,800dZy01aYi4hFRAGV,005LSah1u1GnYGbYOG
00qogNVrw5ZrjxgQOW,Account Executive,Read,2025-09-26T09:18:56Z,500UJEy9vlaphnDYJN,005XE0YLnoIgg8hAV9
00qgwOhIYGEfVdVAYJ,Account Executive,Edit,2024-07-04T17:43:15Z,80iuvw8G1Gk2RsPQXY,0053ucGskT1mdlKYCB
00qjZ4sc5JrJgHwAHV,Sales Engineer,Read,2024-09-02T20:38:44Z,511piM4yYXj8T3QYTT,005VOHFbnLYK0gIIP7
00qYT32DSxq3nijIOK,Sales Engineer,Edit,2023-02-15T08:11:16Z,506AofLThebLHyBA0Y,005Vo9gpxbtHjOOIMV
00qcpgpMtxtayu5AQE,Account Executive,Read,2023-10-14T07:21:25Z,80iQXdfBsFaTtLCI3R,0056kxsLcWcZ0y6Y1M
00qkdvteQpLWPPyA84,Account Executive,Edit,2023-12-07T19:50:11Z,81iIHdj0AoyTBidADX,005hTpAX3O60UK0AAJ
00qSOwf4W5J0llNY29,Account Executive,Read,2023-10-28T04:58:12Z,82i7bmCXUJrqN62YKI,005gMY3fFnSvHOzQLX
00qtZlUgz5Aym4PQDP,Account Executive,Read,2024-05-17T00:55:31Z,50idFgBeIJEDPQXYQT,005wmbTnVpYGoJ1AGI
00q6EYZUn4CH0FPQY8,Sales Engineer,Read,2024-01-17T09:14:44Z,006GSrvQlQlmjHSYXG,005yqybzTtVK8u6IOR
00qvfcSOfbM6gU6AV9,Executive Sponsor,Read,2023-03-04T11:55:44Z,511VHg0pbxkr9bRQ1X,005xk2KsXa5Ub6fA8M
00qWfDjRIawDFvvIDB,Sales Engineer,Read,2026-01-12T20:44:04Z,510IiJQoTkJO8rAY7C,005hvPRYHDjoBLOQ3X
00q1qEcajQidGw7YT1,Sales Engineer,Edit,2022-05-24T09:11:46Z,821Oa65M3Z3hR4DQ9X,005NvlW1Gc9rLAVAYL
00qoZyxaSeSeGM6QLQ,Specialist,Read,2024-03-16T09:05:17Z,006X3pcjRcV8adCAO1,005Vo9gpxbtHjOOIMV
00qyKZLYJ1cVRQPI48,Specialist,Read,2022-11-26T05:31:22Z,81tjXCdSMOR3xvtA79,005VOHFbnLYK0gIIP7
00qXjv6tJ1rJZtQQKE,Sales Engineer,Read,2023-02-21T12:06:22Z,0060fyqkOBlBEsPIQ3,005mKVeNm7pzbbYYYT
00qvcwig9wji1hIQYK,Executive Sponsor,Read,2026-04-18T17:13:41Z,80iif3zS8vL3LMDA9N,005xk2KsXa5Ub6fA8M
00qPSAivFq91CwdY9W,Executive Sponsor,Read,2024-12-01T09:33:20Z,52tLaCdL9BDn6axIDS,005YLX0oRwAflvAQZO
00qhfzMWAnpQgTuYSE,Account Executive,Read,2022-07-12T17:05:33Z,726LutHRC9ADmm5YST,005oCyN03vzPYXsQE2
00quJpTulp7uiWoA7M,Account Executive,Edit,2025-01-26T12:26:05Z,006OEaPoijxgVI3QDV,005Vo9gpxbtHjOOIMV
00qrEuBK9VtcQ6qY60,Sales Engineer,Edit,2025-08-05T11:18:14Z,80tIkHrltvUIWqOY13,005pAoa72XGI02qYGZ
00q3Rfn4bgqYtqTYQ8,Sales Engineer,Read,2025-10-14T21:32:07Z,816wh1KMDhi7Fd9QP3,005gMY3fFnSvHOzQLX
00qSllFI1yVT7ZgAHH,Executive Sponsor,Read,2022-07-10T05:20:42Z,80ii0Dr17V5WVEiYLE,005dxKTxH6gxu99IEO
00q2qMe5xwOlztFYDU,Sales Engineer,Edit,2023-01-10T05:15:04Z,026xiH3u9M75ou6IW2,005oCyN03vzPYXsQE2
00q6fr3q5QuA46CAM9,Sales Engineer,Read,2023-08-28T15:07:23Z,006VVINSw59pEgjQWQ,005qOi29J2o9pHYYCI
00qSWykjMCBZN3TYCX,Executive Sponsor,Edit,2021-02-06T16:05:07Z,006OwjKiI3iGtZIQE2,005ztlrbFPcuOLhY8F
00q785DLGdyNXBrYZ0,Account Executive,Edit,2023-11-19T20:54:05Z,006RPjJXIYKZH1yI8J,005qn7LR76DmPdbQZN
00qebYkdfTRls1FA3N,Specialist,Edit,2023-12-23T11:10:35Z,52tJCz8frqchjyuY71,005qOi29J2o9pHYYCI
00q5YaCZmbZmlOCQL1,Account Executive,Read,2021-07-20T08:18:24Z,006oQSzJDjWvKoBY9W,0059cNiXLcpBkagI2J
00qgYCILh1K1WeMY7K,Sales Engineer,Read,2023-10-09T18:22:15Z,716bgY3jb0aZys5AHA,0056Go3C6Dl0bjnQEY
00qvzZzLQvjqtbTQFS,Specialist,Read,2025-01-12T21:17:15Z,72ijgTuOQZfAKVfAUQ,0051j8xdsf40yysQI6
00qUGclZkto5Wy2IJF,Executive Sponsor,Read,2024-08-09T15:54:22Z,801mn7LPXOVniJyI2X,005lGkJeYS6wczpY2Q
00qH55jHI61m0HcISC,Specialist,Read,2023-09-04T07:00:54Z,82iSYQYHoA98FdPQOM,005LSah1u1GnYGbYOG
00qbc0fxz2OLLUwYAR,Account Executive,Edit,2024-06-10T06:11:42Z,006PzrAE7P3PYMQQRR,0058ltZKG17vpJbQJK
00qZT06c5g1RUuYAGR,Specialist,Read,2025-10-07T19:15:31Z,500Q2cTozA6h6POIBP,005s4Xb2ZkbCAMvQEZ
00qnckUFkpJZwemQO8,Sales Engineer,Edit,2021-01-12T04:03:23Z,006MFIjFJpX7c51Q7N,005lhMYUKPuvXDoIO8
00qQ10deaGYfHvzIW1,Sales Engineer,Read,2025-05-15T23:43:30Z,00648DMi3Wm3z6WIO7,005dY26xUNDmki4A5N
00qWptptm49PyDZAEJ,Specialist,Edit,2024-04-15T21:25:46Z,0064Tm6PZkvXXjaQ4O,005sAEUaULAzZRzQYB
00qd1ed1v0rpeaMAMR,Account Executive,Read,2023-02-02T15:38:22Z,006Dz4Suk7tSf7PYVV,005NradmkgHLf0bIJ5
00qblfMbFkHIXfyIX6,Specialist,Read,2021-12-17T06:09:19Z,006GRdo2dWTDRxlAUR,0053ucGskT1mdlKYCB
00quMq1tRHL46CuY1O,Specialist,Read,2024-03-16T05:01:19Z,82iKI9N7Ofohz2WQLX,005RHpTOWiLP3HTIID
00qOh9TnU4tqTIlQZH,Account Executive,Read,2024-08-23T17:21:16Z,0061JbupnVunqbdITT,005ztlrbFPcuOLhY8F
00qQM2hXHlMpParYXX,Executive Sponsor,Read,2024-02-23T18:16:29Z,816kfHeWqZTzwJoQFU,005hfmtBm0piYtTY6K
00qkflnMC72B7PXAX5,Executive Sponsor,Edit,2021-10-09T10:56:32Z,006gPmw4fi4K2HYI9X,005W8vdEbVdzOCdA62
00q4989FopEiIgrY1F,Sales Engineer,Edit,2022-12-16T16:19:00Z,71ixbCOpDdjLZznAQS,005NradmkgHLf0bIJ5
00q6cosqf1bBMmTARG,Executive Sponsor,Edit,2024-07-02T10:09:20Z,711jyKmeift9k3zQ8Q,005yqybzTtVK8u6IOR
00qiQsSgBn2rUXaQPE,Specialist,Read,2025-12-22T10:29:10Z,006aQnsPegkc0cyQ0Q,005IKQxHrnOfGBxYIU
00qeT7EqRAenDKhITW,Executive Sponsor,Edit,2024-01-19T00:46:29Z,0064shnbtdKckpMYPU,0057jDImegCGqG7YZ2
00qgvKplB12cObiISR,Specialist,Edit,2026-06-26T05:01:54Z,810i0zsC01BZNbxQ0V,005XE0YLnoIgg8hAV9
00qml2LSxOIAGGDAHI,Sales Engineer,Read,2023-12-03T05:05:01Z,006Q10cwWo7txHUIAV,005wmbTnVpYGoJ1AGI
00qA8LT7FvPoBNsYO9,Executive Sponsor,Read,2023-05-09T14:59:58Z,50i9BXiRVclFs7BAAD,005XE0YLnoIgg8hAV9
00q1iKSvfoPffKFY04,Account Executive,Edit,2021-11-11T19:57:31Z,80tobc4ke2BPPvLYSC,005qn7LR76DmPdbQZN
00qqHubUuZXtnxUQZI,Sales Engineer,Read,2023-01-22T05:31:37Z,526TlzauHPH30K4Y3Y,005qptAZodwwrZzYUF
00quVNUyJ5BXT1JYFX,Sales Engineer,Edit,2025-11-15T03:36:18Z,0066YDVwf0HoF8cQ3O,005qn7LR76DmPdbQZN
00qI84oK27Mqvd7Y7X,Executive Sponsor,Edit,2023-11-24T12:11:11Z,006HkjPVxbqd9kgQCU,0057jDImegCGqG7YZ2
00q2iUfHxdhjwFgY5O,Executive Sponsor,Edit,2021-07-14T17:47:43Z,50tf4CWYq6976H4IP3,005uepIIzxcmHrDI1O
00qv4JmgW4xWdHPYRT,Sales Engineer,Read,2024-09-06T13:27:02Z,01tP4esz3eZDbeDAWQ,005lkwCvvs1NKzQIH0
00qTSq2crp2eVsYIU5,Specialist,Read,2025-09-25T03:52:49Z,006jSuSSPt43k1xAHM,005Vo9gpxbtHjOOIMV
00qOyIUHoOIxuZ0AFH,Account Executive,Edit,2023-11-05T11:16:31Z,72ik8dNleqayzEcQHA,005RuPGFXVl50YyAI2
00qdaZ7B99jymetQPJ,Sales Engineer,Edit,2025-07-28T13:16:38Z,80tIkHrltvUIWqOY13,005pFLSqKe2EKv0Q0O
00qfa8hjz9egnflAI6,Executive Sponsor,Read,2024-12-13T22:20:35Z,0062ZVXV6ftQ4OHYB2,0053ucGskT1mdlKYCB
00qpx9xNtJWjfJdAX7,Sales Engineer,Read,2023-08-04T05:29:10Z,006SLmqhCZd30S7AGE,005lkwCvvs1NKzQIH0
00q3MXYoRhQjS43YXG,Executive Sponsor,Read,2024-11-17T13:22:59Z,0065dFJTPLJ2lzxQYM,005dY26xUNDmki4A5N
00qYb4FtO4dFTMNA01,Specialist,Edit,2025-01-11T09:38:25Z,001oL00mAodv6UcYFE,0056BILiQX0m1w8QY3
00qLbgTUNssOHdQARK,Executive Sponsor,Read,2025-12-08T17:44:50Z,806MNuDPlV5veZFQWY,005RuPGFXVl50YyAI2
00qQc2TrKvP7krGY9L,Sales Engineer,Read,2023-11-18T22:14:01Z,020fW53Isoqztc4QVF,005pAoa72XGI02qYGZ
00qj0ejpP9gtjchA9R,Specialist,Read,2024-05-31T13:06:20Z,006B0jdoc5Fc2l1QYJ,005XE0YLnoIgg8hAV9
00qGwWVDxL1K54GIUV,Specialist,Read,2023-03-14T14:34:55Z,00i6MIAyfWb51IPI7H,005oCyN03vzPYXsQE2
00q9mvOl7NaAvWVA9H,Executive Sponsor,Read,2024-11-30T23:08:34Z,000ueRK1nJtbEd2QSK,0051j8xdsf40yysQI6
00qD39K5ZWsZikzYGP,Account Executive,Read,2025-05-18T21:12:12Z,511piM4yYXj8T3QYTT,005BLrN0FAgafzHY2K
00qYGYvA4NQgbxnA9D,Sales Engineer,Read,2021-02-08T03:25:50Z,006LBCI52h0sNhLQ5G,005lJuJ789IRmEmQF4
00qs1x8XHgFBeszQTS,Account Executive,Edit,2022-08-20T02:36:25Z,810ts46fmKDZIW9Y0M,005XE0YLnoIgg8hAV9
00q2bQkeYDnZ43jI7U,Sales Engineer,Edit,2021-07-23T16:38:55Z,006oKygqAo4BEx7Y25,005NradmkgHLf0bIJ5
00q1BEOxNfbDskcARK,Executive Sponsor,Read,2022-04-26T04:54:37Z,006a6Br7MTUA28eIPE,005hTpAX3O60UK0AAJ
00qAn3OmPmzdnVsIX1,Specialist,Edit,2022-04-07T09:36:53Z,0060CrcLRUoFi5HALK,005IKQxHrnOfGBxYIU
00qTDtPYxSnBLZ4YM1,Executive Sponsor,Edit,2023-08-31T12:18:10Z,50itVUNBfDJtJUBIBR,005nzeP1FFxSfMhQ5C
00q83WjNtJ4XxZXITF,Specialist,Read,2023-09-29T18:17:47Z,00i5NoS0FHkqTteQ5Q,005RuPGFXVl50YyAI2
00qCbYXQ4RQ7w7oYRS,Specialist,Read,2025-07-26T18:44:31Z,006d6fduGhJlX7oIM3,005ztlrbFPcuOLhY8F
00qfIfVbWRHIhvzYXM,Account Executive,Read,2024-09-10T02:58:58Z,0061qThIuslKrF7IVW,005s4Xb2ZkbCAMvQEZ
00qgsxxevd7l3uFIUK,Specialist,Edit,2026-01-19T03:08:26Z,71iQQ8SGfolOwXNQYJ,005hTpAX3O60UK0AAJ
00qi0cKtVYd6t9OAH4,Specialist,Read,2023-03-30T22:31:51Z,006N7rXHgE2rv1zYQ4,005mKVeNm7pzbbYYYT
00q5fwEfitMSAlJQK0,Specialist,Read,2025-12-23T18:18:49Z,006NeJlsYNuod3eAS2,005TU4vqRu98dHsY03
00qP7gYQqoAQsOhYQ8,Account Executive,Edit,2023-11-04T06:09:54Z,001T62ckZCl2uOfAEE,005lhMYUKPuvXDoIO8
00qkVCjvRRMN0SrQFF,Specialist,Read,2026-06-07T20:48:35Z,006s2a6knML0XkuIJB,0051j8xdsf40yysQI6
00qjGx6JaOJE15vIVN,Account Executive,Read,2023-05-31T00:29:54Z,006XCzJW4rLVIIJIY4,005lGkJeYS6wczpY2Q
00qEki8oke1M6s1IDQ,Executive Sponsor,Read,2021-10-09T00:03:47Z,026xiH3u9M75ou6IW2,0057jDImegCGqG7YZ2
00qfiGLVtweqnnqIVV,Executive Sponsor,Read,2026-04-20T04:44:51Z,006YozIUxRA6MGqY9R,005pFLSqKe2EKv0Q0O
00q6plNpUbos8k6ARR,Specialist,Read,2021-09-08T02:24:11Z,52ijn69SPLo4ed5IRV,005XE0YLnoIgg8hAV9
00qTYINFfrlATY6QB3,Specialist,Edit,2021-01-05T04:14:23Z,006IyuLOnaLFZC2Y2R,005lGkJeYS6wczpY2Q
00qPjiqPvi8jURlQGH,Account Executive,Edit,2022-06-26T23:56:59Z,006OwjKiI3iGtZIQE2,0056Go3C6Dl0bjnQEY
00qvxtihEFKjfaZAT9,Executive Sponsor,Read,2021-06-02T20:23:51Z,006jjkICVDTN6PqYR9,005W8vdEbVdzOCdA62
00q793SrNrPEQC0Y4L,Account Executive,Read,2021-11-03T11:33:23Z,02t8iQSxWA6VYmhI6Y,005hvPRYHDjoBLOQ3X
00q2PIGyxdjp2dxAW8,Sales Engineer,Read,2023-08-17T20:30:10Z,0063SY6evRNlBraQYU,005NvlW1Gc9rLAVAYL
00qiMQIVx0Vp8MzAXQ,Account Executive,Read,2026-03-26T13:27:33Z,70t6zfJDK7qD6LOI8Q,005btAWhiiwsSYtA2R
00qxZFFzMbykyMvA0X,Executive Sponsor,Read,2021-08-07T07:02:50Z,006DdeC36MIzT7wIBL,005Nr8mKUnQ3oinATY
00qLN2Duih7QzKCAVD,Specialist,Edit,2025-06-21T12:46:09Z,7212lBGld6d3jDdISJ,005yqybzTtVK8u6IOR
00q7hU0lq7erErJIE4,Specialist,Read,2025-03-12T23:44:05Z,006O9D5UFe3NvkLYNF,0053ucGskT1mdlKYCB
00qTpePhHvZ4Jr4YHQ,Account Executive,Edit,2023-07-14T23:35:44Z,000wqpYfzH5iNPNYAV,005mKVeNm7pzbbYYYT
00qgOs64PTn3qSsYGY,Specialist,Read,2022-10-07T15:17:07Z,006GeC2qtMs0yY3YZO,005YLX0oRwAflvAQZO
00qJbMkSq9wjISaIPG,Account Executive,Read,2022-02-23T23:34:50Z,006uecDPCbj1JlDILS,005lhMYUKPuvXDoIO8
00qcacUwJMX2mpCAUL,Executive Sponsor,Edit,2024-07-30T13:18:10Z,50tFOmZ0XDIf1b5YML,005oCyN03vzPYXsQE2
00qlgBijcTtemLBQQ8,Specialist,Edit,2024-09-13T15:42:18Z,706hqp8mxB71nrAAPD,005sAEUaULAzZRzQYB
00q1ciAJctiVqKoIRU,Account Executive,Read,2023-05-07T18:15:57Z,00632Bo1soYBvCPYRN,005yrzZ2QLuB1ZZYH4
00qBuXGvlFCAZKhYYO,Account Executive,Read,2024-03-12T10:37:44Z,02inFI2zQXHfDeCQAL,005RHpTOWiLP3HTIID
00q8UDW7D6qfbbXQGR,Sales Engineer,Read,2025-10-14T21:38:42Z,006RmQxRKNSn5fcIK7,005hp0uS7WWG0emI9I
00qsKlCwcm8M8fvYX3,Account Executive,Read,2021-04-24T05:45:31Z,006UV9djzHiFM1mIEZ,005yqybzTtVK8u6IOR
00qHOP0nhHZgxQBQ9M,Account Executive,Edit,2022-09-30T20:29:25Z,020HoV5X6OcTr3rI9R,005xk2KsXa5Ub6fA8M
00qxsiTxHYmwZ9cYK9,Specialist,Edit,2021-03-09T15:01:16Z,006uJMzED6Hs1DdYML,005yrzZ2QLuB1ZZYH4
00qTZksgVfwCWRBY7E,Sales Engineer,Read,2022-07-11T14:39:37Z,006i7bfVpumQBSJAPA,0056kxsLcWcZ0y6Y1M
00qlVMRxdBLYBsFIJ9,Sales Engineer,Read,2025-06-25T07:56:37Z,006WLgG15MIpjcUI3B,0057ufaHufy75ktAX1
00qNJbkWvCaZJ7qYXX,Sales Engineer,Read,2021-10-22T03:21:55Z,701LeKI12QwaOr8IQU,005VOHFbnLYK0gIIP7
00q87ve7Szc4utJA99,Sales Engineer,Read,2021-05-08T08:15:21Z,00iIXtwNrf2ood7QEH,005NvlW1Gc9rLAVAYL
00qCtkv7pHwTYwRAWQ,Account Executive,Read,2022-10-08T12:11:47Z,011BUAckshJmYB5IO7,005hfmtBm0piYtTY6K
00qYNfVVu4ryu5tQ03,Account Executive,Read,2023-04-15T22:56:13Z,701KVmhUT7rFgheQTD,005gMY3fFnSvHOzQLX
00qAJYhl7iV6YN8IMK,Sales Engineer,Edit,2024-05-23T14:43:33Z,820k7BRYhy6wZm7IHH,005lkwCvvs1NKzQIH0
00q6oszorNnoaCVYRH,Account Executive,Read,2021-12-30T04:07:15Z,0105eysXdevNjxeY3F,005hp0uS7WWG0emI9I
00qfECIRgbO4cP3Q8N,Account Executive,Read,2025-02-20T04:49:52Z,826PiSLvhWW4Zp5I0S,005dxKTxH6gxu99IEO
00q7IAChpv2b91IYV0,Executive Sponsor,Edit,2023-03-26T15:55:03Z,70titUbXvNESuZzI2D,005YbujEVi8pPHuINT
00qNkkGGcy6U0X6AHQ,Sales Engineer,Read,2024-05-21T11:19:01Z,526duQiMCinTMYoYWT,005hvPRYHDjoBLOQ3X
00qiieXUfaceUyjYF9,Specialist,Edit,2023-02-24T14:25:54Z,001b0M2T66D7YH8ILK,0059cNiXLcpBkagI2J
00qEuyRtYHvkXkQI6R,Account Executive,Edit,2026-06-08T17:05:40Z,006xQi6si2wAxTTQRH,005yqybzTtVK8u6IOR
00qMkUnjO4aSBNRIMF,Sales Engineer,Edit,2026-05-20T08:49:26Z,52629MYorTUtV6CYEY,005oCyN03vzPYXsQE2
00qY00CCnUX3edrY47,Account Executive,Read,2023-06-01T05:33:38Z,800rZ13dombV64vARO,005sAEUaULAzZRzQYB
00qKsmHxayILSKiQZQ,Specialist,Edit,2024-04-07T01:43:22Z,006oHxWmI8eINCNYAY,005W8vdEbVdzOCdA62
00qmM8DNNLoiWEqISF,Specialist,Edit,2022-07-26T17:35:36Z,006vwictXd2Vi6wY1J,005gMY3fFnSvHOzQLX
00qtxTi2fQDmiAlAVM,Sales Engineer,Edit,2024-07-22T17:31:03Z,006uecDPCbj1JlDILS,005G7PmEiXypty3IQL
00qgiUf6h1ANIOvQR0,Specialist,Edit,2025-08-23T09:35:31Z,50tDPsuDagUalCrIV2,005pAoa72XGI02qYGZ
00qVh4GtAnBQsRhAYW,Specialist,Edit,2025-07-29T00:02:20Z,721GTQKklxSg6U2AAT,005NradmkgHLf0bIJ5
00qcPTTLrmUS1NJY1L,Account Executive,Edit,2021-09-22T17:07:55Z,026FFY5OeiKBXtzYT8,005xwhqeeWgm4agYMN
00qH30Duo9E6kkcQX8,Executive Sponsor,Read,2022-12-01T00:14:19Z,006z2g61Ka8pT1mQFV,005Nr8mKUnQ3oinATY
00qK6DXIQa4mA1RQZC,Specialist,Edit,2022-01-03T12:42:32Z,006mKMwUt7UnEV9YZQ,0057ufaHufy75ktAX1
00q2kjFg0jjK8RKY9X,Specialist,Read,2024-06-16T01:36:53Z,006rosvu0LndxfWIPI,005ztlrbFPcuOLhY8F
00qGwsf91MxjdZPA9V,Specialist,Edit,2022-10-17T12:15:40Z,02tVu2sNbF2JB0fYO1,005gMY3fFnSvHOzQLX
00qbjjaz0Zc61aWA06,Sales Engineer,Read,2021-10-12T16:32:36Z,00iMCI0FdSRMC2lYEN,005pFLSqKe2EKv0Q0O
00qiaVspS83ytnuYLG,Sales Engineer,Read,2023-07-16T17:28:44Z,80txT1CJqp3g7p2A0R,005NvlW1Gc9rLAVAYL
00qL6YtqudeaYyKIEW,Sales Engineer,Read,2025-11-11T10:49:07Z,80t37iypOi0vj92Q9J,005si8rNhwYkQikIOL
00qH771OxAheCRxAZ1,Account Executive,Edit,2021-12-01T12:57:35Z,81tYw0ANPUQ2I6WQS2,005Vo9gpxbtHjOOIMV
00qSifZiZfOscftQYV,Executive Sponsor,Read,2023-05-26T15:27:13Z,82iXF0oc6XjtAQoADN,005qn7LR76DmPdbQZN
00q2l6lrieNPAXVYYL,Sales Engineer,Read,2024-10-21T20:13:18Z,006nEs62kO0ZXqjYFL,005si8rNhwYkQikIOL
00q4PrBQKf4nTNsIMB,Executive Sponsor,Edit,2023-10-02T01:20:35Z,0204HF7wVTuoVneYOB,005si8rNhwYkQikIOL
00qMnuifpLMFugNIII,Executive Sponsor,Edit,2025-10-19T03:39:14Z,001dY5a5BYEJgVKQN0,005W8vdEbVdzOCdA62
00q7tvuXWr0wzYEAO9,Specialist,Read,2022-11-30T00:59:49Z,526gLd6SfX4QF0jAQ0,005TU4vqRu98dHsY03
00q2bHaAVnaHw3lAQ9,Specialist,Read,2022-05-07T22:20:37Z,810lr4J58Bd4DPJYBN,005W8vdEbVdzOCdA62
00qTQniMobfGIR2ALV,Sales Engineer,Read,2022-08-28T06:17:31Z,71i9FTNyZtivXqvA0X,005xk2KsXa5Ub6fA8M
00qFDRwW9tHrgZHIOC,Sales Engineer,Read,2021-09-10T23:26:16Z,521aHomGtEqto60Y0C,005qptAZodwwrZzYUF
00qyyuoF4CvVRG1Y99,Executive Sponsor,Read,2021-12-25T07:44:15Z,510IiJQoTkJO8rAY7C,005xk2KsXa5Ub6fA8M
00qLd85alF64cuiI7Y,Sales Engineer,Edit,2026-03-12T06:10:21Z,816OkDXbVyllg8hYUU,005lGkJeYS6wczpY2Q
00qMGUdUtMpJg5IY2L,Sales Engineer,Read,2025-11-17T15:13:17Z,020fW53Isoqztc4QVF,005gMY3fFnSvHOzQLX
00q6YKNTSzrdB7vYG5,Account Executive,Edit,2025-07-29T04:46:20Z,006ITobJW1wzwlKAY8,005sAEUaULAzZRzQYB
00qXumbJnaTynnAY9E,Executive Sponsor,Edit,2023-01-24T03:55:13Z,006S66EsU3sUtFGA9W,005nzeP1FFxSfMhQ5C
00qV7xUPihdIANwYY9,Account Executive,Edit,2022-09-28T08:35:52Z,006O9D5UFe3NvkLYNF,005XE0YLnoIgg8hAV9
00qYZy17EeDe4PqIVW,Specialist,Read,2024-01-16T17:18:10Z,70t6zfJDK7qD6LOI8Q,005NvlW1Gc9rLAVAYL
00q2MT78aoXoWNFIH4,Executive Sponsor,Edit,2022-02-20T02:07:14Z,71iJPUzw352cqhrI4P,005nzeP1FFxSfMhQ5C
00q8ikIsbcf8O2sQLD,Specialist,Read,2023-01-27T10:10:12Z,006m9turukOLStrIV3,005Nr8mKUnQ3oinATY
00qEsahhuUTjHZqQFY,Specialist,Edit,2021-05-21T02:04:52Z,510jeTNS5V4arVzQ1Z,005YbujEVi8pPHuINT
00q3ohcBEf52obSYC1,Specialist,Read,2025-09-28T18:53:49Z,52iDBZrSaR6YAuLAJY,005hTpAX3O60UK0AAJ
00qSxPCY3MqdiWoQR7,Specialist,Edit,2024-07-17T14:02:22Z,006FuZqMhzhbMBjIXF,005IKQxHrnOfGBxYIU
00q61scoGrN95V3AAO,Specialist,Read,2022-07-24T01:59:33Z,006hLA2JQUbQQsrY23,005lJuJ789IRmEmQF4
00qOXZ1tjP5J6hNAIL,Sales Engineer,Edit,2023-05-12T18:08:43Z,501JqXNS4eKhs4SAD0,005pAoa72XGI02qYGZ
00qEcQ2BsZ3wFmvYSQ,Sales Engineer,Read,2021-04-01T02:58:47Z,006mIdYenRt1MisQIC,005qOi29J2o9pHYYCI
00qnAoS2N44i7cUYTP,Executive Sponsor,Read,2024-11-01T11:56:57Z,0063UMWbJNdy3M0AT7,0053ucGskT1mdlKYCB
00qzguA509qwPwcAXD,Account Executive,Read,2021-04-28T00:30:10Z,006pgNnpMiimJ6RYBD,005qptAZodwwrZzYUF
00q9QT9MKzP9dAAAS2,Account Executive,Edit,2026-05-07T06:14:42Z,0062nPkjTHRCc4xAGA,005Nr8mKUnQ3oinATY
00qpwccdFLIGsN9AXZ,Specialist,Edit,2022-11-12T14:39:55Z,820bVlsJKbrdccjYPJ,0057ufaHufy75ktAX1
00qj9rVLDuMIVRnIQ7,Specialist,Read,2021-05-05T12:45:05Z,006MSXgE1lgC9kNIB0,005lJuJ789IRmEmQF4
00qWFooFZriOG2gA4B,Executive Sponsor,Read,2026-04-23T15:28:56Z,006FaNUbs0YDJ0PIUC,005LSah1u1GnYGbYOG
00qQJXdx7A8uFEGIG9,Specialist,Read,2024-08-16T12:41:06Z,801IgdaxLwOyiK2AHZ,005lkwCvvs1NKzQIH0
00q7hvkyXvGvoORQJ5,Account Executive,Edit,2025-11-13T23:55:05Z,510jeTNS5V4arVzQ1Z,0056BILiQX0m1w8QY3
00qfKoID2TxF4KhI5N,Specialist,Read,2021-10-06T01:58:04Z,001kpNvHYOV8pLjIXE,005YLX0oRwAflvAQZO
00q0nxCNyl7fnPmA4R,Executive Sponsor,Read,2022-02-27T10:25:16Z,511rCYELNBcd4IvA18,005pAoa72XGI02qYGZ
00qssTeJ1CHd314I9L,Executive Sponsor,Edit,2022-01-12T20:04:51Z,801nfZnswQNLrZpYXQ,0057ufaHufy75ktAX1
00qxBqAL9jWAZXsI65,Executive Sponsor,Read,2023-04-02T15:38:07Z,006714F7uqDVIOWY93,005btAWhiiwsSYtA2R
00qrnl4Vhr62v81AIJ,Sales Engineer,Edit,2026-04-19T09:02:45Z,50tUVaQsg0U3gCNQO8,0055EGfQDBgoAh8IFH
00qQx51oMNjTOuoYVD,Specialist,Edit,2026-04-05T03:37:20Z,006RmQxRKNSn5fcIK7,005s4Xb2ZkbCAMvQEZ
00qAUE3nIA78lKdQXT,Specialist,Read,2024-11-28T02:19:45Z,006kfWH3fHnKyijQ5P,005sAEUaULAzZRzQYB
00qmbMjP3lnY6kcI9T,Account Executive,Read,2021-05-12T03:21:41Z,8265muEYKejVy6OYFL,0057ufaHufy75ktAX1
00qzUZ48MuR2R97Y6T,Sales Engineer,Edit,2024-03-16T04:52:16Z,521RCi4InzDJlbwA0D,005YLX0oRwAflvAQZO
00qsdOlnsQRHtqoI79,Account Executive,Read,2024-04-04T15:38:10Z,51iQD0tQCZ7I9awQN4,005s4Xb2ZkbCAMvQEZ
00qtlqC1cgLWswfQHV,Executive Sponsor,Edit,2023-06-15T10:49:49Z,81t5gLsXEkTMNZIYQY,005nzeP1FFxSfMhQ5C
00qHzxE5s88rjp7ILS,Sales Engineer,Read,2025-07-11T21:24:47Z,006QLmXIFixvAu5AMB,005RuPGFXVl50YyAI2
00qpndLtUQB4q32QQH,Account Executive,Edit,2022-08-20T19:01:14Z,70iWEYFezjbj27aIL5,005sAEUaULAzZRzQYB
00qxF14RoXYocfWAN2,Sales Engineer,Read,2022-08-01T18:37:08Z,006tq8RMYIFHOkgYZN,005XE0YLnoIgg8hAV9
00q4RmIkEuCrFaWQ9L,Sales Engineer,Read,2023-07-24T17:29:36Z,50i9BXiRVclFs7BAAD,005lGkJeYS6wczpY2Q
00qepTDeHcJ6HAeQ38,Specialist,Read,2022-02-08T19:35:52Z,006W5QzGEBHphMsQSX,005s4Xb2ZkbCAMvQEZ
00qRJBj6pLbmSpkQ10,Account Executive,Edit,2021-12-21T06:37:15Z,8218gZMBYNXYLBNYM9,005BLrN0FAgafzHY2K
00qyte4ulOaCQoKYBI,Specialist,Read,2024-03-06T15:46:46Z,006Qp2KxEpiKOvuIDH,005lJuJ789IRmEmQF4
00qpPOE3EgYZNuhIY9,Sales Engineer,Edit,2022-04-22T06:31:51Z,521frQ5k77mkPylINK,005pFLSqKe2EKv0Q0O
00qiabeY4MewViNIA7,Specialist,Read,2025-06-30T11:43:10Z,50695DFUmYVrjrtYWX,0056Go3C6Dl0bjnQEY
00qcV59ZM2WvwYQYNB,Account Executive,Edit,2021-08-13T04:18:19Z,006YOuK8hP9dVcEIQW,005oCyN03vzPYXsQE2
00q1HHH5kydVQ4vABD,Specialist,Edit,2025-03-08T06:04:37Z,006q3eJe87yNMSCYYR,005nzeP1FFxSfMhQ5C
00qfIkSN5uBqkQlI48,Specialist,Read,2026-04-20T04:01:59Z,006X3pcjRcV8adCAO1,005qOi29J2o9pHYYCI
00qmJxSI8bql8gKAPY,Sales Engineer,Read,2024-12-26T09:27:43Z,006US9BsmcxRtyEIMR,005yqybzTtVK8u6IOR
00qW93xT7BHNpgyIMY,Executive Sponsor,Read,2024-11-01T16:43:18Z,716dsrZwA95n9ZUQTQ,0057jDImegCGqG7YZ2
00qWkDoCr71OgJ5YOQ,Executive Sponsor,Read,2024-03-14T00:48:25Z,006b0y2r0LCkLeoYVK,0053ucGskT1mdlKYCB
00q13ab65P0PKtnQF7,Specialist,Edit,2026-01-14T05:45:34Z,006w9QKnB15bM4ZYLI,005Vo9gpxbtHjOOIMV
00qxv8KXGDYUXpeACA,Executive Sponsor,Edit,2021-03-27T22:59:09Z,006bSeYa8RGzU9LYYM,005dY26xUNDmki4A5N
00q0DvLyAdgBAfzIJX,Executive Sponsor,Read,2024-09-22T11:15:57Z,006Be7z49mqtSRmIKJ,0055EGfQDBgoAh8IFH
00qWNxmXlWJ4NBfIKF,Specialist,Edit,2025-10-11T14:24:37Z,521ZomOuXMlyxiZY73,0053ucGskT1mdlKYCB
00qtjMSI2EAMmxhQLG,Account Executive,Read,2023-04-23T02:31:50Z,726hjCBUiRc6Z6NYQ4,005YbujEVi8pPHuINT
00qXKEqbykYDYVXQ6R,Executive Sponsor,Edit,2021-09-04T23:16:17Z,02627uJs3bLAI8fQEU,005hTpAX3O60UK0AAJ
00qM3qTJ8n68aDYIN8,Specialist,Edit,2024-08-21T13:31:46Z,81iem8YBW2vBl6sYXX,005dxKTxH6gxu99IEO
00q0f6Wi17aOs0MINT,Sales Engineer,Edit,2024-01-22T19:45:00Z,520SPOH7ogwGGxIAHG,0056kxsLcWcZ0y6Y1M
00qLuCEW7lSeCTOQZO,Executive Sponsor,Edit,2025-03-15T03:38:27Z,00isjDp7DggNzxqQ1K,005lJuJ789IRmEmQF4
00qRqb6Ut3UoJ0WQZ2,Account Executive,Read,2026-06-17T11:44:20Z,006oe5NiExs3WD5AKN,005pAoa72XGI02qYGZ
00qZY5Qajea1S4cISA,Account Executive,Edit,2025-05-03T06:41:42Z,826CwRcjav3cDKmIJB,005NvlW1Gc9rLAVAYL
00qbDNP6Xdh0exAIY5,Sales Engineer,Edit,2022-04-29T20:53:16Z,00ixs5i8iJUUoBHYRD,005YbujEVi8pPHuINT
00qo3DDu4WHU0RYYZ6,Specialist,Read,2025-10-29T07:48:16Z,70tTifvSS1FGMMJQ9A,005lGkJeYS6wczpY2Q
00qmd8Z4C08C46CIXQ,Executive Sponsor,Read,2024-09-19T10:21:03Z,000PVtknOKI3BHaY58,005YLX0oRwAflvAQZO
00qQQPXb7bbhIEKQ6H,Sales Engineer,Edit,2026-05-29T15:11:09Z,00iWWIiZJvnLomcIG5,005hvPRYHDjoBLOQ3X
00qBMEeslcjXXlpAY8,Executive Sponsor,Read,2025-01-23T17:51:44Z,01t12GHQVKMd3OWIQ5,005mKVeNm7pzbbYYYT
00qX7O3uSmm0AnOID1,Executive Sponsor,Read,2024-08-29T18:21:43Z,006PA4qWVvMsIU2AVV,005xk2KsXa5Ub6fA8M
00qICihIZVd3429I2B,Specialist,Read,2026-02-15T00:13:13Z,821aKcShneRXODHYYU,005LSah1u1GnYGbYOG
00qFrLWuS6JOwugYHZ,Account Executive,Edit,2026-05-28T12:53:56Z,501hQExXpzhYHxfAQC,0056kxsLcWcZ0y6Y1M
00qG8tffaJoIkrAAIG,Account Executive,Edit,2023-10-23T14:52:34Z,71tT1GP2wDzYpuLIQ1,005lhMYUKPuvXDoIO8
00qSvLqZkzuhx4sYMC,Sales Engineer,Read,2025-12-18T22:04:00Z,006KLFzhTTzXvGNARK,005dY26xUNDmki4A5N
00q9SnYZI3RZsmoA55,Executive Sponsor,Read,2021-04-02T23:35:53Z,006rPsu3iav7FCLQ6P,005hfmtBm0piYtTY6K
00qLIXHZO2MDrp5AT0,Sales Engineer,Read,2025-07-29T23:24:01Z,006gqMyJYjomeSSARY,0056Go3C6Dl0bjnQEY
00qr0abtld21HnXQDD,Specialist,Edit,2024-10-06T20:07:00Z,006x1v6emgXFNcTYVV,005qptAZodwwrZzYUF
00qdgGTjMyM6PyoADD,Specialist,Edit,2026-01-21T11:08:44Z,5061EOOkyR9jRgBIJ8,005krCc5IJC2wfdQ2P
00qAM6kx2jQMnu1QNX,Executive Sponsor,Edit,2025-04-10T11:42:28Z,006NP7nicN4ZuyJIAI,005sAEUaULAzZRzQYB
00qPcOoLRyz3GZtAM6,Executive Sponsor,Read,2024-12-28T05:45:20Z,0067VUv74zEOEZ0I7M,005VOHFbnLYK0gIIP7
00qckIKLKjcVrzHAC8,Specialist,Edit,2021-03-26T18:17:05Z,8104BWEK6Vg8jxoQ0U,0057ufaHufy75ktAX1
00qZP5WLKGLkGP7AIF,Executive Sponsor,Edit,2022-06-30T17:19:40Z,80iWtir5PL9VOk7QNC,005oCyN03vzPYXsQE2
00qavPHrJzAU62HANE,Specialist,Edit,2025-06-18T09:02:49Z,711i5BYjcggdOQJADX,005hvPRYHDjoBLOQ3X
00qtLOukVMRJ9RVYK6,Sales Engineer,Edit,2021-06-05T09:12:00Z,511HCHmbymadrvJIDX,005lGkJeYS6wczpY2Q
00qKBaobGi2U1zpY0V,Sales Engineer,Edit,2021-12-13T05:18:06Z,82t020hrM2d0NJQA3Q,0057ufaHufy75ktAX1
00qCgAYujgQEpUFAYB,Specialist,Edit,2026-04-10T01:50:43Z,006M94a2REWmCy0I1A,005qptAZodwwrZzYUF
00qhh38tbPaTrVfYPC,Sales Engineer,Read,2021-01-23T07:08:36Z,006TsCc1r4nTt7BIKI,005krCc5IJC2wfdQ2P
00q3ebLipYsCNFiI3G,Account Executive,Edit,2026-01-26T11:20:16Z,721L9PVNy9jMezEQVX,005qn7LR76DmPdbQZN
00qf4WFlY5KB4qmYD5,Account Executive,Read,2021-01-21T19:24:04Z,821RcMhHKoORhOlIOO,005RuPGFXVl50YyAI2
00q6mecpQ9JKQm1IL1,Account Executive,Edit,2022-12-14T03:38:39Z,0066DuiBGAmIFSQY8V,005hTpAX3O60UK0AAJ
00qJweqtERW65dkYBB,Account Executive,Edit,2021-10-26T23:05:21Z,511cHYiBkget9ekI13,005dY26xUNDmki4A5N
00qfifOFlBQDhrFAFS,Specialist,Edit,2021-03-16T11:57:00Z,516CTNDrn4MyR19AT9,005xwhqeeWgm4agYMN
00qZnCGMloQZoMkQGO,Specialist,Edit,2022-03-09T17:47:08Z,006S66EsU3sUtFGA9W,005NradmkgHLf0bIJ5
00qWPozKCQaTyvrAEL,Sales Engineer,Read,2026-01-10T09:12:49Z,01tV4GKLLNYwoIMQAI,005ztlrbFPcuOLhY8F
00qq1vVQorRN59gQOX,Specialist,Edit,2023-03-25T23:39:31Z,006vJK10atp9GkpASS,005BLrN0FAgafzHY2K
00q8PT3hQxFGZHlYZF,Sales Engineer,Read,2023-11-03T18:40:47Z,01665LIM3G7O2IEIRV,005lJuJ789IRmEmQF4
00qypF95hWujcd0IR0,Sales Engineer,Edit,2024-03-12T16:10:48Z,710ovmDHEhzjIAhYIQ,005XE0YLnoIgg8hAV9
00qki2pNSSU9GckIYP,Executive Sponsor,Read,2025-10-12T19:36:24Z,711dn2RBaHJNB4NIO3,005NvlW1Gc9rLAVAYL
00qoLVgGlVjBFwGQLN,Executive Sponsor,Read,2024-03-31T13:18:44Z,71tJO4I6W8tx8W3YAF,005BLrN0FAgafzHY2K
00qX6WafkZx8oVsQKZ,Specialist,Read,2024-03-25T07:08:51Z,006UcoJCSG8nRUVASE,005lkwCvvs1NKzQIH0
00q0tl0W4jFWogWIX6,Specialist,Read,2025-08-20T01:21:29Z,011v5nK9d2yAXLYIET,005VOHFbnLYK0gIIP7
00qvrZdnApXbdcrAGO,Sales Engineer,Edit,2023-03-27T18:41:10Z,006Gg9Kdp4Pmn5RQK4,005ztlrbFPcuOLhY8F
00qcvZzGejZ3DjZQQN,Sales Engineer,Read,2026-06-28T04:44:56Z,006VxHY3176jKROAY4,005ifKSPcGiOhecIJG
00qq3azZz5ommvpY9P,Account Executive,Read,2022-11-11T03:09:49Z,006t6F5ojCBw3VQAU3,005LSah1u1GnYGbYOG
00qRdDfZFm3yfnCAIG,Executive Sponsor,Read,2023-12-10T18:06:43Z,006SdTYzJbX0DO7AI7,005YLX0oRwAflvAQZO
00qJqBR7WLjYOCUY3I,Sales Engineer,Read,2026-04-24T14:51:12Z,816DaGwevVKHATLIK3,0057ufaHufy75ktAX1
00qfY3Webg89VAYYUN,Account Executive,Edit,2021-04-14T12:42:23Z,810r9c2qkQvUR64IFG,005qptAZodwwrZzYUF
00qoIOKa55GhxNFY2N,Sales Engineer,Edit,2021-07-16T04:18:28Z,721CmA86MnDG5WjQIG,0056Go3C6Dl0bjnQEY
00q2iooozQUxRRTA87,Specialist,Read,2024-08-11T22:49:08Z,006nnGvEDepIXmMIDB,005IKQxHrnOfGBxYIU
00qjrrkaVMRmszIYDD,Sales Engineer,Edit,2026-05-03T05:42:42Z,826G52r1iX8Nnp4QKI,005pAoa72XGI02qYGZ
00qEgUi7BrMRvMmYOO,Account Executive,Read,2022-02-01T12:47:47Z,701NSbF00SUzh9SINY,005XE0YLnoIgg8hAV9
00qkJtPD2DCe6gnIFK,Account Executive,Read,2023-08-31T00:18:42Z,706URexXAhKOqeCQCV,005NvlW1Gc9rLAVAYL
00qo4I3MwnvK23DYMM,Sales Engineer,Edit,2024-04-15T23:49:45Z,00trOSHMVDZuSPZYZA,005dxKTxH6gxu99IEO
00qnNkK8t9gjFxoAL0,Sales Engineer,Edit,2022-03-26T07:20:50Z,006MlJs2pvRBVo1YFB,005wmbTnVpYGoJ1AGI
00qrso7Z0bxA952YJG,Executive Sponsor,Edit,2025-10-26T19:33:20Z,006oCgHwGOQu57JQKC,005hvPRYHDjoBLOQ3X
00q556ttxOqPe23YJX,Specialist,Read,2021-05-19T21:32:38Z,7212lBGld6d3jDdISJ,005hfmtBm0piYtTY6K
00qRZGqWvUaqYA9I7O,Executive Sponsor,Read,2025-09-21T00:55:03Z,5113O7OhVyVpRRPISJ,005qOi29J2o9pHYYCI
00qpBZaJv3kUq5WQPU,Executive Sponsor,Edit,2025-12-16T21:19:10Z,00686sa7ru4xCpeQW0,0057jDImegCGqG7YZ2
00qvJ9QIboUbNfcQJR,Sales Engineer,Read,2023-03-31T06:41:38Z,510ilL9Y0sCGljGA02,005NvlW1Gc9rLAVAYL
00qwUoTmvMBfDChYEG,Account Executive,Edit,2024-01-10T17:03:05Z,000ivHnEkBtiEjzAF1,0059cNiXLcpBkagI2J
00qKBRy7yoJbDGEYZ5,Account Executive,Read,2024-12-12T06:52:41Z,826GsbDvVkiJJzTQA4,005YLX0oRwAflvAQZO
00qImmyIqpvmqPHIP1,Specialist,Edit,2021-01-21T01:51:14Z,006HUswLQ6dv8goIE6,005qn7LR76DmPdbQZN
00qSdBevHVUrK5QQPT,Executive Sponsor,Read,2022-01-07T18:56:23Z,700Z8oS94ZFqXc5YGZ,005lkwCvvs1NKzQIH0
00qbsU2MItGab6WYBH,Account Executive,Read,2023-07-06T22:43:41Z,006lj43LWcVxgCsY4L,005mKVeNm7pzbbYYYT
00qnh2Bg2E5MP8xYRM,Specialist,Read,2025-12-08T11:35:26Z,51tuM1742jAp0UuY8E,005pAoa72XGI02qYGZ
00q5r6xAFpzyH7iICG,Executive Sponsor,Read,2025-04-15T19:28:39Z,026fIXSnC4XbAqbAIC,005xEqNFzxKXya6IGV
00qqkqDQC5cT9dkAK7,Sales Engineer,Read,2022-06-28T19:31:08Z,006OHNFTkrZ5IYrAI6,005yrzZ2QLuB1ZZYH4
00qTU9kLTOdeR7yQHE,Executive Sponsor,Read,2025-01-22T01:37:05Z,5110ZOJX7nBAXF4YIM,005BLrN0FAgafzHY2K
00q76TkNvcz3GzjI21,Specialist,Read,2022-10-30T16:49:37Z,006WkS1a4JlN7O5QFJ,005btAWhiiwsSYtA2R
00qK1TjmaKcDh2sAZ9,Specialist,Read,2024-08-23T11:55:47Z,006WonYZXAjQ90LQSO,0053ucGskT1mdlKYCB
00qWDFusWp985itAEJ,Executive Sponsor,Read,2023-06-23T02:19:49Z,7212FIzCSBHKWJ1A02,0057ufaHufy75ktAX1
00qDNvKGjm8pdgQALV,Executive Sponsor,Edit,2022-07-19T17:43:44Z,00iA1KWe8K1vrY1ANF,005qn7LR76DmPdbQZN
00qP5Ejjr3EqGrOQGR,Sales Engineer,Edit,2022-02-24T03:34:02Z,021EN8Fd1z1p8WxA9N,005qn7LR76DmPdbQZN
00q6YoVmmePY2s6YO2,Account Executive,Read,2026-06-01T22:17:36Z,0062scKm4y13WyjQ8J,0057jDImegCGqG7YZ2
00q3eaaVutAndfEIC6,Specialist,Read,2021-01-02T11:52:02Z,006uyPvdHXhpZOyQTO,0055EGfQDBgoAh8IFH
00qBWp3jlnuMkqyYWL,Account Executive,Read,2022-11-28T01:50:46Z,51t4ISe2oquT5onIYK,005qOi29J2o9pHYYCI
00q0J1zGOcQgtrPIUP,Specialist,Edit,2021-06-26T18:15:51Z,52ip3E0dMnTRXCNQ3H,0056BILiQX0m1w8QY3
00qgMDNucHF9aluY3G,Executive Sponsor,Read,2022-07-20T22:10:23Z,006heAy12n5PZdLIRF,005oCyN03vzPYXsQE2
00qLZ2vpWvKtmV4IC4,Sales Engineer,Read,2022-05-02T13:57:47Z,01ipBE9FncIOp9LYNF,005lGkJeYS6wczpY2Q
00qoblVQJsp00R6QQA,Specialist,Read,2023-09-25T10:12:59Z,0063VITrqRr1fHqALS,005xk2KsXa5Ub6fA8M
00qIs9bOwKPUruGAV9,Sales Engineer,Read,2023-01-22T17:32:30Z,50iXmb70bfbD7KEAJ4,005RHpTOWiLP3HTIID
00qjS7jllMr1sHJIOB,Executive Sponsor,Edit,2026-01-14T11:43:09Z,006Z3u7ppaB20gxQ0Y,005gMY3fFnSvHOzQLX
00qgngunY9JWgNEQBD,Specialist,Edit,2021-09-22T08:33:28Z,516FzeN3XsvCepCIJM,005Nr8mKUnQ3oinATY
00qwM3OuF8ey6w1Q9E,Sales Engineer,Edit,2024-09-25T09:21:05Z,701jvlXiDrnHB8fQV6,005W8vdEbVdzOCdA62
00qS6FVRdcVimBAAPL,Account Executive,Edit,2024-12-18T05:14:39Z,00686sa7ru4xCpeQW0,005nzeP1FFxSfMhQ5C
00qxkmdtefm7rcZY5P,Specialist,Edit,2022-05-16T02:08:37Z,0201RQhzNnvKuiQY9G,005YLX0oRwAflvAQZO
00qPFZ6A0HvqEdhY64,Executive Sponsor,Read,2023-10-21T20:15:20Z,006vXKYr9ryB2hgI0B,005NradmkgHLf0bIJ5
00qInxcVrZehWMdIJ1,Account Executive,Edit,2021-09-02T03:09:55Z,006ptlKteEjaZoiA7P,0056kxsLcWcZ0y6Y1M
00qSbpMq46ZMyDOI0R,Executive Sponsor,Edit,2023-03-03T03:19:40Z,0067uJUcdvHi07VA0P,005G7PmEiXypty3IQL
00qyanWrZzPXbbWAC9,Specialist,Read,2021-03-09T02:24:07Z,006djs3y9H8Y08YYDX,005hvPRYHDjoBLOQ3X
00qMec0dUTxYmRsQUK,Executive Sponsor,Read,2021-11-23T22:45:23Z,720zTie0H1c7MkoADS,005RHpTOWiLP3HTIID
00qEAcYSiCEfwSQA8W,Account Executive,Edit,2022-12-31T02:03:09Z,5067hMRFfzYtPfUQ1H,005krCc5IJC2wfdQ2P
00qlQpYynpK2rrSAU1,Executive Sponsor,Edit,2023-09-11T09:11:39Z,506KFidge6NFupaQIL,005BLrN0FAgafzHY2K
00qXs1cpHhWHUXyQPZ,Executive Sponsor,Read,2021-10-06T07:15:00Z,00194jd02fSe4ubYVT,0057jDImegCGqG7YZ2
00q28UYTJhfAlrxAUR,Specialist,Read,2021-12-25T23:45:58Z,006WEnTQNP1iD30YPN,005VOHFbnLYK0gIIP7
00q9I2r8kqpTVP5Y18,Sales Engineer,Read,2025-08-27T01:05:57Z,816QSg0GF2pqQnfIKH,005yrzZ2QLuB1ZZYH4
00qa2lrg0gJGoj8IT2,Executive Sponsor,Edit,2025-12-06T20:21:28Z,800b4hPm6qk3M2KARE,005YLX0oRwAflvAQZO
00qpubLTN8VQ5ydIGO,Account Executive,Read,2021-07-31T15:52:50Z,006DFDfcGmVDqe5QAS,005hp0uS7WWG0emI9I
00q9n97FVcylC6FAO2,Sales Engineer,Edit,2022-09-23T12:45:00Z,006ZjnXTyzgUqNsYQQ,005NradmkgHLf0bIJ5
00qRnEmwpqDwJqJADF,Executive Sponsor,Edit,2024-09-01T15:31:01Z,026rEFr5eyVWlSZY8X,005TU4vqRu98dHsY03
00qMJnAWlyyGJSCYVW,Account Executive,Edit,2021-12-19T02:59:42Z,716dsrZwA95n9ZUQTQ,005xwhqeeWgm4agYMN
00qCLL45ltQRYBpI45,Account Executive,Read,2021-05-11T15:12:43Z,82t020hrM2d0NJQA3Q,005sAEUaULAzZRzQYB
00q4CfI6b54GLWKY1M,Sales Engineer,Edit,2024-03-15T09:13:59Z,80iQXdfBsFaTtLCI3R,005ifKSPcGiOhecIJG
00qlgIpYqdnxvHnQYA,Sales Engineer,Read,2024-01-26T06:08:21Z,00t3IOqEP69BAS0AOG,005si8rNhwYkQikIOL
00qVl7ut4iNsXwAAAZ,Executive Sponsor,Read,2022-06-26T23:58:49Z,006Hkov20o4x3rpQGG,005YLX0oRwAflvAQZO
00qaStC06Dzn4UaQ5J,Executive Sponsor,Read,2023-12-26T08:56:53Z,700bvDr39A6fiQ0Q2S,005hvPRYHDjoBLOQ3X
00qH1SWqwLJARvSIEQ,Specialist,Edit,2021-12-03T05:05:23Z,006Jwsa3eFMG33rQAI,005si8rNhwYkQikIOL
00qZ9UnMtk0vHgRAV6,Sales Engineer,Edit,2025-07-05T15:58:32Z,516FzeN3XsvCepCIJM,005Vo9gpxbtHjOOIMV
00q7n09bNdarHpOYBB,Specialist,Read,2026-02-09T18:07:48Z,506KFidge6NFupaQIL,005ifKSPcGiOhecIJG
00qUYuCWrZ5rB1pQ40,Sales Engineer,Read,2022-11-28T11:07:43Z,00612D5ppLojAPLA4Y,005hTpAX3O60UK0AAJ
00q26m0kdpPu35bYII,Executive Sponsor,Edit,2023-11-29T18:14:11Z,006ciCmaANfGW2GAJ5,005xk2KsXa5Ub6fA8M
00qT4v1cYkxx7sxQ7C,Account Executive,Edit,2023-10-20T03:19:48Z,52iz5dbic5ZsRkWAEP,005qptAZodwwrZzYUF
00qFoRzBmcIfdJlQC8,Specialist,Read,2021-08-30T23:37:03Z,701jvlXiDrnHB8fQV6,005BLrN0FAgafzHY2K
00qGqdbeFHFUVZ7YG4,Sales Engineer,Read,2024-05-19T07:04:20Z,81tjXCdSMOR3xvtA79,0056Go3C6Dl0bjnQEY
00qysXKbCfcm2BoIIH,Specialist,Edit,2025-05-23T10:16:59Z,006pjzRe97smM98AH1,0058ltZKG17vpJbQJK
00q3eACuWYTpnAVQQN,Sales Engineer,Edit,2023-07-13T05:36:10Z,800b4hPm6qk3M2KARE,0055EGfQDBgoAh8IFH
00qTSRWDVh5MnW9IQB,Account Executive,Edit,2023-06-17T16:41:55Z,011v5nK9d2yAXLYIET,005lGkJeYS6wczpY2Q
00qBnEwZvSce8mWQO9,Specialist,Read,2024-05-20T14:16:49Z,701kaNmdBiDCvfPYHU,005btAWhiiwsSYtA2R
00qpNiRIEpCXoV4ISC,Specialist,Edit,2022-08-17T02:28:10Z,810y0lH3OXxqWsFIJT,005ztlrbFPcuOLhY8F
00qtyhkLUvMQY8oQ1J,Account Executive,Edit,2021-01-06T21:35:42Z,816mvBBvLAo5nuTQ8Q,0051j8xdsf40yysQI6
00qzxgvWReIo6goYSH,Account Executive,Read,2025-09-09T02:30:20Z,006Bzps5QObIsvZAF6,005LSah1u1GnYGbYOG
00qj5zKs04m3YYzILR,Account Executive,Edit,2025-02-17T10:51:39Z,506lz24Tb5X9TnaY3R,005RuPGFXVl50YyAI2
00qelFLgheF4tBSQY5,Account Executive,Edit,2021-04-02T19:11:25Z,701EsLuEhnkDYlxYN5,005Vo9gpxbtHjOOIMV
00quM92BFVXexgiYHW,Account Executive,Edit,2023-06-10T05:43:14Z,510IBr8JRvyBOI0ADF,005dY26xUNDmki4A5N
00qxnOS6JABxaDzI2Z,Specialist,Read,2021-06-11T22:31:11Z,706hqp8mxB71nrAAPD,0055EGfQDBgoAh8IFH
00q2wRwqXFn3zVvAH7,Sales Engineer,Edit,2023-06-03T20:37:50Z,82idEJODYkTMfvdAZ5,005dxKTxH6gxu99IEO
00qs9V2o5lgLJaGQGP,Sales Engineer,Edit,2021-04-18T11:01:52Z,50tcyEvbSDN8M4eYUK,005uepIIzxcmHrDI1O
00qQud0okVKI47qY7V,Executive Sponsor,Edit,2022-02-25T13:34:11Z,011uTS0O62cBIW1YEA,005xwhqeeWgm4agYMN
00qhUWHvLup8DsrQZO,Specialist,Read,2026-03-12T20:52:47Z,821PrCNGNjz4IXXAB7,005RHpTOWiLP3HTIID
00qq5l4wnIVpZRPIMX,Account Executive,Edit,2024-01-20T11:57:49Z,82i8o4KUZogEMCHAP6,005xwhqeeWgm4agYMN
00qssh612CuDF3VYLE,Executive Sponsor,Edit,2022-02-19T15:35:53Z,006epgKBXTKg2ppIES,005pAoa72XGI02qYGZ
00qY0mUH4Xv4gipIYD,Specialist,Read,2026-03-29T19:26:24Z,006V5Iuwc7kkdniY8R,005YLX0oRwAflvAQZO
00qqcvNIAahnPtuYWJ,Sales Engineer,Read,2023-01-10T13:36:14Z,51tB6jq7uWCBasGQN3,005lGkJeYS6wczpY2Q
00qYZU2CV9PvKSyASY,Executive Sponsor,Edit,2021-09-02T16:43:30Z,011JxfixcCLvwAjYHP,005wmbTnVpYGoJ1AGI
00qHhBTUDBH6hx1QY9,Specialist,Read,2023-02-24T02:52:15Z,800hJW9ycp2PBJaQNP,005s4Xb2ZkbCAMvQEZ
00qmXxHWZfjEBSZYNC,Specialist,Read,2026-03-20T12:21:18Z,006ikjdqjcLZe2IQ8K,0058ltZKG17vpJbQJK
00qlIaeUOJCKCWzIRV,Account Executive,Read,2025-09-14T22:16:47Z,006DHwiYViYgP7ZARD,0056kxsLcWcZ0y6Y1M
00qSrsSlNtqj6vdQ5E,Specialist,Edit,2022-06-20T11:36:41Z,81iIHdj0AoyTBidADX,005lkwCvvs1NKzQIH0
00qrC056cSOWBnXILS,Account Executive,Edit,2024-06-06T03:49:30Z,006EDgmq5nsA2r7A84,0053ucGskT1mdlKYCB
00q4jmcO4WITpThIXN,Specialist,Edit,2025-06-24T02:15:44Z,52i6MpVfctu2Rz1Q6W,005hTpAX3O60UK0AAJ
00qd24L1dgwdsPwY3G,Sales Engineer,Edit,2024-07-10T02:23:23Z,00632Bo1soYBvCPYRN,0057jDImegCGqG7YZ2
00qUmMYzLmy33l3YH2,Sales Engineer,Edit,2023-08-21T02:41:32Z,006i7bfVpumQBSJAPA,005xwhqeeWgm4agYMN
00qhjEQwtDu8rzOQVV,Account Executive,Edit,2023-11-28T15:27:17Z,0061UoLhoE9vnTnQ3L,005hp0uS7WWG0emI9I
00q6e844gmQahfOQ6J,Specialist,Edit,2023-07-31T19:01:35Z,701gffawymfXeLpYMB,005hTpAX3O60UK0AAJ
00qVojwEumoETozQX0,Sales Engineer,Read,2025-12-05T16:57:30Z,801IgdaxLwOyiK2AHZ,005oCyN03vzPYXsQE2
00qjPU8EQUNA3cPI1B,Executive Sponsor,Read,2024-11-27T01:59:57Z,006lolrGmYQAjeDAYZ,005lhMYUKPuvXDoIO8
00qnQQaJK66a1ssADC,Specialist,Edit,2024-10-10T09:04:59Z,820k7BRYhy6wZm7IHH,005NvlW1Gc9rLAVAYL
00qjAZmV7btTxiJIBG,Specialist,Edit,2025-10-18T02:35:21Z,006wQ7Ukj2LoQvbAU2,0053ucGskT1mdlKYCB
00qn2NgHQuRjAIHATI,Account Executive,Read,2021-08-01T22:48:06Z,006DNoRwygowZthYKS,005gMY3fFnSvHOzQLX
00qlEMCXkeDGaBwA6C,Specialist,Edit,2021-05-18T10:21:49Z,006DNoRwygowZthYKS,005ifKSPcGiOhecIJG
00qu4apwHlyaz7IADG,Sales Engineer,Read,2021-10-27T10:43:18Z,52tR0p53ylj7fAxAPB,005hvPRYHDjoBLOQ3X
00qOeHjU9kmPmwqYB9,Executive Sponsor,Edit,2022-12-18T04:13:45Z,52t7APNwtuwWW5fAQ6,005NvlW1Gc9rLAVAYL
00qIrE2VFdNS5dVARA,Executive Sponsor,Read,2021-04-11T21:55:34Z,006fvC7r6Ji9oWJIDG,005si8rNhwYkQikIOL
00qtI6s5uf8HcSgYI9,Sales Engineer,Edit,2024-07-26T03:55:25Z,711dn2RBaHJNB4NIO3,005pAoa72XGI02qYGZ
00qCZx7j2WIFpteYR8,Account Executive,Read,2021-07-18T01:15:49Z,016646B4me1oKQSY7Y,005wmbTnVpYGoJ1AGI
00qekUqvGJvNdujAB5,Specialist,Edit,2021-05-31T09:37:14Z,7100lBvWE3n9gKlQP5,005sAEUaULAzZRzQYB
00qbwNJ4B9pqoXRYFR,Account Executive,Read,2025-03-05T22:37:14Z,8265muEYKejVy6OYFL,005krCc5IJC2wfdQ2P
00qfmvRWCubV6RtAI7,Executive Sponsor,Edit,2021-03-31T17:40:18Z,006jSuSSPt43k1xAHM,005s4Xb2ZkbCAMvQEZ
00qtgXHFBDUxv3CIZB,Executive Sponsor,Read,2022-07-05T22:11:16Z,006l2kCS4zGpaLLQ1Y,005hp0uS7WWG0emI9I
00qmceC1JT0HxyVQ1X,Account Executive,Read,2025-10-10T12:41:52Z,006Np88sonUPyRIYJU,005lGkJeYS6wczpY2Q
00qQabgsVEYVqrDQHS,Sales Engineer,Edit,2021-01-08T14:36:40Z,00tnwkWac5inb0BQGB,005xEqNFzxKXya6IGV
00qSOk9f3iLYmU9AZM,Executive Sponsor,Read,2024-04-23T09:06:29Z,006b2uTzEH4AvHaYQB,0056kxsLcWcZ0y6Y1M
00qm7cBII05wbA8I98,Sales Engineer,Read,2024-09-24T05:53:41Z,006lsVcb21ouqEAQD7,005lkwCvvs1NKzQIH0
00q7esH47PMrcPeA9U,Executive Sponsor,Edit,2025-01-10T23:52:39Z,006xchVFex2M36BY56,005lGkJeYS6wczpY2Q
00qcRH9dTwQYCuVIMT,Specialist,Edit,2022-07-13T15:42:45Z,006vkQMxOuPNdbfIGH,005hTpAX3O60UK0AAJ
00qPAH2CnRwSP4VI7A,Account Executive,Read,2021-10-08T14:33:21Z,006xQi6si2wAxTTQRH,005RuPGFXVl50YyAI2
00qkbQCN0Hm02I6AGU,Account Executive,Read,2024-04-02T08:05:47Z,01tehL51gEnarvLQGW,005ztlrbFPcuOLhY8F
00q8ipTIMhkuM1CY67,Account Executive,Edit,2023-11-30T18:40:29Z,52tVa684KmyRYO8QUD,005s4Xb2ZkbCAMvQEZ
00qqEl0zmxRLF1jQUH,Executive Sponsor,Edit,2025-02-04T01:39:43Z,006jUJjjbtHPUWlY8S,005ifKSPcGiOhecIJG
00qV27vRkYpXGh2AV8,Specialist,Edit,2022-04-05T20:15:39Z,726LutHRC9ADmm5YST,005lGkJeYS6wczpY2Q
00qabHXPYsfkNWmQOZ,Account Executive,Read,2025-11-17T12:12:07Z,01tP4esz3eZDbeDAWQ,005lGkJeYS6wczpY2Q
00qRj9o6XTXbeVkYH5,Specialist,Edit,2021-05-12T22:11:11Z,82tgcC3HxXNlBACYTF,005NvlW1Gc9rLAVAYL
00qABQRFrjHRrJxQ2N,Specialist,Read,2025-03-14T20:27:32Z,0062uIIvmbCZQlnQEZ,005RHpTOWiLP3HTIID
00q5LNhIPdpRpdrQ7U,Specialist,Read,2025-04-19T02:06:40Z,826g08vVGgEU6FqQUH,005xEqNFzxKXya6IGV
00qlHINd6IHTIP7YV0,Sales Engineer,Read,2024-12-11T09:16:21Z,006vpE0ihQzQVVuQPF,005RuPGFXVl50YyAI2
00qhqUORQHXuWaZYAB,Executive Sponsor,Read,2022-12-06T08:25:31Z,510VO5MURhSxzZ6AYH,005xwhqeeWgm4agYMN
00qx6ZJEESXSU7oI9C,Executive Sponsor,Read,2025-08-07T09:11:07Z,006iWV30970o6cqI0H,005mKVeNm7pzbbYYYT
00qCwqdjcpR4up3IEY,Executive Sponsor,Read,2023-10-31T05:30:01Z,80tIwfuf51uL6FGQB6,0051j8xdsf40yysQI6
00quZpR2uTf7hupIOE,Account Executive,Edit,2021-01-14T05:24:24Z,51iBOICsBTqL8e5QBJ,005hTpAX3O60UK0AAJ
00qKICF8BEzUmNTAGJ,Executive Sponsor,Read,2025-07-22T08:42:23Z,0066UKmNdtzZR9BQCL,0055EGfQDBgoAh8IFH
00qIbzJT2Uk11tWQ3Z,Executive Sponsor,Edit,2023-12-22T17:15:40Z,52trC9q4k0rZZPwASJ,005XE0YLnoIgg8hAV9
00qNmJA9XuyhbdVAFH,Executive Sponsor,Read,2022-12-14T22:46:02Z,50tFOmZ0XDIf1b5YML,005RHpTOWiLP3HTIID
00qxfAVOBR5G4tgYLE,Sales Engineer,Edit,2022-02-24T08:58:45Z,006gSzmtsMbfcQ4YU9,005hvPRYHDjoBLOQ3X
00qtuWqS1fucBDSIPE,Sales Engineer,Edit,2023-11-17T02:01:52Z,80tGXaVLkhJzqtaIJH,005lhMYUKPuvXDoIO8
00qPt6rHqHTYOD1AQJ,Executive Sponsor,Read,2024-10-02T20:28:47Z,011Y8cRXbmQoZrAA1Z,0056BILiQX0m1w8QY3
00qA06L82XcVYhIIK3,Account Executive,Edit,2025-08-11T10:50:50Z,006WbpAq9qY2un1YSC,005pAoa72XGI02qYGZ
00qlTBAQeH1ZbqcQ3S,Specialist,Read,2025-12-30T14:30:43Z,71taZWt3ojFBqZHATH,005hvPRYHDjoBLOQ3X
00qJovvWkroo0AsIBI,Sales Engineer,Read,2021-09-11T08:12:17Z,006lj43LWcVxgCsY4L,005xwhqeeWgm4agYMN
00qxaKqGvlkTSt9QC6,Account Executive,Edit,2022-06-23T16:59:09Z,006QS2qALHX7QOkYC7,0058ltZKG17vpJbQJK
00qw9z2CBbiI84eIK9,Account Executive,Edit,2025-08-21T12:06:11Z,80iq1Bh2MseHsg3YUS,005mKVeNm7pzbbYYYT
00qkS8cN5vcSoKdQVH,Sales Engineer,Read,2024-03-08T03:59:55Z,000PVtknOKI3BHaY58,005VOHFbnLYK0gIIP7
00qYJH3IXh630ZOIMO,Account Executive,Edit,2024-09-16T04:35:41Z,0065Qxa1qeTLEEUACK,0058ltZKG17vpJbQJK
00q3WL9VMBE6TPkA7J,Sales Engineer,Edit,2026-06-25T06:44:23Z,0200uJY3Tu7ygdyIMF,005btAWhiiwsSYtA2R
00qfQk36NVNOxWnI3E,Sales Engineer,Read,2022-12-26T23:49:57Z,82tPtrVmmPDvG8BAW9,005Nr8mKUnQ3oinATY
00qLLdmtrHA9bVlQ6R,Sales Engineer,Edit,2026-05-24T12:01:56Z,006V5Iuwc7kkdniY8R,005nzeP1FFxSfMhQ5C
00qZ7rFygDForflIC3,Account Executive,Edit,2024-11-06T03:29:51Z,006PcUQhx8X9vEHY3A,005qn7LR76DmPdbQZN
00qNZvQbsZpFNdvAVP,Executive Sponsor,Read,2022-05-27T15:32:19Z,006hDDt2eLAw6J3I8D,005dxKTxH6gxu99IEO
00qt5UAY0bGhyXSYVJ,Specialist,Read,2025-10-27T05:52:42Z,5218kDGtvyPxwpRAE4,005mKVeNm7pzbbYYYT
00qakagg9h2x9iCAQR,Sales Engineer,Edit,2023-01-21T18:55:22Z,006aMy7xqM18jiyILB,005uepIIzxcmHrDI1O
00qc234zdYbVYzkIKA,Account Executive,Read,2024-05-24T19:03:06Z,006tG1bv8XHt2VHY2D,005sAEUaULAzZRzQYB
00q8taE60LVDSLRIBW,Account Executive,Read,2026-01-26T19:46:49Z,000ueRK1nJtbEd2QSK,005krCc5IJC2wfdQ2P
00qVHJlzY8kgDtHA8W,Executive Sponsor,Edit,2026-03-10T18:25:46Z,8168uwBtDwPU4BxQ5U,005G7PmEiXypty3IQL
00qj0TtXOJIs3R5YCF,Sales Engineer,Read,2021-11-02T01:16:53Z,516ILgCqG997k7VQH4,0059cNiXLcpBkagI2J
00qHDM4R9eQfrJjQRJ,Account Executive,Read,2021-08-25T04:24:33Z,501bkOpDbyTdSMSQS1,005xk2KsXa5Ub6fA8M
00qqXSDw02ITdMYQWQ,Account Executive,Edit,2026-06-28T14:06:10Z,701Ejd0faIkp4zwI6I,005Vo9gpxbtHjOOIMV
00qApNdgsiRmypYQGH,Sales Engineer,Read,2026-05-18T02:22:09Z,501XZ94f9Gshb4CASW,005YbujEVi8pPHuINT
00qsTbJIep9CLNjICF,Specialist,Edit,2021-06-27T02:56:27Z,726hjCBUiRc6Z6NYQ4,005BLrN0FAgafzHY2K
00q73tSGBiUt6pZAQB,Sales Engineer,Edit,2023-05-05T03:29:13Z,700AZ5Efb7g1SiiYI7,0053ucGskT1mdlKYCB
00qOGiaiD819W0iQ91,Sales Engineer,Edit,2026-04-09T17:32:23Z,71tjE28RTCl2kE2I0Y,005BLrN0FAgafzHY2K
00qq8Fn2bt8DaevQZV,Account Executive,Read,2023-09-21T11:07:20Z,006TpZ6irLYCj7PY6L,005lJuJ789IRmEmQF4
00qffsItRYeblkbIAI,Specialist,Read,2024-09-15T12:37:33Z,006v3y5DCRHiklgQI1,0057jDImegCGqG7YZ2
00qAayUOSVYhWIaQXE,Executive Sponsor,Edit,2021-01-27T06:57:13Z,010sAkIXh4YIj8HQ3U,005TU4vqRu98dHsY03
00qqcARHnJpFrXhQ13,Account Executive,Edit,2022-07-06T21:44:01Z,800b4hPm6qk3M2KARE,0057jDImegCGqG7YZ2
00qOqftp30arx1WAMO,Account Executive,Edit,2025-09-28T15:09:40Z,006dY4sNsWid2GRAPM,0056kxsLcWcZ0y6Y1M
00qhPTVBVrhJmWAYRN,Account Executive,Edit,2021-01-09T13:44:43Z,006VrmPXxpzFyZbI41,005qn7LR76DmPdbQZN
00qXOHU4aE2NN3jYCQ,Sales Engineer,Edit,2022-04-23T22:58:09Z,51iReplUFZVxBL6YB6,005dY26xUNDmki4A5N
00q05MxlaRJy4ISQ5F,Account Executive,Read,2024-02-27T12:07:49Z,710QHOzzxyhjTfEIID,005G7PmEiXypty3IQL
00quJtbvC9vReBJIOC,Account Executive,Edit,2021-01-12T05:08:01Z,800rB25qnUsPMDCAT8,005G7PmEiXypty3IQL
00qS84xUyY3k4xpAV5,Sales Engineer,Edit,2022-09-08T08:03:00Z,006fMmIfjg0R7PKQFA,005YbujEVi8pPHuINT
00qSgxCPu67r8pdYE5,Sales Engineer,Edit,2022-09-15T04:22:18Z,0061IIS0Mcc4usYIDW,0059cNiXLcpBkagI2J
00qncGlkDgyoHPzIPC,Account Executive,Edit,2024-01-02T03:50:39Z,706fB7PFHD0iA3dQG3,005nzeP1FFxSfMhQ5C
00qhnjzmHrgMqWOQ1Y,Executive Sponsor,Read,2026-05-12T20:48:37Z,006rUY5OiC5YhNEA7B,0056kxsLcWcZ0y6Y1M
00q9Po9rc9QaXurYL2,Account Executive,Edit,2026-03-08T13:27:44Z,700Uv4OBKSrHegvA8L,0056kxsLcWcZ0y6Y1M
00qGX2bdH7CFrQpII8,Specialist,Edit,2024-09-06T19:01:17Z,006j4O7wvgZ0tltADF,005XE0YLnoIgg8hAV9
00qcX51MldYSVqYATT,Specialist,Edit,2025-06-01T19:47:17Z,50tn6JODXXb6WjIYGE,005TU4vqRu98dHsY03
00qmO1d2GGygQSZYCR,Sales Engineer,Read,2022-05-03T10:49:15Z,006ht8t2NwasA3vIGI,005YLX0oRwAflvAQZO
00qAwK75ViP4GxHAP2,Specialist,Read,2024-07-16T19:01:08Z,006Z7PthfrMPBYoIQF,005xEqNFzxKXya6IGV
00qK5Ex7aAc8b8EIQG,Sales Engineer,Read,2022-12-20T23:11:39Z,006OLd7bfB8DbX9QKZ,005qOi29J2o9pHYYCI
00q7SpUX9KxV0L1AMW,Executive Sponsor,Edit,2021-04-29T07:55:30Z,006MpWBGoNhmLKWYMH,005NvlW1Gc9rLAVAYL
00q1IwoNHYdltReIAZ,Account Executive,Edit,2023-08-30T06:11:06Z,51i9rNqdYClkr0zIFJ,005btAWhiiwsSYtA2R
00q91UskH7sCzlJAN2,Account Executive,Read,2025-12-01T09:59:05Z,006W5QzGEBHphMsQSX,005qptAZodwwrZzYUF
00qnxPG9FaoJmvTQHA,Account Executive,Edit,2021-04-18T23:07:03Z,526TlzauHPH30K4Y3Y,005krCc5IJC2wfdQ2P
00qwT9bEjgWjY3bY8J,Executive Sponsor,Read,2023-12-02T12:21:33Z,006gN2cRh82e4A9IAZ,0058ltZKG17vpJbQJK
00qbGkfuDOh3f8MI5T,Specialist,Edit,2026-02-13T03:52:23Z,006JJvNN1kdDKLSA6A,005NvlW1Gc9rLAVAYL
00qpM1cZAz37V1GAA2,Sales Engineer,Edit,2023-11-18T00:18:01Z,7107w2YsFXTaBbMYJI,005xk2KsXa5Ub6fA8M
00q8r8vwlZVNEtDI3Z,Sales Engineer,Edit,2021-09-13T07:07:24Z,006bMtSUOvWBcYWA6F,005ztlrbFPcuOLhY8F
00qgp1Gu7V4cBg3QPG,Sales Engineer,Read,2026-05-12T12:02:01Z,72tVidhjyDNNhDkQR5,005LSah1u1GnYGbYOG
00qltSphw0m3FCjIIE,Account Executive,Read,2022-01-07T08:28:22Z,006zBlVXRON0pu2IAG,005VOHFbnLYK0gIIP7
00qOb8zQxZRHzKLI66,Sales Engineer,Edit,2021-01-14T04:36:46Z,006uOxJYDyQJ2U4QO8,005RHpTOWiLP3HTIID
00qaa9jhbTqbtw1ADZ,Executive Sponsor,Edit,2021-12-05T22:42:29Z,5004SDmkvBBCJoKIVT,005qptAZodwwrZzYUF
00qfnXNAZRaPAuGA0B,Executive Sponsor,Edit,2025-04-13T01:42:52Z,51iReplUFZVxBL6YB6,005Nr8mKUnQ3oinATY
00q4XzmjDjjZII2IP9,Specialist,Edit,2026-04-02T02:30:34Z,001oL00mAodv6UcYFE,005IKQxHrnOfGBxYIU
00q5eZlaQpfB7OxACU,Sales Engineer,Read,2022-06-15T05:11:44Z,710o83hvzN5Li6qYSI,005RHpTOWiLP3HTIID
00qLPXwE13UfOLYQLW,Sales Engineer,Edit,2024-05-18T11:40:24Z,510u5Zwc07XQ5giQ7I,005wmbTnVpYGoJ1AGI
00qFpeiz5Iy5bSnYVM,Executive Sponsor,Read,2023-06-23T00:28:45Z,006oe5NiExs3WD5AKN,005lJuJ789IRmEmQF4
00qx7a8FD7pzX5pADD,Executive Sponsor,Edit,2025-07-15T00:30:56Z,700HXReK0YYlpwkY13,005qOi29J2o9pHYYCI
00qOuI6UO3WhgKPIZ5,Executive Sponsor,Edit,2022-07-06T11:58:57Z,006DyTvQPKimCaHIY6,005qptAZodwwrZzYUF
00qzwx7Pt0MnAXGASP,Sales Engineer,Edit,2024-10-16T12:51:56Z,806oMmi8VuTjHdWQVR,005NvlW1Gc9rLAVAYL
00qTwpoqSfawxlhIHY,Specialist,Edit,2021-07-13T12:44:41Z,006hof4HCVUVLzkYA3,005RuPGFXVl50YyAI2
00q7OQipBD9VJ2uY5S,Specialist,Edit,2026-04-29T04:58:44Z,006rm6acotUVy8XIRX,005qn7LR76DmPdbQZN
00qXajwVJFZmB1BYM7,Sales Engineer,Edit,2023-02-25T04:51:09Z,500wanHgIr5sM0KQUT,005lGkJeYS6wczpY2Q
00qD8OdmjcXQ6mHID6,Specialist,Read,2024-03-08T13:36:21Z,0067VUv74zEOEZ0I7M,0056Go3C6Dl0bjnQEY
00qtBJWwzv8QtvPI9L,Executive Sponsor,Edit,2023-06-29T20:48:27Z,006VgjXEf7yEhSWQ2W,005LSah1u1GnYGbYOG
00qivDv5H1fEDTlQFB,Account Executive,Edit,2022-04-13T16:33:21Z,721T9noLs7XaVr3I9I,005lGkJeYS6wczpY2Q
00q57fzikfCnVCaQG7,Executive Sponsor,Read,2023-04-03T22:40:43Z,71tJO4I6W8tx8W3YAF,005ifKSPcGiOhecIJG
00qsNVma5L7LTRsQ2W,Account Executive,Read,2025-02-15T17:44:11Z,006sl2tkqG5qvNPACT,005yqybzTtVK8u6IOR
00q8lktZXZYLJzXAK1,Sales Engineer,Edit,2021-07-05T14:09:51Z,006Acu1Q2oIdoSzY9H,005pFLSqKe2EKv0Q0O
00qJRTDTW74H9KnQQK,Executive Sponsor,Edit,2022-05-28T02:25:26Z,5206qpXvNKeGgGLYN7,0056BILiQX0m1w8QY3
00qKP0nfnn2WYJtYQ0,Executive Sponsor,Read,2023-02-26T11:34:31Z,006epgKBXTKg2ppIES,005IKQxHrnOfGBxYIU
00qDI9kEcaHsYj1IJE,Sales Engineer,Edit,2025-12-29T21:58:43Z,800b4hPm6qk3M2KARE,005VOHFbnLYK0gIIP7
00qvciVixMLpTx6AV3,Sales Engineer,Read,2021-07-19T07:30:23Z,006gZrBar5LlFnRY4V,005TU4vqRu98dHsY03
00qOSmgmDl7SuYCIJZ,Specialist,Read,2021-03-03T21:46:26Z,006cwzBlJAteYuFALQ,005dxKTxH6gxu99IEO
00qkNPgnhRHhbf5Y4X,Specialist,Edit,2021-09-17T19:54:12Z,00tQfmtHVETDnOSQ5P,005VOHFbnLYK0gIIP7
00qzwjj1m8jH6ENA8R,Executive Sponsor,Read,2021-05-28T04:09:20Z,711i5BYjcggdOQJADX,005qOi29J2o9pHYYCI
00qKuHe2ZNMOb1jQ3M,Executive Sponsor,Read,2023-03-30T02:03:41Z,0063MBvsaFF9mIAYGM,005Vo9gpxbtHjOOIMV
00qhWQ6PhonVZLKYLK,Account Executive,Edit,2023-01-20T23:14:16Z,006TdqMQmMoUZ69I53,005XE0YLnoIgg8hAV9
00qKN1gnhEwZ0l9YCM,Account Executive,Edit,2026-01-16T03:51:57Z,520LYGKOvaoDQUHYL8,0057ufaHufy75ktAX1
00q0wPMsnWQocEAQ50,Executive Sponsor,Read,2024-04-02T10:56:17Z,006kz7Zjv3Y4k1FIXT,005yrzZ2QLuB1ZZYH4
00qLbUjwZSAyKLjIVX,Specialist,Edit,2025-01-27T12:48:41Z,5218LcM3skmx3BSQLQ,005s4Xb2ZkbCAMvQEZ
00qiHO23MgpcPM8QA0,Specialist,Edit,2026-01-21T15:21:46Z,52629MYorTUtV6CYEY,005VOHFbnLYK0gIIP7
00qhwX7FpCevUciYUS,Executive Sponsor,Edit,2025-02-07T15:29:35Z,006NVCfNB0cM3DJQ1W,005NvlW1Gc9rLAVAYL
00qDcDB672duWfrQ7H,Specialist,Edit,2021-03-08T09:28:38Z,701NSbF00SUzh9SINY,005dxKTxH6gxu99IEO
00q0E5exi6KT4ArQZL,Account Executive,Edit,2026-03-15T15:56:22Z,006NogwlUPEtFtDQKV,005yrzZ2QLuB1ZZYH4
00qQ1adLQFcaom4QG8,Specialist,Edit,2023-07-28T02:32:08Z,01iEa511wLJYEKAAFG,005btAWhiiwsSYtA2R
00q1q9WpMgDkBAnYXT,Executive Sponsor,Edit,2026-05-09T01:52:58Z,82iSvD5Ndqnr40yICG,0057jDImegCGqG7YZ2
00qDhd4u3inp36uQDL,Sales Engineer,Edit,2025-10-11T15:30:15Z,0068jH15h6z8GI9IK4,0051j8xdsf40yysQI6
00qUD95dpXjjaGQINB,Account Executive,Edit,2025-06-11T06:09:46Z,006pJXsG6hijxZrIT8,005RuPGFXVl50YyAI2
00qzBIagPOG4ArdYXG,Specialist,Edit,2023-10-03T08:18:04Z,006ksFDjDwxcXhcYWX,005YLX0oRwAflvAQZO
00q9Plg8KeO3qMxY3X,Sales Engineer,Read,2023-11-07T11:33:41Z,50ivdAUc1oe0Sg0QG1,0057ufaHufy75ktAX1
00qyhJirG81b7yQIA6,Account Executive,Read,2022-01-05T05:23:45Z,000CQ9iBxBhpsC9QI8,005hp0uS7WWG0emI9I
00qdsikCEjWyO2aAXS,Specialist,Edit,2021-10-01T05:00:00Z,02tVz3Af1pPpQWJIAJ,005TU4vqRu98dHsY03
00qydGKgAI7nxxjQJE,Executive Sponsor,Edit,2025-09-26T16:05:07Z,00668gpDpvuiMm0YT0,0056Go3C6Dl0bjnQEY
00qhx5SMixnwlLRQ6R,Sales Engineer,Read,2023-09-10T08:44:16Z,006OHS32pgAomz6I24,005G7PmEiXypty3IQL
00qvHspQxRxRtqUQS8,Account Executive,Read,2024-12-15T09:38:48Z,006gxVBpOMV2bQRQK2,005lkwCvvs1NKzQIH0
00qB2xDRc7cdVgOYTZ,Sales Engineer,Read,2026-03-21T21:01:27Z,721nsMnwjgQDZK1A3R,005lhMYUKPuvXDoIO8
00qo01aV5UKDvg1QON,Sales Engineer,Read,2025-08-21T13:38:43Z,52i6MpVfctu2Rz1Q6W,005lkwCvvs1NKzQIH0
00qC38QCYSIbiD3IZ2,Specialist,Read,2025-03-05T15:31:30Z,006pcNgR5DH4dO1YXM,005si8rNhwYkQikIOL
00qTf60mCHXRJAeAMI,Account Executive,Read,2021-10-14T13:19:09Z,006mhSlReBaJdFdQUJ,005Nr8mKUnQ3oinATY
00ql17RY5fo83QIQTR,Executive Sponsor,Read,2021-02-25T08:33:37Z,006JJvNN1kdDKLSA6A,005qOi29J2o9pHYYCI
00qHVhIZp0sUHyAYIR,Sales Engineer,Edit,2025-03-19T04:05:20Z,006wp0dTmUwCRKjYTY,005BLrN0FAgafzHY2K
00qjUcyeKUWv5hqQ1J,Account Executive,Read,2023-08-01T04:33:41Z,800hJW9ycp2PBJaQNP,005nzeP1FFxSfMhQ5C
00qwgYjwAkyjE7IIZS,Executive Sponsor,Edit,2022-10-26T18:45:42Z,700bvDr39A6fiQ0Q2S,005ifKSPcGiOhecIJG
00qBRNrMvldMnDkQMO,Account Executive,Read,2022-12-07T14:52:52Z,71tPa9pj2CKPA1qQMG,005hfmtBm0piYtTY6K
00qVyN4EwfkIlgUAXZ,Specialist,Edit,2024-08-09T16:43:00Z,026HJzJ4zsmILV2Q8A,0053ucGskT1mdlKYCB
00qrNuiVJcaPdyjYDZ,Sales Engineer,Edit,2023-04-29T09:32:27Z,52tVa684KmyRYO8QUD,005qOi29J2o9pHYYCI
00qfGqyjCh2vZmlINC,Executive Sponsor,Edit,2025-06-29T02:11:29Z,02inHUqPyXgpf8GILT,005qOi29J2o9pHYYCI
00qIbBoAr2E48EZIXZ,Executive Sponsor,Edit,2024-01-14T19:40:33Z,80189GKnKw0VwCqQPJ,005uepIIzxcmHrDI1O
00qzCfwkqGAbD82Q5F,Executive Sponsor,Edit,2022-06-21T22:49:54Z,0061NMs5MRG7sHyINX,0056kxsLcWcZ0y6Y1M
00qKIZeCmKys7XBA0P,Account Executive,Edit,2023-08-27T18:51:58Z,51t5F1zRx4iucS9YLI,005si8rNhwYkQikIOL
00qOsbx6eRQFUT7AS4,Sales Engineer,Read,2024-10-20T05:29:12Z,521ZomOuXMlyxiZY73,005nzeP1FFxSfMhQ5C
00q9VpDGdwhKoSWI0S,Executive Sponsor,Read,2024-08-31T22:30:14Z,00iTrMmRyI0AC7FYOK,005lhMYUKPuvXDoIO8
00qoubDdHc9eA4SA8O,Executive Sponsor,Read,2025-01-31T01:39:58Z,006MgQnB3hrVK2oYP0,005ifKSPcGiOhecIJG
00qXDksaumdFYFMYQ8,Sales Engineer,Edit,2022-10-23T19:58:43Z,81t04RUKzfxWYDPA3Z,005XE0YLnoIgg8hAV9
00qQgLIRkOA0CciAZA,Account Executive,Edit,2025-04-27T01:58:48Z,821PrCNGNjz4IXXAB7,005krCc5IJC2wfdQ2P
00qFLhkTsz4GbjDAK5,Specialist,Read,2022-05-25T14:06:54Z,006OJDGBAhw96rhQVY,005BLrN0FAgafzHY2K
00qvoqpug9Foi2SI79,Specialist,Read,2025-10-14T22:33:48Z,7109fVIumfYROxoYBY,005mKVeNm7pzbbYYYT
00q8VVxkzDLAwq6A75,Account Executive,Edit,2023-04-13T22:56:47Z,72iyqvttgO7N6EyABY,005xEqNFzxKXya6IGV
00qJ7q1saFVaIQsQGL,Specialist,Edit,2023-03-14T12:05:44Z,706ThNDtIikLzwYIS4,005s4Xb2ZkbCAMvQEZ
00qPhndmv6zsv9hQ7U,Account Executive,Edit,2024-11-18T17:53:02Z,516ITeboCOYMuDtATJ,005hfmtBm0piYtTY6K
00qVd0slm2vChjxQYG,Executive Sponsor,Read,2023-02-04T19:47:10Z,006ooveUCrUvTtuANP,005lkwCvvs1NKzQIH0
00qoPhAWmFziwmiIKI,Executive Sponsor,Edit,2021-10-10T14:00:35Z,800b4hPm6qk3M2KARE,005yrzZ2QLuB1ZZYH4
00qCUOCXYvxhE7KYCJ,Executive Sponsor,Read,2021-09-15T22:01:18Z,006kgVcS9mVhIeUAQH,005hvPRYHDjoBLOQ3X
00qyCXz1m9YiG1NIS1,Sales Engineer,Edit,2025-04-05T18:46:57Z,821Oa65M3Z3hR4DQ9X,0051j8xdsf40yysQI6
00qipczB0k0pLhCIV7,Account Executive,Read,2022-05-08T15:15:46Z,0069FS87P3TelIHY31,005dxKTxH6gxu99IEO
00qNFrKJT97mbBcIEQ,Specialist,Read,2022-04-12T07:10:04Z,006hDDt2eLAw6J3I8D,0057jDImegCGqG7YZ2
00qEe0hioXEEXsLQJY,Sales Engineer,Edit,2023-02-25T17:39:53Z,70615XF1CMiOFu0Q40,005XE0YLnoIgg8hAV9
00qdcLQFM4SIwdqA5B,Specialist,Read,2021-08-23T18:35:14Z,726XozNERgAAZDlIZ8,005NvlW1Gc9rLAVAYL
00qhBegOGgATTHYA9A,Sales Engineer,Edit,2025-10-14T07:54:04Z,80tIcH6603TxTUmY63,005xEqNFzxKXya6IGV
00q3dqgGaTjymeVAQZ,Account Executive,Edit,2024-01-31T04:43:37Z,006TKuc6w3hFq6FYVL,005hvPRYHDjoBLOQ3X
00qmXcALeGcjoBSQ1F,Account Executive,Read,2025-01-31T19:28:54Z,80ig0h44cCZ9guhILV,005RuPGFXVl50YyAI2
00qVtJwTtTfjybgQUV,Executive Sponsor,Read,2024-01-26T03:43:57Z,021bXGgw3Tw5UXiIIS,005WXEV2UTDr9cIYIW
00qgX6Pqp2SQW9JIX5,Account Executive,Edit,2024-01-27T20:18:54Z,720zTie0H1c7MkoADS,005yrzZ2QLuB1ZZYH4
00q9nWfLgurHptzI54,Specialist,Edit,2025-02-18T01:34:16Z,006H9RAn54z7V8xA3G,005qn7LR76DmPdbQZN
00qI2C740iNyK4wAVD,Specialist,Read,2023-04-17T13:34:01Z,500bA9JabGkX7DOYLZ,005YLX0oRwAflvAQZO
00qgnmQrea6VbLXQ80,Executive Sponsor,Read,2022-05-19T22:17:05Z,52th6NaZzpxGAvAY03,005ztlrbFPcuOLhY8F
00qkQOzQM2R6qjbQR4,Sales Engineer,Read,2026-04-13T12:52:48Z,51tCO1aeW2hjHWTY77,005pAoa72XGI02qYGZ
00qfqN2ozsMqUafYQY,Executive Sponsor,Edit,2025-09-20T08:15:11Z,016UTIPsm3Q5yn8A5M,005BLrN0FAgafzHY2K
00qRjT7ILZiEyRdQSX,Account Executive,Read,2025-11-19T09:10:32Z,50iEs2J2gfUFvVYY9V,005hvPRYHDjoBLOQ3X
00q6NkRjgjUMQiVIP9,Account Executive,Edit,2024-01-26T19:15:40Z,82tgcC3HxXNlBACYTF,005Vo9gpxbtHjOOIMV
00qRrZjQDsMnWHYA4I,Account Executive,Read,2024-02-12T03:21:45Z,006suguxvWSHIgCAVV,005ifKSPcGiOhecIJG
00qUcubkJObTDJrIUK,Specialist,Read,2022-05-12T14:58:21Z,8107jXTv7ToTiDkQVJ,005pFLSqKe2EKv0Q0O
00qf6N2nLZ1hXvrIZN,Executive Sponsor,Read,2025-11-04T02:40:38Z,006y6y6Yg6ct1lzQZO,005qptAZodwwrZzYUF
00qrypGQo6fBGDzABL,Specialist,Edit,2025-04-29T23:18:26Z,006l7f2kBpCZ7noI5Q,005hvPRYHDjoBLOQ3X
00q3okYMZaxdkkrA5A,Executive Sponsor,Read,2023-05-25T22:23:40Z,006VqFLsQXSeznYAJW,005qptAZodwwrZzYUF
00q7n9aTbTyYYUYYQ6,Executive Sponsor,Edit,2025-07-16T14:54:36Z,80iYCIChrIJKE2ZIAR,005yqybzTtVK8u6IOR
00q4TjqvLvoNKgHQNZ,Executive Sponsor,Edit,2021-10-15T20:21:17Z,0260N5i4vuk6s1OQ49,005qOi29J2o9pHYYCI
00qSWl2pNauaUmaYSR,Account Executive,Edit,2024-12-04T04:32:50Z,0064bcL3jgpgPnnAG0,005NradmkgHLf0bIJ5
00qaNnIQEwqdVXpQ2W,Specialist,Edit,2022-10-27T04:23:06Z,80i0iR9lnVDyLhFARF,005hvPRYHDjoBLOQ3X
00qxRN5EUtdCaPJAGO,Sales Engineer,Read,2024-07-27T23:40:10Z,006gFU6rJSegMz4QTC,005Vo9gpxbtHjOOIMV
00qYiv5IlMq16uEQG6,Specialist,Read,2026-06-26T21:42:49Z,810eNr2w9bo9QOsYDP,005si8rNhwYkQikIOL
00q8QnbIds4LjOHQSP,Sales Engineer,Read,2022-08-15T04:46:05Z,5263f6aPNLmUo00Q7F,005qOi29J2o9pHYYCI
00q7Ygv18cWDqqvALY,Executive Sponsor,Edit,2021-09-02T06:41:20Z,01i9H3v1jwLj12rYWG,005lJuJ789IRmEmQF4
00qn9fjjdxEnjADA6S,Executive Sponsor,Edit,2022-12-21T14:50:04Z,006MMRYM6xOguWEQLD,005nzeP1FFxSfMhQ5C
00qEQ0v9t5NCtfiITH,Specialist,Read,2021-07-25T14:44:38Z,006UfQksIL6BmcyABS,005lkwCvvs1NKzQIH0
00qyhO11Tbd76xdQNY,Account Executive,Edit,2025-11-19T15:15:41Z,82iXF0oc6XjtAQoADN,005RuPGFXVl50YyAI2
00qvb5RWNwedt8DAN5,Sales Engineer,Read,2021-07-24T12:48:28Z,801nfZnswQNLrZpYXQ,005Nr8mKUnQ3oinATY
00qoZUDJx6yaYwDA0Z,Specialist,Edit,2023-05-27T23:42:46Z,00t3IOqEP69BAS0AOG,005wmbTnVpYGoJ1AGI
00qvMh6fKVT7oBtQ3X,Specialist,Edit,2025-02-13T06:29:43Z,5014Xk7FsInZnZWIT3,005btAWhiiwsSYtA2R
00qudXaf4AvEbt8YVD,Sales Engineer,Edit,2024-11-27T18:15:56Z,800IzBADA7mOjsmA4O,005hfmtBm0piYtTY6K
00qqIl0DPV0h1oXYR7,Account Executive,Edit,2024-01-15T13:17:20Z,816mvBBvLAo5nuTQ8Q,0055EGfQDBgoAh8IFH
00qyZf6OtJTHl6GYL7,Sales Engineer,Edit,2022-11-14T02:14:43Z,0064Z4XYdmVAuG8QC0,005BLrN0FAgafzHY2K
00qxmMzj6luLBhYAM1,Specialist,Read,2023-06-14T17:10:27Z,021bXGgw3Tw5UXiIIS,005hp0uS7WWG0emI9I
00qSWZ4oRtE3t1sA3W,Account Executive,Edit,2025-05-17T09:09:49Z,50iTnLuA85S8qYoQYM,005hvPRYHDjoBLOQ3X
00qSlSt9yAykOMGAKU,Specialist,Read,2024-03-01T12:28:37Z,52iz5dbic5ZsRkWAEP,005dxKTxH6gxu99IEO
00qzRgGXUO3NtNDYVB,Executive Sponsor,Read,2022-09-02T16:28:05Z,016nezGYukNi6QYIZM,005G7PmEiXypty3IQL
00qjq6m3mgPo5zMIBG,Specialist,Read,2022-11-25T11:57:44Z,006nJcY7QX4evvNIVR,005NradmkgHLf0bIJ5
00qeh3fIh8fdvSwIWP,Sales Engineer,Read,2021-12-16T09:44:55Z,0064YSqu2p4Tof7Y6X,005qOi29J2o9pHYYCI
00qgJGCjQMbmcskI84,Specialist,Read,2021-09-02T10:47:51Z,800b4hPm6qk3M2KARE,005nzeP1FFxSfMhQ5C
00qS7X0318PgktaAZF,Account Executive,Edit,2021-08-05T16:09:05Z,006pCWNQf7rGJ3NYY8,005wmbTnVpYGoJ1AGI
00quUKTquv8FST3I21,Executive Sponsor,Edit,2021-06-21T19:54:25Z,006Q10cwWo7txHUIAV,005qn7LR76DmPdbQZN
00qkIMDTy9kC8iOY9P,Executive Sponsor,Edit,2025-07-31T07:28:59Z,8113cJU5x4IyzgYQ3S,005yqybzTtVK8u6IOR
00qOWsQ7tBsITaqQVA,Account Executive,Read,2025-09-20T11:39:07Z,50tDQAjXay993aYQ07,005BLrN0FAgafzHY2K
00qCTCI7bfVdWR4QWB,Executive Sponsor,Edit,2024-01-03T19:18:04Z,006IyuLOnaLFZC2Y2R,0058ltZKG17vpJbQJK
00qVp7WxfmDsrDeIUD,Executive Sponsor,Read,2024-10-15T04:57:25Z,01tehL51gEnarvLQGW,005lkwCvvs1NKzQIH0
00qafRJutb80EhJIRU,Sales Engineer,Read,2021-05-07T18:55:58Z,500prBGPio0jxLPQI6,005pAoa72XGI02qYGZ
00qJJ6mZAzglgPDARO,Account Executive,Read,2025-02-07T17:20:37Z,71i9FTNyZtivXqvA0X,005pAoa72XGI02qYGZ
00qjbb3MFfYMsbwYR4,Executive Sponsor,Edit,2021-08-20T10:02:43Z,52iJ6P9RGzERsxwADO,005RHpTOWiLP3HTIID
00qvBZmmhQIUPDnAFF,Sales Engineer,Edit,2025-05-14T03:27:37Z,516dKiq4krLu3B0YT2,005LSah1u1GnYGbYOG
00q55CCXgZMjfP9IPL,Executive Sponsor,Edit,2021-11-13T20:47:42Z,02tVu2sNbF2JB0fYO1,0059cNiXLcpBkagI2J
00qCzjgPFFOVw9jQO9,Specialist,Edit,2022-05-06T03:01:12Z,006kynHTMifB4FlA05,0053ucGskT1mdlKYCB
00qFgocUDi36uMcA8G,Sales Engineer,Edit,2024-01-28T01:27:16Z,5260ID9UWO3NsN8AI5,005IKQxHrnOfGBxYIU
00qHnK3aA0tey69AQ2,Sales Engineer,Read,2022-12-27T14:09:06Z,7112i1Hr50yHeraQMN,0057jDImegCGqG7YZ2
00qBVxRHPHBasZTIZR,Account Executive,Read,2024-08-07T22:57:31Z,006gB9wvQnV0b9WIDU,005LSah1u1GnYGbYOG
00qIwEIKsnO9EAlYZF,Executive Sponsor,Read,2025-04-22T09:07:16Z,0063SY6evRNlBraQYU,005s4Xb2ZkbCAMvQEZ
00qpOhwV7sAJBQaISP,Account Executive,Read,2026-05-17T12:01:54Z,006VxHY3176jKROAY4,005TU4vqRu98dHsY03
00q0baaUwXfqKMNIQF,Sales Engineer,Edit,2024-06-04T08:34:01Z,006h7Obi7hFDVjtIW0,005uepIIzxcmHrDI1O
00qtlQr005iHYxmQWY,Account Executive,Edit,2025-07-08T16:32:33Z,006VnpdoBIZCpspASY,005qptAZodwwrZzYUF
00qq7ZjyzhB2uFgIXE,Specialist,Read,2025-12-09T04:48:43Z,006pBR74v5gs1KhALD,005hTpAX3O60UK0AAJ
00qutJGKZj7ts6UAHE,Executive Sponsor,Edit,2023-10-16T12:32:13Z,706ThNDtIikLzwYIS4,005lJuJ789IRmEmQF4
00qKP4dKPhKLx8CY60,Executive Sponsor,Read,2021-01-13T14:58:06Z,006HRhq0OwdVcBnQ27,005xwhqeeWgm4agYMN
00qUIWz3uX6mFPeA8B,Executive Sponsor,Edit,2024-06-18T17:46:41Z,700RYj9OJ0tobSgYEL,005lhMYUKPuvXDoIO8
00qwtAerTMRG6NdQI5,Specialist,Read,2026-01-19T08:27:18Z,0067aXW9gWvw28fQH9,005lGkJeYS6wczpY2Q
00qt26TBbQQZzNvABU,Account Executive,Edit,2024-11-07T17:44:20Z,006gSzmtsMbfcQ4YU9,0057ufaHufy75ktAX1
00qMKD17JRIorw5Q1U,Account Executive,Edit,2021-05-28T17:24:48Z,006suCA8Xg8hP7SQ38,005RuPGFXVl50YyAI2
00qNSvvu0WgNN47ILH,Sales Engineer,Read,2022-10-28T21:42:48Z,72ilBGasOCP9rvYIXO,005XE0YLnoIgg8hAV9
00q5EbssyE5T6VMY64,Account Executive,Edit,2021-12-08T19:57:35Z,006Np88sonUPyRIYJU,005btAWhiiwsSYtA2R
00qZ2TBHe5aCqorYFP,Sales Engineer,Edit,2022-11-30T05:51:20Z,506lE6RMDqvThysAOK,005qOi29J2o9pHYYCI
00qnW1F4om4a26jAZM,Executive Sponsor,Edit,2022-04-27T15:03:58Z,006csttRXTGIeDMA2L,005TU4vqRu98dHsY03
00qwdyqRKwOvMkZIJ0,Specialist,Edit,2023-06-04T01:24:34Z,820Xs6GAlVCwBRZY73,0051j8xdsf40yysQI6
00qJEyVoMML592PIRZ,Sales Engineer,Edit,2022-02-24T16:40:38Z,501bkOpDbyTdSMSQS1,0056Go3C6Dl0bjnQEY
00qwZbs8iWWqvj7INX,Specialist,Read,2026-03-16T12:23:48Z,716r3vXZV1fFbgCQPQ,005sAEUaULAzZRzQYB
00qQHrK80b2q4i2A9H,Specialist,Edit,2026-01-05T00:07:29Z,000UXXuEihvqi7kY6R,005nzeP1FFxSfMhQ5C
00qj3qBKNCthStdYMI,Sales Engineer,Edit,2024-08-08T17:15:29Z,006H5fFhSnXQnHSI4Z,005W8vdEbVdzOCdA62
00qST7CR8tMK0dcQNX,Executive Sponsor,Edit,2025-12-19T00:18:26Z,02tzRDIDIBwiHFNQ86,005pFLSqKe2EKv0Q0O
00qL9GcolwmxNWtQ0T,Specialist,Read,2023-11-15T17:58:05Z,00668gpDpvuiMm0YT0,005G7PmEiXypty3IQL
00qhH9sBK48DvysYRF,Sales Engineer,Read,2022-08-09T03:55:52Z,006hRvTZ1BxAoSuASY,005TU4vqRu98dHsY03
00qS2T5lyhdTUL0I10,Sales Engineer,Read,2024-04-22T05:49:12Z,5005yFgckE1ceDbIAC,0057jDImegCGqG7YZ2
00qMc1MRUoPZY3oQB6,Specialist,Read,2022-07-19T10:24:20Z,71tLlvJ88NTOkhhACY,005gMY3fFnSvHOzQLX
00qeT6ZkvETZaNIIXC,Specialist,Read,2025-10-18T20:29:11Z,00tvJH5KgpFjKEsYR9,005sAEUaULAzZRzQYB
00qOkXxFAMpi3wdQIZ,Sales Engineer,Edit,2021-02-09T01:38:18Z,500Q2cTozA6h6POIBP,005si8rNhwYkQikIOL
00qILujRBTR7EHQAMH,Executive Sponsor,Read,2023-08-20T13:36:15Z,006AjJkIcXHvgtSARC,005Vo9gpxbtHjOOIMV
00qcaDAb15ocdncY2D,Executive Sponsor,Read,2023-03-11T05:55:30Z,006xJ6XiObowSlWQBY,005NvlW1Gc9rLAVAYL
00qHK05EazUzzTPIDV,Executive Sponsor,Read,2024-12-26T22:11:46Z,006IRDHZKx9cElBAN3,005G7PmEiXypty3IQL
00qyvqz5wVp2nt8IH0,Specialist,Read,2022-03-16T23:12:56Z,810a0t8k1FUXv1cI0V,005yrzZ2QLuB1ZZYH4
00qoq3V6rbI8ocuI3O,Sales Engineer,Read,2021-08-22T08:28:23Z,006yBJFsYTWJ5NEAQX,0056BILiQX0m1w8QY3
00qu7CGlUU0lreWY0S,Sales Engineer,Edit,2022-01-04T11:24:21Z,006BubWVijMlnF4AI9,005YbujEVi8pPHuINT
00qporfHKfulgrlQU5,Executive Sponsor,Read,2023-11-09T02:08:11Z,006y6TIUeR343JzI41,005lhMYUKPuvXDoIO8
00qUCJqgslJa2DmQ9W,Executive Sponsor,Edit,2022-11-21T12:16:39Z,70titUbXvNESuZzI2D,005lkwCvvs1NKzQIH0
00qfMXOUZDxU41CQ7L,Executive Sponsor,Edit,2022-05-27T19:25:43Z,01tdyvIgQpVTvgTYQH,005pFLSqKe2EKv0Q0O
00q13c54WeyBgifAPJ,Account Executive,Edit,2022-10-15T18:59:38Z,006j9E323d5DOdfYF3,005XE0YLnoIgg8hAV9
00qs3Ow7I8XgGkkIL9,Sales Engineer,Read,2022-06-29T03:12:59Z,006k35NcfzPczydIXY,005dY26xUNDmki4A5N
00qHqSSWR2bnqshIRH,Executive Sponsor,Read,2022-10-13T21:35:09Z,7111gr5Czm59s4qQRS,0053ucGskT1mdlKYCB
00qfv2SWIsQ805TYME,Specialist,Read,2022-05-19T07:25:04Z,800hJW9ycp2PBJaQNP,005LSah1u1GnYGbYOG
00qzXRDsX1M3JwaQPP,Specialist,Edit,2021-08-08T01:10:32Z,006vG1ZO5JrIFxYAHH,005ztlrbFPcuOLhY8F
00qfiuN2MRqk2ojAA4,Account Executive,Read,2024-08-27T22:20:04Z,006rNyqk5g1Hm0EAMQ,005W8vdEbVdzOCdA62
00qdy7BvptzNKkUY9O,Sales Engineer,Read,2022-04-11T12:07:22Z,71t7Em0CjNehdJoY4T,005lJuJ789IRmEmQF4
00qBU02nSrZ7WzNILX,Specialist,Read,2021-05-09T12:09:33Z,80is1gQgzowKZheA4X,005nzeP1FFxSfMhQ5C
00q49IuivtLRLt5QL9,Executive Sponsor,Read,2026-01-18T03:00:16Z,006KvgqOCDEtXcYI4R,0056BILiQX0m1w8QY3
00qcqE41ToyyGXPI6Z,Sales Engineer,Edit,2022-12-07T14:34:17Z,006K45NvXKh9aHIYHT,005si8rNhwYkQikIOL
00qDRfcCi3wyW2kQP0,Executive Sponsor,Edit,2021-11-13T01:40:42Z,006mIdYenRt1MisQIC,005W8vdEbVdzOCdA62
00qD3QI8RJSPxJgIV3,Account Executive,Read,2024-10-11T19:57:23Z,006v3y5DCRHiklgQI1,005TU4vqRu98dHsY03
00qoCsiWDRJNQg1A2C,Specialist,Read,2022-11-21T20:41:33Z,006dt5gzEooGwX4QWB,0053ucGskT1mdlKYCB
00qM5WVIX6dk2QMAM7,Sales Engineer,Read,2024-07-28T16:58:25Z,82tNIDzfrf5G07qIST,005btAWhiiwsSYtA2R
00qBK23r6431xeLIG4,Sales Engineer,Edit,2022-08-20T16:59:54Z,026HJzJ4zsmILV2Q8A,005YLX0oRwAflvAQZO
00qfVJyzrbWDcJ0AY5,Executive Sponsor,Edit,2026-01-26T01:59:58Z,006tq8RMYIFHOkgYZN,005ifKSPcGiOhecIJG
00qv7J5HknEKD7BYAR,Account Executive,Edit,2021-03-31T18:47:30Z,006ynW7PBgOdgXiISI,005xEqNFzxKXya6IGV
00quYnlyuPqdiRBYGG,Executive Sponsor,Read,2024-09-30T20:03:24Z,800b4hPm6qk3M2KARE,005si8rNhwYkQikIOL
00qLeZA5qdYxYeXA3X,Account Executive,Edit,2026-02-13T10:27:45Z,526oIi4wwv9ub5TYYU,005wmbTnVpYGoJ1AGI
00q56zEaC75kTJGIVZ,Specialist,Edit,2021-10-19T15:03:10Z,706ThNDtIikLzwYIS4,005RuPGFXVl50YyAI2
00qNaEsFwiuSxeGISL,Executive Sponsor,Edit,2024-10-22T14:42:23Z,006Vcdg7CRfFBoXYD1,005lhMYUKPuvXDoIO8
00quloUU53RLWYaAGH,Sales Engineer,Read,2021-05-04T03:29:49Z,710O2UeQUVFxpr8ICS,005qptAZodwwrZzYUF
00qclIPLYk5UGNrQPG,Specialist,Read,2024-09-16T15:55:04Z,810bxkuzQPDh3uvAMF,005xk2KsXa5Ub6fA8M
00q3gfQG5YZPkp3A61,Account Executive,Edit,2023-04-13T17:52:17Z,80iYCIChrIJKE2ZIAR,005RHpTOWiLP3HTIID
00qd1QMrZmDSOsdAIV,Sales Engineer,Edit,2021-09-05T02:08:30Z,806CDzbo8Biuj6hIA4,005qn7LR76DmPdbQZN
00q0xdzfvX9mFfRIOJ,Sales Engineer,Read,2024-04-04T01:44:39Z,006Y1Mvf6qcOjkhILA,005IKQxHrnOfGBxYIU
00qy8i5nCi0ngSuIRQ,Account Executive,Read,2024-10-18T18:49:56Z,02tzRDIDIBwiHFNQ86,0053ucGskT1mdlKYCB
00qJfrRYYxMZrgLYYM,Account Executive,Edit,2023-02-26T14:22:54Z,006NVCfNB0cM3DJQ1W,005YbujEVi8pPHuINT
00qtbVZQ6au2X4UIFQ,Sales Engineer,Read,2024-03-01T14:19:14Z,006RBjkBi3QsCJ7YM1,005hfmtBm0piYtTY6K
00qIDCVXoLJIQ9CYCT,Sales Engineer,Read,2023-06-29T23:45:58Z,006on51X9OjF6OlQ4N,005LSah1u1GnYGbYOG
00qrwzIPZPFmy5CQXU,Sales Engineer,Edit,2026-05-12T03:14:20Z,01tD1mF9ntG1JYcYGZ,005xwhqeeWgm4agYMN
00qFqf5o3XqrQD0YH0,Sales Engineer,Read,2024-12-24T07:45:05Z,816DaGwevVKHATLIK3,005lGkJeYS6wczpY2Q
00qIY7RtTGkC7lxA61,Executive Sponsor,Edit,2022-03-11T10:42:48Z,016XNH4QZ7kxqA4YQL,0057jDImegCGqG7YZ2
00qYqFMeZDqQir3AEL,Sales Engineer,Read,2026-05-13T07:56:38Z,006fLXXRmFzm5m5QSV,005gMY3fFnSvHOzQLX
00qg5jFaoEDCaVRQ29,Account Executive,Read,2025-09-12T09:46:24Z,006GRdo2dWTDRxlAUR,005hfmtBm0piYtTY6K
00qF4Yhua55w1FMQ46,Account Executive,Edit,2021-02-05T17:49:27Z,501XZ94f9Gshb4CASW,005RHpTOWiLP3HTIID
00qH6WFZr1jYDhYYF4,Sales Engineer,Edit,2024-04-09T00:53:15Z,006Yu8cGnL42jpzIAY,005dxKTxH6gxu99IEO
00qgKYrK9rNltPjQY8,Specialist,Edit,2021-08-11T16:36:04Z,700Z8oS94ZFqXc5YGZ,005IKQxHrnOfGBxYIU
00qY3wy4QsHKWzOYSH,Executive Sponsor,Read,2025-01-26T05:55:03Z,006lXt9BBa86wk1Y20,005NradmkgHLf0bIJ5
00qicO210GFdyC2Y74,Executive Sponsor,Read,2025-08-14T17:55:13Z,006rPsu3iav7FCLQ6P,0057jDImegCGqG7YZ2
00qHK5wn31kbxKNIRH,Specialist,Read,2023-12-14T16:50:46Z,01665LIM3G7O2IEIRV,005wmbTnVpYGoJ1AGI
00qjQcJDaVi7FFKAIB,Executive Sponsor,Edit,2026-03-18T19:33:24Z,5014Xk7FsInZnZWIT3,005IKQxHrnOfGBxYIU
00q02uIynZViPrgI9A,Specialist,Read,2023-10-17T13:51:17Z,70i2P36afSR1lZJQ9Y,005uepIIzxcmHrDI1O
00q29EVUBCfMokRIX7,Sales Engineer,Edit,2022-11-19T05:03:01Z,720e1Bad6wwg7UDYVL,005hfmtBm0piYtTY6K
00qncj2EO8sFM02QL3,Executive Sponsor,Edit,2025-06-17T16:41:30Z,800Qiw8nw8drSeGAXC,0056kxsLcWcZ0y6Y1M
00qZ6uQKlx9saRBQGK,Account Executive,Read,2026-04-25T18:31:37Z,006csbwE77CaSuXQOW,005RHpTOWiLP3HTIID
00qcNZzHc4TkXGcICQ,Specialist,Read,2025-03-06T16:15:32Z,010PIV2DESBupn5IVK,005NradmkgHLf0bIJ5
00qvSlVPqLm3UFYIUV,Sales Engineer,Edit,2021-06-12T13:01:28Z,501YRozXd6JsJZZI4L,005s4Xb2ZkbCAMvQEZ
00qzvDYWPUFtm7ZIW6,Executive Sponsor,Read,2022-08-30T08:10:48Z,006aL3iOS5IjChvQNY,005dY26xUNDmki4A5N
00qWkGjoi3GRZjIYI5,Specialist,Edit,2024-09-21T20:30:52Z,71iAW7GO0dwXsl4Q1S,005NradmkgHLf0bIJ5
00qHUtaT48neAjZAXZ,Sales Engineer,Read,2023-07-17T16:50:25Z,81tdAGdH26F8088AZY,005hvPRYHDjoBLOQ3X
00qCSv1Uwpr9bzIIH2,Account Executive,Read,2022-06-29T03:23:56Z,006kl2qCb66wcFrYSY,005wmbTnVpYGoJ1AGI
00qaowBdoqvHOaeAH3,Executive Sponsor,Read,2022-11-06T00:26:38Z,00iwYN6pyW67tzxYUM,0056kxsLcWcZ0y6Y1M
00qdPA0ra7LlyRfYE1,Account Executive,Read,2023-03-25T08:38:59Z,52tBxvqCScFZeiWA23,005sAEUaULAzZRzQYB
00qWGl3htLOG3M9A1V,Account Executive,Edit,2021-03-17T10:06:41Z,021eKdhMYbzXcloIFK,005VOHFbnLYK0gIIP7
00qPwQU5BQ3EbRCI61,Account Executive,Read,2025-04-14T08:08:57Z,006vXKYr9ryB2hgI0B,005uepIIzxcmHrDI1O
00qHeRwarxgPWN1QQ3,Account Executive,Read,2021-10-25T10:15:04Z,006WGh02n41XCGAY2B,005yqybzTtVK8u6IOR
00qZYgEkj1OS8KtQUP,Specialist,Read,2023-07-13T03:53:54Z,006apT08amon0XbYH3,005XE0YLnoIgg8hAV9
00q3JOhjETXMiheIKO,Sales Engineer,Read,2024-08-29T15:41:58Z,71taZWt3ojFBqZHATH,005LSah1u1GnYGbYOG
00qjiBKuwyjcymvA98,Executive Sponsor,Edit,2024-06-05T09:20:42Z,706yIwidypSznxrQ80,005ifKSPcGiOhecIJG
00qeqFsGR7j9Z1bA39,Executive Sponsor,Edit,2023-10-15T01:15:10Z,006Thn5SzoAO6IXQ7U,005xwhqeeWgm4agYMN
00qAaODyGAPnURjQMY,Account Executive,Read,2021-07-16T04:17:53Z,521RCi4InzDJlbwA0D,005G7PmEiXypty3IQL
00qcqR7ciIbtmsNY92,Sales Engineer,Edit,2024-12-30T15:57:15Z,72tZRFHUoL5umGkI3B,005ztlrbFPcuOLhY8F
00qMlIHuMeg2OD6AJ1,Specialist,Edit,2023-08-27T14:46:34Z,700AZ5Efb7g1SiiYI7,005xEqNFzxKXya6IGV
00qEk94tTSgapFhIUT,Sales Engineer,Edit,2025-05-04T16:59:17Z,5168KK2y69MZusAA21,005uepIIzxcmHrDI1O
00qtKX4vCN1uLnCYIR,Sales Engineer,Read,2021-11-04T03:36:25Z,00iMCI0FdSRMC2lYEN,005lhMYUKPuvXDoIO8
00qCb79uZdKD860I52,Executive Sponsor,Read,2023-12-11T09:28:50Z,021PvkDEsMHKEpFADA,0055EGfQDBgoAh8IFH
00q12pKG5ahRoQHILV,Specialist,Edit,2022-04-23T04:58:34Z,526DSTzK3o2GZhtAD3,005qn7LR76DmPdbQZN
00qvBaPwQfvaYv1I79,Executive Sponsor,Edit,2022-02-06T10:48:09Z,726FMdiCT0tjq1BYP4,005qptAZodwwrZzYUF
00qQKQ55e5veS9DY0E,Specialist,Edit,2021-06-26T16:10:42Z,51tuM1742jAp0UuY8E,005lJuJ789IRmEmQF4
00qCo2hYdUfjnBVI50,Specialist,Read,2025-05-28T13:45:44Z,82tnYx1ZtV6XFuRQMB,005xk2KsXa5Ub6fA8M
00qWSyDn9aww1toID7,Account Executive,Read,2025-01-24T05:24:48Z,0063MBvsaFF9mIAYGM,005oCyN03vzPYXsQE2
00qd1czv9BipSpmIDG,Account Executive,Read,2023-07-05T18:18:21Z,72iluT5eN6NWsjpI9J,005sAEUaULAzZRzQYB
00qfkYseAEqX86iYE2,Sales Engineer,Edit,2025-05-28T22:05:25Z,5005yFgckE1ceDbIAC,0055EGfQDBgoAh8IFH
00qFNnUsAxxuABRAQD,Specialist,Read,2024-12-05T09:12:34Z,8107jXTv7ToTiDkQVJ,005mKVeNm7pzbbYYYT
00qKR349cXxqvcfYQW,Specialist,Edit,2021-08-01T10:49:32Z,006TdqMQmMoUZ69I53,005RuPGFXVl50YyAI2
00qOHf4OqDWklEsQS3,Sales Engineer,Read,2026-05-08T06:49:02Z,006TYKGV7Xfu4rjA9H,005Vo9gpxbtHjOOIMV
00qcb40NLGJdWXMIIE,Specialist,Read,2024-01-11T15:39:09Z,7203OQNAvLWnbb3Q5E,005qOi29J2o9pHYYCI
00qeP4XC8NRzSSUA5H,Account Executive,Edit,2022-07-05T04:51:12Z,520XJrk2Cut9UV0QB6,0053ucGskT1mdlKYCB
00qo16VY0jjhq5vQGX,Specialist,Edit,2022-10-30T04:58:59Z,006WkS1a4JlN7O5QFJ,005TIJckr7dVcDJQZF
00qBJY9tdYopHs4Q0E,Specialist,Edit,2024-04-05T23:43:47Z,820vqYOyZYDm1OzQZ2,005YLX0oRwAflvAQZO
00qKsQbYih1vDI6AC3,Executive Sponsor,Edit,2024-10-28T00:03:41Z,511piM4yYXj8T3QYTT,005si8rNhwYkQikIOL
00qS08OzCx4fWqvQ58,Specialist,Edit,2022-03-23T07:20:37Z,510IBr8JRvyBOI0ADF,005Nr8mKUnQ3oinATY
00qtqcYpQtc146JYZG,Account Executive,Read,2022-05-29T08:57:33Z,51tHCyyA740NmEDIRA,005krCc5IJC2wfdQ2P
00q7V5ABP7JCpkEANF,Account Executive,Read,2024-09-28T22:00:35Z,71iX3qS4baYggv7AN6,005LSah1u1GnYGbYOG
00qzBjdpor1kVq5Y88,Specialist,Edit,2022-04-15T03:55:13Z,006wgWgkluiAo5JA81,005qn7LR76DmPdbQZN
00qCOkFV019tD0EI3P,Specialist,Edit,2023-02-26T22:05:12Z,521Z8bPwg6uzfZEA99,0057ufaHufy75ktAX1
00qFZRQCSLf36pKI5G,Sales Engineer,Edit,2026-03-25T13:58:54Z,800Qiw8nw8drSeGAXC,005dxKTxH6gxu99IEO
00qcAsSezmXS2Z6ACR,Specialist,Read,2026-01-28T07:57:50Z,00txp86s8wpYXDTQ8N,005YLX0oRwAflvAQZO
00q5tekKHvWp5j6QIT,Sales Engineer,Edit,2022-10-09T11:44:50Z,526spsRumdUQ8zFYUC,005hTpAX3O60UK0AAJ
00q77owV138vChBYCE,Executive Sponsor,Edit,2023-04-17T08:42:27Z,006KHnkfpxHJjhvA9C,0053ucGskT1mdlKYCB
00q63Bhq9PN3lx0ITM,Account Executive,Read,2025-06-27T18:12:53Z,726U8oNm8SnQFZ6IES,005hp0uS7WWG0emI9I
00qarzAuJhb2c0zAJP,Account Executive,Edit,2022-09-29T11:13:21Z,026FFY5OeiKBXtzYT8,005RHpTOWiLP3HTIID
00q2iCWvxginOpKQAI,Account Executive,Edit,2021-06-10T17:43:11Z,71tjE28RTCl2kE2I0Y,005lJuJ789IRmEmQF4
00qdaSA9lqUXoz5QT7,Executive Sponsor,Edit,2026-06-08T13:09:09Z,02627uJs3bLAI8fQEU,005Nr8mKUnQ3oinATY
00qLkUp1a6BNv6RACH,Specialist,Read,2024-02-24T01:24:14Z,510XlKVyPMJxen7Q4V,005nzeP1FFxSfMhQ5C
00qtEoY71zsjtmnIEP,Executive Sponsor,Read,2024-06-22T10:39:44Z,510IBr8JRvyBOI0ADF,005G7PmEiXypty3IQL
00q1TJSi505yyEbA53,Specialist,Read,2022-07-22T12:04:46Z,001T62ckZCl2uOfAEE,005VOHFbnLYK0gIIP7
00qj2pjefTCZsEOQOI,Sales Engineer,Read,2023-01-26T21:41:35Z,006lBYVFDwbaYhqI0M,005dxKTxH6gxu99IEO
00q6Tfrx4f4pT8JIJ6,Specialist,Read,2023-09-18T15:40:51Z,006ytc8Tzkm2B1FI7V,0056BILiQX0m1w8QY3
00qS5bLovPT9ksLA61,Specialist,Read,2022-05-22T11:58:38Z,000CQ9iBxBhpsC9QI8,005xEqNFzxKXya6IGV
00qmTHq3qxIviomAHW,Executive Sponsor,Read,2023-08-17T16:24:01Z,006wgWgkluiAo5JA81,005dxKTxH6gxu99IEO
00qHm71Lg6f67UdAAE,Specialist,Edit,2023-05-03T23:19:53Z,00tnwkWac5inb0BQGB,005VOHFbnLYK0gIIP7
00qUooQoVKVGudmATH,Sales Engineer,Edit,2021-03-07T10:25:15Z,0065MMZsFYroY4RAAH,005yrzZ2QLuB1ZZYH4
00qaSs1Slc1tOhSAUW,Account Executive,Read,2024-09-10T06:53:38Z,81tQaSgZobqPtS4Q5C,0056Go3C6Dl0bjnQEY
00qcv1slgEeeVURIDG,Executive Sponsor,Edit,2025-02-05T09:24:51Z,006i40zeIfRSBOZYW8,0056Go3C6Dl0bjnQEY
00qP9E1vBjPkET4QSY,Specialist,Read,2022-06-20T17:42:36Z,82i8o4KUZogEMCHAP6,005NradmkgHLf0bIJ5
00qEM6orFJARtynAN3,Account Executive,Read,2025-08-10T16:13:33Z,70iEKKsvpW0SHkqQH8,005s4Xb2ZkbCAMvQEZ
00qEIF7giFlEX0iAOQ,Executive Sponsor,Edit,2024-12-02T19:38:02Z,00ijCBPeUz5Qky5IPL,0055EGfQDBgoAh8IFH
00qPu8ukR2VKM4QQ72,Sales Engineer,Read,2022-08-18T23:20:50Z,0067uJUcdvHi07VA0P,0051j8xdsf40yysQI6
00qTWYnP40N6U1bA39,Specialist,Edit,2021-03-29T13:06:32Z,700AZ5Efb7g1SiiYI7,005pAoa72XGI02qYGZ
00qXS072qDpOIEvQ6M,Sales Engineer,Read,2023-02-18T22:27:59Z,020Gm4fyvFYFOodYIU,005yqybzTtVK8u6IOR
00qOabWLP42jaxnIKA,Sales Engineer,Edit,2022-10-21T13:20:28Z,006gZrBar5LlFnRY4V,005lJuJ789IRmEmQF4
00q7nNyrHV2X5y4QRV,Specialist,Edit,2022-06-01T11:53:06Z,821AbkiganEss7hYIQ,005hfmtBm0piYtTY6K
00q5MdUgIogrlgMASF,Specialist,Edit,2022-08-09T15:15:40Z,521ZnDKIAdpMn14Q88,005wmbTnVpYGoJ1AGI
00qQWDn2dl3DQ88Q6R,Executive Sponsor,Edit,2021-02-27T09:35:21Z,50inwhIHEWxsdO8YG0,005pFLSqKe2EKv0Q0O
00qHY0VfTmJG86OARH,Sales Engineer,Read,2022-12-03T23:42:14Z,82iguBN6CwTjhOfY0A,0057jDImegCGqG7YZ2
00qiaA4XJ9BxWJIAU6,Sales Engineer,Edit,2021-12-30T05:33:11Z,00tK8p779q4DqJHYDL,005W8vdEbVdzOCdA62
00q86c3WcCANNp3Q1B,Specialist,Edit,2025-08-06T00:46:15Z,006aSAlPyrq3CVXAAG,005pFLSqKe2EKv0Q0O
00qclLVqR3TRm2pYMN,Executive Sponsor,Edit,2023-10-15T03:35:23Z,800IzBADA7mOjsmA4O,0055EGfQDBgoAh8IFH
00qBcTrpMW3GivhIHA,Sales Engineer,Read,2023-03-15T10:11:43Z,02tvRmJ3KgjkxLBYSA,005yqybzTtVK8u6IOR
00qj6gmt7vVYV8vIIT,Sales Engineer,Read,2026-03-20T06:46:58Z,716abaFu5JRwcMCIE0,005YLX0oRwAflvAQZO
00q893qA9gtvOHUQ8X,Account Executive,Edit,2021-09-02T00:09:17Z,026afXqJsqApMTbYMJ,005sAEUaULAzZRzQYB
00q1H1ojz2ilDsEA5P,Account Executive,Read,2023-09-08T04:37:53Z,006pjzRe97smM98AH1,0053ucGskT1mdlKYCB
00qngyqtmBdwRjKAJF,Account Executive,Read,2026-01-13T13:02:25Z,80tiKSl4hJWjT5jA9G,0057ufaHufy75ktAX1
00qclZ1wQGqypKLYGE,Sales Engineer,Edit,2026-04-04T04:55:36Z,000xXneMwf8WkNFIAK,005mKVeNm7pzbbYYYT
00qaKux418v3PjJIYT,Sales Engineer,Read,2024-08-13T21:51:55Z,006y2sZomStbAjEI3Q,005VOHFbnLYK0gIIP7
00qX672U5IHkBx1QVK,Executive Sponsor,Edit,2021-08-19T12:12:51Z,0068H5q0uIDtBo1YDL,005hfmtBm0piYtTY6K
00q2zgKxeWV17bwAF1,Account Executive,Edit,2024-02-11T01:46:22Z,01i4IMardk5sqj4AS0,005qn7LR76DmPdbQZN
00qY4oMb1gpu8s1A0A,Specialist,Read,2023-03-21T17:20:00Z,5005yFgckE1ceDbIAC,005G7PmEiXypty3IQL
00qJglKlK6kOu9NI53,Sales Engineer,Read,2021-10-15T05:39:19Z,0204HF7wVTuoVneYOB,0055EGfQDBgoAh8IFH
00qZkOb186TREK7IS2,Specialist,Read,2026-01-06T10:24:45Z,006pCWNQf7rGJ3NYY8,0059cNiXLcpBkagI2J
00qii0e7b65AtSJYOQ,Sales Engineer,Read,2025-02-17T21:46:19Z,720ny8nFJHudrPnARO,005wmbTnVpYGoJ1AGI
00q8oqdScyJkpXtAGH,Sales Engineer,Edit,2021-02-10T19:59:29Z,006QfDfXqSEXxGIQT3,005lhMYUKPuvXDoIO8
00qEPw9QZN9gB1oYLS,Executive Sponsor,Edit,2022-12-31T08:28:11Z,526F3l9AGlkv8pfIWP,005oCyN03vzPYXsQE2
00qcbIULjow1A6dQ66,Specialist,Edit,2026-04-20T08:28:13Z,71039gZq2bNxatoQZ9,005lGkJeYS6wczpY2Q
00qGyF3JjjcoSGbAM1,Executive Sponsor,Edit,2021-01-27T19:54:02Z,0105eysXdevNjxeY3F,005TU4vqRu98dHsY03
00qXmBFCWzGHLYtAYI,Specialist,Read,2021-09-21T16:36:45Z,006jN2Dw7tUsqmqQBB,0056kxsLcWcZ0y6Y1M
00qn0IVNtKv0o0QAME,Specialist,Read,2026-05-10T23:09:37Z,701eBZTq7oipTE6QF6,005si8rNhwYkQikIOL
00qbuSo57TnUOEDA2I,Executive Sponsor,Read,2025-05-13T03:33:44Z,006LIvAGqTpl4QeAF6,005TU4vqRu98dHsY03
00q3EQ5trq3XOSXQNQ,Specialist,Read,2022-03-19T04:33:02Z,006lXt9BBa86wk1Y20,005xwhqeeWgm4agYMN
00qyvGA8NRtbh73QDP,Specialist,Edit,2022-12-03T00:05:04Z,521LJWbOWfnkT52I54,005xwhqeeWgm4agYMN
00q0mKMGRwWCegtIAX,Specialist,Read,2024-05-22T23:01:41Z,0062QxpaaZxZ9lmY5A,005hvPRYHDjoBLOQ3X
00qVcqub9xf24hRAOH,Specialist,Edit,2024-07-22T08:32:35Z,016C2EooReZg2WZYG1,005hfmtBm0piYtTY6K
00q0ebaNrZP0Qu4IQD,Specialist,Edit,2025-07-20T19:13:37Z,006qbKmy2UA4PO7Y8F,005si8rNhwYkQikIOL
00quuyv3xwZHVDAQF2,Executive Sponsor,Edit,2021-04-07T10:38:47Z,700AZ5Efb7g1SiiYI7,005nzeP1FFxSfMhQ5C
00qNY0aVrsGX0EYASC,Executive Sponsor,Edit,2024-06-25T15:57:39Z,0114VX34JojdXVkQA0,0055EGfQDBgoAh8IFH
00qGqDdxSjBdxVeYL4,Sales Engineer,Read,2021-07-11T09:24:55Z,00tuIMF7s5oEPalQX0,005VOHFbnLYK0gIIP7
00qq8FbHn5mNGFcQ6E,Specialist,Edit,2021-03-30T17:57:04Z,00txp86s8wpYXDTQ8N,0059cNiXLcpBkagI2J
00qr3TNfrc0Fh1VI6P,Account Executive,Edit,2021-04-06T11:35:44Z,006gB9wvQnV0b9WIDU,0059cNiXLcpBkagI2J
00qv6SZ99SZm1VSAIR,Executive Sponsor,Read,2024-11-20T01:53:13Z,006r4qdkepshooRIAE,005Vo9gpxbtHjOOIMV
00qyvZj77Dw1ghwY26,Sales Engineer,Read,2025-06-22T19:29:08Z,810WEutgN41JOtwIBR,005BLrN0FAgafzHY2K
00qvR1FBInbmlMbIJ3,Executive Sponsor,Edit,2023-09-17T11:09:12Z,716bgY3jb0aZys5AHA,005pFLSqKe2EKv0Q0O
00q4MX2TFNdWpdnA4W,Executive Sponsor,Edit,2023-04-27T13:32:26Z,721mxsY8w8Gt5A5IW3,005dY26xUNDmki4A5N
00q2J7RLeMf9hd3Y4M,Executive Sponsor,Edit,2025-04-22T01:14:49Z,501bkOpDbyTdSMSQS1,005LSah1u1GnYGbYOG
00qIzopXlCaLYQrQLH,Sales Engineer,Edit,2023-04-21T05:50:37Z,00109Wkb6Ad98AMIR6,005hfmtBm0piYtTY6K
00qoMI90JtS1OA3Y2O,Specialist,Edit,2021-12-03T05:49:15Z,72tcxdVCdzng8jjIGV,005RHpTOWiLP3HTIID
00qtfaUBqdwanQaAAD,Executive Sponsor,Edit,2024-05-02T12:18:59Z,000ivHnEkBtiEjzAF1,0057ufaHufy75ktAX1
00qCXzFXlMANB91IU6,Sales Engineer,Read,2026-04-24T02:51:38Z,001ib7FXZt0jhJBYVP,005wmbTnVpYGoJ1AGI
00qMR1oaGCWJrfmIH3,Sales Engineer,Read,2021-03-22T21:19:40Z,821AbkiganEss7hYIQ,005IKQxHrnOfGBxYIU
00qLBF1hlmr8mcaQNX,Specialist,Read,2024-08-24T15:56:33Z,006UfQksIL6BmcyABS,0059cNiXLcpBkagI2J
00qWdKz2f3CZMozI0A,Specialist,Edit,2025-08-05T10:46:59Z,81tdAGdH26F8088AZY,005oCyN03vzPYXsQE2
00qnwA2yxvnKBkzI24,Sales Engineer,Edit,2025-08-09T20:00:06Z,006TF68FDH8V1zoAAG,005VOHFbnLYK0gIIP7
00qchOlkY9PaZJkIQ7,Sales Engineer,Read,2021-02-24T04:13:46Z,006dbT5cOGDgHY6QVK,005qOi29J2o9pHYYCI
00qkafJzFd5vOY5QWV,Account Executive,Read,2022-10-23T05:49:40Z,006BubWVijMlnF4AI9,0057ufaHufy75ktAX1
00qjQml4BVgZcqTQYV,Account Executive,Edit,2021-10-17T04:08:08Z,0001FxlgbKgn74EIC5,005lJuJ789IRmEmQF4
00qFGYKzJEkuy2LA3B,Account Executive,Read,2022-11-30T16:17:29Z,021jvqwanvRq8PSQS3,005YbujEVi8pPHuINT
00qUCwllmK6uI7hI2K,Specialist,Read,2022-09-14T16:29:15Z,00iA1KWe8K1vrY1ANF,0057ufaHufy75ktAX1
00qn6ez3LvEuGWsIRI,Executive Sponsor,Read,2022-12-17T14:19:52Z,00631GIvihJzBLjIQL,005XE0YLnoIgg8hAV9
00qltxpA2SxRF5oQS3,Specialist,Edit,2022-01-28T05:24:50Z,0061SrMEnwCH7hEQ5W,005YbujEVi8pPHuINT
00qXy2EQiLTqBvpQFP,Sales Engineer,Read,2022-01-26T11:36:30Z,006dt5gzEooGwX4QWB,005ztlrbFPcuOLhY8F
00q1qqBbzPuAP41Q4G,Specialist,Read,2025-09-27T18:25:26Z,006aMy7xqM18jiyILB,005hp0uS7WWG0emI9I
00q0aMG1pr4H3dQIWI,Account Executive,Read,2022-04-21T09:46:40Z,70izJscuGLLZ5kjAD2,005BLrN0FAgafzHY2K
00qNKI3SPo3tw20Y1H,Account Executive,Read,2022-01-04T23:58:06Z,0060CrcLRUoFi5HALK,0055EGfQDBgoAh8IFH
00qvDFi2N9ajYe1AVD,Account Executive,Read,2021-04-23T13:58:39Z,02tpaFf85ljoY7FYHM,005qn7LR76DmPdbQZN
00qvMFTkNSYMYpPQE3,Executive Sponsor,Edit,2022-12-31T09:37:48Z,0169bF3F2SUcb85AFS,005btAWhiiwsSYtA2R
00qaAhCVyWG2RTUQOP,Sales Engineer,Read,2022-08-04T03:41:26Z,006hkYeQWT3Dvx0QD1,005ifKSPcGiOhecIJG
00qiD8JXi6yoChII02,Account Executive,Read,2025-04-28T03:38:13Z,02iS22kmtnTAmXQYS9,005gMY3fFnSvHOzQLX
00qWWlXomJhnf78A5W,Specialist,Edit,2022-01-19T21:19:20Z,006mzWe58RdMo3xAFH,005hTpAX3O60UK0AAJ
00qxkoeVlMiRwSeABR,Account Executive,Edit,2026-03-05T14:46:54Z,020HoV5X6OcTr3rI9R,005dY26xUNDmki4A5N
00qZEzOMe5prBJXQ75,Account Executive,Read,2023-04-06T13:14:21Z,71ixbCOpDdjLZznAQS,005xk2KsXa5Ub6fA8M
00qNjexnUWin502YFU,Executive Sponsor,Read,2023-01-04T11:38:15Z,526DSTzK3o2GZhtAD3,005Vo9gpxbtHjOOIMV
00q0tW7nlPgQBPjAWO,Executive Sponsor,Read,2026-03-15T02:53:03Z,5206qpXvNKeGgGLYN7,005yrzZ2QLuB1ZZYH4
00qLWBMQxSXDYNcAGO,Sales Engineer,Read,2022-05-31T08:47:29Z,0061EDUAdQALRxAYF5,005gMY3fFnSvHOzQLX
00ql3UQkLV1eBqQAIV,Account Executive,Read,2022-03-21T20:20:10Z,006sWP46Zv43vDZYLD,005qOi29J2o9pHYYCI
00qI4MWpb5KboQ9IDP,Sales Engineer,Read,2022-04-12T13:25:03Z,700bvDr39A6fiQ0Q2S,005YbujEVi8pPHuINT
00qkYUNmk5ubqkFA28,Sales Engineer,Read,2021-05-25T10:48:29Z,511HCHmbymadrvJIDX,005si8rNhwYkQikIOL
00qWAALnVVNbjGrAIJ,Account Executive,Edit,2021-02-09T21:31:00Z,700Z8oS94ZFqXc5YGZ,005ifKSPcGiOhecIJG
00q6ZDjhemP3VvoIZ1,Executive Sponsor,Edit,2022-07-26T07:18:05Z,016UTIPsm3Q5yn8A5M,005YbujEVi8pPHuINT
00qEpASjhfhmRSPQWY,Sales Engineer,Read,2021-03-01T03:31:44Z,816ub6hPcL9xyf9IYI,0055EGfQDBgoAh8IFH
00qHZN99sL8O2j3YUN,Specialist,Edit,2022-08-01T19:59:05Z,8064auPFKn88uyxYHW,005uepIIzxcmHrDI1O
00qIvb3aRuXNwHBIHY,Sales Engineer,Read,2025-01-19T15:51:53Z,0202YwTxfMWSyIKITV,005dY26xUNDmki4A5N
00q0BUVsEJoj6KyQMA,Sales Engineer,Edit,2021-05-13T07:28:27Z,821HVM9sxaI7UFEQ2J,0057ufaHufy75ktAX1
00qSNPbwT9fVnEuYV5,Account Executive,Read,2025-11-08T09:24:43Z,00tQfmtHVETDnOSQ5P,005pAoa72XGI02qYGZ
00qlKQ6pduce5cJQ7K,Specialist,Edit,2024-06-19T18:24:40Z,00iqFhLrcm84fnfY73,005YLX0oRwAflvAQZO
00qJv2OFq2ebEHvAQD,Sales Engineer,Edit,2023-03-14T18:15:16Z,516ITeboCOYMuDtATJ,005dY26xUNDmki4A5N
00qNJPc2SBuPlSkAW0,Specialist,Read,2022-01-28T20:58:52Z,51iOCTKsAi3opKsYHX,0051j8xdsf40yysQI6
00qwIVTFRAUvZF4QJS,Executive Sponsor,Edit,2023-05-02T13:52:26Z,000drBgiK1yV65gYEN,005W8vdEbVdzOCdA62
00q8zcZZXG4o2GEQZT,Account Executive,Edit,2022-06-15T10:06:51Z,806CDzbo8Biuj6hIA4,005hp0uS7WWG0emI9I
00quUJ6aIAUCRd8YT9,Account Executive,Read,2021-09-11T06:24:30Z,00iqIKwdqI55cMpA5R,005IKQxHrnOfGBxYIU
00qXTksDaom1dT2IX2,Account Executive,Edit,2021-04-05T10:17:55Z,006MN9f5TYwzARnYPS,005xk2KsXa5Ub6fA8M
00qONNbn4AWx8T0IUH,Sales Engineer,Edit,2022-08-06T18:01:32Z,800agHx6nx1yxCcA1H,005W8vdEbVdzOCdA62
00qSroiuSlbHekrYU5,Sales Engineer,Read,2022-02-11T07:33:49Z,510zfYYMjTEzrHZQSO,005sAEUaULAzZRzQYB
00q5qXRznGhDHXAAAW,Account Executive,Edit,2024-12-16T20:15:15Z,0068U4Bp9qWzFmGIW3,005Nr8mKUnQ3oinATY
00qmIlvV154lkf4QPO,Specialist,Read,2025-10-08T22:35:53Z,81t5gLsXEkTMNZIYQY,005ifKSPcGiOhecIJG
00qUxDYiPDDVIyzYBZ,Specialist,Edit,2025-07-18T18:38:35Z,81ifOLG1ra92UnlQ70,005nzeP1FFxSfMhQ5C
00qX4oR0wrObZteIAC,Account Executive,Read,2026-06-14T18:43:34Z,5118A3WWZEqspGMQ9H,005krCc5IJC2wfdQ2P
00qHy0cy0Pmhot5QJC,Sales Engineer,Edit,2021-10-30T13:10:27Z,006SZIt0xL80Y7MAPK,005NradmkgHLf0bIJ5
00qreXg3R10WpR1QGZ,Specialist,Edit,2021-12-15T22:32:44Z,006A4LBPr9HWFUiQYO,005nzeP1FFxSfMhQ5C
00qjcKfrW99VKijYF3,Executive Sponsor,Edit,2021-06-27T17:38:23Z,006y6y6Yg6ct1lzQZO,005hfmtBm0piYtTY6K
00qpHEYbiRLI0ibQB2,Account Executive,Read,2023-02-24T09:16:34Z,51t5F1zRx4iucS9YLI,005YbujEVi8pPHuINT
00q0uOGYMkAwYf4AXU,Executive Sponsor,Read,2024-05-09T19:27:09Z,006OJDGBAhw96rhQVY,005VOHFbnLYK0gIIP7
00qhJjAWgj0pI9uQXF,Executive Sponsor,Edit,2025-07-09T15:42:31Z,006ptBWxQBn6whtIPE,005qptAZodwwrZzYUF
00qzJgJOW9CmvzOQ4T,Sales Engineer,Edit,2023-06-19T12:20:50Z,00612D5ppLojAPLA4Y,005qn7LR76DmPdbQZN
00qtmgf2Tpx97kAI08,Account Executive,Read,2026-05-27T17:36:06Z,72tcxdVCdzng8jjIGV,0057jDImegCGqG7YZ2
00qhN32C8nL48sOAO8,Account Executive,Edit,2023-08-14T06:44:57Z,50iTnLuA85S8qYoQYM,005mKVeNm7pzbbYYYT
00qoPtYan2fZgSMYO8,Sales Engineer,Read,2023-03-18T04:04:43Z,5168KK2y69MZusAA21,005wmbTnVpYGoJ1AGI
00qeUyaGEhGluH8QRB,Executive Sponsor,Edit,2022-02-23T22:59:27Z,006LIvAGqTpl4QeAF6,005RuPGFXVl50YyAI2
00qBBV8Dr69syw1YA9,Specialist,Read,2022-08-19T21:29:29Z,0067BUNTMJSrk2II80,005wmbTnVpYGoJ1AGI
00qiMeCaPaWILGsYEV,Specialist,Edit,2022-02-08T23:55:03Z,006h7Obi7hFDVjtIW0,005YbujEVi8pPHuINT
00qehXdJFnLd8gXI6Q,Specialist,Read,2021-03-28T19:01:48Z,72ttHoExhn8TD4pYOO,005YbujEVi8pPHuINT
00qgLuWY23RNegpAPQ,Sales Engineer,Edit,2024-11-09T18:15:25Z,52i5pEXn6pAdR6eI4T,005W8vdEbVdzOCdA62
00qbJVXDetonMCHA5I,Sales Engineer,Edit,2022-06-05T01:11:05Z,701KVmhUT7rFgheQTD,005NradmkgHLf0bIJ5
00qKwrY9poNbx38YZH,Specialist,Edit,2025-07-29T07:12:23Z,006rOXi3qQ0tFMMA11,005uepIIzxcmHrDI1O
00qQqlc1JD1mvCKI8D,Sales Engineer,Read,2021-02-04T16:55:09Z,501JqXNS4eKhs4SAD0,005IKQxHrnOfGBxYIU
00qjwklhGSZmqybIRX,Account Executive,Edit,2026-04-05T15:48:23Z,511NIp2TtJoPLjwY55,005NvlW1Gc9rLAVAYL
00qfVA3jg2f8RbWQ0Q,Specialist,Edit,2025-01-04T22:35:14Z,00trOSHMVDZuSPZYZA,005s4Xb2ZkbCAMvQEZ
00qhW5wWcDsCKJqAHX,Sales Engineer,Edit,2024-08-15T07:32:43Z,80ig0h44cCZ9guhILV,005lkwCvvs1NKzQIH0
00qRyfl1ZluxOWYQMJ,Specialist,Read,2024-07-10T10:55:13Z,006ptBWxQBn6whtIPE,0057pBBoeyfvmpBIQ5
00q5tE0iTyh2WfdYWA,Executive Sponsor,Read,2024-11-09T16:25:28Z,006op3LuFUfeyZzYNT,005wmbTnVpYGoJ1AGI
00qhOCOAbdR30JEQ9G,Account Executive,Edit,2026-05-08T07:24:57Z,006RBjkBi3QsCJ7YM1,0056kxsLcWcZ0y6Y1M
00qpdCWGtujTSlBQ43,Executive Sponsor,Edit,2026-02-06T22:08:20Z,81tYw0ANPUQ2I6WQS2,005xwhqeeWgm4agYMN
00qYXYt3RtkPaTHYWN,Account Executive,Edit,2024-05-14T09:29:08Z,000drBgiK1yV65gYEN,005pAoa72XGI02qYGZ
00qIt5qtLG614fEYCU,Account Executive,Read,2023-05-08T20:15:52Z,501DWuGTC7fBfPjICF,0055EGfQDBgoAh8IFH
00q14BqmeP8NJx4Y2F,Sales Engineer,Read,2022-08-20T21:05:11Z,011HMYcl7buHdcYITP,005ifKSPcGiOhecIJG
00qNSmHxu3TaAoZIA1,Specialist,Edit,2021-02-06T06:51:01Z,720o1Ib5COzz3xLY7Q,005hp0uS7WWG0emI9I
00qNQ9VEfhRvDVsQB9,Specialist,Read,2021-03-01T16:07:41Z,80tIcH6603TxTUmY63,005hTpAX3O60UK0AAJ
00qd5UDrPPxK1nPQ36,Sales Engineer,Edit,2023-04-10T18:52:25Z,710ovmDHEhzjIAhYIQ,0058ltZKG17vpJbQJK
00qh9YOvIctOOOfYVR,Executive Sponsor,Edit,2023-11-14T18:18:40Z,000pvDVfdIPtBmlASO,005yqybzTtVK8u6IOR
00qrkXMa5vrdaEwIA8,Specialist,Read,2021-02-08T22:50:58Z,50te6kBScamVZnPYW2,005qOi29J2o9pHYYCI
00qOh8PsgvH5KScYCC,Sales Engineer,Read,2025-03-07T00:12:04Z,006hRvTZ1BxAoSuASY,005Vo9gpxbtHjOOIMV
00qneflqSmtIVMTYL1,Specialist,Read,2021-04-13T13:36:45Z,006HkjPVxbqd9kgQCU,005W8vdEbVdzOCdA62
00qacIuhQySV8ygIZN,Account Executive,Edit,2022-05-16T18:43:50Z,810AfXY7CkI2OtTAKH,005hvPRYHDjoBLOQ3X
00qG0RlbZ2BauRZAXL,Account Executive,Read,2021-04-24T21:55:41Z,01tlu1AkkC5qbbuYPR,005pAoa72XGI02qYGZ
00qxIrWPNKJykdtIR7,Sales Engineer,Read,2025-08-26T18:21:10Z,81t4p4m3KTfbJKWYH1,005lkwCvvs1NKzQIH0
00qvJvmMly1A0lhAEA,Specialist,Edit,2023-05-10T03:06:06Z,80iFznLOYTxhHHUQ1L,005qOi29J2o9pHYYCI
00qivklGVY9ksATY5N,Account Executive,Edit,2025-03-03T00:34:14Z,50ixod6uEodIRyrITH,005xEqNFzxKXya6IGV
00qGj3jsnoNOfUbYV1,Specialist,Edit,2022-06-16T06:14:03Z,001Ou3cLagv7VIiQYI,005si8rNhwYkQikIOL
00qBwFfq20KfktxADA,Sales Engineer,Read,2026-05-09T23:32:39Z,500oowxkxV4s3nnYH7,005lhMYUKPuvXDoIO8
00qJuZJJWyLxOjvAWS,Specialist,Read,2025-02-18T06:28:22Z,006WszjSMO6G9CjA99,005hTpAX3O60UK0AAJ
00qO8FFFh7zmtnkAG0,Specialist,Read,2023-10-15T15:38:38Z,010qLMB0uAjOAJMAKD,005yrzZ2QLuB1ZZYH4
00qYytQamgQ7beGY8S,Executive Sponsor,Edit,2022-02-15T22:27:07Z,720e1Bad6wwg7UDYVL,005hp0uS7WWG0emI9I
00qYKlIgCfPX4fLYAK,Executive Sponsor,Edit,2022-12-12T08:44:55Z,0065QN8cBBDCpQCYJW,005hTpAX3O60UK0AAJ
00qkJHEVnqn2sbzQTG,Specialist,Read,2023-01-21T01:25:07Z,006NP7nicN4ZuyJIAI,005Nr8mKUnQ3oinATY
00qEKBAIdn7WxnPIVY,Specialist,Edit,2024-01-13T21:06:33Z,526F3l9AGlkv8pfIWP,005IKQxHrnOfGBxYIU
00qtABE02F4F9LKIJ3,Specialist,Read,2025-01-20T11:14:55Z,71iQQ8SGfolOwXNQYJ,005LSah1u1GnYGbYOG
00qLk7aZc7OwtkUA5I,Sales Engineer,Read,2021-01-25T10:06:58Z,71t7Em0CjNehdJoY4T,005yqybzTtVK8u6IOR
00qKVMYudsWhZroIKW,Account Executive,Read,2023-06-11T03:39:25Z,020Gm4fyvFYFOodYIU,005qptAZodwwrZzYUF
00qR5lUOQZCpGVgIHZ,Executive Sponsor,Edit,2026-06-25T22:17:13Z,72iIgR6vwZzvAVWID9,005xEqNFzxKXya6IGV
00qZfHt64IWgJ2RQYK,Sales Engineer,Read,2023-03-16T14:01:49Z,52tU95rJYmkebocIIB,005pFLSqKe2EKv0Q0O
00qg6EL6dXEziPdQTI,Sales Engineer,Edit,2022-11-27T14:55:49Z,0064GRvbDOzL1bSAZ9,005NradmkgHLf0bIJ5
00qxMJ8rlEQLH5uIF9,Account Executive,Read,2021-09-20T06:43:34Z,501hQExXpzhYHxfAQC,005IKQxHrnOfGBxYIU
00qkFSX0csPtmnoA9E,Sales Engineer,Edit,2024-08-12T11:45:37Z,716J4BS1pykr2rsQCF,005xwhqeeWgm4agYMN
00qweV4I6MfGbVPA61,Specialist,Edit,2022-03-13T21:30:12Z,82iguBN6CwTjhOfY0A,005RHpTOWiLP3HTIID
00qitIE1Mx9Od5GI83,Account Executive,Read,2023-05-20T05:37:03Z,006jUJjjbtHPUWlY8S,0056kxsLcWcZ0y6Y1M
00qQXiaVfNIDvwpA9P,Account Executive,Edit,2023-10-27T12:32:26Z,80ii0Dr17V5WVEiYLE,005qptAZodwwrZzYUF
00q77OTYLaXbHArARK,Sales Engineer,Edit,2022-02-05T02:08:48Z,8218gZMBYNXYLBNYM9,005LSah1u1GnYGbYOG
00qsPjDpPQ9vsHjI6T,Sales Engineer,Edit,2023-06-01T23:03:59Z,71iAFTupKfJkisWA3O,005qn7LR76DmPdbQZN
00qi2HjdrXnc836YQF,Executive Sponsor,Read,2023-08-30T00:21:20Z,00194jd02fSe4ubYVT,005dY26xUNDmki4A5N
00qTPsYURVfFINPQG3,Account Executive,Edit,2025-01-27T17:36:12Z,006cRnOVinK8gXHA0R,005qn7LR76DmPdbQZN
00qQnBnmU80yHLiAXK,Account Executive,Read,2021-04-19T06:23:56Z,500omxYi0hTQz5nAHP,005hTpAX3O60UK0AAJ
00qE6n4GIAOJQsYIQM,Account Executive,Read,2022-12-12T09:23:00Z,006cSgQgdiJ42DnI54,005si8rNhwYkQikIOL
00q4JMClCJJaF0ZQ79,Executive Sponsor,Edit,2022-07-06T16:23:21Z,006vRmwy1MfWv3NIQ3,005btAWhiiwsSYtA2R
00qFIlQW1oSZ3inAZN,Specialist,Edit,2025-12-31T03:06:47Z,006WGh02n41XCGAY2B,005mKVeNm7pzbbYYYT
00qHnsHd2eay0D2Y1Y,Sales Engineer,Edit,2025-08-09T11:23:45Z,011EmMMoe4AiNxvI4S,005VOHFbnLYK0gIIP7
00qIgnU4vWFL7JiAFT,Specialist,Read,2024-03-24T02:27:06Z,506AofLThebLHyBA0Y,005hfmtBm0piYtTY6K
00qBhBRt9T6IJjzIO8,Account Executive,Edit,2021-08-05T07:26:44Z,800b4hPm6qk3M2KARE,005btAWhiiwsSYtA2R
00qp4B71sPMk2FPANK,Specialist,Edit,2025-03-20T21:43:42Z,00637kOJWWqJdXyIJE,0055EGfQDBgoAh8IFH
00qUCS41Qg60O0IINL,Executive Sponsor,Edit,2023-11-05T04:53:33Z,00tZLRdA6SIdImoI1T,005mKVeNm7pzbbYYYT
00qUSanDwDJUIOwY9I,Executive Sponsor,Read,2022-03-02T00:29:56Z,006qj9ExS5EJYy0AVS,005yrzZ2QLuB1ZZYH4
00qELCaTQt7zD8WAQ5,Sales Engineer,Read,2021-06-08T14:05:13Z,006TFOyaj6QflaUA0Q,005ztlrbFPcuOLhY8F
00qLwk3xHZhjzPZQ9K,Executive Sponsor,Edit,2023-06-26T18:04:00Z,0064Lvs4DokvWevIOV,005dY26xUNDmki4A5N
00q0Q0gc5YfVNMMQXH,Specialist,Read,2021-08-29T13:06:37Z,520SPOH7ogwGGxIAHG,005lJuJ789IRmEmQF4
00q3OGL1XMHJ5vBQOB,Sales Engineer,Read,2023-06-16T14:40:37Z,006d6fduGhJlX7oIM3,005lhMYUKPuvXDoIO8
00qdXS0kRBOvihaYDY,Sales Engineer,Read,2025-04-23T08:35:36Z,010iCgrKVEMzbs7YKK,005NradmkgHLf0bIJ5
00qVe1LU0R8PefeQEF,Specialist,Edit,2022-08-08T19:21:18Z,81t16BtiGlvXBS6YOP,005yrzZ2QLuB1ZZYH4
00q3Gn6ljXlFqW0AVW,Executive Sponsor,Read,2024-09-30T04:33:02Z,006YOuK8hP9dVcEIQW,0056BILiQX0m1w8QY3
00qLWZw8SR1bOGGIGD,Specialist,Edit,2023-03-20T03:42:56Z,006Gg9Kdp4Pmn5RQK4,005qOi29J2o9pHYYCI
00qwMCnzy4lhcfpAFY,Account Executive,Read,2024-05-05T15:32:35Z,700RYj9OJ0tobSgYEL,005Vo9gpxbtHjOOIMV
00qCmSzncqzGNYaYEW,Account Executive,Read,2024-12-09T13:24:00Z,82tnYx1ZtV6XFuRQMB,005mKVeNm7pzbbYYYT
00qHDng3vUR3HLsI84,Specialist,Read,2022-02-09T22:27:43Z,0064Z4XYdmVAuG8QC0,005si8rNhwYkQikIOL
00qruAwlxIGj8BXYNJ,Account Executive,Read,2021-09-22T11:46:05Z,006NS7Cb71T2retY7N,005IKQxHrnOfGBxYIU
00qwmsv08TKdZR3AY5,Sales Engineer,Edit,2023-12-08T20:58:07Z,521LJWbOWfnkT52I54,005gMY3fFnSvHOzQLX
00qpkF0tPCofT2yQP8,Executive Sponsor,Edit,2021-03-28T19:42:13Z,001ib7FXZt0jhJBYVP,005hfmtBm0piYtTY6K
00qukE18QXoawo4AZD,Specialist,Edit,2021-12-25T14:11:17Z,52trC9q4k0rZZPwASJ,005lJuJ789IRmEmQF4
00q6d2PnvEwJXdiAIO,Specialist,Edit,2022-06-19T03:03:30Z,006DHwiYViYgP7ZARD,005W8vdEbVdzOCdA62
00qN93kSMvxmse5AZG,Sales Engineer,Edit,2024-03-26T02:06:54Z,0063UMWbJNdy3M0AT7,005s4Xb2ZkbCAMvQEZ
00qc8XCETxeO1e3IDG,Executive Sponsor,Read,2022-10-19T14:12:33Z,700iXISfEZtGIPpAWH,005IKQxHrnOfGBxYIU
00qMpWxVhtCHcqJIHW,Sales Engineer,Edit,2023-08-04T03:56:46Z,0060fpWHPzBid9MQTD,005NradmkgHLf0bIJ5
00qVzswCbsQmGJBIES,Sales Engineer,Edit,2026-02-23T03:06:05Z,006EtRoI6GdsomhQGU,005uepIIzxcmHrDI1O
00qitLNDOAbrVFGYP9,Sales Engineer,Edit,2022-10-21T01:53:59Z,511wLKR6pa9CynzQH6,005si8rNhwYkQikIOL
00qS5Kkz1HVRAm7QZK,Specialist,Edit,2023-06-23T18:35:43Z,52iQJC7aKesEHpLQF6,005qptAZodwwrZzYUF
00qRN1rCaV8YmWWQN8,Sales Engineer,Edit,2026-05-03T19:23:29Z,006SuDVGLO3qOvkI56,005s4Xb2ZkbCAMvQEZ
00qpjZeOEGFvRUFA4W,Sales Engineer,Read,2025-02-17T12:52:43Z,72ijgTuOQZfAKVfAUQ,005RHpTOWiLP3HTIID
00qyDb2nJPCSNGFAZ2,Specialist,Edit,2022-09-14T13:23:07Z,006ubW9e6pahLLXQUB,005G7PmEiXypty3IQL
00qMXJsKvKN8A8dYXQ,Sales Engineer,Read,2022-01-18T23:24:31Z,006fjS5Ew4iv3VmADQ,005krCc5IJC2wfdQ2P
00qm10SaJy6DUC3YGI,Sales Engineer,Read,2022-05-31T06:13:48Z,72ilBGasOCP9rvYIXO,005hTpAX3O60UK0AAJ
00qteNgwdaeyknTIUC,Account Executive,Edit,2025-07-17T15:59:55Z,006tqUW9HkxrJyGAJ8,005btAWhiiwsSYtA2R
00qXFYvW2Z4qgSXYRI,Account Executive,Read,2021-11-05T22:34:00Z,006k35NcfzPczydIXY,005yrzZ2QLuB1ZZYH4
00qDQFrKReWnWFaIB4,Sales Engineer,Edit,2025-01-28T18:57:48Z,006714F7uqDVIOWY93,005gMY3fFnSvHOzQLX
00qXFvEr86mfW1yYPU,Sales Engineer,Edit,2021-04-26T17:12:05Z,006S3g4gCkOZWiLAUR,0051j8xdsf40yysQI6
00ql3EAtKzEFechYN5,Executive Sponsor,Edit,2024-05-04T22:57:26Z,006GSrvQlQlmjHSYXG,005BLrN0FAgafzHY2K
00qTlYtp0mvV8NaA59,Sales Engineer,Read,2022-12-07T05:29:31Z,001pIL1pKCki17BQWN,005pAoa72XGI02qYGZ
00q1mPfJnyafiz4QZK,Executive Sponsor,Edit,2022-11-16T18:15:49Z,00ijCBPeUz5Qky5IPL,005hfmtBm0piYtTY6K
00qqdwvqvN45LN4IRE,Specialist,Edit,2024-01-08T16:54:42Z,0064Lvs4DokvWevIOV,005ztlrbFPcuOLhY8F
00qikynk8r5wHwKYLS,Sales Engineer,Read,2021-04-17T06:53:37Z,70tPURsGhA2EuSIQ4H,005hTpAX3O60UK0AAJ
00qY7WdL5nhxpPkI2N,Executive Sponsor,Read,2023-06-25T05:09:20Z,700ipkukY9AOYyQAL5,005qn7LR76DmPdbQZN
00qR29szOLqEH6nYKO,Specialist,Read,2026-04-29T02:43:44Z,816NH1Uknj79qGbQHV,005NradmkgHLf0bIJ5
00qxrKKBc7UNntBAO9,Executive Sponsor,Edit,2024-05-14T21:18:28Z,82iOhvqkdKvlv9JY22,005lkwCvvs1NKzQIH0
00qjHyw4hTifkoBI7P,Sales Engineer,Edit,2021-08-15T01:28:20Z,82tNIDzfrf5G07qIST,005LSah1u1GnYGbYOG
00qRYulCbYaALWQQNM,Executive Sponsor,Edit,2023-09-03T07:34:18Z,001UaIRIhbhJyYQQFB,0057ufaHufy75ktAX1
00qbOUXouh3djjHAYZ,Specialist,Read,2024-07-02T04:42:18Z,006jJ8ct8ZaHG4cYCD,0057jDImegCGqG7YZ2
00q6XhWbgfmf8xqQWE,Sales Engineer,Read,2025-10-05T01:42:28Z,006iWV30970o6cqI0H,005VOHFbnLYK0gIIP7
00qpIgBTMKhIJLUYWS,Specialist,Edit,2021-11-16T16:19:40Z,006vwictXd2Vi6wY1J,005RuPGFXVl50YyAI2
00qohVqzoAJChEaQ6D,Sales Engineer,Read,2026-03-30T10:42:09Z,006cRnOVinK8gXHA0R,005pFLSqKe2EKv0Q0O
00qEthjw9dYb9DHINI,Specialist,Edit,2024-08-30T11:25:49Z,0102fLtQLEL1WDgAOG,005XE0YLnoIgg8hAV9
00qN6ZgP5QmT4wjQ1G,Executive Sponsor,Read,2023-09-16T23:10:49Z,821rutR1vVYYPv7Q11,005xEqNFzxKXya6IGV
00qyC9p9wLLSghFA5X,Sales Engineer,Read,2023-11-21T01:43:39Z,81iIHdj0AoyTBidADX,005lGkJeYS6wczpY2Q
00qzMNeXFGNeybiY7L,Sales Engineer,Read,2021-10-11T01:45:53Z,006Vcdg7CRfFBoXYD1,005YLX0oRwAflvAQZO
00qc26TGTswwWMlI6Q,Sales Engineer,Edit,2023-08-28T14:25:43Z,810oLjx3DaEqk2RAWB,005BLrN0FAgafzHY2K
00qWXEtPLmmzeAuYYX,Sales Engineer,Edit,2024-08-30T09:37:16Z,006vJK10atp9GkpASS,005pAoa72XGI02qYGZ
00qz8NcbE9bYXrcQO2,Account Executive,Read,2024-08-01T07:56:47Z,006mkCMcB4KAGgUQ41,005uepIIzxcmHrDI1O
00qEIA0BQgFunRXYT6,Account Executive,Edit,2025-09-05T02:15:49Z,52iQJC7aKesEHpLQF6,005BLrN0FAgafzHY2K
00qmd5dTpfNlGmEIW0,Account Executive,Edit,2021-05-25T21:04:14Z,70615XF1CMiOFu0Q40,005lGkJeYS6wczpY2Q
00qC7j1x3q0ffatI5D,Executive Sponsor,Edit,2025-10-09T01:50:24Z,8113cJU5x4IyzgYQ3S,005xEqNFzxKXya6IGV
00qpfBfpJ7eSAvBI9F,Sales Engineer,Edit,2023-12-24T14:48:15Z,006kz7Zjv3Y4k1FIXT,005sAEUaULAzZRzQYB
00qnDrj0iIesMJkAGF,Specialist,Read,2024-06-17T14:14:40Z,001b0M2T66D7YH8ILK,005RuPGFXVl50YyAI2
00q95Ev1YbQfqOOQ4R,Account Executive,Read,2025-06-26T02:42:38Z,0062VPDsrhKxf5WI35,005pAoa72XGI02qYGZ
00q1DdDTW2iBv3cQZB,Specialist,Read,2022-05-16T06:53:01Z,026CvoPIjoSqqQcY7O,005btAWhiiwsSYtA2R
00q0pLIRy4zI0FfYPR,Sales Engineer,Read,2022-03-01T12:22:57Z,806MNuDPlV5veZFQWY,005VOHFbnLYK0gIIP7
00qwiYMqpmKTDgPACM,Executive Sponsor,Edit,2024-10-17T04:26:59Z,006Lxqd7zx3kqpLAYY,0053ucGskT1mdlKYCB
00qiVTOQsuURJhjI7Z,Account Executive,Edit,2025-10-21T10:26:48Z,711uY7MZQKn9iEyIYV,005qn7LR76DmPdbQZN
00qEQvxQmBHiOSSYUR,Account Executive,Edit,2024-12-15T06:30:47Z,5066pzgBEFe1MgMYXY,005dxKTxH6gxu99IEO
00qDIQHxCyV4AuYQPJ,Executive Sponsor,Edit,2024-05-03T15:16:34Z,00iwYN6pyW67tzxYUM,005yqybzTtVK8u6IOR
00qx91jHTgrj4YsQ3B,Specialist,Edit,2024-07-02T19:59:02Z,0066DuiBGAmIFSQY8V,005qptAZodwwrZzYUF
00qEL8q88zqfF4dAJK,Account Executive,Read,2025-11-22T08:03:40Z,701eBZTq7oipTE6QF6,005krCc5IJC2wfdQ2P
00qYawXxlohOryAABU,Specialist,Read,2021-06-30T09:23:06Z,82t6myuARNIiQTlYD6,005btAWhiiwsSYtA2R
00qyYDaIUaa2QtlQ4L,Executive Sponsor,Read,2024-04-29T14:36:20Z,52iDBZrSaR6YAuLAJY,005btAWhiiwsSYtA2R
00qHufUaLxP6ycRQOT,Account Executive,Edit,2024-05-16T11:22:06Z,821qtottAAusQkeAPP,005lkwCvvs1NKzQIH0
00qRu9O40vbtXnjIZV,Executive Sponsor,Edit,2026-01-11T15:07:57Z,006kynHTMifB4FlA05,005YbujEVi8pPHuINT
00qNIvOv4YouxNhQHR,Account Executive,Edit,2025-11-10T21:03:48Z,50061TEvyTCbcFGA3Y,005YbujEVi8pPHuINT
00q8zOZik4bA12WI89,Account Executive,Read,2024-07-22T18:29:09Z,02t8iQSxWA6VYmhI6Y,005sAEUaULAzZRzQYB
00qJIr9X6HTmnsGY52,Executive Sponsor,Read,2021-07-04T13:44:09Z,006Y1Mvf6qcOjkhILA,005dxKTxH6gxu99IEO
00qaWYnUIXUDcBsA4Z,Account Executive,Read,2022-08-02T22:04:00Z,80ipodFX8s3DDUoAAB,005pAoa72XGI02qYGZ
00qPuBRSb2cRqSxIK4,Sales Engineer,Edit,2023-06-16T19:03:21Z,006nkFuAiubILPBQD0,005qptAZodwwrZzYUF
00qN9cMdPRJhp7lIO4,Sales Engineer,Read,2025-10-18T21:14:51Z,82t0unl7xiyuGiFIK4,005RHpTOWiLP3HTIID
00qgRVKKFQKO12GIX3,Sales Engineer,Read,2023-12-30T02:23:39Z,006LfsPZOgeTmYBYKR,005yrzZ2QLuB1ZZYH4
00qY7iFALup46sEYP0,Executive Sponsor,Edit,2021-07-02T11:47:36Z,80i0iR9lnVDyLhFARF,0053ucGskT1mdlKYCB
00qzKhRkcyXeoQkQ9J,Account Executive,Edit,2024-02-13T14:59:59Z,006TpZ6irLYCj7PY6L,005pFLSqKe2EKv0Q0O
00qoO9b3MCLcRTGAKR,Specialist,Read,2022-05-22T03:39:37Z,800agHx6nx1yxCcA1H,005nzeP1FFxSfMhQ5C
00qmJbntMJAG4PMADL,Specialist,Read,2025-07-25T21:12:12Z,006N4lxhWdYW3NoIQS,005RHpTOWiLP3HTIID
00qA5FuQ5QkB3cAYKP,Executive Sponsor,Read,2023-08-06T05:18:05Z,520EiWZmXvkDTyvYKR,005lJuJ789IRmEmQF4
00qlvwhwXfQOLqlYL8,Sales Engineer,Read,2025-01-07T17:35:25Z,006UcoJCSG8nRUVASE,005hvPRYHDjoBLOQ3X
00q357rIVQJX06KIID,Executive Sponsor,Read,2022-09-23T09:18:41Z,006dwjmrpJrTWoZQ2M,005lkwCvvs1NKzQIH0
00qUvKIjqvoQRJNQPY,Specialist,Edit,2025-08-13T06:38:26Z,51i2GeNDNtSqHb1QVK,005Nr8mKUnQ3oinATY
00qWaLAtA9pghRWIHU,Account Executive,Edit,2022-01-23T23:51:31Z,72tZRFHUoL5umGkI3B,005TU4vqRu98dHsY03
00qVnzcB2xCRmm2Y25,Executive Sponsor,Read,2022-04-08T15:29:21Z,02iFWsl2GCWGxyJQOV,005yrzZ2QLuB1ZZYH4
00qGwR3EWxMz2OuYF5,Sales Engineer,Edit,2023-11-24T16:57:24Z,52tUaFdzTaQV8k5QRV,005s4Xb2ZkbCAMvQEZ
00q042k6ihbI6S7AOP,Specialist,Read,2021-08-01T13:31:49Z,810bxkuzQPDh3uvAMF,005xwhqeeWgm4agYMN
00qoMZMD8Q8NifrYR4,Account Executive,Read,2026-04-08T01:57:50Z,006ZjnXTyzgUqNsYQQ,005IKQxHrnOfGBxYIU
00qX6N8PLzGQAErY2K,Sales Engineer,Edit,2025-07-11T03:23:15Z,82iSYQYHoA98FdPQOM,005YbujEVi8pPHuINT
00qNq8isxrDwEvQYMV,Specialist,Edit,2021-07-18T19:29:31Z,006cNnkix7us8rAIVI,0056kxsLcWcZ0y6Y1M
00qNlb1P0c777qUQS0,Specialist,Edit,2023-10-05T09:56:29Z,82iZkWaeuyP8zctA0X,005Vo9gpxbtHjOOIMV
00quwQkLcl9BL5tIKN,Account Executive,Edit,2021-05-11T15:33:15Z,50idFgBeIJEDPQXYQT,0059cNiXLcpBkagI2J
00qUB3QQWA8mg3EIZG,Account Executive,Edit,2022-10-23T01:02:36Z,511eM2lrl9Ozn6fAVQ,0056kxsLcWcZ0y6Y1M
00qOgYyJ18I2kfAI5G,Specialist,Read,2023-06-22T16:13:25Z,81tjXCdSMOR3xvtA79,005gMY3fFnSvHOzQLX
00qJPLnkDwa6gKoI3A,Account Executive,Edit,2022-03-23T04:48:03Z,006VVINSw59pEgjQWQ,0055EGfQDBgoAh8IFH
00qp83UxLkNPRhBQ7D,Specialist,Read,2021-02-21T07:15:52Z,02tnP1UyY82cSyiIZD,005btAWhiiwsSYtA2R
00q31Khy8oTW1X2IB8,Account Executive,Read,2026-05-02T12:20:05Z,0061EDUAdQALRxAYF5,0056Go3C6Dl0bjnQEY
00qgoDGai5WtORfYMJ,Sales Engineer,Read,2021-11-01T06:52:12Z,80tiKSl4hJWjT5jA9G,005G7PmEiXypty3IQL
00qrnRPDVucXEv2AAQ,Account Executive,Edit,2026-03-01T05:06:47Z,81tjXCdSMOR3xvtA79,005BLrN0FAgafzHY2K
00qnkUMdW0C27vVALJ,Executive Sponsor,Read,2025-09-07T01:35:05Z,711uY7MZQKn9iEyIYV,005s4Xb2ZkbCAMvQEZ
00qmv8oiA8UNduHQ95,Executive Sponsor,Read,2025-08-09T20:25:01Z,00648DMi3Wm3z6WIO7,005yrzZ2QLuB1ZZYH4
00q9WIM4YRp1MYWAG6,Sales Engineer,Read,2025-01-27T20:29:22Z,82t0unl7xiyuGiFIK4,005VOHFbnLYK0gIIP7
00q5QYhV4qLqK7cA4W,Sales Engineer,Read,2021-03-22T18:40:21Z,006U1yV85DXdTDaQAZ,005lGkJeYS6wczpY2Q
00qoIL6mArkQUJcYGJ,Sales Engineer,Edit,2024-05-29T22:16:21Z,006dY7oWzVLeAQbYGM,0057ufaHufy75ktAX1
00qRJzDCdj6pXCaIWL,Sales Engineer,Edit,2025-11-25T19:02:53Z,80tGXaVLkhJzqtaIJH,005yqybzTtVK8u6IOR
00q5MsXcaBL4lSnYM8,Sales Engineer,Edit,2025-09-05T14:12:07Z,8104BWEK6Vg8jxoQ0U,005YbujEVi8pPHuINT
00qgB5DEzGdgfhSQGB,Executive Sponsor,Read,2022-01-10T05:32:09Z,006wp0dTmUwCRKjYTY,005TU4vqRu98dHsY03
00qm8zg0xrvhCYeQK3,Executive Sponsor,Read,2024-02-24T17:08:56Z,006ohHAdK4zP49EA8O,005lGkJeYS6wczpY2Q
00qfwe7BoqxvE3TA3J,Executive Sponsor,Edit,2022-12-27T04:13:18Z,006pM2ppnCXFRtoIGL,005qOi29J2o9pHYYCI
00qgHVnW1VR3ueUAVK,Executive Sponsor,Edit,2022-03-19T09:54:56Z,0069eIJaAD2ocYEA87,005RuPGFXVl50YyAI2
00qa9vyFTBks8nkYXS,Specialist,Read,2023-11-17T18:48:34Z,521n8wLYOIVQwnkA91,0059cNiXLcpBkagI2J
00q9KP5gzrqWKhnA96,Sales Engineer,Edit,2021-08-03T16:33:49Z,006ytc8Tzkm2B1FI7V,005lkwCvvs1NKzQIH0
00q7R71pWtyjKeZAGI,Specialist,Read,2022-05-26T14:24:20Z,026fIXSnC4XbAqbAIC,005dxKTxH6gxu99IEO
00qTcbyOwKTPijOIRY,Executive Sponsor,Read,2023-07-12T07:32:11Z,02iS22kmtnTAmXQYS9,005nzeP1FFxSfMhQ5C
00qPS4TpJUgRFVVY31,Executive Sponsor,Read,2026-02-23T09:37:58Z,01ipBE9FncIOp9LYNF,005LSah1u1GnYGbYOG
00qRABoJnaWxKnkIVE,Executive Sponsor,Read,2022-10-08T03:59:57Z,800b4hPm6qk3M2KARE,0051j8xdsf40yysQI6
00qyhuucmgFoVOMY8T,Specialist,Read,2021-02-26T03:55:12Z,501iOamI6vFewPbYG5,005yrzZ2QLuB1ZZYH4
00qyuai5NOpei4GIJR,Executive Sponsor,Edit,2021-06-03T05:22:51Z,006wQoSVoPXEowHQLD,005ztlrbFPcuOLhY8F
00q3pmWzcxEx4LrAT6,Account Executive,Edit,2025-09-26T01:27:05Z,006SdTYzJbX0DO7AI7,005VOHFbnLYK0gIIP7
00qyeMg9qt2QLiYQKS,Executive Sponsor,Edit,2025-09-09T12:47:31Z,721mxsY8w8Gt5A5IW3,005YbujEVi8pPHuINT
00qHFy8WK2QpP1rYLI,Sales Engineer,Read,2023-09-10T00:00:56Z,5113O7OhVyVpRRPISJ,005RuPGFXVl50YyAI2
00qrZfkNPHp5yGSYBE,Account Executive,Read,2026-02-04T01:20:44Z,00tuIMF7s5oEPalQX0,005qOi29J2o9pHYYCI
00q6V4UE5GFU6MVAU5,Sales Engineer,Edit,2026-03-29T04:59:40Z,006DFDfcGmVDqe5QAS,005dY26xUNDmki4A5N
00qcn0dGdWtACf0QCF,Executive Sponsor,Read,2021-01-24T05:06:08Z,700aFWZ3nbrzjg8YUW,005IKQxHrnOfGBxYIU
00qVUSIIoLMiQMrI43,Executive Sponsor,Read,2021-01-05T15:03:26Z,816w3x3e88STxUPYSA,005nzeP1FFxSfMhQ5C
00qtedX1crTGGdmAS1,Sales Engineer,Read,2023-07-16T23:43:13Z,516CTNDrn4MyR19AT9,0057ufaHufy75ktAX1
00qPYfD3T0e8KWKYBP,Executive Sponsor,Edit,2025-12-17T11:25:29Z,510ilL9Y0sCGljGA02,005xk2KsXa5Ub6fA8M
00qrv32AcHWykspQ4V,Account Executive,Read,2024-05-10T09:59:25Z,726M3cS0So6xFBUAP5,005gMY3fFnSvHOzQLX
00qLzZbidSLfwcCYGM,Sales Engineer,Read,2021-04-08T04:30:07Z,806zC066SkHg9tdYET,005lkwCvvs1NKzQIH0
00qoVhp8jJPlEXlYNI,Sales Engineer,Edit,2026-06-30T21:19:15Z,001b0M2T66D7YH8ILK,005qptAZodwwrZzYUF
00qgFu3ylSohxIbA5W,Specialist,Read,2026-04-21T19:03:31Z,006pcNgR5DH4dO1YXM,0051j8xdsf40yysQI6
00qKiJGSBXJ2H7xY0V,Executive Sponsor,Read,2023-04-14T05:00:55Z,02iyHkDSFwt3CjhYF8,0055EGfQDBgoAh8IFH
00qs0XQ5GIlanS0QKY,Executive Sponsor,Edit,2024-11-19T19:53:13Z,516T1jyYjH3KRCII9F,005xEqNFzxKXya6IGV
00qF9VuvDBtrMzTI4X,Specialist,Edit,2024-06-03T04:24:58Z,811VQy3NZqgmmwwYEI,005wmbTnVpYGoJ1AGI
00qC69GD0PFfMTyY0N,Specialist,Read,2025-11-17T04:36:26Z,816ub6hPcL9xyf9IYI,005ifKSPcGiOhecIJG
00qUMre2iAZt458Y0E,Specialist,Edit,2023-03-27T22:50:30Z,01tBe6YHqK3HBCaQ0M,0056BILiQX0m1w8QY3
00qGMj0TN56EGmiAL2,Sales Engineer,Read,2022-02-01T12:59:56Z,006ZNylqhQEimcZQR4,0058ltZKG17vpJbQJK
00qIWenKEqbl7VFYP6,Account Executive,Read,2021-04-17T20:34:55Z,006pM2ppnCXFRtoIGL,005lhMYUKPuvXDoIO8
00qTEKRfB8eRQNEQXZ,Specialist,Read,2021-05-31T23:11:56Z,0114VX34JojdXVkQA0,0053ucGskT1mdlKYCB
00qVR9udhJnX0APQOQ,Specialist,Edit,2023-04-08T04:21:12Z,726FMdiCT0tjq1BYP4,005YLX0oRwAflvAQZO
00qomE48MvjA4YkAJC,Executive Sponsor,Edit,2022-07-05T05:42:35Z,006PzrAE7P3PYMQQRR,005uepIIzxcmHrDI1O
00q6pMlbAzAhYeTAKO,Sales Engineer,Edit,2025-05-15T13:27:45Z,006mJbO3g0fjtf8YEB,005btAWhiiwsSYtA2R
00qf7WCL6gXksOXYQZ,Executive Sponsor,Read,2022-09-15T19:56:53Z,006WvaNtm68arnbYH6,005dY26xUNDmki4A5N
00qABe0ezDDYAaqAZD,Sales Engineer,Edit,2025-02-15T06:06:36Z,501XZ94f9Gshb4CASW,005oCyN03vzPYXsQE2
00q5cDWjuk0hXyMYFO,Executive Sponsor,Edit,2022-07-04T01:28:30Z,010qLMB0uAjOAJMAKD,005NvlW1Gc9rLAVAYL
00qJSPbOz59ls4dQ46,Specialist,Read,2021-05-23T22:25:13Z,700wA90FDeQiZ6wQI3,005YLX0oRwAflvAQZO
00qJt1XHpYGSvjUIEQ,Sales Engineer,Edit,2021-03-13T05:13:34Z,511LnspktJO7jRfYPJ,0058ltZKG17vpJbQJK
00qQQ2CCwg1ymILY22,Sales Engineer,Edit,2023-03-23T06:26:00Z,516Cx2wqpjjPwLpIDO,005NvlW1Gc9rLAVAYL
00qlN3cDVmbkKSXIOZ,Executive Sponsor,Read,2026-03-12T10:23:37Z,52tXAevScYksrsQQ5B,005G7PmEiXypty3IQL
00qx8vsGYEVqxExYJI,Specialist,Edit,2021-10-02T21:58:41Z,001v9B7cfK1SYjJIJ3,005hTpAX3O60UK0AAJ
00qoe6itu3yTrngAOK,Executive Sponsor,Read,2021-03-09T04:24:45Z,006b0y2r0LCkLeoYVK,005RHpTOWiLP3HTIID
00qe2PDra25OkNMQNV,Executive Sponsor,Read,2023-05-05T08:51:47Z,01tlu1AkkC5qbbuYPR,0053ucGskT1mdlKYCB
00qtBi6wO7Wg1KYQDB,Executive Sponsor,Read,2023-07-22T22:23:14Z,011BUAckshJmYB5IO7,005pFLSqKe2EKv0Q0O
00qkKpdP2fQXUtvY2Y,Executive Sponsor,Edit,2026-03-07T06:24:44Z,006ikjdqjcLZe2IQ8K,005RuPGFXVl50YyAI2
00qpXQrT26Kw7k5Y88,Account Executive,Edit,2023-12-01T06:17:07Z,026pLi5YaivbPOPQG6,005YbujEVi8pPHuINT
00qvypEsA7JNXT1ABC,Executive Sponsor,Edit,2024-02-20T21:11:46Z,50061TEvyTCbcFGA3Y,005lJuJ789IRmEmQF4
00qnsExxjSavpOVY2L,Sales Engineer,Edit,2021-01-16T12:00:08Z,0061nKAThPxXHB6Q7G,005pAoa72XGI02qYGZ
00qlhXLyPOxecrwYOB,Account Executive,Read,2024-04-17T22:08:11Z,006jTbz26awzCq6QQS,0055EGfQDBgoAh8IFH
00q1DD6UnE6AaYxQPT,Specialist,Read,2022-01-27T06:08:04Z,72ieRpFxOglko7jQAZ,005G7PmEiXypty3IQL
00qac4bli3D6HvOQU5,Account Executive,Read,2022-12-22T10:46:38Z,006SLmqhCZd30S7AGE,0055EGfQDBgoAh8IFH
00qW8Jai1uq3paCY6Z,Account Executive,Edit,2026-01-27T20:50:35Z,70181BSMex1BV2oY2A,005yrzZ2QLuB1ZZYH4
00qlhEmwanz2ffFYSE,Sales Engineer,Read,2022-10-07T20:33:31Z,52th6NaZzpxGAvAY03,0056BILiQX0m1w8QY3
00q33lnRDAj6pllAQ7,Sales Engineer,Read,2022-10-05T05:41:23Z,006qMvQmhYA7gSZYT6,005btAWhiiwsSYtA2R
00qIraT8NAL9dnDI1Q,Executive Sponsor,Edit,2025-01-18T21:59:09Z,806StPGH4FF48KzY6G,005IKQxHrnOfGBxYIU
00qnCT6Zm6pIPMzYOU,Specialist,Read,2023-01-22T13:08:48Z,801oHU9AvbVZ3maQ0U,005krCc5IJC2wfdQ2P
00qbmMqKSjKpimeAHX,Executive Sponsor,Read,2023-09-20T18:40:26Z,80iFznLOYTxhHHUQ1L,005lJuJ789IRmEmQF4
00qVN2sFC3vyfthQ3R,Executive Sponsor,Read,2023-01-08T13:44:35Z,006fvC7r6Ji9oWJIDG,005YLX0oRwAflvAQZO
00qfLshex6IUugmYA0,Executive Sponsor,Edit,2025-02-03T06:50:09Z,80iWtir5PL9VOk7QNC,005BLrN0FAgafzHY2K
00qxfx4jAgZf65wQHS,Sales Engineer,Read,2025-09-29T00:48:51Z,0065QN8cBBDCpQCYJW,0058ltZKG17vpJbQJK
00qb1aiXu5XFaAlQMY,Specialist,Edit,2021-12-16T13:21:34Z,710o83hvzN5Li6qYSI,005s4Xb2ZkbCAMvQEZ
00q4YYWiPG7ZtwfI1U,Specialist,Read,2024-04-24T18:30:31Z,006hynEucaTRl9hACY,005lJuJ789IRmEmQF4
00qxpRKKLuoDykuAG5,Account Executive,Edit,2026-05-29T01:45:40Z,006on51X9OjF6OlQ4N,005s4Xb2ZkbCAMvQEZ
00qfhFcWKdgMEbkQWP,Specialist,Edit,2026-02-08T03:46:53Z,02iiwT1Fv1xVhbaAQH,005hp0uS7WWG0emI9I
00qakx6bkvD4KaSAAJ,Executive Sponsor,Read,2023-12-29T08:17:48Z,816NH1Uknj79qGbQHV,005NvlW1Gc9rLAVAYL
00qMM8XRtIuuuYxAXR,Specialist,Edit,2025-07-25T04:50:55Z,006H9RAn54z7V8xA3G,005hTpAX3O60UK0AAJ
00qO767Kjlu7iQAQNE,Sales Engineer,Read,2024-05-02T08:34:57Z,520EiWZmXvkDTyvYKR,0055EGfQDBgoAh8IFH
00quFPYa3HqVRJCQOJ,Executive Sponsor,Read,2023-09-11T05:41:19Z,006oQSzJDjWvKoBY9W,0056BILiQX0m1w8QY3
00qDpqQxQeTiR5vQP5,Sales Engineer,Read,2024-09-24T00:48:12Z,510UTmIoMkdLeZsYYB,005xk2KsXa5Ub6fA8M
00qJ3vAmpi7ZLsJAM2,Executive Sponsor,Edit,2024-03-27T06:20:13Z,52ip3E0dMnTRXCNQ3H,005lGkJeYS6wczpY2Q
00qTA8EBwMbG5XAA54,Executive Sponsor,Read,2024-12-17T07:42:37Z,006FW7esflWhZJjQZQ,005RHpTOWiLP3HTIID
00qNzdmc0zChDsNA18,Sales Engineer,Edit,2025-06-17T00:41:17Z,500oowxkxV4s3nnYH7,005TU4vqRu98dHsY03
00qdyFQRyBmaJUhIV5,Sales Engineer,Read,2024-10-16T14:05:26Z,006cKDAmVaeja9FQ08,005ifKSPcGiOhecIJG
00q5H9Y7xtKp3WtQ1G,Executive Sponsor,Read,2026-02-26T21:24:09Z,526duQiMCinTMYoYWT,005NradmkgHLf0bIJ5
00qKnU6OpHEsgg3Q8Q,Specialist,Read,2021-02-04T10:23:49Z,80ipodFX8s3DDUoAAB,005lGkJeYS6wczpY2Q
00qPOyzqQj313AdYY1,Executive Sponsor,Edit,2021-10-09T01:48:39Z,02tp6iXCgEYS9euITR,005sAEUaULAzZRzQYB
