Id,OrderNumber,Status,EffectiveDate,EndDate,Type,BillingStreet,BillingCity,BillingState,BillingPostalCode,BillingCountry,ShippingStreet,ShippingCity,ShippingState,ShippingPostalCode,ShippingCountry,CurrencyIsoCode,Description,CreatedDate,TotalAmount,AccountId,BillToContactId,ContractId,OpportunityId,Pricebook2Id,QuoteId,ShipToContactId
801JJbAWTtlkSdWQK0,ORD-000000001,Draft,2024-03-17,2027-03-17,New,402 Peterson Drives,Lake Briar,CO,75004,United States,2692 Buchanan Landing,Lake Briar,CO,30613,United States,USD,Synthetic order for test and benchmark use.,2024-03-13T00:49:24Z,2262805.7,001XFpYyxD2bjtqY54,003yKvQsyYokdltYAS,800hkGgUCoOa2G6ABA,006KvgqOCDEtXcYI4R,01sQ4LtuJF9K1vlMFT,,003yKvQsyYokdltYAS
801hgD0wFxs8qxvILS,ORD-000000002,Activated,2021-02-12,2024-02-12,Amendment,16475 Mitchell Fords,Alder Bay,OR,41624,United States,4307 Robinson Trail,Alder Bay,CO,80704,United States,USD,Synthetic order for test and benchmark use.,2021-01-17T09:51:46Z,2641506.55,001lpuGrFmSTBnuY0M,003iCPqm24S6ofqAV0,800LVdxmEzruE4YAQC,80iif3zS8vL3LMDA9N,01sLoYtuPuiAhJSKZN,,003hKEkfAwY1accID2
801w4m7Ch9kPIlXQQE,ORD-000000003,Cancelled,2023-10-26,2024-10-25,New,537 Wilkerson Row,Cedar Crossing,CO,72715,United States,701 Lee Estates,Summit Glen,CA,61041,United States,USD,Synthetic order for test and benchmark use.,2023-10-16T15:55:59Z,2888621.45,001NRMSr13PD4ICIOI,003SsGIBufjqAdwY8V,,006jJ8ct8ZaHG4cYCD,01sQ4LtuJF9K1vlMFT,,003SsGIBufjqAdwY8V
511p7RfkmBgbBjSYVR,ORD-000000004,Activated,2026-04-16,2027-04-16,New,784 Erin Crescent,Summit Glen,CO,84662,United States,5800 Samantha Orchard,Summit Glen,NC,64961,United States,USD,Synthetic order for test and benchmark use.,2026-02-25T07:21:47Z,1092088.64,001uaLZFmzUomVXQGA,003haI7NPKn0gYsQ3M,,71tJO4I6W8tx8W3YAF,01sf902KvuoXgXtOGX,,003haI7NPKn0gYsQ3M
52iOu1GfhrjzgJnY0N,ORD-000000005,Cancelled,2021-10-05,2022-10-05,Renewal,4303 Christopher Oval,Summit Glen,TX,96616,United States,86209 Barbara Roads,Alder Bay,MA,20501,United States,USD,Synthetic order for test and benchmark use.,2021-09-08T21:38:02Z,1152877.68,001C3SilogoPTPGIWX,0034oLsDgUhHMnqY3Z,,726XozNERgAAZDlIZ8,01sLoYtuPuiAhJSKZN,,0034oLsDgUhHMnqY3Z
801sr8WuRpLz8PmYI3,ORD-000000006,Activated,2024-12-23,2025-12-23,New,93010 Carlos Bypass,Cedar Crossing,CA,92163,United States,66185 Terrence Course,Willow Harbor,OR,47718,United States,USD,Synthetic order for test and benchmark use.,2024-10-25T05:58:05Z,1111809.55,001AZHmNsDfQdrZQQD,,,7112i1Hr50yHeraQMN,01sQ4LtuJF9K1vlMFT,,
801omkryWnHnzN6Q3A,ORD-000000007,Cancelled,2021-02-06,2023-02-06,New,1333 Taylor Falls,Willow Harbor,MA,59833,United States,6484 Mendoza Islands,Northhaven,OR,39198,United States,USD,Synthetic order for test and benchmark use.,2021-01-14T01:28:06Z,1587865.93,001eMGa7Y6CNd3wIQE,003qg1kTD89dMrOQ79,,700RYj9OJ0tobSgYEL,01sf902KvuoXgXtOGX,,003qg1kTD89dMrOQ79
016qwCAFG80w9EFAFW,ORD-000000008,Activated,2025-09-21,2026-09-21,New,98050 Breanna Parkway,Lake Briar,WA,79083,United States,535 Rachel Gardens,Summit Glen,TX,41048,United States,USD,Synthetic order for test and benchmark use.,2025-08-06T06:51:08Z,1500488.23,001nyKCWKQ4K1MEQBJ,003MqzQMaSwikQPA9S,,,01sf902KvuoXgXtOGX,,003MqzQMaSwikQPA9S
801owmIQtZ1SsaQYSN,ORD-000000009,Draft,2022-09-11,2025-09-10,Renewal,534 Anderson Rue,Alder Bay,NC,98579,United States,463 Sandoval Lights,Summit Glen,TX,13963,United States,USD,Synthetic order for test and benchmark use.,2022-07-14T22:24:25Z,2407030.71,001tGz7asrOtBm8A2Y,003iAxSVh6VBSMnYJ1,,0061CSDCqAuemlFY07,01sf902KvuoXgXtOGX,,003iAxSVh6VBSMnYJ1
801gey2cMgPiUAFYUS,ORD-000000010,Activated,2025-01-14,2026-01-14,Renewal,24118 Joseph Rapids,Cedar Crossing,MA,82963,United States,8752 Thomas Alley,Lake Briar,MA,98139,United States,USD,Synthetic order for test and benchmark use.,2024-12-22T20:58:30Z,2323875.23,0019ojrY0cvCQ2UQ6L,003VtHtQNFfQs5iQNM,,,01sf902KvuoXgXtOGX,,003m8THYf4oJQr4YY8
026bP5aoRYukgxlY0X,ORD-000000011,Fulfilled,2021-06-25,2024-06-24,Amendment,280 Aguilar Drive,Cedar Crossing,CO,47361,United States,760 Lewis Expressway,Lake Briar,CA,96912,United States,USD,Synthetic order for test and benchmark use.,2021-04-29T03:24:40Z,716430.14,0014BI0PTpGJAb4ICJ,003KTlnkKDUBqWVAAT,800nEzeWjRDTX6SYUM,006EDgmq5nsA2r7A84,01sQ4LtuJF9K1vlMFT,,003HBITmsdDovLfYDZ
801lKo78Mw36SVTY8A,ORD-000000012,Fulfilled,2021-12-24,2022-12-24,Renewal,73375 Hoover Well,Alder Bay,WA,95222,United States,5430 White Crossing,Northhaven,MA,58000,United States,USD,Synthetic order for test and benchmark use.,2021-12-02T20:54:59Z,2753905.74,001Oil2EokU3tWpID9,0036mmNusffWovpIGN,,71taZWt3ojFBqZHATH,01sLoYtuPuiAhJSKZN,,0036mmNusffWovpIGN
801jzZaUf6o692HYZ8,ORD-000000013,Cancelled,2023-05-26,2026-05-25,New,6981 Lam Field,Northhaven,CA,22924,United States,676 Armstrong Ramp,Summit Glen,NC,95636,United States,USD,Synthetic order for test and benchmark use.,2023-04-09T15:29:54Z,825837.37,0014BI0PTpGJAb4ICJ,003ako1JRaHiv3YI66,800nEzeWjRDTX6SYUM,006i4xVpYvfU5aYY8O,01sf902KvuoXgXtOGX,,003KTlnkKDUBqWVAAT
801AaLV3HZW5HpoA4A,ORD-000000014,Cancelled,2024-11-22,2027-11-22,New,44369 Marshall Mills,Cedar Crossing,OR,82730,United States,95296 Manuel Causeway,Willow Harbor,MA,74321,United States,USD,Synthetic order for test and benchmark use.,2024-10-14T00:57:42Z,960566.3,0011y3R0qW4167MAMP,003XijlXXYNtjjrAZG,,006CviPdHhKL0aMIBR,01sQ4LtuJF9K1vlMFT,,003dhEq28R9SWrsYJD
801lSrj6U0wOe8cA6U,ORD-000000015,Fulfilled,2024-02-22,2027-02-21,Renewal,7632 Patricia Wall,Northhaven,TX,32305,United States,3454 Mcgee Inlet,Northhaven,CA,43615,United States,USD,Synthetic order for test and benchmark use.,2024-02-01T18:06:44Z,1587806.42,001PygtS3FHgKj8Q8G,003NxsyUn0x5nr3AFS,800c9qdaxhRxiaJQM0,,01sLoYtuPuiAhJSKZN,,0031Zvig8Nwe5gjY3U
8010ooJEs2Vby8sQT3,ORD-000000016,Draft,2025-10-31,2026-10-31,Amendment,734 Jones Heights,Willow Harbor,TX,14455,United States,586 Catherine Neck,Lake Briar,CA,43575,United States,USD,Synthetic order for test and benchmark use.,2025-09-11T12:38:36Z,215925.51,001yvWhfz01vDWFY3M,003i7gno1I8wRe1YWE,,720ny8nFJHudrPnARO,01sLoYtuPuiAhJSKZN,,003vxHLuLpe3BlRIW4
801bQjX6pLWM5I5IKA,ORD-000000017,Draft,2023-03-12,2025-03-11,New,8893 Robinson Mews,Lake Briar,TX,66185,United States,5579 Michele Crossroad,Lake Briar,CA,90494,United States,USD,Synthetic order for test and benchmark use.,2023-02-01T09:29:02Z,375575.77,001Pv3IESUoMrhiAAG,0030bBuhufDcozbAA3,,006mPenP4B930oZY5R,01sLoYtuPuiAhJSKZN,,003mNOtye7GOV0vI6M
001I8it5OcsqKKxQBX,ORD-000000018,Activated,2025-01-06,2028-01-06,Amendment,5564 King Common,Summit Glen,OR,75668,United States,963 Aguilar Road,Lake Briar,TX,98072,United States,USD,Synthetic order for test and benchmark use.,2024-12-01T13:24:03Z,966379.53,001Ql5gfswhLAUiIZH,,,006HWQRJdI9WoaxQYW,01sQ4LtuJF9K1vlMFT,0Q0qpJxFTEbnPZlKDX,003luLZYr3inoErACO
801uepbTPcAO9NYY17,ORD-000000019,Draft,2023-11-06,2024-11-05,Renewal,99124 Beth Inlet,Lake Briar,WA,98487,United States,62203 Kyle Highway,Northhaven,OR,97281,United States,USD,Synthetic order for test and benchmark use.,2023-10-17T11:24:34Z,887585.79,001OH94vlTF3MI8Y08,003buvmdP5A3RUCAAL,8008VR87WA8PEdGIS6,810a0t8k1FUXv1cI0V,01sLoYtuPuiAhJSKZN,,003HPb1tGdryWM6YKT
000UeqSFfBaiXeSIXY,ORD-000000020,Fulfilled,2021-05-26,2023-05-26,Renewal,7262 Gilbert Plain,Alder Bay,OR,36041,United States,1743 Kevin Ville,Northhaven,CA,52339,United States,USD,Synthetic order for test and benchmark use.,2021-05-22T09:41:42Z,39041.39,001R4mUDXDD6VZPI0I,003sRiiIXTJElH8ILC,,006aiNX03nrdnqiIMA,01sQ4LtuJF9K1vlMFT,,
52iY0EY8x9pR4n7Y5H,ORD-000000021,Fulfilled,2025-07-23,2028-07-22,Renewal,313 Freeman Trace,Northhaven,MA,11710,United States,33030 James Lodge,Summit Glen,OR,44846,United States,USD,Synthetic order for test and benchmark use.,2025-05-25T08:58:49Z,2300134.65,0019ojrY0cvCQ2UQ6L,0033VgRWoDPXOFpQ0C,,810AfXY7CkI2OtTAKH,01sLoYtuPuiAhJSKZN,,003EITgQp4xDjA6IV9
801M8VptTkMhSPoI7K,ORD-000000022,Draft,2023-04-10,2025-04-09,Renewal,3135 Julia Track,Northhaven,WA,39024,United States,472 Anthony Groves,Cedar Crossing,TX,66535,United States,USD,Synthetic order for test and benchmark use.,2023-02-15T11:13:58Z,2836949.3,001vXGsLaTZksTjQHC,003EGUHqPYObg5zQF1,,00toCCSiPvzOx02AL7,01sf902KvuoXgXtOGX,,003M4XLkZ8lJp7OY05
80127OPWhoeGxYOQAM,ORD-000000023,Draft,2024-12-26,2026-12-26,Renewal,477 Peterson Center,Willow Harbor,OR,47250,United States,240 Ward Plains,Northhaven,MA,49486,United States,USD,Synthetic order for test and benchmark use.,2024-11-14T08:59:12Z,1385896.7,001tvKQbYklnB9tY2P,0035XXulAeWBcYeIKT,,006kvwdfIVI9fRdA9N,01sf902KvuoXgXtOGX,,003NY4p4a4XHJvOQAQ
701h6WB6JMkKORFIEG,ORD-000000024,Cancelled,2022-01-16,2024-01-16,New,9649 Chelsea Streets,Lake Briar,WA,93860,United States,21211 David Mount,Alder Bay,TX,82390,United States,USD,Synthetic order for test and benchmark use.,2022-01-06T04:54:40Z,388377.15,0012B0IsTb8G7BVAST,003xHlcAk72CIMoQTZ,,006nJcY7QX4evvNIVR,01sQ4LtuJF9K1vlMFT,,003rfuHfs51RYULQIE
801bjkUeR85YP3gA7H,ORD-000000025,Cancelled,2025-12-13,2026-12-13,New,24210 Laura Ranch,Northhaven,WA,81293,United States,1712 Douglas Park,Cedar Crossing,NC,36528,United States,USD,Synthetic order for test and benchmark use.,2025-11-19T01:41:36Z,1185460.93,001Y7WfxpecwwzUQ8R,003mjuXxIT09fGrAAO,,006FAqMhkGUPiYaY9D,01sQ4LtuJF9K1vlMFT,,003mjuXxIT09fGrAAO
801GmfGvxiOOPXiACP,ORD-000000026,Cancelled,2026-05-11,2029-05-10,New,96717 Ortiz Islands,Lake Briar,OR,56534,United States,48878 Smith Mountain,Northhaven,WA,74625,United States,USD,Synthetic order for test and benchmark use.,2026-04-26T03:57:55Z,1229987.22,001j6nRokzRlCs1Y07,00349RXX5ryqLh0IU2,,80idHfxld1aKE4xQ8M,01sf902KvuoXgXtOGX,,0037hhldh7dgr24A9I
801DFvq9yv7IEFeI0H,ORD-000000027,Cancelled,2024-01-20,2025-01-19,New,34824 Gilmore Oval,Northhaven,OR,50241,United States,25920 Miller Locks,Willow Harbor,NC,54219,United States,USD,Synthetic order for test and benchmark use.,2024-01-07T16:14:27Z,1281132.56,001kBV5ho7M1GOwA4E,003s8MYKvLvCt3ZAN8,800BsjYCuFtC0bqQNB,006MgQnB3hrVK2oYP0,01sQ4LtuJF9K1vlMFT,,003yFJa6PAPJltMY99
51t3wh0xqrmcVhtYX8,ORD-000000028,Fulfilled,2025-07-21,2026-07-21,New,821 Barton Walk,Willow Harbor,NC,98743,United States,420 Bennett Isle,Summit Glen,TX,71019,United States,USD,Synthetic order for test and benchmark use.,2025-07-05T16:32:08Z,1124193.5,001TOsnOw1hho3AAGT,003IoCtpdAf1sHyQPE,,006S3g4gCkOZWiLAUR,01sf902KvuoXgXtOGX,,003IoCtpdAf1sHyQPE
51tM5ryNTWZu5YKICY,ORD-000000029,Cancelled,2023-09-04,2026-09-03,New,6627 David Ramp,Alder Bay,MA,65559,United States,15481 Medina Ways,Cedar Crossing,CO,34142,United States,USD,Synthetic order for test and benchmark use.,2023-08-09T08:26:57Z,1957757.95,001ZX951OeRh6EHIOJ,003507nviaq9YjZANF,,82iagHzkTkAOFAFI1V,01sLoYtuPuiAhJSKZN,,0031mTVRNXQYf2KQP9
801SQyX9vLI0hTVAJO,ORD-000000030,Activated,2021-05-19,2023-05-19,Renewal,3161 Scott Square,Summit Glen,NC,42001,United States,3585 Little Haven,Lake Briar,TX,55669,United States,USD,Synthetic order for test and benchmark use.,2021-03-24T16:03:50Z,2917676.04,001DmIO5EqT4tawY4D,003cDJscbZK0JtHQIR,800ESyb1zwBgH3yY7X,526oIi4wwv9ub5TYYU,01sJqGPflRJqwqCPRW,,003cDJscbZK0JtHQIR
801NR7iz29PJWpMAC4,ORD-000000031,Draft,2026-07-17,2029-07-16,New,7407 Byrd Estate,Lake Briar,CO,28573,United States,314 Pace Port,Summit Glen,CO,87740,United States,USD,Synthetic order for test and benchmark use.,2026-06-01T19:54:27Z,769742.22,001yGC8xttQVvNRYNT,003SxML7rauaYULISE,,00isjDp7DggNzxqQ1K,01sQ4LtuJF9K1vlMFT,,0031VD9UKg8CI6sQCH
70t7NdXMV2HTdcTY92,ORD-000000032,Activated,2023-09-23,2026-09-22,Amendment,097 Parsons Forks,Northhaven,OR,11369,United States,3285 Amy Field,Summit Glen,CA,67298,United States,USD,Synthetic order for test and benchmark use.,2023-07-25T17:49:20Z,1263783.85,001HgM5pPhwEa9BAOB,003TlrLp629bh61ACC,,006y2sZomStbAjEI3Q,01sQ4LtuJF9K1vlMFT,,003TlrLp629bh61ACC
8014BProAMkS5GJAU1,ORD-000000033,Fulfilled,2025-01-05,2027-01-05,Renewal,4517 Donald Fork,Alder Bay,NC,54341,United States,389 Nunez Ford,Northhaven,CA,48020,United States,USD,Synthetic order for test and benchmark use.,2024-11-12T00:38:14Z,313154.78,00144eZON6YVcQJIGY,003LtDyRa7YYs9EYDK,,500bA9JabGkX7DOYLZ,01sQ4LtuJF9K1vlMFT,,003P8SIJnQgB7lmILI
511qzmAzIJTfrsIQWH,ORD-000000034,Cancelled,2026-03-15,2028-03-14,Amendment,4612 Sophia Hollow,Summit Glen,WA,95744,United States,921 Michael Ferry,Summit Glen,MA,69831,United States,USD,Synthetic order for test and benchmark use.,2026-02-15T09:40:51Z,2551807.3,001j6nRokzRlCs1Y07,003USnXTdtUYl4AI7N,,00662VA0cXhGFEFQRV,01sLoYtuPuiAhJSKZN,,00349RXX5ryqLh0IU2
801eYvZSVB6lJXfQ9C,ORD-000000035,Draft,2023-07-01,2026-06-30,New,3171 Darlene Ranch,Summit Glen,OR,78572,United States,279 Huber Crescent,Northhaven,TX,54075,United States,USD,Synthetic order for test and benchmark use.,2023-06-16T00:13:02Z,638402.84,0011qafIoKOaGWeA3A,003WOfZHVkwetIOQFH,,006Yu8cGnL42jpzIAY,01sLoYtuPuiAhJSKZN,2Q7BsEzLxPzbQK7VCG,003y9SsEVdR3VdTAKG
801iuhQZ7SQ58dZYHX,ORD-000000036,Fulfilled,2021-05-14,2024-05-13,Renewal,95024 David Manor,Alder Bay,MA,16199,United States,9899 Matthew Fork,Alder Bay,MA,95067,United States,USD,Synthetic order for test and benchmark use.,2021-03-26T06:37:03Z,2096343.6,001E8sva5lyIcGMIKX,003qUFiLV5JK3fZQ5Q,,006tqZWnOum7PAJYX6,01sf902KvuoXgXtOGX,,003TIkLDqdlv0iTQ35
8019xEeVELQqqHrAYA,ORD-000000037,Draft,2026-08-20,2028-08-19,Renewal,985 Vang Pines,Lake Briar,TX,87742,United States,748 Jennings Vista,Northhaven,MA,80430,United States,USD,Synthetic order for test and benchmark use.,2026-06-26T02:59:47Z,71986.35,001Dr3VLTdygyPzIUT,003ZfzudGNIIQ3mYTT,,006m9turukOLStrIV3,01sLoYtuPuiAhJSKZN,,003hKMp9wdFG2xEAJ8
826alsYRNxqrb8TQT3,ORD-000000038,Fulfilled,2022-03-28,2023-03-28,Renewal,098 Santiago Loop,Willow Harbor,MA,84431,United States,286 Mark Extension,Lake Briar,WA,75860,United States,USD,Synthetic order for test and benchmark use.,2022-03-05T01:35:27Z,1416269.93,001b1XyoVMftFmnY3Z,003INnMnBh04sdGY8O,,00iqIKwdqI55cMpA5R,01sQ4LtuJF9K1vlMFT,,003y0u0DytJUnZuQ7T
801z7SDVl3xRuAgI13,ORD-000000039,Draft,2025-05-02,2028-05-01,New,4550 Molly Port,Summit Glen,WA,58485,United States,983 Mark Inlet,Lake Briar,NC,65830,United States,USD,Synthetic order for test and benchmark use.,2025-03-22T22:51:24Z,2566899.07,0014WYoiYbOMlUgQDX,003PIsnfE5YQMdlYVF,,006aSHPcPh3QQb5ABZ,01sQ4LtuJF9K1vlMFT,0Q0gILG8miecLXHC40,003aOYRJR4o2kcUANS
801D3DeMAoddhn6IDX,ORD-000000040,Draft,2022-07-08,2025-07-07,Renewal,156 Justin Springs,Summit Glen,TX,90295,United States,530 Hughes Court,Northhaven,NC,13403,United States,USD,Synthetic order for test and benchmark use.,2022-07-04T03:47:53Z,2623666.57,001BJaRoad36sorI41,,,,01sQ4LtuJF9K1vlMFT,,
71679mxPtua95V1Q1P,ORD-000000041,Draft,2023-10-28,2025-10-27,New,1596 Mckinney Mall,Northhaven,CA,42576,United States,103 Ellison Hollow,Lake Briar,TX,35234,United States,USD,Synthetic order for test and benchmark use.,2023-09-26T12:14:06Z,1234264.43,001wOS4RTezb6AxY4U,003xxlGV9jlpBgRAMR,,0061qThIuslKrF7IVW,01sf902KvuoXgXtOGX,,
801c47gZXmga2DpIIT,ORD-000000042,Fulfilled,2025-06-04,2028-06-03,Renewal,88355 Joel Drive,Summit Glen,WA,95804,United States,21905 Jason Roads,Cedar Crossing,CA,74682,United States,USD,Synthetic order for test and benchmark use.,2025-05-16T06:55:52Z,2223743.8,001tvKQbYklnB9tY2P,00314CUCIG5RktyYHD,,72ieRpFxOglko7jQAZ,01sLoYtuPuiAhJSKZN,0Q0OcJx34v244XYC9D,0039D7aXvRQGJqiITC
801J3RuqW1IzAZJINF,ORD-000000043,Draft,2021-09-14,2023-09-14,Amendment,0054 Deanna Walk,Lake Briar,CO,80919,United States,24553 Gabriel Village,Summit Glen,CO,95675,United States,USD,Synthetic order for test and benchmark use.,2021-08-12T23:31:35Z,1902689.7,001x4qMeufUWlfdINO,003zATlhm9CTfgLILK,,01iEa511wLJYEKAAFG,01sQ4LtuJF9K1vlMFT,,003zATlhm9CTfgLILK
801klhsYWLGYKbzQ3G,ORD-000000044,Cancelled,2025-03-04,2026-03-04,Amendment,255 Hughes Trail,Lake Briar,MA,12232,United States,425 Jennifer Island,Willow Harbor,MA,74805,United States,USD,Synthetic order for test and benchmark use.,2025-02-09T05:48:29Z,1086075.53,001qP46mGWsPnuOQ5R,0032Dq1RpC8fn19A4A,,500omxYi0hTQz5nAHP,01sLoYtuPuiAhJSKZN,,003JnvgUqZO7H4aIRV
801Z9TcbUesAWUNI2Q,ORD-000000045,Cancelled,2023-06-11,2026-06-10,New,2816 Smith Inlet,Willow Harbor,TX,44644,United States,3524 Russo Street,Lake Briar,NC,53482,United States,USD,Synthetic order for test and benchmark use.,2023-05-19T17:08:24Z,2679022.2,001M2rDfuFzN9SZI6R,,,800QbKDcVxtNcdnI6F,01sf902KvuoXgXtOGX,0Q0AH6FwWhsr7q4KRZ,0033MLwhB5do4U0ITM
801OydXCKmMFtgWAXJ,ORD-000000046,Cancelled,2026-05-16,2028-05-15,Amendment,379 Goodwin Tunnel,Lake Briar,MA,22708,United States,926 William Parkways,Northhaven,WA,41515,United States,USD,Synthetic order for test and benchmark use.,2026-05-05T19:30:05Z,204479.04,001JM45YOxOPMdeQIO,003UMEcKvJcUgurQ6P,800ujrIuY2oupF3QN0,521frQ5k77mkPylINK,01sQ4LtuJF9K1vlMFT,0Q03I2URNaQKyERKZ0,003AqyY2IfcYiBkQLX
801aib6wP7dQMd5AA2,ORD-000000047,Cancelled,2022-08-06,2025-08-05,Amendment,47826 Stacey Forges,Lake Briar,WA,66778,United States,378 Craig Port,Alder Bay,WA,81377,United States,USD,Synthetic order for test and benchmark use.,2022-06-20T14:01:16Z,1016746.53,001OPCPaC5KbkUKAXY,003bdNCgMfa7CoaYN8,,,01sLoYtuPuiAhJSKZN,,003bdNCgMfa7CoaYN8
80t1y5KcGnO2EaIAMP,ORD-000000048,Cancelled,2021-06-30,2024-06-29,Amendment,89861 Young Crossing,Cedar Crossing,WA,13593,United States,4509 Hannah Creek,Cedar Crossing,OR,50013,United States,USD,Synthetic order for test and benchmark use.,2021-06-25T06:37:40Z,2496638.82,001XFpYyxD2bjtqY54,003yKvQsyYokdltYAS,,006KvgqOCDEtXcYI4R,01sQ4LtuJF9K1vlMFT,,003yKvQsyYokdltYAS
801pLl6HqkXxg03ATK,ORD-000000049,Cancelled,2022-03-02,2025-03-01,New,1888 Peter Mountains,Willow Harbor,MA,64790,United States,7595 Sonia Streets,Lake Briar,CO,17312,United States,USD,Synthetic order for test and benchmark use.,2022-02-20T06:18:42Z,1361272.43,0019ojrY0cvCQ2UQ6L,003m8THYf4oJQr4YY8,,70iGFDinNwlr4UmAGT,01sQ4LtuJF9K1vlMFT,,
801RZb7LSxWJcyeY19,ORD-000000050,Fulfilled,2025-01-03,2026-01-03,Amendment,0430 Nina Island,Summit Glen,OR,19115,United States,43672 Hendrix Cove,Summit Glen,NC,58186,United States,USD,Synthetic order for test and benchmark use.,2024-11-05T14:56:34Z,1903093.06,001UhwyHPMFM5liAM5,003wXaj6lOoSXpCQZM,,721T9noLs7XaVr3I9I,01sf902KvuoXgXtOGX,0Q0zw8FJP2ps1utCWE,00399IEKyDGSJm3QHD
801EqIYoyG1mzXuQFL,ORD-000000051,Draft,2026-06-15,2028-06-14,Renewal,284 Garcia Islands,Willow Harbor,TX,96094,United States,86693 Madeline Landing,Cedar Crossing,MA,36817,United States,USD,Synthetic order for test and benchmark use.,2026-06-05T22:55:11Z,304018.81,0018YzqdxvbgCoaYQU,003HyElyrwbdqT8QAZ,800IjjLhU5OjArOY3V,,01sJqGPflRJqwqCPRW,,003x0VepNyTEttzY7F
016pAqnBiB30yflYL1,ORD-000000052,Fulfilled,2021-09-02,2023-09-02,Amendment,55690 Erika Land,Willow Harbor,MA,99060,United States,551 Jennifer Canyon,Lake Briar,NC,96437,United States,USD,Synthetic order for test and benchmark use.,2021-07-28T11:11:47Z,1866239.51,001kC1LlUdj8c3zY68,003PyZ38dL1GKh6AD3,,700wA90FDeQiZ6wQI3,01sf902KvuoXgXtOGX,,003mlM94OfMe2d3AIU
801sLBexp9rtvq1Y0J,ORD-000000053,Cancelled,2021-03-21,2023-03-21,Amendment,3121 Thompson Station,Northhaven,CA,52922,United States,8969 Jason Garden,Cedar Crossing,WA,34673,United States,USD,Synthetic order for test and benchmark use.,2021-02-16T06:05:42Z,2548162.13,001WPEcjxhamiNXYYJ,003JWsXDkgeQfLNQQC,,006904ZHBTcEf99ANN,01sf902KvuoXgXtOGX,,003Mfp4ku7pOXLnYBE
801kcqECWoV2sYVIQS,ORD-000000054,Cancelled,2022-10-10,2025-10-09,New,7829 Cameron Locks,Northhaven,CO,84768,United States,028 Thomas Falls,Willow Harbor,OR,21810,United States,USD,Synthetic order for test and benchmark use.,2022-10-09T18:55:47Z,2187381.67,001Pv3IESUoMrhiAAG,0030bBuhufDcozbAA3,800oqsSwWdfbF7CY5U,006I1lRPeWsjOysYN7,01sQ4LtuJF9K1vlMFT,,003dsIJZJV6YL44ABX
8015J5QKkOAYiB1QTR,ORD-000000055,Fulfilled,2026-02-01,2029-01-31,Renewal,3584 John Roads,Northhaven,MA,24235,United States,58464 Theresa Crossing,Willow Harbor,TX,89046,United States,USD,Synthetic order for test and benchmark use.,2025-12-23T20:34:42Z,930076.3,001H8DiQNUTC9JGQA0,,,82iguBN6CwTjhOfY0A,01sf902KvuoXgXtOGX,,
50tu1pRoTxWpUqtA0N,ORD-000000056,Draft,2024-08-03,2027-08-03,Renewal,647 Haley Estate,Summit Glen,MA,44363,United States,4909 Glen Plain,Cedar Crossing,OR,43599,United States,USD,Synthetic order for test and benchmark use.,2024-06-23T11:31:53Z,2231826.84,0017jTx407RLO7NAVA,003eIncKFdeGkIsYBS,,006N7rXHgE2rv1zYQ4,01sf902KvuoXgXtOGX,0Q0MO0JHVuhUSXkSXG,003eIncKFdeGkIsYBS
72iZOrQJ4pSUvvwIYE,ORD-000000057,Draft,2024-12-27,2026-12-27,New,632 Peck Stravenue,Summit Glen,CO,83269,United States,0343 William Ford,Northhaven,NC,82749,United States,USD,Synthetic order for test and benchmark use.,2024-11-28T17:15:22Z,2997604.13,001iWJjSJhQ7PeuAR2,003FTdCX8an6rHoAK5,,006v3y5DCRHiklgQI1,01sf902KvuoXgXtOGX,,003XNoGMIPTvl16ANC
50tgaEnDPMNIFBPAAE,ORD-000000058,Activated,2026-02-11,2029-02-10,New,2456 Williams Center,Willow Harbor,NC,71505,United States,62542 Sandra Cliff,Summit Glen,MA,36419,United States,USD,Synthetic order for test and benchmark use.,2026-02-05T19:42:36Z,1875102.45,001b1XyoVMftFmnY3Z,003INnMnBh04sdGY8O,,006VxHY3176jKROAY4,01sf902KvuoXgXtOGX,,0035mim4JQleOckQS9
71tQ0iDRaur0hkJYJ7,ORD-000000059,Fulfilled,2023-08-08,2026-08-07,New,259 Martin Ridges,Summit Glen,CA,27856,United States,81097 Garcia Roads,Willow Harbor,MA,14408,United States,USD,Synthetic order for test and benchmark use.,2023-07-26T06:00:19Z,1551448.13,001BJaRoad36sorI41,,,7109fVIumfYROxoYBY,01sLoYtuPuiAhJSKZN,,
801dlLAEr0ozdvhY7W,ORD-000000060,Draft,2024-11-02,2025-11-02,Renewal,962 Anthony Squares,Willow Harbor,CO,67459,United States,326 Daniel Village,Summit Glen,CO,56615,United States,USD,Synthetic order for test and benchmark use.,2024-10-09T02:04:02Z,286541.01,001j6nRokzRlCs1Y07,003W4j2IQwOiUqBIH6,800bVWfsWKIfEfrI5F,720Uzbvln6QAcFJYPD,01sf902KvuoXgXtOGX,,
801nUgvj8VMad88IUG,ORD-000000061,Draft,2022-12-17,2023-12-17,Renewal,585 Bishop Fields,Cedar Crossing,TX,80427,United States,900 Marshall Rapids,Northhaven,OR,71405,United States,USD,Synthetic order for test and benchmark use.,2022-11-03T18:20:19Z,2042946.03,0014WYoiYbOMlUgQDX,003Jel62LGmuBhAQWI,,006JBCuzYapF5eRQOG,01sQ4LtuJF9K1vlMFT,0Q03yKeuKE4313USVM,003FlAerSxK87n1YYX
801GB4UV9EHW5FRI4D,ORD-000000062,Draft,2022-08-16,2024-08-15,New,473 Maria Groves,Lake Briar,CO,46037,United States,1672 David Unions,Summit Glen,CA,30960,United States,USD,Synthetic order for test and benchmark use.,2022-07-29T11:26:53Z,607176.7,001kNqWPjavmloHAZ4,0032F7FDXqADR62QRJ,,50itVUNBfDJtJUBIBR,01sf902KvuoXgXtOGX,,0039NbehctfaYP7A9N
801sz5VL7qkvi3WIO0,ORD-000000063,Fulfilled,2023-03-30,2026-03-29,Renewal,19380 Robert Villages,Northhaven,NC,69372,United States,602 White Radial,Cedar Crossing,OR,20623,United States,USD,Synthetic order for test and benchmark use.,2023-03-04T17:46:32Z,1829045.33,001j6nRokzRlCs1Y07,003yaseL1v2yPSmYJM,,510u5Zwc07XQ5giQ7I,01sf902KvuoXgXtOGX,0Q08j4tDGnNMKFj0EC,00366zbKzuwry7vYR9
801N1nKFW6FRur5I7L,ORD-000000064,Draft,2022-09-14,2024-09-13,New,54932 Wilcox Passage,Northhaven,MA,80004,United States,8024 Wilcox Knolls,Cedar Crossing,CA,10415,United States,USD,Synthetic order for test and benchmark use.,2022-09-09T01:10:28Z,2467814.57,001yWq2JW5BZvvMQ0L,,,51iQD0tQCZ7I9awQN4,01sf902KvuoXgXtOGX,,003qq9md20qph9KQHA
801s3drxwCqhfsmIEM,ORD-000000065,Activated,2023-11-15,2024-11-14,Renewal,5933 Timothy Motorway,Cedar Crossing,TX,81074,United States,844 Green Pass,Northhaven,CO,44554,United States,USD,Synthetic order for test and benchmark use.,2023-10-18T05:25:17Z,110843.41,001DmIO5EqT4tawY4D,003cDJscbZK0JtHQIR,,006lBYVFDwbaYhqI0M,01sQ4LtuJF9K1vlMFT,,003cDJscbZK0JtHQIR
800p48vcD5sFZqaYED,ORD-000000066,Fulfilled,2021-12-11,2023-12-11,Amendment,713 Davis Pass,Lake Briar,CA,52316,United States,3484 Nelson Canyon,Cedar Crossing,TX,91102,United States,USD,Synthetic order for test and benchmark use.,2021-10-24T16:32:18Z,2140026.53,001d6L0YO7RdZlqYEZ,003RkNOcuqO0tHhA2N,,001oL00mAodv6UcYFE,01sf902KvuoXgXtOGX,,003RkNOcuqO0tHhA2N
801jYUw2EMCyLgMYIM,ORD-000000067,Draft,2021-11-25,2024-11-24,Amendment,65676 Miller Shore,Northhaven,MA,74114,United States,673 Cheryl Alley,Cedar Crossing,TX,65307,United States,USD,Synthetic order for test and benchmark use.,2021-10-09T10:22:47Z,2392132.3,001b9Ubd6IpdBJKANL,003Gqj5HefvdveDABM,,,01sQ4LtuJF9K1vlMFT,0Q0KfWeUQTo0pKA0PS,003QtF6ypyXl9x7YZ2
8019uGcjJsdKWN2Q9H,ORD-000000068,Draft,2021-08-29,2022-08-29,Amendment,9033 Craig Bypass,Summit Glen,MA,51955,United States,86746 Billy Brooks,Northhaven,NC,75434,United States,USD,Synthetic order for test and benchmark use.,2021-07-07T08:40:18Z,2435332.67,001iMYD4nOjTT4yIZO,,800vGPRkZJNSk7HY2P,52tPmQukA58S2sxYT9,01sQ4LtuJF9K1vlMFT,,003zbuw2oHYZOX3QSK
801WuxU8RbLVnRDQK6,ORD-000000069,Cancelled,2026-02-12,2029-02-11,New,268 Williams Key,Summit Glen,NC,91086,United States,53466 Sean Lane,Cedar Crossing,CA,15928,United States,USD,Synthetic order for test and benchmark use.,2026-01-20T13:28:41Z,1995734.07,001EocC12jSBhyyIOU,0035o5gdXA6uoljY5G,,00iIXtwNrf2ood7QEH,01sf902KvuoXgXtOGX,,00315S4jsX1OtfpY8L
801BdmayCc8RCbhYXP,ORD-000000070,Activated,2025-04-17,2027-04-17,Renewal,75183 Joseph Spring,Northhaven,NC,52779,United States,2085 Tyler Spurs,Alder Bay,MA,69436,United States,USD,Synthetic order for test and benchmark use.,2025-04-11T06:23:13Z,1728379.48,001U9TwW1ZhV64GITA,003jfoRxJl46zPYQL2,,80ipodFX8s3DDUoAAB,01sLoYtuPuiAhJSKZN,,003jfoRxJl46zPYQL2
801iXDf5vVWDvKcQWR,ORD-000000071,Fulfilled,2021-04-05,2023-04-05,Amendment,771 Gill Island,Willow Harbor,NC,77432,United States,612 Reed Brook,Alder Bay,OR,95561,United States,USD,Synthetic order for test and benchmark use.,2021-02-14T05:49:57Z,1064330.82,001KInyPfEAkhgcQEO,0039c0qERICaKo4AJ8,,006vJK10atp9GkpASS,01sQ4LtuJF9K1vlMFT,,
52iG4KEguCPIGaxY5Q,ORD-000000072,Draft,2022-01-14,2024-01-14,Amendment,2287 Sabrina Plains,Alder Bay,MA,16336,United States,96151 Anthony Greens,Cedar Crossing,NC,74911,United States,USD,Synthetic order for test and benchmark use.,2022-01-08T15:39:32Z,1333011.92,001b1XyoVMftFmnY3Z,003mOiCoYGhh0YQYIV,,006oKygqAo4BEx7Y25,01sf902KvuoXgXtOGX,,003vtqpcbhIEl9sQ91
7208DVuJvFd7E4nAQM,ORD-000000073,Draft,2021-12-23,2023-12-23,New,0862 Samantha Pine,Summit Glen,CO,73722,United States,7347 Jordan Keys,Cedar Crossing,CO,63348,United States,USD,Synthetic order for test and benchmark use.,2021-11-28T20:09:14Z,588869.27,0012n9SIy3FafTfYR5,003D7d3x3cWcUuRILQ,8003pYkfPEaHw6gI1Y,006BVEigoTGsIGqQBA,01sQ4LtuJF9K1vlMFT,,003D7d3x3cWcUuRILQ
511w8cezRLEfON7I12,ORD-000000074,Fulfilled,2025-07-04,2026-07-04,Amendment,217 Newman Isle,Willow Harbor,CA,31350,United States,8494 Mcdonald Common,Lake Briar,NC,89069,United States,USD,Synthetic order for test and benchmark use.,2025-05-26T14:02:53Z,1088982.67,001WPEcjxhamiNXYYJ,003Mfp4ku7pOXLnYBE,,50idFgBeIJEDPQXYQT,01sf902KvuoXgXtOGX,,
801U5R3WDMb9eAdQ2D,ORD-000000075,Draft,2021-04-19,2024-04-18,New,96856 Krystal Spurs,Willow Harbor,TX,48375,United States,6495 Michael Ports,Summit Glen,WA,12893,United States,USD,Synthetic order for test and benchmark use.,2021-03-12T16:25:44Z,1411553.22,001Y7WfxpecwwzUQ8R,,800rBeZ6rfybwaFIWA,71i9FTNyZtivXqvA0X,01sLoYtuPuiAhJSKZN,,003mjuXxIT09fGrAAO
5008aDHm9XTeJRKY2H,ORD-000000076,Fulfilled,2021-05-21,2024-05-20,Renewal,42626 Ward Course,Northhaven,OR,63960,United States,948 Jennifer Pines,Willow Harbor,CO,14878,United States,USD,Synthetic order for test and benchmark use.,2021-05-04T02:04:49Z,2317659.34,001pTWz3tTkTLr9I1D,,,7101dUkY1U35qLtQLO,01sf902KvuoXgXtOGX,,003kTdlZvxIFlRTQ4A
7060MLGY29XQYDdIMK,ORD-000000077,Draft,2022-10-05,2023-10-05,New,398 Gina Extension,Northhaven,NC,32306,United States,60498 Smith Garden,Cedar Crossing,CO,56735,United States,USD,Synthetic order for test and benchmark use.,2022-08-30T05:39:54Z,2949508.85,001UMQhTkv1ASD0YIT,0036M9oi3OkmErTIEE,,0062VPDsrhKxf5WI35,01sLoYtuPuiAhJSKZN,,0036M9oi3OkmErTIEE
801kQ7ERDDRT8UVIN4,ORD-000000078,Fulfilled,2026-05-02,2028-05-01,Renewal,657 Jordan View,Willow Harbor,CA,83491,United States,1978 Williams Summit,Cedar Crossing,MA,89014,United States,USD,Synthetic order for test and benchmark use.,2026-04-04T08:56:42Z,2157822.9,001CtKb9oj7o8JaYFV,003jsjsu36S3FJ5A8A,,810bxkuzQPDh3uvAMF,01sLoYtuPuiAhJSKZN,,003jsjsu36S3FJ5A8A
801S13XEIDV1r4DIMR,ORD-000000079,Draft,2022-12-27,2023-12-27,Amendment,167 Cynthia Garden,Willow Harbor,MA,97232,United States,780 Taylor Mountain,Summit Glen,NC,55709,United States,USD,Synthetic order for test and benchmark use.,2022-11-20T10:01:54Z,1379462.93,001Ivgehi2RhpxmIXK,003IRksS65HO8wmQ1A,,006TsCc1r4nTt7BIKI,01sQ4LtuJF9K1vlMFT,,003GjEXrzwZuWa4Q80
01t0wjd70NYkcAlQRW,ORD-000000080,Cancelled,2026-03-30,2029-03-29,Renewal,43888 Sean Lock,Alder Bay,NC,20367,United States,07681 Ian Heights,Summit Glen,NC,42171,United States,USD,Synthetic order for test and benchmark use.,2026-01-30T15:14:49Z,1013225.83,001Q3kntrifzyYWI62,003IJxV7zNMr7FtARO,,006IOh4OLmzOJyGA83,01sQ4LtuJF9K1vlMFT,,003hcRo1zSO0VqJA87
801q1KzrxbKsIRvYFL,ORD-000000081,Fulfilled,2023-12-06,2024-12-05,New,751 Williams Station,Cedar Crossing,WA,68693,United States,6706 Fleming Knolls,Summit Glen,NC,87297,United States,USD,Synthetic order for test and benchmark use.,2023-11-17T14:55:04Z,2063947.51,0014xFF5q1fi7GwQMP,003JAM2swJJbf8qALX,,006G8Xh0CODOy41Q3W,01sf902KvuoXgXtOGX,,003JAM2swJJbf8qALX
801MiwyGTzXpV9kAYT,ORD-000000082,Draft,2025-01-03,2028-01-03,Renewal,334 Barbara Union,Lake Briar,CA,91946,United States,198 Becky Heights,Cedar Crossing,CO,23897,United States,USD,Synthetic order for test and benchmark use.,2024-12-17T07:26:18Z,1219476.06,001b1XyoVMftFmnY3Z,003INnMnBh04sdGY8O,,,01sQ4LtuJF9K1vlMFT,0Q0VCHeHt6pPUR6CST,003mOiCoYGhh0YQYIV
801HVWUKmsTJl99A4R,ORD-000000083,Activated,2024-10-12,2026-10-12,Amendment,41252 Barnes Dam,Alder Bay,NC,21269,United States,39534 Clarence Islands,Alder Bay,CO,72607,United States,USD,Synthetic order for test and benchmark use.,2024-09-19T05:15:15Z,749978.54,001LInXZfFVYqWIIEB,003PqbGzdOWzt2KAYH,,711i5BYjcggdOQJADX,01sJqGPflRJqwqCPRW,,003p3cVUtyPUKjfQZW
81tXva17ARELY01YH0,ORD-000000084,Fulfilled,2022-05-25,2023-05-25,Amendment,7219 Laura Forges,Summit Glen,CO,64869,United States,781 Cox Drives,Cedar Crossing,CA,33050,United States,USD,Synthetic order for test and benchmark use.,2022-05-06T01:49:52Z,950501.11,001mmu9iYNsqBnfYFC,0030pSnQNIb5d0oYHX,,816ub6hPcL9xyf9IYI,01sLoYtuPuiAhJSKZN,,0030pSnQNIb5d0oYHX
506TIQmAgQS4CViAZA,ORD-000000085,Activated,2021-02-20,2023-02-20,Renewal,340 Baker Wall,Cedar Crossing,NC,85168,United States,1564 Schmidt Row,Willow Harbor,MA,41615,United States,USD,Synthetic order for test and benchmark use.,2021-01-12T02:59:16Z,2595318.67,001F0saAL86T3h5IUF,,,706mPS2KercmP4aQW9,01sLoYtuPuiAhJSKZN,,
801fS80kfxEAQmNIHZ,ORD-000000086,Fulfilled,2026-02-05,2027-02-05,New,8126 Victoria Way,Cedar Crossing,WA,75271,United States,2728 Shea Mission,Northhaven,CO,43576,United States,USD,Synthetic order for test and benchmark use.,2025-12-16T10:38:33Z,2705050.33,001Ql5gfswhLAUiIZH,003LXPOThKMlCoaYI4,,006UcoJCSG8nRUVASE,01sQ4LtuJF9K1vlMFT,,003PL78eCf0J4yUI26
801FIc764BGWYyGAET,ORD-000000087,Activated,2022-08-01,2025-07-31,Renewal,175 Laura Locks,Lake Briar,CO,14878,United States,8790 Huang Square,Northhaven,TX,91741,United States,USD,Synthetic order for test and benchmark use.,2022-07-18T01:14:09Z,1156430.21,001X5lK5MbsgblUIV7,003Fv1MxeAi9aF5QZB,,006ZNylqhQEimcZQR4,01sQ4LtuJF9K1vlMFT,,003T3d2WiwNdnVdQCD
801pbgsUWyofMvCQ9J,ORD-000000088,Fulfilled,2023-09-18,2024-09-17,Amendment,1541 Beck Run,Northhaven,WA,46462,United States,53567 Jillian Parkway,Alder Bay,TX,39760,United States,USD,Synthetic order for test and benchmark use.,2023-09-15T06:00:08Z,827570.83,001JLvRCLNllmEyYER,003he5vZFsM4U6hQ0K,,711XnpU5BC0GELIQ7O,01sf902KvuoXgXtOGX,,
801RtbajlOCTTMIAJW,ORD-000000089,Draft,2023-07-27,2024-07-26,Renewal,1361 Dakota Land,Northhaven,MA,92398,United States,271 Kathleen Village,Willow Harbor,CO,62280,United States,USD,Synthetic order for test and benchmark use.,2023-06-21T20:37:46Z,2771975.31,0016qNzHRpaK4VVIC7,,,006IKE6vB53gZVNYRJ,01sLoYtuPuiAhJSKZN,,
801GmksPWzphOm0YR3,ORD-000000090,Activated,2022-01-04,2024-01-04,Amendment,41389 Maxwell Spurs,Cedar Crossing,CA,47382,United States,69039 Jacob Falls,Willow Harbor,NC,58707,United States,USD,Synthetic order for test and benchmark use.,2021-12-15T15:57:54Z,909984.63,001eMGa7Y6CNd3wIQE,003qg1kTD89dMrOQ79,,700RYj9OJ0tobSgYEL,01sf902KvuoXgXtOGX,,003qg1kTD89dMrOQ79
001090dOglSs51yA79,ORD-000000091,Activated,2025-04-22,2028-04-21,Amendment,658 Kathryn Trail,Willow Harbor,NC,96431,United States,32672 Rangel Lane,Lake Briar,TX,90492,United States,USD,Synthetic order for test and benchmark use.,2025-04-06T06:12:04Z,2803420.23,001Oil2EokU3tWpID9,0036mmNusffWovpIGN,,800vHqrvzyIHBSzYPY,01sLoYtuPuiAhJSKZN,,0036mmNusffWovpIGN
801YdDC96K9lWNOQ4E,ORD-000000092,Fulfilled,2024-09-23,2027-09-23,Amendment,9146 Brian Corners,Northhaven,CO,90722,United States,393 Steven Estate,Lake Briar,NC,50445,United States,USD,Synthetic order for test and benchmark use.,2024-09-15T06:45:32Z,447688.96,001Hbp8pEhElgRqIO2,003uqaPRAYt8PdlQOW,,510pZvpQ5rEerZiQIL,01sf902KvuoXgXtOGX,0Q09veOWS3PKpbq0WJ,
51ijbWZ6sr4qhPXYSY,ORD-000000093,Draft,2024-11-04,2025-11-04,New,507 Michael Glens,Lake Briar,TX,53010,United States,97499 Johnson Stream,Cedar Crossing,NC,10416,United States,USD,Synthetic order for test and benchmark use.,2024-10-05T21:35:36Z,1409683.61,001T48I5YauDsbqQZG,003CTAk4NcTPhsDQVS,,72ik8dNleqayzEcQHA,01sQ4LtuJF9K1vlMFT,,003CTAk4NcTPhsDQVS
801TrNGv35U8MXlAVC,ORD-000000094,Draft,2022-02-12,2024-02-12,Amendment,518 Harry Unions,Willow Harbor,WA,45440,United States,3904 Daniels Bypass,Willow Harbor,WA,90518,United States,USD,Synthetic order for test and benchmark use.,2021-12-30T19:02:34Z,1181281.48,001GIi2sHi8hI1AQ7T,003h2HSFyhUtjZzA14,,80tiKSl4hJWjT5jA9G,01sf902KvuoXgXtOGX,,003qf4McL0zrGCBQZ8
801AM3rBT0UcGKuI9O,ORD-000000095,Cancelled,2021-04-01,2024-03-31,New,0385 Stephanie Alley,Willow Harbor,WA,68609,United States,93332 Horn Lock,Summit Glen,CA,34640,United States,USD,Synthetic order for test and benchmark use.,2021-03-07T19:35:40Z,798641.86,001lUr971GtA6wXYCT,003e0SfTKu9YWGpAJN,,,01sf902KvuoXgXtOGX,0Q0G4A4r3uGEclOKER,003MuGPnDYbVNeZY97
801y1rRqSpXCNUdIL2,ORD-000000096,Activated,2024-02-24,2026-02-23,Amendment,1990 Bates Curve,Cedar Crossing,CA,90311,United States,76317 Parker Landing,Lake Briar,NC,57559,United States,USD,Synthetic order for test and benchmark use.,2023-12-26T00:01:45Z,422843.91,001WHkVb04B78wfY3Q,003i57e7W8oxp9QYYL,,,01sLoYtuPuiAhJSKZN,,003ZW1QyuDywdCOQIL
801TPVPNP4EPSQ1AMF,ORD-000000097,Draft,2023-10-07,2025-10-06,Renewal,4112 Mckenzie Square,Cedar Crossing,OR,13169,United States,64752 King Cove,Willow Harbor,NC,40288,United States,USD,Synthetic order for test and benchmark use.,2023-08-26T19:58:26Z,1382898.05,001mfVgWjeDJGGOY8D,003NSNqWcJh2Q74I73,,006tG1bv8XHt2VHY2D,01sLoYtuPuiAhJSKZN,0Q02Vr7TJT0JiSxS3L,003NSNqWcJh2Q74I73
801ZF7k55IbkOtgYLS,ORD-000000098,Fulfilled,2024-02-19,2026-02-18,New,23651 Lowery Club,Willow Harbor,WA,18670,United States,19143 Zachary Mills,Northhaven,MA,87803,United States,USD,Synthetic order for test and benchmark use.,2024-02-07T20:18:24Z,2875040.13,001eE3A4cmn7G2gIHB,003SAUYTcKjhBmTIQ8,,,01sf902KvuoXgXtOGX,0Q0zdpt8TsyTt4PCDL,003SAUYTcKjhBmTIQ8
8104DpzgPn2sY8sIGF,ORD-000000099,Cancelled,2024-01-22,2025-01-21,Renewal,347 Andrade Neck,Willow Harbor,CA,70366,United States,7693 Nicole Throughway,Willow Harbor,WA,32131,United States,USD,Synthetic order for test and benchmark use.,2023-12-28T15:37:00Z,1792207.29,001JTximtecXZZ0IK7,003OaopeGXOMzCMIYX,,006k9D7myVpRB2wYGP,01sQ4LtuJF9K1vlMFT,,0030LfI9bdZF3eQINR
801cGKSMkrUb5ZGQV8,ORD-000000100,Fulfilled,2021-11-14,2022-11-14,Renewal,0785 Terri Courts,Summit Glen,OR,75756,United States,2620 Sanders Crossroad,Northhaven,MA,74651,United States,USD,Synthetic order for test and benchmark use.,2021-10-15T21:05:43Z,891717.28,001I4vmxErKOgEQQME,003oHuUxE0gFLemY0B,,006e7avIrKKzHdeY3X,01sf902KvuoXgXtOGX,,0038PZTOzpYnmw1A52
801xkLz0EPzYnwvQ9T,ORD-000000101,Cancelled,2023-10-03,2024-10-02,New,8427 Christopher Fort,Summit Glen,CO,18769,United States,3942 Christopher Extension,Summit Glen,NC,94796,United States,USD,Synthetic order for test and benchmark use.,2023-08-27T02:42:24Z,1107127.55,0012B0IsTb8G7BVAST,0037M62rbyqrXEmYO4,,006nJcY7QX4evvNIVR,01sQ4LtuJF9K1vlMFT,,003xHlcAk72CIMoQTZ
801WgCPGOGf9Ep9AKJ,ORD-000000102,Activated,2022-09-21,2023-09-21,Amendment,26752 Walker Radial,Northhaven,WA,67940,United States,17400 Christina Causeway,Lake Briar,NC,29942,United States,USD,Synthetic order for test and benchmark use.,2022-09-10T16:03:50Z,2452503.1,001j6nRokzRlCs1Y07,003jNLVIbUUpiINITI,,016C2EooReZg2WZYG1,01sf902KvuoXgXtOGX,,003F7xNHwBJn7AfAYF
801oiHWiWEosdOGYO0,ORD-000000103,Cancelled,2021-10-29,2022-10-29,Renewal,55215 Smith Fords,Northhaven,CO,94608,United States,6160 Cantrell Ways,Summit Glen,TX,96352,United States,USD,Synthetic order for test and benchmark use.,2021-09-04T13:49:36Z,1126025.26,001aJFstC9yWgafQNG,003V9OrTwPk7O33QQG,,00648rOD1tDCPslQZY,01sLoYtuPuiAhJSKZN,,003WJK5erxpQqeGIBF
801jM1mjF0WIwnSAFS,ORD-000000104,Draft,2022-03-25,2023-03-25,New,15262 Amy Course,Summit Glen,MA,47291,United States,2316 Hill Viaduct,Cedar Crossing,NC,38058,United States,USD,Synthetic order for test and benchmark use.,2022-03-02T04:55:35Z,2351629.87,001lpuGrFmSTBnuY0M,003uwa0GaixV5VQI3X,,82t6myuARNIiQTlYD6,01sQ4LtuJF9K1vlMFT,,003hKEkfAwY1accID2
801tHki9WCt84DzATL,ORD-000000105,Cancelled,2023-01-31,2024-01-31,Renewal,720 Smith Corners,Willow Harbor,CA,98114,United States,79993 Kevin Falls,Alder Bay,NC,37278,United States,USD,Synthetic order for test and benchmark use.,2023-01-04T04:54:10Z,158576.9,001j6nRokzRlCs1Y07,0037hhldh7dgr24A9I,,026rEFr5eyVWlSZY8X,01sLoYtuPuiAhJSKZN,,003Dz5d7asr4M7HIIG
801eMxiFH1srfuvY07,ORD-000000106,Draft,2022-06-19,2023-06-19,Renewal,49021 Elizabeth Valley,Willow Harbor,NC,35191,United States,68904 Thompson Path,Northhaven,TX,63555,United States,USD,Synthetic order for test and benchmark use.,2022-06-18T02:28:28Z,574525.83,001wXq5LbckG7u9AEU,003Yxy3ttOLHklxQ57,800c6BRUBx43sUQYKZ,006W5p2czSs2evdA30,01sQ4LtuJF9K1vlMFT,0Q0P48rnmOHK7L7SK8,003dXy6e6uwVbwDIP6
801xQsAp2L5YupRY4M,ORD-000000107,Draft,2023-10-22,2026-10-21,Amendment,2233 Brad Common,Summit Glen,MA,12445,United States,6047 Mclaughlin Hill,Willow Harbor,WA,99598,United States,USD,Synthetic order for test and benchmark use.,2023-09-06T21:56:18Z,871009.01,001CXiPlYrfwSgoQU2,003OTMP0M0wQz2IYJ7,,006x2VTXL3IMOIDAQR,01sQ4LtuJF9K1vlMFT,,0039soCLiud9MJJQXY
811EZMzVncgRwb8YBS,ORD-000000108,Fulfilled,2021-10-07,2023-10-07,Renewal,48564 Pena Ports,Northhaven,CA,46064,United States,990 Edward Mountains,Lake Briar,TX,23472,United States,USD,Synthetic order for test and benchmark use.,2021-09-14T06:31:29Z,2425136.19,001jIiXAhBEHXIPYQP,003ekyB4pNej2sIID3,800ZnhRcx6zL9UTI2C,026fIXSnC4XbAqbAIC,01sLoYtuPuiAhJSKZN,0Q0z8v1x3EforX5CNP,003941DNldvTfMlASO
801Nyprg7qu1T4rY8R,ORD-000000109,Cancelled,2025-06-24,2028-06-23,Renewal,137 Robin Lodge,Cedar Crossing,MA,35049,United States,3067 Amy Dale,Summit Glen,WA,73594,United States,USD,Synthetic order for test and benchmark use.,2025-06-21T03:23:58Z,1819593.12,001JTximtecXZZ0IK7,003KbhyQIJhcY5vI43,,006k9D7myVpRB2wYGP,01sQ4LtuJF9K1vlMFT,,003OaopeGXOMzCMIYX
801CtnZUWytowUwANF,ORD-000000110,Activated,2023-07-22,2026-07-21,New,8610 Nathan Ranch,Cedar Crossing,NC,41419,United States,987 Johnson Vista,Alder Bay,WA,12880,United States,USD,Synthetic order for test and benchmark use.,2023-07-17T02:14:16Z,867149.25,001kpkteJ4XLaaYQTV,003uNABTA3HDsNTQ1G,,006714F7uqDVIOWY93,01sQ4LtuJF9K1vlMFT,0Q0XXOrVhYGVQLSK47,0033RZYz99EE8hOQSW
801KafcuOnbfgsVYVX,ORD-000000111,Draft,2023-09-14,2025-09-13,Amendment,034 Marquez Station,Northhaven,CA,35206,United States,90739 Katie Pass,Summit Glen,MA,97016,United States,USD,Synthetic order for test and benchmark use.,2023-09-11T19:17:29Z,1045462.28,001U2E3Mrt3KZlKQE7,003x5swQIbocmF6Q6R,,006DscWsaEEkMr2QBJ,01sLoYtuPuiAhJSKZN,,003x5swQIbocmF6Q6R
801m4D5CHG6A5vxAA2,ORD-000000112,Draft,2022-12-28,2024-12-27,Amendment,309 Guerrero Springs,Northhaven,TX,84436,United States,98313 Turner Route,Cedar Crossing,MA,55742,United States,USD,Synthetic order for test and benchmark use.,2022-12-10T11:24:30Z,2506696.78,00195IoHhooLntmYBW,,,006QJIXxGyVD2r0AHP,01sLoYtuPuiAhJSKZN,,
801jhDhrYEiMEnwQIA,ORD-000000113,Draft,2025-04-20,2026-04-20,New,1353 Fisher Isle,Cedar Crossing,CA,95978,United States,217 Robert Parkway,Northhaven,TX,24841,United States,USD,Synthetic order for test and benchmark use.,2025-02-22T12:17:09Z,1509277.45,001yU1qilS2HtnNQUW,0036LohQkeCB8QlQLX,,72tZRFHUoL5umGkI3B,01sQ4LtuJF9K1vlMFT,,003CdFzAkit5JdwQ55
801rvaiX6O6AsZrYDH,ORD-000000114,Activated,2023-08-12,2025-08-11,New,50074 Kathleen Extension,Summit Glen,NC,86873,United States,70308 Zachary Way,Summit Glen,NC,81918,United States,USD,Synthetic order for test and benchmark use.,2023-07-18T10:33:10Z,2523184.96,001Mpzq9x2yVI5HAED,003xOJfhbxtP2TZYJZ,,006MMRYM6xOguWEQLD,01sQ4LtuJF9K1vlMFT,,003aSD3zjCWrWLuIV0
80197522CTeo7gbYF1,ORD-000000115,Fulfilled,2023-08-18,2025-08-17,New,35421 Gordon Inlet,Lake Briar,CO,76678,United States,196 George Mountains,Northhaven,WA,67179,United States,USD,Synthetic order for test and benchmark use.,2023-06-26T08:15:23Z,428279.6,0018YzqdxvbgCoaYQU,,,0201RQhzNnvKuiQY9G,01sf902KvuoXgXtOGX,,003g1jXJmFJ4W6mASA
020IWayq5gdTDN5A00,ORD-000000116,Cancelled,2023-12-14,2024-12-13,Renewal,489 Brittney Causeway,Lake Briar,MA,23930,United States,424 Diane Landing,Alder Bay,WA,47091,United States,USD,Synthetic order for test and benchmark use.,2023-12-02T06:32:48Z,2459419.89,001oPLQgL6DtzXuQJ9,0039pUtDj0qneGfACK,,006guMbKiDAobJoQWW,01sLoYtuPuiAhJSKZN,,003Sf5gZC0qTX4rIWP
801Vr5eUofRwTw4AJA,ORD-000000117,Fulfilled,2026-06-26,2028-06-25,New,73934 Michael Lodge,Northhaven,OR,62727,United States,3652 Williams Knoll,Cedar Crossing,CO,28693,United States,USD,Synthetic order for test and benchmark use.,2026-06-03T11:54:38Z,52975.25,001OH94vlTF3MI8Y08,003LD2kPtQRWQL7QDG,8008VR87WA8PEdGIS6,726ubCp6MSaveepAVP,01sLoYtuPuiAhJSKZN,,003LD2kPtQRWQL7QDG
821U7JOrAOGsGoCQKJ,ORD-000000118,Draft,2021-02-05,2024-02-05,Renewal,12045 Simmons Crescent,Alder Bay,WA,92528,United States,23606 Roman Rapids,Cedar Crossing,WA,83456,United States,USD,Synthetic order for test and benchmark use.,2021-02-04T13:20:56Z,1501358.57,001iIp10CH2rdjrQCH,003bP4h78jHiTfrIEC,800gui9hkljmMroQK6,006q3eJe87yNMSCYYR,01sQ4LtuJF9K1vlMFT,,003VKA8bc2GBVyyY46
801HAyTYpEKrmAgAL6,ORD-000000119,Cancelled,2024-12-20,2025-12-20,Amendment,212 Tina Vista,Summit Glen,NC,70956,United States,1799 Thompson Key,Summit Glen,OR,81416,United States,USD,Synthetic order for test and benchmark use.,2024-11-24T03:48:27Z,2359211.91,001wOS4RTezb6AxY4U,003y4kBbZm52Aq6AZK,800biHSFweEoDaFI77,0061qThIuslKrF7IVW,01sf902KvuoXgXtOGX,,00379aqfJGg6fFGQSY
801qC2EeSglELxAI1L,ORD-000000120,Cancelled,2023-09-26,2026-09-25,New,916 Timothy Shore,Summit Glen,CA,25728,United States,08493 Mark Rapids,Willow Harbor,OR,67965,United States,USD,Synthetic order for test and benchmark use.,2023-09-04T09:32:03Z,806702.62,001I5KBo2Mtskg9I6K,003JLuZitQGrdm0A3X,,006U1yV85DXdTDaQAZ,01sQ4LtuJF9K1vlMFT,,003JLuZitQGrdm0A3X
801ERMGyYHaYkoxQOK,ORD-000000121,Draft,2026-04-08,2027-04-08,Amendment,1775 Tina Summit,Alder Bay,OR,80699,United States,89752 Anderson Ramp,Northhaven,MA,66964,United States,USD,Synthetic order for test and benchmark use.,2026-02-17T10:00:47Z,354927.93,001ckBA83DHLBWZQQX,003qKzLKDHmOzrHA0E,,,01sQ4LtuJF9K1vlMFT,,003qKzLKDHmOzrHA0E
811UTIaOO54SbdUIJA,ORD-000000122,Draft,2023-11-04,2024-11-03,Amendment,05548 Park Cape,Northhaven,TX,35498,United States,94896 Rose Port,Summit Glen,OR,98702,United States,USD,Synthetic order for test and benchmark use.,2023-09-16T22:47:51Z,528635.65,001FUJDI7PYzDeCQBR,003gSItjdJa0xcXQ3R,800HnP1eXrmyldDIW2,006BdpwW25JZjQsY6E,01sf902KvuoXgXtOGX,,003NoFKJ7oGwsLIA00
821aNmxGhIEucqMAGO,ORD-000000123,Fulfilled,2023-08-04,2024-08-03,Renewal,270 Angela Meadows,Lake Briar,NC,37141,United States,53137 Jefferson Court,Willow Harbor,CA,67130,United States,USD,Synthetic order for test and benchmark use.,2023-06-29T18:55:25Z,2618601.0,001EocC12jSBhyyIOU,,,00iIXtwNrf2ood7QEH,01sf902KvuoXgXtOGX,,003uJwtjEr9zwIHQ67
80152ueXk739CyhIEX,ORD-000000124,Fulfilled,2025-05-02,2027-05-02,Amendment,333 Parks Spring,Cedar Crossing,CO,75033,United States,2444 Mitchell Rest,Willow Harbor,CA,87503,United States,USD,Synthetic order for test and benchmark use.,2025-04-22T07:29:47Z,1562325.05,001dVg5Hd2ux7OeY11,003J6SQBqd1pRBMQ0G,,006DBrwDdwHfBPgYBC,01sf902KvuoXgXtOGX,,0033EMqN6a7mGDGATV
016jItLFgRY0n7MYSE,ORD-000000125,Draft,2022-11-29,2023-11-29,Amendment,44204 Karen Bypass,Summit Glen,MA,98215,United States,89514 Reyes Glens,Cedar Crossing,MA,11629,United States,USD,Synthetic order for test and benchmark use.,2022-11-01T21:19:39Z,1285633.89,001j6nRokzRlCs1Y07,,,,01sLoYtuPuiAhJSKZN,0Q0rqitzigvVQnDC7W,003L5BUYiA6zPEpQB9
801X6VUaKwYgWonABO,ORD-000000126,Cancelled,2025-01-04,2027-01-04,Renewal,933 Cole Springs,Willow Harbor,OR,56316,United States,93045 Wilson Harbor,Northhaven,NC,33776,United States,USD,Synthetic order for test and benchmark use.,2024-11-18T03:41:33Z,1728842.09,001Ivgehi2RhpxmIXK,0032bztYjov6Fs6Y0N,,006Dz4Suk7tSf7PYVV,01sQ4LtuJF9K1vlMFT,,003IRksS65HO8wmQ1A
801nhTkOIONzRLCYPZ,ORD-000000127,Cancelled,2023-03-09,2024-03-08,Amendment,81826 Davis Forges,Summit Glen,TX,22487,United States,95164 Fletcher Ford,Summit Glen,NC,71903,United States,USD,Synthetic order for test and benchmark use.,2023-02-23T06:18:47Z,1200659.93,001PygtS3FHgKj8Q8G,003lIfkY1hRgKm4YUT,800P8ANseyf1VOnAMT,006PpywtLUcBv3OAD9,01sf902KvuoXgXtOGX,,003mUgwQ9hiHh7fIOV
801XDFhozcpJAWHIWO,ORD-000000128,Fulfilled,2022-06-01,2025-05-31,New,3581 Gary Trail,Northhaven,MA,57742,United States,13266 Cole Plain,Lake Briar,TX,68223,United States,USD,Synthetic order for test and benchmark use.,2022-05-17T13:21:54Z,1396310.41,001OH94vlTF3MI8Y08,003buvmdP5A3RUCAAL,8008VR87WA8PEdGIS6,726ubCp6MSaveepAVP,01sLoYtuPuiAhJSKZN,,003buvmdP5A3RUCAAL
011EaMcsl7WkDv4YXK,ORD-000000129,Draft,2022-10-15,2024-10-14,Renewal,6650 Nunez Place,Cedar Crossing,OR,45914,United States,082 Christopher Terrace,Alder Bay,TX,39746,United States,USD,Synthetic order for test and benchmark use.,2022-09-03T11:28:13Z,545800.82,001iIp10CH2rdjrQCH,003GdAWYE90Z1GMIR7,800gui9hkljmMroQK6,006Don2vq9WqhYJQIR,01sf902KvuoXgXtOGX,,003lesXU7uXxsjtYHT
801PKYah9op8nWGQ09,ORD-000000130,Draft,2023-12-08,2025-12-07,Amendment,424 Bernard Branch,Cedar Crossing,OR,84241,United States,7870 Rebecca Path,Summit Glen,TX,60344,United States,USD,Synthetic order for test and benchmark use.,2023-11-15T11:28:36Z,1892710.18,001kNqWPjavmloHAZ4,0039NbehctfaYP7A9N,,50itVUNBfDJtJUBIBR,01sf902KvuoXgXtOGX,,0039NbehctfaYP7A9N
801bE99zxUSfFLyAI0,ORD-000000131,Activated,2024-04-26,2027-04-26,Amendment,41397 Howard Skyway,Lake Briar,CA,48363,United States,302 Taylor Rest,Alder Bay,WA,33909,United States,USD,Synthetic order for test and benchmark use.,2024-04-03T04:51:37Z,2658994.96,0015F3Mg4glglAzQRW,,,000CQ9iBxBhpsC9QI8,01sQ4LtuJF9K1vlMFT,,
801M53zjfOUcAkbA3J,ORD-000000132,Draft,2024-07-08,2026-07-08,Renewal,4781 Debbie Common,Northhaven,MA,14816,United States,4544 Bradley Heights,Lake Briar,TX,33796,United States,USD,Synthetic order for test and benchmark use.,2024-06-23T23:31:07Z,1588775.55,001G40EGKjt7p96I7T,0036f1HRQb2n0VlQB5,,506lE6RMDqvThysAOK,01sf902KvuoXgXtOGX,,003x8TAB6P8rZeLQSO
801EhF9fQZLu5e9IIC,ORD-000000133,Activated,2021-12-22,2022-12-22,Amendment,94278 Randy Parkway,Lake Briar,TX,48592,United States,0566 Jimmy Valleys,Summit Glen,NC,28546,United States,USD,Synthetic order for test and benchmark use.,2021-11-20T02:50:00Z,405837.48,001dVg5Hd2ux7OeY11,003ZGOxuAsxdo1XY37,,006DBrwDdwHfBPgYBC,01sf902KvuoXgXtOGX,,003J6SQBqd1pRBMQ0G
506RbYmzQQmhFNIANT,ORD-000000134,Cancelled,2024-08-02,2027-08-02,Amendment,0051 Davenport Greens,Alder Bay,WA,51296,United States,16715 Brown Pine,Northhaven,MA,60616,United States,USD,Synthetic order for test and benchmark use.,2024-06-14T16:51:12Z,2336854.76,001tvKQbYklnB9tY2P,0036yjsLkZjdCzzQXA,800O8Ra0PxdA5AwQR9,006HRhq0OwdVcBnQ27,01sLoYtuPuiAhJSKZN,,003DBpHSvQJQYzUQTK
801bOuO3QzQlKk8QCB,ORD-000000135,Draft,2026-06-29,2028-06-28,Renewal,59136 Cortez Orchard,Northhaven,NC,74131,United States,986 Brandt Hills,Summit Glen,CO,97231,United States,USD,Synthetic order for test and benchmark use.,2026-05-06T18:44:14Z,363636.67,001ev39cBq0xejNIY0,003VZ9hJXxjtGw3QAM,,82689KnIcbNAgyTA3V,01sQ4LtuJF9K1vlMFT,,003VZ9hJXxjtGw3QAM
801EaFZn1hPs4h1I5T,ORD-000000136,Activated,2024-10-10,2025-10-10,New,7236 Laura View,Northhaven,NC,77062,United States,192 Anthony Lake,Cedar Crossing,MA,96547,United States,USD,Synthetic order for test and benchmark use.,2024-08-29T08:27:16Z,918572.34,001uaLZFmzUomVXQGA,003haI7NPKn0gYsQ3M,800v3EwPk1iwoKsAXF,71tJO4I6W8tx8W3YAF,01sf902KvuoXgXtOGX,,003haI7NPKn0gYsQ3M
801SzkRighYf5h8QU8,ORD-000000137,Activated,2026-07-23,2028-07-22,New,811 Hopkins Rapids,Lake Briar,CO,89699,United States,3923 Pearson Cape,Willow Harbor,MA,51304,United States,USD,Synthetic order for test and benchmark use.,2026-06-03T03:32:42Z,396927.64,001b1XyoVMftFmnY3Z,003NVCFneVDrRD6IA1,,02inHUqPyXgpf8GILT,01sQ4LtuJF9K1vlMFT,,003t1CEwBUqc6XgYYE
8010gPVXkMVNh42AIE,ORD-000000138,Cancelled,2024-11-06,2027-11-06,Amendment,098 April Lane,Willow Harbor,TX,28767,United States,1545 Peggy Centers,Alder Bay,WA,81217,United States,USD,Synthetic order for test and benchmark use.,2024-09-20T07:34:36Z,2947749.17,001GJ2vwlaXONX0IFT,,,010zVx6chGDncbSYXH,01sJqGPflRJqwqCPRW,,003RBWNCUkv2pnuA0M
801aKsekg9gXspwQ1Q,ORD-000000139,Fulfilled,2022-06-27,2023-06-27,Renewal,562 Julie Mission,Alder Bay,TX,98855,United States,806 Mcfarland Stream,Northhaven,CO,72578,United States,USD,Synthetic order for test and benchmark use.,2022-06-20T08:22:55Z,1179576.73,001C3SilogoPTPGIWX,0034oLsDgUhHMnqY3Z,,726XozNERgAAZDlIZ8,01sLoYtuPuiAhJSKZN,,0034oLsDgUhHMnqY3Z
8017kGmip4EFFvOQS5,ORD-000000140,Fulfilled,2022-02-18,2025-02-17,New,77038 Lee Tunnel,Cedar Crossing,OR,91766,United States,7625 Meagan Meadows,Willow Harbor,TX,82217,United States,USD,Synthetic order for test and benchmark use.,2021-12-30T01:37:11Z,304918.47,001Ql5gfswhLAUiIZH,003TIh2da6WFiNAIG9,,006sWP46Zv43vDZYLD,01sLoYtuPuiAhJSKZN,,003C5xjym5yCYp0YF4
800SO0vAd2rFHCNQHW,ORD-000000141,Draft,2025-06-04,2026-06-04,Renewal,76904 Richard Coves,Willow Harbor,WA,25330,United States,149 Johnson Streets,Lake Briar,NC,57886,United States,USD,Synthetic order for test and benchmark use.,2025-06-01T11:14:51Z,1446347.51,001iIp10CH2rdjrQCH,003lesXU7uXxsjtYHT,,00i6MIAyfWb51IPI7H,01sLoYtuPuiAhJSKZN,,003F7FFpQhCYBgJAKA
801kTMeVXfb9tWkIAN,ORD-000000142,Cancelled,2024-11-13,2025-11-13,Renewal,43416 Jones Fall,Lake Briar,CO,46418,United States,811 Gilbert Points,Summit Glen,CA,46672,United States,USD,Synthetic order for test and benchmark use.,2024-09-18T16:56:35Z,1963472.14,001dbHSEev61SnuI4N,003jxwExgrHF5knA6Q,,,01sQ4LtuJF9K1vlMFT,0Q0nbr7kjYFCEvoKE6,0035SOW38y1od8zIJW
8015GSUi0yYYg3MYR1,ORD-000000143,Activated,2025-07-13,2026-07-13,Amendment,075 Vasquez Ports,Summit Glen,CA,23913,United States,870 Sandoval Vista,Northhaven,MA,24425,United States,USD,Synthetic order for test and benchmark use.,2025-07-11T16:18:34Z,394358.29,00134kztbICJD2tYCZ,,,520XJrk2Cut9UV0QB6,01sLoYtuPuiAhJSKZN,,003hHNPTLKBHbAAYH3
8012eetzcsoVAzRY08,ORD-000000144,Fulfilled,2021-10-08,2022-10-08,Amendment,2843 Ruiz Ridge,Summit Glen,WA,28417,United States,830 Moore Locks,Cedar Crossing,OR,47399,United States,USD,Synthetic order for test and benchmark use.,2021-08-23T01:15:22Z,2671579.21,001UMQhTkv1ASD0YIT,0036M9oi3OkmErTIEE,,006Jx6kXJ3DTO86YO8,01sLoYtuPuiAhJSKZN,,0036M9oi3OkmErTIEE
801KpBlZCxWUlpNIN6,ORD-000000145,Cancelled,2021-07-19,2022-07-19,New,270 Robert Dale,Alder Bay,OR,78025,United States,47640 Brian Pine,Cedar Crossing,CO,91826,United States,USD,Synthetic order for test and benchmark use.,2021-07-05T01:49:59Z,2863743.9,001ViLIuvoOkEvIYR2,0033Qo4cfGxpEGdIZI,800SwBY0Xzfjb31I9R,006yDJdvo00qvdmALK,01sf902KvuoXgXtOGX,,0033Qo4cfGxpEGdIZI
7005T6wdbglTEz3I7C,ORD-000000146,Fulfilled,2021-11-02,2023-11-02,Amendment,399 Tiffany Haven,Lake Briar,MA,21524,United States,8608 Mary View,Cedar Crossing,TX,11370,United States,USD,Synthetic order for test and benchmark use.,2021-10-20T16:48:34Z,2045390.09,001PcZ9V15a5LqkQLE,003SuS97kgzeiZsYFR,,016646B4me1oKQSY7Y,01sLoYtuPuiAhJSKZN,,003SuS97kgzeiZsYFR
801n9nChumjQUT7Q7I,ORD-000000147,Fulfilled,2023-11-16,2026-11-15,Amendment,9876 Ivan Brooks,Lake Briar,CA,56577,United States,096 Madison Mountains,Northhaven,WA,93179,United States,USD,Synthetic order for test and benchmark use.,2023-10-02T16:37:55Z,2115267.79,001O9pjOr1MPWQwQSK,003R375X0ukUtivI7U,,006S66EsU3sUtFGA9W,01sLoYtuPuiAhJSKZN,,003R375X0ukUtivI7U
801QzcgXMNAjT6lIWA,ORD-000000148,Fulfilled,2025-01-10,2028-01-10,Amendment,4334 Sims Curve,Alder Bay,CA,87112,United States,3940 Silva Road,Willow Harbor,WA,41912,United States,USD,Synthetic order for test and benchmark use.,2024-11-29T04:59:32Z,2994879.04,001mr80ElRqK1bZQVC,003XKM0H8L5psugA5G,,0061Ue1XaQ1ptTZIHJ,01sLoYtuPuiAhJSKZN,,003fxfNMWmD3J0XYFE
801xcWX5v1ZAQzYA84,ORD-000000149,Fulfilled,2023-12-02,2026-12-01,Amendment,4564 Kevin Alley,Cedar Crossing,WA,56375,United States,4867 Lynch Crescent,Lake Briar,CO,58828,United States,USD,Synthetic order for test and benchmark use.,2023-11-02T05:33:01Z,2274823.45,001CobSEZTi3dLCAGD,003kcsyj2Z2Oh2IQUI,,006KLFzhTTzXvGNARK,01sQ4LtuJF9K1vlMFT,,
801FoZuHDm3P7EBYLH,ORD-000000150,Fulfilled,2021-11-28,2024-11-27,Renewal,63894 Wong Place,Alder Bay,TX,16667,United States,7483 Melinda Mills,Summit Glen,OR,83702,United States,USD,Synthetic order for test and benchmark use.,2021-10-20T21:19:33Z,1501776.91,001PFA4WC7yjw84AX1,003jGoziqs6ionMIIC,,011JxfixcCLvwAjYHP,01sf902KvuoXgXtOGX,0Q0y0wn54qgGZ6mC1D,003NOqblprQXyXlIYB
50tcKAfiif3AIsQQQ9,ORD-000000151,Fulfilled,2022-10-06,2025-10-05,New,12073 Fisher Turnpike,Summit Glen,WA,47073,United States,27237 Shannon Parkway,Lake Briar,CO,35584,United States,USD,Synthetic order for test and benchmark use.,2022-09-30T01:09:54Z,825908.78,001g2MhymLdN59YQJG,003Ah8zNtdSdttoAQ0,800puUrLzvJbTTvQBH,00648DMi3Wm3z6WIO7,01sLoYtuPuiAhJSKZN,,00343LPiVMzOHpwQOI
801mTRGuU6QspDCI31,ORD-000000152,Draft,2024-02-01,2025-01-31,Renewal,83764 Moore Stream,Alder Bay,NC,22875,United States,6755 Brittney Club,Cedar Crossing,OR,89438,United States,USD,Synthetic order for test and benchmark use.,2024-01-18T15:16:57Z,593734.35,001LW8OXe6IEB5RAZR,003zxV94KopBRNGACG,,826Zu6vzs07Yg80AR2,01sQ4LtuJF9K1vlMFT,0Q0ZgJdoTkoIsfhK4P,0034a0GDIMZmGWiARF
801xDL3vvjrUAimIUT,ORD-000000153,Activated,2022-08-27,2025-08-26,New,792 Townsend Gateway,Northhaven,NC,45028,United States,76123 Maldonado Falls,Willow Harbor,OR,69211,United States,USD,Synthetic order for test and benchmark use.,2022-07-21T07:02:36Z,377858.82,0014WYoiYbOMlUgQDX,003CycifoifVIltQQU,,006JBCuzYapF5eRQOG,01sQ4LtuJF9K1vlMFT,,003PIsnfE5YQMdlYVF
8010xMo2q9uCG8LYMF,ORD-000000154,Activated,2024-11-10,2026-11-10,New,739 Amy Islands,Lake Briar,CA,19430,United States,826 Jeffrey Squares,Cedar Crossing,NC,93686,United States,USD,Synthetic order for test and benchmark use.,2024-09-27T15:56:15Z,2814434.32,001n8Q7o6w0wrFoIIH,,,006cokd0oy31bp9YH0,01sf902KvuoXgXtOGX,,003y79c1yFgVZixIWN
0063aZUeUVSU1ESQUF,ORD-000000155,Activated,2022-08-20,2023-08-20,New,6511 Bradley Curve,Lake Briar,OR,14146,United States,057 Michael Row,Summit Glen,OR,30826,United States,USD,Synthetic order for test and benchmark use.,2022-07-21T12:11:25Z,1257595.05,0014WYoiYbOMlUgQDX,003NMoHLkDWagobAIJ,,006u5VqjPMM6Mh1I2U,01sQ4LtuJF9K1vlMFT,,003CycifoifVIltQQU
011QK39k9PS7OogYUN,ORD-000000156,Cancelled,2021-04-18,2024-04-17,Renewal,650 Rice Street,Cedar Crossing,NC,30927,United States,68715 Fuentes Trail,Willow Harbor,CO,86948,United States,USD,Synthetic order for test and benchmark use.,2021-03-30T06:59:36Z,1159978.85,001uaLZFmzUomVXQGA,003haI7NPKn0gYsQ3M,,5014Xk7FsInZnZWIT3,01sLoYtuPuiAhJSKZN,,003haI7NPKn0gYsQ3M
801lVWS7EsSUOHQAFU,ORD-000000157,Draft,2022-10-10,2024-10-09,Amendment,975 Pierce Islands,Summit Glen,CO,39594,United States,16329 Castillo Trace,Alder Bay,WA,68413,United States,USD,Synthetic order for test and benchmark use.,2022-08-30T18:29:53Z,1675338.06,001IGpX26HWSL0HQPY,003HkQ5HI74m9CBI69,,006YhxNORKKFK5QQ08,01sf902KvuoXgXtOGX,,003HkQ5HI74m9CBI69
801p7IihjpT4AtTIQC,ORD-000000158,Activated,2022-05-03,2023-05-03,Amendment,35048 Clinton Mount,Alder Bay,CO,79121,United States,32416 Jones Key,Willow Harbor,WA,93424,United States,USD,Synthetic order for test and benchmark use.,2022-04-06T12:32:11Z,484661.35,001b9Ubd6IpdBJKANL,003hCTxoAAKlB9rYEF,,826GsbDvVkiJJzTQA4,01sQ4LtuJF9K1vlMFT,,003hCTxoAAKlB9rYEF
801waHHouPo2ZHRYMG,ORD-000000159,Activated,2022-11-18,2023-11-18,New,5661 Julie Vista,Alder Bay,TX,49351,United States,50221 Richard Plaza,Lake Briar,CO,15246,United States,USD,Synthetic order for test and benchmark use.,2022-10-28T03:25:43Z,470655.3,0018YzqdxvbgCoaYQU,003x0VepNyTEttzY7F,,00iQdjx4xLmOmbDYYY,01sQ4LtuJF9K1vlMFT,0Q0J1Y6hbUUfoA80CS,003ZbsFp7oXia3iA34
80171rEOoU5ZPedA0M,ORD-000000160,Fulfilled,2025-03-23,2026-03-23,Amendment,1790 Baker Locks,Northhaven,CA,94577,United States,330 Roger Walk,Cedar Crossing,MA,34729,United States,USD,Synthetic order for test and benchmark use.,2025-02-11T09:06:53Z,1825487.82,001G40EGKjt7p96I7T,003UJMIOM9zfWh8QEM,,510ilL9Y0sCGljGA02,01sf902KvuoXgXtOGX,,003ealrxc6ARozTI8G
8019kyEYD1gcAHAYPY,ORD-000000161,Cancelled,2022-08-25,2024-08-24,Renewal,55904 Vanessa Ridges,Alder Bay,TX,30212,United States,22234 Charles Fords,Northhaven,WA,72334,United States,USD,Synthetic order for test and benchmark use.,2022-07-03T16:14:30Z,1747772.04,0012B0IsTb8G7BVAST,,,006nJcY7QX4evvNIVR,01sQ4LtuJF9K1vlMFT,,003xHlcAk72CIMoQTZ
801CtCs7tk94Zo8AXI,ORD-000000162,Activated,2023-10-09,2025-10-08,New,38848 Dean Divide,Cedar Crossing,TX,85922,United States,5642 Li Creek,Lake Briar,MA,48543,United States,USD,Synthetic order for test and benchmark use.,2023-10-03T11:14:42Z,437361.68,001mr80ElRqK1bZQVC,003XKM0H8L5psugA5G,,0061Ue1XaQ1ptTZIHJ,01sLoYtuPuiAhJSKZN,,003LyTtz99flO3DYZ3
801Dq0rQv9cMaGBQF7,ORD-000000163,Activated,2021-05-22,2022-05-22,New,8003 Cook Lock,Cedar Crossing,MA,12662,United States,502 Cooper Stream,Northhaven,CO,25441,United States,USD,Synthetic order for test and benchmark use.,2021-04-16T08:44:43Z,1686230.8,001jsWcaI2ueqNkQ4J,003gEs8HBx1ehusI5A,,810lr4J58Bd4DPJYBN,01sLoYtuPuiAhJSKZN,,003C3Xb79dagQlHQJL
801KKaia6dTXnZfAKZ,ORD-000000164,Activated,2021-08-20,2023-08-20,New,64957 Jamie Dam,Willow Harbor,NC,67263,United States,157 Carpenter Flat,Lake Briar,WA,17585,United States,USD,Synthetic order for test and benchmark use.,2021-08-01T22:59:00Z,300852.46,001Ok5JQopT2gTPQYR,003CMYExvKPUP8QYBD,,001XiuNt6euLMPwA7Z,01sQ4LtuJF9K1vlMFT,,003CMYExvKPUP8QYBD
801og0gIfsyVhK4Q34,ORD-000000165,Cancelled,2022-03-08,2024-03-07,New,22099 Obrien Ridge,Summit Glen,TX,48016,United States,1830 Shaw Circle,Summit Glen,CO,62414,United States,USD,Synthetic order for test and benchmark use.,2022-02-05T17:21:23Z,453869.68,001b1XyoVMftFmnY3Z,003nurDHlWLAK27Q1Q,,006pBR74v5gs1KhALD,01sLoYtuPuiAhJSKZN,,003y0u0DytJUnZuQ7T
8106FjDlfsJJjsuALI,ORD-000000166,Fulfilled,2025-01-26,2027-01-26,Amendment,9757 Ronald Trail,Alder Bay,WA,12885,United States,7068 Douglas Meadow,Northhaven,CO,73596,United States,USD,Synthetic order for test and benchmark use.,2025-01-13T16:02:39Z,950458.29,001QQQWKHoHDF4bYVO,0037KVl27m7XTIfIGO,,0061JpWE0yny1HrAOW,01sLoYtuPuiAhJSKZN,0Q0Rl9EnZd9IQfBSIU,0037KVl27m7XTIfIGO
801aNXTnA64py3iI2X,ORD-000000167,Draft,2025-10-22,2027-10-22,New,082 Gallegos Mission,Willow Harbor,NC,72107,United States,14206 Castillo Cove,Cedar Crossing,WA,50732,United States,USD,Synthetic order for test and benchmark use.,2025-09-03T13:49:04Z,967095.82,0013zAV0Mvg9gCbIC6,0031yNyCNxHHWDjAWI,,5061EOOkyR9jRgBIJ8,01sLoYtuPuiAhJSKZN,,0031yNyCNxHHWDjAWI
801l5lmqGNe34wMIG8,ORD-000000168,Draft,2022-06-15,2024-06-14,Renewal,926 Williams Extension,Cedar Crossing,MA,13302,United States,2019 Melissa Crescent,Alder Bay,WA,92963,United States,USD,Synthetic order for test and benchmark use.,2022-05-16T01:08:20Z,751339.57,001gcyiBi1aOx6uAJ7,003hSPH7e0S4NL9IKA,,,01sLoYtuPuiAhJSKZN,,003KIOhOaEZ8BhrI9A
801z9LzqY05JZRuAXC,ORD-000000169,Draft,2024-12-05,2027-12-05,Renewal,97339 Chavez Mills,Northhaven,CO,49948,United States,644 Patterson Avenue,Alder Bay,CA,52873,United States,USD,Synthetic order for test and benchmark use.,2024-10-26T00:48:24Z,334831.64,001SpROmneVnpzUI6I,,,8061Ihx6uLTSTMtIRE,01sLoYtuPuiAhJSKZN,,
801nkxlHZMgGBuWQXZ,ORD-000000170,Draft,2024-07-03,2025-07-03,New,998 Tammy Summit,Alder Bay,OR,20863,United States,52665 Hart Circles,Lake Briar,WA,54247,United States,USD,Synthetic order for test and benchmark use.,2024-05-09T15:30:02Z,1973089.52,001PygtS3FHgKj8Q8G,003gEccA5slZCWYYJF,800c9qdaxhRxiaJQM0,020lTku3MQ6NixTI4K,01sf902KvuoXgXtOGX,,
826hHYoSdq0bC2JA0C,ORD-000000171,Cancelled,2024-06-20,2026-06-20,New,469 Green Ports,Alder Bay,TX,68274,United States,962 Adkins Drives,Cedar Crossing,CO,97786,United States,USD,Synthetic order for test and benchmark use.,2024-04-30T15:00:21Z,2169525.91,001OphrQTgtGmAPIMC,,,720YuKlN0x1ulxYY2I,01sQ4LtuJF9K1vlMFT,,003RKx4RYpV8PObIGS
801M1BccnzGPqAcYQM,ORD-000000172,Activated,2021-05-28,2022-05-28,Amendment,303 King Cliff,Summit Glen,TX,73327,United States,61682 Cunningham Ramp,Alder Bay,CA,85708,United States,USD,Synthetic order for test and benchmark use.,2021-04-13T04:24:20Z,2801239.78,001lpuGrFmSTBnuY0M,003UTDUKVwA0KgvYYT,,00672IAiff7MHPZYC1,01sf902KvuoXgXtOGX,,003i6XJ36Xc1DSjQ8W
716BDdXnj9KoTRnQ8I,ORD-000000173,Draft,2021-05-28,2022-05-28,Amendment,39551 Juan Burgs,Northhaven,CO,12087,United States,14896 Haley Station,Summit Glen,TX,39931,United States,USD,Synthetic order for test and benchmark use.,2021-05-23T16:08:49Z,1374430.28,001U2E3Mrt3KZlKQE7,003x5swQIbocmF6Q6R,,006DscWsaEEkMr2QBJ,01sLoYtuPuiAhJSKZN,0Q0XS0AwhsKBxIhSV2,003x5swQIbocmF6Q6R
016axFzIL34MoSUYF0,ORD-000000174,Draft,2026-04-01,2028-03-31,Renewal,17807 James Orchard,Northhaven,WA,92656,United States,5633 Steve Summit,Northhaven,WA,99208,United States,USD,Synthetic order for test and benchmark use.,2026-03-21T10:16:04Z,641299.37,001Hmzu237idVEDY59,003qn7flMREuZdfQMB,,010qLMB0uAjOAJMAKD,01sf902KvuoXgXtOGX,,0033HOWp6qXzxCPIVG
801a7DM4Pg3ePjoIUF,ORD-000000175,Activated,2025-08-06,2027-08-06,Amendment,3533 Hill Island,Willow Harbor,CA,21307,United States,01612 Glover Ports,Lake Briar,MA,77966,United States,USD,Synthetic order for test and benchmark use.,2025-07-23T01:39:04Z,1462308.89,001wOS4RTezb6AxY4U,003rYgrvc9K7YF1QGX,800EmOA1hSNqa6iQ1U,0061qThIuslKrF7IVW,01sf902KvuoXgXtOGX,,003xxlGV9jlpBgRAMR
801HZwB8PQKyl4DQNK,ORD-000000176,Draft,2026-06-12,2028-06-11,New,016 Christopher Lock,Alder Bay,NC,71556,United States,16793 Charles Glen,Alder Bay,CO,48647,United States,USD,Synthetic order for test and benchmark use.,2026-05-12T18:38:51Z,2734499.72,001HPdcdRz4xhIHI7A,003LZozjaiYJPEfQK1,,006EHFu5Q7bkPO0IRL,01sf902KvuoXgXtOGX,,003tX2zwAt1G4xqQVK
801xHoYzIznpyOIQN7,ORD-000000177,Draft,2026-01-07,2029-01-06,New,557 Johnson Mountains,Lake Briar,MA,21575,United States,034 David Vista,Willow Harbor,OR,16246,United States,USD,Synthetic order for test and benchmark use.,2025-11-10T00:32:53Z,935520.95,0019ajAWDOEHbBzQ2L,,,006wQoSVoPXEowHQLD,01sLoYtuPuiAhJSKZN,,0030CQhMZFP5vpIYI1
801SY6ut0ugv6aQASH,ORD-000000178,Draft,2024-09-30,2026-09-30,New,96695 Gilbert Skyway,Alder Bay,OR,74083,United States,1171 Natalie Tunnel,Lake Briar,TX,60176,United States,USD,Synthetic order for test and benchmark use.,2024-09-09T17:35:20Z,1491205.89,001Z9FmqrbfBXeVI9A,,,0161X3H4nd77ebTQHG,01sf902KvuoXgXtOGX,,
801fjr3hGvipDDDAK8,ORD-000000179,Fulfilled,2024-03-18,2027-03-18,Renewal,022 Schmidt Loaf,Alder Bay,TX,14924,United States,3913 Benjamin Route,Lake Briar,NC,64568,United States,USD,Synthetic order for test and benchmark use.,2024-03-09T19:45:02Z,2169632.0,001a3aFjkJfo7TTICC,,,02tvRmJ3KgjkxLBYSA,01sf902KvuoXgXtOGX,,
521h2dAg13tjtpzIBS,ORD-000000180,Cancelled,2022-09-29,2023-09-29,New,1403 Park Lock,Willow Harbor,CA,95734,United States,8455 Yesenia Extensions,Alder Bay,WA,80576,United States,USD,Synthetic order for test and benchmark use.,2022-08-29T03:05:42Z,444221.47,001LTm1VHVbNsV6I1D,,,700Z8oS94ZFqXc5YGZ,01sLoYtuPuiAhJSKZN,,
801kszzEdZOmou5QME,ORD-000000181,Cancelled,2026-04-24,2028-04-23,Renewal,969 Shawn Manors,Cedar Crossing,TX,64938,United States,95675 Clark Lakes,Willow Harbor,OR,68062,United States,USD,Synthetic order for test and benchmark use.,2026-04-07T21:54:12Z,776137.65,001zDxxuW7kQ4BrAGJ,003mOkC58L5m0JSIM2,,006pM2ppnCXFRtoIGL,01sLoYtuPuiAhJSKZN,,003mOkC58L5m0JSIM2
801lixCCwfp8p6qA1G,ORD-000000182,Cancelled,2021-09-16,2022-09-16,Renewal,847 Alexandra Ridge,Lake Briar,CO,47914,United States,8624 Kristin Passage,Willow Harbor,WA,13607,United States,USD,Synthetic order for test and benchmark use.,2021-08-23T00:03:57Z,1350967.45,001ev39cBq0xejNIY0,0034bSNcvxaJOubIRN,,82689KnIcbNAgyTA3V,01sQ4LtuJF9K1vlMFT,,003uH5OW5dswD39AOA
801i7hFdYVaax6sA9Y,ORD-000000183,Draft,2024-03-14,2027-03-14,Renewal,049 Justin Corner,Cedar Crossing,NC,40389,United States,222 Justin Plain,Willow Harbor,CO,92662,United States,USD,Synthetic order for test and benchmark use.,2024-03-03T13:51:30Z,729870.73,001OPKDJQJag0BvIDS,003Z9p3iLikiLHLY2Q,,006hEzKERT2fiQWAH9,01sf902KvuoXgXtOGX,,003Z9p3iLikiLHLY2Q
801f6vBrXhLQ4wbQDY,ORD-000000184,Draft,2021-01-20,2022-01-20,Amendment,92766 Donna Stream,Lake Briar,NC,34626,United States,892 Latasha Mews,Summit Glen,TX,23258,United States,USD,Synthetic order for test and benchmark use.,2021-01-14T23:55:17Z,1869931.69,001wOS4RTezb6AxY4U,003dei9jRhmpBmNQKM,,0061qThIuslKrF7IVW,01sf902KvuoXgXtOGX,,003xxlGV9jlpBgRAMR
801JWeqQNsS7tvRQRC,ORD-000000185,Cancelled,2022-06-20,2024-06-19,Amendment,018 Blanchard Meadows,Alder Bay,TX,43869,United States,144 Peters Union,Lake Briar,NC,43080,United States,USD,Synthetic order for test and benchmark use.,2022-05-07T22:17:54Z,2315316.65,001aJFstC9yWgafQNG,003SGC03Rx0oc1mA5F,,006J44vg6IfP7wMAY0,01sQ4LtuJF9K1vlMFT,0Q0wOx2xodI5a5IC5R,003bvE2J9FksLFEAKU
8014OYeJam7umEfAMU,ORD-000000186,Draft,2024-05-25,2025-05-25,Renewal,3009 Brian Ranch,Cedar Crossing,CO,22596,United States,55855 Mueller Ramp,Summit Glen,NC,60617,United States,USD,Synthetic order for test and benchmark use.,2024-03-28T17:06:34Z,1891098.42,0018haifivYezP7QUH,0039KYBF4fXQiHuAF4,,006ne2Lc3ezbmVgAEQ,01sf902KvuoXgXtOGX,,0039KYBF4fXQiHuAF4
81tAwxhQDfkHiXIYLQ,ORD-000000187,Activated,2025-12-12,2027-12-12,Amendment,4271 Krause Flats,Northhaven,CA,76609,United States,4570 Raymond Divide,Cedar Crossing,WA,92705,United States,USD,Synthetic order for test and benchmark use.,2025-10-28T13:24:47Z,1639851.35,001gQSNxeXgntf7YR3,003iyqX46RecmhLITB,,006cKDAmVaeja9FQ08,01sQ4LtuJF9K1vlMFT,0Q0ndYLGrw18ZHhSLE,003gNkaswBOnskIYPY
72t9zEkTwkivCQsA8X,ORD-000000188,Draft,2025-05-27,2026-05-27,Amendment,2569 Zachary Trail,Willow Harbor,TX,19399,United States,84232 Thompson Hollow,Willow Harbor,CO,86807,United States,USD,Synthetic order for test and benchmark use.,2025-04-17T14:36:46Z,2996584.54,001OR7GRtb417SOIE9,,800Itpb9vCc1hHhQ1W,006pgNnpMiimJ6RYBD,01sQ4LtuJF9K1vlMFT,,003hMDunMjNslIVQ8V
801wp8TFAWC0l5tI8S,ORD-000000189,Draft,2021-04-04,2022-04-04,New,4328 Tammy Shore,Alder Bay,MA,47399,United States,0333 Christine Junction,Willow Harbor,OR,11116,United States,USD,Synthetic order for test and benchmark use.,2021-03-19T08:20:43Z,2183161.07,001pELio0Z9bDlQYUE,,,800rB25qnUsPMDCAT8,01sLoYtuPuiAhJSKZN,,
801mAwfzknOJP1yI7W,ORD-000000190,Fulfilled,2024-08-03,2025-08-03,New,05050 Wilson Valley,Cedar Crossing,CA,25747,United States,41678 Rebecca Knolls,Summit Glen,TX,91910,United States,USD,Synthetic order for test and benchmark use.,2024-06-10T12:23:21Z,1725519.63,001GikJVQQYFMgSI6M,003i6abiKGACMyCQ8A,800z269R6ifpeYRQJR,716F22xLzwDVzuGA3J,01sLoYtuPuiAhJSKZN,,003xoJjqRuD6JQuINX
801HPhUXyryB7sdAWO,ORD-000000191,Draft,2024-04-15,2027-04-15,Amendment,17993 Linda Meadow,Alder Bay,TX,62706,United States,901 Dawn Forest,Summit Glen,OR,96738,United States,USD,Synthetic order for test and benchmark use.,2024-03-13T02:33:49Z,398089.77,0014WYoiYbOMlUgQDX,0034JBacyRrWtHXY13,,006u5VqjPMM6Mh1I2U,01sQ4LtuJF9K1vlMFT,,003klJjRODG9dwwY68
806lLnYKM2Ppn1bIAZ,ORD-000000192,Draft,2023-03-06,2024-03-05,New,21962 Nichole Common,Summit Glen,MA,82655,United States,923 Justin Tunnel,Cedar Crossing,NC,90885,United States,USD,Synthetic order for test and benchmark use.,2023-01-21T15:19:46Z,1852234.81,001XuarHFEI17I9AWA,003o9UZEDhfqPufYGG,,0064GRvbDOzL1bSAZ9,01sf902KvuoXgXtOGX,,003brEV4p2S3vBCA3J
801uFENI71Mx0GaYM2,ORD-000000193,Activated,2024-05-16,2027-05-16,New,83318 Christine Wall,Northhaven,MA,24016,United States,117 Patterson Manor,Cedar Crossing,NC,98496,United States,USD,Synthetic order for test and benchmark use.,2024-05-09T04:05:39Z,1537673.51,0014BI0PTpGJAb4ICJ,0034EVtFHrdogVcQRN,,,01sLoYtuPuiAhJSKZN,0Q0ymny0Yb6KBoaSRH,003N7npX1LNheCRIK8
801GLCIjMsOneesQMX,ORD-000000194,Cancelled,2025-11-13,2026-11-13,Renewal,220 Robertson Cliffs,Northhaven,MA,68135,United States,870 Soto Neck,Lake Briar,MA,58394,United States,USD,Synthetic order for test and benchmark use.,2025-10-11T07:33:30Z,1697787.42,001WPEcjxhamiNXYYJ,003JWsXDkgeQfLNQQC,,526tiVAAPhLu2fXQKK,01sf902KvuoXgXtOGX,,003JWsXDkgeQfLNQQC
001zs4mcheoqQhhQN0,ORD-000000195,Draft,2024-08-21,2025-08-21,New,3543 Martinez Square,Northhaven,CO,95899,United States,37539 Morgan Squares,Summit Glen,WA,53500,United States,USD,Synthetic order for test and benchmark use.,2024-07-22T16:13:48Z,1173245.43,001f6ctaU1r6XIKQI2,003tmqZfelCT2roY1H,,006bSeYa8RGzU9LYYM,01sLoYtuPuiAhJSKZN,,003tmqZfelCT2roY1H
801Cisltk4eGaBxIVR,ORD-000000196,Fulfilled,2026-04-25,2028-04-24,New,3356 Patricia Ramp,Northhaven,OR,85332,United States,40652 Long Ferry,Lake Briar,CO,14101,United States,USD,Synthetic order for test and benchmark use.,2026-04-21T07:01:08Z,2888354.8,001XJBJ9looV3jVARS,003r5usRYFJKg66YET,,,01sf902KvuoXgXtOGX,,003r5usRYFJKg66YET
721hvji98rzH81LQPC,ORD-000000197,Cancelled,2021-06-26,2024-06-25,Amendment,107 Martin Mount,Alder Bay,TX,53053,United States,451 Kurt Road,Alder Bay,CO,27833,United States,USD,Synthetic order for test and benchmark use.,2021-06-21T23:27:39Z,913372.66,001NRMSr13PD4ICIOI,003leIPgXIm3JsrYHC,,006jJ8ct8ZaHG4cYCD,01sQ4LtuJF9K1vlMFT,,003leIPgXIm3JsrYHC
801kvirAyo8NgCWILH,ORD-000000198,Activated,2022-12-28,2023-12-28,New,7905 Thompson Points,Summit Glen,TX,87967,United States,29146 Santana Ferry,Alder Bay,NC,70878,United States,USD,Synthetic order for test and benchmark use.,2022-11-30T13:56:26Z,700321.94,001EzVzzzPDO3QjIJG,0037W2ucLOs8FxjAB4,,00670pdY4IyRJcsANP,01sLoYtuPuiAhJSKZN,,0037W2ucLOs8FxjAB4
801R9uMwL4piczfQQV,ORD-000000199,Fulfilled,2022-08-23,2023-08-23,Renewal,847 Marsh Square,Cedar Crossing,CA,81573,United States,233 Brewer Drives,Lake Briar,WA,55082,United States,USD,Synthetic order for test and benchmark use.,2022-07-20T01:43:31Z,1196426.37,001I9h4vN2Mpc08I26,0038M1l1Mhuj6b5ABN,,006XbSVM6Qu5YBiQFJ,01sf902KvuoXgXtOGX,,003WU4Q6S7FReEGY2S
801n1LbjytXnVegYZQ,ORD-000000200,Draft,2021-03-06,2024-03-05,Renewal,0431 Monica Fort,Cedar Crossing,OR,13862,United States,8333 Sweeney Spring,Summit Glen,OR,17607,United States,USD,Synthetic order for test and benchmark use.,2021-03-05T07:12:58Z,982696.01,001I5KBo2Mtskg9I6K,003hzvSfhLntALrY81,,006U1yV85DXdTDaQAZ,01sQ4LtuJF9K1vlMFT,,003hzvSfhLntALrY81
801VewHXY9wpKkgQH9,ORD-000000201,Activated,2021-02-14,2023-02-14,Renewal,22310 Andrews Mill,Alder Bay,WA,53705,United States,49519 Neil Views,Willow Harbor,OR,78684,United States,USD,Synthetic order for test and benchmark use.,2021-01-31T13:47:04Z,1597546.7,001LW8OXe6IEB5RAZR,003zxV94KopBRNGACG,,021E6l7PS6CcI0YY4H,01sQ4LtuJF9K1vlMFT,0Q0SRiHeYzsLB9CCKF,003zxV94KopBRNGACG
801SCtGq9C4LLAiYDR,ORD-000000202,Activated,2025-02-04,2027-02-04,Amendment,854 Kemp Throughway,Willow Harbor,TX,32172,United States,513 Lee Roads,Summit Glen,TX,88705,United States,USD,Synthetic order for test and benchmark use.,2024-12-26T09:54:58Z,1031025.35,001Z9FmqrbfBXeVI9A,003n8HZt4NM6tD7IME,800UeYqWsUhyhTmYJ8,006NFKZcGneMUanYP4,01sQ4LtuJF9K1vlMFT,,003JZjgTCA78gcOID9
801N3ygZLkrIHsDQ7C,ORD-000000203,Draft,2025-12-27,2028-12-26,Renewal,3018 Rhodes Corners,Lake Briar,CA,66046,United States,169 Timothy Cove,Lake Briar,WA,72397,United States,USD,Synthetic order for test and benchmark use.,2025-10-31T00:08:16Z,2078618.53,001L6QQcpJ1qXB2Y62,003dsxP6afpCoNXI3A,8008AyQLFsQnn38I2V,52tBxvqCScFZeiWA23,01sQ4LtuJF9K1vlMFT,,003dsxP6afpCoNXI3A
810KN2BYln8g2KEAKF,ORD-000000204,Fulfilled,2021-10-26,2022-10-26,Amendment,662 Douglas Hollow,Alder Bay,NC,87617,United States,5819 Henderson Mill,Cedar Crossing,CA,59102,United States,USD,Synthetic order for test and benchmark use.,2021-09-14T04:43:17Z,685286.56,001b1XyoVMftFmnY3Z,003vtqpcbhIEl9sQ91,,006a3u1vsSugaQcQ40,01sLoYtuPuiAhJSKZN,,003vtqpcbhIEl9sQ91
81tK5g6WtP70gyaQRM,ORD-000000205,Cancelled,2025-05-09,2028-05-08,Renewal,9478 Walker Turnpike,Cedar Crossing,TX,60471,United States,02853 Rachel Mountain,Lake Briar,CO,14283,United States,USD,Synthetic order for test and benchmark use.,2025-03-30T13:39:54Z,1219439.19,001QMRyBoOV9ydJAFR,003gg89u20676IeIXS,,81tYw0ANPUQ2I6WQS2,01sQ4LtuJF9K1vlMFT,0Q0rtjx5a74yli4CKR,003gg89u20676IeIXS
80195yLQfwfF8hVIPM,ORD-000000206,Draft,2024-04-16,2025-04-16,Renewal,1589 Megan Estates,Cedar Crossing,MA,87619,United States,3089 Martinez Stravenue,Alder Bay,WA,95248,United States,USD,Synthetic order for test and benchmark use.,2024-03-22T13:32:51Z,2779562.45,001ygA3FAG75gTTAXO,003rzl8QJiye2xyYHC,800Vchmt8SLcmOuQZL,006Jwsa3eFMG33rQAI,01sLoYtuPuiAhJSKZN,,003rzl8QJiye2xyYHC
801hiIDvBBUU47OI97,ORD-000000207,Fulfilled,2022-10-27,2023-10-27,New,518 Morrow Bridge,Cedar Crossing,CO,17812,United States,07121 Margaret Stravenue,Alder Bay,TX,90279,United States,USD,Synthetic order for test and benchmark use.,2022-09-07T04:32:01Z,1273599.01,001Oil2EokU3tWpID9,0036mmNusffWovpIGN,,81t5gLsXEkTMNZIYQY,01sQ4LtuJF9K1vlMFT,,0036mmNusffWovpIGN
801tSDEAFpYNJ96QIP,ORD-000000208,Fulfilled,2025-05-05,2027-05-05,New,79852 Johnson Via,Willow Harbor,WA,73339,United States,7640 Warren Freeway,Willow Harbor,CA,45627,United States,USD,Synthetic order for test and benchmark use.,2025-04-08T19:32:04Z,2668143.19,001FChipDL8FyVaQQG,003xYHNKI2NMB4pI5P,8003CaHfckhbB34QPY,006gH7QeDWucW7IIV6,01sQ4LtuJF9K1vlMFT,,003xYHNKI2NMB4pI5P
801zISFZlYN6gXMA2V,ORD-000000209,Cancelled,2026-05-28,2029-05-27,Renewal,0140 Kimberly Rapids,Willow Harbor,NC,40280,United States,3601 Vasquez Route,Lake Briar,CA,15044,United States,USD,Synthetic order for test and benchmark use.,2026-04-27T21:33:59Z,1102627.21,001Ql5gfswhLAUiIZH,,,006lsVcb21ouqEAQD7,01sf902KvuoXgXtOGX,0Q0p0qInI3rvKx0KZ0,003lB2NenmLqpSgANW
801PIzFBLY7ZgRoQPX,ORD-000000210,Activated,2026-03-02,2028-03-01,Renewal,759 Scott Coves,Summit Glen,CA,67070,United States,8835 Kline Rapid,Summit Glen,NC,55491,United States,USD,Synthetic order for test and benchmark use.,2026-02-12T07:56:52Z,1995984.63,001A42WSazTcqOlAN5,003s4EbxYNRHqPbQ0W,,006nvmOgHhSCkaAYYG,01sQ4LtuJF9K1vlMFT,,
5015Z3m6EKnfj2NI3I,ORD-000000211,Fulfilled,2025-09-26,2026-09-26,New,4631 Crosby Land,Summit Glen,TX,47613,United States,9272 Smith Valleys,Lake Briar,WA,28632,United States,USD,Synthetic order for test and benchmark use.,2025-08-08T05:31:10Z,199094.26,001MPbzljMNLiv5QZV,003lKSKPlBrHJCNA9T,800LlrQ7EpJv0H3AU5,71iX3qS4baYggv7AN6,01sQ4LtuJF9K1vlMFT,0Q0m8KCIKoA0B5LCO5,003wj4aZ1eHyznPQLH
801C6v4SnjjKNKhYLN,ORD-000000212,Activated,2024-01-23,2025-01-22,Renewal,7499 Avila Unions,Cedar Crossing,TX,35304,United States,335 Kirk Forge,Summit Glen,OR,40303,United States,USD,Synthetic order for test and benchmark use.,2023-12-25T02:39:21Z,1853023.52,0017q85b1UbQ3zNQ8K,003bPMP6TCGTRRJYGH,,006Xr51ApbSx6A3ANN,01sLoYtuPuiAhJSKZN,,003LdfIBGK7EQ0gYSZ
801yB0rr8Iq9tV0ID9,ORD-000000213,Draft,2021-12-25,2024-12-24,Amendment,18773 Bates Overpass,Cedar Crossing,TX,24546,United States,54158 Colleen Causeway,Cedar Crossing,NC,99804,United States,USD,Synthetic order for test and benchmark use.,2021-11-29T09:02:19Z,1748160.53,001jIiXAhBEHXIPYQP,003mz6nOplXbNe6IQ3,800ZnhRcx6zL9UTI2C,811AGzYwwbcrfyVQYD,01sf902KvuoXgXtOGX,,003MgDBGEmPiwO2IRE
801ISSymJr67LMQYT5,ORD-000000214,Cancelled,2021-07-17,2024-07-16,New,788 Alvarez Walk,Summit Glen,CA,18624,United States,3110 Becker Forest,Cedar Crossing,CO,40447,United States,USD,Synthetic order for test and benchmark use.,2021-06-11T22:16:37Z,34797.08,001rfSg90dRC6Q8Q6D,003YZpvgC5K9NR7Q9J,,006OqIWWEYdLNVbIVD,01sJqGPflRJqwqCPRW,,003o3FXqVQP06VSINQ
50tvdCZfm9bwVVXAVA,ORD-000000215,Cancelled,2024-01-02,2026-01-01,Amendment,6503 Jimmy Inlet,Summit Glen,CA,79029,United States,6718 Mendoza Ways,Northhaven,NC,70725,United States,USD,Synthetic order for test and benchmark use.,2023-11-08T17:42:02Z,2159172.05,0013epV1eJk7y9fAC2,003Jr5qtRIQeLp8AP6,,006g2tV35CFtIljI1T,01sLoYtuPuiAhJSKZN,,003Jr5qtRIQeLp8AP6
801mnVy2p2FuWgkI3V,ORD-000000216,Activated,2023-02-22,2026-02-21,Renewal,357 Jackson Hills,Summit Glen,CA,69900,United States,65228 Steven Prairie,Summit Glen,CO,31879,United States,USD,Synthetic order for test and benchmark use.,2023-01-18T18:06:52Z,719444.24,001zC4hdWCH77CfYVC,00376YCBgwVOAc2I8M,800cA3Bykhcvdg2YC2,,01sf902KvuoXgXtOGX,0Q0aMaqaRcjXRlsS1Z,003TeKUaLxb9fsDI3M
511A48eaVhykxDtY98,ORD-000000217,Cancelled,2024-05-18,2025-05-18,New,48468 Gonzalez Locks,Summit Glen,NC,99607,United States,1716 Webb Prairie,Summit Glen,OR,85120,United States,USD,Synthetic order for test and benchmark use.,2024-04-07T11:58:21Z,476851.6,001rYkP9rcvMmHAQOV,003cVGsrffaguWrYD5,,51iAVy4Ie2g7YtTIOV,01sQ4LtuJF9K1vlMFT,,003cVGsrffaguWrYD5
001iUNXGBWY6waAQMJ,ORD-000000218,Draft,2025-09-27,2028-09-26,Amendment,6651 Meghan Grove,Northhaven,WA,85137,United States,287 Bailey Mountain,Lake Briar,TX,31869,United States,USD,Synthetic order for test and benchmark use.,2025-08-08T03:28:25Z,1841805.94,001GvUdh6yZWB0wIIH,003OnVQVbt2cOpYA2L,,006JwrGXNqeDpekA2Y,01sLoYtuPuiAhJSKZN,,003OnVQVbt2cOpYA2L
801DIS2iwGnSS3uAB3,ORD-000000219,Activated,2026-06-25,2027-06-25,Renewal,70015 Camacho Lodge,Summit Glen,NC,72675,United States,18062 Alexander Parks,Northhaven,TX,91752,United States,USD,Synthetic order for test and benchmark use.,2026-06-14T16:19:35Z,922746.61,001qP46mGWsPnuOQ5R,003oOBOvrWV3r2WA8W,800WGmMAqFXhoiTIUV,006HtvHcUBZ6fPDIS7,01sf902KvuoXgXtOGX,0Q0yem9ZXJbdPgNSRZ,003KQYscsqdESaeAKC
80103UEC5HdojgpA8Q,ORD-000000220,Draft,2024-08-17,2026-08-17,Amendment,47649 Tracy Landing,Northhaven,CA,25435,United States,4068 Mccormick Lake,Cedar Crossing,OR,79321,United States,USD,Synthetic order for test and benchmark use.,2024-06-20T09:17:06Z,1115721.98,001C3SilogoPTPGIWX,0034oLsDgUhHMnqY3Z,,726XozNERgAAZDlIZ8,01sLoYtuPuiAhJSKZN,,0034oLsDgUhHMnqY3Z
500YBG3wIlKw2TtA66,ORD-000000221,Draft,2025-08-02,2026-08-02,New,4134 Michele Estates,Northhaven,WA,53861,United States,4853 Anthony Shore,Northhaven,TX,89176,United States,USD,Synthetic order for test and benchmark use.,2025-07-21T10:53:13Z,2101470.12,001iMYD4nOjTT4yIZO,003zbuw2oHYZOX3QSK,800vGPRkZJNSk7HY2P,52tPmQukA58S2sxYT9,01sQ4LtuJF9K1vlMFT,,003zbuw2oHYZOX3QSK
801kSSdOI7XRwagALE,ORD-000000222,Draft,2024-04-24,2026-04-24,New,272 Richard Road,Summit Glen,MA,39425,United States,5050 Amanda Locks,Summit Glen,TX,47167,United States,USD,Synthetic order for test and benchmark use.,2024-02-25T06:45:51Z,2841067.52,001Ivgehi2RhpxmIXK,003plVd4vJoJbCjYVJ,800dQ5vvReLRwMsY9D,026O6gOrGPqb83jYQ6,01sQ4LtuJF9K1vlMFT,,003hp4wXHyQ4ojAYPY
801oVF9yR8Kd65YISA,ORD-000000223,Draft,2025-12-29,2027-12-29,New,89317 Jose Walk,Summit Glen,MA,26237,United States,8515 Erica Spurs,Northhaven,CA,13958,United States,USD,Synthetic order for test and benchmark use.,2025-12-18T16:19:51Z,920261.15,00134kztbICJD2tYCZ,003w6LD3KiJSnn4IOS,,520XJrk2Cut9UV0QB6,01sLoYtuPuiAhJSKZN,0Q0VOT6DEeMaocfS08,003GcXkVO0lvLZYAC3
52tsdQVzzk5eS9DI06,ORD-000000224,Draft,2024-12-01,2027-12-01,Renewal,3626 Anthony Greens,Lake Briar,CO,14479,United States,2652 Montoya Drive,Lake Briar,OR,23669,United States,USD,Synthetic order for test and benchmark use.,2024-10-20T02:01:20Z,2698003.46,001eRJ4GILnQbQxQA2,003SQ0EEK5XeHXIYY7,,006r4qdkepshooRIAE,01sf902KvuoXgXtOGX,0Q0YECB8zGTdfhIKD2,003bm0o8sVuV4gZAAH
520ug8jt9tBboB3ABI,ORD-000000225,Activated,2024-06-05,2025-06-05,Renewal,900 Wagner Light,Cedar Crossing,CA,94727,United States,1174 Poole Island,Alder Bay,CO,68961,United States,USD,Synthetic order for test and benchmark use.,2024-04-15T23:41:21Z,730972.68,001IPJgib6XfdIUAAZ,,,006OJDGBAhw96rhQVY,01sLoYtuPuiAhJSKZN,,
801f1DDgOvUzZJDA0X,ORD-000000226,Draft,2023-02-26,2026-02-25,New,5644 Black Mews,Lake Briar,NC,64161,United States,84818 Myers Bridge,Northhaven,TX,61631,United States,USD,Synthetic order for test and benchmark use.,2023-02-08T14:23:27Z,1846835.31,001PygtS3FHgKj8Q8G,003ZMBiyO8IXgHCQ3U,,020lTku3MQ6NixTI4K,01sf902KvuoXgXtOGX,,
801x7Cu71GAhre1Q0W,ORD-000000227,Draft,2021-03-25,2023-03-25,New,15134 Mary Summit,Summit Glen,NC,69196,United States,88804 Horn Course,Willow Harbor,CA,97056,United States,USD,Synthetic order for test and benchmark use.,2021-02-10T07:05:50Z,1710050.89,0014rTJuxo1U1bKAZR,003jz7dUwvbtlg8AP0,,006WhXbCRPuW6KKAM3,01sf902KvuoXgXtOGX,0Q0W52PeeLUKYZrC6E,003jz7dUwvbtlg8AP0
8018gBv8sp7JwwqIMP,ORD-000000228,Draft,2023-12-27,2025-12-26,Amendment,9050 Nguyen Street,Summit Glen,MA,42210,United States,9044 Paula Pike,Cedar Crossing,CO,82037,United States,USD,Synthetic order for test and benchmark use.,2023-11-10T08:49:00Z,947935.48,0010APGD8asQ2PkIS9,,,006kz7Zjv3Y4k1FIXT,01sLoYtuPuiAhJSKZN,,
801tu2UmqblFplSQBS,ORD-000000229,Cancelled,2023-05-23,2024-05-22,Amendment,4925 Marilyn Passage,Alder Bay,OR,20265,United States,1732 Meagan Divide,Northhaven,MA,43239,United States,USD,Synthetic order for test and benchmark use.,2023-04-11T02:34:34Z,448510.9,00195IoHhooLntmYBW,,,006QJIXxGyVD2r0AHP,01sLoYtuPuiAhJSKZN,,
801184xiBdk9mVVIR6,ORD-000000230,Draft,2022-04-27,2025-04-26,New,4224 Alexandra Hill,Lake Briar,NC,38706,United States,5991 Boyer Centers,Northhaven,MA,43682,United States,USD,Synthetic order for test and benchmark use.,2022-04-18T06:49:28Z,1611165.22,001PygtS3FHgKj8Q8G,0032lndyeYiy5hjYYH,,020lTku3MQ6NixTI4K,01sf902KvuoXgXtOGX,,0031SWb0wrPigO0ACL
801a7nV74lwNz8fYKK,ORD-000000231,Draft,2026-04-10,2029-04-09,New,7945 Jason Common,Cedar Crossing,WA,25800,United States,040 Joshua Spur,Alder Bay,MA,44833,United States,USD,Synthetic order for test and benchmark use.,2026-02-18T08:33:48Z,86846.24,001n3aMHCveux7aI17,003MFEL7zy06OMDQY2,800kC19Ckx0CP9oIY2,80tobc4ke2BPPvLYSC,01sJqGPflRJqwqCPRW,,0034B6n71XDATHeY83
801H7zXmJv82M8GIGQ,ORD-000000232,Fulfilled,2026-02-27,2028-02-27,New,03723 Wilkinson Walks,Northhaven,TX,68944,United States,0184 Eduardo Courts,Alder Bay,WA,68700,United States,USD,Synthetic order for test and benchmark use.,2026-02-22T06:14:51Z,1600829.87,0018YzqdxvbgCoaYQU,003g1jXJmFJ4W6mASA,,00iQdjx4xLmOmbDYYY,01sQ4LtuJF9K1vlMFT,0Q0J1Y6hbUUfoA80CS,003dQtqeHPhJp2RQ4R
801syGdk2tsNu3YYD8,ORD-000000233,Cancelled,2021-06-17,2022-06-17,Amendment,998 Johnson Locks,Summit Glen,NC,97970,United States,947 Olson Cape,Cedar Crossing,TX,31475,United States,USD,Synthetic order for test and benchmark use.,2021-04-29T19:49:41Z,2906998.81,001LInXZfFVYqWIIEB,003PqbGzdOWzt2KAYH,,711i5BYjcggdOQJADX,01sJqGPflRJqwqCPRW,0Q0vJGfZRVU17GBK8G,003PqbGzdOWzt2KAYH
801oZud11DmYpb5IJ5,ORD-000000234,Cancelled,2025-03-05,2027-03-05,Renewal,83959 Anderson Hill,Cedar Crossing,WA,66888,United States,19194 Cox Lakes,Northhaven,CO,67430,United States,USD,Synthetic order for test and benchmark use.,2025-01-31T12:31:22Z,2046815.65,001LvVfPxnoy5b1YY0,,,70iAIXv9JDYCOPBAXU,01sLoYtuPuiAhJSKZN,,
801cJ23zhfipKBwIBQ,ORD-000000235,Draft,2022-03-22,2023-03-22,Renewal,54522 Lindsay Junction,Lake Briar,MA,47981,United States,7830 Cox Fords,Willow Harbor,MA,90480,United States,USD,Synthetic order for test and benchmark use.,2022-01-21T22:48:12Z,1660190.63,001a3aFjkJfo7TTICC,,,02tvRmJ3KgjkxLBYSA,01sf902KvuoXgXtOGX,,
801GkEmxqcR3OrTYGH,ORD-000000236,Fulfilled,2025-10-04,2028-10-03,New,35247 Oconnor Courts,Northhaven,CA,90497,United States,17614 Connie Cove,Lake Briar,OR,20901,United States,USD,Synthetic order for test and benchmark use.,2025-09-04T01:05:09Z,1941113.35,001vXGsLaTZksTjQHC,003pf6ykyjk6JKTQTE,800lN0R2zTk4DqWQ3A,006ytc8Tzkm2B1FI7V,01sQ4LtuJF9K1vlMFT,,003EGUHqPYObg5zQF1
006QRmC7byjDIKOY2O,ORD-000000237,Cancelled,2023-04-03,2026-04-02,New,6678 Acevedo Mills,Summit Glen,CO,90767,United States,379 Richard Forks,Cedar Crossing,MA,39455,United States,USD,Synthetic order for test and benchmark use.,2023-02-24T10:20:34Z,1012561.82,0014WYoiYbOMlUgQDX,003FlAerSxK87n1YYX,800F0UD6CGQr27yQX6,511HCHmbymadrvJIDX,01sf902KvuoXgXtOGX,,003bjmexEjHdelBYO6
801Q9pOQKzFSFPyA8Q,ORD-000000238,Draft,2021-10-08,2023-10-08,New,5048 Isabella Mission,Northhaven,CA,52855,United States,47183 Christopher Crescent,Alder Bay,CA,36681,United States,USD,Synthetic order for test and benchmark use.,2021-08-23T04:04:04Z,1623134.78,001lpuGrFmSTBnuY0M,,800T5EwQaV6BhkSI5T,80tIkHrltvUIWqOY13,01sLoYtuPuiAhJSKZN,,0033XGztMNRMu6dQEB
80ibE9GfDE3WLvyAC9,ORD-000000239,Draft,2025-07-15,2026-07-15,New,200 Allen Trail,Alder Bay,MA,21944,United States,8656 Black Court,Summit Glen,WA,74246,United States,USD,Synthetic order for test and benchmark use.,2025-05-23T12:32:08Z,682521.51,001I9h4vN2Mpc08I26,003WU4Q6S7FReEGY2S,,,01sQ4LtuJF9K1vlMFT,,003WU4Q6S7FReEGY2S
801w3oymcoKkV24QGC,ORD-000000240,Fulfilled,2025-04-13,2026-04-13,Amendment,926 Daniel Path,Cedar Crossing,OR,81479,United States,78811 Alicia Spurs,Cedar Crossing,TX,72705,United States,USD,Synthetic order for test and benchmark use.,2025-04-02T08:20:04Z,2869717.65,001I9h4vN2Mpc08I26,0038M1l1Mhuj6b5ABN,800QlpIV95QgNc1QMK,006wp0dTmUwCRKjYTY,01sLoYtuPuiAhJSKZN,,
801tPlYaYoW2S4sQPV,ORD-000000241,Draft,2021-02-22,2022-02-22,Amendment,762 William Oval,Northhaven,MA,27368,United States,49037 Carolyn Summit,Cedar Crossing,WA,75385,United States,USD,Synthetic order for test and benchmark use.,2021-01-16T06:43:26Z,2306616.26,0012VwYreWt0DuEATR,003DguSTXMnFhemYKP,,80iWtir5PL9VOk7QNC,01sLoYtuPuiAhJSKZN,0Q0rJQcwvRbk29pKUA,003DguSTXMnFhemYKP
801Iu2R1frceDaLAOX,ORD-000000242,Cancelled,2021-10-12,2023-10-12,New,4470 Douglas Radial,Summit Glen,NC,30587,United States,47621 Jasmine Lodge,Lake Briar,TX,27550,United States,USD,Synthetic order for test and benchmark use.,2021-09-15T17:34:26Z,2971996.57,0014BI0PTpGJAb4ICJ,003caJUum9ureexY5I,,006csttRXTGIeDMA2L,01sLoYtuPuiAhJSKZN,,003w3bFh9tGTwKJIHB
72tuog6chn70UURQHB,ORD-000000243,Activated,2021-09-05,2023-09-05,Amendment,725 Lauren Shores,Northhaven,NC,37230,United States,590 Dominguez Inlet,Lake Briar,WA,32901,United States,USD,Synthetic order for test and benchmark use.,2021-09-03T01:07:28Z,320341.86,001JZ9Av5CClhiKIID,003wxcMknbhQxSeY78,,0065Qxa1qeTLEEUACK,01sLoYtuPuiAhJSKZN,0Q0zm9qo7s9wdYKSCU,003wxcMknbhQxSeY78
026dgqdFsacCYffA2Q,ORD-000000244,Fulfilled,2026-06-22,2027-06-22,Renewal,18204 John Squares,Summit Glen,CO,79082,United States,97367 Timothy Dale,Alder Bay,CA,57616,United States,USD,Synthetic order for test and benchmark use.,2026-05-28T00:05:11Z,1434472.99,001IqN1uANorRv0AGO,003yupgGCl5JIUDAR4,,006b0y2r0LCkLeoYVK,01sQ4LtuJF9K1vlMFT,,003uvZvc1h4sYnSYKT
811IKf3SqoVMMPZA2A,ORD-000000245,Draft,2022-12-03,2024-12-02,Amendment,209 White Station,Summit Glen,TX,52307,United States,18144 Jackson Trace,Summit Glen,CA,56464,United States,USD,Synthetic order for test and benchmark use.,2022-10-07T09:58:05Z,2278455.91,001JcZQ7uhRMVxxILW,003XyMpRNkbfCV9IA3,800Xx5FQgFz5fJ9YDO,006v4NgLKt1LzlOAPT,01sQ4LtuJF9K1vlMFT,,003tliMSFlGrNtvQRU
801tEW6qxqKGMkaQG0,ORD-000000246,Activated,2025-10-09,2028-10-08,Renewal,70630 Spencer Radial,Cedar Crossing,TX,65863,United States,137 Luis Village,Willow Harbor,TX,11294,United States,USD,Synthetic order for test and benchmark use.,2025-09-06T23:28:34Z,545359.51,001ViLIuvoOkEvIYR2,003hcrYNRS9497iQ4P,800CzxUbTu2VpkaANO,006yDJdvo00qvdmALK,01sf902KvuoXgXtOGX,,0033Qo4cfGxpEGdIZI
72t2q3DABhIqIaiAA8,ORD-000000247,Draft,2022-10-31,2024-10-30,Renewal,4946 Kirby Forest,Alder Bay,NC,18615,United States,37666 Greene Trail,Northhaven,CA,22109,United States,USD,Synthetic order for test and benchmark use.,2022-09-07T20:49:24Z,806949.5,001UFuHNhHx2c9ZQQ9,003rtUMibap5lyBYSD,,511wLKR6pa9CynzQH6,01sf902KvuoXgXtOGX,,003rtUMibap5lyBYSD
7217BhtKkPZU5QJA84,ORD-000000248,Fulfilled,2025-10-30,2026-10-30,Amendment,502 Chelsea Avenue,Willow Harbor,CO,17963,United States,34889 Stephanie Glens,Cedar Crossing,CA,32719,United States,USD,Synthetic order for test and benchmark use.,2025-09-09T18:35:11Z,2635534.66,001CWFhyR8QJd16AFG,0036bmqoQnfpwNgQ2A,,01t6KOBy3HBszRYIB8,01sQ4LtuJF9K1vlMFT,,003vmqy5fND6SOaI5V
51iE64LMWdla2UoYJF,ORD-000000249,Fulfilled,2024-03-24,2025-03-24,Renewal,045 Christopher Ridges,Northhaven,CA,40806,United States,3509 Martin Trace,Cedar Crossing,CO,62671,United States,USD,Synthetic order for test and benchmark use.,2024-01-27T18:37:24Z,1948677.15,001LvVfPxnoy5b1YY0,,,006HyqoQZ8yzmH0QZN,01sLoYtuPuiAhJSKZN,,
801C4ayt5JeGXaCA6O,ORD-000000250,Fulfilled,2022-06-13,2024-06-12,New,49384 Melanie Brooks,Cedar Crossing,CA,63634,United States,542 Lewis Harbor,Northhaven,CO,41011,United States,USD,Synthetic order for test and benchmark use.,2022-04-21T16:33:17Z,2971151.3,001ltvwfHnMcdhbAJS,0037pt2i2v3DJPZI3U,800jlK3lDzmQ2IWY2A,726FMdiCT0tjq1BYP4,01sQ4LtuJF9K1vlMFT,0Q0p6vY6JOyfUMBSP3,0037pt2i2v3DJPZI3U
801wVE01Ofjw4gSAVL,ORD-000000251,Cancelled,2025-02-23,2027-02-23,Amendment,90361 James Isle,Northhaven,CA,44710,United States,715 Castillo Knolls,Willow Harbor,CO,51433,United States,USD,Synthetic order for test and benchmark use.,2025-02-18T00:22:54Z,1980579.09,001yVmlwCnpWY0fA4W,003z7ZbcBcDrjgLQK6,800TDg4eAVdXb61I6Z,006hLA2JQUbQQsrY23,01sLoYtuPuiAhJSKZN,,003KSHCpaRzgzM8ADK
801LrdMdattRe8mI8I,ORD-000000252,Cancelled,2022-05-21,2023-05-21,New,110 Nicholas Vista,Alder Bay,WA,20833,United States,5056 Vincent Ports,Cedar Crossing,CA,86928,United States,USD,Synthetic order for test and benchmark use.,2022-03-29T07:47:28Z,395514.19,001qP46mGWsPnuOQ5R,003fgQdBHsToCSOINB,,006VnpdoBIZCpspASY,01sf902KvuoXgXtOGX,,003oOBOvrWV3r2WA8W
8015gDTTc1JyvgLYXL,ORD-000000253,Cancelled,2021-04-03,2022-04-03,Renewal,078 Matthews Coves,Cedar Crossing,OR,20689,United States,762 Baxter Hollow,Alder Bay,CO,74558,United States,USD,Synthetic order for test and benchmark use.,2021-02-24T04:00:17Z,88486.22,00134kztbICJD2tYCZ,003dXGwafs3aJCkYNK,,,01sLoYtuPuiAhJSKZN,,003ljgE2o5CJoOEI7M
801ewwmY4xfYai3IDU,ORD-000000254,Cancelled,2024-11-16,2027-11-16,Amendment,227 Morrison Highway,Northhaven,WA,45431,United States,304 Hernandez Ways,Lake Briar,OR,25303,United States,USD,Synthetic order for test and benchmark use.,2024-10-07T22:16:47Z,2126235.32,001JX719udcxa4uA9H,003bOAPrmV9QHMqQJP,800Ri92ZuhhsDG3QCY,006lIGLX4BHWuZhIDK,01sf902KvuoXgXtOGX,,003bOAPrmV9QHMqQJP
52tafsWd7VWGKGTIMO,ORD-000000255,Fulfilled,2023-05-02,2026-05-01,Amendment,70730 Heather Mountain,Lake Briar,TX,16024,United States,33576 Thomas Ville,Cedar Crossing,NC,12492,United States,USD,Synthetic order for test and benchmark use.,2023-04-04T00:55:36Z,403823.49,001iIp10CH2rdjrQCH,003d3lc3YNC33PnQ9O,,006Y9nOjEpG1UpFYNC,01sf902KvuoXgXtOGX,,0035lztNUBNMXswYOA
801zKH0F9cKf6r6ICV,ORD-000000256,Fulfilled,2021-07-12,2023-07-12,New,34234 Matthew Plaza,Summit Glen,TX,59831,United States,9443 Combs Station,Lake Briar,WA,38396,United States,USD,Synthetic order for test and benchmark use.,2021-06-22T23:31:50Z,2924984.32,001CfmgfK8c5I6aQSB,0034SeMRhZnNA4bAKM,,006RKsWbGnLeT0ZAGB,01sLoYtuPuiAhJSKZN,0Q0wyQhXlHJzptuKWG,0034SeMRhZnNA4bAKM
8019VoR398v4QamY62,ORD-000000257,Cancelled,2023-02-07,2024-02-07,New,5596 Samantha Track,Summit Glen,CO,67157,United States,5341 Logan Mountains,Lake Briar,OR,30956,United States,USD,Synthetic order for test and benchmark use.,2022-12-23T06:42:42Z,2065800.25,001x87pLwsHhY3bAD8,003iMpGGuHEEHp3AUB,,006ciCmaANfGW2GAJ5,01sQ4LtuJF9K1vlMFT,,003iMpGGuHEEHp3AUB
801txf4kelD0d7DYIA,ORD-000000258,Cancelled,2025-02-16,2027-02-16,Renewal,55877 Adams Locks,Northhaven,CA,75283,United States,32660 Michelle Camp,Willow Harbor,WA,97515,United States,USD,Synthetic order for test and benchmark use.,2025-01-02T16:53:28Z,1505162.72,001nyKCWKQ4K1MEQBJ,003MqzQMaSwikQPA9S,,006ZjnXTyzgUqNsYQQ,01sQ4LtuJF9K1vlMFT,0Q0bVYx6uYYJxllCUD,003MqzQMaSwikQPA9S
80172dnjtDNl8RNQEU,ORD-000000259,Fulfilled,2022-09-28,2025-09-27,Amendment,6776 Richardson Parks,Northhaven,WA,15362,United States,6614 Ruiz Manors,Alder Bay,CA,69072,United States,USD,Synthetic order for test and benchmark use.,2022-09-03T07:26:28Z,1517290.14,001BAfwqbwr0TsUA0T,003D3vomlJS5FcPAGE,,006MpWBGoNhmLKWYMH,01sLoYtuPuiAhJSKZN,0Q0ptU1LTWUH8NeKAT,003t69nGwXnU10oIEM
70im4fcBOn2NvJPAJ4,ORD-000000260,Activated,2022-08-21,2025-08-20,New,439 Yesenia Terrace,Lake Briar,NC,23726,United States,142 Heather Alley,Summit Glen,WA,48647,United States,USD,Synthetic order for test and benchmark use.,2022-07-21T08:47:27Z,1875244.71,001Pv3IESUoMrhiAAG,003mNOtye7GOV0vI6M,800oqsSwWdfbF7CY5U,81tA5YbVu1uMoiMI5D,01sJqGPflRJqwqCPRW,,003fyk5MA1CwLYWYGO
70iTu1fQ8D8TKf7AVV,ORD-000000261,Activated,2024-09-05,2026-09-05,Amendment,637 Farrell Burgs,Willow Harbor,WA,85676,United States,38914 Quinn Parkway,Lake Briar,CA,18739,United States,USD,Synthetic order for test and benchmark use.,2024-08-21T10:36:15Z,2007374.73,001JTximtecXZZ0IK7,,,006k9D7myVpRB2wYGP,01sQ4LtuJF9K1vlMFT,,003nDG4Edmka5a5A5U
8013QSfLjRswa5yI5O,ORD-000000262,Activated,2023-08-09,2026-08-08,Renewal,1863 Rodriguez Port,Willow Harbor,MA,39459,United States,31351 Alan Knoll,Lake Briar,WA,67918,United States,USD,Synthetic order for test and benchmark use.,2023-06-13T06:34:56Z,675255.46,001Ivgehi2RhpxmIXK,003bbt6hwtwIcbjIHQ,800UxD6MVshdsqHY3W,006cc1DGbPi4SQbA7P,01sf902KvuoXgXtOGX,,003hOelU3VBYjk9QCL
801Jefr1FECIfGrY9Y,ORD-000000263,Activated,2022-03-21,2025-03-20,Amendment,28671 Friedman Way,Lake Briar,CA,37844,United States,167 Chang Fall,Summit Glen,CA,97912,United States,USD,Synthetic order for test and benchmark use.,2022-02-18T12:15:33Z,829951.27,001JTximtecXZZ0IK7,003X4f6SR0QeptkAUS,800dA49UIlLvQcgYQJ,006k9D7myVpRB2wYGP,01sQ4LtuJF9K1vlMFT,,003u2f5oGPzB7zdA0X
8013Q0qDYhcGZUaIVO,ORD-000000264,Cancelled,2022-02-12,2024-02-12,Renewal,014 Reed Ville,Cedar Crossing,MA,77844,United States,9730 Glenn Passage,Northhaven,CA,25985,United States,USD,Synthetic order for test and benchmark use.,2021-12-20T04:40:24Z,2774634.58,001OH94vlTF3MI8Y08,003gXnNZoWXyNSKQQ3,,726ubCp6MSaveepAVP,01sLoYtuPuiAhJSKZN,,003gXnNZoWXyNSKQQ3
801A1ASSWBojtjAQD8,ORD-000000265,Activated,2022-11-27,2024-11-26,Amendment,18567 Johnny Parkways,Lake Briar,CA,30277,United States,10965 Alvarado Island,Willow Harbor,OR,94119,United States,USD,Synthetic order for test and benchmark use.,2022-11-09T14:54:07Z,1774171.34,001K0CnPI0KA5TEY6P,003ACcgNQk1gIu3YOT,800xsJpCzfdiyvBQOH,0069eIJaAD2ocYEA87,01sQ4LtuJF9K1vlMFT,,003ACcgNQk1gIu3YOT
801TuTEMw77o9s0AKR,ORD-000000266,Cancelled,2026-03-03,2027-03-03,Amendment,86210 Hernandez Knolls,Willow Harbor,NC,23675,United States,91061 Hendrix Light,Summit Glen,TX,10684,United States,USD,Synthetic order for test and benchmark use.,2026-01-29T23:53:36Z,2064132.37,0013e2Rh2QW4yB5YBM,003aOXN8maPyJ9cYND,,710o83hvzN5Li6qYSI,01sf902KvuoXgXtOGX,,003f9w9hQtlxEGRQQM
801u3r7tn1aDURnY2N,ORD-000000267,Activated,2025-12-06,2027-12-06,New,13122 Robert Coves,Alder Bay,NC,76954,United States,47910 Michael Forks,Alder Bay,NC,53924,United States,USD,Synthetic order for test and benchmark use.,2025-11-13T23:00:06Z,1748084.92,001C3SilogoPTPGIWX,0034oLsDgUhHMnqY3Z,800yoICljZQqLlBQCN,726XozNERgAAZDlIZ8,01sLoYtuPuiAhJSKZN,,0034oLsDgUhHMnqY3Z
801V2vOlV3ezJftYX0,ORD-000000268,Activated,2024-11-12,2027-11-12,Amendment,0136 Saunders Parks,Summit Glen,CA,31297,United States,712 Davis Isle,Alder Bay,CO,83179,United States,USD,Synthetic order for test and benchmark use.,2024-11-09T15:49:00Z,271241.55,0019ojrY0cvCQ2UQ6L,003BxoQAfxO1TrZYEW,,006kAGeAabJUDUDIQL,01sQ4LtuJF9K1vlMFT,,003m8THYf4oJQr4YY8
801wkEdFP42O0qsY8A,ORD-000000269,Activated,2022-07-04,2024-07-03,Amendment,389 Jesse Ridges,Summit Glen,MA,27814,United States,7476 Williams Prairie,Cedar Crossing,NC,97556,United States,USD,Synthetic order for test and benchmark use.,2022-05-10T07:35:56Z,1407390.34,001Oil2EokU3tWpID9,0036mmNusffWovpIGN,,0061NMs5MRG7sHyINX,01sJqGPflRJqwqCPRW,,0036mmNusffWovpIGN
801iKdBoXcqJjbJQN6,ORD-000000270,Activated,2023-10-22,2026-10-21,New,0355 Jamie Center,Summit Glen,WA,67041,United States,931 Pedro Center,Summit Glen,OR,96771,United States,USD,Synthetic order for test and benchmark use.,2023-09-02T23:37:08Z,433631.68,0014BI0PTpGJAb4ICJ,003N7npX1LNheCRIK8,,006US9BsmcxRtyEIMR,01sLoYtuPuiAhJSKZN,,003iTmW3vNbCgffI76
801UNCEYAuQftIsY7Y,ORD-000000271,Fulfilled,2024-10-10,2026-10-10,New,7423 Roger Rest,Alder Bay,WA,47404,United States,953 Stephanie Port,Lake Briar,WA,88373,United States,USD,Synthetic order for test and benchmark use.,2024-09-24T17:16:50Z,2928363.52,001UztNJY1B3mZVQ88,003oZR86kwXXZqKI7I,800PautxQ8EMxicIAU,0062XJlJw5xHNIxIQ3,01sf902KvuoXgXtOGX,0Q0ndfIv8ui7j2R05X,003oZR86kwXXZqKI7I
801yAioLhspMviMAI7,ORD-000000272,Draft,2025-03-15,2026-03-15,New,7468 Jones Dale,Alder Bay,TX,45073,United States,67084 Briggs Pines,Northhaven,TX,13938,United States,USD,Synthetic order for test and benchmark use.,2025-01-18T11:57:30Z,970469.92,001Ivgehi2RhpxmIXK,003IRksS65HO8wmQ1A,,006K45NvXKh9aHIYHT,01sLoYtuPuiAhJSKZN,,003M3ZXseoHu6DcQVR
801kIS3sfnlnohLYXB,ORD-000000273,Draft,2024-11-04,2026-11-04,Amendment,5066 John Bypass,Cedar Crossing,MA,72339,United States,6767 Cheryl Locks,Cedar Crossing,NC,78662,United States,USD,Synthetic order for test and benchmark use.,2024-10-16T02:53:59Z,841199.07,0014cziPpL6YtrlIIC,003qZ2BFiYFEDWNAQ2,,50ivdAUc1oe0Sg0QG1,01sf902KvuoXgXtOGX,0Q0y7vHDL9fCYOJ053,
700nsxiqJN8CPTuAII,ORD-000000274,Fulfilled,2025-05-20,2028-05-19,Amendment,4488 Willis Street,Lake Briar,CA,82664,United States,14862 Wallace Trace,Cedar Crossing,CO,59516,United States,USD,Synthetic order for test and benchmark use.,2025-05-13T09:20:19Z,2639427.11,001Ql5gfswhLAUiIZH,003gBl0zvJ8uI8jIJ4,,82t020hrM2d0NJQA3Q,01sLoYtuPuiAhJSKZN,,003LXPOThKMlCoaYI4
801on4Nh8N3Y5L8IJ6,ORD-000000275,Activated,2022-01-07,2023-01-07,New,23728 Shannon Via,Northhaven,CO,75497,United States,09358 Bruce Creek,Alder Bay,TX,80074,United States,USD,Synthetic order for test and benchmark use.,2021-12-08T20:49:41Z,631487.69,001eE3A4cmn7G2gIHB,003SAUYTcKjhBmTIQ8,,711nKDDjsWx7USFADB,01sf902KvuoXgXtOGX,,
801FlSt5qhGABwSABF,ORD-000000276,Activated,2022-09-06,2024-09-05,Renewal,00409 Collin Pike,Cedar Crossing,OR,94471,United States,18040 James Hills,Summit Glen,OR,34621,United States,USD,Synthetic order for test and benchmark use.,2022-08-23T09:45:09Z,2942871.79,001Nq19y9hHnEHcAPQ,003MHRJNGKOBfCDQ8Z,,006vpE0ihQzQVVuQPF,01sf902KvuoXgXtOGX,0Q0F1bUkuVjIqwJ0B4,003MHRJNGKOBfCDQ8Z
801qfkiMi7pT9F8AQV,ORD-000000277,Fulfilled,2024-05-26,2027-05-26,New,57978 Keller Alley,Summit Glen,MA,71452,United States,7462 Taylor Roads,Willow Harbor,CO,75112,United States,USD,Synthetic order for test and benchmark use.,2024-05-21T13:03:14Z,1321991.39,001wZQxrqs61HJWYCI,003R8feqspattJPA37,,00682pc98Lt7LCdAVA,01sQ4LtuJF9K1vlMFT,,0030e2mL8N1jKfuYES
801dZNOZzpMAsNDYAX,ORD-000000278,Cancelled,2022-01-05,2024-01-05,Amendment,48727 Timothy Plains,Alder Bay,OR,39625,United States,8212 White Green,Cedar Crossing,WA,90614,United States,USD,Synthetic order for test and benchmark use.,2021-11-17T21:27:23Z,1220584.61,001wOS4RTezb6AxY4U,003rYgrvc9K7YF1QGX,800MIMumbEtEkyeQ6X,0061qThIuslKrF7IVW,01sf902KvuoXgXtOGX,,00379aqfJGg6fFGQSY
801gvPkscrueGUmADM,ORD-000000279,Draft,2022-06-20,2024-06-19,Renewal,686 Jeffrey Crescent,Cedar Crossing,TX,29985,United States,441 Munoz Expressway,Lake Briar,OR,37567,United States,USD,Synthetic order for test and benchmark use.,2022-05-24T15:26:47Z,568395.1,001EocC12jSBhyyIOU,00315S4jsX1OtfpY8L,,026pLi5YaivbPOPQG6,01sQ4LtuJF9K1vlMFT,,003xHCmVK9xzUW6IM8
8019XmkqRyUgcMDIRX,ORD-000000280,Fulfilled,2021-02-08,2022-02-08,Amendment,752 Hood Parks,Northhaven,TX,28420,United States,4943 Walker Trafficway,Lake Briar,NC,87222,United States,USD,Synthetic order for test and benchmark use.,2021-01-27T00:21:57Z,1948298.35,001C3SilogoPTPGIWX,0034oLsDgUhHMnqY3Z,,726XozNERgAAZDlIZ8,01sLoYtuPuiAhJSKZN,,
8017l4QqhNMoyZCQEC,ORD-000000281,Draft,2023-11-03,2024-11-02,Amendment,27642 Amy Junction,Northhaven,TX,41350,United States,01154 Gibson Forks,Cedar Crossing,NC,22616,United States,USD,Synthetic order for test and benchmark use.,2023-10-22T23:40:12Z,845488.66,001vywMtDWYqGORIQP,003UtevdsYUcLJAQ8A,,826CwRcjav3cDKmIJB,01sLoYtuPuiAhJSKZN,0Q0z0Exk2LWoq1uKYZ,003yTjPUux1sOYvA9Z
801rq5jGCL4ohInQVX,ORD-000000282,Activated,2022-05-18,2024-05-17,New,33305 Erika Walks,Lake Briar,CO,63635,United States,7395 John Drive,Northhaven,MA,94865,United States,USD,Synthetic order for test and benchmark use.,2022-05-05T17:38:59Z,495460.81,001uaLZFmzUomVXQGA,003haI7NPKn0gYsQ3M,,5014Xk7FsInZnZWIT3,01sLoYtuPuiAhJSKZN,0Q0jT5P4vGhnWTdC53,003haI7NPKn0gYsQ3M
801spNfg6QlXygQY2B,ORD-000000283,Fulfilled,2025-10-07,2026-10-07,New,176 Chen Mills,Willow Harbor,CA,43308,United States,71469 Schultz Court,Northhaven,WA,37738,United States,USD,Synthetic order for test and benchmark use.,2025-09-04T06:12:35Z,2821904.07,001wOS4RTezb6AxY4U,003zlDJBeSE6i1PIZ5,800EmOA1hSNqa6iQ1U,0061qThIuslKrF7IVW,01sf902KvuoXgXtOGX,,003dei9jRhmpBmNQKM
72tUa1uhX12vVeVYV6,ORD-000000284,Activated,2025-11-05,2028-11-04,Renewal,260 Hawkins Plain,Cedar Crossing,MA,58027,United States,5900 Samuel Camp,Summit Glen,CO,95698,United States,USD,Synthetic order for test and benchmark use.,2025-11-02T11:03:24Z,1678982.66,001lY6NBb5ge9JhIW4,003lLbwMYMbBCnNI1R,,0064Z4XYdmVAuG8QC0,01sQ4LtuJF9K1vlMFT,,
80iVJyQWDZNIExGI6G,ORD-000000285,Activated,2022-03-26,2023-03-26,Renewal,11845 Rodney Shoals,Cedar Crossing,CA,78140,United States,53673 Suarez Underpass,Lake Briar,CO,48735,United States,USD,Synthetic order for test and benchmark use.,2022-02-09T17:19:39Z,369701.12,001jIiXAhBEHXIPYQP,003kuYbSILmanGGQWO,800ZnhRcx6zL9UTI2C,006ogjCc9l3TpyyQ43,01sLoYtuPuiAhJSKZN,,003SCzJSSK6msjoI1S
801sMl77Sk3oJs0YMA,ORD-000000286,Draft,2024-06-18,2025-06-18,Renewal,2961 Green Run,Lake Briar,CO,11053,United States,2749 Ryan Vista,Willow Harbor,OR,77118,United States,USD,Synthetic order for test and benchmark use.,2024-06-16T16:51:53Z,1082024.61,001FU3HbNYKm95BYPF,003glOPy3BD2di1YT6,,006vRmwy1MfWv3NIQ3,01sLoYtuPuiAhJSKZN,,003CPm2NIWJNvE5QZ4
801ToESWesDwZqQAH8,ORD-000000287,Activated,2022-08-07,2025-08-06,Renewal,81861 Bowman Lake,Summit Glen,MA,79797,United States,252 Young Stream,Willow Harbor,CO,60744,United States,USD,Synthetic order for test and benchmark use.,2022-06-19T16:13:21Z,2528354.0,001lpuGrFmSTBnuY0M,003mOaulT5tUPQNQYQ,800AdFhkJuwlDQ7IBV,006RmQxRKNSn5fcIK7,01sf902KvuoXgXtOGX,,003GUNSX3EktllXAU6
801u6wVS3qi9JmNIOB,ORD-000000288,Draft,2022-09-28,2024-09-27,Renewal,25625 Woods Crossroad,Lake Briar,WA,84762,United States,925 Long Trace,Lake Briar,NC,39725,United States,USD,Synthetic order for test and benchmark use.,2022-07-31T14:39:26Z,1506257.1,001AZHmNsDfQdrZQQD,,,00612D5ppLojAPLA4Y,01sLoYtuPuiAhJSKZN,,
801WIMRXdPtvL7UAY8,ORD-000000289,Draft,2022-11-18,2025-11-17,Renewal,46511 Jessica Course,Alder Bay,MA,51921,United States,88193 Monroe Stravenue,Lake Briar,CA,90115,United States,USD,Synthetic order for test and benchmark use.,2022-09-23T07:22:22Z,1845656.7,001oowXHzEaXod1YS1,0038CYQ9JwDXB3qIT7,,82t0unl7xiyuGiFIK4,01sQ4LtuJF9K1vlMFT,,0038CYQ9JwDXB3qIT7
801BJmJvWZO3PgQQ1X,ORD-000000290,Fulfilled,2025-04-16,2026-04-16,Renewal,890 Oconnell Spring,Willow Harbor,MA,29086,United States,87647 Williams Ports,Alder Bay,WA,73795,United States,USD,Synthetic order for test and benchmark use.,2025-04-08T17:11:07Z,753117.77,001kBV5ho7M1GOwA4E,0034U3thFskqOX8IGI,,006MgQnB3hrVK2oYP0,01sQ4LtuJF9K1vlMFT,,003D3ER60MaDukjI8L
801gV5L8FusScvOYK7,ORD-000000291,Cancelled,2026-02-14,2028-02-14,Renewal,705 Christina Isle,Summit Glen,MA,12463,United States,868 Diane Cove,Cedar Crossing,CA,27286,United States,USD,Synthetic order for test and benchmark use.,2026-01-19T03:48:02Z,990800.48,001MVhM44DqZNFnI35,0036ewYutDgEhRaY0N,,01ianeLPVLfExBXYFP,01sQ4LtuJF9K1vlMFT,,0036ewYutDgEhRaY0N
510KRMpcF6wfg5rYUU,ORD-000000292,Draft,2024-07-12,2025-07-12,Amendment,1772 Michael Mews,Northhaven,CA,31877,United States,703 Anderson Via,Lake Briar,CA,39927,United States,USD,Synthetic order for test and benchmark use.,2024-06-28T21:39:09Z,1904587.63,001JTximtecXZZ0IK7,003u2f5oGPzB7zdA0X,,006k9D7myVpRB2wYGP,01sQ4LtuJF9K1vlMFT,,003yk45uhVocz3nACI
011zwMBpWYjHEirATP,ORD-000000293,Draft,2022-06-12,2025-06-11,Renewal,8030 Jordan Ranch,Northhaven,MA,43693,United States,93625 Richard Alley,Northhaven,OR,97749,United States,USD,Synthetic order for test and benchmark use.,2022-05-24T23:51:42Z,993575.14,001CQsu3nn5gAVpQ7B,003Yjg8jjdcN2R1Q3N,,006wLJAvWUecVT0IFQ,01sLoYtuPuiAhJSKZN,0Q0mLkaenxSU19X0P4,003Yjg8jjdcN2R1Q3N
801jKd6YoVKFaMNIFT,ORD-000000294,Fulfilled,2021-09-05,2023-09-05,Amendment,43260 Christopher Center,Lake Briar,WA,45081,United States,106 West Unions,Summit Glen,MA,49136,United States,USD,Synthetic order for test and benchmark use.,2021-08-31T20:30:38Z,1299139.3,001DbpAGYxaJeBJQYG,003966clXwIsEfbYTS,800nieQ0jVSen1xQX9,006rQluERhDp0sWAAX,01sQ4LtuJF9K1vlMFT,,003966clXwIsEfbYTS
801xiIEZP5JgE4HQP0,ORD-000000295,Activated,2021-04-29,2023-04-29,Renewal,05347 Kerr Courts,Alder Bay,TX,11837,United States,35971 Hickman Common,Lake Briar,CO,97356,United States,USD,Synthetic order for test and benchmark use.,2021-04-21T05:57:04Z,1721919.36,0014BI0PTpGJAb4ICJ,003L9uAYQt0cAHyIUX,,026afXqJsqApMTbYMJ,01sQ4LtuJF9K1vlMFT,,003HBITmsdDovLfYDZ
801iFegkRiqCgnsQD5,ORD-000000296,Draft,2022-10-10,2025-10-09,Renewal,337 Charles Plains,Alder Bay,WA,18689,United States,6776 Albert Harbors,Willow Harbor,CA,36642,United States,USD,Synthetic order for test and benchmark use.,2022-08-22T10:39:34Z,960755.28,001n8Q7o6w0wrFoIIH,003rKCQ5NwAa16AY52,,006N4lxhWdYW3NoIQS,01sf902KvuoXgXtOGX,0Q0Sucx7HXtHQnX0O2,0032YUBb1deGb5cQNC
801UW9N72ojf4z9Q27,ORD-000000297,Fulfilled,2026-01-13,2027-01-13,Amendment,036 Cohen Ways,Lake Briar,TX,26075,United States,8094 Swanson Forge,Alder Bay,MA,77265,United States,USD,Synthetic order for test and benchmark use.,2025-12-21T00:18:39Z,1646216.18,001zOsseTV2G23QAKL,003f49vfpd9cSwXA6F,,006W5QzGEBHphMsQSX,01sQ4LtuJF9K1vlMFT,,003f49vfpd9cSwXA6F
801LZvq7ep3buksQ7L,ORD-000000298,Fulfilled,2025-06-26,2026-06-26,Renewal,30834 Danielle Harbors,Cedar Crossing,NC,82327,United States,4565 Hernandez Port,Willow Harbor,CA,31436,United States,USD,Synthetic order for test and benchmark use.,2025-06-15T22:49:54Z,1228112.93,001G40EGKjt7p96I7T,003TzZeo9ark3IEAUI,,006qvENi2QSxhfgY96,01sLoYtuPuiAhJSKZN,,003x8TAB6P8rZeLQSO
51injezsHr1aqXFYI4,ORD-000000299,Draft,2024-04-07,2026-04-07,Renewal,916 Berg Roads,Willow Harbor,OR,42233,United States,709 Ware Motorway,Northhaven,CO,86206,United States,USD,Synthetic order for test and benchmark use.,2024-03-26T05:23:49Z,2488499.67,001Ivgehi2RhpxmIXK,,800dQ5vvReLRwMsY9D,006mkCMcB4KAGgUQ41,01sf902KvuoXgXtOGX,,003hhxZFiMZEnBvAAR
82thDUt4U5UwAqHA4U,ORD-000000300,Activated,2023-02-03,2026-02-02,New,9312 Ronald Motorway,Summit Glen,CA,89322,United States,243 Jesse Spur,Lake Briar,NC,64092,United States,USD,Synthetic order for test and benchmark use.,2023-01-12T03:21:12Z,2951110.88,0018haifivYezP7QUH,0039KYBF4fXQiHuAF4,800js73kXjd65LSIPW,006ne2Lc3ezbmVgAEQ,01sf902KvuoXgXtOGX,,003Tq49jYGnYlYbYDW
801g1Y2eUTInohyQVL,ORD-000000301,Draft,2024-02-29,2027-02-28,New,724 Mendoza Gardens,Cedar Crossing,CA,73120,United States,652 Davis Parkways,Alder Bay,MA,79564,United States,USD,Synthetic order for test and benchmark use.,2024-02-22T01:21:51Z,953007.13,001OLdGcwV4anrfQXZ,003IRcIztJ57xyuADT,8006Y4iXANmygtXYPR,52iDBZrSaR6YAuLAJY,01sQ4LtuJF9K1vlMFT,,003IRcIztJ57xyuADT
810xadwgfYTSBtSIEZ,ORD-000000302,Draft,2024-04-17,2027-04-17,Amendment,172 Jeffrey Haven,Lake Briar,TX,25665,United States,53764 Michael Union,Alder Bay,TX,14896,United States,USD,Synthetic order for test and benchmark use.,2024-03-24T11:47:50Z,2572391.59,001Ts4G5LvwmAxUY42,003YJKqTOuw9L5BY6V,8000JMMeXtw0A46QP1,016XNH4QZ7kxqA4YQL,01sQ4LtuJF9K1vlMFT,,
801uZFzLjlFFdhQQX4,ORD-000000303,Cancelled,2024-05-27,2027-05-27,New,102 Luke Loaf,Summit Glen,NC,21331,United States,99287 Moore Path,Northhaven,MA,97643,United States,USD,Synthetic order for test and benchmark use.,2024-04-13T20:54:55Z,355473.33,001LDvrdIgxRUc4IID,003ZFZpKSp7P73TY8Q,800rBFkFivPQUURQ3R,006op3LuFUfeyZzYNT,01sQ4LtuJF9K1vlMFT,,003MCgz28DRwInQIK4
801Rxi48zcEaVzoQKN,ORD-000000304,Draft,2023-11-26,2026-11-25,Amendment,61968 Jacqueline Freeway,Willow Harbor,WA,68178,United States,51028 Collins Spur,Alder Bay,NC,27817,United States,USD,Synthetic order for test and benchmark use.,2023-10-05T20:20:08Z,2919117.42,001tvKQbYklnB9tY2P,003Hft4JMPdcICEALJ,800O8Ra0PxdA5AwQR9,821L2kXekYpaJdVIFT,01sf902KvuoXgXtOGX,0Q0peQqRczRsnOwK6X,
801XFkM1JLoTQsNQFN,ORD-000000305,Activated,2025-03-24,2028-03-23,Amendment,191 Monroe Ways,Summit Glen,OR,78535,United States,5015 Richard Springs,Lake Briar,TX,98235,United States,USD,Synthetic order for test and benchmark use.,2025-03-09T04:21:05Z,626926.92,0014BI0PTpGJAb4ICJ,003wRVYftOCRzC1YGF,800nEzeWjRDTX6SYUM,006XzY78bXcZHCtAV8,01sf902KvuoXgXtOGX,,003bdtenrfz7uTcAWS
8017p6oi0TJas4PI0D,ORD-000000306,Fulfilled,2022-05-13,2025-05-12,Amendment,66784 Fletcher Manors,Willow Harbor,CA,37536,United States,45792 Dennis Oval,Alder Bay,NC,34402,United States,USD,Synthetic order for test and benchmark use.,2022-05-06T10:09:10Z,1902987.75,001d6L0YO7RdZlqYEZ,003I2WoSMJ9De4LAQW,,001oL00mAodv6UcYFE,01sf902KvuoXgXtOGX,,003RkNOcuqO0tHhA2N
8014EhXaaaJDudgQ0E,ORD-000000307,Draft,2022-11-13,2025-11-12,New,634 Dan Lake,Alder Bay,CA,19438,United States,29704 Karen Prairie,Alder Bay,WA,33156,United States,USD,Synthetic order for test and benchmark use.,2022-11-09T22:22:45Z,916158.81,001JTximtecXZZ0IK7,003axoHgSewH83KYNB,,006k9D7myVpRB2wYGP,01sQ4LtuJF9K1vlMFT,,003OaopeGXOMzCMIYX
801KdlpNXQpWqoCYW6,ORD-000000308,Draft,2022-11-27,2024-11-26,New,8356 Dickson Squares,Lake Briar,TX,37631,United States,3962 Anderson Rapid,Lake Briar,TX,55954,United States,USD,Synthetic order for test and benchmark use.,2022-11-15T22:22:29Z,1886011.01,001b9Ubd6IpdBJKANL,003Gql7cL20isNIQSH,,0066DuiBGAmIFSQY8V,01sQ4LtuJF9K1vlMFT,,003Gql7cL20isNIQSH
801y5udzQa7cUZBIO2,ORD-000000309,Draft,2025-10-28,2027-10-28,New,4596 Pamela Trail,Northhaven,MA,13377,United States,5715 Goodwin Vista,Lake Briar,CO,66709,United States,USD,Synthetic order for test and benchmark use.,2025-10-08T03:02:12Z,2102024.43,0012n9SIy3FafTfYR5,003D7d3x3cWcUuRILQ,8003pYkfPEaHw6gI1Y,006BVEigoTGsIGqQBA,01sQ4LtuJF9K1vlMFT,0Q0pKorr5bXKUTbKSZ,003D7d3x3cWcUuRILQ
521o3uMkoTsHZH5IYB,ORD-000000310,Cancelled,2022-04-23,2024-04-22,Renewal,27474 Santos Dam,Northhaven,NC,82440,United States,7376 Keith Expressway,Northhaven,CO,93120,United States,USD,Synthetic order for test and benchmark use.,2022-02-24T05:56:27Z,1634103.46,0014BI0PTpGJAb4ICJ,003bdtenrfz7uTcAWS,,006EDgmq5nsA2r7A84,01sQ4LtuJF9K1vlMFT,,003bdtenrfz7uTcAWS
801UYEbZ9LTseygYNN,ORD-000000311,Cancelled,2024-06-19,2026-06-19,New,1577 Rodriguez Falls,Alder Bay,MA,12604,United States,47569 Natasha Roads,Cedar Crossing,CO,22810,United States,USD,Synthetic order for test and benchmark use.,2024-05-13T18:19:27Z,849045.35,001C3SilogoPTPGIWX,0034oLsDgUhHMnqY3Z,,726XozNERgAAZDlIZ8,01sLoYtuPuiAhJSKZN,,0034oLsDgUhHMnqY3Z
80191xnvR42Rv4KAX8,ORD-000000312,Activated,2026-06-24,2028-06-23,Amendment,0567 Brian Ways,Willow Harbor,WA,94545,United States,62473 Nguyen Canyon,Northhaven,CA,52152,United States,USD,Synthetic order for test and benchmark use.,2026-04-26T18:03:49Z,2602632.25,001lY6NBb5ge9JhIW4,003lLbwMYMbBCnNI1R,,0064Z4XYdmVAuG8QC0,01sQ4LtuJF9K1vlMFT,0Q0dWOaWHYp5gLA0TH,003lLbwMYMbBCnNI1R
801Ix5IfBjFny02QHZ,ORD-000000313,Activated,2025-02-07,2026-02-07,Renewal,65960 Christian Shores,Summit Glen,TX,88973,United States,206 Clements Valleys,Northhaven,TX,39350,United States,USD,Synthetic order for test and benchmark use.,2024-12-25T03:14:33Z,2209346.42,001fPZTPr8lY6HWABF,003PtC2ftYyo4EoAN5,8005OSPJ9XIo9nKQ0C,006iEGXOA99sU47IVZ,01sf902KvuoXgXtOGX,0Q04ly4acUuNe520ZU,
801KgdnnGwz5MUYQ5I,ORD-000000314,Activated,2021-04-27,2024-04-26,Renewal,68296 Michael Field,Alder Bay,OR,99168,United States,133 Sarah Fort,Lake Briar,OR,14851,United States,USD,Synthetic order for test and benchmark use.,2021-04-05T04:54:54Z,1094237.71,001r2Zt5bJoZh5cI46,003bYmDBFVRb9zYI4J,,0060fyqkOBlBEsPIQ3,01sLoYtuPuiAhJSKZN,,003bYmDBFVRb9zYI4J
801aXoXuULikfJgQH9,ORD-000000315,Activated,2021-06-21,2024-06-20,Renewal,4649 Wanda Valley,Northhaven,NC,48075,United States,60232 Davis Burgs,Alder Bay,CA,55218,United States,USD,Synthetic order for test and benchmark use.,2021-06-05T16:42:59Z,2357638.7,001oPLQgL6DtzXuQJ9,003Y8771g12DY7uA93,,,01sLoYtuPuiAhJSKZN,0Q0kmhZDcGJKNzq0VG,003fplOthROj938AQA
801zPq9cr3IKmhGYDT,ORD-000000316,Draft,2022-02-21,2025-02-20,Amendment,605 William Grove,Summit Glen,OR,71486,United States,25380 Townsend Club,Willow Harbor,TX,81696,United States,USD,Synthetic order for test and benchmark use.,2022-01-26T16:29:46Z,1799284.57,0015F3Mg4glglAzQRW,,800Bk0w40T92krwYR5,000CQ9iBxBhpsC9QI8,01sQ4LtuJF9K1vlMFT,,
8013BaxAeumeeXPYK9,ORD-000000317,Activated,2024-09-24,2027-09-24,Amendment,626 Holmes Mews,Willow Harbor,MA,67630,United States,3061 Anderson Walk,Lake Briar,NC,66434,United States,USD,Synthetic order for test and benchmark use.,2024-08-17T07:23:46Z,340600.59,001N2mO6ogfdaXBYDK,003v3sWYUN3H1DbQ01,,816kfHeWqZTzwJoQFU,01sf902KvuoXgXtOGX,,003Ib2geHHsVuzAQPF
801mHmmEqIMp8ydQ0L,ORD-000000318,Fulfilled,2023-01-05,2026-01-04,New,275 John Forges,Willow Harbor,NC,24834,United States,3360 Julie Ramp,Willow Harbor,MA,17057,United States,USD,Synthetic order for test and benchmark use.,2022-11-30T08:34:06Z,1822799.51,001ULTfosWQTQf5QW1,003VFTZy2oG0jsrAS1,,00iwYN6pyW67tzxYUM,01sLoYtuPuiAhJSKZN,5Z4YIQHeDaDF7mG7RV,003VFTZy2oG0jsrAS1
02tDmmvpuQFyhRSYH2,ORD-000000319,Fulfilled,2021-05-14,2024-05-13,Amendment,3617 Robert Oval,Cedar Crossing,CO,41228,United States,8518 Cantu Ranch,Lake Briar,OR,91917,United States,USD,Synthetic order for test and benchmark use.,2021-03-19T09:05:49Z,1721581.44,00175Cmy8DqQrAKINI,003CPutK1O7jLZvIIB,,006RUyb5H5mlGxwAMW,01sf902KvuoXgXtOGX,,003i4p6APoWTcRLIO0
016Rq3Jvh4WKRkNAJB,ORD-000000320,Cancelled,2023-09-03,2026-09-02,Amendment,1390 April Trace,Alder Bay,NC,82335,United States,8308 Brandon Locks,Alder Bay,WA,61432,United States,USD,Synthetic order for test and benchmark use.,2023-07-28T13:16:49Z,272175.19,001cnLEQk5pZMibQH2,003Bc2Z6EJzXtrvYGW,,006aA3yAV466PkYAKT,01sQ4LtuJF9K1vlMFT,,003BG6JQjrARVNaY8T
801bPudACwdhjhmQOX,ORD-000000321,Draft,2022-06-21,2024-06-20,New,423 Hamilton Mission,Willow Harbor,WA,16075,United States,675 Miranda Junction,Northhaven,NC,49080,United States,USD,Synthetic order for test and benchmark use.,2022-06-06T23:07:15Z,1009381.59,001vnn1W5RPN0LPYO8,003zu9kFOrpbJ8UYJH,,500Q2cTozA6h6POIBP,01sf902KvuoXgXtOGX,,003FXncODtG3z8xQ4F
801F7loxZMj5oHFAKS,ORD-000000322,Cancelled,2021-04-25,2024-04-24,Amendment,6253 Jason Landing,Northhaven,MA,66124,United States,37773 Erica Courts,Cedar Crossing,NC,75331,United States,USD,Synthetic order for test and benchmark use.,2021-03-27T02:27:52Z,1012324.7,001Jp0rdHFWnaMvI7G,003cxU9UTk9dRNPQ35,,006RBjkBi3QsCJ7YM1,01sQ4LtuJF9K1vlMFT,,003cxU9UTk9dRNPQ35
801LXyGk3SHSW2bY7B,ORD-000000323,Activated,2025-08-27,2026-08-27,Renewal,665 Gonzalez Causeway,Alder Bay,MA,67206,United States,54908 Elizabeth Radial,Lake Briar,TX,10022,United States,USD,Synthetic order for test and benchmark use.,2025-08-01T14:14:05Z,950778.74,001kpkteJ4XLaaYQTV,003P39CqbvZ8qZ8Y7T,,006714F7uqDVIOWY93,01sQ4LtuJF9K1vlMFT,0Q06N0beEhy2tAaCXH,
801aRA58ayiF2kMI7G,ORD-000000324,Activated,2022-04-25,2025-04-24,Renewal,71644 Molina Locks,Willow Harbor,TX,49697,United States,94930 Holt Station,Lake Briar,CO,75297,United States,USD,Synthetic order for test and benchmark use.,2022-04-06T18:26:45Z,1831130.51,001oPLQgL6DtzXuQJ9,003Sf5gZC0qTX4rIWP,,006guMbKiDAobJoQWW,01sLoYtuPuiAhJSKZN,,003LsUD2wMm9ppCAJV
801iY5O2CW9BQY4Y71,ORD-000000325,Activated,2023-08-24,2025-08-23,Amendment,8004 Daniel Hollow,Cedar Crossing,MA,95085,United States,23023 Williams Light,Northhaven,CO,51598,United States,USD,Synthetic order for test and benchmark use.,2023-07-07T01:01:34Z,2310771.74,001mKhmK3YHBLkpIFQ,,,8107jXTv7ToTiDkQVJ,01sQ4LtuJF9K1vlMFT,0Q0VA6zyQctEvZB0V8,0035IgKC3CNNpIAALQ
8019L3grXU5p4EqQYE,ORD-000000326,Cancelled,2022-04-12,2023-04-12,Renewal,8331 Teresa Circle,Summit Glen,WA,49507,United States,447 Brandy Light,Summit Glen,WA,58241,United States,USD,Synthetic order for test and benchmark use.,2022-02-25T21:23:15Z,2997808.58,0016bs349lxRsmUQ0V,0038UpwEk35ffeBQQI,,801IgdaxLwOyiK2AHZ,01sLoYtuPuiAhJSKZN,,003PePWYVD4dIBvQ7F
801iHTshgHDOpsRAII,ORD-000000327,Cancelled,2025-06-09,2027-06-09,Renewal,6249 Dylan Wells,Summit Glen,CA,83700,United States,71450 Sherry Villages,Cedar Crossing,WA,18194,United States,USD,Synthetic order for test and benchmark use.,2025-05-23T18:22:40Z,523644.74,001g2MhymLdN59YQJG,003iPxRW4x8Atg0QMZ,800puUrLzvJbTTvQBH,81tHjA0goD8mPAOI4W,01sQ4LtuJF9K1vlMFT,,003ZHUE1WFG4FS9AMG
801hMKqm6FnOpBLIKH,ORD-000000328,Fulfilled,2023-03-23,2024-03-22,Renewal,1066 Kelly Lodge,Summit Glen,NC,92526,United States,9247 Castro Skyway,Cedar Crossing,MA,70664,United States,USD,Synthetic order for test and benchmark use.,2023-03-13T01:28:43Z,1231382.68,001QMRyBoOV9ydJAFR,003gg89u20676IeIXS,,8109Mf3g1wQLaZVIXY,01sLoYtuPuiAhJSKZN,,003gg89u20676IeIXS
8019s40m9JzLN2QI0L,ORD-000000329,Draft,2022-12-28,2025-12-27,Amendment,47323 Walsh Squares,Cedar Crossing,MA,49092,United States,560 Sparks Valley,Summit Glen,OR,86757,United States,USD,Synthetic order for test and benchmark use.,2022-12-27T00:35:36Z,985756.82,001gJF3ven13WeWAFA,003tvCM1fcuqQpjIHZ,,006Ei0yj8TqoL5gYUX,01sQ4LtuJF9K1vlMFT,,003tvCM1fcuqQpjIHZ
02iplBqj91y2OCQYPQ,ORD-000000330,Fulfilled,2026-02-26,2027-02-26,Renewal,09579 Tracy Gateway,Cedar Crossing,OR,61844,United States,4499 Smith Forks,Alder Bay,MA,23992,United States,USD,Synthetic order for test and benchmark use.,2026-02-18T06:47:03Z,816702.95,001JTximtecXZZ0IK7,003nDG4Edmka5a5A5U,,006k9D7myVpRB2wYGP,01sQ4LtuJF9K1vlMFT,,003u2f5oGPzB7zdA0X
501iwVuT1jAKO8wY9A,ORD-000000331,Cancelled,2026-04-28,2027-04-28,Renewal,971 Jennings Stream,Northhaven,CO,93328,United States,10896 Phillips Turnpike,Cedar Crossing,WA,86700,United States,USD,Synthetic order for test and benchmark use.,2026-04-02T12:36:21Z,413260.49,0014BI0PTpGJAb4ICJ,003YGDgi4wpYkizA4I,,006XzY78bXcZHCtAV8,01sf902KvuoXgXtOGX,,
7001ARnqX538iYMQHE,ORD-000000332,Draft,2022-06-21,2024-06-20,Amendment,4430 Flowers Crossing,Summit Glen,NC,18769,United States,361 Vanessa Motorway,Lake Briar,NC,16823,United States,USD,Synthetic order for test and benchmark use.,2022-05-06T18:03:20Z,2834764.12,001KLzOHTO9BbVjAXJ,003sZMUXdL7Us8BY75,,00t3IOqEP69BAS0AOG,01sf902KvuoXgXtOGX,0Q0Zf3sYH6KXw0z0AK,003sZMUXdL7Us8BY75
8016P5wRUhPHtksAPD,ORD-000000333,Activated,2021-10-17,2023-10-17,Renewal,0650 John Keys,Northhaven,TX,90096,United States,9021 Mitchell Corners,Lake Briar,OR,97305,United States,USD,Synthetic order for test and benchmark use.,2021-09-06T12:44:32Z,2690978.55,001JcZQ7uhRMVxxILW,003XyMpRNkbfCV9IA3,,006CN4FCcpXFOdjYOC,01sLoYtuPuiAhJSKZN,0Q0XvaLlQZnFnTxCSA,
801IUpaoWqPTYd7A1F,ORD-000000334,Draft,2021-09-04,2024-09-03,New,9429 Shelton Islands,Cedar Crossing,MA,85211,United States,49992 Sims Keys,Willow Harbor,TX,83549,United States,USD,Synthetic order for test and benchmark use.,2021-08-25T11:02:36Z,2569228.16,0018wiQDxKxpFvLYGU,003NMwkyLIDXT1sAPB,800c2FglfO36e5tQ5F,520tpdZF37z5lm2IER,01sLoYtuPuiAhJSKZN,,0039rEoLX65XSqVAZH
801b1c2EgPA5ChzIDS,ORD-000000335,Fulfilled,2025-08-31,2027-08-31,New,6670 Susan Manor,Cedar Crossing,WA,22219,United States,8714 Vickie Garden,Northhaven,NC,54022,United States,USD,Synthetic order for test and benchmark use.,2025-08-11T19:35:55Z,1347310.47,001Ivgehi2RhpxmIXK,003tdhd5gh39imtAD6,,811H4d9tvIFq8siIC1,01sLoYtuPuiAhJSKZN,,003lZRttcGpB1etYSU
801WqIFyegkM28DY5X,ORD-000000336,Draft,2024-04-10,2026-04-10,New,98038 Anna Park,Summit Glen,WA,79787,United States,893 Christensen Lock,Northhaven,CA,88323,United States,USD,Synthetic order for test and benchmark use.,2024-02-13T07:24:17Z,963724.29,001cnLEQk5pZMibQH2,003bou0dAYXn7MIQQ7,,006aA3yAV466PkYAKT,01sQ4LtuJF9K1vlMFT,,003BG6JQjrARVNaY8T
70t0qtcpeGx2wj6Y2U,ORD-000000337,Activated,2025-11-15,2026-11-15,Renewal,760 Kevin Orchard,Alder Bay,WA,20035,United States,255 Cassandra Walk,Willow Harbor,MA,55648,United States,USD,Synthetic order for test and benchmark use.,2025-10-06T01:11:17Z,1017179.83,001FifSg7G2gzZrY2M,003zaVLDO9Vk4P0IGZ,,810eNr2w9bo9QOsYDP,01sf902KvuoXgXtOGX,,003zaVLDO9Vk4P0IGZ
801pbE4pWfdStQnADE,ORD-000000338,Activated,2023-03-19,2026-03-18,Amendment,5466 Steven Via,Alder Bay,OR,16878,United States,08823 Wade Lane,Willow Harbor,NC,21710,United States,USD,Synthetic order for test and benchmark use.,2023-02-19T02:26:25Z,220723.23,001g6qzdBj5dugTI7C,003wHhejZPlmq9eY75,,,01sLoYtuPuiAhJSKZN,,003wHhejZPlmq9eY75
511pJ4d0WXDybb4QCI,ORD-000000339,Draft,2023-08-15,2026-08-14,New,681 Diana Knoll,Alder Bay,OR,22581,United States,18641 Cruz Route,Alder Bay,WA,77824,United States,USD,Synthetic order for test and benchmark use.,2023-06-24T22:20:00Z,725022.83,001MetGBUEn7phAIPH,003jPwvRLumV25vQ5Y,800hhTP2auEcxOdYM6,006cRnOVinK8gXHA0R,01sQ4LtuJF9K1vlMFT,,003jPwvRLumV25vQ5Y
026mpJ3qkHMPwcfA89,ORD-000000340,Cancelled,2021-12-31,2022-12-31,Renewal,231 Victor Springs,Lake Briar,MA,62036,United States,193 Tiffany Dam,Willow Harbor,TX,47358,United States,USD,Synthetic order for test and benchmark use.,2021-12-02T12:44:15Z,291903.5,001kBV5ho7M1GOwA4E,003yFJa6PAPJltMY99,,51iReplUFZVxBL6YB6,01sQ4LtuJF9K1vlMFT,,003s8MYKvLvCt3ZAN8
810U0ikkjudK62DI7W,ORD-000000341,Draft,2023-07-28,2024-07-27,Renewal,762 James Overpass,Alder Bay,TX,18358,United States,3686 Monica Crescent,Alder Bay,WA,54373,United States,USD,Synthetic order for test and benchmark use.,2023-06-27T00:04:43Z,1188131.81,001X50Bqc5cThUtYIX,003BiVuwQpdIloXY64,,,01sf902KvuoXgXtOGX,,003HWzfY8Kkbu7SA6F
71iuskDkUQF9eXuY5A,ORD-000000342,Fulfilled,2021-02-16,2022-02-16,New,97855 Laurie Mill,Northhaven,NC,37389,United States,463 Jackson Loop,Summit Glen,TX,85508,United States,USD,Synthetic order for test and benchmark use.,2021-02-07T18:13:57Z,1535213.27,001xCcjaWJxjfQtAJX,003r8yPlhYWDqxxAG4,,006OHS32pgAomz6I24,01sf902KvuoXgXtOGX,,003NVY7EuWqQ3GgQ1R
801JdwksVK5URVyY6Z,ORD-000000343,Activated,2024-12-01,2027-12-01,Amendment,197 Delgado Bypass,Willow Harbor,CA,33941,United States,247 Fleming Cliffs,Cedar Crossing,MA,92337,United States,USD,Synthetic order for test and benchmark use.,2024-10-20T03:49:53Z,2894453.77,001SDonDyKHRDRwYPS,,,,01sQ4LtuJF9K1vlMFT,0Q08mEWoBWrbPAjCDM,003KGcWILZDhxjxYQE
521mfIlZAaSPvD1QTS,ORD-000000344,Activated,2022-10-16,2024-10-15,Amendment,356 Turner Vista,Summit Glen,CA,45961,United States,08292 Gamble Points,Alder Bay,CA,57224,United States,USD,Synthetic order for test and benchmark use.,2022-08-17T18:25:37Z,36836.31,001gJF3ven13WeWAFA,003tvCM1fcuqQpjIHZ,,006Ei0yj8TqoL5gYUX,01sQ4LtuJF9K1vlMFT,,003tvCM1fcuqQpjIHZ
801mwTG4iJfAEy9IB1,ORD-000000345,Fulfilled,2021-05-11,2023-05-11,New,33190 Robert Terrace,Northhaven,CA,99332,United States,428 King Spring,Willow Harbor,WA,21651,United States,USD,Synthetic order for test and benchmark use.,2021-05-04T19:27:44Z,1491271.65,0015F3Mg4glglAzQRW,,,000CQ9iBxBhpsC9QI8,01sQ4LtuJF9K1vlMFT,,
01tEcuF0JFAbQ3WIZI,ORD-000000346,Draft,2026-02-23,2027-02-23,Renewal,537 Pugh Tunnel,Summit Glen,NC,98360,United States,00360 Taylor Garden,Willow Harbor,CA,77420,United States,USD,Synthetic order for test and benchmark use.,2026-01-22T05:12:56Z,1507500.38,0014WYoiYbOMlUgQDX,003PIsnfE5YQMdlYVF,,006JBCuzYapF5eRQOG,01sQ4LtuJF9K1vlMFT,,
801wGTD0LbQ3cPzAJA,ORD-000000347,Draft,2024-01-22,2025-01-21,New,710 Huff Groves,Northhaven,CA,50152,United States,6968 Acosta Inlet,Cedar Crossing,MA,45439,United States,USD,Synthetic order for test and benchmark use.,2023-12-30T08:51:32Z,894611.06,001ELIrItgjWFxCQSW,003Eiir1zfVRuSlIZ7,,006OTMiE4lXDcS1ARJ,01sLoYtuPuiAhJSKZN,,003Eiir1zfVRuSlIZ7
80192K2jOEMhsMEQ1N,ORD-000000348,Activated,2024-03-30,2026-03-30,Renewal,4930 Swanson Road,Lake Briar,OR,87603,United States,176 Thomas Loop,Lake Briar,WA,58673,United States,USD,Synthetic order for test and benchmark use.,2024-02-01T17:14:00Z,2790404.66,001Oil2EokU3tWpID9,0036mmNusffWovpIGN,,0061NMs5MRG7sHyINX,01sJqGPflRJqwqCPRW,,0036mmNusffWovpIGN
801pyZTMUjegmWGYAK,ORD-000000349,Cancelled,2026-07-04,2028-07-03,New,94544 David Port,Willow Harbor,OR,10203,United States,058 Tracey Rue,Cedar Crossing,OR,10347,United States,USD,Synthetic order for test and benchmark use.,2026-06-13T10:46:55Z,830697.07,001KInyPfEAkhgcQEO,0039c0qERICaKo4AJ8,8009eDSbXqRkZwRQ2T,006vJK10atp9GkpASS,01sQ4LtuJF9K1vlMFT,,0039c0qERICaKo4AJ8
006b88SMWQzTaIpIYP,ORD-000000350,Cancelled,2025-09-24,2026-09-24,Renewal,4723 Dylan River,Cedar Crossing,CA,79703,United States,882 Williams Corner,Northhaven,TX,53584,United States,USD,Synthetic order for test and benchmark use.,2025-07-29T09:08:09Z,1267084.37,001ZtdM0LykySWPIE4,003OZDLPzTkmS9yYFU,,00i5NoS0FHkqTteQ5Q,01sLoYtuPuiAhJSKZN,0Q0u6BfOygEK5sES8P,0035heRF4LfS5QHQ5B
801fGpYUZoZBqGAIVJ,ORD-000000351,Fulfilled,2023-05-13,2026-05-12,New,35956 Dawn Wells,Alder Bay,MA,73266,United States,9205 Elliott Mills,Willow Harbor,TX,93700,United States,USD,Synthetic order for test and benchmark use.,2023-04-11T20:23:52Z,2802712.41,001ZV3zN3f85rlSYDN,003XfSezXjrwOTzIKG,800TPPSbhr16ZK9IJO,,01sLoYtuPuiAhJSKZN,,003HBVGQR6X79NxAFG
801MyFj0X0evT0iIKJ,ORD-000000352,Activated,2023-10-23,2026-10-22,Renewal,895 Nicholas Prairie,Summit Glen,CO,66773,United States,15221 James Station,Cedar Crossing,NC,76569,United States,USD,Synthetic order for test and benchmark use.,2023-09-22T10:20:49Z,2940461.62,001GikJVQQYFMgSI6M,003xoJjqRuD6JQuINX,800z269R6ifpeYRQJR,70181BSMex1BV2oY2A,01sf902KvuoXgXtOGX,,003bFL2NaSJfrCpQXU
801xETtKEHRShAoYZP,ORD-000000353,Draft,2021-02-08,2024-02-08,Amendment,435 Lauren Lake,Alder Bay,OR,66155,United States,33878 Khan Drive,Willow Harbor,TX,87942,United States,USD,Synthetic order for test and benchmark use.,2021-01-01T08:51:17Z,2425024.46,001ygA3FAG75gTTAXO,0039vrHZDDIGaHJA4T,800Vchmt8SLcmOuQZL,006Jwsa3eFMG33rQAI,01sLoYtuPuiAhJSKZN,,003rzl8QJiye2xyYHC
801dw57foCSzfVBIHO,ORD-000000354,Cancelled,2022-07-22,2023-07-22,Renewal,16682 Chen Trail,Summit Glen,WA,51557,United States,444 Melissa Cape,Lake Briar,WA,88721,United States,USD,Synthetic order for test and benchmark use.,2022-06-16T18:38:38Z,1636101.84,001H2ifRi7MnAnLIKL,,,006shRlqZmnnyfUYE0,01sf902KvuoXgXtOGX,,003oylSB1JB6P0eQ9K
801xNcxbZvb2Qk8Q8Y,ORD-000000355,Activated,2026-06-05,2028-06-04,New,9991 Charles Knoll,Alder Bay,CO,80808,United States,907 Cox Walk,Summit Glen,WA,53585,United States,USD,Synthetic order for test and benchmark use.,2026-04-06T05:45:37Z,389498.64,001Cie8IUBvN1LAIXN,003XphXZchuD8T4Q16,,70iEKKsvpW0SHkqQH8,01sf902KvuoXgXtOGX,,
72i3nBZxCQI0vftYG6,ORD-000000356,Activated,2021-06-02,2023-06-02,New,413 Snyder Causeway,Alder Bay,NC,92929,United States,07883 Silva Drive,Summit Glen,MA,16416,United States,USD,Synthetic order for test and benchmark use.,2021-04-12T23:50:21Z,721102.58,001tvKQbYklnB9tY2P,003Hft4JMPdcICEALJ,800O8Ra0PxdA5AwQR9,006mAqCQLvoO5idYZI,01sQ4LtuJF9K1vlMFT,,0039nywwcoxMniGIIW
801BAhLP1U4X1x9YEW,ORD-000000357,Fulfilled,2026-06-17,2028-06-16,New,13882 Carmen Canyon,Willow Harbor,OR,85224,United States,55149 Moore Ranch,Alder Bay,OR,86296,United States,USD,Synthetic order for test and benchmark use.,2026-04-28T22:13:21Z,1281784.16,001tvKQbYklnB9tY2P,003eWy6yqXeGgNqYTR,,70iWEYFezjbj27aIL5,01sQ4LtuJF9K1vlMFT,,
801a9Sn6em4fW5CQCR,ORD-000000358,Cancelled,2024-04-14,2025-04-14,New,15285 Chavez Street,Summit Glen,WA,16608,United States,4594 Lloyd Creek,Cedar Crossing,OR,92954,United States,USD,Synthetic order for test and benchmark use.,2024-03-25T06:24:25Z,215048.73,001kC1LlUdj8c3zY68,,,006fLXXRmFzm5m5QSV,01sQ4LtuJF9K1vlMFT,,00338UX9kGNIwR6YNC
8018R9xA3DkQz56QPT,ORD-000000359,Draft,2021-06-13,2022-06-13,Renewal,18306 Travis Ridge,Lake Briar,OR,79535,United States,45555 Williams Lodge,Willow Harbor,NC,62432,United States,USD,Synthetic order for test and benchmark use.,2021-05-15T04:59:33Z,1263275.56,001JTximtecXZZ0IK7,0030LfI9bdZF3eQINR,,006k9D7myVpRB2wYGP,01sQ4LtuJF9K1vlMFT,,
8010CIzsSgadkzpY5S,ORD-000000360,Activated,2022-04-10,2024-04-09,Renewal,46753 Wilson Mountain,Alder Bay,OR,88141,United States,2690 Stacey Ferry,Cedar Crossing,CA,25379,United States,USD,Synthetic order for test and benchmark use.,2022-03-06T19:32:05Z,452376.17,001mr80ElRqK1bZQVC,003LlJq3Dr4OalLYX7,,521FiKnX1ihmKBmIQQ,01sLoYtuPuiAhJSKZN,,003fxfNMWmD3J0XYFE
801hRr4uzzEcTjKYYQ,ORD-000000361,Fulfilled,2023-11-27,2024-11-26,Renewal,6640 Washington Forges,Northhaven,OR,51306,United States,76972 Patrick Stream,Alder Bay,MA,89102,United States,USD,Synthetic order for test and benchmark use.,2023-10-20T05:00:09Z,1802347.07,001LDOa8tzZhi9lQLS,003mzxvYX0gylHyAXZ,,02627uJs3bLAI8fQEU,01sJqGPflRJqwqCPRW,,003DzsGx5Fq1lXTIVL
51txBStHCwvBgfXIC1,ORD-000000362,Cancelled,2023-04-09,2026-04-08,Amendment,8328 Heath Forks,Summit Glen,WA,35401,United States,28377 White Tunnel,Lake Briar,WA,47413,United States,USD,Synthetic order for test and benchmark use.,2023-02-09T13:53:08Z,1965635.61,001vuI7W5NKUSqVAGG,003YnlgXXJ3fs0AQB3,,01i0VEuLsNMmv1bI17,01sQ4LtuJF9K1vlMFT,,003kxeIbYRarc1MYRV
020M8CboFRIiD3NQG4,ORD-000000363,Activated,2025-09-24,2027-09-24,New,166 Loretta Wells,Northhaven,OR,31373,United States,2476 Megan Mall,Willow Harbor,NC,85661,United States,USD,Synthetic order for test and benchmark use.,2025-09-22T09:03:44Z,2568886.68,001zBr7D0amNm8PY72,003fJVkLHH5nEXLAJL,,006DyTvQPKimCaHIY6,01sLoYtuPuiAhJSKZN,,00343bIdpjNXmX0IFJ
801O9lJT6dSpJ25QYK,ORD-000000364,Draft,2025-11-28,2027-11-28,Renewal,976 Jordan Forges,Cedar Crossing,OR,61410,United States,946 Mendoza Mount,Summit Glen,TX,52290,United States,USD,Synthetic order for test and benchmark use.,2025-10-18T10:56:12Z,1678726.59,001Ivgehi2RhpxmIXK,0038F3XT25bzrwRARW,,510UTmIoMkdLeZsYYB,01sLoYtuPuiAhJSKZN,,0030xWcxrRWbioOIV0
801ckdklBFiBMk5AS3,ORD-000000365,Cancelled,2023-05-13,2024-05-12,Renewal,118 Jared Overpass,Lake Briar,CA,19047,United States,1860 Hughes Stravenue,Northhaven,CA,81351,United States,USD,Synthetic order for test and benchmark use.,2023-04-06T08:32:53Z,372958.57,0010APGD8asQ2PkIS9,003B3AJH3u2wz9VQGN,,006kz7Zjv3Y4k1FIXT,01sLoYtuPuiAhJSKZN,,003B3AJH3u2wz9VQGN
02iDY0WnClXpc1oAED,ORD-000000366,Draft,2023-02-15,2024-02-15,Amendment,788 Samantha Manors,Cedar Crossing,CA,13024,United States,1601 Tiffany Point,Northhaven,TX,85396,United States,USD,Synthetic order for test and benchmark use.,2023-01-16T05:53:41Z,1790176.6,001vnn1W5RPN0LPYO8,003FXncODtG3z8xQ4F,800bjmohWwCP7WSIB5,500Q2cTozA6h6POIBP,01sf902KvuoXgXtOGX,,003zu9kFOrpbJ8UYJH
8015eUUqWcEPtHtA03,ORD-000000367,Fulfilled,2022-06-10,2025-06-09,Renewal,24839 Stone Glen,Northhaven,OR,67048,United States,957 Chavez Drive,Cedar Crossing,CA,88585,United States,USD,Synthetic order for test and benchmark use.,2022-04-20T00:37:59Z,175391.6,001CmyWD3JXNdXOAM9,003x8fjgq3Azg0PQN3,,006hof4HCVUVLzkYA3,01sf902KvuoXgXtOGX,,003x8fjgq3Azg0PQN3
526Imw6DY8mwXfkAXM,ORD-000000368,Activated,2026-05-14,2027-05-14,Renewal,792 Michael Points,Cedar Crossing,CO,34717,United States,392 Christopher Spring,Cedar Crossing,NC,43718,United States,USD,Synthetic order for test and benchmark use.,2026-05-09T00:32:48Z,1156003.97,001t1tQX1aEupiNQXE,003Hpz0CVSGAGcLYJ1,,821PrCNGNjz4IXXAB7,01sQ4LtuJF9K1vlMFT,,003cMX0lIecSIbxYI1
826eCAoTWvZ6dnrIUI,ORD-000000369,Draft,2021-09-22,2022-09-22,New,965 Levy Street,Lake Briar,MA,44220,United States,64153 Carter Underpass,Willow Harbor,TX,87574,United States,USD,Synthetic order for test and benchmark use.,2021-08-09T04:22:46Z,962161.41,001Mpyhcy0YjCuyQPK,0032EAKca0kIqbpYN4,,00tK8p779q4DqJHYDL,01sf902KvuoXgXtOGX,,003y2706GnkVV3oIOY
801dvx5apY409ljID4,ORD-000000370,Draft,2024-03-11,2027-03-11,Renewal,754 Schmidt Rapids,Alder Bay,CA,99105,United States,74905 Gilbert Lock,Alder Bay,NC,59412,United States,USD,Synthetic order for test and benchmark use.,2024-01-18T04:21:17Z,2244078.6,0011y3R0qW4167MAMP,003XijlXXYNtjjrAZG,,51tB6jq7uWCBasGQN3,01sQ4LtuJF9K1vlMFT,,003dhEq28R9SWrsYJD
5067UXCPF5tP5Y0ACJ,ORD-000000371,Fulfilled,2025-05-30,2028-05-29,Renewal,65203 Ward Fields,Lake Briar,WA,67634,United States,2791 Rachel Course,Lake Briar,CO,99870,United States,USD,Synthetic order for test and benchmark use.,2025-04-08T23:53:44Z,2358993.96,001iWJjSJhQ7PeuAR2,003SJyQYGz4dPYDY8D,,71039gZq2bNxatoQZ9,01sQ4LtuJF9K1vlMFT,,003XNoGMIPTvl16ANC
816ab0bkuTLatyOQKY,ORD-000000372,Draft,2022-05-30,2024-05-29,Amendment,810 Johnson Station,Alder Bay,CO,64254,United States,4259 Bates Dale,Cedar Crossing,TX,34029,United States,USD,Synthetic order for test and benchmark use.,2022-04-27T06:30:09Z,1029372.72,0012n9SIy3FafTfYR5,003D7d3x3cWcUuRILQ,,006BVEigoTGsIGqQBA,01sQ4LtuJF9K1vlMFT,,003D7d3x3cWcUuRILQ
801ngdnAYPPmgoqQ3B,ORD-000000373,Cancelled,2025-06-14,2027-06-14,New,013 Jessica Corner,Alder Bay,OR,25371,United States,8472 Jose Common,Cedar Crossing,TX,32737,United States,USD,Synthetic order for test and benchmark use.,2025-04-19T08:28:41Z,1998143.03,001SDonDyKHRDRwYPS,003xKpYjRI45OxiI97,800WzBbamb8GTqVQ1C,52tF2Dlx5paG5c8Y5C,01sLoYtuPuiAhJSKZN,,003KGcWILZDhxjxYQE
801ntBMOd8UnPWDYY2,ORD-000000374,Fulfilled,2024-05-07,2025-05-07,Renewal,57134 Julie Street,Summit Glen,OR,31368,United States,4134 Darrell Ridge,Summit Glen,CO,55019,United States,USD,Synthetic order for test and benchmark use.,2024-04-06T05:36:37Z,1864436.49,001mr80ElRqK1bZQVC,,,006eWEWXuAU9o6tY9T,01sLoYtuPuiAhJSKZN,,003LlJq3Dr4OalLYX7
801IvyNCvxMtA96QAK,ORD-000000375,Cancelled,2024-08-08,2025-08-08,Amendment,720 Moore Port,Summit Glen,CO,62646,United States,65611 Ortiz Unions,Cedar Crossing,CO,50578,United States,USD,Synthetic order for test and benchmark use.,2024-06-29T06:22:15Z,2074887.71,001qP46mGWsPnuOQ5R,0032Dq1RpC8fn19A4A,800WGmMAqFXhoiTIUV,,01sf902KvuoXgXtOGX,,003oOBOvrWV3r2WA8W
801eZTowiDqwZeTY75,ORD-000000376,Draft,2022-02-27,2023-02-27,New,50267 Rogers Courts,Willow Harbor,NC,80886,United States,72718 Reid Estates,Summit Glen,TX,88013,United States,USD,Synthetic order for test and benchmark use.,2022-02-04T01:19:21Z,680027.56,001Ql5gfswhLAUiIZH,,80029icpuli0p45QKF,51t4ISe2oquT5onIYK,01sLoYtuPuiAhJSKZN,,003lB2NenmLqpSgANW
801GqZrpNQ06B3NA9Q,ORD-000000377,Cancelled,2021-12-17,2022-12-17,Amendment,9690 William Hills,Alder Bay,CO,67000,United States,586 Hall Meadows,Northhaven,MA,66975,United States,USD,Synthetic order for test and benchmark use.,2021-10-31T22:52:13Z,2448184.01,001e5khOQO7raMEQ3D,0031hsI8yhK8t9wA42,,000drBgiK1yV65gYEN,01sQ4LtuJF9K1vlMFT,0Q03uABJpPNzImcCTP,0031hsI8yhK8t9wA42
801KxdqLYLtDtxTYRX,ORD-000000378,Draft,2023-08-31,2024-08-30,New,85072 Garcia Plaza,Northhaven,MA,68290,United States,84705 Bradley Common,Lake Briar,WA,25101,United States,USD,Synthetic order for test and benchmark use.,2023-07-31T01:55:08Z,860226.52,001rYkP9rcvMmHAQOV,003cVGsrffaguWrYD5,,51iAVy4Ie2g7YtTIOV,01sQ4LtuJF9K1vlMFT,,003cVGsrffaguWrYD5
801hTsqAxyBGuqOQ9S,ORD-000000379,Fulfilled,2021-06-07,2022-06-07,Amendment,8099 Melendez Rue,Cedar Crossing,TX,57069,United States,527 Allison Streets,Alder Bay,OR,64076,United States,USD,Synthetic order for test and benchmark use.,2021-05-02T08:24:16Z,1127956.96,001tvKQbYklnB9tY2P,0039D7aXvRQGJqiITC,,006YVkc7XZ08VkgAVR,01sQ4LtuJF9K1vlMFT,0Q0jpDVL5jnOFKRC44,003EXtBzfFLxFbpQ92
801n1apHcszh9uaYRU,ORD-000000380,Activated,2025-06-22,2026-06-22,Renewal,98670 Valdez Skyway,Cedar Crossing,TX,85410,United States,277 Brian Isle,Cedar Crossing,CO,60782,United States,USD,Synthetic order for test and benchmark use.,2025-05-23T13:56:20Z,2537570.76,001EocC12jSBhyyIOU,0035o5gdXA6uoljY5G,8000iu1gPnwYYKdYOU,50iTnLuA85S8qYoQYM,01sLoYtuPuiAhJSKZN,,003uJwtjEr9zwIHQ67
8013hVhK0hkDQMRYLU,ORD-000000381,Fulfilled,2022-05-11,2023-05-11,Renewal,760 Campbell Crossing,Alder Bay,WA,16887,United States,4689 Tina Underpass,Northhaven,TX,59473,United States,USD,Synthetic order for test and benchmark use.,2022-04-12T19:41:15Z,323686.4,001qD5B1fJ8KUKBIVO,003p52UPTinQ0mzADQ,,000PVtknOKI3BHaY58,01sLoYtuPuiAhJSKZN,,0033befOPPr0xxPY1E
801dprlrY0l5hWiYK1,ORD-000000382,Fulfilled,2022-01-30,2023-01-30,Renewal,632 Amanda Crossroad,Cedar Crossing,NC,32825,United States,32291 Justin Rapids,Northhaven,OR,53991,United States,USD,Synthetic order for test and benchmark use.,2021-12-23T10:11:31Z,1517534.95,001iIp10CH2rdjrQCH,003F7FFpQhCYBgJAKA,800gui9hkljmMroQK6,7203OQNAvLWnbb3Q5E,01sf902KvuoXgXtOGX,,003GdAWYE90Z1GMIR7
520gmMJUQGawEHdI4K,ORD-000000383,Cancelled,2022-02-11,2025-02-10,Renewal,24161 Ashley Hollow,Lake Briar,NC,60677,United States,20339 Heather Garden,Summit Glen,NC,33487,United States,USD,Synthetic order for test and benchmark use.,2021-12-20T00:42:31Z,17372.61,0018YzqdxvbgCoaYQU,003g1jXJmFJ4W6mASA,800IjjLhU5OjArOY3V,00iQdjx4xLmOmbDYYY,01sQ4LtuJF9K1vlMFT,,003JvoXoFTycMnjQM5
80140e2ad3L7FWRILL,ORD-000000384,Cancelled,2025-10-21,2028-10-20,Renewal,53194 Matthews Roads,Summit Glen,MA,85085,United States,27728 Jones Island,Lake Briar,CO,21279,United States,USD,Synthetic order for test and benchmark use.,2025-09-24T07:45:47Z,2063482.89,0014BI0PTpGJAb4ICJ,003FKXxBgBiznkCAKK,,006zOXPozGWvIdBYAC,01sLoYtuPuiAhJSKZN,,003YGDgi4wpYkizA4I
801byWB1ax6qzxlIJE,ORD-000000385,Activated,2025-08-28,2026-08-28,Renewal,854 Potter Mission,Lake Briar,NC,54943,United States,541 Claudia Estates,Summit Glen,CO,38545,United States,USD,Synthetic order for test and benchmark use.,2025-07-06T14:44:46Z,737993.22,001tvKQbYklnB9tY2P,003ElPSqGnL5349YXS,800O8Ra0PxdA5AwQR9,006mAqCQLvoO5idYZI,01sQ4LtuJF9K1vlMFT,,003Ds2YGIiay3SUYCI
8014d287qjx0dnbAHH,ORD-000000386,Activated,2026-07-04,2027-07-04,Renewal,686 Potter Manor,Lake Briar,NC,76779,United States,9473 William Trail,Summit Glen,OR,49421,United States,USD,Synthetic order for test and benchmark use.,2026-06-13T22:15:51Z,9010.87,001qP46mGWsPnuOQ5R,003myiDNlyhPnhDYE5,,006HtvHcUBZ6fPDIS7,01sf902KvuoXgXtOGX,,003a2EStO05FA7uA00
801ePF8oR3xSI3ZANC,ORD-000000387,Draft,2025-04-25,2027-04-25,New,3093 Chelsea Parkway,Northhaven,NC,66378,United States,257 Aguilar Circle,Lake Briar,TX,70192,United States,USD,Synthetic order for test and benchmark use.,2025-03-10T10:57:17Z,450574.84,0015V7rw9hGOgNCI3G,003dhbqvcOmeH61IVE,,006Y0BhG54aYCW5AHO,01sf902KvuoXgXtOGX,0Q0xRLdbe0xGSj2KXN,003dhbqvcOmeH61IVE
801xEuZGApUigHWIV2,ORD-000000388,Draft,2024-01-22,2026-01-21,Amendment,39773 Fritz Underpass,Cedar Crossing,WA,81851,United States,6861 Tristan Highway,Summit Glen,MA,69519,United States,USD,Synthetic order for test and benchmark use.,2023-12-27T09:33:05Z,1693962.96,001KKprsa8fDGWEQ2J,003C5H0i3f2GJWUIBA,,5113O7OhVyVpRRPISJ,01sf902KvuoXgXtOGX,,003TYIKF3Ny96cVADR
801Fyo6wj2EOdVrI5Z,ORD-000000389,Draft,2026-06-27,2027-06-27,Renewal,056 Patterson Crossing,Lake Briar,MA,80342,United States,645 Jacob Views,Summit Glen,MA,27334,United States,USD,Synthetic order for test and benchmark use.,2026-05-07T03:01:22Z,1166459.55,0015F3Mg4glglAzQRW,,800Bk0w40T92krwYR5,000CQ9iBxBhpsC9QI8,01sQ4LtuJF9K1vlMFT,,
716PLRyHOjrYVV6QRB,ORD-000000390,Cancelled,2025-12-02,2026-12-02,New,022 Johnson Land,Cedar Crossing,NC,10932,United States,03891 Pamela Underpass,Summit Glen,NC,89130,United States,USD,Synthetic order for test and benchmark use.,2025-11-14T11:51:47Z,1878026.1,001B2d6s5HXqPpaQYB,003ORoNeSmxFDrPIIU,,,01sQ4LtuJF9K1vlMFT,,003ORoNeSmxFDrPIIU
801nUkL3a91n4PtIQY,ORD-000000391,Draft,2025-05-12,2027-05-12,Renewal,886 Montgomery Extension,Northhaven,NC,28251,United States,257 Jeremy Views,Cedar Crossing,TX,81484,United States,USD,Synthetic order for test and benchmark use.,2025-03-27T02:16:02Z,2380686.86,001lpuGrFmSTBnuY0M,0037NqTBwWjr1kjA00,800R8kJjrZFsrVrQ65,006nhw8UIvDED2WYPB,01sf902KvuoXgXtOGX,,003QtOXdXsP3do4QRR
801oBptWnRMOSrZIL9,ORD-000000392,Activated,2021-09-08,2023-09-08,Renewal,135 Stevens Route,Lake Briar,NC,83053,United States,946 Sanders Rapids,Alder Bay,NC,56258,United States,USD,Synthetic order for test and benchmark use.,2021-08-05T01:24:10Z,637656.32,001Ql5gfswhLAUiIZH,003lnLGBRaQPFvjQG3,80029icpuli0p45QKF,006t3RhL6YOQkosAYF,01sQ4LtuJF9K1vlMFT,0Q0bNainOH1hOGm0KV,003PL78eCf0J4yUI26
801aGOFOkJfW7thQB5,ORD-000000393,Cancelled,2024-08-01,2026-08-01,New,233 Thompson Rest,Willow Harbor,TX,84569,United States,5874 Keith Plains,Alder Bay,TX,64363,United States,USD,Synthetic order for test and benchmark use.,2024-06-07T21:09:43Z,1449496.94,001BJaRoad36sorI41,,,,01sLoYtuPuiAhJSKZN,0Q0ulUA9WgoXVNkCEJ,
801gFTFV56xWMu1IB4,ORD-000000394,Draft,2025-06-30,2028-06-29,Renewal,1731 Carmen Hills,Willow Harbor,MA,37277,United States,0348 Kimberly Freeway,Northhaven,OR,60711,United States,USD,Synthetic order for test and benchmark use.,2025-06-12T20:34:05Z,1025781.51,001PygtS3FHgKj8Q8G,003NxsyUn0x5nr3AFS,,516FzeN3XsvCepCIJM,01sQ4LtuJF9K1vlMFT,,0037Bsg2Pb6hce1Y60
801q2F2waxoh4T4YO0,ORD-000000395,Cancelled,2024-06-21,2026-06-21,Renewal,847 Tiffany Falls,Northhaven,MA,75860,United States,8674 Philip Overpass,Cedar Crossing,OR,38265,United States,USD,Synthetic order for test and benchmark use.,2024-06-03T04:39:50Z,2081012.38,001nrvjrS2WHC2oY9X,,,010EQOFvjlpqXRWYF9,01sf902KvuoXgXtOGX,,
70t0s0VCAo0cSBGIO5,ORD-000000396,Fulfilled,2022-11-22,2024-11-21,New,52362 Chelsea Estate,Cedar Crossing,MA,84253,United States,361 Robert Light,Cedar Crossing,NC,78667,United States,USD,Synthetic order for test and benchmark use.,2022-10-31T07:41:14Z,2691009.65,001JM45YOxOPMdeQIO,0032T44W9BLI5K3IK7,,521frQ5k77mkPylINK,01sQ4LtuJF9K1vlMFT,0Q03I2URNaQKyERKZ0,003QYJse9mNIwwVAVV
801k8sAfYXHdlafIXR,ORD-000000397,Activated,2024-06-16,2025-06-16,Amendment,74033 Phillips Landing,Willow Harbor,NC,41000,United States,0344 Campbell Junction,Northhaven,CO,86819,United States,USD,Synthetic order for test and benchmark use.,2024-05-04T06:03:54Z,1131697.31,001PcZ9V15a5LqkQLE,003SuS97kgzeiZsYFR,,006aHooveh85ybBYI8,01sQ4LtuJF9K1vlMFT,,003SuS97kgzeiZsYFR
51iDTuNgsYSnlfNQAZ,ORD-000000398,Cancelled,2022-06-08,2024-06-07,Amendment,601 Danielle Harbor,Alder Bay,MA,34426,United States,736 Amanda Shoals,Northhaven,OR,15664,United States,USD,Synthetic order for test and benchmark use.,2022-04-13T12:57:46Z,706578.76,001g2MhymLdN59YQJG,003Ah8zNtdSdttoAQ0,800puUrLzvJbTTvQBH,006z2g61Ka8pT1mQFV,01sQ4LtuJF9K1vlMFT,,003r34PQX5GrR3tYM1
021YmY77WfmQkDCQWM,ORD-000000399,Fulfilled,2021-12-17,2023-12-17,Amendment,55732 Mcdonald Mount,Northhaven,WA,64566,United States,77006 Lisa Ports,Willow Harbor,CO,41699,United States,USD,Synthetic order for test and benchmark use.,2021-11-09T04:12:50Z,896133.17,001I9h4vN2Mpc08I26,,800QlpIV95QgNc1QMK,006gQCGCiLbdaimACJ,01sQ4LtuJF9K1vlMFT,,0038M1l1Mhuj6b5ABN
801mnbRmW0nxT2mISF,ORD-000000400,Draft,2023-05-02,2024-05-01,Renewal,1191 Amanda Union,Cedar Crossing,TX,20047,United States,01617 Joseph Mountain,Northhaven,TX,44377,United States,USD,Synthetic order for test and benchmark use.,2023-04-20T15:26:42Z,2193136.79,001rvlO3y0uELfOAW4,003uql3pJq5GjswANL,,006wQ7Ukj2LoQvbAU2,01sf902KvuoXgXtOGX,0Q0AEbT2apDp2dVKUG,003uql3pJq5GjswANL
801YgYT8EYk06chIZJ,ORD-000000401,Draft,2026-06-03,2027-06-03,New,56243 Patel Shoal,Northhaven,OR,74006,United States,457 Crane Street,Cedar Crossing,WA,80704,United States,USD,Synthetic order for test and benchmark use.,2026-05-21T02:43:08Z,1559707.62,001Onbk5O4QRQcvA7I,003qOJR4n4AfhN6QNV,,82tNIDzfrf5G07qIST,01sLoYtuPuiAhJSKZN,,003qOJR4n4AfhN6QNV
801vDnAsDhBBt9lQCW,ORD-000000402,Cancelled,2023-09-01,2025-08-31,New,64335 Derrick Mill,Alder Bay,NC,81384,United States,65647 Davis Corner,Northhaven,TX,13170,United States,USD,Synthetic order for test and benchmark use.,2023-07-23T16:38:58Z,346482.45,00134kztbICJD2tYCZ,0032GzHIi5eWKRVYVK,800B1LU48CcQp1LYPI,520XJrk2Cut9UV0QB6,01sLoYtuPuiAhJSKZN,,003ljgE2o5CJoOEI7M
711sjOMroMleK2ZIC6,ORD-000000403,Fulfilled,2022-05-22,2024-05-21,Amendment,18574 Sierra Brook,Cedar Crossing,TX,62730,United States,119 Bruce Ports,Willow Harbor,CA,22181,United States,USD,Synthetic order for test and benchmark use.,2022-04-23T23:32:58Z,1630620.14,001DbG9gnZEl0ZPAAY,003mmgdgzVnG7x9ING,,006FuZqMhzhbMBjIXF,01sQ4LtuJF9K1vlMFT,,0031OgLshls4XrqQ85
5019MojCtCuIh3uIRM,ORD-000000404,Draft,2026-04-17,2027-04-17,Amendment,82270 Caitlyn Fords,Alder Bay,TX,65429,United States,21808 Kari Lodge,Summit Glen,CO,72667,United States,USD,Synthetic order for test and benchmark use.,2026-02-26T15:40:41Z,336149.5,001MWcxAC2gFuxkIC7,003Vov5oCX6NQVwQI1,,,01sLoYtuPuiAhJSKZN,,
801EMubrrcbPCSmIKM,ORD-000000405,Fulfilled,2024-06-10,2027-06-10,New,0260 Farmer Stravenue,Willow Harbor,CA,31591,United States,003 Smith Throughway,Lake Briar,CA,69596,United States,USD,Synthetic order for test and benchmark use.,2024-04-11T06:49:14Z,353312.79,0014BI0PTpGJAb4ICJ,003L9uAYQt0cAHyIUX,,006Gk0wSSsdxmmQIK9,01sLoYtuPuiAhJSKZN,,003HBITmsdDovLfYDZ
80123znmSwwy052AAQ,ORD-000000406,Cancelled,2025-08-13,2028-08-12,Amendment,323 Linda Divide,Summit Glen,WA,32251,United States,674 Grimes Spur,Summit Glen,MA,61348,United States,USD,Synthetic order for test and benchmark use.,2025-07-26T22:25:36Z,2544592.06,001U9TwW1ZhV64GITA,003jfoRxJl46zPYQL2,800OR591NYgi9BVAC3,80ipodFX8s3DDUoAAB,01sLoYtuPuiAhJSKZN,,003jfoRxJl46zPYQL2
01iTe4h5EJ3EcFRI2U,ORD-000000407,Draft,2023-10-03,2024-10-02,Renewal,20203 Randy Branch,Cedar Crossing,CO,89670,United States,03452 Bruce Mews,Cedar Crossing,CO,98051,United States,USD,Synthetic order for test and benchmark use.,2023-09-01T23:21:41Z,1382246.65,001iEyIVnkSiy8UIX8,003HQll5QO7BepcYC2,,,01sLoYtuPuiAhJSKZN,,003HQll5QO7BepcYC2
801iURiH8mEyom0Q0N,ORD-000000408,Draft,2021-06-23,2024-06-22,Amendment,8415 May Plains,Northhaven,MA,49040,United States,2247 Garner Land,Cedar Crossing,WA,50368,United States,USD,Synthetic order for test and benchmark use.,2021-06-05T12:18:30Z,1715661.29,001AZHmNsDfQdrZQQD,,,7112i1Hr50yHeraQMN,01sQ4LtuJF9K1vlMFT,,
8015FxZxwoLUTSOQ5O,ORD-000000409,Cancelled,2021-10-21,2024-10-20,New,825 Craig Expressway,Northhaven,CA,91976,United States,372 Tyler Fall,Northhaven,CO,93082,United States,USD,Synthetic order for test and benchmark use.,2021-08-25T14:53:23Z,188078.95,001wOS4RTezb6AxY4U,00379aqfJGg6fFGQSY,,0061qThIuslKrF7IVW,01sf902KvuoXgXtOGX,,003zlDJBeSE6i1PIZ5
7216z0Covc69tl1QFO,ORD-000000410,Draft,2023-02-15,2026-02-14,Renewal,27236 Debbie Lock,Northhaven,NC,84907,United States,18838 Richardson Roads,Lake Briar,CA,54112,United States,USD,Synthetic order for test and benchmark use.,2023-01-07T18:34:32Z,2815985.19,001CobSEZTi3dLCAGD,003YF00aMIjSewVQZQ,,006KLFzhTTzXvGNARK,01sQ4LtuJF9K1vlMFT,,003NTUM7lbpHepMYAS
801z9DWeLkE4qDCINE,ORD-000000411,Fulfilled,2024-05-18,2026-05-18,Renewal,1897 Chad Throughway,Cedar Crossing,CO,32057,United States,215 Wade Plains,Lake Briar,CA,79142,United States,USD,Synthetic order for test and benchmark use.,2024-04-01T20:16:38Z,1444115.55,001JTximtecXZZ0IK7,003u2f5oGPzB7zdA0X,,,01sQ4LtuJF9K1vlMFT,,003OaopeGXOMzCMIYX
80130pu5xI1H55wYE7,ORD-000000412,Cancelled,2025-04-06,2028-04-05,Renewal,448 Barnes Villages,Alder Bay,NC,93892,United States,978 Erica Common,Alder Bay,OR,38735,United States,USD,Synthetic order for test and benchmark use.,2025-03-24T14:42:40Z,1694866.24,001Onbk5O4QRQcvA7I,003qOJR4n4AfhN6QNV,,82tNIDzfrf5G07qIST,01sLoYtuPuiAhJSKZN,0Q0GFJgTm6gATY2KA3,003qOJR4n4AfhN6QNV
8016wTWVZsFaqh4IXT,ORD-000000413,Fulfilled,2023-03-25,2024-03-24,New,35996 Higgins Canyon,Northhaven,CO,25195,United States,1499 Wright Points,Alder Bay,WA,54499,United States,USD,Synthetic order for test and benchmark use.,2023-02-18T07:00:03Z,240722.25,001gcyiBi1aOx6uAJ7,003hSPH7e0S4NL9IKA,800i2e9JuQkjvVeIGG,006jN2Dw7tUsqmqQBB,01sQ4LtuJF9K1vlMFT,,003hSPH7e0S4NL9IKA
8015BhusAztYAjUQKJ,ORD-000000414,Cancelled,2025-09-03,2028-09-02,New,5347 Mark Square,Northhaven,MA,74906,United States,9594 James Port,Lake Briar,NC,73973,United States,USD,Synthetic order for test and benchmark use.,2025-08-27T05:50:29Z,722379.63,001EocC12jSBhyyIOU,003DnDlPXrvzmkCIGX,,,01sQ4LtuJF9K1vlMFT,0Q0bf8034IqTyb9CAZ,003xHCmVK9xzUW6IM8
801nk0LQjZ8VdMjIEI,ORD-000000415,Cancelled,2025-11-05,2027-11-05,New,755 Huang Throughway,Willow Harbor,OR,78656,United States,56732 Stacey Ford,Northhaven,CA,79837,United States,USD,Synthetic order for test and benchmark use.,2025-10-17T21:22:13Z,2779404.88,001FHyBhLc8CzxgIVO,0034aOXLvFz8KLpQIU,,006rUY5OiC5YhNEA7B,01sLoYtuPuiAhJSKZN,,0034aOXLvFz8KLpQIU
810z1ZNpoTJi221YF5,ORD-000000416,Activated,2022-08-17,2024-08-16,New,49915 Scott Canyon,Northhaven,NC,29358,United States,264 Bradshaw Mission,Lake Briar,TX,64859,United States,USD,Synthetic order for test and benchmark use.,2022-07-07T08:51:10Z,2501043.22,001IqTHPQDIx3azQWL,003H343HFGYN1QVYZD,800ixsNw2gFmwpJAUA,006MqvQY1t1liwuIRM,01sf902KvuoXgXtOGX,,003H343HFGYN1QVYZD
8016BPns8hYk2dQYWU,ORD-000000417,Draft,2024-10-25,2025-10-25,Amendment,969 Francis Squares,Cedar Crossing,CO,87787,United States,6944 Mcguire Spurs,Cedar Crossing,MA,27130,United States,USD,Synthetic order for test and benchmark use.,2024-09-11T16:39:00Z,286183.41,001Q3kntrifzyYWI62,003wcmib2CNW8pIYRI,,00634eQgMzvchwvI95,01sf902KvuoXgXtOGX,,003wcmib2CNW8pIYRI
801k95GPlEtk8HHQRU,ORD-000000418,Fulfilled,2023-12-20,2025-12-19,New,837 Andrews Center,Cedar Crossing,CA,16257,United States,5096 Montgomery Parkway,Willow Harbor,MA,62837,United States,USD,Synthetic order for test and benchmark use.,2023-11-24T21:13:29Z,2047694.56,001G40EGKjt7p96I7T,003UJMIOM9zfWh8QEM,,506lE6RMDqvThysAOK,01sf902KvuoXgXtOGX,0Q0STQrJ9T1WCxfCNI,003TzZeo9ark3IEAUI
801wjJmm8ol2SuNY9F,ORD-000000419,Fulfilled,2021-09-03,2022-09-03,Amendment,8453 Thomas Plains,Lake Briar,WA,45679,United States,08803 Parrish Manor,Willow Harbor,CO,65871,United States,USD,Synthetic order for test and benchmark use.,2021-08-16T06:03:52Z,2130998.58,001ZIcBit9DhXpUAPA,003n7DRKKJS9PqNQWE,,006dbT5cOGDgHY6QVK,01sLoYtuPuiAhJSKZN,,0031u8vbGWa7ODyQZ7
801W0TWbg8diZOyQL3,ORD-000000420,Draft,2022-06-22,2025-06-21,New,9666 Taylor Junctions,Northhaven,CA,40549,United States,8190 Kristin Hollow,Summit Glen,CA,66955,United States,USD,Synthetic order for test and benchmark use.,2022-05-22T10:06:16Z,1207084.3,0014rAjCuliftUBIPG,003FD5dV6K3l93CAIJ,,02tzRDIDIBwiHFNQ86,01sQ4LtuJF9K1vlMFT,,003FD5dV6K3l93CAIJ
801xhuZRE8rCoO4QNR,ORD-000000421,Draft,2022-09-23,2023-09-23,Renewal,005 Torres Union,Summit Glen,CO,43010,United States,1815 Paul Shoal,Northhaven,CA,75349,United States,USD,Synthetic order for test and benchmark use.,2022-09-07T17:49:30Z,994817.23,001Ql5gfswhLAUiIZH,,,026CvoPIjoSqqQcY7O,01sLoYtuPuiAhJSKZN,,003scPfyTFeoUBaYWY
801VYhwRnocCpR2I3F,ORD-000000422,Activated,2022-06-04,2023-06-04,Renewal,4152 Rachel Parks,Northhaven,TX,19630,United States,80492 Jasmine Terrace,Cedar Crossing,TX,47609,United States,USD,Synthetic order for test and benchmark use.,2022-04-10T14:29:26Z,221121.57,001sxFqtMp1pxP6AMV,,,006uJMzED6Hs1DdYML,01sQ4LtuJF9K1vlMFT,0Q0s9cFB18WdAYXSEV,
801bbycDsTUGMLLYKD,ORD-000000423,Draft,2022-09-09,2024-09-08,Amendment,988 Sherman Row,Summit Glen,TX,10613,United States,3285 Amy Field,Lake Briar,CA,77265,United States,USD,Synthetic order for test and benchmark use.,2022-08-29T04:06:11Z,2536811.28,001O9pjOr1MPWQwQSK,003R375X0ukUtivI7U,,006S66EsU3sUtFGA9W,01sLoYtuPuiAhJSKZN,0Q0nOsltH715Hy9KHU,003R375X0ukUtivI7U
71tIVICNN3jtMRdQ9J,ORD-000000424,Activated,2022-01-06,2024-01-06,New,49982 Stevenson Place,Willow Harbor,TX,51196,United States,6274 Paul Coves,Lake Briar,TX,39823,United States,USD,Synthetic order for test and benchmark use.,2021-12-25T08:20:14Z,2517030.77,001G40EGKjt7p96I7T,003TzZeo9ark3IEAUI,,70titUbXvNESuZzI2D,01sQ4LtuJF9K1vlMFT,,003x8TAB6P8rZeLQSO
801PDBM5YJsKPDaINR,ORD-000000425,Fulfilled,2023-03-24,2024-03-23,New,14035 Valerie Views,Northhaven,NC,97883,United States,239 James Falls,Lake Briar,MA,13675,United States,USD,Synthetic order for test and benchmark use.,2023-03-12T03:27:09Z,348059.26,0013e2Rh2QW4yB5YBM,003BdmepSnncyxLQ9A,800aawsTVoY6sIFIQ3,00ixs5i8iJUUoBHYRD,01sQ4LtuJF9K1vlMFT,0Q0yIabzmYlP6BS0BT,003BdmepSnncyxLQ9A
801zW4ysERHSSu4YHI,ORD-000000426,Cancelled,2023-06-09,2026-06-08,New,2311 Erik Turnpike,Summit Glen,NC,24551,United States,2112 Megan Turnpike,Summit Glen,MA,95552,United States,USD,Synthetic order for test and benchmark use.,2023-05-17T22:12:56Z,316549.08,001GJ2vwlaXONX0IFT,003FnRw4OpFruhcA9O,,70t6zfJDK7qD6LOI8Q,01sLoYtuPuiAhJSKZN,,003VCiuiE6Fh61HYE7
52t57fX3JX9To5eAK1,ORD-000000427,Activated,2025-12-16,2026-12-16,Amendment,77113 Marissa Ferry,Willow Harbor,OR,47101,United States,506 Brittany Valleys,Alder Bay,OR,82139,United States,USD,Synthetic order for test and benchmark use.,2025-11-02T19:59:56Z,960217.88,001Oil2EokU3tWpID9,0036mmNusffWovpIGN,,8265muEYKejVy6OYFL,01sf902KvuoXgXtOGX,,0036mmNusffWovpIGN
82iMddX6Mt9LA2CQY2,ORD-000000428,Cancelled,2025-05-18,2027-05-18,Amendment,8132 Matthew Stravenue,Northhaven,TX,14989,United States,7625 Emily Road,Lake Briar,NC,69230,United States,USD,Synthetic order for test and benchmark use.,2025-05-10T03:53:49Z,397420.48,001gQSNxeXgntf7YR3,003znoESl5OADaOQ41,,00637kOJWWqJdXyIJE,01sf902KvuoXgXtOGX,,003znoESl5OADaOQ41
8010XSwrGGOQHqwAHK,ORD-000000429,Draft,2022-06-01,2023-06-01,Amendment,69130 Andrew View,Northhaven,WA,29198,United States,6116 Taylor Stravenue,Lake Briar,TX,94461,United States,USD,Synthetic order for test and benchmark use.,2022-05-01T18:28:06Z,2228704.07,001ax6fYCGAkn42YO7,00300F7hDG51WfwQJX,,011uTS0O62cBIW1YEA,01sQ4LtuJF9K1vlMFT,,00300F7hDG51WfwQJX
801jtB8qO8bI2PSACW,ORD-000000430,Activated,2025-10-28,2027-10-28,Amendment,4207 Page Plains,Northhaven,OR,51217,United States,2312 Hernandez Fall,Northhaven,OR,86557,United States,USD,Synthetic order for test and benchmark use.,2025-10-26T17:54:10Z,266445.62,001MfuiALipgsrAIEL,003nsgeIHO1g0nDAA9,,816DaGwevVKHATLIK3,01sQ4LtuJF9K1vlMFT,,003MsemLqVvmkjoAQI
801croFhuA3ShYQQOR,ORD-000000431,Draft,2023-01-03,2025-01-02,Renewal,654 Philip Mountains,Willow Harbor,MA,67552,United States,31845 Smith Ridge,Lake Briar,WA,82983,United States,USD,Synthetic order for test and benchmark use.,2022-12-02T07:51:33Z,2909068.84,001ExSAKzk0AhqsIN2,0035C9BC1LiVcS9A0B,,006QS2qALHX7QOkYC7,01sLoYtuPuiAhJSKZN,,0035C9BC1LiVcS9A0B
801mxwgsYmFnt6BYKS,ORD-000000432,Fulfilled,2024-11-01,2025-11-01,New,26573 Kathryn Oval,Lake Briar,CO,58303,United States,779 Hannah Hollow,Alder Bay,CO,64263,United States,USD,Synthetic order for test and benchmark use.,2024-10-25T20:04:46Z,2925622.45,001nrvjrS2WHC2oY9X,,,00ijCBPeUz5Qky5IPL,01sQ4LtuJF9K1vlMFT,0Q0fpRwElkinY4p0U9,
8019WC8EONxS0PxY9T,ORD-000000433,Fulfilled,2025-02-06,2027-02-06,Amendment,4182 Frank Crest,Willow Harbor,CO,14653,United States,5263 Shaw Place,Cedar Crossing,CO,52501,United States,USD,Synthetic order for test and benchmark use.,2025-01-11T10:08:35Z,1987560.49,001PygtS3FHgKj8Q8G,003EAApQ6DjAsfKYK5,800P8ANseyf1VOnAMT,72ijgTuOQZfAKVfAUQ,01sJqGPflRJqwqCPRW,,003arlaFzH4tmXDYDY
801zUJQ4jBGo91fY3D,ORD-000000434,Draft,2021-04-12,2022-04-12,New,79551 Jones Dale,Lake Briar,WA,76086,United States,3882 Moore Greens,Willow Harbor,CO,65562,United States,USD,Synthetic order for test and benchmark use.,2021-02-26T22:08:23Z,2169541.51,001lpuGrFmSTBnuY0M,0037NqTBwWjr1kjA00,,006qbKmy2UA4PO7Y8F,01sQ4LtuJF9K1vlMFT,,00317cgK1sgvVNoIM1
8015rmrG1OGj2o6QZ0,ORD-000000435,Fulfilled,2022-08-14,2023-08-14,Amendment,03447 Morgan Groves,Cedar Crossing,WA,29774,United States,262 Diane Bypass,Summit Glen,NC,65053,United States,USD,Synthetic order for test and benchmark use.,2022-07-19T23:01:51Z,2182220.28,001qP46mGWsPnuOQ5R,0039zPQ4xHnhcqGI7G,,006gqMyJYjomeSSARY,01sLoYtuPuiAhJSKZN,0Q0CeJXAO7PQgVNCNT,003KQYscsqdESaeAKC
80iWeZ02elvxV7SI3O,ORD-000000436,Activated,2022-02-23,2023-02-23,Renewal,1715 Andrew Crossroad,Cedar Crossing,OR,38959,United States,711 Perez Viaduct,Lake Briar,MA,57291,United States,USD,Synthetic order for test and benchmark use.,2022-01-09T01:18:47Z,2146023.88,001b6p7wMuocXZFIKR,003ZmYiT3WtaExxAUI,800CRKWWGkP7TAlIRC,026HJzJ4zsmILV2Q8A,01sQ4LtuJF9K1vlMFT,0Q08QreXOfetYu9S00,003n7bCDQPRuiOLQ4T
72tZ6yEuwVmNOZmQE1,ORD-000000437,Draft,2022-04-19,2024-04-18,Renewal,06330 Paul Road,Lake Briar,CO,57217,United States,21599 Victor Glens,Willow Harbor,WA,39064,United States,USD,Synthetic order for test and benchmark use.,2022-04-04T13:38:37Z,2844499.65,001zKmRfZNU4LdqIBJ,003BoOeoxrfoYPPAFM,,72iELLOBDcXDk49AIU,01sf902KvuoXgXtOGX,,003dl4F05Fdtn0bIN6
801ouRPartyS18wIBJ,ORD-000000438,Activated,2026-06-01,2027-06-01,Renewal,26949 Hunter Heights,Alder Bay,NC,16292,United States,14836 Collins Mountains,Northhaven,MA,11253,United States,USD,Synthetic order for test and benchmark use.,2026-04-19T16:22:10Z,2950930.06,001qwQ0uBTzXeScQCK,003I7Bgv5zLxifTI9W,,70tPURsGhA2EuSIQ4H,01sLoYtuPuiAhJSKZN,,003I7Bgv5zLxifTI9W
801fSrS3YwThOs1A32,ORD-000000439,Cancelled,2022-09-07,2025-09-06,New,9194 Hayes Summit,Alder Bay,CO,83890,United States,7264 Carol Flat,Northhaven,NC,24690,United States,USD,Synthetic order for test and benchmark use.,2022-07-18T02:07:06Z,2328261.57,001PygtS3FHgKj8Q8G,003A5xFu6Tp1zzlIZE,,006PpywtLUcBv3OAD9,01sf902KvuoXgXtOGX,,003Ec66kiJL5qvrYM5
801ID4fFH3pQ2KhQMW,ORD-000000440,Fulfilled,2025-01-08,2028-01-08,Amendment,265 Ryan Viaduct,Willow Harbor,CO,44516,United States,498 Daniel Pike,Lake Briar,CA,86443,United States,USD,Synthetic order for test and benchmark use.,2024-11-29T18:45:15Z,962716.17,001G40EGKjt7p96I7T,003UJMIOM9zfWh8QEM,,006ODFKgTp4IK1CQCP,01sf902KvuoXgXtOGX,0Q0XDoUyDRbxiBQK2L,003UJMIOM9zfWh8QEM
801dCElXLyR6uYFQUV,ORD-000000441,Activated,2024-08-17,2026-08-17,New,70511 Mccarthy Rest,Alder Bay,CA,67862,United States,595 Rojas Viaduct,Willow Harbor,CA,57408,United States,USD,Synthetic order for test and benchmark use.,2024-07-29T05:00:41Z,2099580.7,001cnLEQk5pZMibQH2,,,006np06P018E9P5A4Q,01sQ4LtuJF9K1vlMFT,,
80135sTS6N7v72aQH9,ORD-000000442,Fulfilled,2023-03-10,2025-03-09,Amendment,35357 Peters Ports,Alder Bay,CA,49857,United States,9358 Jones Village,Lake Briar,CO,47725,United States,USD,Synthetic order for test and benchmark use.,2023-01-29T16:30:28Z,534517.1,001oPLQgL6DtzXuQJ9,003SiNJ0mE2Fz5qQP2,,006kfWH3fHnKyijQ5P,01sf902KvuoXgXtOGX,,003SiNJ0mE2Fz5qQP2
82taXSqnyACT0REIDI,ORD-000000443,Fulfilled,2023-06-18,2026-06-17,New,42507 Jeffrey Alley,Lake Briar,MA,27261,United States,01113 Matthew Pine,Willow Harbor,CA,36410,United States,USD,Synthetic order for test and benchmark use.,2023-06-07T22:46:39Z,2690643.77,001iMYD4nOjTT4yIZO,003zbuw2oHYZOX3QSK,,52tPmQukA58S2sxYT9,01sQ4LtuJF9K1vlMFT,,003zbuw2oHYZOX3QSK
801bDBm8tY1ZQlmAMB,ORD-000000444,Activated,2022-06-19,2025-06-18,New,0443 Kenneth Burgs,Lake Briar,WA,18436,United States,3806 Austin Ports,Northhaven,CA,39092,United States,USD,Synthetic order for test and benchmark use.,2022-06-18T23:55:46Z,292719.46,001G40EGKjt7p96I7T,003UJMIOM9zfWh8QEM,,006Fr4bKzYeqWb9ANS,01sf902KvuoXgXtOGX,,003jGUbFYXqxnmyQ4F
8018ZF2AuklY0liIL7,ORD-000000445,Fulfilled,2023-03-22,2024-03-21,New,2568 Cristina Rue,Northhaven,WA,36173,United States,9715 Herman Mills,Lake Briar,TX,18920,United States,USD,Synthetic order for test and benchmark use.,2023-01-21T19:15:30Z,1769228.97,0019ojrY0cvCQ2UQ6L,,,810AfXY7CkI2OtTAKH,01sLoYtuPuiAhJSKZN,,0033VgRWoDPXOFpQ0C
801OABDKmKC39jFYTL,ORD-000000446,Fulfilled,2023-06-28,2024-06-27,Amendment,5176 Alicia Row,Summit Glen,TX,27154,United States,597 Shelly Parkway,Lake Briar,TX,56187,United States,USD,Synthetic order for test and benchmark use.,2023-05-13T21:40:09Z,1523843.93,001rvlO3y0uELfOAW4,003uql3pJq5GjswANL,,006wQ7Ukj2LoQvbAU2,01sf902KvuoXgXtOGX,0Q0AEbT2apDp2dVKUG,003uql3pJq5GjswANL
801fao2nlG1nnOLQ9K,ORD-000000447,Fulfilled,2025-07-28,2027-07-28,Renewal,608 Vasquez Skyway,Willow Harbor,CA,48824,United States,669 Fuentes Roads,Summit Glen,TX,14170,United States,USD,Synthetic order for test and benchmark use.,2025-07-09T03:07:57Z,753726.47,001M74hgC6aUyfWARU,,,800rZ13dombV64vARO,01sf902KvuoXgXtOGX,,
801hjR1vuvrAfx6QFS,ORD-000000448,Activated,2024-09-26,2025-09-26,Amendment,5354 Wilson Heights,Lake Briar,NC,59583,United States,896 Johns Row,Cedar Crossing,OR,93078,United States,USD,Synthetic order for test and benchmark use.,2024-08-31T08:08:30Z,2393693.07,001h3qGmTCLTLLkQZJ,003cZ1PwW33yisTY2K,800t4VXBMhRUnyXYCF,02iyHkDSFwt3CjhYF8,01sLoYtuPuiAhJSKZN,,003wXI8INfXqH4aIK3
8011B2ZaDpztCSyA01,ORD-000000449,Activated,2025-03-01,2028-02-29,Renewal,53765 Joyce Rapids,Alder Bay,NC,37186,United States,4804 Thomas Mount,Northhaven,CO,18034,United States,USD,Synthetic order for test and benchmark use.,2025-02-06T02:23:31Z,1119617.41,001evLCMHIsIpP4IS4,003EksnMRiNmAioI92,,,01sQ4LtuJF9K1vlMFT,,003EksnMRiNmAioI92
70ijypAaKAWlWOUYGK,ORD-000000450,Draft,2023-10-22,2026-10-21,New,365 Joshua Shoal,Alder Bay,TX,58212,United States,6746 Holt Turnpike,Cedar Crossing,NC,47508,United States,USD,Synthetic order for test and benchmark use.,2023-09-25T01:44:35Z,1791802.17,001tqRaHFT1utFgIDH,003qdimBqY1XKCvYO1,,006gznTwTPfHgsNQ6L,01sQ4LtuJF9K1vlMFT,,003qdimBqY1XKCvYO1
711PO7SHuw36oc0Q7Q,ORD-000000451,Cancelled,2026-02-01,2029-01-31,Amendment,231 Gregory Burgs,Cedar Crossing,OR,30294,United States,8195 Peter Path,Summit Glen,OR,69119,United States,USD,Synthetic order for test and benchmark use.,2026-01-29T07:56:30Z,1639811.79,001OH94vlTF3MI8Y08,003LD2kPtQRWQL7QDG,,0062QxpaaZxZ9lmY5A,01sQ4LtuJF9K1vlMFT,0Q0u6tGJJDN6VcBKDY,00324SkSh22hkotYEY
801hBUMJL1nvDWcQFC,ORD-000000452,Activated,2025-04-09,2028-04-08,New,045 Carly Motorway,Willow Harbor,MA,91461,United States,260 Kathleen Burgs,Lake Briar,MA,45300,United States,USD,Synthetic order for test and benchmark use.,2025-02-15T23:04:33Z,2024710.02,001BjMFM5mN692fQ0D,003SSAgSVe7BHknAZP,800wj7XLPA8ArM5A54,006ksFDjDwxcXhcYWX,01sLoYtuPuiAhJSKZN,,
701a3iF8udc5uf6YH1,ORD-000000453,Cancelled,2023-02-11,2025-02-10,Amendment,12045 Simmons Crescent,Cedar Crossing,MA,65756,United States,37687 Matthew Square,Alder Bay,OR,70441,United States,USD,Synthetic order for test and benchmark use.,2022-12-29T07:09:11Z,2049882.75,001PygtS3FHgKj8Q8G,003NxsyUn0x5nr3AFS,,006Bzps5QObIsvZAF6,01sLoYtuPuiAhJSKZN,,003mUgwQ9hiHh7fIOV
801RFZPHhgPWzZfQR6,ORD-000000454,Cancelled,2021-09-06,2024-09-05,Renewal,778 Pamela Junctions,Summit Glen,CA,94869,United States,573 Spears Isle,Willow Harbor,MA,53834,United States,USD,Synthetic order for test and benchmark use.,2021-08-24T22:38:25Z,2501156.94,001QlR8r1Q5bRm4IG1,003cY6vpHkodggrI65,,006EtRoI6GdsomhQGU,01sLoYtuPuiAhJSKZN,0Q0P9SpTcGVtDY6CYD,003cY6vpHkodggrI65
801rmIcU3vfOFelII9,ORD-000000455,Draft,2022-02-26,2025-02-25,Amendment,7155 Mills Viaduct,Willow Harbor,NC,84530,United States,0889 Barajas Radial,Lake Briar,OR,79559,United States,USD,Synthetic order for test and benchmark use.,2022-01-16T04:33:18Z,1659160.39,001mXlpepzxHpk4I31,,,516ILgCqG997k7VQH4,01sQ4LtuJF9K1vlMFT,,
8015ritwBKtuQ4nAU8,ORD-000000456,Activated,2025-04-25,2027-04-25,New,41321 Jon Crest,Lake Briar,MA,82702,United States,92356 Baker Alley,Northhaven,WA,20536,United States,USD,Synthetic order for test and benchmark use.,2025-04-03T06:09:59Z,1995335.17,001R0OuIWPEowdMYT2,003RjFwodbP5EfaADS,,721L9PVNy9jMezEQVX,01sf902KvuoXgXtOGX,,003RjFwodbP5EfaADS
801bsjbZ8nCUA8yQGP,ORD-000000457,Cancelled,2021-02-27,2022-02-27,Renewal,570 Johnson Oval,Cedar Crossing,OR,81142,United States,31820 Mahoney Crossroad,Cedar Crossing,CA,56771,United States,USD,Synthetic order for test and benchmark use.,2021-01-13T15:36:06Z,283696.94,001lpuGrFmSTBnuY0M,003Y5lqRcSEWJLHQDQ,,00672IAiff7MHPZYC1,01sf902KvuoXgXtOGX,,
801oPyEiZkXGotKIXJ,ORD-000000458,Activated,2022-04-21,2025-04-20,Renewal,968 Jon Crest,Summit Glen,TX,12379,United States,3815 Amanda Oval,Northhaven,CA,21789,United States,USD,Synthetic order for test and benchmark use.,2022-03-30T06:27:47Z,569561.21,001Oil2EokU3tWpID9,0036mmNusffWovpIGN,,0061NMs5MRG7sHyINX,01sJqGPflRJqwqCPRW,,0036mmNusffWovpIGN
801yUGsc7F2r94DY4G,ORD-000000459,Fulfilled,2024-05-19,2026-05-19,Amendment,12229 Samuel Lakes,Northhaven,CA,82674,United States,96954 Harmon Motorway,Willow Harbor,OR,92173,United States,USD,Synthetic order for test and benchmark use.,2024-05-15T03:08:07Z,1057047.87,0013epV1eJk7y9fAC2,003Jr5qtRIQeLp8AP6,,006g2tV35CFtIljI1T,01sLoYtuPuiAhJSKZN,,003Jr5qtRIQeLp8AP6
51653Kd9Sa8CKXdA0E,ORD-000000460,Cancelled,2025-03-28,2027-03-28,Amendment,92378 Grant Neck,Northhaven,CA,19941,United States,9555 Micheal Isle,Cedar Crossing,OR,51918,United States,USD,Synthetic order for test and benchmark use.,2025-03-12T00:17:30Z,2813131.09,001Cf0Zp88DAw7JQGL,0039R8Ib9TvdDA2IM7,,7114KCSJqEfdNPZIN6,01sLoYtuPuiAhJSKZN,,0039R8Ib9TvdDA2IM7
801xGREwP48UqtFYYE,ORD-000000461,Activated,2021-07-16,2022-07-16,Renewal,73377 Lewis Extensions,Willow Harbor,WA,47985,United States,007 Jennifer Well,Summit Glen,OR,50429,United States,USD,Synthetic order for test and benchmark use.,2021-06-01T05:14:39Z,2628652.92,001uzPoKDHG07pVI82,003Kfy1g8agKpoDIEI,,726zLYBE4CZwDwiYXE,01sQ4LtuJF9K1vlMFT,,003Kfy1g8agKpoDIEI
801piVlPS3JQtT2IMQ,ORD-000000462,Cancelled,2024-05-03,2027-05-03,Renewal,6035 Cole Villages,Lake Briar,WA,86330,United States,27674 Nicholas Crossing,Summit Glen,NC,69796,United States,USD,Synthetic order for test and benchmark use.,2024-04-25T19:04:44Z,1953216.44,001LInXZfFVYqWIIEB,,,711i5BYjcggdOQJADX,01sJqGPflRJqwqCPRW,,003A2OMzRZIRr5hIN8
8012wMO3rl67fHDQKR,ORD-000000463,Activated,2025-12-31,2027-12-31,New,4895 Wyatt Mountains,Willow Harbor,CO,50745,United States,556 Susan Manors,Lake Briar,NC,88500,United States,USD,Synthetic order for test and benchmark use.,2025-12-09T20:49:22Z,1091048.99,0018MjZShtig55PAG6,003qLZ2TMkz0uaGAT1,,00668gpDpvuiMm0YT0,01sQ4LtuJF9K1vlMFT,,0033i2FC262REKsQD3
021ubvhoTkFpS9sAQA,ORD-000000464,Cancelled,2021-02-07,2023-02-07,Amendment,58644 Santiago Field,Alder Bay,CO,64957,United States,521 Aguilar Fork,Cedar Crossing,TX,55464,United States,USD,Synthetic order for test and benchmark use.,2021-01-16T02:31:48Z,841161.82,001apZYag4darBdYRL,003M3eXH0NFA7aZQ76,8009ghGTe9zlnjjYFJ,,01sLoYtuPuiAhJSKZN,,0034UxgoEnj80foADM
806V7swO5MkeMkbQKK,ORD-000000465,Activated,2022-10-28,2023-10-28,Renewal,497 Thomas Rest,Willow Harbor,CA,49967,United States,64009 Gina Street,Alder Bay,OR,75398,United States,USD,Synthetic order for test and benchmark use.,2022-10-07T22:16:33Z,207654.57,001uKtjv3QWz3nDQSN,003bJcoA58DEApFASK,,,01sLoYtuPuiAhJSKZN,0Q0AL21To1LZ8BbSS7,003bJcoA58DEApFASK
801msbIZMZHm8MtQCO,ORD-000000466,Draft,2021-10-27,2023-10-27,New,21500 Joshua Plaza,Alder Bay,CO,57069,United States,8167 Powell Summit,Alder Bay,CA,30449,United States,USD,Synthetic order for test and benchmark use.,2021-09-22T06:49:02Z,2692123.31,001ygA3FAG75gTTAXO,0039vrHZDDIGaHJA4T,,006XyK3Usoqe1pXQ0H,01sLoYtuPuiAhJSKZN,,003Phi9zbJ7WeU2AYI
801y70oeQLPwscfQT9,ORD-000000467,Draft,2024-01-06,2025-01-05,New,532 Harris Ridges,Cedar Crossing,WA,52956,United States,9581 Wallace Walk,Alder Bay,WA,10817,United States,USD,Synthetic order for test and benchmark use.,2023-12-28T09:22:16Z,833612.0,001ygA3FAG75gTTAXO,0038Zgs2fcZRNYDA5R,800Vchmt8SLcmOuQZL,006XthhGBQz1tjfQH9,01sLoYtuPuiAhJSKZN,,003Phi9zbJ7WeU2AYI
8019wrm4RZIhYHOY1R,ORD-000000468,Fulfilled,2026-05-15,2027-05-15,Amendment,16772 Jefferson Terrace,Cedar Crossing,OR,77918,United States,94026 Melanie Port,Willow Harbor,MA,72915,United States,USD,Synthetic order for test and benchmark use.,2026-03-30T16:47:06Z,2834064.5,001eE3A4cmn7G2gIHB,003SAUYTcKjhBmTIQ8,,,01sf902KvuoXgXtOGX,,003SAUYTcKjhBmTIQ8
801nVBOV7mg9ZJjIJG,ORD-000000469,Draft,2023-08-16,2024-08-15,Amendment,436 Yu Spur,Lake Briar,OR,33297,United States,37840 Lowe Circles,Lake Briar,NC,87778,United States,USD,Synthetic order for test and benchmark use.,2023-07-23T10:58:20Z,328593.68,001Oil2EokU3tWpID9,,,0060AhykALw8QCnQ2A,01sf902KvuoXgXtOGX,,0036mmNusffWovpIGN
801Xevr7ao9SYIcAR7,ORD-000000470,Cancelled,2025-02-22,2028-02-22,New,898 Meghan Light,Summit Glen,TX,19685,United States,67644 Lewis Mall,Summit Glen,WA,93113,United States,USD,Synthetic order for test and benchmark use.,2025-01-19T15:53:05Z,2483336.54,001nyKCWKQ4K1MEQBJ,003MqzQMaSwikQPA9S,,006ZjnXTyzgUqNsYQQ,01sQ4LtuJF9K1vlMFT,0Q09egFWWUs1FpVSI7,003MqzQMaSwikQPA9S
801UNDcTmu2yIJnY62,ORD-000000471,Cancelled,2025-05-29,2028-05-28,Renewal,092 Kelley Manors,Summit Glen,MA,52305,United States,98505 Brooks Courts,Willow Harbor,CO,17339,United States,USD,Synthetic order for test and benchmark use.,2025-04-14T19:19:00Z,865503.74,001N2mO6ogfdaXBYDK,003v3sWYUN3H1DbQ01,,71iAW7GO0dwXsl4Q1S,01sf902KvuoXgXtOGX,,003D1HiqSb3yIm1QDF
700lhQ96Dnm7zA5QPX,ORD-000000472,Fulfilled,2023-09-19,2024-09-18,Renewal,07223 Berry Harbors,Willow Harbor,TX,47674,United States,81060 Jill Overpass,Alder Bay,TX,99589,United States,USD,Synthetic order for test and benchmark use.,2023-09-15T02:20:44Z,2488400.95,001TgK7Trt797foQCB,003ehZ3DBIJah9fI53,800PCzsrEzQF5eJITV,52iIvIepjT8Ijm2QIX,01sf902KvuoXgXtOGX,,003Lu3JnExBmnNjQOV
801pWZIjQqeVucAQOB,ORD-000000473,Fulfilled,2025-03-11,2027-03-11,Renewal,2872 Jamie Rapid,Cedar Crossing,TX,86065,United States,304 Courtney Neck,Cedar Crossing,TX,18608,United States,USD,Synthetic order for test and benchmark use.,2025-01-20T19:01:53Z,1907741.53,001pQgd6VQUyLMzAY1,003t59Q046U5DdBQBI,,500bGsYyxmgR7AMIUZ,01sQ4LtuJF9K1vlMFT,,003t59Q046U5DdBQBI
801R0MJQwCJbxTUQF2,ORD-000000474,Fulfilled,2022-03-18,2023-03-18,Renewal,3726 John Drive,Lake Briar,OR,15150,United States,26665 Chase Extensions,Summit Glen,OR,52259,United States,USD,Synthetic order for test and benchmark use.,2022-02-03T05:34:58Z,2536086.83,0019ojrY0cvCQ2UQ6L,003S8CPTh68SHogIQ8,,006UJVaDXAocwNzYU7,01sLoYtuPuiAhJSKZN,,
801FrqlgceMcfDIQ1M,ORD-000000475,Draft,2023-07-14,2024-07-13,New,840 William Roads,Lake Briar,NC,95190,United States,6870 Riley Island,Summit Glen,WA,34079,United States,USD,Synthetic order for test and benchmark use.,2023-06-29T16:48:34Z,1603228.85,0018MjZShtig55PAG6,003v3AeTxUKFhpoIZY,,00668gpDpvuiMm0YT0,01sQ4LtuJF9K1vlMFT,0Q0vI8f27dGbelg05M,003zxHlxoplJHvQY0O
801InzYIIdjMyNuQ7J,ORD-000000476,Draft,2024-07-06,2027-07-06,Renewal,19646 Bobby Hollow,Willow Harbor,MA,44693,United States,516 Kennedy Centers,Alder Bay,WA,37016,United States,USD,Synthetic order for test and benchmark use.,2024-05-10T18:30:07Z,1844223.36,001f6ctaU1r6XIKQI2,,,006bSeYa8RGzU9LYYM,01sLoYtuPuiAhJSKZN,,
801YIaNlRQwNWP5IUB,ORD-000000477,Fulfilled,2021-11-09,2023-11-09,New,9574 Welch Islands,Summit Glen,OR,62237,United States,334 Hampton Stream,Alder Bay,WA,52402,United States,USD,Synthetic order for test and benchmark use.,2021-11-03T02:26:01Z,2750680.95,001G40EGKjt7p96I7T,003jGUbFYXqxnmyQ4F,800CcX39E357Xq8YLT,811XgwwZNuhL9tDQKC,01sf902KvuoXgXtOGX,,003ULZuykuQw1WPQ9V
51tWWCb3IW3JNRXYIX,ORD-000000478,Activated,2023-04-13,2026-04-12,New,72188 Gutierrez Locks,Alder Bay,CO,62774,United States,217 Maria Summit,Alder Bay,CO,86962,United States,USD,Synthetic order for test and benchmark use.,2023-04-02T19:21:54Z,575213.32,001ZtdM0LykySWPIE4,003OZDLPzTkmS9yYFU,,00i5NoS0FHkqTteQ5Q,01sLoYtuPuiAhJSKZN,0Q0aLkGGZMhb7xUK10,003vzIhgcdGo6WyA8L
001bZuyGFJQeTDJYLZ,ORD-000000479,Fulfilled,2023-11-22,2024-11-21,Renewal,43925 Carly Ramp,Northhaven,TX,77242,United States,0591 Crane Freeway,Summit Glen,CO,84339,United States,USD,Synthetic order for test and benchmark use.,2023-10-22T21:34:12Z,1900044.78,001G40EGKjt7p96I7T,003TzZeo9ark3IEAUI,,510ilL9Y0sCGljGA02,01sf902KvuoXgXtOGX,,003ealrxc6ARozTI8G
801y8LY3Pk6KTxdQND,ORD-000000480,Fulfilled,2022-04-10,2024-04-09,Renewal,1091 Christina View,Alder Bay,NC,60567,United States,65452 Duncan Ville,Willow Harbor,OR,42826,United States,USD,Synthetic order for test and benchmark use.,2022-03-03T12:15:48Z,1768652.37,001GbztdrMfr2gJYIG,,,006cNnkix7us8rAIVI,01sLoYtuPuiAhJSKZN,,003mYFAFR2j9W73QKR
52iCDRIAwvUf59nYVM,ORD-000000481,Fulfilled,2022-10-22,2024-10-21,New,5844 Butler Freeway,Lake Briar,TX,21379,United States,611 Hunt Way,Willow Harbor,NC,66081,United States,USD,Synthetic order for test and benchmark use.,2022-09-22T13:47:04Z,1735932.03,00180qOlX8UtZ7HQTK,,800cG8TKCjK2EGfA29,,01sQ4LtuJF9K1vlMFT,,003vrwFdLqT9RU4YM9
801lyVGCaTQFZIGYED,ORD-000000482,Draft,2023-05-06,2026-05-05,New,70526 Michael Causeway,Summit Glen,WA,53906,United States,7014 Anderson Lights,Alder Bay,TX,38853,United States,USD,Synthetic order for test and benchmark use.,2023-03-15T10:09:36Z,1833258.0,001ViLIuvoOkEvIYR2,003S3Xzjr6c05vhYJG,,006yDJdvo00qvdmALK,01sf902KvuoXgXtOGX,,003S3Xzjr6c05vhYJG
720susxuGmjB8FsYC7,ORD-000000483,Draft,2023-05-23,2025-05-22,New,2023 Krueger Flats,Alder Bay,NC,73341,United States,974 Michael Causeway,Lake Briar,CA,11250,United States,USD,Synthetic order for test and benchmark use.,2023-05-11T11:05:33Z,2702406.17,001ue1J9V7XEwHtA5N,003YP7uuJj5v7HqAZ1,,00tvJH5KgpFjKEsYR9,01sf902KvuoXgXtOGX,,003YP7uuJj5v7HqAZ1
716qmgHwHx3T7jIQRC,ORD-000000484,Fulfilled,2024-10-05,2025-10-05,New,079 Ryan Throughway,Summit Glen,CA,27687,United States,56999 Walton Fall,Northhaven,OR,17505,United States,USD,Synthetic order for test and benchmark use.,2024-08-14T09:17:32Z,2121346.01,001Z9FmqrbfBXeVI9A,003JZjgTCA78gcOID9,,006mE2kFhDmiduxIN9,01sQ4LtuJF9K1vlMFT,,003OlL6SECNDtLKYVE
801Nrs9aCvIShK8Q74,ORD-000000485,Cancelled,2022-06-24,2025-06-23,Amendment,303 Allen Alley,Summit Glen,OR,64288,United States,87830 Davidson Pines,Cedar Crossing,MA,49945,United States,USD,Synthetic order for test and benchmark use.,2022-05-23T15:18:30Z,696447.57,001tqRaHFT1utFgIDH,003qdimBqY1XKCvYO1,,710O2UeQUVFxpr8ICS,01sf902KvuoXgXtOGX,,003qdimBqY1XKCvYO1
801V5eNEI8TUF2hYOL,ORD-000000486,Cancelled,2025-11-18,2027-11-18,New,1537 Cory Summit,Lake Briar,CO,43777,United States,1739 Lauren Dam,Lake Briar,CO,59597,United States,USD,Synthetic order for test and benchmark use.,2025-11-01T21:29:40Z,2120949.24,001eMGa7Y6CNd3wIQE,003qg1kTD89dMrOQ79,,700aFWZ3nbrzjg8YUW,01sQ4LtuJF9K1vlMFT,,003qg1kTD89dMrOQ79
801P5wXxI7mhNqZQX9,ORD-000000487,Activated,2023-04-26,2025-04-25,New,781 Contreras Harbors,Alder Bay,CA,19082,United States,535 Wesley Square,Willow Harbor,CO,48719,United States,USD,Synthetic order for test and benchmark use.,2023-04-12T10:38:52Z,66012.98,001iIp10CH2rdjrQCH,003HWQXyBT2LZAIIEP,800gui9hkljmMroQK6,0063UMWbJNdy3M0AT7,01sLoYtuPuiAhJSKZN,,003lndG2IlBB4YnQI7
801IbQmjUMoNlbGQ01,ORD-000000488,Cancelled,2021-09-19,2023-09-19,New,3239 Ayala Summit,Alder Bay,MA,26169,United States,0885 Smith Ports,Alder Bay,NC,60595,United States,USD,Synthetic order for test and benchmark use.,2021-07-24T04:06:38Z,1617754.55,001dst7EZIkJP6gQAU,,,006t6F5ojCBw3VQAU3,01sf902KvuoXgXtOGX,0Q0dLMlymny0Yb6SAO,
801YQlGKUpXKNfeY5Y,ORD-000000489,Cancelled,2024-02-28,2026-02-27,Amendment,851 Kristi Route,Cedar Crossing,MA,28303,United States,132 Mike Islands,Cedar Crossing,TX,86249,United States,USD,Synthetic order for test and benchmark use.,2024-02-09T00:22:07Z,1224273.02,001EocC12jSBhyyIOU,0035o5gdXA6uoljY5G,800MpCh5uKtKFZWANC,50iTnLuA85S8qYoQYM,01sLoYtuPuiAhJSKZN,0Q09YnzdclGNSutCNU,003TKgXEWOfUh8KAEF
826D9dsQkzoc2OtQI8,ORD-000000490,Activated,2025-12-08,2027-12-08,New,45212 Michael Court,Alder Bay,NC,90571,United States,02135 Mcguire Road,Summit Glen,MA,96493,United States,USD,Synthetic order for test and benchmark use.,2025-10-12T15:01:31Z,2989669.74,001KQsenOWHB4fuQM5,003QcJzJHpRN9DHILH,,71tHROrc8FGINvpYXY,01sf902KvuoXgXtOGX,,003Mqj2q9jdJsceAVN
801JYrPreCAouVnQ3T,ORD-000000491,Cancelled,2021-06-25,2023-06-25,Amendment,21190 Patricia Canyon,Cedar Crossing,OR,24928,United States,1635 Charles Roads,Willow Harbor,OR,12324,United States,USD,Synthetic order for test and benchmark use.,2021-04-27T11:44:23Z,1074541.34,001f3j7ZUJ5YxijYYQ,003FjGLi4SvOcnVI5Z,800o5fgQNwjouXQA01,01t3Nq3JHhA4xigQ1N,01sQ4LtuJF9K1vlMFT,0Q0kDpjmCkn1WQfC4U,003FjGLi4SvOcnVI5Z
801nDzfT6Wbs0LPIW5,ORD-000000492,Cancelled,2025-01-27,2027-01-27,New,378 Brian Forest,Summit Glen,NC,22898,United States,156 Arnold Mill,Willow Harbor,WA,70798,United States,USD,Synthetic order for test and benchmark use.,2025-01-01T22:41:29Z,2077380.22,001s7ZyiePrkNHmYX9,0031XSf1bfZJESFIY3,,820Xs6GAlVCwBRZY73,01sf902KvuoXgXtOGX,,
801FI4HXEVaw07IAGC,ORD-000000493,Draft,2025-10-02,2028-10-01,Renewal,33016 Tammy Harbor,Alder Bay,NC,67611,United States,13856 Beverly Haven,Lake Briar,NC,33024,United States,USD,Synthetic order for test and benchmark use.,2025-08-05T02:13:40Z,1484256.36,0011y3R0qW4167MAMP,003dhEq28R9SWrsYJD,,006jkB0rX83XBLBQ0M,01sLoYtuPuiAhJSKZN,,003dhEq28R9SWrsYJD
801SqWL7GBxn5b1QDY,ORD-000000494,Draft,2025-09-03,2026-09-03,New,377 Kim Glen,Willow Harbor,WA,49313,United States,136 Eaton Islands,Cedar Crossing,OR,88780,United States,USD,Synthetic order for test and benchmark use.,2025-08-18T10:15:10Z,2981954.42,001INTCL5X3OptCYRO,003PzJgZJXIJcYaQX7,,81iQSitxDjFggR0IUS,01sQ4LtuJF9K1vlMFT,,003PzJgZJXIJcYaQX7
01inRk0STSeXgK3AT9,ORD-000000495,Cancelled,2023-01-11,2026-01-10,Amendment,476 Martin Forges,Alder Bay,WA,32810,United States,234 Amy Stravenue,Lake Briar,CO,79727,United States,USD,Synthetic order for test and benchmark use.,2022-12-09T23:17:26Z,1216910.56,001wOS4RTezb6AxY4U,003y4kBbZm52Aq6AZK,,0061qThIuslKrF7IVW,01sf902KvuoXgXtOGX,,003zlDJBeSE6i1PIZ5
801V0FCWOUZVqFmA4M,ORD-000000496,Activated,2022-07-26,2024-07-25,Amendment,899 Courtney Pines,Summit Glen,CO,97214,United States,987 Erickson Mountains,Willow Harbor,TX,14346,United States,USD,Synthetic order for test and benchmark use.,2022-06-25T14:02:11Z,104654.5,001uaLZFmzUomVXQGA,003haI7NPKn0gYsQ3M,,71tJO4I6W8tx8W3YAF,01sf902KvuoXgXtOGX,,003haI7NPKn0gYsQ3M
801O4e1wdcEKGmHINE,ORD-000000497,Activated,2023-07-23,2024-07-22,New,0557 Amanda Park,Cedar Crossing,CO,57897,United States,54265 Mcclure Mews,Northhaven,CA,15357,United States,USD,Synthetic order for test and benchmark use.,2023-06-18T23:39:59Z,1586678.02,001Ivgehi2RhpxmIXK,003ObY6T5K3DWQxAUR,,006Dz4Suk7tSf7PYVV,01sQ4LtuJF9K1vlMFT,,0036L1PV31AwH0EIFZ
801NhLXl2tWgDo3A6G,ORD-000000498,Draft,2023-05-13,2025-05-12,Renewal,614 Orozco Course,Alder Bay,CA,58691,United States,0423 Mckee Motorway,Willow Harbor,CA,45890,United States,USD,Synthetic order for test and benchmark use.,2023-03-28T03:52:12Z,1350720.32,001ZBID6zyXHdcLAAH,003pW8uDxULlS0bYO2,,006zMTUyq5lu55oIPX,01sLoYtuPuiAhJSKZN,,0031Q3Evc7Xc9rbQI3
801JymYfCBeHdH7QFY,ORD-000000499,Draft,2021-06-04,2023-06-04,Amendment,904 George Estate,Lake Briar,CO,59329,United States,494 Gonzalez Key,Summit Glen,CA,61710,United States,USD,Synthetic order for test and benchmark use.,2021-04-06T20:05:49Z,993960.31,001b1XyoVMftFmnY3Z,003nurDHlWLAK27Q1Q,,02inHUqPyXgpf8GILT,01sQ4LtuJF9K1vlMFT,,003NVCFneVDrRD6IA1
801E3JxVHwneVEIQDS,ORD-000000500,Draft,2024-05-01,2027-05-01,Renewal,82611 Jason Drives,Willow Harbor,CO,43330,United States,30591 Phillips Prairie,Summit Glen,MA,57596,United States,USD,Synthetic order for test and benchmark use.,2024-03-21T23:45:11Z,2130662.72,001v16OKJFuZcV0QCS,,,5005yFgckE1ceDbIAC,01sLoYtuPuiAhJSKZN,,
50tBmajBS4iAVsMQAQ,ORD-000000501,Draft,2022-07-25,2025-07-24,Renewal,36468 Ho Well,Alder Bay,TX,41262,United States,2678 Oneill Canyon,Willow Harbor,OR,86409,United States,USD,Synthetic order for test and benchmark use.,2022-05-27T00:04:07Z,2267904.01,001pCWrmUg2EHGPAG8,003A5vqtN4Vl7EPIM5,,826PiSLvhWW4Zp5I0S,01sf902KvuoXgXtOGX,0Q0Md16Mqnn37ymSSB,003A5vqtN4Vl7EPIM5
010Rocuj18Qi3hjQ9G,ORD-000000502,Fulfilled,2025-05-27,2026-05-27,New,58814 Rivera Dale,Cedar Crossing,MA,59142,United States,3114 John Cove,Northhaven,TX,82854,United States,USD,Synthetic order for test and benchmark use.,2025-03-28T04:20:20Z,2373695.63,0017R1i3b17QyDUAUX,003pWtyXQCzkq06YC0,,006qm2HuEhCudzjQIF,01sf902KvuoXgXtOGX,,
801IF7P3dTM0rFOQKW,ORD-000000503,Fulfilled,2025-12-07,2028-12-06,Renewal,911 Timothy Valley,Alder Bay,OR,22209,United States,18241 Johnson Corners,Alder Bay,OR,82347,United States,USD,Synthetic order for test and benchmark use.,2025-11-04T20:29:10Z,692430.12,001LInXZfFVYqWIIEB,003bn4lVQmSeD2CAHI,,711i5BYjcggdOQJADX,01sJqGPflRJqwqCPRW,,003PqbGzdOWzt2KAYH
706Hr5e3P6NdDKCQ0B,ORD-000000504,Fulfilled,2022-08-08,2023-08-08,New,8905 Harrison Parkways,Cedar Crossing,CA,62340,United States,10651 Linda Hill,Cedar Crossing,CA,15824,United States,USD,Synthetic order for test and benchmark use.,2022-06-14T04:55:57Z,2484627.34,001aJFstC9yWgafQNG,003SGC03Rx0oc1mA5F,800bBdb4IylBi9uIFG,006rbw90vWBViXOAOH,01sQ4LtuJF9K1vlMFT,,003WJK5erxpQqeGIBF
52ijFzGoeqRE12YQ8B,ORD-000000505,Activated,2024-05-16,2025-05-16,Renewal,0542 Blair Plaza,Willow Harbor,MA,26820,United States,6189 Espinoza Vista,Cedar Crossing,CA,63695,United States,USD,Synthetic order for test and benchmark use.,2024-04-23T00:58:31Z,2634969.08,001C3SilogoPTPGIWX,0034oLsDgUhHMnqY3Z,,726XozNERgAAZDlIZ8,01sLoYtuPuiAhJSKZN,,0034oLsDgUhHMnqY3Z
801BDkQwU0ChDzWY0X,ORD-000000506,Draft,2026-04-11,2029-04-10,Amendment,428 Jimenez Gateway,Summit Glen,TX,75610,United States,3045 Brenda Island,Cedar Crossing,MA,67141,United States,USD,Synthetic order for test and benchmark use.,2026-04-04T09:48:20Z,2207489.96,001vnn1W5RPN0LPYO8,003FXncODtG3z8xQ4F,,516CTNDrn4MyR19AT9,01sQ4LtuJF9K1vlMFT,,003FXncODtG3z8xQ4F
801aSnTgoJ8Pmx2ANK,ORD-000000507,Draft,2021-05-13,2022-05-13,Renewal,631 Yu Glen,Alder Bay,CO,68706,United States,391 Allen Lock,Northhaven,CA,48696,United States,USD,Synthetic order for test and benchmark use.,2021-04-21T07:28:01Z,410597.51,001PFGdur2jMSzLAST,,,811YmW81nAPrjTaIBR,01sf902KvuoXgXtOGX,,
801HselG6Stbgk6AL1,ORD-000000508,Cancelled,2026-07-01,2027-07-01,Amendment,4898 Kelsey Street,Cedar Crossing,CA,37195,United States,420 Howard Run,Willow Harbor,NC,74161,United States,USD,Synthetic order for test and benchmark use.,2026-06-04T09:50:03Z,416598.97,001Ivgehi2RhpxmIXK,003M3ZXseoHu6DcQVR,,70615XF1CMiOFu0Q40,01sLoYtuPuiAhJSKZN,0Q0yp9v2BHQ1NEyK4G,003M3ZXseoHu6DcQVR
81t2GCtPy5CeWaoAK1,ORD-000000509,Fulfilled,2023-09-05,2026-09-04,New,21119 Fox Stravenue,Willow Harbor,TX,63841,United States,12461 Richardson Overpass,Cedar Crossing,CO,53708,United States,USD,Synthetic order for test and benchmark use.,2023-07-27T03:43:13Z,791066.36,001oPLQgL6DtzXuQJ9,003fplOthROj938AQA,,701jvlXiDrnHB8fQV6,01sf902KvuoXgXtOGX,,003Sf5gZC0qTX4rIWP
801iyWOVrXsf3FHIWO,ORD-000000510,Draft,2023-03-31,2026-03-30,Amendment,688 Alex Ferry,Lake Briar,NC,59681,United States,33257 Heather Shoals,Cedar Crossing,MA,24321,United States,USD,Synthetic order for test and benchmark use.,2023-02-20T18:58:27Z,320591.25,001R0OuIWPEowdMYT2,003LoNuaoskNTr2ASW,,80608LfI6eoL1PiYOU,01sQ4LtuJF9K1vlMFT,,003RjFwodbP5EfaADS
801NdEwPfWjzE8bI9Y,ORD-000000511,Draft,2025-12-07,2028-12-06,New,365 Anderson Centers,Summit Glen,CO,28063,United States,247 Justin Pines,Northhaven,MA,49731,United States,USD,Synthetic order for test and benchmark use.,2025-11-15T05:27:03Z,1899478.39,001f6ctaU1r6XIKQI2,003tmqZfelCT2roY1H,,006bSeYa8RGzU9LYYM,01sLoYtuPuiAhJSKZN,,003tmqZfelCT2roY1H
80112yNZmU6hZltAF9,ORD-000000512,Cancelled,2025-05-29,2026-05-29,Renewal,6114 Heather Walks,Cedar Crossing,OR,85470,United States,74325 Shaffer Mountains,Alder Bay,MA,40100,United States,USD,Synthetic order for test and benchmark use.,2025-04-19T00:44:36Z,1230009.21,001PUaO8FLbQ5tuY7R,003MdXRgh3EJdXzIBA,,01tlu1AkkC5qbbuYPR,01sQ4LtuJF9K1vlMFT,,003IATjwBrkrxicAUT
801LYDvOix9KACqQVG,ORD-000000513,Draft,2021-09-06,2022-09-06,Renewal,106 Gail Cliffs,Northhaven,WA,62303,United States,00522 Tiffany Inlet,Lake Briar,WA,76058,United States,USD,Synthetic order for test and benchmark use.,2021-08-18T00:30:18Z,513968.66,001vnn1W5RPN0LPYO8,003zu9kFOrpbJ8UYJH,800n4tz6aaLIhBDI9E,516CTNDrn4MyR19AT9,01sQ4LtuJF9K1vlMFT,,003zu9kFOrpbJ8UYJH
8018sma1ihSaaESI1F,ORD-000000514,Fulfilled,2022-09-10,2023-09-10,New,13480 Deleon Junctions,Cedar Crossing,CO,63995,United States,1845 Clark Track,Summit Glen,CA,25340,United States,USD,Synthetic order for test and benchmark use.,2022-09-09T12:45:14Z,775792.78,001aJFstC9yWgafQNG,0031V35M3k3BNNhQ3W,,006Y1Mvf6qcOjkhILA,01sLoYtuPuiAhJSKZN,,003iXDfXVz3BdKQQVR
821h2gLXcoAbU6UINT,ORD-000000515,Cancelled,2021-06-26,2023-06-26,Amendment,4926 Wang Ports,Summit Glen,MA,92172,United States,528 Matthew Valley,Northhaven,CO,20693,United States,USD,Synthetic order for test and benchmark use.,2021-05-13T12:49:30Z,897974.44,001wOS4RTezb6AxY4U,003rYgrvc9K7YF1QGX,,0061qThIuslKrF7IVW,01sf902KvuoXgXtOGX,,003zlDJBeSE6i1PIZ5
801sYULHzkKL2urAB9,ORD-000000516,Activated,2022-08-01,2025-07-31,Amendment,23426 Elliott Centers,Summit Glen,MA,30555,United States,04640 Ryan Lights,Willow Harbor,MA,28380,United States,USD,Synthetic order for test and benchmark use.,2022-07-09T09:07:12Z,428996.31,001avRKkn0zGBkGQ4J,003C7qNoE31DHCjADX,,006rm6acotUVy8XIRX,01sQ4LtuJF9K1vlMFT,,0036fgaibM8aK8xQCR
801d3D0s0hYyl1EIK8,ORD-000000517,Cancelled,2024-11-28,2025-11-28,Renewal,040 Choi Shore,Lake Briar,CO,88229,United States,0725 Pacheco Knoll,Northhaven,MA,44125,United States,USD,Synthetic order for test and benchmark use.,2024-10-21T00:59:47Z,1220041.46,0017rl4CBbT95B0YG7,0033vK4kL9GicJvQ7E,800voDxAA395iaPQHB,7212FIzCSBHKWJ1A02,01sQ4LtuJF9K1vlMFT,,0033cD3226r2rt9AGL
801gKbFcg7HojoXQZ9,ORD-000000518,Cancelled,2021-12-01,2024-11-30,New,238 Duncan Terrace,Summit Glen,OR,10020,United States,943 Gould Drives,Summit Glen,OR,79814,United States,USD,Synthetic order for test and benchmark use.,2021-11-28T03:40:12Z,2873970.38,001kC1LlUdj8c3zY68,003FZkvCIGbyQfHAVS,,,01sQ4LtuJF9K1vlMFT,0Q0ysc5XhvskVJAKD5,003FZkvCIGbyQfHAVS
801XM1i93T80PdtI4W,ORD-000000519,Cancelled,2023-03-06,2025-03-05,Renewal,95001 Rose Ridge,Summit Glen,MA,29589,United States,2718 David Drive,Cedar Crossing,NC,10435,United States,USD,Synthetic order for test and benchmark use.,2023-01-22T10:30:21Z,1754226.66,001Tn3lq2OpXiyaYCN,003lkvZoDDt1xdhI3W,,006hYnyfIrFM184I24,01sf902KvuoXgXtOGX,0Q03fy3vjekvtY30BL,
801bzdDNaZJ3ub7AQV,ORD-000000520,Fulfilled,2023-12-16,2024-12-15,New,726 Powers Ranch,Willow Harbor,OR,68334,United States,05022 Benjamin Trail,Cedar Crossing,CO,62783,United States,USD,Synthetic order for test and benchmark use.,2023-12-07T11:10:40Z,1491395.6,001b9Ubd6IpdBJKANL,003gceY71ZavIIHILB,,,01sf902KvuoXgXtOGX,,003Gqj5HefvdveDABM
801TvKYWK5hCA7gY8X,ORD-000000521,Cancelled,2022-12-05,2025-12-04,Renewal,3125 Espinoza Extension,Summit Glen,CO,68122,United States,396 Christopher Key,Lake Briar,TX,15297,United States,USD,Synthetic order for test and benchmark use.,2022-10-07T21:35:02Z,2185708.15,001IOGBmeiQlCpGYR9,00341xgP3uVuAHDI2M,,,01sLoYtuPuiAhJSKZN,,00341xgP3uVuAHDI2M
80tPWa8pYgU4FMZQK6,ORD-000000522,Draft,2025-10-26,2026-10-26,New,6133 Jones Shores,Cedar Crossing,WA,74467,United States,831 Walker Shores,Summit Glen,TX,80387,United States,USD,Synthetic order for test and benchmark use.,2025-09-30T05:13:52Z,2079637.22,0014BI0PTpGJAb4ICJ,003N7npX1LNheCRIK8,800nEzeWjRDTX6SYUM,006zOXPozGWvIdBYAC,01sLoYtuPuiAhJSKZN,,003x6BiZELPWp5FYJ9
801lFjWhDz1oIu4IG8,ORD-000000523,Fulfilled,2023-04-10,2024-04-09,Renewal,21021 Shannon Radial,Northhaven,NC,95007,United States,009 Thomas Extensions,Alder Bay,CA,27840,United States,USD,Synthetic order for test and benchmark use.,2023-02-24T18:25:56Z,2004821.13,001iIp10CH2rdjrQCH,003TlE2gTeNBti5YYO,800gui9hkljmMroQK6,820ublfModfHT3tAJO,01sQ4LtuJF9K1vlMFT,,
801j2UK3QW8OIpFAMZ,ORD-000000524,Draft,2024-12-15,2027-12-15,Amendment,97079 Powell Crest,Cedar Crossing,NC,98263,United States,7903 James Viaduct,Willow Harbor,MA,45667,United States,USD,Synthetic order for test and benchmark use.,2024-10-18T02:57:46Z,173810.34,001yQSD3rwvt3ZBAV9,003XwlOCCmKzlaJARA,,006WlMRhYiLZnZnQQ3,01sLoYtuPuiAhJSKZN,,003XwlOCCmKzlaJARA
801VH4MkE8Jw5diY40,ORD-000000525,Draft,2024-08-28,2027-08-28,Amendment,1469 Jessica Pike,Lake Briar,OR,12577,United States,850 Andrews Court,Lake Briar,CA,21320,United States,USD,Synthetic order for test and benchmark use.,2024-07-22T23:54:07Z,462614.04,001ULaAYdBnWIytQCT,0032JMj0nM8q7ONY8A,800Fe8BbQcuOWcpQK3,0063SY6evRNlBraQYU,01sf902KvuoXgXtOGX,0Q0s67bDZqF2QbwS0Q,003dSuUEWQlJ0BVIYZ
801yDc0Tce1ZQmDA18,ORD-000000526,Cancelled,2023-02-11,2026-02-10,Amendment,386 Romero Highway,Summit Glen,NC,90739,United States,17643 Jacobs Flats,Northhaven,WA,99038,United States,USD,Synthetic order for test and benchmark use.,2023-01-26T15:40:51Z,175806.7,001wVfBSjnPjaamQPU,003IyRNO6vqXiLiQD5,,81iIHdj0AoyTBidADX,01sQ4LtuJF9K1vlMFT,,003IyRNO6vqXiLiQD5
801RzRkJLZrH5ESQNN,ORD-000000527,Fulfilled,2024-11-29,2027-11-29,Amendment,4619 Jennifer Shore,Cedar Crossing,WA,80168,United States,87939 Medina Island,Northhaven,CA,33964,United States,USD,Synthetic order for test and benchmark use.,2024-11-24T22:47:09Z,2106508.71,001e9z8TRFaUOARQMA,,,,01sQ4LtuJF9K1vlMFT,,003JkkGDfJBiVsFAOO
801FqkvJQo4HbBjIIR,ORD-000000528,Fulfilled,2025-12-12,2028-12-11,New,405 James River,Summit Glen,CA,85378,United States,87569 Valerie Square,Alder Bay,TX,82247,United States,USD,Synthetic order for test and benchmark use.,2025-11-01T13:43:51Z,2862941.6,001Mpyhcy0YjCuyQPK,003y2706GnkVV3oIOY,,00tK8p779q4DqJHYDL,01sf902KvuoXgXtOGX,,003y2706GnkVV3oIOY
801t1CRa8ngkXdGIEW,ORD-000000529,Activated,2024-08-17,2025-08-17,Renewal,289 Clarke Village,Northhaven,CA,12479,United States,959 Michael Divide,Summit Glen,OR,24769,United States,USD,Synthetic order for test and benchmark use.,2024-07-17T21:27:58Z,977214.06,001UMQhTkv1ASD0YIT,0036M9oi3OkmErTIEE,,720zTie0H1c7MkoADS,01sQ4LtuJF9K1vlMFT,0Q00aYdgWEQHsHE0IT,0036M9oi3OkmErTIEE
801696fGCsAGWAhIQ7,ORD-000000530,Fulfilled,2023-09-22,2024-09-21,New,186 Diaz Rue,Northhaven,TX,44798,United States,499 Glenn Unions,Northhaven,CO,49628,United States,USD,Synthetic order for test and benchmark use.,2023-08-31T21:34:07Z,169958.5,0013e2Rh2QW4yB5YBM,003G3bKrK9jYeb2I6K,,006Hqn5ABJAtinGAOT,01sf902KvuoXgXtOGX,,003BdmepSnncyxLQ9A
8015EPVpioaqfNDQVH,ORD-000000531,Fulfilled,2024-05-31,2025-05-31,Renewal,15364 Mark Motorway,Alder Bay,TX,54094,United States,63876 Nancy Knolls,Lake Briar,CO,36215,United States,USD,Synthetic order for test and benchmark use.,2024-04-03T10:59:24Z,1932255.88,001PUaO8FLbQ5tuY7R,003Mq3yB1QMrWPSAUJ,80028IW8F9poVcVYB4,,01sQ4LtuJF9K1vlMFT,0Q0yWU5Wm53hjcJCBR,
80143iUoocU2xYqI1T,ORD-000000532,Fulfilled,2023-06-29,2026-06-28,New,05276 Heather Pine,Alder Bay,MA,68297,United States,49212 Jamie Forges,Lake Briar,OR,23756,United States,USD,Synthetic order for test and benchmark use.,2023-06-24T16:02:22Z,290648.9,001DvFcs2OCjLNHAFJ,003ymOdH07y8GqYQ0O,,511WEyoFdUjxapyIW9,01sf902KvuoXgXtOGX,,003E19tq7w2fwiMA1S
801Q4IXny1NZwJPQ8Q,ORD-000000533,Cancelled,2021-09-22,2023-09-22,Amendment,548 Quinn Manors,Alder Bay,WA,90532,United States,6893 Patricia Locks,Summit Glen,WA,73317,United States,USD,Synthetic order for test and benchmark use.,2021-08-23T08:53:42Z,777895.71,001dUDfaBymF8HyAUN,003elJUuW9sVEkFI8Y,,,01sQ4LtuJF9K1vlMFT,,
021T5La4VmcyG25IA7,ORD-000000534,Cancelled,2026-06-02,2027-06-02,New,313 Dawn Views,Summit Glen,OR,87508,United States,2175 Karl Road,Lake Briar,MA,27799,United States,USD,Synthetic order for test and benchmark use.,2026-05-10T00:18:36Z,289192.2,001DmIO5EqT4tawY4D,003cDJscbZK0JtHQIR,,526oIi4wwv9ub5TYYU,01sJqGPflRJqwqCPRW,,003cDJscbZK0JtHQIR
706qDENYWf535cwY9D,ORD-000000535,Activated,2023-08-27,2025-08-26,New,367 Ball Highway,Summit Glen,TX,97700,United States,2466 Breanna Gardens,Willow Harbor,WA,19512,United States,USD,Synthetic order for test and benchmark use.,2023-08-12T17:47:25Z,1485920.03,001yVmlwCnpWY0fA4W,003z7ZbcBcDrjgLQK6,,006hLA2JQUbQQsrY23,01sLoYtuPuiAhJSKZN,0Q0Fb4kMYfgEOQUKOA,003KSHCpaRzgzM8ADK
026XSmGjpImwXoGQFT,ORD-000000536,Cancelled,2023-11-10,2025-11-09,New,106 Nicole Pike,Northhaven,MA,88210,United States,5875 Anderson Highway,Lake Briar,TX,66629,United States,USD,Synthetic order for test and benchmark use.,2023-11-02T03:44:19Z,884618.44,001qP46mGWsPnuOQ5R,003oOBOvrWV3r2WA8W,800WGmMAqFXhoiTIUV,006NeJlsYNuod3eAS2,01sJqGPflRJqwqCPRW,,003KQYscsqdESaeAKC
8018gwtbJsMcLrQI9E,ORD-000000537,Activated,2025-01-01,2027-01-01,New,435 Lauren Lake,Lake Briar,CA,56902,United States,6963 Lindsey Plains,Northhaven,MA,21851,United States,USD,Synthetic order for test and benchmark use.,2024-12-09T18:48:03Z,1160461.03,001sxFqtMp1pxP6AMV,,,006uJMzED6Hs1DdYML,01sQ4LtuJF9K1vlMFT,0Q0s9cFB18WdAYXSEV,
02igIYl4ksUH1wlQMP,ORD-000000538,Draft,2024-04-02,2025-04-02,Amendment,2905 Christine Pass,Cedar Crossing,CO,68637,United States,93684 Ryan Wall,Northhaven,TX,32761,United States,USD,Synthetic order for test and benchmark use.,2024-03-11T09:34:32Z,2756066.32,001PUaO8FLbQ5tuY7R,003bBurZT3jFyReYX3,,5261xjDdX1QGkqmIQC,01sLoYtuPuiAhJSKZN,,003bBurZT3jFyReYX3
801kUXjYVzzZwIoI2O,ORD-000000539,Cancelled,2021-08-24,2022-08-24,Amendment,936 Stephanie Street,Alder Bay,NC,83039,United States,1904 Simon Light,Northhaven,CO,67788,United States,USD,Synthetic order for test and benchmark use.,2021-08-15T13:34:00Z,1076901.95,0011y3R0qW4167MAMP,003dhEq28R9SWrsYJD,,006CviPdHhKL0aMIBR,01sQ4LtuJF9K1vlMFT,,003dhEq28R9SWrsYJD
801OCxDokFglQOnQNJ,ORD-000000540,Activated,2024-10-13,2026-10-13,Amendment,3264 Sheri Ports,Northhaven,WA,74602,United States,40307 Edwards Walk,Willow Harbor,CO,96229,United States,USD,Synthetic order for test and benchmark use.,2024-08-31T17:45:08Z,1117210.1,001FU3HbNYKm95BYPF,003MrOyeJlczlEjQEN,,006vRmwy1MfWv3NIQ3,01sLoYtuPuiAhJSKZN,,003glOPy3BD2di1YT6
001CUJom39MGP2ZQYD,ORD-000000541,Cancelled,2025-03-04,2028-03-03,Renewal,1375 Bethany Point,Alder Bay,TX,74486,United States,0431 Rebecca Bridge,Cedar Crossing,CA,77221,United States,USD,Synthetic order for test and benchmark use.,2025-01-28T22:21:42Z,1122354.4,001FVBcrH6719XQAUS,003MnJVzYDGu7zUAKK,,80iq1Bh2MseHsg3YUS,01sQ4LtuJF9K1vlMFT,,003MnJVzYDGu7zUAKK
801qKdgsWF7aglFQDB,ORD-000000542,Draft,2026-05-03,2028-05-02,New,585 Joel Place,Northhaven,OR,36224,United States,5481 Mcdonald Court,Alder Bay,OR,49270,United States,USD,Synthetic order for test and benchmark use.,2026-03-05T21:25:45Z,1745668.74,0013e2Rh2QW4yB5YBM,003aOXN8maPyJ9cYND,,726LutHRC9ADmm5YST,01sLoYtuPuiAhJSKZN,0Q0282oSGLaWLzgSOZ,003SDpJKWpDC3n9Y54
801v8S2IJYwx27VQTW,ORD-000000543,Fulfilled,2022-05-24,2023-05-24,Amendment,74830 Rhonda Ports,Cedar Crossing,CO,10095,United States,9895 Patricia Valleys,Lake Briar,NC,36757,United States,USD,Synthetic order for test and benchmark use.,2022-05-07T11:59:26Z,2136809.33,001iIp10CH2rdjrQCH,003F7FFpQhCYBgJAKA,,006kf2nLFdad71sAIO,01sLoYtuPuiAhJSKZN,,003V2PYcYPbGiyLQOZ
006onKHFZXEGqJ7YMH,ORD-000000544,Fulfilled,2024-02-10,2025-02-09,Amendment,1220 Christina Bypass,Summit Glen,TX,49276,United States,162 Arthur Squares,Cedar Crossing,CA,17114,United States,USD,Synthetic order for test and benchmark use.,2023-12-13T13:17:01Z,1604566.39,001EocC12jSBhyyIOU,003DnDlPXrvzmkCIGX,8000iu1gPnwYYKdYOU,,01sQ4LtuJF9K1vlMFT,0Q0tn8mMzlsvyxhS3S,003KtHm7uBbpVUkQ0I
801Wv7ZZ0LygY3CQGN,ORD-000000545,Activated,2022-02-27,2024-02-27,Amendment,481 Kathy Haven,Cedar Crossing,CA,91658,United States,27683 Moore Pass,Summit Glen,TX,26965,United States,USD,Synthetic order for test and benchmark use.,2022-01-12T17:16:31Z,2323282.68,001RiZCg1UERbAvQWO,0030VnwN9BYQ14jQG1,,006y6TIUeR343JzI41,01sLoYtuPuiAhJSKZN,,0030VnwN9BYQ14jQG1
801oqzPrdU5kQK7QCO,ORD-000000546,Draft,2021-06-09,2023-06-09,Renewal,03995 Kimberly Prairie,Cedar Crossing,MA,66179,United States,7546 Arnold Crest,Willow Harbor,MA,77932,United States,USD,Synthetic order for test and benchmark use.,2021-05-21T17:44:56Z,2635050.72,001S6Q42Y1rkKzpYHW,003BRwu2sKtgDFJIUG,,016sr1kcWt26zHYY92,01sf902KvuoXgXtOGX,,003BRwu2sKtgDFJIUG
8012Wov1jnLDQE9I16,ORD-000000547,Draft,2025-03-03,2027-03-03,Renewal,740 Carol Circle,Willow Harbor,NC,82702,United States,3518 Rodriguez Stream,Alder Bay,WA,23641,United States,USD,Synthetic order for test and benchmark use.,2025-01-20T09:33:48Z,327698.15,001JLvRCLNllmEyYER,003he5vZFsM4U6hQ0K,,71tPa9pj2CKPA1qQMG,01sQ4LtuJF9K1vlMFT,0Q0uXh43XA5U4sTCEA,003he5vZFsM4U6hQ0K
8016aVhhbuWnorEIG4,ORD-000000548,Activated,2023-04-03,2025-04-02,Renewal,567 Richardson Turnpike,Cedar Crossing,CO,82863,United States,09222 Davis Greens,Summit Glen,OR,94247,United States,USD,Synthetic order for test and benchmark use.,2023-04-02T19:02:10Z,2475362.9,001LDOa8tzZhi9lQLS,003THT0jpN9NJqQQ7P,,006KY5EUmtFCLYFYIW,01sQ4LtuJF9K1vlMFT,,
801yMclaJ6W3FH1YC5,ORD-000000549,Draft,2023-12-05,2026-12-04,New,683 Shannon Harbor,Alder Bay,OR,73156,United States,29821 Christine Flats,Lake Briar,CA,11571,United States,USD,Synthetic order for test and benchmark use.,2023-10-17T21:35:30Z,2590780.0,0019ojrY0cvCQ2UQ6L,003YdFPC0xpo260IVZ,,006UJVaDXAocwNzYU7,01sLoYtuPuiAhJSKZN,,003EITgQp4xDjA6IV9
026BVR57X8CvFHRYF7,ORD-000000550,Fulfilled,2023-12-06,2026-12-05,New,1045 Vasquez Flats,Northhaven,MA,12445,United States,47679 Brent Mill,Cedar Crossing,OR,23538,United States,USD,Synthetic order for test and benchmark use.,2023-10-23T16:30:53Z,261337.57,0011y3R0qW4167MAMP,003XijlXXYNtjjrAZG,,81ifOLG1ra92UnlQ70,01sf902KvuoXgXtOGX,,003XijlXXYNtjjrAZG
801jpmLukdBgoGTIVR,ORD-000000551,Fulfilled,2026-04-23,2027-04-23,Amendment,2159 Alicia Village,Northhaven,MA,91200,United States,2972 James Terrace,Cedar Crossing,CO,42417,United States,USD,Synthetic order for test and benchmark use.,2026-03-11T02:33:57Z,1444006.19,001qP46mGWsPnuOQ5R,003JnvgUqZO7H4aIRV,,001oUkNbbCllH3CABZ,01sLoYtuPuiAhJSKZN,,003KQYscsqdESaeAKC
801FLbB5EIFj07NYI6,ORD-000000552,Activated,2025-12-05,2027-12-05,Renewal,493 Lori Port,Summit Glen,NC,95428,United States,1496 Amy Lane,Summit Glen,WA,97802,United States,USD,Synthetic order for test and benchmark use.,2025-11-03T16:04:20Z,7633.95,0018MjZShtig55PAG6,003boDg564dd7DLYTL,800RGzoGVNcuQYDI8E,0061a0N3TcwgYlmIJU,01sQ4LtuJF9K1vlMFT,,0033wm8pc9kCfj6YPG
8008MBXqOXYhLGiQE0,ORD-000000553,Cancelled,2022-04-22,2025-04-21,Amendment,716 Morrison Summit,Summit Glen,OR,47915,United States,4088 Heather Freeway,Alder Bay,CA,15114,United States,USD,Synthetic order for test and benchmark use.,2022-02-22T21:09:32Z,2411663.97,001kgFF0qALhnGGYD4,003QpUbKtwmcJ3HY8B,,006d9dEmMyNLU3LYH9,01sQ4LtuJF9K1vlMFT,,003QpUbKtwmcJ3HY8B
8016YEGhfHFeo8PAD1,ORD-000000554,Activated,2025-05-08,2028-05-07,New,0142 Charles Shore,Lake Briar,MA,89986,United States,520 Courtney Garden,Northhaven,MA,73220,United States,USD,Synthetic order for test and benchmark use.,2025-03-15T20:42:54Z,1189914.94,,003jAZnIL7oYfk0Y1U,800bjmohWwCP7WSIB5,,01sLoYtuPuiAhJSKZN,,003VxLo3FH5P5RIAB7
8019ASRuPZpIi2XQB8,ORD-000000555,Activated,2023-02-21,2026-02-20,Amendment,70889 Reilly Pass,Willow Harbor,TX,77970,United States,12959 Priscilla Gardens,Northhaven,NC,91873,United States,USD,Synthetic order for test and benchmark use.,2023-02-11T05:37:29Z,397851.1,001OLEw0xIyryQpQ2X,003VXTPtY3aCrHFQRI,,006Ngp3eXn7oUtMIL0,01sf902KvuoXgXtOGX,,
51ttQqHg65h6nDOIJX,ORD-000000556,Draft,2021-02-19,2024-02-19,Amendment,1236 Kevin Lodge,Summit Glen,CO,89312,United States,54746 Daniel Road,Willow Harbor,CO,62470,United States,USD,Synthetic order for test and benchmark use.,2021-02-09T23:45:21Z,1155901.06,001kC1LlUdj8c3zY68,003PyZ38dL1GKh6AD3,800zUFqhmCa1rQWYGD,700wA90FDeQiZ6wQI3,01sf902KvuoXgXtOGX,,003ezCyox7B4VHNAOG
801AsWPjA9tFKWbIIA,ORD-000000557,Cancelled,2023-07-08,2025-07-07,New,0783 Tony Spring,Summit Glen,OR,49440,United States,324 Amy Dam,Alder Bay,TX,89895,United States,USD,Synthetic order for test and benchmark use.,2023-06-18T02:07:05Z,2768399.65,001OH94vlTF3MI8Y08,00324SkSh22hkotYEY,8008VR87WA8PEdGIS6,816OkDXbVyllg8hYUU,01sQ4LtuJF9K1vlMFT,,00324SkSh22hkotYEY
801TOipgGY8jmZNIX8,ORD-000000558,Cancelled,2022-12-12,2023-12-12,Amendment,17028 Garcia Divide,Willow Harbor,CO,53163,United States,67811 Benitez Mountain,Willow Harbor,WA,37152,United States,USD,Synthetic order for test and benchmark use.,2022-12-11T18:12:18Z,1250298.75,001qxvOxGkxKlKoYCS,0039xwRHwigsnXFQBC,,726U8oNm8SnQFZ6IES,01sf902KvuoXgXtOGX,0Q02vgyJ9bcmGXo0U5,0039xwRHwigsnXFQBC
801zFcwEdpWY9EiYL5,ORD-000000559,Fulfilled,2023-05-24,2026-05-23,Renewal,14131 Michael Throughway,Northhaven,OR,20561,United States,98410 Johnson Islands,Cedar Crossing,MA,58963,United States,USD,Synthetic order for test and benchmark use.,2023-05-09T21:22:46Z,1222052.7,001DbG9gnZEl0ZPAAY,003JvekNEObXCPCYL1,,006FuZqMhzhbMBjIXF,01sQ4LtuJF9K1vlMFT,0Q0mQGE2Ohi2QPHK3T,003BpLOEBjhtrpuQWV
801RbsfTfbtqYxSQ7C,ORD-000000560,Draft,2026-05-09,2028-05-08,Amendment,4724 Christina Meadow,Willow Harbor,WA,86030,United States,355 Christopher Estates,Alder Bay,NC,80219,United States,USD,Synthetic order for test and benchmark use.,2026-03-31T18:57:31Z,775912.2,001Oil2EokU3tWpID9,,,006pJXsG6hijxZrIT8,01sf902KvuoXgXtOGX,,0036mmNusffWovpIGN
801vpxGtMjV4HVOQA7,ORD-000000561,Draft,2024-12-10,2026-12-10,Amendment,214 Scott Loop,Alder Bay,TX,30152,United States,8019 Michael Fall,Summit Glen,WA,10498,United States,USD,Synthetic order for test and benchmark use.,2024-11-07T13:04:37Z,224316.19,001oPLQgL6DtzXuQJ9,00394wQRWKSVri5I25,,00631F4ooCdwrqsY33,01sf902KvuoXgXtOGX,,003NmtdlMjbGHaXQSG
801vhnqtxSrDGs9AQI,ORD-000000562,Cancelled,2023-06-13,2026-06-12,New,450 David Dale,Alder Bay,CO,10871,United States,0790 Walters Plains,Willow Harbor,TX,56173,United States,USD,Synthetic order for test and benchmark use.,2023-06-08T13:16:37Z,993358.56,001MT8Df5qbnGRWI8L,003P4MTvFelGRodQ08,,,01sJqGPflRJqwqCPRW,,003P4MTvFelGRodQ08
801vWBIJPSqXKeNYD0,ORD-000000563,Fulfilled,2026-05-21,2027-05-21,Amendment,62189 Murphy Rapid,Cedar Crossing,TX,39985,United States,217 Torres Club,Cedar Crossing,CA,41501,United States,USD,Synthetic order for test and benchmark use.,2026-04-04T22:14:41Z,143847.41,001JLvRCLNllmEyYER,003he5vZFsM4U6hQ0K,,71tPa9pj2CKPA1qQMG,01sQ4LtuJF9K1vlMFT,,003he5vZFsM4U6hQ0K
801sKLUyw4NmRCyQMS,ORD-000000564,Cancelled,2021-11-30,2022-11-30,Amendment,4204 Henderson Lakes,Northhaven,CA,26771,United States,735 Thompson Mount,Summit Glen,NC,44141,United States,USD,Synthetic order for test and benchmark use.,2021-11-28T07:25:33Z,1139742.32,001X85qfzndbjPoIS1,003ZKKiDE7DfEOBQUL,,006TKuc6w3hFq6FYVL,01sf902KvuoXgXtOGX,0Q0wcGpg0JMIRXVC39,003W4DKHKXcD4DQQF7
801673y6N9tE96YYJ9,ORD-000000565,Activated,2026-01-23,2028-01-23,Renewal,0165 Perez Center,Lake Briar,MA,35360,United States,3983 Sharp Lock,Cedar Crossing,MA,54660,United States,USD,Synthetic order for test and benchmark use.,2026-01-15T10:49:21Z,1355278.32,001r2Zt5bJoZh5cI46,003bYmDBFVRb9zYI4J,,0060fyqkOBlBEsPIQ3,01sLoYtuPuiAhJSKZN,,003bYmDBFVRb9zYI4J
8014GWS9nMFs8EhAER,ORD-000000566,Fulfilled,2025-04-13,2028-04-12,New,488 Holder Avenue,Cedar Crossing,MA,18383,United States,40142 Nicholas Spurs,Alder Bay,MA,37072,United States,USD,Synthetic order for test and benchmark use.,2025-02-12T13:37:39Z,315103.75,0011y3R0qW4167MAMP,003XijlXXYNtjjrAZG,,80tIwfuf51uL6FGQB6,01sf902KvuoXgXtOGX,,003XijlXXYNtjjrAZG
801cpVmrs5REV6AYII,ORD-000000567,Activated,2023-03-03,2024-03-02,Amendment,3753 Reed Radial,Alder Bay,MA,91263,United States,43442 Chris Mountain,Cedar Crossing,MA,17885,United States,USD,Synthetic order for test and benchmark use.,2023-02-11T11:06:38Z,2561313.48,001D3FX1GvU3G1mAKG,003NNQIxxg1LXB1IM6,,01i4tbtlkIVqekKIQW,01sf902KvuoXgXtOGX,,003NNQIxxg1LXB1IM6
8012lXccdOketESIQJ,ORD-000000568,Draft,2023-09-21,2024-09-20,Amendment,547 Singh Ways,Northhaven,NC,93683,United States,4792 Guerrero Heights,Summit Glen,OR,14866,United States,USD,Synthetic order for test and benchmark use.,2023-09-06T01:49:22Z,2911167.22,001lpuGrFmSTBnuY0M,003bnlV75OUk1OtQ61,,80tIkHrltvUIWqOY13,01sLoYtuPuiAhJSKZN,,003uwa0GaixV5VQI3X
801mOeaKmmVXYmrY53,ORD-000000569,Activated,2026-02-28,2029-02-27,Renewal,75080 Catherine Loaf,Cedar Crossing,MA,30610,United States,9230 Rosario Via,Alder Bay,NC,46782,United States,USD,Synthetic order for test and benchmark use.,2026-02-07T02:50:17Z,956121.94,001EM3ljRRvtOqaQZO,003KN79fSFd3oQ6IVK,,006hxWshbpMkWxAI8T,01sf902KvuoXgXtOGX,,003KN79fSFd3oQ6IVK
801mjWGVOGcvMy9QHO,ORD-000000570,Activated,2023-07-18,2025-07-17,Amendment,165 Joshua Glens,Cedar Crossing,CA,33864,United States,9637 Lawson Valleys,Alder Bay,CA,33513,United States,USD,Synthetic order for test and benchmark use.,2023-07-14T18:14:31Z,1559859.66,001H9tfZGBr7JPsALI,003CZUOSe30hjeUI6P,,72iIgR6vwZzvAVWID9,01sLoYtuPuiAhJSKZN,,003CZUOSe30hjeUI6P
8014jXUy0cw2pGfI6S,ORD-000000571,Cancelled,2022-11-25,2023-11-25,Renewal,969 Nicole Track,Cedar Crossing,TX,32579,United States,0272 Mccormick Wall,Lake Briar,MA,72334,United States,USD,Synthetic order for test and benchmark use.,2022-10-28T19:20:01Z,36651.88,001kaydhB78AJPJIWK,003URlnxMHsDiDPQ7H,,006AjJkIcXHvgtSARC,01sf902KvuoXgXtOGX,,003URlnxMHsDiDPQ7H
001pLrXgUg79BdcA23,ORD-000000572,Draft,2022-06-27,2024-06-26,Renewal,397 Adrienne Freeway,Summit Glen,OR,32715,United States,0737 John Vista,Cedar Crossing,CA,14963,United States,USD,Synthetic order for test and benchmark use.,2022-06-15T18:10:43Z,1965345.18,001e0UGOTVraqTKQN3,003UCqQkPR1i6xLQQO,,006CcicnqotKbV7QA3,01sQ4LtuJF9K1vlMFT,,003UCqQkPR1i6xLQQO
8019BfxNyB3b14BAH6,ORD-000000573,Cancelled,2022-01-24,2025-01-23,Amendment,01867 Gray Cape,Lake Briar,NC,17486,United States,0741 Miguel Forge,Lake Briar,NC,34664,United States,USD,Synthetic order for test and benchmark use.,2021-12-01T16:36:04Z,967273.09,001aPvgDsUU73EoIG0,003PCL4YTi6151xAJR,,70trphiT60GMX0jQVT,01sQ4LtuJF9K1vlMFT,,003PCL4YTi6151xAJR
801HiuTMbUQDwA5QJ5,ORD-000000574,Fulfilled,2026-04-20,2027-04-20,Amendment,235 Ortiz Radial,Cedar Crossing,MA,63657,United States,0751 Christopher Corners,Cedar Crossing,CO,39423,United States,USD,Synthetic order for test and benchmark use.,2026-04-19T04:44:52Z,217440.16,001qP46mGWsPnuOQ5R,,,516BZpqi92HfMiEAXD,01sLoYtuPuiAhJSKZN,,003JnvgUqZO7H4aIRV
800I2BAjG5j3HslYBC,ORD-000000575,Fulfilled,2026-02-10,2027-02-10,New,65411 Valerie Alley,Cedar Crossing,OR,86308,United States,377 Johnson Mission,Summit Glen,MA,35674,United States,USD,Synthetic order for test and benchmark use.,2025-12-21T06:30:59Z,1786891.33,0012Mm2CXMo3FSXAIK,003P3d04rdXPYhwAN3,,006Cm8Rn4HErLBzA3Y,01sLoYtuPuiAhJSKZN,,003nDBQCPPUVyeOA76
8017kiJcedWwxqfA8Y,ORD-000000576,Cancelled,2025-11-03,2027-11-03,Amendment,0838 Grant Pike,Cedar Crossing,OR,19024,United States,2279 Christine Port,Summit Glen,CA,92290,United States,USD,Synthetic order for test and benchmark use.,2025-09-24T11:50:51Z,2643086.87,001bEjr0cyFC7SBAXL,003uHEMhYY2BbchADE,,510VO5MURhSxzZ6AYH,01sLoYtuPuiAhJSKZN,,003uHEMhYY2BbchADE
801jJWTdQFdpLWdIIE,ORD-000000577,Cancelled,2022-08-27,2024-08-26,Renewal,7898 Omar Hollow,Lake Briar,WA,86012,United States,575 Mary Plains,Alder Bay,MA,59976,United States,USD,Synthetic order for test and benchmark use.,2022-07-20T00:23:18Z,2093607.2,001S3iMdhglkGGXA4V,0039hOoEmV9URW8A6H,,,01sLoYtuPuiAhJSKZN,,0039hOoEmV9URW8A6H
710jhYoO6Y4VsaCYR4,ORD-000000578,Fulfilled,2022-08-24,2025-08-23,Renewal,962 Adams Estates,Alder Bay,OR,13195,United States,18978 Lopez Divide,Lake Briar,CA,98242,United States,USD,Synthetic order for test and benchmark use.,2022-07-09T08:58:30Z,2032573.83,001sriFmgu6lhqcIL6,,,701ZKEVK2K8qBjzA6V,01sf902KvuoXgXtOGX,,
801QxCB8dapkSEwQVL,ORD-000000579,Activated,2022-01-22,2024-01-22,Renewal,25709 Sharon Causeway,Alder Bay,CA,46641,United States,436 Brown Falls,Northhaven,MA,66376,United States,USD,Synthetic order for test and benchmark use.,2022-01-10T17:31:59Z,1499384.58,001j6nRokzRlCs1Y07,,8005cBwa2u29TaTY1C,026rEFr5eyVWlSZY8X,01sLoYtuPuiAhJSKZN,,003F7xNHwBJn7AfAYF
801EXGL4CXtu3IHYIV,ORD-000000580,Activated,2023-12-09,2026-12-08,Renewal,61685 Timothy Circle,Northhaven,TX,28851,United States,34819 Shaffer Square,Cedar Crossing,CA,24605,United States,USD,Synthetic order for test and benchmark use.,2023-11-29T13:41:33Z,1257780.39,001tvKQbYklnB9tY2P,003ElPSqGnL5349YXS,800O8Ra0PxdA5AwQR9,01tdyvIgQpVTvgTYQH,01sQ4LtuJF9K1vlMFT,,0039nywwcoxMniGIIW
801HsCWqDXljKVNAMN,ORD-000000581,Activated,2022-08-11,2024-08-10,Amendment,71695 Adam Orchard,Willow Harbor,CO,98808,United States,4062 Smith Mill,Summit Glen,NC,39156,United States,USD,Synthetic order for test and benchmark use.,2022-08-05T19:04:28Z,1602672.91,001avRKkn0zGBkGQ4J,003C7qNoE31DHCjADX,800iNl2XYTV1XPLY1O,820vqYOyZYDm1OzQZ2,01sf902KvuoXgXtOGX,,003GCiusFbMca93YBA
8019pHzekuFRqyyA6S,ORD-000000582,Draft,2023-04-16,2026-04-15,New,98273 Shepherd Corner,Willow Harbor,MA,76130,United States,2520 Jeremy Union,Northhaven,WA,61878,United States,USD,Synthetic order for test and benchmark use.,2023-04-14T16:28:52Z,496591.54,001jIiXAhBEHXIPYQP,0037a7gULvkdSXjYNJ,800ZnhRcx6zL9UTI2C,026fIXSnC4XbAqbAIC,01sLoYtuPuiAhJSKZN,,0039kUTYqnZqDO3INU
8016etspoFDK2grYWN,ORD-000000583,Fulfilled,2024-06-04,2025-06-04,Amendment,606 Lee Plaza,Willow Harbor,NC,86355,United States,4464 Thomas Views,Alder Bay,TX,64837,United States,USD,Synthetic order for test and benchmark use.,2024-04-30T18:33:43Z,147692.43,001Hbp8pEhElgRqIO2,003ibyqKksVRVY7QU1,,820dkfx5MiN3Jf2AR6,01sQ4LtuJF9K1vlMFT,,003NOck8O3rY4waYUN
801FRQjeeCS6x9BA5T,ORD-000000584,Activated,2024-12-19,2025-12-19,Renewal,1562 Anne Stream,Northhaven,CA,96219,United States,502 Brian Spurs,Willow Harbor,TX,78883,United States,USD,Synthetic order for test and benchmark use.,2024-11-22T02:50:20Z,2976838.66,001tvKQbYklnB9tY2P,003NY4p4a4XHJvOQAQ,800O8Ra0PxdA5AwQR9,006mAqCQLvoO5idYZI,01sQ4LtuJF9K1vlMFT,,003I3dWkbTjcuLqIU3
801vJFEPwjwpmO4ANT,ORD-000000585,Draft,2023-07-25,2024-07-24,Renewal,760 Gary Burg,Alder Bay,CO,54916,United States,2832 Burns Parkway,Summit Glen,NC,12292,United States,USD,Synthetic order for test and benchmark use.,2023-06-01T04:49:49Z,2135128.57,001wXq5LbckG7u9AEU,003S0DpUcGyn83CIFX,800SEW2a9JZeHZ4QK9,006W5p2czSs2evdA30,01sQ4LtuJF9K1vlMFT,,003dXy6e6uwVbwDIP6
70iBffOMspjqQZ5Q7X,ORD-000000586,Fulfilled,2025-10-26,2028-10-25,New,259 Alexander River,Summit Glen,WA,29299,United States,64605 Edwards Square,Summit Glen,NC,66179,United States,USD,Synthetic order for test and benchmark use.,2025-09-30T22:40:16Z,380847.55,001PygtS3FHgKj8Q8G,0037Bsg2Pb6hce1Y60,,,01sf902KvuoXgXtOGX,,
801ojud5FJcYmQhIEK,ORD-000000587,Draft,2026-02-17,2027-02-17,Amendment,104 Martinez Bypass,Willow Harbor,NC,84304,United States,487 Stevenson Corner,Northhaven,CO,87949,United States,USD,Synthetic order for test and benchmark use.,2026-01-19T23:30:37Z,1185378.67,001kNqWPjavmloHAZ4,003oDJykvTwdFELQMJ,,006SLkFaTQw6NfEAND,01sLoYtuPuiAhJSKZN,,0039NbehctfaYP7A9N
801s8SKaTSpHCSWY1T,ORD-000000588,Fulfilled,2026-07-09,2028-07-08,New,7990 Raymond Meadow,Summit Glen,NC,72051,United States,9017 Harris Coves,Lake Briar,MA,53262,United States,USD,Synthetic order for test and benchmark use.,2026-05-28T22:27:24Z,2925169.45,0016z7B3rnZB3aZYDJ,003MtjQuiO2V6tgARQ,800KUYdDeWCoKD1ABD,000ueRK1nJtbEd2QSK,01sLoYtuPuiAhJSKZN,,003MtjQuiO2V6tgARQ
800rXkhjtm8lKhTAR3,ORD-000000589,Activated,2026-04-04,2029-04-03,Renewal,55032 Poole Cliffs,Summit Glen,OR,65618,United States,2984 Aaron Hills,Lake Briar,NC,56122,United States,USD,Synthetic order for test and benchmark use.,2026-02-09T18:15:43Z,1192069.27,001Ee8rMt958Fh9Y0A,003TCFOwwx3mRARI3Z,,0065MMZsFYroY4RAAH,01sJqGPflRJqwqCPRW,0Q0fbexjKcgom6u0OT,003TCFOwwx3mRARI3Z
801ZSTHJFz2O2OtIQ3,ORD-000000590,Cancelled,2024-09-08,2027-09-08,New,90605 Adam Track,Northhaven,TX,85121,United States,069 Wagner Loop,Summit Glen,OR,70531,United States,USD,Synthetic order for test and benchmark use.,2024-08-24T08:28:12Z,1732903.66,001HHU7vcgZ8phtAW6,0038t9cyDEE518SYI5,,0067aXW9gWvw28fQH9,01sQ4LtuJF9K1vlMFT,,003fAmeIPr7yU3DIE7
801Pxq2C7IGwwwWYU7,ORD-000000591,Fulfilled,2023-01-28,2024-01-28,Amendment,964 Randall Fort,Northhaven,MA,56787,United States,32659 Rogers Fields,Willow Harbor,OR,13454,United States,USD,Synthetic order for test and benchmark use.,2023-01-10T11:51:23Z,1458512.3,001IqN1uANorRv0AGO,003ehVb8mehm9CHABD,,816NH1Uknj79qGbQHV,01sQ4LtuJF9K1vlMFT,,003GgaT6UTYdKeTIX1
801r5T1I5TFPjUWAKS,ORD-000000592,Activated,2021-11-01,2024-10-31,Amendment,219 Carlos Pine,Northhaven,CA,30581,United States,305 Mason Point,Summit Glen,OR,47177,United States,USD,Synthetic order for test and benchmark use.,2021-09-05T02:22:21Z,648973.71,001Oil2EokU3tWpID9,0036mmNusffWovpIGN,,0064s0qP79GoSXOIPG,01sf902KvuoXgXtOGX,,0036mmNusffWovpIGN
801wdoMjNMEg8pGI35,ORD-000000593,Activated,2021-02-10,2022-02-10,Renewal,3789 Carlos Lane,Summit Glen,OR,91812,United States,4913 Swanson Lodge,Cedar Crossing,OR,86907,United States,USD,Synthetic order for test and benchmark use.,2021-01-15T15:23:13Z,2474720.63,001OPKDJQJag0BvIDS,003Z9p3iLikiLHLY2Q,,706ThNDtIikLzwYIS4,01sQ4LtuJF9K1vlMFT,0Q0RDdVj0fqoN3KC44,003Z9p3iLikiLHLY2Q
801ptsp7GVfkWsXI1S,ORD-000000594,Draft,2022-01-15,2023-01-15,New,22041 Ramirez Harbors,Lake Briar,OR,73906,United States,6138 Cooper Junctions,Willow Harbor,CO,95705,United States,USD,Synthetic order for test and benchmark use.,2022-01-09T00:52:20Z,2692765.19,001EocC12jSBhyyIOU,003DnDlPXrvzmkCIGX,,026pLi5YaivbPOPQG6,01sQ4LtuJF9K1vlMFT,,003KtHm7uBbpVUkQ0I
801zs1yBssP5AQjQL0,ORD-000000595,Draft,2024-02-08,2025-02-07,Amendment,5213 Robbins Canyon,Willow Harbor,MA,64972,United States,0661 Powers Lodge,Alder Bay,NC,44576,United States,USD,Synthetic order for test and benchmark use.,2023-12-16T14:52:46Z,2861069.52,001kpkteJ4XLaaYQTV,0033RZYz99EE8hOQSW,,006714F7uqDVIOWY93,01sQ4LtuJF9K1vlMFT,,003uNABTA3HDsNTQ1G
826vD8YE9uXlpjJAH0,ORD-000000596,Draft,2024-11-01,2025-11-01,Amendment,61746 Michelle Estate,Lake Briar,TX,79450,United States,2037 Kenneth Glen,Willow Harbor,TX,33767,United States,USD,Synthetic order for test and benchmark use.,2024-09-21T09:50:05Z,1529788.06,001TtyIW37HieQzYDX,003oKqkfdIU5Q4AYTI,,001b0M2T66D7YH8ILK,01sf902KvuoXgXtOGX,,003oKqkfdIU5Q4AYTI
801XFd6InvxtTOxQ49,ORD-000000597,Activated,2024-09-14,2026-09-14,New,6706 Jackie Drives,Northhaven,OR,33083,United States,909 Nelson Manors,Cedar Crossing,MA,39209,United States,USD,Synthetic order for test and benchmark use.,2024-08-08T21:11:34Z,258639.11,001t3ufNKZqVIffYHM,003x31iBq0IUpYUQN8,,700Uv4OBKSrHegvA8L,01sLoYtuPuiAhJSKZN,,003x31iBq0IUpYUQN8
801HjIBIkWf3mEoA67,ORD-000000598,Cancelled,2023-05-11,2024-05-10,New,62611 Schmitt Glens,Northhaven,OR,93671,United States,0146 Marilyn Rest,Summit Glen,CO,51269,United States,USD,Synthetic order for test and benchmark use.,2023-04-11T20:24:51Z,89684.23,001W0PnXXJdO3tsYE6,003AE1RNP3U6USlI82,,7110104sHd7nBOwQGT,01sf902KvuoXgXtOGX,0Q0rUNwMiAoynjFSUU,
821X185b4Zyk2haIFT,ORD-000000599,Draft,2026-04-07,2027-04-07,Amendment,532 Valentine Ferry,Willow Harbor,WA,21878,United States,98596 Jones Forges,Summit Glen,CO,50855,United States,USD,Synthetic order for test and benchmark use.,2026-03-01T10:58:52Z,2947149.64,001QKXzpetMVAmPQBV,003UGv6TgrJ2iwnIYY,,006aQoPPgaUNgRbYM8,01sQ4LtuJF9K1vlMFT,0Q0eQkwiw7yf09KKHA,003UGv6TgrJ2iwnIYY
801xzslKzwkt6m3Q8J,ORD-000000600,Cancelled,2025-02-02,2027-02-02,Renewal,6945 Michael Garden,Cedar Crossing,MA,31632,United States,59799 Jessica Forks,Northhaven,OR,47635,United States,USD,Synthetic order for test and benchmark use.,2024-12-22T00:04:11Z,1164504.53,001H2ifRi7MnAnLIKL,003oylSB1JB6P0eQ9K,,006shRlqZmnnyfUYE0,01sf902KvuoXgXtOGX,,003oylSB1JB6P0eQ9K
