acct_id,cardholder,state,txn_index,timestamp,merchant_cat,merchant,txn_amount
ACCT-013E4482,Alexis Parsons,CA,1,2025-01-02 21:20:56,entertainment,AMC Theatres,158.4
ACCT-013E4482,Alexis Parsons,CA,2,2025-01-03 09:55:05,subscription,Spotify,12.99
ACCT-013E4482,Alexis Parsons,CA,3,2025-01-03 10:49:25,healthcare,Walgreens,1529.73
ACCT-013E4482,Alexis Parsons,CA,4,2025-01-03 17:05:01,retail,Best Buy,94.89
ACCT-013E4482,Alexis Parsons,CA,5,2025-01-04 00:00:07,subscription,Netflix,12.99
ACCT-013E4482,Alexis Parsons,CA,6,2025-01-04 08:20:45,healthcare,CVS Pharmacy,46.97
ACCT-013E4482,Alexis Parsons,CA,7,2025-01-04 11:13:35,wire_transfer,PayPal,1866.93
ACCT-013E4482,Alexis Parsons,CA,8,2025-01-05 07:17:02,e-commerce,Amazon,210.43
ACCT-013E4482,Alexis Parsons,CA,9,2025-01-05 15:48:54,other,FedEx,77.3
ACCT-013E4482,Alexis Parsons,CA,10,2025-01-05 19:03:40,grocery,Whole Foods Market,42.31
ACCT-013E4482,Alexis Parsons,CA,11,2025-01-06 08:39:03,automotive,Pep Boys,29.19
ACCT-013E4482,Alexis Parsons,CA,12,2025-01-06 11:26:54,travel,Delta Air Lines,486.36
ACCT-013E4482,Alexis Parsons,CA,13,2025-01-07 12:34:41,grocery,Trader Joe's,54.58
ACCT-013E4482,Alexis Parsons,CA,14,2025-01-07 16:17:52,ATM,Chase Bank ATM,100.0
ACCT-013E4482,Alexis Parsons,CA,15,2025-01-08 09:44:11,healthcare,CareNow Urgent Care,19.17
ACCT-013E4482,Alexis Parsons,CA,16,2025-01-08 13:00:44,e-commerce,Amazon,44.25
ACCT-013E4482,Alexis Parsons,CA,17,2025-01-09 15:06:58,healthcare,CVS Pharmacy,22.26
ACCT-013E4482,Alexis Parsons,CA,18,2025-01-10 15:51:08,automotive,Valvoline Instant Oil Change,19.06
ACCT-013E4482,Alexis Parsons,CA,19,2025-01-11 11:27:40,dining,McDonald's,55.44
ACCT-013E4482,Alexis Parsons,CA,20,2025-01-11 12:41:16,other,7-Eleven,99.29
ACCT-013E4482,Alexis Parsons,CA,21,2025-01-12 09:44:45,travel,Delta Air Lines,1054.22
ACCT-013E4482,Alexis Parsons,CA,22,2025-01-12 12:51:15,dining,McDonald's,54.49
ACCT-013E4482,Alexis Parsons,CA,23,2025-01-12 15:51:46,gas,Chevron,85.07
ACCT-013E4482,Alexis Parsons,CA,24,2025-01-13 04:08:58,subscription,Disney+,24.99
ACCT-013E4482,Alexis Parsons,CA,25,2025-01-13 23:00:24,dining,Starbucks,94.89
ACCT-013E4482,Alexis Parsons,CA,26,2025-01-15 10:11:24,healthcare,Walgreens,22.21
ACCT-013E4482,Alexis Parsons,CA,27,2025-01-15 16:31:48,utilities,Pacific Gas & Electric,273.83
ACCT-013E4482,Alexis Parsons,CA,28,2025-01-15 17:27:19,entertainment,AMC Theatres,51.78
ACCT-013E4482,Alexis Parsons,CA,29,2025-01-16 18:36:02,entertainment,AMC Theatres,57.99
ACCT-013E4482,Alexis Parsons,CA,30,2025-01-17 00:23:15,subscription,Disney+,7.99
ACCT-013E4482,Alexis Parsons,CA,31,2025-01-17 07:47:06,healthcare,Walgreens,885.32
ACCT-013E4482,Alexis Parsons,CA,32,2025-01-17 13:43:59,ATM,Chase Bank ATM,80.0
ACCT-013E4482,Alexis Parsons,CA,33,2025-01-17 19:24:07,e-commerce,Amazon,26.1
ACCT-013E4482,Alexis Parsons,CA,34,2025-01-18 07:00:28,utilities,Pacific Gas & Electric,137.58
ACCT-013E4482,Alexis Parsons,CA,35,2025-01-18 19:06:07,grocery,Whole Foods Market,108.46
ACCT-013E4482,Alexis Parsons,CA,36,2025-01-18 19:18:31,entertainment,AMC Theatres,187.52
ACCT-013E4482,Alexis Parsons,CA,37,2025-01-19 14:46:00,grocery,Whole Foods Market,80.93
ACCT-013E4482,Alexis Parsons,CA,38,2025-01-20 05:29:10,subscription,Netflix,14.99
ACCT-013E4482,Alexis Parsons,CA,39,2025-01-20 14:06:42,utilities,Pacific Gas & Electric,137.82
ACCT-013E4482,Alexis Parsons,CA,40,2025-01-20 19:08:30,dining,Starbucks,88.9
ACCT-013E4482,Alexis Parsons,CA,41,2025-01-21 00:00:23,subscription,Netflix,9.99
ACCT-013E4482,Alexis Parsons,CA,42,2025-01-21 07:00:55,automotive,Midas,13.09
ACCT-013E4482,Alexis Parsons,CA,43,2025-01-21 14:06:52,e-commerce,Amazon,126.12
ACCT-013E4482,Alexis Parsons,CA,44,2025-01-22 02:15:54,subscription,Spotify,14.99
ACCT-013E4482,Alexis Parsons,CA,45,2025-01-22 11:05:41,healthcare,Walgreens Pharmacy,23.7
ACCT-013E4482,Alexis Parsons,CA,46,2025-01-22 12:30:06,e-commerce,Amazon,114.15
ACCT-013E4482,Alexis Parsons,CA,47,2025-01-22 19:11:09,e-commerce,Amazon,193.72
ACCT-013E4482,Alexis Parsons,CA,48,2025-01-23 07:00:36,healthcare,CVS Pharmacy,25.1
ACCT-013E4482,Alexis Parsons,CA,49,2025-01-23 13:05:23,retail,Nordstrom,70.56
ACCT-013E4482,Alexis Parsons,CA,50,2025-01-23 16:18:59,automotive,Jiffy Lube,23.45
ACCT-013E4482,Alexis Parsons,CA,51,2025-01-24 14:44:33,gas,Shell,54.92
ACCT-013E4482,Alexis Parsons,CA,52,2025-01-24 17:17:56,retail,Walmart,36.9
ACCT-013E4482,Alexis Parsons,CA,53,2025-01-24 20:02:05,dining,Starbucks,71.88
ACCT-013E4482,Alexis Parsons,CA,54,2025-01-24 20:49:05,dining,Starbucks,152.21
ACCT-013E4482,Alexis Parsons,CA,55,2025-01-25 10:49:54,grocery,Whole Foods Market,71.66
ACCT-013E4482,Alexis Parsons,CA,56,2025-01-25 11:04:36,wire_transfer,PayPal,2044.84
ACCT-013E4482,Alexis Parsons,CA,57,2025-01-25 11:42:56,healthcare,CVS Pharmacy,43.57
ACCT-013E4482,Alexis Parsons,CA,58,2025-01-26 08:40:20,gas,Shell,92.35
ACCT-013E4482,Alexis Parsons,CA,59,2025-01-26 15:24:59,retail,Target,29.61
ACCT-013E4482,Alexis Parsons,CA,60,2025-01-26 15:39:29,e-commerce,Amazon,63.64
ACCT-013E4482,Alexis Parsons,CA,61,2025-01-26 16:54:39,grocery,Safeway,30.39
ACCT-013E4482,Alexis Parsons,CA,62,2025-01-26 18:23:25,dining,McDonald's,27.16
ACCT-013E4482,Alexis Parsons,CA,63,2025-01-26 19:58:15,entertainment,AMC Theatres,66.1
ACCT-013E4482,Alexis Parsons,CA,64,2025-01-27 05:14:48,subscription,Netflix,4.99
ACCT-013E4482,Alexis Parsons,CA,65,2025-01-27 07:00:18,automotive,Midas,34.88
ACCT-013E4482,Alexis Parsons,CA,66,2025-01-27 21:48:35,entertainment,AMC Theatres,234.73
ACCT-013E4482,Alexis Parsons,CA,67,2025-01-28 09:25:01,e-commerce,Amazon,131.08
ACCT-013E4482,Alexis Parsons,CA,68,2025-01-28 15:38:52,automotive,Midas,15.8
ACCT-013E4482,Alexis Parsons,CA,69,2025-01-28 18:00:00,gas,Chevron,67.15
ACCT-013E4482,Alexis Parsons,CA,70,2025-01-28 19:32:06,ATM,Bank of America ATM,300.0
ACCT-013E4482,Alexis Parsons,CA,71,2025-01-28 19:54:09,entertainment,AMC Theatres,87.39
ACCT-013E4482,Alexis Parsons,CA,72,2025-01-28 22:20:56,entertainment,AMC Theatres,61.56
ACCT-013E4482,Alexis Parsons,CA,73,2025-01-29 17:31:22,retail,Target,139.57
ACCT-013E4482,Alexis Parsons,CA,74,2025-01-31 07:44:11,subscription,Netflix,19.99
ACCT-013E4482,Alexis Parsons,CA,75,2025-01-31 16:01:55,grocery,Whole Foods Market,87.15
ACCT-013E4482,Alexis Parsons,CA,76,,,,
ACCT-013E4482,Alexis Parsons,CA,77,,,,
ACCT-013E4482,Alexis Parsons,CA,78,,,,
ACCT-013E4482,Alexis Parsons,CA,79,,,,
ACCT-013E4482,Alexis Parsons,CA,80,,,,
ACCT-013E4482,Alexis Parsons,CA,81,,,,
ACCT-013E4482,Alexis Parsons,CA,82,,,,
ACCT-013E4482,Alexis Parsons,CA,83,,,,
ACCT-013E4482,Alexis Parsons,CA,84,,,,
ACCT-013E4482,Alexis Parsons,CA,85,,,,
ACCT-013E4482,Alexis Parsons,CA,86,,,,
ACCT-013E4482,Alexis Parsons,CA,87,,,,
ACCT-013E4482,Alexis Parsons,CA,88,,,,
ACCT-013E4482,Alexis Parsons,CA,89,,,,
ACCT-013E4482,Alexis Parsons,CA,90,,,,
ACCT-013E4482,Alexis Parsons,CA,91,,,,
ACCT-013E4482,Alexis Parsons,CA,92,,,,
ACCT-013E4482,Alexis Parsons,CA,93,,,,
ACCT-013E4482,Alexis Parsons,CA,94,,,,
ACCT-0309DF81,Jillian Garrison,UT,1,2025-01-01 07:00:46,healthcare,Walgreens,31.14
ACCT-0309DF81,Jillian Garrison,UT,2,2025-01-01 09:57:07,other,DHL,40.79
ACCT-0309DF81,Jillian Garrison,UT,3,2025-01-01 10:56:25,grocery,Safeway,82.13
ACCT-0309DF81,Jillian Garrison,UT,4,2025-01-01 15:39:26,retail,Target,87.41
ACCT-0309DF81,Jillian Garrison,UT,5,2025-01-01 16:50:12,travel,Delta Air Lines,497.89
ACCT-0309DF81,Jillian Garrison,UT,6,2025-01-01 21:18:30,entertainment,AMC Theatres,86.04
ACCT-0309DF81,Jillian Garrison,UT,7,2025-01-02 10:10:21,ATM,Wells Fargo ATM,220.0
ACCT-0309DF81,Jillian Garrison,UT,8,2025-01-03 12:58:12,grocery,Walmart,71.26
ACCT-0309DF81,Jillian Garrison,UT,9,2025-01-03 15:25:19,healthcare,Walgreens,12.51
ACCT-0309DF81,Jillian Garrison,UT,10,2025-01-03 17:15:41,dining,Starbucks,151.17
ACCT-0309DF81,Jillian Garrison,UT,11,2025-01-04 00:00:17,subscription,Spotify,4.99
ACCT-0309DF81,Jillian Garrison,UT,12,2025-01-04 10:27:01,wire_transfer,Western Union,1721.55
ACCT-0309DF81,Jillian Garrison,UT,13,2025-01-04 17:16:34,entertainment,AMC Theatres,49.72
ACCT-0309DF81,Jillian Garrison,UT,14,2025-01-05 05:57:13,subscription,Netflix,24.99
ACCT-0309DF81,Jillian Garrison,UT,15,2025-01-05 09:23:08,grocery,Walmart,32.99
ACCT-0309DF81,Jillian Garrison,UT,16,2025-01-06 10:42:53,ATM,Chase Bank ATM,480.0
ACCT-0309DF81,Jillian Garrison,UT,17,2025-01-06 13:58:09,healthcare,Walgreens,17.43
ACCT-0309DF81,Jillian Garrison,UT,18,2025-01-06 17:06:48,grocery,Kroger,166.39
ACCT-0309DF81,Jillian Garrison,UT,19,2025-01-07 11:56:41,dining,Taco Bell,78.85
ACCT-0309DF81,Jillian Garrison,UT,20,2025-01-07 15:08:39,grocery,Walmart,101.54
ACCT-0309DF81,Jillian Garrison,UT,21,2025-01-07 18:43:41,ATM,Bank of America ATM,60.0
ACCT-0309DF81,Jillian Garrison,UT,22,2025-01-08 07:00:50,grocery,Walmart,175.35
ACCT-0309DF81,Jillian Garrison,UT,23,2025-01-08 08:39:34,utilities,Comcast Xfinity,125.85
ACCT-0309DF81,Jillian Garrison,UT,24,2025-01-08 09:22:30,ATM,Bank of America ATM,240.0
ACCT-0309DF81,Jillian Garrison,UT,25,2025-01-08 12:32:47,e-commerce,Zappos,160.65
ACCT-0309DF81,Jillian Garrison,UT,26,2025-01-09 05:59:05,subscription,Netflix,49.99
ACCT-0309DF81,Jillian Garrison,UT,27,2025-01-09 09:22:03,gas,Circle K,69.53
ACCT-0309DF81,Jillian Garrison,UT,28,2025-01-09 18:39:54,grocery,Walmart,47.7
ACCT-0309DF81,Jillian Garrison,UT,29,2025-01-11 10:50:25,e-commerce,Amazon,57.78
ACCT-0309DF81,Jillian Garrison,UT,30,2025-01-12 00:00:08,subscription,Netflix,7.99
ACCT-0309DF81,Jillian Garrison,UT,31,2025-01-12 08:34:06,utilities,AT&T,184.91
ACCT-0309DF81,Jillian Garrison,UT,32,2025-01-12 10:24:49,e-commerce,Amazon,85.86
ACCT-0309DF81,Jillian Garrison,UT,33,2025-01-13 08:32:59,automotive,Midas,539.27
ACCT-0309DF81,Jillian Garrison,UT,34,2025-01-13 12:02:31,dining,McDonald's,48.1
ACCT-0309DF81,Jillian Garrison,UT,35,2025-01-13 17:03:16,grocery,Walmart,68.37
ACCT-0309DF81,Jillian Garrison,UT,36,2025-01-14 11:15:55,retail,Target,155.18
ACCT-0309DF81,Jillian Garrison,UT,37,2025-01-14 21:38:42,dining,Starbucks,35.9
ACCT-0309DF81,Jillian Garrison,UT,38,2025-01-14 21:52:01,entertainment,AMC Theatres,75.44
ACCT-0309DF81,Jillian Garrison,UT,39,2025-01-15 10:49:18,automotive,Midas,238.38
ACCT-0309DF81,Jillian Garrison,UT,40,2025-01-15 11:16:36,grocery,Walmart,96.85
ACCT-0309DF81,Jillian Garrison,UT,41,2025-01-15 13:32:39,dining,Canyon Creek Café,28.51
ACCT-0309DF81,Jillian Garrison,UT,42,2025-01-15 17:08:43,retail,Target,48.32
ACCT-0309DF81,Jillian Garrison,UT,43,2025-01-15 19:39:04,ATM,U.S. Bank ATM,240.0
ACCT-0309DF81,Jillian Garrison,UT,44,2025-01-15 21:09:52,gas,Circle K,81.03
ACCT-0309DF81,Jillian Garrison,UT,45,2025-01-16 03:25:31,subscription,Netflix,12.99
ACCT-0309DF81,Jillian Garrison,UT,46,2025-01-16 12:42:59,retail,Target,30.85
ACCT-0309DF81,Jillian Garrison,UT,47,2025-01-17 09:56:25,grocery,Walmart,53.72
ACCT-0309DF81,Jillian Garrison,UT,48,2025-01-17 18:44:48,retail,Target,36.32
ACCT-0309DF81,Jillian Garrison,UT,49,2025-01-17 19:10:46,entertainment,AMC Theatres,71.16
ACCT-0309DF81,Jillian Garrison,UT,50,2025-01-19 07:00:38,healthcare,CVS Pharmacy,22.2
ACCT-0309DF81,Jillian Garrison,UT,51,2025-01-20 07:00:31,utilities,Spectrum,118.84
ACCT-0309DF81,Jillian Garrison,UT,52,2025-01-20 08:11:03,wire_transfer,PayPal,5859.32
ACCT-0309DF81,Jillian Garrison,UT,53,2025-01-20 18:09:17,dining,Starbucks,120.62
ACCT-0309DF81,Jillian Garrison,UT,54,2025-01-21 12:32:39,healthcare,Walgreens,26.3
ACCT-0309DF81,Jillian Garrison,UT,55,2025-01-21 16:27:36,retail,Target,70.71
ACCT-0309DF81,Jillian Garrison,UT,56,2025-01-21 17:19:25,retail,Walmart,149.64
ACCT-0309DF81,Jillian Garrison,UT,57,2025-01-21 18:23:15,dining,McDonald's,41.77
ACCT-0309DF81,Jillian Garrison,UT,58,2025-01-21 19:10:12,entertainment,AMC Theatres,43.51
ACCT-0309DF81,Jillian Garrison,UT,59,2025-01-21 21:42:57,entertainment,AMC Theatres,59.43
ACCT-0309DF81,Jillian Garrison,UT,60,2025-01-23 08:56:43,healthcare,Walgreens,42.4
ACCT-0309DF81,Jillian Garrison,UT,61,2025-01-24 00:00:01,subscription,Netflix,39.99
ACCT-0309DF81,Jillian Garrison,UT,62,2025-01-24 09:59:44,wire_transfer,PayPal,2609.19
ACCT-0309DF81,Jillian Garrison,UT,63,2025-01-24 14:40:44,other,UPS,32.82
ACCT-0309DF81,Jillian Garrison,UT,64,2025-01-24 15:11:05,e-commerce,Amazon,146.33
ACCT-0309DF81,Jillian Garrison,UT,65,2025-01-24 16:45:59,automotive,Firestone Complete Auto Care,108.19
ACCT-0309DF81,Jillian Garrison,UT,66,2025-01-25 08:50:01,utilities,Duke Energy,281.98
ACCT-0309DF81,Jillian Garrison,UT,67,2025-01-25 08:53:33,grocery,Safeway,129.37
ACCT-0309DF81,Jillian Garrison,UT,68,2025-01-25 20:32:01,dining,Chipotle Mexican Grill,31.02
ACCT-0309DF81,Jillian Garrison,UT,69,2025-01-25 20:40:57,dining,Starbucks,96.42
ACCT-0309DF81,Jillian Garrison,UT,70,2025-01-26 16:07:58,retail,Walmart,28.62
ACCT-0309DF81,Jillian Garrison,UT,71,2025-01-27 07:32:32,utilities,AT&T,149.19
ACCT-0309DF81,Jillian Garrison,UT,72,2025-01-27 11:34:59,dining,Starbucks,63.43
ACCT-0309DF81,Jillian Garrison,UT,73,2025-01-27 11:46:02,dining,Starbucks,66.25
ACCT-0309DF81,Jillian Garrison,UT,74,2025-01-27 12:24:04,dining,Taco Bell,96.49
ACCT-0309DF81,Jillian Garrison,UT,75,2025-01-27 12:40:36,ATM,Wells Fargo ATM,180.0
ACCT-0309DF81,Jillian Garrison,UT,76,2025-01-27 14:19:17,retail,Target,95.97
ACCT-0309DF81,Jillian Garrison,UT,77,2025-01-27 17:54:55,dining,Starbucks,17.91
ACCT-0309DF81,Jillian Garrison,UT,78,2025-01-28 07:50:43,ATM,Wells Fargo ATM,240.0
ACCT-0309DF81,Jillian Garrison,UT,79,2025-01-28 08:47:47,travel,Delta Air Lines,612.84
ACCT-0309DF81,Jillian Garrison,UT,80,2025-01-28 14:34:09,retail,Target,137.51
ACCT-0309DF81,Jillian Garrison,UT,81,2025-01-29 11:46:55,healthcare,Walgreens,17.18
ACCT-0309DF81,Jillian Garrison,UT,82,2025-01-29 19:08:16,dining,Taco Bell,63.73
ACCT-0309DF81,Jillian Garrison,UT,83,2025-01-30 16:55:35,retail,Walmart,47.97
ACCT-0309DF81,Jillian Garrison,UT,84,2025-01-31 11:01:40,other,7-Eleven,44.57
ACCT-0309DF81,Jillian Garrison,UT,85,2025-01-31 12:25:05,ATM,Wells Fargo ATM,140.0
ACCT-0309DF81,Jillian Garrison,UT,86,2025-01-31 15:08:16,grocery,Whole Foods Market,64.8
ACCT-0309DF81,Jillian Garrison,UT,87,2025-01-31 21:13:47,dining,Starbucks,67.66
ACCT-0309DF81,Jillian Garrison,UT,88,,,,
ACCT-0309DF81,Jillian Garrison,UT,89,,,,
ACCT-0309DF81,Jillian Garrison,UT,90,,,,
ACCT-0309DF81,Jillian Garrison,UT,91,,,,
ACCT-0309DF81,Jillian Garrison,UT,92,,,,
ACCT-0309DF81,Jillian Garrison,UT,93,,,,
ACCT-0309DF81,Jillian Garrison,UT,94,,,,
ACCT-137DA4CC,Taylor Cruz,TX,1,2025-01-01 16:54:03,entertainment,Dave & Buster's,50.56
ACCT-137DA4CC,Taylor Cruz,TX,2,2025-01-01 17:01:43,grocery,H-E-B,37.53
ACCT-137DA4CC,Taylor Cruz,TX,3,2025-01-02 07:00:24,healthcare,Walgreens,37.92
ACCT-137DA4CC,Taylor Cruz,TX,4,2025-01-02 12:04:57,dining,Taco Bell,48.66
ACCT-137DA4CC,Taylor Cruz,TX,5,2025-01-02 14:20:06,grocery,Walmart,60.33
ACCT-137DA4CC,Taylor Cruz,TX,6,2025-01-02 15:21:28,gas,Circle K,57.07
ACCT-137DA4CC,Taylor Cruz,TX,7,2025-01-03 05:01:24,gas,QuikTrip,26.45
ACCT-137DA4CC,Taylor Cruz,TX,8,2025-01-03 20:20:44,dining,McDonald's,22.91
ACCT-137DA4CC,Taylor Cruz,TX,9,2025-01-03 20:40:31,other,7-Eleven,30.07
ACCT-137DA4CC,Taylor Cruz,TX,10,2025-01-04 05:51:48,subscription,Netflix,9.99
ACCT-137DA4CC,Taylor Cruz,TX,11,2025-01-04 07:14:51,healthcare,CVS Pharmacy,14.13
ACCT-137DA4CC,Taylor Cruz,TX,12,2025-01-04 08:42:07,ATM,Chase Bank ATM,180.0
ACCT-137DA4CC,Taylor Cruz,TX,13,2025-01-04 11:55:09,dining,Taco Bell,38.71
ACCT-137DA4CC,Taylor Cruz,TX,14,2025-01-04 16:13:37,e-commerce,Amazon,45.33
ACCT-137DA4CC,Taylor Cruz,TX,15,2025-01-04 20:38:56,dining,McDonald's,24.82
ACCT-137DA4CC,Taylor Cruz,TX,16,2025-01-04 20:52:56,e-commerce,Amazon,212.71
ACCT-137DA4CC,Taylor Cruz,TX,17,2025-01-05 05:00:14,travel,Southwest Airlines,767.87
ACCT-137DA4CC,Taylor Cruz,TX,18,2025-01-05 11:54:24,dining,McDonald's,22.62
ACCT-137DA4CC,Taylor Cruz,TX,19,2025-01-06 07:00:05,utilities,AT&T,105.61
ACCT-137DA4CC,Taylor Cruz,TX,20,2025-01-07 09:35:35,grocery,H-E-B,40.54
ACCT-137DA4CC,Taylor Cruz,TX,21,2025-01-07 13:30:40,retail,Best Buy,27.46
ACCT-137DA4CC,Taylor Cruz,TX,22,2025-01-08 14:22:43,grocery,H-E-B,52.62
ACCT-137DA4CC,Taylor Cruz,TX,23,2025-01-09 07:00:58,utilities,Duke Energy,74.85
ACCT-137DA4CC,Taylor Cruz,TX,24,2025-01-09 09:15:41,retail,Target,42.02
ACCT-137DA4CC,Taylor Cruz,TX,25,2025-01-09 14:31:23,grocery,Walmart,72.99
ACCT-137DA4CC,Taylor Cruz,TX,26,2025-01-09 14:33:32,retail,Target,39.46
ACCT-137DA4CC,Taylor Cruz,TX,27,2025-01-10 06:33:07,gas,Shell,46.98
ACCT-137DA4CC,Taylor Cruz,TX,28,2025-01-10 10:29:13,other,FedEx,16.89
ACCT-137DA4CC,Taylor Cruz,TX,29,2025-01-10 21:45:40,subscription,Netflix,9.99
ACCT-137DA4CC,Taylor Cruz,TX,30,2025-01-11 08:14:21,e-commerce,Amazon,43.03
ACCT-137DA4CC,Taylor Cruz,TX,31,2025-01-11 11:41:30,grocery,H-E-B,39.5
ACCT-137DA4CC,Taylor Cruz,TX,32,2025-01-11 17:00:48,gas,Shell,74.82
ACCT-137DA4CC,Taylor Cruz,TX,33,2025-01-11 19:18:55,dining,McDonald's,18.44
ACCT-137DA4CC,Taylor Cruz,TX,34,2025-01-11 21:06:31,entertainment,Bowlero Austin,31.95
ACCT-137DA4CC,Taylor Cruz,TX,35,2025-01-12 10:50:54,grocery,H-E-B,74.6
ACCT-137DA4CC,Taylor Cruz,TX,36,2025-01-13 07:58:11,grocery,H-E-B,27.59
ACCT-137DA4CC,Taylor Cruz,TX,37,2025-01-13 08:06:18,utilities,Comcast Xfinity,133.65
ACCT-137DA4CC,Taylor Cruz,TX,38,2025-01-13 09:47:23,healthcare,Walgreens,278.75
ACCT-137DA4CC,Taylor Cruz,TX,39,2025-01-13 17:23:06,other,UPS,54.88
ACCT-137DA4CC,Taylor Cruz,TX,40,2025-01-13 22:02:47,entertainment,Six Flags,41.99
ACCT-137DA4CC,Taylor Cruz,TX,41,2025-01-14 00:00:43,subscription,Netflix,14.99
ACCT-137DA4CC,Taylor Cruz,TX,42,2025-01-14 06:39:46,gas,Shell,61.17
ACCT-137DA4CC,Taylor Cruz,TX,43,2025-01-14 13:23:09,ATM,Truist ATM,140.0
ACCT-137DA4CC,Taylor Cruz,TX,44,2025-01-14 15:48:17,entertainment,AMC Theatres,29.04
ACCT-137DA4CC,Taylor Cruz,TX,45,2025-01-14 17:59:28,retail,Target,33.1
ACCT-137DA4CC,Taylor Cruz,TX,46,2025-01-14 18:17:36,entertainment,Six Flags,135.56
ACCT-137DA4CC,Taylor Cruz,TX,47,2025-01-14 20:09:12,dining,Taco Bell,21.87
ACCT-137DA4CC,Taylor Cruz,TX,48,2025-01-15 00:00:50,subscription,Spotify,39.99
ACCT-137DA4CC,Taylor Cruz,TX,49,2025-01-15 12:36:44,healthcare,Walgreens,10.0
ACCT-137DA4CC,Taylor Cruz,TX,50,2025-01-15 22:47:09,entertainment,Six Flags,12.5
ACCT-137DA4CC,Taylor Cruz,TX,51,2025-01-16 12:55:17,dining,Taco Bell,24.12
ACCT-137DA4CC,Taylor Cruz,TX,52,2025-01-16 17:20:17,retail,Target,52.74
ACCT-137DA4CC,Taylor Cruz,TX,53,2025-01-18 12:00:48,retail,Target,22.77
ACCT-137DA4CC,Taylor Cruz,TX,54,2025-01-18 16:12:47,ATM,Allpoint ATM,140.0
ACCT-137DA4CC,Taylor Cruz,TX,55,2025-01-18 18:56:12,retail,Target,61.25
ACCT-137DA4CC,Taylor Cruz,TX,56,2025-01-19 17:11:47,e-commerce,Amazon,68.07
ACCT-137DA4CC,Taylor Cruz,TX,57,2025-01-19 17:26:36,grocery,H-E-B,80.9
ACCT-137DA4CC,Taylor Cruz,TX,58,2025-01-19 20:07:05,dining,Chipotle Mexican Grill,71.02
ACCT-137DA4CC,Taylor Cruz,TX,59,2025-01-20 00:00:04,subscription,Disney+,19.99
ACCT-137DA4CC,Taylor Cruz,TX,60,2025-01-21 08:50:19,automotive,Jiffy Lube,27.84
ACCT-137DA4CC,Taylor Cruz,TX,61,2025-01-21 12:06:38,travel,Marriott,232.39
ACCT-137DA4CC,Taylor Cruz,TX,62,2025-01-22 01:36:35,subscription,Netflix,9.99
ACCT-137DA4CC,Taylor Cruz,TX,63,2025-01-22 10:27:41,utilities,AT&T,132.17
ACCT-137DA4CC,Taylor Cruz,TX,64,2025-01-22 12:48:31,grocery,H-E-B,73.57
ACCT-137DA4CC,Taylor Cruz,TX,65,2025-01-23 19:53:11,dining,McDonald's,33.68
ACCT-137DA4CC,Taylor Cruz,TX,66,2025-01-23 22:35:09,entertainment,Topgolf,42.45
ACCT-137DA4CC,Taylor Cruz,TX,67,2025-01-24 06:48:03,gas,Speedway,41.33
ACCT-137DA4CC,Taylor Cruz,TX,68,2025-01-24 12:46:48,dining,Chick-fil-A,31.96
ACCT-137DA4CC,Taylor Cruz,TX,69,2025-01-25 09:51:44,wire_transfer,Western Union,2065.42
ACCT-137DA4CC,Taylor Cruz,TX,70,2025-01-25 15:11:56,grocery,H-E-B,33.25
ACCT-137DA4CC,Taylor Cruz,TX,71,2025-01-26 13:37:16,subscription,Netflix,24.99
ACCT-137DA4CC,Taylor Cruz,TX,72,2025-01-26 19:03:21,gas,Shell,57.68
ACCT-137DA4CC,Taylor Cruz,TX,73,2025-01-27 16:22:39,grocery,H-E-B,55.32
ACCT-137DA4CC,Taylor Cruz,TX,74,2025-01-28 03:05:31,subscription,Netflix,39.99
ACCT-137DA4CC,Taylor Cruz,TX,75,2025-01-28 08:59:27,healthcare,CVS Pharmacy,16.04
ACCT-137DA4CC,Taylor Cruz,TX,76,2025-01-28 13:22:43,retail,Target,25.36
ACCT-137DA4CC,Taylor Cruz,TX,77,2025-01-29 14:46:54,healthcare,CVS Pharmacy,26.68
ACCT-137DA4CC,Taylor Cruz,TX,78,2025-01-30 07:41:27,automotive,Midas,123.63
ACCT-137DA4CC,Taylor Cruz,TX,79,2025-01-31 11:30:02,healthcare,CVS Pharmacy,26.41
ACCT-137DA4CC,Taylor Cruz,TX,80,2025-01-31 12:25:03,dining,McDonald's,18.97
ACCT-137DA4CC,Taylor Cruz,TX,81,2025-01-31 18:58:14,gas,Speedway,46.62
ACCT-137DA4CC,Taylor Cruz,TX,82,2025-01-31 22:00:19,other,FedEx,27.64
ACCT-137DA4CC,Taylor Cruz,TX,83,,,,
ACCT-137DA4CC,Taylor Cruz,TX,84,,,,
ACCT-137DA4CC,Taylor Cruz,TX,85,,,,
ACCT-137DA4CC,Taylor Cruz,TX,86,,,,
ACCT-137DA4CC,Taylor Cruz,TX,87,,,,
ACCT-137DA4CC,Taylor Cruz,TX,88,,,,
ACCT-137DA4CC,Taylor Cruz,TX,89,,,,
ACCT-137DA4CC,Taylor Cruz,TX,90,,,,
ACCT-137DA4CC,Taylor Cruz,TX,91,,,,
ACCT-137DA4CC,Taylor Cruz,TX,92,,,,
ACCT-137DA4CC,Taylor Cruz,TX,93,,,,
ACCT-137DA4CC,Taylor Cruz,TX,94,,,,
ACCT-15B6E258,Corey Thompson,TX,1,2025-01-01 07:23:40,grocery,Kroger,87.45
ACCT-15B6E258,Corey Thompson,TX,2,2025-01-01 08:40:51,utilities,Duke Energy,178.77
ACCT-15B6E258,Corey Thompson,TX,3,2025-01-01 11:08:45,wire_transfer,PayPal,1661.87
ACCT-15B6E258,Corey Thompson,TX,4,2025-01-02 13:38:15,retail,Target,76.83
ACCT-15B6E258,Corey Thompson,TX,5,2025-01-02 14:05:25,healthcare,CVS Pharmacy,60.39
ACCT-15B6E258,Corey Thompson,TX,6,2025-01-02 15:11:51,travel,Southwest Airlines,335.38
ACCT-15B6E258,Corey Thompson,TX,7,2025-01-02 17:51:36,grocery,Walmart,75.85
ACCT-15B6E258,Corey Thompson,TX,8,2025-01-03 14:33:59,grocery,H-E-B,47.06
ACCT-15B6E258,Corey Thompson,TX,9,2025-01-04 09:12:30,automotive,Midas Dallas,17.68
ACCT-15B6E258,Corey Thompson,TX,10,2025-01-04 11:13:32,utilities,CenterPoint Energy,149.63
ACCT-15B6E258,Corey Thompson,TX,11,2025-01-05 12:55:09,dining,Taco Bell,90.72
ACCT-15B6E258,Corey Thompson,TX,12,2025-01-05 16:42:52,e-commerce,Amazon,91.3
ACCT-15B6E258,Corey Thompson,TX,13,2025-01-05 16:46:38,ATM,Bank of America ATM,260.0
ACCT-15B6E258,Corey Thompson,TX,14,2025-01-05 17:12:18,gas,Circle K,65.08
ACCT-15B6E258,Corey Thompson,TX,15,2025-01-06 07:08:27,subscription,Netflix,14.99
ACCT-15B6E258,Corey Thompson,TX,16,2025-01-06 07:23:57,healthcare,Walgreens,18.39
ACCT-15B6E258,Corey Thompson,TX,17,2025-01-07 16:17:31,e-commerce,Amazon,423.3
ACCT-15B6E258,Corey Thompson,TX,18,2025-01-07 20:25:22,dining,Chipotle Mexican Grill,33.97
ACCT-15B6E258,Corey Thompson,TX,19,2025-01-08 16:55:43,dining,Chipotle Mexican Grill,136.02
ACCT-15B6E258,Corey Thompson,TX,20,2025-01-08 19:33:47,entertainment,Six Flags,80.57
ACCT-15B6E258,Corey Thompson,TX,21,2025-01-09 12:39:09,dining,Chipotle Mexican Grill,100.87
ACCT-15B6E258,Corey Thompson,TX,22,2025-01-09 12:40:13,dining,Chipotle Mexican Grill,20.27
ACCT-15B6E258,Corey Thompson,TX,23,2025-01-09 12:51:01,retail,Burlington,74.11
ACCT-15B6E258,Corey Thompson,TX,24,2025-01-09 16:23:35,travel,Marriott,799.48
ACCT-15B6E258,Corey Thompson,TX,25,2025-01-09 18:12:15,ATM,Wells Fargo ATM,280.0
ACCT-15B6E258,Corey Thompson,TX,26,2025-01-09 20:24:39,entertainment,Six Flags,48.68
ACCT-15B6E258,Corey Thompson,TX,27,2025-01-10 09:54:18,travel,Southwest Airlines,748.69
ACCT-15B6E258,Corey Thompson,TX,28,2025-01-10 12:50:17,e-commerce,Amazon,382.68
ACCT-15B6E258,Corey Thompson,TX,29,2025-01-10 20:10:39,entertainment,Six Flags,22.28
ACCT-15B6E258,Corey Thompson,TX,30,2025-01-11 09:26:53,e-commerce,Amazon,78.63
ACCT-15B6E258,Corey Thompson,TX,31,2025-01-11 10:03:12,healthcare,CareNow Urgent Care,12.42
ACCT-15B6E258,Corey Thompson,TX,32,2025-01-11 14:30:02,e-commerce,Amazon,154.68
ACCT-15B6E258,Corey Thompson,TX,33,2025-01-11 19:27:15,dining,Chipotle Mexican Grill,78.27
ACCT-15B6E258,Corey Thompson,TX,34,2025-01-11 19:48:45,dining,Chipotle Mexican Grill,91.77
ACCT-15B6E258,Corey Thompson,TX,35,2025-01-12 07:00:12,utilities,Duke Energy,158.3
ACCT-15B6E258,Corey Thompson,TX,36,2025-01-12 07:47:02,grocery,Walmart,73.31
ACCT-15B6E258,Corey Thompson,TX,37,2025-01-12 14:14:03,other,FedEx,93.83
ACCT-15B6E258,Corey Thompson,TX,38,2025-01-13 07:26:39,gas,Speedway,101.27
ACCT-15B6E258,Corey Thompson,TX,39,2025-01-14 20:22:56,dining,McDonald's,159.14
ACCT-15B6E258,Corey Thompson,TX,40,2025-01-15 08:08:33,automotive,Pep Boys,420.31
ACCT-15B6E258,Corey Thompson,TX,41,2025-01-15 17:03:40,utilities,Reliant Energy,174.26
ACCT-15B6E258,Corey Thompson,TX,42,2025-01-15 17:59:37,grocery,H‑E‑B,159.12
ACCT-15B6E258,Corey Thompson,TX,43,2025-01-16 10:45:55,healthcare,Walgreens,187.22
ACCT-15B6E258,Corey Thompson,TX,44,2025-01-17 00:00:02,subscription,Netflix,14.99
ACCT-15B6E258,Corey Thompson,TX,45,2025-01-18 07:00:31,grocery,H-E-B,102.41
ACCT-15B6E258,Corey Thompson,TX,46,2025-01-18 10:44:56,retail,Target,145.99
ACCT-15B6E258,Corey Thompson,TX,47,2025-01-18 11:52:19,utilities,AT&T,147.43
ACCT-15B6E258,Corey Thompson,TX,48,2025-01-18 13:04:20,e-commerce,Amazon,26.16
ACCT-15B6E258,Corey Thompson,TX,49,2025-01-18 18:20:33,ATM,Chase Bank ATM,180.0
ACCT-15B6E258,Corey Thompson,TX,50,2025-01-19 13:57:16,healthcare,Walgreens,32.78
ACCT-15B6E258,Corey Thompson,TX,51,2025-01-19 18:18:25,gas,ExxonMobil,116.44
ACCT-15B6E258,Corey Thompson,TX,52,2025-01-20 15:07:50,other,7-Eleven,49.77
ACCT-15B6E258,Corey Thompson,TX,53,2025-01-20 18:25:29,entertainment,AMC Theatres,49.25
ACCT-15B6E258,Corey Thompson,TX,54,2025-01-20 18:35:08,entertainment,AMC Theatres,31.86
ACCT-15B6E258,Corey Thompson,TX,55,2025-01-20 18:54:38,gas,Circle K,93.44
ACCT-15B6E258,Corey Thompson,TX,56,2025-01-21 15:16:12,grocery,H-E-B,100.77
ACCT-15B6E258,Corey Thompson,TX,57,2025-01-21 15:55:24,other,FedEx Office,25.26
ACCT-15B6E258,Corey Thompson,TX,58,2025-01-21 16:19:19,e-commerce,Amazon,384.04
ACCT-15B6E258,Corey Thompson,TX,59,2025-01-21 17:02:35,retail,Walmart,40.83
ACCT-15B6E258,Corey Thompson,TX,60,2025-01-21 19:11:24,dining,McDonald's,57.94
ACCT-15B6E258,Corey Thompson,TX,61,2025-01-22 13:47:33,e-commerce,Amazon,30.99
ACCT-15B6E258,Corey Thompson,TX,62,2025-01-22 15:51:44,automotive,Midas,19.47
ACCT-15B6E258,Corey Thompson,TX,63,2025-01-23 10:45:34,retail,Walmart,80.68
ACCT-15B6E258,Corey Thompson,TX,64,2025-01-24 10:20:39,retail,Target,52.07
ACCT-15B6E258,Corey Thompson,TX,65,2025-01-24 12:23:45,dining,McDonald's,27.87
ACCT-15B6E258,Corey Thompson,TX,66,2025-01-24 15:24:41,grocery,H‑E‑B,122.4
ACCT-15B6E258,Corey Thompson,TX,67,2025-01-24 22:29:48,entertainment,AMC Theatres,38.27
ACCT-15B6E258,Corey Thompson,TX,68,2025-01-26 15:43:43,grocery,H-E-B,87.51
ACCT-15B6E258,Corey Thompson,TX,69,2025-01-26 16:03:46,retail,Target,30.93
ACCT-15B6E258,Corey Thompson,TX,70,2025-01-26 19:01:47,entertainment,AMC Theatres,29.43
ACCT-15B6E258,Corey Thompson,TX,71,2025-01-27 14:44:52,retail,Target,49.07
ACCT-15B6E258,Corey Thompson,TX,72,2025-01-27 15:43:38,automotive,Midas,144.57
ACCT-15B6E258,Corey Thompson,TX,73,2025-01-27 19:24:34,dining,Taco Bell,68.03
ACCT-15B6E258,Corey Thompson,TX,74,2025-01-27 19:55:20,dining,McDonald's,31.64
ACCT-15B6E258,Corey Thompson,TX,75,2025-01-28 08:45:12,gas,Speedway,64.02
ACCT-15B6E258,Corey Thompson,TX,76,2025-01-28 13:48:08,dining,Chipotle Mexican Grill,62.35
ACCT-15B6E258,Corey Thompson,TX,77,2025-01-28 21:08:41,entertainment,Dave & Buster's,113.11
ACCT-15B6E258,Corey Thompson,TX,78,2025-01-29 11:17:14,healthcare,CVS Pharmacy,19.23
ACCT-15B6E258,Corey Thompson,TX,79,2025-01-29 13:10:44,dining,McDonald's,53.53
ACCT-15B6E258,Corey Thompson,TX,80,2025-01-29 16:33:37,dining,McDonald's,40.95
ACCT-15B6E258,Corey Thompson,TX,81,2025-01-29 20:10:46,entertainment,AMC Theatres,67.98
ACCT-15B6E258,Corey Thompson,TX,82,2025-01-30 13:33:01,healthcare,Walgreens,44.01
ACCT-15B6E258,Corey Thompson,TX,83,2025-01-31 10:46:33,healthcare,Walgreens,609.27
ACCT-15B6E258,Corey Thompson,TX,84,2025-01-31 12:15:55,utilities,Duke Energy,137.01
ACCT-15B6E258,Corey Thompson,TX,85,,,,
ACCT-15B6E258,Corey Thompson,TX,86,,,,
ACCT-15B6E258,Corey Thompson,TX,87,,,,
ACCT-15B6E258,Corey Thompson,TX,88,,,,
ACCT-15B6E258,Corey Thompson,TX,89,,,,
ACCT-15B6E258,Corey Thompson,TX,90,,,,
ACCT-15B6E258,Corey Thompson,TX,91,,,,
ACCT-15B6E258,Corey Thompson,TX,92,,,,
ACCT-15B6E258,Corey Thompson,TX,93,,,,
ACCT-15B6E258,Corey Thompson,TX,94,,,,
ACCT-19D2EE2F,Nicholas Delgado,NY,1,2025-01-01 07:15:36,healthcare,CVS Pharmacy,28.71
ACCT-19D2EE2F,Nicholas Delgado,NY,2,2025-01-01 11:50:50,dining,McDonald's,188.05
ACCT-19D2EE2F,Nicholas Delgado,NY,3,2025-01-01 14:10:57,retail,Target,278.69
ACCT-19D2EE2F,Nicholas Delgado,NY,4,2025-01-01 20:18:01,grocery,ShopRite,303.86
ACCT-19D2EE2F,Nicholas Delgado,NY,5,2025-01-02 08:16:48,ATM,Chase Bank ATM,500.0
ACCT-19D2EE2F,Nicholas Delgado,NY,6,2025-01-02 11:51:17,grocery,Walmart,67.38
ACCT-19D2EE2F,Nicholas Delgado,NY,7,2025-01-03 07:56:04,automotive,Midas,288.68
ACCT-19D2EE2F,Nicholas Delgado,NY,8,2025-01-03 10:16:45,grocery,ShopRite,247.32
ACCT-19D2EE2F,Nicholas Delgado,NY,9,2025-01-04 08:15:18,grocery,Trader Joe's,131.88
ACCT-19D2EE2F,Nicholas Delgado,NY,10,2025-01-04 10:41:07,healthcare,CVS Pharmacy,44.52
ACCT-19D2EE2F,Nicholas Delgado,NY,11,2025-01-04 12:48:16,subscription,Netflix,19.99
ACCT-19D2EE2F,Nicholas Delgado,NY,12,2025-01-04 16:36:11,dining,Starbucks,168.18
ACCT-19D2EE2F,Nicholas Delgado,NY,13,2025-01-04 18:28:04,dining,McDonald's,111.43
ACCT-19D2EE2F,Nicholas Delgado,NY,14,2025-01-05 00:00:09,subscription,Netflix,4.99
ACCT-19D2EE2F,Nicholas Delgado,NY,15,2025-01-05 13:34:25,healthcare,Walgreens,16.63
ACCT-19D2EE2F,Nicholas Delgado,NY,16,2025-01-05 18:11:52,dining,Starbucks,132.81
ACCT-19D2EE2F,Nicholas Delgado,NY,17,2025-01-06 09:37:01,grocery,ShopRite,186.41
ACCT-19D2EE2F,Nicholas Delgado,NY,18,2025-01-06 12:46:29,retail,Macy's,215.12
ACCT-19D2EE2F,Nicholas Delgado,NY,19,2025-01-06 13:23:17,dining,Starbucks,85.35
ACCT-19D2EE2F,Nicholas Delgado,NY,20,2025-01-06 14:12:06,retail,Target,66.18
ACCT-19D2EE2F,Nicholas Delgado,NY,21,2025-01-06 17:13:10,retail,Target,183.99
ACCT-19D2EE2F,Nicholas Delgado,NY,22,2025-01-07 11:52:12,dining,Starbucks,225.09
ACCT-19D2EE2F,Nicholas Delgado,NY,23,2025-01-07 12:32:40,other,UPS,97.67
ACCT-19D2EE2F,Nicholas Delgado,NY,24,2025-01-08 08:47:15,subscription,Netflix,9.99
ACCT-19D2EE2F,Nicholas Delgado,NY,25,2025-01-08 15:32:03,retail,Macy's,192.27
ACCT-19D2EE2F,Nicholas Delgado,NY,26,2025-01-08 16:54:37,automotive,Firestone Complete Auto Care,3.41
ACCT-19D2EE2F,Nicholas Delgado,NY,27,2025-01-08 19:42:05,e-commerce,Amazon,482.53
ACCT-19D2EE2F,Nicholas Delgado,NY,28,2025-01-09 07:00:30,automotive,Midas,32.13
ACCT-19D2EE2F,Nicholas Delgado,NY,29,2025-01-09 13:17:16,e-commerce,Amazon,256.46
ACCT-19D2EE2F,Nicholas Delgado,NY,30,2025-01-10 00:00:53,subscription,Spotify,12.99
ACCT-19D2EE2F,Nicholas Delgado,NY,31,2025-01-10 10:44:26,e-commerce,Amazon,258.6
ACCT-19D2EE2F,Nicholas Delgado,NY,32,2025-01-11 09:05:52,healthcare,CVS Pharmacy,15.55
ACCT-19D2EE2F,Nicholas Delgado,NY,33,2025-01-11 10:44:43,travel,Delta Air Lines,1138.71
ACCT-19D2EE2F,Nicholas Delgado,NY,34,2025-01-11 13:41:18,grocery,Trader Joe's,259.93
ACCT-19D2EE2F,Nicholas Delgado,NY,35,2025-01-12 08:23:53,healthcare,CVS Pharmacy,35.53
ACCT-19D2EE2F,Nicholas Delgado,NY,36,2025-01-12 11:36:58,grocery,Whole Foods Market,290.34
ACCT-19D2EE2F,Nicholas Delgado,NY,37,2025-01-12 14:02:21,ATM,Bank of America ATM,500.0
ACCT-19D2EE2F,Nicholas Delgado,NY,38,2025-01-13 09:19:47,subscription,Netflix,14.99
ACCT-19D2EE2F,Nicholas Delgado,NY,39,2025-01-13 12:32:40,grocery,ShopRite,277.9
ACCT-19D2EE2F,Nicholas Delgado,NY,40,2025-01-14 13:20:48,e-commerce,Amazon,235.3
ACCT-19D2EE2F,Nicholas Delgado,NY,41,2025-01-14 16:23:10,grocery,Trader Joe's,167.29
ACCT-19D2EE2F,Nicholas Delgado,NY,42,2025-01-14 16:29:21,dining,Starbucks,63.45
ACCT-19D2EE2F,Nicholas Delgado,NY,43,2025-01-14 16:32:51,dining,Starbucks,86.92
ACCT-19D2EE2F,Nicholas Delgado,NY,44,2025-01-15 06:33:21,gas,Speedway,157.34
ACCT-19D2EE2F,Nicholas Delgado,NY,45,2025-01-16 07:00:48,grocery,ShopRite,183.99
ACCT-19D2EE2F,Nicholas Delgado,NY,46,2025-01-17 07:00:05,utilities,Duke Energy,168.35
ACCT-19D2EE2F,Nicholas Delgado,NY,47,2025-01-17 08:36:45,subscription,Spotify,9.99
ACCT-19D2EE2F,Nicholas Delgado,NY,48,2025-01-17 14:33:49,grocery,ShopRite,170.41
ACCT-19D2EE2F,Nicholas Delgado,NY,49,2025-01-17 16:04:29,dining,McDonald's,122.82
ACCT-19D2EE2F,Nicholas Delgado,NY,50,2025-01-18 06:00:52,e-commerce,Amazon,167.52
ACCT-19D2EE2F,Nicholas Delgado,NY,51,2025-01-18 13:41:40,other,USPS,120.38
ACCT-19D2EE2F,Nicholas Delgado,NY,52,2025-01-18 17:05:28,other,FedEx,88.38
ACCT-19D2EE2F,Nicholas Delgado,NY,53,2025-01-19 10:31:38,retail,Macy's,96.24
ACCT-19D2EE2F,Nicholas Delgado,NY,54,2025-01-19 14:37:14,ATM,Allpoint ATM,380.0
ACCT-19D2EE2F,Nicholas Delgado,NY,55,2025-01-19 18:10:03,entertainment,AMC Theatres,101.14
ACCT-19D2EE2F,Nicholas Delgado,NY,56,2025-01-19 23:00:53,e-commerce,Amazon,246.94
ACCT-19D2EE2F,Nicholas Delgado,NY,57,2025-01-20 21:44:59,entertainment,AMC Theatres,176.85
ACCT-19D2EE2F,Nicholas Delgado,NY,58,2025-01-21 08:12:48,grocery,ShopRite,141.42
ACCT-19D2EE2F,Nicholas Delgado,NY,59,2025-01-21 11:16:42,retail,Macy's,185.55
ACCT-19D2EE2F,Nicholas Delgado,NY,60,2025-01-21 17:34:57,retail,Target,139.37
ACCT-19D2EE2F,Nicholas Delgado,NY,61,2025-01-22 10:59:09,grocery,Trader Joe's,192.43
ACCT-19D2EE2F,Nicholas Delgado,NY,62,2025-01-22 18:15:28,entertainment,AMC Theatres,111.87
ACCT-19D2EE2F,Nicholas Delgado,NY,63,2025-01-23 09:39:14,e-commerce,Amazon,147.69
ACCT-19D2EE2F,Nicholas Delgado,NY,64,2025-01-24 08:39:03,ATM,Chase Bank ATM,500.0
ACCT-19D2EE2F,Nicholas Delgado,NY,65,2025-01-24 12:30:12,dining,McDonald's,42.39
ACCT-19D2EE2F,Nicholas Delgado,NY,66,2025-01-24 13:07:16,e-commerce,Amazon,186.62
ACCT-19D2EE2F,Nicholas Delgado,NY,67,2025-01-24 15:35:11,retail,Macy's,118.35
ACCT-19D2EE2F,Nicholas Delgado,NY,68,2025-01-24 16:21:52,entertainment,AMC Theatres,162.08
ACCT-19D2EE2F,Nicholas Delgado,NY,69,2025-01-24 16:57:56,other,UPS,208.44
ACCT-19D2EE2F,Nicholas Delgado,NY,70,2025-01-26 07:53:28,automotive,Pep Boys,254.68
ACCT-19D2EE2F,Nicholas Delgado,NY,71,2025-01-27 08:33:34,healthcare,CVS Pharmacy,24.66
ACCT-19D2EE2F,Nicholas Delgado,NY,72,2025-01-27 14:18:58,grocery,ShopRite,134.87
ACCT-19D2EE2F,Nicholas Delgado,NY,73,2025-01-28 07:00:10,grocery,ShopRite,226.18
ACCT-19D2EE2F,Nicholas Delgado,NY,74,2025-01-28 09:13:11,utilities,Con Edison,481.93
ACCT-19D2EE2F,Nicholas Delgado,NY,75,2025-01-28 17:50:09,retail,Target,245.84
ACCT-19D2EE2F,Nicholas Delgado,NY,76,2025-01-29 10:08:19,retail,Macy's,119.45
ACCT-19D2EE2F,Nicholas Delgado,NY,77,2025-01-29 10:09:11,utilities,Con Edison,460.39
ACCT-19D2EE2F,Nicholas Delgado,NY,78,2025-01-29 13:00:58,healthcare,CVS Pharmacy,19.09
ACCT-19D2EE2F,Nicholas Delgado,NY,79,2025-01-30 02:05:52,subscription,Netflix,9.99
ACCT-19D2EE2F,Nicholas Delgado,NY,80,2025-01-30 14:37:06,grocery,ShopRite,260.43
ACCT-19D2EE2F,Nicholas Delgado,NY,81,2025-01-31 08:39:11,travel,JetBlue Airways,605.71
ACCT-19D2EE2F,Nicholas Delgado,NY,82,2025-01-31 12:03:00,ATM,Bank of America ATM,180.0
ACCT-19D2EE2F,Nicholas Delgado,NY,83,2025-01-31 21:22:33,entertainment,AMC Theatres,154.8
ACCT-19D2EE2F,Nicholas Delgado,NY,84,2025-01-31 21:36:08,dining,Panera Bread,92.74
ACCT-19D2EE2F,Nicholas Delgado,NY,85,,,,
ACCT-19D2EE2F,Nicholas Delgado,NY,86,,,,
ACCT-19D2EE2F,Nicholas Delgado,NY,87,,,,
ACCT-19D2EE2F,Nicholas Delgado,NY,88,,,,
ACCT-19D2EE2F,Nicholas Delgado,NY,89,,,,
ACCT-19D2EE2F,Nicholas Delgado,NY,90,,,,
ACCT-19D2EE2F,Nicholas Delgado,NY,91,,,,
ACCT-19D2EE2F,Nicholas Delgado,NY,92,,,,
ACCT-19D2EE2F,Nicholas Delgado,NY,93,,,,
ACCT-19D2EE2F,Nicholas Delgado,NY,94,,,,
ACCT-1C1AB290,Karen Case,CO,1,2025-01-01 12:16:00,subscription,Netflix,7.99
ACCT-1C1AB290,Karen Case,CO,2,2025-01-02 06:21:43,gas,Speedway,88.62
ACCT-1C1AB290,Karen Case,CO,3,2025-01-02 12:24:02,grocery,Safeway,122.66
ACCT-1C1AB290,Karen Case,CO,4,2025-01-02 17:14:46,retail,Target,26.42
ACCT-1C1AB290,Karen Case,CO,5,2025-01-03 14:18:40,dining,Chipotle Mexican Grill,74.97
ACCT-1C1AB290,Karen Case,CO,6,2025-01-03 14:58:41,retail,Walmart,29.61
ACCT-1C1AB290,Karen Case,CO,7,2025-01-03 16:45:16,gas,Shell,91.09
ACCT-1C1AB290,Karen Case,CO,8,2025-01-04 18:23:17,grocery,Walmart,88.03
ACCT-1C1AB290,Karen Case,CO,9,2025-01-04 21:05:18,entertainment,AMC Theatres,57.28
ACCT-1C1AB290,Karen Case,CO,10,2025-01-05 18:51:18,retail,Target,39.11
ACCT-1C1AB290,Karen Case,CO,11,2025-01-06 18:58:37,dining,McDonald's,48.81
ACCT-1C1AB290,Karen Case,CO,12,2025-01-07 22:02:26,ATM,Wells Fargo ATM,280.0
ACCT-1C1AB290,Karen Case,CO,13,2025-01-08 23:15:44,entertainment,AMC Theatres,64.1
ACCT-1C1AB290,Karen Case,CO,14,2025-01-09 13:34:23,grocery,Walmart,94.9
ACCT-1C1AB290,Karen Case,CO,15,2025-01-10 00:00:40,subscription,Netflix,39.99
ACCT-1C1AB290,Karen Case,CO,16,2025-01-10 09:53:30,travel,Delta Air Lines,860.61
ACCT-1C1AB290,Karen Case,CO,17,2025-01-10 12:36:57,grocery,Safeway,78.06
ACCT-1C1AB290,Karen Case,CO,18,2025-01-10 17:22:25,e-commerce,Amazon,164.09
ACCT-1C1AB290,Karen Case,CO,19,2025-01-10 18:17:40,gas,Circle K,57.36
ACCT-1C1AB290,Karen Case,CO,20,2025-01-10 19:08:28,retail,Target,86.71
ACCT-1C1AB290,Karen Case,CO,21,2025-01-11 02:14:15,subscription,Netflix,15.99
ACCT-1C1AB290,Karen Case,CO,22,2025-01-11 09:26:30,grocery,Walmart,61.58
ACCT-1C1AB290,Karen Case,CO,23,2025-01-11 11:25:51,travel,Marriott,791.2
ACCT-1C1AB290,Karen Case,CO,24,2025-01-11 19:11:32,retail,Target,78.85
ACCT-1C1AB290,Karen Case,CO,25,2025-01-12 08:46:53,grocery,Whole Foods Market,51.66
ACCT-1C1AB290,Karen Case,CO,26,2025-01-12 17:37:46,other,FedEx,85.1
ACCT-1C1AB290,Karen Case,CO,27,2025-01-13 00:00:18,subscription,Netflix,39.99
ACCT-1C1AB290,Karen Case,CO,28,2025-01-14 16:15:37,retail,Target,186.31
ACCT-1C1AB290,Karen Case,CO,29,2025-01-15 12:10:27,travel,United Airlines,237.25
ACCT-1C1AB290,Karen Case,CO,30,2025-01-15 12:58:38,dining,McDonald's,58.99
ACCT-1C1AB290,Karen Case,CO,31,2025-01-15 18:16:45,dining,Starbucks,62.55
ACCT-1C1AB290,Karen Case,CO,32,2025-01-16 04:44:25,subscription,Spotify,7.99
ACCT-1C1AB290,Karen Case,CO,33,2025-01-16 14:26:19,retail,Target,31.81
ACCT-1C1AB290,Karen Case,CO,34,2025-01-16 21:42:21,gas,Circle K,82.09
ACCT-1C1AB290,Karen Case,CO,35,2025-01-17 11:54:34,retail,Target,52.77
ACCT-1C1AB290,Karen Case,CO,36,2025-01-18 11:16:59,ATM,Wells Fargo ATM,260.0
ACCT-1C1AB290,Karen Case,CO,37,2025-01-18 15:15:37,grocery,Whole Foods Market,59.43
ACCT-1C1AB290,Karen Case,CO,38,2025-01-18 22:29:13,e-commerce,Amazon,217.36
ACCT-1C1AB290,Karen Case,CO,39,2025-01-19 12:35:11,dining,McDonald's,51.05
ACCT-1C1AB290,Karen Case,CO,40,2025-01-19 12:44:40,grocery,Walmart,78.21
ACCT-1C1AB290,Karen Case,CO,41,2025-01-19 16:56:14,ATM,Wells Fargo ATM,180.0
ACCT-1C1AB290,Karen Case,CO,42,2025-01-20 14:40:28,healthcare,CVS Pharmacy,45.75
ACCT-1C1AB290,Karen Case,CO,43,2025-01-20 20:22:02,entertainment,Six Flags Colorado,36.67
ACCT-1C1AB290,Karen Case,CO,44,2025-01-21 07:39:44,utilities,Xcel Energy,169.94
ACCT-1C1AB290,Karen Case,CO,45,2025-01-21 09:54:40,gas,Circle K,97.1
ACCT-1C1AB290,Karen Case,CO,46,2025-01-21 11:41:53,healthcare,Walgreens,21.8
ACCT-1C1AB290,Karen Case,CO,47,2025-01-22 09:00:14,healthcare,CVS Pharmacy,38.87
ACCT-1C1AB290,Karen Case,CO,48,2025-01-23 09:14:30,ATM,Chase Bank ATM,500.0
ACCT-1C1AB290,Karen Case,CO,49,2025-01-23 12:43:07,e-commerce,Amazon,241.68
ACCT-1C1AB290,Karen Case,CO,50,2025-01-24 09:22:17,travel,Delta Air Lines,524.98
ACCT-1C1AB290,Karen Case,CO,51,2025-01-24 09:31:14,subscription,Spotify,15.99
ACCT-1C1AB290,Karen Case,CO,52,2025-01-24 11:08:49,healthcare,Walgreens,52.14
ACCT-1C1AB290,Karen Case,CO,53,2025-01-24 12:34:39,grocery,Walmart,23.87
ACCT-1C1AB290,Karen Case,CO,54,2025-01-24 19:56:44,ATM,Wells Fargo ATM,380.0
ACCT-1C1AB290,Karen Case,CO,55,2025-01-25 19:21:22,e-commerce,Amazon,250.42
ACCT-1C1AB290,Karen Case,CO,56,2025-01-26 07:48:54,automotive,Midas Auto Service,22.16
ACCT-1C1AB290,Karen Case,CO,57,2025-01-26 08:06:54,gas,Circle K,53.51
ACCT-1C1AB290,Karen Case,CO,58,2025-01-26 12:51:18,retail,Target,32.69
ACCT-1C1AB290,Karen Case,CO,59,2025-01-27 10:03:41,wire_transfer,Western Union,879.11
ACCT-1C1AB290,Karen Case,CO,60,2025-01-28 11:36:13,healthcare,Walgreens Pharmacy,19.58
ACCT-1C1AB290,Karen Case,CO,61,2025-01-28 17:04:45,e-commerce,Amazon,74.42
ACCT-1C1AB290,Karen Case,CO,62,2025-01-28 17:59:14,dining,McDonald's,28.37
ACCT-1C1AB290,Karen Case,CO,63,2025-01-28 21:23:22,ATM,Wells Fargo ATM,260.0
ACCT-1C1AB290,Karen Case,CO,64,2025-01-29 11:39:38,grocery,Safeway,47.13
ACCT-1C1AB290,Karen Case,CO,65,2025-01-30 08:19:36,ATM,Chase Bank ATM,280.0
ACCT-1C1AB290,Karen Case,CO,66,2025-01-30 12:05:32,utilities,Duke Energy,248.19
ACCT-1C1AB290,Karen Case,CO,67,2025-01-31 11:50:59,retail,Walmart,92.32
ACCT-1C1AB290,Karen Case,CO,68,2025-01-31 16:13:30,retail,Target,46.95
ACCT-1C1AB290,Karen Case,CO,69,2025-01-31 19:23:25,grocery,Safeway,108.53
ACCT-1C1AB290,Karen Case,CO,70,,,,
ACCT-1C1AB290,Karen Case,CO,71,,,,
ACCT-1C1AB290,Karen Case,CO,72,,,,
ACCT-1C1AB290,Karen Case,CO,73,,,,
ACCT-1C1AB290,Karen Case,CO,74,,,,
ACCT-1C1AB290,Karen Case,CO,75,,,,
ACCT-1C1AB290,Karen Case,CO,76,,,,
ACCT-1C1AB290,Karen Case,CO,77,,,,
ACCT-1C1AB290,Karen Case,CO,78,,,,
ACCT-1C1AB290,Karen Case,CO,79,,,,
ACCT-1C1AB290,Karen Case,CO,80,,,,
ACCT-1C1AB290,Karen Case,CO,81,,,,
ACCT-1C1AB290,Karen Case,CO,82,,,,
ACCT-1C1AB290,Karen Case,CO,83,,,,
ACCT-1C1AB290,Karen Case,CO,84,,,,
ACCT-1C1AB290,Karen Case,CO,85,,,,
ACCT-1C1AB290,Karen Case,CO,86,,,,
ACCT-1C1AB290,Karen Case,CO,87,,,,
ACCT-1C1AB290,Karen Case,CO,88,,,,
ACCT-1C1AB290,Karen Case,CO,89,,,,
ACCT-1C1AB290,Karen Case,CO,90,,,,
ACCT-1C1AB290,Karen Case,CO,91,,,,
ACCT-1C1AB290,Karen Case,CO,92,,,,
ACCT-1C1AB290,Karen Case,CO,93,,,,
ACCT-1C1AB290,Karen Case,CO,94,,,,
ACCT-1FA9C68A,Jennifer Miller,FL,1,2025-01-01 00:00:13,subscription,Disney+,12.99
ACCT-1FA9C68A,Jennifer Miller,FL,2,2025-01-01 14:22:20,grocery,Publix,50.66
ACCT-1FA9C68A,Jennifer Miller,FL,3,2025-01-02 09:10:51,grocery,Publix,87.46
ACCT-1FA9C68A,Jennifer Miller,FL,4,2025-01-02 12:34:07,retail,Walmart,93.33
ACCT-1FA9C68A,Jennifer Miller,FL,5,2025-01-03 08:54:05,automotive,Valvoline Instant Oil Change,19.94
ACCT-1FA9C68A,Jennifer Miller,FL,6,2025-01-03 14:27:47,retail,Target,39.5
ACCT-1FA9C68A,Jennifer Miller,FL,7,2025-01-03 20:56:48,entertainment,AMC Theatres,84.0
ACCT-1FA9C68A,Jennifer Miller,FL,8,2025-01-04 15:26:55,gas,Shell,52.53
ACCT-1FA9C68A,Jennifer Miller,FL,9,2025-01-04 15:35:23,retail,Target,50.06
ACCT-1FA9C68A,Jennifer Miller,FL,10,2025-01-04 17:20:02,entertainment,AMC Theatres,42.83
ACCT-1FA9C68A,Jennifer Miller,FL,11,2025-01-04 20:05:44,e-commerce,Amazon,47.98
ACCT-1FA9C68A,Jennifer Miller,FL,12,2025-01-05 08:27:41,healthcare,Walgreens,23.7
ACCT-1FA9C68A,Jennifer Miller,FL,13,2025-01-06 07:44:46,utilities,Duke Energy,128.92
ACCT-1FA9C68A,Jennifer Miller,FL,14,2025-01-06 14:08:08,retail,Walmart,45.13
ACCT-1FA9C68A,Jennifer Miller,FL,15,2025-01-06 15:47:22,retail,Target,62.34
ACCT-1FA9C68A,Jennifer Miller,FL,16,2025-01-07 08:40:12,e-commerce,Amazon,42.84
ACCT-1FA9C68A,Jennifer Miller,FL,17,2025-01-07 10:40:54,grocery,Publix,48.76
ACCT-1FA9C68A,Jennifer Miller,FL,18,2025-01-08 07:35:18,healthcare,CVS Pharmacy,24.85
ACCT-1FA9C68A,Jennifer Miller,FL,19,2025-01-08 10:40:38,utilities,Duke Energy,90.89
ACCT-1FA9C68A,Jennifer Miller,FL,20,2025-01-08 16:39:56,grocery,Publix,142.01
ACCT-1FA9C68A,Jennifer Miller,FL,21,2025-01-09 16:44:52,e-commerce,Amazon,31.56
ACCT-1FA9C68A,Jennifer Miller,FL,22,2025-01-10 19:02:55,dining,Starbucks,51.39
ACCT-1FA9C68A,Jennifer Miller,FL,23,2025-01-11 08:11:40,grocery,Publix,97.51
ACCT-1FA9C68A,Jennifer Miller,FL,24,2025-01-12 18:41:15,dining,McDonald's,25.48
ACCT-1FA9C68A,Jennifer Miller,FL,25,2025-01-13 17:15:59,other,FedEx,45.25
ACCT-1FA9C68A,Jennifer Miller,FL,26,2025-01-14 10:08:00,utilities,Comcast Xfinity,127.59
ACCT-1FA9C68A,Jennifer Miller,FL,27,2025-01-14 14:22:48,other,UPS,36.96
ACCT-1FA9C68A,Jennifer Miller,FL,28,2025-01-14 15:47:43,retail,Target,29.76
ACCT-1FA9C68A,Jennifer Miller,FL,29,2025-01-14 18:25:55,grocery,Publix,58.93
ACCT-1FA9C68A,Jennifer Miller,FL,30,2025-01-15 08:52:44,healthcare,Walgreens,11.41
ACCT-1FA9C68A,Jennifer Miller,FL,31,2025-01-15 09:42:41,ATM,Capital One ATM,180.0
ACCT-1FA9C68A,Jennifer Miller,FL,32,2025-01-15 21:25:03,other,UPS,44.07
ACCT-1FA9C68A,Jennifer Miller,FL,33,2025-01-16 11:03:46,healthcare,CVS Pharmacy,18.79
ACCT-1FA9C68A,Jennifer Miller,FL,34,2025-01-16 15:12:15,gas,Shell,59.98
ACCT-1FA9C68A,Jennifer Miller,FL,35,2025-01-16 18:00:33,automotive,Jiffy Lube,209.49
ACCT-1FA9C68A,Jennifer Miller,FL,36,2025-01-17 11:38:49,healthcare,Walgreens,17.91
ACCT-1FA9C68A,Jennifer Miller,FL,37,2025-01-17 14:44:12,ATM,Allpoint ATM,260.0
ACCT-1FA9C68A,Jennifer Miller,FL,38,2025-01-17 15:28:11,grocery,Publix,57.76
ACCT-1FA9C68A,Jennifer Miller,FL,39,2025-01-17 15:56:00,e-commerce,Amazon,88.28
ACCT-1FA9C68A,Jennifer Miller,FL,40,2025-01-18 01:57:56,subscription,Disney+,14.99
ACCT-1FA9C68A,Jennifer Miller,FL,41,2025-01-18 11:00:52,other,FedEx Office,31.97
ACCT-1FA9C68A,Jennifer Miller,FL,42,2025-01-18 16:48:54,gas,Shell,45.04
ACCT-1FA9C68A,Jennifer Miller,FL,43,2025-01-19 00:00:41,subscription,Netflix,7.99
ACCT-1FA9C68A,Jennifer Miller,FL,44,2025-01-19 14:22:47,grocery,Publix,25.26
ACCT-1FA9C68A,Jennifer Miller,FL,45,2025-01-19 20:36:48,entertainment,AMC Theatres,34.79
ACCT-1FA9C68A,Jennifer Miller,FL,46,2025-01-20 11:08:41,grocery,Publix,37.73
ACCT-1FA9C68A,Jennifer Miller,FL,47,2025-01-21 11:28:26,dining,McDonald's,37.54
ACCT-1FA9C68A,Jennifer Miller,FL,48,2025-01-21 14:40:35,retail,Target,26.23
ACCT-1FA9C68A,Jennifer Miller,FL,49,2025-01-22 06:54:43,gas,Shell,76.27
ACCT-1FA9C68A,Jennifer Miller,FL,50,2025-01-22 12:35:14,wire_transfer,Wise,2438.04
ACCT-1FA9C68A,Jennifer Miller,FL,51,2025-01-22 14:54:59,grocery,Publix,47.54
ACCT-1FA9C68A,Jennifer Miller,FL,52,2025-01-22 16:56:24,ATM,Bank of America ATM,240.0
ACCT-1FA9C68A,Jennifer Miller,FL,53,2025-01-23 08:59:14,gas,Circle K,42.59
ACCT-1FA9C68A,Jennifer Miller,FL,54,2025-01-23 09:35:29,utilities,Duke Energy,95.95
ACCT-1FA9C68A,Jennifer Miller,FL,55,2025-01-23 10:03:08,other,FedEx,14.88
ACCT-1FA9C68A,Jennifer Miller,FL,56,2025-01-23 10:13:37,retail,Walmart,29.88
ACCT-1FA9C68A,Jennifer Miller,FL,57,2025-01-23 12:58:15,grocery,Publix,40.31
ACCT-1FA9C68A,Jennifer Miller,FL,58,2025-01-23 15:40:24,subscription,Netflix,15.99
ACCT-1FA9C68A,Jennifer Miller,FL,59,2025-01-23 18:23:42,dining,McDonald's,36.87
ACCT-1FA9C68A,Jennifer Miller,FL,60,2025-01-24 01:03:41,subscription,Netflix,12.99
ACCT-1FA9C68A,Jennifer Miller,FL,61,2025-01-24 15:24:07,retail,Target,32.58
ACCT-1FA9C68A,Jennifer Miller,FL,62,2025-01-24 20:55:59,e-commerce,Amazon,112.31
ACCT-1FA9C68A,Jennifer Miller,FL,63,2025-01-25 11:59:57,dining,McDonald's,42.97
ACCT-1FA9C68A,Jennifer Miller,FL,64,2025-01-26 15:11:53,grocery,Walmart,63.48
ACCT-1FA9C68A,Jennifer Miller,FL,65,2025-01-27 07:51:29,healthcare,Walgreens,327.4
ACCT-1FA9C68A,Jennifer Miller,FL,66,2025-01-27 17:04:05,grocery,Publix,19.92
ACCT-1FA9C68A,Jennifer Miller,FL,67,2025-01-28 08:21:20,e-commerce,Amazon,105.67
ACCT-1FA9C68A,Jennifer Miller,FL,68,2025-01-28 10:06:20,healthcare,CVS Pharmacy,31.45
ACCT-1FA9C68A,Jennifer Miller,FL,69,2025-01-28 17:19:42,automotive,Jiffy Lube,136.88
ACCT-1FA9C68A,Jennifer Miller,FL,70,2025-01-28 18:39:24,grocery,Walmart,139.14
ACCT-1FA9C68A,Jennifer Miller,FL,71,2025-01-29 07:49:48,gas,Shell,47.56
ACCT-1FA9C68A,Jennifer Miller,FL,72,2025-01-30 09:37:22,grocery,Publix,74.94
ACCT-1FA9C68A,Jennifer Miller,FL,73,2025-01-30 10:39:12,utilities,Comcast Xfinity,87.72
ACCT-1FA9C68A,Jennifer Miller,FL,74,2025-01-30 14:58:45,travel,Southwest Airlines,252.14
ACCT-1FA9C68A,Jennifer Miller,FL,75,2025-01-31 05:00:59,travel,Marriott,449.8
ACCT-1FA9C68A,Jennifer Miller,FL,76,2025-01-31 07:10:28,automotive,Midas,305.34
ACCT-1FA9C68A,Jennifer Miller,FL,77,2025-01-31 10:01:14,utilities,Duke Energy,106.69
ACCT-1FA9C68A,Jennifer Miller,FL,78,2025-01-31 16:30:06,retail,Target,36.02
ACCT-1FA9C68A,Jennifer Miller,FL,79,,,,
ACCT-1FA9C68A,Jennifer Miller,FL,80,,,,
ACCT-1FA9C68A,Jennifer Miller,FL,81,,,,
ACCT-1FA9C68A,Jennifer Miller,FL,82,,,,
ACCT-1FA9C68A,Jennifer Miller,FL,83,,,,
ACCT-1FA9C68A,Jennifer Miller,FL,84,,,,
ACCT-1FA9C68A,Jennifer Miller,FL,85,,,,
ACCT-1FA9C68A,Jennifer Miller,FL,86,,,,
ACCT-1FA9C68A,Jennifer Miller,FL,87,,,,
ACCT-1FA9C68A,Jennifer Miller,FL,88,,,,
ACCT-1FA9C68A,Jennifer Miller,FL,89,,,,
ACCT-1FA9C68A,Jennifer Miller,FL,90,,,,
ACCT-1FA9C68A,Jennifer Miller,FL,91,,,,
ACCT-1FA9C68A,Jennifer Miller,FL,92,,,,
ACCT-1FA9C68A,Jennifer Miller,FL,93,,,,
ACCT-1FA9C68A,Jennifer Miller,FL,94,,,,
ACCT-23225D30,Denise Osborne,MO,1,2025-01-02 11:26:34,subscription,Netflix,12.99
ACCT-23225D30,Denise Osborne,MO,2,2025-01-03 11:29:40,ATM,Wells Fargo ATM,320.0
ACCT-23225D30,Denise Osborne,MO,3,2025-01-03 18:10:44,gas,Circle K,93.08
ACCT-23225D30,Denise Osborne,MO,4,2025-01-04 04:43:27,subscription,Spotify,4.99
ACCT-23225D30,Denise Osborne,MO,5,2025-01-04 11:20:28,dining,McDonald's,138.32
ACCT-23225D30,Denise Osborne,MO,6,2025-01-05 07:00:18,utilities,Duke Energy,290.39
ACCT-23225D30,Denise Osborne,MO,7,2025-01-05 17:20:25,automotive,Jiffy Lube,658.12
ACCT-23225D30,Denise Osborne,MO,8,2025-01-06 07:29:42,grocery,Walmart,138.24
ACCT-23225D30,Denise Osborne,MO,9,2025-01-06 12:40:58,retail,TJ Maxx,140.8
ACCT-23225D30,Denise Osborne,MO,10,2025-01-06 17:49:05,ATM,Bank of America ATM,500.0
ACCT-23225D30,Denise Osborne,MO,11,2025-01-07 12:38:19,e-commerce,Amazon,128.58
ACCT-23225D30,Denise Osborne,MO,12,2025-01-07 13:31:25,dining,McDonald's,67.92
ACCT-23225D30,Denise Osborne,MO,13,2025-01-08 06:28:50,gas,Marathon,130.9
ACCT-23225D30,Denise Osborne,MO,14,2025-01-08 12:23:18,dining,McDonald's,186.97
ACCT-23225D30,Denise Osborne,MO,15,2025-01-09 16:29:46,dining,McDonald's,62.74
ACCT-23225D30,Denise Osborne,MO,16,2025-01-09 18:47:28,dining,Starbucks,64.54
ACCT-23225D30,Denise Osborne,MO,17,2025-01-10 10:07:57,healthcare,CareNow Urgent Care,39.62
ACCT-23225D30,Denise Osborne,MO,18,2025-01-10 14:05:47,travel,Delta Air Lines,1461.39
ACCT-23225D30,Denise Osborne,MO,19,2025-01-10 14:11:34,grocery,Meijer,166.05
ACCT-23225D30,Denise Osborne,MO,20,2025-01-10 15:06:31,e-commerce,Amazon,335.28
ACCT-23225D30,Denise Osborne,MO,21,2025-01-11 08:23:58,gas,Speedway,134.79
ACCT-23225D30,Denise Osborne,MO,22,2025-01-11 11:23:59,wire_transfer,Western Union,2229.64
ACCT-23225D30,Denise Osborne,MO,23,2025-01-12 00:00:25,subscription,Disney+,15.99
ACCT-23225D30,Denise Osborne,MO,24,2025-01-12 15:36:06,grocery,Safeway,124.83
ACCT-23225D30,Denise Osborne,MO,25,2025-01-12 19:03:12,dining,McDonald's,55.22
ACCT-23225D30,Denise Osborne,MO,26,2025-01-13 09:12:52,gas,Speedway,160.88
ACCT-23225D30,Denise Osborne,MO,27,2025-01-13 19:53:33,dining,McDonald's,77.63
ACCT-23225D30,Denise Osborne,MO,28,2025-01-13 21:27:59,dining,McDonald's,100.13
ACCT-23225D30,Denise Osborne,MO,29,2025-01-14 09:52:05,e-commerce,Amazon,74.84
ACCT-23225D30,Denise Osborne,MO,30,2025-01-15 21:36:16,entertainment,AMC Theatres,135.98
ACCT-23225D30,Denise Osborne,MO,31,2025-01-16 11:55:58,travel,Delta Air Lines,1107.28
ACCT-23225D30,Denise Osborne,MO,32,2025-01-16 19:23:00,entertainment,AMC Theatres,123.46
ACCT-23225D30,Denise Osborne,MO,33,2025-01-17 09:59:27,grocery,Walmart,108.58
ACCT-23225D30,Denise Osborne,MO,34,2025-01-18 10:02:24,grocery,Kroger,107.03
ACCT-23225D30,Denise Osborne,MO,35,2025-01-18 12:24:46,utilities,Duke Energy,316.42
ACCT-23225D30,Denise Osborne,MO,36,2025-01-18 18:22:34,dining,McDonald's,81.43
ACCT-23225D30,Denise Osborne,MO,37,2025-01-18 19:16:09,automotive,Jiffy Lube,8.71
ACCT-23225D30,Denise Osborne,MO,38,2025-01-19 08:36:53,travel,Delta Air Lines,515.9
ACCT-23225D30,Denise Osborne,MO,39,2025-01-19 11:03:03,wire_transfer,PayPal,5712.58
ACCT-23225D30,Denise Osborne,MO,40,2025-01-19 11:32:55,healthcare,Walgreens,19.65
ACCT-23225D30,Denise Osborne,MO,41,2025-01-19 12:11:40,dining,McDonald's,50.53
ACCT-23225D30,Denise Osborne,MO,42,2025-01-19 16:04:15,gas,Speedway,112.66
ACCT-23225D30,Denise Osborne,MO,43,2025-01-20 08:36:05,e-commerce,Zappos,211.65
ACCT-23225D30,Denise Osborne,MO,44,2025-01-20 14:08:53,retail,Walmart,127.3
ACCT-23225D30,Denise Osborne,MO,45,2025-01-21 11:37:47,grocery,Kroger,131.14
ACCT-23225D30,Denise Osborne,MO,46,2025-01-21 14:42:01,e-commerce,Amazon,97.09
ACCT-23225D30,Denise Osborne,MO,47,2025-01-21 18:22:00,automotive,Midas,564.58
ACCT-23225D30,Denise Osborne,MO,48,2025-01-21 21:02:04,entertainment,Six Flags St. Louis,112.05
ACCT-23225D30,Denise Osborne,MO,49,2025-01-23 08:16:03,automotive,Jiffy Lube,18.39
ACCT-23225D30,Denise Osborne,MO,50,2025-01-23 08:25:32,utilities,Duke Energy,294.24
ACCT-23225D30,Denise Osborne,MO,51,2025-01-23 11:17:09,subscription,Netflix,9.99
ACCT-23225D30,Denise Osborne,MO,52,2025-01-23 17:20:58,ATM,Wells Fargo ATM,420.0
ACCT-23225D30,Denise Osborne,MO,53,2025-01-23 18:05:12,retail,Target,92.62
ACCT-23225D30,Denise Osborne,MO,54,2025-01-24 08:30:53,travel,Hilton,1058.65
ACCT-23225D30,Denise Osborne,MO,55,2025-01-24 10:14:04,automotive,Pep Boys,5.69
ACCT-23225D30,Denise Osborne,MO,56,2025-01-24 13:57:40,grocery,Kroger,235.29
ACCT-23225D30,Denise Osborne,MO,57,2025-01-24 19:28:18,dining,McDonald's,92.62
ACCT-23225D30,Denise Osborne,MO,58,2025-01-25 11:15:16,automotive,Jiffy Lube,502.58
ACCT-23225D30,Denise Osborne,MO,59,2025-01-25 16:10:16,gas,Circle K,148.97
ACCT-23225D30,Denise Osborne,MO,60,2025-01-26 04:29:00,subscription,Disney+,9.99
ACCT-23225D30,Denise Osborne,MO,61,2025-01-26 10:49:55,travel,Delta Air Lines,585.2
ACCT-23225D30,Denise Osborne,MO,62,2025-01-26 20:49:49,entertainment,Six Flags,127.57
ACCT-23225D30,Denise Osborne,MO,63,2025-01-27 09:23:37,grocery,Kroger,81.91
ACCT-23225D30,Denise Osborne,MO,64,2025-01-27 11:21:42,dining,McDonald's,142.59
ACCT-23225D30,Denise Osborne,MO,65,2025-01-27 14:34:14,retail,Target,90.55
ACCT-23225D30,Denise Osborne,MO,66,2025-01-27 15:00:50,entertainment,AMC Theatres,127.18
ACCT-23225D30,Denise Osborne,MO,67,2025-01-28 08:05:16,subscription,Netflix,9.99
ACCT-23225D30,Denise Osborne,MO,68,2025-01-28 11:33:59,gas,Speedway,155.55
ACCT-23225D30,Denise Osborne,MO,69,2025-01-28 14:08:25,grocery,Meijer,109.6
ACCT-23225D30,Denise Osborne,MO,70,2025-01-28 17:04:13,ATM,Chase Bank ATM,220.0
ACCT-23225D30,Denise Osborne,MO,71,2025-01-29 10:17:40,healthcare,Rite Aid,10.0
ACCT-23225D30,Denise Osborne,MO,72,2025-01-29 10:31:33,subscription,Netflix,12.99
ACCT-23225D30,Denise Osborne,MO,73,2025-01-29 15:50:03,grocery,Kroger,57.02
ACCT-23225D30,Denise Osborne,MO,74,2025-01-30 03:58:05,subscription,Netflix,19.99
ACCT-23225D30,Denise Osborne,MO,75,2025-01-30 09:54:33,retail,Target,44.12
ACCT-23225D30,Denise Osborne,MO,76,2025-01-30 12:28:30,dining,McDonald's,59.78
ACCT-23225D30,Denise Osborne,MO,77,2025-01-30 20:17:09,entertainment,AMC Theatres,81.34
ACCT-23225D30,Denise Osborne,MO,78,2025-01-31 04:54:59,subscription,Netflix,49.99
ACCT-23225D30,Denise Osborne,MO,79,2025-01-31 13:06:57,travel,Delta Air Lines,687.89
ACCT-23225D30,Denise Osborne,MO,80,2025-01-31 15:10:30,grocery,Safeway,146.91
ACCT-23225D30,Denise Osborne,MO,81,2025-01-31 17:16:03,retail,Target,190.65
ACCT-23225D30,Denise Osborne,MO,82,2025-01-31 17:26:18,entertainment,Six Flags St. Louis,62.94
ACCT-23225D30,Denise Osborne,MO,83,2025-01-31 20:17:17,entertainment,AMC Theatres,179.66
ACCT-23225D30,Denise Osborne,MO,84,,,,
ACCT-23225D30,Denise Osborne,MO,85,,,,
ACCT-23225D30,Denise Osborne,MO,86,,,,
ACCT-23225D30,Denise Osborne,MO,87,,,,
ACCT-23225D30,Denise Osborne,MO,88,,,,
ACCT-23225D30,Denise Osborne,MO,89,,,,
ACCT-23225D30,Denise Osborne,MO,90,,,,
ACCT-23225D30,Denise Osborne,MO,91,,,,
ACCT-23225D30,Denise Osborne,MO,92,,,,
ACCT-23225D30,Denise Osborne,MO,93,,,,
ACCT-23225D30,Denise Osborne,MO,94,,,,
ACCT-32420336,Christina Smith,OH,1,2025-01-01 10:54:31,grocery,Meijer,49.53
ACCT-32420336,Christina Smith,OH,2,2025-01-01 11:50:08,gas,Speedway,62.03
ACCT-32420336,Christina Smith,OH,3,2025-01-01 14:38:38,retail,Target,50.85
ACCT-32420336,Christina Smith,OH,4,2025-01-02 14:58:06,grocery,Meijer,34.17
ACCT-32420336,Christina Smith,OH,5,2025-01-02 15:27:42,gas,Circle K,89.82
ACCT-32420336,Christina Smith,OH,6,2025-01-02 19:51:14,dining,McDonald's,56.99
ACCT-32420336,Christina Smith,OH,7,2025-01-02 23:00:00,e-commerce,Amazon,22.83
ACCT-32420336,Christina Smith,OH,8,2025-01-03 11:09:03,e-commerce,Amazon,123.76
ACCT-32420336,Christina Smith,OH,9,2025-01-03 11:16:40,e-commerce,Amazon,165.13
ACCT-32420336,Christina Smith,OH,10,2025-01-03 16:27:56,gas,Circle K,28.55
ACCT-32420336,Christina Smith,OH,11,2025-01-03 19:05:10,entertainment,AMC Theatres,36.03
ACCT-32420336,Christina Smith,OH,12,2025-01-04 18:04:23,retail,Walmart,20.3
ACCT-32420336,Christina Smith,OH,13,2025-01-05 07:29:44,gas,Shell,36.56
ACCT-32420336,Christina Smith,OH,14,2025-01-05 08:49:57,grocery,Kroger,46.83
ACCT-32420336,Christina Smith,OH,15,2025-01-05 20:28:57,dining,Starbucks,26.65
ACCT-32420336,Christina Smith,OH,16,2025-01-05 21:43:17,entertainment,AMC Theatres,69.2
ACCT-32420336,Christina Smith,OH,17,2025-01-06 08:32:48,utilities,Duke Energy,119.6
ACCT-32420336,Christina Smith,OH,18,2025-01-07 08:12:45,healthcare,CVS Pharmacy,22.81
ACCT-32420336,Christina Smith,OH,19,2025-01-07 11:08:40,utilities,Duke Energy,124.04
ACCT-32420336,Christina Smith,OH,20,2025-01-08 10:07:20,wire_transfer,Western Union,5199.65
ACCT-32420336,Christina Smith,OH,21,2025-01-08 10:07:56,travel,Marriott,126.02
ACCT-32420336,Christina Smith,OH,22,2025-01-08 13:39:17,e-commerce,Amazon,54.6
ACCT-32420336,Christina Smith,OH,23,2025-01-08 13:58:37,grocery,Kroger,93.46
ACCT-32420336,Christina Smith,OH,24,2025-01-08 15:30:28,retail,Target,39.16
ACCT-32420336,Christina Smith,OH,25,2025-01-08 17:15:57,gas,Shell,51.18
ACCT-32420336,Christina Smith,OH,26,2025-01-08 20:00:26,dining,McDonald's,72.92
ACCT-32420336,Christina Smith,OH,27,2025-01-08 20:29:02,e-commerce,Amazon,118.16
ACCT-32420336,Christina Smith,OH,28,2025-01-09 08:17:20,utilities,Duke Energy,74.82
ACCT-32420336,Christina Smith,OH,29,2025-01-09 14:58:31,automotive,Midas,391.51
ACCT-32420336,Christina Smith,OH,30,2025-01-09 18:05:55,retail,Target,73.67
ACCT-32420336,Christina Smith,OH,31,2025-01-10 10:20:18,healthcare,Walgreens,202.13
ACCT-32420336,Christina Smith,OH,32,2025-01-10 11:28:48,dining,McDonald's,23.26
ACCT-32420336,Christina Smith,OH,33,2025-01-10 19:58:34,dining,McDonald's,36.97
ACCT-32420336,Christina Smith,OH,34,2025-01-11 05:00:22,travel,Delta Air Lines,458.84
ACCT-32420336,Christina Smith,OH,35,2025-01-11 08:55:13,gas,Shell,56.41
ACCT-32420336,Christina Smith,OH,36,2025-01-12 00:00:26,subscription,Netflix,9.99
ACCT-32420336,Christina Smith,OH,37,2025-01-12 14:58:49,e-commerce,Amazon,46.49
ACCT-32420336,Christina Smith,OH,38,2025-01-13 19:40:39,dining,McDonald's,20.12
ACCT-32420336,Christina Smith,OH,39,2025-01-14 07:00:41,grocery,Kroger,67.57
ACCT-32420336,Christina Smith,OH,40,2025-01-14 10:09:55,wire_transfer,PayPal,2049.12
ACCT-32420336,Christina Smith,OH,41,2025-01-15 12:05:56,healthcare,Quest Diagnostics,38.38
ACCT-32420336,Christina Smith,OH,42,2025-01-15 14:39:12,e-commerce,Amazon,87.56
ACCT-32420336,Christina Smith,OH,43,2025-01-15 17:32:59,gas,Shell,47.03
ACCT-32420336,Christina Smith,OH,44,2025-01-16 08:03:49,grocery,ShopRite,91.63
ACCT-32420336,Christina Smith,OH,45,2025-01-16 17:14:59,retail,Target,36.55
ACCT-32420336,Christina Smith,OH,46,2025-01-16 22:16:40,e-commerce,Amazon,38.89
ACCT-32420336,Christina Smith,OH,47,2025-01-17 00:00:42,subscription,Netflix,24.99
ACCT-32420336,Christina Smith,OH,48,2025-01-17 09:08:51,gas,Circle K,47.2
ACCT-32420336,Christina Smith,OH,49,2025-01-17 11:33:25,healthcare,CVS Pharmacy,21.12
ACCT-32420336,Christina Smith,OH,50,2025-01-18 11:39:44,dining,McDonald's,25.23
ACCT-32420336,Christina Smith,OH,51,2025-01-18 17:52:41,retail,Walmart,46.53
ACCT-32420336,Christina Smith,OH,52,2025-01-18 18:18:31,gas,Speedway,30.11
ACCT-32420336,Christina Smith,OH,53,2025-01-19 11:33:06,grocery,Walmart,55.32
ACCT-32420336,Christina Smith,OH,54,2025-01-19 16:45:38,entertainment,AMC Theatres,44.38
ACCT-32420336,Christina Smith,OH,55,2025-01-19 20:24:54,entertainment,AMC Theatres,31.0
ACCT-32420336,Christina Smith,OH,56,2025-01-20 03:13:43,subscription,Spotify,15.99
ACCT-32420336,Christina Smith,OH,57,2025-01-20 07:00:54,grocery,Walmart,38.92
ACCT-32420336,Christina Smith,OH,58,2025-01-20 15:08:42,retail,Walmart,124.41
ACCT-32420336,Christina Smith,OH,59,2025-01-20 15:38:49,retail,Target,72.77
ACCT-32420336,Christina Smith,OH,60,2025-01-20 18:17:45,entertainment,Six Flags,55.16
ACCT-32420336,Christina Smith,OH,61,2025-01-20 19:58:37,dining,McDonald's,26.25
ACCT-32420336,Christina Smith,OH,62,2025-01-21 00:00:44,subscription,Hulu,12.99
ACCT-32420336,Christina Smith,OH,63,2025-01-21 13:42:21,dining,McDonald's,84.28
ACCT-32420336,Christina Smith,OH,64,2025-01-21 15:03:21,grocery,Meijer,78.3
ACCT-32420336,Christina Smith,OH,65,2025-01-21 18:46:43,retail,Target,71.63
ACCT-32420336,Christina Smith,OH,66,2025-01-22 07:00:05,utilities,Duke Energy Ohio,117.18
ACCT-32420336,Christina Smith,OH,67,2025-01-22 08:59:59,e-commerce,Amazon,21.52
ACCT-32420336,Christina Smith,OH,68,2025-01-23 18:08:56,travel,Delta Air Lines,304.6
ACCT-32420336,Christina Smith,OH,69,2025-01-24 08:41:29,grocery,Kroger,77.56
ACCT-32420336,Christina Smith,OH,70,2025-01-24 20:35:36,dining,McDonald's,72.19
ACCT-32420336,Christina Smith,OH,71,2025-01-25 12:24:06,dining,McDonald's,34.18
ACCT-32420336,Christina Smith,OH,72,2025-01-25 14:44:21,gas,Circle K,51.48
ACCT-32420336,Christina Smith,OH,73,2025-01-25 21:23:52,entertainment,AMC Theatres,32.51
ACCT-32420336,Christina Smith,OH,74,2025-01-26 06:40:13,gas,Shell,58.42
ACCT-32420336,Christina Smith,OH,75,2025-01-26 08:08:27,automotive,Midas,311.38
ACCT-32420336,Christina Smith,OH,76,2025-01-26 13:59:42,retail,Target,15.51
ACCT-32420336,Christina Smith,OH,77,2025-01-26 17:33:12,dining,McDonald's,93.3
ACCT-32420336,Christina Smith,OH,78,2025-01-26 17:51:47,retail,Target,24.64
ACCT-32420336,Christina Smith,OH,79,2025-01-27 07:58:55,grocery,Meijer,77.08
ACCT-32420336,Christina Smith,OH,80,2025-01-27 13:36:59,gas,Speedway,46.02
ACCT-32420336,Christina Smith,OH,81,2025-01-27 19:42:14,dining,McDonald's,68.65
ACCT-32420336,Christina Smith,OH,82,2025-01-28 08:16:58,travel,Marriott,252.19
ACCT-32420336,Christina Smith,OH,83,2025-01-28 10:41:28,e-commerce,Amazon,164.99
ACCT-32420336,Christina Smith,OH,84,2025-01-29 13:35:11,travel,Delta Air Lines,194.71
ACCT-32420336,Christina Smith,OH,85,2025-01-30 15:57:45,gas,Shell,73.57
ACCT-32420336,Christina Smith,OH,86,2025-01-31 07:26:35,gas,Speedway,45.48
ACCT-32420336,Christina Smith,OH,87,2025-01-31 11:57:14,utilities,Duke Energy,100.38
ACCT-32420336,Christina Smith,OH,88,2025-01-31 12:31:34,retail,Walmart,46.56
ACCT-32420336,Christina Smith,OH,89,,,,
ACCT-32420336,Christina Smith,OH,90,,,,
ACCT-32420336,Christina Smith,OH,91,,,,
ACCT-32420336,Christina Smith,OH,92,,,,
ACCT-32420336,Christina Smith,OH,93,,,,
ACCT-32420336,Christina Smith,OH,94,,,,
ACCT-39797560,Elizabeth Rogers,OR,1,2025-01-01 20:15:33,ATM,Chase Bank ATM,420.0
ACCT-39797560,Elizabeth Rogers,OR,2,2025-01-02 16:32:46,automotive,Midas,178.41
ACCT-39797560,Elizabeth Rogers,OR,3,2025-01-02 21:37:48,entertainment,AMC Theatres,141.9
ACCT-39797560,Elizabeth Rogers,OR,4,2025-01-03 09:00:28,utilities,Pacific Gas & Electric,234.92
ACCT-39797560,Elizabeth Rogers,OR,5,2025-01-04 11:10:31,grocery,Whole Foods Market,98.25
ACCT-39797560,Elizabeth Rogers,OR,6,2025-01-04 11:39:03,automotive,Cascade Auto Service,11.94
ACCT-39797560,Elizabeth Rogers,OR,7,2025-01-05 18:27:05,dining,Starbucks,96.94
ACCT-39797560,Elizabeth Rogers,OR,8,2025-01-06 12:04:49,grocery,Whole Foods Market,214.63
ACCT-39797560,Elizabeth Rogers,OR,9,2025-01-06 12:27:50,dining,Starbucks,54.47
ACCT-39797560,Elizabeth Rogers,OR,10,2025-01-06 12:41:06,retail,Walmart,153.45
ACCT-39797560,Elizabeth Rogers,OR,11,2025-01-07 07:00:37,other,UPS,168.1
ACCT-39797560,Elizabeth Rogers,OR,12,2025-01-07 08:52:34,healthcare,Walgreens,30.26
ACCT-39797560,Elizabeth Rogers,OR,13,2025-01-07 09:10:52,wire_transfer,PayPal,3044.91
ACCT-39797560,Elizabeth Rogers,OR,14,2025-01-07 11:21:10,e-commerce,Amazon,279.58
ACCT-39797560,Elizabeth Rogers,OR,15,2025-01-07 11:43:15,grocery,Whole Foods Market,252.03
ACCT-39797560,Elizabeth Rogers,OR,16,2025-01-07 16:58:12,entertainment,Regal Cinemas,159.62
ACCT-39797560,Elizabeth Rogers,OR,17,2025-01-08 08:39:37,travel,IHG Hotels & Resorts,2070.02
ACCT-39797560,Elizabeth Rogers,OR,18,2025-01-08 08:50:48,grocery,Whole Foods Market,159.37
ACCT-39797560,Elizabeth Rogers,OR,19,2025-01-08 14:25:56,e-commerce,Amazon,421.16
ACCT-39797560,Elizabeth Rogers,OR,20,2025-01-08 17:55:41,gas,Shell,159.86
ACCT-39797560,Elizabeth Rogers,OR,21,2025-01-09 10:15:12,utilities,Pacific Gas & Electric,263.42
ACCT-39797560,Elizabeth Rogers,OR,22,2025-01-09 16:41:44,ATM,Chase Bank ATM,300.0
ACCT-39797560,Elizabeth Rogers,OR,23,2025-01-10 09:42:53,grocery,Walmart,114.63
ACCT-39797560,Elizabeth Rogers,OR,24,2025-01-10 16:43:59,entertainment,AMC Theatres,151.25
ACCT-39797560,Elizabeth Rogers,OR,25,2025-01-10 17:09:20,dining,Starbucks,107.13
ACCT-39797560,Elizabeth Rogers,OR,26,2025-01-11 14:57:39,grocery,Walmart,222.53
ACCT-39797560,Elizabeth Rogers,OR,27,2025-01-12 17:47:04,grocery,Safeway,302.35
ACCT-39797560,Elizabeth Rogers,OR,28,2025-01-12 20:18:48,dining,Starbucks,273.63
ACCT-39797560,Elizabeth Rogers,OR,29,2025-01-13 06:36:10,travel,Portland Express,502.16
ACCT-39797560,Elizabeth Rogers,OR,30,2025-01-14 10:41:02,grocery,Whole Foods Market,88.4
ACCT-39797560,Elizabeth Rogers,OR,31,2025-01-15 07:00:31,utilities,Pacific Gas & Electric,319.37
ACCT-39797560,Elizabeth Rogers,OR,32,2025-01-15 12:51:17,retail,Target,114.97
ACCT-39797560,Elizabeth Rogers,OR,33,2025-01-16 17:49:06,dining,Starbucks,100.55
ACCT-39797560,Elizabeth Rogers,OR,34,2025-01-17 15:14:58,grocery,Safeway,203.81
ACCT-39797560,Elizabeth Rogers,OR,35,2025-01-17 16:32:39,gas,Shell,108.94
ACCT-39797560,Elizabeth Rogers,OR,36,2025-01-18 10:06:26,automotive,Midas,20.56
ACCT-39797560,Elizabeth Rogers,OR,37,2025-01-18 17:05:41,retail,Target,262.8
ACCT-39797560,Elizabeth Rogers,OR,38,2025-01-19 08:52:08,wire_transfer,PayPal,5929.57
ACCT-39797560,Elizabeth Rogers,OR,39,2025-01-19 09:05:49,healthcare,Walgreens,53.19
ACCT-39797560,Elizabeth Rogers,OR,40,2025-01-19 23:48:57,entertainment,AMC Theatres,255.63
ACCT-39797560,Elizabeth Rogers,OR,41,2025-01-20 10:52:32,healthcare,Walgreens Pharmacy,1155.69
ACCT-39797560,Elizabeth Rogers,OR,42,2025-01-20 20:04:58,grocery,Whole Foods Market,246.2
ACCT-39797560,Elizabeth Rogers,OR,43,2025-01-21 06:27:10,subscription,Spotify,24.99
ACCT-39797560,Elizabeth Rogers,OR,44,2025-01-21 08:27:21,gas,Shell,124.75
ACCT-39797560,Elizabeth Rogers,OR,45,2025-01-21 12:18:50,healthcare,CVS Pharmacy,1120.36
ACCT-39797560,Elizabeth Rogers,OR,46,2025-01-21 12:28:01,dining,McDonald's,103.94
ACCT-39797560,Elizabeth Rogers,OR,47,2025-01-21 18:24:30,entertainment,AMC Theatres,78.35
ACCT-39797560,Elizabeth Rogers,OR,48,2025-01-21 18:42:57,dining,Starbucks,247.99
ACCT-39797560,Elizabeth Rogers,OR,49,2025-01-21 20:35:28,dining,Starbucks,69.77
ACCT-39797560,Elizabeth Rogers,OR,50,2025-01-22 00:00:52,subscription,Spotify,14.99
ACCT-39797560,Elizabeth Rogers,OR,51,2025-01-22 10:51:50,grocery,Whole Foods Market,106.7
ACCT-39797560,Elizabeth Rogers,OR,52,2025-01-22 15:05:53,travel,American Airlines,1183.64
ACCT-39797560,Elizabeth Rogers,OR,53,2025-01-22 18:21:37,e-commerce,Amazon,77.61
ACCT-39797560,Elizabeth Rogers,OR,54,2025-01-23 14:45:33,other,FedEx,100.01
ACCT-39797560,Elizabeth Rogers,OR,55,2025-01-23 19:57:34,grocery,Whole Foods Market,192.87
ACCT-39797560,Elizabeth Rogers,OR,56,2025-01-24 04:47:40,subscription,Netflix,14.99
ACCT-39797560,Elizabeth Rogers,OR,57,2025-01-24 09:01:38,automotive,Firestone Complete Auto Care,17.03
ACCT-39797560,Elizabeth Rogers,OR,58,2025-01-24 17:25:27,e-commerce,Amazon,92.45
ACCT-39797560,Elizabeth Rogers,OR,59,2025-01-24 17:27:04,dining,Starbucks,75.29
ACCT-39797560,Elizabeth Rogers,OR,60,2025-01-24 18:01:42,grocery,Trader Joe's,143.2
ACCT-39797560,Elizabeth Rogers,OR,61,2025-01-25 18:09:25,retail,Target,93.04
ACCT-39797560,Elizabeth Rogers,OR,62,2025-01-26 18:09:55,dining,McDonald's,241.71
ACCT-39797560,Elizabeth Rogers,OR,63,2025-01-27 07:54:53,automotive,Valvoline Instant Oil Change,1230.46
ACCT-39797560,Elizabeth Rogers,OR,64,2025-01-27 18:45:51,dining,Pioneer Grill,48.77
ACCT-39797560,Elizabeth Rogers,OR,65,2025-01-29 00:00:54,subscription,Netflix,12.99
ACCT-39797560,Elizabeth Rogers,OR,66,2025-01-29 12:29:50,e-commerce,Amazon,375.74
ACCT-39797560,Elizabeth Rogers,OR,67,2025-01-29 18:29:30,e-commerce,Amazon,146.5
ACCT-39797560,Elizabeth Rogers,OR,68,2025-01-30 12:17:50,e-commerce,Amazon,111.18
ACCT-39797560,Elizabeth Rogers,OR,69,2025-01-30 13:30:05,ATM,Wells Fargo ATM,500.0
ACCT-39797560,Elizabeth Rogers,OR,70,2025-01-30 15:42:19,e-commerce,Amazon,102.06
ACCT-39797560,Elizabeth Rogers,OR,71,2025-01-31 18:54:30,dining,Starbucks,133.33
ACCT-39797560,Elizabeth Rogers,OR,72,,,,
ACCT-39797560,Elizabeth Rogers,OR,73,,,,
ACCT-39797560,Elizabeth Rogers,OR,74,,,,
ACCT-39797560,Elizabeth Rogers,OR,75,,,,
ACCT-39797560,Elizabeth Rogers,OR,76,,,,
ACCT-39797560,Elizabeth Rogers,OR,77,,,,
ACCT-39797560,Elizabeth Rogers,OR,78,,,,
ACCT-39797560,Elizabeth Rogers,OR,79,,,,
ACCT-39797560,Elizabeth Rogers,OR,80,,,,
ACCT-39797560,Elizabeth Rogers,OR,81,,,,
ACCT-39797560,Elizabeth Rogers,OR,82,,,,
ACCT-39797560,Elizabeth Rogers,OR,83,,,,
ACCT-39797560,Elizabeth Rogers,OR,84,,,,
ACCT-39797560,Elizabeth Rogers,OR,85,,,,
ACCT-39797560,Elizabeth Rogers,OR,86,,,,
ACCT-39797560,Elizabeth Rogers,OR,87,,,,
ACCT-39797560,Elizabeth Rogers,OR,88,,,,
ACCT-39797560,Elizabeth Rogers,OR,89,,,,
ACCT-39797560,Elizabeth Rogers,OR,90,,,,
ACCT-39797560,Elizabeth Rogers,OR,91,,,,
ACCT-39797560,Elizabeth Rogers,OR,92,,,,
ACCT-39797560,Elizabeth Rogers,OR,93,,,,
ACCT-39797560,Elizabeth Rogers,OR,94,,,,
ACCT-3B2FE0FC,James Cannon,GA,1,2025-01-01 09:06:11,gas,Shell,69.27
ACCT-3B2FE0FC,James Cannon,GA,2,2025-01-01 10:11:49,automotive,Savannah Auto Service,212.54
ACCT-3B2FE0FC,James Cannon,GA,3,2025-01-01 12:31:00,other,ACE Hardware,46.87
ACCT-3B2FE0FC,James Cannon,GA,4,2025-01-01 16:17:05,ATM,Chase Bank ATM,160.0
ACCT-3B2FE0FC,James Cannon,GA,5,2025-01-01 18:14:53,e-commerce,Amazon,31.13
ACCT-3B2FE0FC,James Cannon,GA,6,2025-01-02 13:17:21,dining,Chick-fil-A,37.46
ACCT-3B2FE0FC,James Cannon,GA,7,2025-01-02 15:53:23,travel,Marriott,537.63
ACCT-3B2FE0FC,James Cannon,GA,8,2025-01-03 06:22:56,gas,Chevron,54.71
ACCT-3B2FE0FC,James Cannon,GA,9,2025-01-03 08:44:52,automotive,Midas,22.95
ACCT-3B2FE0FC,James Cannon,GA,10,2025-01-03 13:00:01,ATM,Chase Bank ATM,140.0
ACCT-3B2FE0FC,James Cannon,GA,11,2025-01-03 13:04:36,dining,McDonald's,33.85
ACCT-3B2FE0FC,James Cannon,GA,12,2025-01-04 10:17:24,dining,Starbucks,14.29
ACCT-3B2FE0FC,James Cannon,GA,13,2025-01-04 11:37:40,utilities,Duke Energy,103.76
ACCT-3B2FE0FC,James Cannon,GA,14,2025-01-04 12:48:53,dining,Chick-fil-A,27.35
ACCT-3B2FE0FC,James Cannon,GA,15,2025-01-04 14:22:46,e-commerce,Amazon,110.55
ACCT-3B2FE0FC,James Cannon,GA,16,2025-01-05 00:00:38,subscription,Netflix,9.99
ACCT-3B2FE0FC,James Cannon,GA,17,2025-01-05 11:53:24,healthcare,CVS Pharmacy,55.21
ACCT-3B2FE0FC,James Cannon,GA,18,2025-01-05 19:58:05,dining,McDonald's,49.16
ACCT-3B2FE0FC,James Cannon,GA,19,2025-01-06 12:49:23,retail,Target,42.98
ACCT-3B2FE0FC,James Cannon,GA,20,2025-01-06 12:52:04,dining,Chipotle Mexican Grill,28.15
ACCT-3B2FE0FC,James Cannon,GA,21,2025-01-06 19:08:27,retail,Target,33.92
ACCT-3B2FE0FC,James Cannon,GA,22,2025-01-07 15:19:24,e-commerce,Amazon,55.36
ACCT-3B2FE0FC,James Cannon,GA,23,2025-01-07 15:41:40,other,UPS,13.06
ACCT-3B2FE0FC,James Cannon,GA,24,2025-01-08 23:44:45,entertainment,AMC Theatres,35.26
ACCT-3B2FE0FC,James Cannon,GA,25,2025-01-09 14:37:38,retail,Walmart,77.02
ACCT-3B2FE0FC,James Cannon,GA,26,2025-01-09 14:46:18,grocery,Publix,119.66
ACCT-3B2FE0FC,James Cannon,GA,27,2025-01-09 19:52:46,entertainment,AMC Theatres,65.42
ACCT-3B2FE0FC,James Cannon,GA,28,2025-01-10 07:19:24,grocery,Publix,93.77
ACCT-3B2FE0FC,James Cannon,GA,29,2025-01-10 13:45:29,other,FedEx,50.32
ACCT-3B2FE0FC,James Cannon,GA,30,2025-01-10 20:24:40,other,UPS,37.25
ACCT-3B2FE0FC,James Cannon,GA,31,2025-01-11 17:35:06,dining,McDonald's,32.7
ACCT-3B2FE0FC,James Cannon,GA,32,2025-01-12 13:32:06,e-commerce,Amazon,52.7
ACCT-3B2FE0FC,James Cannon,GA,33,2025-01-12 14:15:01,grocery,Publix,46.4
ACCT-3B2FE0FC,James Cannon,GA,34,2025-01-12 20:51:35,e-commerce,Amazon,30.63
ACCT-3B2FE0FC,James Cannon,GA,35,2025-01-13 12:48:59,dining,Starbucks,39.02
ACCT-3B2FE0FC,James Cannon,GA,36,2025-01-13 12:57:36,gas,Shell,58.73
ACCT-3B2FE0FC,James Cannon,GA,37,2025-01-13 14:53:49,automotive,Midas,685.42
ACCT-3B2FE0FC,James Cannon,GA,38,2025-01-13 20:14:51,ATM,Truist ATM,120.0
ACCT-3B2FE0FC,James Cannon,GA,39,2025-01-13 20:17:16,dining,McDonald's,25.77
ACCT-3B2FE0FC,James Cannon,GA,40,2025-01-13 21:50:06,entertainment,AMC Theatres,210.29
ACCT-3B2FE0FC,James Cannon,GA,41,2025-01-14 08:01:20,utilities,Duke Energy,109.1
ACCT-3B2FE0FC,James Cannon,GA,42,2025-01-14 12:39:29,retail,Target,29.54
ACCT-3B2FE0FC,James Cannon,GA,43,2025-01-14 13:02:45,e-commerce,Amazon,58.16
ACCT-3B2FE0FC,James Cannon,GA,44,2025-01-14 13:27:29,subscription,Disney+,15.99
ACCT-3B2FE0FC,James Cannon,GA,45,2025-01-14 17:26:53,dining,Chick-fil-A,19.48
ACCT-3B2FE0FC,James Cannon,GA,46,2025-01-14 19:42:39,dining,Starbucks,56.08
ACCT-3B2FE0FC,James Cannon,GA,47,2025-01-15 07:01:24,subscription,Spotify,7.99
ACCT-3B2FE0FC,James Cannon,GA,48,2025-01-16 10:27:00,ATM,Bank of America ATM,160.0
ACCT-3B2FE0FC,James Cannon,GA,49,2025-01-16 14:03:41,retail,Walmart,18.84
ACCT-3B2FE0FC,James Cannon,GA,50,2025-01-17 12:54:45,e-commerce,Amazon,93.96
ACCT-3B2FE0FC,James Cannon,GA,51,2025-01-18 17:03:05,grocery,Publix,32.78
ACCT-3B2FE0FC,James Cannon,GA,52,2025-01-19 12:35:50,dining,McDonald's,30.67
ACCT-3B2FE0FC,James Cannon,GA,53,2025-01-19 16:09:12,automotive,Midas,11.62
ACCT-3B2FE0FC,James Cannon,GA,54,2025-01-19 21:05:53,dining,McDonald's,46.13
ACCT-3B2FE0FC,James Cannon,GA,55,2025-01-20 08:34:25,grocery,Publix,30.45
ACCT-3B2FE0FC,James Cannon,GA,56,2025-01-21 10:21:39,travel,Delta Air Lines,206.58
ACCT-3B2FE0FC,James Cannon,GA,57,2025-01-21 10:50:45,utilities,Duke Energy,161.52
ACCT-3B2FE0FC,James Cannon,GA,58,2025-01-21 14:41:15,grocery,Publix,85.63
ACCT-3B2FE0FC,James Cannon,GA,59,2025-01-21 17:24:41,automotive,Midas,6.07
ACCT-3B2FE0FC,James Cannon,GA,60,2025-01-22 15:49:52,e-commerce,Amazon,37.81
ACCT-3B2FE0FC,James Cannon,GA,61,2025-01-22 17:06:33,dining,,76.6
ACCT-3B2FE0FC,James Cannon,GA,62,2025-01-22 17:10:25,e-commerce,Amazon,83.68
ACCT-3B2FE0FC,James Cannon,GA,63,2025-01-22 18:56:42,automotive,Midas,92.36
ACCT-3B2FE0FC,James Cannon,GA,64,2025-01-23 00:00:06,subscription,Netflix,12.99
ACCT-3B2FE0FC,James Cannon,GA,65,2025-01-23 05:54:03,gas,Speedway,48.68
ACCT-3B2FE0FC,James Cannon,GA,66,2025-01-23 09:07:16,utilities,Comcast Xfinity,128.23
ACCT-3B2FE0FC,James Cannon,GA,67,2025-01-23 14:05:15,ATM,Bank of America ATM,160.0
ACCT-3B2FE0FC,James Cannon,GA,68,2025-01-24 14:15:08,retail,Target,11.09
ACCT-3B2FE0FC,James Cannon,GA,69,2025-01-25 05:54:21,travel,Delta Air Lines,192.61
ACCT-3B2FE0FC,James Cannon,GA,70,2025-01-25 12:06:38,retail,Target,15.23
ACCT-3B2FE0FC,James Cannon,GA,71,2025-01-25 14:33:13,gas,Circle K,49.39
ACCT-3B2FE0FC,James Cannon,GA,72,2025-01-25 19:01:36,dining,McDonald's,23.98
ACCT-3B2FE0FC,James Cannon,GA,73,2025-01-26 08:00:13,wire_transfer,PayPal,758.26
ACCT-3B2FE0FC,James Cannon,GA,74,2025-01-26 13:54:33,ATM,Wells Fargo ATM,60.0
ACCT-3B2FE0FC,James Cannon,GA,75,2025-01-26 17:32:02,dining,McDonald's,20.13
ACCT-3B2FE0FC,James Cannon,GA,76,2025-01-26 18:03:58,dining,Chick-fil-A,48.68
ACCT-3B2FE0FC,James Cannon,GA,77,2025-01-27 17:07:02,retail,Walmart,111.17
ACCT-3B2FE0FC,James Cannon,GA,78,2025-01-27 17:42:27,entertainment,AMC Theatres,41.33
ACCT-3B2FE0FC,James Cannon,GA,79,2025-01-28 12:25:34,grocery,Publix,51.55
ACCT-3B2FE0FC,James Cannon,GA,80,2025-01-28 14:21:19,travel,Marriott,505.08
ACCT-3B2FE0FC,James Cannon,GA,81,2025-01-28 19:37:22,e-commerce,Amazon,88.13
ACCT-3B2FE0FC,James Cannon,GA,82,2025-01-29 09:20:10,subscription,Netflix,9.99
ACCT-3B2FE0FC,James Cannon,GA,83,2025-01-30 07:00:55,utilities,Duke Energy,109.37
ACCT-3B2FE0FC,James Cannon,GA,84,2025-01-31 13:15:19,utilities,Duke Energy,124.6
ACCT-3B2FE0FC,James Cannon,GA,85,2025-01-31 15:01:56,e-commerce,Amazon,111.64
ACCT-3B2FE0FC,James Cannon,GA,86,,,,
ACCT-3B2FE0FC,James Cannon,GA,87,,,,
ACCT-3B2FE0FC,James Cannon,GA,88,,,,
ACCT-3B2FE0FC,James Cannon,GA,89,,,,
ACCT-3B2FE0FC,James Cannon,GA,90,,,,
ACCT-3B2FE0FC,James Cannon,GA,91,,,,
ACCT-3B2FE0FC,James Cannon,GA,92,,,,
ACCT-3B2FE0FC,James Cannon,GA,93,,,,
ACCT-3B2FE0FC,James Cannon,GA,94,,,,
ACCT-3D778099,Kelsey Rogers,CA,1,2025-01-01 08:57:56,subscription,Netflix,7.99
ACCT-3D778099,Kelsey Rogers,CA,2,2025-01-01 09:22:30,healthcare,CVS Pharmacy,592.11
ACCT-3D778099,Kelsey Rogers,CA,3,2025-01-01 13:41:30,grocery,Trader Joe's,66.25
ACCT-3D778099,Kelsey Rogers,CA,4,2025-01-02 13:36:31,grocery,Trader Joe's,91.61
ACCT-3D778099,Kelsey Rogers,CA,5,2025-01-03 13:02:38,travel,Delta Air Lines,549.15
ACCT-3D778099,Kelsey Rogers,CA,6,2025-01-03 14:46:21,retail,Target,109.51
ACCT-3D778099,Kelsey Rogers,CA,7,2025-01-04 07:12:28,travel,Hilton,492.84
ACCT-3D778099,Kelsey Rogers,CA,8,2025-01-04 09:02:45,grocery,Whole Foods Market,70.91
ACCT-3D778099,Kelsey Rogers,CA,9,2025-01-05 10:47:19,utilities,Pacific Gas & Electric,190.32
ACCT-3D778099,Kelsey Rogers,CA,10,2025-01-06 09:52:29,grocery,Trader Joe's,154.4
ACCT-3D778099,Kelsey Rogers,CA,11,2025-01-06 12:37:04,healthcare,CVS Pharmacy,25.03
ACCT-3D778099,Kelsey Rogers,CA,12,2025-01-06 14:02:10,subscription,Spotify,7.99
ACCT-3D778099,Kelsey Rogers,CA,13,2025-01-07 07:00:03,other,FedEx,49.3
ACCT-3D778099,Kelsey Rogers,CA,14,2025-01-07 16:39:39,retail,Target,275.38
ACCT-3D778099,Kelsey Rogers,CA,15,2025-01-08 03:41:54,subscription,Disney+,7.99
ACCT-3D778099,Kelsey Rogers,CA,16,2025-01-08 08:12:59,gas,Shell,118.36
ACCT-3D778099,Kelsey Rogers,CA,17,2025-01-08 20:13:08,entertainment,AMC Theatres,87.23
ACCT-3D778099,Kelsey Rogers,CA,18,2025-01-09 19:17:53,dining,Starbucks,133.61
ACCT-3D778099,Kelsey Rogers,CA,19,2025-01-10 19:57:16,dining,Starbucks,121.23
ACCT-3D778099,Kelsey Rogers,CA,20,2025-01-11 16:39:15,retail,Target,149.62
ACCT-3D778099,Kelsey Rogers,CA,21,2025-01-12 07:47:39,gas,Shell,90.87
ACCT-3D778099,Kelsey Rogers,CA,22,2025-01-12 11:57:45,e-commerce,Amazon,175.06
ACCT-3D778099,Kelsey Rogers,CA,23,2025-01-12 12:03:47,healthcare,Walgreens,32.47
ACCT-3D778099,Kelsey Rogers,CA,24,2025-01-13 00:00:46,subscription,Netflix,9.99
ACCT-3D778099,Kelsey Rogers,CA,25,2025-01-13 12:51:45,e-commerce,Amazon,173.08
ACCT-3D778099,Kelsey Rogers,CA,26,2025-01-14 00:00:41,subscription,Spotify,14.99
ACCT-3D778099,Kelsey Rogers,CA,27,2025-01-14 07:00:16,grocery,Whole Foods Market,99.75
ACCT-3D778099,Kelsey Rogers,CA,28,2025-01-15 14:05:03,grocery,Safeway,136.41
ACCT-3D778099,Kelsey Rogers,CA,29,2025-01-16 07:30:57,subscription,Spotify,12.99
ACCT-3D778099,Kelsey Rogers,CA,30,2025-01-16 13:25:32,grocery,Trader Joe's,162.84
ACCT-3D778099,Kelsey Rogers,CA,31,2025-01-17 06:11:14,subscription,Netflix,9.99
ACCT-3D778099,Kelsey Rogers,CA,32,2025-01-17 09:06:07,grocery,Whole Foods Market,199.25
ACCT-3D778099,Kelsey Rogers,CA,33,2025-01-17 16:39:33,retail,Target,93.65
ACCT-3D778099,Kelsey Rogers,CA,34,2025-01-17 18:16:33,retail,The Home Depot,245.15
ACCT-3D778099,Kelsey Rogers,CA,35,2025-01-17 20:43:15,entertainment,AMC Theatres,204.09
ACCT-3D778099,Kelsey Rogers,CA,36,2025-01-17 22:00:20,other,The UPS Store,504.64
ACCT-3D778099,Kelsey Rogers,CA,37,2025-01-18 18:52:02,gas,Chevron,171.13
ACCT-3D778099,Kelsey Rogers,CA,38,2025-01-18 19:06:33,grocery,Safeway,89.57
ACCT-3D778099,Kelsey Rogers,CA,39,2025-01-18 19:29:20,automotive,Midas,18.0
ACCT-3D778099,Kelsey Rogers,CA,40,2025-01-19 13:06:57,wire_transfer,PayPal,5615.27
ACCT-3D778099,Kelsey Rogers,CA,41,2025-01-19 17:31:16,grocery,Trader Joe's,192.87
ACCT-3D778099,Kelsey Rogers,CA,42,2025-01-20 10:39:46,healthcare,Walgreens,27.08
ACCT-3D778099,Kelsey Rogers,CA,43,2025-01-20 14:49:30,retail,Target,76.27
ACCT-3D778099,Kelsey Rogers,CA,44,2025-01-20 20:03:41,dining,Chipotle Mexican Grill,58.76
ACCT-3D778099,Kelsey Rogers,CA,45,2025-01-20 22:12:23,dining,McDonald's,89.26
ACCT-3D778099,Kelsey Rogers,CA,46,2025-01-21 21:04:32,dining,Chipotle Mexican Grill,108.22
ACCT-3D778099,Kelsey Rogers,CA,47,2025-01-22 16:00:55,grocery,Whole Foods Market,105.11
ACCT-3D778099,Kelsey Rogers,CA,48,2025-01-22 16:48:55,gas,Shell,139.46
ACCT-3D778099,Kelsey Rogers,CA,49,2025-01-22 21:26:00,dining,McDonald's,62.89
ACCT-3D778099,Kelsey Rogers,CA,50,2025-01-23 10:13:16,grocery,Trader Joe's,88.72
ACCT-3D778099,Kelsey Rogers,CA,51,2025-01-24 00:00:22,subscription,Spotify,7.99
ACCT-3D778099,Kelsey Rogers,CA,52,2025-01-24 11:33:32,gas,Shell,90.17
ACCT-3D778099,Kelsey Rogers,CA,53,2025-01-24 14:00:21,travel,Delta Air Lines,240.25
ACCT-3D778099,Kelsey Rogers,CA,54,2025-01-24 14:07:47,grocery,Safeway,263.13
ACCT-3D778099,Kelsey Rogers,CA,55,2025-01-26 10:54:10,utilities,Pacific Gas & Electric,401.61
ACCT-3D778099,Kelsey Rogers,CA,56,2025-01-26 13:20:16,e-commerce,Amazon,114.67
ACCT-3D778099,Kelsey Rogers,CA,57,2025-01-27 09:47:04,healthcare,Walgreens,13.96
ACCT-3D778099,Kelsey Rogers,CA,58,2025-01-27 09:57:36,e-commerce,Amazon,221.3
ACCT-3D778099,Kelsey Rogers,CA,59,2025-01-27 14:24:53,grocery,Trader Joe's,144.85
ACCT-3D778099,Kelsey Rogers,CA,60,2025-01-27 17:58:38,entertainment,AMC Theatres,69.12
ACCT-3D778099,Kelsey Rogers,CA,61,2025-01-27 23:56:50,entertainment,AMC Theatres,114.89
ACCT-3D778099,Kelsey Rogers,CA,62,2025-01-28 15:16:29,grocery,Whole Foods Market,79.57
ACCT-3D778099,Kelsey Rogers,CA,63,2025-01-28 22:56:25,e-commerce,Eclipse Market,99.94
ACCT-3D778099,Kelsey Rogers,CA,64,2025-01-29 09:43:07,grocery,Trader Joe's,434.16
ACCT-3D778099,Kelsey Rogers,CA,65,2025-01-29 10:47:31,wire_transfer,PayPal,4788.46
ACCT-3D778099,Kelsey Rogers,CA,66,2025-01-30 07:00:09,grocery,Trader Joe's,129.04
ACCT-3D778099,Kelsey Rogers,CA,67,2025-01-30 16:35:11,healthcare,Walgreens,12.47
ACCT-3D778099,Kelsey Rogers,CA,68,2025-01-31 11:23:38,dining,Starbucks,52.58
ACCT-3D778099,Kelsey Rogers,CA,69,2025-01-31 13:42:31,wire_transfer,PayPal,2718.98
ACCT-3D778099,Kelsey Rogers,CA,70,2025-01-31 18:21:09,entertainment,AMC Theatres,146.04
ACCT-3D778099,Kelsey Rogers,CA,71,,,,
ACCT-3D778099,Kelsey Rogers,CA,72,,,,
ACCT-3D778099,Kelsey Rogers,CA,73,,,,
ACCT-3D778099,Kelsey Rogers,CA,74,,,,
ACCT-3D778099,Kelsey Rogers,CA,75,,,,
ACCT-3D778099,Kelsey Rogers,CA,76,,,,
ACCT-3D778099,Kelsey Rogers,CA,77,,,,
ACCT-3D778099,Kelsey Rogers,CA,78,,,,
ACCT-3D778099,Kelsey Rogers,CA,79,,,,
ACCT-3D778099,Kelsey Rogers,CA,80,,,,
ACCT-3D778099,Kelsey Rogers,CA,81,,,,
ACCT-3D778099,Kelsey Rogers,CA,82,,,,
ACCT-3D778099,Kelsey Rogers,CA,83,,,,
ACCT-3D778099,Kelsey Rogers,CA,84,,,,
ACCT-3D778099,Kelsey Rogers,CA,85,,,,
ACCT-3D778099,Kelsey Rogers,CA,86,,,,
ACCT-3D778099,Kelsey Rogers,CA,87,,,,
ACCT-3D778099,Kelsey Rogers,CA,88,,,,
ACCT-3D778099,Kelsey Rogers,CA,89,,,,
ACCT-3D778099,Kelsey Rogers,CA,90,,,,
ACCT-3D778099,Kelsey Rogers,CA,91,,,,
ACCT-3D778099,Kelsey Rogers,CA,92,,,,
ACCT-3D778099,Kelsey Rogers,CA,93,,,,
ACCT-3D778099,Kelsey Rogers,CA,94,,,,
ACCT-3F9ADB52,Eric Collins,NY,1,2025-01-01 10:25:20,ATM,Chase Bank ATM,500.0
ACCT-3F9ADB52,Eric Collins,NY,2,2025-01-01 15:58:53,gas,Shell,123.96
ACCT-3F9ADB52,Eric Collins,NY,3,2025-01-02 10:04:31,healthcare,Walgreens,11.79
ACCT-3F9ADB52,Eric Collins,NY,4,2025-01-02 14:56:43,grocery,ShopRite,96.04
ACCT-3F9ADB52,Eric Collins,NY,5,2025-01-02 19:32:58,automotive,Midas,12.17
ACCT-3F9ADB52,Eric Collins,NY,6,2025-01-03 09:08:03,automotive,Midas,20.37
ACCT-3F9ADB52,Eric Collins,NY,7,2025-01-03 16:46:25,retail,Macy's,126.25
ACCT-3F9ADB52,Eric Collins,NY,8,2025-01-03 21:46:39,ATM,Chase Bank ATM,460.0
ACCT-3F9ADB52,Eric Collins,NY,9,2025-01-04 07:31:27,gas,Circle K,134.76
ACCT-3F9ADB52,Eric Collins,NY,10,2025-01-05 07:00:48,other,USPS,141.12
ACCT-3F9ADB52,Eric Collins,NY,11,2025-01-05 08:49:43,grocery,ShopRite,160.52
ACCT-3F9ADB52,Eric Collins,NY,12,2025-01-05 12:09:07,e-commerce,Amazon,432.9
ACCT-3F9ADB52,Eric Collins,NY,13,2025-01-05 19:55:43,dining,McDonald's,45.9
ACCT-3F9ADB52,Eric Collins,NY,14,2025-01-06 05:03:15,subscription,Spotify,24.99
ACCT-3F9ADB52,Eric Collins,NY,15,2025-01-06 11:51:11,retail,Macy's,125.81
ACCT-3F9ADB52,Eric Collins,NY,16,2025-01-07 13:19:47,dining,McDonald's,69.51
ACCT-3F9ADB52,Eric Collins,NY,17,2025-01-07 17:07:19,retail,Macy's,167.12
ACCT-3F9ADB52,Eric Collins,NY,18,2025-01-07 19:08:41,grocery,Trader Joe's,71.32
ACCT-3F9ADB52,Eric Collins,NY,19,2025-01-08 06:31:32,subscription,Spotify,12.99
ACCT-3F9ADB52,Eric Collins,NY,20,2025-01-08 12:37:52,travel,Delta Air Lines,842.51
ACCT-3F9ADB52,Eric Collins,NY,21,2025-01-08 16:16:37,gas,Circle K,100.91
ACCT-3F9ADB52,Eric Collins,NY,22,2025-01-08 17:09:19,retail,Macy's,213.27
ACCT-3F9ADB52,Eric Collins,NY,23,2025-01-09 07:42:36,automotive,Jiffy Lube,9.64
ACCT-3F9ADB52,Eric Collins,NY,24,2025-01-09 11:42:11,dining,Starbucks,151.82
ACCT-3F9ADB52,Eric Collins,NY,25,2025-01-10 12:58:26,other,UPS,135.44
ACCT-3F9ADB52,Eric Collins,NY,26,2025-01-10 15:33:40,retail,Target,121.31
ACCT-3F9ADB52,Eric Collins,NY,27,2025-01-10 16:15:08,grocery,Trader Joe's,117.59
ACCT-3F9ADB52,Eric Collins,NY,28,2025-01-11 10:16:20,utilities,Con Edison,352.85
ACCT-3F9ADB52,Eric Collins,NY,29,2025-01-11 15:01:30,other,USPS,49.47
ACCT-3F9ADB52,Eric Collins,NY,30,2025-01-11 16:38:26,grocery,ShopRite,115.35
ACCT-3F9ADB52,Eric Collins,NY,31,2025-01-12 05:45:05,subscription,Netflix,14.99
ACCT-3F9ADB52,Eric Collins,NY,32,2025-01-12 07:00:06,utilities,Con Edison,286.49
ACCT-3F9ADB52,Eric Collins,NY,33,2025-01-12 13:28:25,dining,Starbucks,166.65
ACCT-3F9ADB52,Eric Collins,NY,34,2025-01-12 14:46:04,gas,Shell,98.67
ACCT-3F9ADB52,Eric Collins,NY,35,2025-01-13 10:22:43,utilities,Con Edison,383.98
ACCT-3F9ADB52,Eric Collins,NY,36,2025-01-13 12:20:02,dining,McDonald's,84.93
ACCT-3F9ADB52,Eric Collins,NY,37,2025-01-14 11:42:31,ATM,Chase Bank ATM,500.0
ACCT-3F9ADB52,Eric Collins,NY,38,2025-01-14 21:00:22,grocery,ShopRite,108.66
ACCT-3F9ADB52,Eric Collins,NY,39,2025-01-15 12:10:52,ATM,Chase Bank ATM,380.0
ACCT-3F9ADB52,Eric Collins,NY,40,2025-01-15 19:06:27,grocery,ShopRite,249.69
ACCT-3F9ADB52,Eric Collins,NY,41,2025-01-16 16:59:05,gas,Shell,214.36
ACCT-3F9ADB52,Eric Collins,NY,42,2025-01-16 19:41:46,retail,Target,260.38
ACCT-3F9ADB52,Eric Collins,NY,43,2025-01-16 19:48:26,grocery,ShopRite,158.5
ACCT-3F9ADB52,Eric Collins,NY,44,2025-01-18 12:23:36,grocery,Trader Joe's,217.19
ACCT-3F9ADB52,Eric Collins,NY,45,2025-01-19 07:56:54,automotive,Midas,8.11
ACCT-3F9ADB52,Eric Collins,NY,46,2025-01-19 17:15:54,grocery,ShopRite,145.15
ACCT-3F9ADB52,Eric Collins,NY,47,2025-01-19 18:57:01,entertainment,AMC Theatres,128.37
ACCT-3F9ADB52,Eric Collins,NY,48,2025-01-20 07:03:03,healthcare,CareNow Urgent Care,21.07
ACCT-3F9ADB52,Eric Collins,NY,49,2025-01-20 09:07:44,grocery,ShopRite,88.45
ACCT-3F9ADB52,Eric Collins,NY,50,2025-01-20 10:51:47,retail,Nordstrom,66.05
ACCT-3F9ADB52,Eric Collins,NY,51,2025-01-21 19:16:43,ATM,Chase Bank ATM,320.0
ACCT-3F9ADB52,Eric Collins,NY,52,2025-01-22 09:05:41,grocery,ShopRite,73.75
ACCT-3F9ADB52,Eric Collins,NY,53,2025-01-22 11:14:01,utilities,Con Edison,274.43
ACCT-3F9ADB52,Eric Collins,NY,54,2025-01-22 15:18:12,retail,Macy's,128.91
ACCT-3F9ADB52,Eric Collins,NY,55,2025-01-23 08:03:59,grocery,ShopRite,94.7
ACCT-3F9ADB52,Eric Collins,NY,56,2025-01-24 08:26:29,healthcare,Walgreens,28.66
ACCT-3F9ADB52,Eric Collins,NY,57,2025-01-24 15:23:04,grocery,Trader Joe's,74.41
ACCT-3F9ADB52,Eric Collins,NY,58,2025-01-24 18:54:46,dining,Chipotle Mexican Grill,135.12
ACCT-3F9ADB52,Eric Collins,NY,59,2025-01-24 19:58:28,entertainment,AMC Theatres,58.46
ACCT-3F9ADB52,Eric Collins,NY,60,2025-01-24 22:39:58,entertainment,Regal Cinemas,138.41
ACCT-3F9ADB52,Eric Collins,NY,61,2025-01-25 09:36:48,grocery,Walmart,100.17
ACCT-3F9ADB52,Eric Collins,NY,62,2025-01-26 11:08:57,travel,Delta Air Lines,627.19
ACCT-3F9ADB52,Eric Collins,NY,63,2025-01-26 18:13:35,grocery,ShopRite,150.62
ACCT-3F9ADB52,Eric Collins,NY,64,2025-01-26 20:12:47,entertainment,AMC Theatres,252.25
ACCT-3F9ADB52,Eric Collins,NY,65,2025-01-27 03:57:48,subscription,Netflix,15.99
ACCT-3F9ADB52,Eric Collins,NY,66,2025-01-28 05:00:02,travel,Delta Air Lines,743.62
ACCT-3F9ADB52,Eric Collins,NY,67,2025-01-28 08:17:23,gas,Shell,79.83
ACCT-3F9ADB52,Eric Collins,NY,68,2025-01-28 17:12:49,dining,Starbucks,73.28
ACCT-3F9ADB52,Eric Collins,NY,69,2025-01-29 00:00:22,subscription,Spotify,24.99
ACCT-3F9ADB52,Eric Collins,NY,70,2025-01-29 08:15:33,automotive,Firestone Complete Auto Care,18.71
ACCT-3F9ADB52,Eric Collins,NY,71,2025-01-29 08:17:57,gas,Circle K,101.76
ACCT-3F9ADB52,Eric Collins,NY,72,2025-01-29 12:28:26,utilities,Con Edison,275.23
ACCT-3F9ADB52,Eric Collins,NY,73,2025-01-29 17:03:13,grocery,Trader Joe's,190.06
ACCT-3F9ADB52,Eric Collins,NY,74,2025-01-30 09:05:37,subscription,Netflix,12.99
ACCT-3F9ADB52,Eric Collins,NY,75,2025-01-30 11:41:39,e-commerce,Amazon,85.58
ACCT-3F9ADB52,Eric Collins,NY,76,2025-01-30 12:33:19,ATM,Chase Bank ATM,500.0
ACCT-3F9ADB52,Eric Collins,NY,77,2025-01-30 15:26:00,gas,Shell,116.78
ACCT-3F9ADB52,Eric Collins,NY,78,2025-01-30 18:06:48,e-commerce,Amazon,172.02
ACCT-3F9ADB52,Eric Collins,NY,79,2025-01-31 06:08:37,subscription,Netflix,12.99
ACCT-3F9ADB52,Eric Collins,NY,80,,,,
ACCT-3F9ADB52,Eric Collins,NY,81,,,,
ACCT-3F9ADB52,Eric Collins,NY,82,,,,
ACCT-3F9ADB52,Eric Collins,NY,83,,,,
ACCT-3F9ADB52,Eric Collins,NY,84,,,,
ACCT-3F9ADB52,Eric Collins,NY,85,,,,
ACCT-3F9ADB52,Eric Collins,NY,86,,,,
ACCT-3F9ADB52,Eric Collins,NY,87,,,,
ACCT-3F9ADB52,Eric Collins,NY,88,,,,
ACCT-3F9ADB52,Eric Collins,NY,89,,,,
ACCT-3F9ADB52,Eric Collins,NY,90,,,,
ACCT-3F9ADB52,Eric Collins,NY,91,,,,
ACCT-3F9ADB52,Eric Collins,NY,92,,,,
ACCT-3F9ADB52,Eric Collins,NY,93,,,,
ACCT-3F9ADB52,Eric Collins,NY,94,,,,
ACCT-3FAC1C31,Miguel Sosa,CA,1,2025-01-01 11:48:46,e-commerce,Amazon,139.0
ACCT-3FAC1C31,Miguel Sosa,CA,2,2025-01-02 10:08:10,utilities,Pacific Gas & Electric,67.28
ACCT-3FAC1C31,Miguel Sosa,CA,3,2025-01-02 14:16:40,grocery,Safeway,34.9
ACCT-3FAC1C31,Miguel Sosa,CA,4,2025-01-03 16:20:14,travel,Delta Air Lines,713.97
ACCT-3FAC1C31,Miguel Sosa,CA,5,2025-01-04 09:25:20,wire_transfer,Western Union,2876.67
ACCT-3FAC1C31,Miguel Sosa,CA,6,2025-01-04 11:11:25,other,DHL,34.67
ACCT-3FAC1C31,Miguel Sosa,CA,7,2025-01-04 14:47:10,retail,Best Buy,50.63
ACCT-3FAC1C31,Miguel Sosa,CA,8,2025-01-04 18:59:01,dining,McDonald's,74.66
ACCT-3FAC1C31,Miguel Sosa,CA,9,2025-01-04 19:50:27,grocery,Trader Joe's,32.98
ACCT-3FAC1C31,Miguel Sosa,CA,10,2025-01-05 12:37:24,dining,McDonald's,23.54
ACCT-3FAC1C31,Miguel Sosa,CA,11,2025-01-05 17:38:10,retail,Target,39.25
ACCT-3FAC1C31,Miguel Sosa,CA,12,2025-01-07 09:51:11,travel,Delta Air Lines,452.37
ACCT-3FAC1C31,Miguel Sosa,CA,13,2025-01-07 14:49:12,automotive,Jiffy Lube,89.62
ACCT-3FAC1C31,Miguel Sosa,CA,14,2025-01-07 16:25:28,gas,Chevron,63.99
ACCT-3FAC1C31,Miguel Sosa,CA,15,2025-01-07 16:48:19,retail,Nordstrom,17.69
ACCT-3FAC1C31,Miguel Sosa,CA,16,2025-01-07 17:13:17,dining,Chipotle Mexican Grill,51.76
ACCT-3FAC1C31,Miguel Sosa,CA,17,2025-01-08 10:34:04,utilities,Pacific Gas & Electric,114.55
ACCT-3FAC1C31,Miguel Sosa,CA,18,2025-01-08 19:03:54,entertainment,AMC Theatres,31.09
ACCT-3FAC1C31,Miguel Sosa,CA,19,2025-01-08 22:06:17,dining,Starbucks,88.53
ACCT-3FAC1C31,Miguel Sosa,CA,20,2025-01-09 07:55:40,grocery,Trader Joe's,60.16
ACCT-3FAC1C31,Miguel Sosa,CA,21,2025-01-09 11:35:22,utilities,Pacific Gas & Electric,121.01
ACCT-3FAC1C31,Miguel Sosa,CA,22,2025-01-09 17:32:43,retail,Target,61.37
ACCT-3FAC1C31,Miguel Sosa,CA,23,2025-01-09 18:42:00,dining,Starbucks,17.65
ACCT-3FAC1C31,Miguel Sosa,CA,24,2025-01-10 12:57:10,grocery,Trader Joe's,45.6
ACCT-3FAC1C31,Miguel Sosa,CA,25,2025-01-10 18:23:45,ATM,Chase Bank ATM,140.0
ACCT-3FAC1C31,Miguel Sosa,CA,26,2025-01-10 20:39:24,gas,Shell,52.94
ACCT-3FAC1C31,Miguel Sosa,CA,27,2025-01-11 00:16:00,subscription,Netflix,15.99
ACCT-3FAC1C31,Miguel Sosa,CA,28,2025-01-11 07:00:25,grocery,Trader Joe's,50.33
ACCT-3FAC1C31,Miguel Sosa,CA,29,2025-01-11 15:44:03,ATM,Wells Fargo ATM,160.0
ACCT-3FAC1C31,Miguel Sosa,CA,30,2025-01-12 00:00:38,subscription,Spotify,15.99
ACCT-3FAC1C31,Miguel Sosa,CA,31,2025-01-12 07:29:15,gas,Shell,63.02
ACCT-3FAC1C31,Miguel Sosa,CA,32,2025-01-13 10:23:26,utilities,Pacific Gas & Electric,96.31
ACCT-3FAC1C31,Miguel Sosa,CA,33,2025-01-13 12:43:54,dining,Starbucks,50.1
ACCT-3FAC1C31,Miguel Sosa,CA,34,2025-01-13 13:31:22,ATM,Chase Bank ATM,140.0
ACCT-3FAC1C31,Miguel Sosa,CA,35,2025-01-13 17:57:42,other,FedEx Office,55.91
ACCT-3FAC1C31,Miguel Sosa,CA,36,2025-01-14 10:22:31,healthcare,Walgreens,18.2
ACCT-3FAC1C31,Miguel Sosa,CA,37,2025-01-14 15:26:05,ATM,Wells Fargo ATM,140.0
ACCT-3FAC1C31,Miguel Sosa,CA,38,2025-01-14 17:11:11,automotive,Caliber Collision,12.33
ACCT-3FAC1C31,Miguel Sosa,CA,39,2025-01-15 09:08:52,automotive,Midas,204.17
ACCT-3FAC1C31,Miguel Sosa,CA,40,2025-01-15 14:31:04,other,7-Eleven,36.67
ACCT-3FAC1C31,Miguel Sosa,CA,41,2025-01-15 17:52:28,grocery,Whole Foods Market,46.96
ACCT-3FAC1C31,Miguel Sosa,CA,42,2025-01-16 10:02:14,utilities,Pacific Gas & Electric,104.01
ACCT-3FAC1C31,Miguel Sosa,CA,43,2025-01-16 22:33:14,entertainment,AMC Theatres,60.08
ACCT-3FAC1C31,Miguel Sosa,CA,44,2025-01-17 13:44:38,healthcare,Walgreens,15.26
ACCT-3FAC1C31,Miguel Sosa,CA,45,2025-01-17 13:49:52,retail,Target,13.86
ACCT-3FAC1C31,Miguel Sosa,CA,46,2025-01-17 16:00:03,e-commerce,Amazon,274.53
ACCT-3FAC1C31,Miguel Sosa,CA,47,2025-01-17 16:05:36,retail,Best Buy,72.86
ACCT-3FAC1C31,Miguel Sosa,CA,48,2025-01-18 00:45:46,subscription,Netflix,14.99
ACCT-3FAC1C31,Miguel Sosa,CA,49,2025-01-18 10:08:00,healthcare,CVS Pharmacy,32.26
ACCT-3FAC1C31,Miguel Sosa,CA,50,2025-01-18 14:29:10,retail,Walmart,21.94
ACCT-3FAC1C31,Miguel Sosa,CA,51,2025-01-19 07:41:47,travel,Marriott,184.58
ACCT-3FAC1C31,Miguel Sosa,CA,52,2025-01-19 10:51:26,healthcare,Walgreens,238.84
ACCT-3FAC1C31,Miguel Sosa,CA,53,2025-01-19 12:48:31,travel,Marriott,278.1
ACCT-3FAC1C31,Miguel Sosa,CA,54,2025-01-19 18:21:38,dining,Chipotle Mexican Grill,40.07
ACCT-3FAC1C31,Miguel Sosa,CA,55,2025-01-19 20:34:47,entertainment,AMC Theatres,46.07
ACCT-3FAC1C31,Miguel Sosa,CA,56,2025-01-20 09:29:06,grocery,Whole Foods Market,54.03
ACCT-3FAC1C31,Miguel Sosa,CA,57,2025-01-20 10:39:25,subscription,Netflix,19.99
ACCT-3FAC1C31,Miguel Sosa,CA,58,2025-01-20 11:39:53,dining,McDonald's,49.84
ACCT-3FAC1C31,Miguel Sosa,CA,59,2025-01-20 14:11:49,dining,McDonald's,35.0
ACCT-3FAC1C31,Miguel Sosa,CA,60,2025-01-20 21:22:28,dining,Starbucks,41.42
ACCT-3FAC1C31,Miguel Sosa,CA,61,2025-01-21 11:09:48,automotive,Midas,237.9
ACCT-3FAC1C31,Miguel Sosa,CA,62,2025-01-22 08:54:45,gas,Shell,53.58
ACCT-3FAC1C31,Miguel Sosa,CA,63,2025-01-22 10:40:51,healthcare,Walgreens,30.6
ACCT-3FAC1C31,Miguel Sosa,CA,64,2025-01-22 15:42:50,e-commerce,Amazon,58.01
ACCT-3FAC1C31,Miguel Sosa,CA,65,2025-01-22 16:20:33,retail,Target,25.02
ACCT-3FAC1C31,Miguel Sosa,CA,66,2025-01-22 17:31:45,retail,Target,129.32
ACCT-3FAC1C31,Miguel Sosa,CA,67,2025-01-22 18:47:19,entertainment,Six Flags,32.23
ACCT-3FAC1C31,Miguel Sosa,CA,68,2025-01-22 19:32:01,grocery,Whole Foods Market,39.72
ACCT-3FAC1C31,Miguel Sosa,CA,69,2025-01-22 20:47:27,dining,Chipotle Mexican Grill,31.9
ACCT-3FAC1C31,Miguel Sosa,CA,70,2025-01-24 19:49:05,dining,Chipotle Mexican Grill,18.01
ACCT-3FAC1C31,Miguel Sosa,CA,71,2025-01-25 12:44:03,healthcare,Walgreens Pharmacy,22.08
ACCT-3FAC1C31,Miguel Sosa,CA,72,2025-01-25 14:43:28,e-commerce,Amazon,85.52
ACCT-3FAC1C31,Miguel Sosa,CA,73,2025-01-26 10:31:05,travel,Marriott,375.57
ACCT-3FAC1C31,Miguel Sosa,CA,74,2025-01-26 10:45:01,ATM,Chase Bank ATM,60.0
ACCT-3FAC1C31,Miguel Sosa,CA,75,2025-01-27 11:03:29,utilities,Pacific Gas & Electric,99.31
ACCT-3FAC1C31,Miguel Sosa,CA,76,2025-01-27 12:17:48,healthcare,CVS Pharmacy,114.56
ACCT-3FAC1C31,Miguel Sosa,CA,77,2025-01-27 13:52:33,e-commerce,Amazon,72.19
ACCT-3FAC1C31,Miguel Sosa,CA,78,2025-01-27 18:18:09,e-commerce,Amazon,56.07
ACCT-3FAC1C31,Miguel Sosa,CA,79,2025-01-27 20:43:45,dining,Starbucks,15.28
ACCT-3FAC1C31,Miguel Sosa,CA,80,2025-01-28 03:50:05,subscription,Disney+,24.99
ACCT-3FAC1C31,Miguel Sosa,CA,81,2025-01-28 08:48:08,grocery,Trader Joe's,50.05
ACCT-3FAC1C31,Miguel Sosa,CA,82,2025-01-28 13:02:06,dining,Starbucks,19.23
ACCT-3FAC1C31,Miguel Sosa,CA,83,2025-01-29 10:50:15,utilities,Pacific Gas & Electric,96.01
ACCT-3FAC1C31,Miguel Sosa,CA,84,2025-01-29 17:07:31,retail,Walmart,51.54
ACCT-3FAC1C31,Miguel Sosa,CA,85,2025-01-29 18:08:39,automotive,Midas,16.09
ACCT-3FAC1C31,Miguel Sosa,CA,86,2025-01-30 09:14:49,healthcare,Walgreens,41.66
ACCT-3FAC1C31,Miguel Sosa,CA,87,2025-01-30 10:56:24,travel,Delta Air Lines,726.04
ACCT-3FAC1C31,Miguel Sosa,CA,88,2025-01-31 07:33:00,healthcare,Quest Diagnostics,239.81
ACCT-3FAC1C31,Miguel Sosa,CA,89,2025-01-31 12:44:56,utilities,Pacific Gas & Electric,127.15
ACCT-3FAC1C31,Miguel Sosa,CA,90,2025-01-31 15:39:27,e-commerce,Amazon,209.52
ACCT-3FAC1C31,Miguel Sosa,CA,91,,,,
ACCT-3FAC1C31,Miguel Sosa,CA,92,,,,
ACCT-3FAC1C31,Miguel Sosa,CA,93,,,,
ACCT-3FAC1C31,Miguel Sosa,CA,94,,,,
ACCT-4A5C0675,Joshua Allen,CA,1,2025-01-01 07:43:28,automotive,Midas,11.95
ACCT-4A5C0675,Joshua Allen,CA,2,2025-01-01 12:18:39,dining,Starbucks,34.48
ACCT-4A5C0675,Joshua Allen,CA,3,2025-01-01 18:31:21,other,DHL,66.67
ACCT-4A5C0675,Joshua Allen,CA,4,2025-01-01 19:27:19,entertainment,AMC Theatres,25.7
ACCT-4A5C0675,Joshua Allen,CA,5,2025-01-02 01:02:25,subscription,Netflix,39.99
ACCT-4A5C0675,Joshua Allen,CA,6,2025-01-02 09:30:29,e-commerce,Amazon,53.76
ACCT-4A5C0675,Joshua Allen,CA,7,2025-01-02 10:30:19,travel,Marriott,676.03
ACCT-4A5C0675,Joshua Allen,CA,8,2025-01-03 10:43:54,subscription,Netflix,15.99
ACCT-4A5C0675,Joshua Allen,CA,9,2025-01-03 12:11:06,dining,Starbucks,17.27
ACCT-4A5C0675,Joshua Allen,CA,10,2025-01-03 22:07:50,e-commerce,Amazon,99.14
ACCT-4A5C0675,Joshua Allen,CA,11,2025-01-05 08:13:48,ATM,Wells Fargo ATM,240.0
ACCT-4A5C0675,Joshua Allen,CA,12,2025-01-05 10:06:40,healthcare,Walgreens,11.77
ACCT-4A5C0675,Joshua Allen,CA,13,2025-01-06 12:48:18,e-commerce,Amazon,55.78
ACCT-4A5C0675,Joshua Allen,CA,14,2025-01-06 17:59:10,other,USPS,40.97
ACCT-4A5C0675,Joshua Allen,CA,15,2025-01-07 11:59:24,healthcare,HealthFirst Urgent Care,46.16
ACCT-4A5C0675,Joshua Allen,CA,16,2025-01-07 15:33:12,automotive,Jiffy Lube,260.02
ACCT-4A5C0675,Joshua Allen,CA,17,2025-01-07 16:07:16,e-commerce,Amazon,122.63
ACCT-4A5C0675,Joshua Allen,CA,18,2025-01-07 19:15:40,dining,Starbucks,80.61
ACCT-4A5C0675,Joshua Allen,CA,19,2025-01-08 00:00:47,subscription,Netflix,15.99
ACCT-4A5C0675,Joshua Allen,CA,20,2025-01-08 07:07:52,healthcare,Walgreens,30.06
ACCT-4A5C0675,Joshua Allen,CA,21,2025-01-08 09:01:27,retail,Nordstrom,93.06
ACCT-4A5C0675,Joshua Allen,CA,22,2025-01-08 09:01:51,travel,Delta Air Lines,359.43
ACCT-4A5C0675,Joshua Allen,CA,23,2025-01-08 11:16:51,e-commerce,Amazon,78.2
ACCT-4A5C0675,Joshua Allen,CA,24,2025-01-08 14:09:15,other,FedEx Office,29.52
ACCT-4A5C0675,Joshua Allen,CA,25,2025-01-08 20:52:53,dining,McDonald's,34.18
ACCT-4A5C0675,Joshua Allen,CA,26,2025-01-09 11:44:54,e-commerce,Amazon,95.85
ACCT-4A5C0675,Joshua Allen,CA,27,2025-01-10 03:21:53,subscription,Netflix,9.99
ACCT-4A5C0675,Joshua Allen,CA,28,2025-01-10 16:38:06,grocery,Whole Foods Market,65.97
ACCT-4A5C0675,Joshua Allen,CA,29,2025-01-10 17:48:00,other,UPS,121.42
ACCT-4A5C0675,Joshua Allen,CA,30,2025-01-11 00:00:59,subscription,Netflix,24.99
ACCT-4A5C0675,Joshua Allen,CA,31,2025-01-11 19:01:13,dining,Starbucks,51.36
ACCT-4A5C0675,Joshua Allen,CA,32,2025-01-12 12:36:35,other,ACE Hardware,39.95
ACCT-4A5C0675,Joshua Allen,CA,33,2025-01-12 17:11:54,gas,Shell,45.96
ACCT-4A5C0675,Joshua Allen,CA,34,2025-01-12 19:53:33,dining,McDonald's,25.83
ACCT-4A5C0675,Joshua Allen,CA,35,2025-01-13 05:58:38,subscription,Netflix,15.99
ACCT-4A5C0675,Joshua Allen,CA,36,2025-01-13 10:42:36,e-commerce,Amazon,49.13
ACCT-4A5C0675,Joshua Allen,CA,37,2025-01-13 20:30:23,entertainment,AMC Theatres,52.11
ACCT-4A5C0675,Joshua Allen,CA,38,2025-01-14 12:00:43,grocery,Safeway,73.3
ACCT-4A5C0675,Joshua Allen,CA,39,2025-01-15 06:56:48,gas,Chevron,35.37
ACCT-4A5C0675,Joshua Allen,CA,40,2025-01-15 10:53:47,subscription,Netflix,9.99
ACCT-4A5C0675,Joshua Allen,CA,41,2025-01-16 11:18:42,healthcare,Rite Aid,25.08
ACCT-4A5C0675,Joshua Allen,CA,42,2025-01-16 17:16:47,e-commerce,Amazon,72.39
ACCT-4A5C0675,Joshua Allen,CA,43,2025-01-17 07:00:06,grocery,Trader Joe's,81.81
ACCT-4A5C0675,Joshua Allen,CA,44,2025-01-17 11:08:56,dining,Taco Bell,60.7
ACCT-4A5C0675,Joshua Allen,CA,45,2025-01-17 12:39:57,e-commerce,Amazon,53.94
ACCT-4A5C0675,Joshua Allen,CA,46,2025-01-18 00:00:38,subscription,Netflix,14.99
ACCT-4A5C0675,Joshua Allen,CA,47,2025-01-18 08:14:12,travel,Delta Air Lines,510.74
ACCT-4A5C0675,Joshua Allen,CA,48,2025-01-18 17:36:23,automotive,Goodyear Auto Service,8.61
ACCT-4A5C0675,Joshua Allen,CA,49,2025-01-19 12:12:26,subscription,Netflix,14.99
ACCT-4A5C0675,Joshua Allen,CA,50,2025-01-19 13:00:10,dining,Chipotle Mexican Grill,44.44
ACCT-4A5C0675,Joshua Allen,CA,51,2025-01-19 15:38:03,retail,Target,41.03
ACCT-4A5C0675,Joshua Allen,CA,52,2025-01-19 15:50:51,gas,Shell,34.14
ACCT-4A5C0675,Joshua Allen,CA,53,2025-01-20 07:39:06,gas,Shell,88.38
ACCT-4A5C0675,Joshua Allen,CA,54,2025-01-20 08:19:18,grocery,Trader Joe's,81.26
ACCT-4A5C0675,Joshua Allen,CA,55,2025-01-20 11:03:57,e-commerce,Amazon,17.83
ACCT-4A5C0675,Joshua Allen,CA,56,2025-01-20 11:27:42,travel,Delta Air Lines,102.32
ACCT-4A5C0675,Joshua Allen,CA,57,2025-01-20 15:42:54,automotive,Midas,5.48
ACCT-4A5C0675,Joshua Allen,CA,58,2025-01-20 20:32:10,dining,Chipotle Mexican Grill,54.93
ACCT-4A5C0675,Joshua Allen,CA,59,2025-01-21 07:03:28,subscription,Netflix,24.99
ACCT-4A5C0675,Joshua Allen,CA,60,2025-01-21 12:31:18,grocery,Trader Joe's,87.5
ACCT-4A5C0675,Joshua Allen,CA,61,2025-01-21 17:17:56,retail,Nordstrom,16.66
ACCT-4A5C0675,Joshua Allen,CA,62,2025-01-22 00:00:48,subscription,Netflix,7.99
ACCT-4A5C0675,Joshua Allen,CA,63,2025-01-22 11:54:52,dining,McDonald's,47.33
ACCT-4A5C0675,Joshua Allen,CA,64,2025-01-22 20:42:44,ATM,Bank of America ATM,220.0
ACCT-4A5C0675,Joshua Allen,CA,65,2025-01-23 11:02:26,wire_transfer,PayPal,1346.14
ACCT-4A5C0675,Joshua Allen,CA,66,2025-01-23 11:20:20,gas,Chevron,69.61
ACCT-4A5C0675,Joshua Allen,CA,67,2025-01-24 17:42:19,retail,Walmart,26.48
ACCT-4A5C0675,Joshua Allen,CA,68,2025-01-25 12:02:10,healthcare,Walgreens,33.71
ACCT-4A5C0675,Joshua Allen,CA,69,2025-01-25 20:20:09,entertainment,AMC Theatres,61.18
ACCT-4A5C0675,Joshua Allen,CA,70,2025-01-25 22:47:25,entertainment,AMC Theatres,52.78
ACCT-4A5C0675,Joshua Allen,CA,71,2025-01-26 10:55:52,retail,Nordstrom,79.03
ACCT-4A5C0675,Joshua Allen,CA,72,2025-01-26 18:26:49,retail,The Home Depot,42.64
ACCT-4A5C0675,Joshua Allen,CA,73,2025-01-27 12:13:01,healthcare,CVS Pharmacy,251.51
ACCT-4A5C0675,Joshua Allen,CA,74,2025-01-27 15:23:48,grocery,Whole Foods Market,93.32
ACCT-4A5C0675,Joshua Allen,CA,75,2025-01-27 23:00:20,entertainment,AMC Theatres,56.3
ACCT-4A5C0675,Joshua Allen,CA,76,2025-01-28 13:48:52,utilities,Pacific Gas & Electric,92.7
ACCT-4A5C0675,Joshua Allen,CA,77,2025-01-28 22:10:47,dining,McDonald's,60.24
ACCT-4A5C0675,Joshua Allen,CA,78,2025-01-29 07:00:16,utilities,Pacific Gas & Electric,144.65
ACCT-4A5C0675,Joshua Allen,CA,79,2025-01-29 17:20:42,dining,Starbucks,48.01
ACCT-4A5C0675,Joshua Allen,CA,80,2025-01-29 17:26:06,dining,McDonald's,37.49
ACCT-4A5C0675,Joshua Allen,CA,81,2025-01-30 12:17:26,utilities,Pacific Gas & Electric,103.65
ACCT-4A5C0675,Joshua Allen,CA,82,2025-01-30 16:11:45,gas,Shell,59.31
ACCT-4A5C0675,Joshua Allen,CA,83,2025-01-31 07:38:18,subscription,Spotify,7.99
ACCT-4A5C0675,Joshua Allen,CA,84,2025-01-31 18:16:51,gas,Shell,53.85
ACCT-4A5C0675,Joshua Allen,CA,85,2025-01-31 18:18:22,grocery,Safeway,39.39
ACCT-4A5C0675,Joshua Allen,CA,86,,,,
ACCT-4A5C0675,Joshua Allen,CA,87,,,,
ACCT-4A5C0675,Joshua Allen,CA,88,,,,
ACCT-4A5C0675,Joshua Allen,CA,89,,,,
ACCT-4A5C0675,Joshua Allen,CA,90,,,,
ACCT-4A5C0675,Joshua Allen,CA,91,,,,
ACCT-4A5C0675,Joshua Allen,CA,92,,,,
ACCT-4A5C0675,Joshua Allen,CA,93,,,,
ACCT-4A5C0675,Joshua Allen,CA,94,,,,
ACCT-4D3AFA3D,Eugene Brandt,MD,1,2025-01-01 18:07:47,dining,McDonald's,26.09
ACCT-4D3AFA3D,Eugene Brandt,MD,2,2025-01-01 18:53:12,gas,Shell,46.57
ACCT-4D3AFA3D,Eugene Brandt,MD,3,2025-01-02 12:04:57,grocery,Kroger,72.29
ACCT-4D3AFA3D,Eugene Brandt,MD,4,2025-01-02 18:47:18,retail,Target,54.75
ACCT-4D3AFA3D,Eugene Brandt,MD,5,2025-01-03 14:42:10,retail,Target,87.19
ACCT-4D3AFA3D,Eugene Brandt,MD,6,2025-01-04 09:20:03,utilities,Comcast Xfinity,104.57
ACCT-4D3AFA3D,Eugene Brandt,MD,7,2025-01-04 13:50:39,other,FedEx,28.0
ACCT-4D3AFA3D,Eugene Brandt,MD,8,2025-01-04 19:05:31,dining,McDonald's,38.79
ACCT-4D3AFA3D,Eugene Brandt,MD,9,2025-01-05 14:22:25,retail,Target,32.84
ACCT-4D3AFA3D,Eugene Brandt,MD,10,2025-01-05 14:53:22,retail,Target,13.5
ACCT-4D3AFA3D,Eugene Brandt,MD,11,2025-01-05 22:05:53,entertainment,AMC Theatres,41.8
ACCT-4D3AFA3D,Eugene Brandt,MD,12,2025-01-06 06:44:37,gas,Circle K,48.14
ACCT-4D3AFA3D,Eugene Brandt,MD,13,2025-01-06 19:12:06,grocery,Whole Foods Market,57.93
ACCT-4D3AFA3D,Eugene Brandt,MD,14,2025-01-07 05:39:49,subscription,Netflix,9.99
ACCT-4D3AFA3D,Eugene Brandt,MD,15,2025-01-07 10:28:42,healthcare,CVS Pharmacy,750.38
ACCT-4D3AFA3D,Eugene Brandt,MD,16,2025-01-07 13:33:41,grocery,Walmart,35.54
ACCT-4D3AFA3D,Eugene Brandt,MD,17,2025-01-07 20:43:54,entertainment,AMC Theatres,54.25
ACCT-4D3AFA3D,Eugene Brandt,MD,18,2025-01-08 16:48:14,grocery,ShopRite,22.02
ACCT-4D3AFA3D,Eugene Brandt,MD,19,2025-01-08 17:23:01,gas,Shell,77.99
ACCT-4D3AFA3D,Eugene Brandt,MD,20,2025-01-08 20:00:39,automotive,Monro Auto Service,10.21
ACCT-4D3AFA3D,Eugene Brandt,MD,21,2025-01-09 10:45:26,utilities,Duke Energy,121.77
ACCT-4D3AFA3D,Eugene Brandt,MD,22,2025-01-10 15:01:39,e-commerce,Amazon,81.22
ACCT-4D3AFA3D,Eugene Brandt,MD,23,2025-01-10 15:42:54,retail,Target,44.28
ACCT-4D3AFA3D,Eugene Brandt,MD,24,2025-01-10 16:46:37,entertainment,AMC Theatres,24.31
ACCT-4D3AFA3D,Eugene Brandt,MD,25,2025-01-10 17:46:19,dining,McDonald's,104.94
ACCT-4D3AFA3D,Eugene Brandt,MD,26,2025-01-11 11:20:07,healthcare,CVS Pharmacy,23.29
ACCT-4D3AFA3D,Eugene Brandt,MD,27,2025-01-11 12:49:23,e-commerce,Amazon,76.16
ACCT-4D3AFA3D,Eugene Brandt,MD,28,2025-01-12 15:56:38,retail,Target,91.87
ACCT-4D3AFA3D,Eugene Brandt,MD,29,2025-01-12 16:19:50,grocery,Walmart,30.8
ACCT-4D3AFA3D,Eugene Brandt,MD,30,2025-01-12 17:16:02,automotive,Jiffy Lube,5.37
ACCT-4D3AFA3D,Eugene Brandt,MD,31,2025-01-13 09:33:27,subscription,Netflix,9.99
ACCT-4D3AFA3D,Eugene Brandt,MD,32,2025-01-14 04:19:02,subscription,Spotify,24.99
ACCT-4D3AFA3D,Eugene Brandt,MD,33,2025-01-14 10:48:19,automotive,Midas,7.56
ACCT-4D3AFA3D,Eugene Brandt,MD,34,2025-01-14 17:11:31,retail,Target,73.36
ACCT-4D3AFA3D,Eugene Brandt,MD,35,2025-01-14 21:16:58,dining,Starbucks,42.24
ACCT-4D3AFA3D,Eugene Brandt,MD,36,2025-01-15 13:04:50,dining,Starbucks,36.25
ACCT-4D3AFA3D,Eugene Brandt,MD,37,2025-01-16 08:10:32,healthcare,CVS Pharmacy,220.81
ACCT-4D3AFA3D,Eugene Brandt,MD,38,2025-01-16 12:29:22,dining,McDonald's,37.29
ACCT-4D3AFA3D,Eugene Brandt,MD,39,2025-01-16 14:16:05,e-commerce,Amazon,46.84
ACCT-4D3AFA3D,Eugene Brandt,MD,40,2025-01-16 14:43:52,retail,Target,18.33
ACCT-4D3AFA3D,Eugene Brandt,MD,41,2025-01-16 15:01:13,e-commerce,Amazon,19.07
ACCT-4D3AFA3D,Eugene Brandt,MD,42,2025-01-17 07:37:43,travel,Marriott,234.54
ACCT-4D3AFA3D,Eugene Brandt,MD,43,2025-01-17 10:00:20,healthcare,CVS Pharmacy,349.79
ACCT-4D3AFA3D,Eugene Brandt,MD,44,2025-01-17 14:34:55,grocery,Walmart,40.8
ACCT-4D3AFA3D,Eugene Brandt,MD,45,2025-01-17 20:08:48,dining,McDonald's,32.81
ACCT-4D3AFA3D,Eugene Brandt,MD,46,2025-01-18 07:00:25,utilities,Comcast Xfinity,132.85
ACCT-4D3AFA3D,Eugene Brandt,MD,47,2025-01-18 09:12:16,travel,Marriott,166.36
ACCT-4D3AFA3D,Eugene Brandt,MD,48,2025-01-18 12:26:14,grocery,ShopRite,47.58
ACCT-4D3AFA3D,Eugene Brandt,MD,49,2025-01-18 12:55:16,e-commerce,Amazon,20.96
ACCT-4D3AFA3D,Eugene Brandt,MD,50,2025-01-18 15:40:31,e-commerce,Amazon,19.55
ACCT-4D3AFA3D,Eugene Brandt,MD,51,2025-01-18 22:43:41,entertainment,AMC Theatres,61.09
ACCT-4D3AFA3D,Eugene Brandt,MD,52,2025-01-19 05:27:55,gas,Shell,45.12
ACCT-4D3AFA3D,Eugene Brandt,MD,53,2025-01-19 06:40:38,travel,Hilton,340.75
ACCT-4D3AFA3D,Eugene Brandt,MD,54,2025-01-19 07:00:27,automotive,Midas,27.1
ACCT-4D3AFA3D,Eugene Brandt,MD,55,2025-01-19 09:13:23,e-commerce,Amazon,103.27
ACCT-4D3AFA3D,Eugene Brandt,MD,56,2025-01-19 12:54:11,dining,Starbucks,52.49
ACCT-4D3AFA3D,Eugene Brandt,MD,57,2025-01-19 14:00:32,grocery,Walmart,66.71
ACCT-4D3AFA3D,Eugene Brandt,MD,58,2025-01-20 06:56:46,travel,Marriott Baltimore,268.33
ACCT-4D3AFA3D,Eugene Brandt,MD,59,2025-01-20 12:10:08,dining,McDonald's,47.28
ACCT-4D3AFA3D,Eugene Brandt,MD,60,2025-01-20 17:30:54,automotive,Midas,17.56
ACCT-4D3AFA3D,Eugene Brandt,MD,61,2025-01-20 19:24:36,retail,Target,25.3
ACCT-4D3AFA3D,Eugene Brandt,MD,62,2025-01-22 17:14:34,grocery,Walmart,42.45
ACCT-4D3AFA3D,Eugene Brandt,MD,63,2025-01-22 17:27:19,gas,Shell,42.92
ACCT-4D3AFA3D,Eugene Brandt,MD,64,2025-01-23 23:00:08,entertainment,AMC Theatres,24.4
ACCT-4D3AFA3D,Eugene Brandt,MD,65,2025-01-24 09:07:12,wire_transfer,PayPal,1023.65
ACCT-4D3AFA3D,Eugene Brandt,MD,66,2025-01-24 13:10:44,dining,Chipotle Mexican Grill,48.08
ACCT-4D3AFA3D,Eugene Brandt,MD,67,2025-01-24 15:27:02,grocery,Whole Foods Market,41.11
ACCT-4D3AFA3D,Eugene Brandt,MD,68,2025-01-25 08:14:57,e-commerce,Etsy,54.75
ACCT-4D3AFA3D,Eugene Brandt,MD,69,2025-01-25 08:57:09,automotive,Midas,3.5
ACCT-4D3AFA3D,Eugene Brandt,MD,70,2025-01-25 21:03:47,entertainment,AMC Theatres,35.51
ACCT-4D3AFA3D,Eugene Brandt,MD,71,2025-01-26 00:00:36,subscription,Netflix,15.99
ACCT-4D3AFA3D,Eugene Brandt,MD,72,2025-01-26 11:34:12,dining,McDonald's,86.34
ACCT-4D3AFA3D,Eugene Brandt,MD,73,2025-01-26 14:43:49,grocery,Kroger,65.42
ACCT-4D3AFA3D,Eugene Brandt,MD,74,2025-01-27 07:22:34,gas,Shell,37.5
ACCT-4D3AFA3D,Eugene Brandt,MD,75,2025-01-27 10:28:19,wire_transfer,PayPal,777.83
ACCT-4D3AFA3D,Eugene Brandt,MD,76,2025-01-27 12:59:33,grocery,Walmart,91.14
ACCT-4D3AFA3D,Eugene Brandt,MD,77,2025-01-27 21:11:42,entertainment,AMC Theatres,28.62
ACCT-4D3AFA3D,Eugene Brandt,MD,78,2025-01-28 10:17:23,ATM,PNC Bank ATM,80.0
ACCT-4D3AFA3D,Eugene Brandt,MD,79,2025-01-28 14:18:13,e-commerce,Amazon,81.13
ACCT-4D3AFA3D,Eugene Brandt,MD,80,2025-01-28 17:09:31,grocery,Whole Foods Market,79.83
ACCT-4D3AFA3D,Eugene Brandt,MD,81,2025-01-28 18:21:49,retail,Target,59.52
ACCT-4D3AFA3D,Eugene Brandt,MD,82,2025-01-29 02:04:45,subscription,Netflix,12.99
ACCT-4D3AFA3D,Eugene Brandt,MD,83,2025-01-30 06:36:29,subscription,Netflix,7.99
ACCT-4D3AFA3D,Eugene Brandt,MD,84,2025-01-30 10:06:58,healthcare,Walgreens,49.1
ACCT-4D3AFA3D,Eugene Brandt,MD,85,2025-01-30 14:58:47,e-commerce,Amazon,82.32
ACCT-4D3AFA3D,Eugene Brandt,MD,86,2025-01-31 10:42:27,retail,Target,30.09
ACCT-4D3AFA3D,Eugene Brandt,MD,87,2025-01-31 12:51:07,other,USPS,26.96
ACCT-4D3AFA3D,Eugene Brandt,MD,88,2025-01-31 15:51:59,retail,Target,43.32
ACCT-4D3AFA3D,Eugene Brandt,MD,89,,,,
ACCT-4D3AFA3D,Eugene Brandt,MD,90,,,,
ACCT-4D3AFA3D,Eugene Brandt,MD,91,,,,
ACCT-4D3AFA3D,Eugene Brandt,MD,92,,,,
ACCT-4D3AFA3D,Eugene Brandt,MD,93,,,,
ACCT-4D3AFA3D,Eugene Brandt,MD,94,,,,
ACCT-52AD42D5,Cheryl Farmer,TX,1,2025-01-01 05:44:18,subscription,Disney+,14.99
ACCT-52AD42D5,Cheryl Farmer,TX,2,2025-01-01 10:39:35,grocery,H-E-B,31.69
ACCT-52AD42D5,Cheryl Farmer,TX,3,2025-01-01 23:00:53,entertainment,AMC Theatres,94.47
ACCT-52AD42D5,Cheryl Farmer,TX,4,2025-01-02 15:28:07,other,DHL,77.37
ACCT-52AD42D5,Cheryl Farmer,TX,5,2025-01-02 18:51:55,e-commerce,Amazon,103.83
ACCT-52AD42D5,Cheryl Farmer,TX,6,2025-01-03 09:00:31,retail,Walmart,37.02
ACCT-52AD42D5,Cheryl Farmer,TX,7,2025-01-03 15:11:17,e-commerce,Amazon,27.07
ACCT-52AD42D5,Cheryl Farmer,TX,8,2025-01-03 18:31:39,dining,Taco Bell,60.04
ACCT-52AD42D5,Cheryl Farmer,TX,9,2025-01-04 00:00:04,subscription,Netflix,14.99
ACCT-52AD42D5,Cheryl Farmer,TX,10,2025-01-04 09:56:20,gas,Speedway,40.62
ACCT-52AD42D5,Cheryl Farmer,TX,11,2025-01-04 10:30:56,healthcare,Walgreens,26.45
ACCT-52AD42D5,Cheryl Farmer,TX,12,2025-01-04 13:35:21,travel,Southwest Airlines,463.47
ACCT-52AD42D5,Cheryl Farmer,TX,13,2025-01-04 15:43:36,other,Dollar General,53.29
ACCT-52AD42D5,Cheryl Farmer,TX,14,2025-01-04 16:10:38,ATM,Truist ATM,200.0
ACCT-52AD42D5,Cheryl Farmer,TX,15,2025-01-05 06:58:15,gas,Speedway,69.91
ACCT-52AD42D5,Cheryl Farmer,TX,16,2025-01-05 18:36:52,retail,Walmart,27.98
ACCT-52AD42D5,Cheryl Farmer,TX,17,2025-01-06 08:23:58,gas,Speedway,34.29
ACCT-52AD42D5,Cheryl Farmer,TX,18,2025-01-06 23:00:58,e-commerce,Amazon,36.47
ACCT-52AD42D5,Cheryl Farmer,TX,19,2025-01-07 09:36:47,other,FedEx,27.25
ACCT-52AD42D5,Cheryl Farmer,TX,20,2025-01-07 10:01:58,healthcare,CVS Pharmacy,363.82
ACCT-52AD42D5,Cheryl Farmer,TX,21,2025-01-08 09:16:37,subscription,Spotify,4.99
ACCT-52AD42D5,Cheryl Farmer,TX,22,2025-01-08 11:49:58,travel,Marriott,330.74
ACCT-52AD42D5,Cheryl Farmer,TX,23,2025-01-08 15:42:55,grocery,H-E-B,75.1
ACCT-52AD42D5,Cheryl Farmer,TX,24,2025-01-08 15:54:28,dining,McDonald's,42.7
ACCT-52AD42D5,Cheryl Farmer,TX,25,2025-01-09 13:45:20,retail,Target,60.59
ACCT-52AD42D5,Cheryl Farmer,TX,26,2025-01-09 17:05:44,e-commerce,Amazon,58.16
ACCT-52AD42D5,Cheryl Farmer,TX,27,2025-01-10 03:54:06,subscription,Netflix,9.99
ACCT-52AD42D5,Cheryl Farmer,TX,28,2025-01-10 09:15:46,grocery,H-E-B,30.83
ACCT-52AD42D5,Cheryl Farmer,TX,29,2025-01-10 11:48:08,healthcare,CVS Pharmacy,29.54
ACCT-52AD42D5,Cheryl Farmer,TX,30,2025-01-10 16:44:14,automotive,Jiffy Lube,662.33
ACCT-52AD42D5,Cheryl Farmer,TX,31,2025-01-11 12:44:50,wire_transfer,Western Union,978.21
ACCT-52AD42D5,Cheryl Farmer,TX,32,2025-01-12 10:15:31,automotive,Jiffy Lube,5.35
ACCT-52AD42D5,Cheryl Farmer,TX,33,2025-01-12 16:12:35,e-commerce,Amazon,58.28
ACCT-52AD42D5,Cheryl Farmer,TX,34,2025-01-12 17:03:33,retail,Best Buy,60.0
ACCT-52AD42D5,Cheryl Farmer,TX,35,2025-01-13 07:20:47,grocery,H-E-B,14.24
ACCT-52AD42D5,Cheryl Farmer,TX,36,2025-01-13 11:20:08,e-commerce,Amazon,140.68
ACCT-52AD42D5,Cheryl Farmer,TX,37,2025-01-13 14:05:44,e-commerce,Amazon,79.44
ACCT-52AD42D5,Cheryl Farmer,TX,38,2025-01-14 13:37:16,e-commerce,Amazon,43.78
ACCT-52AD42D5,Cheryl Farmer,TX,39,2025-01-15 11:37:38,travel,Southwest Airlines,360.37
ACCT-52AD42D5,Cheryl Farmer,TX,40,2025-01-15 16:33:26,entertainment,AMC Theatres,52.79
ACCT-52AD42D5,Cheryl Farmer,TX,41,2025-01-15 16:43:11,e-commerce,Amazon,105.64
ACCT-52AD42D5,Cheryl Farmer,TX,42,2025-01-16 08:30:52,gas,Circle K,68.24
ACCT-52AD42D5,Cheryl Farmer,TX,43,2025-01-16 17:02:29,dining,Taco Bell,24.58
ACCT-52AD42D5,Cheryl Farmer,TX,44,2025-01-16 18:33:13,dining,McDonald's,44.39
ACCT-52AD42D5,Cheryl Farmer,TX,45,2025-01-16 19:42:16,grocery,H-E-B,149.83
ACCT-52AD42D5,Cheryl Farmer,TX,46,2025-01-17 15:25:25,grocery,H-E-B,58.08
ACCT-52AD42D5,Cheryl Farmer,TX,47,2025-01-17 21:25:27,dining,Chipotle Mexican Grill,24.24
ACCT-52AD42D5,Cheryl Farmer,TX,48,2025-01-18 12:19:38,dining,Taco Bell,85.85
ACCT-52AD42D5,Cheryl Farmer,TX,49,2025-01-18 15:39:46,grocery,H-E-B,43.2
ACCT-52AD42D5,Cheryl Farmer,TX,50,2025-01-19 12:11:51,utilities,Duke Energy,128.36
ACCT-52AD42D5,Cheryl Farmer,TX,51,2025-01-19 16:30:13,retail,Walmart,56.98
ACCT-52AD42D5,Cheryl Farmer,TX,52,2025-01-20 08:50:19,wire_transfer,PayPal,3352.33
ACCT-52AD42D5,Cheryl Farmer,TX,53,2025-01-20 19:37:15,gas,Circle K,45.6
ACCT-52AD42D5,Cheryl Farmer,TX,54,2025-01-21 11:05:59,subscription,Netflix,9.99
ACCT-52AD42D5,Cheryl Farmer,TX,55,2025-01-21 12:08:44,e-commerce,Amazon,221.05
ACCT-52AD42D5,Cheryl Farmer,TX,56,2025-01-21 15:19:14,retail,Target,86.18
ACCT-52AD42D5,Cheryl Farmer,TX,57,2025-01-21 19:58:39,dining,McDonald's,62.33
ACCT-52AD42D5,Cheryl Farmer,TX,58,2025-01-22 06:51:54,gas,Speedway,33.86
ACCT-52AD42D5,Cheryl Farmer,TX,59,2025-01-22 16:27:47,retail,TJ Maxx,87.53
ACCT-52AD42D5,Cheryl Farmer,TX,60,2025-01-22 16:56:55,e-commerce,Amazon,30.85
ACCT-52AD42D5,Cheryl Farmer,TX,61,2025-01-22 18:57:44,ATM,Chase Bank ATM,180.0
ACCT-52AD42D5,Cheryl Farmer,TX,62,2025-01-23 00:00:26,subscription,Netflix,14.99
ACCT-52AD42D5,Cheryl Farmer,TX,63,2025-01-23 08:37:17,e-commerce,Amazon,209.57
ACCT-52AD42D5,Cheryl Farmer,TX,64,2025-01-23 10:11:27,automotive,Midas,595.5
ACCT-52AD42D5,Cheryl Farmer,TX,65,2025-01-23 13:12:19,retail,Walmart,14.26
ACCT-52AD42D5,Cheryl Farmer,TX,66,2025-01-24 05:00:18,travel,Southwest Airlines,188.19
ACCT-52AD42D5,Cheryl Farmer,TX,67,2025-01-24 05:13:19,subscription,Netflix,24.99
ACCT-52AD42D5,Cheryl Farmer,TX,68,2025-01-24 10:29:54,utilities,AT&T,59.51
ACCT-52AD42D5,Cheryl Farmer,TX,69,2025-01-24 16:54:19,dining,McDonald's,33.19
ACCT-52AD42D5,Cheryl Farmer,TX,70,2025-01-24 17:16:10,ATM,Allpoint ATM,220.0
ACCT-52AD42D5,Cheryl Farmer,TX,71,2025-01-25 04:47:08,subscription,Netflix,9.99
ACCT-52AD42D5,Cheryl Farmer,TX,72,2025-01-27 07:01:00,subscription,Netflix,14.99
ACCT-52AD42D5,Cheryl Farmer,TX,73,2025-01-27 07:40:37,travel,Southwest Airlines,166.41
ACCT-52AD42D5,Cheryl Farmer,TX,74,2025-01-27 08:14:51,grocery,H-E-B,46.32
ACCT-52AD42D5,Cheryl Farmer,TX,75,2025-01-27 11:37:43,dining,McDonald's,37.18
ACCT-52AD42D5,Cheryl Farmer,TX,76,2025-01-27 19:15:08,dining,McDonald's,45.14
ACCT-52AD42D5,Cheryl Farmer,TX,77,2025-01-27 20:32:43,entertainment,AMC Theatres,75.52
ACCT-52AD42D5,Cheryl Farmer,TX,78,2025-01-27 21:14:26,dining,McDonald's,121.35
ACCT-52AD42D5,Cheryl Farmer,TX,79,2025-01-28 19:49:13,dining,Chipotle Mexican Grill,80.3
ACCT-52AD42D5,Cheryl Farmer,TX,80,2025-01-29 09:56:19,retail,Kohl's,70.36
ACCT-52AD42D5,Cheryl Farmer,TX,81,2025-01-29 12:38:11,healthcare,CVS Pharmacy,18.63
ACCT-52AD42D5,Cheryl Farmer,TX,82,2025-01-30 09:22:27,grocery,H-E-B,64.84
ACCT-52AD42D5,Cheryl Farmer,TX,83,2025-01-30 09:56:40,healthcare,Walgreens,28.99
ACCT-52AD42D5,Cheryl Farmer,TX,84,2025-01-31 10:19:58,healthcare,Walgreens,22.21
ACCT-52AD42D5,Cheryl Farmer,TX,85,2025-01-31 11:15:19,wire_transfer,PayPal,734.99
ACCT-52AD42D5,Cheryl Farmer,TX,86,2025-01-31 12:31:22,travel,Southwest Airlines,117.52
ACCT-52AD42D5,Cheryl Farmer,TX,87,2025-01-31 13:54:04,utilities,Comcast Xfinity,121.76
ACCT-52AD42D5,Cheryl Farmer,TX,88,2025-01-31 14:32:36,retail,Walmart,100.85
ACCT-52AD42D5,Cheryl Farmer,TX,89,,,,
ACCT-52AD42D5,Cheryl Farmer,TX,90,,,,
ACCT-52AD42D5,Cheryl Farmer,TX,91,,,,
ACCT-52AD42D5,Cheryl Farmer,TX,92,,,,
ACCT-52AD42D5,Cheryl Farmer,TX,93,,,,
ACCT-52AD42D5,Cheryl Farmer,TX,94,,,,
ACCT-5452A55D,Lauren Glenn,AZ,1,2025-01-01 14:20:13,gas,Shell,84.67
ACCT-5452A55D,Lauren Glenn,AZ,2,2025-01-01 17:23:14,grocery,Safeway,73.67
ACCT-5452A55D,Lauren Glenn,AZ,3,2025-01-01 20:17:01,entertainment,AMC Theatres,188.43
ACCT-5452A55D,Lauren Glenn,AZ,4,2025-01-02 16:47:14,retail,Target,114.88
ACCT-5452A55D,Lauren Glenn,AZ,5,2025-01-02 18:31:19,dining,Taco Bell,62.65
ACCT-5452A55D,Lauren Glenn,AZ,6,2025-01-02 19:10:32,dining,Chipotle Mexican Grill,188.72
ACCT-5452A55D,Lauren Glenn,AZ,7,2025-01-03 10:32:45,wire_transfer,PayPal,926.23
ACCT-5452A55D,Lauren Glenn,AZ,8,2025-01-03 13:24:54,retail,Target,132.82
ACCT-5452A55D,Lauren Glenn,AZ,9,2025-01-03 16:39:36,gas,Chevron,127.91
ACCT-5452A55D,Lauren Glenn,AZ,10,2025-01-03 18:15:10,ATM,Wells Fargo ATM,280.0
ACCT-5452A55D,Lauren Glenn,AZ,11,2025-01-03 20:53:22,dining,Chipotle Mexican Grill,76.05
ACCT-5452A55D,Lauren Glenn,AZ,12,2025-01-04 12:36:08,dining,Starbucks,83.95
ACCT-5452A55D,Lauren Glenn,AZ,13,2025-01-04 18:17:25,dining,Chick-fil-A,105.9
ACCT-5452A55D,Lauren Glenn,AZ,14,2025-01-05 19:17:50,other,DHL,47.87
ACCT-5452A55D,Lauren Glenn,AZ,15,2025-01-06 12:40:07,dining,Starbucks,132.1
ACCT-5452A55D,Lauren Glenn,AZ,16,2025-01-07 12:36:33,wire_transfer,PayPal,2689.88
ACCT-5452A55D,Lauren Glenn,AZ,17,2025-01-08 07:00:28,utilities,Pacific Gas & Electric,239.94
ACCT-5452A55D,Lauren Glenn,AZ,18,2025-01-08 15:31:44,retail,Target,65.86
ACCT-5452A55D,Lauren Glenn,AZ,19,2025-01-08 20:30:52,dining,Starbucks,54.17
ACCT-5452A55D,Lauren Glenn,AZ,20,2025-01-09 09:22:20,healthcare,CVS Pharmacy,17.66
ACCT-5452A55D,Lauren Glenn,AZ,21,2025-01-09 18:53:24,grocery,Walmart,58.44
ACCT-5452A55D,Lauren Glenn,AZ,22,2025-01-10 13:15:51,healthcare,Walgreens,21.62
ACCT-5452A55D,Lauren Glenn,AZ,23,2025-01-10 13:58:37,utilities,Comcast Xfinity,281.41
ACCT-5452A55D,Lauren Glenn,AZ,24,2025-01-11 10:32:08,wire_transfer,PayPal,998.93
ACCT-5452A55D,Lauren Glenn,AZ,25,2025-01-11 18:26:13,ATM,Wells Fargo ATM,140.0
ACCT-5452A55D,Lauren Glenn,AZ,26,2025-01-11 19:28:14,entertainment,Six Flags,49.52
ACCT-5452A55D,Lauren Glenn,AZ,27,2025-01-12 05:00:50,travel,Marriott,341.36
ACCT-5452A55D,Lauren Glenn,AZ,28,2025-01-13 10:10:49,dining,Taco Bell,40.63
ACCT-5452A55D,Lauren Glenn,AZ,29,2025-01-13 14:39:09,e-commerce,Amazon,60.39
ACCT-5452A55D,Lauren Glenn,AZ,30,2025-01-13 19:59:58,e-commerce,Wayfair,194.96
ACCT-5452A55D,Lauren Glenn,AZ,31,2025-01-14 09:40:19,travel,Marriott,506.42
ACCT-5452A55D,Lauren Glenn,AZ,32,2025-01-14 09:51:03,gas,Circle K,62.57
ACCT-5452A55D,Lauren Glenn,AZ,33,2025-01-14 10:38:43,wire_transfer,Western Union,2712.02
ACCT-5452A55D,Lauren Glenn,AZ,34,2025-01-14 11:50:15,grocery,Walmart,54.73
ACCT-5452A55D,Lauren Glenn,AZ,35,2025-01-14 13:06:18,utilities,Pacific Gas & Electric,121.32
ACCT-5452A55D,Lauren Glenn,AZ,36,2025-01-14 15:53:19,dining,Chick‑fil‑A,103.19
ACCT-5452A55D,Lauren Glenn,AZ,37,2025-01-15 00:00:24,subscription,Netflix,24.99
ACCT-5452A55D,Lauren Glenn,AZ,38,2025-01-15 07:00:16,healthcare,CVS Pharmacy,15.74
ACCT-5452A55D,Lauren Glenn,AZ,39,2025-01-15 12:49:54,grocery,Walmart,101.46
ACCT-5452A55D,Lauren Glenn,AZ,40,2025-01-15 15:12:12,other,7-Eleven,54.99
ACCT-5452A55D,Lauren Glenn,AZ,41,2025-01-16 00:13:20,subscription,Netflix,12.99
ACCT-5452A55D,Lauren Glenn,AZ,42,2025-01-16 08:58:45,gas,Chevron,82.57
ACCT-5452A55D,Lauren Glenn,AZ,43,2025-01-16 12:56:09,grocery,Walmart,105.71
ACCT-5452A55D,Lauren Glenn,AZ,44,2025-01-17 07:00:34,automotive,Phoenix Car Care,18.01
ACCT-5452A55D,Lauren Glenn,AZ,45,2025-01-17 13:27:28,ATM,Allpoint ATM,240.0
ACCT-5452A55D,Lauren Glenn,AZ,46,2025-01-17 16:39:58,grocery,Walmart,39.96
ACCT-5452A55D,Lauren Glenn,AZ,47,2025-01-17 16:49:38,travel,Hyatt Regency Phoenix,436.02
ACCT-5452A55D,Lauren Glenn,AZ,48,2025-01-18 07:52:48,automotive,Pep Boys,22.84
ACCT-5452A55D,Lauren Glenn,AZ,49,2025-01-18 09:00:14,retail,Target,414.8
ACCT-5452A55D,Lauren Glenn,AZ,50,2025-01-18 12:59:32,e-commerce,Amazon,121.36
ACCT-5452A55D,Lauren Glenn,AZ,51,2025-01-18 19:13:12,gas,Chevron,106.15
ACCT-5452A55D,Lauren Glenn,AZ,52,2025-01-18 19:32:10,dining,Chipotle Mexican Grill,56.07
ACCT-5452A55D,Lauren Glenn,AZ,53,2025-01-18 19:49:35,dining,McDonald's,67.74
ACCT-5452A55D,Lauren Glenn,AZ,54,2025-01-19 07:49:49,grocery,Walmart,80.09
ACCT-5452A55D,Lauren Glenn,AZ,55,2025-01-19 08:35:08,gas,Circle K,76.23
ACCT-5452A55D,Lauren Glenn,AZ,56,2025-01-19 14:30:08,automotive,Midas,16.5
ACCT-5452A55D,Lauren Glenn,AZ,57,2025-01-19 15:36:56,retail,Walmart,87.68
ACCT-5452A55D,Lauren Glenn,AZ,58,2025-01-20 09:36:00,grocery,Walmart,47.22
ACCT-5452A55D,Lauren Glenn,AZ,59,2025-01-20 19:33:40,dining,Chipotle Mexican Grill,48.37
ACCT-5452A55D,Lauren Glenn,AZ,60,2025-01-20 20:08:51,gas,Shell,71.59
ACCT-5452A55D,Lauren Glenn,AZ,61,2025-01-21 11:41:02,utilities,Duke Energy,215.87
ACCT-5452A55D,Lauren Glenn,AZ,62,2025-01-21 15:34:48,retail,Target,152.93
ACCT-5452A55D,Lauren Glenn,AZ,63,2025-01-22 08:10:00,travel,Marriott,785.84
ACCT-5452A55D,Lauren Glenn,AZ,64,2025-01-22 10:21:37,healthcare,Walgreens,18.94
ACCT-5452A55D,Lauren Glenn,AZ,65,2025-01-22 15:35:29,grocery,Costco,99.29
ACCT-5452A55D,Lauren Glenn,AZ,66,2025-01-22 20:19:31,dining,Chipotle Mexican Grill,78.79
ACCT-5452A55D,Lauren Glenn,AZ,67,2025-01-23 07:25:30,grocery,Safeway,46.42
ACCT-5452A55D,Lauren Glenn,AZ,68,2025-01-23 13:06:25,dining,Chipotle Mexican Grill,43.04
ACCT-5452A55D,Lauren Glenn,AZ,69,2025-01-23 15:01:16,automotive,Midas,14.41
ACCT-5452A55D,Lauren Glenn,AZ,70,2025-01-23 16:48:47,retail,Target,152.96
ACCT-5452A55D,Lauren Glenn,AZ,71,2025-01-23 19:47:10,entertainment,AMC Theatres,78.04
ACCT-5452A55D,Lauren Glenn,AZ,72,2025-01-24 10:04:20,e-commerce,Amazon,101.87
ACCT-5452A55D,Lauren Glenn,AZ,73,2025-01-25 13:43:07,retail,Target,84.24
ACCT-5452A55D,Lauren Glenn,AZ,74,2025-01-25 17:32:02,dining,Taco Bell,47.96
ACCT-5452A55D,Lauren Glenn,AZ,75,2025-01-27 12:13:43,ATM,Bank of America ATM,300.0
ACCT-5452A55D,Lauren Glenn,AZ,76,2025-01-27 16:35:24,retail,Target,117.85
ACCT-5452A55D,Lauren Glenn,AZ,77,2025-01-27 18:58:04,retail,Target,111.58
ACCT-5452A55D,Lauren Glenn,AZ,78,2025-01-28 08:02:47,grocery,Trader Joe's,106.45
ACCT-5452A55D,Lauren Glenn,AZ,79,2025-01-28 12:08:25,travel,Delta Air Lines,448.37
ACCT-5452A55D,Lauren Glenn,AZ,80,2025-01-29 09:29:41,utilities,Duke Energy,219.2
ACCT-5452A55D,Lauren Glenn,AZ,81,2025-01-29 17:11:46,retail,Target,124.91
ACCT-5452A55D,Lauren Glenn,AZ,82,2025-01-29 18:03:34,dining,Chipotle Mexican Grill,44.97
ACCT-5452A55D,Lauren Glenn,AZ,83,2025-01-29 18:33:14,gas,Circle K,47.4
ACCT-5452A55D,Lauren Glenn,AZ,84,2025-01-29 20:39:11,dining,Taco Bell,46.16
ACCT-5452A55D,Lauren Glenn,AZ,85,2025-01-30 10:12:46,e-commerce,Amazon,57.64
ACCT-5452A55D,Lauren Glenn,AZ,86,2025-01-30 13:28:37,retail,Target,43.89
ACCT-5452A55D,Lauren Glenn,AZ,87,2025-01-30 18:13:36,dining,Starbucks,54.41
ACCT-5452A55D,Lauren Glenn,AZ,88,2025-01-31 08:29:46,gas,Chevron,51.51
ACCT-5452A55D,Lauren Glenn,AZ,89,2025-01-31 12:29:23,grocery,Walmart,117.31
ACCT-5452A55D,Lauren Glenn,AZ,90,,,,
ACCT-5452A55D,Lauren Glenn,AZ,91,,,,
ACCT-5452A55D,Lauren Glenn,AZ,92,,,,
ACCT-5452A55D,Lauren Glenn,AZ,93,,,,
ACCT-5452A55D,Lauren Glenn,AZ,94,,,,
ACCT-55D7FF85,Gabrielle Fisher,MA,1,2025-01-01 10:22:29,healthcare,Walgreens Pharmacy,576.13
ACCT-55D7FF85,Gabrielle Fisher,MA,2,2025-01-01 14:21:23,grocery,Whole Foods Market,165.04
ACCT-55D7FF85,Gabrielle Fisher,MA,3,2025-01-01 18:50:36,dining,McDonald's,213.21
ACCT-55D7FF85,Gabrielle Fisher,MA,4,2025-01-02 06:19:35,subscription,Spotify,15.99
ACCT-55D7FF85,Gabrielle Fisher,MA,5,2025-01-02 14:13:29,other,USPS,37.34
ACCT-55D7FF85,Gabrielle Fisher,MA,6,2025-01-02 15:54:06,retail,Target,259.15
ACCT-55D7FF85,Gabrielle Fisher,MA,7,2025-01-04 00:00:08,subscription,Spotify,15.99
ACCT-55D7FF85,Gabrielle Fisher,MA,8,2025-01-04 09:30:20,travel,Marriott,686.86
ACCT-55D7FF85,Gabrielle Fisher,MA,9,2025-01-04 13:56:18,retail,Macy's,458.57
ACCT-55D7FF85,Gabrielle Fisher,MA,10,2025-01-04 14:14:15,dining,McDonald's,74.04
ACCT-55D7FF85,Gabrielle Fisher,MA,11,2025-01-04 16:45:41,grocery,Whole Foods Market,159.25
ACCT-55D7FF85,Gabrielle Fisher,MA,12,2025-01-05 09:29:17,e-commerce,Amazon,138.97
ACCT-55D7FF85,Gabrielle Fisher,MA,13,2025-01-05 17:15:32,dining,Starbucks,53.2
ACCT-55D7FF85,Gabrielle Fisher,MA,14,2025-01-05 18:43:03,grocery,Whole Foods Market,112.29
ACCT-55D7FF85,Gabrielle Fisher,MA,15,2025-01-06 15:36:05,grocery,Trader Joe's,108.94
ACCT-55D7FF85,Gabrielle Fisher,MA,16,2025-01-06 17:29:53,automotive,Midas,18.55
ACCT-55D7FF85,Gabrielle Fisher,MA,17,2025-01-06 20:53:10,e-commerce,Amazon,272.83
ACCT-55D7FF85,Gabrielle Fisher,MA,18,2025-01-07 12:10:28,dining,Starbucks,67.37
ACCT-55D7FF85,Gabrielle Fisher,MA,19,2025-01-07 20:36:02,dining,McDonald's,206.04
ACCT-55D7FF85,Gabrielle Fisher,MA,20,2025-01-09 08:41:35,grocery,ShopRite,238.56
ACCT-55D7FF85,Gabrielle Fisher,MA,21,2025-01-09 12:28:00,dining,Panera Bread,151.45
ACCT-55D7FF85,Gabrielle Fisher,MA,22,2025-01-09 16:57:41,dining,McDonald's,105.02
ACCT-55D7FF85,Gabrielle Fisher,MA,23,2025-01-12 08:27:01,other,The UPS Store,155.18
ACCT-55D7FF85,Gabrielle Fisher,MA,24,2025-01-12 09:51:31,retail,Target,96.14
ACCT-55D7FF85,Gabrielle Fisher,MA,25,2025-01-12 17:28:10,ATM,Bank of America ATM,380.0
ACCT-55D7FF85,Gabrielle Fisher,MA,26,2025-01-13 11:55:00,dining,Starbucks,165.58
ACCT-55D7FF85,Gabrielle Fisher,MA,27,2025-01-14 09:19:54,other,FedEx,74.35
ACCT-55D7FF85,Gabrielle Fisher,MA,28,2025-01-14 16:39:54,gas,Shell,156.11
ACCT-55D7FF85,Gabrielle Fisher,MA,29,2025-01-14 17:58:18,dining,Starbucks,179.25
ACCT-55D7FF85,Gabrielle Fisher,MA,30,2025-01-15 06:29:02,e-commerce,Amazon,158.13
ACCT-55D7FF85,Gabrielle Fisher,MA,31,2025-01-15 10:44:19,healthcare,CVS Pharmacy,13.35
ACCT-55D7FF85,Gabrielle Fisher,MA,32,2025-01-15 12:28:32,grocery,ShopRite,238.14
ACCT-55D7FF85,Gabrielle Fisher,MA,33,2025-01-15 16:45:56,e-commerce,BostonMarket,415.0
ACCT-55D7FF85,Gabrielle Fisher,MA,34,2025-01-15 19:23:21,entertainment,AMC Theatres,135.6
ACCT-55D7FF85,Gabrielle Fisher,MA,35,2025-01-16 15:38:04,retail,Target,348.78
ACCT-55D7FF85,Gabrielle Fisher,MA,36,2025-01-17 11:51:18,wire_transfer,Western Union,3189.21
ACCT-55D7FF85,Gabrielle Fisher,MA,37,2025-01-17 17:28:49,other,UPS,140.33
ACCT-55D7FF85,Gabrielle Fisher,MA,38,2025-01-18 11:49:55,retail,Target,81.67
ACCT-55D7FF85,Gabrielle Fisher,MA,39,2025-01-20 08:58:20,grocery,Trader Joe's,258.73
ACCT-55D7FF85,Gabrielle Fisher,MA,40,2025-01-20 19:10:04,entertainment,AMC Theatres,67.54
ACCT-55D7FF85,Gabrielle Fisher,MA,41,2025-01-22 03:41:21,subscription,Disney+,15.99
ACCT-55D7FF85,Gabrielle Fisher,MA,42,2025-01-22 13:49:40,wire_transfer,PayPal,972.35
ACCT-55D7FF85,Gabrielle Fisher,MA,43,2025-01-23 05:09:56,subscription,Netflix,7.99
ACCT-55D7FF85,Gabrielle Fisher,MA,44,2025-01-23 12:28:17,grocery,Trader Joe's,114.95
ACCT-55D7FF85,Gabrielle Fisher,MA,45,2025-01-23 19:48:38,entertainment,AMC Theatres,95.99
ACCT-55D7FF85,Gabrielle Fisher,MA,46,2025-01-24 14:15:21,travel,Hilton,803.84
ACCT-55D7FF85,Gabrielle Fisher,MA,47,2025-01-24 15:59:42,grocery,ShopRite,124.63
ACCT-55D7FF85,Gabrielle Fisher,MA,48,2025-01-24 16:44:19,retail,Target,37.64
ACCT-55D7FF85,Gabrielle Fisher,MA,49,2025-01-25 18:30:28,dining,McDonald's,89.98
ACCT-55D7FF85,Gabrielle Fisher,MA,50,2025-01-25 19:42:01,grocery,Whole Foods Market,131.88
ACCT-55D7FF85,Gabrielle Fisher,MA,51,2025-01-26 00:04:04,subscription,Netflix,12.99
ACCT-55D7FF85,Gabrielle Fisher,MA,52,2025-01-26 12:31:12,dining,Starbucks,52.48
ACCT-55D7FF85,Gabrielle Fisher,MA,53,2025-01-26 15:02:00,grocery,ShopRite,125.41
ACCT-55D7FF85,Gabrielle Fisher,MA,54,2025-01-27 17:25:27,grocery,Whole Foods Market,156.76
ACCT-55D7FF85,Gabrielle Fisher,MA,55,2025-01-28 07:21:38,gas,Circle K,179.36
ACCT-55D7FF85,Gabrielle Fisher,MA,56,2025-01-28 17:17:24,dining,McDonald's,91.11
ACCT-55D7FF85,Gabrielle Fisher,MA,57,2025-01-28 20:03:18,dining,McDonald's,66.37
ACCT-55D7FF85,Gabrielle Fisher,MA,58,2025-01-28 21:22:45,dining,McDonald's,131.51
ACCT-55D7FF85,Gabrielle Fisher,MA,59,2025-01-29 09:39:58,grocery,ShopRite,110.38
ACCT-55D7FF85,Gabrielle Fisher,MA,60,2025-01-29 09:41:58,travel,Marriott,669.89
ACCT-55D7FF85,Gabrielle Fisher,MA,61,2025-01-29 10:35:58,retail,Target,73.14
ACCT-55D7FF85,Gabrielle Fisher,MA,62,2025-01-30 12:20:41,dining,Starbucks,141.81
ACCT-55D7FF85,Gabrielle Fisher,MA,63,2025-01-31 12:02:51,dining,Starbucks,74.9
ACCT-55D7FF85,Gabrielle Fisher,MA,64,2025-01-31 12:03:07,e-commerce,Amazon,263.8
ACCT-55D7FF85,Gabrielle Fisher,MA,65,2025-01-31 13:41:39,retail,Target,60.8
ACCT-55D7FF85,Gabrielle Fisher,MA,66,2025-01-31 14:15:04,e-commerce,Amazon,117.26
ACCT-55D7FF85,Gabrielle Fisher,MA,67,,,,
ACCT-55D7FF85,Gabrielle Fisher,MA,68,,,,
ACCT-55D7FF85,Gabrielle Fisher,MA,69,,,,
ACCT-55D7FF85,Gabrielle Fisher,MA,70,,,,
ACCT-55D7FF85,Gabrielle Fisher,MA,71,,,,
ACCT-55D7FF85,Gabrielle Fisher,MA,72,,,,
ACCT-55D7FF85,Gabrielle Fisher,MA,73,,,,
ACCT-55D7FF85,Gabrielle Fisher,MA,74,,,,
ACCT-55D7FF85,Gabrielle Fisher,MA,75,,,,
ACCT-55D7FF85,Gabrielle Fisher,MA,76,,,,
ACCT-55D7FF85,Gabrielle Fisher,MA,77,,,,
ACCT-55D7FF85,Gabrielle Fisher,MA,78,,,,
ACCT-55D7FF85,Gabrielle Fisher,MA,79,,,,
ACCT-55D7FF85,Gabrielle Fisher,MA,80,,,,
ACCT-55D7FF85,Gabrielle Fisher,MA,81,,,,
ACCT-55D7FF85,Gabrielle Fisher,MA,82,,,,
ACCT-55D7FF85,Gabrielle Fisher,MA,83,,,,
ACCT-55D7FF85,Gabrielle Fisher,MA,84,,,,
ACCT-55D7FF85,Gabrielle Fisher,MA,85,,,,
ACCT-55D7FF85,Gabrielle Fisher,MA,86,,,,
ACCT-55D7FF85,Gabrielle Fisher,MA,87,,,,
ACCT-55D7FF85,Gabrielle Fisher,MA,88,,,,
ACCT-55D7FF85,Gabrielle Fisher,MA,89,,,,
ACCT-55D7FF85,Gabrielle Fisher,MA,90,,,,
ACCT-55D7FF85,Gabrielle Fisher,MA,91,,,,
ACCT-55D7FF85,Gabrielle Fisher,MA,92,,,,
ACCT-55D7FF85,Gabrielle Fisher,MA,93,,,,
ACCT-55D7FF85,Gabrielle Fisher,MA,94,,,,
ACCT-6574A338,Donna Patterson,OH,1,2025-01-01 06:13:11,gas,Circle K,65.96
ACCT-6574A338,Donna Patterson,OH,2,2025-01-01 07:11:13,subscription,Netflix,7.99
ACCT-6574A338,Donna Patterson,OH,3,2025-01-01 17:55:21,automotive,Buckeye Auto Repair,266.58
ACCT-6574A338,Donna Patterson,OH,4,2025-01-01 21:00:44,grocery,Walmart,46.51
ACCT-6574A338,Donna Patterson,OH,5,2025-01-02 09:07:06,utilities,Duke Energy,162.74
ACCT-6574A338,Donna Patterson,OH,6,2025-01-02 10:24:51,grocery,Walmart,35.63
ACCT-6574A338,Donna Patterson,OH,7,2025-01-02 14:16:49,healthcare,Walgreens,59.17
ACCT-6574A338,Donna Patterson,OH,8,2025-01-02 14:42:57,retail,Target,83.47
ACCT-6574A338,Donna Patterson,OH,9,2025-01-02 16:28:21,dining,Starbucks,54.47
ACCT-6574A338,Donna Patterson,OH,10,2025-01-03 09:25:59,grocery,Walmart,44.46
ACCT-6574A338,Donna Patterson,OH,11,2025-01-03 18:37:34,subscription,Netflix,39.99
ACCT-6574A338,Donna Patterson,OH,12,2025-01-04 14:48:21,ATM,Bank of America ATM,380.0
ACCT-6574A338,Donna Patterson,OH,13,2025-01-04 15:15:12,utilities,Duke Energy,95.32
ACCT-6574A338,Donna Patterson,OH,14,2025-01-04 18:46:14,gas,Circle K,81.81
ACCT-6574A338,Donna Patterson,OH,15,2025-01-06 04:45:56,subscription,Spotify,7.99
ACCT-6574A338,Donna Patterson,OH,16,2025-01-06 07:18:58,grocery,Meijer,175.08
ACCT-6574A338,Donna Patterson,OH,17,2025-01-06 17:02:44,automotive,Midas,1016.45
ACCT-6574A338,Donna Patterson,OH,18,2025-01-07 11:11:51,e-commerce,Amazon,125.74
ACCT-6574A338,Donna Patterson,OH,19,2025-01-07 18:37:19,grocery,Kroger,66.79
ACCT-6574A338,Donna Patterson,OH,20,2025-01-08 14:20:32,gas,Speedway,76.03
ACCT-6574A338,Donna Patterson,OH,21,2025-01-08 14:38:02,retail,Target,90.4
ACCT-6574A338,Donna Patterson,OH,22,2025-01-08 17:40:16,grocery,Kroger,31.73
ACCT-6574A338,Donna Patterson,OH,23,2025-01-08 19:16:15,entertainment,Six Flags Columbus,53.0
ACCT-6574A338,Donna Patterson,OH,24,2025-01-08 20:21:46,entertainment,Cincy Cinema,78.62
ACCT-6574A338,Donna Patterson,OH,25,2025-01-09 09:49:17,grocery,Walmart,83.02
ACCT-6574A338,Donna Patterson,OH,26,2025-01-09 12:17:25,ATM,Bank of America ATM,320.0
ACCT-6574A338,Donna Patterson,OH,27,2025-01-10 11:26:28,grocery,Kroger,195.47
ACCT-6574A338,Donna Patterson,OH,28,2025-01-10 12:15:45,dining,Starbucks,86.13
ACCT-6574A338,Donna Patterson,OH,29,2025-01-10 17:31:56,retail,Target,42.67
ACCT-6574A338,Donna Patterson,OH,30,2025-01-11 11:06:17,wire_transfer,PayPal,4159.12
ACCT-6574A338,Donna Patterson,OH,31,2025-01-11 14:06:57,grocery,Meijer,103.88
ACCT-6574A338,Donna Patterson,OH,32,2025-01-12 04:44:05,subscription,Spotify,19.99
ACCT-6574A338,Donna Patterson,OH,33,2025-01-12 14:28:45,healthcare,Walgreens,314.88
ACCT-6574A338,Donna Patterson,OH,34,2025-01-13 04:51:43,subscription,Spotify,9.99
ACCT-6574A338,Donna Patterson,OH,35,2025-01-13 08:37:00,healthcare,Quest Diagnostics,46.5
ACCT-6574A338,Donna Patterson,OH,36,2025-01-13 08:57:36,travel,Marriott,498.8
ACCT-6574A338,Donna Patterson,OH,37,2025-01-13 13:53:58,automotive,Midas,18.23
ACCT-6574A338,Donna Patterson,OH,38,2025-01-13 16:13:55,dining,Taco Bell,39.65
ACCT-6574A338,Donna Patterson,OH,39,2025-01-14 05:00:06,travel,Delta Air Lines,451.02
ACCT-6574A338,Donna Patterson,OH,40,2025-01-14 08:46:19,ATM,Bank of America ATM,300.0
ACCT-6574A338,Donna Patterson,OH,41,2025-01-14 11:42:31,travel,Hilton,253.4
ACCT-6574A338,Donna Patterson,OH,42,2025-01-14 20:07:19,entertainment,AMC Theatres,19.72
ACCT-6574A338,Donna Patterson,OH,43,2025-01-15 02:24:25,subscription,Netflix,12.99
ACCT-6574A338,Donna Patterson,OH,44,2025-01-15 08:51:52,utilities,Duke Energy,233.15
ACCT-6574A338,Donna Patterson,OH,45,2025-01-15 09:06:33,travel,Delta Air Lines,415.66
ACCT-6574A338,Donna Patterson,OH,46,2025-01-15 10:34:57,grocery,Meijer,71.98
ACCT-6574A338,Donna Patterson,OH,47,2025-01-15 18:16:47,dining,McDonald's,120.62
ACCT-6574A338,Donna Patterson,OH,48,2025-01-16 12:33:35,other,USPS,66.55
ACCT-6574A338,Donna Patterson,OH,49,2025-01-16 15:47:08,grocery,Meijer,119.97
ACCT-6574A338,Donna Patterson,OH,50,2025-01-16 19:27:37,dining,McDonald's,99.03
ACCT-6574A338,Donna Patterson,OH,51,2025-01-17 09:52:57,e-commerce,Amazon,38.68
ACCT-6574A338,Donna Patterson,OH,52,2025-01-17 13:16:19,e-commerce,Amazon,62.2
ACCT-6574A338,Donna Patterson,OH,53,2025-01-17 13:45:36,e-commerce,Amazon,133.96
ACCT-6574A338,Donna Patterson,OH,54,2025-01-17 18:25:13,dining,McDonald's,171.21
ACCT-6574A338,Donna Patterson,OH,55,2025-01-17 19:37:52,entertainment,Bowlero,77.98
ACCT-6574A338,Donna Patterson,OH,56,2025-01-18 16:47:38,automotive,Jiffy Lube,182.67
ACCT-6574A338,Donna Patterson,OH,57,2025-01-18 21:41:20,dining,McDonald's,79.57
ACCT-6574A338,Donna Patterson,OH,58,2025-01-19 12:27:00,dining,McDonald's,41.57
ACCT-6574A338,Donna Patterson,OH,59,2025-01-19 12:46:39,utilities,Duke Energy,150.0
ACCT-6574A338,Donna Patterson,OH,60,2025-01-20 09:24:27,grocery,Meijer,94.63
ACCT-6574A338,Donna Patterson,OH,61,2025-01-20 17:27:23,retail,Best Buy,117.39
ACCT-6574A338,Donna Patterson,OH,62,2025-01-20 18:18:02,gas,Circle K,68.11
ACCT-6574A338,Donna Patterson,OH,63,2025-01-21 09:28:04,e-commerce,Amazon,81.83
ACCT-6574A338,Donna Patterson,OH,64,2025-01-21 10:44:13,retail,Target,51.76
ACCT-6574A338,Donna Patterson,OH,65,2025-01-22 09:42:35,grocery,Kroger,56.96
ACCT-6574A338,Donna Patterson,OH,66,2025-01-22 10:21:47,wire_transfer,Western Union,2643.93
ACCT-6574A338,Donna Patterson,OH,67,2025-01-22 17:13:32,entertainment,AMC Theatres,32.48
ACCT-6574A338,Donna Patterson,OH,68,2025-01-22 17:45:54,dining,McDonald's,49.89
ACCT-6574A338,Donna Patterson,OH,69,2025-01-22 20:26:11,dining,McDonald's,66.98
ACCT-6574A338,Donna Patterson,OH,70,2025-01-23 08:12:14,grocery,Kroger,73.18
ACCT-6574A338,Donna Patterson,OH,71,2025-01-23 15:56:39,retail,Walmart,123.61
ACCT-6574A338,Donna Patterson,OH,72,2025-01-23 18:44:06,e-commerce,Amazon,163.88
ACCT-6574A338,Donna Patterson,OH,73,2025-01-23 20:32:11,dining,McDonald's,43.31
ACCT-6574A338,Donna Patterson,OH,74,2025-01-24 14:27:37,grocery,Meijer,78.47
ACCT-6574A338,Donna Patterson,OH,75,2025-01-24 16:43:41,automotive,Midas,9.92
ACCT-6574A338,Donna Patterson,OH,76,2025-01-25 01:26:35,subscription,Netflix,9.99
ACCT-6574A338,Donna Patterson,OH,77,2025-01-25 07:28:52,gas,Circle K,58.27
ACCT-6574A338,Donna Patterson,OH,78,2025-01-25 16:42:36,retail,Target,60.13
ACCT-6574A338,Donna Patterson,OH,79,2025-01-25 19:00:11,dining,McDonald's,50.99
ACCT-6574A338,Donna Patterson,OH,80,2025-01-25 19:07:51,grocery,Walmart,123.77
ACCT-6574A338,Donna Patterson,OH,81,2025-01-27 18:42:58,dining,McDonald's,57.18
ACCT-6574A338,Donna Patterson,OH,82,2025-01-27 19:29:32,dining,McDonald's,33.51
ACCT-6574A338,Donna Patterson,OH,83,2025-01-28 13:35:49,retail,Target,119.95
ACCT-6574A338,Donna Patterson,OH,84,2025-01-28 21:00:35,grocery,Walmart,65.14
ACCT-6574A338,Donna Patterson,OH,85,2025-01-29 12:56:00,utilities,Comcast Xfinity,149.59
ACCT-6574A338,Donna Patterson,OH,86,2025-01-29 19:01:12,entertainment,AMC Theatres,49.71
ACCT-6574A338,Donna Patterson,OH,87,2025-01-30 17:23:12,grocery,Kroger,130.0
ACCT-6574A338,Donna Patterson,OH,88,2025-01-31 06:41:55,gas,Shell,116.79
ACCT-6574A338,Donna Patterson,OH,89,2025-01-31 14:09:49,retail,Target,140.56
ACCT-6574A338,Donna Patterson,OH,90,2025-01-31 19:15:26,entertainment,Six Flags,57.31
ACCT-6574A338,Donna Patterson,OH,91,2025-01-31 19:59:03,dining,McDonald's,55.99
ACCT-6574A338,Donna Patterson,OH,92,,,,
ACCT-6574A338,Donna Patterson,OH,93,,,,
ACCT-6574A338,Donna Patterson,OH,94,,,,
ACCT-6A4B410E,Nathaniel Thomas,SC,1,2025-01-01 09:43:59,automotive,Midas,12.9
ACCT-6A4B410E,Nathaniel Thomas,SC,2,2025-01-01 09:45:36,grocery,Trader Joe's,71.31
ACCT-6A4B410E,Nathaniel Thomas,SC,3,2025-01-01 19:37:42,dining,Chick‑fil‑A,69.05
ACCT-6A4B410E,Nathaniel Thomas,SC,4,2025-01-02 07:46:43,utilities,Duke Energy,180.62
ACCT-6A4B410E,Nathaniel Thomas,SC,5,2025-01-02 14:46:55,automotive,Jiffy Lube,186.91
ACCT-6A4B410E,Nathaniel Thomas,SC,6,2025-01-02 15:29:47,gas,Shell,60.55
ACCT-6A4B410E,Nathaniel Thomas,SC,7,2025-01-03 07:00:45,grocery,Publix,149.19
ACCT-6A4B410E,Nathaniel Thomas,SC,8,2025-01-03 10:41:21,travel,Hilton,175.83
ACCT-6A4B410E,Nathaniel Thomas,SC,9,2025-01-03 18:40:38,retail,Walmart,63.03
ACCT-6A4B410E,Nathaniel Thomas,SC,10,2025-01-03 21:01:50,ATM,Truist ATM,220.0
ACCT-6A4B410E,Nathaniel Thomas,SC,11,2025-01-04 02:47:57,subscription,Netflix,15.99
ACCT-6A4B410E,Nathaniel Thomas,SC,12,2025-01-04 16:23:43,gas,Circle K,71.95
ACCT-6A4B410E,Nathaniel Thomas,SC,13,2025-01-04 18:42:27,dining,McDonald's,70.24
ACCT-6A4B410E,Nathaniel Thomas,SC,14,2025-01-04 19:49:16,dining,McDonald's,74.88
ACCT-6A4B410E,Nathaniel Thomas,SC,15,2025-01-05 07:00:18,subscription,Spotify,9.99
ACCT-6A4B410E,Nathaniel Thomas,SC,16,2025-01-05 12:22:48,healthcare,CVS Pharmacy,18.84
ACCT-6A4B410E,Nathaniel Thomas,SC,17,2025-01-05 13:51:47,e-commerce,Amazon,186.16
ACCT-6A4B410E,Nathaniel Thomas,SC,18,2025-01-05 17:38:20,gas,Speedway,76.52
ACCT-6A4B410E,Nathaniel Thomas,SC,19,2025-01-06 11:40:52,e-commerce,Amazon,37.47
ACCT-6A4B410E,Nathaniel Thomas,SC,20,2025-01-06 13:32:51,grocery,Walmart,80.49
ACCT-6A4B410E,Nathaniel Thomas,SC,21,2025-01-06 17:10:59,dining,McDonald's,57.12
ACCT-6A4B410E,Nathaniel Thomas,SC,22,2025-01-07 09:25:12,retail,Target,47.65
ACCT-6A4B410E,Nathaniel Thomas,SC,23,2025-01-08 06:51:40,subscription,Netflix,14.99
ACCT-6A4B410E,Nathaniel Thomas,SC,24,2025-01-08 18:22:04,grocery,Walmart,74.9
ACCT-6A4B410E,Nathaniel Thomas,SC,25,2025-01-08 22:56:01,entertainment,AMC Theatres,20.35
ACCT-6A4B410E,Nathaniel Thomas,SC,26,2025-01-09 07:07:47,subscription,Netflix,12.99
ACCT-6A4B410E,Nathaniel Thomas,SC,27,2025-01-09 10:28:51,utilities,Duke Energy,154.42
ACCT-6A4B410E,Nathaniel Thomas,SC,28,2025-01-09 11:12:31,travel,Southwest Airlines,963.13
ACCT-6A4B410E,Nathaniel Thomas,SC,29,2025-01-09 15:40:04,retail,Walmart,40.1
ACCT-6A4B410E,Nathaniel Thomas,SC,30,2025-01-10 11:58:42,wire_transfer,PayPal,2575.36
ACCT-6A4B410E,Nathaniel Thomas,SC,31,2025-01-10 15:41:10,utilities,Duke Energy,123.3
ACCT-6A4B410E,Nathaniel Thomas,SC,32,2025-01-11 13:10:18,wire_transfer,Western Union,6652.51
ACCT-6A4B410E,Nathaniel Thomas,SC,33,2025-01-11 17:20:40,travel,Southwest Airlines,252.33
ACCT-6A4B410E,Nathaniel Thomas,SC,34,2025-01-12 10:15:50,retail,Target,42.89
ACCT-6A4B410E,Nathaniel Thomas,SC,35,2025-01-12 15:21:33,retail,Walmart,120.35
ACCT-6A4B410E,Nathaniel Thomas,SC,36,2025-01-13 10:59:52,healthcare,HealthFirst Pharmacy,33.45
ACCT-6A4B410E,Nathaniel Thomas,SC,37,2025-01-13 13:35:37,gas,Shell,75.09
ACCT-6A4B410E,Nathaniel Thomas,SC,38,2025-01-13 17:04:53,automotive,Midas,14.07
ACCT-6A4B410E,Nathaniel Thomas,SC,39,2025-01-13 17:58:54,dining,Chick-fil-A,159.84
ACCT-6A4B410E,Nathaniel Thomas,SC,40,2025-01-14 07:32:56,gas,Circle K,75.56
ACCT-6A4B410E,Nathaniel Thomas,SC,41,2025-01-14 13:55:55,e-commerce,Amazon,88.85
ACCT-6A4B410E,Nathaniel Thomas,SC,42,2025-01-14 21:47:55,ATM,Truist ATM,160.0
ACCT-6A4B410E,Nathaniel Thomas,SC,43,2025-01-15 07:51:35,grocery,Publix,72.23
ACCT-6A4B410E,Nathaniel Thomas,SC,44,2025-01-16 10:53:27,healthcare,Walgreens,23.98
ACCT-6A4B410E,Nathaniel Thomas,SC,45,2025-01-16 19:17:47,gas,Shell,52.22
ACCT-6A4B410E,Nathaniel Thomas,SC,46,2025-01-17 12:51:10,e-commerce,Amazon,86.79
ACCT-6A4B410E,Nathaniel Thomas,SC,47,2025-01-17 18:06:01,retail,Target,73.21
ACCT-6A4B410E,Nathaniel Thomas,SC,48,2025-01-17 21:28:41,e-commerce,Amazon,47.77
ACCT-6A4B410E,Nathaniel Thomas,SC,49,2025-01-18 05:00:24,gas,Shell,122.64
ACCT-6A4B410E,Nathaniel Thomas,SC,50,2025-01-18 10:09:17,travel,Marriott,714.45
ACCT-6A4B410E,Nathaniel Thomas,SC,51,2025-01-18 16:46:39,retail,Target,94.44
ACCT-6A4B410E,Nathaniel Thomas,SC,52,2025-01-19 16:25:49,retail,Target,21.61
ACCT-6A4B410E,Nathaniel Thomas,SC,53,2025-01-20 12:09:11,healthcare,CVS Pharmacy,1156.63
ACCT-6A4B410E,Nathaniel Thomas,SC,54,2025-01-20 12:23:56,dining,McDonald's,76.4
ACCT-6A4B410E,Nathaniel Thomas,SC,55,2025-01-21 07:00:33,grocery,Walmart,184.53
ACCT-6A4B410E,Nathaniel Thomas,SC,56,2025-01-21 09:36:54,healthcare,CVS Pharmacy,23.22
ACCT-6A4B410E,Nathaniel Thomas,SC,57,2025-01-22 17:11:18,retail,Burlington,30.72
ACCT-6A4B410E,Nathaniel Thomas,SC,58,2025-01-23 08:31:24,subscription,Spotify,9.99
ACCT-6A4B410E,Nathaniel Thomas,SC,59,2025-01-23 12:28:50,retail,Target,71.69
ACCT-6A4B410E,Nathaniel Thomas,SC,60,2025-01-24 18:14:02,grocery,Walmart,59.62
ACCT-6A4B410E,Nathaniel Thomas,SC,61,2025-01-25 10:36:15,grocery,Publix,122.91
ACCT-6A4B410E,Nathaniel Thomas,SC,62,2025-01-25 12:41:27,dining,Chick‑fil‑A,48.25
ACCT-6A4B410E,Nathaniel Thomas,SC,63,2025-01-25 19:43:07,dining,Chick-fil-A,35.18
ACCT-6A4B410E,Nathaniel Thomas,SC,64,2025-01-26 12:22:57,dining,McDonald's,79.94
ACCT-6A4B410E,Nathaniel Thomas,SC,65,2025-01-26 15:09:07,retail,Target,15.95
ACCT-6A4B410E,Nathaniel Thomas,SC,66,2025-01-26 16:59:42,entertainment,AMC Theatres,198.12
ACCT-6A4B410E,Nathaniel Thomas,SC,67,2025-01-26 17:08:44,dining,Starbucks,69.52
ACCT-6A4B410E,Nathaniel Thomas,SC,68,2025-01-26 21:29:12,entertainment,AMC Theatres,101.57
ACCT-6A4B410E,Nathaniel Thomas,SC,69,2025-01-27 05:05:24,subscription,Netflix,24.99
ACCT-6A4B410E,Nathaniel Thomas,SC,70,2025-01-27 13:31:23,utilities,Duke Energy,184.11
ACCT-6A4B410E,Nathaniel Thomas,SC,71,2025-01-27 19:18:11,entertainment,AMC Theatres,66.55
ACCT-6A4B410E,Nathaniel Thomas,SC,72,2025-01-28 10:35:10,travel,Marriott,786.39
ACCT-6A4B410E,Nathaniel Thomas,SC,73,2025-01-28 11:58:21,subscription,Netflix,12.99
ACCT-6A4B410E,Nathaniel Thomas,SC,74,2025-01-28 21:45:01,dining,Chick-fil-A,57.7
ACCT-6A4B410E,Nathaniel Thomas,SC,75,2025-01-29 07:22:52,automotive,Jiffy Lube,272.53
ACCT-6A4B410E,Nathaniel Thomas,SC,76,2025-01-29 16:34:11,dining,Starbucks,76.57
ACCT-6A4B410E,Nathaniel Thomas,SC,77,2025-01-30 15:49:43,retail,Target,32.95
ACCT-6A4B410E,Nathaniel Thomas,SC,78,2025-01-30 21:49:10,e-commerce,LuxeBox,118.57
ACCT-6A4B410E,Nathaniel Thomas,SC,79,2025-01-31 05:05:09,subscription,Spotify,4.99
ACCT-6A4B410E,Nathaniel Thomas,SC,80,,,,
ACCT-6A4B410E,Nathaniel Thomas,SC,81,,,,
ACCT-6A4B410E,Nathaniel Thomas,SC,82,,,,
ACCT-6A4B410E,Nathaniel Thomas,SC,83,,,,
ACCT-6A4B410E,Nathaniel Thomas,SC,84,,,,
ACCT-6A4B410E,Nathaniel Thomas,SC,85,,,,
ACCT-6A4B410E,Nathaniel Thomas,SC,86,,,,
ACCT-6A4B410E,Nathaniel Thomas,SC,87,,,,
ACCT-6A4B410E,Nathaniel Thomas,SC,88,,,,
ACCT-6A4B410E,Nathaniel Thomas,SC,89,,,,
ACCT-6A4B410E,Nathaniel Thomas,SC,90,,,,
ACCT-6A4B410E,Nathaniel Thomas,SC,91,,,,
ACCT-6A4B410E,Nathaniel Thomas,SC,92,,,,
ACCT-6A4B410E,Nathaniel Thomas,SC,93,,,,
ACCT-6A4B410E,Nathaniel Thomas,SC,94,,,,
ACCT-6E86CB19,Christine Ortiz,CA,1,2025-01-01 07:00:21,other,FedEx,101.99
ACCT-6E86CB19,Christine Ortiz,CA,2,2025-01-01 18:46:54,entertainment,AMC Theatres,116.42
ACCT-6E86CB19,Christine Ortiz,CA,3,2025-01-02 13:35:33,gas,Chevron,84.68
ACCT-6E86CB19,Christine Ortiz,CA,4,2025-01-03 20:43:26,dining,Chipotle Mexican Grill,61.59
ACCT-6E86CB19,Christine Ortiz,CA,5,2025-01-04 10:29:49,ATM,Allpoint ATM,340.0
ACCT-6E86CB19,Christine Ortiz,CA,6,2025-01-04 16:03:48,gas,Shell,76.86
ACCT-6E86CB19,Christine Ortiz,CA,7,2025-01-04 17:29:02,grocery,Safeway,113.35
ACCT-6E86CB19,Christine Ortiz,CA,8,2025-01-05 09:49:00,grocery,Trader Joe's,104.2
ACCT-6E86CB19,Christine Ortiz,CA,9,2025-01-05 09:53:52,retail,Best Buy,96.56
ACCT-6E86CB19,Christine Ortiz,CA,10,2025-01-05 14:55:12,subscription,Spotify,19.99
ACCT-6E86CB19,Christine Ortiz,CA,11,2025-01-06 09:53:55,gas,Chevron,74.1
ACCT-6E86CB19,Christine Ortiz,CA,12,2025-01-06 10:22:27,wire_transfer,PayPal,3026.09
ACCT-6E86CB19,Christine Ortiz,CA,13,2025-01-06 17:43:00,dining,Starbucks,67.79
ACCT-6E86CB19,Christine Ortiz,CA,14,2025-01-06 18:31:04,entertainment,Six Flags,58.82
ACCT-6E86CB19,Christine Ortiz,CA,15,2025-01-07 14:56:01,grocery,Whole Foods Market,155.96
ACCT-6E86CB19,Christine Ortiz,CA,16,2025-01-07 17:50:03,dining,Chipotle Mexican Grill,19.24
ACCT-6E86CB19,Christine Ortiz,CA,17,2025-01-07 21:19:31,entertainment,AMC Theatres,84.42
ACCT-6E86CB19,Christine Ortiz,CA,18,2025-01-08 07:00:03,healthcare,CVS Pharmacy,28.39
ACCT-6E86CB19,Christine Ortiz,CA,19,2025-01-08 15:48:21,grocery,Safeway,53.99
ACCT-6E86CB19,Christine Ortiz,CA,20,2025-01-08 16:56:34,gas,Shell,122.94
ACCT-6E86CB19,Christine Ortiz,CA,21,2025-01-08 23:26:36,entertainment,AMC Theatres,129.94
ACCT-6E86CB19,Christine Ortiz,CA,22,2025-01-09 07:26:43,grocery,Trader Joe's,43.31
ACCT-6E86CB19,Christine Ortiz,CA,23,2025-01-09 08:15:17,healthcare,Walgreens,26.65
ACCT-6E86CB19,Christine Ortiz,CA,24,2025-01-09 11:11:05,e-commerce,Amazon,205.99
ACCT-6E86CB19,Christine Ortiz,CA,25,2025-01-09 14:26:45,ATM,Wells Fargo ATM,220.0
ACCT-6E86CB19,Christine Ortiz,CA,26,2025-01-10 11:08:36,dining,McDonald's,57.39
ACCT-6E86CB19,Christine Ortiz,CA,27,2025-01-10 13:05:47,dining,McDonald's,55.06
ACCT-6E86CB19,Christine Ortiz,CA,28,2025-01-10 16:11:03,gas,Shell,93.04
ACCT-6E86CB19,Christine Ortiz,CA,29,2025-01-10 23:00:39,entertainment,AMC Theatres,129.61
ACCT-6E86CB19,Christine Ortiz,CA,30,2025-01-11 13:43:48,retail,Burlington,35.2
ACCT-6E86CB19,Christine Ortiz,CA,31,2025-01-11 14:17:12,grocery,Safeway,103.18
ACCT-6E86CB19,Christine Ortiz,CA,32,2025-01-11 16:28:52,dining,Chipotle Mexican Grill,62.73
ACCT-6E86CB19,Christine Ortiz,CA,33,2025-01-11 16:46:59,retail,Target,202.43
ACCT-6E86CB19,Christine Ortiz,CA,34,2025-01-11 22:12:28,entertainment,AMC Theatres,49.05
ACCT-6E86CB19,Christine Ortiz,CA,35,2025-01-12 14:55:21,grocery,Trader Joe's,97.84
ACCT-6E86CB19,Christine Ortiz,CA,36,2025-01-12 21:20:13,dining,McDonald's,91.94
ACCT-6E86CB19,Christine Ortiz,CA,37,2025-01-13 20:43:15,dining,Starbucks,74.61
ACCT-6E86CB19,Christine Ortiz,CA,38,2025-01-14 03:02:34,subscription,Netflix,7.99
ACCT-6E86CB19,Christine Ortiz,CA,39,2025-01-14 09:20:37,travel,Delta Air Lines,170.0
ACCT-6E86CB19,Christine Ortiz,CA,40,2025-01-14 16:48:06,dining,Starbucks,82.56
ACCT-6E86CB19,Christine Ortiz,CA,41,2025-01-14 21:14:10,dining,Chipotle Mexican Grill,75.5
ACCT-6E86CB19,Christine Ortiz,CA,42,2025-01-15 06:50:30,gas,Shell,68.89
ACCT-6E86CB19,Christine Ortiz,CA,43,2025-01-15 08:34:40,automotive,Midas,11.55
ACCT-6E86CB19,Christine Ortiz,CA,44,2025-01-15 08:44:57,grocery,Safeway,67.62
ACCT-6E86CB19,Christine Ortiz,CA,45,2025-01-15 08:58:39,wire_transfer,Western Union,1341.82
ACCT-6E86CB19,Christine Ortiz,CA,46,2025-01-15 12:49:15,dining,Starbucks,40.04
ACCT-6E86CB19,Christine Ortiz,CA,47,2025-01-15 13:24:18,travel,Marriott,494.44
ACCT-6E86CB19,Christine Ortiz,CA,48,2025-01-16 19:13:33,dining,Starbucks,130.82
ACCT-6E86CB19,Christine Ortiz,CA,49,2025-01-17 11:31:42,dining,Starbucks,78.47
ACCT-6E86CB19,Christine Ortiz,CA,50,2025-01-17 12:09:30,utilities,Pacific Gas & Electric,228.98
ACCT-6E86CB19,Christine Ortiz,CA,51,2025-01-18 07:22:03,gas,Chevron,85.61
ACCT-6E86CB19,Christine Ortiz,CA,52,2025-01-18 12:19:41,retail,Target,81.82
ACCT-6E86CB19,Christine Ortiz,CA,53,2025-01-19 11:08:16,utilities,Pacific Gas & Electric,166.2
ACCT-6E86CB19,Christine Ortiz,CA,54,2025-01-19 15:11:38,grocery,Trader Joe's,192.62
ACCT-6E86CB19,Christine Ortiz,CA,55,2025-01-19 23:09:43,entertainment,AMC Theatres,56.93
ACCT-6E86CB19,Christine Ortiz,CA,56,2025-01-20 09:07:16,utilities,Pacific Gas & Electric,157.96
ACCT-6E86CB19,Christine Ortiz,CA,57,2025-01-20 15:25:43,e-commerce,Amazon,32.23
ACCT-6E86CB19,Christine Ortiz,CA,58,2025-01-20 18:00:27,retail,Best Buy,51.88
ACCT-6E86CB19,Christine Ortiz,CA,59,2025-01-20 19:37:30,entertainment,AMC Theatres,61.02
ACCT-6E86CB19,Christine Ortiz,CA,60,2025-01-20 20:02:10,entertainment,AMC Theatres,140.5
ACCT-6E86CB19,Christine Ortiz,CA,61,2025-01-21 12:21:40,dining,Starbucks,124.35
ACCT-6E86CB19,Christine Ortiz,CA,62,2025-01-21 12:58:30,dining,Starbucks,109.87
ACCT-6E86CB19,Christine Ortiz,CA,63,2025-01-21 17:35:06,automotive,Jiffy Lube,237.92
ACCT-6E86CB19,Christine Ortiz,CA,64,2025-01-23 00:45:34,subscription,Netflix,49.99
ACCT-6E86CB19,Christine Ortiz,CA,65,2025-01-23 17:36:18,dining,McDonald's,31.65
ACCT-6E86CB19,Christine Ortiz,CA,66,2025-01-25 14:17:57,e-commerce,Amazon,72.62
ACCT-6E86CB19,Christine Ortiz,CA,67,2025-01-26 07:19:32,subscription,Disney+,14.99
ACCT-6E86CB19,Christine Ortiz,CA,68,2025-01-26 12:41:37,e-commerce,Amazon,219.4
ACCT-6E86CB19,Christine Ortiz,CA,69,2025-01-27 07:00:30,healthcare,CVS Pharmacy,16.67
ACCT-6E86CB19,Christine Ortiz,CA,70,2025-01-27 07:24:14,automotive,Jiffy Lube,10.93
ACCT-6E86CB19,Christine Ortiz,CA,71,2025-01-27 16:11:26,retail,Target,130.31
ACCT-6E86CB19,Christine Ortiz,CA,72,2025-01-28 02:33:24,subscription,Netflix,12.99
ACCT-6E86CB19,Christine Ortiz,CA,73,2025-01-28 11:14:31,grocery,Trader Joe's,97.7
ACCT-6E86CB19,Christine Ortiz,CA,74,2025-01-28 12:50:48,retail,The Home Depot,80.67
ACCT-6E86CB19,Christine Ortiz,CA,75,2025-01-29 09:00:40,other,FedEx,38.97
ACCT-6E86CB19,Christine Ortiz,CA,76,2025-01-29 11:13:59,healthcare,CVS Pharmacy,15.43
ACCT-6E86CB19,Christine Ortiz,CA,77,2025-01-29 15:04:08,ATM,Chase Bank ATM,220.0
ACCT-6E86CB19,Christine Ortiz,CA,78,2025-01-29 21:36:40,entertainment,AMC Theatres,47.67
ACCT-6E86CB19,Christine Ortiz,CA,79,2025-01-30 12:06:00,dining,Chipotle Mexican Grill,59.08
ACCT-6E86CB19,Christine Ortiz,CA,80,2025-01-30 15:30:57,grocery,Walmart,117.37
ACCT-6E86CB19,Christine Ortiz,CA,81,2025-01-31 16:14:34,travel,United Airlines,489.67
ACCT-6E86CB19,Christine Ortiz,CA,82,,,,
ACCT-6E86CB19,Christine Ortiz,CA,83,,,,
ACCT-6E86CB19,Christine Ortiz,CA,84,,,,
ACCT-6E86CB19,Christine Ortiz,CA,85,,,,
ACCT-6E86CB19,Christine Ortiz,CA,86,,,,
ACCT-6E86CB19,Christine Ortiz,CA,87,,,,
ACCT-6E86CB19,Christine Ortiz,CA,88,,,,
ACCT-6E86CB19,Christine Ortiz,CA,89,,,,
ACCT-6E86CB19,Christine Ortiz,CA,90,,,,
ACCT-6E86CB19,Christine Ortiz,CA,91,,,,
ACCT-6E86CB19,Christine Ortiz,CA,92,,,,
ACCT-6E86CB19,Christine Ortiz,CA,93,,,,
ACCT-6E86CB19,Christine Ortiz,CA,94,,,,
ACCT-7F006AE1,Willie Daugherty,FL,1,2025-01-01 14:57:39,grocery,Publix,204.79
ACCT-7F006AE1,Willie Daugherty,FL,2,2025-01-01 20:50:52,dining,McDonald's,203.88
ACCT-7F006AE1,Willie Daugherty,FL,3,2025-01-02 06:34:56,gas,Shell,125.41
ACCT-7F006AE1,Willie Daugherty,FL,4,2025-01-02 16:57:33,retail,Walmart,121.4
ACCT-7F006AE1,Willie Daugherty,FL,5,2025-01-02 19:22:48,dining,Chick-fil-A,50.76
ACCT-7F006AE1,Willie Daugherty,FL,6,2025-01-02 21:32:16,entertainment,AMC Theatres,101.82
ACCT-7F006AE1,Willie Daugherty,FL,7,2025-01-03 18:58:30,travel,Southwest Airlines,734.36
ACCT-7F006AE1,Willie Daugherty,FL,8,2025-01-03 20:00:31,automotive,Midas,21.12
ACCT-7F006AE1,Willie Daugherty,FL,9,2025-01-04 00:00:46,subscription,Netflix,15.99
ACCT-7F006AE1,Willie Daugherty,FL,10,2025-01-04 14:38:47,e-commerce,Amazon,138.97
ACCT-7F006AE1,Willie Daugherty,FL,11,2025-01-05 06:05:44,subscription,Spotify,15.99
ACCT-7F006AE1,Willie Daugherty,FL,12,2025-01-05 16:28:37,gas,Speedway,126.19
ACCT-7F006AE1,Willie Daugherty,FL,13,2025-01-05 16:40:20,entertainment,AMC Theatres,131.4
ACCT-7F006AE1,Willie Daugherty,FL,14,2025-01-06 13:24:53,grocery,Publix,71.89
ACCT-7F006AE1,Willie Daugherty,FL,15,2025-01-07 09:10:12,subscription,Disney+,4.99
ACCT-7F006AE1,Willie Daugherty,FL,16,2025-01-08 11:43:55,travel,JetBlue Airways,894.45
ACCT-7F006AE1,Willie Daugherty,FL,17,2025-01-08 16:16:53,retail,Walmart,50.98
ACCT-7F006AE1,Willie Daugherty,FL,18,2025-01-09 07:56:36,healthcare,CVS Pharmacy,352.03
ACCT-7F006AE1,Willie Daugherty,FL,19,2025-01-09 13:20:08,other,DHL,166.5
ACCT-7F006AE1,Willie Daugherty,FL,20,2025-01-09 14:46:44,retail,Walmart,344.79
ACCT-7F006AE1,Willie Daugherty,FL,21,2025-01-09 17:48:53,entertainment,Six Flags,91.93
ACCT-7F006AE1,Willie Daugherty,FL,22,2025-01-10 13:54:40,retail,Target,86.97
ACCT-7F006AE1,Willie Daugherty,FL,23,2025-01-11 01:42:49,subscription,Netflix,19.99
ACCT-7F006AE1,Willie Daugherty,FL,24,2025-01-11 08:25:25,healthcare,Walgreens Pharmacy,13.74
ACCT-7F006AE1,Willie Daugherty,FL,25,2025-01-11 10:05:44,travel,Hilton,470.53
ACCT-7F006AE1,Willie Daugherty,FL,26,2025-01-11 12:21:57,retail,Target,173.12
ACCT-7F006AE1,Willie Daugherty,FL,27,2025-01-11 16:44:45,retail,Walmart,150.67
ACCT-7F006AE1,Willie Daugherty,FL,28,2025-01-12 12:56:34,healthcare,CVS Pharmacy,1359.89
ACCT-7F006AE1,Willie Daugherty,FL,29,2025-01-13 12:12:25,e-commerce,Amazon,96.59
ACCT-7F006AE1,Willie Daugherty,FL,30,2025-01-13 13:07:56,other,FedEx Office,132.32
ACCT-7F006AE1,Willie Daugherty,FL,31,2025-01-13 13:54:25,e-commerce,Amazon,308.25
ACCT-7F006AE1,Willie Daugherty,FL,32,2025-01-13 19:46:45,entertainment,AMC Theatres,73.27
ACCT-7F006AE1,Willie Daugherty,FL,33,2025-01-13 20:25:53,grocery,Publix,212.01
ACCT-7F006AE1,Willie Daugherty,FL,34,2025-01-14 00:00:03,subscription,Netflix,14.99
ACCT-7F006AE1,Willie Daugherty,FL,35,2025-01-14 07:00:09,other,The UPS Store,82.66
ACCT-7F006AE1,Willie Daugherty,FL,36,2025-01-14 10:27:25,healthcare,CVS Pharmacy,313.86
ACCT-7F006AE1,Willie Daugherty,FL,37,2025-01-14 18:43:55,entertainment,AMC Theatres,206.57
ACCT-7F006AE1,Willie Daugherty,FL,38,2025-01-14 18:49:30,entertainment,AMC Theatres,90.87
ACCT-7F006AE1,Willie Daugherty,FL,39,2025-01-14 19:08:08,automotive,Midas,8.13
ACCT-7F006AE1,Willie Daugherty,FL,40,2025-01-15 07:57:22,utilities,Duke Energy Florida,247.95
ACCT-7F006AE1,Willie Daugherty,FL,41,2025-01-15 10:49:52,travel,Southwest Airlines,591.48
ACCT-7F006AE1,Willie Daugherty,FL,42,2025-01-15 12:04:11,dining,McDonald's,55.63
ACCT-7F006AE1,Willie Daugherty,FL,43,2025-01-15 12:18:21,dining,Starbucks,65.51
ACCT-7F006AE1,Willie Daugherty,FL,44,2025-01-16 21:00:53,grocery,Publix,145.09
ACCT-7F006AE1,Willie Daugherty,FL,45,2025-01-17 20:59:32,ATM,Bank of America ATM,500.0
ACCT-7F006AE1,Willie Daugherty,FL,46,2025-01-18 07:23:06,automotive,Midas,16.1
ACCT-7F006AE1,Willie Daugherty,FL,47,2025-01-20 12:45:02,grocery,Publix,312.96
ACCT-7F006AE1,Willie Daugherty,FL,48,2025-01-21 08:31:01,automotive,Midas,15.85
ACCT-7F006AE1,Willie Daugherty,FL,49,2025-01-21 18:56:30,grocery,Publix,125.69
ACCT-7F006AE1,Willie Daugherty,FL,50,2025-01-22 02:20:46,subscription,Netflix,14.99
ACCT-7F006AE1,Willie Daugherty,FL,51,2025-01-22 07:00:03,grocery,Publix,113.86
ACCT-7F006AE1,Willie Daugherty,FL,52,2025-01-22 08:33:46,ATM,Chase Bank ATM,180.0
ACCT-7F006AE1,Willie Daugherty,FL,53,2025-01-22 14:35:08,travel,Marriott,576.54
ACCT-7F006AE1,Willie Daugherty,FL,54,2025-01-22 16:49:57,dining,McDonald's,126.68
ACCT-7F006AE1,Willie Daugherty,FL,55,2025-01-23 11:38:48,grocery,Publix,93.69
ACCT-7F006AE1,Willie Daugherty,FL,56,2025-01-23 12:26:21,retail,Target,74.35
ACCT-7F006AE1,Willie Daugherty,FL,57,2025-01-23 12:34:18,e-commerce,Chewy,243.73
ACCT-7F006AE1,Willie Daugherty,FL,58,2025-01-23 16:54:21,gas,Circle K,110.68
ACCT-7F006AE1,Willie Daugherty,FL,59,2025-01-23 17:08:20,retail,Target,145.95
ACCT-7F006AE1,Willie Daugherty,FL,60,2025-01-24 07:22:54,subscription,Netflix,9.99
ACCT-7F006AE1,Willie Daugherty,FL,61,2025-01-24 17:09:49,retail,Walmart,102.5
ACCT-7F006AE1,Willie Daugherty,FL,62,2025-01-24 19:24:39,entertainment,AMC Theatres,110.83
ACCT-7F006AE1,Willie Daugherty,FL,63,2025-01-25 08:41:22,grocery,Publix,41.9
ACCT-7F006AE1,Willie Daugherty,FL,64,2025-01-25 13:16:51,retail,TJ Maxx,388.6
ACCT-7F006AE1,Willie Daugherty,FL,65,2025-01-25 20:27:33,entertainment,AMC Theatres,76.5
ACCT-7F006AE1,Willie Daugherty,FL,66,2025-01-26 11:38:29,e-commerce,Amazon,425.04
ACCT-7F006AE1,Willie Daugherty,FL,67,2025-01-27 10:20:05,grocery,Publix,89.89
ACCT-7F006AE1,Willie Daugherty,FL,68,2025-01-27 13:39:16,travel,Marriott,917.19
ACCT-7F006AE1,Willie Daugherty,FL,69,2025-01-27 17:15:16,gas,Speedway,200.05
ACCT-7F006AE1,Willie Daugherty,FL,70,2025-01-28 11:28:13,utilities,Duke Energy,150.94
ACCT-7F006AE1,Willie Daugherty,FL,71,2025-01-28 16:22:08,retail,Walmart,245.84
ACCT-7F006AE1,Willie Daugherty,FL,72,2025-01-28 16:24:46,retail,Best Buy,134.66
ACCT-7F006AE1,Willie Daugherty,FL,73,2025-01-30 07:21:37,e-commerce,Amazon,106.08
ACCT-7F006AE1,Willie Daugherty,FL,74,2025-01-30 09:38:21,retail,Walmart,215.24
ACCT-7F006AE1,Willie Daugherty,FL,75,2025-01-30 20:06:32,entertainment,Sunset Cinema,86.16
ACCT-7F006AE1,Willie Daugherty,FL,76,2025-01-31 11:20:40,utilities,Duke Energy,231.93
ACCT-7F006AE1,Willie Daugherty,FL,77,2025-01-31 14:14:16,retail,Target,74.48
ACCT-7F006AE1,Willie Daugherty,FL,78,2025-01-31 18:54:27,dining,McDonald's,64.67
ACCT-7F006AE1,Willie Daugherty,FL,79,2025-01-31 20:35:13,dining,McDonald's,168.79
ACCT-7F006AE1,Willie Daugherty,FL,80,,,,
ACCT-7F006AE1,Willie Daugherty,FL,81,,,,
ACCT-7F006AE1,Willie Daugherty,FL,82,,,,
ACCT-7F006AE1,Willie Daugherty,FL,83,,,,
ACCT-7F006AE1,Willie Daugherty,FL,84,,,,
ACCT-7F006AE1,Willie Daugherty,FL,85,,,,
ACCT-7F006AE1,Willie Daugherty,FL,86,,,,
ACCT-7F006AE1,Willie Daugherty,FL,87,,,,
ACCT-7F006AE1,Willie Daugherty,FL,88,,,,
ACCT-7F006AE1,Willie Daugherty,FL,89,,,,
ACCT-7F006AE1,Willie Daugherty,FL,90,,,,
ACCT-7F006AE1,Willie Daugherty,FL,91,,,,
ACCT-7F006AE1,Willie Daugherty,FL,92,,,,
ACCT-7F006AE1,Willie Daugherty,FL,93,,,,
ACCT-7F006AE1,Willie Daugherty,FL,94,,,,
ACCT-82CAB1E6,Kelly Vega,FL,1,2025-01-01 02:20:33,subscription,Netflix,9.99
ACCT-82CAB1E6,Kelly Vega,FL,2,2025-01-01 14:31:14,grocery,Publix,94.74
ACCT-82CAB1E6,Kelly Vega,FL,3,2025-01-01 22:03:11,dining,Chick-fil-A,33.28
ACCT-82CAB1E6,Kelly Vega,FL,4,2025-01-02 00:49:08,subscription,Spotify,39.99
ACCT-82CAB1E6,Kelly Vega,FL,5,2025-01-02 11:58:57,retail,Target,57.51
ACCT-82CAB1E6,Kelly Vega,FL,6,2025-01-03 02:24:23,subscription,Netflix,9.99
ACCT-82CAB1E6,Kelly Vega,FL,7,2025-01-03 07:04:20,grocery,Publix,72.81
ACCT-82CAB1E6,Kelly Vega,FL,8,2025-01-04 14:56:37,gas,Shell,120.45
ACCT-82CAB1E6,Kelly Vega,FL,9,2025-01-04 20:11:56,dining,Starbucks,70.7
ACCT-82CAB1E6,Kelly Vega,FL,10,2025-01-05 09:12:29,grocery,Publix,86.85
ACCT-82CAB1E6,Kelly Vega,FL,11,2025-01-05 12:59:50,e-commerce,Amazon,212.45
ACCT-82CAB1E6,Kelly Vega,FL,12,2025-01-05 18:16:33,dining,McDonald's,106.93
ACCT-82CAB1E6,Kelly Vega,FL,13,2025-01-06 13:55:47,retail,Target,117.35
ACCT-82CAB1E6,Kelly Vega,FL,14,2025-01-06 16:12:26,e-commerce,Wayfair,274.23
ACCT-82CAB1E6,Kelly Vega,FL,15,2025-01-07 14:02:43,other,DHL,54.86
ACCT-82CAB1E6,Kelly Vega,FL,16,2025-01-07 16:43:45,grocery,Publix,102.67
ACCT-82CAB1E6,Kelly Vega,FL,17,2025-01-08 08:11:29,subscription,Netflix,12.99
ACCT-82CAB1E6,Kelly Vega,FL,18,2025-01-08 16:55:13,dining,McDonald's,34.25
ACCT-82CAB1E6,Kelly Vega,FL,19,2025-01-08 18:57:10,grocery,Publix,110.16
ACCT-82CAB1E6,Kelly Vega,FL,20,2025-01-09 11:16:03,travel,Southwest Airlines,402.31
ACCT-82CAB1E6,Kelly Vega,FL,21,2025-01-09 13:30:49,grocery,Publix,104.02
ACCT-82CAB1E6,Kelly Vega,FL,22,2025-01-10 07:19:30,healthcare,CVS Pharmacy,29.61
ACCT-82CAB1E6,Kelly Vega,FL,23,2025-01-10 08:50:30,subscription,Netflix,12.99
ACCT-82CAB1E6,Kelly Vega,FL,24,2025-01-10 18:37:33,automotive,Jiffy Lube,17.39
ACCT-82CAB1E6,Kelly Vega,FL,25,2025-01-10 18:59:50,other,FedEx Office,30.91
ACCT-82CAB1E6,Kelly Vega,FL,26,2025-01-11 12:54:33,e-commerce,Amazon,62.56
ACCT-82CAB1E6,Kelly Vega,FL,27,2025-01-11 17:42:47,entertainment,AMC Theatres,53.56
ACCT-82CAB1E6,Kelly Vega,FL,28,2025-01-11 18:25:56,dining,McDonald's,46.33
ACCT-82CAB1E6,Kelly Vega,FL,29,2025-01-12 11:23:43,dining,Chipotle Mexican Grill,89.76
ACCT-82CAB1E6,Kelly Vega,FL,30,2025-01-12 15:10:19,travel,Marriott,418.39
ACCT-82CAB1E6,Kelly Vega,FL,31,2025-01-12 15:20:47,grocery,Publix,89.66
ACCT-82CAB1E6,Kelly Vega,FL,32,2025-01-12 18:14:08,ATM,Wells Fargo ATM,440.0
ACCT-82CAB1E6,Kelly Vega,FL,33,2025-01-12 20:18:41,e-commerce,Amazon,272.2
ACCT-82CAB1E6,Kelly Vega,FL,34,2025-01-13 05:46:02,travel,Marriott,216.69
ACCT-82CAB1E6,Kelly Vega,FL,35,2025-01-13 11:57:28,retail,Best Buy,153.75
ACCT-82CAB1E6,Kelly Vega,FL,36,2025-01-13 12:57:23,retail,Target,15.7
ACCT-82CAB1E6,Kelly Vega,FL,37,2025-01-13 17:41:36,automotive,Jiffy Lube,430.38
ACCT-82CAB1E6,Kelly Vega,FL,38,2025-01-13 17:53:12,dining,McDonald's,59.0
ACCT-82CAB1E6,Kelly Vega,FL,39,2025-01-13 18:06:06,dining,Chick-fil-A,56.57
ACCT-82CAB1E6,Kelly Vega,FL,40,2025-01-13 21:28:18,dining,McDonald's,23.84
ACCT-82CAB1E6,Kelly Vega,FL,41,2025-01-14 15:55:29,retail,Walmart,41.14
ACCT-82CAB1E6,Kelly Vega,FL,42,2025-01-14 19:21:03,grocery,Publix,36.39
ACCT-82CAB1E6,Kelly Vega,FL,43,2025-01-14 21:04:11,entertainment,AMC Theatres,42.01
ACCT-82CAB1E6,Kelly Vega,FL,44,2025-01-15 13:54:37,gas,Shell,70.92
ACCT-82CAB1E6,Kelly Vega,FL,45,2025-01-15 18:07:33,automotive,Pep Boys,235.76
ACCT-82CAB1E6,Kelly Vega,FL,46,2025-01-16 10:41:10,grocery,Publix,67.99
ACCT-82CAB1E6,Kelly Vega,FL,47,2025-01-16 11:23:03,subscription,Netflix,9.99
ACCT-82CAB1E6,Kelly Vega,FL,48,2025-01-16 12:29:24,dining,Starbucks,24.82
ACCT-82CAB1E6,Kelly Vega,FL,49,2025-01-16 15:42:47,other,FedEx Office,120.02
ACCT-82CAB1E6,Kelly Vega,FL,50,2025-01-17 12:59:29,healthcare,Walgreens,28.8
ACCT-82CAB1E6,Kelly Vega,FL,51,2025-01-18 08:47:21,grocery,Publix,52.49
ACCT-82CAB1E6,Kelly Vega,FL,52,2025-01-18 16:47:16,dining,Taco Bell,94.96
ACCT-82CAB1E6,Kelly Vega,FL,53,2025-01-18 18:40:37,dining,Chipotle Mexican Grill,114.13
ACCT-82CAB1E6,Kelly Vega,FL,54,2025-01-19 07:51:21,automotive,Midas,8.74
ACCT-82CAB1E6,Kelly Vega,FL,55,2025-01-19 11:55:41,other,7-Eleven,22.6
ACCT-82CAB1E6,Kelly Vega,FL,56,2025-01-19 18:41:53,retail,Target,70.66
ACCT-82CAB1E6,Kelly Vega,FL,57,2025-01-20 17:05:00,retail,Walmart,84.35
ACCT-82CAB1E6,Kelly Vega,FL,58,2025-01-20 18:04:25,dining,Chick-fil-A,37.44
ACCT-82CAB1E6,Kelly Vega,FL,59,2025-01-20 20:16:07,dining,Starbucks,22.25
ACCT-82CAB1E6,Kelly Vega,FL,60,2025-01-22 08:53:08,grocery,Publix,68.42
ACCT-82CAB1E6,Kelly Vega,FL,61,2025-01-23 15:26:34,other,7-Eleven,72.28
ACCT-82CAB1E6,Kelly Vega,FL,62,2025-01-23 17:50:02,retail,Target,44.38
ACCT-82CAB1E6,Kelly Vega,FL,63,2025-01-24 01:28:35,subscription,Disney+,24.99
ACCT-82CAB1E6,Kelly Vega,FL,64,2025-01-24 19:04:16,entertainment,AMC Theatres,100.29
ACCT-82CAB1E6,Kelly Vega,FL,65,2025-01-25 19:50:56,grocery,Publix,101.99
ACCT-82CAB1E6,Kelly Vega,FL,66,2025-01-26 09:54:09,healthcare,CVS Pharmacy,316.1
ACCT-82CAB1E6,Kelly Vega,FL,67,2025-01-26 13:41:14,retail,Walmart,151.3
ACCT-82CAB1E6,Kelly Vega,FL,68,2025-01-26 17:01:47,dining,Chick-fil-A,103.72
ACCT-82CAB1E6,Kelly Vega,FL,69,2025-01-26 18:40:55,retail,Walmart,38.76
ACCT-82CAB1E6,Kelly Vega,FL,70,2025-01-26 20:37:21,dining,McDonald's,107.79
ACCT-82CAB1E6,Kelly Vega,FL,71,2025-01-27 09:24:13,healthcare,CVS Pharmacy,10.0
ACCT-82CAB1E6,Kelly Vega,FL,72,2025-01-27 14:21:23,grocery,Publix,37.64
ACCT-82CAB1E6,Kelly Vega,FL,73,2025-01-27 16:19:44,retail,Walmart,107.94
ACCT-82CAB1E6,Kelly Vega,FL,74,2025-01-28 12:04:47,dining,Chick-fil-A,116.91
ACCT-82CAB1E6,Kelly Vega,FL,75,2025-01-29 05:33:57,subscription,Disney+,14.99
ACCT-82CAB1E6,Kelly Vega,FL,76,2025-01-29 09:11:35,e-commerce,Amazon,260.78
ACCT-82CAB1E6,Kelly Vega,FL,77,2025-01-29 15:38:11,e-commerce,Amazon,68.37
ACCT-82CAB1E6,Kelly Vega,FL,78,2025-01-29 18:35:39,retail,Walmart,65.92
ACCT-82CAB1E6,Kelly Vega,FL,79,2025-01-30 09:25:58,healthcare,Walgreens,236.6
ACCT-82CAB1E6,Kelly Vega,FL,80,2025-01-30 10:42:40,retail,Target,53.94
ACCT-82CAB1E6,Kelly Vega,FL,81,2025-01-31 07:13:33,utilities,Comcast Xfinity,257.65
ACCT-82CAB1E6,Kelly Vega,FL,82,2025-01-31 11:16:21,grocery,Walmart,95.05
ACCT-82CAB1E6,Kelly Vega,FL,83,2025-01-31 12:20:04,travel,Hilton,290.68
ACCT-82CAB1E6,Kelly Vega,FL,84,2025-01-31 14:05:06,retail,Walmart,149.96
ACCT-82CAB1E6,Kelly Vega,FL,85,2025-01-31 19:55:14,dining,McDonald's,32.56
ACCT-82CAB1E6,Kelly Vega,FL,86,,,,
ACCT-82CAB1E6,Kelly Vega,FL,87,,,,
ACCT-82CAB1E6,Kelly Vega,FL,88,,,,
ACCT-82CAB1E6,Kelly Vega,FL,89,,,,
ACCT-82CAB1E6,Kelly Vega,FL,90,,,,
ACCT-82CAB1E6,Kelly Vega,FL,91,,,,
ACCT-82CAB1E6,Kelly Vega,FL,92,,,,
ACCT-82CAB1E6,Kelly Vega,FL,93,,,,
ACCT-82CAB1E6,Kelly Vega,FL,94,,,,
ACCT-852956B9,Leslie Jones,CA,1,2025-01-01 16:32:51,gas,Circle K,72.62
ACCT-852956B9,Leslie Jones,CA,2,2025-01-01 21:21:23,entertainment,AMC Theatres,157.02
ACCT-852956B9,Leslie Jones,CA,3,2025-01-02 09:05:18,e-commerce,Amazon,59.89
ACCT-852956B9,Leslie Jones,CA,4,2025-01-02 13:05:20,e-commerce,Amazon,79.44
ACCT-852956B9,Leslie Jones,CA,5,2025-01-03 02:17:58,subscription,Spotify,15.99
ACCT-852956B9,Leslie Jones,CA,6,2025-01-03 09:11:55,automotive,Midas,24.41
ACCT-852956B9,Leslie Jones,CA,7,2025-01-03 11:36:05,grocery,Trader Joe's,130.15
ACCT-852956B9,Leslie Jones,CA,8,2025-01-03 18:47:32,e-commerce,Amazon,89.87
ACCT-852956B9,Leslie Jones,CA,9,2025-01-03 19:55:46,retail,Burlington,89.18
ACCT-852956B9,Leslie Jones,CA,10,2025-01-04 07:13:26,grocery,Whole Foods Market,46.92
ACCT-852956B9,Leslie Jones,CA,11,2025-01-04 21:02:54,gas,Chevron,53.26
ACCT-852956B9,Leslie Jones,CA,12,2025-01-05 04:49:00,subscription,Netflix,9.99
ACCT-852956B9,Leslie Jones,CA,13,2025-01-06 18:04:37,dining,McDonald's,23.19
ACCT-852956B9,Leslie Jones,CA,14,2025-01-07 00:00:00,subscription,Netflix,7.99
ACCT-852956B9,Leslie Jones,CA,15,2025-01-07 17:11:36,grocery,Whole Foods Market,57.54
ACCT-852956B9,Leslie Jones,CA,16,2025-01-07 17:47:20,automotive,Midas,14.26
ACCT-852956B9,Leslie Jones,CA,17,2025-01-07 18:52:49,entertainment,AMC Theatres,81.03
ACCT-852956B9,Leslie Jones,CA,18,2025-01-09 13:00:38,dining,Starbucks,79.05
ACCT-852956B9,Leslie Jones,CA,19,2025-01-09 13:17:18,e-commerce,Amazon,55.79
ACCT-852956B9,Leslie Jones,CA,20,2025-01-09 17:07:04,grocery,Trader Joe's,62.22
ACCT-852956B9,Leslie Jones,CA,21,2025-01-09 21:05:51,entertainment,AMC Theatres,71.41
ACCT-852956B9,Leslie Jones,CA,22,2025-01-10 20:15:57,entertainment,AMC Theatres,34.6
ACCT-852956B9,Leslie Jones,CA,23,2025-01-12 05:44:20,gas,Chevron,54.95
ACCT-852956B9,Leslie Jones,CA,24,2025-01-13 09:18:07,automotive,Pep Boys,274.96
ACCT-852956B9,Leslie Jones,CA,25,2025-01-13 18:08:07,grocery,Trader Joe's,56.67
ACCT-852956B9,Leslie Jones,CA,26,2025-01-13 19:20:25,dining,McDonald's,63.42
ACCT-852956B9,Leslie Jones,CA,27,2025-01-14 07:25:44,healthcare,Walgreens,25.12
ACCT-852956B9,Leslie Jones,CA,28,2025-01-14 15:39:27,retail,Nordstrom,39.55
ACCT-852956B9,Leslie Jones,CA,29,2025-01-14 17:20:11,dining,Chipotle Mexican Grill,46.0
ACCT-852956B9,Leslie Jones,CA,30,2025-01-15 09:45:50,e-commerce,Amazon.com,52.97
ACCT-852956B9,Leslie Jones,CA,31,2025-01-15 15:19:03,e-commerce,Amazon,61.74
ACCT-852956B9,Leslie Jones,CA,32,2025-01-16 05:46:26,travel,Marriott,147.34
ACCT-852956B9,Leslie Jones,CA,33,2025-01-16 10:31:55,e-commerce,Amazon,88.31
ACCT-852956B9,Leslie Jones,CA,34,2025-01-16 12:34:07,grocery,Safeway,45.47
ACCT-852956B9,Leslie Jones,CA,35,2025-01-16 15:20:57,gas,QuikTrip,36.8
ACCT-852956B9,Leslie Jones,CA,36,2025-01-16 18:22:38,dining,Chipotle Mexican Grill,27.11
ACCT-852956B9,Leslie Jones,CA,37,2025-01-17 10:22:31,retail,Target,38.98
ACCT-852956B9,Leslie Jones,CA,38,2025-01-18 00:00:05,subscription,Netflix,7.99
ACCT-852956B9,Leslie Jones,CA,39,2025-01-18 07:00:23,grocery,Whole Foods Market,45.23
ACCT-852956B9,Leslie Jones,CA,40,2025-01-18 21:45:03,entertainment,AMC Theatres,35.32
ACCT-852956B9,Leslie Jones,CA,41,2025-01-19 07:00:34,automotive,Firestone Complete Auto Care,16.86
ACCT-852956B9,Leslie Jones,CA,42,2025-01-19 13:13:08,dining,Chipotle Mexican Grill,40.83
ACCT-852956B9,Leslie Jones,CA,43,2025-01-19 13:22:52,subscription,Netflix,39.99
ACCT-852956B9,Leslie Jones,CA,44,2025-01-19 17:25:35,e-commerce,Amazon,32.39
ACCT-852956B9,Leslie Jones,CA,45,2025-01-20 17:32:23,retail,Target,88.06
ACCT-852956B9,Leslie Jones,CA,46,2025-01-22 09:49:46,utilities,Pacific Gas & Electric,106.97
ACCT-852956B9,Leslie Jones,CA,47,2025-01-22 11:52:25,dining,Pizza Hut,21.49
ACCT-852956B9,Leslie Jones,CA,48,2025-01-22 14:40:10,e-commerce,Amazon,66.48
ACCT-852956B9,Leslie Jones,CA,49,2025-01-22 19:03:24,dining,Chipotle Mexican Grill,38.97
ACCT-852956B9,Leslie Jones,CA,50,2025-01-23 12:19:58,grocery,Whole Foods Market,29.32
ACCT-852956B9,Leslie Jones,CA,51,2025-01-24 10:16:04,travel,Marriott,266.64
ACCT-852956B9,Leslie Jones,CA,52,2025-01-24 13:27:31,retail,Target,10.72
ACCT-852956B9,Leslie Jones,CA,53,2025-01-25 07:00:37,gas,Shell,51.28
ACCT-852956B9,Leslie Jones,CA,54,2025-01-25 07:00:37,utilities,Pacific Gas & Electric,187.63
ACCT-852956B9,Leslie Jones,CA,55,2025-01-26 09:01:07,grocery,Safeway,48.58
ACCT-852956B9,Leslie Jones,CA,56,2025-01-26 11:25:57,healthcare,CareNow Urgent Care,35.99
ACCT-852956B9,Leslie Jones,CA,57,2025-01-26 14:28:13,retail,Nordstrom,35.31
ACCT-852956B9,Leslie Jones,CA,58,2025-01-26 18:10:18,dining,Starbucks,24.24
ACCT-852956B9,Leslie Jones,CA,59,2025-01-27 13:26:25,retail,Target,84.0
ACCT-852956B9,Leslie Jones,CA,60,2025-01-27 15:28:53,gas,Chevron,57.46
ACCT-852956B9,Leslie Jones,CA,61,2025-01-27 16:43:36,retail,Walmart,214.28
ACCT-852956B9,Leslie Jones,CA,62,2025-01-28 08:51:43,grocery,Trader Joe's,43.9
ACCT-852956B9,Leslie Jones,CA,63,2025-01-28 10:01:27,ATM,Chase Bank ATM,320.0
ACCT-852956B9,Leslie Jones,CA,64,2025-01-28 16:27:35,retail,Target,98.99
ACCT-852956B9,Leslie Jones,CA,65,2025-01-28 18:29:59,gas,Chevron,65.23
ACCT-852956B9,Leslie Jones,CA,66,2025-01-29 09:08:19,other,7-Eleven,74.86
ACCT-852956B9,Leslie Jones,CA,67,2025-01-29 09:11:51,ATM,Bank of America ATM,120.0
ACCT-852956B9,Leslie Jones,CA,68,2025-01-29 09:58:03,healthcare,CVS Pharmacy,18.45
ACCT-852956B9,Leslie Jones,CA,69,2025-01-29 14:09:45,other,7-Eleven,11.57
ACCT-852956B9,Leslie Jones,CA,70,2025-01-29 15:47:53,retail,Target,70.6
ACCT-852956B9,Leslie Jones,CA,71,2025-01-30 21:35:20,entertainment,AMC Theatres,36.19
ACCT-852956B9,Leslie Jones,CA,72,2025-01-30 21:46:07,entertainment,AMC Theatres,24.08
ACCT-852956B9,Leslie Jones,CA,73,2025-01-30 22:01:08,entertainment,AMC Theatres,76.52
ACCT-852956B9,Leslie Jones,CA,74,2025-01-31 04:39:02,subscription,Netflix,9.99
ACCT-852956B9,Leslie Jones,CA,75,2025-01-31 09:07:45,utilities,Pacific Gas & Electric,115.87
ACCT-852956B9,Leslie Jones,CA,76,2025-01-31 11:47:25,healthcare,CVS Pharmacy,100.0
ACCT-852956B9,Leslie Jones,CA,77,2025-01-31 19:43:16,travel,Marriott,629.9
ACCT-852956B9,Leslie Jones,CA,78,,,,
ACCT-852956B9,Leslie Jones,CA,79,,,,
ACCT-852956B9,Leslie Jones,CA,80,,,,
ACCT-852956B9,Leslie Jones,CA,81,,,,
ACCT-852956B9,Leslie Jones,CA,82,,,,
ACCT-852956B9,Leslie Jones,CA,83,,,,
ACCT-852956B9,Leslie Jones,CA,84,,,,
ACCT-852956B9,Leslie Jones,CA,85,,,,
ACCT-852956B9,Leslie Jones,CA,86,,,,
ACCT-852956B9,Leslie Jones,CA,87,,,,
ACCT-852956B9,Leslie Jones,CA,88,,,,
ACCT-852956B9,Leslie Jones,CA,89,,,,
ACCT-852956B9,Leslie Jones,CA,90,,,,
ACCT-852956B9,Leslie Jones,CA,91,,,,
ACCT-852956B9,Leslie Jones,CA,92,,,,
ACCT-852956B9,Leslie Jones,CA,93,,,,
ACCT-852956B9,Leslie Jones,CA,94,,,,
ACCT-90562E4A,Anna Gaines,TX,1,2025-01-02 07:39:57,e-commerce,Amazon,121.79
ACCT-90562E4A,Anna Gaines,TX,2,2025-01-03 00:00:57,subscription,Netflix,9.99
ACCT-90562E4A,Anna Gaines,TX,3,2025-01-03 17:41:03,e-commerce,Amazon,113.36
ACCT-90562E4A,Anna Gaines,TX,4,2025-01-03 20:52:45,dining,Taco Bell,29.58
ACCT-90562E4A,Anna Gaines,TX,5,2025-01-04 10:07:29,retail,Target,88.05
ACCT-90562E4A,Anna Gaines,TX,6,2025-01-05 11:58:02,retail,Target,207.84
ACCT-90562E4A,Anna Gaines,TX,7,2025-01-05 20:25:57,grocery,H‑E‑B,36.6
ACCT-90562E4A,Anna Gaines,TX,8,2025-01-06 18:33:55,retail,Target,56.02
ACCT-90562E4A,Anna Gaines,TX,9,2025-01-07 12:22:50,dining,McDonald's,20.63
ACCT-90562E4A,Anna Gaines,TX,10,2025-01-07 18:40:01,dining,McDonald's,22.69
ACCT-90562E4A,Anna Gaines,TX,11,2025-01-08 09:03:57,healthcare,Walgreens,25.36
ACCT-90562E4A,Anna Gaines,TX,12,2025-01-08 09:43:04,wire_transfer,PayPal,1224.51
ACCT-90562E4A,Anna Gaines,TX,13,2025-01-09 11:32:01,dining,Chipotle Mexican Grill,97.06
ACCT-90562E4A,Anna Gaines,TX,14,2025-01-09 15:14:00,ATM,Truist ATM,160.0
ACCT-90562E4A,Anna Gaines,TX,15,2025-01-10 12:19:31,utilities,Duke Energy,144.14
ACCT-90562E4A,Anna Gaines,TX,16,2025-01-10 14:07:46,retail,Target,121.59
ACCT-90562E4A,Anna Gaines,TX,17,2025-01-10 14:22:52,ATM,Chase Bank ATM,60.0
ACCT-90562E4A,Anna Gaines,TX,18,2025-01-10 16:55:46,subscription,Netflix,12.99
ACCT-90562E4A,Anna Gaines,TX,19,2025-01-11 00:00:49,subscription,Spotify,19.99
ACCT-90562E4A,Anna Gaines,TX,20,2025-01-11 07:37:50,travel,Southwest Airlines,137.16
ACCT-90562E4A,Anna Gaines,TX,21,2025-01-11 07:44:25,automotive,Midas,282.73
ACCT-90562E4A,Anna Gaines,TX,22,2025-01-11 10:13:58,other,FedEx,66.19
ACCT-90562E4A,Anna Gaines,TX,23,2025-01-11 11:32:49,grocery,H-E-B,58.41
ACCT-90562E4A,Anna Gaines,TX,24,2025-01-11 14:46:49,retail,Walmart,135.16
ACCT-90562E4A,Anna Gaines,TX,25,2025-01-12 13:34:56,dining,McDonald's,46.23
ACCT-90562E4A,Anna Gaines,TX,26,2025-01-12 18:58:05,dining,Sunset Grill,39.71
ACCT-90562E4A,Anna Gaines,TX,27,2025-01-12 20:06:29,retail,Target,32.37
ACCT-90562E4A,Anna Gaines,TX,28,2025-01-13 11:22:36,utilities,Duke Energy,136.78
ACCT-90562E4A,Anna Gaines,TX,29,2025-01-13 13:46:17,subscription,Netflix,24.99
ACCT-90562E4A,Anna Gaines,TX,30,2025-01-13 17:28:14,ATM,Wells Fargo ATM,220.0
ACCT-90562E4A,Anna Gaines,TX,31,2025-01-15 08:36:19,grocery,H-E-B,31.22
ACCT-90562E4A,Anna Gaines,TX,32,2025-01-15 09:32:52,utilities,Comcast Xfinity,71.94
ACCT-90562E4A,Anna Gaines,TX,33,2025-01-15 14:35:29,automotive,Jiffy Lube,402.94
ACCT-90562E4A,Anna Gaines,TX,34,2025-01-15 18:55:09,dining,Taco Bell,54.45
ACCT-90562E4A,Anna Gaines,TX,35,2025-01-15 19:08:19,retail,TJ Maxx,63.88
ACCT-90562E4A,Anna Gaines,TX,36,2025-01-16 00:00:56,subscription,Netflix,9.99
ACCT-90562E4A,Anna Gaines,TX,37,2025-01-16 08:45:44,healthcare,CVS Pharmacy,359.67
ACCT-90562E4A,Anna Gaines,TX,38,2025-01-16 18:15:21,retail,Target,118.42
ACCT-90562E4A,Anna Gaines,TX,39,2025-01-16 18:36:39,automotive,Jiffy Lube,35.84
ACCT-90562E4A,Anna Gaines,TX,40,2025-01-16 21:40:08,dining,Chipotle Mexican Grill,33.95
ACCT-90562E4A,Anna Gaines,TX,41,2025-01-17 08:21:59,travel,Southwest Airlines,397.15
ACCT-90562E4A,Anna Gaines,TX,42,2025-01-17 09:19:37,utilities,Duke Energy,127.85
ACCT-90562E4A,Anna Gaines,TX,43,2025-01-17 11:01:58,retail,Target,29.7
ACCT-90562E4A,Anna Gaines,TX,44,2025-01-18 05:26:34,gas,Chevron,48.69
ACCT-90562E4A,Anna Gaines,TX,45,2025-01-18 12:43:07,grocery,H-E-B,102.79
ACCT-90562E4A,Anna Gaines,TX,46,2025-01-18 17:35:21,automotive,Midas,10.96
ACCT-90562E4A,Anna Gaines,TX,47,2025-01-18 21:12:10,ATM,Chase Bank ATM,100.0
ACCT-90562E4A,Anna Gaines,TX,48,2025-01-19 05:34:57,gas,Circle K,46.36
ACCT-90562E4A,Anna Gaines,TX,49,2025-01-19 17:32:28,entertainment,AMC Theatres,21.66
ACCT-90562E4A,Anna Gaines,TX,50,2025-01-20 09:37:29,ATM,Chase Bank ATM,120.0
ACCT-90562E4A,Anna Gaines,TX,51,2025-01-20 16:39:53,entertainment,AMC Theatres,135.14
ACCT-90562E4A,Anna Gaines,TX,52,2025-01-20 18:38:44,retail,Target,61.45
ACCT-90562E4A,Anna Gaines,TX,53,2025-01-21 09:04:20,healthcare,CVS Pharmacy,185.01
ACCT-90562E4A,Anna Gaines,TX,54,2025-01-21 10:49:10,other,UPS,37.72
ACCT-90562E4A,Anna Gaines,TX,55,2025-01-21 15:39:40,retail,Target,38.45
ACCT-90562E4A,Anna Gaines,TX,56,2025-01-22 00:00:39,subscription,Netflix,9.99
ACCT-90562E4A,Anna Gaines,TX,57,2025-01-22 08:50:06,utilities,Duke Energy,101.22
ACCT-90562E4A,Anna Gaines,TX,58,2025-01-22 14:31:49,retail,Target,139.96
ACCT-90562E4A,Anna Gaines,TX,59,2025-01-23 10:09:53,utilities,Comcast Xfinity,114.17
ACCT-90562E4A,Anna Gaines,TX,60,2025-01-23 13:12:59,e-commerce,Amazon,71.34
ACCT-90562E4A,Anna Gaines,TX,61,2025-01-23 16:56:36,e-commerce,Amazon,321.8
ACCT-90562E4A,Anna Gaines,TX,62,2025-01-24 11:55:05,other,FedEx Office,58.78
ACCT-90562E4A,Anna Gaines,TX,63,2025-01-24 15:51:21,ATM,Chase Bank ATM,200.0
ACCT-90562E4A,Anna Gaines,TX,64,2025-01-25 02:12:38,subscription,Disney+,9.99
ACCT-90562E4A,Anna Gaines,TX,65,2025-01-25 11:58:53,ATM,Wells Fargo ATM,300.0
ACCT-90562E4A,Anna Gaines,TX,66,2025-01-26 12:58:08,utilities,Duke Energy,134.71
ACCT-90562E4A,Anna Gaines,TX,67,2025-01-26 16:49:41,grocery,H-E-B,57.15
ACCT-90562E4A,Anna Gaines,TX,68,2025-01-26 18:02:13,dining,Chipotle Mexican Grill,26.72
ACCT-90562E4A,Anna Gaines,TX,69,2025-01-27 18:11:40,dining,McDonald's,33.73
ACCT-90562E4A,Anna Gaines,TX,70,2025-01-28 03:53:02,subscription,Disney+,12.99
ACCT-90562E4A,Anna Gaines,TX,71,2025-01-28 07:07:09,utilities,AT&T,85.7
ACCT-90562E4A,Anna Gaines,TX,72,2025-01-28 09:01:36,travel,Southwest Airlines,200.33
ACCT-90562E4A,Anna Gaines,TX,73,2025-01-28 14:06:29,grocery,Walmart,55.27
ACCT-90562E4A,Anna Gaines,TX,74,2025-01-29 00:00:20,subscription,Netflix,19.99
ACCT-90562E4A,Anna Gaines,TX,75,2025-01-29 18:20:17,retail,Target,110.97
ACCT-90562E4A,Anna Gaines,TX,76,2025-01-30 18:54:41,gas,Circle K,49.27
ACCT-90562E4A,Anna Gaines,TX,77,,,,
ACCT-90562E4A,Anna Gaines,TX,78,,,,
ACCT-90562E4A,Anna Gaines,TX,79,,,,
ACCT-90562E4A,Anna Gaines,TX,80,,,,
ACCT-90562E4A,Anna Gaines,TX,81,,,,
ACCT-90562E4A,Anna Gaines,TX,82,,,,
ACCT-90562E4A,Anna Gaines,TX,83,,,,
ACCT-90562E4A,Anna Gaines,TX,84,,,,
ACCT-90562E4A,Anna Gaines,TX,85,,,,
ACCT-90562E4A,Anna Gaines,TX,86,,,,
ACCT-90562E4A,Anna Gaines,TX,87,,,,
ACCT-90562E4A,Anna Gaines,TX,88,,,,
ACCT-90562E4A,Anna Gaines,TX,89,,,,
ACCT-90562E4A,Anna Gaines,TX,90,,,,
ACCT-90562E4A,Anna Gaines,TX,91,,,,
ACCT-90562E4A,Anna Gaines,TX,92,,,,
ACCT-90562E4A,Anna Gaines,TX,93,,,,
ACCT-90562E4A,Anna Gaines,TX,94,,,,
ACCT-9115F909,Becky Gonzalez,CA,1,2025-01-01 12:50:30,healthcare,Walgreens,22.16
ACCT-9115F909,Becky Gonzalez,CA,2,2025-01-01 16:00:53,retail,Target,203.08
ACCT-9115F909,Becky Gonzalez,CA,3,2025-01-01 18:15:38,dining,Starbucks,68.22
ACCT-9115F909,Becky Gonzalez,CA,4,2025-01-02 10:08:53,other,FedEx Office,165.81
ACCT-9115F909,Becky Gonzalez,CA,5,2025-01-02 14:55:18,ATM,Chase Bank ATM,360.0
ACCT-9115F909,Becky Gonzalez,CA,6,2025-01-04 09:33:04,subscription,Netflix,12.99
ACCT-9115F909,Becky Gonzalez,CA,7,2025-01-04 16:12:14,grocery,Whole Foods Market,103.54
ACCT-9115F909,Becky Gonzalez,CA,8,2025-01-05 07:40:02,other,FedEx,76.76
ACCT-9115F909,Becky Gonzalez,CA,9,2025-01-05 08:17:37,utilities,Pacific Gas & Electric,154.75
ACCT-9115F909,Becky Gonzalez,CA,10,2025-01-05 14:12:50,other,USPS,37.28
ACCT-9115F909,Becky Gonzalez,CA,11,2025-01-05 16:29:40,ATM,Chase Bank ATM,260.0
ACCT-9115F909,Becky Gonzalez,CA,12,2025-01-05 18:21:45,entertainment,AMC Theatres,39.38
ACCT-9115F909,Becky Gonzalez,CA,13,2025-01-06 15:26:05,travel,Delta Air Lines,397.09
ACCT-9115F909,Becky Gonzalez,CA,14,2025-01-06 16:08:31,automotive,Midas,326.51
ACCT-9115F909,Becky Gonzalez,CA,15,2025-01-06 18:32:30,entertainment,AMC Theatres,58.55
ACCT-9115F909,Becky Gonzalez,CA,16,2025-01-07 12:15:37,dining,Chipotle Mexican Grill,52.21
ACCT-9115F909,Becky Gonzalez,CA,17,2025-01-08 07:34:49,utilities,Pacific Gas & Electric,113.59
ACCT-9115F909,Becky Gonzalez,CA,18,2025-01-08 09:28:38,e-commerce,Amazon,57.54
ACCT-9115F909,Becky Gonzalez,CA,19,2025-01-08 14:35:24,grocery,Trader Joe's,47.09
ACCT-9115F909,Becky Gonzalez,CA,20,2025-01-08 17:04:42,retail,Target,222.13
ACCT-9115F909,Becky Gonzalez,CA,21,2025-01-08 17:28:10,automotive,Midas,12.85
ACCT-9115F909,Becky Gonzalez,CA,22,2025-01-08 18:28:06,entertainment,AMC Theatres,58.94
ACCT-9115F909,Becky Gonzalez,CA,23,2025-01-09 09:12:42,grocery,Whole Foods Market,72.29
ACCT-9115F909,Becky Gonzalez,CA,24,2025-01-09 18:28:29,automotive,Midas,530.65
ACCT-9115F909,Becky Gonzalez,CA,25,2025-01-10 09:34:31,grocery,Trader Joe's,75.17
ACCT-9115F909,Becky Gonzalez,CA,26,2025-01-10 12:00:29,dining,Chipotle Mexican Grill,62.58
ACCT-9115F909,Becky Gonzalez,CA,27,2025-01-10 15:16:16,gas,Chevron,92.17
ACCT-9115F909,Becky Gonzalez,CA,28,2025-01-10 20:25:55,dining,Starbucks,58.84
ACCT-9115F909,Becky Gonzalez,CA,29,2025-01-10 21:08:53,entertainment,AMC Theatres,67.51
ACCT-9115F909,Becky Gonzalez,CA,30,2025-01-11 07:53:05,subscription,Netflix,7.99
ACCT-9115F909,Becky Gonzalez,CA,31,2025-01-11 08:17:37,travel,United Airlines,152.57
ACCT-9115F909,Becky Gonzalez,CA,32,2025-01-11 12:05:22,healthcare,Walgreens,25.98
ACCT-9115F909,Becky Gonzalez,CA,33,2025-01-11 15:52:00,gas,Chevron,71.12
ACCT-9115F909,Becky Gonzalez,CA,34,2025-01-11 20:07:23,entertainment,AMC Theatres,39.58
ACCT-9115F909,Becky Gonzalez,CA,35,2025-01-12 07:52:14,ATM,Bank of America ATM,280.0
ACCT-9115F909,Becky Gonzalez,CA,36,2025-01-12 17:33:59,retail,Target,56.8
ACCT-9115F909,Becky Gonzalez,CA,37,2025-01-12 17:37:18,automotive,Midas,171.99
ACCT-9115F909,Becky Gonzalez,CA,38,2025-01-12 19:46:55,entertainment,AMC Theatres,39.61
ACCT-9115F909,Becky Gonzalez,CA,39,2025-01-13 10:33:57,dining,McDonald's,67.04
ACCT-9115F909,Becky Gonzalez,CA,40,2025-01-14 09:15:48,wire_transfer,PayPal,1670.86
ACCT-9115F909,Becky Gonzalez,CA,41,2025-01-15 04:06:54,subscription,Spotify,12.99
ACCT-9115F909,Becky Gonzalez,CA,42,2025-01-15 20:46:37,dining,McDonald's,39.29
ACCT-9115F909,Becky Gonzalez,CA,43,2025-01-16 06:10:57,gas,Shell,63.9
ACCT-9115F909,Becky Gonzalez,CA,44,2025-01-16 15:30:20,retail,Best Buy,132.73
ACCT-9115F909,Becky Gonzalez,CA,45,2025-01-16 16:32:51,grocery,Whole Foods Market,34.24
ACCT-9115F909,Becky Gonzalez,CA,46,2025-01-16 20:09:20,entertainment,AMC Theatres,92.96
ACCT-9115F909,Becky Gonzalez,CA,47,2025-01-17 17:17:47,dining,McDonald's,100.91
ACCT-9115F909,Becky Gonzalez,CA,48,2025-01-17 20:42:02,other,USPS,49.5
ACCT-9115F909,Becky Gonzalez,CA,49,2025-01-18 08:16:58,grocery,Whole Foods Market,60.44
ACCT-9115F909,Becky Gonzalez,CA,50,2025-01-18 09:35:28,healthcare,Walgreens,411.64
ACCT-9115F909,Becky Gonzalez,CA,51,2025-01-18 10:16:59,e-commerce,Amazon,106.54
ACCT-9115F909,Becky Gonzalez,CA,52,2025-01-18 13:09:14,dining,Chipotle Mexican Grill,35.86
ACCT-9115F909,Becky Gonzalez,CA,53,2025-01-18 18:01:59,entertainment,AMC Theatres,65.86
ACCT-9115F909,Becky Gonzalez,CA,54,2025-01-18 21:25:27,ATM,Bank of America ATM,160.0
ACCT-9115F909,Becky Gonzalez,CA,55,2025-01-19 13:38:07,retail,Nordstrom,106.88
ACCT-9115F909,Becky Gonzalez,CA,56,2025-01-19 16:32:18,e-commerce,Amazon,67.06
ACCT-9115F909,Becky Gonzalez,CA,57,2025-01-19 18:17:48,dining,McDonald's,27.26
ACCT-9115F909,Becky Gonzalez,CA,58,2025-01-20 07:14:40,automotive,Midas,19.21
ACCT-9115F909,Becky Gonzalez,CA,59,2025-01-20 16:27:10,grocery,Whole Foods Market,73.65
ACCT-9115F909,Becky Gonzalez,CA,60,2025-01-20 19:22:13,dining,Starbucks,37.8
ACCT-9115F909,Becky Gonzalez,CA,61,2025-01-21 00:00:52,subscription,Netflix,14.99
ACCT-9115F909,Becky Gonzalez,CA,62,2025-01-21 12:56:37,grocery,Trader Joe's,104.82
ACCT-9115F909,Becky Gonzalez,CA,63,2025-01-21 17:55:36,gas,Chevron,92.76
ACCT-9115F909,Becky Gonzalez,CA,64,2025-01-21 18:39:04,dining,McDonald's,18.5
ACCT-9115F909,Becky Gonzalez,CA,65,2025-01-21 22:17:36,entertainment,AMC Theatres,77.76
ACCT-9115F909,Becky Gonzalez,CA,66,2025-01-22 10:37:34,retail,Target,140.62
ACCT-9115F909,Becky Gonzalez,CA,67,2025-01-22 17:49:12,dining,Chipotle Mexican Grill,105.06
ACCT-9115F909,Becky Gonzalez,CA,68,2025-01-22 18:32:51,grocery,Whole Foods Market,108.07
ACCT-9115F909,Becky Gonzalez,CA,69,2025-01-23 17:39:08,entertainment,AMC Theatres,49.2
ACCT-9115F909,Becky Gonzalez,CA,70,2025-01-23 18:14:31,dining,Chipotle Mexican Grill,66.05
ACCT-9115F909,Becky Gonzalez,CA,71,2025-01-24 08:12:11,grocery,Trader Joe's,117.67
ACCT-9115F909,Becky Gonzalez,CA,72,2025-01-25 10:10:03,healthcare,CVS Pharmacy,690.26
ACCT-9115F909,Becky Gonzalez,CA,73,2025-01-25 14:11:19,grocery,Whole Foods Market,50.46
ACCT-9115F909,Becky Gonzalez,CA,74,2025-01-25 14:54:25,retail,Nordstrom,219.68
ACCT-9115F909,Becky Gonzalez,CA,75,2025-01-25 20:06:52,dining,Starbucks,68.07
ACCT-9115F909,Becky Gonzalez,CA,76,2025-01-26 16:25:11,gas,Chevron,95.05
ACCT-9115F909,Becky Gonzalez,CA,77,2025-01-26 17:36:38,grocery,Whole Foods Market,102.62
ACCT-9115F909,Becky Gonzalez,CA,78,2025-01-26 18:27:54,retail,The Home Depot,83.77
ACCT-9115F909,Becky Gonzalez,CA,79,2025-01-27 13:01:37,dining,Chipotle Mexican Grill,33.59
ACCT-9115F909,Becky Gonzalez,CA,80,2025-01-27 17:27:39,grocery,Whole Foods Market,112.46
ACCT-9115F909,Becky Gonzalez,CA,81,2025-01-28 10:05:16,e-commerce,Amazon,133.67
ACCT-9115F909,Becky Gonzalez,CA,82,2025-01-28 12:35:17,healthcare,CVS Pharmacy,40.0
ACCT-9115F909,Becky Gonzalez,CA,83,2025-01-28 23:00:40,entertainment,AMC Theatres,112.21
ACCT-9115F909,Becky Gonzalez,CA,84,2025-01-29 07:12:00,automotive,Midas,18.27
ACCT-9115F909,Becky Gonzalez,CA,85,2025-01-29 09:10:46,ATM,Wells Fargo ATM,300.0
ACCT-9115F909,Becky Gonzalez,CA,86,2025-01-29 15:20:38,gas,Chevron,114.61
ACCT-9115F909,Becky Gonzalez,CA,87,2025-01-30 11:42:14,utilities,Pacific Gas & Electric,178.28
ACCT-9115F909,Becky Gonzalez,CA,88,2025-01-31 10:36:33,subscription,Netflix,15.99
ACCT-9115F909,Becky Gonzalez,CA,89,2025-01-31 13:50:56,e-commerce,Amazon,123.45
ACCT-9115F909,Becky Gonzalez,CA,90,2025-01-31 14:54:17,grocery,Safeway,73.72
ACCT-9115F909,Becky Gonzalez,CA,91,,,,
ACCT-9115F909,Becky Gonzalez,CA,92,,,,
ACCT-9115F909,Becky Gonzalez,CA,93,,,,
ACCT-9115F909,Becky Gonzalez,CA,94,,,,
ACCT-9FD84EEB,Thomas Rush,MD,1,2025-01-02 08:18:33,travel,Delta Air Lines,302.43
ACCT-9FD84EEB,Thomas Rush,MD,2,2025-01-02 13:12:29,grocery,Walmart,47.51
ACCT-9FD84EEB,Thomas Rush,MD,3,2025-01-02 16:34:23,automotive,Midas,22.15
ACCT-9FD84EEB,Thomas Rush,MD,4,2025-01-02 19:24:00,gas,Shell,40.07
ACCT-9FD84EEB,Thomas Rush,MD,5,2025-01-02 21:07:17,dining,McDonald's,43.66
ACCT-9FD84EEB,Thomas Rush,MD,6,2025-01-03 12:41:59,retail,Target,47.0
ACCT-9FD84EEB,Thomas Rush,MD,7,2025-01-03 22:43:00,dining,Chick-fil-A,92.64
ACCT-9FD84EEB,Thomas Rush,MD,8,2025-01-04 06:17:59,subscription,Netflix,9.99
ACCT-9FD84EEB,Thomas Rush,MD,9,2025-01-04 07:45:29,gas,Speedway,96.65
ACCT-9FD84EEB,Thomas Rush,MD,10,2025-01-04 12:11:35,retail,Target,25.28
ACCT-9FD84EEB,Thomas Rush,MD,11,2025-01-04 13:00:16,e-commerce,Amazon,217.71
ACCT-9FD84EEB,Thomas Rush,MD,12,2025-01-04 18:54:23,dining,McDonald's,67.62
ACCT-9FD84EEB,Thomas Rush,MD,13,2025-01-05 16:12:14,retail,Target,103.27
ACCT-9FD84EEB,Thomas Rush,MD,14,2025-01-06 15:50:46,grocery,Kroger,47.69
ACCT-9FD84EEB,Thomas Rush,MD,15,2025-01-07 18:27:34,gas,Shell,63.16
ACCT-9FD84EEB,Thomas Rush,MD,16,2025-01-07 18:54:33,entertainment,AMC Theatres,56.43
ACCT-9FD84EEB,Thomas Rush,MD,17,2025-01-08 00:00:43,subscription,Netflix,12.99
ACCT-9FD84EEB,Thomas Rush,MD,18,2025-01-10 04:04:42,subscription,Netflix,49.99
ACCT-9FD84EEB,Thomas Rush,MD,19,2025-01-10 09:06:43,automotive,Midas,570.78
ACCT-9FD84EEB,Thomas Rush,MD,20,2025-01-10 11:21:56,travel,Marriott,680.43
ACCT-9FD84EEB,Thomas Rush,MD,21,2025-01-10 17:25:16,grocery,Trader Joe's,111.17
ACCT-9FD84EEB,Thomas Rush,MD,22,2025-01-10 20:35:42,retail,Target,61.15
ACCT-9FD84EEB,Thomas Rush,MD,23,2025-01-11 08:57:27,subscription,Netflix,9.99
ACCT-9FD84EEB,Thomas Rush,MD,24,2025-01-11 10:12:09,ATM,Allpoint ATM,220.0
ACCT-9FD84EEB,Thomas Rush,MD,25,2025-01-13 00:00:28,subscription,Netflix,4.99
ACCT-9FD84EEB,Thomas Rush,MD,26,2025-01-13 10:18:06,gas,Shell,94.87
ACCT-9FD84EEB,Thomas Rush,MD,27,2025-01-13 17:54:22,dining,McDonald's,111.4
ACCT-9FD84EEB,Thomas Rush,MD,28,2025-01-14 12:59:38,dining,Starbucks,170.12
ACCT-9FD84EEB,Thomas Rush,MD,29,2025-01-16 14:18:10,retail,Target,61.2
ACCT-9FD84EEB,Thomas Rush,MD,30,2025-01-17 09:32:48,utilities,Comcast Xfinity,181.25
ACCT-9FD84EEB,Thomas Rush,MD,31,2025-01-17 14:21:51,ATM,PNC Bank ATM,360.0
ACCT-9FD84EEB,Thomas Rush,MD,32,2025-01-18 12:15:27,grocery,Walmart,68.32
ACCT-9FD84EEB,Thomas Rush,MD,33,2025-01-19 08:41:15,healthcare,Walgreens Pharmacy,264.63
ACCT-9FD84EEB,Thomas Rush,MD,34,2025-01-19 10:46:39,e-commerce,Amazon,225.14
ACCT-9FD84EEB,Thomas Rush,MD,35,2025-01-20 09:51:54,utilities,Duke Energy,193.08
ACCT-9FD84EEB,Thomas Rush,MD,36,2025-01-20 17:59:40,entertainment,AMC Theatres,68.06
ACCT-9FD84EEB,Thomas Rush,MD,37,2025-01-20 18:25:14,entertainment,AMC Theatres,70.35
ACCT-9FD84EEB,Thomas Rush,MD,38,2025-01-21 09:46:29,subscription,Spotify,14.99
ACCT-9FD84EEB,Thomas Rush,MD,39,2025-01-21 14:11:47,ATM,Chase Bank ATM,200.0
ACCT-9FD84EEB,Thomas Rush,MD,40,2025-01-21 19:22:16,entertainment,AMC Theatres,46.67
ACCT-9FD84EEB,Thomas Rush,MD,41,2025-01-22 12:15:04,retail,Target,29.6
ACCT-9FD84EEB,Thomas Rush,MD,42,2025-01-23 12:55:36,grocery,Kroger,102.8
ACCT-9FD84EEB,Thomas Rush,MD,43,2025-01-24 13:08:23,retail,Burlington,98.55
ACCT-9FD84EEB,Thomas Rush,MD,44,2025-01-24 15:32:00,retail,Target,30.14
ACCT-9FD84EEB,Thomas Rush,MD,45,2025-01-24 16:06:07,retail,Walmart,63.68
ACCT-9FD84EEB,Thomas Rush,MD,46,2025-01-24 23:00:12,e-commerce,Amazon,12.38
ACCT-9FD84EEB,Thomas Rush,MD,47,2025-01-25 00:00:30,subscription,Netflix,4.99
ACCT-9FD84EEB,Thomas Rush,MD,48,2025-01-25 14:04:19,travel,Marriott,409.01
ACCT-9FD84EEB,Thomas Rush,MD,49,2025-01-25 15:51:44,e-commerce,Amazon,326.62
ACCT-9FD84EEB,Thomas Rush,MD,50,2025-01-26 02:35:20,subscription,Netflix,12.99
ACCT-9FD84EEB,Thomas Rush,MD,51,2025-01-26 09:37:08,retail,Best Buy,235.16
ACCT-9FD84EEB,Thomas Rush,MD,52,2025-01-26 15:57:23,retail,Target,263.58
ACCT-9FD84EEB,Thomas Rush,MD,53,2025-01-26 17:41:30,dining,McDonald's,54.8
ACCT-9FD84EEB,Thomas Rush,MD,54,2025-01-26 18:29:58,grocery,Whole Foods Market,60.77
ACCT-9FD84EEB,Thomas Rush,MD,55,2025-01-27 13:24:57,grocery,Whole Foods Market,122.76
ACCT-9FD84EEB,Thomas Rush,MD,56,2025-01-27 14:55:59,automotive,Midas,19.09
ACCT-9FD84EEB,Thomas Rush,MD,57,2025-01-28 07:21:17,utilities,Comcast Xfinity,147.31
ACCT-9FD84EEB,Thomas Rush,MD,58,2025-01-28 10:55:28,wire_transfer,PayPal,2324.88
ACCT-9FD84EEB,Thomas Rush,MD,59,2025-01-28 15:16:59,e-commerce,Amazon,48.86
ACCT-9FD84EEB,Thomas Rush,MD,60,2025-01-28 17:23:27,grocery,Walmart,50.22
ACCT-9FD84EEB,Thomas Rush,MD,61,2025-01-29 07:30:53,gas,Shell,79.05
ACCT-9FD84EEB,Thomas Rush,MD,62,2025-01-29 20:00:43,automotive,Midas,5.81
ACCT-9FD84EEB,Thomas Rush,MD,63,2025-01-30 00:00:11,subscription,Spotify,12.99
ACCT-9FD84EEB,Thomas Rush,MD,64,2025-01-30 17:13:25,retail,Target,68.69
ACCT-9FD84EEB,Thomas Rush,MD,65,2025-01-31 10:01:00,gas,Circle K,102.96
ACCT-9FD84EEB,Thomas Rush,MD,66,2025-01-31 10:34:01,travel,Marriott,1101.76
ACCT-9FD84EEB,Thomas Rush,MD,67,2025-01-31 10:56:50,retail,Target,59.11
ACCT-9FD84EEB,Thomas Rush,MD,68,2025-01-31 11:24:20,grocery,Trader Joe's,155.91
ACCT-9FD84EEB,Thomas Rush,MD,69,2025-01-31 18:34:01,entertainment,AMC Theatres,52.39
ACCT-9FD84EEB,Thomas Rush,MD,70,,,,
ACCT-9FD84EEB,Thomas Rush,MD,71,,,,
ACCT-9FD84EEB,Thomas Rush,MD,72,,,,
ACCT-9FD84EEB,Thomas Rush,MD,73,,,,
ACCT-9FD84EEB,Thomas Rush,MD,74,,,,
ACCT-9FD84EEB,Thomas Rush,MD,75,,,,
ACCT-9FD84EEB,Thomas Rush,MD,76,,,,
ACCT-9FD84EEB,Thomas Rush,MD,77,,,,
ACCT-9FD84EEB,Thomas Rush,MD,78,,,,
ACCT-9FD84EEB,Thomas Rush,MD,79,,,,
ACCT-9FD84EEB,Thomas Rush,MD,80,,,,
ACCT-9FD84EEB,Thomas Rush,MD,81,,,,
ACCT-9FD84EEB,Thomas Rush,MD,82,,,,
ACCT-9FD84EEB,Thomas Rush,MD,83,,,,
ACCT-9FD84EEB,Thomas Rush,MD,84,,,,
ACCT-9FD84EEB,Thomas Rush,MD,85,,,,
ACCT-9FD84EEB,Thomas Rush,MD,86,,,,
ACCT-9FD84EEB,Thomas Rush,MD,87,,,,
ACCT-9FD84EEB,Thomas Rush,MD,88,,,,
ACCT-9FD84EEB,Thomas Rush,MD,89,,,,
ACCT-9FD84EEB,Thomas Rush,MD,90,,,,
ACCT-9FD84EEB,Thomas Rush,MD,91,,,,
ACCT-9FD84EEB,Thomas Rush,MD,92,,,,
ACCT-9FD84EEB,Thomas Rush,MD,93,,,,
ACCT-9FD84EEB,Thomas Rush,MD,94,,,,
ACCT-A0FCC947,Catherine Jones,OR,1,2025-01-01 11:05:15,wire_transfer,Western Union,3646.52
ACCT-A0FCC947,Catherine Jones,OR,2,2025-01-01 12:48:39,utilities,Pacific Gas & Electric,87.91
ACCT-A0FCC947,Catherine Jones,OR,3,2025-01-01 13:44:20,ATM,Chase Bank ATM,300.0
ACCT-A0FCC947,Catherine Jones,OR,4,2025-01-02 13:15:56,healthcare,CVS Pharmacy,290.01
ACCT-A0FCC947,Catherine Jones,OR,5,2025-01-02 14:31:14,e-commerce,Amazon,57.02
ACCT-A0FCC947,Catherine Jones,OR,6,2025-01-02 18:12:37,dining,Starbucks,98.91
ACCT-A0FCC947,Catherine Jones,OR,7,2025-01-03 12:19:34,gas,Shell,65.59
ACCT-A0FCC947,Catherine Jones,OR,8,2025-01-04 01:38:07,subscription,Netflix,14.99
ACCT-A0FCC947,Catherine Jones,OR,9,2025-01-04 10:14:30,automotive,Valvoline Instant Oil Change,220.57
ACCT-A0FCC947,Catherine Jones,OR,10,2025-01-04 10:26:31,grocery,Walmart,90.26
ACCT-A0FCC947,Catherine Jones,OR,11,2025-01-04 10:58:36,e-commerce,Amazon,163.2
ACCT-A0FCC947,Catherine Jones,OR,12,2025-01-04 11:51:37,healthcare,CVS Pharmacy,46.46
ACCT-A0FCC947,Catherine Jones,OR,13,2025-01-05 09:19:42,ATM,Wells Fargo ATM,260.0
ACCT-A0FCC947,Catherine Jones,OR,14,2025-01-05 10:52:34,gas,Shell,88.94
ACCT-A0FCC947,Catherine Jones,OR,15,2025-01-05 20:00:07,automotive,Midas,19.52
ACCT-A0FCC947,Catherine Jones,OR,16,2025-01-05 23:00:48,entertainment,AMC Theatres,43.66
ACCT-A0FCC947,Catherine Jones,OR,17,2025-01-06 08:09:03,wire_transfer,PayPal,2728.43
ACCT-A0FCC947,Catherine Jones,OR,18,2025-01-07 08:56:44,grocery,Safeway,122.42
ACCT-A0FCC947,Catherine Jones,OR,19,2025-01-07 12:06:37,healthcare,Walgreens,669.59
ACCT-A0FCC947,Catherine Jones,OR,20,2025-01-07 19:18:44,entertainment,AMC Theatres,172.36
ACCT-A0FCC947,Catherine Jones,OR,21,2025-01-07 19:44:14,entertainment,AMC Theatres,64.4
ACCT-A0FCC947,Catherine Jones,OR,22,2025-01-08 06:58:14,subscription,Netflix,7.99
ACCT-A0FCC947,Catherine Jones,OR,23,2025-01-09 08:36:13,utilities,Pacific Gas & Electric,199.47
ACCT-A0FCC947,Catherine Jones,OR,24,2025-01-09 10:55:15,wire_transfer,PayPal,1669.1
ACCT-A0FCC947,Catherine Jones,OR,25,2025-01-09 12:42:45,dining,Starbucks,35.26
ACCT-A0FCC947,Catherine Jones,OR,26,2025-01-09 17:46:52,dining,McDonald's,30.24
ACCT-A0FCC947,Catherine Jones,OR,27,2025-01-09 17:50:28,retail,Target,47.59
ACCT-A0FCC947,Catherine Jones,OR,28,2025-01-10 00:58:43,subscription,Netflix,39.99
ACCT-A0FCC947,Catherine Jones,OR,29,2025-01-10 06:48:24,gas,Circle K,55.71
ACCT-A0FCC947,Catherine Jones,OR,30,2025-01-10 09:19:41,healthcare,Walgreens,438.1
ACCT-A0FCC947,Catherine Jones,OR,31,2025-01-10 12:11:07,other,DHL,57.37
ACCT-A0FCC947,Catherine Jones,OR,32,2025-01-10 16:58:42,retail,Target,32.44
ACCT-A0FCC947,Catherine Jones,OR,33,2025-01-10 17:08:42,retail,Target,82.75
ACCT-A0FCC947,Catherine Jones,OR,34,2025-01-12 11:31:48,retail,Burlington,70.25
ACCT-A0FCC947,Catherine Jones,OR,35,2025-01-12 11:39:29,grocery,Walmart,138.7
ACCT-A0FCC947,Catherine Jones,OR,36,2025-01-13 09:39:29,grocery,Safeway,92.29
ACCT-A0FCC947,Catherine Jones,OR,37,2025-01-13 17:05:25,ATM,Allpoint ATM,360.0
ACCT-A0FCC947,Catherine Jones,OR,38,2025-01-14 15:37:20,automotive,Midas,582.44
ACCT-A0FCC947,Catherine Jones,OR,39,2025-01-15 07:49:14,healthcare,Walgreens,456.11
ACCT-A0FCC947,Catherine Jones,OR,40,2025-01-15 16:19:05,gas,Shell,80.12
ACCT-A0FCC947,Catherine Jones,OR,41,2025-01-15 22:03:11,entertainment,AMC Theatres,68.92
ACCT-A0FCC947,Catherine Jones,OR,42,2025-01-16 09:34:14,grocery,Safeway,106.49
ACCT-A0FCC947,Catherine Jones,OR,43,2025-01-17 07:00:34,utilities,Pacific Gas & Electric,270.32
ACCT-A0FCC947,Catherine Jones,OR,44,2025-01-17 08:46:19,gas,Shell,78.05
ACCT-A0FCC947,Catherine Jones,OR,45,2025-01-17 09:45:53,healthcare,CVS Pharmacy,462.87
ACCT-A0FCC947,Catherine Jones,OR,46,2025-01-17 18:23:16,automotive,Midas,422.22
ACCT-A0FCC947,Catherine Jones,OR,47,2025-01-17 18:43:37,travel,Delta Air Lines,462.32
ACCT-A0FCC947,Catherine Jones,OR,48,2025-01-18 07:24:12,grocery,Safeway,90.67
ACCT-A0FCC947,Catherine Jones,OR,49,2025-01-18 13:38:20,travel,Marriott,370.06
ACCT-A0FCC947,Catherine Jones,OR,50,2025-01-18 16:42:04,dining,Starbucks,40.68
ACCT-A0FCC947,Catherine Jones,OR,51,2025-01-18 16:49:21,e-commerce,Amazon,161.38
ACCT-A0FCC947,Catherine Jones,OR,52,2025-01-18 18:05:05,e-commerce,Amazon,133.48
ACCT-A0FCC947,Catherine Jones,OR,53,2025-01-19 08:28:25,healthcare,Walgreens,483.78
ACCT-A0FCC947,Catherine Jones,OR,54,2025-01-19 18:41:04,dining,McDonald's,49.47
ACCT-A0FCC947,Catherine Jones,OR,55,2025-01-20 01:54:17,subscription,Spotify,12.99
ACCT-A0FCC947,Catherine Jones,OR,56,2025-01-20 12:57:14,healthcare,Walgreens,34.28
ACCT-A0FCC947,Catherine Jones,OR,57,2025-01-20 13:30:36,dining,McDonald's,81.47
ACCT-A0FCC947,Catherine Jones,OR,58,2025-01-20 17:58:01,dining,Starbucks,86.84
ACCT-A0FCC947,Catherine Jones,OR,59,2025-01-21 11:03:46,other,FedEx,26.83
ACCT-A0FCC947,Catherine Jones,OR,60,2025-01-22 06:07:40,travel,Marriott,684.23
ACCT-A0FCC947,Catherine Jones,OR,61,2025-01-22 08:08:12,travel,Delta Air Lines,817.08
ACCT-A0FCC947,Catherine Jones,OR,62,2025-01-22 22:29:17,entertainment,AMC Theatres,33.3
ACCT-A0FCC947,Catherine Jones,OR,63,2025-01-23 08:52:03,grocery,Safeway,57.34
ACCT-A0FCC947,Catherine Jones,OR,64,2025-01-23 14:59:41,healthcare,Walgreens Pharmacy,49.27
ACCT-A0FCC947,Catherine Jones,OR,65,2025-01-23 17:27:54,retail,Target,101.73
ACCT-A0FCC947,Catherine Jones,OR,66,2025-01-24 14:42:09,automotive,Midas,234.23
ACCT-A0FCC947,Catherine Jones,OR,67,2025-01-24 20:58:05,dining,Starbucks,51.33
ACCT-A0FCC947,Catherine Jones,OR,68,2025-01-25 00:00:12,subscription,Netflix,14.99
ACCT-A0FCC947,Catherine Jones,OR,69,2025-01-25 07:00:59,grocery,Safeway,69.28
ACCT-A0FCC947,Catherine Jones,OR,70,2025-01-25 12:40:16,e-commerce,Amazon,60.69
ACCT-A0FCC947,Catherine Jones,OR,71,2025-01-25 15:33:58,retail,Target,61.38
ACCT-A0FCC947,Catherine Jones,OR,72,2025-01-25 16:22:33,other,The UPS Store,61.55
ACCT-A0FCC947,Catherine Jones,OR,73,2025-01-25 17:03:02,dining,Starbucks,23.79
ACCT-A0FCC947,Catherine Jones,OR,74,2025-01-25 17:48:25,dining,Starbucks,28.71
ACCT-A0FCC947,Catherine Jones,OR,75,2025-01-26 07:13:58,healthcare,Walgreens,638.48
ACCT-A0FCC947,Catherine Jones,OR,76,2025-01-26 15:21:54,utilities,Pacific Gas & Electric,221.49
ACCT-A0FCC947,Catherine Jones,OR,77,2025-01-26 21:02:48,dining,Starbucks,58.6
ACCT-A0FCC947,Catherine Jones,OR,78,2025-01-27 06:27:45,e-commerce,Amazon,63.54
ACCT-A0FCC947,Catherine Jones,OR,79,2025-01-27 08:18:43,automotive,Midas,241.08
ACCT-A0FCC947,Catherine Jones,OR,80,2025-01-27 08:34:12,utilities,Pacific Gas & Electric,105.97
ACCT-A0FCC947,Catherine Jones,OR,81,2025-01-27 13:14:10,dining,Starbucks,81.72
ACCT-A0FCC947,Catherine Jones,OR,82,2025-01-27 21:49:12,ATM,Bank of America ATM,160.0
ACCT-A0FCC947,Catherine Jones,OR,83,2025-01-28 04:30:32,subscription,Netflix,4.99
ACCT-A0FCC947,Catherine Jones,OR,84,2025-01-28 08:53:09,healthcare,Walgreens Pharmacy,522.63
ACCT-A0FCC947,Catherine Jones,OR,85,2025-01-28 09:21:51,gas,Speedway,51.49
ACCT-A0FCC947,Catherine Jones,OR,86,2025-01-28 10:53:16,grocery,Safeway,140.7
ACCT-A0FCC947,Catherine Jones,OR,87,2025-01-28 12:31:03,e-commerce,Amazon,54.0
ACCT-A0FCC947,Catherine Jones,OR,88,2025-01-30 09:05:38,wire_transfer,Wise,4601.96
ACCT-A0FCC947,Catherine Jones,OR,89,2025-01-30 11:19:13,healthcare,CVS Pharmacy,40.06
ACCT-A0FCC947,Catherine Jones,OR,90,2025-01-30 11:40:00,e-commerce,Amazon,166.34
ACCT-A0FCC947,Catherine Jones,OR,91,2025-01-30 12:45:41,retail,Target,54.04
ACCT-A0FCC947,Catherine Jones,OR,92,2025-01-30 20:17:27,dining,Starbucks,65.47
ACCT-A0FCC947,Catherine Jones,OR,93,2025-01-31 12:04:00,retail,Best Buy,112.72
ACCT-A0FCC947,Catherine Jones,OR,94,2025-01-31 13:16:34,grocery,Whole Foods Market,21.65
ACCT-AB167918,Alexandria Grant,FL,1,2025-01-01 08:54:02,ATM,Chase Bank ATM,100.0
ACCT-AB167918,Alexandria Grant,FL,2,2025-01-01 17:32:06,dining,Chick-fil-A,46.91
ACCT-AB167918,Alexandria Grant,FL,3,2025-01-01 19:27:31,retail,Target,127.16
ACCT-AB167918,Alexandria Grant,FL,4,2025-01-02 07:13:12,gas,Shell,48.97
ACCT-AB167918,Alexandria Grant,FL,5,2025-01-03 08:05:59,grocery,Publix,95.87
ACCT-AB167918,Alexandria Grant,FL,6,2025-01-03 08:32:38,automotive,Monro Auto Service,11.43
ACCT-AB167918,Alexandria Grant,FL,7,2025-01-03 11:39:54,ATM,Wells Fargo ATM,280.0
ACCT-AB167918,Alexandria Grant,FL,8,2025-01-03 14:42:39,utilities,Duke Energy,72.21
ACCT-AB167918,Alexandria Grant,FL,9,2025-01-04 05:00:50,travel,Marriott,569.01
ACCT-AB167918,Alexandria Grant,FL,10,2025-01-05 13:25:32,e-commerce,Amazon,75.92
ACCT-AB167918,Alexandria Grant,FL,11,2025-01-05 13:42:33,dining,Starbucks,36.52
ACCT-AB167918,Alexandria Grant,FL,12,2025-01-06 11:04:38,travel,Marriott,263.28
ACCT-AB167918,Alexandria Grant,FL,13,2025-01-06 15:25:19,retail,Walmart,18.73
ACCT-AB167918,Alexandria Grant,FL,14,2025-01-06 16:46:49,grocery,Publix,54.1
ACCT-AB167918,Alexandria Grant,FL,15,2025-01-07 17:32:38,dining,McDonald's,19.43
ACCT-AB167918,Alexandria Grant,FL,16,2025-01-08 00:00:22,subscription,Netflix,9.99
ACCT-AB167918,Alexandria Grant,FL,17,2025-01-08 10:10:42,e-commerce,Amazon,39.93
ACCT-AB167918,Alexandria Grant,FL,18,2025-01-08 12:46:59,grocery,Walmart,52.44
ACCT-AB167918,Alexandria Grant,FL,19,2025-01-08 19:51:36,dining,Starbucks,22.49
ACCT-AB167918,Alexandria Grant,FL,20,2025-01-09 12:20:11,grocery,Publix,75.18
ACCT-AB167918,Alexandria Grant,FL,21,2025-01-10 13:21:25,dining,Chipotle Mexican Grill,59.91
ACCT-AB167918,Alexandria Grant,FL,22,2025-01-10 17:22:48,e-commerce,eBay,81.44
ACCT-AB167918,Alexandria Grant,FL,23,2025-01-11 12:59:36,retail,Target,62.28
ACCT-AB167918,Alexandria Grant,FL,24,2025-01-12 12:23:03,dining,McDonald's,33.82
ACCT-AB167918,Alexandria Grant,FL,25,2025-01-12 16:34:44,retail,Target,113.82
ACCT-AB167918,Alexandria Grant,FL,26,2025-01-13 09:13:51,grocery,Publix,89.87
ACCT-AB167918,Alexandria Grant,FL,27,2025-01-14 03:36:35,subscription,Disney+,7.99
ACCT-AB167918,Alexandria Grant,FL,28,2025-01-14 09:45:20,utilities,Comcast Xfinity,121.2
ACCT-AB167918,Alexandria Grant,FL,29,2025-01-15 13:17:19,e-commerce,Amazon,59.38
ACCT-AB167918,Alexandria Grant,FL,30,2025-01-16 09:49:43,healthcare,Walgreens,27.44
ACCT-AB167918,Alexandria Grant,FL,31,2025-01-16 15:27:39,retail,Walmart,14.64
ACCT-AB167918,Alexandria Grant,FL,32,2025-01-16 16:28:41,grocery,Publix,105.24
ACCT-AB167918,Alexandria Grant,FL,33,2025-01-17 07:41:10,gas,Shell,70.16
ACCT-AB167918,Alexandria Grant,FL,34,2025-01-17 17:41:21,ATM,Chase Bank ATM,180.0
ACCT-AB167918,Alexandria Grant,FL,35,2025-01-18 00:00:09,subscription,Netflix,4.99
ACCT-AB167918,Alexandria Grant,FL,36,2025-01-18 05:23:50,gas,Shell,28.03
ACCT-AB167918,Alexandria Grant,FL,37,2025-01-18 10:52:02,other,FedEx Office,34.32
ACCT-AB167918,Alexandria Grant,FL,38,2025-01-19 11:18:27,utilities,Comcast Xfinity,86.6
ACCT-AB167918,Alexandria Grant,FL,39,2025-01-20 10:09:06,utilities,Comcast Xfinity,138.1
ACCT-AB167918,Alexandria Grant,FL,40,2025-01-20 14:43:48,retail,Walmart,65.81
ACCT-AB167918,Alexandria Grant,FL,41,2025-01-20 15:12:40,grocery,Publix,38.34
ACCT-AB167918,Alexandria Grant,FL,42,2025-01-21 08:06:21,gas,Shell,59.25
ACCT-AB167918,Alexandria Grant,FL,43,2025-01-21 09:59:42,healthcare,CVS Pharmacy,39.57
ACCT-AB167918,Alexandria Grant,FL,44,2025-01-21 12:09:13,dining,McDonald's,79.42
ACCT-AB167918,Alexandria Grant,FL,45,2025-01-21 12:56:20,dining,McDonald's,73.67
ACCT-AB167918,Alexandria Grant,FL,46,2025-01-21 15:41:50,automotive,Caliber Collision,9.01
ACCT-AB167918,Alexandria Grant,FL,47,2025-01-21 21:11:19,ATM,Chase Bank ATM,260.0
ACCT-AB167918,Alexandria Grant,FL,48,2025-01-22 09:43:25,subscription,Netflix,24.99
ACCT-AB167918,Alexandria Grant,FL,49,2025-01-22 11:32:49,healthcare,CVS Pharmacy,75.0
ACCT-AB167918,Alexandria Grant,FL,50,2025-01-22 11:52:58,utilities,AT&T,99.86
ACCT-AB167918,Alexandria Grant,FL,51,2025-01-22 15:45:43,e-commerce,Amazon,27.01
ACCT-AB167918,Alexandria Grant,FL,52,2025-01-22 18:40:56,automotive,Midas,134.9
ACCT-AB167918,Alexandria Grant,FL,53,2025-01-23 20:28:36,gas,Speedway,36.86
ACCT-AB167918,Alexandria Grant,FL,54,2025-01-24 11:42:24,grocery,Publix,80.09
ACCT-AB167918,Alexandria Grant,FL,55,2025-01-24 17:31:08,gas,Shell,51.24
ACCT-AB167918,Alexandria Grant,FL,56,2025-01-24 18:06:53,dining,Starbucks,28.29
ACCT-AB167918,Alexandria Grant,FL,57,2025-01-24 18:21:28,entertainment,AMC Theatres,81.66
ACCT-AB167918,Alexandria Grant,FL,58,2025-01-24 23:00:04,entertainment,AMC Theatres,57.71
ACCT-AB167918,Alexandria Grant,FL,59,2025-01-25 13:41:08,gas,Speedway,59.49
ACCT-AB167918,Alexandria Grant,FL,60,2025-01-26 10:50:52,travel,American Airlines,195.96
ACCT-AB167918,Alexandria Grant,FL,61,2025-01-26 11:58:32,e-commerce,Amazon,101.51
ACCT-AB167918,Alexandria Grant,FL,62,2025-01-26 13:51:06,other,FedEx,86.86
ACCT-AB167918,Alexandria Grant,FL,63,2025-01-26 20:40:45,gas,Sunrise Fuel & Service,47.21
ACCT-AB167918,Alexandria Grant,FL,64,2025-01-27 00:00:33,subscription,Netflix,12.99
ACCT-AB167918,Alexandria Grant,FL,65,2025-01-27 12:28:55,dining,McDonald's,46.29
ACCT-AB167918,Alexandria Grant,FL,66,2025-01-27 14:01:30,grocery,Publix,33.07
ACCT-AB167918,Alexandria Grant,FL,67,2025-01-27 15:29:08,gas,Circle K,34.87
ACCT-AB167918,Alexandria Grant,FL,68,2025-01-27 18:02:50,other,UPS,61.44
ACCT-AB167918,Alexandria Grant,FL,69,2025-01-28 15:27:38,retail,Walmart,28.83
ACCT-AB167918,Alexandria Grant,FL,70,2025-01-28 15:50:26,retail,Walmart,35.17
ACCT-AB167918,Alexandria Grant,FL,71,2025-01-28 19:29:09,entertainment,AMC Theatres,74.62
ACCT-AB167918,Alexandria Grant,FL,72,2025-01-29 11:27:51,travel,Marriott,1071.68
ACCT-AB167918,Alexandria Grant,FL,73,2025-01-29 12:02:50,retail,Walmart,24.09
ACCT-AB167918,Alexandria Grant,FL,74,2025-01-29 19:53:35,automotive,Midas,25.43
ACCT-AB167918,Alexandria Grant,FL,75,2025-01-30 15:58:13,retail,Walmart,46.48
ACCT-AB167918,Alexandria Grant,FL,76,2025-01-31 09:40:17,e-commerce,Amazon,61.28
ACCT-AB167918,Alexandria Grant,FL,77,2025-01-31 11:44:44,dining,Chick-fil-A,34.4
ACCT-AB167918,Alexandria Grant,FL,78,2025-01-31 12:15:40,wire_transfer,Western Union,1145.0
ACCT-AB167918,Alexandria Grant,FL,79,2025-01-31 14:07:53,gas,Shell,28.26
ACCT-AB167918,Alexandria Grant,FL,80,,,,
ACCT-AB167918,Alexandria Grant,FL,81,,,,
ACCT-AB167918,Alexandria Grant,FL,82,,,,
ACCT-AB167918,Alexandria Grant,FL,83,,,,
ACCT-AB167918,Alexandria Grant,FL,84,,,,
ACCT-AB167918,Alexandria Grant,FL,85,,,,
ACCT-AB167918,Alexandria Grant,FL,86,,,,
ACCT-AB167918,Alexandria Grant,FL,87,,,,
ACCT-AB167918,Alexandria Grant,FL,88,,,,
ACCT-AB167918,Alexandria Grant,FL,89,,,,
ACCT-AB167918,Alexandria Grant,FL,90,,,,
ACCT-AB167918,Alexandria Grant,FL,91,,,,
ACCT-AB167918,Alexandria Grant,FL,92,,,,
ACCT-AB167918,Alexandria Grant,FL,93,,,,
ACCT-AB167918,Alexandria Grant,FL,94,,,,
ACCT-AB8B49A9,Angela Clay,IN,1,2025-01-01 09:13:58,grocery,Meijer,22.81
ACCT-AB8B49A9,Angela Clay,IN,2,2025-01-01 11:50:31,dining,Starbucks,19.49
ACCT-AB8B49A9,Angela Clay,IN,3,2025-01-02 23:01:54,entertainment,Bowlero,46.01
ACCT-AB8B49A9,Angela Clay,IN,4,2025-01-03 07:06:14,e-commerce,Amazon,96.36
ACCT-AB8B49A9,Angela Clay,IN,5,2025-01-03 11:38:24,healthcare,Walgreens,52.08
ACCT-AB8B49A9,Angela Clay,IN,6,2025-01-03 12:58:59,subscription,Netflix,4.99
ACCT-AB8B49A9,Angela Clay,IN,7,2025-01-03 13:51:40,travel,Marriott,667.77
ACCT-AB8B49A9,Angela Clay,IN,8,2025-01-03 16:32:00,grocery,Meijer,57.05
ACCT-AB8B49A9,Angela Clay,IN,9,2025-01-03 21:14:54,entertainment,Six Flags,68.06
ACCT-AB8B49A9,Angela Clay,IN,10,2025-01-04 04:51:50,subscription,Netflix,9.99
ACCT-AB8B49A9,Angela Clay,IN,11,2025-01-04 10:17:19,grocery,Meijer,109.4
ACCT-AB8B49A9,Angela Clay,IN,12,2025-01-04 12:10:58,retail,Walmart,32.35
ACCT-AB8B49A9,Angela Clay,IN,13,2025-01-04 15:37:37,ATM,Chase Bank ATM,160.0
ACCT-AB8B49A9,Angela Clay,IN,14,2025-01-04 17:49:11,gas,Speedway,62.66
ACCT-AB8B49A9,Angela Clay,IN,15,2025-01-05 09:55:44,subscription,Netflix,7.99
ACCT-AB8B49A9,Angela Clay,IN,16,2025-01-05 20:50:33,dining,McDonald’s,42.94
ACCT-AB8B49A9,Angela Clay,IN,17,2025-01-06 07:00:03,automotive,Midas,13.04
ACCT-AB8B49A9,Angela Clay,IN,18,2025-01-06 07:44:59,grocery,Meijer,77.7
ACCT-AB8B49A9,Angela Clay,IN,19,2025-01-06 11:07:32,wire_transfer,Western Union,1479.27
ACCT-AB8B49A9,Angela Clay,IN,20,2025-01-06 18:18:41,ATM,Chase Bank ATM,160.0
ACCT-AB8B49A9,Angela Clay,IN,21,2025-01-06 18:46:38,entertainment,AMC Theatres,16.39
ACCT-AB8B49A9,Angela Clay,IN,22,2025-01-06 20:02:36,gas,Circle K,59.68
ACCT-AB8B49A9,Angela Clay,IN,23,2025-01-07 06:00:06,e-commerce,Amazon,96.31
ACCT-AB8B49A9,Angela Clay,IN,24,2025-01-07 13:04:04,retail,Walmart,88.8
ACCT-AB8B49A9,Angela Clay,IN,25,2025-01-07 20:17:52,dining,Starbucks,109.03
ACCT-AB8B49A9,Angela Clay,IN,26,2025-01-08 07:12:12,grocery,Kroger,86.36
ACCT-AB8B49A9,Angela Clay,IN,27,2025-01-08 10:47:41,utilities,Duke Energy,147.63
ACCT-AB8B49A9,Angela Clay,IN,28,2025-01-08 18:23:33,dining,McDonald's,25.79
ACCT-AB8B49A9,Angela Clay,IN,29,2025-01-08 22:17:12,entertainment,AMC Theatres,53.17
ACCT-AB8B49A9,Angela Clay,IN,30,2025-01-09 13:50:50,e-commerce,Amazon,89.36
ACCT-AB8B49A9,Angela Clay,IN,31,2025-01-09 13:51:27,gas,Circle K,36.23
ACCT-AB8B49A9,Angela Clay,IN,32,2025-01-10 09:45:59,utilities,Duke Energy,97.31
ACCT-AB8B49A9,Angela Clay,IN,33,2025-01-11 07:00:14,grocery,Meijer,97.93
ACCT-AB8B49A9,Angela Clay,IN,34,2025-01-11 15:33:40,automotive,Monro Auto Service,6.18
ACCT-AB8B49A9,Angela Clay,IN,35,2025-01-11 18:45:09,retail,Target,30.14
ACCT-AB8B49A9,Angela Clay,IN,36,2025-01-12 17:00:24,dining,Starbucks,53.04
ACCT-AB8B49A9,Angela Clay,IN,37,2025-01-13 12:37:02,e-commerce,Amazon,143.27
ACCT-AB8B49A9,Angela Clay,IN,38,2025-01-14 12:43:48,utilities,Duke Energy,122.82
ACCT-AB8B49A9,Angela Clay,IN,39,2025-01-14 22:10:43,entertainment,AMC Theatres,13.29
ACCT-AB8B49A9,Angela Clay,IN,40,2025-01-15 17:37:12,retail,Target,21.73
ACCT-AB8B49A9,Angela Clay,IN,41,2025-01-16 07:09:42,gas,Circle K,56.28
ACCT-AB8B49A9,Angela Clay,IN,42,2025-01-16 11:17:35,ATM,PNC Bank ATM,60.0
ACCT-AB8B49A9,Angela Clay,IN,43,2025-01-16 19:41:24,dining,McDonald's,27.75
ACCT-AB8B49A9,Angela Clay,IN,44,2025-01-16 20:22:05,other,7-Eleven,18.53
ACCT-AB8B49A9,Angela Clay,IN,45,2025-01-17 01:02:12,subscription,Hulu,9.99
ACCT-AB8B49A9,Angela Clay,IN,46,2025-01-17 07:22:24,travel,Marriott Indianapolis,298.77
ACCT-AB8B49A9,Angela Clay,IN,47,2025-01-17 07:59:56,utilities,Duke Energy,161.17
ACCT-AB8B49A9,Angela Clay,IN,48,2025-01-18 10:15:36,utilities,Duke Energy,96.08
ACCT-AB8B49A9,Angela Clay,IN,49,2025-01-18 16:02:57,grocery,Meijer,19.41
ACCT-AB8B49A9,Angela Clay,IN,50,2025-01-18 17:24:57,retail,Walmart,57.61
ACCT-AB8B49A9,Angela Clay,IN,51,2025-01-19 17:24:48,retail,Target,49.55
ACCT-AB8B49A9,Angela Clay,IN,52,2025-01-20 20:39:49,entertainment,AMC Theatres,35.94
ACCT-AB8B49A9,Angela Clay,IN,53,2025-01-21 08:44:02,utilities,Duke Energy,134.21
ACCT-AB8B49A9,Angela Clay,IN,54,2025-01-21 13:46:26,grocery,Meijer,61.17
ACCT-AB8B49A9,Angela Clay,IN,55,2025-01-21 19:45:16,automotive,Midas,12.48
ACCT-AB8B49A9,Angela Clay,IN,56,2025-01-22 05:12:43,gas,Shell,44.68
ACCT-AB8B49A9,Angela Clay,IN,57,2025-01-22 12:45:40,utilities,Duke Energy,86.38
ACCT-AB8B49A9,Angela Clay,IN,58,2025-01-22 13:52:36,grocery,Meijer,49.3
ACCT-AB8B49A9,Angela Clay,IN,59,2025-01-23 19:47:54,e-commerce,Amazon,151.6
ACCT-AB8B49A9,Angela Clay,IN,60,2025-01-24 09:47:37,travel,Hilton,325.21
ACCT-AB8B49A9,Angela Clay,IN,61,2025-01-24 12:14:50,healthcare,CVS Pharmacy,47.89
ACCT-AB8B49A9,Angela Clay,IN,62,2025-01-24 13:17:33,travel,Marriott,297.33
ACCT-AB8B49A9,Angela Clay,IN,63,2025-01-24 16:37:58,retail,Target,20.51
ACCT-AB8B49A9,Angela Clay,IN,64,2025-01-24 20:17:06,entertainment,AMC Theatres,84.8
ACCT-AB8B49A9,Angela Clay,IN,65,2025-01-25 18:28:41,dining,Panera Bread,69.3
ACCT-AB8B49A9,Angela Clay,IN,66,2025-01-26 05:00:00,gas,Speedway,34.01
ACCT-AB8B49A9,Angela Clay,IN,67,2025-01-26 08:59:21,travel,Delta Air Lines,592.21
ACCT-AB8B49A9,Angela Clay,IN,68,2025-01-26 12:35:00,retail,Target,37.26
ACCT-AB8B49A9,Angela Clay,IN,69,2025-01-27 05:56:55,gas,Circle K,50.14
ACCT-AB8B49A9,Angela Clay,IN,70,2025-01-27 15:48:10,utilities,Duke Energy,103.55
ACCT-AB8B49A9,Angela Clay,IN,71,2025-01-28 00:13:32,subscription,Spotify,39.99
ACCT-AB8B49A9,Angela Clay,IN,72,2025-01-28 05:00:18,travel,Delta Air Lines,316.85
ACCT-AB8B49A9,Angela Clay,IN,73,2025-01-28 10:10:29,utilities,Duke Energy,132.51
ACCT-AB8B49A9,Angela Clay,IN,74,2025-01-28 11:37:27,grocery,Walmart,42.72
ACCT-AB8B49A9,Angela Clay,IN,75,2025-01-28 16:08:48,retail,Walmart,16.63
ACCT-AB8B49A9,Angela Clay,IN,76,2025-01-29 06:07:06,subscription,Spotify,7.99
ACCT-AB8B49A9,Angela Clay,IN,77,2025-01-29 07:52:24,utilities,Duke Energy,99.06
ACCT-AB8B49A9,Angela Clay,IN,78,2025-01-29 11:30:43,travel,Marriott,736.81
ACCT-AB8B49A9,Angela Clay,IN,79,2025-01-29 11:51:20,grocery,Meijer,74.33
ACCT-AB8B49A9,Angela Clay,IN,80,2025-01-30 00:00:41,subscription,Netflix,15.99
ACCT-AB8B49A9,Angela Clay,IN,81,2025-01-30 10:19:25,grocery,Meijer,66.73
ACCT-AB8B49A9,Angela Clay,IN,82,2025-01-30 16:46:59,retail,Target,41.55
ACCT-AB8B49A9,Angela Clay,IN,83,2025-01-31 09:20:17,utilities,Xfinity,91.16
ACCT-AB8B49A9,Angela Clay,IN,84,2025-01-31 14:42:10,e-commerce,Amazon,58.35
ACCT-AB8B49A9,Angela Clay,IN,85,2025-01-31 15:49:44,gas,Speedway,65.33
ACCT-AB8B49A9,Angela Clay,IN,86,2025-01-31 17:16:41,retail,Target,44.01
ACCT-AB8B49A9,Angela Clay,IN,87,2025-01-31 19:21:47,dining,McDonald's,70.33
ACCT-AB8B49A9,Angela Clay,IN,88,,,,
ACCT-AB8B49A9,Angela Clay,IN,89,,,,
ACCT-AB8B49A9,Angela Clay,IN,90,,,,
ACCT-AB8B49A9,Angela Clay,IN,91,,,,
ACCT-AB8B49A9,Angela Clay,IN,92,,,,
ACCT-AB8B49A9,Angela Clay,IN,93,,,,
ACCT-AB8B49A9,Angela Clay,IN,94,,,,
ACCT-AC8F1D1A,Phillip Reyes,PA,1,2025-01-01 12:12:45,other,ACE Hardware,43.04
ACCT-AC8F1D1A,Phillip Reyes,PA,2,2025-01-02 08:35:46,automotive,Midas,15.79
ACCT-AC8F1D1A,Phillip Reyes,PA,3,2025-01-02 09:33:49,gas,Shell,66.73
ACCT-AC8F1D1A,Phillip Reyes,PA,4,2025-01-02 12:28:15,dining,McDonald's,20.96
ACCT-AC8F1D1A,Phillip Reyes,PA,5,2025-01-02 17:53:47,dining,McDonald's,43.6
ACCT-AC8F1D1A,Phillip Reyes,PA,6,2025-01-03 09:32:42,subscription,Netflix,19.99
ACCT-AC8F1D1A,Phillip Reyes,PA,7,2025-01-03 14:15:31,gas,Shell,36.96
ACCT-AC8F1D1A,Phillip Reyes,PA,8,2025-01-03 16:23:13,dining,McDonald's,20.01
ACCT-AC8F1D1A,Phillip Reyes,PA,9,2025-01-04 03:27:26,subscription,Netflix,14.99
ACCT-AC8F1D1A,Phillip Reyes,PA,10,2025-01-04 18:38:42,automotive,Midas,12.41
ACCT-AC8F1D1A,Phillip Reyes,PA,11,2025-01-04 22:05:20,entertainment,AMC Theatres,30.14
ACCT-AC8F1D1A,Phillip Reyes,PA,12,2025-01-05 06:19:19,subscription,Spotify,12.99
ACCT-AC8F1D1A,Phillip Reyes,PA,13,2025-01-05 13:22:09,dining,McDonald's,27.78
ACCT-AC8F1D1A,Phillip Reyes,PA,14,2025-01-05 16:43:29,grocery,ShopRite,37.95
ACCT-AC8F1D1A,Phillip Reyes,PA,15,2025-01-05 19:39:12,dining,Starbucks,71.04
ACCT-AC8F1D1A,Phillip Reyes,PA,16,2025-01-06 08:10:17,grocery,ShopRite,36.86
ACCT-AC8F1D1A,Phillip Reyes,PA,17,2025-01-07 12:52:31,e-commerce,Amazon,136.49
ACCT-AC8F1D1A,Phillip Reyes,PA,18,2025-01-08 06:53:49,subscription,Netflix,9.99
ACCT-AC8F1D1A,Phillip Reyes,PA,19,2025-01-10 09:23:45,gas,Speedway,51.33
ACCT-AC8F1D1A,Phillip Reyes,PA,20,2025-01-11 10:33:57,e-commerce,Amazon,199.01
ACCT-AC8F1D1A,Phillip Reyes,PA,21,2025-01-11 17:50:27,gas,Shell,39.44
ACCT-AC8F1D1A,Phillip Reyes,PA,22,2025-01-12 00:00:43,subscription,Netflix,9.99
ACCT-AC8F1D1A,Phillip Reyes,PA,23,2025-01-12 07:53:08,grocery,Kroger,50.16
ACCT-AC8F1D1A,Phillip Reyes,PA,24,2025-01-12 11:22:04,healthcare,Walgreens Pharmacy,17.25
ACCT-AC8F1D1A,Phillip Reyes,PA,25,2025-01-12 13:07:18,e-commerce,Amazon,56.33
ACCT-AC8F1D1A,Phillip Reyes,PA,26,2025-01-12 17:59:46,e-commerce,Amazon,100.22
ACCT-AC8F1D1A,Phillip Reyes,PA,27,2025-01-12 18:42:50,dining,Olive Garden,30.95
ACCT-AC8F1D1A,Phillip Reyes,PA,28,2025-01-12 19:57:54,dining,McDonald's,35.85
ACCT-AC8F1D1A,Phillip Reyes,PA,29,2025-01-13 08:29:16,healthcare,CVS Pharmacy,20.5
ACCT-AC8F1D1A,Phillip Reyes,PA,30,2025-01-13 12:08:06,retail,Target,19.19
ACCT-AC8F1D1A,Phillip Reyes,PA,31,2025-01-15 00:00:35,subscription,Spotify,9.99
ACCT-AC8F1D1A,Phillip Reyes,PA,32,2025-01-15 11:50:41,other,UPS,36.2
ACCT-AC8F1D1A,Phillip Reyes,PA,33,2025-01-15 15:28:18,retail,Target,105.64
ACCT-AC8F1D1A,Phillip Reyes,PA,34,2025-01-15 17:38:58,ATM,Capital One ATM,260.0
ACCT-AC8F1D1A,Phillip Reyes,PA,35,2025-01-16 09:41:27,grocery,Kroger,38.15
ACCT-AC8F1D1A,Phillip Reyes,PA,36,2025-01-16 16:04:13,retail,Target,29.69
ACCT-AC8F1D1A,Phillip Reyes,PA,37,2025-01-16 18:38:16,dining,McDonald's,41.76
ACCT-AC8F1D1A,Phillip Reyes,PA,38,2025-01-17 06:40:47,gas,Shell,49.11
ACCT-AC8F1D1A,Phillip Reyes,PA,39,2025-01-17 15:43:19,retail,Kohl's,44.96
ACCT-AC8F1D1A,Phillip Reyes,PA,40,2025-01-17 15:52:51,grocery,Kroger,80.73
ACCT-AC8F1D1A,Phillip Reyes,PA,41,2025-01-18 00:00:44,subscription,ESPN+,9.99
ACCT-AC8F1D1A,Phillip Reyes,PA,42,2025-01-18 12:48:36,dining,McDonald's,42.04
ACCT-AC8F1D1A,Phillip Reyes,PA,43,2025-01-18 15:48:56,grocery,Walmart,65.81
ACCT-AC8F1D1A,Phillip Reyes,PA,44,2025-01-19 00:00:01,subscription,Netflix,49.99
ACCT-AC8F1D1A,Phillip Reyes,PA,45,2025-01-19 08:43:25,ATM,Wells Fargo ATM,180.0
ACCT-AC8F1D1A,Phillip Reyes,PA,46,2025-01-19 10:49:54,travel,American Airlines,344.39
ACCT-AC8F1D1A,Phillip Reyes,PA,47,2025-01-20 13:59:29,grocery,Walmart,73.86
ACCT-AC8F1D1A,Phillip Reyes,PA,48,2025-01-20 14:53:14,retail,Target,96.01
ACCT-AC8F1D1A,Phillip Reyes,PA,49,2025-01-21 02:37:33,subscription,Netflix,14.99
ACCT-AC8F1D1A,Phillip Reyes,PA,50,2025-01-21 08:53:11,automotive,Midas,18.23
ACCT-AC8F1D1A,Phillip Reyes,PA,51,2025-01-21 10:24:19,e-commerce,Amazon,251.86
ACCT-AC8F1D1A,Phillip Reyes,PA,52,2025-01-21 19:31:01,dining,McDonald's,51.34
ACCT-AC8F1D1A,Phillip Reyes,PA,53,2025-01-22 07:00:01,healthcare,CVS Pharmacy,19.64
ACCT-AC8F1D1A,Phillip Reyes,PA,54,2025-01-22 12:17:55,ATM,Capital One ATM,200.0
ACCT-AC8F1D1A,Phillip Reyes,PA,55,2025-01-22 12:27:44,grocery,Kroger,95.26
ACCT-AC8F1D1A,Phillip Reyes,PA,56,2025-01-22 18:33:25,e-commerce,Amazon,251.1
ACCT-AC8F1D1A,Phillip Reyes,PA,57,2025-01-23 14:31:32,grocery,Kroger,60.39
ACCT-AC8F1D1A,Phillip Reyes,PA,58,2025-01-24 09:03:04,travel,American Airlines,601.43
ACCT-AC8F1D1A,Phillip Reyes,PA,59,2025-01-24 12:21:52,dining,McDonald's,44.56
ACCT-AC8F1D1A,Phillip Reyes,PA,60,2025-01-25 16:27:25,ATM,PNC Bank ATM,340.0
ACCT-AC8F1D1A,Phillip Reyes,PA,61,2025-01-26 00:58:38,subscription,Netflix,19.99
ACCT-AC8F1D1A,Phillip Reyes,PA,62,2025-01-26 11:28:30,travel,JetBlue Airways,365.58
ACCT-AC8F1D1A,Phillip Reyes,PA,63,2025-01-26 15:16:30,other,USPS,73.37
ACCT-AC8F1D1A,Phillip Reyes,PA,64,2025-01-26 16:08:35,automotive,Midas,415.1
ACCT-AC8F1D1A,Phillip Reyes,PA,65,2025-01-27 22:07:02,entertainment,AMC Theatres,96.09
ACCT-AC8F1D1A,Phillip Reyes,PA,66,2025-01-27 23:09:11,entertainment,AMC Theatres,82.91
ACCT-AC8F1D1A,Phillip Reyes,PA,67,2025-01-29 07:42:01,travel,Hyatt,786.32
ACCT-AC8F1D1A,Phillip Reyes,PA,68,2025-01-29 11:55:16,grocery,Walmart,50.16
ACCT-AC8F1D1A,Phillip Reyes,PA,69,2025-01-29 15:23:53,retail,Target,45.13
ACCT-AC8F1D1A,Phillip Reyes,PA,70,2025-01-29 16:25:22,ATM,Wells Fargo ATM,140.0
ACCT-AC8F1D1A,Phillip Reyes,PA,71,2025-01-30 07:05:43,subscription,Netflix,12.99
ACCT-AC8F1D1A,Phillip Reyes,PA,72,2025-01-30 08:02:39,automotive,Goodyear Auto Service,80.0
ACCT-AC8F1D1A,Phillip Reyes,PA,73,2025-01-30 15:45:57,retail,Target,106.24
ACCT-AC8F1D1A,Phillip Reyes,PA,74,2025-01-30 16:05:42,retail,Target,49.05
ACCT-AC8F1D1A,Phillip Reyes,PA,75,2025-01-30 18:27:26,gas,Circle K,41.05
ACCT-AC8F1D1A,Phillip Reyes,PA,76,2025-01-31 11:25:18,wire_transfer,PayPal,1736.01
ACCT-AC8F1D1A,Phillip Reyes,PA,77,2025-01-31 12:57:27,subscription,Netflix,7.99
ACCT-AC8F1D1A,Phillip Reyes,PA,78,2025-01-31 17:28:33,dining,McDonald's,20.76
ACCT-AC8F1D1A,Phillip Reyes,PA,79,2025-01-31 23:14:13,e-commerce,Amazon,399.1
ACCT-AC8F1D1A,Phillip Reyes,PA,80,,,,
ACCT-AC8F1D1A,Phillip Reyes,PA,81,,,,
ACCT-AC8F1D1A,Phillip Reyes,PA,82,,,,
ACCT-AC8F1D1A,Phillip Reyes,PA,83,,,,
ACCT-AC8F1D1A,Phillip Reyes,PA,84,,,,
ACCT-AC8F1D1A,Phillip Reyes,PA,85,,,,
ACCT-AC8F1D1A,Phillip Reyes,PA,86,,,,
ACCT-AC8F1D1A,Phillip Reyes,PA,87,,,,
ACCT-AC8F1D1A,Phillip Reyes,PA,88,,,,
ACCT-AC8F1D1A,Phillip Reyes,PA,89,,,,
ACCT-AC8F1D1A,Phillip Reyes,PA,90,,,,
ACCT-AC8F1D1A,Phillip Reyes,PA,91,,,,
ACCT-AC8F1D1A,Phillip Reyes,PA,92,,,,
ACCT-AC8F1D1A,Phillip Reyes,PA,93,,,,
ACCT-AC8F1D1A,Phillip Reyes,PA,94,,,,
ACCT-B126D700,Heather Miller,CT,1,2025-01-01 09:00:18,retail,Target,93.16
ACCT-B126D700,Heather Miller,CT,2,2025-01-02 11:25:09,grocery,ShopRite,85.31
ACCT-B126D700,Heather Miller,CT,3,2025-01-02 12:45:23,dining,Starbucks,38.91
ACCT-B126D700,Heather Miller,CT,4,2025-01-02 12:53:56,e-commerce,Amazon,127.77
ACCT-B126D700,Heather Miller,CT,5,2025-01-03 06:40:58,gas,Circle K,90.47
ACCT-B126D700,Heather Miller,CT,6,2025-01-03 14:51:58,retail,Target,95.62
ACCT-B126D700,Heather Miller,CT,7,2025-01-03 20:50:53,grocery,ShopRite,58.7
ACCT-B126D700,Heather Miller,CT,8,2025-01-03 21:16:01,dining,McDonald's,81.37
ACCT-B126D700,Heather Miller,CT,9,2025-01-04 09:01:01,grocery,ShopRite,71.66
ACCT-B126D700,Heather Miller,CT,10,2025-01-04 09:39:23,travel,Delta Air Lines,1644.72
ACCT-B126D700,Heather Miller,CT,11,2025-01-04 14:28:45,retail,Target,181.42
ACCT-B126D700,Heather Miller,CT,12,2025-01-05 02:50:01,subscription,Netflix,14.99
ACCT-B126D700,Heather Miller,CT,13,2025-01-05 07:00:26,grocery,ShopRite,60.27
ACCT-B126D700,Heather Miller,CT,14,2025-01-05 14:13:54,gas,Circle K,83.51
ACCT-B126D700,Heather Miller,CT,15,2025-01-05 20:10:57,e-commerce,Amazon,54.55
ACCT-B126D700,Heather Miller,CT,16,2025-01-06 07:48:53,grocery,Walmart,61.61
ACCT-B126D700,Heather Miller,CT,17,2025-01-06 17:22:09,dining,Starbucks,27.05
ACCT-B126D700,Heather Miller,CT,18,2025-01-06 18:14:58,gas,Circle K,81.91
ACCT-B126D700,Heather Miller,CT,19,2025-01-06 19:38:25,dining,Starbucks,53.72
ACCT-B126D700,Heather Miller,CT,20,2025-01-07 14:02:29,retail,Target,192.87
ACCT-B126D700,Heather Miller,CT,21,2025-01-08 17:34:01,dining,McDonald's,34.35
ACCT-B126D700,Heather Miller,CT,22,2025-01-08 18:38:18,retail,Target,71.53
ACCT-B126D700,Heather Miller,CT,23,2025-01-09 12:25:04,retail,Walmart,71.05
ACCT-B126D700,Heather Miller,CT,24,2025-01-09 13:53:06,travel,Marriott,1038.05
ACCT-B126D700,Heather Miller,CT,25,2025-01-09 16:30:49,retail,Macy's,20.61
ACCT-B126D700,Heather Miller,CT,26,2025-01-09 16:59:13,other,The UPS Store,63.12
ACCT-B126D700,Heather Miller,CT,27,2025-01-09 17:25:39,gas,Circle K,65.43
ACCT-B126D700,Heather Miller,CT,28,2025-01-10 10:25:07,gas,Circle K,88.76
ACCT-B126D700,Heather Miller,CT,29,2025-01-10 19:26:26,ATM,Chase Bank ATM,300.0
ACCT-B126D700,Heather Miller,CT,30,2025-01-11 07:56:14,travel,Delta Air Lines,183.8
ACCT-B126D700,Heather Miller,CT,31,2025-01-11 09:26:18,grocery,ShopRite,36.13
ACCT-B126D700,Heather Miller,CT,32,2025-01-12 10:54:36,healthcare,Walgreens,1339.12
ACCT-B126D700,Heather Miller,CT,33,2025-01-12 12:13:06,wire_transfer,PayPal,5298.31
ACCT-B126D700,Heather Miller,CT,34,2025-01-12 13:03:05,grocery,Whole Foods Market,126.25
ACCT-B126D700,Heather Miller,CT,35,2025-01-13 12:18:49,grocery,Walmart,17.6
ACCT-B126D700,Heather Miller,CT,36,2025-01-13 19:48:20,dining,Starbucks,75.15
ACCT-B126D700,Heather Miller,CT,37,2025-01-14 07:50:45,gas,Shell,92.79
ACCT-B126D700,Heather Miller,CT,38,2025-01-14 08:35:24,utilities,Cox Communications,130.48
ACCT-B126D700,Heather Miller,CT,39,2025-01-14 11:35:36,grocery,ShopRite,114.39
ACCT-B126D700,Heather Miller,CT,40,2025-01-14 15:00:47,retail,Target,106.42
ACCT-B126D700,Heather Miller,CT,41,2025-01-14 22:01:48,entertainment,AMC Theatres,38.74
ACCT-B126D700,Heather Miller,CT,42,2025-01-16 07:00:06,utilities,Comcast Xfinity,159.56
ACCT-B126D700,Heather Miller,CT,43,2025-01-16 20:30:19,travel,Marriott,783.96
ACCT-B126D700,Heather Miller,CT,44,2025-01-17 08:39:35,healthcare,CVS Pharmacy,348.97
ACCT-B126D700,Heather Miller,CT,45,2025-01-18 07:58:00,automotive,Caliber Collision,437.03
ACCT-B126D700,Heather Miller,CT,46,2025-01-18 14:40:18,grocery,ShopRite,91.26
ACCT-B126D700,Heather Miller,CT,47,2025-01-19 00:00:15,subscription,Netflix,7.99
ACCT-B126D700,Heather Miller,CT,48,2025-01-19 07:00:58,grocery,Walmart,60.34
ACCT-B126D700,Heather Miller,CT,49,2025-01-19 19:33:24,gas,Speedway,77.28
ACCT-B126D700,Heather Miller,CT,50,2025-01-20 00:00:40,subscription,Netflix,12.99
ACCT-B126D700,Heather Miller,CT,51,2025-01-20 07:56:40,healthcare,Walgreens,242.28
ACCT-B126D700,Heather Miller,CT,52,2025-01-20 10:38:58,utilities,Cox Communications,153.57
ACCT-B126D700,Heather Miller,CT,53,2025-01-20 17:04:00,grocery,Trader Joe's,101.22
ACCT-B126D700,Heather Miller,CT,54,2025-01-20 22:00:16,other,USPS,71.69
ACCT-B126D700,Heather Miller,CT,55,2025-01-21 09:29:35,healthcare,Walgreens,23.2
ACCT-B126D700,Heather Miller,CT,56,2025-01-21 11:18:37,travel,Delta Air Lines,497.02
ACCT-B126D700,Heather Miller,CT,57,2025-01-21 14:27:48,grocery,Costco,94.61
ACCT-B126D700,Heather Miller,CT,58,2025-01-22 11:53:36,ATM,Chase Bank ATM,180.0
ACCT-B126D700,Heather Miller,CT,59,2025-01-23 12:06:42,subscription,Netflix,9.99
ACCT-B126D700,Heather Miller,CT,60,2025-01-23 13:36:58,dining,Starbucks,82.88
ACCT-B126D700,Heather Miller,CT,61,2025-01-23 17:31:56,ATM,Chase Bank ATM,460.0
ACCT-B126D700,Heather Miller,CT,62,2025-01-23 17:36:54,gas,Speedway,68.04
ACCT-B126D700,Heather Miller,CT,63,2025-01-23 20:54:41,dining,McDonald's,23.56
ACCT-B126D700,Heather Miller,CT,64,2025-01-24 08:18:56,grocery,Safeway,123.24
ACCT-B126D700,Heather Miller,CT,65,2025-01-24 11:25:51,utilities,Duke Energy,249.21
ACCT-B126D700,Heather Miller,CT,66,2025-01-24 18:02:14,dining,Starbucks,87.34
ACCT-B126D700,Heather Miller,CT,67,2025-01-24 18:23:05,dining,Starbucks,88.91
ACCT-B126D700,Heather Miller,CT,68,2025-01-25 07:00:13,grocery,Trader Joe's,71.13
ACCT-B126D700,Heather Miller,CT,69,2025-01-25 07:55:03,travel,Delta Air Lines,429.99
ACCT-B126D700,Heather Miller,CT,70,2025-01-25 09:47:51,retail,Target,87.92
ACCT-B126D700,Heather Miller,CT,71,2025-01-25 10:14:37,healthcare,CareNow Urgent Care,32.36
ACCT-B126D700,Heather Miller,CT,72,2025-01-25 18:39:07,retail,Target,119.71
ACCT-B126D700,Heather Miller,CT,73,2025-01-25 20:34:06,entertainment,AMC Theatres,59.19
ACCT-B126D700,Heather Miller,CT,74,2025-01-26 07:00:38,healthcare,CVS Pharmacy,47.35
ACCT-B126D700,Heather Miller,CT,75,2025-01-26 12:06:34,retail,Target,79.71
ACCT-B126D700,Heather Miller,CT,76,2025-01-26 14:59:02,grocery,Whole Foods Market,62.36
ACCT-B126D700,Heather Miller,CT,77,2025-01-27 00:00:33,subscription,Spotify,9.99
ACCT-B126D700,Heather Miller,CT,78,2025-01-28 07:18:42,subscription,Netflix,4.99
ACCT-B126D700,Heather Miller,CT,79,2025-01-28 17:12:52,grocery,Walmart,62.86
ACCT-B126D700,Heather Miller,CT,80,2025-01-29 16:26:49,ATM,Chase Bank ATM,220.0
ACCT-B126D700,Heather Miller,CT,81,2025-01-29 18:28:40,entertainment,AMC Theatres,160.6
ACCT-B126D700,Heather Miller,CT,82,2025-01-30 14:47:02,retail,Burlington,118.37
ACCT-B126D700,Heather Miller,CT,83,2025-01-31 10:30:36,subscription,Netflix,15.99
ACCT-B126D700,Heather Miller,CT,84,2025-01-31 14:09:32,grocery,ShopRite,32.58
ACCT-B126D700,Heather Miller,CT,85,2025-01-31 17:06:39,gas,Circle K,73.88
ACCT-B126D700,Heather Miller,CT,86,2025-01-31 23:08:04,entertainment,AMC Theatres,80.71
ACCT-B126D700,Heather Miller,CT,87,,,,
ACCT-B126D700,Heather Miller,CT,88,,,,
ACCT-B126D700,Heather Miller,CT,89,,,,
ACCT-B126D700,Heather Miller,CT,90,,,,
ACCT-B126D700,Heather Miller,CT,91,,,,
ACCT-B126D700,Heather Miller,CT,92,,,,
ACCT-B126D700,Heather Miller,CT,93,,,,
ACCT-B126D700,Heather Miller,CT,94,,,,
ACCT-B3062E82,Jordan Roach,TX,1,2025-01-01 13:06:59,ATM,Chase Bank ATM,40.0
ACCT-B3062E82,Jordan Roach,TX,2,2025-01-01 15:32:28,other,ACE Hardware,29.25
ACCT-B3062E82,Jordan Roach,TX,3,2025-01-01 20:51:22,e-commerce,Amazon,6.79
ACCT-B3062E82,Jordan Roach,TX,4,2025-01-02 04:48:56,subscription,Netflix,19.99
ACCT-B3062E82,Jordan Roach,TX,5,2025-01-02 07:00:39,utilities,Duke Energy,44.92
ACCT-B3062E82,Jordan Roach,TX,6,2025-01-02 09:43:33,automotive,Midas,8.15
ACCT-B3062E82,Jordan Roach,TX,7,2025-01-03 14:21:06,e-commerce,Amazon,85.18
ACCT-B3062E82,Jordan Roach,TX,8,2025-01-03 16:21:30,e-commerce,Amazon,46.61
ACCT-B3062E82,Jordan Roach,TX,9,2025-01-03 19:12:21,ATM,Chase Bank ATM,80.0
ACCT-B3062E82,Jordan Roach,TX,10,2025-01-04 04:26:20,subscription,Netflix,15.99
ACCT-B3062E82,Jordan Roach,TX,11,2025-01-04 21:23:40,entertainment,AMC Theatres,15.45
ACCT-B3062E82,Jordan Roach,TX,12,2025-01-05 08:52:23,healthcare,Walgreens,100.0
ACCT-B3062E82,Jordan Roach,TX,13,2025-01-05 21:42:48,e-commerce,Amazon,42.65
ACCT-B3062E82,Jordan Roach,TX,14,2025-01-07 15:46:47,retail,Target,35.88
ACCT-B3062E82,Jordan Roach,TX,15,2025-01-08 18:19:01,automotive,Pep Boys,3.9
ACCT-B3062E82,Jordan Roach,TX,16,2025-01-09 08:00:35,healthcare,Walgreens,21.03
ACCT-B3062E82,Jordan Roach,TX,17,2025-01-10 06:00:49,subscription,Netflix,9.99
ACCT-B3062E82,Jordan Roach,TX,18,2025-01-10 07:09:57,utilities,AT&T,44.72
ACCT-B3062E82,Jordan Roach,TX,19,2025-01-10 07:55:55,grocery,H-E-B,34.2
ACCT-B3062E82,Jordan Roach,TX,20,2025-01-10 16:49:10,automotive,Firestone Complete Auto Care,20.33
ACCT-B3062E82,Jordan Roach,TX,21,2025-01-10 19:30:10,ATM,Bank of America ATM,40.0
ACCT-B3062E82,Jordan Roach,TX,22,2025-01-11 22:11:59,entertainment,AMC Theatres,70.21
ACCT-B3062E82,Jordan Roach,TX,23,2025-01-12 08:45:12,ATM,Chase Bank ATM,160.0
ACCT-B3062E82,Jordan Roach,TX,24,2025-01-12 17:56:08,automotive,Midas,20.16
ACCT-B3062E82,Jordan Roach,TX,25,2025-01-13 14:44:39,ATM,Wells Fargo ATM,80.0
ACCT-B3062E82,Jordan Roach,TX,26,2025-01-13 15:00:14,retail,Target,23.19
ACCT-B3062E82,Jordan Roach,TX,27,2025-01-13 15:14:29,grocery,H-E-B,45.83
ACCT-B3062E82,Jordan Roach,TX,28,2025-01-13 18:50:13,gas,Chevron,23.74
ACCT-B3062E82,Jordan Roach,TX,29,2025-01-14 14:22:47,retail,Target,85.67
ACCT-B3062E82,Jordan Roach,TX,30,2025-01-14 19:56:02,grocery,H-E-B,37.85
ACCT-B3062E82,Jordan Roach,TX,31,2025-01-15 12:24:21,retail,Best Buy,41.22
ACCT-B3062E82,Jordan Roach,TX,32,2025-01-15 17:49:24,retail,Target,11.34
ACCT-B3062E82,Jordan Roach,TX,33,2025-01-16 20:57:36,entertainment,AMC Theatres,14.21
ACCT-B3062E82,Jordan Roach,TX,34,2025-01-17 11:17:29,healthcare,Walgreens,22.72
ACCT-B3062E82,Jordan Roach,TX,35,2025-01-17 23:00:15,ATM,Wells Fargo ATM,60.0
ACCT-B3062E82,Jordan Roach,TX,36,2025-01-19 06:12:14,subscription,Netflix,4.99
ACCT-B3062E82,Jordan Roach,TX,37,2025-01-19 08:50:00,healthcare,Walgreens,16.73
ACCT-B3062E82,Jordan Roach,TX,38,2025-01-19 17:06:43,entertainment,Six Flags,13.41
ACCT-B3062E82,Jordan Roach,TX,39,2025-01-19 20:15:28,entertainment,AMC Theatres,27.56
ACCT-B3062E82,Jordan Roach,TX,40,2025-01-20 10:32:07,healthcare,CVS Pharmacy,100.0
ACCT-B3062E82,Jordan Roach,TX,41,2025-01-20 11:22:45,subscription,Spotify,12.99
ACCT-B3062E82,Jordan Roach,TX,42,2025-01-20 18:10:00,automotive,Lone Star Auto Service,5.51
ACCT-B3062E82,Jordan Roach,TX,43,2025-01-21 11:13:43,e-commerce,Amazon,15.28
ACCT-B3062E82,Jordan Roach,TX,44,2025-01-21 11:37:27,retail,Target,40.37
ACCT-B3062E82,Jordan Roach,TX,45,2025-01-21 14:46:25,e-commerce,Amazon,66.3
ACCT-B3062E82,Jordan Roach,TX,46,2025-01-21 16:30:08,gas,Shell,36.37
ACCT-B3062E82,Jordan Roach,TX,47,2025-01-21 16:57:30,automotive,Midas,80.0
ACCT-B3062E82,Jordan Roach,TX,48,2025-01-22 15:44:36,automotive,Midas,10.12
ACCT-B3062E82,Jordan Roach,TX,49,2025-01-22 17:54:16,ATM,Wells Fargo ATM,60.0
ACCT-B3062E82,Jordan Roach,TX,50,2025-01-22 18:55:57,retail,Walmart,15.95
ACCT-B3062E82,Jordan Roach,TX,51,2025-01-22 21:08:34,dining,McDonald's,11.71
ACCT-B3062E82,Jordan Roach,TX,52,2025-01-23 09:54:08,wire_transfer,PayPal,567.47
ACCT-B3062E82,Jordan Roach,TX,53,2025-01-24 07:08:56,travel,Southwest Airlines,224.04
ACCT-B3062E82,Jordan Roach,TX,54,2025-01-24 12:21:03,dining,Chick-fil-A,24.94
ACCT-B3062E82,Jordan Roach,TX,55,2025-01-24 14:34:14,subscription,Spotify,7.99
ACCT-B3062E82,Jordan Roach,TX,56,2025-01-24 20:10:03,entertainment,Six Flags,16.2
ACCT-B3062E82,Jordan Roach,TX,57,2025-01-25 10:52:05,e-commerce,Amazon,12.73
ACCT-B3062E82,Jordan Roach,TX,58,2025-01-25 12:34:46,e-commerce,Amazon,54.47
ACCT-B3062E82,Jordan Roach,TX,59,2025-01-25 19:41:47,dining,McDonald's,10.55
ACCT-B3062E82,Jordan Roach,TX,60,2025-01-26 09:28:32,utilities,AT&T,53.99
ACCT-B3062E82,Jordan Roach,TX,61,2025-01-26 16:00:06,retail,Walmart,27.11
ACCT-B3062E82,Jordan Roach,TX,62,2025-01-26 18:48:19,ATM,Bank of America ATM,60.0
ACCT-B3062E82,Jordan Roach,TX,63,2025-01-27 10:23:47,automotive,Midas,80.0
ACCT-B3062E82,Jordan Roach,TX,64,2025-01-27 10:44:53,utilities,Comcast Xfinity,46.54
ACCT-B3062E82,Jordan Roach,TX,65,2025-01-27 11:45:42,dining,Taco Bell,11.68
ACCT-B3062E82,Jordan Roach,TX,66,2025-01-28 08:42:52,travel,Southwest Airlines,271.44
ACCT-B3062E82,Jordan Roach,TX,67,2025-01-28 19:15:43,entertainment,AMC Theatres,31.43
ACCT-B3062E82,Jordan Roach,TX,68,2025-01-29 11:50:49,dining,McDonald's,7.38
ACCT-B3062E82,Jordan Roach,TX,69,2025-01-29 19:56:44,dining,McDonald's,22.19
ACCT-B3062E82,Jordan Roach,TX,70,2025-01-29 21:23:19,dining,Chipotle Mexican Grill,10.55
ACCT-B3062E82,Jordan Roach,TX,71,2025-01-30 12:33:02,dining,Chipotle Mexican Grill,10.96
ACCT-B3062E82,Jordan Roach,TX,72,2025-01-31 07:14:13,e-commerce,Amazon,54.42
ACCT-B3062E82,Jordan Roach,TX,73,,,,
ACCT-B3062E82,Jordan Roach,TX,74,,,,
ACCT-B3062E82,Jordan Roach,TX,75,,,,
ACCT-B3062E82,Jordan Roach,TX,76,,,,
ACCT-B3062E82,Jordan Roach,TX,77,,,,
ACCT-B3062E82,Jordan Roach,TX,78,,,,
ACCT-B3062E82,Jordan Roach,TX,79,,,,
ACCT-B3062E82,Jordan Roach,TX,80,,,,
ACCT-B3062E82,Jordan Roach,TX,81,,,,
ACCT-B3062E82,Jordan Roach,TX,82,,,,
ACCT-B3062E82,Jordan Roach,TX,83,,,,
ACCT-B3062E82,Jordan Roach,TX,84,,,,
ACCT-B3062E82,Jordan Roach,TX,85,,,,
ACCT-B3062E82,Jordan Roach,TX,86,,,,
ACCT-B3062E82,Jordan Roach,TX,87,,,,
ACCT-B3062E82,Jordan Roach,TX,88,,,,
ACCT-B3062E82,Jordan Roach,TX,89,,,,
ACCT-B3062E82,Jordan Roach,TX,90,,,,
ACCT-B3062E82,Jordan Roach,TX,91,,,,
ACCT-B3062E82,Jordan Roach,TX,92,,,,
ACCT-B3062E82,Jordan Roach,TX,93,,,,
ACCT-B3062E82,Jordan Roach,TX,94,,,,
ACCT-B81A39A2,Carol Stone,KY,1,2025-01-01 12:54:18,travel,Delta Air Lines,224.71
ACCT-B81A39A2,Carol Stone,KY,2,2025-01-01 19:21:41,ATM,Chase Bank ATM,180.0
ACCT-B81A39A2,Carol Stone,KY,3,2025-01-02 11:04:02,e-commerce,Amazon,36.74
ACCT-B81A39A2,Carol Stone,KY,4,2025-01-02 17:04:46,grocery,Walmart,81.06
ACCT-B81A39A2,Carol Stone,KY,5,2025-01-02 18:31:23,retail,Target,53.59
ACCT-B81A39A2,Carol Stone,KY,6,2025-01-03 08:44:15,subscription,Disney+,12.99
ACCT-B81A39A2,Carol Stone,KY,7,2025-01-03 10:54:45,utilities,Duke Energy,81.35
ACCT-B81A39A2,Carol Stone,KY,8,2025-01-04 00:00:29,subscription,Spotify,14.99
ACCT-B81A39A2,Carol Stone,KY,9,2025-01-04 11:57:19,grocery,Walmart,54.71
ACCT-B81A39A2,Carol Stone,KY,10,2025-01-04 17:43:13,dining,McDonald's,24.12
ACCT-B81A39A2,Carol Stone,KY,11,2025-01-04 18:53:11,dining,Starbucks,23.63
ACCT-B81A39A2,Carol Stone,KY,12,2025-01-05 07:40:12,travel,Marriott,483.56
ACCT-B81A39A2,Carol Stone,KY,13,2025-01-05 12:47:38,dining,Starbucks,41.56
ACCT-B81A39A2,Carol Stone,KY,14,2025-01-05 17:25:52,e-commerce,Amazon,47.05
ACCT-B81A39A2,Carol Stone,KY,15,2025-01-06 07:00:13,utilities,Duke Energy,89.9
ACCT-B81A39A2,Carol Stone,KY,16,2025-01-06 15:06:58,retail,Target,44.4
ACCT-B81A39A2,Carol Stone,KY,17,2025-01-06 15:58:19,automotive,Bourbon Auto Repair,18.22
ACCT-B81A39A2,Carol Stone,KY,18,2025-01-06 18:48:30,dining,McDonald's,33.39
ACCT-B81A39A2,Carol Stone,KY,19,2025-01-07 00:00:15,subscription,Netflix,7.99
ACCT-B81A39A2,Carol Stone,KY,20,2025-01-07 11:11:56,healthcare,Walgreens,28.38
ACCT-B81A39A2,Carol Stone,KY,21,2025-01-07 13:45:27,dining,McDonald's,34.71
ACCT-B81A39A2,Carol Stone,KY,22,2025-01-07 16:23:49,retail,Target,44.77
ACCT-B81A39A2,Carol Stone,KY,23,2025-01-07 18:04:15,dining,McDonald's,37.3
ACCT-B81A39A2,Carol Stone,KY,24,2025-01-07 18:31:19,retail,Target,58.21
ACCT-B81A39A2,Carol Stone,KY,25,2025-01-08 09:51:24,utilities,Duke Energy,93.8
ACCT-B81A39A2,Carol Stone,KY,26,2025-01-08 10:59:28,grocery,Walmart,84.64
ACCT-B81A39A2,Carol Stone,KY,27,2025-01-09 07:11:19,utilities,Duke Energy,83.46
ACCT-B81A39A2,Carol Stone,KY,28,2025-01-09 07:12:44,automotive,Pep Boys,20.15
ACCT-B81A39A2,Carol Stone,KY,29,2025-01-09 08:40:08,ATM,Truist ATM,200.0
ACCT-B81A39A2,Carol Stone,KY,30,2025-01-09 14:45:11,grocery,Walmart,58.14
ACCT-B81A39A2,Carol Stone,KY,31,2025-01-10 03:08:52,subscription,Netflix,14.99
ACCT-B81A39A2,Carol Stone,KY,32,2025-01-10 08:30:25,gas,Shell,58.51
ACCT-B81A39A2,Carol Stone,KY,33,2025-01-10 09:41:28,utilities,Duke Energy,125.71
ACCT-B81A39A2,Carol Stone,KY,34,2025-01-10 10:39:29,retail,Walmart,101.29
ACCT-B81A39A2,Carol Stone,KY,35,2025-01-11 17:23:10,automotive,Firestone Complete Auto Care,590.14
ACCT-B81A39A2,Carol Stone,KY,36,2025-01-11 18:17:38,gas,Speedway,36.58
ACCT-B81A39A2,Carol Stone,KY,37,2025-01-11 18:40:31,grocery,Kroger,23.88
ACCT-B81A39A2,Carol Stone,KY,38,2025-01-11 19:20:40,e-commerce,Amazon,47.0
ACCT-B81A39A2,Carol Stone,KY,39,2025-01-12 09:49:07,other,USPS,27.0
ACCT-B81A39A2,Carol Stone,KY,40,2025-01-12 15:14:03,retail,Target,39.26
ACCT-B81A39A2,Carol Stone,KY,41,2025-01-12 19:19:11,dining,McDonald's,40.54
ACCT-B81A39A2,Carol Stone,KY,42,2025-01-13 00:00:21,subscription,Netflix,12.99
ACCT-B81A39A2,Carol Stone,KY,43,2025-01-13 08:53:33,healthcare,CVS Pharmacy,39.34
ACCT-B81A39A2,Carol Stone,KY,44,2025-01-13 20:08:12,dining,McDonald's,64.08
ACCT-B81A39A2,Carol Stone,KY,45,2025-01-14 14:00:20,other,UPS,10.58
ACCT-B81A39A2,Carol Stone,KY,46,2025-01-14 20:31:40,other,FedEx,73.33
ACCT-B81A39A2,Carol Stone,KY,47,2025-01-15 09:37:06,subscription,Netflix,12.99
ACCT-B81A39A2,Carol Stone,KY,48,2025-01-15 14:33:56,ATM,Bank of America ATM,160.0
ACCT-B81A39A2,Carol Stone,KY,49,2025-01-15 16:12:39,e-commerce,Amazon,109.81
ACCT-B81A39A2,Carol Stone,KY,50,2025-01-15 17:23:46,dining,Taco Bell,57.49
ACCT-B81A39A2,Carol Stone,KY,51,2025-01-15 20:13:17,grocery,Walmart,155.54
ACCT-B81A39A2,Carol Stone,KY,52,2025-01-16 07:00:12,grocery,Kroger,70.56
ACCT-B81A39A2,Carol Stone,KY,53,2025-01-16 10:35:06,utilities,Duke Energy,62.11
ACCT-B81A39A2,Carol Stone,KY,54,2025-01-16 19:13:39,dining,McDonald's,36.68
ACCT-B81A39A2,Carol Stone,KY,55,2025-01-17 09:00:13,retail,Walmart,57.23
ACCT-B81A39A2,Carol Stone,KY,56,2025-01-18 00:17:02,subscription,Netflix,7.99
ACCT-B81A39A2,Carol Stone,KY,57,2025-01-18 06:47:06,gas,Speedway,39.86
ACCT-B81A39A2,Carol Stone,KY,58,2025-01-19 19:45:08,ATM,Chase Bank ATM,140.0
ACCT-B81A39A2,Carol Stone,KY,59,2025-01-19 19:59:07,dining,Starbucks,25.41
ACCT-B81A39A2,Carol Stone,KY,60,2025-01-20 00:00:15,subscription,Netflix,49.99
ACCT-B81A39A2,Carol Stone,KY,61,2025-01-20 14:40:36,grocery,Kroger,55.62
ACCT-B81A39A2,Carol Stone,KY,62,2025-01-21 07:08:22,gas,Circle K,55.94
ACCT-B81A39A2,Carol Stone,KY,63,2025-01-22 07:00:33,healthcare,CVS Pharmacy,195.88
ACCT-B81A39A2,Carol Stone,KY,64,2025-01-22 14:02:54,retail,Target,28.25
ACCT-B81A39A2,Carol Stone,KY,65,2025-01-22 17:46:23,automotive,Pep Boys,193.71
ACCT-B81A39A2,Carol Stone,KY,66,2025-01-22 20:59:03,ATM,TD Bank ATM,120.0
ACCT-B81A39A2,Carol Stone,KY,67,2025-01-23 08:56:48,gas,Circle K,45.33
ACCT-B81A39A2,Carol Stone,KY,68,2025-01-23 17:28:07,entertainment,AMC Theatres,69.51
ACCT-B81A39A2,Carol Stone,KY,69,2025-01-23 18:35:51,dining,McDonald's,31.68
ACCT-B81A39A2,Carol Stone,KY,70,2025-01-23 19:00:35,dining,Chick-fil-A,41.82
ACCT-B81A39A2,Carol Stone,KY,71,2025-01-23 20:59:18,entertainment,AMC Theatres,93.64
ACCT-B81A39A2,Carol Stone,KY,72,2025-01-24 07:00:53,grocery,Kroger,80.8
ACCT-B81A39A2,Carol Stone,KY,73,2025-01-24 16:10:32,retail,Target,18.76
ACCT-B81A39A2,Carol Stone,KY,74,2025-01-24 19:26:32,ATM,Truist ATM,200.0
ACCT-B81A39A2,Carol Stone,KY,75,2025-01-25 08:42:31,healthcare,CVS Pharmacy,34.66
ACCT-B81A39A2,Carol Stone,KY,76,2025-01-25 10:12:20,other,FedEx,22.44
ACCT-B81A39A2,Carol Stone,KY,77,2025-01-25 15:03:55,ATM,Truist ATM,200.0
ACCT-B81A39A2,Carol Stone,KY,78,2025-01-26 05:03:24,travel,Delta Air Lines,597.85
ACCT-B81A39A2,Carol Stone,KY,79,2025-01-26 13:03:42,gas,Circle K,63.98
ACCT-B81A39A2,Carol Stone,KY,80,2025-01-26 18:53:39,dining,McDonald's,48.06
ACCT-B81A39A2,Carol Stone,KY,81,2025-01-26 19:44:45,dining,McDonald's,23.98
ACCT-B81A39A2,Carol Stone,KY,82,2025-01-27 09:48:35,gas,Speedway,49.3
ACCT-B81A39A2,Carol Stone,KY,83,2025-01-28 09:37:55,ATM,Chase Bank ATM,60.0
ACCT-B81A39A2,Carol Stone,KY,84,2025-01-28 14:02:35,subscription,Netflix,12.99
ACCT-B81A39A2,Carol Stone,KY,85,2025-01-29 11:20:08,healthcare,CVS Pharmacy,25.44
ACCT-B81A39A2,Carol Stone,KY,86,2025-01-29 21:35:53,dining,McDonald's,16.53
ACCT-B81A39A2,Carol Stone,KY,87,2025-01-30 13:20:27,ATM,PNC Bank ATM,180.0
ACCT-B81A39A2,Carol Stone,KY,88,2025-01-30 15:11:05,retail,Walmart,75.43
ACCT-B81A39A2,Carol Stone,KY,89,2025-01-31 14:52:58,automotive,Midas,13.41
ACCT-B81A39A2,Carol Stone,KY,90,2025-01-31 15:21:56,grocery,Walmart,53.65
ACCT-B81A39A2,Carol Stone,KY,91,2025-01-31 18:51:03,dining,Buffalo Wild Wings,46.91
ACCT-B81A39A2,Carol Stone,KY,92,,,,
ACCT-B81A39A2,Carol Stone,KY,93,,,,
ACCT-B81A39A2,Carol Stone,KY,94,,,,
ACCT-B8D833E5,Amy Baker,OH,1,2025-01-01 09:26:07,wire_transfer,PayPal,5420.72
ACCT-B8D833E5,Amy Baker,OH,2,2025-01-01 15:37:39,retail,Target,84.14
ACCT-B8D833E5,Amy Baker,OH,3,2025-01-01 16:43:50,grocery,Meijer,235.66
ACCT-B8D833E5,Amy Baker,OH,4,2025-01-02 14:15:24,retail,Walmart,143.27
ACCT-B8D833E5,Amy Baker,OH,5,2025-01-02 20:04:07,entertainment,AMC Theatres,183.26
ACCT-B8D833E5,Amy Baker,OH,6,2025-01-04 07:00:36,healthcare,CVS Pharmacy,23.05
ACCT-B8D833E5,Amy Baker,OH,7,2025-01-04 08:36:47,grocery,Meijer,132.72
ACCT-B8D833E5,Amy Baker,OH,8,2025-01-04 17:03:24,other,USPS,41.89
ACCT-B8D833E5,Amy Baker,OH,9,2025-01-05 13:30:47,ATM,Chase Bank ATM,300.0
ACCT-B8D833E5,Amy Baker,OH,10,2025-01-05 16:03:26,utilities,Duke Energy,312.87
ACCT-B8D833E5,Amy Baker,OH,11,2025-01-05 18:37:36,grocery,Meijer,130.18
ACCT-B8D833E5,Amy Baker,OH,12,2025-01-05 19:45:27,dining,Starbucks,106.43
ACCT-B8D833E5,Amy Baker,OH,13,2025-01-06 10:45:08,e-commerce,Amazon,250.77
ACCT-B8D833E5,Amy Baker,OH,14,2025-01-06 14:54:21,e-commerce,Amazon,97.68
ACCT-B8D833E5,Amy Baker,OH,15,2025-01-07 14:37:34,e-commerce,Amazon,332.48
ACCT-B8D833E5,Amy Baker,OH,16,2025-01-07 15:38:20,retail,Target,97.29
ACCT-B8D833E5,Amy Baker,OH,17,2025-01-07 16:21:39,ATM,PNC Bank ATM,260.0
ACCT-B8D833E5,Amy Baker,OH,18,2025-01-08 08:52:07,e-commerce,Amazon,264.48
ACCT-B8D833E5,Amy Baker,OH,19,2025-01-08 09:18:37,utilities,Duke Energy,418.3
ACCT-B8D833E5,Amy Baker,OH,20,2025-01-08 13:29:50,travel,Marriott,443.6
ACCT-B8D833E5,Amy Baker,OH,21,2025-01-08 18:03:34,gas,Shell,94.79
ACCT-B8D833E5,Amy Baker,OH,22,2025-01-09 07:48:32,automotive,Firestone Complete Auto Care,894.95
ACCT-B8D833E5,Amy Baker,OH,23,2025-01-09 10:37:46,grocery,Kroger,122.04
ACCT-B8D833E5,Amy Baker,OH,24,2025-01-09 13:13:42,travel,Delta Air Lines,1013.37
ACCT-B8D833E5,Amy Baker,OH,25,2025-01-09 19:36:07,gas,QuikTrip,131.5
ACCT-B8D833E5,Amy Baker,OH,26,2025-01-10 11:54:51,dining,McDonald's,84.81
ACCT-B8D833E5,Amy Baker,OH,27,2025-01-10 16:29:36,ATM,Wells Fargo ATM,200.0
ACCT-B8D833E5,Amy Baker,OH,28,2025-01-10 16:38:43,retail,Target,109.05
ACCT-B8D833E5,Amy Baker,OH,29,2025-01-11 13:44:46,grocery,Meijer,108.97
ACCT-B8D833E5,Amy Baker,OH,30,2025-01-12 07:00:55,subscription,Netflix,4.99
ACCT-B8D833E5,Amy Baker,OH,31,2025-01-12 07:48:01,automotive,Midas,11.92
ACCT-B8D833E5,Amy Baker,OH,32,2025-01-12 14:34:16,grocery,Meijer,423.84
ACCT-B8D833E5,Amy Baker,OH,33,2025-01-14 07:00:51,grocery,Meijer,140.82
ACCT-B8D833E5,Amy Baker,OH,34,2025-01-14 10:32:34,wire_transfer,PayPal,2730.19
ACCT-B8D833E5,Amy Baker,OH,35,2025-01-15 01:28:42,subscription,Netflix,12.99
ACCT-B8D833E5,Amy Baker,OH,36,2025-01-15 18:37:12,retail,Target,139.13
ACCT-B8D833E5,Amy Baker,OH,37,2025-01-15 19:37:14,ATM,PNC Bank ATM,380.0
ACCT-B8D833E5,Amy Baker,OH,38,2025-01-16 08:35:55,grocery,Walmart,68.29
ACCT-B8D833E5,Amy Baker,OH,39,2025-01-16 08:56:25,utilities,Duke Energy,252.99
ACCT-B8D833E5,Amy Baker,OH,40,2025-01-16 12:55:47,dining,Panera Bread,54.13
ACCT-B8D833E5,Amy Baker,OH,41,2025-01-16 14:08:13,gas,Circle K,105.87
ACCT-B8D833E5,Amy Baker,OH,42,2025-01-16 18:34:00,dining,McDonald's,44.05
ACCT-B8D833E5,Amy Baker,OH,43,2025-01-17 05:34:54,gas,Shell,129.14
ACCT-B8D833E5,Amy Baker,OH,44,2025-01-17 06:00:10,subscription,Disney+,19.99
ACCT-B8D833E5,Amy Baker,OH,45,2025-01-17 10:59:32,e-commerce,Amazon,296.21
ACCT-B8D833E5,Amy Baker,OH,46,2025-01-17 15:54:40,grocery,Meijer,114.2
ACCT-B8D833E5,Amy Baker,OH,47,2025-01-17 19:23:28,dining,McDonald's,127.68
ACCT-B8D833E5,Amy Baker,OH,48,2025-01-17 21:05:13,ATM,PNC Bank ATM,500.0
ACCT-B8D833E5,Amy Baker,OH,49,2025-01-18 16:57:51,grocery,Walmart,250.44
ACCT-B8D833E5,Amy Baker,OH,50,2025-01-19 00:00:19,subscription,Netflix,24.99
ACCT-B8D833E5,Amy Baker,OH,51,2025-01-19 09:20:29,grocery,Meijer,214.7
ACCT-B8D833E5,Amy Baker,OH,52,2025-01-19 09:38:04,utilities,Duke Energy,378.86
ACCT-B8D833E5,Amy Baker,OH,53,2025-01-19 09:43:41,healthcare,Walgreens Pharmacy,31.24
ACCT-B8D833E5,Amy Baker,OH,54,2025-01-19 10:30:18,e-commerce,Amazon,163.78
ACCT-B8D833E5,Amy Baker,OH,55,2025-01-20 17:34:28,retail,Walmart,88.78
ACCT-B8D833E5,Amy Baker,OH,56,2025-01-21 11:17:08,dining,McDonald's,64.16
ACCT-B8D833E5,Amy Baker,OH,57,2025-01-21 18:49:15,dining,McDonald's,155.61
ACCT-B8D833E5,Amy Baker,OH,58,2025-01-22 08:54:24,e-commerce,Amazon,94.73
ACCT-B8D833E5,Amy Baker,OH,59,2025-01-23 19:08:54,entertainment,AMC Theatres,64.47
ACCT-B8D833E5,Amy Baker,OH,60,2025-01-23 19:21:03,dining,McDonald's,103.09
ACCT-B8D833E5,Amy Baker,OH,61,2025-01-24 10:39:39,wire_transfer,Wise,1101.22
ACCT-B8D833E5,Amy Baker,OH,62,2025-01-24 12:37:46,grocery,Kroger,151.64
ACCT-B8D833E5,Amy Baker,OH,63,2025-01-24 13:16:47,e-commerce,Amazon,176.29
ACCT-B8D833E5,Amy Baker,OH,64,2025-01-24 14:42:44,gas,Shell,118.79
ACCT-B8D833E5,Amy Baker,OH,65,2025-01-24 16:35:30,retail,Target,367.55
ACCT-B8D833E5,Amy Baker,OH,66,2025-01-24 17:52:38,dining,McDonald's,98.82
ACCT-B8D833E5,Amy Baker,OH,67,2025-01-25 01:19:15,subscription,Netflix,24.99
ACCT-B8D833E5,Amy Baker,OH,68,2025-01-25 10:18:13,retail,Target,110.0
ACCT-B8D833E5,Amy Baker,OH,69,2025-01-25 18:21:02,retail,Target,132.77
ACCT-B8D833E5,Amy Baker,OH,70,2025-01-25 19:13:39,grocery,Kroger,220.43
ACCT-B8D833E5,Amy Baker,OH,71,2025-01-25 21:56:02,e-commerce,Amazon,685.2
ACCT-B8D833E5,Amy Baker,OH,72,2025-01-26 15:23:01,retail,Target,108.11
ACCT-B8D833E5,Amy Baker,OH,73,2025-01-27 16:12:59,dining,McDonald's,147.08
ACCT-B8D833E5,Amy Baker,OH,74,2025-01-27 17:30:41,entertainment,Six Flags,59.47
ACCT-B8D833E5,Amy Baker,OH,75,2025-01-28 07:20:01,subscription,Netflix,9.99
ACCT-B8D833E5,Amy Baker,OH,76,2025-01-28 11:55:38,retail,Walmart,159.78
ACCT-B8D833E5,Amy Baker,OH,77,2025-01-29 07:00:56,grocery,Kroger,218.13
ACCT-B8D833E5,Amy Baker,OH,78,2025-01-29 18:15:37,retail,Walmart,304.73
ACCT-B8D833E5,Amy Baker,OH,79,2025-01-29 18:36:37,retail,Target,51.61
ACCT-B8D833E5,Amy Baker,OH,80,2025-01-30 10:18:49,healthcare,CVS Pharmacy,16.88
ACCT-B8D833E5,Amy Baker,OH,81,2025-01-30 11:29:19,grocery,Meijer,267.71
ACCT-B8D833E5,Amy Baker,OH,82,,,,
ACCT-B8D833E5,Amy Baker,OH,83,,,,
ACCT-B8D833E5,Amy Baker,OH,84,,,,
ACCT-B8D833E5,Amy Baker,OH,85,,,,
ACCT-B8D833E5,Amy Baker,OH,86,,,,
ACCT-B8D833E5,Amy Baker,OH,87,,,,
ACCT-B8D833E5,Amy Baker,OH,88,,,,
ACCT-B8D833E5,Amy Baker,OH,89,,,,
ACCT-B8D833E5,Amy Baker,OH,90,,,,
ACCT-B8D833E5,Amy Baker,OH,91,,,,
ACCT-B8D833E5,Amy Baker,OH,92,,,,
ACCT-B8D833E5,Amy Baker,OH,93,,,,
ACCT-B8D833E5,Amy Baker,OH,94,,,,
ACCT-B925FC47,Jermaine Nguyen,CA,1,2025-01-01 08:07:52,travel,Hilton Hotels,223.5
ACCT-B925FC47,Jermaine Nguyen,CA,2,2025-01-01 11:52:18,healthcare,CVS Pharmacy,17.17
ACCT-B925FC47,Jermaine Nguyen,CA,3,2025-01-01 12:15:25,grocery,Trader Joe's,60.73
ACCT-B925FC47,Jermaine Nguyen,CA,4,2025-01-01 16:14:09,automotive,Midas,213.23
ACCT-B925FC47,Jermaine Nguyen,CA,5,2025-01-01 19:07:07,retail,Best Buy,116.09
ACCT-B925FC47,Jermaine Nguyen,CA,6,2025-01-02 12:05:41,dining,Starbucks,31.7
ACCT-B925FC47,Jermaine Nguyen,CA,7,2025-01-02 15:39:52,automotive,Midas,7.04
ACCT-B925FC47,Jermaine Nguyen,CA,8,2025-01-02 21:00:18,grocery,Walmart,52.49
ACCT-B925FC47,Jermaine Nguyen,CA,9,2025-01-03 09:57:21,utilities,Pacific Gas & Electric,151.73
ACCT-B925FC47,Jermaine Nguyen,CA,10,2025-01-03 22:59:01,dining,Starbucks,65.24
ACCT-B925FC47,Jermaine Nguyen,CA,11,2025-01-05 05:52:14,gas,Shell,37.63
ACCT-B925FC47,Jermaine Nguyen,CA,12,2025-01-05 08:31:24,healthcare,Rite Aid,190.47
ACCT-B925FC47,Jermaine Nguyen,CA,13,2025-01-05 16:53:59,dining,Sunset Grill,45.38
ACCT-B925FC47,Jermaine Nguyen,CA,14,2025-01-05 18:26:21,dining,Chipotle Mexican Grill,54.66
ACCT-B925FC47,Jermaine Nguyen,CA,15,2025-01-07 21:25:35,entertainment,AMC Theatres,24.63
ACCT-B925FC47,Jermaine Nguyen,CA,16,2025-01-08 14:54:31,retail,Target,63.04
ACCT-B925FC47,Jermaine Nguyen,CA,17,2025-01-09 07:55:06,travel,Delta Air Lines,152.43
ACCT-B925FC47,Jermaine Nguyen,CA,18,2025-01-09 13:59:28,gas,Chevron,76.54
ACCT-B925FC47,Jermaine Nguyen,CA,19,2025-01-09 18:26:33,retail,Nordstrom,94.86
ACCT-B925FC47,Jermaine Nguyen,CA,20,2025-01-10 17:21:04,automotive,Midas,43.11
ACCT-B925FC47,Jermaine Nguyen,CA,21,2025-01-10 19:40:22,gas,Circle K,47.89
ACCT-B925FC47,Jermaine Nguyen,CA,22,2025-01-11 10:24:05,wire_transfer,PayPal,807.66
ACCT-B925FC47,Jermaine Nguyen,CA,23,2025-01-12 12:15:24,retail,The Home Depot,72.42
ACCT-B925FC47,Jermaine Nguyen,CA,24,2025-01-12 16:41:50,grocery,Whole Foods Market,52.97
ACCT-B925FC47,Jermaine Nguyen,CA,25,2025-01-12 18:30:08,gas,Chevron,59.38
ACCT-B925FC47,Jermaine Nguyen,CA,26,2025-01-13 19:21:58,grocery,Safeway,37.79
ACCT-B925FC47,Jermaine Nguyen,CA,27,2025-01-14 12:58:17,grocery,Whole Foods Market,109.97
ACCT-B925FC47,Jermaine Nguyen,CA,28,2025-01-14 14:54:03,gas,Chevron,45.92
ACCT-B925FC47,Jermaine Nguyen,CA,29,2025-01-14 18:07:59,dining,Starbucks,57.37
ACCT-B925FC47,Jermaine Nguyen,CA,30,2025-01-14 23:34:43,entertainment,Six Flags,150.47
ACCT-B925FC47,Jermaine Nguyen,CA,31,2025-01-15 12:47:52,grocery,Whole Foods Market,51.69
ACCT-B925FC47,Jermaine Nguyen,CA,32,2025-01-15 16:24:10,e-commerce,Amazon,50.85
ACCT-B925FC47,Jermaine Nguyen,CA,33,2025-01-16 10:08:41,other,7-Eleven,17.02
ACCT-B925FC47,Jermaine Nguyen,CA,34,2025-01-16 22:28:29,e-commerce,Amazon,76.86
ACCT-B925FC47,Jermaine Nguyen,CA,35,2025-01-17 10:48:36,healthcare,Walgreens,25.66
ACCT-B925FC47,Jermaine Nguyen,CA,36,2025-01-18 10:27:09,e-commerce,Amazon,69.59
ACCT-B925FC47,Jermaine Nguyen,CA,37,2025-01-18 18:08:56,gas,Chevron,61.9
ACCT-B925FC47,Jermaine Nguyen,CA,38,2025-01-19 00:10:53,subscription,Netflix,9.99
ACCT-B925FC47,Jermaine Nguyen,CA,39,2025-01-21 11:56:40,other,7-Eleven,23.07
ACCT-B925FC47,Jermaine Nguyen,CA,40,2025-01-21 12:16:21,grocery,Whole Foods Market,58.87
ACCT-B925FC47,Jermaine Nguyen,CA,41,2025-01-21 19:12:44,dining,Starbucks,32.44
ACCT-B925FC47,Jermaine Nguyen,CA,42,2025-01-21 21:28:52,e-commerce,Amazon,36.7
ACCT-B925FC47,Jermaine Nguyen,CA,43,2025-01-23 07:13:55,subscription,Netflix,4.99
ACCT-B925FC47,Jermaine Nguyen,CA,44,2025-01-23 11:46:45,other,FedEx,48.51
ACCT-B925FC47,Jermaine Nguyen,CA,45,2025-01-23 12:09:18,retail,Target,32.24
ACCT-B925FC47,Jermaine Nguyen,CA,46,2025-01-24 15:12:22,healthcare,Walgreens,34.11
ACCT-B925FC47,Jermaine Nguyen,CA,47,2025-01-24 17:39:16,automotive,Valvoline Instant Oil Change,218.19
ACCT-B925FC47,Jermaine Nguyen,CA,48,2025-01-24 18:13:28,retail,Best Buy,21.52
ACCT-B925FC47,Jermaine Nguyen,CA,49,2025-01-25 15:27:49,grocery,Trader Joe's,44.59
ACCT-B925FC47,Jermaine Nguyen,CA,50,2025-01-26 00:00:09,subscription,Spotify,14.99
ACCT-B925FC47,Jermaine Nguyen,CA,51,2025-01-26 07:39:19,gas,Chevron,45.45
ACCT-B925FC47,Jermaine Nguyen,CA,52,2025-01-26 08:59:56,healthcare,CVS Pharmacy,284.74
ACCT-B925FC47,Jermaine Nguyen,CA,53,2025-01-26 09:00:42,retail,Macy's,35.55
ACCT-B925FC47,Jermaine Nguyen,CA,54,2025-01-26 09:28:47,grocery,Whole Foods Market,33.01
ACCT-B925FC47,Jermaine Nguyen,CA,55,2025-01-26 18:55:10,ATM,Chase Bank ATM,120.0
ACCT-B925FC47,Jermaine Nguyen,CA,56,2025-01-28 19:08:15,gas,Shell,69.58
ACCT-B925FC47,Jermaine Nguyen,CA,57,2025-01-29 00:00:36,subscription,Netflix,12.99
ACCT-B925FC47,Jermaine Nguyen,CA,58,2025-01-29 14:27:14,grocery,Trader Joe's,27.36
ACCT-B925FC47,Jermaine Nguyen,CA,59,2025-01-29 16:15:05,gas,Shell,36.98
ACCT-B925FC47,Jermaine Nguyen,CA,60,2025-01-30 15:31:53,grocery,Whole Foods Market,97.71
ACCT-B925FC47,Jermaine Nguyen,CA,61,2025-01-30 18:02:57,dining,Chipotle Mexican Grill,52.58
ACCT-B925FC47,Jermaine Nguyen,CA,62,2025-01-30 19:25:41,entertainment,AMC Theatres,32.28
ACCT-B925FC47,Jermaine Nguyen,CA,63,,,,
ACCT-B925FC47,Jermaine Nguyen,CA,64,,,,
ACCT-B925FC47,Jermaine Nguyen,CA,65,,,,
ACCT-B925FC47,Jermaine Nguyen,CA,66,,,,
ACCT-B925FC47,Jermaine Nguyen,CA,67,,,,
ACCT-B925FC47,Jermaine Nguyen,CA,68,,,,
ACCT-B925FC47,Jermaine Nguyen,CA,69,,,,
ACCT-B925FC47,Jermaine Nguyen,CA,70,,,,
ACCT-B925FC47,Jermaine Nguyen,CA,71,,,,
ACCT-B925FC47,Jermaine Nguyen,CA,72,,,,
ACCT-B925FC47,Jermaine Nguyen,CA,73,,,,
ACCT-B925FC47,Jermaine Nguyen,CA,74,,,,
ACCT-B925FC47,Jermaine Nguyen,CA,75,,,,
ACCT-B925FC47,Jermaine Nguyen,CA,76,,,,
ACCT-B925FC47,Jermaine Nguyen,CA,77,,,,
ACCT-B925FC47,Jermaine Nguyen,CA,78,,,,
ACCT-B925FC47,Jermaine Nguyen,CA,79,,,,
ACCT-B925FC47,Jermaine Nguyen,CA,80,,,,
ACCT-B925FC47,Jermaine Nguyen,CA,81,,,,
ACCT-B925FC47,Jermaine Nguyen,CA,82,,,,
ACCT-B925FC47,Jermaine Nguyen,CA,83,,,,
ACCT-B925FC47,Jermaine Nguyen,CA,84,,,,
ACCT-B925FC47,Jermaine Nguyen,CA,85,,,,
ACCT-B925FC47,Jermaine Nguyen,CA,86,,,,
ACCT-B925FC47,Jermaine Nguyen,CA,87,,,,
ACCT-B925FC47,Jermaine Nguyen,CA,88,,,,
ACCT-B925FC47,Jermaine Nguyen,CA,89,,,,
ACCT-B925FC47,Jermaine Nguyen,CA,90,,,,
ACCT-B925FC47,Jermaine Nguyen,CA,91,,,,
ACCT-B925FC47,Jermaine Nguyen,CA,92,,,,
ACCT-B925FC47,Jermaine Nguyen,CA,93,,,,
ACCT-B925FC47,Jermaine Nguyen,CA,94,,,,
ACCT-B95C8A0F,Michelle Gilbert,AZ,1,2025-01-01 13:12:06,e-commerce,Amazon,46.68
ACCT-B95C8A0F,Michelle Gilbert,AZ,2,2025-01-01 13:46:11,travel,Marriott,401.11
ACCT-B95C8A0F,Michelle Gilbert,AZ,3,2025-01-02 11:08:05,dining,McDonald's,19.6
ACCT-B95C8A0F,Michelle Gilbert,AZ,4,2025-01-02 11:18:35,travel,Marriott,497.95
ACCT-B95C8A0F,Michelle Gilbert,AZ,5,2025-01-02 11:46:13,wire_transfer,Western Union,1573.08
ACCT-B95C8A0F,Michelle Gilbert,AZ,6,2025-01-02 14:58:15,other,The UPS Store,32.83
ACCT-B95C8A0F,Michelle Gilbert,AZ,7,2025-01-02 20:06:48,dining,Starbucks,25.66
ACCT-B95C8A0F,Michelle Gilbert,AZ,8,2025-01-03 13:02:30,grocery,Walmart,64.55
ACCT-B95C8A0F,Michelle Gilbert,AZ,9,2025-01-04 06:02:33,subscription,Netflix,15.99
ACCT-B95C8A0F,Michelle Gilbert,AZ,10,2025-01-04 07:31:14,automotive,Jiffy Lube,322.67
ACCT-B95C8A0F,Michelle Gilbert,AZ,11,2025-01-04 18:13:02,dining,Chipotle Mexican Grill,69.31
ACCT-B95C8A0F,Michelle Gilbert,AZ,12,2025-01-06 01:04:36,subscription,Netflix,19.99
ACCT-B95C8A0F,Michelle Gilbert,AZ,13,2025-01-06 12:17:57,dining,Starbucks Phoenix,27.49
ACCT-B95C8A0F,Michelle Gilbert,AZ,14,2025-01-06 15:43:35,entertainment,AMC Theatres,133.94
ACCT-B95C8A0F,Michelle Gilbert,AZ,15,2025-01-06 17:30:40,e-commerce,Amazon,41.18
ACCT-B95C8A0F,Michelle Gilbert,AZ,16,2025-01-06 18:35:12,e-commerce,Amazon,123.03
ACCT-B95C8A0F,Michelle Gilbert,AZ,17,2025-01-06 20:10:50,grocery,Walmart,33.42
ACCT-B95C8A0F,Michelle Gilbert,AZ,18,2025-01-07 09:38:28,utilities,Duke Energy,120.9
ACCT-B95C8A0F,Michelle Gilbert,AZ,19,2025-01-07 13:38:45,grocery,Walmart,198.01
ACCT-B95C8A0F,Michelle Gilbert,AZ,20,2025-01-07 15:11:04,dining,McDonald's,82.36
ACCT-B95C8A0F,Michelle Gilbert,AZ,21,2025-01-08 15:38:16,ATM,Chase Bank ATM,140.0
ACCT-B95C8A0F,Michelle Gilbert,AZ,22,2025-01-08 20:03:22,entertainment,AMC Theatres,30.37
ACCT-B95C8A0F,Michelle Gilbert,AZ,23,2025-01-09 11:24:24,retail,Target,30.69
ACCT-B95C8A0F,Michelle Gilbert,AZ,24,2025-01-09 11:58:24,utilities,Duke Energy,110.4
ACCT-B95C8A0F,Michelle Gilbert,AZ,25,2025-01-10 14:53:18,travel,Delta Air Lines,968.35
ACCT-B95C8A0F,Michelle Gilbert,AZ,26,2025-01-10 19:51:58,dining,Chipotle Mexican Grill,22.77
ACCT-B95C8A0F,Michelle Gilbert,AZ,27,2025-01-11 08:57:29,utilities,Comcast Xfinity,167.01
ACCT-B95C8A0F,Michelle Gilbert,AZ,28,2025-01-11 11:31:50,healthcare,Walgreens,429.77
ACCT-B95C8A0F,Michelle Gilbert,AZ,29,2025-01-11 18:51:56,entertainment,AMC Theatres,110.94
ACCT-B95C8A0F,Michelle Gilbert,AZ,30,2025-01-11 19:33:52,entertainment,AMC Theatres,128.27
ACCT-B95C8A0F,Michelle Gilbert,AZ,31,2025-01-12 09:33:07,grocery,Walmart,62.91
ACCT-B95C8A0F,Michelle Gilbert,AZ,32,2025-01-13 09:00:40,ATM,Chase Bank ATM,120.0
ACCT-B95C8A0F,Michelle Gilbert,AZ,33,2025-01-14 05:00:52,gas,Chevron,60.42
ACCT-B95C8A0F,Michelle Gilbert,AZ,34,2025-01-14 07:00:06,automotive,Midas,320.51
ACCT-B95C8A0F,Michelle Gilbert,AZ,35,2025-01-14 10:22:10,wire_transfer,Western Union,2268.13
ACCT-B95C8A0F,Michelle Gilbert,AZ,36,2025-01-14 10:42:53,utilities,Duke Energy,107.47
ACCT-B95C8A0F,Michelle Gilbert,AZ,37,2025-01-14 11:22:27,dining,Chipotle Mexican Grill,33.72
ACCT-B95C8A0F,Michelle Gilbert,AZ,38,2025-01-15 18:49:56,automotive,Jiffy Lube,22.64
ACCT-B95C8A0F,Michelle Gilbert,AZ,39,2025-01-16 00:00:05,subscription,Netflix,9.99
ACCT-B95C8A0F,Michelle Gilbert,AZ,40,2025-01-16 06:23:40,travel,Marriott,110.71
ACCT-B95C8A0F,Michelle Gilbert,AZ,41,2025-01-16 07:14:09,gas,Shell,50.45
ACCT-B95C8A0F,Michelle Gilbert,AZ,42,2025-01-16 07:24:47,automotive,Jiffy Lube,14.97
ACCT-B95C8A0F,Michelle Gilbert,AZ,43,2025-01-16 19:31:47,e-commerce,Amazon,87.79
ACCT-B95C8A0F,Michelle Gilbert,AZ,44,2025-01-17 08:58:29,grocery,Walmart,58.35
ACCT-B95C8A0F,Michelle Gilbert,AZ,45,2025-01-18 07:11:17,utilities,Arizona Power & Light,136.05
ACCT-B95C8A0F,Michelle Gilbert,AZ,46,2025-01-18 15:50:21,e-commerce,Amazon,94.76
ACCT-B95C8A0F,Michelle Gilbert,AZ,47,2025-01-18 16:53:44,retail,Target,61.68
ACCT-B95C8A0F,Michelle Gilbert,AZ,48,2025-01-18 19:08:49,automotive,Jiffy Lube,211.74
ACCT-B95C8A0F,Michelle Gilbert,AZ,49,2025-01-18 19:55:02,entertainment,AMC Theatres,27.37
ACCT-B95C8A0F,Michelle Gilbert,AZ,50,2025-01-19 11:35:41,dining,McDonald's,97.69
ACCT-B95C8A0F,Michelle Gilbert,AZ,51,2025-01-19 15:22:03,grocery,Walmart,41.53
ACCT-B95C8A0F,Michelle Gilbert,AZ,52,2025-01-19 17:53:13,dining,McDonald's,57.2
ACCT-B95C8A0F,Michelle Gilbert,AZ,53,2025-01-20 09:40:55,utilities,Duke Energy,138.52
ACCT-B95C8A0F,Michelle Gilbert,AZ,54,2025-01-20 11:02:11,subscription,Spotify,19.99
ACCT-B95C8A0F,Michelle Gilbert,AZ,55,2025-01-20 12:34:46,grocery,Walmart,88.13
ACCT-B95C8A0F,Michelle Gilbert,AZ,56,2025-01-21 09:04:49,healthcare,CVS Pharmacy,326.39
ACCT-B95C8A0F,Michelle Gilbert,AZ,57,2025-01-21 16:06:28,other,The UPS Store,19.14
ACCT-B95C8A0F,Michelle Gilbert,AZ,58,2025-01-22 13:55:42,grocery,H-E-B,20.81
ACCT-B95C8A0F,Michelle Gilbert,AZ,59,2025-01-22 15:48:55,retail,Target,42.47
ACCT-B95C8A0F,Michelle Gilbert,AZ,60,2025-01-23 16:47:31,grocery,Costco,50.79
ACCT-B95C8A0F,Michelle Gilbert,AZ,61,2025-01-23 17:21:39,dining,McDonald's,31.51
ACCT-B95C8A0F,Michelle Gilbert,AZ,62,2025-01-24 08:56:50,utilities,Arizona Public Service,102.42
ACCT-B95C8A0F,Michelle Gilbert,AZ,63,2025-01-24 14:57:03,retail,Target,62.8
ACCT-B95C8A0F,Michelle Gilbert,AZ,64,2025-01-24 18:48:27,e-commerce,Amazon,52.83
ACCT-B95C8A0F,Michelle Gilbert,AZ,65,2025-01-25 07:04:17,subscription,Spotify,9.99
ACCT-B95C8A0F,Michelle Gilbert,AZ,66,2025-01-25 23:26:57,e-commerce,Amazon,203.18
ACCT-B95C8A0F,Michelle Gilbert,AZ,67,2025-01-26 09:14:39,utilities,Duke Energy,168.34
ACCT-B95C8A0F,Michelle Gilbert,AZ,68,2025-01-26 10:18:17,retail,Target,44.35
ACCT-B95C8A0F,Michelle Gilbert,AZ,69,2025-01-26 15:10:22,other,The UPS Store,15.66
ACCT-B95C8A0F,Michelle Gilbert,AZ,70,2025-01-27 11:32:37,e-commerce,Amazon,63.63
ACCT-B95C8A0F,Michelle Gilbert,AZ,71,2025-01-27 12:00:57,retail,Target,60.35
ACCT-B95C8A0F,Michelle Gilbert,AZ,72,2025-01-27 16:20:19,ATM,Allpoint ATM,220.0
ACCT-B95C8A0F,Michelle Gilbert,AZ,73,2025-01-28 00:00:14,subscription,Disney+,9.99
ACCT-B95C8A0F,Michelle Gilbert,AZ,74,2025-01-29 12:00:33,grocery,Walmart,86.57
ACCT-B95C8A0F,Michelle Gilbert,AZ,75,2025-01-29 19:53:19,dining,Starbucks,34.89
ACCT-B95C8A0F,Michelle Gilbert,AZ,76,2025-01-30 08:55:16,automotive,Jiffy Lube,11.9
ACCT-B95C8A0F,Michelle Gilbert,AZ,77,2025-01-30 09:37:09,ATM,Allpoint ATM,120.0
ACCT-B95C8A0F,Michelle Gilbert,AZ,78,2025-01-31 12:22:26,dining,McDonald's,43.18
ACCT-B95C8A0F,Michelle Gilbert,AZ,79,2025-01-31 20:21:19,entertainment,AMC Theatres,17.41
ACCT-B95C8A0F,Michelle Gilbert,AZ,80,,,,
ACCT-B95C8A0F,Michelle Gilbert,AZ,81,,,,
ACCT-B95C8A0F,Michelle Gilbert,AZ,82,,,,
ACCT-B95C8A0F,Michelle Gilbert,AZ,83,,,,
ACCT-B95C8A0F,Michelle Gilbert,AZ,84,,,,
ACCT-B95C8A0F,Michelle Gilbert,AZ,85,,,,
ACCT-B95C8A0F,Michelle Gilbert,AZ,86,,,,
ACCT-B95C8A0F,Michelle Gilbert,AZ,87,,,,
ACCT-B95C8A0F,Michelle Gilbert,AZ,88,,,,
ACCT-B95C8A0F,Michelle Gilbert,AZ,89,,,,
ACCT-B95C8A0F,Michelle Gilbert,AZ,90,,,,
ACCT-B95C8A0F,Michelle Gilbert,AZ,91,,,,
ACCT-B95C8A0F,Michelle Gilbert,AZ,92,,,,
ACCT-B95C8A0F,Michelle Gilbert,AZ,93,,,,
ACCT-B95C8A0F,Michelle Gilbert,AZ,94,,,,
ACCT-C818ED0E,Christopher Williams,MN,1,2025-01-01 14:05:03,e-commerce,Amazon,97.47
ACCT-C818ED0E,Christopher Williams,MN,2,2025-01-01 20:06:37,dining,Starbucks,41.95
ACCT-C818ED0E,Christopher Williams,MN,3,2025-01-01 20:07:58,dining,Starbucks,29.81
ACCT-C818ED0E,Christopher Williams,MN,4,2025-01-02 20:32:13,dining,McDonald's,29.17
ACCT-C818ED0E,Christopher Williams,MN,5,2025-01-03 17:10:10,retail,Burlington,57.31
ACCT-C818ED0E,Christopher Williams,MN,6,2025-01-04 09:59:29,e-commerce,Amazon,49.39
ACCT-C818ED0E,Christopher Williams,MN,7,2025-01-04 11:36:52,dining,McDonald's,38.11
ACCT-C818ED0E,Christopher Williams,MN,8,2025-01-04 12:07:33,dining,McDonald's,53.55
ACCT-C818ED0E,Christopher Williams,MN,9,2025-01-04 13:56:00,retail,Target,59.19
ACCT-C818ED0E,Christopher Williams,MN,10,2025-01-04 16:38:12,retail,Target,158.37
ACCT-C818ED0E,Christopher Williams,MN,11,2025-01-04 18:28:38,entertainment,Six Flags Great River,66.72
ACCT-C818ED0E,Christopher Williams,MN,12,2025-01-04 21:10:14,entertainment,AMC Theatres,153.02
ACCT-C818ED0E,Christopher Williams,MN,13,2025-01-05 13:08:54,ATM,Wells Fargo ATM,80.0
ACCT-C818ED0E,Christopher Williams,MN,14,2025-01-06 00:00:24,subscription,Spotify,14.99
ACCT-C818ED0E,Christopher Williams,MN,15,2025-01-06 19:13:34,entertainment,AMC Theatres,178.05
ACCT-C818ED0E,Christopher Williams,MN,16,2025-01-07 08:41:56,automotive,Jiffy Lube,9.76
ACCT-C818ED0E,Christopher Williams,MN,17,2025-01-07 12:28:04,grocery,Kroger,86.59
ACCT-C818ED0E,Christopher Williams,MN,18,2025-01-07 19:48:28,dining,McDonald's,33.6
ACCT-C818ED0E,Christopher Williams,MN,19,2025-01-08 12:46:48,grocery,Meijer,73.87
ACCT-C818ED0E,Christopher Williams,MN,20,2025-01-08 17:46:05,retail,Target,128.01
ACCT-C818ED0E,Christopher Williams,MN,21,2025-01-09 17:07:20,retail,Target,81.27
ACCT-C818ED0E,Christopher Williams,MN,22,2025-01-09 18:10:18,entertainment,AMC Theatres,184.19
ACCT-C818ED0E,Christopher Williams,MN,23,2025-01-11 13:50:22,grocery,Walmart,105.19
ACCT-C818ED0E,Christopher Williams,MN,24,2025-01-12 13:04:26,dining,Starbucks,67.01
ACCT-C818ED0E,Christopher Williams,MN,25,2025-01-13 16:20:38,grocery,Meijer,155.4
ACCT-C818ED0E,Christopher Williams,MN,26,2025-01-14 07:00:22,automotive,Midas,142.75
ACCT-C818ED0E,Christopher Williams,MN,27,2025-01-14 08:52:43,e-commerce,Amazon,235.3
ACCT-C818ED0E,Christopher Williams,MN,28,2025-01-14 12:43:26,grocery,Meijer,71.82
ACCT-C818ED0E,Christopher Williams,MN,29,2025-01-15 07:39:06,utilities,Xcel Energy,131.58
ACCT-C818ED0E,Christopher Williams,MN,30,2025-01-15 12:24:16,dining,Starbucks,31.68
ACCT-C818ED0E,Christopher Williams,MN,31,2025-01-15 14:10:43,grocery,ShopRite,75.0
ACCT-C818ED0E,Christopher Williams,MN,32,2025-01-15 18:46:13,ATM,Wells Fargo ATM,180.0
ACCT-C818ED0E,Christopher Williams,MN,33,2025-01-16 17:45:00,dining,McDonald's,37.88
ACCT-C818ED0E,Christopher Williams,MN,34,2025-01-17 09:31:16,healthcare,CVS Pharmacy,635.09
ACCT-C818ED0E,Christopher Williams,MN,35,2025-01-17 09:55:40,gas,Circle K,74.45
ACCT-C818ED0E,Christopher Williams,MN,36,2025-01-18 12:08:44,healthcare,CVS Pharmacy,312.04
ACCT-C818ED0E,Christopher Williams,MN,37,2025-01-18 13:07:25,ATM,Allpoint ATM,100.0
ACCT-C818ED0E,Christopher Williams,MN,38,2025-01-18 15:05:37,retail,Target,202.68
ACCT-C818ED0E,Christopher Williams,MN,39,2025-01-18 16:00:14,retail,Target,135.96
ACCT-C818ED0E,Christopher Williams,MN,40,2025-01-18 19:52:39,retail,Target,96.73
ACCT-C818ED0E,Christopher Williams,MN,41,2025-01-19 11:49:37,automotive,Midas,160.7
ACCT-C818ED0E,Christopher Williams,MN,42,2025-01-19 14:33:52,retail,Target,28.27
ACCT-C818ED0E,Christopher Williams,MN,43,2025-01-19 16:30:53,grocery,Meijer,78.86
ACCT-C818ED0E,Christopher Williams,MN,44,2025-01-19 16:58:09,dining,McDonald's,67.27
ACCT-C818ED0E,Christopher Williams,MN,45,2025-01-20 09:51:52,utilities,Duke Energy,266.61
ACCT-C818ED0E,Christopher Williams,MN,46,2025-01-20 16:54:57,entertainment,AMC Theatres,181.52
ACCT-C818ED0E,Christopher Williams,MN,47,2025-01-21 07:51:19,automotive,Monro Auto Service,247.98
ACCT-C818ED0E,Christopher Williams,MN,48,2025-01-21 08:36:33,gas,Speedway,135.38
ACCT-C818ED0E,Christopher Williams,MN,49,2025-01-21 13:35:41,e-commerce,Amazon,367.67
ACCT-C818ED0E,Christopher Williams,MN,50,2025-01-21 18:13:51,dining,McDonald's,73.84
ACCT-C818ED0E,Christopher Williams,MN,51,2025-01-22 15:23:04,retail,Target,75.01
ACCT-C818ED0E,Christopher Williams,MN,52,2025-01-22 18:05:26,gas,Circle K,75.7
ACCT-C818ED0E,Christopher Williams,MN,53,2025-01-23 10:58:49,grocery,Meijer,100.87
ACCT-C818ED0E,Christopher Williams,MN,54,2025-01-23 18:25:38,gas,Circle K,100.91
ACCT-C818ED0E,Christopher Williams,MN,55,2025-01-25 20:14:16,gas,Speedway,87.57
ACCT-C818ED0E,Christopher Williams,MN,56,2025-01-26 00:00:09,subscription,Netflix,9.99
ACCT-C818ED0E,Christopher Williams,MN,57,2025-01-26 10:32:09,ATM,Wells Fargo ATM,320.0
ACCT-C818ED0E,Christopher Williams,MN,58,2025-01-27 07:03:17,grocery,Safeway,48.67
ACCT-C818ED0E,Christopher Williams,MN,59,2025-01-27 10:33:09,dining,McDonald's,61.15
ACCT-C818ED0E,Christopher Williams,MN,60,2025-01-27 11:18:57,wire_transfer,PayPal,1570.96
ACCT-C818ED0E,Christopher Williams,MN,61,2025-01-28 10:43:52,e-commerce,Amazon,97.11
ACCT-C818ED0E,Christopher Williams,MN,62,2025-01-28 12:24:22,wire_transfer,Western Union,4567.88
ACCT-C818ED0E,Christopher Williams,MN,63,2025-01-30 15:46:51,ATM,Chase Bank ATM,500.0
ACCT-C818ED0E,Christopher Williams,MN,64,2025-01-30 16:13:45,retail,Target,169.33
ACCT-C818ED0E,Christopher Williams,MN,65,2025-01-30 16:24:25,dining,Chipotle Mexican Grill,44.74
ACCT-C818ED0E,Christopher Williams,MN,66,2025-01-30 18:04:19,entertainment,AMC Theatres,29.64
ACCT-C818ED0E,Christopher Williams,MN,67,2025-01-31 17:45:56,dining,McDonald's,37.48
ACCT-C818ED0E,Christopher Williams,MN,68,2025-01-31 20:04:38,dining,Chipotle Mexican Grill,20.32
ACCT-C818ED0E,Christopher Williams,MN,69,,,,
ACCT-C818ED0E,Christopher Williams,MN,70,,,,
ACCT-C818ED0E,Christopher Williams,MN,71,,,,
ACCT-C818ED0E,Christopher Williams,MN,72,,,,
ACCT-C818ED0E,Christopher Williams,MN,73,,,,
ACCT-C818ED0E,Christopher Williams,MN,74,,,,
ACCT-C818ED0E,Christopher Williams,MN,75,,,,
ACCT-C818ED0E,Christopher Williams,MN,76,,,,
ACCT-C818ED0E,Christopher Williams,MN,77,,,,
ACCT-C818ED0E,Christopher Williams,MN,78,,,,
ACCT-C818ED0E,Christopher Williams,MN,79,,,,
ACCT-C818ED0E,Christopher Williams,MN,80,,,,
ACCT-C818ED0E,Christopher Williams,MN,81,,,,
ACCT-C818ED0E,Christopher Williams,MN,82,,,,
ACCT-C818ED0E,Christopher Williams,MN,83,,,,
ACCT-C818ED0E,Christopher Williams,MN,84,,,,
ACCT-C818ED0E,Christopher Williams,MN,85,,,,
ACCT-C818ED0E,Christopher Williams,MN,86,,,,
ACCT-C818ED0E,Christopher Williams,MN,87,,,,
ACCT-C818ED0E,Christopher Williams,MN,88,,,,
ACCT-C818ED0E,Christopher Williams,MN,89,,,,
ACCT-C818ED0E,Christopher Williams,MN,90,,,,
ACCT-C818ED0E,Christopher Williams,MN,91,,,,
ACCT-C818ED0E,Christopher Williams,MN,92,,,,
ACCT-C818ED0E,Christopher Williams,MN,93,,,,
ACCT-C818ED0E,Christopher Williams,MN,94,,,,
ACCT-CC74FC0D,Dakota Ware,IN,1,2025-01-01 13:20:39,subscription,Netflix,14.99
ACCT-CC74FC0D,Dakota Ware,IN,2,2025-01-02 12:02:52,other,USPS,26.7
ACCT-CC74FC0D,Dakota Ware,IN,3,2025-01-02 15:59:43,grocery,Meijer,42.5
ACCT-CC74FC0D,Dakota Ware,IN,4,2025-01-03 08:35:18,grocery,Walmart,55.03
ACCT-CC74FC0D,Dakota Ware,IN,5,2025-01-04 13:01:23,healthcare,Walgreens,43.48
ACCT-CC74FC0D,Dakota Ware,IN,6,2025-01-04 13:32:35,retail,Target,62.5
ACCT-CC74FC0D,Dakota Ware,IN,7,2025-01-04 15:28:11,retail,Target,17.86
ACCT-CC74FC0D,Dakota Ware,IN,8,2025-01-05 03:48:19,subscription,Netflix,19.99
ACCT-CC74FC0D,Dakota Ware,IN,9,2025-01-05 15:39:38,gas,Shell,47.24
ACCT-CC74FC0D,Dakota Ware,IN,10,2025-01-05 19:39:15,dining,McDonald's,48.95
ACCT-CC74FC0D,Dakota Ware,IN,11,2025-01-06 15:17:38,dining,McDonald's,42.24
ACCT-CC74FC0D,Dakota Ware,IN,12,2025-01-07 09:58:19,utilities,Cox Communications,140.88
ACCT-CC74FC0D,Dakota Ware,IN,13,2025-01-07 14:52:59,grocery,Walmart,64.68
ACCT-CC74FC0D,Dakota Ware,IN,14,2025-01-07 18:17:32,automotive,Midas,22.14
ACCT-CC74FC0D,Dakota Ware,IN,15,2025-01-09 08:22:07,utilities,Duke Energy,108.1
ACCT-CC74FC0D,Dakota Ware,IN,16,2025-01-09 19:13:28,automotive,Midas,9.13
ACCT-CC74FC0D,Dakota Ware,IN,17,2025-01-10 07:01:57,ATM,Chase Bank ATM,160.0
ACCT-CC74FC0D,Dakota Ware,IN,18,2025-01-10 19:16:06,gas,Speedway,66.67
ACCT-CC74FC0D,Dakota Ware,IN,19,2025-01-11 00:33:28,subscription,Netflix,9.99
ACCT-CC74FC0D,Dakota Ware,IN,20,2025-01-11 08:53:09,other,FedEx,26.09
ACCT-CC74FC0D,Dakota Ware,IN,21,2025-01-11 15:02:43,grocery,Meijer,50.61
ACCT-CC74FC0D,Dakota Ware,IN,22,2025-01-12 09:11:56,e-commerce,Amazon,65.66
ACCT-CC74FC0D,Dakota Ware,IN,23,2025-01-12 20:27:15,other,DHL,61.91
ACCT-CC74FC0D,Dakota Ware,IN,24,2025-01-13 05:56:47,gas,Speedway,55.34
ACCT-CC74FC0D,Dakota Ware,IN,25,2025-01-13 14:09:59,grocery,Meijer,52.88
ACCT-CC74FC0D,Dakota Ware,IN,26,2025-01-14 12:19:35,dining,McDonald's,55.95
ACCT-CC74FC0D,Dakota Ware,IN,27,2025-01-14 13:51:15,grocery,Kroger,44.67
ACCT-CC74FC0D,Dakota Ware,IN,28,2025-01-14 15:50:47,ATM,Bank of America ATM,180.0
ACCT-CC74FC0D,Dakota Ware,IN,29,2025-01-15 07:41:35,automotive,Midas,19.03
ACCT-CC74FC0D,Dakota Ware,IN,30,2025-01-15 12:09:34,grocery,Meijer,28.35
ACCT-CC74FC0D,Dakota Ware,IN,31,2025-01-15 17:20:11,gas,Shell,35.71
ACCT-CC74FC0D,Dakota Ware,IN,32,2025-01-16 00:00:56,subscription,Netflix,24.99
ACCT-CC74FC0D,Dakota Ware,IN,33,2025-01-16 09:42:51,e-commerce,Amazon,187.55
ACCT-CC74FC0D,Dakota Ware,IN,34,2025-01-16 17:07:04,e-commerce,Amazon,19.91
ACCT-CC74FC0D,Dakota Ware,IN,35,2025-01-18 08:57:58,e-commerce,Amazon,114.08
ACCT-CC74FC0D,Dakota Ware,IN,36,2025-01-18 17:03:18,dining,Chick-fil-A,95.25
ACCT-CC74FC0D,Dakota Ware,IN,37,2025-01-18 19:56:51,dining,McDonald's,37.61
ACCT-CC74FC0D,Dakota Ware,IN,38,2025-01-19 14:41:51,grocery,Meijer,54.92
ACCT-CC74FC0D,Dakota Ware,IN,39,2025-01-20 10:09:55,healthcare,CVS Pharmacy,23.2
ACCT-CC74FC0D,Dakota Ware,IN,40,2025-01-20 10:10:38,grocery,Walmart,110.95
ACCT-CC74FC0D,Dakota Ware,IN,41,2025-01-20 12:54:30,other,FedEx,60.76
ACCT-CC74FC0D,Dakota Ware,IN,42,2025-01-20 17:58:06,dining,McDonald's,128.65
ACCT-CC74FC0D,Dakota Ware,IN,43,2025-01-20 19:06:34,automotive,Jiffy Lube,9.67
ACCT-CC74FC0D,Dakota Ware,IN,44,2025-01-21 13:11:05,dining,McDonald's,28.6
ACCT-CC74FC0D,Dakota Ware,IN,45,2025-01-21 16:34:03,retail,Target,63.69
ACCT-CC74FC0D,Dakota Ware,IN,46,2025-01-21 18:36:29,retail,Target,53.02
ACCT-CC74FC0D,Dakota Ware,IN,47,2025-01-22 13:06:49,e-commerce,Amazon,58.36
ACCT-CC74FC0D,Dakota Ware,IN,48,2025-01-23 11:34:52,subscription,Netflix,9.99
ACCT-CC74FC0D,Dakota Ware,IN,49,2025-01-23 12:18:06,travel,Hilton,327.01
ACCT-CC74FC0D,Dakota Ware,IN,50,2025-01-23 17:43:38,e-commerce,Amazon,23.48
ACCT-CC74FC0D,Dakota Ware,IN,51,2025-01-24 08:47:56,grocery,Meijer,76.46
ACCT-CC74FC0D,Dakota Ware,IN,52,2025-01-24 17:14:22,dining,McDonald's,43.8
ACCT-CC74FC0D,Dakota Ware,IN,53,2025-01-26 15:41:28,grocery,Meijer,62.27
ACCT-CC74FC0D,Dakota Ware,IN,54,2025-01-27 13:51:13,utilities,Duke Energy,181.0
ACCT-CC74FC0D,Dakota Ware,IN,55,2025-01-27 18:18:27,ATM,Chase Bank ATM,160.0
ACCT-CC74FC0D,Dakota Ware,IN,56,2025-01-27 18:18:49,gas,Shell,54.21
ACCT-CC74FC0D,Dakota Ware,IN,57,2025-01-28 02:02:50,subscription,Netflix,14.99
ACCT-CC74FC0D,Dakota Ware,IN,58,2025-01-28 07:00:13,healthcare,Quest Diagnostics,170.14
ACCT-CC74FC0D,Dakota Ware,IN,59,2025-01-28 07:48:06,automotive,Jiffy Lube,248.16
ACCT-CC74FC0D,Dakota Ware,IN,60,2025-01-28 15:55:51,dining,McDonald's,56.64
ACCT-CC74FC0D,Dakota Ware,IN,61,2025-01-29 00:00:00,subscription,Disney+,15.99
ACCT-CC74FC0D,Dakota Ware,IN,62,2025-01-29 15:15:21,e-commerce,Amazon,62.41
ACCT-CC74FC0D,Dakota Ware,IN,63,2025-01-30 12:40:23,healthcare,CVS Pharmacy,14.11
ACCT-CC74FC0D,Dakota Ware,IN,64,2025-01-30 15:10:00,retail,Walmart,46.7
ACCT-CC74FC0D,Dakota Ware,IN,65,2025-01-31 10:00:32,utilities,Comcast Xfinity,102.62
ACCT-CC74FC0D,Dakota Ware,IN,66,2025-01-31 12:34:28,healthcare,CVS Pharmacy,45.91
ACCT-CC74FC0D,Dakota Ware,IN,67,2025-01-31 19:08:27,automotive,Monro Auto Service,401.43
ACCT-CC74FC0D,Dakota Ware,IN,68,2025-01-31 19:39:20,ATM,Chase Bank ATM,200.0
ACCT-CC74FC0D,Dakota Ware,IN,69,2025-01-31 23:35:02,entertainment,AMC Theatres,52.24
ACCT-CC74FC0D,Dakota Ware,IN,70,,,,
ACCT-CC74FC0D,Dakota Ware,IN,71,,,,
ACCT-CC74FC0D,Dakota Ware,IN,72,,,,
ACCT-CC74FC0D,Dakota Ware,IN,73,,,,
ACCT-CC74FC0D,Dakota Ware,IN,74,,,,
ACCT-CC74FC0D,Dakota Ware,IN,75,,,,
ACCT-CC74FC0D,Dakota Ware,IN,76,,,,
ACCT-CC74FC0D,Dakota Ware,IN,77,,,,
ACCT-CC74FC0D,Dakota Ware,IN,78,,,,
ACCT-CC74FC0D,Dakota Ware,IN,79,,,,
ACCT-CC74FC0D,Dakota Ware,IN,80,,,,
ACCT-CC74FC0D,Dakota Ware,IN,81,,,,
ACCT-CC74FC0D,Dakota Ware,IN,82,,,,
ACCT-CC74FC0D,Dakota Ware,IN,83,,,,
ACCT-CC74FC0D,Dakota Ware,IN,84,,,,
ACCT-CC74FC0D,Dakota Ware,IN,85,,,,
ACCT-CC74FC0D,Dakota Ware,IN,86,,,,
ACCT-CC74FC0D,Dakota Ware,IN,87,,,,
ACCT-CC74FC0D,Dakota Ware,IN,88,,,,
ACCT-CC74FC0D,Dakota Ware,IN,89,,,,
ACCT-CC74FC0D,Dakota Ware,IN,90,,,,
ACCT-CC74FC0D,Dakota Ware,IN,91,,,,
ACCT-CC74FC0D,Dakota Ware,IN,92,,,,
ACCT-CC74FC0D,Dakota Ware,IN,93,,,,
ACCT-CC74FC0D,Dakota Ware,IN,94,,,,
ACCT-CCBFD577,Shannon Garcia,TX,1,2025-01-01 00:00:23,subscription,Netflix,12.99
ACCT-CCBFD577,Shannon Garcia,TX,2,2025-01-01 19:57:19,other,UPS Store,39.08
ACCT-CCBFD577,Shannon Garcia,TX,3,2025-01-01 20:45:51,dining,McDonald's,80.69
ACCT-CCBFD577,Shannon Garcia,TX,4,2025-01-02 11:21:07,healthcare,CVS Pharmacy,21.02
ACCT-CCBFD577,Shannon Garcia,TX,5,2025-01-03 08:14:31,e-commerce,Amazon,119.9
ACCT-CCBFD577,Shannon Garcia,TX,6,2025-01-03 10:09:14,automotive,Pep Boys,16.04
ACCT-CCBFD577,Shannon Garcia,TX,7,2025-01-03 18:45:03,dining,McDonald's,72.99
ACCT-CCBFD577,Shannon Garcia,TX,8,2025-01-04 20:42:36,gas,Citgo,62.67
ACCT-CCBFD577,Shannon Garcia,TX,9,2025-01-05 07:53:44,subscription,Netflix,9.99
ACCT-CCBFD577,Shannon Garcia,TX,10,2025-01-05 10:22:12,grocery,H-E-B,95.11
ACCT-CCBFD577,Shannon Garcia,TX,11,2025-01-05 12:05:53,healthcare,CVS Pharmacy,41.37
ACCT-CCBFD577,Shannon Garcia,TX,12,2025-01-05 17:01:34,retail,Target,44.18
ACCT-CCBFD577,Shannon Garcia,TX,13,2025-01-06 00:00:28,subscription,Netflix,9.99
ACCT-CCBFD577,Shannon Garcia,TX,14,2025-01-06 11:46:14,dining,McDonald's,166.18
ACCT-CCBFD577,Shannon Garcia,TX,15,2025-01-06 16:30:25,gas,Speedway,82.94
ACCT-CCBFD577,Shannon Garcia,TX,16,2025-01-06 19:19:58,retail,Target,92.6
ACCT-CCBFD577,Shannon Garcia,TX,17,2025-01-07 16:10:46,e-commerce,Amazon,137.49
ACCT-CCBFD577,Shannon Garcia,TX,18,2025-01-07 20:03:09,grocery,H‑E‑B,179.02
ACCT-CCBFD577,Shannon Garcia,TX,19,2025-01-08 18:08:46,dining,McDonald's,35.69
ACCT-CCBFD577,Shannon Garcia,TX,20,2025-01-09 07:00:24,grocery,H-E-B,76.71
ACCT-CCBFD577,Shannon Garcia,TX,21,2025-01-09 11:56:36,healthcare,Walgreens,24.79
ACCT-CCBFD577,Shannon Garcia,TX,22,2025-01-10 13:07:36,e-commerce,Amazon,82.85
ACCT-CCBFD577,Shannon Garcia,TX,23,2025-01-10 13:54:08,wire_transfer,Western Union,4619.43
ACCT-CCBFD577,Shannon Garcia,TX,24,2025-01-10 14:52:34,grocery,Walmart,54.39
ACCT-CCBFD577,Shannon Garcia,TX,25,2025-01-11 16:59:04,automotive,Midas,8.44
ACCT-CCBFD577,Shannon Garcia,TX,26,2025-01-13 16:46:59,automotive,Midas,199.41
ACCT-CCBFD577,Shannon Garcia,TX,27,2025-01-13 16:56:24,dining,McDonald's,69.97
ACCT-CCBFD577,Shannon Garcia,TX,28,2025-01-13 20:27:17,dining,Chick-fil-A,51.32
ACCT-CCBFD577,Shannon Garcia,TX,29,2025-01-14 09:03:35,subscription,Netflix,9.99
ACCT-CCBFD577,Shannon Garcia,TX,30,2025-01-14 11:57:56,retail,Target,77.05
ACCT-CCBFD577,Shannon Garcia,TX,31,2025-01-14 12:56:09,dining,Buffalo Wild Wings,17.45
ACCT-CCBFD577,Shannon Garcia,TX,32,2025-01-14 13:27:37,ATM,Bank of America ATM,500.0
ACCT-CCBFD577,Shannon Garcia,TX,33,2025-01-14 14:49:02,grocery,H-E-B,256.93
ACCT-CCBFD577,Shannon Garcia,TX,34,2025-01-15 01:58:26,subscription,Netflix,9.99
ACCT-CCBFD577,Shannon Garcia,TX,35,2025-01-15 09:33:34,e-commerce,Amazon,142.82
ACCT-CCBFD577,Shannon Garcia,TX,36,2025-01-15 10:23:14,utilities,Comcast Xfinity,225.65
ACCT-CCBFD577,Shannon Garcia,TX,37,2025-01-15 12:10:48,dining,Chipotle Mexican Grill,51.17
ACCT-CCBFD577,Shannon Garcia,TX,38,2025-01-15 19:31:23,entertainment,Six Flags,30.19
ACCT-CCBFD577,Shannon Garcia,TX,39,2025-01-16 00:00:42,subscription,Netflix,19.99
ACCT-CCBFD577,Shannon Garcia,TX,40,2025-01-16 11:06:16,healthcare,CVS Pharmacy,45.67
ACCT-CCBFD577,Shannon Garcia,TX,41,2025-01-16 13:10:08,e-commerce,Amazon,90.38
ACCT-CCBFD577,Shannon Garcia,TX,42,2025-01-16 19:13:07,grocery,H-E-B,76.4
ACCT-CCBFD577,Shannon Garcia,TX,43,2025-01-17 11:24:34,dining,McDonald's,79.41
ACCT-CCBFD577,Shannon Garcia,TX,44,2025-01-18 07:56:16,ATM,Chase Bank ATM,220.0
ACCT-CCBFD577,Shannon Garcia,TX,45,2025-01-18 09:26:52,healthcare,CVS Pharmacy,467.95
ACCT-CCBFD577,Shannon Garcia,TX,46,2025-01-18 16:06:10,retail,Target,92.86
ACCT-CCBFD577,Shannon Garcia,TX,47,2025-01-18 17:41:59,dining,Chipotle Mexican Grill,30.54
ACCT-CCBFD577,Shannon Garcia,TX,48,2025-01-19 17:13:12,gas,Marathon,74.39
ACCT-CCBFD577,Shannon Garcia,TX,49,2025-01-19 18:46:33,dining,McDonald's,89.83
ACCT-CCBFD577,Shannon Garcia,TX,50,2025-01-21 17:14:20,e-commerce,Amazon,178.05
ACCT-CCBFD577,Shannon Garcia,TX,51,2025-01-21 17:32:38,grocery,Walmart,72.8
ACCT-CCBFD577,Shannon Garcia,TX,52,2025-01-22 13:14:18,healthcare,Walgreens,1271.79
ACCT-CCBFD577,Shannon Garcia,TX,53,2025-01-22 16:52:41,e-commerce,TexaMart Marketplace,53.95
ACCT-CCBFD577,Shannon Garcia,TX,54,2025-01-23 00:00:01,subscription,Netflix,12.99
ACCT-CCBFD577,Shannon Garcia,TX,55,2025-01-23 17:13:42,retail,Target,47.62
ACCT-CCBFD577,Shannon Garcia,TX,56,2025-01-23 18:59:50,retail,Target,56.98
ACCT-CCBFD577,Shannon Garcia,TX,57,2025-01-23 20:25:32,e-commerce,Amazon,767.25
ACCT-CCBFD577,Shannon Garcia,TX,58,2025-01-24 07:36:18,e-commerce,Amazon,113.87
ACCT-CCBFD577,Shannon Garcia,TX,59,2025-01-24 08:30:41,utilities,Comcast Xfinity,181.59
ACCT-CCBFD577,Shannon Garcia,TX,60,2025-01-24 10:30:52,other,Dollar General,58.66
ACCT-CCBFD577,Shannon Garcia,TX,61,2025-01-24 13:16:35,e-commerce,Newegg,92.01
ACCT-CCBFD577,Shannon Garcia,TX,62,2025-01-24 16:58:25,gas,Shell,58.45
ACCT-CCBFD577,Shannon Garcia,TX,63,2025-01-25 00:00:59,subscription,Disney+,12.99
ACCT-CCBFD577,Shannon Garcia,TX,64,2025-01-26 07:00:00,healthcare,Walgreens,33.42
ACCT-CCBFD577,Shannon Garcia,TX,65,2025-01-26 12:47:25,grocery,Walmart,172.11
ACCT-CCBFD577,Shannon Garcia,TX,66,2025-01-27 18:23:14,gas,Speedway,107.21
ACCT-CCBFD577,Shannon Garcia,TX,67,2025-01-27 21:09:41,dining,McDonald's,67.47
ACCT-CCBFD577,Shannon Garcia,TX,68,2025-01-29 09:45:12,wire_transfer,PayPal,3974.51
ACCT-CCBFD577,Shannon Garcia,TX,69,2025-01-29 12:47:46,ATM,Chase Bank ATM,180.0
ACCT-CCBFD577,Shannon Garcia,TX,70,2025-01-29 13:20:05,gas,Speedway,88.42
ACCT-CCBFD577,Shannon Garcia,TX,71,2025-01-29 17:09:10,utilities,Duke Energy,174.67
ACCT-CCBFD577,Shannon Garcia,TX,72,2025-01-30 05:00:26,gas,ExxonMobil,101.07
ACCT-CCBFD577,Shannon Garcia,TX,73,2025-01-30 10:32:16,e-commerce,Amazon,73.47
ACCT-CCBFD577,Shannon Garcia,TX,74,2025-01-30 17:12:36,dining,McDonald's,43.28
ACCT-CCBFD577,Shannon Garcia,TX,75,2025-01-30 17:19:30,automotive,Midas,677.27
ACCT-CCBFD577,Shannon Garcia,TX,76,2025-01-30 18:11:56,retail,Target,133.79
ACCT-CCBFD577,Shannon Garcia,TX,77,2025-01-31 07:41:02,automotive,Midas,15.31
ACCT-CCBFD577,Shannon Garcia,TX,78,2025-01-31 15:22:39,retail,Target,41.67
ACCT-CCBFD577,Shannon Garcia,TX,79,,,,
ACCT-CCBFD577,Shannon Garcia,TX,80,,,,
ACCT-CCBFD577,Shannon Garcia,TX,81,,,,
ACCT-CCBFD577,Shannon Garcia,TX,82,,,,
ACCT-CCBFD577,Shannon Garcia,TX,83,,,,
ACCT-CCBFD577,Shannon Garcia,TX,84,,,,
ACCT-CCBFD577,Shannon Garcia,TX,85,,,,
ACCT-CCBFD577,Shannon Garcia,TX,86,,,,
ACCT-CCBFD577,Shannon Garcia,TX,87,,,,
ACCT-CCBFD577,Shannon Garcia,TX,88,,,,
ACCT-CCBFD577,Shannon Garcia,TX,89,,,,
ACCT-CCBFD577,Shannon Garcia,TX,90,,,,
ACCT-CCBFD577,Shannon Garcia,TX,91,,,,
ACCT-CCBFD577,Shannon Garcia,TX,92,,,,
ACCT-CCBFD577,Shannon Garcia,TX,93,,,,
ACCT-CCBFD577,Shannon Garcia,TX,94,,,,
ACCT-D430CF25,Lori Allen,CO,1,2025-01-01 16:22:55,grocery,Walmart,51.83
ACCT-D430CF25,Lori Allen,CO,2,2025-01-01 17:18:34,retail,Target,41.62
ACCT-D430CF25,Lori Allen,CO,3,2025-01-02 03:23:31,subscription,Netflix,9.99
ACCT-D430CF25,Lori Allen,CO,4,2025-01-02 07:30:52,gas,Speedway,62.01
ACCT-D430CF25,Lori Allen,CO,5,2025-01-02 19:57:06,entertainment,AMC Theatres,64.65
ACCT-D430CF25,Lori Allen,CO,6,2025-01-02 20:06:13,entertainment,AMC Theatres,81.61
ACCT-D430CF25,Lori Allen,CO,7,2025-01-03 07:00:49,other,7-Eleven,35.05
ACCT-D430CF25,Lori Allen,CO,8,2025-01-03 08:08:50,healthcare,Walgreens,217.03
ACCT-D430CF25,Lori Allen,CO,9,2025-01-03 16:10:01,gas,Shell,33.18
ACCT-D430CF25,Lori Allen,CO,10,2025-01-05 08:31:12,automotive,Midas,184.95
ACCT-D430CF25,Lori Allen,CO,11,2025-01-05 09:26:49,travel,Delta Air Lines,612.75
ACCT-D430CF25,Lori Allen,CO,12,2025-01-05 10:39:36,travel,Marriott,178.2
ACCT-D430CF25,Lori Allen,CO,13,2025-01-05 14:23:13,e-commerce,Amazon,64.03
ACCT-D430CF25,Lori Allen,CO,14,2025-01-05 14:44:02,retail,Target,53.53
ACCT-D430CF25,Lori Allen,CO,15,2025-01-06 10:48:03,retail,Walmart,71.74
ACCT-D430CF25,Lori Allen,CO,16,2025-01-06 12:52:41,utilities,Comcast Xfinity,73.01
ACCT-D430CF25,Lori Allen,CO,17,2025-01-08 07:59:44,subscription,Netflix,12.99
ACCT-D430CF25,Lori Allen,CO,18,2025-01-08 10:17:39,grocery,Walmart,91.23
ACCT-D430CF25,Lori Allen,CO,19,2025-01-08 21:13:03,entertainment,AMC Theatres,128.53
ACCT-D430CF25,Lori Allen,CO,20,2025-01-09 10:04:20,utilities,Xcel Energy,90.11
ACCT-D430CF25,Lori Allen,CO,21,2025-01-09 12:49:18,gas,Circle K,49.16
ACCT-D430CF25,Lori Allen,CO,22,2025-01-09 16:44:48,travel,United Airlines,87.28
ACCT-D430CF25,Lori Allen,CO,23,2025-01-09 17:21:09,dining,Starbucks,52.66
ACCT-D430CF25,Lori Allen,CO,24,2025-01-09 17:50:59,retail,Walmart,105.52
ACCT-D430CF25,Lori Allen,CO,25,2025-01-09 18:57:11,grocery,Walmart,121.52
ACCT-D430CF25,Lori Allen,CO,26,2025-01-09 20:00:56,dining,Starbucks,29.26
ACCT-D430CF25,Lori Allen,CO,27,2025-01-10 15:32:15,grocery,Safeway,63.14
ACCT-D430CF25,Lori Allen,CO,28,2025-01-10 19:30:52,dining,McDonald's,40.27
ACCT-D430CF25,Lori Allen,CO,29,2025-01-10 19:32:57,gas,Circle K,39.72
ACCT-D430CF25,Lori Allen,CO,30,2025-01-11 07:59:00,subscription,Spotify,12.99
ACCT-D430CF25,Lori Allen,CO,31,2025-01-11 10:53:19,wire_transfer,Western Union,2130.88
ACCT-D430CF25,Lori Allen,CO,32,2025-01-11 12:59:41,retail,Walmart,39.3
ACCT-D430CF25,Lori Allen,CO,33,2025-01-11 13:41:59,e-commerce,Pioneer Gear,29.79
ACCT-D430CF25,Lori Allen,CO,34,2025-01-11 14:54:53,grocery,Costco,69.58
ACCT-D430CF25,Lori Allen,CO,35,2025-01-11 16:29:20,gas,Circle K,51.9
ACCT-D430CF25,Lori Allen,CO,36,2025-01-11 16:41:51,dining,McDonald's,43.22
ACCT-D430CF25,Lori Allen,CO,37,2025-01-11 18:42:02,dining,McDonald's,28.48
ACCT-D430CF25,Lori Allen,CO,38,2025-01-11 19:16:48,entertainment,AMC Theatres,37.2
ACCT-D430CF25,Lori Allen,CO,39,2025-01-12 07:00:51,grocery,Walmart,79.38
ACCT-D430CF25,Lori Allen,CO,40,2025-01-12 17:20:39,retail,Target,74.82
ACCT-D430CF25,Lori Allen,CO,41,2025-01-12 17:32:15,e-commerce,Amazon,41.73
ACCT-D430CF25,Lori Allen,CO,42,2025-01-13 14:30:21,grocery,Walmart,46.95
ACCT-D430CF25,Lori Allen,CO,43,2025-01-13 16:58:16,retail,Target,67.52
ACCT-D430CF25,Lori Allen,CO,44,2025-01-14 11:09:15,e-commerce,Amazon,100.37
ACCT-D430CF25,Lori Allen,CO,45,2025-01-14 14:22:05,retail,Target,62.75
ACCT-D430CF25,Lori Allen,CO,46,2025-01-14 17:25:19,retail,Target,45.56
ACCT-D430CF25,Lori Allen,CO,47,2025-01-16 14:29:00,gas,Circle K,69.94
ACCT-D430CF25,Lori Allen,CO,48,2025-01-17 11:18:43,wire_transfer,PayPal,889.26
ACCT-D430CF25,Lori Allen,CO,49,2025-01-17 11:20:34,grocery,Walmart,66.19
ACCT-D430CF25,Lori Allen,CO,50,2025-01-17 17:52:32,entertainment,Dave & Buster's,39.95
ACCT-D430CF25,Lori Allen,CO,51,2025-01-18 01:25:06,subscription,Spotify,12.99
ACCT-D430CF25,Lori Allen,CO,52,2025-01-18 16:43:53,gas,Circle K,70.16
ACCT-D430CF25,Lori Allen,CO,53,2025-01-19 10:49:50,e-commerce,Amazon,88.58
ACCT-D430CF25,Lori Allen,CO,54,2025-01-19 16:10:06,retail,Walmart,40.03
ACCT-D430CF25,Lori Allen,CO,55,2025-01-19 17:52:07,automotive,Jiffy Lube,132.29
ACCT-D430CF25,Lori Allen,CO,56,2025-01-20 00:00:17,subscription,Disney+,14.99
ACCT-D430CF25,Lori Allen,CO,57,2025-01-20 05:00:40,gas,Speedway,37.6
ACCT-D430CF25,Lori Allen,CO,58,2025-01-21 12:30:17,healthcare,CVS Pharmacy,29.09
ACCT-D430CF25,Lori Allen,CO,59,2025-01-21 14:12:18,grocery,Walmart,63.42
ACCT-D430CF25,Lori Allen,CO,60,2025-01-22 09:06:40,grocery,Safeway,42.74
ACCT-D430CF25,Lori Allen,CO,61,2025-01-22 14:34:16,gas,Shell,42.14
ACCT-D430CF25,Lori Allen,CO,62,2025-01-23 18:25:53,grocery,Safeway,99.89
ACCT-D430CF25,Lori Allen,CO,63,2025-01-23 20:29:35,e-commerce,Amazon,81.15
ACCT-D430CF25,Lori Allen,CO,64,2025-01-24 07:00:14,grocery,Walmart,34.73
ACCT-D430CF25,Lori Allen,CO,65,2025-01-24 13:31:12,ATM,Allpoint ATM,120.0
ACCT-D430CF25,Lori Allen,CO,66,2025-01-24 13:38:33,e-commerce,Denver Deals,75.98
ACCT-D430CF25,Lori Allen,CO,67,2025-01-24 17:14:14,gas,Circle K,36.04
ACCT-D430CF25,Lori Allen,CO,68,2025-01-25 09:27:57,wire_transfer,PayPal,806.57
ACCT-D430CF25,Lori Allen,CO,69,2025-01-25 16:00:39,grocery,Walmart,35.49
ACCT-D430CF25,Lori Allen,CO,70,2025-01-26 14:08:23,dining,Starbucks,47.2
ACCT-D430CF25,Lori Allen,CO,71,2025-01-27 07:33:34,automotive,Firestone Complete Auto Care,20.86
ACCT-D430CF25,Lori Allen,CO,72,2025-01-27 10:28:41,healthcare,CVS Pharmacy,29.17
ACCT-D430CF25,Lori Allen,CO,73,2025-01-28 08:27:35,gas,Circle K,65.91
ACCT-D430CF25,Lori Allen,CO,74,2025-01-29 00:45:16,subscription,Netflix,12.99
ACCT-D430CF25,Lori Allen,CO,75,2025-01-29 10:44:28,dining,McDonald's,25.33
ACCT-D430CF25,Lori Allen,CO,76,2025-01-29 12:39:10,grocery,Walmart,31.7
ACCT-D430CF25,Lori Allen,CO,77,2025-01-30 00:00:29,subscription,Netflix,9.99
ACCT-D430CF25,Lori Allen,CO,78,2025-01-30 11:16:49,wire_transfer,PayPal,2292.23
ACCT-D430CF25,Lori Allen,CO,79,2025-01-31 00:00:51,subscription,Netflix,9.99
ACCT-D430CF25,Lori Allen,CO,80,2025-01-31 14:41:17,e-commerce,Amazon,25.92
ACCT-D430CF25,Lori Allen,CO,81,2025-01-31 16:38:17,gas,Chevron,38.54
ACCT-D430CF25,Lori Allen,CO,82,,,,
ACCT-D430CF25,Lori Allen,CO,83,,,,
ACCT-D430CF25,Lori Allen,CO,84,,,,
ACCT-D430CF25,Lori Allen,CO,85,,,,
ACCT-D430CF25,Lori Allen,CO,86,,,,
ACCT-D430CF25,Lori Allen,CO,87,,,,
ACCT-D430CF25,Lori Allen,CO,88,,,,
ACCT-D430CF25,Lori Allen,CO,89,,,,
ACCT-D430CF25,Lori Allen,CO,90,,,,
ACCT-D430CF25,Lori Allen,CO,91,,,,
ACCT-D430CF25,Lori Allen,CO,92,,,,
ACCT-D430CF25,Lori Allen,CO,93,,,,
ACCT-D430CF25,Lori Allen,CO,94,,,,
ACCT-D531DC19,Donna Mcknight,AL,1,2025-01-01 18:10:11,automotive,Midas,12.8
ACCT-D531DC19,Donna Mcknight,AL,2,2025-01-01 18:38:36,entertainment,AMC Theatres,96.91
ACCT-D531DC19,Donna Mcknight,AL,3,2025-01-02 04:28:19,subscription,Netflix,9.99
ACCT-D531DC19,Donna Mcknight,AL,4,2025-01-02 08:59:27,healthcare,CVS Pharmacy,23.19
ACCT-D531DC19,Donna Mcknight,AL,5,2025-01-03 17:52:40,automotive,Midas,11.79
ACCT-D531DC19,Donna Mcknight,AL,6,2025-01-04 07:55:31,grocery,Publix,98.4
ACCT-D531DC19,Donna Mcknight,AL,7,2025-01-04 09:09:36,healthcare,CVS Pharmacy,382.6
ACCT-D531DC19,Donna Mcknight,AL,8,2025-01-04 12:35:33,retail,Walmart,132.34
ACCT-D531DC19,Donna Mcknight,AL,9,2025-01-04 18:33:02,gas,Shell,97.25
ACCT-D531DC19,Donna Mcknight,AL,10,2025-01-05 12:53:31,grocery,Walmart,195.47
ACCT-D531DC19,Donna Mcknight,AL,11,2025-01-05 13:43:51,e-commerce,Amazon,276.5
ACCT-D531DC19,Donna Mcknight,AL,12,2025-01-05 19:49:43,dining,McDonald's,120.74
ACCT-D531DC19,Donna Mcknight,AL,13,2025-01-06 07:00:59,ATM,Chase Bank ATM,500.0
ACCT-D531DC19,Donna Mcknight,AL,14,2025-01-06 09:01:06,grocery,Walmart,72.55
ACCT-D531DC19,Donna Mcknight,AL,15,2025-01-06 17:09:46,retail,Target,95.4
ACCT-D531DC19,Donna Mcknight,AL,16,2025-01-07 00:00:35,subscription,Disney+,15.99
ACCT-D531DC19,Donna Mcknight,AL,17,2025-01-07 15:37:05,automotive,Caliber Collision,6.19
ACCT-D531DC19,Donna Mcknight,AL,18,2025-01-07 15:59:42,travel,Delta Air Lines,203.23
ACCT-D531DC19,Donna Mcknight,AL,19,2025-01-07 22:00:10,gas,Speedway,62.4
ACCT-D531DC19,Donna Mcknight,AL,20,2025-01-07 22:31:01,e-commerce,Amazon,236.38
ACCT-D531DC19,Donna Mcknight,AL,21,2025-01-09 09:22:52,ATM,Truist ATM,280.0
ACCT-D531DC19,Donna Mcknight,AL,22,2025-01-09 10:12:09,healthcare,Walgreens,33.2
ACCT-D531DC19,Donna Mcknight,AL,23,2025-01-09 12:44:10,dining,Chick-fil-A,80.05
ACCT-D531DC19,Donna Mcknight,AL,24,2025-01-09 13:37:43,other,USPS,47.43
ACCT-D531DC19,Donna Mcknight,AL,25,2025-01-09 16:27:12,gas,Circle K,70.78
ACCT-D531DC19,Donna Mcknight,AL,26,2025-01-09 18:20:20,entertainment,AMC Theatres,129.11
ACCT-D531DC19,Donna Mcknight,AL,27,2025-01-10 13:03:36,ATM,Truist ATM,140.0
ACCT-D531DC19,Donna Mcknight,AL,28,2025-01-11 00:34:32,subscription,Spotify,12.99
ACCT-D531DC19,Donna Mcknight,AL,29,2025-01-11 10:52:54,dining,Starbucks,40.4
ACCT-D531DC19,Donna Mcknight,AL,30,2025-01-11 15:50:27,retail,Target,71.65
ACCT-D531DC19,Donna Mcknight,AL,31,2025-01-11 17:18:42,other,USPS,99.17
ACCT-D531DC19,Donna Mcknight,AL,32,2025-01-12 16:52:18,grocery,Walmart,58.48
ACCT-D531DC19,Donna Mcknight,AL,33,2025-01-13 14:18:44,grocery,Publix,114.44
ACCT-D531DC19,Donna Mcknight,AL,34,2025-01-13 15:02:44,e-commerce,Amazon,89.39
ACCT-D531DC19,Donna Mcknight,AL,35,2025-01-13 17:06:45,ATM,Chase Bank ATM,340.0
ACCT-D531DC19,Donna Mcknight,AL,36,2025-01-14 16:41:46,retail,Target,96.26
ACCT-D531DC19,Donna Mcknight,AL,37,2025-01-14 19:20:48,dining,McDonald's,38.64
ACCT-D531DC19,Donna Mcknight,AL,38,2025-01-14 22:59:14,entertainment,Dave & Buster's,78.44
ACCT-D531DC19,Donna Mcknight,AL,39,2025-01-15 07:34:52,grocery,Walmart,75.28
ACCT-D531DC19,Donna Mcknight,AL,40,2025-01-15 12:29:28,dining,McDonald's,69.89
ACCT-D531DC19,Donna Mcknight,AL,41,2025-01-15 12:59:01,retail,The Home Depot,60.87
ACCT-D531DC19,Donna Mcknight,AL,42,2025-01-15 15:58:55,e-commerce,Amazon,36.91
ACCT-D531DC19,Donna Mcknight,AL,43,2025-01-15 17:34:43,dining,McDonald's,59.69
ACCT-D531DC19,Donna Mcknight,AL,44,2025-01-15 19:30:44,entertainment,AMC Theatres,99.64
ACCT-D531DC19,Donna Mcknight,AL,45,2025-01-17 12:15:14,ATM,Chase Bank ATM,160.0
ACCT-D531DC19,Donna Mcknight,AL,46,2025-01-17 19:47:05,dining,McDonald's,28.97
ACCT-D531DC19,Donna Mcknight,AL,47,2025-01-18 15:44:02,grocery,Walmart,100.44
ACCT-D531DC19,Donna Mcknight,AL,48,2025-01-18 16:13:25,gas,Speedway,60.2
ACCT-D531DC19,Donna Mcknight,AL,49,2025-01-18 18:56:13,dining,McDonald's,67.26
ACCT-D531DC19,Donna Mcknight,AL,50,2025-01-18 19:12:10,dining,Chick-fil-A,105.24
ACCT-D531DC19,Donna Mcknight,AL,51,2025-01-20 15:10:17,ATM,Bank of America ATM,140.0
ACCT-D531DC19,Donna Mcknight,AL,52,2025-01-20 19:16:45,dining,McDonald's,57.69
ACCT-D531DC19,Donna Mcknight,AL,53,2025-01-21 12:52:58,dining,Chick-fil-A,122.95
ACCT-D531DC19,Donna Mcknight,AL,54,2025-01-21 14:23:49,gas,Shell,88.07
ACCT-D531DC19,Donna Mcknight,AL,55,2025-01-22 10:14:58,healthcare,Walgreens Pharmacy,24.48
ACCT-D531DC19,Donna Mcknight,AL,56,2025-01-22 11:39:36,travel,Delta Air Lines,399.02
ACCT-D531DC19,Donna Mcknight,AL,57,2025-01-22 14:01:38,grocery,Walmart,141.89
ACCT-D531DC19,Donna Mcknight,AL,58,2025-01-22 18:07:37,dining,Chick-fil-A,53.36
ACCT-D531DC19,Donna Mcknight,AL,59,2025-01-22 18:34:39,dining,McDonald's,73.18
ACCT-D531DC19,Donna Mcknight,AL,60,2025-01-23 15:32:11,grocery,Walmart,62.49
ACCT-D531DC19,Donna Mcknight,AL,61,2025-01-24 16:05:52,dining,McDonald's,62.1
ACCT-D531DC19,Donna Mcknight,AL,62,2025-01-25 13:38:54,dining,McDonald's,39.23
ACCT-D531DC19,Donna Mcknight,AL,63,2025-01-25 18:25:39,entertainment,Six Flags,113.57
ACCT-D531DC19,Donna Mcknight,AL,64,2025-01-26 11:20:03,grocery,Publix,102.96
ACCT-D531DC19,Donna Mcknight,AL,65,2025-01-27 10:59:52,grocery,Walmart,60.09
ACCT-D531DC19,Donna Mcknight,AL,66,2025-01-27 11:18:18,e-commerce,Amazon,335.23
ACCT-D531DC19,Donna Mcknight,AL,67,2025-01-27 22:34:08,entertainment,AMC Theatres,93.85
ACCT-D531DC19,Donna Mcknight,AL,68,2025-01-28 17:56:20,retail,Target,77.89
ACCT-D531DC19,Donna Mcknight,AL,69,2025-01-29 11:08:09,grocery,Kroger,126.57
ACCT-D531DC19,Donna Mcknight,AL,70,2025-01-29 12:04:41,dining,McDonald's,51.18
ACCT-D531DC19,Donna Mcknight,AL,71,2025-01-30 10:54:27,grocery,Walmart,149.78
ACCT-D531DC19,Donna Mcknight,AL,72,2025-01-30 15:44:55,retail,Walmart,219.17
ACCT-D531DC19,Donna Mcknight,AL,73,2025-01-31 08:21:39,grocery,Walmart,94.35
ACCT-D531DC19,Donna Mcknight,AL,74,2025-01-31 14:15:52,retail,Target,78.68
ACCT-D531DC19,Donna Mcknight,AL,75,2025-01-31 18:24:30,entertainment,Bowlero Birmingham,30.6
ACCT-D531DC19,Donna Mcknight,AL,76,,,,
ACCT-D531DC19,Donna Mcknight,AL,77,,,,
ACCT-D531DC19,Donna Mcknight,AL,78,,,,
ACCT-D531DC19,Donna Mcknight,AL,79,,,,
ACCT-D531DC19,Donna Mcknight,AL,80,,,,
ACCT-D531DC19,Donna Mcknight,AL,81,,,,
ACCT-D531DC19,Donna Mcknight,AL,82,,,,
ACCT-D531DC19,Donna Mcknight,AL,83,,,,
ACCT-D531DC19,Donna Mcknight,AL,84,,,,
ACCT-D531DC19,Donna Mcknight,AL,85,,,,
ACCT-D531DC19,Donna Mcknight,AL,86,,,,
ACCT-D531DC19,Donna Mcknight,AL,87,,,,
ACCT-D531DC19,Donna Mcknight,AL,88,,,,
ACCT-D531DC19,Donna Mcknight,AL,89,,,,
ACCT-D531DC19,Donna Mcknight,AL,90,,,,
ACCT-D531DC19,Donna Mcknight,AL,91,,,,
ACCT-D531DC19,Donna Mcknight,AL,92,,,,
ACCT-D531DC19,Donna Mcknight,AL,93,,,,
ACCT-D531DC19,Donna Mcknight,AL,94,,,,
ACCT-E15C9DBE,Amber Davis,CA,1,2025-01-01 13:02:24,grocery,Whole Foods Market,131.8
ACCT-E15C9DBE,Amber Davis,CA,2,2025-01-01 18:26:40,automotive,Jiffy Lube,18.67
ACCT-E15C9DBE,Amber Davis,CA,3,2025-01-02 08:00:34,other,FedEx Office,31.95
ACCT-E15C9DBE,Amber Davis,CA,4,2025-01-02 12:19:05,healthcare,CVS Pharmacy,22.32
ACCT-E15C9DBE,Amber Davis,CA,5,2025-01-02 15:25:03,retail,Target,105.08
ACCT-E15C9DBE,Amber Davis,CA,6,2025-01-03 01:02:00,subscription,Amazon Prime,15.99
ACCT-E15C9DBE,Amber Davis,CA,7,2025-01-03 18:29:53,dining,McDonald's,22.04
ACCT-E15C9DBE,Amber Davis,CA,8,2025-01-03 19:01:35,entertainment,AMC Theatres,112.22
ACCT-E15C9DBE,Amber Davis,CA,9,2025-01-04 10:35:52,grocery,Trader Joe's,120.13
ACCT-E15C9DBE,Amber Davis,CA,10,2025-01-05 15:18:40,retail,Target,145.66
ACCT-E15C9DBE,Amber Davis,CA,11,2025-01-06 11:13:20,wire_transfer,Western Union,414.64
ACCT-E15C9DBE,Amber Davis,CA,12,2025-01-06 19:53:05,dining,Starbucks,65.11
ACCT-E15C9DBE,Amber Davis,CA,13,2025-01-07 08:35:33,gas,Chevron,79.3
ACCT-E15C9DBE,Amber Davis,CA,14,2025-01-07 09:29:15,travel,Delta Air Lines,270.55
ACCT-E15C9DBE,Amber Davis,CA,15,2025-01-07 10:30:04,healthcare,Walgreens,29.26
ACCT-E15C9DBE,Amber Davis,CA,16,2025-01-07 13:49:36,other,FedEx,19.91
ACCT-E15C9DBE,Amber Davis,CA,17,2025-01-07 14:35:00,e-commerce,Amazon,173.01
ACCT-E15C9DBE,Amber Davis,CA,18,2025-01-07 16:23:47,ATM,Chase Bank ATM,200.0
ACCT-E15C9DBE,Amber Davis,CA,19,2025-01-07 18:42:32,dining,McDonald's,134.93
ACCT-E15C9DBE,Amber Davis,CA,20,2025-01-08 14:37:11,travel,Marriott,140.13
ACCT-E15C9DBE,Amber Davis,CA,21,2025-01-09 11:24:31,utilities,Pacific Gas & Electric,167.73
ACCT-E15C9DBE,Amber Davis,CA,22,2025-01-09 12:18:25,travel,Marriott,211.2
ACCT-E15C9DBE,Amber Davis,CA,23,2025-01-09 16:12:26,retail,Nordstrom,37.25
ACCT-E15C9DBE,Amber Davis,CA,24,2025-01-10 08:03:22,gas,Chevron,82.41
ACCT-E15C9DBE,Amber Davis,CA,25,2025-01-10 11:38:38,wire_transfer,PayPal,2856.0
ACCT-E15C9DBE,Amber Davis,CA,26,2025-01-11 12:46:02,dining,Starbucks,47.9
ACCT-E15C9DBE,Amber Davis,CA,27,2025-01-12 09:13:50,grocery,Whole Foods Market,44.27
ACCT-E15C9DBE,Amber Davis,CA,28,2025-01-12 12:42:27,dining,Starbucks,71.67
ACCT-E15C9DBE,Amber Davis,CA,29,2025-01-13 10:39:21,grocery,Whole Foods Market,63.62
ACCT-E15C9DBE,Amber Davis,CA,30,2025-01-13 12:18:28,retail,The Home Depot,110.61
ACCT-E15C9DBE,Amber Davis,CA,31,2025-01-13 14:13:28,dining,McDonald's,125.59
ACCT-E15C9DBE,Amber Davis,CA,32,2025-01-13 16:40:53,dining,McDonald's,21.64
ACCT-E15C9DBE,Amber Davis,CA,33,2025-01-14 00:00:00,subscription,Netflix,9.99
ACCT-E15C9DBE,Amber Davis,CA,34,2025-01-14 20:51:05,e-commerce,Temu,136.92
ACCT-E15C9DBE,Amber Davis,CA,35,2025-01-15 09:23:45,other,USPS,139.0
ACCT-E15C9DBE,Amber Davis,CA,36,2025-01-15 17:21:19,automotive,Monro Auto Service,532.21
ACCT-E15C9DBE,Amber Davis,CA,37,2025-01-15 18:38:12,dining,Starbucks,46.47
ACCT-E15C9DBE,Amber Davis,CA,38,2025-01-15 22:19:21,ATM,Chase Bank ATM,320.0
ACCT-E15C9DBE,Amber Davis,CA,39,2025-01-16 12:02:50,grocery,Whole Foods Market,58.79
ACCT-E15C9DBE,Amber Davis,CA,40,2025-01-16 18:24:28,entertainment,AMC Theatres,59.87
ACCT-E15C9DBE,Amber Davis,CA,41,2025-01-16 18:40:54,dining,Starbucks,55.28
ACCT-E15C9DBE,Amber Davis,CA,42,2025-01-17 08:50:03,utilities,Pacific Gas & Electric,221.78
ACCT-E15C9DBE,Amber Davis,CA,43,2025-01-17 12:24:20,healthcare,CVS Pharmacy,29.5
ACCT-E15C9DBE,Amber Davis,CA,44,2025-01-17 17:14:31,other,ACE Hardware,41.49
ACCT-E15C9DBE,Amber Davis,CA,45,2025-01-17 19:35:05,entertainment,AMC Theatres,50.89
ACCT-E15C9DBE,Amber Davis,CA,46,2025-01-18 07:44:15,subscription,Netflix,19.99
ACCT-E15C9DBE,Amber Davis,CA,47,2025-01-18 15:58:25,retail,Target,161.57
ACCT-E15C9DBE,Amber Davis,CA,48,2025-01-18 16:06:39,e-commerce,Amazon,214.33
ACCT-E15C9DBE,Amber Davis,CA,49,2025-01-19 12:55:48,e-commerce,Amazon,100.39
ACCT-E15C9DBE,Amber Davis,CA,50,2025-01-19 13:39:11,ATM,Chase Bank ATM,220.0
ACCT-E15C9DBE,Amber Davis,CA,51,2025-01-20 12:08:13,dining,Starbucks,63.14
ACCT-E15C9DBE,Amber Davis,CA,52,2025-01-20 13:53:16,grocery,Whole Foods Market,106.33
ACCT-E15C9DBE,Amber Davis,CA,53,2025-01-20 17:11:55,retail,Target,29.56
ACCT-E15C9DBE,Amber Davis,CA,54,2025-01-20 17:19:49,dining,Starbucks,36.52
ACCT-E15C9DBE,Amber Davis,CA,55,2025-01-21 04:07:53,subscription,Spotify,15.99
ACCT-E15C9DBE,Amber Davis,CA,56,2025-01-21 07:48:22,travel,Marriott,396.84
ACCT-E15C9DBE,Amber Davis,CA,57,2025-01-21 14:30:35,grocery,Trader Joe's,119.67
ACCT-E15C9DBE,Amber Davis,CA,58,2025-01-22 00:00:22,subscription,Netflix,19.99
ACCT-E15C9DBE,Amber Davis,CA,59,2025-01-22 12:12:52,dining,Starbucks,123.0
ACCT-E15C9DBE,Amber Davis,CA,60,2025-01-22 20:28:36,grocery,Whole Foods Market,115.81
ACCT-E15C9DBE,Amber Davis,CA,61,2025-01-23 05:44:46,gas,Chevron,71.88
ACCT-E15C9DBE,Amber Davis,CA,62,2025-01-25 07:00:43,travel,Delta Air Lines,200.38
ACCT-E15C9DBE,Amber Davis,CA,63,2025-01-26 17:43:48,retail,Best Buy,47.34
ACCT-E15C9DBE,Amber Davis,CA,64,2025-01-26 18:43:06,dining,Starbucks,64.92
ACCT-E15C9DBE,Amber Davis,CA,65,2025-01-27 10:24:14,utilities,Pacific Gas & Electric,158.9
ACCT-E15C9DBE,Amber Davis,CA,66,2025-01-27 17:39:16,retail,Nordstrom,52.1
ACCT-E15C9DBE,Amber Davis,CA,67,2025-01-29 05:00:34,travel,Marriott,394.66
ACCT-E15C9DBE,Amber Davis,CA,68,2025-01-29 07:00:35,utilities,Pacific Gas & Electric,176.69
ACCT-E15C9DBE,Amber Davis,CA,69,2025-01-29 08:30:56,subscription,Netflix,4.99
ACCT-E15C9DBE,Amber Davis,CA,70,2025-01-29 09:14:45,travel,Marriott,519.23
ACCT-E15C9DBE,Amber Davis,CA,71,2025-01-29 14:30:37,grocery,Whole Foods Market,96.47
ACCT-E15C9DBE,Amber Davis,CA,72,2025-01-31 11:42:02,grocery,Whole Foods Market,97.52
ACCT-E15C9DBE,Amber Davis,CA,73,,,,
ACCT-E15C9DBE,Amber Davis,CA,74,,,,
ACCT-E15C9DBE,Amber Davis,CA,75,,,,
ACCT-E15C9DBE,Amber Davis,CA,76,,,,
ACCT-E15C9DBE,Amber Davis,CA,77,,,,
ACCT-E15C9DBE,Amber Davis,CA,78,,,,
ACCT-E15C9DBE,Amber Davis,CA,79,,,,
ACCT-E15C9DBE,Amber Davis,CA,80,,,,
ACCT-E15C9DBE,Amber Davis,CA,81,,,,
ACCT-E15C9DBE,Amber Davis,CA,82,,,,
ACCT-E15C9DBE,Amber Davis,CA,83,,,,
ACCT-E15C9DBE,Amber Davis,CA,84,,,,
ACCT-E15C9DBE,Amber Davis,CA,85,,,,
ACCT-E15C9DBE,Amber Davis,CA,86,,,,
ACCT-E15C9DBE,Amber Davis,CA,87,,,,
ACCT-E15C9DBE,Amber Davis,CA,88,,,,
ACCT-E15C9DBE,Amber Davis,CA,89,,,,
ACCT-E15C9DBE,Amber Davis,CA,90,,,,
ACCT-E15C9DBE,Amber Davis,CA,91,,,,
ACCT-E15C9DBE,Amber Davis,CA,92,,,,
ACCT-E15C9DBE,Amber Davis,CA,93,,,,
ACCT-E15C9DBE,Amber Davis,CA,94,,,,
ACCT-E32721A2,Richard Hernandez,VA,1,2025-01-01 16:32:56,retail,Target,46.98
ACCT-E32721A2,Richard Hernandez,VA,2,2025-01-02 07:00:55,ATM,Chase Bank ATM,260.0
ACCT-E32721A2,Richard Hernandez,VA,3,2025-01-02 10:57:13,travel,Marriott,466.81
ACCT-E32721A2,Richard Hernandez,VA,4,2025-01-02 18:01:15,grocery,Kroger,40.23
ACCT-E32721A2,Richard Hernandez,VA,5,2025-01-03 19:48:32,grocery,Walmart,60.52
ACCT-E32721A2,Richard Hernandez,VA,6,2025-01-05 08:32:40,healthcare,CVS Pharmacy,62.91
ACCT-E32721A2,Richard Hernandez,VA,7,2025-01-05 13:05:31,dining,McDonald's,22.11
ACCT-E32721A2,Richard Hernandez,VA,8,2025-01-05 14:52:08,grocery,Trader Joe's,45.37
ACCT-E32721A2,Richard Hernandez,VA,9,2025-01-05 23:05:14,entertainment,AMC Theatres,52.32
ACCT-E32721A2,Richard Hernandez,VA,10,2025-01-06 10:59:44,automotive,Midas,16.68
ACCT-E32721A2,Richard Hernandez,VA,11,2025-01-07 00:00:44,subscription,Netflix,19.99
ACCT-E32721A2,Richard Hernandez,VA,12,2025-01-07 07:12:51,healthcare,CVS Pharmacy,234.58
ACCT-E32721A2,Richard Hernandez,VA,13,2025-01-07 14:26:25,e-commerce,Amazon,18.02
ACCT-E32721A2,Richard Hernandez,VA,14,2025-01-07 19:17:58,entertainment,AMC Theatres,49.92
ACCT-E32721A2,Richard Hernandez,VA,15,2025-01-09 10:33:27,utilities,Duke Energy,127.98
ACCT-E32721A2,Richard Hernandez,VA,16,2025-01-10 11:01:53,healthcare,Rite Aid,10.67
ACCT-E32721A2,Richard Hernandez,VA,17,2025-01-10 12:38:36,wire_transfer,PayPal,806.77
ACCT-E32721A2,Richard Hernandez,VA,18,2025-01-10 14:38:33,grocery,Walmart,50.49
ACCT-E32721A2,Richard Hernandez,VA,19,2025-01-10 14:49:32,e-commerce,Amazon,151.11
ACCT-E32721A2,Richard Hernandez,VA,20,2025-01-10 17:20:50,retail,Target,28.44
ACCT-E32721A2,Richard Hernandez,VA,21,2025-01-10 18:10:42,entertainment,AMC Theatres,56.94
ACCT-E32721A2,Richard Hernandez,VA,22,2025-01-11 09:04:30,grocery,Walmart,59.43
ACCT-E32721A2,Richard Hernandez,VA,23,2025-01-11 11:57:04,dining,Starbucks,11.66
ACCT-E32721A2,Richard Hernandez,VA,24,2025-01-11 15:16:44,gas,Circle K,100.54
ACCT-E32721A2,Richard Hernandez,VA,25,2025-01-11 16:18:43,retail,Target,56.22
ACCT-E32721A2,Richard Hernandez,VA,26,2025-01-11 18:45:09,dining,McDonald's,30.89
ACCT-E32721A2,Richard Hernandez,VA,27,2025-01-12 07:57:19,grocery,Walmart,95.71
ACCT-E32721A2,Richard Hernandez,VA,28,2025-01-13 20:14:15,dining,McDonald's,34.58
ACCT-E32721A2,Richard Hernandez,VA,29,2025-01-14 08:10:31,grocery,Walmart,28.09
ACCT-E32721A2,Richard Hernandez,VA,30,2025-01-14 11:13:12,e-commerce,Amazon,66.23
ACCT-E32721A2,Richard Hernandez,VA,31,2025-01-14 17:04:46,automotive,Midas,16.52
ACCT-E32721A2,Richard Hernandez,VA,32,2025-01-14 17:49:38,entertainment,AMC Theatres,133.08
ACCT-E32721A2,Richard Hernandez,VA,33,2025-01-14 18:52:35,dining,Starbucks,28.01
ACCT-E32721A2,Richard Hernandez,VA,34,2025-01-15 07:53:34,utilities,Duke Energy,97.85
ACCT-E32721A2,Richard Hernandez,VA,35,2025-01-15 16:20:03,retail,Target,41.38
ACCT-E32721A2,Richard Hernandez,VA,36,2025-01-15 20:24:54,entertainment,AMC Theatres,23.83
ACCT-E32721A2,Richard Hernandez,VA,37,2025-01-16 13:34:18,ATM,Chase Bank ATM,220.0
ACCT-E32721A2,Richard Hernandez,VA,38,2025-01-16 13:44:38,retail,Target,30.14
ACCT-E32721A2,Richard Hernandez,VA,39,2025-01-16 16:00:51,retail,Target,45.25
ACCT-E32721A2,Richard Hernandez,VA,40,2025-01-16 18:36:11,dining,McDonald's,50.41
ACCT-E32721A2,Richard Hernandez,VA,41,2025-01-16 22:00:32,gas,Speedway,60.21
ACCT-E32721A2,Richard Hernandez,VA,42,2025-01-17 10:09:50,ATM,Wells Fargo ATM,280.0
ACCT-E32721A2,Richard Hernandez,VA,43,2025-01-17 11:01:36,subscription,Netflix,19.99
ACCT-E32721A2,Richard Hernandez,VA,44,2025-01-17 18:42:20,retail,Target,43.29
ACCT-E32721A2,Richard Hernandez,VA,45,2025-01-17 18:48:24,automotive,Jiffy Lube,288.8
ACCT-E32721A2,Richard Hernandez,VA,46,2025-01-18 10:10:09,utilities,Duke Energy,108.51
ACCT-E32721A2,Richard Hernandez,VA,47,2025-01-18 12:27:09,retail,Target,47.57
ACCT-E32721A2,Richard Hernandez,VA,48,2025-01-18 15:37:47,retail,Target,89.19
ACCT-E32721A2,Richard Hernandez,VA,49,2025-01-18 17:14:22,retail,Target,27.59
ACCT-E32721A2,Richard Hernandez,VA,50,2025-01-19 05:00:04,travel,United Airlines,159.15
ACCT-E32721A2,Richard Hernandez,VA,51,2025-01-19 07:41:56,gas,Shell,58.19
ACCT-E32721A2,Richard Hernandez,VA,52,2025-01-19 08:20:48,ATM,Chase Bank ATM,140.0
ACCT-E32721A2,Richard Hernandez,VA,53,2025-01-19 08:22:50,grocery,Trader Joe's,21.58
ACCT-E32721A2,Richard Hernandez,VA,54,2025-01-19 13:33:32,dining,Panera Bread,27.38
ACCT-E32721A2,Richard Hernandez,VA,55,2025-01-19 13:54:09,e-commerce,Amazon,50.92
ACCT-E32721A2,Richard Hernandez,VA,56,2025-01-19 20:46:53,dining,McDonald's,31.53
ACCT-E32721A2,Richard Hernandez,VA,57,2025-01-20 05:47:18,subscription,Netflix,14.99
ACCT-E32721A2,Richard Hernandez,VA,58,2025-01-20 13:35:54,dining,McDonald's,31.33
ACCT-E32721A2,Richard Hernandez,VA,59,2025-01-20 13:36:29,e-commerce,Amazon,69.48
ACCT-E32721A2,Richard Hernandez,VA,60,2025-01-20 14:10:27,healthcare,CVS Pharmacy,40.43
ACCT-E32721A2,Richard Hernandez,VA,61,2025-01-20 18:33:58,automotive,Midas,316.41
ACCT-E32721A2,Richard Hernandez,VA,62,2025-01-21 05:00:06,travel,Marriott,180.12
ACCT-E32721A2,Richard Hernandez,VA,63,2025-01-21 12:42:14,utilities,Duke Energy,112.89
ACCT-E32721A2,Richard Hernandez,VA,64,2025-01-22 00:00:37,subscription,Spotify,14.99
ACCT-E32721A2,Richard Hernandez,VA,65,2025-01-22 15:48:48,retail,Target,20.77
ACCT-E32721A2,Richard Hernandez,VA,66,2025-01-23 09:12:46,subscription,Spotify,15.99
ACCT-E32721A2,Richard Hernandez,VA,67,2025-01-23 12:17:53,dining,McDonald's,36.06
ACCT-E32721A2,Richard Hernandez,VA,68,2025-01-23 13:34:43,grocery,Kroger,87.42
ACCT-E32721A2,Richard Hernandez,VA,69,2025-01-23 19:18:50,entertainment,AMC Theatres,41.91
ACCT-E32721A2,Richard Hernandez,VA,70,2025-01-24 05:45:29,subscription,Netflix,9.99
ACCT-E32721A2,Richard Hernandez,VA,71,2025-01-24 06:03:49,gas,Speedway,61.82
ACCT-E32721A2,Richard Hernandez,VA,72,2025-01-25 05:00:30,travel,Marriott,873.62
ACCT-E32721A2,Richard Hernandez,VA,73,2025-01-25 09:14:55,subscription,Disney+,19.99
ACCT-E32721A2,Richard Hernandez,VA,74,2025-01-25 15:33:47,gas,Circle K,27.4
ACCT-E32721A2,Richard Hernandez,VA,75,2025-01-26 17:13:13,ATM,Chase Bank ATM,160.0
ACCT-E32721A2,Richard Hernandez,VA,76,2025-01-26 20:44:46,entertainment,AMC Theatres,39.68
ACCT-E32721A2,Richard Hernandez,VA,77,2025-01-27 15:19:27,grocery,Walmart,30.28
ACCT-E32721A2,Richard Hernandez,VA,78,2025-01-28 06:01:09,travel,Virginia Marriott,287.49
ACCT-E32721A2,Richard Hernandez,VA,79,2025-01-28 09:26:29,grocery,Walmart,51.65
ACCT-E32721A2,Richard Hernandez,VA,80,2025-01-28 11:15:17,dining,McDonald's,36.45
ACCT-E32721A2,Richard Hernandez,VA,81,2025-01-29 08:32:45,subscription,Netflix,7.99
ACCT-E32721A2,Richard Hernandez,VA,82,2025-01-29 10:49:33,grocery,Whole Foods Market,95.12
ACCT-E32721A2,Richard Hernandez,VA,83,2025-01-29 12:04:15,dining,Chick-fil-A,75.58
ACCT-E32721A2,Richard Hernandez,VA,84,2025-01-29 12:10:50,dining,McDonald's,65.74
ACCT-E32721A2,Richard Hernandez,VA,85,2025-01-30 04:29:46,subscription,Netflix,9.99
ACCT-E32721A2,Richard Hernandez,VA,86,2025-01-30 11:26:19,wire_transfer,PayPal,6537.82
ACCT-E32721A2,Richard Hernandez,VA,87,2025-01-31 07:00:26,other,7-Eleven,100.75
ACCT-E32721A2,Richard Hernandez,VA,88,2025-01-31 09:29:44,healthcare,CVS Pharmacy,32.6
ACCT-E32721A2,Richard Hernandez,VA,89,,,,
ACCT-E32721A2,Richard Hernandez,VA,90,,,,
ACCT-E32721A2,Richard Hernandez,VA,91,,,,
ACCT-E32721A2,Richard Hernandez,VA,92,,,,
ACCT-E32721A2,Richard Hernandez,VA,93,,,,
ACCT-E32721A2,Richard Hernandez,VA,94,,,,
ACCT-E5A159F7,Melanie Cooper,PA,1,2025-01-01 06:11:48,gas,PennFuel,113.92
ACCT-E5A159F7,Melanie Cooper,PA,2,2025-01-01 09:30:39,grocery,ShopRite,216.88
ACCT-E5A159F7,Melanie Cooper,PA,3,2025-01-01 09:47:42,utilities,Duke Energy,322.43
ACCT-E5A159F7,Melanie Cooper,PA,4,2025-01-01 10:51:38,healthcare,CVS Pharmacy,17.67
ACCT-E5A159F7,Melanie Cooper,PA,5,2025-01-01 11:18:36,subscription,Netflix,7.99
ACCT-E5A159F7,Melanie Cooper,PA,6,2025-01-01 16:03:50,retail,Target,260.12
ACCT-E5A159F7,Melanie Cooper,PA,7,2025-01-01 18:11:55,dining,McDonald's,77.26
ACCT-E5A159F7,Melanie Cooper,PA,8,2025-01-02 03:16:21,subscription,Amazon Prime,14.99
ACCT-E5A159F7,Melanie Cooper,PA,9,2025-01-03 06:31:03,subscription,Amazon Prime,15.99
ACCT-E5A159F7,Melanie Cooper,PA,10,2025-01-03 18:23:11,gas,Speedway,124.46
ACCT-E5A159F7,Melanie Cooper,PA,11,2025-01-03 20:23:13,entertainment,AMC Theatres,77.19
ACCT-E5A159F7,Melanie Cooper,PA,12,2025-01-04 12:47:53,grocery,Whole Foods Market,83.16
ACCT-E5A159F7,Melanie Cooper,PA,13,2025-01-04 19:27:55,automotive,Firestone Complete Auto Care,9.22
ACCT-E5A159F7,Melanie Cooper,PA,14,2025-01-06 06:01:07,gas,QuikTrip,212.3
ACCT-E5A159F7,Melanie Cooper,PA,15,2025-01-06 11:33:51,automotive,Midas,30.86
ACCT-E5A159F7,Melanie Cooper,PA,16,2025-01-06 15:04:30,retail,Target,91.58
ACCT-E5A159F7,Melanie Cooper,PA,17,2025-01-07 18:12:24,entertainment,AMC Theatres,54.39
ACCT-E5A159F7,Melanie Cooper,PA,18,2025-01-07 20:36:57,dining,McDonald's,138.12
ACCT-E5A159F7,Melanie Cooper,PA,19,2025-01-08 07:29:26,gas,Circle K,151.22
ACCT-E5A159F7,Melanie Cooper,PA,20,2025-01-08 13:29:41,dining,McDonald's,123.62
ACCT-E5A159F7,Melanie Cooper,PA,21,2025-01-08 20:23:31,dining,Chipotle Mexican Grill,106.46
ACCT-E5A159F7,Melanie Cooper,PA,22,2025-01-09 11:43:24,e-commerce,Amazon,300.21
ACCT-E5A159F7,Melanie Cooper,PA,23,2025-01-09 15:12:26,ATM,Wells Fargo ATM,500.0
ACCT-E5A159F7,Melanie Cooper,PA,24,2025-01-09 16:15:09,retail,Target,108.69
ACCT-E5A159F7,Melanie Cooper,PA,25,2025-01-10 01:53:51,subscription,Netflix,19.99
ACCT-E5A159F7,Melanie Cooper,PA,26,2025-01-10 09:01:12,wire_transfer,PayPal,3796.53
ACCT-E5A159F7,Melanie Cooper,PA,27,2025-01-10 15:24:00,grocery,Kroger,102.37
ACCT-E5A159F7,Melanie Cooper,PA,28,2025-01-11 17:41:52,dining,Starbucks,74.77
ACCT-E5A159F7,Melanie Cooper,PA,29,2025-01-11 18:18:58,retail,Target,74.02
ACCT-E5A159F7,Melanie Cooper,PA,30,2025-01-11 18:19:38,other,DHL,30.72
ACCT-E5A159F7,Melanie Cooper,PA,31,2025-01-12 00:00:32,subscription,Netflix,9.99
ACCT-E5A159F7,Melanie Cooper,PA,32,2025-01-12 08:02:40,travel,Delta Air Lines,333.09
ACCT-E5A159F7,Melanie Cooper,PA,33,2025-01-12 10:24:41,healthcare,Walgreens,16.08
ACCT-E5A159F7,Melanie Cooper,PA,34,2025-01-13 07:29:39,other,UPS Store,155.87
ACCT-E5A159F7,Melanie Cooper,PA,35,2025-01-13 07:35:42,grocery,ShopRite,138.09
ACCT-E5A159F7,Melanie Cooper,PA,36,2025-01-14 08:24:04,grocery,ShopRite,152.94
ACCT-E5A159F7,Melanie Cooper,PA,37,2025-01-14 21:25:08,entertainment,AMC Theatres,342.95
ACCT-E5A159F7,Melanie Cooper,PA,38,2025-01-15 17:23:34,retail,Target,97.37
ACCT-E5A159F7,Melanie Cooper,PA,39,2025-01-15 18:05:39,dining,McDonald's,78.95
ACCT-E5A159F7,Melanie Cooper,PA,40,2025-01-16 08:02:16,utilities,Comcast Xfinity,287.92
ACCT-E5A159F7,Melanie Cooper,PA,41,2025-01-17 11:17:07,e-commerce,Amazon,132.74
ACCT-E5A159F7,Melanie Cooper,PA,42,2025-01-17 15:56:09,retail,Target,202.48
ACCT-E5A159F7,Melanie Cooper,PA,43,2025-01-18 09:30:02,automotive,Midas,35.2
ACCT-E5A159F7,Melanie Cooper,PA,44,2025-01-18 09:45:54,subscription,Netflix,14.99
ACCT-E5A159F7,Melanie Cooper,PA,45,2025-01-18 17:27:20,retail,Target,234.48
ACCT-E5A159F7,Melanie Cooper,PA,46,2025-01-19 07:00:49,ATM,Allpoint ATM,500.0
ACCT-E5A159F7,Melanie Cooper,PA,47,2025-01-19 12:04:07,healthcare,CVS Pharmacy,12.3
ACCT-E5A159F7,Melanie Cooper,PA,48,2025-01-19 15:49:30,retail,Target,213.52
ACCT-E5A159F7,Melanie Cooper,PA,49,2025-01-19 16:10:25,gas,Circle K,89.59
ACCT-E5A159F7,Melanie Cooper,PA,50,2025-01-19 20:16:09,entertainment,AMC Theatres,49.75
ACCT-E5A159F7,Melanie Cooper,PA,51,2025-01-20 00:32:54,subscription,Hulu,9.99
ACCT-E5A159F7,Melanie Cooper,PA,52,2025-01-20 08:58:38,utilities,Duke Energy,285.85
ACCT-E5A159F7,Melanie Cooper,PA,53,2025-01-20 15:25:55,grocery,ShopRite,163.1
ACCT-E5A159F7,Melanie Cooper,PA,54,2025-01-21 09:59:40,travel,Marriott,678.33
ACCT-E5A159F7,Melanie Cooper,PA,55,2025-01-22 07:17:58,other,FedEx,86.65
ACCT-E5A159F7,Melanie Cooper,PA,56,2025-01-22 08:37:46,automotive,Midas,27.98
ACCT-E5A159F7,Melanie Cooper,PA,57,2025-01-22 09:04:45,other,ACE Hardware,101.59
ACCT-E5A159F7,Melanie Cooper,PA,58,2025-01-23 03:41:11,subscription,Netflix,12.99
ACCT-E5A159F7,Melanie Cooper,PA,59,2025-01-23 10:58:15,healthcare,CVS Pharmacy,29.25
ACCT-E5A159F7,Melanie Cooper,PA,60,2025-01-23 15:19:40,retail,Target,79.44
ACCT-E5A159F7,Melanie Cooper,PA,61,2025-01-24 10:14:45,utilities,Duke Energy,350.24
ACCT-E5A159F7,Melanie Cooper,PA,62,2025-01-24 18:48:53,dining,McDonald's,76.78
ACCT-E5A159F7,Melanie Cooper,PA,63,2025-01-25 12:51:40,wire_transfer,PayPal,3226.86
ACCT-E5A159F7,Melanie Cooper,PA,64,2025-01-25 14:24:33,gas,Circle K,142.44
ACCT-E5A159F7,Melanie Cooper,PA,65,2025-01-25 17:57:10,dining,McDonald's,57.15
ACCT-E5A159F7,Melanie Cooper,PA,66,2025-01-25 19:43:49,grocery,ShopRite,163.29
ACCT-E5A159F7,Melanie Cooper,PA,67,2025-01-26 05:32:06,subscription,Netflix,12.99
ACCT-E5A159F7,Melanie Cooper,PA,68,2025-01-26 10:36:22,utilities,Duke Energy,210.29
ACCT-E5A159F7,Melanie Cooper,PA,69,2025-01-26 14:12:17,dining,McDonald's,78.68
ACCT-E5A159F7,Melanie Cooper,PA,70,2025-01-26 15:14:24,ATM,PNC Bank ATM,500.0
ACCT-E5A159F7,Melanie Cooper,PA,71,2025-01-26 16:38:56,automotive,Midas,453.01
ACCT-E5A159F7,Melanie Cooper,PA,72,2025-01-27 15:03:25,gas,Speedway,102.45
ACCT-E5A159F7,Melanie Cooper,PA,73,2025-01-28 08:59:35,grocery,Walmart,82.04
ACCT-E5A159F7,Melanie Cooper,PA,74,2025-01-28 14:58:12,e-commerce,Amazon,91.43
ACCT-E5A159F7,Melanie Cooper,PA,75,2025-01-28 16:03:58,automotive,Midas,30.15
ACCT-E5A159F7,Melanie Cooper,PA,76,2025-01-29 12:20:26,retail,Target,141.79
ACCT-E5A159F7,Melanie Cooper,PA,77,2025-01-29 12:40:29,dining,Starbucks,98.91
ACCT-E5A159F7,Melanie Cooper,PA,78,2025-01-29 14:37:58,retail,Target,165.6
ACCT-E5A159F7,Melanie Cooper,PA,79,2025-01-30 10:55:15,ATM,PNC Bank ATM,320.0
ACCT-E5A159F7,Melanie Cooper,PA,80,2025-01-30 11:44:44,e-commerce,Amazon,352.35
ACCT-E5A159F7,Melanie Cooper,PA,81,2025-01-30 16:18:20,e-commerce,Amazon,89.95
ACCT-E5A159F7,Melanie Cooper,PA,82,2025-01-30 20:33:35,dining,McDonald's,67.71
ACCT-E5A159F7,Melanie Cooper,PA,83,2025-01-31 08:37:56,grocery,Kroger,101.68
ACCT-E5A159F7,Melanie Cooper,PA,84,2025-01-31 14:40:46,gas,Shell,66.3
ACCT-E5A159F7,Melanie Cooper,PA,85,,,,
ACCT-E5A159F7,Melanie Cooper,PA,86,,,,
ACCT-E5A159F7,Melanie Cooper,PA,87,,,,
ACCT-E5A159F7,Melanie Cooper,PA,88,,,,
ACCT-E5A159F7,Melanie Cooper,PA,89,,,,
ACCT-E5A159F7,Melanie Cooper,PA,90,,,,
ACCT-E5A159F7,Melanie Cooper,PA,91,,,,
ACCT-E5A159F7,Melanie Cooper,PA,92,,,,
ACCT-E5A159F7,Melanie Cooper,PA,93,,,,
ACCT-E5A159F7,Melanie Cooper,PA,94,,,,
ACCT-F2613200,Dawn Huynh,CA,1,2025-01-01 11:41:48,other,The UPS Store,24.19
ACCT-F2613200,Dawn Huynh,CA,2,2025-01-01 12:16:36,e-commerce,Amazon,110.26
ACCT-F2613200,Dawn Huynh,CA,3,2025-01-01 12:28:32,grocery,Trader Joe's,51.5
ACCT-F2613200,Dawn Huynh,CA,4,2025-01-01 14:04:58,other,FedEx,22.9
ACCT-F2613200,Dawn Huynh,CA,5,2025-01-02 03:36:04,subscription,Netflix,9.99
ACCT-F2613200,Dawn Huynh,CA,6,2025-01-02 13:06:47,e-commerce,Amazon,43.17
ACCT-F2613200,Dawn Huynh,CA,7,2025-01-02 14:46:25,grocery,Whole Foods Market,39.01
ACCT-F2613200,Dawn Huynh,CA,8,2025-01-02 16:32:44,automotive,Midas,11.32
ACCT-F2613200,Dawn Huynh,CA,9,2025-01-02 16:59:46,e-commerce,Amazon,97.56
ACCT-F2613200,Dawn Huynh,CA,10,2025-01-03 00:00:05,subscription,Netflix,14.99
ACCT-F2613200,Dawn Huynh,CA,11,2025-01-03 16:12:51,dining,McDonald's,10.03
ACCT-F2613200,Dawn Huynh,CA,12,2025-01-04 09:39:40,retail,Target,76.45
ACCT-F2613200,Dawn Huynh,CA,13,2025-01-04 10:25:38,e-commerce,Amazon,76.21
ACCT-F2613200,Dawn Huynh,CA,14,2025-01-04 15:14:35,grocery,Whole Foods Market,22.57
ACCT-F2613200,Dawn Huynh,CA,15,2025-01-05 12:20:26,e-commerce,Amazon,166.68
ACCT-F2613200,Dawn Huynh,CA,16,2025-01-05 14:33:41,other,FedEx,37.46
ACCT-F2613200,Dawn Huynh,CA,17,2025-01-05 16:42:57,grocery,Trader Joe's,23.21
ACCT-F2613200,Dawn Huynh,CA,18,2025-01-05 19:22:41,dining,Chipotle Mexican Grill,39.35
ACCT-F2613200,Dawn Huynh,CA,19,2025-01-06 07:24:34,gas,Shell,67.01
ACCT-F2613200,Dawn Huynh,CA,20,2025-01-06 11:51:33,utilities,Comcast Xfinity,144.68
ACCT-F2613200,Dawn Huynh,CA,21,2025-01-06 15:32:45,e-commerce,Amazon,70.21
ACCT-F2613200,Dawn Huynh,CA,22,2025-01-06 18:07:37,entertainment,AMC Theatres,49.61
ACCT-F2613200,Dawn Huynh,CA,23,2025-01-07 11:49:55,grocery,Whole Foods Market,43.88
ACCT-F2613200,Dawn Huynh,CA,24,2025-01-07 20:51:31,dining,Starbucks,49.1
ACCT-F2613200,Dawn Huynh,CA,25,2025-01-09 15:35:55,gas,Shell,61.76
ACCT-F2613200,Dawn Huynh,CA,26,2025-01-10 08:15:02,gas,Chevron,71.54
ACCT-F2613200,Dawn Huynh,CA,27,2025-01-10 10:46:21,healthcare,CVS Pharmacy,22.33
ACCT-F2613200,Dawn Huynh,CA,28,2025-01-11 17:47:12,entertainment,AMC Theatres,31.0
ACCT-F2613200,Dawn Huynh,CA,29,2025-01-12 05:00:54,travel,Hilton,546.73
ACCT-F2613200,Dawn Huynh,CA,30,2025-01-12 11:01:33,grocery,Whole Foods Market,41.17
ACCT-F2613200,Dawn Huynh,CA,31,2025-01-13 08:12:22,gas,Shell,47.79
ACCT-F2613200,Dawn Huynh,CA,32,2025-01-13 22:09:45,entertainment,AMC Theatres,27.44
ACCT-F2613200,Dawn Huynh,CA,33,2025-01-14 15:04:22,retail,Walmart,30.55
ACCT-F2613200,Dawn Huynh,CA,34,2025-01-14 19:38:33,dining,Chipotle Mexican Grill,40.3
ACCT-F2613200,Dawn Huynh,CA,35,2025-01-15 13:23:10,retail,Best Buy,64.85
ACCT-F2613200,Dawn Huynh,CA,36,2025-01-16 05:00:50,travel,Delta Air Lines,170.4
ACCT-F2613200,Dawn Huynh,CA,37,2025-01-16 07:44:35,grocery,Trader Joe's,62.47
ACCT-F2613200,Dawn Huynh,CA,38,2025-01-17 05:38:34,subscription,Netflix,39.99
ACCT-F2613200,Dawn Huynh,CA,39,2025-01-17 09:39:13,grocery,Trader Joe's,98.83
ACCT-F2613200,Dawn Huynh,CA,40,2025-01-18 12:39:30,dining,Chipotle Mexican Grill,20.4
ACCT-F2613200,Dawn Huynh,CA,41,2025-01-19 11:53:29,grocery,Trader Joe's,38.93
ACCT-F2613200,Dawn Huynh,CA,42,2025-01-20 10:17:24,retail,Nordstrom,76.39
ACCT-F2613200,Dawn Huynh,CA,43,2025-01-20 12:40:05,utilities,Pacific Gas & Electric,91.77
ACCT-F2613200,Dawn Huynh,CA,44,2025-01-20 14:01:19,retail,Target,18.82
ACCT-F2613200,Dawn Huynh,CA,45,2025-01-20 14:05:25,wire_transfer,PayPal,1683.26
ACCT-F2613200,Dawn Huynh,CA,46,2025-01-20 14:34:40,retail,Target,55.74
ACCT-F2613200,Dawn Huynh,CA,47,2025-01-20 15:52:56,grocery,Trader Joe's,42.52
ACCT-F2613200,Dawn Huynh,CA,48,2025-01-21 06:30:53,gas,QuikTrip,39.16
ACCT-F2613200,Dawn Huynh,CA,49,2025-01-21 09:05:37,grocery,Safeway,67.25
ACCT-F2613200,Dawn Huynh,CA,50,2025-01-21 09:42:06,e-commerce,Amazon,153.54
ACCT-F2613200,Dawn Huynh,CA,51,2025-01-21 17:01:05,dining,Starbucks,53.42
ACCT-F2613200,Dawn Huynh,CA,52,2025-01-22 13:07:02,e-commerce,Amazon,61.11
ACCT-F2613200,Dawn Huynh,CA,53,2025-01-22 14:43:07,retail,Macy's,32.07
ACCT-F2613200,Dawn Huynh,CA,54,2025-01-23 10:15:26,travel,Marriott,699.33
ACCT-F2613200,Dawn Huynh,CA,55,2025-01-24 11:59:18,healthcare,CVS Pharmacy,265.59
ACCT-F2613200,Dawn Huynh,CA,56,2025-01-24 15:09:23,grocery,Trader Joe's,134.55
ACCT-F2613200,Dawn Huynh,CA,57,2025-01-25 01:30:17,subscription,Spotify,15.99
ACCT-F2613200,Dawn Huynh,CA,58,2025-01-25 12:38:38,retail,Walmart,41.81
ACCT-F2613200,Dawn Huynh,CA,59,2025-01-25 18:13:35,grocery,Whole Foods Market,26.32
ACCT-F2613200,Dawn Huynh,CA,60,2025-01-26 06:10:30,e-commerce,Amazon,125.34
ACCT-F2613200,Dawn Huynh,CA,61,2025-01-26 17:48:47,dining,Chipotle Mexican Grill,22.07
ACCT-F2613200,Dawn Huynh,CA,62,2025-01-27 08:46:28,subscription,Netflix,15.99
ACCT-F2613200,Dawn Huynh,CA,63,2025-01-28 11:49:42,travel,Marriott,315.29
ACCT-F2613200,Dawn Huynh,CA,64,2025-01-28 19:08:21,dining,McDonald's,21.73
ACCT-F2613200,Dawn Huynh,CA,65,2025-01-29 09:59:24,other,7-Eleven,29.42
ACCT-F2613200,Dawn Huynh,CA,66,2025-01-29 11:27:44,e-commerce,Amazon,148.68
ACCT-F2613200,Dawn Huynh,CA,67,2025-01-29 12:56:07,e-commerce,Amazon,87.72
ACCT-F2613200,Dawn Huynh,CA,68,2025-01-29 14:07:34,dining,Chipotle Mexican Grill,23.57
ACCT-F2613200,Dawn Huynh,CA,69,2025-01-29 18:19:51,dining,Starbucks,29.23
ACCT-F2613200,Dawn Huynh,CA,70,2025-01-29 20:49:44,dining,Chipotle Mexican Grill,43.69
ACCT-F2613200,Dawn Huynh,CA,71,2025-01-30 14:02:56,grocery,Trader Joe's,69.45
ACCT-F2613200,Dawn Huynh,CA,72,2025-01-30 17:06:07,gas,Shell,43.21
ACCT-F2613200,Dawn Huynh,CA,73,2025-01-30 19:30:06,dining,Starbucks,75.41
ACCT-F2613200,Dawn Huynh,CA,74,2025-01-31 05:00:13,travel,Marriott,84.4
ACCT-F2613200,Dawn Huynh,CA,75,,,,
ACCT-F2613200,Dawn Huynh,CA,76,,,,
ACCT-F2613200,Dawn Huynh,CA,77,,,,
ACCT-F2613200,Dawn Huynh,CA,78,,,,
ACCT-F2613200,Dawn Huynh,CA,79,,,,
ACCT-F2613200,Dawn Huynh,CA,80,,,,
ACCT-F2613200,Dawn Huynh,CA,81,,,,
ACCT-F2613200,Dawn Huynh,CA,82,,,,
ACCT-F2613200,Dawn Huynh,CA,83,,,,
ACCT-F2613200,Dawn Huynh,CA,84,,,,
ACCT-F2613200,Dawn Huynh,CA,85,,,,
ACCT-F2613200,Dawn Huynh,CA,86,,,,
ACCT-F2613200,Dawn Huynh,CA,87,,,,
ACCT-F2613200,Dawn Huynh,CA,88,,,,
ACCT-F2613200,Dawn Huynh,CA,89,,,,
ACCT-F2613200,Dawn Huynh,CA,90,,,,
ACCT-F2613200,Dawn Huynh,CA,91,,,,
ACCT-F2613200,Dawn Huynh,CA,92,,,,
ACCT-F2613200,Dawn Huynh,CA,93,,,,
ACCT-F2613200,Dawn Huynh,CA,94,,,,
ACCT-F3C3F8F7,Jonathan Kelley,NJ,1,2025-01-01 16:54:38,automotive,Midas,139.61
ACCT-F3C3F8F7,Jonathan Kelley,NJ,2,2025-01-02 19:40:25,ATM,Chase Bank ATM,100.0
ACCT-F3C3F8F7,Jonathan Kelley,NJ,3,2025-01-03 07:00:13,ATM,Wells Fargo ATM,140.0
ACCT-F3C3F8F7,Jonathan Kelley,NJ,4,2025-01-03 12:09:46,healthcare,CVS Pharmacy,506.45
ACCT-F3C3F8F7,Jonathan Kelley,NJ,5,2025-01-04 11:43:44,wire_transfer,PayPal,388.4
ACCT-F3C3F8F7,Jonathan Kelley,NJ,6,2025-01-04 13:54:50,e-commerce,Amazon,129.71
ACCT-F3C3F8F7,Jonathan Kelley,NJ,7,2025-01-04 17:52:17,dining,McDonald's,47.74
ACCT-F3C3F8F7,Jonathan Kelley,NJ,8,2025-01-04 18:29:19,other,UPS,21.7
ACCT-F3C3F8F7,Jonathan Kelley,NJ,9,2025-01-05 09:38:51,utilities,Con Edison,135.88
ACCT-F3C3F8F7,Jonathan Kelley,NJ,10,2025-01-05 14:22:08,ATM,Bank of America ATM,160.0
ACCT-F3C3F8F7,Jonathan Kelley,NJ,11,2025-01-05 16:24:18,gas,Circle K,52.69
ACCT-F3C3F8F7,Jonathan Kelley,NJ,12,2025-01-06 10:41:53,retail,Target,42.21
ACCT-F3C3F8F7,Jonathan Kelley,NJ,13,2025-01-06 17:01:43,dining,Starbucks,44.12
ACCT-F3C3F8F7,Jonathan Kelley,NJ,14,2025-01-07 02:03:25,subscription,Netflix,12.99
ACCT-F3C3F8F7,Jonathan Kelley,NJ,15,2025-01-07 07:27:49,gas,Circle K,67.29
ACCT-F3C3F8F7,Jonathan Kelley,NJ,16,2025-01-07 11:53:50,utilities,Con Edison,122.39
ACCT-F3C3F8F7,Jonathan Kelley,NJ,17,2025-01-08 10:37:29,healthcare,Walgreens,290.42
ACCT-F3C3F8F7,Jonathan Kelley,NJ,18,2025-01-08 15:52:34,retail,Target,26.57
ACCT-F3C3F8F7,Jonathan Kelley,NJ,19,2025-01-09 05:54:10,gas,Circle K,58.11
ACCT-F3C3F8F7,Jonathan Kelley,NJ,20,2025-01-09 16:02:49,ATM,Capital One ATM,300.0
ACCT-F3C3F8F7,Jonathan Kelley,NJ,21,2025-01-09 19:14:32,grocery,ShopRite,34.06
ACCT-F3C3F8F7,Jonathan Kelley,NJ,22,2025-01-10 19:35:00,dining,McDonald's,37.94
ACCT-F3C3F8F7,Jonathan Kelley,NJ,23,2025-01-11 12:43:24,dining,McDonald's,81.51
ACCT-F3C3F8F7,Jonathan Kelley,NJ,24,2025-01-11 12:55:33,other,FedEx Office,31.62
ACCT-F3C3F8F7,Jonathan Kelley,NJ,25,2025-01-11 20:42:28,e-commerce,Amazon,49.12
ACCT-F3C3F8F7,Jonathan Kelley,NJ,26,2025-01-12 06:49:51,gas,Circle K,56.24
ACCT-F3C3F8F7,Jonathan Kelley,NJ,27,2025-01-12 14:01:30,retail,Target,34.46
ACCT-F3C3F8F7,Jonathan Kelley,NJ,28,2025-01-12 18:38:26,retail,Target,45.66
ACCT-F3C3F8F7,Jonathan Kelley,NJ,29,2025-01-13 07:00:44,automotive,Midas,29.31
ACCT-F3C3F8F7,Jonathan Kelley,NJ,30,2025-01-13 13:01:55,grocery,Walmart,53.72
ACCT-F3C3F8F7,Jonathan Kelley,NJ,31,2025-01-15 06:00:20,e-commerce,Amazon,73.26
ACCT-F3C3F8F7,Jonathan Kelley,NJ,32,2025-01-15 13:26:35,healthcare,CVS Pharmacy,62.55
ACCT-F3C3F8F7,Jonathan Kelley,NJ,33,2025-01-15 19:01:05,dining,McDonald's,31.36
ACCT-F3C3F8F7,Jonathan Kelley,NJ,34,2025-01-16 11:52:12,grocery,ShopRite,67.94
ACCT-F3C3F8F7,Jonathan Kelley,NJ,35,2025-01-16 12:45:58,retail,Target,123.31
ACCT-F3C3F8F7,Jonathan Kelley,NJ,36,2025-01-16 12:57:54,dining,Subway,113.64
ACCT-F3C3F8F7,Jonathan Kelley,NJ,37,2025-01-16 17:54:59,entertainment,AMC Theatres,131.62
ACCT-F3C3F8F7,Jonathan Kelley,NJ,38,2025-01-17 17:27:31,automotive,Midas,295.35
ACCT-F3C3F8F7,Jonathan Kelley,NJ,39,2025-01-18 07:57:47,utilities,Con Edison,95.48
ACCT-F3C3F8F7,Jonathan Kelley,NJ,40,2025-01-18 17:37:42,gas,Shell,36.5
ACCT-F3C3F8F7,Jonathan Kelley,NJ,41,2025-01-19 15:57:27,grocery,ShopRite,69.53
ACCT-F3C3F8F7,Jonathan Kelley,NJ,42,2025-01-20 09:17:20,travel,American Airlines,171.97
ACCT-F3C3F8F7,Jonathan Kelley,NJ,43,2025-01-20 09:59:06,retail,Target,145.72
ACCT-F3C3F8F7,Jonathan Kelley,NJ,44,2025-01-20 13:16:46,retail,Target,122.16
ACCT-F3C3F8F7,Jonathan Kelley,NJ,45,2025-01-20 21:57:09,ATM,Capital One ATM,180.0
ACCT-F3C3F8F7,Jonathan Kelley,NJ,46,2025-01-21 06:29:55,subscription,Disney+,12.99
ACCT-F3C3F8F7,Jonathan Kelley,NJ,47,2025-01-21 07:20:06,healthcare,CVS Pharmacy,40.93
ACCT-F3C3F8F7,Jonathan Kelley,NJ,48,2025-01-21 14:29:01,grocery,ShopRite,63.52
ACCT-F3C3F8F7,Jonathan Kelley,NJ,49,2025-01-21 16:45:02,dining,McDonald's,18.57
ACCT-F3C3F8F7,Jonathan Kelley,NJ,50,2025-01-21 20:29:39,dining,McDonald's,20.05
ACCT-F3C3F8F7,Jonathan Kelley,NJ,51,2025-01-21 22:47:48,entertainment,AMC Theatres,50.97
ACCT-F3C3F8F7,Jonathan Kelley,NJ,52,2025-01-22 16:38:42,gas,Speedway,44.44
ACCT-F3C3F8F7,Jonathan Kelley,NJ,53,2025-01-23 09:09:43,gas,Shell,67.58
ACCT-F3C3F8F7,Jonathan Kelley,NJ,54,2025-01-23 13:59:52,retail,Target,32.48
ACCT-F3C3F8F7,Jonathan Kelley,NJ,55,2025-01-23 17:30:32,grocery,ShopRite,99.93
ACCT-F3C3F8F7,Jonathan Kelley,NJ,56,2025-01-23 20:00:08,automotive,Midas,21.62
ACCT-F3C3F8F7,Jonathan Kelley,NJ,57,2025-01-23 20:53:21,dining,McDonald's,35.59
ACCT-F3C3F8F7,Jonathan Kelley,NJ,58,2025-01-24 14:24:20,grocery,ShopRite,79.05
ACCT-F3C3F8F7,Jonathan Kelley,NJ,59,2025-01-24 18:42:36,dining,McDonald's,45.45
ACCT-F3C3F8F7,Jonathan Kelley,NJ,60,2025-01-25 17:27:48,e-commerce,Amazon,112.26
ACCT-F3C3F8F7,Jonathan Kelley,NJ,61,2025-01-25 18:10:03,ATM,Chase Bank ATM,100.0
ACCT-F3C3F8F7,Jonathan Kelley,NJ,62,2025-01-25 19:24:44,entertainment,Six Flags,65.94
ACCT-F3C3F8F7,Jonathan Kelley,NJ,63,2025-01-25 20:14:52,gas,Shell,63.73
ACCT-F3C3F8F7,Jonathan Kelley,NJ,64,2025-01-26 05:00:53,travel,American Airlines,470.95
ACCT-F3C3F8F7,Jonathan Kelley,NJ,65,2025-01-27 07:00:12,utilities,Con Edison,103.47
ACCT-F3C3F8F7,Jonathan Kelley,NJ,66,2025-01-27 20:22:00,dining,McDonald's,32.53
ACCT-F3C3F8F7,Jonathan Kelley,NJ,67,2025-01-28 03:40:51,subscription,Netflix,14.99
ACCT-F3C3F8F7,Jonathan Kelley,NJ,68,2025-01-28 09:55:04,healthcare,CVS Pharmacy,72.2
ACCT-F3C3F8F7,Jonathan Kelley,NJ,69,2025-01-28 09:59:13,grocery,ShopRite,104.89
ACCT-F3C3F8F7,Jonathan Kelley,NJ,70,2025-01-28 12:19:57,dining,Chipotle Mexican Grill,74.41
ACCT-F3C3F8F7,Jonathan Kelley,NJ,71,2025-01-28 14:21:58,ATM,Chase Bank ATM,160.0
ACCT-F3C3F8F7,Jonathan Kelley,NJ,72,2025-01-28 15:25:44,dining,McDonald's,46.51
ACCT-F3C3F8F7,Jonathan Kelley,NJ,73,2025-01-29 10:40:52,retail,Target,137.93
ACCT-F3C3F8F7,Jonathan Kelley,NJ,74,2025-01-29 13:32:43,grocery,Walmart,37.93
ACCT-F3C3F8F7,Jonathan Kelley,NJ,75,2025-01-30 18:49:21,entertainment,AMC Theatres,46.34
ACCT-F3C3F8F7,Jonathan Kelley,NJ,76,2025-01-31 06:08:43,subscription,Netflix,15.99
ACCT-F3C3F8F7,Jonathan Kelley,NJ,77,2025-01-31 12:38:45,grocery,ShopRite,54.28
ACCT-F3C3F8F7,Jonathan Kelley,NJ,78,,,,
ACCT-F3C3F8F7,Jonathan Kelley,NJ,79,,,,
ACCT-F3C3F8F7,Jonathan Kelley,NJ,80,,,,
ACCT-F3C3F8F7,Jonathan Kelley,NJ,81,,,,
ACCT-F3C3F8F7,Jonathan Kelley,NJ,82,,,,
ACCT-F3C3F8F7,Jonathan Kelley,NJ,83,,,,
ACCT-F3C3F8F7,Jonathan Kelley,NJ,84,,,,
ACCT-F3C3F8F7,Jonathan Kelley,NJ,85,,,,
ACCT-F3C3F8F7,Jonathan Kelley,NJ,86,,,,
ACCT-F3C3F8F7,Jonathan Kelley,NJ,87,,,,
ACCT-F3C3F8F7,Jonathan Kelley,NJ,88,,,,
ACCT-F3C3F8F7,Jonathan Kelley,NJ,89,,,,
ACCT-F3C3F8F7,Jonathan Kelley,NJ,90,,,,
ACCT-F3C3F8F7,Jonathan Kelley,NJ,91,,,,
ACCT-F3C3F8F7,Jonathan Kelley,NJ,92,,,,
ACCT-F3C3F8F7,Jonathan Kelley,NJ,93,,,,
ACCT-F3C3F8F7,Jonathan Kelley,NJ,94,,,,
ACCT-F646D67B,Ronald Parker,AL,1,2025-01-02 06:52:16,gas,Shell,42.41
ACCT-F646D67B,Ronald Parker,AL,2,2025-01-02 12:04:08,wire_transfer,Western Union,5568.79
ACCT-F646D67B,Ronald Parker,AL,3,2025-01-02 16:19:50,e-commerce,Amazon,307.86
ACCT-F646D67B,Ronald Parker,AL,4,2025-01-03 16:49:19,automotive,Midas,8.67
ACCT-F646D67B,Ronald Parker,AL,5,2025-01-03 17:35:27,e-commerce,Amazon,38.79
ACCT-F646D67B,Ronald Parker,AL,6,2025-01-03 18:48:53,ATM,Truist Bank ATM,420.0
ACCT-F646D67B,Ronald Parker,AL,7,2025-01-04 09:09:46,grocery,Kroger,50.47
ACCT-F646D67B,Ronald Parker,AL,8,2025-01-05 08:39:34,grocery,Walmart,74.5
ACCT-F646D67B,Ronald Parker,AL,9,2025-01-05 20:26:29,entertainment,AMC Theatres,72.87
ACCT-F646D67B,Ronald Parker,AL,10,2025-01-05 22:26:58,ATM,Chase Bank ATM,420.0
ACCT-F646D67B,Ronald Parker,AL,11,2025-01-06 17:31:30,grocery,Walmart,55.2
ACCT-F646D67B,Ronald Parker,AL,12,2025-01-06 20:44:42,entertainment,AMC Theatres,42.38
ACCT-F646D67B,Ronald Parker,AL,13,2025-01-07 11:36:55,dining,Starbucks,28.47
ACCT-F646D67B,Ronald Parker,AL,14,2025-01-08 06:16:02,subscription,Netflix,9.99
ACCT-F646D67B,Ronald Parker,AL,15,2025-01-08 08:30:49,automotive,Midas,6.19
ACCT-F646D67B,Ronald Parker,AL,16,2025-01-08 12:26:28,dining,McDonald's,11.07
ACCT-F646D67B,Ronald Parker,AL,17,2025-01-09 09:31:24,utilities,Duke Energy,96.21
ACCT-F646D67B,Ronald Parker,AL,18,2025-01-09 09:52:59,retail,Walmart,40.24
ACCT-F646D67B,Ronald Parker,AL,19,2025-01-09 12:32:39,grocery,Publix,65.09
ACCT-F646D67B,Ronald Parker,AL,20,2025-01-09 13:18:45,other,Dollar General,28.43
ACCT-F646D67B,Ronald Parker,AL,21,2025-01-09 18:51:57,dining,McDonald's,63.95
ACCT-F646D67B,Ronald Parker,AL,22,2025-01-10 10:31:50,grocery,Walmart,43.91
ACCT-F646D67B,Ronald Parker,AL,23,2025-01-10 14:27:11,retail,Walmart,54.26
ACCT-F646D67B,Ronald Parker,AL,24,2025-01-11 09:16:51,grocery,Publix,23.46
ACCT-F646D67B,Ronald Parker,AL,25,2025-01-11 10:48:48,wire_transfer,PayPal,1026.86
ACCT-F646D67B,Ronald Parker,AL,26,2025-01-11 11:29:29,e-commerce,Amazon,106.01
ACCT-F646D67B,Ronald Parker,AL,27,2025-01-11 14:32:41,dining,Chick-fil-A,49.99
ACCT-F646D67B,Ronald Parker,AL,28,2025-01-11 15:58:27,retail,Walmart,121.38
ACCT-F646D67B,Ronald Parker,AL,29,2025-01-11 18:01:00,retail,Target,56.32
ACCT-F646D67B,Ronald Parker,AL,30,2025-01-12 07:00:04,automotive,Midas,12.3
ACCT-F646D67B,Ronald Parker,AL,31,2025-01-12 21:21:10,entertainment,AMC Theatres,85.29
ACCT-F646D67B,Ronald Parker,AL,32,2025-01-13 10:04:27,travel,Delta Air Lines,636.26
ACCT-F646D67B,Ronald Parker,AL,33,2025-01-13 11:38:44,dining,Chick-fil-A,36.47
ACCT-F646D67B,Ronald Parker,AL,34,2025-01-13 13:19:53,retail,Target,43.74
ACCT-F646D67B,Ronald Parker,AL,35,2025-01-13 15:04:03,gas,Circle K,52.61
ACCT-F646D67B,Ronald Parker,AL,36,2025-01-14 00:00:21,subscription,Netflix,14.99
ACCT-F646D67B,Ronald Parker,AL,37,2025-01-14 07:00:55,other,USPS,62.78
ACCT-F646D67B,Ronald Parker,AL,38,2025-01-14 09:29:15,ATM,Chase Bank ATM,100.0
ACCT-F646D67B,Ronald Parker,AL,39,2025-01-14 13:42:48,retail,Target,57.21
ACCT-F646D67B,Ronald Parker,AL,40,2025-01-14 18:15:50,entertainment,AMC Theatres,40.9
ACCT-F646D67B,Ronald Parker,AL,41,2025-01-14 19:33:16,entertainment,AMC Theatres,100.56
ACCT-F646D67B,Ronald Parker,AL,42,2025-01-15 11:02:47,utilities,Duke Energy,159.13
ACCT-F646D67B,Ronald Parker,AL,43,2025-01-15 14:13:00,e-commerce,Amazon,75.91
ACCT-F646D67B,Ronald Parker,AL,44,2025-01-16 00:00:42,subscription,Netflix,19.99
ACCT-F646D67B,Ronald Parker,AL,45,2025-01-17 11:01:06,travel,Marriott,359.32
ACCT-F646D67B,Ronald Parker,AL,46,2025-01-17 13:13:33,grocery,Walmart,30.98
ACCT-F646D67B,Ronald Parker,AL,47,2025-01-18 18:21:14,e-commerce,Amazon,48.56
ACCT-F646D67B,Ronald Parker,AL,48,2025-01-19 08:58:33,grocery,Walmart,55.85
ACCT-F646D67B,Ronald Parker,AL,49,2025-01-19 16:02:05,retail,Walmart,42.4
ACCT-F646D67B,Ronald Parker,AL,50,2025-01-20 08:58:47,automotive,Midas,17.64
ACCT-F646D67B,Ronald Parker,AL,51,2025-01-23 12:03:25,e-commerce,Amazon,137.82
ACCT-F646D67B,Ronald Parker,AL,52,2025-01-24 08:07:59,e-commerce,Amazon,148.59
ACCT-F646D67B,Ronald Parker,AL,53,2025-01-24 08:33:34,healthcare,CVS Pharmacy,16.41
ACCT-F646D67B,Ronald Parker,AL,54,2025-01-24 13:45:05,e-commerce,Amazon,48.08
ACCT-F646D67B,Ronald Parker,AL,55,2025-01-24 15:05:01,gas,Shell,72.92
ACCT-F646D67B,Ronald Parker,AL,56,2025-01-24 15:45:49,retail,Walmart,59.92
ACCT-F646D67B,Ronald Parker,AL,57,2025-01-25 00:00:37,subscription,Netflix,19.99
ACCT-F646D67B,Ronald Parker,AL,58,2025-01-25 09:18:17,grocery,Walmart,51.74
ACCT-F646D67B,Ronald Parker,AL,59,2025-01-26 08:44:46,grocery,Walmart,44.98
ACCT-F646D67B,Ronald Parker,AL,60,2025-01-27 08:17:51,gas,Shell,41.03
ACCT-F646D67B,Ronald Parker,AL,61,2025-01-27 13:35:43,ATM,Wells Fargo ATM,260.0
ACCT-F646D67B,Ronald Parker,AL,62,2025-01-28 04:39:27,subscription,Netflix,12.99
ACCT-F646D67B,Ronald Parker,AL,63,2025-01-28 08:14:46,wire_transfer,Western Union,1348.65
ACCT-F646D67B,Ronald Parker,AL,64,2025-01-28 13:42:45,grocery,Kroger,62.66
ACCT-F646D67B,Ronald Parker,AL,65,2025-01-29 15:24:24,automotive,Jiffy Lube,19.33
ACCT-F646D67B,Ronald Parker,AL,66,2025-01-29 18:39:07,travel,Delta Air Lines,238.36
ACCT-F646D67B,Ronald Parker,AL,67,2025-01-30 18:00:28,other,UPS,36.35
ACCT-F646D67B,Ronald Parker,AL,68,2025-01-31 07:00:38,grocery,Walmart,60.37
ACCT-F646D67B,Ronald Parker,AL,69,,,,
ACCT-F646D67B,Ronald Parker,AL,70,,,,
ACCT-F646D67B,Ronald Parker,AL,71,,,,
ACCT-F646D67B,Ronald Parker,AL,72,,,,
ACCT-F646D67B,Ronald Parker,AL,73,,,,
ACCT-F646D67B,Ronald Parker,AL,74,,,,
ACCT-F646D67B,Ronald Parker,AL,75,,,,
ACCT-F646D67B,Ronald Parker,AL,76,,,,
ACCT-F646D67B,Ronald Parker,AL,77,,,,
ACCT-F646D67B,Ronald Parker,AL,78,,,,
ACCT-F646D67B,Ronald Parker,AL,79,,,,
ACCT-F646D67B,Ronald Parker,AL,80,,,,
ACCT-F646D67B,Ronald Parker,AL,81,,,,
ACCT-F646D67B,Ronald Parker,AL,82,,,,
ACCT-F646D67B,Ronald Parker,AL,83,,,,
ACCT-F646D67B,Ronald Parker,AL,84,,,,
ACCT-F646D67B,Ronald Parker,AL,85,,,,
ACCT-F646D67B,Ronald Parker,AL,86,,,,
ACCT-F646D67B,Ronald Parker,AL,87,,,,
ACCT-F646D67B,Ronald Parker,AL,88,,,,
ACCT-F646D67B,Ronald Parker,AL,89,,,,
ACCT-F646D67B,Ronald Parker,AL,90,,,,
ACCT-F646D67B,Ronald Parker,AL,91,,,,
ACCT-F646D67B,Ronald Parker,AL,92,,,,
ACCT-F646D67B,Ronald Parker,AL,93,,,,
ACCT-F646D67B,Ronald Parker,AL,94,,,,
ACCT-F95F2661,Michelle Marquez,OH,1,2025-01-01 11:16:31,dining,McDonald's,23.58
ACCT-F95F2661,Michelle Marquez,OH,2,2025-01-01 18:40:22,grocery,Walmart,48.63
ACCT-F95F2661,Michelle Marquez,OH,3,2025-01-02 11:38:25,grocery,Meijer,80.26
ACCT-F95F2661,Michelle Marquez,OH,4,2025-01-03 08:11:37,gas,Speedway,58.31
ACCT-F95F2661,Michelle Marquez,OH,5,2025-01-03 12:36:21,retail,Target,104.52
ACCT-F95F2661,Michelle Marquez,OH,6,2025-01-05 07:00:57,utilities,Duke Energy,112.1
ACCT-F95F2661,Michelle Marquez,OH,7,2025-01-05 08:33:26,gas,Speedway,34.11
ACCT-F95F2661,Michelle Marquez,OH,8,2025-01-05 11:20:32,grocery,ShopRite,37.44
ACCT-F95F2661,Michelle Marquez,OH,9,2025-01-06 14:43:05,e-commerce,eBay,73.25
ACCT-F95F2661,Michelle Marquez,OH,10,2025-01-06 15:45:53,e-commerce,Amazon,230.73
ACCT-F95F2661,Michelle Marquez,OH,11,2025-01-06 17:57:05,automotive,Jiffy Lube,14.76
ACCT-F95F2661,Michelle Marquez,OH,12,2025-01-07 09:23:10,utilities,Comcast Xfinity,70.41
ACCT-F95F2661,Michelle Marquez,OH,13,2025-01-08 10:51:35,wire_transfer,Western Union,1108.8
ACCT-F95F2661,Michelle Marquez,OH,14,2025-01-09 06:53:55,travel,Hyatt,332.77
ACCT-F95F2661,Michelle Marquez,OH,15,2025-01-09 08:53:12,grocery,Walmart,158.41
ACCT-F95F2661,Michelle Marquez,OH,16,2025-01-09 09:36:25,travel,Delta Air Lines,114.44
ACCT-F95F2661,Michelle Marquez,OH,17,2025-01-10 09:38:40,grocery,Meijer,101.89
ACCT-F95F2661,Michelle Marquez,OH,18,2025-01-11 09:21:28,utilities,Duke Energy,92.2
ACCT-F95F2661,Michelle Marquez,OH,19,2025-01-12 06:58:33,travel,JetBlue Airways,308.05
ACCT-F95F2661,Michelle Marquez,OH,20,2025-01-13 09:47:23,healthcare,CVS Pharmacy,14.72
ACCT-F95F2661,Michelle Marquez,OH,21,2025-01-13 10:43:28,grocery,Meijer,27.65
ACCT-F95F2661,Michelle Marquez,OH,22,2025-01-14 18:47:48,dining,Chipotle Mexican Grill,51.5
ACCT-F95F2661,Michelle Marquez,OH,23,2025-01-15 07:11:56,gas,Speedway,48.98
ACCT-F95F2661,Michelle Marquez,OH,24,2025-01-15 10:15:47,grocery,Kroger,63.72
ACCT-F95F2661,Michelle Marquez,OH,25,2025-01-15 12:54:45,other,FedEx Office,32.48
ACCT-F95F2661,Michelle Marquez,OH,26,2025-01-15 15:31:28,ATM,PNC Bank ATM,180.0
ACCT-F95F2661,Michelle Marquez,OH,27,2025-01-15 18:58:34,dining,McDonald's,36.79
ACCT-F95F2661,Michelle Marquez,OH,28,2025-01-15 19:35:03,entertainment,AMC Theatres,87.34
ACCT-F95F2661,Michelle Marquez,OH,29,2025-01-16 12:13:07,retail,Target,55.73
ACCT-F95F2661,Michelle Marquez,OH,30,2025-01-16 12:26:55,dining,Starbucks,79.7
ACCT-F95F2661,Michelle Marquez,OH,31,2025-01-16 15:41:16,dining,McDonald's,47.83
ACCT-F95F2661,Michelle Marquez,OH,32,2025-01-16 19:25:20,grocery,Walmart,20.37
ACCT-F95F2661,Michelle Marquez,OH,33,2025-01-17 11:48:17,grocery,Walmart,65.1
ACCT-F95F2661,Michelle Marquez,OH,34,2025-01-17 13:35:13,dining,McDonald's,61.28
ACCT-F95F2661,Michelle Marquez,OH,35,2025-01-17 14:29:36,dining,McDonald's,39.12
ACCT-F95F2661,Michelle Marquez,OH,36,2025-01-17 17:14:39,ATM,Chase Bank ATM,100.0
ACCT-F95F2661,Michelle Marquez,OH,37,2025-01-18 07:00:24,other,UPS,12.75
ACCT-F95F2661,Michelle Marquez,OH,38,2025-01-18 10:30:11,healthcare,Walgreens,29.04
ACCT-F95F2661,Michelle Marquez,OH,39,2025-01-18 11:20:46,e-commerce,Amazon,90.63
ACCT-F95F2661,Michelle Marquez,OH,40,2025-01-18 15:15:27,retail,Target,75.92
ACCT-F95F2661,Michelle Marquez,OH,41,2025-01-19 05:00:22,travel,Delta Air Lines,291.75
ACCT-F95F2661,Michelle Marquez,OH,42,2025-01-19 16:10:14,dining,McDonald's,31.81
ACCT-F95F2661,Michelle Marquez,OH,43,2025-01-20 16:00:20,retail,Target,68.39
ACCT-F95F2661,Michelle Marquez,OH,44,2025-01-20 18:14:35,grocery,Walmart,60.33
ACCT-F95F2661,Michelle Marquez,OH,45,2025-01-21 13:03:59,healthcare,Walgreens Pharmacy,25.44
ACCT-F95F2661,Michelle Marquez,OH,46,2025-01-21 17:25:37,automotive,Midas,418.5
ACCT-F95F2661,Michelle Marquez,OH,47,2025-01-22 13:57:25,gas,Shell,40.18
ACCT-F95F2661,Michelle Marquez,OH,48,2025-01-22 16:59:10,automotive,Jiffy Lube,235.69
ACCT-F95F2661,Michelle Marquez,OH,49,2025-01-23 00:00:12,subscription,Netflix,9.99
ACCT-F95F2661,Michelle Marquez,OH,50,2025-01-23 07:00:59,utilities,Duke Energy,93.37
ACCT-F95F2661,Michelle Marquez,OH,51,2025-01-23 10:33:53,gas,Speedway,75.54
ACCT-F95F2661,Michelle Marquez,OH,52,2025-01-24 11:00:16,grocery,Meijer,29.52
ACCT-F95F2661,Michelle Marquez,OH,53,2025-01-24 14:22:08,e-commerce,Amazon,29.37
ACCT-F95F2661,Michelle Marquez,OH,54,2025-01-25 08:55:02,grocery,Kroger,51.16
ACCT-F95F2661,Michelle Marquez,OH,55,2025-01-25 12:46:16,other,USPS,33.6
ACCT-F95F2661,Michelle Marquez,OH,56,2025-01-25 15:31:48,automotive,Midas,17.27
ACCT-F95F2661,Michelle Marquez,OH,57,2025-01-26 09:09:29,utilities,Duke Energy,82.45
ACCT-F95F2661,Michelle Marquez,OH,58,2025-01-26 16:36:55,gas,Circle K,53.26
ACCT-F95F2661,Michelle Marquez,OH,59,2025-01-27 08:48:43,subscription,Spotify,19.99
ACCT-F95F2661,Michelle Marquez,OH,60,2025-01-27 09:55:57,grocery,Kroger,68.2
ACCT-F95F2661,Michelle Marquez,OH,61,2025-01-27 11:08:37,automotive,Midas,12.84
ACCT-F95F2661,Michelle Marquez,OH,62,2025-01-28 11:26:25,utilities,Duke Energy,97.46
ACCT-F95F2661,Michelle Marquez,OH,63,2025-01-28 12:01:20,healthcare,CVS Pharmacy,37.28
ACCT-F95F2661,Michelle Marquez,OH,64,2025-01-30 10:45:41,healthcare,Walgreens,216.88
ACCT-F95F2661,Michelle Marquez,OH,65,2025-01-30 12:45:29,retail,Target,12.19
ACCT-F95F2661,Michelle Marquez,OH,66,2025-01-31 11:18:52,automotive,Midas,29.69
ACCT-F95F2661,Michelle Marquez,OH,67,2025-01-31 14:59:22,gas,Circle K,62.83
ACCT-F95F2661,Michelle Marquez,OH,68,2025-01-31 19:35:41,entertainment,Dave & Buster's,62.47
ACCT-F95F2661,Michelle Marquez,OH,69,,,,
ACCT-F95F2661,Michelle Marquez,OH,70,,,,
ACCT-F95F2661,Michelle Marquez,OH,71,,,,
ACCT-F95F2661,Michelle Marquez,OH,72,,,,
ACCT-F95F2661,Michelle Marquez,OH,73,,,,
ACCT-F95F2661,Michelle Marquez,OH,74,,,,
ACCT-F95F2661,Michelle Marquez,OH,75,,,,
ACCT-F95F2661,Michelle Marquez,OH,76,,,,
ACCT-F95F2661,Michelle Marquez,OH,77,,,,
ACCT-F95F2661,Michelle Marquez,OH,78,,,,
ACCT-F95F2661,Michelle Marquez,OH,79,,,,
ACCT-F95F2661,Michelle Marquez,OH,80,,,,
ACCT-F95F2661,Michelle Marquez,OH,81,,,,
ACCT-F95F2661,Michelle Marquez,OH,82,,,,
ACCT-F95F2661,Michelle Marquez,OH,83,,,,
ACCT-F95F2661,Michelle Marquez,OH,84,,,,
ACCT-F95F2661,Michelle Marquez,OH,85,,,,
ACCT-F95F2661,Michelle Marquez,OH,86,,,,
ACCT-F95F2661,Michelle Marquez,OH,87,,,,
ACCT-F95F2661,Michelle Marquez,OH,88,,,,
ACCT-F95F2661,Michelle Marquez,OH,89,,,,
ACCT-F95F2661,Michelle Marquez,OH,90,,,,
ACCT-F95F2661,Michelle Marquez,OH,91,,,,
ACCT-F95F2661,Michelle Marquez,OH,92,,,,
ACCT-F95F2661,Michelle Marquez,OH,93,,,,
ACCT-F95F2661,Michelle Marquez,OH,94,,,,
